# Review-only continuous skin; +Y up -Z forward
mtllib MeadowMouse_A_S1_OrganicReview.mtl
o Body
usemtl skin_0
s 1
v -1.540000 1.135326 -1.084674
v -1.540000 1.111154 -1.080000
v -1.543725 1.136275 -1.083725
f 1 2 3
v -1.540000 1.140000 -1.085292
f 4 1 3
v -1.544091 1.140000 -1.084091
f 5 4 3
v -1.553238 1.140000 -1.080000
f 6 5 3
v -1.549364 1.130636 -1.080000
f 7 6 3
f 2 7 3
v -1.540000 1.080124 -1.019876
v -1.540000 1.052521 -0.960000
v -1.565242 1.114758 -0.985242
f 8 9 10
f 2 8 7
f 8 10 7
v -1.573683 1.140000 -0.993683
f 11 6 7
f 10 11 7
v -1.580264 1.140000 -0.960000
f 12 11 10
v -1.568538 1.111462 -0.960000
f 13 12 10
f 9 13 10
v -1.540000 1.140000 -0.941322
f 9 14 13
f 14 12 13
v -1.540000 1.241001 -1.098999
f 15 4 5
v -1.555097 1.244903 -1.095097
f 16 15 5
v -1.540000 1.260000 -1.100726
f 17 15 16
v -1.556138 1.260000 -1.096138
f 18 17 16
v -1.592269 1.260000 -1.080000
f 19 18 16
v -1.580296 1.219704 -1.080000
f 20 19 16
f 6 20 5
f 20 16 5
v -1.592898 1.207102 -1.012898
f 21 6 11
f 21 20 6
v -1.605537 1.260000 -1.025537
f 22 19 20
f 21 22 20
v -1.618470 1.260000 -0.960000
f 23 22 21
v -1.600598 1.199402 -0.960000
f 24 23 21
f 12 24 11
f 24 21 11
v -1.540000 1.161058 -0.938942
f 14 25 12
v -1.540000 1.260000 -0.923917
f 25 26 12
f 26 24 12
f 26 23 24
v -1.540000 1.352263 -1.107737
f 27 17 18
v -1.561941 1.358059 -1.101941
f 28 27 18
v -1.540000 1.380000 -1.109137
f 29 27 28
v -1.562823 1.380000 -1.102823
f 30 29 28
v -1.614339 1.380000 -1.080000
f 31 30 28
v -1.603162 1.316838 -1.080000
f 32 31 28
f 19 32 18
f 32 28 18
v -1.613109 1.306891 -1.033109
f 33 19 22
f 33 32 19
v -1.623462 1.380000 -1.043462
f 34 31 32
f 33 34 32
v -1.640161 1.380000 -0.960000
f 35 34 33
v -1.625199 1.294801 -0.960000
f 36 35 33
f 23 36 22
f 36 33 22
v -1.540000 1.298454 -0.921546
f 26 37 23
v -1.540000 1.380000 -0.914488
f 37 38 23
f 38 36 23
f 38 35 36
v -1.540000 1.469489 -1.110511
f 39 29 30
v -1.563977 1.476023 -1.103977
f 40 39 30
v -1.540000 1.500000 -1.110824
f 41 39 40
v -1.564250 1.500000 -1.104250
f 42 41 40
v -1.619945 1.500000 -1.080000
f 43 42 40
v -1.616060 1.423940 -1.080000
f 44 43 40
f 31 44 30
f 44 40 30
v -1.624626 1.415374 -1.044626
f 45 31 34
f 45 44 31
v -1.628072 1.500000 -1.048072
f 46 43 44
f 45 46 44
v -1.646033 1.500000 -0.960000
f 47 46 45
v -1.640915 1.399085 -0.960000
f 48 47 45
f 35 48 34
f 48 45 34
v -1.540000 1.426078 -0.913922
f 38 49 35
v -1.540000 1.500000 -0.912602
f 49 50 35
f 50 48 35
f 50 47 48
v -1.540000 1.593335 -1.106665
f 51 41 42
v -1.560771 1.599229 -1.100771
f 52 51 42
v -1.540000 1.620000 -1.105851
f 53 51 52
v -1.560395 1.620000 -1.100395
f 54 53 52
v -1.608520 1.620000 -1.080000
f 55 54 52
v -1.614711 1.545289 -1.080000
f 56 55 52
f 43 56 42
f 56 52 42
v -1.624655 1.535345 -1.044655
f 57 43 46
f 57 56 43
v -1.619079 1.620000 -1.039079
f 58 55 56
f 57 58 56
v -1.635610 1.620000 -0.960000
f 59 58 57
v -1.644193 1.515807 -0.960000
f 60 59 57
f 47 60 46
f 60 57 46
v -1.540000 1.545760 -0.914240
f 50 61 47
v -1.540000 1.620000 -0.918166
f 61 62 47
f 62 60 47
f 62 59 60
v -1.540000 1.724868 -1.095132
f 63 53 54
v -1.551658 1.728342 -1.091658
f 64 63 54
v -1.540000 1.740000 -1.094033
f 65 63 64
v -1.551088 1.740000 -1.091088
f 66 65 64
v -1.578193 1.740000 -1.080000
f 67 66 64
v -1.589390 1.690610 -1.080000
f 68 67 64
f 55 68 54
f 68 64 54
v -1.607182 1.672818 -1.027182
f 69 55 58
f 69 68 55
v -1.595099 1.740000 -1.015099
f 70 67 68
f 69 70 68
v -1.606958 1.740000 -0.960000
f 71 70 69
v -1.626482 1.653518 -0.960000
f 72 71 69
f 59 72 58
f 72 69 58
v -1.540000 1.658607 -0.921393
f 62 73 59
v -1.540000 1.740000 -0.931449
f 73 74 59
f 74 72 59
f 74 71 72
v -1.540000 1.829463 -1.080000
f 75 65 66
f 67 75 66
v -1.559775 1.840225 -0.979775
f 76 67 70
v -1.540000 1.860000 -1.026384
f 77 75 67
f 76 77 67
v -1.553804 1.860000 -0.973804
f 78 77 76
v -1.556870 1.860000 -0.960000
f 79 78 76
v -1.567219 1.832781 -0.960000
f 80 79 76
f 71 80 70
f 80 76 70
v -1.540000 1.765220 -0.934780
f 74 81 71
v -1.540000 1.860000 -0.953012
f 81 82 71
f 82 80 71
f 82 79 80
v -1.540000 1.888793 -0.960000
f 83 77 78
f 79 83 78
v -1.540000 1.865913 -0.954087
f 82 84 79
f 84 83 79
v -1.420000 0.880279 -0.979721
v -1.420000 0.874578 -0.960000
v -1.430743 0.889257 -0.970743
f 85 86 87
v -1.420000 0.900000 -1.038914
f 88 85 87
v -1.437166 0.900000 -0.977166
f 89 88 87
v -1.441227 0.900000 -0.960000
f 90 89 87
v -1.432066 0.887934 -0.960000
f 91 90 87
f 86 91 87
v -1.420000 0.900000 -0.951685
f 86 92 91
f 92 90 91
v -1.420000 0.998980 -1.101020
v -1.420000 0.915327 -1.080000
v -1.437527 1.002473 -1.097527
f 93 94 95
v -1.420000 1.020000 -1.104459
f 96 93 95
v -1.439756 1.020000 -1.099756
f 97 96 95
v -1.492732 1.020000 -1.080000
f 98 97 95
v -1.464696 0.975304 -1.080000
f 99 98 95
f 94 99 95
v -1.420000 0.910826 -1.069174
f 100 88 89
v -1.476048 0.963952 -1.016048
f 101 100 89
f 94 100 99
f 100 101 99
v -1.503325 1.020000 -1.043325
f 102 98 99
f 101 102 99
v -1.523186 1.020000 -0.960000
f 103 102 101
v -1.483617 0.956383 -0.960000
f 104 103 101
f 90 104 89
f 104 101 89
v -1.420000 0.910533 -0.949467
f 92 105 90
v -1.420000 1.020000 -0.919726
f 105 106 90
f 106 104 90
f 106 103 104
v -1.420000 1.099912 -1.120088
f 107 96 97
v -1.453431 1.106569 -1.113431
f 108 107 97
v -1.420000 1.140000 -1.124969
f 109 107 108
v -1.456641 1.140000 -1.116641
f 110 109 108
f 4 110 1
f 110 108 1
v -1.510112 1.049888 -1.080000
f 111 2 1
f 108 111 1
f 98 111 97
f 111 108 97
v -1.515137 1.044863 -1.055137
f 112 98 102
f 112 111 98
f 112 2 111
f 112 8 2
v -1.529414 1.030586 -0.960000
f 113 9 8
f 112 113 8
f 103 113 102
f 113 112 102
v -1.420000 1.067666 -0.912334
f 106 114 103
v -1.420000 1.140000 -0.896877
f 114 115 103
f 115 113 103
v -1.513106 1.140000 -0.933106
f 115 116 113
f 116 9 113
f 116 14 9
v -1.420000 1.206047 -1.133953
f 117 109 110
v -1.464958 1.215042 -1.124958
f 118 117 110
v -1.420000 1.260000 -1.138362
f 119 117 118
v -1.467924 1.260000 -1.127924
f 120 119 118
f 17 120 15
f 120 118 15
f 118 4 15
f 118 110 4
v -1.420000 1.210315 -0.889685
v -1.507697 1.172303 -0.927697
f 121 122 116
f 115 121 116
v -1.420000 1.260000 -0.882167
f 121 123 122
v -1.488802 1.260000 -0.908802
f 123 124 122
f 122 124 25
f 124 26 25
f 14 122 25
f 116 122 14
v -1.420000 1.317456 -1.142544
f 125 119 120
v -1.471989 1.328011 -1.131989
f 126 125 120
v -1.420000 1.380000 -1.145231
f 127 125 126
v -1.473898 1.380000 -1.133898
f 128 127 126
f 29 128 27
f 128 126 27
f 126 17 27
f 126 120 17
v -1.420000 1.342146 -0.877854
v -1.484005 1.315995 -0.904005
f 129 130 124
f 123 129 124
v -1.420000 1.380000 -0.874711
f 129 131 130
v -1.476245 1.380000 -0.896245
f 131 132 130
f 130 132 37
f 132 38 37
f 26 130 37
f 124 130 26
v -1.420000 1.434351 -1.145649
f 133 127 128
v -1.474316 1.445684 -1.134316
f 134 133 128
v -1.420000 1.500000 -1.145950
f 135 133 134
v -1.474724 1.500000 -1.134724
f 136 135 134
f 41 136 39
f 136 134 39
f 134 29 39
f 134 128 29
v -1.420000 1.465755 -0.874245
v -1.475678 1.444322 -0.895678
f 137 138 132
f 131 137 132
v -1.420000 1.500000 -0.873936
f 137 139 138
v -1.474300 1.500000 -0.894300
f 139 140 138
f 138 140 49
f 140 50 49
f 38 138 49
f 132 138 38
v -1.420000 1.557266 -1.142734
f 141 135 136
v -1.471533 1.568467 -1.131533
f 142 141 136
v -1.420000 1.620000 -1.140559
f 143 141 142
v -1.470370 1.620000 -1.130370
f 144 143 142
f 53 144 51
f 144 142 51
f 142 41 51
f 142 136 41
v -1.420000 1.582748 -0.877252
v -1.478260 1.561740 -0.898260
f 145 146 140
f 139 145 140
v -1.420000 1.620000 -0.879775
f 145 147 146
v -1.482495 1.620000 -0.902495
f 147 148 146
f 146 148 61
f 148 62 61
f 50 146 61
f 140 146 50
v -1.420000 1.687244 -1.132756
f 149 143 144
v -1.462931 1.697069 -1.122931
f 150 149 144
v -1.420000 1.740000 -1.128759
f 151 149 150
v -1.460596 1.740000 -1.120596
f 152 151 150
f 65 152 63
f 152 150 63
f 150 53 63
f 150 144 53
v -1.420000 1.693892 -0.886108
v -1.489321 1.670679 -0.909321
f 153 154 148
f 147 153 148
v -1.420000 1.740000 -0.892695
f 153 155 154
v -1.501015 1.740000 -0.921015
f 155 156 154
f 154 156 73
f 156 74 73
f 62 154 73
f 148 154 62
v -1.420000 1.825947 -1.114053
f 157 151 152
v -1.447405 1.832595 -1.107405
f 158 157 152
v -1.420000 1.860000 -1.109995
f 159 157 158
v -1.444980 1.860000 -1.104980
f 160 159 158
v -1.524100 1.860000 -1.080000
f 161 160 158
f 75 161 65
f 161 158 65
f 158 152 65
v -1.528136 1.860000 -1.068136
f 162 161 75
f 77 162 75
v -1.420000 1.799412 -0.900588
v -1.507628 1.772372 -0.927628
f 163 164 156
f 155 163 156
v -1.420000 1.860000 -0.913529
f 163 165 164
v -1.530512 1.860000 -0.950512
f 165 166 164
f 164 166 81
f 166 82 81
f 74 164 81
f 156 164 74
v -1.420000 1.975697 -1.084303
f 167 159 160
v -1.423420 1.976580 -1.083420
f 168 167 160
v -1.420000 1.980000 -1.083594
f 169 167 168
v -1.422993 1.980000 -1.082993
f 170 169 168
v -1.433054 1.980000 -1.080000
f 171 170 168
v -1.470662 1.929338 -1.080000
f 172 171 168
f 161 172 160
f 172 168 160
v -1.510270 1.889730 -1.050270
f 173 161 162
f 173 172 161
v -1.460384 1.980000 -1.000384
f 174 171 172
f 173 174 172
v -1.472364 1.980000 -0.960000
f 175 174 173
f 83 175 77
f 175 173 77
f 173 162 77
v -1.420000 1.899310 -0.920690
v -1.532552 1.867448 -0.952552
f 176 177 166
f 165 176 166
v -1.420000 1.980000 -0.943244
f 176 178 177
f 177 178 83
f 178 175 83
f 84 177 83
f 82 177 84
f 166 177 82
v -1.420000 1.993298 -1.080000
f 179 169 170
f 171 179 170
v -1.420000 2.033341 -0.960000
v -1.420000 1.999376 -1.060624
f 180 181 174
f 181 171 174
f 181 179 171
f 175 180 174
v -1.420000 1.993581 -0.946419
f 178 182 175
f 182 180 175
v -1.300000 0.766684 -0.973316
v -1.300000 0.763412 -0.960000
v -1.308387 0.771613 -0.968387
f 183 184 185
v -1.300000 0.780000 -1.019691
f 186 183 185
v -1.315458 0.780000 -0.975458
f 187 186 185
v -1.320175 0.780000 -0.960000
f 188 187 185
v -1.309469 0.770531 -0.960000
f 189 188 185
f 184 189 185
v -1.300000 0.780000 -0.953719
f 184 190 189
f 190 188 189
v -1.300000 0.876141 -1.103859
v -1.300000 0.798389 -1.080000
v -1.320728 0.879272 -1.100728
f 191 192 193
v -1.300000 0.900000 -1.108538
f 194 191 193
v -1.324055 0.900000 -1.104055
f 195 194 193
v -1.406759 0.900000 -1.080000
f 196 195 193
v -1.354265 0.845735 -1.080000
f 197 196 193
f 192 197 193
v -1.300000 0.793641 -1.066359
f 198 186 187
v -1.364570 0.835430 -1.024570
f 199 198 187
f 192 198 197
f 198 199 197
v -1.410305 0.900000 -1.070305
f 200 196 197
f 199 200 197
f 88 200 85
f 200 199 85
v -1.373706 0.826294 -0.960000
f 201 86 85
f 199 201 85
f 188 201 187
f 201 199 187
v -1.300000 0.788448 -0.951552
f 190 202 188
v -1.300000 0.900000 -0.915158
f 202 203 188
f 203 201 188
v -1.409019 0.900000 -0.949019
f 203 204 201
f 204 86 201
f 204 92 86
v -1.300000 0.972855 -1.127145
f 205 194 195
v -1.341052 0.978948 -1.121052
f 206 205 195
v -1.300000 1.020000 -1.134340
f 207 205 206
v -1.346237 1.020000 -1.126237
f 208 207 206
f 96 208 93
f 208 206 93
v -1.413229 0.906771 -1.080000
f 209 94 93
f 206 209 93
f 196 209 195
f 209 206 195
v -1.414426 0.905574 -1.074426
f 210 196 200
f 210 209 196
f 210 94 209
f 210 100 94
f 210 88 100
f 210 200 88
v -1.300000 0.955966 -0.904034
v -1.404570 0.915430 -0.944570
f 211 212 204
f 203 211 204
v -1.300000 1.020000 -0.886563
f 211 213 212
v -1.367618 1.020000 -0.907618
f 213 214 212
f 212 214 105
f 214 106 105
f 92 212 105
f 204 212 92
v -1.300000 1.074721 -1.145279
f 215 207 208
v -1.356960 1.083040 -1.136960
f 216 215 208
v -1.300000 1.140000 -1.152551
f 217 215 216
v -1.362295 1.140000 -1.142295
f 218 217 216
f 109 218 107
f 218 216 107
f 216 96 107
f 216 208 96
v -1.300000 1.105725 -0.874275
v -1.353847 1.086153 -0.893847
f 219 220 214
f 213 219 214
v -1.300000 1.140000 -0.866853
f 219 221 220
v -1.339100 1.140000 -0.879100
f 221 222 220
f 220 222 114
f 222 115 114
f 106 220 114
f 214 220 106
v -1.300000 1.181677 -1.158323
f 223 217 218
v -1.368428 1.191572 -1.148428
f 224 223 218
v -1.300000 1.260000 -1.164009
f 225 223 224
v -1.372717 1.260000 -1.152717
f 226 225 224
f 119 226 117
f 226 224 117
f 224 109 117
f 224 218 109
v -1.300000 1.242510 -0.857490
v -1.326691 1.233309 -0.866691
f 227 228 222
f 221 227 222
v -1.300000 1.260000 -0.854797
f 227 229 228
v -1.321584 1.260000 -0.861584
f 229 230 228
f 228 230 121
f 230 123 121
f 115 228 121
f 222 228 115
v -1.300000 1.293621 -1.166379
f 231 225 226
v -1.375436 1.304564 -1.155436
f 232 231 226
v -1.300000 1.380000 -1.169463
f 233 231 232
v -1.377926 1.380000 -1.157926
f 234 233 232
f 127 234 125
f 234 232 125
f 232 119 125
f 232 226 119
v -1.300000 1.369982 -0.850018
v -1.314925 1.365075 -0.854925
f 235 236 230
f 229 235 230
v -1.300000 1.380000 -0.849202
f 235 237 236
v -1.313376 1.380000 -0.853376
f 237 238 236
f 236 238 129
f 238 131 129
f 123 236 129
f 230 236 123
v -1.300000 1.410574 -1.169426
f 239 233 234
v -1.377881 1.422119 -1.157881
f 240 239 234
v -1.300000 1.500000 -1.169370
f 241 239 240
v -1.378157 1.500000 -1.158157
f 242 241 240
f 135 242 133
f 242 240 133
f 240 127 133
f 240 234 127
v -1.300000 1.490717 -0.849283
v -1.313490 1.486510 -0.853490
f 243 244 238
f 237 243 238
v -1.300000 1.500000 -0.849297
f 243 245 244
v -1.313339 1.500000 -0.853339
f 245 246 244
f 244 246 137
f 246 139 137
f 131 244 137
f 238 244 131
v -1.300000 1.532952 -1.167048
f 247 241 242
v -1.375409 1.544591 -1.155409
f 248 247 242
v -1.300000 1.620000 -1.163720
f 249 247 248
v -1.373359 1.620000 -1.153359
f 250 249 248
f 143 250 141
f 250 248 141
f 248 135 141
f 248 242 135
v -1.300000 1.606121 -0.853879
v -1.319560 1.600440 -0.859560
f 251 252 246
f 245 251 246
v -1.300000 1.620000 -0.855097
f 251 253 252
v -1.321191 1.620000 -0.861191
f 253 254 252
f 252 254 145
f 254 147 145
f 139 252 145
f 246 252 139
v -1.300000 1.661820 -1.158180
f 255 249 250
v -1.367234 1.672766 -1.147234
f 256 255 250
v -1.300000 1.740000 -1.152044
f 257 255 256
v -1.363171 1.740000 -1.143171
f 258 257 256
f 151 258 149
f 258 256 149
f 256 143 149
f 256 250 143
v -1.300000 1.716546 -0.863454
v -1.331897 1.708103 -0.871897
f 259 260 254
f 253 259 254
v -1.300000 1.740000 -0.867395
f 259 261 260
v -1.337483 1.740000 -0.877483
f 261 262 260
f 260 262 153
f 262 155 153
f 147 260 153
f 254 260 147
v -1.300000 1.798981 -1.141019
f 263 257 258
v -1.352030 1.807970 -1.132030
f 264 263 258
v -1.300000 1.860000 -1.133587
f 265 263 264
v -1.347001 1.860000 -1.127001
f 266 265 264
f 159 266 157
f 266 264 157
f 264 151 157
f 264 258 151
v -1.300000 1.821753 -0.878247
v -1.350166 1.809834 -0.890166
f 267 268 262
f 261 267 262
v -1.300000 1.860000 -0.887389
f 267 269 268
v -1.363251 1.860000 -0.903251
f 269 270 268
f 268 270 163
f 270 165 163
f 155 268 163
f 262 268 155
v -1.300000 1.946942 -1.113058
f 271 265 266
v -1.327934 1.952066 -1.107934
f 272 271 266
v -1.300000 1.980000 -1.107510
f 273 271 272
v -1.324143 1.980000 -1.104143
f 274 273 272
f 169 274 167
f 274 272 167
f 272 159 167
f 272 266 159
v -1.300000 1.921424 -0.898576
v -1.374349 1.905651 -0.914349
f 275 276 270
f 269 275 270
v -1.300000 1.980000 -0.916309
f 275 277 276
v -1.399622 1.980000 -0.939622
f 277 278 276
f 276 278 176
f 278 178 176
f 165 276 176
f 270 276 165
v -1.300000 2.077411 -1.080000
f 279 273 274
v -1.378505 2.021495 -1.080000
f 179 280 169
f 280 279 169
f 279 274 169
v -1.300000 2.100000 -1.005405
f 281 279 280
v -1.315061 2.100000 -0.975061
f 179 282 280
f 282 281 280
v -1.321779 2.100000 -0.960000
f 181 283 179
f 283 282 179
f 180 283 181
v -1.300000 2.015397 -0.924603
v -1.404396 1.995604 -0.944396
f 284 285 278
f 277 284 278
v -1.300000 2.100000 -0.955227
f 284 286 285
f 285 286 180
f 286 283 180
f 182 285 180
f 178 285 182
f 278 285 178
v -1.300000 2.112546 -0.960000
f 287 281 282
f 283 287 282
v -1.300000 2.103704 -0.956296
f 286 288 283
f 288 287 283
v -1.180000 0.762818 -1.097182
v -1.180000 0.723915 -1.080000
v -1.193085 0.766915 -1.093085
f 289 290 291
v -1.180000 0.780000 -1.099054
f 292 289 291
v -1.195706 0.780000 -1.095706
f 293 292 291
v -1.272433 0.780000 -1.080000
f 294 293 291
v -1.215664 0.744336 -1.080000
f 295 294 291
f 290 295 291
v -1.180000 0.709077 -1.030923
v -1.180000 0.692572 -0.960000
v -1.229263 0.730737 -1.009263
f 296 297 298
f 290 296 295
f 296 298 295
v -1.281601 0.780000 -1.061601
f 299 294 295
f 298 299 295
f 186 299 183
f 299 298 183
v -1.236675 0.723325 -0.960000
f 300 184 183
f 298 300 183
f 297 300 298
v -1.180000 0.780000 -0.927154
f 297 301 300
v -1.292407 0.780000 -0.952407
f 301 302 300
f 302 184 300
f 302 190 184
v -1.180000 0.855904 -1.124096
f 303 292 293
v -1.218006 0.861994 -1.118006
f 304 303 293
v -1.180000 0.900000 -1.129766
f 305 303 304
v -1.224183 0.900000 -1.124183
f 306 305 304
f 194 306 191
f 306 304 191
v -1.289400 0.790600 -1.080000
f 307 192 191
f 304 307 191
f 294 307 293
f 307 304 293
v -1.291340 0.788660 -1.071340
f 308 294 299
f 308 307 294
f 308 192 307
f 308 198 192
f 308 186 198
f 308 299 186
v -1.180000 0.823546 -0.916454
v -1.288885 0.791115 -0.948885
f 309 310 302
f 301 309 302
v -1.180000 0.900000 -0.891587
f 309 311 310
v -1.246511 0.900000 -0.906511
f 311 312 310
f 310 312 202
f 312 203 202
f 190 310 202
f 302 310 190
v -1.180000 0.955771 -1.144229
f 313 305 306
v -1.238372 0.961628 -1.138372
f 314 313 306
v -1.180000 1.020000 -1.153380
f 315 313 314
v -1.245735 1.020000 -1.145735
f 316 315 314
f 207 316 205
f 316 314 205
f 314 194 205
f 314 306 194
v -1.180000 0.984204 -0.875796
v -1.229454 0.970546 -0.889454
f 317 318 312
f 311 317 312
v -1.180000 1.020000 -0.865970
f 317 319 318
v -1.213575 1.020000 -0.873575
f 319 320 318
f 318 320 211
f 320 213 211
f 203 318 211
f 312 318 203
v -1.180000 1.058692 -1.161308
f 321 315 316
v -1.254150 1.065850 -1.154150
f 322 321 316
v -1.180000 1.140000 -1.169583
f 323 321 322
v -1.260949 1.140000 -1.160949
f 324 323 322
f 217 324 215
f 324 322 215
f 322 207 215
f 322 316 207
v -1.180000 1.128340 -0.851660
v -1.195777 1.124223 -0.855777
f 325 326 320
f 319 325 320
v -1.180000 1.140000 -0.849081
f 325 327 326
v -1.191809 1.140000 -0.851809
f 327 328 326
f 326 328 219
f 328 221 219
f 213 326 219
f 320 326 213
v -1.180000 1.166632 -1.173368
f 329 323 324
v -1.265393 1.174607 -1.165393
f 330 329 324
v -1.180000 1.260000 -1.179356
f 331 329 330
v -1.270478 1.260000 -1.170478
f 332 331 330
f 225 332 223
f 332 330 223
f 330 217 223
f 330 324 217
v -1.180000 1.252326 -0.840000
f 327 333 328
v -1.185025 1.260000 -0.840000
f 334 229 227
v -1.183026 1.256974 -0.840000
f 221 335 227
f 335 334 227
f 328 333 221
f 333 335 221
v -1.180000 1.260000 -0.839496
f 333 336 335
f 336 334 335
v -1.180000 1.279324 -1.180676
f 337 331 332
v -1.272207 1.287793 -1.172207
f 338 337 332
v -1.180000 1.380000 -1.183602
f 339 337 338
v -1.274912 1.380000 -1.174912
f 340 339 338
f 233 340 231
f 340 338 231
f 338 225 231
f 338 332 225
v -1.223411 1.380000 -0.840000
f 341 237 235
v -1.212223 1.347777 -0.840000
f 229 342 235
f 342 341 235
f 334 342 229
v -1.180000 1.260513 -0.839487
f 336 343 334
v -1.180000 1.380000 -0.835822
f 343 344 334
f 344 342 334
f 344 341 342
v -1.180000 1.396602 -1.183398
f 345 339 340
v -1.274626 1.405374 -1.174626
f 346 345 340
v -1.180000 1.500000 -1.182849
f 347 345 346
v -1.274577 1.500000 -1.174577
f 348 347 346
f 241 348 239
f 348 346 239
f 346 233 239
f 346 340 233
v -1.218456 1.500000 -0.840000
f 349 245 243
v -1.218705 1.461295 -0.840000
f 237 350 243
f 350 349 243
f 341 350 237
v -1.180000 1.384164 -0.835836
f 344 351 341
v -1.180000 1.500000 -0.836483
f 351 352 341
f 352 350 341
f 352 349 350
v -1.180000 1.518796 -1.181204
f 353 347 348
v -1.272351 1.527649 -1.172351
f 354 353 348
v -1.180000 1.620000 -1.176996
f 355 353 354
v -1.269370 1.620000 -1.169370
f 356 355 354
f 249 356 247
f 356 354 247
f 354 241 247
f 354 348 241
v -1.180000 1.584725 -0.840000
v -1.180000 1.618470 -0.841530
v -1.181947 1.618053 -0.841947
f 357 358 359
v -1.180000 1.620000 -0.841706
f 358 360 359
v -1.182139 1.620000 -0.842139
f 360 361 359
f 359 361 251
f 361 253 251
f 245 359 251
f 357 359 245
f 349 357 245
v -1.180000 1.503431 -0.836569
f 352 362 349
f 362 357 349
v -1.180000 1.647071 -1.172929
f 363 355 356
v -1.264449 1.655551 -1.164449
f 364 363 356
v -1.180000 1.740000 -1.165364
f 365 363 364
v -1.258748 1.740000 -1.158748
f 366 365 364
f 257 366 255
f 366 364 255
f 364 249 255
f 364 356 249
v -1.180000 1.728823 -0.851177
v -1.193729 1.726271 -0.853729
f 367 368 361
f 360 367 361
v -1.180000 1.740000 -0.853396
f 367 369 368
v -1.196312 1.740000 -0.856312
f 369 370 368
f 368 370 259
f 370 261 259
f 253 368 259
f 361 368 253
v -1.180000 1.783432 -1.156568
f 371 365 366
v -1.249270 1.790730 -1.149270
f 372 371 366
v -1.180000 1.860000 -1.147000
f 373 371 372
v -1.241888 1.860000 -1.141888
f 374 373 372
f 265 374 263
f 374 372 263
f 372 257 263
f 372 366 257
v -1.180000 1.834086 -0.865914
v -1.210768 1.829232 -0.870768
f 375 376 370
f 369 375 370
v -1.180000 1.860000 -0.872803
f 375 377 376
v -1.218975 1.860000 -0.878975
f 377 378 376
f 376 378 267
f 378 269 267
f 261 376 267
f 370 376 261
v -1.180000 1.930584 -1.129416
f 379 373 374
v -1.224518 1.935482 -1.124518
f 380 379 374
v -1.180000 1.980000 -1.120938
f 381 379 380
v -1.217885 1.980000 -1.117885
f 382 381 380
f 273 382 271
f 382 380 271
f 380 265 271
f 380 374 265
v -1.180000 1.933700 -0.886300
v -1.233455 1.926545 -0.893455
f 383 384 378
f 377 383 378
v -1.180000 1.980000 -0.901342
f 383 385 384
v -1.251440 1.980000 -0.911440
f 385 386 384
f 384 386 275
f 386 277 275
f 269 384 275
f 378 384 269
v -1.180000 2.091880 -1.088120
f 387 381 382
v -1.187289 2.092711 -1.087289
f 388 387 382
v -1.180000 2.100000 -1.086331
f 389 387 388
v -1.185874 2.100000 -1.085874
f 390 389 388
v -1.238067 2.100000 -1.080000
f 391 390 388
f 279 391 273
f 391 388 273
f 388 382 273
v -1.266871 2.100000 -1.046871
f 392 391 279
f 281 392 279
v -1.180000 2.027446 -0.912554
v -1.261920 2.018080 -0.921920
f 393 394 386
f 385 393 386
v -1.180000 2.100000 -0.940146
f 393 395 394
v -1.294721 2.100000 -0.954721
f 395 396 394
f 394 396 284
f 396 286 284
f 277 394 284
f 386 394 277
v -1.180000 2.118797 -1.080000
f 397 389 390
f 391 397 390
v -1.180000 2.150756 -0.960000
v -1.180000 2.124920 -1.055080
f 398 399 392
f 399 391 392
f 399 397 391
v -1.282551 2.117449 -0.960000
f 287 400 281
f 400 398 281
f 398 392 281
v -1.180000 2.115372 -0.944628
v -1.296043 2.103957 -0.956043
f 401 402 396
f 395 401 396
f 402 401 400
f 401 398 400
f 287 402 400
f 288 402 287
f 286 402 288
f 396 402 286
v -1.075982 -1.350000 0.944018
v -1.060000 -1.314326 0.960000
v -1.060000 -1.347354 0.872646
f 403 404 405
v -1.062385 -1.350000 0.877342
f 403 405 406
v -1.060888 -1.350000 0.870000
f 406 405 407
v -1.060000 -1.350000 0.866135
f 407 405 408
v -1.078426 -1.350000 0.960000
f 409 404 403
v -1.077289 -1.350000 1.062711
v -1.060000 -1.310259 1.080000
v -1.060000 -1.305873 1.034127
f 410 411 412
v -1.078061 -1.350000 1.043374
f 410 412 413
v -1.080193 -1.350000 0.990000
f 413 412 414
f 414 412 404
f 414 404 409
v -1.076748 -1.350000 1.080000
f 415 411 410
v -1.060000 -1.350000 1.152857
v -1.060000 -1.330596 1.129404
v -1.071544 -1.350000 1.110000
f 416 417 418
f 418 417 411
f 418 411 415
v -1.060000 0.494512 -1.125488
v -1.060000 0.457600 -1.080000
v -1.073107 0.526893 -1.093107
f 419 420 421
v -1.060000 0.540000 -1.157347
f 422 419 421
v -1.075404 0.540000 -1.095404
f 423 422 421
v -1.089795 0.540000 -1.080000
f 424 423 421
v -1.080066 0.519934 -1.080000
f 425 424 421
f 420 425 421
v -1.060000 0.471385 -1.028615
v -1.060000 0.493505 -0.960000
v -1.073081 0.526919 -0.973081
f 426 427 428
f 420 426 425
f 426 428 425
v -1.080105 0.540000 -0.980105
f 429 424 425
f 428 429 425
v -1.081713 0.540000 -0.960000
f 430 429 428
v -1.073387 0.526613 -0.960000
f 431 430 428
f 427 431 428
v -1.060000 0.540000 -0.938045
f 427 432 431
f 432 430 431
v -1.060000 0.567772 -1.172228
f 433 422 423
v -1.085489 0.634511 -1.105489
f 434 433 423
v -1.060000 0.660000 -1.172250
f 435 433 434
v -1.088341 0.660000 -1.108341
f 436 435 434
v -1.134261 0.660000 -1.080000
f 437 436 434
v -1.105229 0.614771 -1.080000
f 438 437 434
f 424 438 423
f 438 434 423
v -1.103034 0.616966 -1.003034
f 439 424 429
f 439 438 424
v -1.132014 0.660000 -1.032014
f 440 437 438
f 439 440 438
v -1.148316 0.660000 -0.960000
f 441 440 439
v -1.105637 0.614363 -0.960000
f 442 441 439
f 430 442 429
f 442 439 429
v -1.060000 0.565650 -0.934350
f 432 443 430
v -1.060000 0.660000 -0.908367
f 443 444 430
f 444 442 430
f 444 441 442
v -1.060000 0.681300 -1.178700
f 445 435 436
v -1.096142 0.743858 -1.116142
f 446 445 436
v -1.060000 0.780000 -1.160224
f 447 445 446
v -1.099289 0.780000 -1.119289
f 448 447 446
f 292 448 289
f 448 446 289
v -1.143225 0.696775 -1.080000
f 449 290 289
f 446 449 289
f 437 449 436
f 449 446 436
v -1.145709 0.694291 -1.045709
f 450 437 440
f 450 449 437
f 450 290 449
f 450 296 290
v -1.158733 0.681267 -0.960000
f 451 297 296
f 450 451 296
f 441 451 440
f 451 450 440
v -1.060000 0.712621 -0.907379
f 444 452 441
v -1.060000 0.780000 -0.892157
f 452 453 441
f 453 451 441
v -1.128492 0.780000 -0.908492
f 453 454 451
f 454 297 451
f 454 301 297
v -1.060000 0.809401 -1.170599
f 455 447 448
v -1.111183 0.848817 -1.131183
f 456 455 448
v -1.060000 0.900000 -1.157843
f 457 455 456
v -1.117078 0.900000 -1.137078
f 458 457 456
f 305 458 303
f 458 456 303
f 456 292 303
f 456 448 292
v -1.060000 0.850854 -0.889146
v -1.125447 0.834553 -0.905447
f 459 460 454
f 453 459 454
v -1.060000 0.900000 -0.875258
f 459 461 460
v -1.100805 0.900000 -0.880805
f 461 462 460
f 460 462 309
f 462 311 309
f 301 460 309
f 454 460 301
v -1.060000 0.931708 -1.168292
f 463 457 458
v -1.129323 0.950677 -1.149323
f 464 463 458
v -1.060000 1.020000 -1.165100
f 465 463 464
v -1.138182 1.020000 -1.158182
f 466 465 464
f 315 466 313
f 466 464 313
f 464 305 313
f 464 458 305
v -1.060000 0.998113 -0.861887
v -1.085975 0.994025 -0.865975
f 467 468 462
f 461 467 462
v -1.060000 1.020000 -0.855903
f 467 469 468
v -1.078261 1.020000 -0.858261
f 469 470 468
f 468 470 317
f 470 319 317
f 311 468 317
f 462 468 311
v -1.060000 1.048820 -1.171180
f 471 465 466
v -1.144971 1.055029 -1.164971
f 472 471 466
v -1.060000 1.140000 -1.177664
f 473 471 472
v -1.152725 1.140000 -1.172725
f 474 473 472
f 323 474 321
f 474 472 321
f 472 315 321
f 472 466 315
v -1.060000 1.138638 -0.841362
v -1.061597 1.138403 -0.841597
f 475 476 470
f 469 475 470
v -1.060000 1.140000 -0.841059
f 475 477 476
v -1.061219 1.140000 -0.841219
f 477 478 476
f 476 478 325
f 478 327 325
f 319 476 325
f 470 476 319
v -1.060000 1.159563 -1.180437
f 479 473 474
v -1.155960 1.164040 -1.175960
f 480 479 474
v -1.060000 1.260000 -1.186197
f 481 479 480
v -1.161481 1.260000 -1.181481
f 482 481 480
f 331 482 329
f 482 480 329
f 480 323 329
f 480 474 323
v -1.060000 1.154690 -0.840000
f 477 483 478
v -1.116795 1.203205 -0.840000
f 484 333 327
f 478 483 327
f 483 484 327
v -1.060000 1.260000 -0.833509
f 483 485 484
v -1.179480 1.260000 -0.839480
f 485 486 484
f 486 333 484
f 486 336 333
v -1.060000 1.272989 -1.187011
f 487 481 482
v -1.162528 1.277472 -1.182528
f 488 487 482
v -1.060000 1.380000 -1.189529
f 489 487 488
v -1.165215 1.380000 -1.185215
f 490 489 488
f 339 490 337
f 490 488 337
f 488 331 337
f 488 482 331
v -1.060000 1.266594 -0.833406
v -1.179472 1.260528 -0.839472
f 491 492 486
f 485 491 486
v -1.060000 1.380000 -0.830443
f 491 493 492
v -1.175704 1.380000 -0.835704
f 493 494 492
f 492 494 343
f 494 344 343
f 336 492 343
f 486 492 336
v -1.060000 1.390741 -1.189259
f 495 489 490
v -1.164849 1.395151 -1.184849
f 496 495 490
v -1.060000 1.500000 -1.188197
f 497 495 496
v -1.164341 1.500000 -1.184341
f 498 497 496
f 347 498 345
f 498 496 345
f 496 339 345
f 496 490 339
v -1.060000 1.389498 -0.830502
v -1.175732 1.384268 -0.835732
f 499 500 494
f 493 499 494
v -1.060000 1.500000 -0.831683
f 499 501 500
v -1.176394 1.500000 -0.836394
f 501 502 500
f 500 502 351
f 502 352 351
f 344 500 351
f 494 500 344
v -1.060000 1.513165 -1.186835
f 503 497 498
v -1.162605 1.517395 -1.182605
f 504 503 498
v -1.060000 1.620000 -1.181972
f 505 503 504
v -1.158645 1.620000 -1.178645
f 506 505 504
f 355 506 353
f 506 504 353
f 504 347 353
f 504 498 347
v -1.138257 1.620000 -0.840000
f 507 360 358
f 357 507 358
v -1.060000 1.508092 -0.831908
v -1.176496 1.503504 -0.836496
f 508 509 502
f 501 508 502
v -1.060000 1.620000 -0.837247
f 508 510 509
f 509 510 357
f 510 507 357
f 362 509 357
f 352 509 362
f 502 509 352
v -1.060000 1.641580 -1.178420
f 511 505 506
v -1.154601 1.645399 -1.174601
f 512 511 506
v -1.060000 1.740000 -1.170005
f 513 511 512
v -1.147339 1.740000 -1.167339
f 514 513 512
f 365 514 363
f 514 512 363
f 512 355 363
f 512 506 355
v -1.060000 1.653885 -0.840000
v -1.060000 1.732932 -0.847068
v -1.067717 1.732283 -0.847717
f 515 516 517
v -1.060000 1.740000 -0.848653
f 516 518 517
v -1.069308 1.740000 -0.849308
f 518 519 517
f 517 519 367
f 519 369 367
f 360 517 367
f 515 517 360
f 507 515 360
v -1.060000 1.622622 -0.837378
f 510 520 507
f 520 515 507
v -1.060000 1.778173 -1.161827
f 521 513 514
v -1.138767 1.781233 -1.158767
f 522 521 514
v -1.060000 1.860000 -1.151227
f 523 521 522
v -1.129363 1.860000 -1.149363
f 524 523 522
f 373 524 371
f 524 522 371
f 522 365 371
f 522 514 365
v -1.060000 1.838013 -0.861987
v -1.083438 1.836562 -0.863438
f 525 526 519
f 518 525 519
v -1.060000 1.860000 -0.868268
f 525 527 526
v -1.089878 1.860000 -0.869878
f 527 528 526
f 526 528 375
f 528 377 375
f 369 526 375
f 519 526 369
v -1.060000 1.925805 -1.134195
f 529 523 524
v -1.112299 1.927701 -1.132299
f 530 529 524
v -1.060000 1.980000 -1.124620
f 531 529 530
v -1.103632 1.980000 -1.123632
f 532 531 530
f 381 532 379
f 532 530 379
f 530 373 379
f 530 524 373
v -1.060000 1.937282 -0.882718
v -1.104751 1.935249 -0.884751
f 533 534 528
f 527 533 528
v -1.060000 1.980000 -0.897263
f 533 535 534
v -1.119696 1.980000 -0.899696
f 535 536 534
f 534 536 383
f 536 385 383
f 377 534 383
f 528 534 377
v -1.060000 2.087950 -1.092050
f 537 531 532
v -1.071672 2.088328 -1.091672
f 538 537 532
v -1.060000 2.100000 -1.089328
f 539 537 538
v -1.069165 2.100000 -1.089165
f 540 539 538
f 389 540 387
f 540 538 387
f 538 381 387
f 538 532 381
v -1.060000 2.030554 -0.909446
v -1.131804 2.028196 -0.911804
f 541 542 536
f 535 541 536
v -1.060000 2.100000 -0.936759
f 541 543 542
v -1.159710 2.100000 -0.939710
f 543 544 542
f 542 544 393
f 544 395 393
f 385 542 393
f 536 542 385
v -1.060000 2.127085 -1.080000
f 545 539 540
v -1.160304 2.119696 -1.080000
f 397 546 389
f 546 545 389
f 545 540 389
v -1.060000 2.158121 -0.960000
v -1.060000 2.135632 -1.044368
v -1.153421 2.126579 -1.053421
f 547 548 549
f 549 548 546
f 548 545 546
f 397 549 546
f 399 549 397
v -1.126826 2.153174 -0.960000
f 550 549 399
f 398 550 399
f 550 547 549
v -1.060000 2.117920 -0.942080
v -1.164464 2.115536 -0.944464
f 551 552 544
f 543 551 544
f 552 551 550
f 551 547 550
f 398 552 550
f 401 552 398
f 395 552 401
f 544 552 395
v -0.942300 -1.350000 -1.082300
v -0.940000 -1.344732 -1.080000
v -0.940000 -1.350000 -1.084836
f 553 554 555
v -0.943806 -1.350000 -1.080000
f 556 554 553
v -0.985492 -1.350000 -1.005492
v -0.940000 -1.261377 -0.960000
v -0.940000 -1.265097 -0.965097
f 557 558 559
v -0.984993 -1.350000 -1.006324
f 557 559 560
v -0.958825 -1.350000 -1.050000
f 560 559 561
f 561 559 554
f 561 554 556
v -1.004503 -1.350000 -0.960000
f 562 558 557
v -1.016861 -1.350000 -0.916861
v -1.000370 -1.320370 -0.900370
v -1.013273 -1.350000 -0.930000
f 563 564 565
v -1.004753 -1.350000 -0.959143
v -0.940000 -1.260000 -0.956572
f 566 567 558
f 566 558 562
f 565 564 567
f 565 567 566
v -0.969822 -1.260000 -0.869822
f 568 567 564
v -0.975395 -1.260000 -0.840000
f 569 568 564
v -1.030000 -1.350000 -0.848137
v -1.031727 -1.350000 -0.840000
f 570 571 569
f 570 569 564
f 570 564 563
v -1.032243 -1.350000 -0.836388
v -0.985968 -1.260000 -0.765968
f 572 573 569
f 572 569 571
v -1.035260 -1.350000 -0.815260
f 574 573 572
v -1.035308 -1.350000 -0.810000
v -0.986383 -1.260000 -0.720000
f 575 576 573
f 575 573 574
v -1.031867 -1.350000 -0.720000
f 577 576 575
v -1.027239 -1.350000 -0.687239
v -1.025141 -1.345141 -0.685141
v -1.028129 -1.350000 -0.690000
f 578 579 580
v -1.030000 -1.350000 -0.704761
f 580 579 581
v -1.031453 -1.350000 -0.716623
v -0.976106 -1.260000 -0.636106
f 582 583 576
f 582 576 577
f 581 579 583
f 581 583 582
v -0.970346 -1.260000 -0.600000
f 584 583 579
v -0.990335 -1.310335 -0.600000
f 585 584 579
v -1.002633 -1.350000 -0.600000
v -1.018724 -1.350000 -0.657048
f 586 585 587
f 587 585 579
f 587 579 578
v -0.940000 -1.350000 -0.484144
v -0.940000 -1.287946 -0.507946
v -0.946442 -1.350000 -0.495549
f 588 589 590
v -0.988492 -1.350000 -0.570000
f 590 589 591
v -0.940000 -1.260000 -0.526328
f 591 589 592
v -0.993951 -1.350000 -0.581582
f 591 592 593
f 593 592 585
f 593 585 586
f 592 584 585
v -0.970580 -1.350000 0.689420
v -0.940000 -1.281254 0.720000
v -0.940000 -1.350000 0.657547
f 594 595 596
v -0.991368 -1.350000 0.720000
f 597 595 594
v -1.016799 -1.350000 0.763201
v -1.003642 -1.323642 0.776358
v -1.008386 -1.350000 0.750000
f 598 599 600
v -0.995339 -1.350000 0.726999
v -0.940000 -1.260000 0.747998
f 601 602 595
f 601 595 597
f 600 599 602
f 600 602 601
v -0.976342 -1.260000 0.803658
f 603 602 599
v -0.992163 -1.260000 0.840000
f 604 603 599
v -1.052839 -1.350000 0.840000
v -1.043041 -1.350000 0.820158
f 605 604 606
f 606 604 599
v -1.030000 -1.350000 0.793750
f 606 599 607
f 607 599 598
v -1.055108 -1.350000 0.844892
v -1.013655 -1.260000 0.886345
f 608 609 604
f 608 604 605
v -1.030618 -1.260000 0.960000
f 408 405 610
v -1.056898 -1.350000 0.852668
f 408 610 611
f 611 610 609
f 611 609 608
f 404 610 405
v -1.035116 -1.260000 0.984884
f 612 610 404
v -1.040358 -1.260000 1.080000
f 412 613 404
f 613 612 404
f 411 613 412
v -1.036736 -1.260000 1.103264
f 614 613 411
v -1.021254 -1.260000 1.200000
f 417 615 411
f 615 614 411
v -1.058353 -1.350000 1.159485
f 416 616 417
v -1.048285 -1.350000 1.200000
f 616 617 615
f 616 615 417
v -1.039868 -1.350000 1.217136
v -0.983851 -1.260000 1.276149
f 618 619 615
f 618 615 617
v -1.036977 -1.350000 1.223023
f 620 619 618
v -1.033965 -1.350000 1.230000
v -0.964921 -1.260000 1.320000
f 621 622 619
f 621 619 620
v -1.030000 -1.350000 1.238464
v -0.975537 -1.295537 1.320000
f 623 624 622
f 623 622 621
v -0.984600 -1.350000 1.320000
v -1.024776 -1.350000 1.247846
f 625 624 626
f 626 624 623
v -0.940000 -1.350000 1.368199
v -0.940000 -1.335578 1.364422
v -0.956101 -1.350000 1.350000
f 627 628 629
v -0.940000 -1.260000 1.351184
f 629 628 630
v -0.977194 -1.350000 1.327796
f 629 630 631
f 631 630 624
f 631 624 625
f 630 622 624
v -0.940000 -1.193255 -0.840000
f 632 567 568
f 569 632 568
v -0.970875 -1.170875 -0.750875
f 633 569 573
v -0.940000 -1.140000 -0.781113
f 634 632 569
f 633 634 569
v -0.957036 -1.140000 -0.737036
f 635 634 633
v -0.959537 -1.140000 -0.720000
f 636 635 633
v -0.971212 -1.171212 -0.720000
f 637 636 633
f 576 637 573
f 637 633 573
v -0.975205 -1.175205 -0.635205
f 638 576 583
f 638 637 576
v -0.962414 -1.140000 -0.622414
f 639 636 637
f 638 639 637
v -0.961763 -1.140000 -0.600000
f 640 639 638
v -0.969538 -1.169538 -0.600000
f 641 640 638
f 584 641 583
f 641 638 583
v -0.940000 -1.187254 -0.527254
f 592 642 584
v -0.940000 -1.140000 -0.528288
f 642 643 584
f 643 641 584
f 643 640 641
v -0.940000 -1.176283 0.840000
f 644 602 603
f 604 644 603
v -1.008922 -1.208922 0.891078
f 645 604 609
v -0.940000 -1.140000 0.863768
f 646 644 604
f 645 646 604
v -0.982261 -1.140000 0.917739
f 647 646 645
v -0.997448 -1.140000 0.960000
f 648 647 645
v -1.026837 -1.226837 0.960000
f 649 648 645
f 610 649 609
f 649 645 609
v -1.038407 -1.238407 0.981593
f 650 610 612
f 650 649 610
v -1.013817 -1.140000 1.006183
f 651 648 649
f 650 651 649
v -1.026376 -1.140000 1.080000
f 652 651 650
v -1.043079 -1.243079 1.080000
f 653 652 650
f 613 653 612
f 653 650 612
v -1.041680 -1.241680 1.098320
f 654 613 614
f 654 653 613
v -1.024077 -1.140000 1.115923
f 655 652 653
f 654 655 653
v -1.019179 -1.140000 1.200000
f 656 655 654
v -1.028414 -1.228414 1.200000
f 657 656 654
f 615 657 614
f 657 654 614
v -1.001221 -1.201221 1.258779
f 658 615 619
f 658 657 615
v -0.990303 -1.140000 1.269697
f 659 656 657
f 658 659 657
v -0.973252 -1.140000 1.320000
f 660 659 658
v -0.978593 -1.178593 1.320000
f 661 660 658
f 622 661 619
f 661 658 619
v -0.940000 -1.229881 1.350119
f 630 662 622
v -0.940000 -1.140000 1.365285
f 662 663 622
f 663 661 622
f 663 660 661
v -0.940000 -1.091019 -0.791019
f 664 634 635
v -0.962531 -1.042531 -0.742531
f 665 664 635
v -0.940000 -1.020000 -0.791655
f 666 664 665
v -0.959052 -1.020000 -0.739052
f 667 666 665
v -0.963757 -1.020000 -0.720000
f 668 667 665
v -0.965638 -1.045638 -0.720000
f 669 668 665
f 636 669 635
f 669 665 635
v -0.968330 -1.048330 -0.628330
f 670 636 639
f 670 669 636
v -0.966307 -1.020000 -0.626307
f 671 668 669
f 670 671 669
v -0.966823 -1.020000 -0.600000
f 672 671 670
v -0.967556 -1.047556 -0.600000
f 673 672 670
f 640 673 639
f 673 670 639
v -0.940000 -1.051816 -0.511816
f 643 674 640
v -0.940000 -1.020000 -0.505373
f 674 675 640
f 675 673 640
f 675 672 673
v -0.940000 -1.120947 0.859053
f 676 646 647
v -0.989882 -1.069882 0.910118
f 677 676 647
v -0.940000 -1.020000 0.852474
f 678 676 677
v -0.984916 -1.020000 0.915084
f 679 678 677
v -1.006491 -1.020000 0.960000
f 680 679 677
v -1.005499 -1.085499 0.960000
f 681 680 677
f 648 681 647
f 681 677 647
v -1.018846 -1.098846 1.001154
f 682 648 651
f 682 681 648
v -1.019744 -1.020000 1.000256
f 683 680 681
f 682 683 681
v -1.037220 -1.020000 1.080000
f 684 683 682
v -1.030582 -1.110582 1.080000
f 685 684 682
f 652 685 651
f 685 682 651
v -1.028736 -1.108736 1.111264
f 686 652 655
f 686 685 652
v -1.035679 -1.020000 1.104321
f 687 684 685
f 686 687 685
v -1.031297 -1.020000 1.200000
f 688 687 686
v -1.024203 -1.104203 1.200000
f 689 688 686
f 656 689 655
f 689 686 655
v -1.002259 -1.082259 1.257741
f 690 656 659
f 690 689 656
v -1.011181 -1.020000 1.248819
f 691 688 689
f 690 691 689
v -0.986861 -1.020000 1.320000
f 692 691 690
v -0.983696 -1.063696 1.320000
f 693 692 690
f 660 693 659
f 693 690 659
v -0.940000 -1.086658 1.373342
f 663 694 660
v -0.940000 -1.020000 1.385342
f 694 695 660
f 695 693 660
f 695 692 693
v -0.940000 -0.961563 -0.781563
f 696 666 667
v -0.954193 -0.914193 -0.734193
f 697 696 667
v -0.940000 -0.900000 -0.771901
f 698 696 697
v -0.953728 -0.900000 -0.733728
f 699 698 697
v -0.957149 -0.900000 -0.720000
f 700 699 697
v -0.957912 -0.917912 -0.720000
f 701 700 697
f 668 701 667
f 701 697 667
v -0.960718 -0.920718 -0.620718
f 702 668 671
f 702 701 668
v -0.959859 -0.900000 -0.619859
f 703 700 701
f 702 703 701
v -0.960251 -0.900000 -0.600000
f 704 703 702
v -0.961149 -0.921149 -0.600000
f 705 704 702
f 672 705 671
f 705 702 671
v -0.940000 -0.940024 -0.520024
f 675 706 672
v -0.940000 -0.900000 -0.528288
f 706 707 672
f 707 705 672
f 707 704 705
v -0.940000 -1.006966 0.853034
f 708 678 679
v -0.983543 -0.943543 0.916457
f 709 708 679
v -0.940000 -0.900000 0.856868
f 710 708 709
v -0.983018 -0.900000 0.916982
f 711 710 709
v -1.003728 -0.900000 0.960000
f 712 711 709
v -1.005029 -0.965029 0.960000
f 713 712 709
f 680 713 679
f 713 709 679
v -1.018817 -0.978817 1.001183
f 714 680 683
f 714 713 680
v -1.017630 -0.900000 1.002370
f 715 712 713
f 714 715 713
v -1.034688 -0.900000 1.080000
f 716 715 714
v -1.036577 -0.996577 1.080000
f 717 716 714
f 684 717 683
f 717 714 683
v -1.034964 -0.994964 1.105036
f 718 684 687
f 718 717 684
v -1.032981 -0.900000 1.107019
f 719 716 717
f 718 719 717
v -1.028714 -0.900000 1.200000
f 720 719 718
v -1.030493 -0.990493 1.200000
f 721 720 718
f 688 721 687
f 721 718 687
v -1.009155 -0.969155 1.250845
f 722 688 691
f 722 721 688
v -1.006845 -0.900000 1.253155
f 723 720 721
f 722 723 721
v -0.983983 -0.900000 1.320000
f 724 723 722
v -0.984891 -0.944891 1.320000
f 725 724 722
f 692 725 691
f 725 722 691
v -0.940000 -0.956562 1.383438
f 695 726 692
v -0.940000 -0.900000 1.381356
f 726 727 692
f 727 725 692
f 727 724 725
v -0.940000 -0.797659 -0.720000
f 728 698 699
f 700 728 699
v -0.940118 -0.780118 -0.600118
f 729 700 703
v -0.940000 -0.780000 -0.603985
f 730 728 700
f 729 730 700
v -0.940103 -0.780000 -0.600103
f 731 730 729
v -0.940105 -0.780000 -0.600000
f 732 731 729
v -0.940121 -0.780121 -0.600000
f 733 732 729
f 704 733 703
f 733 729 703
v -0.940000 -0.853486 -0.553486
f 707 734 704
v -0.940000 -0.780000 -0.599623
f 734 735 704
f 735 733 704
f 735 732 733
v -0.940000 -0.876137 0.863863
f 736 710 711
v -0.972295 -0.812295 0.927705
f 737 736 711
v -0.940000 -0.780000 0.888603
f 738 736 737
v -0.969506 -0.780000 0.930494
f 739 738 737
v -0.983916 -0.780000 0.960000
f 740 739 737
v -0.991281 -0.831281 0.960000
f 741 740 737
f 712 741 711
f 741 737 711
v -1.010027 -0.850027 1.009973
f 742 712 715
f 742 741 712
v -1.002415 -0.780000 1.017585
f 743 740 741
f 742 743 741
v -1.016366 -0.780000 1.080000
f 744 743 742
v -1.028921 -0.868921 1.080000
f 745 744 742
f 716 745 715
f 745 742 715
v -1.026503 -0.866503 1.113497
f 746 716 719
f 746 745 716
v -1.013481 -0.780000 1.126519
f 747 744 745
f 746 747 745
v -1.010064 -0.780000 1.200000
f 748 747 746
v -1.021635 -0.861635 1.200000
f 749 748 746
f 720 749 719
f 749 746 719
v -0.986960 -0.826960 1.273040
f 750 720 723
f 750 749 720
v -0.975727 -0.780000 1.284273
f 751 748 749
f 750 751 749
v -0.963428 -0.780000 1.320000
f 752 751 750
v -0.967394 -0.807394 1.320000
f 753 752 750
f 724 753 723
f 753 750 723
v -0.940000 -0.849169 1.370831
f 727 754 724
v -0.940000 -0.780000 1.352773
f 754 755 724
f 755 753 724
f 755 752 753
v -0.940000 -0.779612 -0.600000
f 756 730 731
f 732 756 731
v -0.940000 -0.779801 -0.599801
f 735 757 732
f 757 756 732
v -0.940000 -0.676721 0.943279
f 758 738 739
v -0.944163 -0.664163 0.955837
f 759 758 739
v -0.940000 -0.660000 0.951467
f 760 758 759
v -0.943475 -0.660000 0.956525
f 761 760 759
v -0.945210 -0.660000 0.960000
f 762 761 759
v -0.947177 -0.667177 0.960000
f 763 762 759
f 740 763 739
f 763 759 739
v -0.981086 -0.701086 1.038914
f 764 740 743
f 764 763 740
v -0.972499 -0.660000 1.047501
f 765 762 763
f 764 765 763
v -0.979943 -0.660000 1.080000
f 766 765 764
v -0.994806 -0.714806 1.080000
f 767 766 764
f 744 767 743
f 767 764 743
v -0.988912 -0.708912 1.151088
f 768 744 747
f 768 767 744
v -0.974794 -0.660000 1.165206
f 769 766 767
f 768 769 767
v -0.973144 -0.660000 1.200000
f 770 769 768
v -0.985519 -0.705519 1.200000
f 771 770 768
f 748 771 747
f 771 768 747
v -0.940000 -0.707528 1.320000
v -0.940000 -0.679847 1.300153
f 772 773 751
f 773 748 751
v -0.940000 -0.660000 1.282478
f 773 774 748
f 774 771 748
f 774 770 771
f 752 772 751
v -0.940000 -0.756295 1.343705
f 755 775 752
f 775 772 752
v -0.940000 -0.648549 0.960000
f 776 760 761
f 762 776 761
v -0.940000 -0.574268 1.080000
v -0.940000 -0.631905 0.988095
f 777 778 765
f 778 762 765
f 778 776 762
f 766 777 765
v -0.940000 -0.588725 1.200000
v -0.940000 -0.583053 1.156947
f 779 780 769
f 780 766 769
f 780 777 766
f 770 779 769
v -0.940000 -0.619757 1.240243
f 774 781 770
f 781 779 770
v -0.940000 -0.318991 0.221009
v -0.940000 -0.330796 0.240000
v -0.946193 -0.306193 0.233807
f 782 783 784
v -0.940000 -0.300000 0.192060
f 785 782 784
v -0.947527 -0.300000 0.232473
f 786 785 784
v -0.948757 -0.300000 0.240000
f 787 786 784
v -0.946979 -0.306979 0.240000
f 788 787 784
f 783 788 784
v -0.940000 -0.354555 0.305445
v -0.940000 -0.373471 0.360000
v -0.955571 -0.315571 0.344429
f 789 790 791
f 783 789 788
f 789 791 788
v -0.959166 -0.300000 0.340834
f 792 787 788
f 791 792 788
v -0.960911 -0.300000 0.360000
f 793 792 791
v -0.956671 -0.316671 0.360000
f 794 793 791
f 790 794 791
v -0.940000 -0.376607 0.403393
v -0.940000 -0.381944 0.480000
v -0.958338 -0.318338 0.461662
f 795 796 797
f 790 795 794
f 795 797 794
v -0.962909 -0.300000 0.457091
f 798 793 794
f 797 798 794
v -0.963327 -0.300000 0.480000
f 799 798 797
v -0.958598 -0.318598 0.480000
f 800 799 797
f 796 800 797
v -0.940000 -0.371473 0.528527
v -0.940000 -0.356462 0.600000
v -0.953377 -0.313377 0.586623
f 801 802 803
f 796 801 800
f 801 803 800
v -0.957001 -0.300000 0.582999
f 804 799 800
f 803 804 800
v -0.956064 -0.300000 0.600000
f 805 804 803
v -0.952805 -0.312805 0.600000
f 806 805 803
f 802 806 803
v -0.940000 -0.300000 0.712723
f 802 807 806
f 807 805 806
v -0.940000 -0.186184 0.113816
v -0.940000 -0.198453 0.120000
v -0.941783 -0.181783 0.118217
f 808 809 810
v -0.940000 -0.180000 0.110835
f 811 808 810
v -0.941947 -0.180000 0.118053
f 812 811 810
v -0.942406 -0.180000 0.120000
f 813 812 810
v -0.942154 -0.182154 0.120000
f 814 813 810
f 809 814 810
v -0.940000 -0.258236 0.161764
f 815 785 786
v -0.959027 -0.199027 0.220973
f 816 815 786
f 809 815 814
f 815 816 814
v -0.960899 -0.180000 0.219101
f 817 813 814
f 816 817 814
v -0.964309 -0.180000 0.240000
f 818 817 816
v -0.961773 -0.201773 0.240000
f 819 818 816
f 787 819 786
f 819 816 786
v -0.970102 -0.210102 0.329898
f 820 787 792
f 820 819 787
v -0.973278 -0.180000 0.326722
f 821 818 819
f 820 821 819
v -0.976303 -0.180000 0.360000
f 822 821 820
v -0.972521 -0.212521 0.360000
f 823 822 820
f 793 823 792
f 823 820 792
v -0.974107 -0.214107 0.445893
f 824 793 798
f 824 823 793
v -0.977993 -0.180000 0.442007
f 825 822 823
f 824 825 823
v -0.978686 -0.180000 0.480000
f 826 825 824
v -0.974657 -0.214657 0.480000
f 827 826 824
f 799 827 798
f 827 824 798
v -0.969679 -0.209679 0.570321
f 828 799 804
f 828 827 799
v -0.973355 -0.180000 0.566645
f 829 826 827
f 828 829 827
v -0.971520 -0.180000 0.600000
f 830 829 828
v -0.968235 -0.208235 0.600000
f 831 830 828
f 805 831 804
f 831 828 804
v -0.940000 -0.292044 0.720000
f 807 832 805
v -0.954783 -0.194783 0.705217
f 832 833 805
f 833 831 805
v -0.956790 -0.180000 0.703210
f 834 830 831
f 833 834 831
v -0.954623 -0.180000 0.720000
f 835 834 833
v -0.953096 -0.193096 0.720000
f 836 835 833
f 832 836 833
v -0.940000 -0.180000 0.785620
f 832 837 836
f 837 835 836
v -0.940000 -0.088302 0.120000
f 838 811 812
f 813 838 812
v -0.958606 -0.078606 0.221394
f 839 813 817
v -0.940000 -0.060000 0.123991
f 840 838 813
f 839 840 813
v -0.958238 -0.060000 0.221762
f 841 840 839
v -0.961214 -0.060000 0.240000
f 842 841 839
v -0.961724 -0.081724 0.240000
f 843 842 839
f 818 843 817
f 843 839 817
v -0.971133 -0.091133 0.328867
f 844 818 821
f 844 843 818
v -0.970471 -0.060000 0.329529
f 845 842 843
f 844 845 843
v -0.973241 -0.060000 0.360000
f 846 845 844
v -0.974039 -0.094039 0.360000
f 847 846 844
f 822 847 821
f 847 844 821
v -0.975816 -0.095816 0.444184
f 848 822 825
f 848 847 822
v -0.974993 -0.060000 0.445007
f 849 846 847
f 848 849 847
v -0.975631 -0.060000 0.480000
f 850 849 848
v -0.976487 -0.096487 0.480000
f 851 850 848
f 826 851 825
f 851 848 825
v -0.970873 -0.090873 0.569127
f 852 826 829
f 852 851 826
v -0.970102 -0.060000 0.569898
f 853 850 851
f 852 853 851
v -0.968446 -0.060000 0.600000
f 854 853 852
v -0.969129 -0.089129 0.600000
f 855 854 852
f 830 855 829
f 855 852 829
v -0.953580 -0.073580 0.706420
f 856 830 834
f 856 855 830
v -0.953209 -0.060000 0.706791
f 857 854 855
f 856 857 855
v -0.951503 -0.060000 0.720000
f 858 857 856
v -0.951780 -0.071780 0.720000
f 859 858 856
f 835 859 834
f 859 856 834
v -0.940000 -0.121137 0.778863
f 837 860 835
v -0.940000 -0.060000 0.771635
f 860 861 835
f 861 859 835
f 861 858 859
v -0.940000 0.056401 0.240000
f 862 840 841
f 842 862 841
v -0.952490 0.047510 0.347510
f 863 842 845
v -0.940000 0.060000 0.246488
f 864 862 842
f 863 864 842
v -0.950611 0.060000 0.349389
f 865 864 863
v -0.951578 0.060000 0.360000
f 866 865 863
v -0.953878 0.046122 0.360000
f 867 866 863
f 846 867 845
f 867 863 845
v -0.956430 0.043570 0.463570
f 868 846 849
f 868 867 846
v -0.953761 0.060000 0.466239
f 869 866 867
f 868 869 867
v -0.954013 0.060000 0.480000
f 870 869 868
v -0.956797 0.043203 0.480000
f 871 870 868
f 850 871 849
f 871 868 849
v -0.948603 0.051397 0.591397
f 872 850 853
f 872 871 850
v -0.947084 0.060000 0.592916
f 873 870 871
f 872 873 871
v -0.946693 0.060000 0.600000
f 874 873 872
v -0.948024 0.051976 0.600000
f 875 874 872
f 854 875 853
f 875 872 853
v -0.940000 0.003171 0.720000
v -0.940000 0.028358 0.688358
f 876 877 857
f 877 854 857
v -0.940000 0.060000 0.647008
f 877 878 854
f 878 875 854
f 878 874 875
f 858 876 857
v -0.940000 -0.031257 0.748743
f 861 879 858
f 879 876 858
v -0.940000 0.172434 -1.207566
v -0.940000 0.169545 -1.200000
v -0.943643 0.176357 -1.203643
f 880 881 882
v -0.940000 0.180000 -1.225781
f 883 880 882
v -0.945291 0.180000 -1.205291
f 884 883 882
v -0.946611 0.180000 -1.200000
f 885 884 882
v -0.944352 0.175648 -1.200000
f 886 885 882
f 881 886 882
v -0.940000 0.159313 -1.100687
v -0.940000 0.157192 -1.080000
v -0.949108 0.170892 -1.089108
f 887 888 889
f 881 887 886
f 887 889 886
v -0.953546 0.180000 -1.093546
f 890 885 886
f 889 890 886
v -0.956258 0.180000 -1.080000
f 891 890 889
v -0.950617 0.169383 -1.080000
f 892 891 889
f 888 892 889
v -0.940000 0.180000 -0.968902
f 888 893 892
f 893 891 892
v -0.940000 0.094549 0.360000
f 894 864 865
f 866 894 865
v -0.940000 0.101807 0.480000
v -0.940000 0.096712 0.396712
f 895 896 869
f 896 866 869
f 896 894 866
f 870 895 869
v -0.940000 0.079980 0.600000
v -0.940000 0.095551 0.515551
f 897 898 873
f 898 870 873
f 898 895 870
f 874 897 873
v -0.940000 0.074181 0.614181
f 878 899 874
f 899 897 874
v -0.940000 0.263264 -1.356736
v -0.940000 0.230171 -1.320000
v -0.957971 0.282029 -1.337971
f 900 901 902
v -0.940000 0.300000 -1.393992
f 903 900 902
v -0.963192 0.300000 -1.343192
f 904 903 902
v -0.972402 0.300000 -1.320000
f 905 904 902
v -0.962804 0.277196 -1.320000
f 906 905 902
f 901 906 902
v -0.940000 0.212166 -1.287834
f 907 883 884
v -0.977825 0.262175 -1.237825
f 908 907 884
f 901 907 906
f 907 908 906
v -0.990463 0.300000 -1.250463
f 909 905 906
f 908 909 906
v -1.002069 0.300000 -1.200000
f 910 909 908
v -0.984138 0.255862 -1.200000
f 911 910 908
f 885 911 884
f 911 908 884
v -0.987467 0.252533 -1.127467
f 912 885 890
f 912 911 885
v -1.005582 0.300000 -1.145582
f 913 910 911
f 912 913 911
v -1.015673 0.300000 -1.080000
f 914 913 912
v -0.993552 0.246448 -1.080000
f 915 914 912
f 891 915 890
f 915 912 890
v -0.940000 0.182353 -0.960000
f 893 916 891
v -0.986279 0.253721 -1.006279
f 916 917 891
f 917 915 891
v -1.008492 0.300000 -1.028492
f 918 914 915
f 917 918 915
v -1.003472 0.300000 -0.960000
f 919 918 917
v -0.984324 0.255676 -0.960000
f 920 919 917
f 916 920 917
v -0.940000 0.187324 -0.952676
v -0.940000 0.262583 -0.840000
v -0.958326 0.281674 -0.858326
f 921 922 923
f 916 921 920
f 921 923 920
v -0.970816 0.300000 -0.870816
f 924 919 920
f 923 924 920
v -0.958695 0.300000 -0.840000
f 925 924 923
v -0.953309 0.286691 -0.840000
f 926 925 923
f 922 926 923
v -0.940000 0.300000 -0.805199
f 922 927 926
f 927 925 926
v -0.940000 0.402400 -1.457600
v -0.940000 0.367502 -1.440000
v -0.948783 0.411217 -1.448783
f 928 929 930
v -0.940000 0.420000 -1.465641
f 931 928 930
v -0.950155 0.420000 -1.450155
f 932 931 930
v -0.955881 0.420000 -1.440000
f 933 932 930
v -0.952459 0.407541 -1.440000
f 934 933 930
f 929 934 930
v -0.940000 0.326832 -1.413168
f 935 903 904
v -0.980909 0.379091 -1.360909
f 936 935 904
f 929 935 934
f 935 936 934
v -0.988614 0.420000 -1.368614
f 937 933 934
f 936 937 934
v -1.007840 0.420000 -1.320000
f 938 937 936
v -0.993283 0.366717 -1.320000
f 939 938 936
f 905 939 904
f 939 936 904
v -1.004629 0.355371 -1.264629
f 940 905 909
f 940 939 905
v -1.018633 0.420000 -1.278633
f 941 938 939
f 940 941 939
v -1.036520 0.420000 -1.200000
f 942 941 940
v -1.015935 0.344065 -1.200000
f 943 942 940
f 910 943 909
f 943 940 909
v -1.018070 0.341930 -1.158070
f 944 910 913
f 944 943 910
v -1.037947 0.420000 -1.177947
f 945 942 943
f 944 945 943
v -1.052918 0.420000 -1.080000
f 946 945 944
v -1.027011 0.332989 -1.080000
f 947 946 944
f 914 947 913
f 947 944 913
v -1.023034 0.336966 -1.043034
f 948 914 918
f 948 947 914
v -1.051769 0.420000 -1.071769
f 949 946 947
f 948 949 947
v -1.043854 0.420000 -0.960000
f 950 949 948
v -1.018574 0.341426 -0.960000
f 951 950 948
f 919 951 918
f 951 948 918
v -1.002644 0.357356 -0.902644
f 952 919 924
f 952 951 919
v -1.034488 0.420000 -0.934488
f 953 950 951
f 952 953 951
v -0.996790 0.420000 -0.840000
f 954 953 952
v -0.984209 0.375791 -0.840000
f 955 954 952
f 925 955 924
f 955 952 924
v -0.940000 0.385848 -0.754152
f 927 956 925
v -0.940000 0.420000 -0.733415
f 956 957 925
f 957 955 925
f 957 954 955
v -0.940000 0.496891 -1.483109
f 958 931 932
v -0.959222 0.520778 -1.459222
f 959 958 932
v -0.940000 0.540000 -1.492174
f 960 958 959
v -0.960687 0.540000 -1.460687
f 961 960 959
v -0.972331 0.540000 -1.440000
f 962 961 959
v -0.968725 0.511275 -1.440000
f 963 962 959
f 933 963 932
f 963 959 932
v -0.995186 0.484814 -1.375186
f 964 933 937
f 964 963 933
v -0.999933 0.540000 -1.379933
f 965 962 963
f 964 965 963
v -1.023588 0.540000 -1.320000
f 966 965 964
v -1.014306 0.465694 -1.320000
f 967 966 964
f 938 967 937
f 967 964 937
v -1.022924 0.457076 -1.282924
f 968 938 941
f 968 967 938
v -1.031135 0.540000 -1.291135
f 969 966 967
f 968 969 967
v -1.052191 0.540000 -1.200000
f 970 969 968
v -1.039441 0.440559 -1.200000
f 971 970 968
f 942 971 941
f 971 968 941
v -1.040562 0.439438 -1.180562
f 972 942 945
f 972 971 942
v -1.052668 0.540000 -1.192668
f 973 970 971
f 972 973 971
f 422 973 419
f 973 972 419
v -1.053869 0.426131 -1.080000
f 974 420 419
f 972 974 419
f 946 974 945
f 974 972 945
v -1.053009 0.426991 -1.073009
f 975 946 949
f 975 974 946
f 975 420 974
f 975 426 420
v -1.046138 0.433862 -0.960000
f 976 427 426
f 975 976 426
f 950 976 949
f 976 975 949
v -1.039603 0.440397 -0.939603
f 977 950 953
f 977 976 950
f 977 427 976
v -1.016024 0.540000 -0.840000
f 978 432 427
f 977 978 427
v -1.005070 0.474930 -0.840000
f 979 978 977
f 954 979 953
f 979 977 953
v -0.940000 0.470100 -0.720000
f 957 980 954
v -0.956352 0.523648 -0.736352
f 980 981 954
f 981 979 954
v -0.962459 0.540000 -0.742459
f 982 978 979
f 981 982 979
v -0.949714 0.540000 -0.720000
f 983 982 981
v -0.948610 0.531390 -0.720000
f 984 983 981
f 980 984 981
v -0.940000 0.540000 -0.705733
f 980 985 984
f 985 983 984
v -0.940000 0.611028 -1.488972
f 986 960 961
v -0.958880 0.641120 -1.458880
f 987 986 961
v -0.940000 0.660000 -1.486896
f 988 986 987
v -0.958590 0.660000 -1.458590
f 989 988 987
v -0.969058 0.660000 -1.440000
f 990 989 987
v -0.969812 0.630188 -1.440000
f 991 990 987
f 962 991 961
f 991 987 961
v -0.998700 0.601300 -1.378700
f 992 962 965
f 992 991 962
v -0.997682 0.660000 -1.377682
f 993 990 991
f 992 993 991
v -1.020457 0.660000 -1.320000
f 994 993 992
v -1.022536 0.577464 -1.320000
f 995 994 992
f 966 995 965
f 995 992 965
v -1.030457 0.569543 -1.290457
f 996 966 969
f 996 995 966
v -1.028650 0.660000 -1.288650
f 997 994 995
f 996 997 995
v -1.051972 0.660000 -1.200000
f 998 997 996
v -1.051964 0.548036 -1.200000
f 999 998 996
f 970 999 969
f 999 996 969
v -1.052470 0.547530 -1.192470
f 1000 970 973
f 1000 999 970
v -1.052477 0.660000 -1.192477
f 1001 998 999
f 1000 1001 999
f 435 1001 433
f 1001 1000 433
f 1000 422 433
f 1000 973 422
v -1.019957 0.660000 -0.840000
f 1002 444 443
v -1.014627 0.585373 -0.840000
f 432 1003 443
f 1003 1002 443
f 978 1003 432
v -0.955719 0.644281 -0.735719
f 1004 978 982
f 1004 1003 978
v -0.958563 0.660000 -0.738563
f 1005 1002 1003
f 1004 1005 1003
v -0.946489 0.660000 -0.720000
f 1006 1005 1004
v -0.946542 0.653458 -0.720000
f 1007 1006 1004
f 983 1007 982
f 1007 1004 982
v -0.940000 0.553739 -0.706261
f 985 1008 983
v -0.940000 0.660000 -0.710635
f 1008 1009 983
f 1009 1007 983
f 1009 1006 1007
v -0.940000 0.766366 -1.453634
f 1010 988 989
v -0.944240 0.775760 -1.444240
f 1011 1010 989
v -0.940000 0.780000 -1.449552
f 1012 1010 1011
v -0.943780 0.780000 -1.443780
f 1013 1012 1011
v -0.945915 0.780000 -1.440000
f 1014 1013 1011
v -0.947201 0.772799 -1.440000
f 1015 1014 1011
f 990 1015 989
f 1015 1011 989
v -0.987582 0.732418 -1.367582
f 1016 990 993
f 1016 1015 990
v -0.981750 0.780000 -1.361750
f 1017 1014 1015
f 1016 1017 1015
v -0.998281 0.780000 -1.320000
f 1018 1017 1016
v -1.010907 0.709093 -1.320000
f 1019 1018 1016
f 994 1019 993
f 1019 1016 993
v -1.022723 0.697277 -1.282723
f 1020 994 997
f 1020 1019 994
v -1.011038 0.780000 -1.271038
f 1021 1018 1019
f 1020 1021 1019
v -1.039182 0.780000 -1.200000
f 1022 1021 1020
v -1.049954 0.670046 -1.200000
f 1023 1022 1020
f 998 1023 997
f 1023 1020 997
v -1.051323 0.668677 -1.191323
f 1024 998 1001
f 1024 1023 998
v -1.041776 0.780000 -1.181776
f 1025 1022 1023
f 1024 1025 1023
f 447 1025 445
f 1025 1024 445
f 1024 435 445
f 1024 1001 435
v -1.010092 0.780000 -0.840000
f 1026 453 452
v -1.009113 0.710887 -0.840000
f 444 1027 452
f 1027 1026 452
f 1002 1027 444
v -0.940000 0.692873 -0.720000
v -0.940000 0.756547 -0.743453
f 1028 1029 1005
f 1029 1002 1005
v -0.940000 0.780000 -0.751579
f 1029 1030 1002
f 1030 1027 1002
f 1030 1026 1027
f 1006 1028 1005
v -0.940000 0.667394 -0.712606
f 1009 1031 1006
f 1031 1028 1006
v -0.940000 0.796598 -1.440000
f 1032 1012 1013
f 1014 1032 1013
v -0.954824 0.885176 -1.334824
f 1033 1014 1017
v -0.940000 0.900000 -1.356457
f 1034 1032 1014
f 1033 1034 1014
v -0.951413 0.900000 -1.331413
f 1035 1034 1033
v -0.956254 0.900000 -1.320000
f 1036 1035 1033
v -0.963958 0.876042 -1.320000
f 1037 1036 1033
f 1018 1037 1017
f 1037 1033 1017
v -0.992026 0.847974 -1.252026
f 1038 1018 1021
f 1038 1037 1018
v -0.978958 0.900000 -1.238958
f 1039 1036 1037
f 1038 1039 1037
v -1.012114 0.900000 -1.200000
f 1040 1039 1038
v -1.025843 0.814157 -1.200000
f 1041 1040 1038
f 1022 1041 1021
f 1041 1038 1021
v -1.039159 0.800841 -1.179159
f 1042 1022 1025
f 1042 1041 1022
v -1.028840 0.900000 -1.168840
f 1043 1040 1041
f 1042 1043 1041
f 457 1043 455
f 1043 1042 455
f 1042 447 455
f 1042 1025 447
v -0.987322 0.900000 -0.840000
f 1044 461 459
v -0.984407 0.855593 -0.840000
f 453 1045 459
f 1045 1044 459
f 1026 1045 453
v -0.940000 0.833649 -0.786351
f 1030 1046 1026
v -0.940000 0.900000 -0.809672
f 1046 1047 1026
f 1047 1045 1026
f 1047 1044 1045
v -0.940000 0.930867 -1.320000
f 1048 1034 1035
f 1036 1048 1035
v -0.947519 1.012481 -1.207519
f 1049 1036 1039
v -0.940000 1.020000 -1.215447
f 1050 1048 1036
f 1049 1050 1036
v -0.945526 1.020000 -1.205526
f 1051 1050 1049
v -0.958595 1.020000 -1.200000
f 1052 1051 1049
v -0.960778 0.999222 -1.200000
f 1053 1052 1049
f 1040 1053 1039
f 1053 1049 1039
v -1.029253 0.930747 -1.169253
f 1054 1040 1043
f 1054 1053 1040
v -1.026122 1.020000 -1.166122
f 1055 1052 1053
f 1054 1055 1053
f 465 1055 463
f 1055 1054 463
f 1054 457 463
f 1054 1043 457
v -0.940000 1.019096 -0.840000
v -0.940000 1.019809 -0.840191
v -0.940246 1.019754 -0.840246
f 1056 1057 1058
v -0.940000 1.020000 -0.840166
f 1057 1059 1058
v -0.940169 1.020000 -0.840169
f 1059 1060 1058
f 1058 1060 467
f 1060 469 467
f 461 1058 467
f 1056 1058 461
f 1044 1056 461
v -0.940000 0.919141 -0.820859
f 1047 1061 1044
f 1061 1056 1044
v -0.940000 1.052410 -1.200000
f 1062 1050 1051
f 1052 1062 1051
v -1.031279 1.048721 -1.171279
f 1063 1052 1055
v -0.940000 1.140000 -1.183812
f 1064 1062 1052
f 1063 1064 1052
v -1.037746 1.140000 -1.177746
f 1065 1064 1063
f 473 1065 471
f 1065 1063 471
f 1063 465 471
f 1063 1055 465
v -0.940000 1.138964 -0.841036
v -0.941055 1.138945 -0.841055
f 1066 1067 1060
f 1059 1066 1060
v -0.940000 1.140000 -0.840815
f 1066 1068 1067
v -0.940819 1.140000 -0.840819
f 1068 1069 1067
f 1067 1069 475
f 1069 477 475
f 469 1067 475
f 1060 1067 469
v -0.940000 1.154228 -1.185772
f 1070 1064 1065
v -1.040301 1.159699 -1.180301
f 1071 1070 1065
v -0.940000 1.260000 -1.185781
f 1072 1070 1071
v -1.046096 1.260000 -1.186096
f 1073 1072 1071
f 481 1073 479
f 1073 1071 479
f 1071 473 479
f 1071 1065 473
v -0.940000 1.152324 -0.840000
f 1068 1074 1069
v -1.044508 1.155492 -0.840000
f 1075 483 477
f 1069 1074 477
f 1074 1075 477
v -0.940000 1.260000 -0.833872
f 1074 1076 1075
v -1.053509 1.260000 -0.833509
f 1076 1077 1075
f 1077 483 1075
f 1077 485 483
v -0.940000 1.273543 -1.186457
f 1078 1072 1073
v -1.046759 1.273241 -1.186759
f 1079 1078 1073
v -0.940000 1.380000 -1.188504
f 1080 1078 1079
v -1.049321 1.380000 -1.189321
f 1081 1080 1079
f 489 1081 487
f 1081 1079 487
f 1079 481 487
f 1079 1073 481
v -0.940000 1.266195 -0.833805
v -1.053438 1.266562 -0.833438
f 1082 1083 1077
f 1076 1082 1077
v -0.940000 1.380000 -0.831399
f 1082 1084 1083
v -1.050489 1.380000 -0.830489
f 1084 1085 1083
f 1083 1085 491
f 1085 493 491
f 485 1083 491
f 1077 1083 485
v -0.940000 1.391925 -1.188075
f 1086 1080 1081
v -1.048919 1.391081 -1.188919
f 1087 1086 1081
v -0.940000 1.500000 -1.186511
f 1088 1086 1087
v -1.047828 1.500000 -1.187828
f 1089 1088 1087
f 497 1089 495
f 1089 1087 495
f 1087 489 495
f 1087 1081 489
v -0.940000 1.388522 -0.831478
v -1.050575 1.389425 -0.830575
f 1090 1091 1085
f 1084 1090 1085
v -0.940000 1.500000 -0.833225
f 1090 1092 1091
v -1.051747 1.500000 -0.831747
f 1092 1093 1091
f 1091 1093 499
f 1093 501 499
f 493 1091 499
f 1085 1091 493
v -0.940000 1.515175 -1.184825
f 1094 1088 1089
v -1.046285 1.513715 -1.186285
f 1095 1094 1089
v -0.940000 1.620000 -1.179483
f 1096 1094 1095
v -1.041254 1.620000 -1.181254
f 1097 1096 1095
f 505 1097 503
f 1097 1095 503
f 1095 497 503
f 1095 1089 497
v -0.940000 1.506572 -0.833428
v -1.051991 1.508009 -0.831991
f 1098 1099 1093
f 1092 1098 1093
v -0.940000 1.620000 -0.839389
f 1098 1100 1099
v -1.057277 1.620000 -0.837277
f 1100 1101 1099
f 1099 1101 508
f 1101 510 508
f 501 1099 508
f 1093 1099 501
v -0.940000 1.644730 -1.175270
f 1102 1096 1097
v -1.037323 1.642677 -1.177323
f 1103 1102 1097
v -0.940000 1.740000 -1.166544
f 1104 1102 1103
v -1.028616 1.740000 -1.168616
f 1105 1104 1103
f 513 1105 511
f 1105 1103 511
f 1103 505 511
f 1103 1097 505
v -0.940000 1.627145 -0.840000
v -0.940000 1.730093 -0.849907
v -0.949482 1.730518 -0.849482
f 1106 1107 1108
v -0.940000 1.740000 -0.852182
f 1107 1109 1108
v -0.951552 1.740000 -0.851552
f 1109 1110 1108
f 1108 1110 516
f 1110 518 516
v -1.033236 1.646764 -0.840000
f 1111 1108 516
f 515 1111 516
f 1111 1106 1108
v -0.940000 1.620581 -0.839419
v -1.057411 1.622589 -0.837411
f 1112 1113 1101
f 1100 1112 1101
f 1113 1112 1111
f 1112 1106 1111
f 515 1113 1111
f 520 1113 515
f 510 1113 520
f 1101 1113 510
v -0.940000 1.782860 -1.157140
f 1114 1104 1105
v -1.019522 1.780478 -1.159522
f 1115 1114 1105
v -0.940000 1.860000 -1.146642
f 1116 1114 1115
v -1.008683 1.860000 -1.148683
f 1117 1116 1115
f 523 1117 521
f 1117 1115 521
f 1115 513 521
f 1115 1105 513
v -0.940000 1.834290 -0.865710
v -0.964540 1.835460 -0.864540
f 1118 1119 1110
f 1109 1118 1110
v -0.940000 1.860000 -0.873190
f 1118 1120 1119
v -0.971317 1.860000 -0.871317
f 1120 1121 1119
f 1119 1121 525
f 1121 527 525
f 518 1119 525
f 1110 1119 518
v -0.940000 1.932493 -1.127507
f 1122 1116 1117
v -0.989506 1.930494 -1.129506
f 1123 1122 1117
v -0.940000 1.980000 -1.118788
f 1124 1122 1123
v -0.980253 1.980000 -1.120253
f 1125 1124 1123
f 531 1125 529
f 1125 1123 529
f 1123 523 529
f 1123 1117 523
v -0.940000 1.932656 -0.887344
v -0.985088 1.934912 -0.885088
f 1126 1127 1121
f 1120 1126 1121
v -0.940000 1.980000 -0.903729
f 1126 1128 1127
v -0.999815 1.980000 -0.899815
f 1128 1129 1127
f 1127 1129 533
f 1129 535 533
f 527 1127 533
f 1121 1127 527
v -0.940000 2.097190 -1.082810
f 1130 1124 1125
v -0.942966 2.097034 -1.082966
f 1131 1130 1125
v -0.940000 2.100000 -1.082156
f 1132 1130 1131
v -0.942253 2.100000 -1.082253
f 1133 1132 1131
f 539 1133 537
f 1133 1131 537
f 1131 531 537
f 1131 1125 531
v -0.940000 2.025053 -0.914947
v -1.011217 2.028783 -0.911217
f 1134 1135 1129
f 1128 1134 1129
v -0.940000 2.100000 -0.944872
f 1134 1136 1135
v -1.037878 2.100000 -0.937878
f 1136 1137 1135
f 1135 1137 541
f 1137 543 541
f 535 1135 541
f 1129 1135 535
v -0.940000 2.106162 -1.080000
f 1138 1132 1133
v -1.036899 2.123101 -1.080000
f 545 1139 539
f 1139 1138 539
f 1138 1133 539
v -0.940000 2.137232 -0.960000
v -0.940000 2.108055 -1.071945
v -1.031122 2.128878 -1.051122
f 1140 1141 1142
f 1142 1141 1139
f 1141 1138 1139
f 545 1142 1139
f 548 1142 545
v -1.010389 2.149611 -0.960000
f 1143 1142 548
f 547 1143 548
f 1143 1140 1142
v -0.940000 2.111591 -0.948409
v -1.042781 2.117219 -0.942781
f 1144 1145 1137
f 1136 1144 1137
f 1145 1144 1143
f 1144 1140 1143
f 547 1145 1143
f 551 1145 547
f 543 1145 551
f 1137 1145 543
v -0.881588 -1.350000 -1.141588
v -0.849096 -1.289096 -1.109096
v -0.842423 -1.350000 -1.170000
f 1146 1147 1148
v -0.834352 -1.350000 -1.177051
v -0.820000 -1.260000 -1.108205
v -0.820000 -1.350000 -1.189590
f 1149 1150 1151
f 1148 1147 1150
f 1148 1150 1149
v -0.835983 -1.260000 -1.095983
f 1152 1150 1147
v -0.851801 -1.260000 -1.080000
f 1153 1152 1147
f 555 554 1153
v -0.917950 -1.350000 -1.104282
f 555 1153 1154
f 1154 1153 1147
v -0.910000 -1.350000 -1.111293
f 1154 1147 1155
f 1155 1147 1146
v -0.893322 -1.260000 -1.033322
f 1156 1153 554
v -0.938606 -1.260000 -0.960000
f 559 1157 554
f 1157 1156 554
f 558 1157 559
v -0.939168 -1.260000 -0.959168
f 1158 1157 558
f 567 1158 558
v -0.919910 -1.260000 -0.480000
f 1159 592 589
v -0.937847 -1.350000 -0.480000
f 588 1160 1159
f 588 1159 589
v -0.848911 -1.350000 -0.391183
v -0.820000 -1.268446 -0.368446
v -0.898893 -1.338893 -0.438893
f 1161 1162 1163
v -0.888261 -1.350000 -0.428261
f 1161 1163 1164
v -0.820000 -1.350000 -0.363940
f 1165 1162 1161
v -0.820000 -1.260000 -0.368215
f 1162 1166 1163
v -0.919732 -1.350000 -0.459732
f 1167 1163 1166
v -0.927140 -1.350000 -0.468020
f 1167 1166 1168
f 1168 1166 1159
f 1168 1159 1160
v -0.911305 -1.350000 -0.450000
f 1169 1163 1167
v -0.910000 -1.350000 -0.448496
f 1170 1163 1169
f 1164 1163 1170
v -0.839752 -1.350000 0.580248
v -0.820000 -1.306798 0.600000
v -0.820000 -1.350000 0.570211
f 1171 1172 1173
v -0.868101 -1.350000 0.600000
f 1174 1172 1171
v -0.908232 -1.350000 0.631768
v -0.906072 -1.346072 0.633928
v -0.905543 -1.350000 0.630000
f 1175 1176 1177
v -0.881127 -1.350000 0.610437
v -0.820000 -1.260000 0.641748
f 1178 1179 1172
f 1178 1172 1174
f 1177 1176 1179
f 1177 1179 1178
v -0.866125 -1.260000 0.673875
f 1180 1179 1176
v -0.915904 -1.260000 0.720000
f 1181 1180 1176
f 596 595 1181
v -0.933976 -1.350000 0.652719
f 596 1181 1182
f 1182 1181 1176
v -0.910000 -1.350000 0.633507
f 1182 1176 1183
f 1183 1176 1175
v -0.928679 -1.260000 0.731321
f 1184 1181 595
f 602 1184 595
v -0.837020 -1.260000 1.440000
f 1185 630 628
v -0.910000 -1.350000 1.395982
v -0.843731 -1.283731 1.440000
f 627 1186 1187
f 627 1187 628
f 1187 1185 628
v -0.851718 -1.350000 1.440000
f 1188 1187 1186
v -0.820000 -1.350000 1.456562
v -0.820000 -1.260000 1.450898
v -0.846500 -1.350000 1.442725
f 1189 1190 1191
f 1191 1190 1187
f 1191 1187 1188
f 1190 1185 1187
v -0.820000 -1.241386 -1.080000
f 1192 1150 1152
f 1153 1192 1152
v -0.820408 -1.140408 -0.960408
f 1193 1153 1156
v -0.820000 -1.140000 -0.960208
f 1194 1192 1153
f 1193 1194 1153
v -0.820124 -1.140000 -0.960124
f 1195 1194 1193
v -0.820216 -1.140000 -0.960000
f 1196 1195 1193
v -0.838708 -1.158708 -0.960000
f 1197 1196 1193
f 1157 1197 1156
f 1197 1193 1156
v -0.939039 -1.259039 -0.959039
f 1198 1157 1158
f 1198 1197 1157
v -0.885637 -1.140000 -0.905637
f 1199 1196 1197
f 1198 1199 1197
v -0.918446 -1.140000 -0.840000
f 1200 1199 1198
f 632 1200 567
f 1200 1198 567
f 1198 1158 567
v -0.926648 -1.140000 -0.826648
f 1201 1200 632
f 634 1201 632
v -0.923806 -1.140000 -0.480000
f 1202 643 642
v -0.924256 -1.244256 -0.480000
f 592 1203 642
f 1203 1202 642
f 1159 1203 592
v -0.820000 -1.208015 -0.360000
f 1166 1204 1159
v -0.858820 -1.178820 -0.398820
f 1204 1205 1159
f 1205 1203 1159
v -0.857972 -1.140000 -0.397972
f 1206 1202 1203
f 1205 1206 1203
v -0.829280 -1.140000 -0.360000
f 1207 1206 1205
v -0.830295 -1.150295 -0.360000
f 1208 1207 1205
f 1204 1208 1205
v -0.820000 -1.140000 -0.352050
f 1204 1209 1208
f 1209 1207 1208
v -0.820000 -1.193560 0.720000
f 1210 1179 1180
f 1181 1210 1180
v -0.924625 -1.244625 0.735375
f 1211 1181 1184
v -0.820000 -1.140000 0.758451
f 1212 1210 1181
f 1211 1212 1181
v -0.872550 -1.140000 0.787450
f 1213 1212 1211
v -0.919231 -1.140000 0.840000
f 1214 1213 1211
f 644 1214 602
f 1214 1211 602
f 1211 1184 602
v -0.930830 -1.140000 0.849170
f 1215 1214 644
f 646 1215 644
v -0.859787 -1.140000 1.440000
f 1216 663 662
v -0.861037 -1.181037 1.440000
f 630 1217 662
f 1217 1216 662
f 1185 1217 630
v -0.820000 -1.249929 1.450071
f 1190 1218 1185
v -0.820000 -1.140000 1.466838
f 1218 1219 1185
f 1219 1217 1185
f 1219 1216 1217
v -0.820000 -1.134779 -0.960000
f 1220 1194 1195
f 1196 1220 1195
v -0.888776 -1.088776 -0.908776
f 1221 1196 1199
v -0.820000 -1.020000 -0.956566
f 1222 1220 1196
f 1221 1222 1196
v -0.880351 -1.020000 -0.900351
f 1223 1222 1221
v -0.920621 -1.020000 -0.840000
f 1224 1223 1221
v -0.920261 -1.120261 -0.840000
f 1225 1224 1221
f 1200 1225 1199
f 1225 1221 1199
v -0.927551 -1.127551 -0.827551
f 1226 1200 1201
f 1226 1225 1200
v -0.927794 -1.020000 -0.827794
f 1227 1224 1225
f 1226 1227 1225
f 666 1227 664
f 1227 1226 664
f 1226 634 664
f 1226 1201 634
v -0.931535 -1.020000 -0.480000
f 1228 675 674
v -0.925111 -1.125111 -0.480000
f 643 1229 674
f 1229 1228 674
f 1202 1229 643
v -0.878611 -1.078611 -0.418611
f 1230 1202 1206
f 1230 1229 1202
v -0.896863 -1.020000 -0.436863
f 1231 1228 1229
f 1230 1231 1229
v -0.838720 -1.020000 -0.360000
f 1232 1231 1230
v -0.837686 -1.037686 -0.360000
f 1233 1232 1230
f 1207 1233 1206
f 1233 1230 1206
v -0.820000 -1.131604 -0.351604
f 1209 1234 1207
v -0.820000 -1.020000 -0.343882
f 1234 1235 1207
f 1235 1233 1207
f 1235 1232 1233
v -0.820000 -1.107297 0.752703
f 1236 1212 1213
v -0.879413 -1.079413 0.780587
f 1237 1236 1213
v -0.820000 -1.020000 0.759031
f 1238 1236 1237
v -0.871072 -1.020000 0.788928
f 1239 1238 1237
v -0.928873 -1.020000 0.840000
f 1240 1239 1237
v -0.922891 -1.122891 0.840000
f 1241 1240 1237
f 1214 1241 1213
f 1241 1237 1213
v -0.931916 -1.131916 0.848084
f 1242 1214 1215
f 1242 1241 1214
v -0.934899 -1.020000 0.845101
f 1243 1240 1241
f 1242 1243 1241
f 678 1243 676
f 1243 1242 676
f 1242 646 676
f 1242 1215 646
v -0.881305 -1.020000 1.440000
f 1244 695 694
v -0.873001 -1.073001 1.440000
f 663 1245 694
f 1245 1244 694
f 1216 1245 663
v -0.820000 -1.110455 1.469545
f 1219 1246 1216
v -0.820000 -1.020000 1.481101
f 1246 1247 1216
f 1247 1245 1216
f 1247 1244 1245
v -0.820000 -1.016193 -0.956193
f 1248 1222 1223
v -0.877167 -0.957167 -0.897167
f 1249 1248 1223
v -0.820000 -0.900000 -0.947355
f 1250 1248 1249
v -0.875339 -0.900000 -0.895339
f 1251 1250 1249
v -0.912589 -0.900000 -0.840000
f 1252 1251 1249
v -0.918833 -0.998833 -0.840000
f 1253 1252 1249
f 1224 1253 1223
f 1253 1249 1223
v -0.926907 -1.006907 -0.826907
f 1254 1224 1227
f 1254 1253 1224
v -0.922626 -0.900000 -0.822626
f 1255 1252 1253
f 1254 1255 1253
f 698 1255 696
f 1255 1254 696
f 1254 666 696
f 1254 1227 666
v -0.923806 -0.900000 -0.480000
f 1256 707 706
v -0.930743 -1.010743 -0.480000
f 675 1257 706
f 1257 1256 706
f 1228 1257 675
v -0.875621 -0.955621 -0.415621
f 1258 1228 1231
f 1258 1257 1228
v -0.857972 -0.900000 -0.397972
f 1259 1256 1257
f 1258 1259 1257
v -0.829222 -0.900000 -0.360000
f 1260 1259 1258
v -0.829870 -0.909870 -0.360000
f 1261 1260 1258
f 1232 1261 1231
f 1261 1258 1231
v -0.820000 -1.004706 -0.344706
f 1235 1262 1232
v -0.820000 -0.900000 -0.352063
f 1262 1263 1232
f 1263 1261 1232
f 1263 1260 1261
v -0.820000 -0.979792 0.760208
f 1264 1238 1239
v -0.869775 -0.949775 0.790225
f 1265 1264 1239
v -0.820000 -0.900000 0.761986
f 1266 1264 1265
v -0.869132 -0.900000 0.790868
f 1267 1266 1265
v -0.924949 -0.900000 0.840000
f 1268 1267 1265
v -0.928416 -1.008416 0.840000
f 1269 1268 1265
f 1240 1269 1239
f 1269 1265 1239
v -0.934767 -1.014767 0.845233
f 1270 1240 1243
f 1270 1269 1240
v -0.933080 -0.900000 0.846920
f 1271 1268 1269
f 1270 1271 1269
f 710 1271 708
f 1271 1270 708
f 1270 678 708
f 1270 1243 678
v -0.877030 -0.900000 1.440000
f 1272 727 726
v -0.878942 -0.958942 1.440000
f 695 1273 726
f 1273 1272 726
f 1244 1273 695
v -0.820000 -0.979704 1.480296
f 1247 1274 1244
v -0.820000 -0.900000 1.478216
f 1274 1275 1244
f 1275 1273 1244
f 1275 1272 1273
v -0.820000 -0.882349 -0.942349
f 1276 1250 1251
v -0.864266 -0.824266 -0.884266
f 1277 1276 1251
v -0.820000 -0.780000 -0.918269
f 1278 1276 1277
v -0.859887 -0.780000 -0.879887
f 1279 1278 1277
v -0.887351 -0.780000 -0.840000
f 1280 1279 1277
v -0.903712 -0.863712 -0.840000
f 1281 1280 1277
f 1252 1281 1251
f 1281 1277 1251
v -0.918521 -0.878521 -0.818521
f 1282 1252 1255
f 1282 1281 1252
v -0.906136 -0.780000 -0.806136
f 1283 1280 1281
f 1282 1283 1281
v -0.936655 -0.780000 -0.720000
f 1284 1283 1282
f 728 1284 698
f 1284 1282 698
f 1282 1255 698
v -0.936788 -0.780000 -0.716788
f 1285 1284 728
f 730 1285 728
v -0.899363 -0.780000 -0.480000
f 1286 735 734
v -0.918503 -0.878503 -0.480000
f 707 1287 734
f 1287 1286 734
f 1256 1287 707
v -0.820000 -0.860899 -0.360000
v -0.820000 -0.795599 -0.375599
f 1288 1289 1259
f 1289 1256 1259
v -0.820000 -0.780000 -0.380746
f 1289 1290 1256
f 1290 1287 1256
f 1290 1286 1287
f 1260 1288 1259
v -0.820000 -0.893160 -0.353160
f 1263 1291 1260
f 1291 1288 1260
v -0.820000 -0.847576 0.772424
f 1292 1266 1267
v -0.858971 -0.818971 0.801029
f 1293 1292 1267
v -0.820000 -0.780000 0.781282
f 1294 1292 1293
v -0.855609 -0.780000 0.804391
f 1295 1294 1293
v -0.896582 -0.780000 0.840000
f 1296 1295 1293
v -0.919443 -0.879443 0.840000
f 1297 1296 1293
f 1268 1297 1267
f 1297 1293 1267
v -0.931696 -0.891696 0.848304
f 1298 1268 1271
f 1298 1297 1268
v -0.919677 -0.780000 0.860323
f 1299 1296 1297
f 1298 1299 1297
f 738 1299 736
f 1299 1298 736
f 1298 710 736
f 1298 1271 710
v -0.846396 -0.780000 1.440000
f 1300 755 754
v -0.854376 -0.814376 1.440000
f 727 1301 754
f 1301 1300 754
f 1272 1301 727
v -0.820000 -0.866421 1.473579
f 1275 1302 1272
v -0.820000 -0.780000 1.457632
f 1302 1303 1272
f 1303 1301 1272
f 1303 1300 1301
v -0.820000 -0.703213 -0.883213
f 1304 1278 1279
v -0.835597 -0.675597 -0.855597
f 1305 1304 1279
v -0.820000 -0.660000 -0.865762
f 1306 1304 1305
v -0.832937 -0.660000 -0.852937
f 1307 1306 1305
v -0.842105 -0.660000 -0.840000
f 1308 1307 1305
v -0.853285 -0.693285 -0.840000
f 1309 1308 1305
f 1280 1309 1279
f 1309 1305 1279
v -0.891770 -0.731770 -0.791770
f 1310 1280 1283
f 1310 1309 1280
v -0.876014 -0.660000 -0.776014
f 1311 1308 1309
f 1310 1311 1309
v -0.896654 -0.660000 -0.720000
f 1312 1311 1310
v -0.934394 -0.774394 -0.720000
f 1313 1312 1310
f 1284 1313 1283
f 1313 1310 1283
v -0.934706 -0.774706 -0.714706
f 1314 1284 1285
f 1314 1313 1284
v -0.898302 -0.660000 -0.678302
f 1315 1312 1313
f 1314 1315 1313
v -0.900608 -0.660000 -0.600000
f 1316 1315 1314
f 756 1316 730
f 1316 1314 730
f 1314 1285 730
v -0.873685 -0.660000 -0.533685
f 1317 1316 756
v -0.855164 -0.660000 -0.480000
f 757 1318 756
f 1318 1317 756
v -0.872856 -0.712856 -0.480000
f 735 1319 757
f 1319 1318 757
f 1286 1319 735
v -0.820000 -0.709068 -0.409068
f 1290 1320 1286
v -0.820000 -0.660000 -0.435821
f 1320 1321 1286
f 1321 1319 1286
f 1321 1318 1319
v -0.820000 -0.685163 0.814837
f 1322 1294 1295
v -0.832554 -0.672554 0.827446
f 1323 1322 1295
v -0.820000 -0.660000 0.806020
f 1324 1322 1323
v -0.832714 -0.660000 0.827286
f 1325 1324 1323
v -0.842513 -0.660000 0.840000
f 1326 1325 1323
v -0.859377 -0.699377 0.840000
f 1327 1326 1323
f 1296 1327 1295
f 1327 1323 1295
v -0.911436 -0.751436 0.868564
f 1328 1296 1299
f 1328 1327 1296
v -0.892259 -0.660000 0.887741
f 1329 1326 1327
f 1328 1329 1327
f 760 1329 758
f 1329 1328 758
f 1328 738 758
f 1328 1299 738
v -0.919420 -0.660000 1.320000
f 1330 774 773
f 772 1330 773
v -0.820000 -0.724936 1.440000
v -0.820000 -0.677285 1.422715
v -0.876343 -0.716343 1.383657
f 1331 1332 1333
v -0.820000 -0.660000 1.413797
f 1332 1334 1333
f 1333 1334 772
f 1334 1330 772
f 775 1333 772
f 755 1333 775
f 1331 1333 755
f 1300 1331 755
v -0.820000 -0.765960 1.454040
f 1303 1335 1300
f 1335 1331 1300
v -0.820000 -0.618536 -0.840000
f 1336 1306 1307
f 1308 1336 1307
v -0.834306 -0.554306 -0.734306
f 1337 1308 1311
v -0.820000 -0.540000 -0.748848
f 1338 1336 1308
f 1337 1338 1308
v -0.829733 -0.540000 -0.729733
f 1339 1338 1337
v -0.833448 -0.540000 -0.720000
f 1340 1339 1337
v -0.845767 -0.565767 -0.720000
f 1341 1340 1337
f 1312 1341 1311
f 1341 1337 1311
v -0.852174 -0.572174 -0.632174
f 1342 1312 1315
f 1342 1341 1312
v -0.837356 -0.540000 -0.617356
f 1343 1340 1341
f 1342 1343 1341
v -0.837883 -0.540000 -0.600000
f 1344 1343 1342
v -0.854237 -0.574237 -0.600000
f 1345 1344 1342
f 1316 1345 1315
f 1345 1342 1315
v -0.820000 -0.594205 -0.480000
v -0.820000 -0.569498 -0.509498
f 1346 1347 1317
f 1347 1316 1317
v -0.820000 -0.540000 -0.555068
f 1347 1348 1316
f 1348 1345 1316
f 1348 1344 1345
f 1318 1346 1317
v -0.820000 -0.630746 -0.450746
f 1321 1349 1318
f 1349 1346 1318
v -0.820000 -0.552262 0.107738
v -0.820000 -0.557423 0.120000
v -0.826198 -0.546198 0.113802
f 1350 1351 1352
v -0.820000 -0.540000 0.081242
f 1353 1350 1352
v -0.829058 -0.540000 0.110942
f 1354 1353 1352
v -0.831492 -0.540000 0.120000
f 1355 1354 1352
v -0.827184 -0.547184 0.120000
f 1356 1355 1352
f 1351 1356 1352
v -0.820000 -0.582273 0.197727
v -0.820000 -0.594617 0.240000
v -0.840324 -0.560324 0.219676
f 1357 1358 1359
f 1351 1357 1356
f 1357 1359 1356
v -0.850390 -0.540000 0.209610
f 1360 1355 1356
f 1359 1360 1356
v -0.856053 -0.540000 0.240000
f 1361 1360 1359
v -0.842562 -0.562562 0.240000
f 1362 1361 1359
f 1358 1362 1359
v -0.820000 -0.604452 0.295548
v -0.820000 -0.614944 0.360000
v -0.849203 -0.569203 0.330797
f 1363 1364 1365
f 1358 1363 1362
f 1363 1365 1362
v -0.864837 -0.540000 0.315163
f 1366 1361 1362
f 1365 1366 1362
v -0.869491 -0.540000 0.360000
f 1367 1366 1365
v -0.850993 -0.570993 0.360000
f 1368 1367 1365
f 1364 1368 1365
v -0.820000 -0.616478 0.403522
v -0.820000 -0.618979 0.480000
v -0.852272 -0.572272 0.447728
f 1369 1370 1371
f 1364 1369 1368
f 1369 1371 1368
v -0.871095 -0.540000 0.428905
f 1372 1367 1368
f 1371 1372 1368
v -0.872161 -0.540000 0.480000
f 1373 1372 1371
v -0.852669 -0.572669 0.480000
f 1374 1373 1371
f 1370 1374 1371
v -0.820000 -0.614155 0.525845
v -0.820000 -0.606843 0.600000
v -0.848695 -0.568695 0.571305
f 1375 1376 1377
f 1370 1375 1374
f 1375 1377 1374
v -0.867094 -0.540000 0.552906
f 1378 1373 1374
f 1377 1378 1374
v -0.864134 -0.540000 0.600000
f 1379 1378 1377
v -0.847630 -0.567630 0.600000
f 1380 1379 1377
f 1376 1380 1377
v -0.820000 -0.589672 0.670328
v -0.820000 -0.585817 0.720000
v -0.837262 -0.557262 0.702738
f 1381 1382 1383
f 1376 1381 1380
f 1381 1383 1380
v -0.849553 -0.540000 0.690447
f 1384 1379 1380
f 1383 1384 1380
v -0.845242 -0.540000 0.720000
f 1385 1384 1383
v -0.838758 -0.558758 0.720000
f 1386 1385 1383
f 1382 1386 1383
v -0.820000 -0.564689 0.815311
f 1387 1324 1325
v -0.828653 -0.548653 0.831347
f 1388 1387 1325
f 1382 1387 1386
f 1387 1388 1386
v -0.832059 -0.540000 0.827941
f 1389 1385 1386
f 1388 1389 1386
v -0.832747 -0.540000 0.840000
f 1390 1389 1388
v -0.835782 -0.555782 0.840000
f 1391 1390 1388
f 1326 1391 1325
f 1391 1388 1325
v -0.863892 -0.583892 0.916108
f 1392 1326 1329
f 1392 1391 1326
v -0.857392 -0.540000 0.922608
f 1393 1390 1391
f 1392 1393 1391
v -0.873136 -0.540000 0.960000
f 1394 1393 1392
f 776 1394 760
f 1394 1392 760
f 1392 1329 760
v -0.892453 -0.540000 1.007547
f 1395 1394 776
v -0.917843 -0.540000 1.080000
f 778 1396 776
f 1396 1395 776
f 777 1396 778
v -0.915636 -0.540000 1.104364
f 1397 1396 777
v -0.908456 -0.540000 1.200000
f 780 1398 777
f 1398 1397 777
f 779 1398 780
v -0.861448 -0.540000 1.278552
f 1399 1398 779
v -0.838477 -0.540000 1.320000
f 781 1400 779
f 1400 1399 779
v -0.873069 -0.593069 1.320000
f 774 1401 781
f 1401 1400 781
f 1330 1401 774
v -0.820000 -0.598997 1.381003
f 1334 1402 1330
v -0.820000 -0.540000 1.337410
f 1402 1403 1330
f 1403 1401 1330
f 1403 1400 1401
v -0.820000 -0.520032 -0.720000
f 1404 1338 1339
f 1340 1404 1339
v -0.820000 -0.513462 -0.600000
v -0.820000 -0.519015 -0.699015
f 1405 1406 1343
f 1406 1340 1343
f 1406 1404 1340
f 1344 1405 1343
v -0.820000 -0.521795 -0.581795
f 1348 1407 1344
f 1407 1405 1344
v -0.820000 -0.461264 -0.041264
v -0.820000 -0.492038 0.000000
v -0.839924 -0.439924 -0.019924
f 1408 1409 1410
v -0.820000 -0.420000 -0.091776
f 1411 1408 1410
v -0.846287 -0.420000 -0.026287
f 1412 1411 1410
v -0.855466 -0.420000 0.000000
f 1413 1412 1410
v -0.844539 -0.444539 0.000000
f 1414 1413 1410
f 1409 1414 1410
v -0.820000 -0.510463 0.029537
f 1415 1353 1354
v -0.861268 -0.461268 0.078732
f 1416 1415 1354
f 1409 1415 1414
f 1415 1416 1414
v -0.875326 -0.420000 0.064674
f 1417 1413 1414
f 1416 1417 1414
v -0.890099 -0.420000 0.120000
f 1418 1417 1416
v -0.868568 -0.468568 0.120000
f 1419 1418 1416
f 1355 1419 1354
f 1419 1416 1354
v -0.877732 -0.477732 0.182268
f 1420 1355 1360
f 1420 1419 1355
v -0.898842 -0.420000 0.161158
f 1421 1418 1419
f 1420 1421 1419
v -0.913436 -0.420000 0.240000
f 1422 1421 1420
v -0.884805 -0.484805 0.240000
f 1423 1422 1420
f 1361 1423 1360
f 1423 1420 1360
v -0.888970 -0.488970 0.291030
f 1424 1361 1366
f 1424 1423 1361
v -0.916234 -0.420000 0.263766
f 1425 1422 1423
f 1424 1425 1423
v -0.926159 -0.420000 0.360000
f 1426 1425 1424
v -0.893674 -0.493674 0.360000
f 1427 1426 1424
f 1367 1427 1366
f 1427 1424 1366
v -0.894416 -0.494416 0.405584
f 1428 1367 1372
f 1428 1427 1367
v -0.926476 -0.420000 0.373524
f 1429 1426 1427
f 1428 1429 1427
v -0.928682 -0.420000 0.480000
f 1430 1429 1428
v -0.895435 -0.495435 0.480000
f 1431 1430 1428
f 1373 1431 1372
f 1431 1428 1372
v -0.893161 -0.493161 0.526839
f 1432 1373 1378
f 1432 1431 1373
v -0.927831 -0.420000 0.492169
f 1433 1430 1431
f 1432 1433 1431
v -0.921091 -0.420000 0.600000
f 1434 1433 1432
v -0.890140 -0.490140 0.600000
f 1435 1434 1432
f 1379 1435 1378
f 1435 1432 1378
v -0.883823 -0.483823 0.656177
f 1436 1379 1384
f 1436 1435 1379
v -0.917434 -0.420000 0.622566
f 1437 1434 1435
f 1436 1437 1435
v -0.903132 -0.420000 0.720000
f 1438 1437 1436
v -0.877700 -0.477700 0.720000
f 1439 1438 1436
f 1385 1439 1384
f 1439 1436 1384
v -0.864442 -0.464442 0.795558
f 1440 1385 1389
f 1440 1439 1385
v -0.890657 -0.420000 0.769343
f 1441 1438 1439
f 1440 1441 1439
v -0.874460 -0.420000 0.840000
f 1442 1441 1440
v -0.866187 -0.466187 0.840000
f 1443 1442 1440
f 1390 1443 1389
f 1443 1440 1389
v -0.845313 -0.445313 0.934687
f 1444 1390 1393
f 1444 1443 1390
v -0.851440 -0.420000 0.928560
f 1445 1442 1443
f 1444 1445 1443
v -0.847624 -0.420000 0.960000
f 1446 1445 1444
v -0.858331 -0.458331 0.960000
f 1447 1446 1444
f 1394 1447 1393
f 1447 1444 1393
v -0.841931 -0.441931 1.058069
f 1448 1394 1395
f 1448 1447 1394
v -0.834965 -0.420000 1.065035
f 1449 1446 1447
f 1448 1449 1447
v -0.834869 -0.420000 1.080000
f 1450 1449 1448
v -0.867187 -0.467187 1.080000
f 1451 1450 1448
f 1396 1451 1395
f 1451 1448 1395
v -0.820000 -0.435702 1.200000
v -0.820000 -0.434163 1.185837
f 1452 1453 1397
f 1453 1396 1397
v -0.820000 -0.420000 1.142766
f 1453 1454 1396
f 1454 1451 1396
f 1454 1450 1451
f 1398 1452 1397
v -0.820000 -0.518835 1.320000
v -0.820000 -0.476125 1.263875
f 1455 1456 1399
f 1456 1398 1399
f 1456 1452 1398
f 1400 1455 1399
v -0.820000 -0.529731 1.330269
f 1403 1457 1400
f 1457 1455 1400
v -0.820000 -0.335325 -0.155325
v -0.820000 -0.385834 -0.120000
v -0.836140 -0.316140 -0.136140
f 1458 1459 1460
v -0.820000 -0.300000 -0.178086
f 1461 1458 1460
v -0.839290 -0.300000 -0.139290
f 1462 1461 1460
v -0.847585 -0.300000 -0.120000
f 1463 1462 1460
v -0.841374 -0.321374 -0.120000
f 1464 1463 1460
f 1459 1464 1460
v -0.820000 -0.404849 -0.104849
f 1465 1411 1412
v -0.864859 -0.344859 -0.044859
f 1466 1465 1412
f 1459 1465 1464
f 1465 1466 1464
v -0.874147 -0.300000 -0.054147
f 1467 1463 1464
f 1466 1467 1464
v -0.892967 -0.300000 0.000000
f 1468 1467 1466
v -0.876605 -0.356605 0.000000
f 1469 1468 1466
f 1413 1469 1412
f 1469 1466 1412
v -0.888854 -0.368854 0.051146
f 1470 1413 1417
f 1470 1469 1413
v -0.904062 -0.300000 0.035938
f 1471 1468 1469
f 1470 1471 1469
v -0.926398 -0.300000 0.120000
f 1472 1471 1470
v -0.902624 -0.382624 0.120000
f 1473 1472 1470
f 1418 1473 1417
f 1473 1470 1417
v -0.907942 -0.387942 0.152058
f 1474 1418 1421
f 1474 1473 1418
v -0.928792 -0.300000 0.131208
f 1475 1472 1473
f 1474 1475 1473
f 785 1475 782
f 1475 1474 782
v -0.920123 -0.400123 0.240000
f 1476 783 782
f 1474 1476 782
f 1422 1476 1421
f 1476 1474 1421
v -0.921797 -0.401797 0.258203
f 1477 1422 1425
f 1477 1476 1422
f 1477 783 1476
f 1477 789 783
v -0.929649 -0.409649 0.360000
f 1478 790 789
f 1477 1478 789
f 1426 1478 1425
f 1478 1477 1425
v -0.929835 -0.409835 0.370165
f 1479 1426 1429
f 1479 1478 1426
f 1479 790 1478
f 1479 795 790
v -0.931537 -0.411537 0.480000
f 1480 796 795
f 1479 1480 795
f 1430 1480 1429
f 1480 1479 1429
v -0.931048 -0.411048 0.488952
f 1481 1430 1433
f 1481 1480 1430
f 1481 796 1480
f 1481 801 796
v -0.925856 -0.405856 0.600000
f 1482 802 801
f 1481 1482 801
f 1434 1482 1433
f 1482 1481 1433
v -0.923807 -0.403807 0.616193
f 1483 1434 1437
f 1483 1482 1434
f 1483 802 1482
v -0.938936 -0.300000 0.720000
f 1484 807 802
f 1483 1484 802
v -0.912400 -0.392400 0.720000
f 1485 1484 1483
f 1438 1485 1437
f 1485 1483 1437
v -0.905626 -0.385626 0.754374
f 1486 1438 1441
f 1486 1485 1438
v -0.938574 -0.300000 0.721426
f 1487 1484 1485
f 1486 1487 1485
v -0.911114 -0.300000 0.840000
f 1488 1487 1486
v -0.890930 -0.370930 0.840000
f 1489 1488 1486
f 1442 1489 1441
f 1489 1486 1441
v -0.873046 -0.353046 0.906954
f 1490 1442 1445
f 1490 1489 1442
v -0.896026 -0.300000 0.883974
f 1491 1488 1489
f 1490 1491 1489
v -0.871861 -0.300000 0.960000
f 1492 1491 1490
v -0.868030 -0.348030 0.960000
f 1493 1492 1490
f 1446 1493 1445
f 1493 1490 1445
v -0.823189 -0.303189 1.076811
f 1494 1446 1449
f 1494 1493 1446
v -0.823623 -0.300000 1.076377
f 1495 1492 1493
f 1494 1495 1493
v -0.822431 -0.300000 1.080000
f 1496 1495 1494
v -0.823166 -0.303166 1.080000
f 1497 1496 1494
f 1450 1497 1449
f 1497 1494 1449
v -0.820000 -0.396245 1.103755
f 1454 1498 1450
v -0.820000 -0.300000 1.085418
f 1498 1499 1450
f 1499 1497 1450
f 1499 1496 1497
v -0.820000 -0.252939 -0.192939
f 1500 1461 1462
v -0.848844 -0.208844 -0.148844
f 1501 1500 1462
v -0.820000 -0.180000 -0.214462
f 1502 1500 1501
v -0.851415 -0.180000 -0.151415
f 1503 1502 1501
v -0.864897 -0.180000 -0.120000
f 1504 1503 1501
v -0.859631 -0.219631 -0.120000
f 1505 1504 1501
f 1463 1505 1462
f 1505 1501 1462
v -0.880770 -0.240770 -0.060770
f 1506 1463 1467
f 1506 1505 1463
v -0.886520 -0.180000 -0.066520
f 1507 1504 1505
f 1506 1507 1505
v -0.909589 -0.180000 0.000000
f 1508 1507 1506
v -0.899126 -0.259126 0.000000
f 1509 1508 1506
f 1468 1509 1467
f 1509 1506 1467
v -0.907902 -0.267902 0.032098
f 1510 1468 1471
f 1510 1509 1468
v -0.916777 -0.180000 0.023223
f 1511 1508 1509
f 1510 1511 1509
f 811 1511 808
f 1511 1510 808
v -0.928187 -0.288187 0.120000
f 1512 809 808
f 1510 1512 808
f 1472 1512 1471
f 1512 1510 1471
v -0.930067 -0.290067 0.129933
f 1513 1472 1475
f 1513 1512 1472
f 1513 809 1512
f 1513 815 809
f 1513 785 815
f 1513 1475 785
v -0.939076 -0.299076 0.720000
f 1514 832 807
f 1484 1514 807
v -0.938808 -0.298808 0.721192
f 1515 1484 1487
f 1515 1514 1484
f 1515 832 1514
v -0.927425 -0.180000 0.840000
f 1516 837 832
f 1515 1516 832
v -0.914905 -0.274905 0.840000
f 1517 1516 1515
f 1488 1517 1487
f 1517 1515 1487
v -0.903968 -0.263968 0.876032
f 1518 1488 1491
f 1518 1517 1488
v -0.920843 -0.180000 0.859157
f 1519 1516 1517
f 1518 1519 1517
v -0.888791 -0.180000 0.960000
f 1520 1519 1518
v -0.880768 -0.240768 0.960000
f 1521 1520 1518
f 1492 1521 1491
f 1521 1518 1491
v -0.844261 -0.204261 1.055739
f 1522 1492 1495
f 1522 1521 1492
v -0.849897 -0.180000 1.050103
f 1523 1520 1521
f 1522 1523 1521
v -0.837770 -0.180000 1.080000
f 1524 1523 1522
v -0.837288 -0.197288 1.080000
f 1525 1524 1522
f 1496 1525 1495
f 1525 1522 1495
v -0.820000 -0.294385 1.085615
f 1499 1526 1496
v -0.820000 -0.180000 1.114258
f 1526 1527 1496
f 1527 1525 1496
f 1527 1524 1525
v -0.820000 -0.152758 -0.212758
f 1528 1502 1503
v -0.849533 -0.089533 -0.149533
f 1529 1528 1503
v -0.820000 -0.060000 -0.207233
f 1530 1528 1529
v -0.849003 -0.060000 -0.149003
f 1531 1530 1529
v -0.861454 -0.060000 -0.120000
f 1532 1531 1529
v -0.862595 -0.102595 -0.120000
f 1533 1532 1529
f 1504 1533 1503
f 1533 1529 1503
v -0.885307 -0.125307 -0.065307
f 1534 1504 1507
f 1534 1533 1504
v -0.884061 -0.060000 -0.064061
f 1535 1532 1533
f 1534 1535 1533
v -0.906287 -0.060000 0.000000
f 1536 1535 1534
v -0.908652 -0.148652 0.000000
f 1537 1536 1534
f 1508 1537 1507
f 1537 1534 1507
v -0.916213 -0.156213 0.023787
f 1538 1508 1511
f 1538 1537 1508
v -0.914252 -0.060000 0.025748
f 1539 1536 1537
f 1538 1539 1537
v -0.939248 -0.060000 0.120000
f 1540 1539 1538
f 838 1540 811
f 1540 1538 811
f 1538 1511 811
v -0.939380 -0.060000 0.120620
f 1541 1540 838
f 840 1541 838
v -0.924186 -0.060000 0.840000
f 1542 861 860
v -0.927037 -0.167037 0.840000
f 837 1543 860
f 1543 1542 860
f 1516 1543 837
v -0.919968 -0.159968 0.860032
f 1544 1516 1519
f 1544 1543 1516
v -0.915913 -0.060000 0.864087
f 1545 1542 1543
f 1544 1545 1543
v -0.885420 -0.060000 0.960000
f 1546 1545 1544
v -0.887218 -0.127218 0.960000
f 1547 1546 1544
f 1520 1547 1519
f 1547 1544 1519
v -0.845165 -0.085165 1.054835
f 1548 1520 1523
f 1548 1547 1520
v -0.843981 -0.060000 1.056019
f 1549 1546 1547
f 1548 1549 1547
v -0.834252 -0.060000 1.080000
f 1550 1549 1548
v -0.834645 -0.074645 1.080000
f 1551 1550 1548
f 1524 1551 1523
f 1551 1548 1523
v -0.820000 -0.147502 1.112498
f 1527 1552 1524
v -0.820000 -0.060000 1.107480
f 1552 1553 1524
f 1553 1551 1524
f 1553 1550 1551
v -0.820000 0.051728 -1.328272
v -0.820000 0.047412 -1.320000
v -0.824949 0.055051 -1.324949
f 1554 1555 1556
v -0.820000 0.060000 -1.342399
f 1557 1554 1556
v -0.827612 0.060000 -1.327612
f 1558 1557 1556
v -0.831072 0.060000 -1.320000
f 1559 1558 1556
v -0.826114 0.053886 -1.320000
f 1560 1559 1556
f 1555 1560 1556
v -0.820000 0.020589 -1.239411
v -0.820000 0.008771 -1.200000
v -0.841964 0.038036 -1.221964
f 1561 1562 1563
f 1555 1561 1560
f 1561 1563 1560
v -0.855740 0.060000 -1.235740
f 1564 1559 1560
f 1563 1564 1560
v -0.865071 0.060000 -1.200000
f 1565 1564 1563
v -0.844984 0.035016 -1.200000
f 1566 1565 1563
f 1562 1566 1563
v -0.820000 0.003527 -1.136473
v -0.820000 -0.000741 -1.080000
v -0.848662 0.031338 -1.108662
f 1567 1568 1569
f 1562 1567 1566
f 1567 1569 1566
v -0.870145 0.060000 -1.130145
f 1570 1565 1566
f 1569 1570 1566
v -0.873655 0.060000 -1.080000
f 1571 1570 1569
v -0.850867 0.029133 -1.080000
f 1572 1571 1569
f 1568 1572 1569
v -0.820000 0.010839 -1.009161
v -0.820000 0.017403 -0.960000
v -0.842792 0.037208 -0.982792
f 1573 1574 1575
f 1568 1573 1572
f 1573 1575 1572
v -0.862457 0.060000 -1.002457
f 1576 1571 1572
f 1575 1576 1572
v -0.857421 0.060000 -0.960000
f 1577 1576 1575
v -0.841753 0.038247 -0.960000
f 1578 1577 1575
f 1574 1578 1575
v -0.820000 0.060000 -0.851789
f 1574 1579 1578
f 1579 1577 1578
v -0.820000 -0.002159 -0.182159
f 1580 1530 1531
v -0.833679 0.046321 -0.133679
f 1581 1580 1531
v -0.820000 0.060000 -0.156333
f 1582 1580 1581
v -0.831941 0.060000 -0.131941
f 1583 1582 1581
v -0.837082 0.060000 -0.120000
f 1584 1583 1581
v -0.841075 0.038925 -0.120000
f 1585 1584 1581
f 1532 1585 1531
f 1585 1581 1531
v -0.873916 0.006084 -0.053916
f 1586 1532 1535
f 1586 1585 1532
v -0.866634 0.060000 -0.046634
f 1587 1584 1585
f 1586 1587 1585
v -0.882863 0.060000 0.000000
f 1588 1587 1586
v -0.897498 -0.017498 0.000000
f 1589 1588 1586
f 1536 1589 1535
f 1589 1586 1535
v -0.909202 -0.029202 0.030798
f 1590 1536 1539
f 1590 1589 1536
v -0.896326 0.060000 0.043674
f 1591 1588 1589
f 1590 1591 1589
v -0.916635 0.060000 0.120000
f 1592 1591 1590
v -0.939051 -0.059051 0.120000
f 1593 1592 1590
f 1540 1593 1539
f 1593 1590 1539
v -0.939248 -0.059248 0.120752
f 1594 1540 1541
f 1594 1593 1540
v -0.920742 0.060000 0.139258
f 1595 1592 1593
f 1594 1595 1593
v -0.939324 0.060000 0.240000
f 1596 1595 1594
f 862 1596 840
f 1596 1594 840
f 1594 1541 840
v -0.939395 0.060000 0.240605
f 1597 1596 862
f 864 1597 862
v -0.929313 0.060000 0.720000
f 1598 878 877
f 876 1598 877
v -0.925686 0.060000 0.734314
f 1599 1598 876
v -0.901189 0.060000 0.840000
f 879 1600 876
f 1600 1599 876
v -0.920055 -0.040055 0.840000
f 861 1601 879
f 1601 1600 879
f 1542 1601 861
v -0.905461 -0.025461 0.874539
f 1602 1542 1545
f 1602 1601 1542
v -0.880941 0.060000 0.899059
f 1603 1600 1601
f 1602 1603 1601
v -0.861536 0.060000 0.960000
f 1604 1603 1602
v -0.871225 0.008775 0.960000
f 1605 1604 1602
f 1546 1605 1545
f 1605 1602 1545
v -0.820000 0.009319 1.080000
v -0.820000 0.044136 1.064136
f 1606 1607 1549
f 1607 1546 1549
v -0.820000 0.060000 1.056373
f 1607 1608 1546
f 1608 1605 1546
f 1608 1604 1605
f 1550 1606 1549
v -0.820000 -0.040029 1.099971
f 1553 1609 1550
f 1609 1606 1550
v -0.820000 0.150727 -1.469273
v -0.820000 0.127312 -1.440000
v -0.837485 0.162515 -1.457485
f 1610 1611 1612
v -0.827824 0.172176 -1.478474
v -0.820000 0.156459 -1.474403
f 1613 1614 1610
f 1613 1610 1612
v -0.843402 0.180000 -1.463402
v -0.831554 0.180000 -1.479639
f 1615 1616 1613
f 1615 1613 1612
v -0.857060 0.180000 -1.440000
f 1617 1615 1612
v -0.842519 0.157481 -1.440000
f 1618 1617 1612
f 1611 1618 1612
v -0.820000 0.098728 -1.401272
f 1619 1557 1558
v -0.865897 0.134103 -1.365897
f 1620 1619 1558
f 1611 1619 1618
f 1619 1620 1618
v -0.885404 0.180000 -1.385404
f 1621 1617 1618
f 1620 1621 1618
v -0.914891 0.180000 -1.320000
f 1622 1621 1620
v -0.877807 0.122193 -1.320000
f 1623 1622 1620
f 1559 1623 1558
f 1623 1620 1558
v -0.887287 0.112713 -1.267287
f 1624 1559 1564
f 1624 1623 1559
v -0.920615 0.180000 -1.300615
f 1625 1622 1623
f 1624 1625 1623
f 883 1625 880
f 1625 1624 880
v -0.897299 0.102701 -1.200000
f 1626 881 880
f 1624 1626 880
f 1565 1626 1564
f 1626 1624 1564
v -0.899125 0.100875 -1.159125
f 1627 1565 1570
f 1627 1626 1565
f 1627 881 1626
f 1627 887 881
v -0.902274 0.097726 -1.080000
f 1628 888 887
f 1627 1628 887
f 1571 1628 1570
f 1628 1627 1570
v -0.898609 0.101391 -1.038609
f 1629 1571 1576
f 1629 1628 1571
f 1629 888 1628
v -0.938823 0.180000 -0.960000
f 1630 893 888
f 1629 1630 888
v -0.893341 0.106659 -0.960000
f 1631 1630 1629
f 1577 1631 1576
f 1631 1629 1576
v -0.820000 0.065620 -0.840000
f 1579 1632 1577
v -0.880145 0.119855 -0.900145
f 1632 1633 1577
f 1633 1631 1577
v -0.938170 0.180000 -0.958170
f 1634 1630 1631
f 1633 1634 1631
v -0.898643 0.180000 -0.840000
f 1635 1634 1633
v -0.867988 0.132012 -0.840000
f 1636 1635 1633
f 1632 1636 1633
v -0.820000 0.088477 -0.811523
v -0.820000 0.151454 -0.720000
v -0.831425 0.168575 -0.731425
f 1637 1638 1639
f 1632 1637 1636
f 1637 1639 1636
v -0.847712 0.180000 -0.747712
f 1640 1635 1636
f 1639 1640 1636
v -0.832898 0.180000 -0.720000
f 1641 1640 1639
v -0.828230 0.171770 -0.720000
f 1642 1641 1639
f 1638 1642 1639
v -0.820000 0.180000 -0.695501
f 1638 1643 1642
f 1643 1641 1642
v -0.820000 0.105140 -0.120000
f 1644 1582 1583
f 1584 1644 1583
v -0.837893 0.162107 -0.017893
f 1645 1584 1587
v -0.820000 0.180000 -0.046680
f 1646 1644 1584
f 1645 1646 1584
v -0.833351 0.180000 -0.013351
f 1647 1646 1645
v -0.838022 0.180000 0.000000
f 1648 1647 1645
v -0.847929 0.152071 0.000000
f 1649 1648 1645
f 1588 1649 1587
f 1649 1645 1587
v -0.877573 0.122427 0.062427
f 1650 1588 1591
f 1650 1649 1588
v -0.861941 0.180000 0.078059
f 1651 1648 1649
f 1650 1651 1649
v -0.873163 0.180000 0.120000
f 1652 1651 1650
v -0.902295 0.097705 0.120000
f 1653 1652 1650
f 1592 1653 1591
f 1653 1650 1591
v -0.911609 0.088391 0.148391
f 1654 1592 1595
f 1654 1653 1592
v -0.884850 0.180000 0.175150
f 1655 1652 1653
f 1654 1655 1653
v -0.896880 0.180000 0.240000
f 1656 1655 1654
v -0.938908 0.061092 0.240000
f 1657 1656 1654
f 1596 1657 1595
f 1657 1654 1595
v -0.939076 0.060924 0.240924
f 1658 1596 1597
f 1658 1657 1596
v -0.901411 0.180000 0.278589
f 1659 1656 1657
f 1658 1659 1657
v -0.909825 0.180000 0.360000
f 1660 1659 1658
f 894 1660 864
f 1660 1658 864
f 1658 1597 864
v -0.910515 0.180000 0.389485
f 1661 1660 894
v -0.912394 0.180000 0.480000
f 896 1662 894
f 1662 1661 894
f 895 1662 896
v -0.910322 0.180000 0.509678
f 1663 1662 895
v -0.904667 0.180000 0.600000
f 898 1664 895
f 1664 1663 895
f 897 1664 898
v -0.897847 0.180000 0.642153
f 1665 1664 897
v -0.886403 0.180000 0.720000
f 899 1666 897
f 1666 1665 897
v -0.922744 0.077256 0.720000
f 878 1667 899
f 1667 1666 899
f 1598 1667 878
v -0.911681 0.088319 0.748319
f 1668 1598 1599
f 1668 1667 1598
v -0.868301 0.180000 0.791699
f 1669 1666 1667
f 1668 1669 1667
v -0.857069 0.180000 0.840000
f 1670 1669 1668
v -0.877413 0.122587 0.840000
f 1671 1670 1668
f 1600 1671 1599
f 1671 1668 1599
v -0.820000 0.169613 0.960000
v -0.820000 0.174641 0.954641
f 1672 1673 1603
f 1673 1600 1603
v -0.820000 0.180000 0.948441
f 1673 1674 1600
f 1674 1671 1600
f 1674 1670 1671
f 1604 1672 1603
v -0.820000 0.112372 1.012372
f 1608 1675 1604
f 1675 1672 1604
v -0.836239 0.190817 -1.482152
f 1676 1616 1615
v -0.868362 0.251638 -1.488362
v -0.856395 0.242657 -1.497343
f 1677 1678 1676
f 1677 1676 1615
v -0.861694 0.258306 -1.501034
f 1678 1677 1679
v -0.872924 0.298453 -1.508778
v -0.880090 0.300000 -1.500090
v -0.873332 0.300000 -1.509108
f 1680 1681 1682
f 1679 1677 1681
f 1679 1681 1680
v -0.918334 0.300000 -1.440000
f 1683 1681 1677
v -0.886551 0.233449 -1.440000
f 1684 1683 1677
f 1617 1684 1615
f 1684 1677 1615
v -0.900529 0.219471 -1.400529
f 1685 1617 1621
f 1685 1684 1617
v -0.925777 0.300000 -1.425777
f 1686 1683 1684
f 1685 1686 1684
f 903 1686 900
f 1686 1685 900
v -0.923863 0.196137 -1.320000
f 1687 901 900
f 1685 1687 900
f 1622 1687 1621
f 1687 1685 1621
v -0.926573 0.193427 -1.306573
f 1688 1622 1625
f 1688 1687 1622
f 1688 901 1687
f 1688 907 901
f 1688 883 907
f 1688 1625 883
v -0.939245 0.180755 -0.960000
f 1689 916 893
f 1630 1689 893
v -0.939002 0.180998 -0.959002
f 1690 1630 1634
f 1690 1689 1630
f 1690 916 1689
f 1690 921 916
v -0.913398 0.206602 -0.840000
f 1691 922 921
f 1690 1691 921
f 1635 1691 1634
f 1691 1690 1634
v -0.896854 0.223146 -0.796854
f 1692 1635 1640
f 1692 1691 1635
f 1692 922 1691
v -0.893949 0.300000 -0.720000
f 1693 927 922
f 1692 1693 922
v -0.870004 0.249996 -0.720000
f 1694 1693 1692
f 1641 1694 1640
f 1694 1692 1640
v -0.820000 0.230285 -0.669715
f 1643 1695 1641
v -0.820000 0.300000 -0.622733
f 1695 1696 1641
f 1696 1694 1641
f 1696 1693 1694
v -0.820000 0.212875 0.000000
f 1697 1646 1647
f 1648 1697 1647
v -0.820000 0.276839 0.120000
v -0.820000 0.249478 0.069478
f 1698 1699 1651
f 1699 1648 1651
f 1699 1697 1648
f 1652 1698 1651
v -0.837188 0.282812 0.222812
f 1700 1652 1655
v -0.820000 0.300000 0.183872
f 1701 1698 1652
f 1700 1701 1652
v -0.829755 0.300000 0.230245
f 1702 1701 1700
v -0.831577 0.300000 0.240000
f 1703 1702 1700
v -0.844266 0.275734 0.240000
f 1704 1703 1700
f 1656 1704 1655
f 1704 1700 1655
v -0.863064 0.256936 0.316936
f 1705 1656 1659
f 1705 1704 1656
v -0.842896 0.300000 0.337104
f 1706 1703 1704
f 1705 1706 1704
v -0.845279 0.300000 0.360000
f 1707 1706 1705
v -0.872954 0.247046 0.360000
f 1708 1707 1705
f 1660 1708 1659
f 1708 1705 1659
v -0.876064 0.243936 0.423936
f 1709 1660 1661
f 1709 1708 1660
v -0.847429 0.300000 0.452571
f 1710 1707 1708
f 1709 1710 1708
v -0.848002 0.300000 0.480000
f 1711 1710 1709
v -0.878651 0.241349 0.480000
f 1712 1711 1709
f 1662 1712 1661
f 1712 1709 1661
v -0.868225 0.251775 0.551775
f 1713 1662 1663
f 1713 1712 1662
v -0.841147 0.300000 0.578853
f 1714 1711 1712
f 1713 1714 1712
v -0.839815 0.300000 0.600000
f 1715 1714 1713
v -0.861519 0.258481 0.600000
f 1716 1715 1713
f 1664 1716 1663
f 1716 1713 1663
v -0.821601 0.298399 0.718399
f 1717 1664 1665
f 1717 1716 1664
v -0.820604 0.300000 0.719396
f 1718 1715 1716
f 1717 1718 1716
v -0.820515 0.300000 0.720000
f 1719 1718 1717
v -0.821079 0.298921 0.720000
f 1720 1719 1717
f 1666 1720 1665
f 1720 1717 1665
v -0.820000 0.247569 0.840000
v -0.820000 0.264393 0.804393
f 1721 1722 1669
f 1722 1666 1669
v -0.820000 0.300000 0.722047
f 1722 1723 1666
f 1723 1720 1666
f 1723 1719 1720
f 1670 1721 1669
v -0.820000 0.222539 0.882539
f 1674 1724 1670
f 1724 1721 1670
v -0.890796 0.349204 -1.510796
v -0.881185 0.340699 -1.519301
f 1725 1726 1682
f 1725 1682 1681
v -0.883896 0.356104 -1.522822
f 1726 1725 1727
v -0.888369 0.404359 -1.536821
v -0.903357 0.420000 -1.523357
v -0.889559 0.420000 -1.541703
f 1728 1729 1730
f 1727 1725 1729
f 1727 1729 1728
f 931 1729 928
f 1729 1725 928
v -0.924023 0.315977 -1.440000
f 1731 929 928
f 1725 1731 928
f 1683 1731 1681
f 1731 1725 1681
v -0.928603 0.311397 -1.428603
f 1732 1683 1686
f 1732 1731 1683
f 1732 929 1731
f 1732 935 929
f 1732 903 935
f 1732 1686 903
v -0.932760 0.420000 -0.720000
f 1733 957 956
v -0.906014 0.333986 -0.720000
f 927 1734 956
f 1734 1733 956
f 1693 1734 927
v -0.820000 0.353890 -0.600000
f 1696 1735 1693
v -0.857831 0.382169 -0.637831
f 1735 1736 1693
f 1736 1734 1693
v -0.908696 0.420000 -0.688696
f 1737 1733 1734
f 1736 1737 1734
v -0.842058 0.420000 -0.600000
f 1738 1737 1736
v -0.836792 0.403208 -0.600000
f 1739 1738 1736
f 1735 1739 1736
v -0.820000 0.420000 -0.577120
f 1735 1740 1739
f 1740 1738 1739
v -0.820000 0.316192 0.240000
f 1741 1701 1702
f 1703 1741 1702
v -0.820000 0.335345 0.360000
v -0.820000 0.319081 0.259081
f 1742 1743 1706
f 1743 1703 1706
f 1743 1741 1703
f 1707 1742 1706
v -0.820000 0.339150 0.480000
v -0.820000 0.336443 0.396443
f 1744 1745 1710
f 1745 1707 1710
f 1745 1742 1707
f 1711 1744 1710
v -0.820000 0.327710 0.600000
v -0.820000 0.335919 0.515919
f 1746 1747 1714
f 1747 1711 1714
f 1747 1744 1711
f 1715 1746 1714
v -0.820000 0.300720 0.720000
v -0.820000 0.322917 0.622917
f 1748 1749 1718
f 1749 1715 1718
f 1749 1746 1715
f 1719 1748 1718
v -0.820000 0.300542 0.720542
f 1723 1750 1719
f 1750 1748 1719
v -0.883147 0.527562 -1.572438
v -0.893872 0.540000 -1.560000
v -0.881462 0.540000 -1.575036
f 1751 1752 1753
v -0.887038 0.492209 -1.560000
f 1754 1752 1751
v -0.906639 0.453361 -1.526639
v -0.889617 0.434947 -1.545053
f 1755 1756 1730
f 1755 1730 1729
v -0.889092 0.470908 -1.553236
f 1756 1755 1757
v -0.888046 0.482964 -1.556910
v -0.913703 0.540000 -1.533703
f 1758 1759 1752
f 1758 1752 1754
f 1757 1755 1759
f 1757 1759 1758
f 960 1759 958
f 1759 1755 958
f 1755 931 958
f 1755 1729 931
v -0.933761 0.426239 -0.720000
f 1760 980 957
f 1733 1760 957
v -0.920906 0.439094 -0.700906
f 1761 1733 1737
f 1761 1760 1733
f 1761 980 1760
v -0.860587 0.540000 -0.600000
f 1762 985 980
f 1761 1762 980
v -0.855497 0.504503 -0.600000
f 1763 1762 1761
f 1738 1763 1737
f 1763 1761 1737
v -0.820000 0.446822 -0.573178
f 1740 1764 1738
v -0.820000 0.540000 -0.558079
f 1764 1765 1738
f 1765 1763 1738
f 1765 1762 1763
v -0.858927 0.630471 -1.598927
v -0.858494 0.660000 -1.598494
v -0.848453 0.660000 -1.608777
f 1766 1767 1768
v -0.861249 0.623663 -1.596337
v -0.890278 0.660000 -1.560000
f 1769 1770 1767
f 1769 1767 1766
v -0.863377 0.616623 -1.594010
v -0.892364 0.587636 -1.560000
f 1771 1772 1770
f 1771 1770 1769
f 1753 1752 1772
v -0.876464 0.563887 -1.580176
f 1753 1772 1773
f 1773 1772 1771
v -0.913179 0.566821 -1.533179
f 1774 1752 1759
f 1774 1772 1752
v -0.911647 0.660000 -1.531647
f 1775 1770 1772
f 1774 1775 1772
f 988 1775 986
f 1775 1774 986
f 1774 960 986
f 1774 1759 960
v -0.856900 0.660000 -0.600000
f 1776 1009 1008
v -0.857998 0.622002 -0.600000
f 985 1777 1008
f 1777 1776 1008
f 1762 1777 985
v -0.820000 0.580706 -0.559294
f 1765 1778 1762
v -0.820000 0.660000 -0.561886
f 1778 1779 1762
f 1779 1777 1762
f 1779 1776 1777
v -0.831062 0.699626 -1.616951
f 1780 1768 1767
v -0.847362 0.752638 -1.587362
v -0.822384 0.718832 -1.621168
f 1781 1782 1780
f 1781 1780 1767
v -0.820000 0.780000 -1.609716
v -0.820000 0.723032 -1.622702
f 1783 1784 1782
f 1783 1782 1781
v -0.844523 0.780000 -1.584523
f 1785 1783 1781
v -0.864833 0.780000 -1.560000
f 1786 1785 1781
v -0.876305 0.723695 -1.560000
f 1787 1786 1781
f 1770 1787 1767
f 1787 1781 1767
v -0.907219 0.692781 -1.527219
f 1788 1770 1775
f 1788 1787 1770
v -0.897070 0.780000 -1.517070
f 1789 1786 1787
f 1788 1789 1787
f 1012 1789 1010
f 1789 1788 1010
f 1788 988 1010
f 1788 1775 988
v -0.922310 0.780000 -0.720000
f 1790 1030 1029
f 1028 1790 1029
v -0.863563 0.780000 -0.643563
f 1791 1790 1028
v -0.830828 0.780000 -0.600000
f 1031 1792 1028
f 1792 1791 1028
v -0.833605 0.766395 -0.600000
f 1009 1793 1031
f 1793 1792 1031
f 1776 1793 1009
v -0.820000 0.691566 -0.568434
f 1779 1794 1776
v -0.820000 0.780000 -0.588815
f 1794 1795 1776
f 1795 1793 1776
f 1795 1792 1793
v -0.820000 0.891175 -1.560000
f 1796 1783 1785
f 1786 1796 1785
v -0.882949 0.837051 -1.502949
f 1797 1786 1789
v -0.820000 0.900000 -1.555063
f 1798 1796 1786
f 1797 1798 1786
v -0.869175 0.900000 -1.489175
f 1799 1798 1797
v -0.900628 0.900000 -1.440000
f 1800 1799 1797
f 1032 1800 1012
f 1800 1797 1012
f 1797 1789 1012
v -0.914131 0.900000 -1.414131
f 1801 1800 1032
f 1034 1801 1032
v -0.876102 0.900000 -0.720000
f 1802 1047 1046
v -0.910301 0.809699 -0.720000
f 1030 1803 1046
f 1803 1802 1046
f 1790 1803 1030
v -0.820000 0.806887 -0.600000
v -0.820000 0.869467 -0.630533
f 1804 1805 1791
f 1805 1790 1791
v -0.820000 0.900000 -0.647235
f 1805 1806 1790
f 1806 1803 1790
f 1806 1802 1803
f 1792 1804 1791
v -0.820000 0.788086 -0.591914
f 1795 1807 1792
f 1807 1804 1792
v -0.820000 0.929902 -1.530098
f 1808 1798 1799
v -0.829885 1.010115 -1.449885
f 1809 1808 1799
v -0.820000 1.020000 -1.455707
f 1810 1808 1809
v -0.826684 1.020000 -1.446684
f 1811 1810 1809
v -0.830991 1.020000 -1.440000
f 1812 1811 1809
v -0.845121 0.994879 -1.440000
f 1813 1812 1809
f 1800 1813 1799
f 1813 1809 1799
v -0.896543 0.943457 -1.396543
f 1814 1800 1801
f 1814 1813 1800
v -0.868175 1.020000 -1.368175
f 1815 1812 1813
f 1814 1815 1813
v -0.889953 1.020000 -1.320000
f 1816 1815 1814
f 1048 1816 1034
f 1816 1814 1034
f 1814 1801 1034
v -0.901336 1.020000 -1.281336
f 1817 1816 1048
f 1050 1817 1048
v -0.939684 1.020000 -0.840000
f 1818 1059 1057
f 1056 1818 1057
v -0.820000 0.995586 -0.720000
v -0.820000 1.007921 -0.732079
v -0.867844 0.972156 -0.767844
f 1819 1820 1821
v -0.820000 1.020000 -0.742496
f 1820 1822 1821
f 1821 1822 1056
f 1822 1818 1056
f 1061 1821 1056
f 1047 1821 1061
f 1819 1821 1047
f 1802 1819 1047
v -0.820000 0.942538 -0.677462
f 1806 1823 1802
f 1823 1819 1802
v -0.820000 1.034420 -1.440000
f 1824 1810 1811
f 1812 1824 1811
v -0.820000 1.111693 -1.320000
v -0.820000 1.059296 -1.400704
f 1825 1826 1815
f 1826 1812 1815
f 1826 1824 1812
f 1816 1825 1815
v -0.862982 1.097018 -1.242982
f 1827 1816 1817
v -0.820000 1.140000 -1.267675
f 1828 1825 1816
f 1827 1828 1816
v -0.842250 1.140000 -1.222250
f 1829 1828 1827
v -0.889951 1.140000 -1.200000
f 1830 1829 1827
f 1062 1830 1050
f 1830 1827 1050
f 1827 1817 1050
v -0.922514 1.140000 -1.182514
f 1831 1830 1062
f 1064 1831 1062
v -0.932137 1.140000 -0.840000
f 1832 1068 1066
v -0.938679 1.021321 -0.840000
f 1059 1833 1066
f 1833 1832 1066
f 1818 1833 1059
v -0.820000 1.068055 -0.791945
f 1822 1834 1818
v -0.820000 1.140000 -0.823591
f 1834 1835 1818
f 1835 1833 1818
f 1835 1832 1833
v -0.820000 1.212880 -1.200000
f 1836 1828 1829
f 1830 1836 1829
v -0.923838 1.156162 -1.183838
f 1837 1830 1831
v -0.820000 1.260000 -1.185204
f 1838 1836 1830
f 1837 1838 1830
v -0.923848 1.260000 -1.183848
f 1839 1838 1837
f 1072 1839 1070
f 1839 1837 1070
f 1837 1064 1070
f 1837 1831 1064
v -0.820000 1.253574 -0.840000
v -0.820000 1.259252 -0.840748
v -0.820659 1.259341 -0.840659
f 1840 1841 1842
v -0.820000 1.260000 -0.840658
f 1841 1843 1842
v -0.820565 1.260000 -0.840565
f 1843 1844 1842
v -0.830146 1.260000 -0.840000
f 1844 1845 1842
f 1842 1845 1068
f 1845 1074 1068
f 1840 1842 1068
f 1832 1840 1068
v -0.820000 1.150758 -0.829242
f 1835 1846 1832
f 1846 1840 1832
v -0.933172 1.260000 -0.833172
f 1845 1847 1074
f 1847 1076 1074
v -0.820000 1.274271 -1.185729
f 1848 1838 1839
v -0.924415 1.275585 -1.184415
f 1849 1848 1839
v -0.820000 1.380000 -1.180273
f 1850 1848 1849
v -0.926732 1.380000 -1.186732
f 1851 1850 1849
f 1080 1851 1078
f 1851 1849 1078
f 1849 1072 1078
f 1849 1839 1072
v -0.820000 1.297017 -0.840000
f 1843 1852 1844
f 1852 1845 1844
v -0.934026 1.265974 -0.834026
f 1845 1853 1847
v -0.820000 1.380000 -0.838712
f 1854 1853 1845
f 1852 1854 1845
v -0.931699 1.380000 -0.831699
f 1854 1855 1853
f 1853 1855 1082
f 1855 1084 1082
f 1076 1853 1082
f 1847 1853 1076
v -0.820000 1.400603 -1.179397
f 1856 1850 1851
v -0.926102 1.393898 -1.186102
f 1857 1856 1851
v -0.820000 1.500000 -1.177407
f 1858 1856 1857
v -0.924318 1.500000 -1.184318
f 1859 1858 1857
f 1088 1859 1086
f 1859 1857 1086
f 1857 1080 1086
f 1857 1851 1080
v -0.820000 1.443765 -0.840000
v -0.820000 1.498760 -0.841240
v -0.821046 1.498954 -0.841046
f 1860 1861 1862
v -0.820000 1.500000 -0.841308
f 1861 1863 1862
v -0.821094 1.500000 -0.841094
f 1863 1864 1862
v -0.836949 1.500000 -0.840000
f 1864 1865 1862
v -0.833687 1.486313 -0.840000
f 1865 1866 1862
f 1866 1860 1862
v -0.820000 1.381272 -0.838728
v -0.931797 1.388203 -0.831797
f 1867 1868 1855
f 1854 1867 1855
f 1868 1867 1866
f 1867 1860 1866
v -0.933483 1.500000 -0.833483
f 1869 1868 1866
f 1865 1869 1866
f 1868 1869 1090
f 1869 1092 1090
f 1084 1868 1090
f 1855 1868 1084
v -0.820000 1.525425 -1.174575
f 1870 1858 1859
v -0.922193 1.517807 -1.182193
f 1871 1870 1859
v -0.820000 1.620000 -1.169087
f 1872 1870 1871
v -0.916136 1.620000 -1.176136
f 1873 1872 1871
f 1096 1873 1094
f 1873 1871 1094
f 1871 1088 1094
f 1871 1859 1088
v -0.820000 1.611627 -0.848373
v -0.827076 1.612924 -0.847076
f 1874 1875 1864
f 1863 1874 1864
v -0.820000 1.620000 -0.849584
f 1874 1876 1875
v -0.828079 1.620000 -0.848079
f 1876 1877 1875
v -0.931222 1.620000 -0.840000
f 1877 1878 1875
v -0.883391 1.556609 -0.840000
f 1878 1879 1875
f 1875 1879 1864
f 1879 1865 1864
v -0.933685 1.506315 -0.833685
f 1865 1880 1869
f 1879 1880 1865
v -0.939414 1.620000 -0.839414
f 1881 1880 1879
f 1878 1881 1879
f 1880 1881 1098
f 1881 1100 1098
f 1092 1880 1098
f 1869 1880 1092
v -0.820000 1.657216 -1.162784
f 1882 1872 1873
v -0.910799 1.649201 -1.170799
f 1883 1882 1873
v -0.820000 1.740000 -1.154543
f 1884 1882 1883
v -0.901140 1.740000 -1.161140
f 1885 1884 1883
f 1104 1885 1102
f 1885 1883 1102
f 1883 1096 1102
f 1883 1873 1096
v -0.820000 1.719738 -0.860262
v -0.837343 1.722657 -0.857343
f 1886 1887 1877
f 1876 1886 1877
v -0.820000 1.740000 -0.864734
f 1886 1888 1887
v -0.841000 1.740000 -0.861000
f 1888 1889 1887
f 1887 1889 1107
f 1889 1109 1107
v -0.936085 1.623915 -0.840000
f 1890 1887 1107
f 1106 1890 1107
f 1887 1890 1877
f 1890 1878 1877
v -0.939443 1.620557 -0.839443
f 1878 1891 1881
f 1890 1891 1878
f 1106 1891 1890
f 1112 1891 1106
f 1100 1891 1112
f 1881 1891 1100
v -0.820000 1.798241 -1.141759
f 1892 1884 1885
v -0.888941 1.791059 -1.148941
f 1893 1892 1885
v -0.820000 1.860000 -1.132839
f 1894 1892 1893
v -0.878047 1.860000 -1.138047
f 1895 1894 1893
f 1116 1895 1114
f 1895 1893 1114
f 1893 1104 1114
f 1893 1885 1104
v -0.820000 1.822493 -0.877507
v -0.852502 1.827498 -0.872502
f 1896 1897 1889
f 1888 1896 1889
v -0.820000 1.860000 -0.888209
f 1896 1898 1897
v -0.861097 1.860000 -0.881097
f 1898 1899 1897
f 1897 1899 1118
f 1899 1120 1118
f 1109 1897 1118
f 1889 1897 1109
v -0.820000 1.951439 -1.108561
f 1900 1894 1895
v -0.852535 1.947465 -1.112535
f 1901 1900 1895
v -0.820000 1.980000 -1.103080
f 1902 1900 1901
v -0.845594 1.980000 -1.105594
f 1903 1902 1901
f 1124 1903 1122
f 1903 1901 1122
f 1901 1116 1122
f 1901 1895 1116
v -0.820000 1.919522 -0.900478
v -0.872889 1.927111 -0.892889
f 1904 1905 1899
f 1898 1904 1899
v -0.820000 1.980000 -0.921273
f 1904 1906 1905
v -0.889361 1.980000 -0.909361
f 1906 1907 1905
f 1905 1907 1126
f 1907 1128 1126
f 1120 1905 1126
f 1899 1905 1120
v -0.820000 2.054495 -1.080000
f 1908 1902 1903
v -0.924820 2.100000 -1.080000
f 1132 1909 1130
v -0.850895 2.069105 -1.080000
f 1909 1910 1130
f 1910 1124 1130
f 1910 1908 1124
f 1908 1903 1124
v -0.820000 2.087649 -0.960000
v -0.820000 2.082340 -0.977660
v -0.830706 2.089294 -0.970706
f 1911 1912 1913
f 1913 1912 1910
f 1912 1908 1910
v -0.899333 2.100000 -1.039333
f 1914 1913 1910
f 1909 1914 1910
v -0.848541 2.100000 -0.960000
f 1914 1915 1913
v -0.828360 2.091640 -0.960000
f 1915 1916 1913
f 1916 1911 1913
v -0.820000 2.010735 -0.929265
v -0.898558 2.021442 -0.918558
f 1917 1918 1907
f 1906 1917 1907
f 1918 1917 1916
f 1917 1911 1916
v -0.926516 2.100000 -0.946516
f 1919 1918 1916
f 1915 1919 1916
f 1918 1919 1134
f 1919 1136 1134
f 1128 1918 1134
f 1907 1918 1128
v -0.935524 2.104476 -1.080000
f 1138 1920 1132
f 1920 1909 1132
v -0.934653 2.105347 -1.074653
f 1909 1921 1914
f 1920 1921 1909
f 1138 1921 1920
f 1141 1921 1138
v -0.912913 2.127087 -0.960000
f 1922 1921 1141
f 1140 1922 1141
f 1921 1922 1914
f 1922 1915 1914
v -0.929376 2.110624 -0.949376
f 1915 1923 1919
f 1922 1923 1915
f 1140 1923 1922
f 1144 1923 1140
f 1136 1923 1144
f 1919 1923 1136
v -0.726990 -1.350000 -1.226990
v -0.700000 -1.300177 -1.200000
v -0.700000 -1.350000 -1.234856
f 1924 1925 1926
v -0.796128 -1.350000 -1.200000
v -0.784293 -1.344293 -1.200000
v -0.790000 -1.350000 -1.202057
f 1927 1928 1929
f 1929 1928 1925
v -0.774900 -1.350000 -1.208032
f 1929 1925 1930
f 1930 1925 1924
v -0.700000 -1.260000 -1.163727
f 1931 1925 1928
v -0.813170 -1.350000 -1.193170
v -0.759772 -1.260000 -1.139772
f 1927 1932 1933
f 1927 1933 1928
f 1933 1931 1928
f 1151 1150 1933
f 1151 1933 1932
v -0.806393 -1.260000 -0.360000
f 1934 1166 1162
v -0.817119 -1.350000 -0.362053
f 1165 1935 1162
v -0.813984 -1.350000 -0.360000
f 1935 1936 1934
f 1935 1934 1162
v -0.700000 -1.350000 -0.315756
v -0.700000 -1.336644 -0.316644
v -0.735552 -1.350000 -0.330000
f 1937 1938 1939
v -0.700000 -1.260000 -0.311128
f 1939 1938 1940
v -0.786556 -1.350000 -0.347782
f 1939 1940 1941
v -0.790000 -1.350000 -0.348983
f 1941 1940 1942
f 1942 1940 1934
f 1942 1934 1936
v -0.750307 -1.350000 0.549693
v -0.700000 -1.260426 0.600000
v -0.700000 -1.350000 0.537957
f 1943 1944 1945
v -0.700743 -1.260743 0.600000
f 1173 1172 1946
v -0.790000 -1.350000 0.562223
f 1173 1946 1947
f 1947 1946 1944
v -0.789893 -1.350000 0.562190
f 1947 1944 1948
f 1948 1944 1943
v -0.700000 -1.260000 0.600378
f 1949 1944 1946
v -0.790618 -1.260000 0.629382
f 1172 1950 1946
f 1950 1949 1946
f 1179 1950 1172
v -0.733585 -1.350000 1.479982
v -0.700000 -1.332900 1.487100
v -0.768053 -1.350000 1.470000
f 1951 1952 1953
v -0.700000 -1.350000 1.489709
f 1954 1952 1951
v -0.700000 -1.260000 1.488004
f 1953 1952 1955
v -0.790000 -1.350000 1.464553
f 1953 1955 1956
v -0.805512 -1.260000 1.454488
f 1956 1955 1957
v -0.797982 -1.350000 1.462018
f 1956 1957 1958
v -0.818216 -1.350000 1.457004
f 1958 1957 1959
f 1959 1957 1190
f 1959 1190 1189
v -0.700000 -1.199545 -1.080000
f 1960 1931 1933
v -0.791301 -1.231301 -1.080000
f 1192 1961 1150
f 1961 1960 1150
f 1960 1933 1150
v -0.700000 -1.140000 -1.023792
f 1962 1960 1961
v -0.747837 -1.140000 -1.007837
f 1192 1963 1961
f 1963 1962 1961
f 1194 1963 1192
v -0.810796 -1.250796 -0.360000
f 1964 1204 1166
f 1934 1964 1166
v -0.700000 -1.208384 -0.308384
f 1940 1965 1934
v -0.700000 -1.140000 -0.295503
f 1965 1966 1934
f 1966 1964 1934
v -0.806543 -1.140000 -0.346543
f 1966 1967 1964
f 1967 1204 1964
f 1967 1209 1204
v -0.700000 -1.144712 0.720000
f 1968 1949 1950
v -0.707561 -1.147561 0.720000
f 1210 1969 1179
f 1969 1968 1179
f 1968 1950 1179
v -0.700000 -1.140000 0.722699
f 1970 1968 1969
v -0.794053 -1.140000 0.745947
f 1210 1971 1969
f 1971 1970 1969
f 1212 1971 1210
v -0.700000 -1.211913 1.488087
v -0.805475 -1.245475 1.454525
f 1972 1973 1957
f 1955 1972 1957
v -0.700000 -1.140000 1.503349
f 1972 1974 1973
v -0.783741 -1.140000 1.476259
f 1974 1975 1973
f 1973 1975 1218
f 1975 1219 1218
f 1190 1973 1218
f 1957 1973 1190
v -0.700000 -1.086974 -1.026974
f 1976 1962 1963
v -0.750945 -1.070945 -1.010945
f 1977 1976 1963
v -0.700000 -1.020000 -1.011870
f 1978 1976 1977
v -0.738826 -1.020000 -0.998826
f 1979 1978 1977
v -0.814095 -1.020000 -0.960000
f 1980 1979 1977
f 1220 1980 1194
f 1980 1977 1194
f 1977 1963 1194
v -0.818122 -1.020000 -0.958122
f 1981 1980 1220
f 1222 1981 1220
v -0.700000 -1.071883 -0.291883
v -0.805014 -1.125014 -0.345014
f 1982 1983 1967
f 1966 1982 1967
v -0.700000 -1.020000 -0.288149
f 1982 1984 1983
v -0.792713 -1.020000 -0.332713
f 1984 1985 1983
f 1983 1985 1234
f 1985 1235 1234
f 1209 1983 1234
f 1967 1983 1209
v -0.700000 -1.137704 0.722296
f 1986 1970 1971
v -0.797253 -1.117253 0.742747
f 1987 1986 1971
v -0.700000 -1.020000 0.723098
f 1988 1986 1987
v -0.792240 -1.020000 0.747760
f 1989 1988 1987
f 1238 1989 1236
f 1989 1987 1236
f 1987 1212 1236
f 1987 1971 1212
v -0.700000 -1.069654 1.510346
v -0.777491 -1.097491 1.482509
f 1990 1991 1975
f 1974 1990 1975
v -0.700000 -1.020000 1.516840
f 1990 1992 1991
v -0.764004 -1.020000 1.495996
f 1992 1993 1991
f 1991 1993 1246
f 1993 1247 1246
f 1219 1991 1246
f 1975 1991 1219
v -0.700000 -0.946935 -1.006935
f 1994 1978 1979
v -0.734504 -0.934504 -0.994504
f 1995 1994 1979
v -0.700000 -0.900000 -1.004562
f 1996 1994 1995
v -0.733102 -0.900000 -0.993102
f 1997 1996 1995
v -0.798320 -0.900000 -0.960000
f 1998 1997 1995
v -0.813065 -1.013065 -0.960000
f 1999 1998 1995
f 1980 1999 1979
f 1999 1995 1979
v -0.817975 -1.017975 -0.957975
f 2000 1980 1981
f 2000 1999 1980
v -0.813027 -0.900000 -0.953027
f 2001 1998 1999
f 2000 2001 1999
f 1250 2001 1248
f 2001 2000 1248
f 2000 1222 1248
f 2000 1981 1222
v -0.700000 -0.951706 -0.291706
v -0.795201 -0.995201 -0.335201
f 2002 2003 1985
f 1984 2002 1985
v -0.700000 -0.900000 -0.295503
f 2002 2004 2003
v -0.806543 -0.900000 -0.346543
f 2004 2005 2003
f 2003 2005 1262
f 2005 1263 1262
f 1235 2003 1262
f 1985 2003 1235
v -0.700000 -1.016805 0.723195
f 2006 1988 1989
v -0.791558 -0.991558 0.748442
f 2007 2006 1989
v -0.700000 -0.900000 0.725729
f 2008 2006 2007
v -0.790105 -0.900000 0.749895
f 2009 2008 2007
f 1266 2009 1264
f 2009 2007 1264
f 2007 1238 1264
f 2007 1989 1238
v -0.700000 -0.944632 1.515368
v -0.765580 -0.965580 1.494420
f 2010 2011 1993
f 1992 2010 1993
v -0.700000 -0.900000 1.514169
f 2010 2012 2011
v -0.767913 -0.900000 1.492087
f 2012 2013 2011
f 2011 2013 1274
f 2013 1275 1274
f 1247 2011 1274
f 1993 2011 1247
v -0.700000 -0.806059 -0.986059
f 2014 1996 1997
v -0.718209 -0.798209 -0.978209
f 2015 2014 1997
v -0.700000 -0.780000 -0.982008
f 2016 2014 2015
v -0.716282 -0.780000 -0.976282
f 2017 2016 2015
v -0.748947 -0.780000 -0.960000
f 2018 2017 2015
v -0.781658 -0.861658 -0.960000
f 2019 2018 2015
f 1998 2019 1997
f 2019 2015 1997
v -0.811254 -0.891254 -0.951254
f 2020 1998 2001
f 2020 2019 1998
v -0.796537 -0.780000 -0.936537
f 2021 2018 2019
f 2020 2021 2019
f 1278 2021 1276
f 2021 2020 1276
f 2020 1250 1276
f 2020 2001 1250
v -0.787712 -0.780000 -0.360000
f 2022 1290 1289
f 1288 2022 1289
v -0.700000 -0.843730 -0.303730
v -0.809492 -0.889492 -0.349492
f 2023 2024 2005
f 2004 2023 2005
v -0.700000 -0.780000 -0.317953
f 2023 2025 2024
f 2024 2025 1288
f 2025 2022 1288
f 1291 2024 1288
f 1263 2024 1291
f 2005 2024 1263
v -0.700000 -0.892797 0.727203
f 2026 2008 2009
v -0.784352 -0.864352 0.755648
f 2027 2026 2009
v -0.700000 -0.780000 0.725847
f 2028 2026 2027
v -0.776505 -0.780000 0.763495
f 2029 2028 2027
f 1294 2029 1292
f 2029 2027 1292
f 2027 1266 1292
f 2027 2009 1266
v -0.700000 -0.834652 1.505348
v -0.776595 -0.856595 1.483405
f 2030 2031 2013
f 2012 2030 2013
v -0.700000 -0.780000 1.494972
f 2030 2032 2031
v -0.795908 -0.780000 1.464092
f 2032 2033 2031
f 2031 2033 1302
f 2033 1303 1302
f 1275 2031 1302
f 2013 2031 1275
v -0.700000 -0.710828 -0.960000
f 2034 2016 2017
f 2018 2034 2017
v -0.785794 -0.745794 -0.925794
f 2035 2018 2021
v -0.700000 -0.660000 -0.939849
f 2036 2034 2018
f 2035 2036 2018
v -0.765906 -0.660000 -0.905906
f 2037 2036 2035
f 1306 2037 1304
f 2037 2035 1304
f 2035 1278 1304
f 2035 2021 1278
v -0.702903 -0.660000 -0.360000
f 2038 1321 1320
v -0.709098 -0.669098 -0.360000
f 1290 2039 1320
f 2039 2038 1320
f 2022 2039 1290
v -0.700000 -0.734997 -0.314997
f 2025 2040 2022
v -0.700000 -0.660000 -0.357864
f 2040 2041 2022
f 2041 2039 2022
f 2041 2038 2039
v -0.700000 -0.662294 -0.002294
v -0.700000 -0.663179 0.000000
v -0.701465 -0.661465 -0.001465
f 2042 2043 2044
v -0.700000 -0.660000 -0.006796
f 2045 2042 2044
v -0.702142 -0.660000 -0.002142
f 2046 2045 2044
v -0.703016 -0.660000 0.000000
f 2047 2046 2044
v -0.701609 -0.661609 0.000000
f 2048 2047 2044
f 2043 2048 2044
v -0.700000 -0.694788 0.085212
v -0.700000 -0.706285 0.120000
v -0.720317 -0.680317 0.099683
f 2049 2050 2051
f 2043 2049 2048
f 2049 2051 2048
v -0.733465 -0.660000 0.086535
f 2052 2047 2048
f 2051 2052 2048
v -0.743911 -0.660000 0.120000
f 2053 2052 2051
v -0.723469 -0.683469 0.120000
f 2054 2053 2051
f 2050 2054 2051
v -0.700000 -0.721328 0.178672
v -0.700000 -0.735387 0.240000
v -0.734575 -0.694575 0.205425
f 2055 2056 2057
f 2050 2055 2054
f 2055 2057 2054
v -0.758798 -0.660000 0.181202
f 2058 2053 2054
f 2057 2058 2054
v -0.771528 -0.660000 0.240000
f 2059 2058 2057
v -0.738290 -0.698290 0.240000
f 2060 2059 2057
f 2056 2060 2057
v -0.700000 -0.740935 0.279065
v -0.700000 -0.751275 0.360000
v -0.743788 -0.703788 0.316212
f 2061 2062 2063
f 2056 2061 2060
f 2061 2063 2060
v -0.777284 -0.660000 0.282716
f 2064 2059 2060
f 2063 2064 2060
v -0.786608 -0.660000 0.360000
f 2065 2064 2063
v -0.746407 -0.706407 0.360000
f 2066 2065 2063
f 2062 2066 2063
v -0.700000 -0.752065 0.387935
v -0.700000 -0.754428 0.480000
v -0.747450 -0.707450 0.432550
f 2067 2068 2069
f 2062 2067 2066
f 2067 2069 2066
v -0.787480 -0.660000 0.392520
f 2070 2065 2066
f 2069 2070 2066
v -0.789600 -0.660000 0.480000
f 2071 2070 2069
v -0.748019 -0.708019 0.480000
f 2072 2071 2069
f 2068 2072 2069
v -0.700000 -0.752071 0.507929
v -0.700000 -0.744945 0.600000
v -0.744791 -0.704791 0.555209
f 2073 2074 2075
f 2068 2073 2072
f 2073 2075 2072
v -0.786954 -0.660000 0.513046
f 2076 2071 2072
f 2075 2076 2072
v -0.780599 -0.660000 0.600000
f 2077 2076 2075
v -0.744767 -0.704767 0.600000
f 2078 2077 2075
f 2074 2078 2075
v -0.700000 -0.736514 0.643486
v -0.700000 -0.768767 0.720000
v -0.736205 -0.696205 0.683795
f 2079 2080 2081
f 2074 2079 2078
f 2079 2081 2078
v -0.771717 -0.660000 0.648283
f 2082 2077 2078
f 2081 2082 2078
v -0.767800 -0.660000 0.720000
f 2083 2082 2081
v -0.755910 -0.715910 0.720000
f 2084 2083 2081
f 2080 2084 2081
v -0.700000 -0.771768 0.728232
f 2085 2028 2029
v -0.766026 -0.726026 0.773974
f 2086 2085 2029
f 2080 2085 2084
f 2085 2086 2084
v -0.777467 -0.660000 0.762533
f 2087 2083 2084
f 2086 2087 2084
f 1324 2087 1322
f 2087 2086 1322
f 2086 1294 1322
f 2086 2029 1294
v -0.754456 -0.660000 1.440000
f 2088 1334 1332
f 1331 2088 1332
v -0.700000 -0.736043 1.483957
v -0.802409 -0.762409 1.457591
f 2089 2090 2033
f 2032 2089 2033
v -0.700000 -0.660000 1.457287
f 2089 2091 2090
f 2090 2091 1331
f 2091 2088 1331
f 1335 2090 1331
f 1303 2090 1335
f 2033 2090 1303
v -0.700000 -0.605761 -0.905761
f 2092 2036 2037
v -0.727558 -0.567558 -0.867558
f 2093 2092 2037
v -0.700000 -0.540000 -0.867997
f 2094 2092 2093
v -0.718239 -0.540000 -0.858239
f 2095 2094 2093
v -0.743846 -0.540000 -0.840000
f 2096 2095 2093
f 1336 2096 1306
f 2096 2093 1306
f 2093 2037 1306
v -0.781316 -0.540000 -0.801316
f 2097 2096 1336
f 1338 2097 1336
v -0.767445 -0.540000 -0.480000
f 2098 1348 1347
f 1346 2098 1347
v -0.700000 -0.655560 -0.360000
v -0.700000 -0.570856 -0.390856
v -0.763058 -0.603058 -0.423058
f 2099 2100 2101
v -0.700000 -0.540000 -0.421390
f 2100 2102 2101
f 2101 2102 1346
f 2102 2098 1346
f 1349 2101 1346
f 1321 2101 1349
f 2099 2101 1321
f 2038 2099 1321
v -0.700000 -0.652632 -0.352632
f 2041 2103 2038
f 2103 2099 2038
v -0.700000 -0.580147 -0.160147
v -0.700000 -0.595684 -0.120000
v -0.724817 -0.564817 -0.144817
f 2104 2105 2106
v -0.700000 -0.540000 -0.197368
f 2107 2104 2106
v -0.728990 -0.540000 -0.148990
f 2108 2107 2106
v -0.742269 -0.540000 -0.120000
f 2109 2108 2106
v -0.724921 -0.564921 -0.120000
f 2110 2109 2106
f 2105 2110 2106
v -0.700000 -0.620097 -0.080097
f 2111 2045 2046
v -0.745359 -0.585359 -0.045359
f 2112 2111 2046
f 2105 2111 2110
f 2111 2112 2110
v -0.766920 -0.540000 -0.066920
f 2113 2109 2110
f 2112 2113 2110
v -0.793987 -0.540000 0.000000
f 2114 2113 2112
v -0.755553 -0.595553 0.000000
f 2115 2114 2112
f 2047 2115 2046
f 2115 2112 2046
v -0.766738 -0.606738 0.053262
f 2116 2047 2052
f 2116 2115 2047
v -0.800807 -0.540000 0.019193
f 2117 2114 2115
f 2116 2117 2115
f 1353 2117 1350
f 2117 2116 1350
v -0.778186 -0.618186 0.120000
f 2118 1351 1350
f 2116 2118 1350
f 2053 2118 2052
f 2118 2116 2052
v -0.783499 -0.623499 0.156501
f 2119 2053 2058
f 2119 2118 2053
f 2119 1351 2118
f 2119 1357 1351
v -0.793414 -0.633414 0.240000
f 2120 1358 1357
f 2119 2120 1357
f 2059 2120 2058
f 2120 2119 2058
v -0.795401 -0.635401 0.264599
f 2121 2059 2064
f 2121 2120 2059
f 2121 1358 2120
f 2121 1363 1358
v -0.801706 -0.641706 0.360000
f 2122 1364 1363
f 2121 2122 1363
f 2065 2122 2064
f 2122 2121 2064
v -0.801996 -0.641996 0.378004
f 2123 2065 2070
f 2123 2122 2065
f 2123 1364 2122
f 2123 1369 1364
v -0.803350 -0.643350 0.480000
f 2124 1370 1369
f 2123 2124 1369
f 2071 2124 2070
f 2124 2123 2070
v -0.802511 -0.642511 0.497489
f 2125 2071 2076
f 2125 2124 2071
f 2125 1370 2124
f 2125 1375 1370
v -0.798404 -0.638404 0.600000
f 2126 1376 1375
f 2125 2126 1375
f 2077 2126 2076
f 2126 2125 2076
v -0.795706 -0.635706 0.624294
f 2127 2077 2082
f 2127 2126 2077
f 2127 1376 2126
f 2127 1381 1376
v -0.793003 -0.633003 0.720000
f 2128 1382 1381
f 2127 2128 1381
f 2083 2128 2082
f 2128 2127 2082
v -0.786964 -0.626964 0.753036
f 2129 2083 2087
f 2129 2128 2083
f 2129 1382 2128
f 2129 1387 1382
f 2129 1324 1387
f 2129 2087 1324
v -0.700000 -0.622390 1.440000
v -0.700000 -0.568217 1.411783
v -0.740449 -0.580449 1.399551
f 2130 2131 2132
v -0.700000 -0.540000 1.390209
f 2131 2133 2132
v -0.790717 -0.540000 1.349283
f 2133 2134 2132
f 2132 2134 1402
f 2134 1403 1402
f 1334 2132 1402
f 2130 2132 1334
f 2088 2130 1334
v -0.700000 -0.647364 1.452636
f 2091 2135 2088
f 2135 2130 2088
v -0.700000 -0.500448 -0.840000
f 2136 2094 2095
f 2096 2136 2095
v -0.701145 -0.421145 -0.721145
f 2137 2096 2097
v -0.700000 -0.420000 -0.720979
f 2138 2136 2096
f 2137 2138 2096
v -0.700422 -0.420000 -0.720422
f 2139 2138 2137
v -0.700725 -0.420000 -0.720000
f 2140 2139 2137
f 1404 2140 1338
f 2140 2137 1338
f 2137 2097 1338
v -0.710303 -0.420000 -0.610303
f 2141 2140 1404
v -0.710881 -0.420000 -0.600000
f 1406 2142 1404
f 2142 2141 1404
f 1405 2142 1406
v -0.700000 -0.462842 -0.480000
v -0.700000 -0.442155 -0.502155
v -0.765218 -0.485218 -0.545218
f 2143 2144 2145
v -0.700000 -0.420000 -0.572665
f 2144 2146 2145
f 2145 2146 1405
f 2146 2142 1405
f 1407 2145 1405
f 1348 2145 1407
f 2143 2145 1348
f 2098 2143 1348
v -0.700000 -0.468957 -0.408957
f 2102 2147 2098
f 2147 2143 2098
v -0.700000 -0.483639 -0.303639
v -0.700000 -0.498941 -0.240000
v -0.734475 -0.454475 -0.274475
f 2148 2149 2150
v -0.700000 -0.420000 -0.315821
f 2151 2148 2150
v -0.731646 -0.420000 -0.271646
f 2152 2151 2150
v -0.744697 -0.420000 -0.240000
f 2153 2152 2150
v -0.730278 -0.450278 -0.240000
f 2154 2153 2150
f 2149 2154 2150
v -0.700000 -0.519666 -0.219666
f 2155 2107 2108
v -0.755494 -0.475494 -0.175494
f 2156 2155 2108
f 2149 2155 2154
f 2155 2156 2154
v -0.772252 -0.420000 -0.192252
f 2157 2153 2154
f 2156 2157 2154
v -0.808133 -0.420000 -0.120000
f 2158 2157 2156
v -0.771390 -0.491390 -0.120000
f 2159 2158 2156
f 2109 2159 2108
f 2159 2156 2108
v -0.782872 -0.502872 -0.082872
f 2160 2109 2113
f 2160 2159 2109
v -0.811919 -0.420000 -0.111919
f 2161 2158 2159
f 2160 2161 2159
f 1411 2161 1408
f 2161 2160 1408
v -0.803777 -0.523777 0.000000
f 2162 1409 1408
f 2160 2162 1408
f 2114 2162 2113
f 2162 2160 2113
v -0.806889 -0.526889 0.013111
f 2163 2114 2117
f 2163 2162 2114
f 2163 1409 2162
f 2163 1415 1409
f 2163 1353 1415
f 2163 2117 1353
v -0.799127 -0.420000 1.200000
f 2164 1454 1453
f 1452 2164 1453
v -0.700000 -0.437844 1.320000
v -0.700000 -0.429201 1.310799
v -0.715067 -0.435067 1.304933
f 2165 2166 2167
v -0.700000 -0.420000 1.299930
f 2166 2168 2167
f 2167 2168 1452
f 2168 2164 1452
f 1456 2167 1452
v -0.751937 -0.471937 1.320000
f 2169 2167 1456
f 1455 2169 1456
f 2169 2165 2167
v -0.700000 -0.494109 1.365891
v -0.805101 -0.525101 1.334899
f 2170 2171 2134
f 2133 2170 2134
f 2171 2170 2169
f 2170 2165 2169
f 1455 2171 2169
f 1457 2171 1455
f 1403 2171 1457
f 2134 2171 1403
v -0.700000 -0.415029 -0.720000
f 2172 2138 2139
f 2140 2172 2139
v -0.701913 -0.301913 -0.601913
f 2173 2140 2141
v -0.700000 -0.300000 -0.612397
f 2174 2172 2140
f 2173 2174 2140
v -0.701031 -0.300000 -0.601031
f 2175 2174 2173
v -0.701096 -0.300000 -0.600000
f 2176 2175 2173
v -0.702029 -0.302029 -0.600000
f 2177 2176 2173
f 2142 2177 2141
f 2177 2173 2141
v -0.700000 -0.345490 -0.525490
f 2146 2178 2142
v -0.700000 -0.300000 -0.573565
f 2178 2179 2142
f 2179 2177 2142
f 2179 2176 2177
v -0.700000 -0.361398 -0.421398
v -0.700000 -0.354932 -0.360000
v -0.721887 -0.321887 -0.381887
f 2180 2181 2182
v -0.700000 -0.300000 -0.462398
f 2183 2180 2182
v -0.718180 -0.300000 -0.378180
f 2184 2183 2182
v -0.721184 -0.300000 -0.360000
f 2185 2184 2182
v -0.717976 -0.317976 -0.360000
f 2186 2185 2182
f 2181 2186 2182
v -0.700000 -0.393237 -0.333237
f 2187 2151 2152
v -0.750518 -0.350518 -0.290518
f 2188 2187 2152
f 2181 2187 2186
f 2187 2188 2186
v -0.756328 -0.300000 -0.296328
f 2189 2185 2186
f 2188 2189 2186
v -0.787651 -0.300000 -0.240000
f 2190 2189 2188
v -0.765575 -0.365575 -0.240000
f 2191 2190 2188
f 2153 2191 2152
f 2191 2188 2152
v -0.782054 -0.382054 -0.202054
f 2192 2153 2157
f 2192 2191 2153
v -0.799532 -0.300000 -0.219532
f 2193 2190 2191
f 2192 2193 2191
f 1461 2193 1458
f 2193 2192 1458
v -0.811442 -0.411442 -0.120000
f 2194 1459 1458
f 2192 2194 1458
f 2158 2194 2157
f 2194 2192 2157
v -0.813677 -0.413677 -0.113677
f 2195 2158 2161
f 2195 2194 2158
f 2195 1459 2194
f 2195 1465 1459
f 2195 1411 1465
f 2195 2161 1411
v -0.759906 -0.300000 1.200000
f 2196 1499 1498
v -0.797898 -0.397898 1.200000
f 1454 2197 1498
f 2197 2196 1498
f 2164 2197 1454
v -0.700000 -0.339988 1.280012
f 2168 2198 2164
v -0.700000 -0.300000 1.278134
f 2198 2199 2164
f 2199 2197 2164
f 2199 2196 2197
v -0.700000 -0.187599 -0.847599
v -0.700000 -0.195795 -0.840000
v -0.703960 -0.183960 -0.843960
f 2200 2201 2202
v -0.700000 -0.180000 -0.861821
f 2203 2200 2202
v -0.705366 -0.180000 -0.845366
f 2204 2203 2202
v -0.705854 -0.180000 -0.840000
f 2205 2204 2202
v -0.705105 -0.185105 -0.840000
f 2206 2205 2202
f 2201 2206 2202
v -0.700000 -0.238362 -0.778362
v -0.700000 -0.279305 -0.720000
v -0.726071 -0.206071 -0.746071
f 2207 2208 2209
f 2201 2207 2206
f 2207 2209 2206
v -0.729115 -0.180000 -0.749115
f 2210 2205 2206
f 2209 2210 2206
v -0.733159 -0.180000 -0.720000
f 2211 2210 2209
v -0.731834 -0.211834 -0.720000
f 2212 2211 2209
f 2208 2212 2209
v -0.700000 -0.283302 -0.703302
f 2213 2174 2175
v -0.738117 -0.218117 -0.638117
f 2214 2213 2175
f 2208 2213 2212
f 2213 2214 2212
v -0.739585 -0.180000 -0.639585
f 2215 2211 2212
f 2214 2215 2212
v -0.742123 -0.180000 -0.600000
f 2216 2215 2214
v -0.739732 -0.219732 -0.600000
f 2217 2216 2214
f 2176 2217 2175
f 2217 2214 2175
v -0.700000 -0.291169 -0.480000
f 2179 2218 2176
v -0.734939 -0.214939 -0.514939
f 2218 2219 2176
f 2219 2217 2176
v -0.737175 -0.180000 -0.517175
f 2220 2216 2217
f 2219 2220 2217
v -0.737970 -0.180000 -0.480000
f 2221 2220 2219
v -0.733442 -0.213442 -0.480000
f 2222 2221 2219
f 2218 2222 2219
v -0.700000 -0.292396 -0.472396
f 2223 2183 2184
v -0.737451 -0.217451 -0.397451
f 2224 2223 2184
f 2218 2223 2222
f 2223 2224 2222
v -0.742256 -0.180000 -0.402256
f 2225 2221 2222
f 2224 2225 2222
v -0.750660 -0.180000 -0.360000
f 2226 2225 2224
v -0.742316 -0.222316 -0.360000
f 2227 2226 2224
f 2185 2227 2184
f 2227 2224 2184
v -0.762708 -0.242708 -0.302708
f 2228 2185 2189
f 2228 2227 2185
v -0.771378 -0.180000 -0.311378
f 2229 2226 2227
f 2228 2229 2227
v -0.806667 -0.180000 -0.240000
f 2230 2229 2228
v -0.792428 -0.272428 -0.240000
f 2231 2230 2228
f 2190 2231 2189
f 2231 2228 2189
v -0.801673 -0.281673 -0.221673
f 2232 2190 2193
f 2232 2231 2190
v -0.811573 -0.180000 -0.231573
f 2233 2230 2231
f 2232 2233 2231
f 1502 2233 1500
f 2233 2232 1500
f 2232 1461 1500
f 2232 2193 1461
v -0.770783 -0.180000 1.200000
f 2234 1527 1526
v -0.769696 -0.249696 1.200000
f 1499 2235 1526
f 2235 2234 1526
f 2196 2235 1499
v -0.700000 -0.204348 1.295652
f 2199 2236 2196
v -0.700000 -0.180000 1.301424
f 2236 2237 2196
f 2237 2235 2196
f 2237 2234 2235
v -0.700000 -0.066416 -1.326416
v -0.700000 -0.069172 -1.320000
v -0.704245 -0.064245 -1.324245
f 2238 2239 2240
v -0.700000 -0.060000 -1.339549
f 2241 2238 2240
v -0.707276 -0.060000 -1.327276
f 2242 2241 2240
v -0.711125 -0.060000 -1.320000
f 2243 2242 2240
v -0.705221 -0.065221 -1.320000
f 2244 2243 2240
f 2239 2244 2240
v -0.700000 -0.093270 -1.233270
v -0.700000 -0.101480 -1.200000
v -0.720894 -0.080894 -1.220894
f 2245 2246 2247
f 2239 2245 2244
f 2245 2247 2244
v -0.738567 -0.060000 -1.238567
f 2248 2243 2244
f 2247 2248 2244
v -0.750290 -0.060000 -1.200000
f 2249 2248 2247
v -0.723647 -0.083647 -1.200000
f 2250 2249 2247
f 2246 2250 2247
v -0.700000 -0.106545 -1.126545
v -0.700000 -0.115042 -1.080000
v -0.727291 -0.087291 -1.107291
f 2251 2252 2253
f 2246 2251 2250
f 2251 2253 2250
v -0.755667 -0.060000 -1.135667
f 2254 2249 2250
f 2253 2254 2250
v -0.759932 -0.060000 -1.080000
f 2255 2254 2253
v -0.728807 -0.088807 -1.080000
f 2256 2255 2253
f 2252 2256 2253
v -0.700000 -0.113259 -1.013259
v -0.700000 -0.131796 -0.960000
v -0.727514 -0.087514 -0.987514
f 2257 2258 2259
f 2252 2257 2256
f 2257 2259 2256
v -0.758133 -0.060000 -1.018133
f 2260 2255 2256
f 2259 2260 2256
v -0.751237 -0.060000 -0.960000
f 2261 2260 2259
v -0.728654 -0.088654 -0.960000
f 2262 2261 2259
f 2258 2262 2259
v -0.700000 -0.136648 -0.916648
f 2263 2203 2204
v -0.732560 -0.092560 -0.872560
f 2264 2263 2204
f 2258 2263 2262
f 2263 2264 2262
v -0.756323 -0.060000 -0.896323
f 2265 2261 2262
f 2264 2265 2262
v -0.751223 -0.060000 -0.840000
f 2266 2265 2264
v -0.734770 -0.094770 -0.840000
f 2267 2266 2264
f 2205 2267 2204
f 2267 2264 2204
v -0.743514 -0.103514 -0.763514
f 2268 2205 2210
f 2268 2267 2205
v -0.761136 -0.060000 -0.781136
f 2269 2266 2267
f 2268 2269 2267
v -0.759823 -0.060000 -0.720000
f 2270 2269 2268
v -0.748490 -0.108490 -0.720000
f 2271 2270 2268
f 2211 2271 2210
f 2271 2268 2210
v -0.753048 -0.113048 -0.653048
f 2272 2211 2215
f 2272 2271 2211
v -0.764486 -0.060000 -0.664486
f 2273 2270 2271
f 2272 2273 2271
v -0.765580 -0.060000 -0.600000
f 2274 2273 2272
v -0.755850 -0.115850 -0.600000
f 2275 2274 2272
f 2216 2275 2215
f 2275 2272 2215
v -0.751247 -0.111247 -0.531247
f 2276 2216 2220
f 2276 2275 2216
v -0.760936 -0.060000 -0.540936
f 2277 2274 2275
f 2276 2277 2275
v -0.758959 -0.060000 -0.480000
f 2278 2277 2276
v -0.752152 -0.112152 -0.480000
f 2279 2278 2276
f 2221 2279 2220
f 2279 2276 2220
v -0.748551 -0.108551 -0.408551
f 2280 2221 2225
f 2280 2279 2221
v -0.755271 -0.060000 -0.415271
f 2281 2278 2279
f 2280 2281 2279
v -0.760370 -0.060000 -0.360000
f 2282 2281 2280
v -0.757284 -0.117284 -0.360000
f 2283 2282 2280
f 2226 2283 2225
f 2283 2280 2225
v -0.770348 -0.130348 -0.310348
f 2284 2226 2229
f 2284 2283 2226
v -0.773315 -0.060000 -0.313315
f 2285 2282 2283
f 2284 2285 2283
v -0.802947 -0.060000 -0.240000
f 2286 2285 2284
v -0.806240 -0.166240 -0.240000
f 2287 2286 2284
f 2230 2287 2229
f 2287 2284 2229
v -0.811373 -0.171373 -0.231373
f 2288 2230 2233
f 2288 2287 2230
v -0.809184 -0.060000 -0.229184
f 2289 2286 2287
f 2288 2289 2287
f 1530 2289 1528
f 2289 2288 1528
f 2288 1502 1528
f 2288 2233 1502
v -0.766886 -0.060000 1.200000
f 2290 1553 1552
v -0.769039 -0.129039 1.200000
f 1527 2291 1552
f 2291 2290 1552
f 2234 2291 1527
v -0.700000 -0.083019 1.296981
f 2237 2292 2234
v -0.700000 -0.060000 1.295848
f 2292 2293 2234
f 2293 2291 2234
f 2293 2290 2291
v -0.752393 0.050585 -1.449415
v -0.766361 0.060000 -1.440000
v -0.759828 0.060000 -1.450250
f 2294 2295 2296
v -0.733470 0.026530 -1.442710
v -0.734231 0.025769 -1.440000
f 2297 2298 2295
f 2297 2295 2294
v -0.726537 0.018732 -1.440000
f 2299 2298 2297
v -0.700000 -0.025778 -1.405778
f 2300 2241 2242
v -0.754475 0.005525 -1.374475
f 2301 2300 2242
v -0.700000 -0.010738 -1.431206
f 2299 2302 2300
f 2299 2300 2298
f 2300 2301 2298
v -0.786453 0.060000 -1.406453
f 2303 2295 2298
f 2301 2303 2298
f 1557 2303 1554
f 2303 2301 1554
v -0.768186 -0.008186 -1.320000
f 2304 1555 1554
f 2301 2304 1554
f 2243 2304 2242
f 2304 2301 2242
v -0.775948 -0.015948 -1.275948
f 2305 2243 2248
f 2305 2304 2243
f 2305 1555 2304
f 2305 1561 1555
v -0.786907 -0.026907 -1.200000
f 2306 1562 1561
f 2305 2306 1561
f 2249 2306 2248
f 2306 2305 2248
v -0.788294 -0.028294 -1.168294
f 2307 2249 2254
f 2307 2306 2249
f 2307 1562 2306
f 2307 1567 1562
v -0.791503 -0.031503 -1.080000
f 2308 1568 1567
f 2307 2308 1567
f 2255 2308 2254
f 2308 2307 2254
v -0.788804 -0.028804 -1.048804
f 2309 2255 2260
f 2309 2308 2255
f 2309 1568 2308
f 2309 1573 1568
v -0.783160 -0.023160 -0.960000
f 2310 1574 1573
f 2309 2310 1573
f 2261 2310 2260
f 2310 2309 2260
v -0.776775 -0.016775 -0.916775
f 2311 2261 2265
f 2311 2310 2261
f 2311 1574 2310
v -0.816082 0.060000 -0.840000
f 2312 1579 1574
f 2311 2312 1574
v -0.771914 -0.011914 -0.840000
f 2313 2312 2311
f 2266 2313 2265
f 2313 2311 2265
v -0.767781 -0.007781 -0.787781
f 2314 2266 2269
f 2314 2313 2266
v -0.815508 0.060000 -0.835508
f 2315 2312 2313
f 2314 2315 2313
v -0.785685 0.060000 -0.720000
f 2316 2315 2314
v -0.766487 -0.006487 -0.720000
f 2317 2316 2314
f 2270 2317 2269
f 2317 2314 2269
v -0.766085 -0.006085 -0.666085
f 2318 2270 2273
f 2318 2317 2270
v -0.785353 0.060000 -0.685353
f 2319 2316 2317
f 2318 2319 2317
v -0.772156 0.060000 -0.600000
f 2320 2319 2318
v -0.767173 -0.007173 -0.600000
f 2321 2320 2318
f 2274 2321 2273
f 2321 2318 2273
v -0.762774 -0.002774 -0.542774
f 2322 2274 2277
f 2322 2321 2274
v -0.767849 0.060000 -0.547849
f 2323 2320 2321
f 2322 2323 2321
v -0.760734 0.060000 -0.480000
f 2324 2323 2322
v -0.760798 -0.000798 -0.480000
f 2325 2324 2322
f 2278 2325 2277
f 2325 2322 2277
v -0.751582 0.008418 -0.411582
f 2326 2278 2281
f 2326 2325 2278
v -0.751519 0.060000 -0.411519
f 2327 2324 2325
f 2326 2327 2325
v -0.751796 0.060000 -0.360000
f 2328 2327 2326
v -0.756639 0.003361 -0.360000
f 2329 2328 2326
f 2282 2329 2281
f 2329 2326 2281
v -0.765288 -0.005288 -0.305288
f 2330 2282 2285
f 2330 2329 2282
v -0.760411 0.060000 -0.300411
f 2331 2328 2329
f 2330 2331 2329
v -0.777950 0.060000 -0.240000
f 2332 2331 2330
v -0.798523 -0.038523 -0.240000
f 2333 2332 2330
f 2286 2333 2285
f 2333 2330 2285
v -0.807123 -0.047123 -0.227123
f 2334 2286 2289
f 2334 2333 2286
v -0.792487 0.060000 -0.212487
f 2335 2332 2333
f 2334 2335 2333
f 1582 2335 1580
f 2335 2334 1580
f 2334 1530 1580
f 2334 2289 1530
v -0.808869 0.060000 1.080000
f 2336 1608 1607
f 1606 2336 1607
v -0.792297 0.060000 1.107703
f 2337 2336 1606
v -0.739265 0.060000 1.200000
f 1609 2338 1606
f 2338 2337 1606
v -0.750375 0.009625 1.200000
f 1553 2339 1609
f 2339 2338 1609
f 2290 2339 1553
v -0.700000 0.012725 1.272725
f 2293 2340 2290
v -0.700000 0.060000 1.256300
f 2340 2341 2290
f 2341 2339 2290
f 2341 2338 2339
v -0.818135 0.152773 -1.473749
f 1614 2342 1610
v -0.814809 0.146842 -1.473158
f 2342 2343 1610
v -0.791318 0.088682 -1.440000
f 2344 1611 1610
v -0.784491 0.095509 -1.460030
f 2343 2345 2344
f 2343 2344 1610
f 2296 2295 2344
v -0.772209 0.077891 -1.455248
f 2296 2344 2346
f 2346 2344 2345
v -0.798715 0.081285 -1.418715
f 2347 2295 2303
f 2347 2344 2295
f 2347 1611 2344
f 2347 1619 1611
f 2347 1557 1619
f 2347 2303 1557
v -0.817646 0.062354 -0.840000
f 2348 1632 1579
f 2312 2348 1579
v -0.816576 0.063424 -0.836576
f 2349 2312 2315
f 2349 2348 2312
f 2349 1632 2348
f 2349 1637 1632
v -0.792136 0.087864 -0.720000
f 2350 1638 1637
f 2349 2350 1637
f 2316 2350 2315
f 2350 2349 2315
v -0.782849 0.097151 -0.682849
f 2351 2316 2319
f 2351 2350 2316
f 2351 1638 2350
v -0.777640 0.180000 -0.600000
f 2352 1643 1638
f 2351 2352 1638
v -0.769265 0.110735 -0.600000
f 2353 2352 2351
f 2320 2353 2319
f 2353 2351 2319
v -0.757357 0.122643 -0.537357
f 2354 2320 2323
f 2354 2353 2320
v -0.766169 0.180000 -0.546169
f 2355 2352 2353
f 2354 2355 2353
v -0.745666 0.180000 -0.480000
f 2356 2355 2354
v -0.750281 0.129719 -0.480000
f 2357 2356 2354
f 2324 2357 2323
f 2357 2354 2323
v -0.732077 0.147923 -0.392077
f 2358 2324 2327
f 2358 2357 2324
v -0.728451 0.180000 -0.388451
f 2359 2356 2357
f 2358 2359 2357
v -0.724998 0.180000 -0.360000
f 2360 2359 2358
v -0.732299 0.147701 -0.360000
f 2361 2360 2358
f 2328 2361 2327
f 2361 2358 2327
v -0.736615 0.143385 -0.276615
f 2362 2328 2331
f 2362 2361 2328
v -0.728658 0.180000 -0.268658
f 2363 2360 2361
f 2362 2363 2361
v -0.734063 0.180000 -0.240000
f 2364 2363 2362
v -0.753441 0.126559 -0.240000
f 2365 2364 2362
f 2332 2365 2331
f 2365 2362 2331
v -0.781044 0.098956 -0.201044
f 2366 2332 2335
f 2366 2365 2332
v -0.760800 0.180000 -0.180800
f 2367 2364 2365
f 2366 2367 2365
v -0.789142 0.180000 -0.120000
f 2368 2367 2366
f 1644 2368 1582
f 2368 2366 1582
f 2366 2335 1582
v -0.798967 0.180000 -0.098967
f 2369 2368 1644
f 1646 2369 1644
v -0.815724 0.180000 0.960000
f 2370 1674 1673
f 1672 2370 1673
v -0.811500 0.180000 0.968500
f 2371 2370 1672
v -0.758857 0.180000 1.080000
f 1675 2372 1672
f 2372 2371 1672
v -0.800231 0.079769 1.080000
f 1608 2373 1675
f 2373 2372 1675
f 2336 2373 1608
v -0.700000 0.150143 1.200000
v -0.700000 0.167834 1.187834
f 2374 2375 2337
f 2375 2336 2337
v -0.700000 0.180000 1.178551
f 2375 2376 2336
f 2376 2373 2336
f 2376 2372 2373
f 2338 2374 2337
v -0.700000 0.095483 1.235483
f 2341 2377 2338
f 2377 2374 2338
v -0.801959 0.300000 -0.600000
f 2378 1696 1695
v -0.780133 0.219867 -0.600000
f 1643 2379 1695
f 2379 2378 1695
f 2352 2379 1643
v -0.742966 0.257034 -0.522966
f 2380 2352 2355
f 2380 2379 2352
v -0.773275 0.300000 -0.553275
f 2381 2378 2379
f 2380 2381 2379
v -0.725243 0.300000 -0.480000
f 2382 2381 2380
v -0.726159 0.273841 -0.480000
f 2383 2382 2380
f 2356 2383 2355
f 2383 2380 2355
v -0.700000 0.245397 -0.360000
v -0.700000 0.264367 -0.395633
f 2384 2385 2359
f 2385 2356 2359
v -0.700000 0.300000 -0.417851
f 2385 2386 2356
f 2386 2383 2356
f 2386 2382 2383
f 2360 2384 2359
v -0.700000 0.244793 -0.240000
v -0.700000 0.239526 -0.300474
f 2387 2388 2363
f 2388 2360 2363
f 2388 2384 2360
f 2364 2387 2363
v -0.715987 0.284013 -0.135987
f 2389 2364 2367
v -0.700000 0.300000 -0.157532
f 2390 2387 2364
f 2389 2390 2364
v -0.709943 0.300000 -0.129943
f 2391 2390 2389
v -0.714142 0.300000 -0.120000
f 2392 2391 2389
v -0.736220 0.263780 -0.120000
f 2393 2392 2389
f 2368 2393 2367
f 2393 2389 2367
v -0.781672 0.218328 -0.081672
f 2394 2368 2369
f 2394 2393 2368
v -0.747645 0.300000 -0.047645
f 2395 2392 2393
f 2394 2395 2393
v -0.766971 0.300000 0.000000
f 2396 2395 2394
f 1697 2396 1646
f 2396 2394 1646
f 2394 2369 1646
v -0.780839 0.300000 0.039161
f 2397 2396 1697
v -0.805921 0.300000 0.120000
f 1699 2398 1697
f 2398 2397 1697
f 1698 2398 1699
v -0.808691 0.300000 0.131309
f 2399 2398 1698
f 1701 2399 1698
v -0.788109 0.300000 0.840000
f 2400 1723 1722
f 1721 2400 1722
v -0.767381 0.300000 0.892619
f 2401 2400 1721
v -0.742364 0.300000 0.960000
f 1724 2402 1721
f 2402 2401 1721
v -0.808374 0.191626 0.960000
f 1674 2403 1724
f 2403 2402 1724
f 2370 2403 1674
v -0.700000 0.273257 1.080000
v -0.700000 0.285358 1.065358
f 2404 2405 2371
f 2405 2370 2371
v -0.700000 0.300000 1.045499
f 2405 2406 2370
f 2406 2403 2370
f 2406 2402 2403
f 2372 2404 2371
v -0.700000 0.229258 1.129258
f 2376 2407 2372
f 2407 2404 2372
v -0.805941 0.314059 -0.600000
f 2408 1735 1696
f 2378 2408 1696
v -0.758480 0.361520 -0.538480
f 2409 2378 2381
f 2409 2408 2378
f 2409 1735 2408
v -0.718524 0.420000 -0.480000
f 2410 1740 1735
f 2409 2410 1735
v -0.716683 0.403317 -0.480000
f 2411 2410 2409
f 2382 2411 2381
f 2411 2409 2381
v -0.700000 0.331507 -0.448493
f 2386 2412 2382
v -0.700000 0.420000 -0.458699
f 2412 2413 2382
f 2413 2411 2382
f 2413 2410 2411
v -0.700000 0.317197 -0.120000
f 2414 2390 2391
f 2392 2414 2391
v -0.700000 0.381383 0.000000
v -0.700000 0.335941 -0.084059
f 2415 2416 2395
f 2416 2392 2395
f 2416 2414 2392
f 2396 2415 2395
v -0.714617 0.405383 0.105383
f 2417 2396 2397
v -0.700000 0.420000 0.097446
f 2418 2415 2396
f 2417 2418 2396
v -0.705857 0.420000 0.114143
f 2419 2418 2417
v -0.707691 0.420000 0.120000
f 2420 2419 2417
v -0.740292 0.379708 0.120000
f 2421 2420 2417
f 2398 2421 2397
f 2421 2417 2397
v -0.784891 0.335109 0.155109
f 2422 2398 2399
f 2422 2421 2398
v -0.729608 0.420000 0.210392
f 2423 2420 2421
f 2422 2423 2421
v -0.736037 0.420000 0.240000
f 2424 2423 2422
f 1741 2424 1701
f 2424 2422 1701
f 2422 2399 1701
v -0.745980 0.420000 0.314020
f 2425 2424 1741
v -0.751543 0.420000 0.360000
f 1743 2426 1741
f 2426 2425 1741
f 1742 2426 1743
v -0.753327 0.420000 0.426673
f 2427 2426 1742
v -0.754623 0.420000 0.480000
f 1745 2428 1742
f 2428 2427 1742
f 1744 2428 1745
v -0.748948 0.420000 0.551052
f 2429 2428 1744
v -0.745362 0.420000 0.600000
f 1747 2430 1744
f 2430 2429 1744
f 1746 2430 1747
v -0.728385 0.420000 0.691615
f 2431 2430 1746
v -0.723506 0.420000 0.720000
f 1749 2432 1746
f 2432 2431 1746
f 1748 2432 1749
v -0.700000 0.407039 0.840000
v -0.700000 0.410497 0.830497
v -0.814081 0.305919 0.725919
f 2433 2434 2435
v -0.700000 0.420000 0.801219
f 2434 2436 2435
f 2435 2436 1748
f 2436 2432 1748
f 1750 2435 1748
f 1723 2435 1750
f 2433 2435 1723
f 2400 2433 1723
v -0.700000 0.351497 0.960000
v -0.700000 0.374232 0.914232
f 2437 2438 2401
f 2438 2400 2401
f 2438 2433 2400
f 2402 2437 2401
v -0.700000 0.333018 0.993018
f 2406 2439 2402
f 2439 2437 2402
v -0.732168 0.540000 -0.480000
f 2440 1765 1764
v -0.727674 0.512326 -0.480000
f 1740 2441 1764
f 2441 2440 1764
f 2410 2441 1740
v -0.700000 0.436556 -0.463444
f 2413 2442 2410
v -0.700000 0.540000 -0.455026
f 2442 2443 2410
f 2443 2441 2410
f 2443 2440 2441
v -0.700000 0.427605 0.120000
f 2444 2418 2419
f 2420 2444 2419
v -0.700000 0.455637 0.240000
v -0.700000 0.429738 0.129738
f 2445 2446 2423
f 2446 2420 2423
f 2446 2444 2420
f 2424 2445 2423
v -0.700000 0.470972 0.360000
v -0.700000 0.460541 0.280541
f 2447 2448 2425
f 2448 2424 2425
f 2448 2445 2424
f 2426 2447 2425
v -0.700000 0.474018 0.480000
v -0.700000 0.472229 0.412229
f 2449 2450 2427
f 2450 2426 2427
f 2450 2447 2426
f 2428 2449 2427
v -0.700000 0.464859 0.600000
v -0.700000 0.470396 0.530396
f 2451 2452 2429
f 2452 2428 2429
f 2452 2449 2428
f 2430 2451 2429
v -0.700000 0.443245 0.720000
v -0.700000 0.458437 0.638437
f 2453 2454 2431
f 2454 2430 2431
f 2454 2451 2430
f 2432 2453 2431
v -0.700000 0.438420 0.738420
f 2436 2455 2432
f 2455 2453 2432
v -0.727888 0.660000 -0.480000
f 2456 1779 1778
v -0.728860 0.631140 -0.480000
f 1765 2457 1778
f 2457 2456 1778
f 2440 2457 1765
v -0.700000 0.563410 -0.456590
f 2443 2458 2440
v -0.700000 0.660000 -0.459211
f 2458 2459 2440
f 2459 2457 2440
f 2459 2456 2457
v -0.787537 0.780000 -1.643861
f 1784 1783 2460
v -0.700000 0.770723 -0.480000
v -0.700000 0.778418 -0.481582
v -0.706202 0.773798 -0.486202
f 2461 2462 2463
v -0.700000 0.780000 -0.481950
f 2462 2464 2463
v -0.719098 0.780000 -0.499098
f 2464 2465 2463
f 2463 2465 1794
f 2465 1795 1794
f 1779 2463 1794
f 2461 2463 1779
f 2456 2461 1779
v -0.700000 0.677773 -0.462227
f 2459 2466 2456
f 2466 2461 2456
v -0.784770 0.784082 -1.644770
v -0.774993 0.825007 -1.634993
v -0.766101 0.810800 -1.649200
f 2467 2468 2469
v -0.707760 0.880112 -1.673215
v -0.700000 0.900000 -1.671867
v -0.700000 0.890724 -1.675817
f 2470 2471 2472
f 2469 2468 2471
f 2469 2471 2470
v -0.759318 0.900000 -1.619318
f 2473 2471 2468
v -0.816088 0.900000 -1.560000
f 2474 2473 2468
f 1796 2474 1783
f 2474 2468 1783
f 2468 2467 2460
f 2468 2460 1783
v -0.817910 0.900000 -1.557910
f 2475 2474 1796
f 1798 2475 1796
v -0.778670 0.900000 -0.600000
f 2476 1806 1805
f 1804 2476 1805
v -0.700000 0.865571 -0.514429
v -0.798612 0.801388 -0.578612
f 2477 2478 2465
f 2464 2477 2465
v -0.700000 0.900000 -0.529388
f 2477 2479 2478
f 2478 2479 1804
f 2479 2476 1804
f 1807 2478 1804
f 1795 2478 1807
f 2465 2478 1795
v -0.700000 0.923166 -1.656834
f 2480 2471 2473
v -0.727482 0.992518 -1.587482
f 2481 2480 2473
v -0.700000 1.020000 -1.595922
f 2482 2480 2481
v -0.718976 1.020000 -1.578976
f 2483 2482 2481
v -0.737283 1.020000 -1.560000
f 2484 2483 2481
v -0.808021 0.911979 -1.560000
f 2485 2484 2481
f 2474 2485 2473
f 2485 2481 2473
v -0.816578 0.903422 -1.556578
f 2486 2474 2475
f 2486 2485 2474
v -0.775598 1.020000 -1.515598
f 2487 2484 2485
f 2486 2487 2485
f 1810 2487 1808
f 2487 2486 1808
f 2486 1798 1808
f 2486 2475 1798
v -0.804034 1.020000 -0.720000
f 2488 1822 1820
f 1819 2488 1820
v -0.700000 1.016909 -0.600000
v -0.700000 1.018724 -0.601276
v -0.703796 1.016204 -0.603796
f 2489 2490 2491
v -0.700000 1.020000 -0.602310
f 2490 2492 2491
f 2491 2492 1819
f 2492 2488 1819
f 1823 2491 1819
f 1806 2491 1823
f 2489 2491 1806
f 2476 2489 1806
v -0.700000 0.945460 -0.554540
f 2479 2493 2476
f 2493 2489 2476
v -0.700000 1.062484 -1.560000
f 2494 2482 2483
f 2484 2494 2483
v -0.730425 1.109575 -1.470425
f 2495 2484 2487
v -0.700000 1.140000 -1.475075
f 2496 2494 2484
f 2495 2496 2484
v -0.716161 1.140000 -1.456161
f 2497 2496 2495
v -0.728259 1.140000 -1.440000
f 2498 2497 2495
f 1824 2498 1810
f 2498 2495 1810
f 2495 2487 1810
v -0.762547 1.140000 -1.382547
f 2499 2498 1824
v -0.795416 1.140000 -1.320000
f 1826 2500 1824
f 2500 2499 1824
f 1825 2500 1826
v -0.801643 1.140000 -1.301643
f 2501 2500 1825
f 1828 2501 1825
v -0.700000 1.138492 -0.720000
v -0.700000 1.139155 -0.720845
v -0.702253 1.137747 -0.722253
f 2502 2503 2504
v -0.700000 1.140000 -0.721936
f 2503 2505 2504
v -0.708961 1.140000 -0.728961
f 2505 2506 2504
f 2504 2506 1834
f 2506 1835 1834
f 1822 2504 1834
f 2502 2504 1822
f 2488 2502 1822
v -0.700000 1.081148 -0.658852
f 2492 2507 2488
f 2507 2502 2488
v -0.700000 1.166175 -1.440000
f 2508 2496 2497
f 2498 2508 2497
v -0.700000 1.228405 -1.320000
v -0.700000 1.193023 -1.386977
f 2509 2510 2499
f 2510 2498 2499
f 2510 2508 2498
f 2500 2509 2499
v -0.756756 1.203244 -1.256756
f 2511 2500 2501
v -0.700000 1.260000 -1.247138
f 2512 2509 2500
f 2511 2512 2500
v -0.716986 1.260000 -1.216986
f 2513 2512 2511
v -0.762118 1.260000 -1.200000
f 2514 2513 2511
f 1836 2514 1828
f 2514 2511 1828
f 2511 2501 1828
v -0.802026 1.260000 -1.182026
f 2515 2514 1836
f 1838 2515 1836
v -0.804719 1.260000 -0.840000
f 2516 1843 1841
f 1840 2516 1841
v -0.700000 1.190285 -0.789715
v -0.804659 1.155341 -0.824659
f 2517 2518 2506
f 2505 2517 2506
v -0.700000 1.260000 -0.833546
f 2517 2519 2518
f 2518 2519 1840
f 2519 2516 1840
f 1846 2518 1840
f 1835 2518 1846
f 2506 2518 1835
v -0.700000 1.301944 -1.200000
f 2520 2512 2513
f 2514 2520 2513
v -0.801475 1.278525 -1.181475
f 2521 2514 2515
v -0.700000 1.380000 -1.167938
f 2522 2520 2514
f 2521 2522 2514
v -0.794780 1.380000 -1.174780
f 2523 2522 2521
f 1850 2523 1848
f 2523 2521 1848
f 2521 1838 1848
f 2521 2515 1838
v -0.700000 1.289602 -0.840000
v -0.700000 1.364234 -0.855766
v -0.712407 1.367593 -0.852407
f 2524 2525 2526
v -0.700000 1.380000 -0.855550
f 2525 2527 2526
v -0.711946 1.380000 -0.851946
f 2527 2528 2526
v -0.808389 1.380000 -0.840000
f 2528 2529 2526
f 2526 2529 1843
f 2529 1852 1843
f 2524 2526 1843
f 2516 2524 1843
v -0.700000 1.263995 -0.836005
f 2519 2530 2516
f 2530 2524 2516
v -0.818663 1.380000 -0.838663
f 2529 2531 1852
f 2531 1854 1852
v -0.700000 1.413743 -1.166257
f 2532 2522 2523
v -0.793350 1.406650 -1.173350
f 2533 2532 2523
v -0.700000 1.500000 -1.159321
f 2534 2532 2533
v -0.790946 1.500000 -1.170946
f 2535 2534 2533
f 1858 2535 1856
f 2535 2533 1856
f 2533 1850 1856
f 2533 2523 1850
v -0.700000 1.481384 -0.858616
v -0.714400 1.485600 -0.854400
f 2536 2537 2528
f 2527 2536 2528
v -0.700000 1.500000 -0.859687
f 2536 2538 2537
v -0.715090 1.500000 -0.855090
f 2538 2539 2537
f 2537 2539 1861
f 2539 1863 1861
v -0.810411 1.389589 -0.840000
f 2540 2537 1861
f 1860 2540 1861
f 2537 2540 2528
f 2540 2529 2528
v -0.818812 1.381188 -0.838812
f 2529 2541 2531
f 2540 2541 2529
f 1860 2541 2540
f 1867 2541 1860
f 1854 2541 1867
f 2531 2541 1854
v -0.700000 1.545728 -1.154272
f 2542 2534 2535
v -0.786735 1.533265 -1.166735
f 2543 2542 2535
v -0.700000 1.620000 -1.149364
f 2544 2542 2543
v -0.780266 1.620000 -1.160266
f 2545 2544 2543
f 1872 2545 1870
f 2545 2543 1870
f 2543 1858 1870
f 2543 2535 1858
v -0.700000 1.593402 -0.866598
v -0.720719 1.599281 -0.860719
f 2546 2547 2539
f 2538 2546 2539
v -0.700000 1.620000 -0.870263
f 2546 2548 2547
v -0.723344 1.620000 -0.863344
f 2548 2549 2547
f 2547 2549 1874
f 2549 1876 1874
f 1863 2547 1874
f 2539 2547 1863
v -0.700000 1.680783 -1.139217
f 2550 2544 2545
v -0.770753 1.669247 -1.150753
f 2551 2550 2545
v -0.700000 1.740000 -1.132785
f 2552 2550 2551
v -0.761723 1.740000 -1.141723
f 2553 2552 2551
f 1884 2553 1882
f 2553 2551 1882
f 2551 1872 1882
f 2551 2545 1872
v -0.700000 1.700146 -0.879854
v -0.731512 1.708488 -0.871512
f 2554 2555 2549
f 2548 2554 2549
v -0.700000 1.740000 -0.888268
f 2554 2556 2555
v -0.737532 1.740000 -0.877532
f 2556 2557 2555
f 2555 2557 1886
f 2557 1888 1886
f 1876 2555 1886
f 2549 2555 1876
v -0.700000 1.825951 -1.114049
f 2558 2552 2553
v -0.741787 1.818213 -1.121787
f 2559 2558 2553
v -0.700000 1.860000 -1.108811
f 2560 2558 2559
v -0.734064 1.860000 -1.114064
f 2561 2560 2559
f 1894 2561 1892
f 2561 2559 1892
f 2559 1884 1892
f 2559 2553 1884
v -0.700000 1.801405 -0.898595
v -0.747069 1.812931 -0.887069
f 2562 2563 2557
f 2556 2562 2557
v -0.700000 1.860000 -0.914853
f 2562 2564 2563
v -0.758563 1.860000 -0.898563
f 2564 2565 2563
f 2563 2565 1896
f 2565 1898 1896
f 1888 2563 1896
f 2557 2563 1888
v -0.700000 1.968476 -1.080000
f 2566 2560 2561
v -0.714256 1.980000 -1.080000
f 1902 2567 1900
v -0.706096 1.973904 -1.080000
f 2567 2568 1900
f 2568 1894 1900
f 2568 2566 1894
f 2566 2561 1894
v -0.700000 1.980000 -1.044508
f 2569 2566 2568
f 2567 2569 2568
v -0.700000 1.897023 -0.922977
v -0.767565 1.912435 -0.907565
f 2570 2571 2565
f 2564 2570 2565
v -0.700000 1.980000 -0.951092
f 2570 2572 2571
v -0.787226 1.980000 -0.927226
f 2572 2573 2571
f 2571 2573 1904
f 2573 1906 1904
f 1898 2571 1904
f 2565 2571 1898
v -0.774686 2.025314 -1.080000
f 1908 2574 1902
f 2574 2567 1902
v -0.766517 2.033483 -1.026517
v -0.700000 2.004617 -0.960000
f 2575 2576 2567
f 2576 2569 2567
f 2574 2575 2567
f 1908 2575 2574
f 1912 2575 1908
v -0.754316 2.045684 -0.960000
f 2577 2575 1912
f 1911 2577 1912
f 2577 2576 2575
v -0.700000 1.986998 -0.953002
v -0.793010 2.006990 -0.933010
f 2578 2579 2573
f 2572 2578 2573
f 2579 2578 2577
f 2578 2576 2577
f 1911 2579 2577
f 1917 2579 1911
f 1906 2579 1917
f 2573 2579 1906
v -0.617171 -1.350000 -1.237171
v -0.580000 -1.295668 -1.200000
v -0.580000 -1.350000 -1.238028
f 2580 2581 2582
v -0.617240 -1.297240 -1.200000
f 1926 1925 2583
v -0.670000 -1.350000 -1.235600
f 1926 2583 2584
f 2584 2583 2581
v -0.657312 -1.350000 -1.235978
f 2584 2581 2585
f 2585 2581 2580
v -0.580000 -1.260000 -1.167803
f 2586 2581 2583
v -0.665096 -1.260000 -1.165096
f 1925 2587 2583
f 2587 2586 2583
f 1931 2587 1925
v -0.606283 -1.350000 -0.312832
v -0.580000 -1.332972 -0.312972
v -0.655353 -1.335353 -0.315353
f 2588 2589 2590
v -0.654445 -1.350000 -0.314445
f 2588 2590 2591
v -0.580000 -1.350000 -0.311952
f 2592 2589 2588
v -0.580000 -1.260000 -0.307022
f 2589 2593 2590
v -0.649780 -1.260000 -0.309780
f 2593 2594 2590
f 2590 2594 1938
f 2594 1940 1938
v -0.670000 -1.350000 -0.314831
f 1937 2595 2590
f 1937 2590 1938
f 2591 2590 2595
v -0.638588 -1.350000 0.541412
v -0.580000 -1.269416 0.600000
v -0.580000 -1.350000 0.544240
f 2596 2597 2598
v -0.588642 -1.268642 0.600000
f 1945 1944 2599
v -0.670000 -1.350000 0.539490
f 1945 2599 2600
f 2600 2599 2597
v -0.667445 -1.350000 0.539647
f 2600 2597 2601
f 2601 2597 2596
v -0.580000 -1.260000 0.608374
f 2602 2597 2599
v -0.699589 -1.260000 0.600411
f 1944 2603 2599
f 2603 2602 2599
f 1949 2603 1944
v -0.598303 -1.350000 1.483973
v -0.580000 -1.338962 1.481038
v -0.655020 -1.335020 1.484980
f 2604 2605 2606
v -0.652699 -1.350000 1.487301
f 2604 2606 2607
v -0.580000 -1.350000 1.482853
f 2608 2605 2604
v -0.580000 -1.260000 1.480798
f 2605 2609 2606
v -0.654131 -1.260000 1.485869
f 2609 2610 2606
f 2606 2610 1952
f 2610 1955 1952
v -0.670000 -1.350000 1.488079
f 1954 2611 2606
f 1954 2606 1952
f 2607 2606 2611
v -0.580000 -1.196089 -1.080000
f 2612 2586 2587
v -0.637725 -1.197725 -1.080000
f 1960 2613 1931
f 2613 2612 1931
f 2612 2587 1931
v -0.580000 -1.140000 -1.028076
f 2614 2612 2613
v -0.646281 -1.140000 -1.026281
f 1960 2615 2613
f 2615 2614 2613
f 1962 2615 1960
v -0.580000 -1.203653 -0.303653
v -0.646446 -1.206446 -0.306446
f 2616 2617 2594
f 2593 2616 2594
v -0.580000 -1.140000 -0.291410
f 2616 2618 2617
v -0.633552 -1.140000 -0.293552
f 2618 2619 2617
f 2617 2619 1965
f 2619 1966 1965
f 1940 2617 1965
f 2594 2617 1940
v -0.580000 -1.155353 0.720000
f 2620 2602 2603
v -0.594249 -1.154249 0.720000
f 1968 2621 1949
f 2621 2620 1949
f 2620 2603 1949
v -0.580000 -1.140000 0.729221
f 2622 2620 2621
v -0.697045 -1.140000 0.722955
f 1968 2623 2621
f 2623 2622 2621
f 1970 2623 1968
v -0.580000 -1.219799 1.480201
v -0.654760 -1.214760 1.485240
f 2624 2625 2610
f 2609 2624 2610
v -0.580000 -1.140000 1.496259
f 2624 2626 2625
v -0.639644 -1.140000 1.500356
f 2626 2627 2625
f 2625 2627 1972
f 2627 1974 1972
f 1955 2625 1972
f 2610 2625 1955
v -0.580000 -1.091232 -1.031232
f 2628 2614 2615
v -0.649465 -1.089465 -1.029465
f 2629 2628 2615
v -0.580000 -1.020000 -1.015871
f 2630 2628 2629
v -0.634375 -1.020000 -1.014375
f 2631 2630 2629
f 1978 2631 1976
f 2631 2629 1976
f 2629 1962 1976
f 2629 2615 1962
v -0.580000 -1.067572 -0.287572
v -0.629670 -1.069670 -0.289670
f 2632 2633 2619
f 2618 2632 2619
v -0.580000 -1.020000 -0.284134
f 2632 2634 2633
v -0.625987 -1.020000 -0.285987
f 2634 2635 2633
f 2633 2635 1982
f 2635 1984 1982
f 1966 2633 1982
f 2619 2633 1966
v -0.580000 -1.132162 0.727838
f 2636 2622 2623
v -0.697509 -1.137509 0.722491
f 2637 2636 2623
v -0.580000 -1.020000 0.729936
f 2638 2636 2637
v -0.696642 -1.020000 0.723358
f 2639 2638 2637
f 1988 2639 1986
f 2639 2637 1986
f 2637 1970 1986
f 2637 2623 1970
v -0.580000 -1.077569 1.502431
v -0.633491 -1.073491 1.506509
f 2640 2641 2627
f 2626 2640 2627
v -0.580000 -1.020000 1.509920
f 2640 2642 2641
v -0.626829 -1.020000 1.513171
f 2642 2643 2641
f 2641 2643 1990
f 2643 1992 1990
f 1974 2641 1990
f 2627 2641 1974
v -0.580000 -0.951209 -1.011209
f 2644 2630 2631
v -0.629740 -0.949740 -1.009740
f 2645 2644 2631
v -0.580000 -0.900000 -1.008626
f 2646 2644 2645
v -0.627317 -0.900000 -1.007317
f 2647 2646 2645
f 1996 2647 1994
f 2647 2645 1994
f 2645 1978 1994
f 2645 2631 1978
v -0.580000 -0.947878 -0.287878
v -0.629786 -0.949786 -0.289786
f 2648 2649 2635
f 2634 2648 2635
v -0.580000 -0.900000 -0.291410
f 2648 2650 2649
v -0.633552 -0.900000 -0.293552
f 2650 2651 2649
f 2649 2651 2002
f 2651 2004 2002
f 1984 2649 2002
f 2635 2649 1984
v -0.580000 -1.009755 0.730245
f 2652 2638 2639
v -0.696531 -1.016531 0.723469
f 2653 2652 2639
v -0.580000 -0.900000 0.726178
f 2654 2652 2653
v -0.693791 -0.900000 0.726209
f 2655 2654 2653
f 2008 2655 2006
f 2655 2653 2006
f 2653 1988 2006
f 2653 2639 1988
v -0.580000 -0.951427 1.508573
v -0.628148 -0.948148 1.511852
f 2656 2657 2643
f 2642 2656 2643
v -0.580000 -0.900000 1.507202
f 2656 2658 2657
v -0.629379 -0.900000 1.510621
f 2658 2659 2657
f 2657 2659 2010
f 2659 2012 2010
f 1992 2657 2010
f 2643 2657 1992
v -0.580000 -0.811062 -0.991062
f 2660 2646 2647
v -0.610027 -0.810027 -0.990027
f 2661 2660 2647
v -0.580000 -0.780000 -0.986242
f 2662 2660 2661
v -0.605526 -0.780000 -0.985526
f 2663 2662 2661
f 2016 2663 2014
f 2663 2661 2014
f 2661 1996 2014
f 2661 2647 1996
v -0.580000 -0.832078 -0.292078
v -0.634226 -0.834226 -0.294226
f 2664 2665 2651
f 2650 2664 2651
v -0.580000 -0.780000 -0.305732
f 2664 2666 2665
v -0.648926 -0.780000 -0.308926
f 2666 2667 2665
f 2665 2667 2023
f 2667 2025 2023
f 2004 2665 2023
f 2651 2665 2004
v -0.580000 -0.801566 0.098434
v -0.580000 -0.807435 0.120000
v -0.594183 -0.794183 0.105817
f 2668 2669 2670
v -0.580000 -0.780000 0.028748
f 2671 2668 2670
v -0.606747 -0.780000 0.093253
f 2672 2671 2670
v -0.616732 -0.780000 0.120000
f 2673 2672 2670
v -0.596342 -0.796342 0.120000
f 2674 2673 2670
f 2669 2674 2670
v -0.580000 -0.823752 0.196248
v -0.580000 -0.832008 0.240000
v -0.608062 -0.808062 0.211938
f 2675 2676 2677
f 2669 2675 2674
f 2675 2677 2674
v -0.635276 -0.780000 0.184724
f 2678 2673 2674
f 2677 2678 2674
v -0.649593 -0.780000 0.240000
f 2679 2678 2677
v -0.611021 -0.811021 0.240000
f 2680 2679 2677
f 2676 2680 2677
v -0.580000 -0.839216 0.300784
v -0.580000 -0.845441 0.360000
v -0.616898 -0.816898 0.323102
f 2681 2682 2683
f 2676 2681 2680
f 2681 2683 2680
v -0.656496 -0.780000 0.283504
f 2684 2679 2680
f 2683 2684 2680
v -0.667540 -0.780000 0.360000
f 2685 2684 2683
v -0.619063 -0.819063 0.360000
f 2686 2685 2683
f 2682 2686 2683
v -0.580000 -0.846700 0.413300
v -0.580000 -0.848108 0.480000
v -0.620189 -0.820189 0.439811
f 2687 2688 2689
f 2682 2687 2686
f 2687 2689 2686
v -0.668535 -0.780000 0.391465
f 2690 2685 2686
f 2689 2690 2686
v -0.671102 -0.780000 0.480000
f 2691 2690 2689
v -0.620662 -0.820662 0.480000
f 2692 2691 2689
f 2688 2692 2689
v -0.580000 -0.844172 0.535828
v -0.580000 -0.841067 0.600000
v -0.617176 -0.817176 0.562824
f 2693 2694 2695
f 2688 2693 2692
f 2693 2695 2692
v -0.668093 -0.780000 0.511907
f 2696 2691 2692
f 2695 2696 2692
v -0.660389 -0.780000 0.600000
f 2697 2696 2695
v -0.621609 -0.821609 0.600000
f 2698 2697 2695
f 2694 2698 2695
v -0.580000 -0.832753 0.667247
v -0.580000 -0.884650 0.720000
v -0.614398 -0.814398 0.685602
f 2699 2700 2701
f 2694 2699 2698
f 2699 2701 2698
v -0.652689 -0.780000 0.647311
f 2702 2697 2698
f 2701 2702 2698
v -0.687308 -0.780000 0.720000
f 2703 2702 2701
v -0.684580 -0.884580 0.720000
f 2704 2703 2701
f 2700 2704 2701
v -0.580000 -0.892375 0.727625
f 2705 2654 2655
v -0.692338 -0.892338 0.727662
f 2706 2705 2655
f 2700 2705 2704
f 2705 2706 2704
v -0.693776 -0.780000 0.726224
f 2707 2703 2704
f 2706 2707 2704
f 2028 2707 2026
f 2707 2706 2026
f 2706 2008 2026
f 2706 2655 2008
v -0.580000 -0.840827 1.499173
v -0.637331 -0.837331 1.502669
f 2708 2709 2659
f 2658 2708 2659
v -0.580000 -0.780000 1.487700
f 2708 2710 2709
v -0.647689 -0.780000 1.492311
f 2710 2711 2709
f 2709 2711 2030
f 2711 2032 2030
f 2012 2709 2030
f 2659 2709 2012
v -0.583214 -0.708033 -0.963214
v -0.580000 -0.714019 -0.965213
f 2712 2713 2662
f 2712 2662 2663
v -0.622598 -0.702598 -0.960000
f 2034 2714 2016
v -0.588203 -0.698615 -0.960000
v -0.586064 -0.701825 -0.961112
f 2714 2715 2716
f 2714 2716 2016
f 2716 2712 2663
f 2716 2663 2016
v -0.597615 -0.677615 -0.951260
f 2717 2715 2714
v -0.680897 -0.660000 -0.940897
f 2034 2718 2714
v -0.604411 -0.660000 -0.944080
f 2718 2719 2717
f 2718 2717 2714
f 2036 2718 2034
v -0.580000 -0.679390 -0.259390
v -0.601212 -0.681212 -0.261212
f 2720 2721 2667
f 2666 2720 2667
v -0.580000 -0.660000 -0.298613
f 2722 2720 2721
v -0.685203 -0.660000 -0.345203
f 2722 2723 2721
f 2721 2723 2040
f 2723 2041 2040
f 2025 2721 2040
f 2667 2721 2025
v -0.580000 -0.712985 -0.172985
v -0.580000 -0.716256 -0.120000
v -0.623835 -0.703835 -0.163835
f 2724 2725 2726
v -0.580000 -0.660000 -0.219897
f 2727 2724 2726
v -0.626841 -0.660000 -0.166841
f 2728 2727 2726
v -0.642928 -0.660000 -0.120000
f 2729 2728 2726
v -0.611635 -0.691635 -0.120000
f 2730 2729 2726
f 2725 2730 2726
v -0.580000 -0.737223 -0.077223
v -0.580000 -0.770256 0.000000
v -0.630728 -0.710728 -0.050728
f 2731 2732 2733
f 2725 2731 2730
f 2731 2733 2730
v -0.663138 -0.660000 -0.083138
f 2734 2729 2730
f 2733 2734 2730
f 2045 2734 2042
f 2734 2733 2042
v -0.640666 -0.720666 0.000000
f 2735 2043 2042
f 2733 2735 2042
f 2732 2735 2733
v -0.580000 -0.772913 0.007087
f 2736 2671 2672
v -0.650813 -0.730813 0.049187
f 2737 2736 2672
f 2732 2736 2735
f 2736 2737 2735
f 2737 2043 2735
f 2737 2049 2043
v -0.662666 -0.742666 0.120000
f 2738 2050 2049
f 2737 2738 2049
f 2673 2738 2672
f 2738 2737 2672
v -0.667338 -0.747338 0.152662
f 2739 2673 2678
f 2739 2738 2673
f 2739 2050 2738
f 2739 2055 2050
v -0.677455 -0.757455 0.240000
f 2740 2056 2055
f 2739 2740 2055
f 2679 2740 2678
f 2740 2739 2678
v -0.679113 -0.759113 0.260887
f 2741 2679 2684
f 2741 2740 2679
f 2741 2056 2740
f 2741 2061 2056
v -0.685503 -0.765503 0.360000
f 2742 2062 2061
f 2741 2742 2061
f 2685 2742 2684
f 2742 2741 2684
v -0.685729 -0.765729 0.374271
f 2743 2685 2690
f 2743 2742 2685
f 2743 2062 2742
f 2743 2067 2062
v -0.687098 -0.767098 0.480000
f 2744 2068 2067
f 2743 2744 2067
f 2691 2744 2690
f 2744 2743 2690
v -0.686460 -0.766460 0.493540
f 2745 2691 2696
f 2745 2744 2691
f 2745 2068 2744
f 2745 2073 2068
v -0.682299 -0.762299 0.600000
f 2746 2074 2073
f 2745 2746 2073
f 2697 2746 2696
f 2746 2745 2696
v -0.680131 -0.760131 0.619869
f 2747 2697 2702
f 2747 2746 2697
f 2747 2074 2746
f 2747 2079 2074
v -0.695824 -0.775824 0.720000
f 2748 2080 2079
f 2747 2748 2079
f 2703 2748 2702
f 2748 2747 2702
v -0.694948 -0.774948 0.725052
f 2749 2703 2707
f 2749 2748 2703
f 2749 2080 2748
f 2749 2085 2080
f 2749 2028 2085
f 2749 2707 2028
v -0.580000 -0.741893 1.478107
v -0.657667 -0.737667 1.482333
f 2750 2751 2711
f 2710 2750 2711
v -0.580000 -0.660000 1.449542
f 2750 2752 2751
v -0.683565 -0.660000 1.456435
f 2752 2753 2751
f 2751 2753 2089
f 2753 2091 2089
f 2032 2751 2089
f 2711 2751 2032
v -0.614453 -0.633551 -0.927028
f 2754 2719 2718
v -0.651785 -0.611785 -0.911785
v -0.622292 -0.615093 -0.915093
f 2755 2756 2754
f 2755 2754 2718
v -0.630102 -0.590102 -0.900902
f 2757 2756 2755
v -0.633947 -0.579070 -0.893947
f 2758 2757 2755
v -0.644370 -0.540000 -0.870956
v -0.638796 -0.559687 -0.882558
f 2094 2759 2760
f 2094 2760 2092
f 2760 2758 2755
f 2760 2755 2092
f 2755 2036 2092
f 2755 2718 2036
v -0.614997 -0.540000 -0.360000
f 2761 2102 2100
f 2099 2761 2100
v -0.580000 -0.645928 -0.240000
f 2722 2762 2723
v -0.660734 -0.540000 -0.320734
f 2761 2763 2099
v -0.673340 -0.540000 -0.240000
f 2103 2764 2099
f 2764 2763 2099
v -0.639083 -0.599083 -0.240000
f 2041 2765 2103
f 2765 2764 2103
f 2723 2762 2041
f 2762 2765 2041
v -0.580000 -0.652074 -0.232074
f 2766 2727 2728
v -0.657476 -0.617476 -0.197476
f 2767 2766 2728
f 2762 2766 2765
f 2766 2767 2765
v -0.684162 -0.540000 -0.224162
f 2768 2764 2765
f 2767 2768 2765
f 2107 2768 2104
f 2768 2767 2104
v -0.670997 -0.630997 -0.120000
f 2769 2105 2104
f 2767 2769 2104
f 2729 2769 2728
f 2769 2767 2728
v -0.677767 -0.637767 -0.097767
f 2770 2729 2734
f 2770 2769 2729
f 2770 2105 2769
f 2770 2111 2105
f 2770 2045 2111
f 2770 2734 2045
v -0.580000 -0.636292 1.440000
v -0.580000 -0.570352 1.409648
v -0.608418 -0.568418 1.411582
f 2771 2772 2773
v -0.580000 -0.540000 1.387094
f 2772 2774 2773
v -0.630061 -0.540000 1.389939
f 2774 2775 2773
f 2773 2775 2131
f 2775 2133 2131
v -0.662629 -0.622629 1.440000
f 2776 2773 2131
f 2130 2776 2131
f 2776 2771 2773
v -0.580000 -0.652324 1.447676
v -0.686616 -0.646616 1.453384
f 2777 2778 2753
f 2752 2777 2753
f 2778 2777 2776
f 2777 2771 2776
f 2130 2778 2776
f 2135 2778 2130
f 2091 2778 2135
f 2753 2778 2091
v -0.658180 -0.464127 -0.840000
v -0.654272 -0.480759 -0.854175
f 2136 2779 2780
f 2136 2780 2094
v -0.652485 -0.492485 -0.863574
f 2780 2781 2094
f 2781 2759 2094
v -0.662076 -0.445012 -0.802076
f 2782 2779 2136
v -0.665644 -0.420000 -0.760922
f 2138 2783 2782
f 2138 2782 2136
v -0.666923 -0.420000 -0.480000
f 2784 2146 2144
f 2143 2784 2144
v -0.675099 -0.420000 -0.455099
f 2785 2784 2143
v -0.670569 -0.420000 -0.360000
f 2147 2786 2143
f 2786 2785 2143
v -0.660325 -0.500325 -0.360000
f 2102 2787 2147
f 2787 2786 2147
f 2761 2787 2102
v -0.675669 -0.515669 -0.335669
f 2788 2761 2763
f 2788 2787 2761
v -0.682799 -0.420000 -0.342799
f 2789 2786 2787
f 2788 2789 2787
f 2151 2789 2148
f 2789 2788 2148
v -0.684406 -0.524406 -0.240000
f 2790 2149 2148
f 2788 2790 2148
f 2764 2790 2763
f 2790 2788 2763
v -0.689080 -0.529080 -0.229080
f 2791 2764 2768
f 2791 2790 2764
f 2791 2149 2790
f 2791 2155 2149
f 2791 2107 2155
f 2791 2768 2107
v -0.672484 -0.420000 1.320000
f 2792 2168 2166
f 2165 2792 2166
v -0.580000 -0.479110 1.380890
v -0.636210 -0.476210 1.383790
f 2793 2794 2775
f 2774 2793 2775
v -0.580000 -0.420000 1.367983
f 2793 2795 2794
f 2794 2795 2165
f 2795 2792 2165
f 2170 2794 2165
f 2133 2794 2170
f 2775 2794 2133
v -0.668641 -0.384431 -0.804431
v -0.692145 -0.300000 -0.720000
v -0.669038 -0.300000 -0.806782
f 2796 2797 2798
f 2172 2797 2138
v -0.668559 -0.388559 -0.805482
f 2797 2796 2799
f 2797 2799 2138
f 2799 2783 2138
v -0.692855 -0.300000 -0.712855
f 2800 2797 2172
f 2174 2800 2172
v -0.696721 -0.300000 -0.480000
f 2801 2179 2178
v -0.683809 -0.403809 -0.480000
f 2146 2802 2178
f 2802 2801 2178
f 2784 2802 2146
v -0.684563 -0.404563 -0.464563
f 2803 2784 2785
f 2803 2802 2784
v -0.696892 -0.300000 -0.476892
f 2804 2801 2802
f 2803 2804 2802
f 2183 2804 2180
f 2804 2803 2180
v -0.681418 -0.401418 -0.360000
f 2805 2181 2180
f 2803 2805 2180
f 2786 2805 2785
f 2805 2803 2785
v -0.686557 -0.406557 -0.346557
f 2806 2786 2789
f 2806 2805 2786
f 2806 2181 2805
f 2806 2187 2181
f 2806 2151 2187
f 2806 2789 2151
v -0.666228 -0.300000 1.320000
f 2807 2199 2198
v -0.683681 -0.403681 1.320000
f 2168 2808 2198
f 2808 2807 2198
f 2792 2808 2168
v -0.580000 -0.349555 1.390445
f 2795 2809 2792
v -0.580000 -0.300000 1.407455
f 2809 2810 2792
f 2810 2808 2792
f 2810 2807 2808
v -0.656490 -0.193324 -0.973324
v -0.669659 -0.180000 -0.960000
v -0.654565 -0.180000 -1.028898
f 2811 2812 2813
v -0.657696 -0.200682 -0.960000
f 2814 2812 2811
v -0.658697 -0.207978 -0.949824
v -0.679947 -0.180000 -0.939947
f 2815 2816 2812
f 2815 2812 2814
v -0.661639 -0.227892 -0.921639
f 2817 2816 2815
f 2203 2816 2200
v -0.663011 -0.237782 -0.897782
f 2816 2817 2818
f 2816 2818 2200
v -0.672722 -0.272722 -0.840000
f 2819 2201 2200
v -0.666673 -0.266673 -0.861423
f 2818 2820 2819
f 2818 2819 2200
v -0.667894 -0.282495 -0.840000
v -0.667424 -0.276629 -0.847984
f 2821 2819 2822
f 2822 2819 2820
v -0.668980 -0.298956 -0.808980
v -0.677524 -0.277524 -0.817524
v -0.668303 -0.288863 -0.828863
f 2823 2824 2825
f 2825 2824 2819
f 2825 2819 2821
f 2824 2201 2819
f 2824 2207 2201
v -0.694780 -0.294780 -0.720000
f 2826 2208 2207
f 2824 2826 2207
f 2798 2797 2826
v -0.669033 -0.299907 -0.806980
f 2798 2826 2827
f 2827 2826 2824
f 2827 2824 2823
v -0.695128 -0.295128 -0.715128
f 2828 2797 2800
f 2828 2826 2797
f 2828 2208 2826
f 2828 2213 2208
f 2828 2174 2213
f 2828 2800 2174
v -0.697815 -0.297815 -0.480000
f 2829 2218 2179
f 2801 2829 2179
v -0.697620 -0.297620 -0.477620
f 2830 2801 2804
f 2830 2829 2801
f 2830 2218 2829
f 2830 2223 2218
f 2830 2183 2223
f 2830 2804 2183
v -0.684952 -0.180000 1.320000
f 2831 2237 2236
v -0.672179 -0.272179 1.320000
f 2199 2832 2236
f 2832 2831 2236
f 2807 2832 2199
v -0.580000 -0.190620 1.429380
f 2810 2833 2807
v -0.580000 -0.180000 1.431646
f 2833 2834 2807
f 2834 2832 2807
f 2834 2831 2832
v -0.648105 -0.065216 -1.410068
v -0.661304 -0.060000 -1.401304
v -0.648317 -0.060000 -1.419712
f 2835 2836 2837
v -0.646660 -0.078570 -1.386660
f 2838 2836 2835
f 2241 2836 2238
v -0.643006 -0.096266 -1.356266
f 2836 2838 2839
f 2836 2839 2238
v -0.641565 -0.112711 -1.320500
v -0.641336 -0.113097 -1.320000
f 2840 2841 2239
f 2840 2239 2238
f 2839 2840 2238
v -0.642655 -0.128822 -1.262655
v -0.645906 -0.125906 -1.265906
v -0.642380 -0.127653 -1.267653
f 2842 2843 2844
v -0.640684 -0.120684 -1.296339
f 2844 2843 2845
f 2845 2843 2239
f 2845 2239 2841
f 2843 2245 2239
v -0.655188 -0.135188 -1.200000
f 2846 2246 2245
f 2843 2846 2245
v -0.645543 -0.141580 -1.200000
v -0.645492 -0.141431 -1.200780
f 2847 2846 2848
f 2848 2846 2843
f 2848 2843 2842
v -0.647538 -0.149212 -1.147538
v -0.657443 -0.137443 -1.157443
v -0.646133 -0.144332 -1.164332
f 2849 2850 2851
f 2851 2850 2846
f 2851 2846 2847
f 2850 2246 2846
f 2850 2251 2246
v -0.665050 -0.145050 -1.080000
f 2852 2252 2251
f 2850 2852 2251
v -0.649998 -0.159987 -1.080000
v -0.649389 -0.157655 -1.095011
f 2853 2852 2854
f 2854 2852 2850
f 2854 2850 2849
v -0.654232 -0.178431 -1.034232
v -0.667674 -0.147674 -1.047674
v -0.650500 -0.162344 -1.062344
f 2855 2856 2857
f 2857 2856 2852
f 2857 2852 2853
f 2856 2252 2852
f 2856 2257 2252
v -0.680205 -0.160205 -0.960000
f 2858 2258 2257
f 2856 2858 2257
f 2813 2812 2858
v -0.654424 -0.179348 -1.031125
f 2813 2858 2859
f 2859 2858 2856
f 2859 2856 2855
v -0.683428 -0.163428 -0.943428
f 2860 2812 2816
f 2860 2858 2812
f 2860 2258 2858
f 2860 2263 2258
f 2860 2203 2263
f 2860 2816 2203
v -0.680433 -0.060000 1.320000
f 2861 2293 2292
v -0.684318 -0.164318 1.320000
f 2237 2862 2292
f 2862 2861 2292
f 2831 2862 2237
v -0.580000 -0.072615 1.427385
f 2834 2863 2831
v -0.580000 -0.060000 1.426841
f 2863 2864 2831
f 2864 2862 2831
f 2864 2861 2862
v -0.678616 -0.038616 -1.418616
v -0.664132 -0.045559 -1.425559
f 2865 2866 2837
f 2865 2837 2836
v -0.675389 -0.035389 -1.428140
f 2866 2865 2867
v -0.690559 -0.020141 -1.430559
f 2867 2865 2868
f 2868 2865 2300
f 2868 2300 2302
f 2865 2241 2300
f 2865 2836 2241
v -0.648375 0.060000 1.320000
f 2869 2341 2340
v -0.672831 -0.032831 1.320000
f 2293 2870 2340
f 2870 2869 2340
f 2861 2870 2293
v -0.580000 0.023775 1.403775
f 2864 2871 2861
v -0.580000 0.060000 1.392746
f 2871 2872 2861
f 2872 2870 2861
f 2872 2869 2870
v -0.685275 0.180000 1.200000
f 2873 2376 2375
f 2374 2873 2375
v -0.616875 0.180000 1.283125
f 2874 2873 2374
v -0.586972 0.180000 1.320000
f 2377 2875 2374
f 2875 2874 2374
v -0.593792 0.166208 1.320000
f 2341 2876 2377
f 2876 2875 2377
f 2869 2876 2341
v -0.580000 0.108235 1.368235
f 2872 2877 2869
v -0.580000 0.180000 1.327419
f 2877 2878 2869
f 2878 2876 2869
f 2878 2875 2876
v -0.678902 0.300000 -0.360000
f 2879 2386 2385
f 2384 2879 2385
v -0.673408 0.300000 -0.333408
f 2880 2879 2384
v -0.669126 0.300000 -0.240000
f 2388 2881 2384
f 2881 2880 2384
f 2387 2881 2388
v -0.676045 0.300000 -0.216045
f 2882 2881 2387
f 2390 2882 2387
v -0.680532 0.300000 1.080000
f 2883 2406 2405
f 2404 2883 2405
v -0.634124 0.300000 1.145876
f 2884 2883 2404
v -0.596912 0.300000 1.200000
f 2407 2885 2404
f 2885 2884 2404
v -0.642377 0.237623 1.200000
f 2376 2886 2407
f 2886 2885 2407
f 2873 2886 2376
v -0.580000 0.189378 1.320000
v -0.580000 0.249287 1.269287
f 2887 2888 2874
f 2888 2873 2874
v -0.580000 0.300000 1.220569
f 2888 2889 2873
f 2889 2886 2873
f 2889 2885 2886
f 2875 2887 2874
v -0.580000 0.184264 1.324264
f 2878 2890 2875
f 2890 2887 2875
v -0.622044 0.420000 -0.360000
f 2891 2413 2412
v -0.654327 0.345673 -0.360000
f 2386 2892 2412
f 2892 2891 2412
f 2879 2892 2386
v -0.580000 0.418249 -0.240000
v -0.580000 0.418683 -0.241317
f 2893 2894 2880
f 2894 2879 2880
v -0.580000 0.420000 -0.243717
f 2894 2895 2879
f 2895 2892 2879
f 2895 2891 2892
f 2881 2893 2880
v -0.624060 0.375940 -0.164060
f 2896 2881 2882
v -0.580000 0.420000 -0.231764
f 2897 2893 2881
f 2896 2897 2881
v -0.596077 0.420000 -0.136077
f 2898 2897 2896
v -0.601093 0.420000 -0.120000
f 2899 2898 2896
f 2414 2899 2390
f 2899 2896 2390
f 2896 2882 2390
v -0.635663 0.420000 -0.055663
f 2900 2899 2414
v -0.662634 0.420000 0.000000
f 2416 2901 2414
f 2901 2900 2414
f 2415 2901 2416
v -0.673642 0.420000 0.026358
f 2902 2901 2415
f 2418 2902 2415
v -0.687460 0.420000 0.840000
f 2903 2436 2434
f 2433 2903 2434
v -0.676590 0.420000 0.863410
f 2904 2903 2433
v -0.633713 0.420000 0.960000
f 2438 2905 2433
f 2905 2904 2433
f 2437 2905 2438
v -0.580000 0.403628 1.080000
v -0.580000 0.409992 1.069992
v -0.609721 0.390279 1.050279
f 2906 2907 2908
v -0.580000 0.420000 1.051925
f 2907 2909 2908
f 2908 2909 2437
f 2909 2905 2437
f 2439 2908 2437
f 2406 2908 2439
f 2906 2908 2406
f 2883 2906 2406
v -0.580000 0.317435 1.200000
v -0.580000 0.361984 1.141984
f 2910 2911 2884
f 2911 2883 2884
f 2911 2906 2883
f 2885 2910 2884
v -0.580000 0.309736 1.209736
f 2889 2912 2885
f 2912 2910 2885
v -0.580000 0.517916 -0.360000
v -0.580000 0.531613 -0.368387
v -0.623256 0.496744 -0.403256
f 2913 2914 2915
v -0.580000 0.540000 -0.368693
f 2914 2916 2915
v -0.610665 0.540000 -0.390665
f 2916 2917 2915
f 2915 2917 2442
f 2917 2443 2442
f 2413 2915 2442
f 2913 2915 2413
f 2891 2913 2413
v -0.580000 0.455483 -0.324517
f 2895 2918 2891
f 2918 2913 2891
v -0.580000 0.438204 -0.120000
f 2919 2897 2898
f 2899 2919 2898
v -0.580000 0.489324 0.000000
v -0.580000 0.450260 -0.089740
f 2920 2921 2900
f 2921 2899 2900
f 2921 2919 2899
f 2901 2920 2900
v -0.580000 0.527743 0.120000
v -0.580000 0.521459 0.101459
f 2922 2923 2902
f 2923 2901 2902
f 2923 2920 2901
v -0.656302 0.463698 0.120000
f 2444 2924 2418
f 2924 2922 2418
f 2922 2902 2418
v -0.580000 0.540000 0.176300
f 2925 2922 2924
v -0.594150 0.540000 0.225850
f 2444 2926 2924
f 2926 2925 2924
v -0.597827 0.540000 0.240000
f 2446 2927 2444
f 2927 2926 2444
f 2445 2927 2446
v -0.611781 0.540000 0.328219
f 2928 2927 2445
v -0.616383 0.540000 0.360000
f 2448 2929 2445
f 2929 2928 2445
f 2447 2929 2448
v -0.618937 0.540000 0.441063
f 2930 2929 2447
v -0.620069 0.540000 0.480000
f 2450 2931 2447
f 2931 2930 2447
f 2449 2931 2450
v -0.611770 0.540000 0.568230
f 2932 2931 2449
v -0.608985 0.540000 0.600000
f 2452 2933 2449
f 2933 2932 2449
f 2451 2933 2452
v -0.583571 0.540000 0.716429
f 2934 2933 2451
v -0.582836 0.540000 0.720000
f 2454 2935 2451
f 2935 2934 2451
f 2453 2935 2454
v -0.580000 0.510176 0.840000
v -0.580000 0.516993 0.816993
v -0.649007 0.470993 0.770993
f 2936 2937 2938
v -0.580000 0.540000 0.728316
f 2937 2939 2938
f 2938 2939 2453
f 2939 2935 2453
f 2455 2938 2453
f 2436 2938 2455
f 2936 2938 2436
f 2903 2936 2436
v -0.580000 0.465048 0.960000
v -0.580000 0.486626 0.906626
f 2940 2941 2904
f 2941 2903 2904
f 2941 2936 2903
f 2905 2940 2904
v -0.580000 0.451113 0.991113
f 2909 2942 2905
f 2942 2940 2905
v -0.580000 0.636057 -0.383943
v -0.642735 0.597265 -0.422735
f 2943 2944 2917
f 2916 2943 2917
v -0.580000 0.660000 -0.384598
f 2943 2945 2944
v -0.647069 0.660000 -0.427069
f 2945 2946 2944
f 2944 2946 2458
f 2946 2459 2458
f 2443 2944 2458
f 2917 2944 2443
v -0.580000 0.552626 0.240000
f 2947 2925 2926
f 2927 2947 2926
v -0.580000 0.565777 0.360000
v -0.580000 0.554039 0.254039
f 2948 2949 2928
f 2949 2927 2928
f 2949 2947 2927
f 2929 2948 2928
v -0.580000 0.568390 0.480000
v -0.580000 0.566304 0.386304
f 2950 2951 2930
f 2951 2929 2930
f 2951 2948 2929
f 2931 2950 2930
v -0.580000 0.560533 0.600000
v -0.580000 0.566787 0.506787
f 2952 2953 2932
f 2953 2931 2932
f 2953 2950 2931
f 2933 2952 2932
v -0.580000 0.542008 0.720000
v -0.580000 0.558024 0.618024
f 2954 2955 2934
f 2955 2933 2934
f 2955 2952 2933
f 2935 2954 2934
v -0.580000 0.541649 0.721649
f 2939 2956 2935
f 2956 2954 2935
v -0.697375 0.780000 -0.480000
f 2957 2464 2462
f 2461 2957 2462
v -0.580000 0.741659 -0.398341
v -0.663718 0.696282 -0.443718
f 2958 2959 2946
f 2945 2958 2946
v -0.580000 0.780000 -0.405738
f 2958 2960 2959
f 2959 2960 2461
f 2960 2957 2461
f 2466 2959 2461
f 2459 2959 2466
f 2946 2959 2459
v -0.697100 0.893747 -1.677100
v -0.695689 0.900000 -1.675689
v -0.691067 0.900000 -1.679114
f 2961 2962 2963
f 2472 2471 2962
f 2472 2962 2961
v -0.633571 0.900000 -0.480000
f 2964 2479 2477
v -0.694187 0.785813 -0.480000
f 2464 2965 2477
f 2965 2964 2477
f 2957 2965 2464
v -0.580000 0.836645 -0.423355
f 2960 2966 2957
v -0.580000 0.900000 -0.446155
f 2966 2967 2957
f 2967 2965 2957
f 2967 2964 2965
v -0.584339 0.989743 -1.703232
v -0.580000 0.999131 -1.700869
v -0.580000 0.993198 -1.704026
f 2968 2969 2970
v -0.600639 0.976041 -1.700639
v -0.589089 1.010911 -1.689089
f 2971 2972 2969
f 2971 2969 2968
v -0.580000 1.020000 -1.690291
f 2973 2969 2972
v -0.586388 1.020000 -1.686388
f 2974 2973 2972
v -0.595387 1.020000 -1.680000
f 2975 2974 2972
v -0.650799 0.949201 -1.680000
f 2976 2975 2972
v -0.686372 0.904406 -1.680000
v -0.646707 0.941138 -1.687509
f 2977 2976 2978
f 2978 2976 2972
f 2978 2972 2971
v -0.693116 0.906884 -1.673116
v -0.690256 0.900816 -1.679184
f 2979 2980 2963
f 2979 2963 2962
f 2980 2979 2976
f 2980 2976 2977
v -0.655215 1.020000 -1.635215
f 2981 2975 2976
f 2979 2981 2976
f 2482 2981 2480
f 2981 2979 2480
f 2979 2471 2480
f 2979 2962 2471
v -0.697583 1.020000 -0.600000
f 2982 2492 2490
f 2489 2982 2490
v -0.580000 0.967490 -0.480000
v -0.580000 1.001422 -0.498578
v -0.616600 0.983400 -0.516600
f 2983 2984 2985
v -0.580000 1.020000 -0.510527
f 2984 2986 2985
f 2985 2986 2489
f 2986 2982 2489
f 2493 2985 2489
f 2479 2985 2493
f 2983 2985 2479
f 2964 2983 2479
v -0.580000 0.923284 -0.456716
f 2967 2987 2964
f 2987 2983 2964
v -0.580000 1.034854 -1.680000
f 2988 2973 2974
f 2975 2988 2974
v -0.613205 1.106795 -1.593205
f 2989 2975 2981
v -0.580000 1.140000 -1.592244
f 2990 2988 2975
f 2989 2990 2975
v -0.598360 1.140000 -1.578360
f 2991 2990 2989
v -0.619504 1.140000 -1.560000
f 2992 2991 2989
f 2494 2992 2482
f 2992 2989 2482
f 2989 2981 2482
v -0.660113 1.140000 -1.520113
f 2993 2992 2494
f 2496 2993 2494
v -0.698433 1.140000 -0.720000
f 2994 2505 2503
f 2502 2994 2503
v -0.580000 1.133524 -0.600000
v -0.580000 1.136907 -0.603093
v -0.586200 1.133800 -0.606200
f 2995 2996 2997
v -0.580000 1.140000 -0.606429
f 2996 2998 2997
f 2997 2998 2502
f 2998 2994 2502
f 2507 2997 2502
f 2492 2997 2507
f 2995 2997 2492
f 2982 2995 2492
v -0.580000 1.071984 -0.548016
f 2986 2999 2982
f 2999 2995 2982
v -0.580000 1.170999 -1.560000
f 3000 2990 2991
f 2992 3000 2991
v -0.580000 1.258691 -1.440000
v -0.580000 1.254817 -1.445183
f 3001 3002 2993
f 3002 2992 2993
f 3002 3000 2992
v -0.586109 1.253891 -1.440000
f 2508 3003 2496
f 3003 3001 2496
f 3001 2993 2496
v -0.580000 1.260000 -1.437407
f 3004 3001 3003
v -0.628462 1.260000 -1.368462
f 2508 3005 3003
f 3005 3004 3003
v -0.658938 1.260000 -1.320000
f 2510 3006 2508
f 3006 3005 2508
f 2509 3006 2510
v -0.670656 1.260000 -1.290656
f 3007 3006 2509
f 2512 3007 2509
v -0.580000 1.233015 -0.720000
v -0.580000 1.243537 -0.736463
v -0.611743 1.228257 -0.751743
f 3008 3009 3010
v -0.580000 1.260000 -0.762271
f 3009 3011 3010
v -0.678434 1.260000 -0.818434
f 3011 3012 3010
f 3010 3012 2517
f 3012 2519 2517
f 2505 3010 2517
f 3008 3010 2505
f 2994 3008 2505
v -0.580000 1.193111 -0.666889
f 2998 3013 2994
f 3013 3008 2994
v -0.580000 1.312341 -1.320000
f 3014 3004 3005
f 3006 3014 3005
v -0.580000 1.361067 -1.200000
v -0.580000 1.352233 -1.227767
f 3015 3016 3007
f 3016 3006 3007
f 3016 3014 3006
v -0.636661 1.323339 -1.200000
f 2520 3017 2512
f 3017 3015 2512
f 3015 3007 2512
v -0.580000 1.380000 -1.174152
f 3018 3015 3017
v -0.656378 1.380000 -1.156378
f 2520 3019 3017
f 3019 3018 3017
f 2522 3019 2520
v -0.580000 1.337559 -0.840000
v -0.580000 1.357809 -0.862191
v -0.602240 1.357760 -0.862240
f 3020 3021 3022
v -0.580000 1.380000 -0.871610
f 3021 3023 3022
v -0.601953 1.380000 -0.861953
f 3023 3024 3022
f 3022 3024 2525
f 3024 2527 2525
v -0.678544 1.281456 -0.840000
f 3025 3022 2525
f 2524 3025 2525
f 3025 3020 3022
v -0.580000 1.291386 -0.808614
v -0.695141 1.264859 -0.835141
f 3026 3027 3012
f 3011 3026 3012
f 3027 3026 3025
f 3026 3020 3025
f 2524 3027 3025
f 2530 3027 2524
f 2519 3027 2530
f 3012 3027 2519
v -0.580000 1.410134 -1.169866
f 3028 3018 3019
v -0.650689 1.429311 -1.150689
f 3029 3028 3019
v -0.580000 1.500000 -1.131216
f 3030 3028 3029
v -0.642679 1.500000 -1.142679
f 3031 3030 3029
f 2534 3031 2532
f 3031 3029 2532
f 3029 2522 2532
f 3029 3019 2522
v -0.580000 1.452510 -0.887490
v -0.614897 1.465103 -0.874897
f 3032 3033 3024
f 3023 3032 3024
v -0.580000 1.500000 -0.890886
f 3032 3034 3033
v -0.616567 1.500000 -0.876567
f 3034 3035 3033
f 3033 3035 2536
f 3035 2538 2536
f 2527 3033 2536
f 3024 3033 2527
v -0.580000 1.577511 -1.122489
f 3036 3030 3031
v -0.633518 1.566482 -1.133518
f 3037 3036 3031
v -0.580000 1.620000 -1.118620
f 3038 3036 3037
v -0.628526 1.620000 -1.128526
f 3039 3038 3037
f 2544 3039 2542
f 3039 3037 2542
f 3037 2534 2542
f 3037 3031 2534
v -0.580000 1.563707 -0.896293
v -0.621363 1.578637 -0.881363
f 3040 3041 3035
f 3034 3040 3035
v -0.580000 1.620000 -0.903915
f 3040 3042 3041
v -0.626059 1.620000 -0.886059
f 3042 3043 3041
f 3041 3043 2546
f 3043 2548 2546
f 2538 3041 2546
f 3035 3041 2538
v -0.580000 1.717557 -1.102443
f 3044 3038 3039
v -0.609715 1.710285 -1.109715
f 3045 3044 3039
v -0.580000 1.740000 -1.099795
f 3046 3044 3045
v -0.605161 1.740000 -1.105161
f 3047 3046 3045
f 2552 3047 2550
f 3047 3045 2550
f 3045 2544 2550
f 3045 3039 2544
v -0.580000 1.669526 -0.910474
v -0.632501 1.687499 -0.892501
f 3048 3049 3043
f 3042 3048 3043
v -0.580000 1.740000 -0.924963
f 3048 3050 3049
v -0.641535 1.740000 -0.901535
f 3050 3051 3049
f 3049 3051 2554
f 3051 2556 2554
f 2548 3049 2554
f 3043 3049 2548
v -0.580000 1.831157 -1.080000
f 3052 3046 3047
v -0.600981 1.860000 -1.080000
f 2560 3053 2558
v -0.591588 1.848412 -1.080000
f 3053 3054 2558
f 3054 2552 2558
f 3054 3052 2552
f 3052 3047 2552
v -0.580000 1.860000 -1.008407
f 3055 3052 3054
f 3053 3055 3054
v -0.580000 1.769645 -0.930355
v -0.648340 1.791660 -0.908340
f 3056 3057 3051
f 3050 3056 3051
v -0.580000 1.860000 -0.954911
f 3056 3058 3057
v -0.663620 1.860000 -0.923620
f 3058 3059 3057
f 3057 3059 2562
f 3059 2564 2562
f 2556 3057 2562
f 3051 3057 2556
v -0.645994 1.914006 -1.080000
f 2566 3060 2560
f 3060 3053 2560
v -0.636873 1.923127 -1.016873
v -0.580000 1.876465 -0.960000
f 3061 3062 3053
f 3062 3055 3053
f 3060 3061 3053
f 2566 3061 3060
v -0.673695 1.980000 -0.960000
f 3063 3061 2566
f 2569 3063 2566
v -0.626836 1.933164 -0.960000
f 3063 3064 3061
f 3064 3062 3061
v -0.580000 1.864127 -0.955873
v -0.668900 1.891100 -0.928900
f 3065 3066 3059
f 3058 3065 3059
f 3066 3065 3064
f 3065 3062 3064
v -0.692902 1.980000 -0.952902
f 3067 3066 3064
f 3063 3067 3064
f 3066 3067 2570
f 3067 2572 2570
f 2564 3066 2570
f 3059 3066 2564
v -0.686748 1.993252 -0.960000
f 2576 3068 2569
f 3068 3063 2569
v -0.694130 1.985870 -0.954130
f 3063 3069 3067
f 3068 3069 3063
f 2576 3069 3068
f 2578 3069 2576
f 2572 3069 2578
f 3067 3069 2572
v -0.462898 -1.350000 -1.202898
v -0.460000 -1.346941 -1.200000
v -0.460000 -1.350000 -1.202132
f 3070 3071 3072
v -0.518759 -1.318759 -1.200000
f 2582 2581 3073
v -0.550000 -1.350000 -1.230111
f 2582 3073 3074
f 3074 3073 3071
v -0.471105 -1.350000 -1.205462
f 3074 3071 3075
f 3075 3071 3070
v -0.460000 -1.260000 -1.121407
f 3076 3071 3073
v -0.525334 -1.260000 -1.145334
f 2581 3077 3073
f 3077 3076 3073
f 2586 3077 2581
v -0.525275 -1.350000 -0.330000
v -0.543815 -1.343815 -0.323815
v -0.543227 -1.350000 -0.323227
f 3078 3079 3080
v -0.460000 -1.350000 -0.352192
v -0.460000 -1.260000 -0.353906
f 3078 3081 3082
f 3078 3082 3079
v -0.538456 -1.260000 -0.318456
f 3082 3083 3079
f 3079 3083 2589
f 3083 2593 2589
v -0.550000 -1.350000 -0.321480
f 2592 3084 3079
f 2592 3079 2589
f 3080 3079 3084
v -0.474723 -1.350000 0.585277
v -0.460000 -1.336171 0.600000
v -0.460000 -1.350000 0.590486
f 3085 3086 3087
v -0.506306 -1.306306 0.600000
f 2598 2597 3088
v -0.550000 -1.350000 0.554631
f 2598 3088 3089
f 3089 3088 3086
v -0.497863 -1.350000 0.575856
f 3089 3086 3090
f 3090 3086 3085
v -0.460000 -1.260000 0.668004
f 3091 3086 3088
v -0.561934 -1.260000 0.618066
f 2597 3092 3088
f 3092 3091 3088
f 2602 3092 2597
v -0.462251 -1.350000 1.437749
v -0.460000 -1.350000 1.436370
v -0.460000 -1.273498 1.426502
f 3093 3094 3095
v -0.468749 -1.268749 1.431251
f 3093 3095 3096
v -0.460000 -1.260000 1.426363
f 3095 3097 3096
v -0.467817 -1.260000 1.432183
f 3097 3098 3096
v -0.485521 -1.260000 1.440000
f 3098 3099 3096
v -0.485343 -1.285343 1.440000
f 3099 3100 3096
v -0.467685 -1.350000 1.440000
f 3100 3101 3093
f 3100 3093 3096
v -0.544858 -1.350000 1.470000
v -0.548663 -1.348663 1.471337
v -0.548434 -1.350000 1.471566
f 3102 3103 3104
v -0.467999 -1.350000 1.440122
f 3103 3102 3105
f 3103 3105 3100
f 3105 3101 3100
v -0.548868 -1.260000 1.471132
f 3106 3103 3100
f 3099 3106 3100
f 3103 3106 2605
f 3106 2609 2605
v -0.550000 -1.350000 1.472039
f 2608 3107 3103
f 2608 3103 2605
f 3104 3103 3107
v -0.460000 -1.232162 -1.080000
f 3108 3076 3077
v -0.531039 -1.211039 -1.080000
f 2612 3109 2586
f 3109 3108 2586
f 3108 3077 2586
v -0.460000 -1.140000 -0.976172
f 3110 3108 3109
v -0.484573 -1.140000 -0.984573
f 2612 3111 3109
f 3111 3110 3109
f 2614 3111 2612
v -0.460000 -1.254061 -0.354061
v -0.539188 -1.219188 -0.319188
f 3112 3113 3083
f 3082 3112 3083
v -0.460000 -1.140000 -0.338510
f 3112 3114 3113
v -0.527538 -1.140000 -0.307538
f 3114 3115 3113
f 3113 3115 2616
f 3115 2618 2616
f 2593 3113 2616
f 3083 3113 2593
v -0.460000 -1.218580 0.720000
f 3116 3091 3092
v -0.513445 -1.193445 0.720000
f 2620 3117 2602
f 3117 3116 2602
f 3116 3092 2602
v -0.460000 -1.140000 0.783553
f 3118 3116 3117
v -0.559528 -1.140000 0.740472
f 2620 3119 3117
f 3119 3118 3117
f 2622 3119 2620
v -0.460000 -1.171076 1.440000
f 3097 3120 3098
f 3120 3099 3098
v -0.551422 -1.231422 1.468578
f 3099 3121 3106
v -0.460000 -1.140000 1.443440
f 3122 3121 3099
f 3120 3122 3099
v -0.537536 -1.140000 1.482464
f 3122 3123 3121
f 3121 3123 2624
f 3123 2626 2624
f 2609 3121 2624
f 3106 3121 2609
v -0.460000 -1.035086 -0.975086
f 3124 3110 3111
v -0.483049 -1.043049 -0.983049
f 3125 3124 3111
v -0.460000 -1.020000 -0.970127
f 3126 3124 3125
v -0.474903 -1.020000 -0.974903
f 3127 3126 3125
f 2630 3127 2628
f 3127 3125 2628
f 3125 2614 2628
f 3125 3111 2614
v -0.460000 -1.117278 -0.337278
v -0.525513 -1.085513 -0.305513
f 3128 3129 3115
f 3114 3128 3115
v -0.460000 -1.020000 -0.330498
f 3128 3130 3129
v -0.521887 -1.020000 -0.301887
f 3130 3131 3129
f 3129 3131 2632
f 3131 2634 2632
f 2618 3129 2632
f 3115 3129 2618
v -0.460000 -1.085360 0.774640
f 3132 3118 3119
v -0.564101 -1.124101 0.735899
f 3133 3132 3119
v -0.460000 -1.020000 0.780083
f 3134 3132 3133
v -0.560226 -1.020000 0.739774
f 3135 3134 3133
f 2638 3135 2636
f 3135 3133 2636
f 3133 2622 2636
f 3133 3119 2622
v -0.460000 -1.136257 1.443743
v -0.535115 -1.095115 1.484885
f 3136 3137 3123
f 3122 3136 3123
v -0.460000 -1.020000 1.458436
f 3136 3138 3137
v -0.527822 -1.020000 1.492178
f 3138 3139 3137
f 3137 3139 2640
f 3139 2642 2640
f 2626 3137 2640
f 3123 3137 2626
v -0.460000 -0.902363 -0.962363
f 3140 3126 3127
v -0.463597 -0.903597 -0.963597
f 3141 3140 3127
v -0.460000 -0.900000 -0.962229
f 3142 3140 3141
v -0.463300 -0.900000 -0.963300
f 3143 3142 3141
f 2646 3143 2644
f 3143 3141 2644
f 3141 2630 2644
f 3141 3127 2630
v -0.460000 -0.989243 -0.329243
v -0.520218 -0.960218 -0.300218
f 3144 3145 3131
f 3130 3144 3131
v -0.460000 -0.900000 -0.336236
f 3144 3146 3145
v -0.523855 -0.900000 -0.303855
f 3146 3147 3145
f 3145 3147 2648
f 3147 2650 2648
f 2634 3145 2648
f 3131 3145 2634
v -0.460000 -0.901800 0.238200
v -0.460000 -0.902089 0.240000
v -0.461286 -0.901286 0.238714
f 3148 3149 3150
v -0.460000 -0.900000 0.228371
f 3151 3148 3150
v -0.463008 -0.900000 0.236992
f 3152 3151 3150
v -0.463976 -0.900000 0.240000
f 3153 3152 3150
v -0.461420 -0.901420 0.240000
f 3154 3153 3150
f 3149 3154 3150
v -0.460000 -0.912957 0.347043
v -0.460000 -0.914117 0.360000
v -0.469071 -0.909071 0.350929
f 3155 3156 3157
f 3149 3155 3154
f 3155 3157 3154
v -0.482762 -0.900000 0.337238
f 3158 3153 3154
f 3157 3158 3154
v -0.486848 -0.900000 0.360000
f 3159 3158 3157
v -0.469596 -0.909596 0.360000
f 3160 3159 3157
f 3156 3160 3157
v -0.460000 -0.916216 0.463784
v -0.460000 -0.916508 0.480000
v -0.471094 -0.911094 0.468906
f 3161 3162 3163
f 3156 3161 3160
f 3161 3163 3160
v -0.490300 -0.900000 0.449700
f 3164 3159 3160
f 3163 3164 3160
v -0.491392 -0.900000 0.480000
f 3165 3164 3163
v -0.471322 -0.911322 0.480000
f 3166 3165 3163
f 3162 3166 3163
v -0.460000 -0.909854 0.590146
v -0.460000 -0.909777 0.600000
v -0.466624 -0.906624 0.593376
f 3167 3168 3169
f 3162 3167 3166
f 3167 3169 3166
v -0.479891 -0.900000 0.580109
f 3170 3165 3166
f 3169 3170 3166
v -0.478229 -0.900000 0.600000
f 3171 3170 3169
v -0.468652 -0.908652 0.600000
f 3172 3171 3169
f 3168 3172 3169
v -0.460000 -0.900939 0.719061
v -0.460000 -0.901870 0.720000
v -0.460823 -0.900823 0.719177
f 3173 3174 3175
f 3168 3173 3172
f 3173 3175 3172
v -0.461881 -0.900000 0.718119
f 3176 3171 3172
f 3175 3176 3172
v -0.474586 -0.900000 0.720000
f 3177 3176 3175
v -0.468936 -0.908936 0.720000
f 3178 3177 3175
f 3174 3178 3175
v -0.460000 -0.959283 0.780717
f 3179 3134 3135
v -0.559875 -0.999875 0.740125
f 3180 3179 3135
f 3174 3179 3178
f 3179 3180 3178
v -0.567414 -0.900000 0.732586
f 3181 3177 3178
f 3180 3181 3178
f 2654 3181 2652
f 3181 3180 2652
f 3180 2638 2652
f 3180 3135 2638
v -0.460000 -1.001928 1.458072
v -0.528516 -0.968516 1.491484
f 3182 3183 3139
f 3138 3182 3139
v -0.460000 -0.900000 1.455446
f 3182 3184 3183
v -0.529879 -0.900000 1.490121
f 3184 3185 3183
f 3183 3185 2656
f 3185 2658 2656
f 2642 3183 2656
f 3139 3183 2642
v -0.460000 -0.888436 -0.960000
f 3186 3142 3143
v -0.541530 -0.780000 -0.971441
v -0.534610 -0.790391 -0.970391
f 2662 3187 3188
f 2662 3188 2660
v -0.518564 -0.812883 -0.968969
f 3188 3189 2660
v -0.507434 -0.827434 -0.967775
f 3189 3190 2646
f 3189 2646 2660
v -0.463179 -0.881364 -0.960000
f 3190 3191 3186
f 3190 3186 2646
f 3186 3143 2646
v -0.460000 -0.884966 -0.959189
f 3192 3186 3191
v -0.460000 -0.787510 -0.360000
v -0.460000 -0.781358 -0.361358
v -0.460835 -0.780835 -0.360835
f 3193 3194 3195
v -0.460000 -0.780000 -0.361820
f 3194 3196 3195
v -0.461049 -0.780000 -0.361049
f 3196 3197 3195
v -0.463452 -0.780000 -0.360000
f 3197 3198 3195
v -0.462209 -0.782209 -0.360000
f 3198 3199 3195
f 3199 3193 3195
v -0.460000 -0.853042 -0.313042
v -0.496484 -0.816484 -0.276484
f 3200 3201 3147
f 3146 3200 3147
f 3201 3200 3199
f 3200 3193 3199
v -0.508999 -0.780000 -0.288999
f 3202 3201 3199
f 3198 3202 3199
f 3201 3202 2664
f 3202 2666 2664
f 2650 3201 2664
f 3147 3201 2650
v -0.460000 -0.800630 -0.140630
v -0.460000 -0.798755 -0.120000
v -0.488746 -0.808746 -0.148746
f 3203 3204 3205
v -0.460000 -0.780000 -0.162103
f 3206 3203 3205
v -0.488253 -0.780000 -0.148253
f 3207 3206 3205
v -0.490696 -0.780000 -0.120000
f 3208 3207 3205
v -0.473368 -0.793368 -0.120000
f 3209 3208 3205
f 3204 3209 3205
v -0.460000 -0.828099 -0.048099
v -0.460000 -0.845074 0.000000
v -0.497395 -0.817395 -0.037395
f 3210 3211 3212
f 3204 3210 3209
f 3210 3212 3209
v -0.526459 -0.780000 -0.066459
f 3213 3208 3209
f 3212 3213 3209
v -0.566333 -0.780000 0.000000
f 3214 3213 3212
v -0.501927 -0.821927 0.000000
f 3215 3214 3212
f 3211 3215 3212
v -0.460000 -0.858146 0.041854
v -0.460000 -0.879233 0.120000
v -0.515005 -0.835005 0.064995
f 3216 3217 3218
f 3211 3216 3215
f 3216 3218 3215
v -0.570951 -0.780000 0.009049
f 3219 3214 3215
f 3218 3219 3215
f 2671 3219 2668
f 3219 3218 2668
v -0.524053 -0.844053 0.120000
f 3220 2669 2668
f 3218 3220 2668
f 3217 3220 3218
v -0.460000 -0.882923 0.137077
f 3221 3151 3152
v -0.530900 -0.850900 0.169100
f 3222 3221 3152
f 3217 3221 3220
f 3221 3222 3220
f 3222 2669 3220
f 3222 2675 2669
v -0.538972 -0.858972 0.240000
f 3223 2676 2675
f 3222 3223 2675
f 3153 3223 3152
f 3223 3222 3152
v -0.541919 -0.861919 0.278081
f 3224 3153 3158
f 3224 3223 3153
f 3224 2676 3223
f 3224 2681 2676
v -0.547111 -0.867111 0.360000
f 3225 2682 2681
f 3224 3225 2681
f 3159 3225 3158
f 3225 3224 3158
v -0.547610 -0.867610 0.392390
f 3226 3159 3164
f 3226 3225 3159
f 3226 2682 3225
f 3226 2687 2682
v -0.548725 -0.868725 0.480000
f 3227 2688 2687
f 3226 3227 2687
f 3165 3227 3164
f 3227 3226 3164
v -0.547217 -0.867217 0.512783
f 3228 3165 3170
f 3228 3227 3165
f 3228 2688 3227
f 3228 2693 2688
v -0.544688 -0.864688 0.600000
f 3229 2694 2693
f 3228 3229 2693
f 3171 3229 3170
f 3229 3228 3170
v -0.540433 -0.860433 0.639567
f 3230 3171 3176
f 3230 3229 3171
f 3230 2694 3229
f 3230 2699 2694
v -0.573571 -0.893571 0.720000
f 3231 2700 2699
f 3230 3231 2699
f 3177 3231 3176
f 3231 3230 3176
v -0.572167 -0.892167 0.727833
f 3232 3177 3181
f 3232 3231 3177
f 2700 3232 3231
f 3232 2705 2700
f 3232 2654 2705
f 3232 3181 2654
v -0.460000 -0.812026 1.440000
v -0.460000 -0.785325 1.434675
v -0.463219 -0.783219 1.436781
f 3233 3234 3235
v -0.460000 -0.780000 1.433222
f 3234 3236 3235
v -0.463863 -0.780000 1.436137
f 3236 3237 3235
v -0.471946 -0.780000 1.440000
f 3237 3238 3235
v -0.468370 -0.788370 1.440000
f 3238 3239 3235
f 3239 3233 3235
v -0.460000 -0.886446 1.453554
v -0.534155 -0.854155 1.485845
f 3240 3241 3185
f 3184 3240 3185
f 3241 3240 3239
f 3240 3233 3239
v -0.544551 -0.780000 1.475449
f 3242 3241 3239
f 3238 3242 3239
f 3241 3242 2708
f 3242 2710 2708
f 2658 3241 2708
f 3185 3241 2658
v -0.556554 -0.756554 -0.970625
f 2713 3243 2662
f 3243 3187 2662
v -0.460000 -0.765815 -0.360000
f 3196 3244 3197
f 3244 3198 3197
v -0.460000 -0.777322 -0.357322
f 3198 3245 3202
v -0.460000 -0.738340 -0.240000
f 3245 3246 3202
f 3245 3244 3198
v -0.564483 -0.660000 -0.240000
f 3247 2722 2720
v -0.522068 -0.722068 -0.240000
f 2666 3248 2720
f 3248 3247 2720
f 3202 3246 2666
f 3246 3248 2666
v -0.460000 -0.754540 -0.214540
f 3249 3206 3207
v -0.541484 -0.741484 -0.201484
f 3250 3249 3207
f 3246 3249 3248
f 3249 3250 3248
v -0.571606 -0.660000 -0.231606
f 3251 3247 3248
f 3250 3251 3248
f 2727 3251 2724
f 3251 3250 2724
v -0.544301 -0.744301 -0.120000
f 3252 2725 2724
f 3250 3252 2724
f 3208 3252 3207
f 3252 3250 3207
v -0.552485 -0.752485 -0.092485
f 3253 3208 3213
f 3253 3252 3208
f 3253 2725 3252
f 3253 2731 2725
v -0.574563 -0.774563 0.000000
f 3254 2732 2731
f 3253 3254 2731
f 3214 3254 3213
f 3254 3253 3213
v -0.575574 -0.775574 0.004426
f 3255 3214 3219
f 3255 3254 3214
f 3255 2732 3254
f 3255 2736 2732
f 3255 2671 2736
f 3255 3219 2671
v -0.460000 -0.694319 1.405681
v -0.481847 -0.681847 1.418153
f 3256 3257 3237
f 3236 3256 3237
v -0.460000 -0.660000 1.388671
f 3256 3258 3257
v -0.489920 -0.660000 1.410080
f 3258 3259 3257
v -0.555926 -0.660000 1.440000
f 3259 3260 3257
v -0.511024 -0.711024 1.440000
f 3260 3261 3257
f 3257 3261 3237
f 3261 3238 3237
v -0.547799 -0.747799 1.472201
f 3238 3262 3242
f 3261 3262 3238
v -0.572350 -0.660000 1.447650
f 3263 3262 3261
f 3260 3263 3261
f 3262 3263 2750
f 3263 2752 2750
f 2710 3262 2750
f 3242 3262 2710
v -0.572967 -0.652967 -0.240000
f 3264 2762 2722
f 3247 3264 2722
v -0.575055 -0.655055 -0.235055
f 3265 3247 3251
f 3265 3264 3247
f 3265 2762 3264
f 3265 2766 2762
f 3265 2727 2766
f 3265 3251 2727
v -0.460000 -0.587815 1.392185
v -0.487289 -0.567289 1.412711
f 3266 3267 3259
f 3258 3266 3259
v -0.460000 -0.540000 1.390104
f 3266 3268 3267
v -0.508806 -0.540000 1.391194
f 3268 3269 3267
f 3267 3269 2772
f 3269 2774 2772
v -0.553516 -0.633516 1.440000
f 3270 3267 2772
f 2771 3270 2772
f 3267 3270 3259
f 3270 3260 3259
v -0.571357 -0.651357 1.448643
f 3260 3271 3263
f 3270 3271 3260
f 2771 3271 3270
f 2777 3271 2771
f 2752 3271 2777
f 3263 3271 2752
v -0.460000 -0.449187 1.440000
f 3268 3272 3269
v -0.482197 -0.420000 1.440000
f 3273 2795 2793
v -0.486206 -0.446206 1.440000
f 2774 3274 2793
f 3274 3273 2793
f 3269 3272 2774
f 3272 3274 2774
v -0.460000 -0.420000 1.454647
f 3272 3275 3274
f 3275 3273 3274
v -0.542242 -0.300000 1.440000
f 3276 2810 2809
v -0.520619 -0.360619 1.440000
f 2795 3277 2809
f 3277 3276 2809
f 3273 3277 2795
v -0.460000 -0.395862 1.464138
f 3275 3278 3273
v -0.460000 -0.300000 1.503731
f 3278 3279 3273
f 3279 3277 3273
f 3279 3276 3277
v -0.570306 -0.180000 1.440000
f 3280 2834 2833
v -0.549765 -0.269765 1.440000
f 2810 3281 2833
f 3281 3280 2833
f 3276 3281 2810
v -0.460000 -0.222576 1.517424
f 3279 3282 3276
v -0.460000 -0.180000 1.525505
f 3282 3283 3276
f 3283 3281 3276
f 3283 3280 3281
v -0.564731 -0.060000 1.440000
f 3284 2864 2863
v -0.569803 -0.169803 1.440000
f 2834 3285 2863
f 3285 3284 2863
f 3280 3285 2834
v -0.460000 -0.097388 1.522612
f 3283 3286 3280
v -0.460000 -0.060000 1.521178
f 3286 3287 3280
f 3287 3285 3280
f 3287 3284 3285
v -0.525181 0.060000 1.440000
f 3288 2872 2871
v -0.556810 -0.036810 1.440000
f 2864 3289 2871
f 3289 3288 2871
f 3284 3289 2864
v -0.460000 0.005304 1.505304
f 3287 3290 3284
v -0.460000 0.060000 1.490502
f 3290 3291 3284
f 3291 3289 3284
f 3291 3288 3289
v -0.460000 0.163836 1.440000
v -0.460000 0.174583 1.434583
v -0.472879 0.167121 1.427121
f 3292 3293 3294
v -0.460000 0.180000 1.431476
f 3293 3295 3294
v -0.526097 0.180000 1.373903
f 3295 3296 3294
f 3294 3296 2877
f 3296 2878 2877
f 2872 3294 2877
f 3292 3294 2872
f 3288 3292 2872
v -0.460000 0.094858 1.474858
f 3291 3297 3288
f 3297 3292 3288
v -0.480044 0.300000 1.320000
f 3298 2889 2888
f 2887 3298 2888
v -0.460000 0.244279 1.384279
v -0.571947 0.188053 1.328053
f 3299 3300 3296
f 3295 3299 3296
v -0.460000 0.300000 1.337450
f 3299 3301 3300
f 3300 3301 2887
f 3301 3298 2887
f 2890 3300 2887
f 2878 3300 2890
f 3296 3300 2878
v -0.578510 0.420000 -0.240000
f 3302 2895 2894
f 2893 3302 2894
v -0.578562 0.420000 -0.238562
f 3303 3302 2893
f 2897 3303 2893
v -0.560343 0.420000 1.080000
f 3304 2909 2907
f 2906 3304 2907
v -0.460000 0.417615 1.200000
v -0.460000 0.418657 1.198657
v -0.462726 0.417274 1.197274
f 3305 3306 3307
v -0.460000 0.420000 1.196638
f 3306 3308 3307
f 3307 3308 2906
f 3308 3304 2906
f 2911 3307 2906
v -0.475297 0.404703 1.200000
f 3309 3307 2911
f 2910 3309 2911
f 3309 3305 3307
v -0.460000 0.316906 1.320000
v -0.460000 0.365920 1.265920
v -0.562637 0.317363 1.217363
f 3310 3311 3312
f 3312 3311 3309
f 3311 3305 3309
f 2910 3312 3309
f 2912 3312 2910
f 2889 3312 2912
f 3310 3312 2889
f 3298 3310 2889
v -0.460000 0.308877 1.328877
f 3301 3313 3298
f 3313 3310 3298
v -0.567458 0.540000 -0.360000
f 3314 2916 2914
f 2913 3314 2914
v -0.460000 0.532303 -0.240000
v -0.460000 0.534856 -0.245144
v -0.477810 0.522190 -0.257810
f 3315 3316 3317
v -0.460000 0.540000 -0.249928
f 3316 3318 3317
f 3317 3318 2913
f 3318 3314 2913
f 2918 3317 2913
f 2895 3317 2918
f 3315 3317 2895
f 3302 3315 2895
v -0.460000 0.524960 -0.120000
v -0.460000 0.524486 -0.135514
f 3319 3320 3303
f 3320 3302 3303
f 3320 3315 3302
v -0.515841 0.484159 -0.120000
f 2919 3321 2897
f 3321 3319 2897
f 3319 3303 2897
v -0.460000 0.540000 -0.079482
f 3322 3319 3321
v -0.488069 0.540000 -0.028069
f 2919 3323 3321
f 3323 3322 3321
v -0.503844 0.540000 0.000000
f 2921 3324 2919
f 3324 3323 2919
f 2920 3324 2921
v -0.529513 0.540000 0.050487
f 3325 3324 2920
v -0.561560 0.540000 0.120000
f 2923 3326 2920
f 3326 3325 2920
f 2922 3326 2923
v -0.566352 0.540000 0.133648
f 3327 3326 2922
f 2925 3327 2922
v -0.535153 0.540000 0.840000
f 3328 2939 2937
f 2936 3328 2937
v -0.476546 0.540000 0.943454
f 3329 3328 2936
v -0.467432 0.540000 0.960000
f 2941 3330 2936
f 3330 3329 2936
f 2940 3330 2941
v -0.460000 0.488911 1.080000
v -0.460000 0.506312 1.046312
v -0.524336 0.475664 1.015664
f 3331 3332 3333
v -0.460000 0.540000 0.970416
f 3332 3334 3333
f 3333 3334 2940
f 3334 3330 2940
f 2942 3333 2940
f 2909 3333 2942
f 3331 3333 2909
f 3304 3331 2909
v -0.460000 0.464787 1.124787
f 3308 3335 3304
f 3335 3331 3304
v -0.529874 0.660000 -0.360000
f 3336 2945 2943
v -0.557977 0.562023 -0.360000
f 2916 3337 2943
f 3337 3336 2943
f 3314 3337 2916
v -0.460000 0.595948 -0.304052
f 3318 3338 3314
v -0.460000 0.660000 -0.322556
f 3338 3339 3314
f 3339 3337 3314
f 3339 3336 3337
v -0.460000 0.565417 0.000000
f 3340 3322 3323
f 3324 3340 3323
v -0.460000 0.598960 0.120000
v -0.460000 0.574523 0.034523
f 3341 3342 3325
f 3342 3324 3325
f 3342 3340 3324
f 3326 3341 3325
v -0.460000 0.621587 0.240000
v -0.460000 0.612020 0.192020
f 3343 3344 3327
f 3344 3326 3327
f 3344 3341 3326
v -0.551717 0.568283 0.240000
f 2947 3345 2925
f 3345 3343 2925
f 3343 3327 2925
v -0.460000 0.633932 0.360000
v -0.460000 0.630659 0.330659
v -0.542837 0.577163 0.277163
f 3346 3347 3348
f 3348 3347 3345
f 3347 3343 3345
f 2947 3348 3345
f 2949 3348 2947
v -0.522296 0.597704 0.360000
f 3349 3348 2949
f 2948 3349 2949
f 3349 3346 3348
v -0.460000 0.636381 0.480000
v -0.460000 0.635839 0.455839
v -0.519415 0.600585 0.420585
f 3350 3351 3352
f 3352 3351 3349
f 3351 3346 3349
f 2948 3352 3349
f 2951 3352 2948
v -0.516453 0.603547 0.480000
f 3353 3352 2951
f 2950 3353 2951
f 3353 3350 3352
v -0.460000 0.629014 0.600000
v -0.460000 0.630978 0.570978
v -0.524353 0.595647 0.535647
f 3354 3355 3356
f 3356 3355 3353
f 3355 3350 3353
f 2950 3356 3353
f 2953 3356 2950
v -0.534023 0.585977 0.600000
f 3357 3356 2953
f 2952 3357 2953
f 3357 3354 3356
v -0.460000 0.611593 0.720000
v -0.460000 0.618213 0.678213
v -0.545428 0.574572 0.634572
f 3358 3359 3360
f 3360 3359 3357
f 3359 3354 3357
f 2952 3360 3357
f 2955 3360 2952
v -0.575499 0.544501 0.720000
f 3361 3360 2955
f 2954 3361 2955
f 3361 3358 3360
v -0.460000 0.583600 0.840000
v -0.460000 0.598848 0.778848
v -0.577032 0.542968 0.722968
f 3362 3363 3364
f 3364 3363 3361
f 3363 3358 3361
f 2954 3364 3361
f 2956 3364 2954
f 2939 3364 2956
f 3362 3364 2939
f 3328 3362 2939
v -0.460000 0.544305 0.960000
v -0.460000 0.573665 0.873665
f 3365 3366 3329
f 3366 3328 3329
f 3366 3362 3328
f 3330 3365 3329
v -0.460000 0.543133 0.963133
f 3334 3367 3330
f 3367 3365 3330
v -0.486505 0.780000 -0.360000
f 3368 2960 2958
v -0.500856 0.739144 -0.360000
f 2945 3369 2958
f 3369 3368 2958
f 3336 3369 2945
v -0.460000 0.687183 -0.332817
f 3339 3370 3336
v -0.460000 0.780000 -0.348259
f 3370 3371 3336
f 3371 3369 3336
f 3371 3368 3369
v -0.460000 0.819576 -0.360000
v -0.460000 0.881048 -0.378952
v -0.491427 0.868573 -0.391427
f 3372 3373 3374
v -0.460000 0.900000 -0.385837
f 3373 3375 3374
v -0.513612 0.900000 -0.413612
f 3375 3376 3374
f 3374 3376 2966
f 3376 2967 2966
f 2960 3374 2966
f 3372 3374 2960
f 3368 3372 2960
v -0.460000 0.789274 -0.350726
f 3371 3377 3368
f 3377 3372 3368
v -0.539355 1.020000 -1.713807
v -0.564559 1.003767 -1.707452
f 2973 3378 3379
f 2973 3379 2969
v -0.576975 0.995582 -1.704418
f 3379 3380 2969
f 3380 2970 2969
v -0.529104 1.020000 -0.480000
f 3381 2986 2984
f 2983 3381 2984
v -0.460000 0.964946 -0.415054
v -0.545664 0.934336 -0.445664
f 3382 3383 3376
f 3375 3382 3376
v -0.460000 1.020000 -0.444304
f 3382 3384 3383
f 3383 3384 2983
f 3384 3381 2983
f 2987 3383 2983
f 2967 3383 2987
f 3376 3383 2967
v -0.500327 1.041920 -1.720327
v -0.460000 1.128808 -1.680000
v -0.460000 1.062672 -1.725899
f 3385 3386 3387
v -0.513212 1.086788 -1.680000
f 2988 3388 2973
f 3388 3386 2973
f 3386 3385 3378
f 3386 3378 2973
v -0.460000 1.140000 -1.670667
f 3389 3386 3388
v -0.528599 1.140000 -1.628599
f 2988 3390 3388
f 3390 3389 3388
f 2990 3390 2988
v -0.571664 1.140000 -0.600000
f 3391 2998 2996
f 2995 3391 2996
v -0.460000 1.074543 -0.480000
v -0.460000 1.112727 -0.507273
v -0.502877 1.097123 -0.522877
f 3392 3393 3394
v -0.460000 1.140000 -0.530539
f 3393 3395 3394
f 3394 3395 2995
f 3395 3391 2995
f 2999 3394 2995
f 2986 3394 2999
f 3392 3394 2986
f 3381 3392 2986
v -0.460000 1.042413 -0.457587
f 3384 3396 3381
f 3396 3392 3381
v -0.460000 1.246414 -1.560000
f 3397 3389 3390
v -0.498018 1.221982 -1.560000
f 3000 3398 2990
f 3398 3397 2990
f 3397 3390 2990
v -0.460000 1.260000 -1.541363
f 3399 3397 3398
v -0.516119 1.260000 -1.496119
f 3000 3400 3398
f 3400 3399 3398
v -0.577890 1.260000 -1.440000
f 3002 3401 3000
f 3401 3400 3000
f 3001 3401 3002
v -0.578869 1.260000 -1.438869
f 3402 3401 3001
f 3004 3402 3001
v -0.536541 1.260000 -0.720000
f 3403 3011 3009
f 3008 3403 3009
v -0.460000 1.211696 -0.600000
v -0.460000 1.234402 -0.625598
v -0.500574 1.219426 -0.640574
f 3404 3405 3406
v -0.460000 1.260000 -0.659995
f 3405 3407 3406
f 3406 3407 3008
f 3407 3403 3008
f 3013 3406 3008
f 2998 3406 3013
f 3404 3406 2998
f 3391 3404 2998
v -0.460000 1.176754 -0.563246
f 3395 3408 3391
f 3408 3404 3391
v -0.460000 1.323950 -1.440000
f 3409 3399 3400
f 3401 3409 3400
v -0.460000 1.374632 -1.320000
v -0.460000 1.370286 -1.329714
f 3410 3411 3402
f 3411 3401 3402
f 3411 3409 3401
v -0.471766 1.368234 -1.320000
f 3014 3412 3004
f 3412 3410 3004
f 3410 3402 3004
v -0.460000 1.380000 -1.298004
f 3413 3410 3412
v -0.492707 1.380000 -1.232707
f 3014 3414 3412
f 3414 3413 3412
v -0.534003 1.380000 -1.200000
f 3016 3415 3014
f 3415 3414 3014
f 3015 3415 3016
v -0.553924 1.380000 -1.173924
f 3416 3415 3015
f 3018 3416 3015
v -0.460000 1.373238 -0.840000
v -0.460000 1.375095 -0.844905
v -0.466850 1.373150 -0.846850
f 3417 3418 3419
v -0.460000 1.380000 -0.852617
f 3418 3420 3419
v -0.470454 1.380000 -0.850454
f 3420 3421 3419
f 3419 3421 3021
f 3421 3023 3021
v -0.475290 1.364710 -0.840000
f 3422 3419 3021
f 3020 3422 3021
f 3422 3417 3419
v -0.460000 1.301581 -0.720000
v -0.460000 1.329016 -0.770984
v -0.537239 1.302761 -0.797239
f 3423 3424 3425
f 3425 3424 3422
f 3424 3417 3422
f 3020 3425 3422
f 3026 3425 3020
f 3011 3425 3026
f 3423 3425 3011
f 3403 3423 3011
v -0.460000 1.285473 -0.694527
f 3407 3426 3403
f 3426 3423 3403
v -0.460000 1.412961 -1.200000
f 3427 3413 3414
f 3415 3427 3414
v -0.501652 1.458348 -1.121652
f 3428 3415 3416
v -0.460000 1.500000 -1.093346
f 3429 3427 3415
f 3428 3429 3415
v -0.474062 1.500000 -1.094062
f 3430 3429 3428
f 3030 3430 3028
f 3430 3428 3028
f 3428 3018 3028
f 3428 3416 3018
v -0.460000 1.433679 -0.906321
v -0.520104 1.439896 -0.900104
f 3431 3432 3421
f 3420 3431 3421
v -0.460000 1.500000 -0.935578
f 3431 3433 3432
v -0.523610 1.500000 -0.903610
f 3433 3434 3432
f 3432 3434 3032
f 3434 3034 3032
f 3023 3432 3032
f 3421 3432 3023
v -0.460000 1.583179 -1.080000
f 3435 3429 3430
v -0.471618 1.620000 -1.080000
f 3038 3436 3036
v -0.468777 1.611223 -1.080000
f 3436 3437 3036
f 3437 3030 3036
f 3437 3435 3030
f 3435 3430 3030
v -0.460000 1.620000 -1.030304
f 3438 3435 3437
f 3436 3438 3437
v -0.460000 1.520911 -0.939089
v -0.529278 1.550722 -0.909278
f 3439 3440 3434
f 3433 3439 3434
v -0.460000 1.620000 -0.952597
f 3439 3441 3440
v -0.536546 1.620000 -0.916546
f 3441 3442 3440
f 3440 3442 3040
f 3442 3042 3040
f 3034 3440 3040
f 3434 3440 3034
v -0.524706 1.740000 -1.080000
f 3046 3443 3044
v -0.503434 1.696566 -1.080000
f 3443 3444 3044
f 3444 3038 3044
f 3444 3436 3038
v -0.489420 1.710580 -0.989420
v -0.460000 1.658193 -0.960000
f 3445 3446 3436
f 3446 3438 3436
f 3444 3445 3436
v -0.508145 1.740000 -1.008145
f 3447 3445 3444
f 3443 3447 3444
v -0.495658 1.740000 -0.960000
f 3447 3448 3445
v -0.483852 1.716148 -0.960000
f 3448 3449 3445
f 3449 3446 3445
v -0.460000 1.626468 -0.953532
v -0.540437 1.659563 -0.920437
f 3450 3451 3442
f 3441 3450 3442
f 3451 3450 3449
f 3450 3446 3449
v -0.553123 1.740000 -0.933123
f 3452 3451 3449
f 3448 3452 3449
f 3451 3452 3048
f 3452 3050 3048
f 3042 3451 3048
f 3442 3451 3042
v -0.544237 1.775763 -1.080000
f 3052 3453 3046
f 3453 3443 3046
v -0.538502 1.781498 -1.038502
f 3443 3454 3447
f 3453 3454 3443
f 3052 3454 3453
v -0.567808 1.860000 -0.960000
f 3455 3454 3052
f 3055 3455 3052
v -0.525296 1.794704 -0.960000
f 3455 3456 3454
f 3454 3456 3447
f 3456 3448 3447
v -0.556276 1.763724 -0.936276
f 3448 3457 3452
f 3456 3457 3448
v -0.576137 1.860000 -0.956137
f 3458 3457 3456
f 3455 3458 3456
f 3457 3458 3056
f 3458 3058 3056
f 3050 3457 3056
f 3452 3457 3050
v -0.572700 1.867300 -0.960000
f 3062 3459 3055
f 3459 3455 3055
v -0.576694 1.863306 -0.956694
f 3455 3460 3458
f 3459 3460 3455
f 3062 3460 3459
f 3065 3460 3062
f 3058 3460 3065
f 3458 3460 3058
v -0.456068 -1.350000 -1.200000
f 3072 3071 3461
v -0.419934 -1.350000 -1.170000
v -0.418780 -1.338780 -1.158780
v -0.340000 -1.321049 -1.080000
f 3462 3463 3464
v -0.380772 -1.350000 -1.138932
f 3462 3464 3465
v -0.340000 -1.350000 -1.106588
f 3465 3464 3466
v -0.430000 -1.350000 -1.179219
f 3467 3463 3462
f 3461 3071 3463
f 3461 3463 3467
v -0.409567 -1.260000 -1.080000
f 3468 3463 3071
f 3076 3468 3071
v -0.369444 -1.289444 -1.080000
f 3468 3469 3463
f 3469 3464 3463
v -0.340000 -1.260000 -0.991884
f 3470 3464 3469
f 3468 3470 3469
v -0.348206 -1.350000 -0.450000
v -0.392389 -1.312389 -0.412389
v -0.387912 -1.350000 -0.407912
f 3471 3472 3473
v -0.340000 -1.350000 -0.458622
v -0.340000 -1.260000 -0.479717
f 3471 3474 3475
f 3471 3475 3472
v -0.390293 -1.260000 -0.410293
f 3475 3476 3472
v -0.451686 -1.260000 -0.360000
f 3476 3477 3472
v -0.449346 -1.350000 -0.360000
v -0.430000 -1.350000 -0.377494
f 3477 3478 3479
f 3477 3479 3472
f 3473 3472 3479
v -0.450106 -1.350000 -0.359320
v -0.456073 -1.260000 -0.356073
v -0.454968 -1.350000 -0.354968
f 3480 3481 3482
f 3478 3477 3481
f 3478 3481 3480
v -0.459235 -1.350000 -0.352614
f 3482 3481 3483
f 3483 3481 3082
f 3483 3082 3081
v -0.445009 -1.350000 0.600000
f 3087 3086 3484
v -0.415286 -1.350000 0.630000
v -0.413689 -1.333689 0.646311
v -0.340000 -1.329147 0.720000
f 3485 3486 3487
v -0.372076 -1.350000 0.670792
f 3485 3487 3488
v -0.340000 -1.350000 0.701074
f 3488 3487 3489
v -0.430000 -1.350000 0.614185
f 3490 3486 3485
f 3484 3086 3486
f 3484 3486 3490
v -0.405391 -1.260000 0.720000
f 3491 3486 3086
f 3091 3491 3086
v -0.370488 -1.290488 0.720000
f 3491 3492 3486
f 3492 3487 3486
v -0.340000 -1.260000 0.814057
f 3493 3487 3492
f 3491 3493 3492
v -0.340000 -1.334409 1.320000
v -0.340000 -1.280023 1.299977
v -0.349011 -1.269011 1.310989
f 3494 3495 3496
v -0.340000 -1.260000 1.290689
f 3495 3497 3496
v -0.349133 -1.260000 1.310867
f 3497 3498 3496
v -0.355446 -1.260000 1.320000
f 3498 3499 3496
v -0.355292 -1.275292 1.320000
f 3499 3500 3496
f 3500 3494 3496
v -0.364752 -1.350000 1.350000
v -0.400584 -1.320584 1.379416
v -0.395817 -1.350000 1.384183
f 3501 3502 3503
v -0.343270 -1.350000 1.327611
f 3502 3501 3504
f 3502 3504 3500
v -0.340000 -1.350000 1.324203
f 3504 3505 3494
f 3504 3494 3500
v -0.400931 -1.260000 1.379069
f 3506 3502 3500
f 3499 3506 3500
f 3502 3506 3095
f 3506 3097 3095
v -0.459831 -1.350000 1.436219
v -0.430000 -1.350000 1.409529
f 3507 3508 3502
f 3507 3502 3095
f 3094 3507 3095
f 3503 3502 3508
v -0.441942 -1.241942 -1.080000
f 3108 3509 3076
f 3509 3468 3076
v -0.429185 -1.229185 -1.049185
v -0.340000 -1.242349 -0.960000
f 3510 3511 3468
f 3511 3470 3468
f 3509 3510 3468
f 3108 3510 3509
v -0.441853 -1.140000 -0.960000
f 3512 3510 3108
f 3110 3512 3108
v -0.395850 -1.195850 -0.960000
f 3512 3513 3510
f 3513 3511 3510
v -0.340000 -1.144526 -0.840000
v -0.340000 -1.154991 -0.854991
v -0.342518 -1.142518 -0.842518
f 3514 3515 3516
f 3516 3515 3513
f 3515 3511 3513
v -0.354568 -1.140000 -0.854568
f 3517 3516 3513
f 3512 3517 3513
v -0.341671 -1.140000 -0.840000
f 3517 3518 3516
v -0.341546 -1.141546 -0.840000
f 3518 3519 3516
f 3519 3514 3516
v -0.340000 -1.140000 -0.835987
f 3520 3514 3519
f 3518 3520 3519
v -0.340000 -1.259738 -0.479738
v -0.392518 -1.192518 -0.412518
f 3521 3522 3476
f 3475 3521 3476
v -0.340000 -1.140000 -0.472246
f 3521 3523 3522
v -0.384662 -1.140000 -0.404662
f 3523 3524 3522
v -0.433084 -1.140000 -0.360000
f 3524 3525 3522
v -0.452253 -1.252253 -0.360000
f 3525 3526 3522
f 3522 3526 3476
f 3526 3477 3476
v -0.456501 -1.256501 -0.356501
f 3477 3527 3481
f 3526 3527 3477
v -0.446587 -1.140000 -0.346587
f 3528 3527 3526
f 3525 3528 3526
f 3527 3528 3112
f 3528 3114 3112
f 3082 3527 3112
f 3481 3527 3082
v -0.436929 -1.236929 0.720000
f 3116 3529 3091
f 3529 3491 3091
v -0.416387 -1.216387 0.763613
v -0.340000 -1.240961 0.840000
f 3530 3531 3491
f 3531 3493 3491
f 3529 3530 3491
f 3116 3530 3529
v -0.401160 -1.140000 0.840000
f 3532 3530 3116
f 3118 3532 3116
v -0.383922 -1.183922 0.840000
f 3532 3533 3530
f 3533 3531 3530
v -0.340000 -1.140000 0.927815
f 3534 3531 3533
f 3532 3534 3533
v -0.340000 -1.159240 1.300760
v -0.345569 -1.145569 1.314431
f 3535 3536 3498
f 3497 3535 3498
v -0.340000 -1.140000 1.304792
f 3535 3537 3536
v -0.344239 -1.140000 1.315761
f 3537 3538 3536
v -0.346880 -1.140000 1.320000
f 3538 3539 3536
v -0.349633 -1.149633 1.320000
f 3539 3540 3536
f 3536 3540 3498
f 3540 3499 3498
v -0.404830 -1.204830 1.375170
f 3499 3541 3506
f 3540 3541 3499
v -0.394024 -1.140000 1.385976
f 3542 3541 3540
f 3539 3542 3540
v -0.455593 -1.140000 1.440000
f 3542 3543 3541
f 3541 3543 3097
f 3543 3120 3097
f 3506 3541 3097
v -0.457808 -1.140000 1.442192
f 3543 3544 3120
f 3544 3122 3120
v -0.446735 -1.020000 -0.960000
f 3126 3545 3124
v -0.445763 -1.125763 -0.960000
f 3545 3546 3124
f 3546 3110 3124
f 3546 3512 3110
v -0.340000 -1.023475 -0.843475
f 3512 3547 3517
v -0.340000 -1.085735 -0.840000
f 3547 3548 3517
v -0.340000 -1.020000 -0.842644
f 3546 3549 3512
f 3549 3547 3512
f 3545 3549 3546
f 3548 3518 3517
v -0.340000 -1.136641 -0.836641
f 3550 3520 3518
f 3548 3550 3518
v -0.340000 -1.131524 -0.471524
v -0.382020 -1.062020 -0.402020
f 3551 3552 3524
f 3523 3551 3524
v -0.340000 -1.020000 -0.460261
f 3551 3553 3552
v -0.379649 -1.020000 -0.399649
f 3553 3554 3552
v -0.423104 -1.020000 -0.360000
f 3554 3555 3552
v -0.431039 -1.111039 -0.360000
f 3555 3556 3552
f 3552 3556 3524
f 3556 3525 3524
v -0.445702 -1.125702 -0.345702
f 3525 3557 3528
f 3556 3557 3525
v -0.440944 -1.020000 -0.340944
f 3558 3557 3556
f 3555 3558 3556
f 3557 3558 3128
f 3558 3130 3128
f 3114 3557 3128
f 3528 3557 3114
v -0.389114 -1.020000 0.840000
f 3134 3559 3132
v -0.397924 -1.077924 0.840000
f 3559 3560 3132
f 3560 3118 3132
f 3560 3532 3118
v -0.340000 -1.069252 0.910748
f 3561 3534 3532
v -0.340000 -1.020000 0.907588
f 3560 3562 3532
f 3562 3561 3532
f 3559 3562 3560
v -0.340000 -1.088494 1.320000
f 3537 3563 3538
f 3563 3539 3538
v -0.390078 -1.070078 1.389922
f 3539 3564 3542
v -0.340000 -1.020000 1.332176
f 3565 3564 3539
f 3563 3565 3539
v -0.385124 -1.020000 1.394876
f 3565 3566 3564
v -0.436326 -1.020000 1.440000
f 3566 3567 3564
v -0.454987 -1.134987 1.440000
f 3567 3568 3564
f 3564 3568 3542
f 3568 3543 3542
v -0.457831 -1.137831 1.442169
f 3543 3569 3544
f 3568 3569 3543
v -0.448717 -1.020000 1.451283
f 3570 3569 3568
f 3567 3570 3568
f 3569 3570 3136
f 3570 3138 3136
f 3122 3569 3136
f 3544 3569 3122
v -0.457063 -0.900000 -0.960000
f 3142 3571 3140
v -0.447612 -1.007612 -0.960000
f 3571 3572 3140
f 3572 3126 3140
f 3572 3545 3126
v -0.389020 -0.950021 -0.890021
v -0.356079 -0.974456 -0.856079
v -0.340000 -0.991625 -0.840000
f 3573 3574 3575
f 3573 3575 3545
f 3575 3549 3545
v -0.389598 -0.949598 -0.890633
f 3572 3576 3573
f 3572 3573 3545
v -0.430057 -0.913921 -0.931660
f 3577 3576 3572
v -0.445448 -0.900000 -0.947233
f 3571 3578 3577
f 3571 3577 3572
v -0.340402 -0.985617 -0.840000
f 3579 3575 3574
v -0.340000 -0.985873 -0.839102
f 3580 3575 3579
v -0.340000 -1.001054 -0.461054
v -0.380957 -0.940957 -0.400957
f 3581 3582 3554
f 3553 3581 3554
v -0.340000 -0.900000 -0.471901
f 3581 3583 3582
v -0.383364 -0.900000 -0.403364
f 3583 3584 3582
v -0.432100 -0.900000 -0.360000
f 3584 3585 3582
v -0.424341 -0.984341 -0.360000
f 3585 3586 3582
f 3582 3586 3554
f 3586 3555 3554
v -0.430908 -0.990908 -0.330908
f 3555 3587 3558
f 3586 3587 3555
v -0.437617 -0.900000 -0.337617
f 3588 3587 3586
f 3585 3588 3586
f 3587 3588 3144
f 3588 3146 3144
f 3130 3587 3144
f 3558 3587 3130
v -0.340000 -0.924347 0.095653
v -0.340000 -0.929959 0.120000
v -0.358898 -0.918898 0.101102
f 3589 3590 3591
v -0.340000 -0.900000 0.004296
f 3592 3589 3591
v -0.385787 -0.900000 0.074213
f 3593 3592 3591
v -0.413470 -0.900000 0.120000
f 3594 3593 3591
v -0.361969 -0.921969 0.120000
f 3595 3594 3591
f 3590 3595 3591
v -0.340000 -0.943976 0.196024
v -0.340000 -0.951001 0.240000
v -0.373644 -0.933644 0.206356
f 3596 3597 3598
f 3590 3596 3595
f 3596 3598 3595
v -0.427958 -0.900000 0.152042
f 3599 3594 3595
f 3598 3599 3595
f 3151 3599 3148
f 3599 3598 3148
v -0.377431 -0.937431 0.240000
f 3600 3149 3148
f 3598 3600 3148
f 3597 3600 3598
v -0.340000 -0.957399 0.302601
v -0.340000 -0.962507 0.360000
v -0.383192 -0.943192 0.316808
f 3601 3602 3603
f 3597 3601 3600
f 3601 3603 3600
f 3603 3149 3600
f 3603 3155 3149
v -0.385898 -0.945898 0.360000
f 3604 3156 3155
f 3603 3604 3155
f 3602 3604 3603
v -0.340000 -0.963654 0.416346
v -0.340000 -0.964791 0.480000
v -0.386990 -0.946990 0.433010
f 3605 3606 3607
f 3602 3605 3604
f 3605 3607 3604
f 3607 3156 3604
f 3607 3161 3156
v -0.387581 -0.947581 0.480000
f 3608 3162 3161
f 3607 3608 3161
f 3606 3608 3607
v -0.340000 -0.961219 0.538781
v -0.340000 -0.957921 0.600000
v -0.384198 -0.944198 0.555802
f 3609 3610 3611
f 3606 3609 3608
f 3609 3611 3608
f 3611 3162 3608
f 3611 3167 3162
v -0.383960 -0.943960 0.600000
f 3612 3168 3167
f 3611 3612 3167
f 3610 3612 3611
v -0.340000 -0.947739 0.672261
v -0.340000 -0.944690 0.720000
v -0.374855 -0.934855 0.685145
f 3613 3614 3615
f 3610 3613 3612
f 3613 3615 3612
f 3615 3168 3612
f 3615 3173 3168
v -0.394134 -0.954134 0.720000
f 3616 3174 3173
f 3615 3616 3173
f 3614 3616 3615
v -0.340000 -0.927942 0.812058
v -0.340000 -0.945392 0.840000
v -0.375516 -0.935516 0.804484
f 3617 3618 3619
f 3614 3617 3616
f 3617 3619 3616
f 3619 3174 3616
f 3619 3179 3174
f 3619 3134 3179
f 3618 3559 3134
f 3619 3618 3134
v -0.340000 -0.959203 0.900797
f 3620 3562 3559
f 3618 3620 3559
v -0.340000 -1.008183 1.331817
v -0.386066 -0.946066 1.393934
f 3621 3622 3566
f 3565 3621 3566
v -0.340000 -0.900000 1.327898
f 3621 3623 3622
v -0.387005 -0.900000 1.392995
f 3623 3624 3622
v -0.440161 -0.900000 1.440000
f 3624 3625 3622
v -0.436953 -0.996953 1.440000
f 3625 3626 3622
f 3622 3626 3566
f 3626 3567 3566
v -0.448838 -1.008838 1.451162
f 3567 3627 3570
f 3626 3627 3567
v -0.450553 -0.900000 1.449447
f 3628 3627 3626
f 3625 3628 3626
f 3627 3628 3182
f 3628 3184 3182
f 3138 3627 3182
f 3570 3627 3138
v -0.457569 -0.897569 -0.960000
f 3186 3629 3142
f 3629 3571 3142
v -0.452500 -0.893091 -0.953091
f 3578 3571 3630
v -0.452793 -0.892793 -0.953356
f 3629 3631 3630
f 3629 3630 3571
v -0.455553 -0.889935 -0.955553
f 3186 3632 3631
f 3186 3631 3629
v -0.457989 -0.885951 -0.957250
f 3633 3632 3186
f 3192 3633 3186
v -0.340000 -0.869805 -0.480000
v -0.340000 -0.808487 -0.508487
v -0.348896 -0.788896 -0.488896
f 3634 3635 3636
v -0.340000 -0.780000 -0.528035
f 3635 3637 3636
v -0.351038 -0.780000 -0.491038
f 3637 3638 3636
v -0.356901 -0.780000 -0.480000
f 3638 3639 3636
v -0.353029 -0.793029 -0.480000
f 3639 3640 3636
f 3640 3634 3636
v -0.340000 -0.885024 -0.465024
v -0.366773 -0.806773 -0.386773
f 3641 3642 3584
f 3583 3641 3584
f 3642 3641 3640
f 3641 3634 3640
v -0.373453 -0.780000 -0.393453
f 3643 3642 3640
f 3639 3643 3640
f 3642 3643 3194
f 3643 3196 3194
v -0.415147 -0.855147 -0.360000
f 3644 3642 3194
f 3193 3644 3194
f 3642 3644 3584
f 3644 3585 3584
v -0.340000 -0.803367 -0.263367
f 3585 3645 3588
v -0.340000 -0.798566 -0.240000
f 3645 3646 3588
v -0.340000 -0.780000 -0.278724
f 3644 3647 3585
f 3647 3645 3585
v -0.450738 -0.780000 -0.350738
f 3648 3193 3644
f 3647 3648 3644
v -0.380697 -0.780000 -0.240000
f 3649 3200 3193
f 3648 3649 3193
v -0.359759 -0.799759 -0.240000
f 3146 3650 3200
f 3650 3649 3200
f 3588 3646 3146
f 3646 3650 3146
v -0.340000 -0.833614 -0.173614
v -0.340000 -0.854817 -0.120000
v -0.395821 -0.835821 -0.175821
f 3651 3652 3653
f 3646 3651 3650
f 3651 3653 3650
v -0.423240 -0.780000 -0.203240
f 3654 3649 3650
f 3653 3654 3650
f 3206 3654 3203
f 3654 3653 3203
v -0.392436 -0.832436 -0.120000
f 3655 3204 3203
f 3653 3655 3203
f 3652 3655 3653
v -0.340000 -0.867988 -0.087988
v -0.340000 -0.898807 0.000000
v -0.407559 -0.847559 -0.067559
f 3656 3657 3658
f 3652 3656 3655
f 3656 3658 3655
f 3658 3204 3655
f 3658 3210 3204
v -0.423433 -0.863433 0.000000
f 3659 3211 3210
f 3658 3659 3210
f 3657 3659 3658
v -0.340000 -0.899093 0.000907
f 3660 3592 3593
v -0.430058 -0.870058 0.029942
f 3661 3660 3593
f 3657 3660 3659
f 3660 3661 3659
f 3661 3211 3659
f 3661 3216 3211
v -0.446203 -0.886203 0.120000
f 3662 3217 3216
f 3661 3662 3216
f 3594 3662 3593
f 3662 3661 3593
v -0.448039 -0.888039 0.131961
f 3663 3594 3599
f 3663 3662 3594
f 3663 3217 3662
f 3663 3221 3217
f 3663 3151 3221
f 3663 3599 3151
v -0.340000 -0.853976 1.320000
v -0.340000 -0.795971 1.304029
v -0.345205 -0.785205 1.314795
f 3664 3665 3666
v -0.340000 -0.780000 1.300401
f 3665 3667 3666
v -0.346244 -0.780000 1.313756
f 3667 3668 3666
v -0.350313 -0.780000 1.320000
f 3668 3669 3666
v -0.348156 -0.788156 1.320000
f 3669 3670 3666
f 3670 3664 3666
v -0.340000 -0.892890 1.327110
v -0.390245 -0.830245 1.389755
f 3671 3672 3624
f 3623 3671 3624
f 3672 3671 3670
f 3671 3664 3670
v -0.397782 -0.780000 1.382218
f 3673 3672 3670
f 3669 3673 3670
f 3672 3673 3234
f 3673 3236 3234
v -0.441948 -0.881948 1.440000
f 3674 3672 3234
f 3233 3674 3234
f 3672 3674 3624
f 3674 3625 3624
v -0.450519 -0.890519 1.449481
f 3625 3675 3628
f 3674 3675 3625
f 3233 3675 3674
f 3240 3675 3233
f 3184 3675 3240
f 3628 3675 3184
v -0.340000 -0.721606 -0.480000
f 3637 3676 3638
f 3676 3639 3638
v -0.340000 -0.752749 -0.452749
f 3639 3677 3643
v -0.340000 -0.730889 -0.360000
f 3677 3678 3643
f 3676 3677 3639
v -0.456776 -0.776776 -0.360000
f 3679 3244 3196
f 3643 3678 3196
f 3678 3679 3196
v -0.340000 -0.752847 -0.332847
f 3680 3647 3648
v -0.458618 -0.778618 -0.358618
f 3681 3680 3648
f 3678 3680 3679
f 3680 3681 3679
f 3244 3681 3679
f 3245 3681 3244
v -0.434375 -0.754375 -0.240000
f 3682 3246 3245
f 3681 3682 3245
f 3649 3682 3648
f 3682 3681 3648
v -0.441917 -0.761917 -0.221917
f 3683 3649 3654
f 3683 3682 3649
f 3683 3246 3682
f 3683 3249 3246
f 3683 3206 3249
f 3683 3654 3206
v -0.340000 -0.741674 1.320000
f 3667 3684 3668
f 3684 3669 3668
v -0.386147 -0.706147 1.393853
f 3669 3685 3673
v -0.340000 -0.660000 1.349136
f 3686 3685 3669
f 3684 3686 3669
v -0.404599 -0.660000 1.375401
f 3686 3687 3685
f 3685 3687 3256
f 3687 3258 3256
f 3236 3685 3256
f 3673 3685 3236
v -0.340000 -0.554071 1.440000
f 3686 3688 3687
v -0.362742 -0.540000 1.440000
f 3689 3268 3266
v -0.360597 -0.560597 1.440000
f 3258 3690 3266
f 3690 3689 3266
f 3687 3688 3258
f 3688 3690 3258
v -0.340000 -0.540000 1.450684
f 3688 3691 3690
f 3691 3689 3690
v -0.419785 -0.499785 1.440000
f 3692 3272 3268
f 3689 3692 3268
v -0.340000 -0.512396 1.467604
f 3691 3693 3689
v -0.340000 -0.420000 1.526052
f 3693 3694 3689
f 3694 3692 3689
v -0.425069 -0.420000 1.474931
f 3694 3695 3692
f 3695 3272 3692
f 3695 3275 3272
v -0.340000 -0.333447 1.560000
f 3694 3696 3695
v -0.362989 -0.300000 1.560000
f 3697 3279 3278
v -0.353884 -0.313884 1.560000
f 3275 3698 3278
f 3698 3697 3278
f 3695 3696 3275
f 3696 3698 3275
v -0.340000 -0.300000 1.572431
f 3696 3699 3698
f 3699 3697 3698
v -0.400494 -0.180000 1.560000
f 3700 3283 3282
v -0.386523 -0.226523 1.560000
f 3279 3701 3282
f 3701 3700 3282
f 3697 3701 3279
v -0.340000 -0.285229 1.574771
f 3699 3702 3697
v -0.340000 -0.180000 1.592731
f 3702 3703 3697
f 3703 3701 3697
f 3703 3700 3701
v -0.393038 -0.060000 1.560000
f 3704 3287 3286
v -0.396459 -0.116459 1.560000
f 3283 3705 3286
f 3705 3704 3286
f 3700 3705 3283
v -0.340000 -0.148265 1.591735
f 3703 3706 3700
v -0.340000 -0.060000 1.588694
f 3706 3707 3700
f 3707 3705 3700
f 3707 3704 3705
v -0.340220 0.060000 1.560000
f 3708 3291 3290
v -0.340385 0.059615 1.560000
f 3287 3709 3290
f 3709 3708 3290
f 3704 3709 3287
v -0.340000 -0.036443 1.583557
f 3707 3710 3704
v -0.340000 0.060000 1.560119
f 3710 3711 3704
f 3711 3709 3704
f 3711 3708 3709
v -0.447037 0.180000 1.440000
f 3712 3295 3293
f 3292 3712 3293
v -0.340000 0.060272 1.560000
v -0.340000 0.143070 1.523070
v -0.403233 0.116767 1.496767
f 3713 3714 3715
v -0.340000 0.180000 1.504287
f 3714 3716 3715
f 3715 3716 3292
f 3716 3712 3292
f 3297 3715 3292
f 3291 3715 3297
f 3713 3715 3291
f 3708 3713 3291
v -0.340000 0.060085 1.560085
f 3711 3717 3708
f 3717 3713 3708
v -0.340000 0.271258 1.440000
v -0.340000 0.287884 1.427884
v -0.359903 0.280097 1.420097
f 3718 3719 3720
v -0.340000 0.300000 1.417623
f 3719 3721 3720
v -0.408894 0.300000 1.371106
f 3721 3722 3720
f 3720 3722 3299
f 3722 3301 3299
f 3295 3720 3299
f 3718 3720 3295
f 3712 3718 3295
v -0.340000 0.218964 1.478964
f 3716 3723 3712
f 3723 3718 3712
v -0.456246 0.420000 1.200000
f 3724 3308 3306
f 3305 3724 3306
v -0.340000 0.394593 1.320000
v -0.340000 0.406725 1.306725
v -0.361032 0.398968 1.298968
f 3725 3726 3727
v -0.340000 0.420000 1.289658
f 3726 3728 3727
f 3727 3728 3305
f 3728 3724 3305
f 3311 3727 3305
v -0.413482 0.346518 1.320000
f 3729 3727 3311
f 3310 3729 3311
f 3729 3725 3727
v -0.340000 0.349824 1.369824
v -0.447074 0.312926 1.332926
f 3730 3731 3722
f 3721 3730 3722
f 3731 3730 3729
f 3730 3725 3729
f 3310 3731 3729
f 3313 3731 3310
f 3301 3731 3313
f 3722 3731 3301
v -0.449454 0.540000 -0.240000
f 3732 3318 3316
f 3315 3732 3316
v -0.446082 0.540000 -0.226082
f 3733 3732 3315
v -0.433441 0.540000 -0.120000
f 3320 3734 3315
f 3734 3733 3315
f 3319 3734 3320
v -0.443665 0.540000 -0.103665
f 3735 3734 3319
f 3322 3735 3319
v -0.359438 0.540000 1.080000
f 3736 3334 3332
f 3331 3736 3332
v -0.340000 0.481867 1.200000
v -0.340000 0.504299 1.164299
v -0.394739 0.485261 1.145261
f 3737 3738 3739
v -0.340000 0.540000 1.097510
f 3738 3740 3739
f 3739 3740 3331
f 3740 3736 3331
f 3335 3739 3331
f 3308 3739 3335
f 3737 3739 3308
f 3724 3737 3308
v -0.340000 0.457950 1.237950
f 3728 3741 3724
f 3741 3737 3724
v -0.340000 0.626740 -0.240000
v -0.340000 0.641735 -0.258265
v -0.371696 0.628304 -0.271696
f 3742 3743 3744
v -0.340000 0.660000 -0.266409
f 3743 3745 3744
v -0.389047 0.660000 -0.289047
f 3745 3746 3744
f 3744 3746 3338
f 3746 3339 3338
f 3318 3744 3338
f 3742 3744 3318
f 3732 3742 3318
v -0.340000 0.587088 -0.120000
v -0.340000 0.596151 -0.183849
f 3747 3748 3733
f 3748 3732 3733
f 3748 3742 3732
f 3734 3747 3733
v -0.340000 0.618259 0.000000
v -0.340000 0.601160 -0.058840
f 3749 3750 3735
f 3750 3734 3735
f 3750 3747 3734
v -0.415971 0.584029 0.000000
f 3340 3751 3322
f 3751 3749 3322
f 3749 3735 3322
v -0.340000 0.650123 0.120000
v -0.340000 0.646142 0.106142
v -0.375633 0.624367 0.084367
f 3752 3753 3754
f 3754 3753 3751
f 3753 3749 3751
f 3340 3754 3751
f 3342 3754 3340
v -0.358011 0.641989 0.120000
f 3755 3754 3342
f 3341 3755 3342
f 3755 3752 3754
v -0.340000 0.660000 0.174742
f 3756 3752 3755
v -0.360278 0.660000 0.219722
f 3341 3757 3755
f 3757 3756 3755
v -0.368815 0.660000 0.240000
f 3344 3758 3341
f 3758 3757 3341
f 3343 3758 3344
v -0.387027 0.660000 0.312973
f 3759 3758 3343
v -0.398066 0.660000 0.360000
f 3347 3760 3343
f 3760 3759 3343
f 3346 3760 3347
v -0.400998 0.660000 0.419002
f 3761 3760 3346
v -0.403874 0.660000 0.480000
f 3351 3762 3346
f 3762 3761 3346
f 3350 3762 3351
v -0.394098 0.660000 0.545902
f 3763 3762 3350
v -0.386407 0.660000 0.600000
f 3355 3764 3350
f 3764 3763 3350
f 3354 3764 3355
v -0.347757 0.660000 0.712243
f 3765 3764 3354
v -0.345171 0.660000 0.720000
f 3359 3766 3354
f 3766 3765 3354
f 3358 3766 3359
v -0.340000 0.635558 0.840000
v -0.340000 0.640469 0.820469
v -0.371104 0.628896 0.808896
f 3767 3768 3769
v -0.340000 0.660000 0.729606
f 3768 3770 3769
f 3769 3770 3358
f 3770 3766 3358
f 3363 3769 3358
v -0.384529 0.615471 0.840000
f 3771 3769 3363
f 3362 3771 3363
f 3771 3767 3769
v -0.340000 0.598104 0.960000
v -0.340000 0.613901 0.913901
v -0.410798 0.589202 0.889202
f 3772 3773 3774
f 3774 3773 3771
f 3773 3767 3771
f 3362 3774 3771
f 3366 3774 3362
v -0.452536 0.547464 0.960000
f 3775 3774 3366
f 3365 3775 3366
f 3775 3772 3774
v -0.340000 0.548724 1.080000
v -0.340000 0.582361 1.002361
v -0.455546 0.544454 0.964454
f 3776 3777 3778
f 3778 3777 3775
f 3777 3772 3775
f 3365 3778 3775
f 3367 3778 3365
f 3334 3778 3367
f 3776 3778 3334
f 3736 3776 3334
v -0.340000 0.546013 1.086013
f 3740 3779 3736
f 3779 3776 3736
v -0.340000 0.723446 -0.296554
v -0.422308 0.697692 -0.322308
f 3780 3781 3746
f 3745 3780 3746
v -0.340000 0.780000 -0.307022
f 3780 3782 3781
v -0.442600 0.780000 -0.342600
f 3782 3783 3781
f 3781 3783 3370
f 3783 3371 3370
f 3339 3781 3370
f 3746 3781 3339
v -0.340000 0.671220 0.240000
f 3784 3756 3757
f 3758 3784 3757
v -0.340000 0.682628 0.360000
v -0.340000 0.672275 0.252275
f 3785 3786 3759
f 3786 3758 3759
f 3786 3784 3758
f 3760 3785 3759
v -0.340000 0.684896 0.480000
v -0.340000 0.683022 0.383022
f 3787 3788 3761
f 3788 3760 3761
f 3788 3785 3760
f 3762 3787 3761
v -0.340000 0.678078 0.600000
v -0.340000 0.683685 0.503685
f 3789 3790 3763
f 3790 3762 3763
f 3790 3787 3762
f 3764 3789 3763
v -0.340000 0.662012 0.720000
v -0.340000 0.676157 0.616157
f 3791 3792 3765
f 3792 3764 3765
f 3792 3789 3764
f 3766 3791 3765
v -0.340000 0.661696 0.721696
f 3770 3793 3766
f 3793 3791 3766
v -0.390809 0.900000 -0.360000
f 3794 3375 3373
f 3372 3794 3373
v -0.340000 0.821561 -0.318439
v -0.447752 0.792248 -0.347752
f 3795 3796 3783
f 3782 3795 3783
v -0.340000 0.900000 -0.342597
f 3795 3797 3796
f 3796 3797 3372
f 3797 3794 3372
f 3377 3796 3372
f 3371 3796 3377
f 3783 3796 3371
v -0.340000 0.940506 -0.360000
v -0.340000 0.995465 -0.384535
v -0.374005 0.985995 -0.394005
f 3798 3799 3800
v -0.340000 1.020000 -0.397677
f 3799 3801 3800
v -0.402903 1.020000 -0.422903
f 3801 3802 3800
f 3800 3802 3382
f 3802 3384 3382
f 3375 3800 3382
f 3798 3800 3375
f 3794 3798 3375
v -0.340000 0.912579 -0.347421
f 3797 3803 3794
f 3803 3798 3794
v -0.341955 1.112049 -1.740825
v -0.340000 1.140000 -1.722857
v -0.340000 1.112865 -1.741079
f 3804 3805 3806
v -0.381247 1.098753 -1.733644
f 3807 3805 3804
v -0.392017 1.094861 -1.732017
v -0.370953 1.140000 -1.710953
f 3808 3809 3805
f 3808 3805 3807
v -0.404020 1.090023 -1.729977
v -0.441145 1.140000 -1.680000
f 3810 3811 3809
f 3810 3809 3808
f 3387 3386 3811
v -0.452819 1.065700 -1.726756
f 3387 3811 3812
f 3812 3811 3810
v -0.453958 1.140000 -1.673958
f 3813 3811 3386
f 3389 3813 3386
v -0.349829 1.140000 -0.480000
f 3814 3395 3393
f 3392 3814 3393
v -0.340000 1.071818 -0.428182
v -0.431204 1.048796 -0.451204
f 3815 3816 3802
f 3801 3815 3802
v -0.340000 1.140000 -0.476076
f 3815 3817 3816
f 3816 3817 3392
f 3817 3814 3392
f 3396 3816 3392
f 3384 3816 3396
f 3802 3816 3384
v -0.340000 1.190251 -1.680000
f 3818 3805 3809
f 3811 3818 3809
v -0.439407 1.160593 -1.659407
f 3819 3811 3813
v -0.340000 1.260000 -1.607200
f 3820 3818 3811
f 3819 3820 3811
v -0.371954 1.260000 -1.591954
f 3821 3820 3819
v -0.431351 1.260000 -1.560000
f 3822 3821 3819
f 3397 3822 3389
f 3822 3819 3389
f 3819 3813 3389
v -0.449028 1.260000 -1.549028
f 3823 3822 3397
f 3399 3823 3397
v -0.358274 1.260000 -0.600000
f 3824 3407 3405
f 3404 3824 3405
v -0.340000 1.144877 -0.480000
v -0.340000 1.206000 -0.534000
v -0.412612 1.187388 -0.552612
f 3825 3826 3827
v -0.340000 1.260000 -0.591216
f 3826 3828 3827
f 3827 3828 3404
f 3828 3824 3404
f 3408 3827 3404
f 3395 3827 3408
f 3825 3827 3395
f 3814 3825 3395
v -0.340000 1.142264 -0.477736
f 3817 3829 3814
f 3829 3825 3814
v -0.340000 1.298321 -1.560000
f 3830 3820 3821
f 3822 3830 3821
v -0.340000 1.371682 -1.440000
v -0.340000 1.357393 -1.462607
f 3831 3832 3823
f 3832 3822 3823
f 3832 3830 3822
v -0.354374 1.365626 -1.440000
f 3409 3833 3399
f 3833 3831 3399
f 3831 3823 3399
v -0.340000 1.380000 -1.420144
f 3834 3831 3833
v -0.392700 1.380000 -1.372700
f 3409 3835 3833
f 3835 3834 3833
v -0.446352 1.380000 -1.320000
f 3411 3836 3409
f 3836 3835 3409
f 3410 3836 3411
v -0.451629 1.380000 -1.311629
f 3837 3836 3410
f 3413 3837 3410
v -0.438661 1.380000 -0.840000
f 3838 3420 3418
f 3417 3838 3418
v -0.340000 1.350206 -0.720000
v -0.340000 1.360667 -0.739333
v -0.367250 1.352750 -0.747250
f 3839 3840 3841
v -0.340000 1.380000 -0.781863
f 3840 3842 3841
f 3841 3842 3417
f 3842 3838 3417
f 3424 3841 3417
v -0.391430 1.328570 -0.720000
f 3843 3841 3424
f 3423 3843 3424
f 3843 3839 3841
v -0.340000 1.267655 -0.600000
v -0.340000 1.315537 -0.664463
v -0.426996 1.293004 -0.686996
f 3844 3845 3846
f 3846 3845 3843
f 3845 3839 3843
f 3423 3846 3843
f 3426 3846 3423
f 3407 3846 3426
f 3844 3846 3407
f 3824 3844 3407
v -0.340000 1.264260 -0.595740
f 3828 3847 3824
f 3847 3844 3824
v -0.340000 1.418702 -1.320000
f 3848 3834 3835
f 3836 3848 3835
v -0.340000 1.450145 -1.200000
v -0.340000 1.434145 -1.265855
f 3849 3850 3837
f 3850 3836 3837
f 3850 3848 3836
v -0.421626 1.418374 -1.200000
f 3427 3851 3413
f 3851 3849 3413
f 3849 3837 3413
v -0.340000 1.485895 -1.080000
v -0.340000 1.484452 -1.095548
v -0.376984 1.463016 -1.116984
f 3852 3853 3854
f 3854 3853 3851
f 3853 3849 3851
f 3427 3854 3851
v -0.408898 1.500000 -1.080000
f 3855 3854 3427
f 3429 3855 3427
v -0.359916 1.480084 -1.080000
f 3855 3856 3854
f 3856 3852 3854
v -0.340000 1.483480 -0.960000
v -0.340000 1.485702 -0.974298
v -0.360173 1.479827 -0.980173
f 3857 3858 3859
f 3859 3858 3856
f 3858 3852 3856
v -0.409349 1.500000 -1.029349
f 3860 3859 3856
f 3855 3860 3856
v -0.388621 1.500000 -0.960000
f 3860 3861 3859
v -0.361238 1.478762 -0.960000
f 3861 3862 3859
f 3862 3857 3859
v -0.340000 1.414588 -0.840000
v -0.340000 1.440124 -0.899876
v -0.408749 1.431251 -0.908749
f 3863 3864 3865
f 3865 3864 3862
f 3864 3857 3862
v -0.437139 1.500000 -0.937139
f 3866 3865 3862
f 3861 3866 3862
f 3865 3866 3431
f 3866 3433 3431
f 3420 3865 3431
f 3863 3865 3420
f 3838 3863 3420
v -0.340000 1.399259 -0.820741
f 3842 3867 3838
f 3867 3863 3838
v -0.440757 1.519243 -1.080000
f 3435 3868 3429
f 3868 3855 3429
v -0.437453 1.522547 -1.057453
f 3855 3869 3860
f 3868 3869 3855
f 3435 3869 3868
v -0.444814 1.620000 -0.960000
f 3870 3869 3435
f 3438 3870 3435
v -0.421909 1.538091 -0.960000
f 3870 3871 3869
f 3869 3871 3860
f 3871 3861 3860
v -0.444241 1.515759 -0.944241
f 3861 3872 3866
f 3871 3872 3861
v -0.454602 1.620000 -0.954602
f 3873 3872 3871
f 3870 3873 3871
f 3872 3873 3439
f 3873 3441 3439
f 3433 3872 3439
f 3866 3872 3433
v -0.448805 1.631195 -0.960000
f 3446 3874 3438
f 3874 3870 3438
v -0.455096 1.624904 -0.955096
f 3870 3875 3873
f 3874 3875 3870
f 3446 3875 3874
f 3450 3875 3446
f 3441 3875 3450
f 3873 3875 3441
v -0.314680 -1.350000 -1.080000
f 3466 3464 3876
v -0.300872 -1.350000 -1.050000
v -0.302333 -1.342333 -1.042333
v -0.291770 -1.350000 -1.031770
f 3877 3878 3879
v -0.310000 -1.350000 -1.070747
f 3880 3878 3877
f 3876 3464 3878
f 3876 3878 3880
v -0.322439 -1.260000 -0.960000
f 3881 3878 3464
f 3470 3881 3464
v -0.273590 -1.313590 -0.960000
f 3881 3882 3878
f 3879 3878 3882
v -0.260895 -1.350000 -0.976686
f 3879 3882 3883
v -0.251542 -1.350000 -0.960000
f 3883 3882 3884
v -0.245775 -1.350000 -0.930000
v -0.264558 -1.304558 -0.884558
v -0.228127 -1.350000 -0.848127
f 3885 3886 3887
f 3884 3882 3886
f 3884 3886 3885
v -0.317227 -1.260000 -0.937227
f 3888 3886 3882
f 3881 3888 3882
v -0.284755 -1.260000 -0.840000
f 3888 3889 3886
v -0.256934 -1.296934 -0.840000
f 3889 3890 3886
v -0.225924 -1.350000 -0.840000
f 3890 3891 3887
f 3890 3887 3886
v -0.228504 -1.350000 -0.728504
v -0.225167 -1.350000 -0.810000
v -0.255589 -1.295589 -0.755589
f 3892 3893 3894
v -0.225478 -1.350000 -0.822320
f 3894 3893 3895
f 3894 3895 3890
f 3895 3891 3890
v -0.283168 -1.260000 -0.783168
f 3896 3894 3890
f 3889 3896 3890
v -0.273645 -1.260000 -0.720000
f 3896 3897 3894
v -0.256910 -1.296910 -0.720000
f 3897 3898 3894
v -0.228985 -1.350000 -0.720000
f 3898 3899 3892
f 3898 3892 3894
v -0.234003 -1.350000 -0.690000
v -0.265118 -1.305118 -0.645118
v -0.250569 -1.350000 -0.630569
f 3900 3901 3902
v -0.230173 -1.350000 -0.712900
f 3901 3900 3903
f 3901 3903 3898
f 3903 3899 3898
v -0.282763 -1.260000 -0.662763
f 3904 3901 3898
f 3897 3904 3898
v -0.289402 -1.260000 -0.600000
f 3904 3905 3901
v -0.276073 -1.316073 -0.600000
f 3905 3906 3901
f 3902 3901 3906
v -0.257377 -1.350000 -0.611063
f 3902 3906 3907
v -0.261238 -1.350000 -0.600000
f 3907 3906 3908
v -0.273581 -1.350000 -0.570000
v -0.290300 -1.330300 -0.550300
v -0.285612 -1.350000 -0.545612
f 3909 3910 3911
f 3908 3906 3910
f 3908 3910 3909
v -0.302640 -1.260000 -0.562640
f 3912 3910 3906
f 3905 3912 3906
v -0.339798 -1.260000 -0.480000
f 3912 3913 3910
v -0.324690 -1.350000 -0.480000
v -0.310000 -1.350000 -0.507395
f 3913 3914 3915
f 3913 3915 3910
f 3911 3910 3915
v -0.324699 -1.350000 -0.479984
v -0.339871 -1.260000 -0.479871
v -0.330248 -1.350000 -0.470248
f 3916 3917 3918
f 3914 3913 3917
f 3914 3917 3916
v -0.339991 -1.350000 -0.458634
f 3918 3917 3919
f 3919 3917 3475
f 3919 3475 3474
v -0.324106 -1.350000 0.720000
f 3489 3487 3920
v -0.311302 -1.350000 0.748698
f 3920 3487 3921
v -0.326953 -1.260000 0.840000
v -0.310647 -1.350000 0.750000
f 3922 3923 3921
f 3922 3921 3487
f 3493 3922 3487
v -0.281093 -1.321093 0.840000
f 3923 3922 3924
v -0.310000 -1.350000 0.751137
f 3923 3924 3925
v -0.279970 -1.350000 0.811144
f 3925 3924 3926
v -0.265529 -1.350000 0.840000
f 3926 3924 3927
v -0.259734 -1.350000 0.870000
v -0.272634 -1.312634 0.907366
v -0.247837 -1.350000 0.932163
f 3928 3929 3930
f 3927 3924 3929
f 3927 3929 3928
v -0.323276 -1.260000 0.856724
f 3931 3929 3924
f 3922 3931 3924
v -0.289117 -1.260000 0.960000
f 3931 3932 3929
v -0.264239 -1.304239 0.960000
f 3932 3933 3929
f 3930 3929 3933
v -0.242306 -1.350000 0.955212
f 3930 3933 3934
v -0.241157 -1.350000 0.960000
f 3934 3933 3935
v -0.240220 -1.350000 0.990000
v -0.262632 -1.302632 1.037368
v -0.242687 -1.350000 1.057313
f 3936 3937 3938
f 3935 3933 3937
f 3935 3937 3936
v -0.287410 -1.260000 1.012590
f 3939 3937 3933
f 3932 3939 3933
v -0.279182 -1.260000 1.080000
f 3939 3940 3937
v -0.264090 -1.304090 1.080000
f 3940 3941 3937
f 3938 3937 3941
v -0.243506 -1.350000 1.073919
f 3938 3941 3942
v -0.243806 -1.350000 1.080000
f 3942 3941 3943
v -0.249091 -1.350000 1.110000
v -0.272356 -1.312356 1.147644
v -0.261287 -1.350000 1.158713
f 3944 3945 3946
f 3943 3941 3945
f 3943 3945 3944
v -0.287751 -1.260000 1.132249
f 3947 3945 3941
f 3940 3947 3941
v -0.298535 -1.260000 1.200000
f 3947 3948 3945
v -0.284792 -1.324792 1.200000
f 3948 3949 3945
f 3946 3945 3949
v -0.270032 -1.350000 1.185176
f 3946 3949 3950
v -0.274930 -1.350000 1.200000
f 3950 3949 3951
v -0.287522 -1.350000 1.230000
v -0.297588 -1.337588 1.242412
v -0.294562 -1.350000 1.245438
f 3952 3953 3954
f 3951 3949 3953
f 3951 3953 3952
v -0.309638 -1.260000 1.230362
f 3955 3953 3949
f 3948 3955 3949
f 3953 3955 3495
f 3955 3497 3495
v -0.334289 -1.350000 1.315136
v -0.310000 -1.350000 1.270032
f 3956 3957 3953
f 3956 3953 3495
v -0.336909 -1.350000 1.320000
f 3494 3958 3956
f 3494 3956 3495
f 3954 3953 3957
v -0.338042 -1.350000 1.321958
f 3958 3494 3959
f 3505 3959 3494
v -0.331655 -1.251655 -0.960000
f 3511 3960 3470
f 3960 3881 3470
v -0.329201 -1.249201 -0.949201
f 3881 3961 3888
f 3960 3961 3881
f 3511 3961 3960
f 3515 3961 3511
v -0.308223 -1.228223 -0.840000
f 3962 3961 3515
f 3514 3962 3515
f 3961 3962 3888
f 3962 3889 3888
v -0.302792 -1.222792 -0.802792
f 3889 3963 3896
f 3962 3963 3889
f 3514 3963 3962
v -0.299521 -1.140000 -0.720000
f 3964 3963 3514
f 3520 3964 3514
v -0.294171 -1.214171 -0.720000
f 3964 3965 3963
f 3963 3965 3896
f 3965 3897 3896
v -0.295066 -1.215066 -0.675066
f 3897 3966 3904
f 3965 3966 3897
v -0.300367 -1.140000 -0.680367
f 3967 3966 3965
f 3964 3967 3965
v -0.297956 -1.140000 -0.600000
f 3967 3968 3966
v -0.301162 -1.221162 -0.600000
f 3968 3969 3966
f 3966 3969 3904
f 3969 3905 3904
v -0.308726 -1.228726 -0.568726
f 3905 3970 3912
f 3969 3970 3905
v -0.305881 -1.140000 -0.565881
f 3971 3970 3969
f 3968 3971 3969
v -0.335209 -1.140000 -0.480000
f 3971 3972 3970
v -0.339842 -1.259842 -0.480000
f 3972 3973 3970
f 3970 3973 3912
f 3973 3913 3912
v -0.339892 -1.259892 -0.479892
f 3913 3974 3917
f 3973 3974 3913
v -0.336693 -1.140000 -0.476693
f 3975 3974 3973
f 3972 3975 3973
f 3974 3975 3521
f 3975 3523 3521
f 3475 3974 3521
f 3917 3974 3475
v -0.332733 -1.252733 0.840000
f 3531 3976 3493
f 3976 3922 3493
v -0.330715 -1.250715 0.849285
f 3922 3977 3931
f 3976 3977 3922
f 3531 3977 3976
v -0.323182 -1.140000 0.960000
f 3978 3977 3531
f 3534 3978 3531
v -0.306876 -1.226876 0.960000
f 3978 3979 3977
f 3977 3979 3931
f 3979 3932 3931
v -0.301745 -1.221745 0.998255
f 3932 3980 3939
f 3979 3980 3932
v -0.319995 -1.140000 0.980005
f 3981 3980 3979
f 3978 3981 3979
v -0.292615 -1.140000 1.080000
f 3981 3982 3980
v -0.294237 -1.214237 1.080000
f 3982 3983 3980
f 3980 3983 3939
f 3983 3940 3939
v -0.297056 -1.217056 1.122944
f 3940 3984 3947
f 3983 3984 3940
v -0.295474 -1.140000 1.124526
f 3985 3984 3983
f 3982 3985 3983
v -0.299891 -1.140000 1.200000
f 3985 3986 3984
v -0.306858 -1.226858 1.200000
f 3986 3987 3984
f 3984 3987 3947
f 3987 3948 3947
v -0.314517 -1.234517 1.225483
f 3948 3988 3955
f 3987 3988 3948
v -0.308578 -1.140000 1.231422
f 3989 3988 3987
f 3986 3989 3987
f 3988 3989 3535
f 3989 3537 3535
f 3497 3988 3535
f 3955 3988 3497
v -0.338321 -1.020000 -0.840000
f 3549 3990 3547
f 3990 3548 3547
v -0.337650 -1.020000 -0.837650
f 3990 3991 3548
v -0.296308 -1.020000 -0.720000
f 3991 3992 3548
f 3992 3550 3548
v -0.301269 -1.101269 -0.720000
f 3992 3993 3550
f 3993 3520 3550
f 3993 3964 3520
v -0.300394 -1.100394 -0.680394
f 3964 3994 3967
f 3993 3994 3964
v -0.295382 -1.020000 -0.675382
f 3995 3994 3993
f 3992 3995 3993
v -0.293207 -1.020000 -0.600000
f 3995 3996 3994
v -0.297983 -1.097983 -0.600000
f 3996 3997 3994
f 3994 3997 3967
f 3997 3968 3967
v -0.305964 -1.105964 -0.565964
f 3968 3998 3971
f 3997 3998 3968
v -0.301650 -1.020000 -0.561650
f 3999 3998 3997
f 3996 3999 3997
v -0.328367 -1.020000 -0.480000
f 3999 4000 3998
v -0.335225 -1.135225 -0.480000
f 4000 4001 3998
f 3998 4001 3971
f 4001 3972 3971
v -0.336629 -1.136629 -0.476629
f 3972 4002 3975
f 4001 4002 3972
v -0.331642 -1.020000 -0.471642
f 4003 4002 4001
f 4000 4003 4001
f 4002 4003 3551
f 4003 3553 3551
f 3523 4002 3551
f 3975 4002 3523
v -0.306786 -1.020000 0.960000
f 3562 4004 3561
v -0.319876 -1.119876 0.960000
f 4004 4005 3561
f 4005 3534 3561
f 4005 3978 3534
v -0.318427 -1.118427 0.981573
f 3978 4006 3981
f 4005 4006 3978
v -0.304727 -1.020000 0.995273
f 4007 4006 4005
f 4004 4007 4005
v -0.281505 -1.020000 1.080000
f 4007 4008 4006
v -0.289974 -1.089974 1.080000
f 4008 4009 4006
f 4006 4009 3981
f 4009 3982 3981
v -0.293387 -1.093387 1.126613
f 3982 4010 3985
f 4009 4010 3982
v -0.285042 -1.020000 1.134958
f 4011 4010 4009
f 4008 4011 4009
v -0.288718 -1.020000 1.200000
f 4011 4012 4010
v -0.297896 -1.097896 1.200000
f 4012 4013 4010
f 4010 4013 3985
f 4013 3986 3985
v -0.308004 -1.108004 1.231996
f 3986 4014 3989
f 4013 4014 3986
v -0.299895 -1.020000 1.240105
f 4015 4014 4013
f 4012 4015 4013
v -0.332132 -1.020000 1.320000
f 4015 4016 4014
f 4014 4016 3537
f 4016 3563 3537
f 3989 4014 3537
v -0.334819 -1.020000 1.325181
f 4016 4017 3563
f 4017 3565 3563
v -0.338394 -1.018394 -0.840000
f 3575 4018 3549
f 4018 3990 3549
v -0.337799 -1.017799 -0.837799
f 3990 4019 3991
f 4018 4019 3990
f 3575 4019 4018
v -0.336992 -0.984176 -0.830244
v -0.326098 -0.978188 -0.798188
f 4020 4021 4019
f 4020 4019 3575
f 3580 4020 3575
v -0.318916 -0.998916 -0.781701
f 4021 4022 4019
v -0.318154 -0.999345 -0.779587
f 4019 4022 4023
f 4019 4023 3991
v -0.296647 -1.012285 -0.720000
f 4023 4024 3992
f 4023 3992 3991
v -0.296487 -1.012371 -0.712371
v -0.295706 -1.012810 -0.675706
f 3992 4025 4026
f 3992 4026 3995
f 4024 4025 3992
v -0.295287 -0.999797 -0.641408
f 4026 4027 3995
v -0.294001 -1.001889 -0.600000
f 4027 4028 3996
f 4027 3996 3995
v -0.300741 -0.980741 -0.560741
f 3996 4029 3999
v -0.298009 -0.978009 -0.580000
f 4028 4030 4029
f 4028 4029 3996
v -0.300872 -0.932077 -0.580000
v -0.305114 -0.900000 -0.565114
f 4031 4032 4029
f 4031 4029 4030
v -0.302871 -0.900000 -0.580000
f 4033 4032 4031
v -0.335064 -0.900000 -0.480000
f 4032 4034 4029
v -0.327998 -1.007998 -0.480000
f 4034 4035 4029
f 4029 4035 3999
f 4035 4000 3999
v -0.327794 -1.007794 -0.467794
f 4000 4036 4003
f 4035 4036 4000
v -0.334974 -0.900000 -0.474974
f 4037 4036 4035
f 4034 4037 4035
f 4036 4037 3581
f 4037 3583 3581
f 3553 4036 3581
f 4003 4036 3553
v -0.220000 -0.925699 -0.025699
v -0.220000 -0.933411 0.000000
v -0.241626 -0.921626 -0.021626
f 4038 4039 4040
v -0.220000 -0.900000 -0.099130
f 4041 4038 4040
v -0.274487 -0.900000 -0.054487
f 4042 4041 4040
v -0.336146 -0.900000 0.000000
f 4043 4042 4040
v -0.246602 -0.926602 0.000000
f 4044 4043 4040
f 4039 4044 4040
v -0.220000 -0.951707 0.068293
v -0.220000 -0.963569 0.120000
v -0.263021 -0.943021 0.076979
f 4045 4046 4047
f 4039 4045 4044
f 4045 4047 4044
v -0.338005 -0.900000 0.001995
f 4048 4043 4044
f 4047 4048 4044
f 3592 4048 3589
f 4048 4047 3589
v -0.270658 -0.950658 0.120000
f 4049 3590 3589
f 4047 4049 3589
f 4046 4049 4047
v -0.220000 -0.972394 0.167606
v -0.220000 -0.983903 0.240000
v -0.279583 -0.959583 0.180417
f 4050 4051 4052
f 4046 4050 4049
f 4050 4052 4049
f 4052 3590 4049
f 4052 3596 3590
v -0.286908 -0.966908 0.240000
f 4053 3597 3596
f 4052 4053 3596
f 4051 4053 4052
v -0.220000 -0.987267 0.272733
v -0.220000 -0.994994 0.360000
v -0.290929 -0.970929 0.289071
f 4054 4055 4056
f 4051 4054 4053
f 4054 4056 4053
f 4056 3597 4053
f 4056 3601 3597
v -0.295784 -0.975784 0.360000
f 4057 3602 3601
f 4056 4057 3601
f 4055 4057 4056
v -0.220000 -0.995496 0.384504
v -0.220000 -0.997194 0.480000
v -0.296494 -0.976494 0.403506
f 4058 4059 4060
f 4055 4058 4057
f 4058 4060 4057
f 4060 3602 4057
f 4060 3605 3602
v -0.297545 -0.977545 0.480000
f 4061 3606 3605
f 4060 4061 3605
f 4059 4061 4060
v -0.220000 -0.995711 0.504289
v -0.220000 -0.990576 0.600000
v -0.295371 -0.975371 0.524629
f 4062 4063 4064
f 4059 4062 4061
f 4062 4064 4061
f 4064 3606 4061
f 4064 3609 3606
v -0.292247 -0.972247 0.600000
f 4065 3610 3609
f 4064 4065 3609
f 4063 4065 4064
v -0.220000 -0.985726 0.634274
v -0.220000 -0.974923 0.720000
v -0.286171 -0.966171 0.653829
f 4066 4067 4068
f 4063 4066 4065
f 4066 4068 4065
f 4068 3610 4065
f 4068 3613 3610
v -0.282971 -0.962971 0.720000
f 4069 3614 3613
f 4068 4069 3613
f 4067 4069 4068
v -0.220000 -0.962159 0.777841
v -0.220000 -0.950794 0.840000
v -0.269985 -0.949985 0.790015
f 4070 4071 4072
f 4067 4070 4069
f 4070 4072 4069
f 4072 3614 4069
f 4072 3617 3614
v -0.290639 -0.970639 0.840000
f 4073 3618 3617
f 4072 4073 3617
f 4071 4073 4072
v -0.220000 -0.920459 0.939541
v -0.220000 -0.919815 0.960000
v -0.254332 -0.934332 0.925668
f 4074 4075 4076
f 4071 4074 4073
f 4074 4076 4073
f 4076 3618 4073
f 4076 3620 3618
f 4076 3562 3620
f 4075 4004 3562
f 4076 4075 3562
v -0.269405 -0.949405 1.030595
f 4004 4077 4007
v -0.220000 -0.900000 1.010973
f 4078 4077 4004
f 4075 4078 4004
v -0.262945 -0.900000 1.037055
f 4078 4079 4077
v -0.249273 -0.900000 1.080000
f 4079 4080 4077
v -0.248141 -0.928141 1.080000
f 4080 4081 4077
f 4077 4081 4007
f 4081 4008 4007
v -0.273947 -0.953947 1.146053
f 4008 4082 4011
f 4081 4082 4008
v -0.275490 -0.900000 1.144510
f 4083 4082 4081
f 4080 4083 4081
v -0.279384 -0.900000 1.200000
f 4083 4084 4082
v -0.277654 -0.957654 1.200000
f 4084 4085 4082
f 4082 4085 4011
f 4085 4012 4011
v -0.296171 -0.976171 1.243829
f 4012 4086 4015
f 4085 4086 4012
v -0.297763 -0.900000 1.242237
f 4087 4086 4085
f 4084 4087 4085
v -0.334082 -0.900000 1.320000
f 4087 4088 4086
v -0.331067 -1.011067 1.320000
f 4088 4089 4086
f 4086 4089 4015
f 4089 4016 4015
v -0.334384 -1.014384 1.325616
f 4016 4090 4017
f 4089 4090 4016
v -0.336316 -0.900000 1.323684
f 4091 4090 4089
f 4088 4091 4089
f 4090 4091 3621
f 4091 3623 3621
f 3565 4090 3621
f 4017 4090 3565
v -0.294823 -0.880000 -0.580000
v -0.286354 -0.846354 -0.546354
f 4033 4092 4093
f 4033 4093 4032
v -0.289317 -0.849317 -0.580000
f 4094 4093 4092
v -0.300857 -0.807814 -0.580000
v -0.307143 -0.780000 -0.567143
f 4095 4096 4093
f 4095 4093 4094
v -0.308590 -0.780000 -0.580000
f 4097 4096 4095
f 4093 4096 3635
f 4096 3637 3635
v -0.330638 -0.890638 -0.480000
f 4098 4093 3635
f 3634 4098 3635
f 4093 4098 4032
f 4098 4034 4032
v -0.301946 -0.861946 -0.441946
f 4034 4099 4037
f 4098 4099 4034
f 3634 4099 4098
f 4099 3641 3634
f 3583 4099 3641
f 4037 4099 3583
v -0.220000 -0.819264 -0.279264
v -0.220000 -0.837376 -0.240000
v -0.273527 -0.833527 -0.293527
f 4100 4101 4102
v -0.220000 -0.780000 -0.340541
f 4103 4100 4102
v -0.293607 -0.780000 -0.313607
f 4104 4103 4102
f 3647 4104 3645
f 4104 4102 3645
v -0.265442 -0.825442 -0.240000
f 4105 3646 3645
f 4102 4105 3645
f 4101 4105 4102
v -0.220000 -0.858522 -0.198522
v -0.220000 -0.892380 -0.120000
v -0.286888 -0.846888 -0.186888
f 4106 4107 4108
f 4101 4106 4105
f 4106 4108 4105
f 4108 3646 4105
f 4108 3651 3646
v -0.306500 -0.866500 -0.120000
f 4109 3652 3651
f 4108 4109 3651
f 4107 4109 4108
v -0.220000 -0.894612 -0.114612
f 4110 4041 4042
v -0.314600 -0.874600 -0.094600
f 4111 4110 4042
f 4107 4110 4109
f 4110 4111 4109
f 4111 3652 4109
f 4111 3656 3652
v -0.339117 -0.899117 0.000000
f 4112 3657 3656
f 4111 4112 3656
f 4043 4112 4042
f 4112 4111 4042
v -0.339291 -0.899291 0.000709
f 4113 4043 4048
f 4113 4112 4043
f 4113 3657 4112
f 4113 3660 3657
f 4113 3592 3660
f 4113 4048 3592
v -0.220000 -0.876275 1.080000
f 4078 4114 4079
f 4114 4080 4079
v -0.220000 -0.842670 1.137330
f 4080 4115 4083
v -0.220000 -0.814896 1.200000
f 4115 4116 4083
f 4114 4115 4080
f 4116 4084 4083
v -0.272288 -0.832288 1.267712
f 4084 4117 4087
v -0.220000 -0.780000 1.241062
f 4118 4117 4084
f 4116 4118 4084
v -0.279451 -0.780000 1.260549
f 4118 4119 4117
f 4117 4119 3665
f 4119 3667 3665
v -0.326791 -0.886791 1.320000
f 4120 4117 3665
f 3664 4120 3665
f 4117 4120 4087
f 4120 4088 4087
v -0.334645 -0.894645 1.325355
f 4088 4121 4091
f 4120 4121 4088
f 3664 4121 4120
f 3671 4121 3664
f 3623 4121 3671
f 4091 4121 3623
v -0.283881 -0.760000 -0.580000
v -0.220000 -0.712610 -0.532610
f 4097 4122 4123
f 4097 4123 4096
v -0.220000 -0.717403 -0.480000
f 4123 4124 4096
v -0.220000 -0.708931 -0.580000
f 4125 4123 4122
v -0.314159 -0.754159 -0.480000
f 3676 4126 3637
f 4096 4124 3637
f 4124 4126 3637
v -0.220000 -0.733109 -0.433109
v -0.220000 -0.767443 -0.360000
v -0.323322 -0.763322 -0.463322
f 4127 4128 4129
f 4124 4127 4126
f 4127 4129 4126
f 3676 4129 4126
f 3677 4129 3676
v -0.306918 -0.746918 -0.360000
f 4130 3678 3677
f 4129 4130 3677
f 4128 4130 4129
v -0.220000 -0.772574 -0.352574
f 4131 4103 4104
v -0.318779 -0.758779 -0.338779
f 4132 4131 4104
f 4128 4131 4130
f 4131 4132 4130
f 4132 3678 4130
f 4132 3680 3678
f 4132 3647 3680
f 4132 4104 3647
v -0.220000 -0.723731 1.320000
f 4118 4133 4119
v -0.322082 -0.762082 1.320000
f 4134 3684 3667
f 4119 4133 3667
f 4133 4134 3667
v -0.220000 -0.660000 1.394616
f 4133 4135 4134
v -0.294304 -0.660000 1.365696
f 4135 4136 4134
f 4136 3684 4134
f 4136 3686 3684
v -0.220000 -0.612168 1.440000
f 4135 4137 4136
v -0.272836 -0.592836 1.440000
f 4138 3688 3686
f 4136 4137 3686
f 4137 4138 3686
v -0.220000 -0.540000 1.501162
f 4137 4139 4138
v -0.322083 -0.540000 1.457917
f 4139 4140 4138
f 4140 3688 4138
f 4140 3691 3688
v -0.220000 -0.443907 1.560000
f 4139 4141 4140
v -0.255698 -0.420000 1.560000
f 4142 3694 3693
v -0.234600 -0.434600 1.560000
f 3691 4143 3693
f 4143 4142 3693
f 4140 4141 3691
f 4141 4143 3691
v -0.220000 -0.420000 1.573611
f 4141 4144 4143
f 4144 4142 4143
v -0.298047 -0.378047 1.560000
f 4145 3696 3694
f 4142 4145 3694
v -0.220000 -0.399016 1.580984
f 4144 4146 4142
v -0.220000 -0.300000 1.617856
f 4146 4147 4142
f 4147 4145 4142
v -0.320553 -0.300000 1.579447
f 4147 4148 4145
f 4148 3696 4145
f 4148 3699 3696
v -0.220000 -0.231286 1.628714
v -0.313873 -0.273873 1.586127
f 4149 4150 4148
f 4147 4149 4148
v -0.220000 -0.180000 1.637492
f 4149 4151 4150
v -0.288821 -0.180000 1.611179
f 4151 4152 4150
f 4150 4152 3702
f 4152 3703 3702
f 3699 4150 3702
f 4148 4150 3699
v -0.220000 -0.104859 1.635141
v -0.291288 -0.131288 1.608712
f 4153 4154 4152
f 4151 4153 4152
v -0.220000 -0.060000 1.633590
f 4153 4155 4154
v -0.295130 -0.060000 1.604870
f 4155 4156 4154
f 4154 4156 3706
f 4156 3707 3706
f 3703 4154 3706
f 4152 4154 3703
v -0.220000 0.000456 1.620456
v -0.306804 -0.026804 1.593196
f 4157 4158 4156
f 4155 4157 4156
v -0.220000 0.060000 1.605928
f 4157 4159 4158
v -0.339814 0.060000 1.560186
f 4159 4160 4158
f 4158 4160 3710
f 4160 3711 3710
f 3707 4158 3710
f 4156 4158 3707
v -0.220000 0.164746 1.560000
v -0.220000 0.175311 1.555311
v -0.226648 0.173352 1.553352
f 4161 4162 4163
v -0.220000 0.180000 1.552914
f 4162 4164 4163
v -0.232312 0.180000 1.547688
f 4164 4165 4163
f 4163 4165 3714
f 4165 3716 3714
v -0.337971 0.062029 1.560000
f 4166 4163 3714
f 3713 4166 3714
f 4166 4161 4163
v -0.220000 0.092779 1.592779
v -0.339887 0.060113 1.560113
f 4167 4168 4160
f 4159 4167 4160
f 4168 4167 4166
f 4167 4161 4166
f 3713 4168 4166
f 3717 4168 3713
f 3711 4168 3717
f 4160 4168 3711
v -0.291017 0.300000 1.440000
f 4169 3721 3719
f 3718 4169 3719
v -0.220000 0.248566 1.508566
v -0.289295 0.230705 1.490705
f 4170 4171 4165
f 4164 4170 4165
v -0.220000 0.300000 1.470054
f 4170 4172 4171
f 4171 4172 3718
f 4172 4169 3718
f 3723 4171 3718
f 3716 4171 3723
f 4165 4171 3716
v -0.282458 0.420000 1.320000
f 4173 3728 3726
f 3725 4173 3726
v -0.220000 0.332728 1.440000
v -0.220000 0.377389 1.397389
v -0.276379 0.363621 1.383621
f 4174 4175 4176
v -0.220000 0.420000 1.349706
f 4175 4177 4176
f 4176 4177 3725
f 4177 4173 3725
f 3730 4176 3725
f 3721 4176 3730
f 4174 4176 3721
f 4169 4174 3721
v -0.220000 0.316235 1.456235
f 4172 4178 4169
f 4178 4174 4169
v -0.220000 0.524809 1.200000
v -0.220000 0.530695 1.190695
v -0.232355 0.527645 1.187645
f 4179 4180 4181
v -0.220000 0.540000 1.173175
f 4180 4182 4181
v -0.293602 0.540000 1.126398
f 4182 4183 4181
f 4181 4183 3738
f 4183 3740 3738
v -0.244357 0.515643 1.200000
f 4184 4181 3738
f 3737 4184 3738
f 4184 4179 4181
v -0.220000 0.443409 1.320000
v -0.220000 0.484423 1.264423
v -0.292300 0.467700 1.247700
f 4185 4186 4187
f 4187 4186 4184
f 4186 4179 4184
f 3737 4187 4184
f 3741 4187 3737
f 3728 4187 3741
f 4185 4187 3728
f 4173 4185 3728
v -0.220000 0.433580 1.333580
f 4177 4188 4173
f 4188 4185 4173
v -0.268960 0.660000 -0.240000
f 4189 3745 3743
f 3742 4189 3743
v -0.220000 0.629347 -0.120000
v -0.220000 0.635012 -0.144988
v -0.259710 0.620290 -0.159710
f 4190 4191 4192
v -0.220000 0.660000 -0.198211
f 4191 4193 4192
f 4192 4193 3742
f 4193 4189 3742
f 3748 4192 3742
v -0.268294 0.611706 -0.120000
f 4194 4192 3748
f 3747 4194 3748
f 4194 4190 4192
v -0.220000 0.653639 0.000000
v -0.220000 0.651363 -0.008637
v -0.235856 0.644144 -0.015856
f 4195 4196 4197
f 4197 4196 4194
f 4196 4190 4194
f 3747 4197 4194
f 3750 4197 3747
v -0.229341 0.650659 0.000000
f 4198 4197 3750
f 3749 4198 3750
f 4198 4195 4197
v -0.220000 0.660000 0.024294
f 4199 4195 4198
v -0.266083 0.660000 0.073917
f 3749 4200 4198
f 4200 4199 4198
v -0.306168 0.660000 0.120000
f 3753 4201 3749
f 4201 4200 3749
f 3752 4201 3753
v -0.319382 0.660000 0.140618
f 4202 4201 3752
f 3756 4202 3752
v -0.256397 0.660000 0.840000
f 4203 3770 3768
f 3767 4203 3768
v -0.220000 0.634247 0.960000
v -0.220000 0.640851 0.940851
v -0.245447 0.634553 0.934553
f 4204 4205 4206
v -0.220000 0.660000 0.875120
f 4205 4207 4206
f 4206 4207 3767
f 4207 4203 3767
f 3773 4206 3767
v -0.257785 0.622215 0.960000
f 4208 4206 3773
f 3772 4208 3773
f 4208 4204 4206
v -0.220000 0.586505 1.080000
v -0.220000 0.608810 1.028810
v -0.286696 0.593304 1.013304
f 4209 4210 4211
f 4211 4210 4208
f 4210 4204 4208
f 3772 4211 4208
f 3777 4211 3772
v -0.327639 0.552361 1.080000
f 4212 4211 3777
f 3776 4212 3777
f 4212 4209 4211
v -0.220000 0.572099 1.112099
v -0.332541 0.547459 1.087459
f 4213 4214 4183
f 4182 4213 4183
f 4214 4213 4212
f 4213 4209 4212
f 3776 4214 4212
f 3779 4214 3776
f 3740 4214 3779
f 4183 4214 3740
v -0.220000 0.692729 -0.240000
v -0.220000 0.748429 -0.271571
v -0.260977 0.739023 -0.280977
f 4215 4216 4217
v -0.220000 0.780000 -0.278257
f 4216 4218 4217
v -0.270873 0.780000 -0.290873
f 4218 4219 4217
f 4217 4219 3780
f 4219 3782 3780
f 3745 4217 3780
f 4215 4217 3745
f 4189 4215 3745
v -0.220000 0.672612 -0.227388
f 4193 4220 4189
f 4220 4215 4189
v -0.220000 0.683682 0.120000
f 4221 4199 4200
f 4201 4221 4200
v -0.220000 0.703901 0.240000
v -0.220000 0.688034 0.148034
f 4222 4223 4202
f 4223 4201 4202
f 4223 4221 4201
v -0.325017 0.674983 0.240000
f 3784 4224 3756
f 4224 4222 3756
f 4222 4202 3756
v -0.220000 0.714963 0.360000
v -0.220000 0.708017 0.288017
v -0.323007 0.676993 0.256993
f 4225 4226 4227
f 4227 4226 4224
f 4226 4222 4224
f 3784 4227 4224
f 3786 4227 3784
v -0.309792 0.690208 0.360000
f 4228 4227 3786
f 3785 4228 3786
f 4228 4225 4227
v -0.220000 0.717160 0.480000
v -0.220000 0.715916 0.415916
v -0.309064 0.690936 0.390936
f 4229 4230 4231
f 4231 4230 4228
f 4230 4225 4228
f 3785 4231 4228
f 3788 4231 3785
v -0.306766 0.693234 0.480000
f 4232 4231 3788
f 3787 4232 3788
f 4232 4229 4231
v -0.220000 0.710553 0.600000
v -0.220000 0.714391 0.534391
v -0.308949 0.691051 0.511051
f 4233 4234 4235
f 4235 4234 4232
f 4234 4229 4232
f 3787 4235 4232
f 3790 4235 3787
v -0.315862 0.684138 0.600000
f 4236 4235 3790
f 3789 4236 3790
f 4236 4233 4235
v -0.220000 0.694963 0.720000
v -0.220000 0.705201 0.645201
v -0.319253 0.680747 0.620747
f 4237 4238 4239
f 4239 4238 4236
f 4238 4233 4236
f 3789 4239 4236
f 3792 4239 3789
v -0.337312 0.662688 0.720000
f 4240 4239 3792
f 3791 4240 3792
f 4240 4237 4239
v -0.220000 0.669991 0.840000
v -0.220000 0.689486 0.749486
v -0.337861 0.662139 0.722139
f 4241 4242 4243
f 4243 4242 4240
f 4242 4237 4240
f 3791 4243 4240
f 3793 4243 3791
f 3770 4243 3793
f 4241 4243 3770
f 4203 4241 3770
v -0.220000 0.667973 0.847973
f 4207 4244 4203
f 4244 4241 4203
v -0.220000 0.843453 -0.296547
v -0.290028 0.829972 -0.310028
f 4245 4246 4219
f 4218 4245 4219
v -0.220000 0.900000 -0.314050
f 4245 4247 4246
v -0.317683 0.900000 -0.337683
f 4247 4248 4246
f 4246 4248 3795
f 4248 3797 3795
f 3782 4246 3795
f 4219 4246 3782
v -0.220000 1.006734 -0.360000
v -0.220000 1.015924 -0.364076
v -0.225080 1.014920 -0.365080
f 4249 4250 4251
v -0.220000 1.020000 -0.366275
f 4250 4252 4251
v -0.228758 1.020000 -0.368758
f 4252 4253 4251
f 4251 4253 3799
f 4253 3801 3799
v -0.250286 0.989714 -0.360000
f 4254 4251 3799
f 3798 4254 3799
f 4254 4249 4251
v -0.220000 0.933253 -0.326747
v -0.325159 0.914841 -0.345159
f 4255 4256 4248
f 4247 4255 4248
f 4256 4255 4254
f 4255 4249 4254
f 3798 4256 4254
f 3803 4256 3798
f 3797 4256 3803
f 4248 4256 3797
v -0.285944 1.130439 -1.745944
v -0.281036 1.140000 -1.741036
v -0.285226 1.130718 -1.745956
f 4257 4258 4259
v -0.250669 1.140000 -1.749225
f 4259 4258 4260
f 3806 3805 4258
f 3806 4258 4257
v -0.220000 1.091728 -0.408272
v -0.278784 1.081216 -0.418784
f 4261 4262 4253
f 4252 4261 4253
v -0.220000 1.140000 -0.442372
f 4261 4263 4262
v -0.334688 1.140000 -0.474688
f 4263 4264 4262
f 4262 4264 3815
f 4264 3817 3815
f 3801 4262 3815
f 4253 4262 3801
v -0.220000 1.230826 -1.680000
v -0.220000 1.146934 -1.751578
f 4265 4266 4260
f 4265 4260 4258
v -0.264930 1.215070 -1.680000
f 3818 4267 3805
f 4267 4265 3805
f 4265 4258 3805
v -0.220000 1.260000 -1.649546
f 4268 4265 4267
v -0.287088 1.260000 -1.627088
f 3818 4269 4267
f 4269 4268 4267
f 3820 4269 3818
v -0.220000 1.186740 -0.480000
v -0.220000 1.225745 -0.514255
v -0.261861 1.218139 -0.521861
f 4270 4271 4272
v -0.220000 1.260000 -0.550767
f 4271 4273 4272
v -0.327083 1.260000 -0.587083
f 4273 4274 4272
f 4272 4274 3826
f 4274 3828 3826
v -0.332708 1.147292 -0.480000
f 4275 4272 3826
f 3825 4275 3826
f 4275 4270 4272
v -0.220000 1.161753 -0.458247
v -0.337365 1.142635 -0.477365
f 4276 4277 4264
f 4263 4276 4264
f 4277 4276 4275
f 4276 4270 4275
f 3825 4277 4275
f 3829 4277 3825
f 3817 4277 3829
f 4264 4277 3817
v -0.220000 1.332743 -1.560000
f 4278 4268 4269
v -0.287147 1.312853 -1.560000
f 3830 4279 3820
f 4279 4278 3820
f 4278 4269 3820
v -0.220000 1.380000 -1.481991
f 4280 4278 4279
v -0.249149 1.380000 -1.469149
f 3830 4281 4279
f 4281 4280 4279
v -0.309590 1.380000 -1.440000
f 3832 4282 3830
f 4282 4281 3830
f 3831 4282 3832
v -0.328218 1.380000 -1.428218
f 4283 4282 3831
f 3834 4283 3831
v -0.231264 1.380000 -0.720000
f 4284 3842 3840
f 3839 4284 3840
v -0.220000 1.302918 -0.600000
v -0.220000 1.335876 -0.644124
v -0.274039 1.325961 -0.654039
f 4285 4286 4287
v -0.220000 1.380000 -0.715189
f 4286 4288 4287
f 4287 4288 3839
f 4288 4284 3839
f 3845 4287 3839
v -0.329435 1.270565 -0.600000
f 4289 4287 3845
f 3844 4289 3845
f 4289 4285 4287
v -0.220000 1.283929 -0.576071
v -0.335032 1.264968 -0.595032
f 4290 4291 4274
f 4273 4290 4274
f 4291 4290 4289
f 4290 4285 4289
f 3844 4291 4289
f 3847 4291 3844
f 3828 4291 3847
f 4274 4291 3828
v -0.220000 1.402941 -1.440000
f 4292 4280 4281
f 4282 4292 4281
v -0.220000 1.448424 -1.320000
v -0.220000 1.415820 -1.404180
f 4293 4294 4283
f 4294 4282 4283
f 4294 4292 4282
v -0.289426 1.430574 -1.320000
f 3848 4295 3834
f 4295 4293 3834
f 4293 4283 3834
v -0.220000 1.473667 -1.200000
v -0.220000 1.466035 -1.233965
v -0.270191 1.449809 -1.250191
f 4296 4297 4298
f 4298 4297 4295
f 4297 4293 4295
f 3848 4298 4295
f 3850 4298 3848
v -0.255501 1.464499 -1.200000
f 4299 4298 3850
f 3849 4299 3850
f 4299 4296 4298
v -0.220000 1.489243 -1.080000
v -0.220000 1.488529 -1.091471
v -0.236369 1.483631 -1.096369
f 4300 4301 4302
f 4302 4301 4299
f 4301 4296 4299
f 3849 4302 4299
f 3853 4302 3849
v -0.234861 1.485139 -1.080000
f 4303 4302 3853
f 3852 4303 3853
f 4303 4300 4302
v -0.220000 1.481603 -0.960000
v -0.220000 1.483770 -0.976230
v -0.242001 1.477999 -0.982001
f 4304 4305 4306
f 4306 4305 4303
f 4305 4300 4303
f 3852 4306 4303
f 3858 4306 3852
v -0.245137 1.474863 -0.960000
f 4307 4306 3858
f 3857 4307 3858
f 4307 4304 4306
v -0.220000 1.439675 -0.840000
v -0.220000 1.453937 -0.886063
v -0.277230 1.442770 -0.897230
f 4308 4309 4310
f 4310 4309 4307
f 4309 4304 4307
f 3857 4310 4307
f 3864 4310 3857
v -0.303199 1.416801 -0.840000
f 4311 4310 3864
f 3863 4311 3864
f 4311 4308 4310
v -0.220000 1.382886 -0.720000
v -0.220000 1.420001 -0.799999
v -0.318073 1.401927 -0.818073
f 4312 4313 4314
f 4314 4313 4311
f 4313 4308 4311
f 3863 4314 4311
f 3867 4314 3863
f 3842 4314 3867
f 4312 4314 3842
f 4284 4312 3842
v -0.220000 1.381870 -0.718130
f 4288 4315 4284
f 4315 4312 4284
v -0.100000 -0.909242 -0.129242
v -0.100000 -0.912664 -0.120000
v -0.108521 -0.908521 -0.128521
f 4316 4317 4318
v -0.100000 -0.900000 -0.150607
f 4319 4316 4318
v -0.122170 -0.900000 -0.142170
f 4320 4319 4318
v -0.176606 -0.900000 -0.120000
f 4321 4320 4318
v -0.111036 -0.911036 -0.120000
f 4322 4321 4318
f 4317 4322 4318
v -0.100000 -0.940553 -0.040553
v -0.100000 -0.952689 0.000000
v -0.136561 -0.936561 -0.036561
f 4323 4324 4325
f 4317 4323 4322
f 4323 4325 4322
v -0.206107 -0.900000 -0.106107
f 4326 4321 4322
f 4325 4326 4322
f 4041 4326 4038
f 4326 4325 4038
v -0.145945 -0.945945 0.000000
f 4327 4039 4038
f 4325 4327 4038
f 4324 4327 4325
v -0.100000 -0.966949 0.053051
v -0.100000 -0.982261 0.120000
v -0.160006 -0.960006 0.059994
f 4328 4329 4330
f 4324 4328 4327
f 4328 4330 4327
f 4330 4039 4327
f 4330 4045 4039
v -0.171771 -0.971771 0.120000
f 4331 4046 4045
f 4330 4331 4045
f 4329 4331 4330
v -0.100000 -0.988180 0.151820
v -0.100000 -1.002155 0.240000
v -0.178506 -0.978506 0.161494
f 4332 4333 4334
f 4329 4332 4331
f 4332 4334 4331
f 4334 4046 4331
f 4334 4050 4046
v -0.189167 -0.989167 0.240000
f 4335 4051 4050
f 4334 4335 4050
f 4333 4335 4334
v -0.100000 -1.003823 0.256177
v -0.100000 -1.012988 0.360000
v -0.191713 -0.991713 0.268287
f 4336 4337 4338
f 4333 4336 4335
f 4336 4338 4335
f 4338 4051 4335
f 4338 4054 4051
v -0.198648 -0.998648 0.360000
f 4339 4055 4054
f 4338 4339 4054
f 4337 4339 4338
v -0.100000 -1.013129 0.366871
v -0.100000 -1.015135 0.480000
v -0.199024 -0.999024 0.380976
f 4340 4341 4342
f 4337 4340 4339
f 4340 4342 4339
f 4342 4055 4339
f 4342 4058 4055
v -0.200528 -1.000528 0.480000
f 4343 4059 4058
f 4342 4343 4058
f 4341 4343 4342
v -0.100000 -1.014818 0.485182
v -0.100000 -1.008674 0.600000
v -0.199427 -0.999427 0.500573
f 4344 4345 4346
f 4341 4344 4343
f 4344 4346 4343
f 4346 4059 4343
f 4346 4062 4059
v -0.194871 -0.994871 0.600000
f 4347 4063 4062
f 4346 4347 4062
f 4345 4347 4346
v -0.100000 -1.006801 0.613199
v -0.100000 -0.993374 0.720000
v -0.191319 -0.991319 0.628681
f 4348 4349 4350
f 4345 4348 4347
f 4348 4350 4347
f 4350 4063 4347
f 4350 4066 4063
v -0.181486 -0.981486 0.720000
f 4351 4067 4066
f 4350 4351 4066
f 4349 4351 4350
v -0.100000 -0.985813 0.754187
v -0.100000 -0.968731 0.840000
v -0.172274 -0.972274 0.767726
f 4352 4353 4354
f 4349 4352 4351
f 4352 4354 4351
f 4354 4067 4351
f 4354 4070 4067
v -0.161011 -0.961011 0.840000
f 4355 4071 4070
f 4354 4355 4070
f 4353 4355 4354
v -0.100000 -0.946852 0.913148
v -0.100000 -0.934036 0.960000
v -0.139688 -0.939688 0.920312
f 4356 4357 4358
f 4353 4356 4355
f 4356 4358 4355
f 4358 4071 4355
f 4358 4074 4071
v -0.138673 -0.938673 0.960000
f 4359 4075 4074
f 4358 4359 4074
f 4357 4359 4358
v -0.100000 -0.900000 1.050569
f 4357 4360 4359
v -0.152633 -0.900000 1.027367
f 4360 4361 4359
f 4361 4075 4359
f 4361 4078 4075
v -0.100000 -0.787662 -0.367662
v -0.100000 -0.791561 -0.360000
v -0.110166 -0.790166 -0.370166
f 4362 4363 4364
v -0.100000 -0.780000 -0.385806
f 4365 4362 4364
v -0.118527 -0.780000 -0.378527
f 4366 4365 4364
v -0.160059 -0.780000 -0.360000
f 4367 4366 4364
v -0.110342 -0.790342 -0.360000
f 4368 4367 4364
f 4363 4368 4364
v -0.100000 -0.832444 -0.292444
v -0.100000 -0.859387 -0.240000
v -0.148857 -0.828857 -0.288857
f 4369 4370 4371
f 4363 4369 4368
f 4369 4371 4368
v -0.205535 -0.780000 -0.345535
f 4372 4367 4368
f 4371 4372 4368
f 4103 4372 4100
f 4372 4371 4100
v -0.167684 -0.847684 -0.240000
f 4373 4101 4100
f 4371 4373 4100
f 4370 4373 4371
v -0.100000 -0.873135 -0.213135
f 4374 4319 4320
v -0.183576 -0.863576 -0.203576
f 4375 4374 4320
f 4370 4374 4373
f 4374 4375 4373
f 4375 4101 4373
f 4375 4106 4101
v -0.213642 -0.893642 -0.120000
f 4376 4107 4106
f 4375 4376 4106
f 4321 4376 4320
f 4376 4375 4320
v -0.215308 -0.895308 -0.115308
f 4377 4321 4326
f 4377 4376 4321
f 4377 4107 4376
f 4377 4110 4107
f 4377 4041 4110
f 4377 4326 4041
v -0.100000 -0.887955 1.080000
f 4360 4378 4361
v -0.200553 -0.880553 1.080000
f 4379 4114 4078
f 4361 4378 4078
f 4378 4379 4078
v -0.100000 -0.874497 1.105503
v -0.100000 -0.827286 1.200000
v -0.181756 -0.861756 1.118244
f 4380 4381 4382
f 4378 4380 4379
f 4380 4382 4379
f 4382 4114 4379
f 4382 4115 4114
v -0.153402 -0.833402 1.200000
f 4383 4116 4115
f 4382 4383 4115
f 4381 4383 4382
v -0.100000 -0.780000 1.276937
f 4381 4384 4383
v -0.162709 -0.780000 1.257291
f 4384 4385 4383
f 4385 4116 4383
f 4385 4118 4116
v -0.100000 -0.727683 -0.547683
v -0.100000 -0.741057 -0.480000
v -0.164976 -0.724976 -0.544976
f 4386 4387 4388
v -0.100000 -0.726552 -0.580000
v -0.138996 -0.724870 -0.580000
f 4389 4386 4390
f 4390 4386 4388
v -0.163801 -0.723801 -0.580000
f 4390 4388 4391
v -0.200000 -0.713775 -0.580000
f 4391 4388 4392
f 4392 4388 4123
f 4392 4123 4125
v -0.169730 -0.729730 -0.480000
f 4393 4124 4123
f 4388 4393 4123
f 4387 4393 4388
v -0.100000 -0.749763 -0.449763
f 4394 4365 4366
v -0.179709 -0.739709 -0.439709
f 4395 4394 4366
f 4387 4394 4393
f 4394 4395 4393
f 4395 4124 4393
f 4395 4127 4124
v -0.209879 -0.769879 -0.360000
f 4396 4128 4127
f 4395 4396 4127
f 4367 4396 4366
f 4396 4395 4366
v -0.213530 -0.773530 -0.353530
f 4397 4367 4372
f 4397 4396 4367
f 4397 4128 4396
f 4397 4131 4128
f 4397 4103 4131
f 4397 4372 4103
v -0.100000 -0.749120 1.320000
f 4384 4398 4385
v -0.174602 -0.734602 1.320000
f 4399 4133 4118
f 4385 4398 4118
f 4398 4399 4118
v -0.100000 -0.660000 1.426025
f 4398 4400 4399
v -0.119264 -0.660000 1.420736
f 4400 4401 4399
f 4401 4133 4399
f 4401 4135 4133
v -0.100000 -0.645270 1.440000
f 4400 4402 4401
v -0.183042 -0.623042 1.440000
f 4403 4137 4135
f 4401 4402 4135
f 4402 4403 4135
v -0.100000 -0.540000 1.529240
f 4402 4404 4403
v -0.140705 -0.540000 1.519295
f 4404 4405 4403
f 4405 4137 4403
f 4405 4139 4137
v -0.100000 -0.489728 1.560000
f 4404 4406 4405
v -0.151039 -0.471039 1.560000
f 4407 4141 4139
f 4405 4406 4139
f 4406 4407 4139
v -0.100000 -0.420000 1.599727
f 4406 4408 4407
v -0.202885 -0.420000 1.577115
f 4408 4409 4407
f 4409 4141 4407
f 4409 4144 4141
v -0.100000 -0.358789 1.621211
v -0.188890 -0.388890 1.591110
f 4410 4411 4409
f 4408 4410 4409
v -0.100000 -0.300000 1.643130
f 4410 4412 4411
v -0.147290 -0.300000 1.632710
f 4412 4413 4411
f 4411 4413 4146
f 4413 4147 4146
f 4144 4411 4146
f 4409 4411 4144
v -0.100000 -0.201297 1.658703
v -0.128844 -0.208844 1.651156
f 4414 4415 4413
f 4412 4414 4413
v -0.100000 -0.180000 1.662354
f 4414 4416 4415
v -0.122641 -0.180000 1.657359
f 4416 4417 4415
f 4415 4417 4149
f 4417 4151 4149
f 4147 4415 4149
f 4413 4415 4147
v -0.100000 -0.080745 1.659255
v -0.126392 -0.086392 1.653608
f 4418 4419 4417
f 4416 4418 4417
v -0.100000 -0.060000 1.658536
f 4418 4420 4419
v -0.127538 -0.060000 1.652462
f 4420 4421 4419
f 4419 4421 4153
f 4421 4155 4153
f 4151 4419 4153
f 4417 4419 4151
v -0.100000 0.020984 1.640984
v -0.147655 0.012345 1.632345
f 4422 4423 4421
f 4420 4422 4421
v -0.100000 0.060000 1.631441
f 4422 4424 4423
v -0.162270 0.060000 1.617730
f 4424 4425 4423
f 4423 4425 4157
f 4425 4159 4157
f 4155 4423 4157
f 4421 4423 4155
v -0.188933 0.180000 1.560000
f 4426 4164 4162
f 4161 4426 4162
v -0.100000 0.111022 1.611022
v -0.181849 0.098151 1.598151
f 4427 4428 4425
f 4424 4427 4425
v -0.100000 0.180000 1.579524
f 4427 4429 4428
f 4428 4429 4161
f 4429 4426 4161
f 4167 4428 4161
f 4159 4428 4167
f 4425 4428 4159
v -0.100000 0.210770 1.560000
v -0.100000 0.265020 1.525020
v -0.141103 0.258897 1.518897
f 4430 4431 4432
v -0.100000 0.300000 1.498744
f 4431 4433 4432
v -0.181021 0.300000 1.478979
f 4433 4434 4432
f 4432 4434 4170
f 4434 4172 4170
f 4164 4432 4170
f 4430 4432 4164
f 4426 4430 4164
v -0.100000 0.192332 1.572332
f 4429 4435 4426
f 4435 4430 4426
v -0.100000 0.363963 1.440000
v -0.100000 0.392689 1.412689
v -0.131803 0.388197 1.408197
f 4436 4437 4438
v -0.100000 0.420000 1.382020
f 4437 4439 4438
v -0.179874 0.420000 1.360126
f 4439 4440 4438
f 4438 4440 4175
f 4440 4177 4175
v -0.176305 0.343695 1.440000
f 4441 4438 4175
f 4174 4441 4175
f 4441 4436 4438
v -0.100000 0.331772 1.471772
v -0.201638 0.318362 1.458362
f 4442 4443 4434
f 4433 4442 4434
f 4443 4442 4441
f 4442 4436 4441
f 4174 4443 4441
f 4178 4443 4174
f 4172 4443 4178
f 4434 4443 4172
v -0.143968 0.540000 1.200000
f 4444 4182 4180
f 4179 4444 4180
v -0.100000 0.468891 1.320000
v -0.100000 0.499146 1.279146
v -0.147161 0.492839 1.272839
f 4445 4446 4447
v -0.100000 0.540000 1.213754
f 4446 4448 4447
f 4447 4448 4179
f 4448 4444 4179
f 4186 4447 4179
v -0.190710 0.449290 1.320000
f 4449 4447 4186
f 4185 4449 4186
f 4449 4445 4447
v -0.100000 0.448396 1.348396
v -0.204750 0.435250 1.335250
f 4450 4451 4440
f 4439 4450 4440
f 4451 4450 4449
f 4450 4445 4449
f 4185 4451 4449
f 4188 4451 4185
f 4177 4451 4188
f 4440 4451 4177
v -0.100000 0.653225 -0.120000
v -0.100000 0.654718 -0.125282
v -0.106728 0.653272 -0.126728
f 4452 4453 4454
v -0.100000 0.660000 -0.137293
f 4453 4455 4454
v -0.135653 0.660000 -0.155653
f 4455 4456 4454
f 4454 4456 4191
f 4456 4193 4191
v -0.108629 0.651371 -0.120000
f 4457 4454 4191
f 4190 4457 4191
f 4457 4452 4454
v -0.100000 0.660000 -0.081588
f 4458 4452 4457
v -0.138903 0.660000 -0.038903
f 4190 4459 4457
f 4459 4458 4457
v -0.181565 0.660000 0.000000
f 4196 4460 4190
f 4460 4459 4190
f 4195 4460 4196
v -0.205304 0.660000 0.014696
f 4461 4460 4195
f 4199 4461 4195
v -0.100000 0.654275 0.960000
v -0.100000 0.655748 0.955748
v -0.104963 0.655037 0.955037
f 4462 4463 4464
v -0.100000 0.660000 0.941096
f 4463 4465 4464
v -0.142541 0.660000 0.917459
f 4465 4466 4464
f 4464 4466 4205
f 4466 4207 4205
v -0.107016 0.652984 0.960000
f 4467 4464 4205
f 4204 4467 4205
f 4467 4462 4464
v -0.100000 0.607551 1.080000
v -0.100000 0.623510 1.043510
v -0.142158 0.617842 1.037842
f 4468 4469 4470
f 4470 4469 4467
f 4469 4462 4467
f 4204 4470 4467
f 4210 4470 4204
v -0.164200 0.595800 1.080000
f 4471 4470 4210
f 4209 4471 4210
f 4471 4468 4470
v -0.100000 0.548008 1.200000
v -0.100000 0.586669 1.126669
v -0.183947 0.576053 1.116053
f 4472 4473 4474
f 4474 4473 4471
f 4473 4468 4471
f 4209 4474 4471
f 4213 4474 4209
f 4182 4474 4213
f 4472 4474 4182
f 4444 4472 4182
v -0.100000 0.545243 1.205243
f 4448 4475 4444
f 4475 4472 4444
v -0.100000 0.734720 -0.240000
v -0.100000 0.762460 -0.257540
v -0.120307 0.759693 -0.260307
f 4476 4477 4478
v -0.100000 0.780000 -0.261637
f 4477 4479 4478
v -0.125290 0.780000 -0.265290
f 4479 4480 4478
f 4478 4480 4216
f 4480 4218 4216
v -0.172407 0.707593 -0.240000
f 4481 4478 4216
f 4215 4481 4216
f 4481 4476 4478
v -0.100000 0.690587 -0.209413
v -0.205609 0.674391 -0.225609
f 4482 4483 4456
f 4455 4482 4456
f 4483 4482 4481
f 4482 4476 4481
f 4215 4483 4481
f 4220 4483 4215
f 4193 4483 4220
f 4456 4483 4193
v -0.100000 0.672892 0.000000
f 4484 4458 4459
f 4460 4484 4459
v -0.100000 0.702266 0.120000
v -0.100000 0.676643 0.016643
f 4485 4486 4461
f 4486 4460 4461
f 4486 4484 4460
v -0.192384 0.687616 0.120000
f 4221 4487 4199
f 4487 4485 4199
f 4485 4461 4199
v -0.100000 0.722117 0.240000
v -0.100000 0.710016 0.170016
v -0.186150 0.693850 0.153850
f 4488 4489 4490
f 4490 4489 4487
f 4489 4485 4487
f 4221 4490 4487
f 4223 4490 4221
v -0.168823 0.711177 0.240000
f 4491 4490 4223
f 4222 4491 4223
f 4491 4488 4490
v -0.100000 0.732964 0.360000
v -0.100000 0.727926 0.307926
v -0.163031 0.716969 0.296969
f 4492 4493 4494
f 4494 4493 4491
f 4493 4488 4491
f 4222 4494 4491
f 4226 4494 4222
v -0.155942 0.724058 0.360000
f 4495 4494 4226
f 4225 4495 4226
f 4495 4492 4494
v -0.100000 0.735117 0.480000
v -0.100000 0.734226 0.434226
v -0.154620 0.725380 0.425380
f 4496 4497 4498
f 4498 4497 4495
f 4497 4492 4495
f 4225 4498 4495
f 4230 4498 4225
v -0.153384 0.726616 0.480000
f 4499 4498 4230
f 4229 4499 4230
f 4499 4496 4498
v -0.100000 0.728641 0.600000
v -0.100000 0.731488 0.551488
v -0.157178 0.722822 0.542822
f 4500 4501 4502
f 4502 4501 4499
f 4501 4496 4499
f 4229 4502 4499
f 4234 4502 4229
v -0.161076 0.718924 0.600000
f 4503 4502 4234
f 4233 4503 4234
f 4503 4500 4502
v -0.100000 0.713345 0.720000
v -0.100000 0.721392 0.661392
v -0.168331 0.711669 0.651669
f 4504 4505 4506
f 4506 4505 4503
f 4505 4500 4503
f 4233 4506 4503
f 4238 4506 4233
v -0.179236 0.700764 0.720000
f 4507 4506 4238
f 4237 4507 4238
f 4507 4504 4506
v -0.100000 0.688808 0.840000
v -0.100000 0.705009 0.765009
v -0.186592 0.693408 0.753408
f 4508 4509 4510
f 4510 4509 4507
f 4509 4504 4507
f 4237 4510 4507
f 4242 4510 4237
v -0.208346 0.671654 0.840000
f 4511 4510 4242
f 4241 4511 4242
f 4511 4508 4510
v -0.100000 0.683000 0.863000
v -0.211036 0.668964 0.848964
f 4512 4513 4466
f 4465 4512 4466
f 4513 4512 4511
f 4512 4508 4511
f 4241 4513 4511
f 4244 4513 4241
f 4207 4513 4244
f 4466 4513 4207
v -0.100000 0.855677 -0.284323
v -0.149865 0.850135 -0.289865
f 4514 4515 4480
f 4479 4514 4480
v -0.100000 0.900000 -0.298085
f 4514 4516 4515
v -0.167499 0.900000 -0.307499
f 4516 4517 4515
f 4515 4517 4245
f 4517 4247 4245
f 4218 4515 4245
f 4480 4515 4218
v -0.177365 1.020000 -0.360000
f 4518 4252 4250
f 4249 4518 4250
v -0.100000 0.944840 -0.315160
v -0.183605 0.936395 -0.323605
f 4519 4520 4517
f 4516 4519 4517
v -0.100000 1.020000 -0.349272
f 4519 4521 4520
f 4520 4521 4249
f 4521 4518 4249
f 4255 4520 4249
f 4247 4520 4255
f 4517 4520 4247
v -0.100000 1.039136 -0.360000
v -0.100000 1.102832 -0.397168
v -0.141451 1.098549 -0.401451
f 4522 4523 4524
v -0.100000 1.140000 -0.423517
f 4523 4525 4524
v -0.175826 1.140000 -0.435826
f 4525 4526 4524
f 4524 4526 4261
f 4526 4263 4261
f 4252 4524 4261
f 4522 4524 4252
f 4518 4522 4252
v -0.100000 1.027143 -0.352857
f 4521 4527 4518
f 4527 4522 4518
v -0.172985 1.154692 -1.752985
v -0.100000 1.253434 -1.680000
v -0.100000 1.163901 -1.756412
f 4528 4529 4530
v -0.108230 1.251770 -1.680000
f 4266 4265 4531
v -0.211992 1.148008 -1.751942
f 4266 4531 4532
f 4532 4531 4529
v -0.211494 1.148041 -1.752001
f 4532 4529 4533
f 4533 4529 4528
v -0.100000 1.260000 -1.673145
f 4534 4529 4531
v -0.194914 1.260000 -1.654914
f 4265 4535 4531
f 4535 4534 4531
f 4268 4535 4265
v -0.100000 1.210138 -0.480000
v -0.100000 1.236732 -0.503268
v -0.126000 1.234000 -0.506000
f 4536 4537 4538
v -0.100000 1.260000 -0.528163
f 4537 4539 4538
v -0.159855 1.260000 -0.539855
f 4539 4540 4538
f 4538 4540 4271
f 4540 4273 4271
v -0.162451 1.197549 -0.480000
f 4541 4538 4271
f 4270 4541 4271
f 4541 4536 4538
v -0.100000 1.172691 -0.447309
v -0.196363 1.163637 -0.456363
f 4542 4543 4526
f 4525 4542 4526
f 4543 4542 4541
f 4542 4536 4541
f 4270 4543 4541
f 4276 4543 4270
f 4263 4543 4276
f 4526 4543 4263
v -0.100000 1.351946 -1.560000
f 4544 4534 4535
v -0.133830 1.346170 -1.560000
f 4278 4545 4268
f 4545 4544 4268
f 4544 4535 4268
v -0.100000 1.380000 -1.513654
f 4546 4544 4545
v -0.158789 1.380000 -1.498789
f 4278 4547 4545
f 4547 4546 4545
f 4280 4547 4278
v -0.100000 1.322636 -0.600000
v -0.100000 1.347213 -0.632787
v -0.136676 1.343324 -0.636676
f 4548 4549 4550
v -0.100000 1.380000 -0.685773
f 4549 4551 4550
v -0.213725 1.380000 -0.713725
f 4551 4552 4550
f 4550 4552 4286
f 4552 4288 4286
v -0.169140 1.310860 -0.600000
f 4553 4550 4286
f 4285 4553 4286
f 4553 4548 4550
v -0.100000 1.294966 -0.565034
v -0.193968 1.286032 -0.573968
f 4554 4555 4540
f 4539 4554 4540
f 4555 4554 4553
f 4554 4548 4553
f 4285 4555 4553
f 4290 4555 4285
f 4273 4555 4290
f 4540 4555 4273
v -0.100000 1.420275 -1.440000
f 4556 4546 4547
v -0.193522 1.406478 -1.440000
f 4292 4557 4280
f 4557 4556 4280
f 4556 4547 4280
v -0.100000 1.465011 -1.320000
v -0.100000 1.442841 -1.377159
v -0.174249 1.425751 -1.394249
f 4558 4559 4560
f 4560 4559 4557
f 4559 4556 4557
f 4292 4560 4557
f 4294 4560 4292
v -0.141080 1.458920 -1.320000
f 4561 4560 4294
f 4293 4561 4294
f 4561 4558 4560
v -0.100000 1.489612 -1.200000
v -0.100000 1.486601 -1.213399
v -0.116460 1.483540 -1.216460
f 4562 4563 4564
f 4564 4563 4561
f 4563 4558 4561
f 4293 4564 4561
f 4297 4564 4293
v -0.112203 1.487797 -1.200000
f 4565 4564 4297
f 4296 4565 4297
f 4565 4562 4564
v -0.100000 1.496277 -1.080000
v -0.100000 1.496051 -1.083949
v -0.104687 1.495313 -1.084687
f 4566 4567 4568
f 4568 4567 4565
f 4567 4562 4565
f 4296 4568 4565
f 4301 4568 4296
v -0.104378 1.495622 -1.080000
f 4569 4568 4301
f 4300 4569 4301
f 4569 4566 4568
v -0.100000 1.485865 -0.960000
v -0.100000 1.487353 -0.972647
v -0.114675 1.485325 -0.974675
f 4570 4571 4572
f 4572 4571 4569
f 4571 4566 4569
f 4300 4572 4569
f 4305 4572 4300
v -0.116668 1.483332 -0.960000
f 4573 4572 4305
f 4304 4573 4305
f 4573 4570 4572
v -0.100000 1.452691 -0.840000
v -0.100000 1.463341 -0.876659
v -0.141642 1.458358 -0.881642
f 4574 4575 4576
f 4576 4575 4573
f 4575 4570 4573
f 4304 4576 4573
f 4309 4576 4304
v -0.155563 1.444437 -0.840000
f 4577 4576 4309
f 4308 4577 4309
f 4577 4574 4576
v -0.100000 1.400505 -0.720000
v -0.100000 1.432050 -0.787950
v -0.176038 1.423962 -0.796038
f 4578 4579 4580
f 4580 4579 4577
f 4579 4574 4577
f 4308 4580 4577
f 4313 4580 4308
v -0.216675 1.383325 -0.720000
f 4581 4580 4313
f 4312 4581 4313
f 4581 4578 4580
v -0.100000 1.393326 -0.706674
v -0.217962 1.382038 -0.717962
f 4582 4583 4552
f 4551 4582 4552
f 4583 4582 4581
f 4582 4578 4581
f 4312 4583 4581
f 4315 4583 4312
f 4288 4583 4315
f 4552 4583 4288
v 0.020000 -0.912850 -0.132850
v 0.020000 -0.917606 -0.120000
v 0.007476 -0.912524 -0.132524
f 4584 4585 4586
v 0.020000 -0.900000 -0.162537
f 4587 4584 4586
v -0.018819 -0.900000 -0.158819
f 4588 4587 4586
f 4319 4588 4316
f 4588 4586 4316
v 0.003024 -0.916976 -0.120000
f 4589 4317 4316
f 4586 4589 4316
f 4585 4589 4586
v 0.020000 -0.944227 -0.044227
v 0.020000 -0.957453 0.000000
v -0.023045 -0.943045 -0.043045
f 4590 4591 4592
f 4585 4590 4589
f 4590 4592 4589
f 4592 4317 4589
f 4592 4323 4317
v -0.035407 -0.955407 0.000000
f 4593 4324 4323
f 4592 4593 4323
f 4591 4593 4592
v 0.020000 -0.970712 0.049288
v 0.020000 -0.986872 0.120000
v -0.048714 -0.968714 0.051286
f 4594 4595 4596
f 4591 4594 4593
f 4594 4596 4593
f 4596 4324 4593
f 4596 4328 4324
v -0.063791 -0.983791 0.120000
f 4597 4329 4328
f 4596 4597 4328
f 4595 4597 4596
v 0.020000 -0.992072 0.147928
v 0.020000 -1.006651 0.240000
v -0.069305 -0.989305 0.150695
f 4598 4599 4600
f 4595 4598 4597
f 4598 4600 4597
f 4600 4329 4597
f 4600 4332 4329
v -0.082881 -1.002881 0.240000
f 4601 4333 4332
f 4600 4601 4332
f 4599 4601 4600
v 0.020000 -1.007901 0.252099
v 0.020000 -1.017417 0.360000
v -0.084432 -1.004432 0.255568
f 4602 4603 4604
f 4599 4602 4601
f 4602 4604 4601
f 4604 4333 4601
f 4604 4336 4333
v -0.093274 -1.013274 0.360000
f 4605 4337 4336
f 4604 4605 4336
f 4603 4605 4604
v 0.020000 -1.017469 0.362531
v 0.020000 -1.019551 0.480000
v -0.093405 -1.013405 0.366595
f 4606 4607 4608
f 4603 4606 4605
f 4606 4608 4605
f 4608 4337 4605
f 4608 4340 4337
v -0.095334 -1.015334 0.480000
f 4609 4341 4340
f 4608 4609 4340
f 4607 4609 4608
v 0.020000 -1.019521 0.480479
v 0.020000 -1.013131 0.600000
v -0.095040 -1.015040 0.484960
f 4610 4611 4612
f 4607 4610 4609
f 4610 4612 4609
f 4612 4341 4609
f 4612 4344 4341
v -0.089136 -1.009136 0.600000
f 4613 4345 4344
f 4612 4613 4344
f 4611 4613 4612
v 0.020000 -1.011994 0.608006
v 0.020000 -0.997923 0.720000
v -0.087411 -1.007411 0.612589
f 4614 4615 4616
f 4611 4614 4613
f 4614 4616 4613
f 4616 4345 4613
f 4616 4348 4345
v -0.074456 -0.994456 0.720000
f 4617 4349 4348
f 4616 4617 4348
f 4615 4617 4616
v 0.020000 -0.991648 0.748352
v 0.020000 -0.973414 0.840000
v -0.067523 -0.987523 0.752477
f 4618 4619 4620
f 4615 4618 4617
f 4618 4620 4617
f 4620 4349 4617
f 4620 4352 4349
v -0.050806 -0.970806 0.840000
f 4621 4353 4352
f 4620 4621 4352
f 4619 4621 4620
v 0.020000 -0.953520 0.906480
v 0.020000 -0.938886 0.960000
v -0.030847 -0.950847 0.909153
f 4622 4623 4624
f 4619 4622 4621
f 4622 4624 4621
f 4624 4353 4621
f 4624 4356 4353
v -0.017498 -0.937498 0.960000
f 4625 4357 4356
f 4624 4625 4356
f 4623 4625 4624
v 0.020000 -0.900000 1.063436
f 4623 4626 4625
v 0.001366 -0.900000 1.061366
f 4626 4627 4625
f 4627 4357 4625
f 4627 4360 4357
v 0.020000 -0.791481 -0.371481
v 0.020000 -0.797340 -0.360000
v 0.008814 -0.791186 -0.371186
f 4628 4629 4630
v 0.020000 -0.780000 -0.399210
f 4631 4628 4630
v -0.015071 -0.780000 -0.395071
f 4632 4631 4630
f 4365 4632 4362
f 4632 4630 4362
v 0.003387 -0.796613 -0.360000
f 4633 4363 4362
f 4630 4633 4362
f 4629 4633 4630
v 0.020000 -0.836048 -0.296048
v 0.020000 -0.864818 -0.240000
v -0.034561 -0.834561 -0.294561
f 4634 4635 4636
f 4629 4634 4633
f 4634 4636 4633
f 4636 4363 4633
f 4636 4369 4363
v -0.061282 -0.861282 -0.240000
f 4637 4370 4369
f 4636 4637 4369
f 4635 4637 4636
v 0.020000 -0.876736 -0.216736
f 4638 4587 4588
v -0.074031 -0.874031 -0.214031
f 4639 4638 4588
f 4635 4638 4637
f 4638 4639 4637
f 4639 4370 4637
f 4639 4374 4370
f 4639 4319 4374
f 4639 4588 4319
v 0.020000 -0.893224 1.080000
f 4626 4640 4627
v -0.088519 -0.888519 1.080000
f 4641 4378 4360
f 4627 4640 4360
f 4640 4641 4360
v 0.020000 -0.885647 1.094353
v 0.020000 -0.832880 1.200000
v -0.076762 -0.876762 1.103238
f 4642 4643 4644
f 4640 4642 4641
f 4642 4644 4641
f 4644 4378 4641
f 4644 4380 4378
v -0.030669 -0.830669 1.200000
f 4645 4381 4380
f 4644 4645 4380
f 4643 4645 4644
v 0.020000 -0.780000 1.286021
f 4643 4646 4645
v -0.016893 -0.780000 1.283107
f 4646 4647 4645
f 4647 4381 4645
f 4647 4384 4381
v 0.020000 -0.733259 -0.553259
v 0.020000 -0.747209 -0.480000
v -0.050135 -0.730135 -0.550135
f 4648 4649 4650
v 0.020000 -0.732521 -0.580000
v -0.019372 -0.730719 -0.580000
f 4651 4648 4652
f 4652 4648 4650
v -0.049347 -0.729347 -0.580000
f 4652 4650 4653
v -0.080000 -0.727570 -0.580000
f 4653 4650 4654
f 4654 4650 4386
f 4654 4386 4389
v -0.063223 -0.743223 -0.480000
f 4655 4387 4386
f 4650 4655 4386
f 4649 4655 4650
v 0.020000 -0.754347 -0.454347
f 4656 4631 4632
v -0.070939 -0.750939 -0.450939
f 4657 4656 4632
f 4649 4656 4655
f 4656 4657 4655
f 4657 4387 4655
f 4657 4394 4387
f 4657 4365 4394
f 4657 4632 4365
v 0.020000 -0.755638 1.320000
f 4646 4658 4647
v -0.070828 -0.750828 1.320000
f 4659 4398 4384
f 4647 4658 4384
f 4658 4659 4384
v 0.020000 -0.660000 1.433770
f 4658 4660 4659
v 0.013307 -0.660000 1.433307
f 4660 4661 4659
f 4661 4398 4659
f 4661 4400 4398
v 0.020000 -0.653433 1.440000
f 4660 4662 4661
v -0.086273 -0.646273 1.440000
f 4663 4402 4400
f 4661 4662 4400
f 4662 4663 4400
v 0.020000 -0.540000 1.536167
f 4662 4664 4663
v -0.005399 -0.540000 1.534601
f 4664 4665 4663
f 4665 4402 4663
f 4665 4404 4402
v 0.020000 -0.501041 1.560000
f 4664 4666 4665
v -0.054203 -0.494203 1.560000
f 4667 4406 4404
f 4665 4666 4404
f 4666 4667 4404
v 0.020000 -0.420000 1.606181
f 4666 4668 4667
v -0.058148 -0.420000 1.601852
f 4668 4669 4667
f 4669 4406 4667
f 4669 4408 4406
v 0.020000 -0.348855 1.631145
v -0.033414 -0.353414 1.626586
f 4670 4671 4669
f 4668 4670 4669
v 0.020000 -0.300000 1.649367
f 4670 4672 4671
v -0.012436 -0.300000 1.647564
f 4672 4673 4671
f 4671 4673 4410
f 4673 4412 4410
f 4408 4671 4410
f 4669 4671 4408
v 0.020000 -0.193901 1.666099
v 0.005116 -0.194884 1.665116
f 4674 4675 4673
f 4672 4674 4673
v 0.020000 -0.180000 1.668483
f 4674 4676 4675
v 0.007804 -0.180000 1.667804
f 4676 4677 4675
f 4675 4677 4414
f 4677 4416 4414
f 4412 4675 4414
f 4673 4675 4412
v 0.020000 -0.074800 1.665200
v 0.004356 -0.075644 1.664356
f 4678 4679 4677
f 4676 4678 4677
v 0.020000 -0.060000 1.664687
f 4678 4680 4679
v 0.003784 -0.060000 1.663784
f 4680 4681 4679
f 4679 4681 4418
f 4681 4420 4418
f 4416 4679 4418
f 4677 4679 4416
v 0.020000 0.026049 1.646049
v -0.015579 0.024421 1.644421
f 4682 4683 4681
f 4680 4682 4681
v 0.020000 0.060000 1.637739
f 4682 4684 4683
v -0.024746 0.060000 1.635254
f 4684 4685 4683
f 4683 4685 4422
f 4685 4424 4422
f 4420 4683 4422
f 4681 4683 4420
v 0.020000 0.115530 1.615530
v -0.047133 0.112867 1.612867
f 4686 4687 4685
f 4684 4686 4685
v 0.020000 0.180000 1.586071
f 4686 4688 4687
v -0.079430 0.180000 1.580570
f 4688 4689 4687
f 4687 4689 4427
f 4689 4429 4427
f 4424 4687 4427
f 4685 4687 4424
v 0.020000 0.221081 1.560000
v 0.020000 0.269077 1.529077
v -0.012131 0.267869 1.527869
f 4690 4691 4692
v 0.020000 0.300000 1.505830
f 4691 4693 4692
v -0.037720 0.300000 1.502280
f 4693 4694 4692
f 4692 4694 4431
f 4694 4433 4431
v -0.066456 0.213544 1.560000
f 4695 4692 4431
f 4430 4695 4431
f 4695 4690 4692
v 0.020000 0.196470 1.576470
v -0.087279 0.192721 1.572721
f 4696 4697 4689
f 4688 4696 4689
f 4697 4696 4695
f 4696 4690 4695
f 4430 4697 4695
f 4435 4697 4430
f 4429 4697 4435
f 4689 4697 4429
v 0.020000 0.371676 1.440000
v 0.020000 0.396459 1.416459
v -0.004412 0.395588 1.415588
f 4698 4699 4700
v 0.020000 0.420000 1.390000
f 4699 4701 4700
v -0.033712 0.420000 1.386288
f 4701 4702 4700
f 4700 4702 4437
f 4702 4439 4437
v -0.031792 0.368208 1.440000
f 4703 4700 4437
f 4436 4703 4437
f 4703 4698 4700
v 0.020000 0.335616 1.475616
v -0.067288 0.332712 1.472712
f 4704 4705 4694
f 4693 4704 4694
f 4705 4704 4703
f 4704 4698 4703
f 4436 4705 4703
f 4442 4705 4436
f 4433 4705 4442
f 4694 4705 4433
v 0.020000 0.475187 1.320000
v 0.020000 0.502778 1.282778
v -0.018523 0.501477 1.281477
f 4706 4707 4708
v 0.020000 0.540000 1.223146
f 4707 4709 4708
v -0.085141 0.540000 1.214859
f 4709 4710 4708
f 4708 4710 4446
f 4710 4448 4446
v -0.048547 0.471453 1.320000
f 4711 4708 4446
f 4445 4711 4446
f 4711 4706 4708
v 0.020000 0.452062 1.352062
v -0.070812 0.449188 1.349188
f 4712 4713 4702
f 4701 4712 4702
f 4713 4712 4711
f 4712 4706 4711
f 4445 4713 4711
f 4450 4713 4445
f 4439 4713 4450
f 4702 4713 4439
v 0.020000 0.659155 -0.120000
v 0.020000 0.659349 -0.120651
v 0.019311 0.659311 -0.120689
f 4714 4715 4716
v 0.020000 0.660000 -0.122152
f 4715 4717 4716
v 0.017518 0.660000 -0.122482
f 4717 4718 4716
f 4716 4718 4453
f 4718 4455 4453
v 0.019106 0.659106 -0.120000
f 4719 4716 4453
f 4452 4719 4453
f 4719 4714 4716
v 0.020000 0.660000 -0.115050
f 4720 4714 4719
v -0.069351 0.660000 -0.089351
f 4452 4721 4719
f 4721 4720 4719
f 4458 4721 4452
v 0.020000 0.659207 0.960000
v 0.020000 0.659411 0.959411
v 0.019389 0.659389 0.959389
f 4722 4723 4724
v 0.020000 0.660000 0.957379
f 4723 4725 4724
v 0.016952 0.660000 0.956952
f 4725 4726 4724
f 4724 4726 4463
f 4726 4465 4463
v 0.019168 0.659168 0.960000
f 4727 4724 4463
f 4462 4727 4463
f 4727 4722 4724
v 0.020000 0.612747 1.080000
v 0.020000 0.627134 1.047134
v -0.014021 0.625979 1.045979
f 4728 4729 4730
f 4730 4729 4727
f 4729 4722 4727
f 4462 4730 4727
f 4469 4730 4462
v -0.029540 0.610460 1.080000
f 4731 4730 4469
f 4468 4731 4469
f 4731 4728 4730
v 0.020000 0.553478 1.200000
v 0.020000 0.590271 1.130271
v -0.052027 0.587973 1.127973
f 4732 4733 4734
f 4734 4733 4731
f 4733 4728 4731
f 4468 4734 4731
f 4473 4734 4468
v -0.091645 0.548355 1.200000
f 4735 4734 4473
f 4472 4735 4473
f 4735 4732 4734
v 0.020000 0.548826 1.208826
v -0.094618 0.545382 1.205382
f 4736 4737 4710
f 4709 4736 4710
f 4737 4736 4735
f 4736 4732 4735
f 4472 4737 4735
f 4475 4737 4472
f 4448 4737 4475
f 4710 4737 4448
v 0.020000 0.744314 -0.240000
v 0.020000 0.765934 -0.254066
v 0.005425 0.765425 -0.254575
f 4738 4739 4740
v 0.020000 0.780000 -0.257441
f 4739 4741 4740
v 0.001898 0.780000 -0.258102
f 4741 4742 4740
f 4740 4742 4477
f 4742 4479 4477
v -0.019431 0.740569 -0.240000
f 4743 4740 4477
f 4476 4743 4477
f 4743 4738 4740
v 0.020000 0.695039 -0.204961
v -0.068453 0.691547 -0.208453
f 4744 4745 4718
f 4717 4744 4718
f 4745 4744 4743
f 4744 4738 4743
f 4476 4745 4743
f 4482 4745 4476
f 4455 4745 4482
f 4718 4745 4455
v 0.020000 0.677614 0.000000
f 4746 4720 4721
v -0.086634 0.673366 0.000000
f 4484 4747 4458
f 4747 4746 4458
f 4746 4721 4458
v 0.020000 0.706860 0.120000
v 0.020000 0.682736 0.022736
v -0.082536 0.677464 0.017464
f 4748 4749 4750
f 4750 4749 4747
f 4749 4746 4747
f 4484 4750 4747
f 4486 4750 4484
v -0.056187 0.703813 0.120000
f 4751 4750 4486
f 4485 4751 4486
f 4751 4748 4750
v 0.020000 0.726616 0.240000
v 0.020000 0.715447 0.175447
v -0.047759 0.712241 0.172241
f 4752 4753 4754
f 4754 4753 4751
f 4753 4748 4751
f 4485 4754 4751
f 4489 4754 4485
v -0.035614 0.724386 0.240000
f 4755 4754 4489
f 4488 4755 4489
f 4755 4752 4754
v 0.020000 0.737407 0.360000
v 0.020000 0.732841 0.312841
v -0.029322 0.730678 0.310678
f 4756 4757 4758
f 4758 4757 4755
f 4757 4752 4755
f 4488 4758 4755
f 4493 4758 4488
v -0.024376 0.735624 0.360000
f 4759 4758 4493
f 4492 4759 4493
f 4759 4756 4758
v 0.020000 0.739549 0.480000
v 0.020000 0.738745 0.438745
v -0.023013 0.736987 0.436987
f 4760 4761 4762
f 4762 4761 4759
f 4761 4756 4759
f 4492 4762 4759
f 4497 4762 4492
v -0.022145 0.737855 0.480000
f 4763 4762 4497
f 4496 4763 4497
f 4763 4760 4762
v 0.020000 0.733107 0.600000
v 0.020000 0.735708 0.555708
v -0.026054 0.733946 0.553946
f 4764 4765 4766
f 4766 4765 4763
f 4765 4760 4763
f 4496 4766 4763
f 4501 4766 4496
v -0.028854 0.731146 0.600000
f 4767 4766 4501
f 4500 4767 4501
f 4767 4764 4766
v 0.020000 0.717887 0.720000
v 0.020000 0.725391 0.665391
v -0.036643 0.723357 0.663357
f 4768 4769 4770
f 4770 4769 4767
f 4769 4764 4767
f 4500 4770 4767
f 4505 4770 4500
v -0.044704 0.715296 0.720000
f 4771 4770 4505
f 4504 4771 4505
f 4771 4768 4770
v 0.020000 0.693462 0.840000
v 0.020000 0.708846 0.768846
v -0.053643 0.706357 0.766357
f 4772 4773 4774
f 4774 4773 4771
f 4773 4768 4771
f 4504 4774 4771
f 4509 4774 4504
v -0.070136 0.689864 0.840000
f 4775 4774 4509
f 4508 4775 4509
f 4775 4772 4774
v 0.020000 0.686720 0.866720
v -0.076351 0.683649 0.863649
f 4776 4777 4726
f 4725 4776 4726
f 4777 4776 4775
f 4776 4772 4775
f 4508 4777 4775
f 4512 4777 4508
f 4465 4777 4512
f 4726 4777 4465
v 0.020000 0.858699 -0.281301
v -0.022492 0.857508 -0.282492
f 4778 4779 4742
f 4741 4778 4742
v 0.020000 0.900000 -0.294136
f 4778 4780 4779
v -0.036107 0.900000 -0.296107
f 4780 4781 4779
f 4779 4781 4514
f 4781 4516 4514
f 4479 4779 4514
f 4742 4779 4479
v 0.020000 0.947709 -0.312291
v -0.054179 0.945821 -0.314179
f 4782 4783 4781
f 4780 4782 4781
v 0.020000 1.020000 -0.345125
f 4782 4784 4783
v -0.088927 1.020000 -0.348927
f 4784 4785 4783
f 4783 4785 4519
f 4785 4521 4519
f 4516 4783 4519
f 4781 4783 4516
v 0.020000 1.046529 -0.360000
v 0.020000 1.105575 -0.394425
v -0.015346 1.104654 -0.395346
f 4786 4787 4788
v 0.020000 1.140000 -0.418852
f 4787 4789 4788
v -0.041360 1.140000 -0.421360
f 4789 4790 4788
f 4788 4790 4523
f 4790 4525 4523
v -0.079677 1.040323 -0.360000
f 4791 4788 4523
f 4522 4791 4523
f 4791 4786 4788
v 0.020000 1.029907 -0.350093
v -0.092713 1.027287 -0.352713
f 4792 4793 4785
f 4784 4792 4785
f 4793 4792 4791
f 4792 4786 4791
f 4522 4793 4791
f 4527 4793 4522
f 4521 4793 4527
f 4785 4793 4521
v -0.056328 1.166111 -1.756328
v 0.020000 1.259016 -1.680000
v 0.020000 1.168065 -1.757629
f 4794 4795 4796
v 0.018963 1.258963 -1.680000
f 4530 4529 4797
v -0.075300 1.164700 -1.756710
f 4530 4797 4798
f 4798 4797 4795
v -0.075101 1.164695 -1.756723
f 4798 4795 4799
f 4799 4795 4794
v 0.020000 1.260000 -1.678973
f 4800 4795 4797
v -0.093491 1.260000 -1.673491
f 4529 4801 4797
f 4801 4800 4797
f 4534 4801 4529
v 0.020000 1.215925 -0.480000
v 0.020000 1.239443 -0.500557
v -0.001117 1.238883 -0.501117
f 4802 4803 4804
v 0.020000 1.260000 -0.522572
f 4803 4805 4804
v -0.024775 1.260000 -0.524775
f 4805 4806 4804
f 4804 4806 4537
f 4806 4539 4537
v -0.026433 1.213567 -0.480000
f 4807 4804 4537
f 4536 4807 4537
f 4807 4802 4804
v 0.020000 1.175402 -0.444598
v -0.066649 1.173351 -0.446649
f 4808 4809 4790
f 4789 4808 4790
f 4809 4808 4807
f 4808 4802 4807
f 4536 4809 4807
f 4542 4809 4536
f 4525 4809 4542
f 4790 4809 4525
v 0.020000 1.356691 -1.560000
f 4810 4800 4801
v -0.004357 1.355643 -1.560000
f 4544 4811 4534
f 4811 4810 4534
f 4810 4801 4534
v 0.020000 1.380000 -1.521485
f 4812 4810 4811
v -0.056614 1.380000 -1.516614
f 4544 4813 4811
f 4813 4812 4811
f 4546 4813 4544
v 0.020000 1.327514 -0.600000
v 0.020000 1.350013 -0.629987
v -0.010812 1.349188 -0.630812
f 4814 4815 4816
v 0.020000 1.380000 -0.678492
f 4815 4817 4816
v -0.063668 1.380000 -0.683668
f 4817 4818 4816
f 4816 4818 4549
f 4818 4551 4549
v -0.034838 1.325162 -0.600000
f 4819 4816 4549
f 4548 4819 4549
f 4819 4814 4816
v 0.020000 1.297702 -0.562298
v -0.064318 1.295682 -0.564318
f 4820 4821 4806
f 4805 4820 4806
f 4821 4820 4819
f 4820 4814 4819
f 4548 4821 4819
f 4554 4821 4548
f 4539 4821 4554
f 4806 4821 4539
v 0.020000 1.424567 -1.440000
f 4822 4812 4813
v -0.058344 1.421656 -1.440000
f 4556 4823 4546
f 4823 4822 4546
f 4822 4813 4546
v 0.020000 1.469110 -1.320000
v 0.020000 1.449526 -1.370474
v -0.033580 1.446420 -1.373580
f 4824 4825 4826
f 4826 4825 4823
f 4825 4822 4823
f 4556 4826 4823
f 4559 4826 4556
v -0.012090 1.467910 -1.320000
f 4827 4826 4559
f 4558 4827 4559
f 4827 4824 4826
v 0.020000 1.493588 -1.200000
v 0.020000 1.491728 -1.208272
v 0.011321 1.491321 -1.208679
f 4828 4829 4830
f 4830 4829 4827
f 4829 4824 4827
f 4558 4830 4827
f 4563 4830 4558
v 0.013338 1.493338 -1.200000
f 4831 4830 4563
f 4562 4831 4563
f 4831 4828 4830
v 0.020000 1.499587 -1.080000
v 0.020000 1.499562 -1.080438
v 0.019544 1.499544 -1.080456
f 4832 4833 4834
f 4834 4833 4831
f 4833 4828 4831
f 4562 4834 4831
f 4567 4834 4562
v 0.019571 1.499571 -1.080000
f 4835 4834 4567
f 4566 4835 4567
f 4835 4832 4834
v 0.020000 1.487620 -0.960000
v 0.020000 1.488899 -0.971101
v 0.008506 1.488506 -0.971494
f 4836 4837 4838
f 4838 4837 4835
f 4837 4832 4835
f 4566 4838 4835
f 4571 4838 4566
v 0.007137 1.487137 -0.960000
f 4839 4838 4571
f 4570 4839 4571
f 4839 4836 4838
v 0.020000 1.456596 -0.840000
v 0.020000 1.466346 -0.873654
v -0.014698 1.465302 -0.874698
f 4840 4841 4842
f 4842 4841 4839
f 4841 4836 4839
f 4570 4842 4839
f 4575 4842 4570
v -0.025086 1.454914 -0.840000
f 4843 4842 4575
f 4574 4843 4575
f 4843 4840 4842
v 0.020000 1.404871 -0.720000
v 0.020000 1.435047 -0.784953
v -0.046742 1.433258 -0.786742
f 4844 4845 4846
f 4846 4845 4843
f 4845 4840 4843
f 4574 4846 4843
f 4579 4846 4574
v -0.078791 1.401209 -0.720000
f 4847 4846 4579
f 4578 4847 4579
f 4847 4844 4846
v 0.020000 1.396168 -0.703832
v -0.086396 1.393604 -0.706396
f 4848 4849 4818
f 4817 4848 4818
f 4849 4848 4847
f 4848 4844 4847
f 4578 4849 4847
f 4582 4849 4578
f 4551 4849 4582
f 4818 4849 4551
v 0.140000 -0.905619 -0.125619
v 0.140000 -0.907702 -0.120000
v 0.134070 -0.905930 -0.125930
f 4850 4851 4852
v 0.140000 -0.900000 -0.138620
f 4853 4850 4852
v 0.116927 -0.900000 -0.143073
f 4854 4853 4852
f 4587 4854 4584
f 4854 4852 4584
v 0.131676 -0.908324 -0.120000
f 4855 4585 4584
f 4852 4855 4584
f 4851 4855 4852
v 0.140000 -0.936863 -0.036863
v 0.140000 -0.947903 0.000000
v 0.100979 -0.939021 -0.039021
f 4856 4857 4858
f 4851 4856 4855
f 4856 4858 4855
f 4858 4585 4855
f 4858 4590 4585
v 0.088246 -0.951754 0.000000
f 4859 4591 4590
f 4858 4859 4590
f 4857 4859 4858
v 0.140000 -0.963167 0.056833
v 0.140000 -0.977625 0.120000
v 0.072898 -0.967102 0.052898
f 4860 4861 4862
f 4857 4860 4859
f 4860 4862 4859
f 4862 4591 4859
f 4862 4594 4591
v 0.056160 -0.983840 0.120000
f 4863 4595 4594
f 4862 4863 4594
f 4861 4863 4862
v 0.140000 -0.984266 0.155734
v 0.140000 -0.997631 0.240000
v 0.050115 -0.989885 0.150115
f 4864 4865 4866
f 4861 4864 4863
f 4864 4866 4863
f 4866 4595 4863
f 4866 4598 4595
v 0.034574 -1.005426 0.240000
f 4867 4599 4598
f 4866 4867 4598
f 4865 4867 4866
v 0.140000 -0.999721 0.260279
v 0.140000 -1.008531 0.360000
v 0.033115 -1.006885 0.253115
f 4868 4869 4870
f 4865 4868 4867
f 4868 4870 4867
f 4870 4599 4867
f 4870 4602 4599
v 0.022820 -1.017180 0.360000
f 4871 4603 4602
f 4870 4871 4602
f 4869 4871 4870
v 0.140000 -1.008761 0.371239
v 0.140000 -1.010691 0.480000
v 0.022759 -1.017241 0.362759
f 4872 4873 4874
f 4869 4872 4871
f 4872 4874 4871
f 4874 4603 4871
f 4874 4606 4603
v 0.020491 -1.019509 0.480000
f 4875 4607 4606
f 4874 4875 4606
f 4873 4875 4874
v 0.140000 -1.010084 0.489916
v 0.140000 -1.004190 0.600000
v 0.020526 -1.019474 0.480526
f 4876 4877 4878
f 4873 4876 4875
f 4876 4878 4875
f 4878 4607 4875
f 4878 4610 4607
v 0.027501 -1.012499 0.600000
f 4879 4611 4610
f 4878 4879 4610
f 4877 4879 4878
v 0.140000 -1.001578 0.618422
v 0.140000 -0.988800 0.720000
v 0.028857 -1.011143 0.608857
f 4880 4881 4882
f 4877 4880 4879
f 4880 4882 4879
f 4882 4611 4879
f 4882 4614 4611
v 0.044102 -0.995898 0.720000
f 4883 4615 4614
f 4882 4883 4614
f 4881 4883 4882
v 0.140000 -0.979946 0.760054
v 0.140000 -0.964023 0.840000
v 0.051659 -0.988341 0.751659
f 4884 4885 4886
f 4881 4884 4883
f 4884 4886 4883
f 4886 4615 4883
f 4886 4618 4615
v 0.070841 -0.969159 0.840000
f 4887 4619 4618
f 4886 4887 4618
f 4885 4887 4886
v 0.140000 -0.940153 0.919847
v 0.140000 -0.929428 0.960000
v 0.095090 -0.944910 0.915090
f 4888 4889 4890
f 4885 4888 4887
f 4888 4890 4887
f 4890 4619 4887
f 4890 4622 4619
v 0.108486 -0.931514 0.960000
f 4891 4623 4622
f 4890 4891 4622
f 4889 4891 4890
v 0.140000 -0.900000 1.037634
f 4889 4892 4891
v 0.105384 -0.900000 1.045384
f 4892 4893 4891
f 4893 4623 4891
f 4893 4626 4623
v 0.140000 -0.784021 -0.364021
v 0.140000 -0.785761 -0.360000
v 0.135964 -0.784036 -0.364036
f 4894 4895 4896
v 0.140000 -0.780000 -0.372699
f 4897 4894 4896
v 0.123477 -0.780000 -0.376523
f 4898 4897 4896
f 4631 4898 4628
f 4898 4896 4628
v 0.133683 -0.786317 -0.360000
f 4899 4629 4628
f 4896 4899 4628
f 4895 4899 4896
v 0.140000 -0.828824 -0.288824
v 0.140000 -0.853926 -0.240000
v 0.088339 -0.831661 -0.291661
f 4900 4901 4902
f 4895 4900 4899
f 4900 4902 4899
f 4902 4629 4899
f 4902 4634 4629
v 0.058967 -0.861033 -0.240000
f 4903 4635 4634
f 4902 4903 4634
f 4901 4903 4902
v 0.140000 -0.869513 -0.209513
f 4904 4853 4854
v 0.044972 -0.875028 -0.215028
f 4905 4904 4854
f 4901 4904 4903
f 4904 4905 4903
f 4905 4635 4903
f 4905 4638 4635
f 4905 4587 4638
f 4905 4854 4587
v 0.140000 -0.882654 1.080000
f 4892 4906 4893
v 0.027508 -0.892492 1.080000
f 4907 4640 4626
f 4893 4906 4626
f 4906 4907 4626
v 0.140000 -0.863287 1.116713
v 0.140000 -0.821867 1.200000
v 0.037795 -0.882205 1.097795
f 4908 4909 4910
f 4906 4908 4907
f 4908 4910 4907
f 4910 4640 4907
f 4910 4642 4640
v 0.094317 -0.825683 1.200000
f 4911 4643 4642
f 4910 4911 4642
f 4909 4911 4910
v 0.140000 -0.780000 1.267806
f 4909 4912 4911
v 0.094971 -0.780000 1.274971
f 4912 4913 4911
f 4913 4643 4911
f 4913 4646 4643
v 0.140000 -0.722117 -0.542117
v 0.140000 -0.734835 -0.480000
v 0.071781 -0.728219 -0.548219
f 4914 4915 4916
v 0.140000 -0.720503 -0.580000
v 0.096945 -0.724518 -0.580000
f 4917 4914 4918
f 4918 4914 4916
v 0.073275 -0.726725 -0.580000
f 4918 4916 4919
v 0.040000 -0.730520 -0.580000
f 4919 4916 4920
f 4920 4916 4648
f 4920 4648 4651
v 0.057088 -0.742912 -0.480000
f 4921 4649 4648
f 4916 4921 4648
f 4915 4921 4916
v 0.140000 -0.745190 -0.445190
f 4922 4897 4898
v 0.047895 -0.752105 -0.452105
f 4923 4922 4898
f 4915 4922 4921
f 4922 4923 4921
f 4923 4649 4921
f 4923 4656 4649
f 4923 4631 4656
f 4923 4898 4631
v 0.140000 -0.742567 1.320000
f 4912 4924 4913
v 0.047562 -0.752438 1.320000
f 4925 4658 4646
f 4913 4924 4646
f 4924 4925 4646
v 0.140000 -0.660000 1.418237
f 4924 4926 4925
v 0.120902 -0.660000 1.420902
f 4926 4927 4925
f 4927 4658 4925
f 4927 4660 4658
v 0.140000 -0.637061 1.440000
f 4926 4928 4927
v 0.027680 -0.652320 1.440000
f 4929 4662 4660
f 4927 4928 4660
f 4928 4929 4660
v 0.140000 -0.540000 1.522275
f 4928 4930 4929
v 0.106442 -0.540000 1.526442
f 4930 4931 4929
f 4931 4662 4929
f 4931 4664 4662
v 0.140000 -0.478357 1.560000
f 4930 4932 4931
v 0.068331 -0.491669 1.560000
f 4933 4666 4664
f 4931 4932 4664
f 4932 4933 4664
v 0.140000 -0.420000 1.593242
f 4932 4934 4933
v 0.061951 -0.420000 1.601951
f 4934 4935 4933
f 4935 4666 4933
f 4935 4668 4666
v 0.140000 -0.368773 1.611227
v 0.081318 -0.358682 1.621318
f 4936 4937 4935
f 4934 4936 4935
v 0.140000 -0.300000 1.636861
f 4936 4938 4937
v 0.101206 -0.300000 1.641206
f 4938 4939 4937
f 4937 4939 4670
f 4939 4672 4670
f 4668 4937 4670
f 4935 4937 4668
v 0.140000 -0.208735 1.651265
v 0.114638 -0.205362 1.654638
f 4940 4941 4939
f 4938 4940 4939
v 0.140000 -0.180000 1.656190
f 4940 4942 4941
v 0.118592 -0.180000 1.658592
f 4942 4943 4941
f 4941 4943 4674
f 4943 4676 4674
f 4672 4941 4674
f 4939 4941 4672
v 0.140000 -0.086724 1.653276
v 0.115899 -0.084101 1.655899
f 4944 4945 4943
f 4942 4944 4943
v 0.140000 -0.060000 1.652350
f 4944 4946 4945
v 0.115139 -0.060000 1.655139
f 4946 4947 4945
f 4945 4947 4678
f 4947 4680 4678
f 4676 4945 4678
f 4943 4945 4676
v 0.140000 0.015892 1.635892
v 0.099615 0.019615 1.639615
f 4948 4949 4947
f 4946 4948 4947
v 0.140000 0.060000 1.625110
f 4948 4950 4949
v 0.090633 0.060000 1.630633
f 4950 4951 4949
f 4949 4951 4682
f 4951 4684 4682
f 4680 4949 4682
f 4947 4949 4680
v 0.140000 0.106492 1.606492
v 0.071931 0.111931 1.611931
f 4952 4953 4951
f 4950 4952 4951
v 0.140000 0.180000 1.572949
f 4952 4954 4953
v 0.043680 0.180000 1.583680
f 4954 4955 4953
f 4953 4955 4686
f 4955 4688 4686
f 4684 4953 4686
f 4951 4953 4684
v 0.140000 0.200410 1.560000
v 0.140000 0.260940 1.520940
v 0.103692 0.263692 1.523692
f 4956 4957 4958
v 0.140000 0.300000 1.491623
f 4957 4959 4958
v 0.079161 0.300000 1.499161
f 4959 4960 4958
f 4958 4960 4691
f 4960 4693 4691
v 0.055286 0.215286 1.560000
f 4961 4958 4691
f 4690 4961 4691
f 4961 4956 4958
v 0.140000 0.188177 1.568177
v 0.035527 0.195527 1.575527
f 4962 4963 4955
f 4954 4962 4955
f 4963 4962 4961
f 4962 4956 4961
f 4690 4963 4961
f 4696 4963 4690
f 4688 4963 4696
f 4955 4963 4688
v 0.140000 0.356211 1.440000
v 0.140000 0.388896 1.408896
v 0.110983 0.390983 1.410983
f 4964 4965 4966
v 0.140000 0.420000 1.374000
f 4965 4967 4966
v 0.082065 0.420000 1.382065
f 4967 4968 4966
f 4966 4968 4699
f 4968 4701 4699
v 0.083794 0.363794 1.440000
f 4969 4966 4699
f 4698 4969 4699
f 4969 4964 4966
v 0.140000 0.327912 1.467912
v 0.053694 0.333694 1.473694
f 4970 4971 4960
f 4959 4970 4960
f 4971 4970 4969
f 4970 4964 4969
f 4698 4971 4969
f 4704 4971 4698
f 4693 4971 4704
f 4960 4971 4693
v 0.140000 0.462565 1.320000
v 0.140000 0.495495 1.275495
v 0.098331 0.498331 1.278331
f 4972 4973 4974
v 0.140000 0.540000 1.204320
f 4973 4975 4974
v 0.040166 0.540000 1.220166
f 4975 4976 4974
f 4974 4976 4707
f 4976 4709 4707
v 0.070222 0.470222 1.320000
f 4977 4974 4707
f 4706 4977 4707
f 4977 4972 4974
v 0.140000 0.444714 1.344714
v 0.050421 0.450421 1.350421
f 4978 4979 4968
f 4967 4978 4968
f 4979 4978 4977
f 4978 4972 4977
f 4706 4979 4977
f 4712 4979 4706
f 4701 4979 4712
f 4968 4979 4701
v 0.140000 0.647278 -0.120000
v 0.140000 0.649969 -0.130031
v 0.130986 0.650986 -0.129014
f 4980 4981 4982
v 0.140000 0.660000 -0.152508
f 4981 4983 4982
v 0.114347 0.660000 -0.145653
f 4983 4984 4982
f 4982 4984 4715
f 4984 4717 4715
v 0.128541 0.648541 -0.120000
f 4985 4982 4715
f 4714 4985 4715
f 4985 4980 4982
v 0.140000 0.660000 -0.050067
f 4986 4980 4985
v 0.030294 0.660000 -0.109706
f 4714 4987 4985
f 4987 4986 4985
f 4720 4987 4714
v 0.140000 0.649313 0.960000
v 0.140000 0.652060 0.952060
v 0.132600 0.652600 0.952600
f 4988 4989 4990
v 0.140000 0.660000 0.924727
f 4989 4991 4990
v 0.112490 0.660000 0.932490
f 4991 4992 4990
f 4990 4992 4723
f 4992 4725 4723
v 0.130228 0.650228 0.960000
f 4993 4990 4723
f 4722 4993 4723
f 4993 4988 4990
v 0.140000 0.602328 1.080000
v 0.140000 0.619864 1.039864
v 0.102435 0.622435 1.042435
f 4994 4995 4996
f 4996 4995 4993
f 4995 4988 4993
f 4722 4996 4993
f 4729 4996 4722
v 0.087237 0.607237 1.080000
f 4997 4996 4729
f 4728 4997 4729
f 4997 4994 4996
v 0.140000 0.542514 1.200000
v 0.140000 0.583050 1.123050
v 0.067696 0.587696 1.127696
f 4998 4999 5000
f 5000 4999 4997
f 4999 4994 4997
f 4728 5000 4997
f 4733 5000 4728
v 0.032452 0.552452 1.200000
f 5001 5000 4733
f 4732 5001 4733
f 5001 4998 5000
v 0.140000 0.541646 1.201646
v 0.028396 0.548396 1.208396
f 5002 5003 4976
f 4975 5002 4976
f 5003 5002 5001
f 5002 4998 5001
f 4732 5003 5001
f 4736 5003 4732
f 4709 5003 4736
f 4976 5003 4709
v 0.140000 0.724770 -0.240000
v 0.140000 0.758972 -0.261028
v 0.120355 0.760355 -0.259645
f 5004 5005 5006
v 0.140000 0.780000 -0.265814
f 5005 5007 5006
v 0.115945 0.780000 -0.264055
f 5007 5008 5006
f 5006 5008 4739
f 5008 4741 4739
v 0.093893 0.733893 -0.240000
f 5009 5006 4739
f 4738 5009 4739
f 5009 5004 5006
v 0.140000 0.686117 -0.213883
v 0.053054 0.693054 -0.206946
f 5010 5011 4984
f 4983 5010 4984
f 5011 5010 5009
f 5010 5004 5009
f 4738 5011 5009
f 4744 5011 4738
f 4717 5011 4744
f 4984 5011 4717
v 0.140000 0.668151 0.000000
f 5012 4986 4987
v 0.036455 0.676455 0.000000
f 4746 5013 4720
f 5013 5012 4720
f 5012 4987 4720
v 0.140000 0.697651 0.120000
v 0.140000 0.670524 0.010524
v 0.040796 0.680796 0.020796
f 5014 5015 5016
f 5016 5015 5013
f 5015 5012 5013
f 4746 5016 5013
f 4749 5016 4746
v 0.063788 0.703788 0.120000
f 5017 5016 4749
f 4748 5017 4749
f 5017 5014 5016
v 0.140000 0.717596 0.240000
v 0.140000 0.704558 0.164558
v 0.071123 0.711123 0.171123
f 5018 5019 5020
f 5020 5019 5017
f 5019 5014 5017
f 4748 5020 5017
f 4753 5020 4748
v 0.082261 0.722261 0.240000
f 5021 5020 4753
f 4752 5021 4753
f 5021 5018 5020
v 0.140000 0.728498 0.360000
v 0.140000 0.722985 0.302985
v 0.087614 0.727614 0.307614
f 5022 5023 5024
f 5024 5023 5021
f 5023 5018 5021
f 4752 5024 5021
f 4757 5024 4752
v 0.092355 0.732355 0.360000
f 5025 5024 4757
f 4756 5025 4757
f 5025 5022 5024
v 0.140000 0.730662 0.480000
v 0.140000 0.729683 0.429683
v 0.093512 0.733512 0.433512
f 5026 5027 5028
f 5028 5027 5025
f 5027 5022 5025
f 4756 5028 5025
f 4761 5028 4756
v 0.094358 0.734358 0.480000
f 5029 5028 4761
f 4760 5029 4761
f 5029 5026 5028
v 0.140000 0.724153 0.600000
v 0.140000 0.727246 0.547246
v 0.091020 0.731020 0.551020
f 5030 5031 5032
f 5032 5031 5029
f 5031 5026 5029
f 4760 5032 5029
f 4765 5032 4760
v 0.088332 0.728332 0.600000
f 5033 5032 4765
f 4764 5033 4765
f 5033 5030 5032
v 0.140000 0.708782 0.720000
v 0.140000 0.717374 0.657374
v 0.081598 0.721598 0.661598
f 5034 5035 5036
f 5036 5035 5033
f 5035 5030 5033
f 4764 5036 5033
f 4769 5036 4764
v 0.074098 0.714098 0.720000
f 5037 5036 4769
f 4768 5037 4769
f 5037 5034 5036
v 0.140000 0.684133 0.840000
v 0.140000 0.701154 0.761154
v 0.066178 0.706178 0.766178
f 5038 5039 5040
f 5040 5039 5037
f 5039 5034 5037
f 4768 5040 5037
f 4773 5040 4768
v 0.051265 0.691265 0.840000
f 5041 5040 4773
f 4772 5041 4773
f 5041 5038 5040
v 0.140000 0.679265 0.859265
v 0.045339 0.685339 0.865339
f 5042 5043 4992
f 4991 5042 4992
f 5043 5042 5041
f 5042 5038 5041
f 4772 5043 5041
f 4776 5043 4772
f 4725 5043 4776
f 4992 5043 4725
v 0.140000 0.852642 -0.287358
v 0.095171 0.855171 -0.284829
f 5044 5045 5008
f 5007 5044 5008
v 0.140000 0.900000 -0.302052
f 5044 5046 5045
v 0.082047 0.900000 -0.297953
f 5046 5047 5045
f 5045 5047 4778
f 5047 4780 4778
f 4741 5045 4778
f 5008 5045 4741
v 0.140000 0.941959 -0.318041
v 0.065761 0.945761 -0.314239
f 5048 5049 5047
f 5046 5048 5047
v 0.140000 1.020000 -0.353433
f 5048 5050 5049
v 0.034008 1.020000 -0.345992
f 5050 5051 5049
f 5049 5051 4782
f 5051 4784 4782
f 4780 5049 4782
f 5047 5049 4780
v 0.140000 1.031715 -0.360000
v 0.140000 1.100075 -0.399925
v 0.102066 1.102066 -0.397934
f 5052 5053 5054
v 0.140000 1.140000 -0.428202
f 5053 5055 5054
v 0.076983 1.140000 -0.423017
f 5055 5056 5054
f 5054 5056 4787
f 5056 4789 4787
v 0.043769 1.043769 -0.360000
f 5057 5054 4787
f 4786 5057 4787
f 5057 5052 5054
v 0.140000 1.024371 -0.355629
v 0.029534 1.029534 -0.350466
f 5058 5059 5051
f 5050 5058 5051
f 5059 5058 5057
f 5058 5052 5057
f 4786 5059 5057
f 4792 5059 4786
f 4784 5059 4792
f 5051 5059 4784
v 0.064065 1.165811 -1.755935
v 0.140000 1.247823 -1.680000
v 0.140000 1.159706 -1.755198
f 5060 5061 5062
v 0.128956 1.248956 -1.680000
f 4796 4795 5063
v 0.046492 1.166492 -1.756883
f 4796 5063 5064
f 5064 5063 5061
v 0.049150 1.166192 -1.756906
f 5064 5061 5065
f 5065 5061 5060
v 0.140000 1.260000 -1.667288
f 5066 5061 5063
v 0.021148 1.260000 -1.678852
f 4795 5067 5063
f 5067 5066 5063
f 4800 5067 4795
v 0.140000 1.204326 -0.480000
v 0.140000 1.234006 -0.505994
v 0.115324 1.235324 -0.504676
f 5068 5069 5070
v 0.140000 1.260000 -0.533777
f 5069 5071 5070
v 0.091068 1.260000 -0.528932
f 5071 5072 5070
f 5070 5072 4803
f 5072 4805 4803
v 0.089487 1.209487 -0.480000
f 5073 5070 4803
f 4802 5073 4803
f 5073 5068 5070
v 0.140000 1.169970 -0.450030
v 0.054062 1.174062 -0.445938
f 5074 5075 5056
f 5055 5074 5056
f 5075 5074 5073
f 5074 5068 5073
f 4802 5075 5073
f 4808 5075 4802
f 4789 5075 4808
f 5056 5075 4789
v 0.140000 1.347179 -1.560000
f 5076 5066 5067
v 0.109795 1.349795 -1.560000
f 4810 5077 4800
f 5077 5076 4800
f 5076 5067 4800
v 0.140000 1.380000 -1.505789
f 5078 5076 5077
v 0.064554 1.380000 -1.515446
f 4810 5079 5077
f 5079 5078 5077
f 4812 5079 4810
v 0.140000 1.317738 -0.600000
v 0.140000 1.344399 -0.635601
v 0.106218 1.346218 -0.633782
f 5080 5081 5082
v 0.140000 1.380000 -0.693084
f 5081 5083 5082
v 0.057221 1.380000 -0.682779
f 5083 5084 5082
f 5082 5084 4815
f 5084 4817 4815
v 0.082686 1.322686 -0.600000
f 5085 5082 4815
f 4814 5085 4815
f 5085 5080 5082
v 0.140000 1.292222 -0.567778
v 0.056257 1.296257 -0.563743
f 5086 5087 5072
f 5071 5086 5072
f 5087 5086 5085
f 5086 5080 5085
f 4814 5087 5085
f 4820 5087 4814
f 4805 5087 4820
f 5072 5087 4805
v 0.140000 1.415966 -1.440000
f 5088 5078 5079
v 0.061811 1.421811 -1.440000
f 4822 5089 4812
f 5089 5088 4812
f 5088 5079 4812
v 0.140000 1.460892 -1.320000
v 0.140000 1.436128 -1.383872
v 0.082800 1.442800 -1.377200
f 5090 5091 5092
f 5092 5091 5089
f 5091 5088 5089
f 4822 5092 5089
f 4825 5092 4822
v 0.103628 1.463628 -1.320000
f 5093 5092 4825
f 4824 5093 4825
f 5093 5090 5092
v 0.140000 1.485615 -1.200000
v 0.140000 1.481448 -1.218552
v 0.123047 1.483047 -1.216953
f 5094 5095 5096
f 5096 5095 5093
f 5095 5090 5093
f 4824 5096 5093
f 4829 5096 4824
v 0.126626 1.486626 -1.200000
f 5097 5096 4829
f 4828 5097 4829
f 5097 5094 5096
v 0.140000 1.493974 -1.080000
v 0.140000 1.493603 -1.086397
v 0.134084 1.494084 -1.085916
f 5098 5099 5100
f 5100 5099 5097
f 5099 5094 5097
f 4828 5100 5097
f 4833 5100 4828
v 0.134406 1.494406 -1.080000
f 5101 5100 4833
f 4832 5101 4833
f 5101 5098 5100
v 0.140000 1.484465 -0.960000
v 0.140000 1.486138 -0.973862
v 0.127068 1.487068 -0.972932
f 5102 5103 5104
f 5104 5103 5101
f 5103 5098 5101
f 4832 5104 5101
f 4837 5104 4832
v 0.125606 1.485606 -0.960000
f 5105 5104 4837
f 4836 5105 4837
f 5105 5102 5104
v 0.140000 1.449273 -0.840000
v 0.140000 1.460785 -0.879215
v 0.103049 1.463049 -0.876951
f 5106 5107 5108
f 5108 5107 5105
f 5107 5102 5105
f 4836 5108 5105
f 4841 5108 4836
v 0.092864 1.452864 -0.840000
f 5109 5108 4841
f 4840 5109 4841
f 5109 5106 5108
v 0.140000 1.396122 -0.720000
v 0.140000 1.429040 -0.790960
v 0.072672 1.432672 -0.787328
f 5110 5111 5112
f 5112 5111 5109
f 5111 5106 5109
f 4840 5112 5109
f 4845 5112 4840
v 0.043330 1.403330 -0.720000
f 5113 5112 4845
f 4844 5113 4845
f 5113 5110 5112
v 0.140000 1.390476 -0.709524
v 0.035537 1.395537 -0.704463
f 5114 5115 5084
f 5083 5114 5084
f 5115 5114 5113
f 5114 5110 5113
f 4844 5115 5113
f 4848 5115 4844
f 4817 5115 4848
f 5084 5115 4817
v 0.254439 -1.350000 -0.965561
v 0.260000 -1.337960 -0.960000
v 0.260000 -1.350000 -0.976588
f 5116 5117 5118
v 0.252396 -1.350000 -0.960000
f 5119 5117 5116
v 0.231776 -1.350000 -0.868224
v 0.260000 -1.296146 -0.840000
v 0.260000 -1.316060 -0.896060
f 5120 5121 5122
v 0.236672 -1.350000 -0.889630
f 5120 5122 5123
v 0.245907 -1.350000 -0.930000
f 5123 5122 5124
f 5124 5122 5117
f 5124 5117 5119
v 0.227026 -1.350000 -0.840000
f 5125 5121 5120
v 0.227780 -1.350000 -0.752220
v 0.260000 -1.289260 -0.720000
v 0.260000 -1.286890 -0.746890
f 5126 5127 5128
v 0.227375 -1.350000 -0.761289
f 5126 5128 5129
v 0.225200 -1.350000 -0.810000
f 5129 5128 5130
f 5130 5128 5121
f 5130 5121 5125
v 0.228894 -1.350000 -0.720000
f 5131 5127 5126
v 0.260000 -1.350000 -0.600192
v 0.260000 -1.309977 -0.649977
v 0.251089 -1.350000 -0.630323
f 5132 5133 5134
v 0.233439 -1.350000 -0.690000
f 5134 5133 5135
f 5135 5133 5127
f 5135 5127 5131
v 0.244018 -1.350000 0.944018
v 0.260000 -1.314326 0.960000
v 0.260000 -1.347354 0.872646
f 5136 5137 5138
v 0.257615 -1.350000 0.877342
f 5136 5138 5139
v 0.259112 -1.350000 0.870000
f 5139 5138 5140
v 0.260000 -1.350000 0.866135
f 5140 5138 5141
v 0.241574 -1.350000 0.960000
f 5142 5137 5136
v 0.242711 -1.350000 1.062711
v 0.260000 -1.310259 1.080000
v 0.260000 -1.305873 1.034127
f 5143 5144 5145
v 0.241939 -1.350000 1.043374
f 5143 5145 5146
v 0.239807 -1.350000 0.990000
f 5146 5145 5147
f 5147 5145 5137
f 5147 5137 5142
v 0.243252 -1.350000 1.080000
f 5148 5144 5143
v 0.260000 -1.350000 1.152857
v 0.260000 -1.330596 1.129404
v 0.248456 -1.350000 1.110000
f 5149 5150 5151
f 5151 5150 5144
f 5151 5144 5148
v 0.177380 -0.900000 -0.120000
f 4853 5152 4850
f 5152 4851 4850
v 0.260000 -0.918179 -0.018179
v 0.260000 -0.923642 0.000000
v 0.238874 -0.921126 -0.021126
f 5153 5154 5155
v 0.260000 -0.900000 -0.070197
f 5156 5153 5155
f 5152 5156 4851
f 5156 5155 4851
f 5155 4856 4851
v 0.230897 -0.929103 0.000000
f 5157 4857 4856
f 5155 5157 4856
f 5154 5157 5155
v 0.260000 -0.943976 0.076024
v 0.260000 -0.954079 0.120000
v 0.208381 -0.951619 0.068381
f 5158 5159 5160
f 5154 5158 5157
f 5158 5160 5157
f 5160 4857 5157
f 5160 4860 4857
v 0.193472 -0.966528 0.120000
f 5161 4861 4860
f 5160 5161 4860
f 5159 5161 5160
v 0.260000 -0.964374 0.175626
v 0.260000 -0.974623 0.240000
v 0.183555 -0.976445 0.163555
f 5162 5163 5164
f 5159 5162 5161
f 5162 5164 5161
f 5164 4861 5161
f 5164 4864 4861
v 0.168245 -0.991755 0.240000
f 5165 4865 4864
f 5164 5165 4864
f 5163 5165 5164
v 0.260000 -0.978845 0.281155
v 0.260000 -0.985838 0.360000
v 0.165082 -0.994918 0.265082
f 5166 5167 5168
f 5163 5166 5165
f 5166 5168 5165
f 5168 4865 5165
f 5168 4868 4865
v 0.154489 -1.005511 0.360000
f 5169 4869 4868
f 5168 5169 4868
f 5167 5169 5168
v 0.260000 -0.986522 0.393478
v 0.260000 -0.988063 0.480000
v 0.154134 -1.005866 0.374134
f 5170 5171 5172
f 5167 5170 5169
f 5170 5172 5169
f 5172 4869 5169
f 5172 4872 4869
v 0.151760 -1.008240 0.480000
f 5173 4873 4872
f 5172 5173 4872
f 5171 5173 5172
v 0.260000 -0.985989 0.514011
v 0.260000 -0.981369 0.600000
v 0.152713 -1.007287 0.492713
f 5174 5175 5176
f 5171 5174 5173
f 5174 5176 5173
f 5176 4873 5173
f 5176 4876 4873
v 0.159969 -1.000031 0.600000
f 5177 4877 4876
f 5176 5177 4876
f 5175 5177 5176
v 0.260000 -0.975011 0.644989
v 0.260000 -0.965548 0.720000
v 0.164167 -0.995833 0.624167
f 5178 5179 5180
f 5175 5178 5177
f 5178 5180 5177
f 5180 4877 5177
f 5180 4880 4877
v 0.179385 -0.980615 0.720000
f 5181 4881 4880
f 5180 5181 4880
f 5179 5181 5180
v 0.260000 -0.950151 0.789849
v 0.260000 -0.945507 0.840000
v 0.194034 -0.965966 0.774034
f 5182 5183 5184
f 5179 5182 5181
f 5182 5184 5181
f 5184 4881 5181
f 5184 4884 4881
v 0.210606 -0.949394 0.840000
f 5185 4885 4884
f 5184 5185 4884
f 5183 5185 5184
v 0.260000 -0.915778 0.944222
v 0.260000 -0.920851 0.960000
v 0.242270 -0.917730 0.942270
f 5186 5187 5188
f 5183 5186 5185
f 5186 5188 5185
f 5188 4885 5185
f 5188 4888 4885
v 0.247912 -0.912088 0.960000
f 5189 4889 4888
f 5188 5189 4888
f 5187 5189 5188
v 0.260000 -0.900000 1.037267
f 5187 5190 5189
v 0.240784 -0.900000 1.060784
f 5190 5191 5189
f 5191 4889 5189
f 5191 4892 4889
v 0.164038 -0.780000 -0.360000
f 4897 5192 4894
f 5192 4895 4894
v 0.260000 -0.814998 -0.274998
v 0.260000 -0.826205 -0.240000
v 0.224619 -0.815381 -0.275381
f 5193 5194 5195
v 0.260000 -0.780000 -0.321002
f 5196 5193 5195
f 5192 5196 4895
f 5196 5195 4895
f 5195 4900 4895
v 0.200667 -0.839333 -0.240000
f 5197 4901 4900
f 5195 5197 4900
f 5194 5197 5195
v 0.260000 -0.851094 -0.191094
v 0.260000 -0.881800 -0.120000
v 0.176690 -0.863310 -0.203310
f 5198 5199 5200
f 5194 5198 5197
f 5198 5200 5197
f 5200 4901 5197
f 5200 4904 4901
f 5200 4853 4904
f 5199 5152 4853
f 5200 5199 4853
v 0.260000 -0.887123 -0.107123
f 5201 5156 5152
f 5199 5201 5152
v 0.260000 -0.890884 1.080000
f 5190 5202 5191
v 0.162858 -0.877142 1.080000
f 5203 4906 4892
f 5191 5202 4892
f 5202 5203 4892
v 0.260000 -0.869813 1.110187
v 0.260000 -0.825691 1.200000
v 0.198837 -0.841163 1.138837
f 5204 5205 5206
f 5202 5204 5203
f 5204 5206 5203
f 5206 4906 5203
f 5206 4908 4906
v 0.236344 -0.803656 1.200000
f 5207 4909 4908
f 5206 5207 4908
f 5205 5207 5206
v 0.260000 -0.780000 1.235707
f 5205 5208 5207
v 0.197644 -0.780000 1.257644
f 5208 5209 5207
f 5209 4909 5207
f 5209 4912 4909
v 0.260000 -0.712966 -0.532966
v 0.260000 -0.710929 -0.480000
v 0.215768 -0.704232 -0.524232
f 5210 5211 5212
v 0.260000 -0.706746 -0.580000
v 0.234711 -0.701092 -0.580000
f 5213 5210 5214
f 5214 5210 5212
v 0.221796 -0.698204 -0.580000
f 5214 5212 5215
v 0.160000 -0.715581 -0.580000
f 5215 5212 5216
f 5216 5212 4914
f 5216 4914 4917
v 0.203113 -0.716887 -0.480000
f 5217 4915 4914
f 5212 5217 4914
f 5211 5217 5212
v 0.260000 -0.730989 -0.430989
v 0.260000 -0.754724 -0.360000
v 0.183312 -0.736688 -0.436688
f 5218 5219 5220
f 5211 5218 5217
f 5218 5220 5217
f 5220 4915 5217
f 5220 4922 4915
f 5220 4897 4922
f 5219 5192 4897
f 5220 5219 4897
v 0.260000 -0.765099 -0.345099
f 5221 5196 5192
f 5219 5221 5192
v 0.260000 -0.717291 1.320000
f 5208 5222 5209
v 0.192543 -0.727457 1.320000
f 5223 4924 4912
f 5209 5222 4912
f 5222 5223 4912
v 0.260000 -0.660000 1.378663
f 5222 5224 5223
v 0.214600 -0.660000 1.394600
f 5224 5225 5223
f 5225 4924 5223
f 5225 4926 4924
v 0.260000 -0.595357 1.440000
f 5224 5226 5225
v 0.175795 -0.624205 1.440000
f 5227 4928 4926
f 5225 5226 4926
f 5226 5227 4926
v 0.260000 -0.540000 1.486909
f 5226 5228 5227
v 0.204300 -0.540000 1.504300
f 5228 5229 5227
f 5229 4928 5227
f 5229 4930 4928
v 0.260000 -0.420667 1.560000
f 5228 5230 5229
v 0.258746 -0.421254 1.560000
f 5231 4932 4930
f 5229 5230 4930
f 5230 5231 4930
v 0.260000 -0.420000 1.560380
f 5230 5232 5231
v 0.166578 -0.420000 1.586578
f 5232 5233 5231
f 5233 4932 5231
f 5233 4934 4932
v 0.260000 -0.419414 1.560586
v 0.176637 -0.383363 1.596637
f 5234 5235 5233
f 5232 5234 5233
v 0.260000 -0.300000 1.605028
f 5234 5236 5235
v 0.201499 -0.300000 1.621499
f 5236 5237 5235
f 5235 5237 4936
f 5237 4938 4936
f 4934 5235 4936
f 5233 5235 4934
v 0.260000 -0.246514 1.613486
v 0.210156 -0.229844 1.630156
f 5238 5239 5237
f 5236 5238 5237
v 0.260000 -0.180000 1.624861
f 5238 5240 5239
v 0.216994 -0.180000 1.636994
f 5240 5241 5239
f 5239 5241 4940
f 5241 4942 4940
f 4938 5239 4940
f 5237 5239 4938
v 0.260000 -0.117109 1.622891
v 0.215158 -0.104842 1.635158
f 5242 5243 5241
f 5240 5242 5241
v 0.260000 -0.060000 1.620919
f 5242 5244 5243
v 0.213914 -0.060000 1.633914
f 5244 5245 5243
f 5243 5245 4944
f 5245 4946 4944
f 4942 5243 4944
f 5241 5243 4942
v 0.260000 -0.009963 1.610037
v 0.203194 0.003194 1.623194
f 5246 5247 5245
f 5244 5246 5245
v 0.260000 0.060000 1.592987
f 5246 5248 5247
v 0.192086 0.060000 1.612086
f 5248 5249 5247
f 5247 5249 4948
f 5249 4950 4948
f 4946 5247 4948
f 5245 5247 4946
v 0.260000 0.135268 1.560000
v 0.260000 0.166236 1.546236
v 0.248704 0.168704 1.548704
f 5250 5251 5252
v 0.260000 0.180000 1.539210
f 5251 5253 5252
v 0.244174 0.180000 1.544174
f 5253 5254 5252
v 0.187317 0.180000 1.560000
f 5254 5255 5252
v 0.232753 0.152753 1.560000
f 5255 5256 5252
f 5256 5250 5252
v 0.260000 0.083534 1.583534
v 0.179655 0.099655 1.599655
f 5257 5258 5249
f 5248 5257 5249
f 5258 5257 5256
f 5257 5250 5256
v 0.150350 0.180000 1.570350
f 5259 5258 5256
f 5255 5259 5256
f 5258 5259 4952
f 5259 4954 4952
f 4950 5258 4952
f 5249 5258 4950
v 0.260000 0.240210 1.500210
v 0.209772 0.249772 1.509772
f 5260 5261 5254
f 5253 5260 5254
v 0.260000 0.300000 1.455508
f 5260 5262 5261
v 0.180325 0.300000 1.480325
f 5262 5263 5261
f 5261 5263 4957
f 5263 4959 4957
v 0.154494 0.194494 1.560000
f 5264 5261 4957
f 4956 5264 4957
f 5261 5264 5254
f 5264 5255 5254
v 0.147102 0.187102 1.567102
f 5255 5265 5259
f 5264 5265 5255
f 4956 5265 5264
f 4962 5265 4956
f 4954 5265 4962
f 5259 5265 4954
v 0.260000 0.316888 1.440000
v 0.260000 0.369613 1.389613
v 0.217319 0.377319 1.397319
f 5266 5267 5268
v 0.260000 0.420000 1.333320
f 5267 5269 5268
v 0.180980 0.420000 1.360980
f 5269 5270 5268
f 5268 5270 4965
f 5270 4967 4965
v 0.183006 0.343006 1.440000
f 5271 5268 4965
f 4964 5271 4965
f 5271 5266 5268
v 0.260000 0.308372 1.448372
v 0.164441 0.324441 1.464441
f 5272 5273 5263
f 5262 5272 5263
f 5273 5272 5271
f 5272 5266 5271
f 4964 5273 5271
f 4970 5273 4964
f 4959 5273 4970
f 5263 5273 4959
v 0.260000 0.512706 1.200000
v 0.260000 0.523268 1.183268
v 0.245860 0.525860 1.185860
f 5274 5275 5276
v 0.260000 0.540000 1.151826
f 5275 5277 5276
v 0.227196 0.540000 1.167196
f 5277 5278 5276
v 0.151076 0.540000 1.200000
f 5278 5279 5276
v 0.238645 0.518645 1.200000
f 5279 5280 5276
f 5280 5274 5276
v 0.260000 0.430495 1.320000
v 0.260000 0.476949 1.256949
v 0.206150 0.486150 1.266150
f 5281 5282 5283
f 5283 5282 5280
f 5282 5274 5280
v 0.143159 0.540000 1.203159
f 5284 5283 5280
f 5279 5284 5280
f 5283 5284 4973
f 5284 4975 4973
v 0.174167 0.454167 1.320000
f 5285 5283 4973
f 4972 5285 4973
f 5285 5281 5283
v 0.260000 0.426085 1.326085
v 0.161789 0.441789 1.341789
f 5286 5287 5270
f 5269 5286 5270
f 5287 5286 5285
f 5286 5281 5285
f 4972 5287 5285
f 4978 5287 4972
f 4967 5287 4978
f 5270 5287 4967
v 0.260000 0.617327 -0.120000
v 0.260000 0.624462 -0.155538
v 0.232445 0.632445 -0.147555
f 5288 5289 5290
v 0.260000 0.660000 -0.228370
f 5289 5291 5290
v 0.194198 0.660000 -0.185802
f 5291 5292 5290
f 5290 5292 4981
f 5292 4983 4981
v 0.226487 0.626487 -0.120000
f 5293 5290 4981
f 4980 5293 4981
f 5293 5288 5290
v 0.260000 0.643677 0.000000
v 0.260000 0.637581 -0.022419
v 0.243331 0.643331 -0.016669
f 5294 5295 5296
f 5296 5295 5293
f 5295 5288 5293
f 4980 5296 5293
v 0.181377 0.660000 0.000000
f 5297 5296 4980
f 4986 5297 4980
v 0.246796 0.646796 0.000000
f 5297 5298 5296
f 5298 5294 5296
v 0.260000 0.660000 0.062282
f 5299 5294 5298
f 5297 5299 5298
v 0.260000 0.624058 0.960000
v 0.260000 0.633261 0.933261
v 0.237407 0.637407 0.937407
f 5300 5301 5302
v 0.260000 0.660000 0.841643
f 5301 5303 5302
v 0.190788 0.660000 0.890788
f 5303 5304 5302
f 5302 5304 4989
f 5304 4991 4989
v 0.230907 0.630907 0.960000
f 5305 5302 4989
f 4988 5305 4989
f 5305 5300 5302
v 0.260000 0.575830 1.080000
v 0.260000 0.601344 1.021344
v 0.209944 0.609944 1.029944
f 5306 5307 5308
f 5308 5307 5305
f 5307 5300 5305
f 4988 5308 5305
f 4995 5308 4988
v 0.191776 0.591776 1.080000
f 5309 5308 4995
f 4994 5309 4995
f 5309 5306 5308
v 0.260000 0.564720 1.104720
v 0.177952 0.577952 1.117952
f 5310 5311 5278
f 5277 5310 5278
f 5311 5310 5309
f 5310 5306 5309
f 4994 5311 5309
f 4999 5311 4994
v 0.142086 0.542086 1.200000
f 5312 5311 4999
f 4998 5312 4999
f 5311 5312 5278
f 5312 5279 5278
v 0.141459 0.541459 1.201459
f 5279 5313 5284
f 5312 5313 5279
f 4998 5313 5312
f 5002 5313 4998
f 4975 5313 5002
f 5284 5313 4975
v 0.260000 0.669486 -0.240000
v 0.260000 0.741341 -0.278659
v 0.227068 0.747068 -0.272932
f 5314 5315 5316
v 0.260000 0.780000 -0.286499
f 5315 5317 5316
v 0.220649 0.780000 -0.279351
f 5317 5318 5316
f 5316 5318 5005
f 5318 5007 5005
v 0.187657 0.707657 -0.240000
f 5319 5316 5005
f 5004 5319 5005
f 5319 5314 5316
v 0.260000 0.663546 -0.236454
v 0.162731 0.682731 -0.217269
f 5320 5321 5292
f 5291 5320 5292
f 5321 5320 5319
f 5320 5314 5319
f 5004 5321 5319
f 5010 5321 5004
f 4983 5321 5010
f 5292 5321 4983
v 0.146936 0.666936 0.000000
f 5012 5322 4986
f 5322 5297 4986
v 0.148543 0.668543 0.008543
v 0.260000 0.674269 0.120000
f 5323 5324 5297
f 5324 5299 5297
f 5322 5323 5297
f 5012 5323 5322
f 5015 5323 5012
v 0.172057 0.692057 0.120000
f 5325 5323 5015
f 5014 5325 5015
f 5325 5324 5323
v 0.260000 0.694665 0.240000
v 0.260000 0.676895 0.136895
v 0.176815 0.696815 0.156815
f 5326 5327 5328
f 5328 5327 5325
f 5327 5324 5325
f 5014 5328 5325
f 5019 5328 5014
v 0.189061 0.709061 0.240000
f 5329 5328 5019
f 5018 5329 5019
f 5329 5326 5328
v 0.260000 0.705829 0.360000
v 0.260000 0.697918 0.277918
v 0.192829 0.712829 0.292829
f 5330 5331 5332
f 5332 5331 5329
f 5331 5326 5329
f 5018 5332 5329
f 5023 5332 5018
v 0.198362 0.718362 0.360000
f 5333 5332 5023
f 5022 5333 5023
f 5333 5330 5332
v 0.260000 0.708047 0.480000
v 0.260000 0.706625 0.406625
v 0.199201 0.719201 0.419201
f 5334 5335 5336
f 5336 5335 5333
f 5335 5330 5333
f 5022 5336 5333
f 5027 5336 5022
v 0.200209 0.720209 0.480000
f 5337 5336 5027
f 5026 5337 5027
f 5337 5334 5336
v 0.260000 0.701378 0.600000
v 0.260000 0.705717 0.525717
v 0.197762 0.717762 0.537762
f 5338 5339 5340
f 5340 5339 5337
f 5339 5334 5337
f 5026 5340 5337
f 5031 5340 5026
v 0.194654 0.714654 0.600000
f 5341 5340 5031
f 5030 5341 5031
f 5341 5338 5340
v 0.260000 0.685647 0.720000
v 0.260000 0.696992 0.636992
v 0.189752 0.709752 0.649752
f 5342 5343 5344
f 5344 5343 5341
f 5343 5338 5341
f 5030 5344 5341
f 5035 5344 5030
v 0.181544 0.701544 0.720000
f 5345 5344 5035
f 5034 5345 5035
f 5345 5342 5344
v 0.260000 0.660467 0.840000
v 0.260000 0.681625 0.741625
v 0.175980 0.695980 0.755980
f 5346 5347 5348
f 5348 5347 5345
f 5347 5342 5345
f 5034 5348 5345
f 5039 5348 5034
v 0.160542 0.680542 0.840000
f 5349 5348 5039
f 5038 5349 5039
f 5349 5346 5348
v 0.260000 0.660373 0.840373
v 0.156964 0.676964 0.856964
f 5350 5351 5304
f 5303 5350 5304
f 5351 5350 5349
f 5350 5346 5349
f 5038 5351 5349
f 5042 5351 5038
f 4991 5351 5042
f 5304 5351 4991
v 0.260000 0.837261 -0.302739
v 0.205039 0.845039 -0.294961
f 5352 5353 5318
f 5317 5352 5318
v 0.260000 0.900000 -0.322129
f 5352 5354 5353
v 0.190252 0.900000 -0.309748
f 5354 5355 5353
f 5353 5355 5044
f 5355 5046 5044
f 5007 5353 5044
f 5318 5353 5007
v 0.260000 0.988020 -0.360000
v 0.260000 1.010160 -0.369840
v 0.251414 1.011414 -0.368586
f 5356 5357 5358
v 0.260000 1.020000 -0.375136
f 5357 5359 5358
v 0.247479 1.020000 -0.372521
f 5359 5360 5358
v 0.177979 1.020000 -0.360000
f 5360 5361 5358
v 0.237361 0.997361 -0.360000
f 5361 5362 5358
f 5362 5356 5358
v 0.260000 0.927397 -0.332603
v 0.177935 0.937935 -0.322065
f 5363 5364 5355
f 5354 5363 5355
f 5364 5363 5362
f 5363 5356 5362
v 0.145689 1.020000 -0.354311
f 5365 5364 5362
f 5361 5365 5362
f 5364 5365 5048
f 5365 5050 5048
f 5046 5364 5048
f 5355 5364 5046
v 0.258438 1.138438 -1.749083
v 0.260000 1.140000 -1.747704
v 0.260000 1.138049 -1.749013
f 5366 5367 5368
v 0.251200 1.140000 -1.749441
f 5369 5367 5366
v 0.260000 1.086100 -0.413900
v 0.212369 1.092369 -0.407631
f 5370 5371 5360
f 5359 5370 5360
v 0.260000 1.140000 -0.451912
f 5370 5372 5371
v 0.183825 1.140000 -0.436175
f 5372 5373 5371
f 5371 5373 5053
f 5373 5055 5053
v 0.149090 1.029090 -0.360000
f 5374 5371 5053
f 5052 5374 5053
f 5371 5374 5360
f 5374 5361 5360
v 0.143984 1.023984 -0.356016
f 5361 5375 5365
f 5374 5375 5361
f 5052 5375 5374
f 5058 5375 5052
f 5050 5375 5058
f 5365 5375 5050
v 0.188790 1.152365 -1.751210
v 0.260000 1.219361 -1.680000
f 5376 5377 5367
f 5376 5367 5369
v 0.227687 1.227687 -1.680000
f 5062 5061 5378
v 0.157126 1.157126 -1.754045
f 5062 5378 5379
f 5379 5378 5377
v 0.163819 1.155753 -1.753751
f 5379 5377 5380
f 5380 5377 5376
v 0.260000 1.260000 -1.637580
f 5381 5377 5378
v 0.157223 1.260000 -1.662777
f 5061 5382 5378
f 5382 5381 5378
f 5066 5382 5061
v 0.260000 1.174896 -0.480000
v 0.260000 1.220169 -0.519831
v 0.224874 1.224874 -0.515126
f 5383 5384 5385
v 0.260000 1.260000 -0.562211
f 5384 5386 5385
v 0.194165 1.260000 -0.545835
f 5386 5387 5385
f 5385 5387 5069
f 5387 5071 5069
v 0.192278 1.192278 -0.480000
f 5388 5385 5069
f 5068 5388 5069
f 5388 5383 5385
v 0.260000 1.156228 -0.463772
v 0.167295 1.167295 -0.452705
f 5389 5390 5373
f 5372 5389 5373
f 5390 5389 5388
f 5389 5383 5388
f 5068 5390 5388
f 5074 5390 5068
f 5055 5390 5074
f 5373 5390 5055
v 0.260000 1.323012 -1.560000
f 5391 5381 5382
v 0.213195 1.333195 -1.560000
f 5076 5392 5066
f 5392 5391 5066
f 5391 5382 5066
v 0.260000 1.380000 -1.465961
f 5393 5391 5392
v 0.221694 1.380000 -1.478306
f 5076 5394 5392
f 5394 5393 5392
f 5078 5394 5076
v 0.260000 1.373740 -0.720000
v 0.260000 1.375945 -0.724055
v 0.256481 1.376481 -0.723519
f 5395 5396 5397
v 0.260000 1.380000 -0.733031
f 5396 5398 5397
v 0.250874 1.380000 -0.729126
f 5398 5399 5397
v 0.227815 1.380000 -0.720000
f 5399 5400 5397
v 0.254865 1.374865 -0.720000
f 5400 5401 5397
f 5401 5395 5397
v 0.260000 1.292939 -0.600000
v 0.260000 1.330128 -0.649872
v 0.216063 1.336063 -0.643937
f 5402 5403 5404
f 5404 5403 5401
f 5403 5395 5401
v 0.160921 1.380000 -0.699079
f 5405 5404 5401
f 5400 5405 5401
f 5404 5405 5081
f 5405 5083 5081
v 0.188451 1.308451 -0.600000
f 5406 5404 5081
f 5080 5406 5081
f 5406 5402 5404
v 0.260000 1.278355 -0.581645
v 0.169311 1.289311 -0.570689
f 5407 5408 5387
f 5386 5407 5387
f 5408 5407 5406
f 5407 5402 5406
f 5080 5408 5406
f 5086 5408 5080
f 5071 5408 5086
f 5387 5408 5071
v 0.260000 1.394178 -1.440000
f 5409 5393 5394
v 0.170897 1.410897 -1.440000
f 5088 5410 5078
f 5410 5409 5078
f 5409 5394 5078
v 0.260000 1.440020 -1.320000
v 0.260000 1.402144 -1.417856
v 0.184322 1.424322 -1.395678
f 5411 5412 5413
f 5413 5412 5410
f 5412 5409 5410
f 5088 5413 5410
f 5091 5413 5088
v 0.209549 1.449549 -1.320000
f 5414 5413 5091
f 5090 5414 5091
f 5414 5411 5413
v 0.260000 1.466507 -1.200000
v 0.260000 1.456660 -1.243340
v 0.225084 1.465084 -1.234916
f 5415 5416 5417
f 5417 5416 5414
f 5416 5411 5414
f 5090 5417 5414
f 5095 5417 5090
v 0.231910 1.471910 -1.200000
f 5418 5417 5095
f 5094 5418 5095
f 5418 5415 5417
v 0.260000 1.487236 -1.080000
v 0.260000 1.486328 -1.093672
v 0.248942 1.488942 -1.091058
f 5419 5420 5421
f 5421 5420 5418
f 5420 5415 5418
f 5094 5421 5418
f 5099 5421 5094
v 0.249559 1.489559 -1.080000
f 5422 5421 5099
f 5098 5422 5099
f 5422 5419 5421
v 0.260000 1.480666 -0.960000
v 0.260000 1.483127 -0.976873
v 0.246101 1.486101 -0.973899
f 5423 5424 5425
f 5425 5424 5422
f 5424 5419 5422
f 5098 5425 5422
f 5103 5425 5098
v 0.244424 1.484424 -0.960000
f 5426 5425 5103
f 5102 5426 5103
f 5426 5423 5425
v 0.260000 1.433206 -0.840000
v 0.260000 1.449606 -0.890394
v 0.216811 1.456811 -0.883189
f 5427 5428 5429
f 5429 5428 5426
f 5428 5423 5426
f 5102 5429 5426
f 5107 5429 5102
v 0.204928 1.444928 -0.840000
f 5430 5429 5107
f 5106 5430 5107
f 5430 5427 5429
v 0.260000 1.414120 -0.805880
v 0.184435 1.424435 -0.795565
f 5431 5432 5399
f 5398 5431 5399
f 5432 5431 5430
f 5431 5427 5430
f 5106 5432 5430
f 5111 5432 5106
v 0.153998 1.393998 -0.720000
f 5433 5432 5111
f 5110 5433 5111
f 5432 5433 5399
f 5433 5400 5399
v 0.149513 1.389513 -0.710487
f 5400 5434 5405
f 5433 5434 5400
f 5110 5434 5433
f 5114 5434 5110
f 5083 5434 5114
f 5405 5434 5083
v 0.346484 -1.350000 -1.113516
v 0.380000 -1.280330 -1.080000
v 0.380000 -1.350000 -1.144041
f 5435 5436 5437
v 0.320724 -1.350000 -1.080000
f 5438 5436 5435
v 0.297451 -1.350000 -1.042549
v 0.307396 -1.332604 -1.032604
v 0.302919 -1.350000 -1.050000
f 5439 5440 5441
v 0.316400 -1.350000 -1.072714
v 0.380000 -1.260000 -1.050855
f 5442 5443 5436
f 5442 5436 5438
f 5441 5440 5443
f 5441 5443 5442
v 0.342747 -1.260000 -0.997253
f 5444 5443 5440
v 0.323651 -1.260000 -0.960000
f 5445 5444 5440
f 5118 5117 5445
v 0.275913 -1.350000 -1.003442
f 5118 5445 5446
f 5446 5445 5440
v 0.290000 -1.350000 -1.027216
f 5446 5440 5447
f 5447 5440 5439
v 0.302855 -1.260000 -0.917145
f 5448 5445 5117
v 0.284961 -1.260000 -0.840000
f 5122 5449 5117
f 5449 5448 5117
f 5121 5449 5122
v 0.280082 -1.260000 -0.819918
f 5450 5449 5121
v 0.274241 -1.260000 -0.720000
f 5128 5451 5121
f 5451 5450 5121
f 5127 5451 5128
v 0.275571 -1.260000 -0.704429
f 5452 5451 5127
v 0.289776 -1.260000 -0.600000
f 5133 5453 5127
f 5453 5452 5127
v 0.260051 -1.350000 -0.600000
f 5132 5454 5453
f 5132 5453 5133
v 0.260091 -1.350000 -0.599909
v 0.313392 -1.260000 -0.546608
f 5455 5456 5453
f 5455 5453 5454
v 0.271869 -1.350000 -0.570000
v 0.339621 -1.260000 -0.480000
v 0.260136 -1.350000 -0.599795
f 5457 5458 5459
f 5459 5458 5456
f 5459 5456 5455
v 0.290000 -1.350000 -0.531719
v 0.323983 -1.316017 -0.480000
v 0.280277 -1.350000 -0.552247
f 5460 5461 5462
f 5462 5461 5458
f 5462 5458 5457
v 0.319978 -1.350000 -0.480000
f 5463 5461 5460
v 0.380000 -1.350000 -0.415367
v 0.380000 -1.320248 -0.420248
v 0.348353 -1.350000 -0.450000
f 5464 5465 5466
v 0.380000 -1.260000 -0.427755
f 5466 5465 5467
v 0.332332 -1.350000 -0.466939
f 5466 5467 5468
f 5468 5467 5461
f 5468 5461 5463
f 5467 5458 5461
v 0.349420 -1.350000 0.689420
v 0.380000 -1.281254 0.720000
v 0.380000 -1.350000 0.657547
f 5469 5470 5471
v 0.328632 -1.350000 0.720000
f 5472 5470 5469
v 0.303201 -1.350000 0.763201
v 0.316358 -1.323642 0.776358
v 0.311614 -1.350000 0.750000
f 5473 5474 5475
v 0.324661 -1.350000 0.726999
v 0.380000 -1.260000 0.747998
f 5476 5477 5470
f 5476 5470 5472
f 5475 5474 5477
f 5475 5477 5476
v 0.343658 -1.260000 0.803658
f 5478 5477 5474
v 0.327837 -1.260000 0.840000
f 5479 5478 5474
v 0.267161 -1.350000 0.840000
v 0.276959 -1.350000 0.820158
f 5480 5479 5481
f 5481 5479 5474
v 0.290000 -1.350000 0.793750
f 5481 5474 5482
f 5482 5474 5473
v 0.264892 -1.350000 0.844892
v 0.306345 -1.260000 0.886345
f 5483 5484 5479
f 5483 5479 5480
v 0.289382 -1.260000 0.960000
f 5141 5138 5485
v 0.263102 -1.350000 0.852668
f 5141 5485 5486
f 5486 5485 5484
f 5486 5484 5483
f 5137 5485 5138
v 0.284884 -1.260000 0.984884
f 5487 5485 5137
v 0.279642 -1.260000 1.080000
f 5145 5488 5137
f 5488 5487 5137
f 5144 5488 5145
v 0.283264 -1.260000 1.103264
f 5489 5488 5144
v 0.298746 -1.260000 1.200000
f 5150 5490 5144
f 5490 5489 5144
v 0.261647 -1.350000 1.159485
f 5149 5491 5150
v 0.271715 -1.350000 1.200000
f 5491 5492 5490
f 5491 5490 5150
v 0.280132 -1.350000 1.217136
v 0.336149 -1.260000 1.276149
f 5493 5494 5490
f 5493 5490 5492
v 0.283023 -1.350000 1.223023
f 5495 5494 5493
v 0.286035 -1.350000 1.230000
v 0.355079 -1.260000 1.320000
f 5496 5497 5494
f 5496 5494 5495
v 0.290000 -1.350000 1.238464
v 0.344463 -1.295537 1.320000
f 5498 5499 5497
f 5498 5497 5496
v 0.335400 -1.350000 1.320000
v 0.295224 -1.350000 1.247846
f 5500 5499 5501
f 5501 5499 5498
v 0.380000 -1.350000 1.368199
v 0.380000 -1.335578 1.364422
v 0.363899 -1.350000 1.350000
f 5502 5503 5504
v 0.380000 -1.260000 1.351184
f 5504 5503 5505
v 0.342806 -1.350000 1.327796
f 5504 5505 5506
f 5506 5505 5499
f 5506 5499 5500
f 5505 5497 5499
v 0.380000 -1.202936 -0.960000
f 5507 5443 5444
f 5445 5507 5444
v 0.321005 -1.198995 -0.898995
f 5508 5445 5448
v 0.380000 -1.140000 -0.899711
f 5509 5507 5445
f 5508 5509 5445
v 0.351763 -1.140000 -0.868237
f 5510 5509 5508
v 0.340857 -1.140000 -0.840000
f 5511 5510 5508
v 0.299403 -1.220597 -0.840000
f 5512 5511 5508
f 5449 5512 5448
f 5512 5508 5448
v 0.279330 -1.240670 -0.820670
f 5513 5449 5450
f 5513 5512 5449
v 0.313749 -1.140000 -0.786251
f 5514 5511 5512
f 5513 5514 5512
v 0.300157 -1.140000 -0.720000
f 5515 5514 5513
v 0.273678 -1.246322 -0.720000
f 5516 5515 5513
f 5451 5516 5450
f 5516 5513 5450
v 0.273075 -1.246925 -0.706925
f 5517 5451 5452
f 5517 5516 5451
v 0.298813 -1.140000 -0.681187
f 5518 5515 5516
f 5517 5518 5516
v 0.298983 -1.140000 -0.600000
f 5519 5518 5517
v 0.285560 -1.234440 -0.600000
f 5520 5519 5517
f 5453 5520 5452
f 5520 5517 5452
v 0.302692 -1.217308 -0.557308
f 5521 5453 5456
f 5521 5520 5453
v 0.319448 -1.140000 -0.540552
f 5522 5519 5520
f 5521 5522 5520
v 0.335970 -1.140000 -0.480000
f 5523 5522 5521
v 0.329119 -1.190881 -0.480000
f 5524 5523 5521
f 5458 5524 5456
f 5524 5521 5456
v 0.380000 -1.205362 -0.425362
f 5467 5525 5458
v 0.380000 -1.140000 -0.414215
f 5525 5526 5458
f 5526 5524 5458
f 5526 5523 5524
v 0.380000 -1.176283 0.840000
f 5527 5477 5478
f 5479 5527 5478
v 0.311078 -1.208922 0.891078
f 5528 5479 5484
v 0.380000 -1.140000 0.863768
f 5529 5527 5479
f 5528 5529 5479
v 0.337469 -1.140000 0.917469
f 5530 5529 5528
v 0.322552 -1.140000 0.960000
f 5531 5530 5528
v 0.293163 -1.226837 0.960000
f 5532 5531 5528
f 5485 5532 5484
f 5532 5528 5484
v 0.281593 -1.238407 0.981593
f 5533 5485 5487
f 5533 5532 5485
v 0.306183 -1.140000 1.006183
f 5534 5531 5532
f 5533 5534 5532
v 0.293624 -1.140000 1.080000
f 5535 5534 5533
v 0.276921 -1.243079 1.080000
f 5536 5535 5533
f 5488 5536 5487
f 5536 5533 5487
v 0.278320 -1.241680 1.098320
f 5537 5488 5489
f 5537 5536 5488
v 0.295923 -1.140000 1.115923
f 5538 5535 5536
f 5537 5538 5536
v 0.300821 -1.140000 1.200000
f 5539 5538 5537
v 0.291586 -1.228414 1.200000
f 5540 5539 5537
f 5490 5540 5489
f 5540 5537 5489
v 0.318779 -1.201221 1.258779
f 5541 5490 5494
f 5541 5540 5490
v 0.329697 -1.140000 1.269697
f 5542 5539 5540
f 5541 5542 5540
v 0.346748 -1.140000 1.320000
f 5543 5542 5541
v 0.341407 -1.178593 1.320000
f 5544 5543 5541
f 5497 5544 5494
f 5544 5541 5494
v 0.380000 -1.229881 1.350119
f 5505 5545 5497
v 0.380000 -1.140000 1.365285
f 5545 5546 5497
f 5546 5544 5497
f 5546 5543 5544
v 0.380000 -1.085492 -0.905492
f 5547 5509 5510
v 0.347381 -1.052619 -0.872619
f 5548 5547 5510
v 0.380000 -1.020000 -0.896808
f 5549 5547 5548
v 0.353833 -1.020000 -0.866167
f 5550 5549 5548
v 0.339612 -1.020000 -0.840000
f 5551 5550 5548
v 0.335600 -1.064400 -0.840000
f 5552 5551 5548
f 5511 5552 5510
f 5552 5548 5510
v 0.310614 -1.089386 -0.789386
f 5553 5511 5514
f 5553 5552 5511
v 0.314940 -1.020000 -0.785060
f 5554 5551 5552
f 5553 5554 5552
v 0.296335 -1.020000 -0.720000
f 5555 5554 5553
v 0.297369 -1.102631 -0.720000
f 5556 5555 5553
f 5515 5556 5514
f 5556 5553 5514
v 0.296165 -1.103835 -0.683835
f 5557 5515 5518
f 5557 5556 5515
v 0.295151 -1.020000 -0.684849
f 5558 5555 5556
f 5557 5558 5556
v 0.293214 -1.020000 -0.600000
f 5559 5558 5557
v 0.296329 -1.103671 -0.600000
f 5560 5559 5557
f 5519 5560 5518
f 5560 5557 5518
v 0.314218 -1.085782 -0.545782
f 5561 5519 5522
f 5561 5560 5519
v 0.310495 -1.020000 -0.549505
f 5562 5559 5560
f 5561 5562 5560
v 0.329222 -1.020000 -0.480000
f 5563 5562 5561
v 0.330990 -1.069010 -0.480000
f 5564 5563 5561
f 5523 5564 5522
f 5564 5561 5522
v 0.380000 -1.068110 -0.408110
f 5526 5565 5523
v 0.380000 -1.020000 -0.403166
f 5565 5566 5523
f 5566 5564 5523
f 5566 5563 5564
v 0.380000 -1.120947 0.859053
f 5567 5529 5530
v 0.329831 -1.070169 0.909831
f 5568 5567 5530
v 0.380000 -1.020000 0.852455
f 5569 5567 5568
v 0.319781 -1.020000 0.899781
f 5570 5569 5568
v 0.310014 -1.020000 0.960000
f 5571 5570 5568
v 0.314501 -1.085499 0.960000
f 5572 5571 5568
f 5531 5572 5530
f 5572 5568 5530
v 0.301154 -1.098846 1.001154
f 5573 5531 5534
f 5573 5572 5531
v 0.297142 -1.020000 0.997142
f 5574 5571 5572
f 5573 5574 5572
v 0.282780 -1.020000 1.080000
f 5575 5574 5573
v 0.289418 -1.110582 1.080000
f 5576 5575 5573
f 5535 5576 5534
f 5576 5573 5534
v 0.291264 -1.108736 1.111264
f 5577 5535 5538
f 5577 5576 5535
v 0.284321 -1.020000 1.104321
f 5578 5575 5576
f 5577 5578 5576
v 0.288703 -1.020000 1.200000
f 5579 5578 5577
v 0.295797 -1.104203 1.200000
f 5580 5579 5577
f 5539 5580 5538
f 5580 5577 5538
v 0.317741 -1.082259 1.257741
f 5581 5539 5542
f 5581 5580 5539
v 0.308819 -1.020000 1.248819
f 5582 5579 5580
f 5581 5582 5580
v 0.333139 -1.020000 1.320000
f 5583 5582 5581
v 0.336304 -1.063696 1.320000
f 5584 5583 5581
f 5543 5584 5542
f 5584 5581 5542
v 0.380000 -1.086658 1.373342
f 5546 5585 5543
v 0.380000 -1.020000 1.385342
f 5585 5586 5543
f 5586 5584 5543
f 5586 5583 5584
v 0.376344 -0.959947 -0.886836
v 0.380000 -0.957341 -0.890870
f 5587 5588 5549
f 5587 5549 5550
v 0.355860 -0.973571 -0.864140
f 5589 5587 5550
v 0.342071 -0.983492 -0.840000
v 0.349695 -0.978298 -0.853384
f 5551 5590 5591
f 5551 5591 5550
f 5591 5589 5550
v 0.315991 -1.000780 -0.784009
v 0.329386 -0.992351 -0.812351
f 5592 5593 5551
f 5592 5551 5554
f 5593 5590 5551
v 0.296886 -1.012166 -0.720000
v 0.308931 -1.005189 -0.760404
f 5555 5594 5595
f 5555 5595 5554
f 5595 5592 5554
v 0.295643 -1.012872 -0.684357
v 0.296624 -1.012322 -0.712322
f 5596 5597 5555
f 5596 5555 5558
f 5597 5594 5555
v 0.294234 -1.005555 -0.600000
v 0.295413 -1.004059 -0.647001
f 5559 5598 5599
f 5559 5599 5558
f 5599 5596 5558
v 0.315670 -0.964330 -0.544330
f 5600 5559 5562
v 0.302899 -0.977101 -0.580000
f 5600 5601 5598
f 5600 5598 5559
v 0.303926 -0.956413 -0.580000
v 0.320513 -0.900000 -0.539487
v 0.306728 -0.900000 -0.580000
f 5602 5603 5604
f 5601 5600 5603
f 5601 5603 5602
v 0.336429 -0.900000 -0.480000
f 5605 5603 5600
v 0.334266 -0.945734 -0.480000
f 5606 5605 5600
f 5563 5606 5562
f 5606 5600 5562
v 0.380000 -0.949072 -0.409072
f 5566 5607 5563
v 0.380000 -0.900000 -0.414215
f 5607 5608 5563
f 5608 5606 5563
f 5608 5605 5606
v 0.332149 -0.900000 0.000000
f 5156 5609 5153
f 5609 5154 5153
v 0.380000 -0.912371 0.107629
v 0.380000 -0.915228 0.120000
v 0.363735 -0.916265 0.103735
f 5610 5611 5612
v 0.380000 -0.900000 0.061114
f 5613 5610 5612
f 5609 5613 5154
f 5613 5612 5154
f 5612 5158 5154
v 0.358171 -0.921829 0.120000
f 5614 5159 5158
f 5612 5614 5158
f 5611 5614 5612
v 0.380000 -0.931509 0.208491
v 0.380000 -0.936552 0.240000
v 0.337683 -0.942317 0.197683
f 5615 5616 5617
f 5611 5615 5614
f 5615 5617 5614
f 5617 5159 5614
f 5617 5162 5159
v 0.327640 -0.952360 0.240000
f 5618 5163 5162
f 5617 5618 5162
f 5616 5618 5617
v 0.380000 -0.944275 0.315725
v 0.380000 -0.948222 0.360000
v 0.319019 -0.960981 0.299019
f 5619 5620 5621
f 5616 5619 5618
f 5619 5621 5618
f 5621 5163 5618
f 5621 5166 5163
v 0.310953 -0.969047 0.360000
f 5622 5167 5166
f 5621 5622 5166
f 5620 5622 5621
v 0.380000 -0.949652 0.430348
v 0.380000 -0.950540 0.480000
v 0.309512 -0.970488 0.409512
f 5623 5624 5625
f 5620 5623 5622
f 5623 5625 5622
f 5625 5167 5622
f 5625 5170 5167
v 0.307640 -0.972360 0.480000
f 5626 5171 5170
f 5625 5626 5170
f 5624 5626 5625
v 0.380000 -0.946055 0.553945
v 0.380000 -0.943570 0.600000
v 0.312170 -0.967830 0.532170
f 5627 5628 5629
f 5624 5627 5626
f 5627 5629 5626
f 5629 5171 5626
f 5629 5174 5171
v 0.317604 -0.962396 0.600000
f 5630 5175 5174
f 5629 5630 5174
f 5628 5630 5629
v 0.380000 -0.931058 0.688942
v 0.380000 -0.933553 0.720000
v 0.332136 -0.947864 0.672136
f 5631 5632 5633
f 5628 5631 5630
f 5631 5633 5630
f 5633 5175 5630
f 5633 5178 5175
v 0.341133 -0.938867 0.720000
f 5634 5179 5178
f 5633 5634 5178
f 5632 5634 5633
v 0.380000 -0.929893 0.810107
v 0.380000 -0.989897 0.840000
v 0.345138 -0.934862 0.805138
f 5635 5636 5637
f 5632 5635 5634
f 5635 5637 5634
f 5637 5179 5634
f 5637 5182 5179
v 0.348995 -0.931005 0.840000
f 5638 5183 5182
f 5637 5638 5182
f 5636 5638 5637
v 0.380000 -1.007054 0.852946
f 5639 5569 5570
v 0.321077 -0.958923 0.901077
f 5640 5639 5570
f 5636 5639 5638
f 5639 5640 5638
f 5640 5183 5638
f 5640 5186 5183
v 0.311278 -0.968722 0.960000
f 5641 5187 5186
f 5640 5641 5186
f 5571 5641 5570
f 5641 5640 5570
v 0.298032 -0.981968 0.998032
f 5642 5571 5574
f 5642 5641 5571
f 5642 5187 5641
v 0.266144 -0.900000 1.080000
f 5643 5190 5187
f 5642 5643 5187
v 0.283423 -0.996577 1.080000
f 5644 5643 5642
f 5575 5644 5574
f 5644 5642 5574
v 0.285036 -0.994964 1.105036
f 5645 5575 5578
f 5645 5644 5575
v 0.266649 -0.900000 1.086649
f 5646 5643 5644
f 5645 5646 5644
v 0.286531 -0.900000 1.200000
f 5647 5646 5645
v 0.289507 -0.990493 1.200000
f 5648 5647 5645
f 5579 5648 5578
f 5648 5645 5578
v 0.310845 -0.969155 1.250845
f 5649 5579 5582
f 5649 5648 5579
v 0.306831 -0.900000 1.246831
f 5650 5647 5648
f 5649 5650 5648
v 0.334848 -0.900000 1.320000
f 5651 5650 5649
v 0.335109 -0.944891 1.320000
f 5652 5651 5649
f 5583 5652 5582
f 5652 5649 5582
v 0.380000 -0.956562 1.383438
f 5586 5653 5583
v 0.380000 -0.900000 1.381356
f 5653 5654 5583
f 5654 5652 5583
f 5654 5651 5652
v 0.343073 -0.816927 -0.516927
v 0.310311 -0.880000 -0.580000
f 5655 5656 5604
f 5655 5604 5603
v 0.318080 -0.841920 -0.580000
f 5656 5655 5657
v 0.318397 -0.833471 -0.580000
v 0.345312 -0.780000 -0.514688
v 0.320403 -0.780000 -0.580000
f 5658 5659 5660
f 5657 5655 5659
f 5657 5659 5658
v 0.346993 -0.780000 -0.480000
f 5661 5659 5655
v 0.355406 -0.804594 -0.480000
f 5662 5661 5655
f 5605 5662 5603
f 5662 5655 5603
v 0.380000 -0.827469 -0.407469
f 5608 5663 5605
v 0.380000 -0.780000 -0.430968
f 5663 5664 5605
f 5664 5662 5605
f 5664 5661 5662
v 0.380000 -0.781413 -0.241413
v 0.380000 -0.780578 -0.240000
v 0.379495 -0.780505 -0.240505
f 5665 5666 5667
v 0.380000 -0.780000 -0.241774
f 5665 5668 5667
v 0.377495 -0.780000 -0.242505
f 5669 5668 5667
f 5196 5669 5193
f 5669 5667 5193
v 0.379234 -0.780766 -0.240000
f 5670 5194 5193
f 5667 5670 5193
f 5666 5670 5667
v 0.380000 -0.825081 -0.165081
v 0.380000 -0.838280 -0.120000
v 0.326732 -0.833268 -0.173268
f 5671 5672 5673
f 5666 5671 5670
f 5671 5673 5670
f 5673 5194 5670
f 5673 5198 5194
v 0.289473 -0.870527 -0.120000
f 5674 5199 5198
f 5673 5674 5198
f 5672 5674 5673
v 0.380000 -0.856238 -0.076238
v 0.380000 -0.883007 0.000000
v 0.278000 -0.882000 -0.102000
f 5675 5676 5677
f 5672 5675 5674
f 5675 5677 5674
f 5677 5199 5674
f 5677 5201 5199
f 5677 5156 5201
f 5676 5609 5156
f 5677 5676 5156
v 0.380000 -0.887070 0.012930
f 5678 5613 5609
f 5676 5678 5609
v 0.267243 -0.892757 1.080000
f 5679 5202 5190
f 5643 5679 5190
v 0.268663 -0.891337 1.088663
f 5680 5643 5646
f 5680 5679 5643
f 5680 5202 5679
f 5680 5204 5202
v 0.292823 -0.867177 1.200000
f 5681 5205 5204
f 5680 5681 5204
f 5647 5681 5646
f 5681 5680 5646
v 0.326703 -0.833297 1.266703
f 5682 5647 5650
f 5682 5681 5647
f 5682 5205 5681
v 0.337396 -0.780000 1.320000
f 5683 5208 5205
f 5682 5683 5205
v 0.351708 -0.808292 1.320000
f 5684 5683 5682
f 5651 5684 5650
f 5684 5682 5650
v 0.380000 -0.848896 1.371104
f 5654 5685 5651
v 0.380000 -0.780000 1.353002
f 5685 5686 5651
f 5686 5684 5651
f 5686 5683 5684
v 0.351036 -0.688964 -0.508964
v 0.321181 -0.760000 -0.580000
f 5687 5688 5660
f 5687 5660 5659
v 0.337199 -0.702801 -0.580000
f 5688 5687 5689
v 0.280000 -0.700775 -0.580000
f 5689 5687 5690
f 5690 5687 5210
f 5690 5210 5213
v 0.352529 -0.687471 -0.480000
f 5691 5211 5210
f 5687 5691 5210
f 5661 5691 5659
f 5691 5687 5659
v 0.380000 -0.722929 -0.360000
f 5664 5692 5661
v 0.334741 -0.705259 -0.405259
f 5692 5693 5661
f 5693 5691 5661
f 5693 5211 5691
f 5693 5218 5211
v 0.306751 -0.733249 -0.360000
f 5694 5219 5218
f 5693 5694 5218
f 5692 5694 5693
v 0.380000 -0.752468 -0.332468
f 5695 5668 5669
v 0.280790 -0.759210 -0.339210
f 5696 5695 5669
f 5692 5695 5694
f 5695 5696 5694
f 5696 5219 5694
f 5696 5221 5219
f 5696 5196 5221
f 5696 5669 5196
v 0.340860 -0.699140 1.320000
f 5697 5222 5208
f 5683 5697 5208
v 0.380000 -0.745213 1.354787
f 5686 5698 5683
v 0.380000 -0.660000 1.351698
f 5698 5699 5683
f 5699 5697 5683
v 0.308467 -0.660000 1.368467
f 5699 5700 5697
f 5700 5222 5697
f 5700 5224 5222
v 0.380000 -0.574088 1.405912
v 0.359155 -0.560845 1.419155
f 5701 5702 5700
f 5699 5701 5700
v 0.380000 -0.540000 1.428060
f 5701 5703 5702
v 0.372389 -0.540000 1.432389
f 5703 5704 5702
v 0.357182 -0.540000 1.440000
f 5704 5705 5702
f 5702 5705 5224
f 5705 5226 5224
f 5700 5702 5224
v 0.292451 -0.540000 1.472451
f 5705 5706 5226
f 5706 5228 5226
v 0.380000 -0.522800 1.440000
f 5703 5707 5704
f 5707 5705 5704
v 0.314858 -0.485142 1.494858
f 5705 5708 5706
v 0.380000 -0.420000 1.504998
f 5709 5708 5705
f 5707 5709 5705
v 0.343446 -0.420000 1.523446
f 5709 5710 5708
v 0.260874 -0.420000 1.560000
f 5710 5711 5708
f 5708 5711 5228
f 5711 5230 5228
f 5706 5708 5228
v 0.260271 -0.420000 1.560271
f 5711 5712 5230
f 5712 5232 5230
v 0.380000 -0.313001 1.546999
v 0.372899 -0.307101 1.552899
f 5713 5714 5710
f 5709 5713 5710
v 0.380000 -0.300000 1.552379
f 5713 5715 5714
v 0.374944 -0.300000 1.554944
f 5715 5716 5714
v 0.363466 -0.300000 1.560000
f 5716 5717 5714
v 0.265834 -0.414166 1.560000
f 5717 5718 5714
f 5714 5718 5710
f 5718 5711 5710
v 0.260358 -0.419642 1.560358
f 5711 5719 5712
f 5718 5719 5711
v 0.292204 -0.300000 1.592204
f 5720 5719 5718
f 5717 5720 5718
f 5719 5720 5234
f 5720 5236 5234
f 5232 5719 5234
f 5712 5719 5232
v 0.380000 -0.256796 1.560000
f 5715 5721 5716
f 5721 5717 5716
v 0.296153 -0.263847 1.596153
f 5717 5722 5720
v 0.380000 -0.180000 1.573093
f 5723 5722 5717
f 5721 5723 5717
v 0.306413 -0.180000 1.606413
f 5723 5724 5722
f 5722 5724 5238
f 5724 5240 5238
f 5236 5722 5238
f 5720 5722 5236
v 0.380000 -0.167306 1.572694
v 0.305430 -0.134570 1.605430
f 5725 5726 5724
f 5723 5725 5724
v 0.380000 -0.060000 1.569002
f 5725 5727 5726
v 0.303587 -0.060000 1.603587
f 5727 5728 5726
f 5726 5728 5242
f 5728 5244 5242
f 5240 5726 5242
f 5724 5726 5240
v 0.380000 -0.022163 1.560000
v 0.380000 0.043984 1.543984
v 0.368636 0.048636 1.548636
f 5729 5730 5731
v 0.380000 0.060000 1.539632
f 5730 5732 5731
v 0.366480 0.060000 1.546480
f 5732 5733 5731
v 0.335832 0.060000 1.560000
f 5733 5734 5731
v 0.351692 0.031692 1.560000
f 5734 5735 5731
f 5735 5729 5731
v 0.380000 -0.052612 1.567388
v 0.297892 -0.022108 1.597892
f 5736 5737 5728
f 5727 5736 5728
f 5737 5736 5735
f 5736 5729 5735
v 0.283585 0.060000 1.583585
f 5738 5737 5735
f 5734 5738 5735
f 5737 5738 5246
f 5738 5248 5246
f 5244 5737 5246
f 5728 5737 5244
v 0.380000 0.128858 1.508858
v 0.342120 0.142120 1.522120
f 5739 5740 5733
f 5732 5739 5733
v 0.380000 0.180000 1.482901
f 5739 5741 5740
v 0.328724 0.180000 1.508724
f 5741 5742 5740
f 5740 5742 5251
f 5742 5253 5251
v 0.298511 0.098511 1.560000
f 5743 5740 5251
f 5250 5743 5251
f 5740 5743 5733
f 5743 5734 5733
v 0.278456 0.078456 1.578456
f 5734 5744 5738
f 5743 5744 5734
f 5250 5744 5743
f 5257 5744 5250
f 5248 5744 5257
f 5738 5744 5248
v 0.380000 0.240923 1.440000
v 0.380000 0.275061 1.415061
v 0.361259 0.281259 1.421259
f 5745 5746 5747
v 0.380000 0.300000 1.393993
f 5746 5748 5747
v 0.350643 0.300000 1.410643
f 5748 5749 5747
v 0.292156 0.300000 1.440000
f 5749 5750 5747
v 0.345556 0.265556 1.440000
f 5750 5751 5747
f 5751 5745 5747
v 0.380000 0.205983 1.465983
v 0.307957 0.227957 1.487957
f 5752 5753 5742
f 5741 5752 5742
f 5753 5752 5751
f 5752 5745 5751
v 0.270720 0.300000 1.450720
f 5754 5753 5751
f 5750 5754 5751
f 5753 5754 5260
f 5754 5262 5260
f 5253 5753 5260
f 5742 5753 5253
v 0.380000 0.371693 1.320000
v 0.380000 0.394727 1.294727
v 0.360736 0.400736 1.300736
f 5755 5756 5757
v 0.380000 0.420000 1.262322
f 5756 5758 5757
v 0.344983 0.420000 1.284983
f 5758 5759 5757
v 0.284574 0.420000 1.320000
f 5759 5760 5757
v 0.348825 0.388825 1.320000
f 5760 5761 5757
f 5761 5755 5757
v 0.380000 0.337725 1.357725
v 0.316180 0.356180 1.376180
f 5762 5763 5749
f 5748 5762 5749
f 5763 5762 5761
f 5762 5755 5761
v 0.268844 0.420000 1.328844
f 5764 5763 5761
f 5760 5764 5761
f 5763 5764 5267
f 5764 5269 5267
v 0.271340 0.311340 1.440000
f 5765 5763 5267
f 5266 5765 5267
f 5763 5765 5749
f 5765 5750 5749
v 0.266825 0.306825 1.446825
f 5750 5766 5754
f 5765 5766 5750
f 5266 5766 5765
f 5272 5766 5266
f 5262 5766 5272
f 5754 5766 5262
v 0.380000 0.531590 1.080000
v 0.380000 0.534466 1.074466
v 0.375794 0.535794 1.075794
f 5767 5768 5769
v 0.380000 0.540000 1.061925
f 5768 5770 5769
v 0.370543 0.540000 1.070543
f 5770 5771 5769
v 0.359159 0.540000 1.080000
f 5771 5772 5769
v 0.374202 0.534202 1.080000
f 5772 5773 5769
f 5773 5767 5769
v 0.380000 0.462986 1.200000
v 0.380000 0.492657 1.152657
v 0.343393 0.503393 1.163393
f 5774 5775 5776
f 5776 5775 5773
f 5775 5767 5773
v 0.302597 0.540000 1.122597
f 5777 5776 5773
f 5772 5777 5773
f 5776 5777 5275
f 5777 5277 5275
v 0.326753 0.486753 1.200000
f 5778 5776 5275
f 5274 5778 5275
f 5778 5774 5776
v 0.380000 0.446347 1.226347
v 0.306465 0.466465 1.246465
f 5779 5780 5759
f 5758 5779 5759
f 5780 5779 5778
f 5779 5774 5778
f 5274 5780 5778
f 5282 5780 5274
v 0.267540 0.427540 1.320000
f 5781 5780 5282
f 5281 5781 5282
f 5780 5781 5759
f 5781 5760 5759
v 0.265011 0.425011 1.325011
f 5760 5782 5764
f 5781 5782 5760
f 5281 5782 5781
f 5286 5782 5281
f 5269 5782 5286
f 5764 5782 5269
v 0.380000 0.600368 -0.240000
v 0.380000 0.628338 -0.271662
v 0.357127 0.637127 -0.262873
f 5783 5784 5785
v 0.380000 0.660000 -0.284103
f 5784 5786 5785
v 0.348267 0.660000 -0.271733
f 5786 5787 5785
v 0.272229 0.660000 -0.240000
f 5787 5788 5785
v 0.345840 0.625840 -0.240000
f 5788 5789 5785
f 5789 5783 5785
v 0.380000 0.568841 -0.120000
v 0.380000 0.578100 -0.201900
v 0.324309 0.604309 -0.175691
f 5790 5791 5792
f 5792 5791 5789
f 5791 5783 5789
v 0.265947 0.660000 -0.234053
f 5793 5792 5789
f 5788 5793 5789
f 5792 5793 5289
f 5793 5291 5289
v 0.316185 0.596185 -0.120000
f 5794 5792 5289
f 5288 5794 5289
f 5794 5790 5792
v 0.380000 0.602676 0.000000
v 0.380000 0.578061 -0.081939
v 0.327658 0.607658 -0.052342
f 5795 5796 5797
f 5797 5796 5794
f 5796 5790 5794
f 5288 5797 5794
f 5295 5797 5288
v 0.338424 0.618424 0.000000
f 5798 5797 5295
f 5294 5798 5295
f 5798 5795 5797
v 0.380000 0.635071 0.120000
v 0.380000 0.625046 0.085046
v 0.356913 0.636913 0.096913
f 5799 5800 5801
f 5801 5800 5798
f 5800 5795 5798
f 5294 5801 5798
v 0.305579 0.660000 0.120000
f 5802 5801 5294
f 5299 5802 5294
v 0.361949 0.641949 0.120000
f 5802 5803 5801
f 5803 5799 5801
v 0.380000 0.656835 0.240000
v 0.380000 0.656043 0.236043
v 0.377299 0.657299 0.237299
f 5804 5805 5806
f 5806 5805 5803
f 5805 5799 5803
v 0.358981 0.660000 0.218981
f 5807 5806 5803
f 5802 5807 5803
v 0.370532 0.660000 0.240000
f 5807 5808 5806
v 0.377711 0.657711 0.240000
f 5808 5809 5806
f 5809 5804 5806
v 0.380000 0.660000 0.271757
f 5810 5804 5809
f 5808 5810 5809
v 0.380000 0.647232 0.720000
v 0.380000 0.648987 0.708987
v 0.371764 0.651764 0.711764
f 5811 5812 5813
v 0.380000 0.660000 0.628828
f 5812 5814 5813
v 0.353431 0.660000 0.693431
f 5814 5815 5813
v 0.341843 0.660000 0.720000
f 5815 5816 5813
v 0.370762 0.650762 0.720000
f 5816 5817 5813
f 5817 5811 5813
v 0.380000 0.620255 0.840000
v 0.380000 0.628222 0.808222
v 0.355822 0.635822 0.815822
f 5818 5819 5820
f 5820 5819 5817
f 5819 5811 5817
v 0.309785 0.660000 0.769785
f 5821 5820 5817
f 5816 5821 5817
v 0.261493 0.660000 0.840000
f 5821 5822 5820
v 0.351198 0.631198 0.840000
f 5822 5823 5820
f 5823 5818 5820
v 0.380000 0.582219 0.960000
v 0.380000 0.602034 0.902034
v 0.335194 0.615194 0.915194
f 5824 5825 5826
f 5826 5825 5823
f 5825 5818 5823
v 0.260796 0.660000 0.840796
f 5827 5826 5823
f 5822 5827 5823
f 5826 5827 5301
f 5827 5303 5301
v 0.323536 0.603536 0.960000
f 5828 5826 5301
f 5300 5828 5301
f 5828 5824 5826
v 0.380000 0.570763 0.990763
v 0.310015 0.590015 1.010015
f 5829 5830 5771
f 5770 5829 5771
f 5830 5829 5828
f 5829 5824 5828
f 5300 5830 5828
f 5307 5830 5300
v 0.287040 0.567040 1.080000
f 5831 5830 5307
f 5306 5831 5307
f 5830 5831 5771
f 5831 5772 5771
v 0.280353 0.560353 1.100353
f 5772 5832 5777
f 5831 5832 5772
f 5306 5832 5831
f 5310 5832 5306
f 5277 5832 5310
f 5777 5832 5277
v 0.380000 0.712616 -0.307384
v 0.326952 0.726952 -0.293048
f 5833 5834 5787
f 5786 5833 5787
v 0.380000 0.780000 -0.319335
f 5833 5835 5834
v 0.318403 0.780000 -0.301597
f 5835 5836 5834
f 5834 5836 5315
f 5836 5317 5315
v 0.265876 0.665876 -0.240000
f 5837 5834 5315
f 5314 5837 5315
f 5834 5837 5787
f 5837 5788 5787
v 0.262865 0.662865 -0.237135
f 5788 5838 5793
f 5837 5838 5788
f 5314 5838 5837
f 5320 5838 5314
f 5291 5838 5320
f 5793 5838 5291
v 0.271161 0.671161 0.120000
f 5324 5839 5299
f 5839 5802 5299
v 0.272651 0.672651 0.132651
f 5802 5840 5807
f 5839 5840 5802
f 5324 5840 5839
f 5327 5840 5324
v 0.287132 0.687132 0.240000
f 5841 5840 5327
f 5326 5841 5327
f 5840 5841 5807
f 5841 5808 5807
v 0.289018 0.689018 0.269018
v 0.380000 0.668467 0.360000
f 5842 5843 5808
f 5843 5810 5808
f 5841 5842 5808
f 5326 5842 5841
f 5331 5842 5326
v 0.295884 0.695884 0.360000
f 5844 5842 5331
f 5330 5844 5331
f 5844 5843 5842
v 0.380000 0.670763 0.480000
v 0.380000 0.668614 0.368614
v 0.296353 0.696353 0.396353
f 5845 5846 5847
f 5847 5846 5844
f 5846 5843 5844
f 5330 5847 5844
f 5335 5847 5330
v 0.297623 0.697623 0.480000
f 5848 5847 5335
f 5334 5848 5335
f 5848 5845 5847
v 0.380000 0.663861 0.600000
v 0.380000 0.670239 0.490239
v 0.296224 0.696224 0.516224
f 5849 5850 5851
f 5851 5850 5848
f 5850 5845 5848
f 5334 5851 5848
f 5339 5851 5334
v 0.292394 0.692394 0.600000
f 5852 5851 5339
f 5338 5852 5339
f 5852 5849 5851
v 0.380000 0.663450 0.603450
v 0.289723 0.689723 0.629723
f 5853 5854 5815
f 5814 5853 5815
f 5854 5853 5852
f 5853 5849 5852
f 5338 5854 5852
f 5343 5854 5338
v 0.280068 0.680068 0.720000
f 5855 5854 5343
f 5342 5855 5343
f 5854 5855 5815
f 5855 5816 5815
v 0.277587 0.677587 0.737587
f 5816 5856 5821
f 5855 5856 5816
f 5342 5856 5855
f 5347 5856 5342
v 0.260365 0.660365 0.840000
f 5857 5856 5347
f 5346 5857 5347
f 5856 5857 5821
f 5857 5822 5821
v 0.260306 0.660306 0.840306
f 5822 5858 5827
f 5857 5858 5822
f 5346 5858 5857
f 5350 5858 5346
f 5303 5858 5350
f 5827 5858 5303
v 0.380000 0.811995 -0.328005
v 0.308251 0.828251 -0.311749
f 5859 5860 5836
f 5835 5859 5836
v 0.380000 0.900000 -0.355055
f 5859 5861 5860
v 0.290432 0.900000 -0.329568
f 5861 5862 5860
f 5860 5862 5352
f 5862 5354 5352
f 5317 5860 5352
f 5836 5860 5317
v 0.380000 0.911519 -0.360000
v 0.380000 0.986461 -0.393539
v 0.352814 0.992814 -0.387186
f 5863 5864 5865
v 0.380000 1.020000 -0.411457
f 5864 5866 5865
v 0.341450 1.020000 -0.398550
f 5866 5867 5865
f 5865 5867 5357
f 5867 5359 5357
v 0.314760 0.954760 -0.360000
f 5868 5865 5357
f 5356 5868 5357
f 5868 5863 5865
v 0.380000 0.903573 -0.356427
v 0.283426 0.923426 -0.336574
f 5869 5870 5862
f 5861 5869 5862
f 5870 5869 5868
f 5869 5863 5868
f 5356 5870 5868
f 5363 5870 5356
f 5354 5870 5363
f 5862 5870 5354
v 0.349157 1.109157 -1.738931
v 0.380000 1.140000 -1.707705
v 0.369082 1.101783 -1.737098
f 5871 5872 5873
v 0.380000 1.098765 -1.735408
f 5873 5872 5874
v 0.319032 1.120045 -1.740968
v 0.339350 1.140000 -1.720650
v 0.326934 1.117592 -1.740154
f 5875 5876 5877
f 5877 5876 5872
f 5877 5872 5871
f 5368 5367 5876
f 5368 5876 5875
v 0.380000 1.124618 -0.480000
v 0.380000 1.133614 -0.486386
v 0.374849 1.134849 -0.485151
f 5878 5879 5880
v 0.380000 1.140000 -0.491868
f 5879 5881 5880
v 0.371547 1.140000 -0.488453
f 5881 5882 5880
v 0.347465 1.140000 -0.480000
f 5882 5883 5880
v 0.369820 1.129820 -0.480000
f 5883 5884 5880
f 5884 5878 5880
v 0.380000 1.063111 -0.436889
v 0.316486 1.076486 -0.423514
f 5885 5886 5867
f 5866 5885 5867
f 5886 5885 5884
f 5885 5878 5884
v 0.281769 1.140000 -0.458231
f 5887 5886 5884
f 5883 5887 5884
f 5886 5887 5370
f 5887 5372 5370
f 5359 5886 5370
f 5867 5886 5359
v 0.380000 1.172491 -1.680000
f 5888 5872 5876
v 0.318091 1.198091 -1.680000
f 5377 5889 5367
f 5889 5888 5367
f 5888 5876 5367
v 0.380000 1.260000 -1.588667
f 5890 5888 5889
v 0.332585 1.260000 -1.607415
f 5377 5891 5889
f 5891 5890 5889
f 5381 5891 5377
v 0.380000 1.251601 -0.600000
v 0.380000 1.255562 -0.604438
v 0.376430 1.256430 -0.603570
f 5892 5893 5894
v 0.380000 1.260000 -0.610438
f 5893 5895 5894
v 0.373077 1.260000 -0.606923
f 5895 5896 5894
v 0.357757 1.260000 -0.600000
f 5896 5897 5894
v 0.374072 1.254072 -0.600000
f 5897 5898 5894
f 5898 5892 5894
v 0.380000 1.197349 -0.542651
v 0.328404 1.208404 -0.531596
f 5899 5900 5882
f 5881 5899 5882
f 5900 5899 5898
f 5899 5892 5898
v 0.287889 1.260000 -0.572111
f 5901 5900 5898
f 5897 5901 5898
f 5900 5901 5384
f 5901 5386 5384
v 0.285518 1.165518 -0.480000
f 5902 5900 5384
f 5383 5902 5384
f 5900 5902 5882
f 5902 5883 5882
v 0.274031 1.154031 -0.465969
f 5883 5903 5887
f 5902 5903 5883
f 5383 5903 5902
f 5389 5903 5383
f 5372 5903 5389
f 5887 5903 5372
v 0.380000 1.283269 -1.560000
f 5904 5890 5891
v 0.308293 1.308293 -1.560000
f 5391 5905 5381
f 5905 5904 5381
f 5904 5891 5381
v 0.380000 1.357600 -1.440000
v 0.380000 1.319183 -1.500817
v 0.347780 1.347780 -1.472220
f 5906 5907 5908
f 5908 5907 5905
f 5907 5904 5905
f 5391 5908 5905
v 0.308581 1.380000 -1.440000
f 5909 5908 5391
f 5393 5909 5391
v 0.363438 1.363438 -1.440000
f 5909 5910 5908
f 5910 5906 5908
v 0.380000 1.380000 -1.386580
f 5911 5906 5910
f 5909 5911 5910
v 0.380000 1.335812 -0.720000
v 0.380000 1.351301 -0.748699
v 0.356928 1.356928 -0.743072
f 5912 5913 5914
v 0.380000 1.380000 -0.808892
f 5913 5915 5914
v 0.325609 1.380000 -0.774391
f 5915 5916 5914
f 5914 5916 5396
f 5916 5398 5396
v 0.347302 1.347302 -0.720000
f 5917 5914 5396
f 5395 5917 5396
f 5917 5912 5914
v 0.380000 1.306637 -0.673363
v 0.319676 1.319676 -0.660324
f 5918 5919 5896
f 5895 5918 5896
f 5919 5918 5917
f 5918 5912 5917
f 5395 5919 5917
f 5403 5919 5395
v 0.285226 1.285226 -0.600000
f 5920 5919 5403
f 5402 5920 5403
f 5919 5920 5896
f 5920 5897 5896
v 0.275841 1.275841 -0.584159
f 5897 5921 5901
f 5920 5921 5897
f 5402 5921 5920
f 5407 5921 5402
f 5386 5921 5407
f 5901 5921 5386
v 0.271236 1.391236 -1.440000
f 5409 5922 5393
f 5922 5909 5393
v 0.275543 1.395543 -1.424457
v 0.380000 1.405708 -1.320000
f 5923 5924 5909
f 5924 5911 5909
f 5922 5923 5909
f 5409 5923 5922
f 5412 5923 5409
v 0.307624 1.427624 -1.320000
f 5925 5923 5412
f 5411 5925 5412
f 5925 5924 5923
v 0.380000 1.440253 -1.200000
v 0.380000 1.419326 -1.280674
v 0.324865 1.444865 -1.255135
f 5926 5927 5928
f 5928 5927 5925
f 5927 5924 5925
f 5411 5928 5925
f 5416 5928 5411
v 0.335848 1.455848 -1.200000
f 5929 5928 5416
f 5415 5929 5416
f 5929 5926 5928
v 0.380000 1.488984 -1.080000
v 0.380000 1.486887 -1.093113
v 0.371938 1.491938 -1.088062
f 5930 5931 5932
f 5932 5931 5929
f 5931 5926 5929
f 5415 5932 5929
f 5420 5932 5415
v 0.372500 1.492500 -1.080000
f 5933 5932 5420
f 5419 5933 5420
f 5933 5930 5932
v 0.380000 1.491363 -0.960000
v 0.380000 1.492469 -0.967531
v 0.374925 1.494925 -0.965075
f 5934 5935 5936
f 5936 5935 5933
f 5935 5930 5933
f 5419 5936 5933
f 5424 5936 5419
v 0.374086 1.494086 -0.960000
f 5937 5936 5424
f 5423 5937 5424
f 5937 5934 5936
v 0.380000 1.401743 -0.840000
v 0.380000 1.436306 -0.903694
v 0.328333 1.448333 -0.891667
f 5938 5939 5940
f 5940 5939 5937
f 5939 5934 5937
f 5423 5940 5937
f 5428 5940 5423
v 0.311924 1.431924 -0.840000
f 5941 5940 5428
f 5427 5941 5428
f 5941 5938 5940
v 0.380000 1.390887 -0.829113
v 0.290709 1.410709 -0.809291
f 5942 5943 5916
f 5915 5942 5916
f 5943 5942 5941
f 5942 5938 5941
f 5427 5943 5941
f 5431 5943 5427
f 5398 5943 5431
f 5916 5943 5398
v 0.486857 -1.350000 -1.213143
v 0.500000 -1.323193 -1.200000
v 0.500000 -1.350000 -1.218713
f 5944 5945 5946
v 0.464168 -1.350000 -1.200000
f 5947 5945 5944
v 0.413460 -1.350000 -1.166540
v 0.418558 -1.341442 -1.161442
v 0.419781 -1.350000 -1.170000
f 5948 5949 5950
v 0.443050 -1.350000 -1.185727
v 0.500000 -1.260000 -1.142908
f 5951 5952 5945
f 5951 5945 5947
f 5950 5949 5952
f 5950 5952 5951
v 0.460232 -1.260000 -1.119768
f 5953 5952 5949
v 0.408516 -1.260000 -1.080000
f 5954 5953 5949
f 5437 5436 5954
v 0.387129 -1.350000 -1.148712
f 5437 5954 5955
f 5955 5954 5949
v 0.410000 -1.350000 -1.163700
f 5955 5949 5956
f 5956 5949 5948
v 0.392945 -1.260000 -1.067055
f 5957 5954 5436
f 5443 5957 5436
v 0.455843 -1.260000 -0.360000
f 5958 5467 5465
v 0.410000 -1.350000 -0.387627
v 0.446320 -1.313680 -0.360000
f 5464 5959 5960
f 5464 5960 5465
f 5960 5958 5465
v 0.448195 -1.350000 -0.360000
f 5961 5960 5959
v 0.500000 -1.350000 -0.334451
v 0.500000 -1.260000 -0.332158
v 0.462309 -1.350000 -0.353040
f 5962 5963 5964
f 5964 5963 5960
f 5964 5960 5961
f 5963 5958 5960
v 0.480248 -1.350000 0.580248
v 0.500000 -1.306798 0.600000
v 0.500000 -1.350000 0.570211
f 5965 5966 5967
v 0.451899 -1.350000 0.600000
f 5968 5966 5965
v 0.411768 -1.350000 0.631768
v 0.413928 -1.346072 0.633928
v 0.414457 -1.350000 0.630000
f 5969 5970 5971
v 0.438873 -1.350000 0.610437
v 0.500000 -1.260000 0.641748
f 5972 5973 5966
f 5972 5966 5968
f 5971 5970 5973
f 5971 5973 5972
v 0.453875 -1.260000 0.673875
f 5974 5973 5970
v 0.404096 -1.260000 0.720000
f 5975 5974 5970
f 5471 5470 5975
v 0.386024 -1.350000 0.652719
f 5471 5975 5976
f 5976 5975 5970
v 0.410000 -1.350000 0.633507
f 5976 5970 5977
f 5977 5970 5969
v 0.391321 -1.260000 0.731321
f 5978 5975 5470
f 5477 5978 5470
v 0.482980 -1.260000 1.440000
f 5979 5505 5503
v 0.410000 -1.350000 1.395982
v 0.476269 -1.283731 1.440000
f 5502 5980 5981
f 5502 5981 5503
f 5981 5979 5503
v 0.468282 -1.350000 1.440000
f 5982 5981 5980
v 0.500000 -1.350000 1.456562
v 0.500000 -1.260000 1.450898
v 0.473500 -1.350000 1.442725
f 5983 5984 5985
f 5985 5984 5981
f 5985 5981 5982
f 5984 5979 5981
v 0.500000 -1.216257 -1.080000
f 5986 5952 5953
f 5954 5986 5953
v 0.410697 -1.229303 -1.049303
f 5987 5954 5957
v 0.500000 -1.140000 -1.001062
f 5988 5986 5954
f 5987 5988 5954
v 0.472507 -1.140000 -0.987493
f 5989 5988 5987
v 0.445001 -1.140000 -0.960000
f 5990 5989 5987
f 5507 5990 5443
f 5990 5987 5443
f 5987 5957 5443
v 0.404703 -1.140000 -0.935297
f 5991 5990 5507
f 5509 5991 5507
v 0.435555 -1.140000 -0.360000
f 5992 5526 5525
v 0.437970 -1.202030 -0.360000
f 5467 5993 5525
f 5993 5992 5525
f 5958 5993 5467
v 0.500000 -1.231695 -0.331695
f 5963 5994 5958
v 0.500000 -1.140000 -0.316564
f 5994 5995 5958
f 5995 5993 5958
f 5995 5992 5993
v 0.500000 -1.193560 0.720000
f 5996 5973 5974
f 5975 5996 5974
v 0.395375 -1.244625 0.735375
f 5997 5975 5978
v 0.500000 -1.140000 0.758451
f 5998 5996 5975
f 5997 5998 5975
v 0.447420 -1.140000 0.787420
f 5999 5998 5997
v 0.400769 -1.140000 0.840000
f 6000 5999 5997
f 5527 6000 5477
f 6000 5997 5477
f 5997 5978 5477
v 0.389170 -1.140000 0.849170
f 6001 6000 5527
f 5529 6001 5527
v 0.460213 -1.140000 1.440000
f 6002 5546 5545
v 0.458963 -1.181037 1.440000
f 5505 6003 5545
f 6003 6002 5545
f 5979 6003 5505
v 0.500000 -1.249929 1.450071
f 5984 6004 5979
v 0.500000 -1.140000 1.466838
f 6004 6005 5979
f 6005 6003 5979
f 6005 6002 6003
v 0.500000 -1.063374 -1.003374
f 6006 5988 5989
v 0.470675 -1.049325 -0.989325
f 6007 6006 5989
v 0.500000 -1.020000 -0.991378
f 6008 6006 6007
v 0.478675 -1.020000 -0.981325
f 6009 6008 6007
v 0.451052 -1.020000 -0.960000
f 6010 6009 6007
v 0.442475 -1.077525 -0.960000
f 6011 6010 6007
f 5990 6011 5989
f 6011 6007 5989
v 0.403117 -1.116883 -0.936883
f 6012 5990 5991
f 6012 6011 5990
v 0.409015 -1.020000 -0.930985
f 6013 6010 6011
f 6012 6013 6011
f 5549 6013 5547
f 6013 6012 5547
f 6012 5509 5547
f 6012 5991 5509
v 0.424238 -1.020000 -0.360000
f 6014 5566 5565
v 0.430194 -1.089806 -0.360000
f 5526 6015 5565
f 6015 6014 5565
f 5992 6015 5526
v 0.500000 -1.094092 -0.314092
f 5995 6016 5992
v 0.500000 -1.020000 -0.308854
f 6016 6017 5992
f 6017 6015 5992
f 6017 6014 6015
v 0.500000 -1.107297 0.752703
f 6018 5998 5999
v 0.440557 -1.079443 0.780557
f 6019 6018 5999
v 0.500000 -1.020000 0.758956
f 6020 6018 6019
v 0.437451 -1.020000 0.777451
f 6021 6020 6019
v 0.391111 -1.020000 0.840000
f 6022 6021 6019
v 0.397109 -1.122891 0.840000
f 6023 6022 6019
f 6000 6023 5999
f 6023 6019 5999
v 0.388084 -1.131916 0.848084
f 6024 6000 6001
f 6024 6023 6000
v 0.385093 -1.020000 0.845093
f 6025 6022 6023
f 6024 6025 6023
f 5569 6025 5567
f 6025 6024 5567
f 6024 5529 5567
f 6024 6001 5529
v 0.438695 -1.020000 1.440000
f 6026 5586 5585
v 0.446999 -1.073001 1.440000
f 5546 6027 5585
f 6027 6026 5585
f 6002 6027 5546
v 0.500000 -1.110455 1.469545
f 6005 6028 6002
v 0.500000 -1.020000 1.481101
f 6028 6029 6002
f 6029 6027 6002
f 6029 6026 6027
v 0.500000 -0.925059 -0.985059
f 6030 6008 6009
v 0.483349 -0.916651 -0.976651
f 6031 6030 6009
v 0.500000 -0.900000 -0.983761
f 6032 6030 6031
v 0.484207 -0.900000 -0.975793
f 6033 6032 6031
v 0.462851 -0.900000 -0.960000
f 6034 6033 6031
v 0.459283 -0.940717 -0.960000
f 6035 6034 6031
f 6010 6035 6009
f 6035 6031 6009
v 0.410877 -0.989123 -0.929123
f 6036 6010 6013
f 6036 6035 6010
v 0.429994 -0.914328 -0.937906
v 0.445064 -0.900000 -0.947564
f 6037 6038 6034
f 6037 6034 6035
v 0.413044 -0.929044 -0.926956
f 6036 6039 6037
f 6036 6037 6035
v 0.383576 -0.954702 -0.894702
f 6039 6036 6040
f 6040 6036 5549
f 6040 5549 5588
f 6036 6013 5549
v 0.435555 -0.900000 -0.360000
f 6041 5608 5607
v 0.429413 -0.970587 -0.360000
f 5566 6042 5607
f 6042 6041 5607
f 6014 6042 5566
v 0.500000 -0.970341 -0.310341
f 6017 6043 6014
v 0.500000 -0.900000 -0.315526
f 6043 6044 6014
f 6044 6042 6014
f 6044 6041 6042
v 0.414064 -0.900000 0.120000
f 5613 6045 5610
f 6045 5611 5610
v 0.435804 -0.900000 0.175804
f 6045 6046 5611
v 0.461655 -0.900000 0.240000
f 6046 6047 5611
f 6047 5615 5611
f 6047 5616 5615
v 0.484051 -0.900000 0.344051
f 6047 6048 5616
v 0.487639 -0.900000 0.360000
f 6048 6049 5616
f 6049 5619 5616
f 6049 5620 5619
v 0.492454 -0.900000 0.472454
f 6049 6050 5620
v 0.492796 -0.900000 0.480000
f 6050 6051 5620
f 6051 5623 5620
f 6051 5624 5623
v 0.480012 -0.900000 0.580012
f 6051 6052 5624
v 0.477286 -0.900000 0.600000
f 6052 6053 5624
f 6053 5627 5624
f 6053 5628 5627
v 0.488321 -0.900000 0.708321
f 6053 6054 5628
v 0.482040 -0.900000 0.720000
f 6054 6055 5628
f 6055 5631 5628
f 6055 5632 5631
v 0.500000 -0.979868 0.760132
f 6056 6020 6021
v 0.438781 -0.961219 0.778781
f 6057 6056 6021
v 0.500000 -0.900000 0.727387
f 6058 6056 6057
f 6055 6058 5632
f 6058 6057 5632
f 6057 5635 5632
v 0.391566 -1.008434 0.840000
f 6059 5636 5635
f 6057 6059 5635
f 6022 6059 6021
f 6059 6057 6021
v 0.385225 -1.014775 0.845225
f 6060 6022 6025
f 6060 6059 6022
f 6060 5636 6059
f 6060 5639 5636
f 6060 5569 5639
f 6060 6025 5569
v 0.442970 -0.900000 1.440000
f 6061 5654 5653
v 0.441058 -0.958942 1.440000
f 5586 6062 5653
f 6062 6061 5653
f 6026 6062 5586
v 0.500000 -0.979704 1.480296
f 6029 6063 6026
v 0.500000 -0.900000 1.478216
f 6063 6064 6026
f 6064 6062 6026
f 6064 6061 6062
v 0.491290 -0.846402 -0.968933
v 0.500000 -0.835666 -0.971237
f 6065 6066 6032
f 6065 6032 6033
v 0.491115 -0.846611 -0.968885
f 6067 6065 6033
v 0.472233 -0.869174 -0.960000
v 0.490834 -0.846993 -0.968764
f 6034 6068 6069
f 6034 6069 6033
f 6069 6067 6033
v 0.453853 -0.891122 -0.951122
f 6070 6034 6038
f 6070 6068 6034
v 0.453711 -0.780000 -0.360000
f 6071 5664 5663
v 0.460069 -0.819931 -0.360000
f 5608 6072 5663
f 6072 6071 5663
f 6041 6072 5608
v 0.500000 -0.839372 -0.299372
f 6044 6073 6041
v 0.500000 -0.780000 -0.323390
f 6073 6074 6041
f 6074 6072 6041
f 6074 6071 6072
v 0.381245 -0.780000 -0.240000
f 5668 6075 5665
f 6075 5666 5665
v 0.392163 -0.780000 -0.227837
f 6075 6076 5666
v 0.492006 -0.780000 -0.120000
f 6076 6077 5666
f 6077 5671 5666
f 6077 5672 5671
v 0.500000 -0.812001 -0.032001
v 0.500000 -0.822776 0.000000
v 0.451273 -0.828727 -0.048727
f 6078 6079 6080
v 0.500000 -0.780000 -0.109233
f 6081 6078 6080
f 6077 6081 5672
f 6081 6080 5672
f 6080 5675 5672
v 0.415515 -0.864485 0.000000
f 6082 5676 5675
f 6080 6082 5675
f 6079 6082 6080
v 0.500000 -0.841111 0.058889
v 0.500000 -0.857648 0.120000
v 0.401992 -0.878008 0.021992
f 6083 6084 6085
f 6079 6083 6082
f 6083 6085 6082
f 6085 5676 6082
f 6085 5678 5676
f 6085 5613 5678
f 6084 6045 5613
f 6085 6084 5613
v 0.500000 -0.865153 0.154847
f 6045 6086 6046
v 0.500000 -0.881128 0.240000
f 6086 6087 6046
f 6084 6086 6045
f 6087 6047 6046
v 0.500000 -0.883140 0.256860
f 6047 6088 6048
v 0.500000 -0.893921 0.360000
f 6088 6089 6048
f 6087 6088 6047
f 6089 6049 6048
v 0.500000 -0.894062 0.365938
f 6049 6090 6050
v 0.500000 -0.896458 0.480000
f 6090 6091 6050
f 6089 6090 6049
f 6091 6051 6050
v 0.500000 -0.896187 0.483813
f 6051 6092 6052
v 0.500000 -0.888826 0.600000
f 6092 6093 6052
f 6091 6092 6051
f 6093 6053 6052
v 0.500000 -0.886630 0.613370
f 6053 6094 6054
v 0.500000 -0.893432 0.720000
f 6094 6095 6054
f 6093 6094 6053
f 6095 6055 6054
v 0.500000 -0.893264 0.726736
f 6096 6058 6055
f 6095 6096 6055
v 0.473412 -0.780000 1.440000
f 6097 5686 5685
v 0.465624 -0.814376 1.440000
f 5654 6098 5685
f 6098 6097 5685
f 6061 6098 5654
v 0.500000 -0.866421 1.473579
f 6064 6099 6061
v 0.500000 -0.780000 1.457632
f 6099 6100 6061
f 6100 6098 6061
f 6100 6097 6098
v 0.476395 -0.683605 -0.360000
f 6101 5692 5664
f 6071 6101 5664
v 0.500000 -0.716539 -0.240000
f 6074 6102 6071
v 0.432761 -0.727239 -0.307239
f 6102 6103 6071
f 6101 6103 6071
f 6103 5692 6101
f 6103 5695 5692
f 6103 5668 5695
f 6102 6075 5668
f 6103 6102 5668
v 0.500000 -0.742891 -0.202891
f 6075 6104 6076
v 0.500000 -0.775204 -0.120000
f 6104 6105 6076
f 6102 6104 6075
f 6105 6077 6076
v 0.500000 -0.776789 -0.116789
f 6106 6081 6077
f 6105 6106 6077
v 0.500000 -0.724765 1.440000
v 0.500000 -0.677200 1.422800
v 0.443837 -0.716163 1.383837
f 6107 6108 6109
v 0.500000 -0.660000 1.413914
f 6108 6110 6109
v 0.439984 -0.660000 1.379984
f 6110 6111 6109
f 6109 6111 5698
f 6111 5699 5698
f 5686 6109 5698
f 6107 6109 5686
f 6097 6107 5686
v 0.500000 -0.765607 1.454393
f 6100 6112 6097
f 6112 6107 6097
v 0.500000 -0.580582 1.399418
v 0.422244 -0.617756 1.362244
f 6113 6114 6111
f 6110 6113 6111
v 0.500000 -0.540000 1.383634
f 6113 6115 6114
v 0.459335 -0.540000 1.399335
f 6115 6116 6114
f 6114 6116 5701
f 6116 5703 5701
f 5699 6114 5701
f 6111 6114 5699
v 0.500000 -0.443790 1.416210
v 0.484978 -0.435022 1.424978
f 6117 6118 6116
f 6115 6117 6116
v 0.500000 -0.420000 1.424500
f 6117 6119 6118
v 0.491338 -0.420000 1.431338
f 6119 6120 6118
v 0.478630 -0.420000 1.440000
f 6120 6121 6118
f 6118 6121 5703
f 6121 5707 5703
f 6116 6118 5703
v 0.420427 -0.420000 1.480427
f 6121 6122 5707
f 6122 5709 5707
v 0.500000 -0.385157 1.440000
f 6119 6123 6120
f 6123 6121 6120
v 0.432656 -0.367344 1.492656
f 6121 6124 6122
v 0.500000 -0.300000 1.475137
f 6125 6124 6121
f 6123 6125 6121
v 0.450019 -0.300000 1.510019
f 6125 6126 6124
f 6124 6126 5713
f 6126 5715 5713
f 5709 6124 5713
f 6122 6124 5709
v 0.500000 -0.257301 1.482699
v 0.458172 -0.221828 1.518172
f 6127 6128 6126
f 6125 6127 6126
v 0.500000 -0.180000 1.497349
f 6127 6129 6128
v 0.463137 -0.180000 1.523137
f 6129 6130 6128
v 0.402064 -0.180000 1.560000
f 6130 6131 6128
f 6128 6131 5715
f 6131 5721 5715
f 6126 6128 5715
v 0.388471 -0.180000 1.568471
f 6131 6132 5721
f 6132 5723 5721
v 0.500000 -0.124594 1.495406
v 0.461456 -0.098544 1.521456
f 6133 6134 6130
f 6129 6133 6130
v 0.500000 -0.060000 1.492933
f 6133 6135 6134
v 0.460531 -0.060000 1.520531
f 6135 6136 6134
v 0.395171 -0.060000 1.560000
f 6136 6137 6134
v 0.400917 -0.159083 1.560000
f 6137 6138 6134
f 6134 6138 6130
f 6138 6131 6130
v 0.388309 -0.171691 1.568309
f 6131 6139 6132
f 6138 6139 6131
v 0.385823 -0.060000 1.565823
f 6140 6139 6138
f 6137 6140 6138
f 6139 6140 5725
f 6140 5727 5725
f 5723 6139 5725
f 6132 6139 5723
v 0.500000 -0.017434 1.482566
v 0.450435 0.010435 1.510435
f 6141 6142 6136
f 6135 6141 6136
v 0.500000 0.060000 1.461655
f 6141 6143 6142
v 0.442046 0.060000 1.502046
f 6143 6144 6142
f 6142 6144 5730
f 6144 5732 5730
v 0.390987 -0.049013 1.560000
f 6145 6142 5730
f 5729 6145 5730
f 6142 6145 6136
f 6145 6137 6136
v 0.385130 -0.054870 1.565130
f 6137 6146 6140
f 6145 6146 6137
f 5729 6146 6145
f 5736 6146 5729
f 5727 6146 5736
f 6140 6146 5727
v 0.500000 0.104560 1.440000
v 0.500000 0.154672 1.414672
v 0.483410 0.163410 1.423410
f 6147 6148 6149
v 0.500000 0.180000 1.400187
f 6148 6150 6149
v 0.477725 0.180000 1.417725
f 6150 6151 6149
v 0.445128 0.180000 1.440000
f 6151 6152 6149
v 0.469008 0.149008 1.440000
f 6152 6153 6149
f 6153 6147 6149
v 0.500000 0.074937 1.454937
v 0.429047 0.109047 1.489047
f 6154 6155 6144
f 6143 6154 6144
f 6155 6154 6153
f 6154 6147 6153
v 0.406664 0.180000 1.466664
f 6156 6155 6153
f 6152 6156 6153
f 6155 6156 5739
f 6156 5741 5739
f 5732 6155 5739
f 6144 6155 5732
v 0.500000 0.281287 1.320000
v 0.500000 0.291451 1.311451
v 0.494279 0.294279 1.314279
f 6157 6158 6159
v 0.500000 0.300000 1.303185
f 6158 6160 6159
v 0.491153 0.300000 1.311153
f 6160 6161 6159
v 0.479915 0.300000 1.320000
f 6161 6162 6159
v 0.490618 0.290618 1.320000
f 6162 6163 6159
f 6163 6157 6159
v 0.500000 0.226186 1.366186
v 0.449217 0.249217 1.389217
f 6164 6165 6151
f 6150 6164 6151
f 6165 6164 6163
f 6164 6157 6163
v 0.423813 0.300000 1.363813
f 6166 6165 6163
f 6162 6166 6163
f 6165 6166 5746
f 6166 5748 5746
v 0.412328 0.212328 1.440000
f 6167 6165 5746
f 5745 6167 5746
f 6165 6167 6151
f 6167 6152 6151
v 0.399226 0.199226 1.459226
f 6152 6168 6156
f 6167 6168 6152
f 5745 6168 6167
f 5752 6168 5745
f 5741 6168 5752
f 6156 6168 5741
v 0.500000 0.387506 1.200000
v 0.500000 0.401674 1.181674
v 0.487472 0.407472 1.187472
f 6169 6170 6171
v 0.500000 0.420000 1.154216
f 6170 6172 6171
v 0.477654 0.420000 1.177654
f 6172 6173 6171
v 0.453656 0.420000 1.200000
f 6173 6174 6171
v 0.481576 0.401576 1.200000
f 6174 6175 6171
f 6175 6169 6171
v 0.500000 0.348984 1.248984
v 0.450251 0.370251 1.270251
f 6176 6177 6161
f 6160 6176 6161
f 6177 6176 6175
f 6176 6169 6175
v 0.414717 0.420000 1.234717
f 6178 6177 6175
f 6174 6178 6175
f 6177 6178 5756
f 6178 5758 5756
v 0.423035 0.343035 1.320000
f 6179 6177 5756
f 5755 6179 5756
f 6177 6179 6161
f 6179 6162 6161
v 0.408385 0.328385 1.348385
f 6162 6180 6166
f 6179 6180 6162
f 5755 6180 6179
f 5762 6180 5755
f 5748 6180 5762
f 6166 6180 5748
v 0.500000 0.498936 -0.240000
v 0.500000 0.512059 -0.267941
v 0.483875 0.523875 -0.256125
f 6181 6182 6183
v 0.500000 0.540000 -0.290340
f 6182 6184 6183
v 0.474212 0.540000 -0.265788
f 6184 6185 6183
v 0.448400 0.540000 -0.240000
f 6185 6186 6183
v 0.478594 0.518594 -0.240000
f 6186 6187 6183
f 6187 6181 6183
v 0.500000 0.498421 -0.120000
v 0.500000 0.495024 -0.164976
v 0.475985 0.515985 -0.144015
f 6188 6189 6190
f 6190 6189 6187
f 6189 6181 6187
v 0.444195 0.540000 -0.175805
f 6191 6190 6187
f 6186 6191 6187
v 0.432672 0.540000 -0.120000
f 6191 6192 6190
v 0.475078 0.515078 -0.120000
f 6192 6193 6190
f 6193 6188 6190
v 0.500000 0.540000 -0.010942
f 6194 6188 6193
f 6192 6194 6193
v 0.500000 0.520743 0.960000
v 0.500000 0.526314 0.946314
v 0.490664 0.530664 0.950664
f 6195 6196 6197
v 0.500000 0.540000 0.907341
f 6196 6198 6197
v 0.479672 0.540000 0.939672
f 6198 6199 6197
v 0.465585 0.540000 0.960000
f 6199 6200 6197
v 0.488145 0.528145 0.960000
f 6200 6201 6197
f 6201 6195 6197
v 0.500000 0.463814 1.080000
v 0.500000 0.489708 1.029708
v 0.464881 0.504881 1.044881
f 6202 6203 6204
f 6204 6203 6201
f 6203 6195 6201
v 0.427662 0.540000 1.007662
f 6205 6204 6201
f 6200 6205 6201
f 6204 6205 5768
f 6205 5770 5768
v 0.452948 0.492948 1.080000
f 6206 6204 5768
f 5767 6206 5768
f 6206 6202 6204
v 0.500000 0.448449 1.108449
v 0.434702 0.474702 1.134702
f 6207 6208 6173
f 6172 6207 6173
f 6208 6207 6206
f 6207 6202 6206
f 5767 6208 6206
f 5775 6208 5767
v 0.408023 0.448023 1.200000
f 6209 6208 5775
f 5774 6209 5775
f 6208 6209 6173
f 6209 6174 6173
v 0.400104 0.440104 1.220104
f 6174 6210 6178
f 6209 6210 6174
f 5774 6210 6209
f 5779 6210 5774
f 5758 6210 5779
f 6178 6210 5758
v 0.500000 0.576855 -0.323145
v 0.444707 0.604707 -0.295293
f 6211 6212 6185
f 6184 6211 6185
v 0.500000 0.660000 -0.343025
f 6211 6213 6212
v 0.430307 0.660000 -0.309693
f 6213 6214 6212
f 6212 6214 5784
f 6214 5786 5784
v 0.415767 0.575767 -0.240000
f 6215 6212 5784
f 5783 6215 5784
f 6212 6215 6185
f 6215 6186 6185
v 0.406312 0.566312 -0.213688
f 6186 6216 6191
f 6215 6216 6186
f 5783 6216 6215
f 5791 6216 5783
v 0.399244 0.559244 -0.120000
f 6217 6216 5791
f 5790 6217 5791
f 6216 6217 6191
f 6217 6192 6191
v 0.403311 0.563311 -0.096689
v 0.500000 0.543599 0.000000
f 6218 6219 6192
f 6219 6194 6192
f 6217 6218 6192
f 5790 6218 6217
f 5796 6218 5790
v 0.423445 0.583445 0.000000
f 6220 6218 5796
f 5795 6220 5796
f 6220 6219 6218
v 0.500000 0.577746 0.120000
v 0.500000 0.544891 0.004891
v 0.432579 0.592579 0.052579
f 6221 6222 6223
f 6223 6222 6220
f 6222 6219 6220
f 5795 6223 6220
f 5800 6223 5795
v 0.446003 0.606003 0.120000
f 6224 6223 5800
f 5799 6224 5800
f 6224 6221 6223
v 0.500000 0.600825 0.240000
v 0.500000 0.586125 0.166125
v 0.454940 0.614940 0.194940
f 6225 6226 6227
f 6227 6226 6224
f 6226 6221 6224
f 5799 6227 6224
f 5805 6227 5799
v 0.461209 0.621209 0.240000
f 6228 6227 5805
f 5804 6228 5805
f 6228 6225 6227
v 0.500000 0.613436 0.360000
v 0.500000 0.607605 0.307605
v 0.466923 0.626923 0.326923
f 6229 6230 6231
f 6231 6230 6228
f 6230 6225 6228
f 5804 6231 6228
v 0.399819 0.660000 0.360000
f 6232 6231 5804
f 5810 6232 5804
v 0.469502 0.629502 0.360000
f 6232 6233 6231
f 6233 6229 6231
v 0.500000 0.615939 0.480000
v 0.500000 0.614930 0.434930
v 0.470686 0.630686 0.450686
f 6234 6235 6236
f 6236 6235 6233
f 6235 6229 6233
v 0.400707 0.660000 0.380707
f 6237 6236 6233
f 6232 6237 6233
v 0.405190 0.660000 0.480000
f 6237 6238 6236
v 0.471146 0.631146 0.480000
f 6238 6239 6236
f 6239 6234 6236
v 0.500000 0.608410 0.600000
v 0.500000 0.611671 0.551671
v 0.467726 0.627726 0.567726
f 6240 6241 6242
f 6242 6241 6239
f 6241 6234 6239
v 0.402329 0.660000 0.502329
f 6243 6242 6239
f 6238 6243 6239
v 0.389041 0.660000 0.600000
f 6243 6244 6242
v 0.466198 0.626198 0.600000
f 6244 6245 6242
f 6245 6240 6242
v 0.500000 0.590627 0.720000
v 0.500000 0.600090 0.660090
v 0.459029 0.619029 0.679029
f 6246 6247 6248
f 6248 6247 6245
f 6247 6240 6245
v 0.386966 0.660000 0.606966
f 6249 6248 6245
f 6244 6249 6245
f 6248 6249 5812
f 6249 5814 5812
v 0.454494 0.614494 0.720000
f 6250 6248 5812
f 5811 6250 5812
f 6250 6246 6248
v 0.500000 0.562101 0.840000
v 0.500000 0.581595 0.761595
v 0.445207 0.605207 0.785207
f 6251 6252 6253
f 6253 6252 6250
f 6252 6246 6250
f 5811 6253 6250
f 5819 6253 5811
v 0.435676 0.595676 0.840000
f 6254 6253 5819
f 5818 6254 5819
f 6254 6251 6253
v 0.500000 0.557055 0.857055
v 0.426614 0.586614 0.886614
f 6255 6256 6199
f 6198 6255 6199
f 6256 6255 6254
f 6255 6251 6254
f 5818 6256 6254
f 5825 6256 5818
v 0.409240 0.569240 0.960000
f 6257 6256 5825
f 5824 6257 5825
f 6256 6257 6199
f 6257 6200 6199
v 0.403451 0.563451 0.983451
f 6200 6258 6205
f 6257 6258 6200
f 5824 6258 6257
f 5829 6258 5824
f 5770 6258 5829
f 6205 6258 5770
v 0.500000 0.749540 -0.360000
v 0.500000 0.775631 -0.364369
v 0.496886 0.776886 -0.363114
f 6259 6260 6261
v 0.500000 0.780000 -0.365217
f 6260 6262 6261
v 0.496447 0.780000 -0.363553
f 6262 6263 6261
v 0.487307 0.780000 -0.360000
f 6263 6264 6261
v 0.491354 0.771354 -0.360000
f 6264 6265 6261
f 6265 6259 6261
v 0.500000 0.672612 -0.347388
v 0.420767 0.700767 -0.319233
f 6266 6267 6214
f 6213 6266 6214
f 6267 6266 6265
f 6266 6259 6265
v 0.410297 0.780000 -0.329703
f 6268 6267 6265
f 6264 6268 6265
f 6267 6268 5833
f 6268 5835 5833
f 5786 6267 5833
f 6214 6267 5786
v 0.386131 0.666131 0.360000
f 5843 6269 5810
f 6269 6232 5810
v 0.386205 0.666205 0.366205
f 6232 6270 6237
f 6269 6270 6232
f 5843 6270 6269
f 5846 6270 5843
v 0.387794 0.667794 0.480000
f 6271 6270 5846
f 5845 6271 5846
f 6270 6271 6237
f 6271 6238 6237
v 0.387527 0.667527 0.487527
f 6238 6272 6243
f 6271 6272 6238
f 5845 6272 6271
f 5850 6272 5845
v 0.382795 0.662795 0.600000
f 6273 6272 5850
f 5849 6273 5850
f 6272 6273 6243
f 6273 6244 6243
v 0.382582 0.662582 0.602582
f 6244 6274 6249
f 6273 6274 6244
f 5849 6274 6273
f 5853 6274 5849
f 5814 6274 5853
f 6249 6274 5814
v 0.500000 0.867674 -0.392326
v 0.476190 0.876190 -0.383810
f 6275 6276 6263
f 6262 6275 6263
v 0.500000 0.900000 -0.404033
f 6275 6277 6276
v 0.469935 0.900000 -0.390065
f 6277 6278 6276
v 0.393163 0.900000 -0.360000
f 6278 6279 6276
v 0.441239 0.841239 -0.360000
f 6279 6280 6276
f 6276 6280 6263
f 6280 6264 6263
v 0.405454 0.805454 -0.334546
f 6264 6281 6268
f 6280 6281 6264
v 0.383702 0.900000 -0.356298
f 6282 6281 6280
f 6279 6282 6280
f 6281 6282 5859
f 6282 5861 5859
f 5835 6281 5859
f 6268 6281 5835
v 0.500000 0.952352 -0.427648
v 0.448758 0.968758 -0.411242
f 6283 6284 6278
f 6277 6283 6278
v 0.500000 1.020000 -0.463486
f 6283 6285 6284
v 0.429134 1.020000 -0.430866
f 6285 6286 6284
f 6284 6286 5864
f 6286 5866 5864
v 0.386285 0.906285 -0.360000
f 6287 6284 5864
f 5863 6287 5864
f 6284 6287 6278
f 6287 6279 6278
v 0.382897 0.902897 -0.357103
f 6279 6288 6282
f 6287 6288 6279
f 5863 6288 6287
f 5869 6288 5863
f 5861 6288 5869
f 6282 6288 5861
v 0.455519 1.064541 -1.724481
v 0.500000 1.100463 -1.680000
v 0.500000 1.042820 -1.719982
f 6289 6290 6291
v 0.439609 1.140000 -1.680000
f 5874 5872 6292
v 0.403530 1.088903 -1.731097
f 5874 6292 6293
v 0.476834 1.116834 -1.680000
f 6293 6292 6294
v 0.420756 1.081361 -1.728889
f 6293 6294 6295
v 0.434194 1.074194 -1.728059
f 6295 6294 6296
f 6296 6294 6290
v 0.449780 1.066789 -1.725675
f 6296 6290 6297
f 6297 6290 6289
v 0.500000 1.140000 -1.647020
f 6298 6290 6294
f 6292 6298 6294
v 0.500000 1.045247 -0.480000
v 0.500000 1.100447 -0.519553
v 0.470212 1.110212 -0.509788
f 6299 6300 6301
v 0.500000 1.140000 -0.553183
f 6300 6302 6301
v 0.452958 1.140000 -0.527042
f 6302 6303 6301
f 6301 6303 5879
f 6303 5881 5879
v 0.444385 1.084385 -0.480000
f 6304 6301 5879
f 5878 6304 5879
f 6304 6299 6301
v 0.500000 1.030360 -0.469640
v 0.414926 1.054926 -0.445074
f 6305 6306 6286
f 6285 6305 6286
f 6306 6305 6304
f 6305 6299 6304
f 5878 6306 6304
f 5885 6306 5878
f 5866 6306 5885
f 6286 6306 5866
v 0.401622 1.161622 -1.680000
f 5888 6307 5872
f 6307 6292 5872
v 0.435538 1.195538 -1.624462
v 0.500000 1.223671 -1.560000
f 6308 6309 6292
f 6309 6298 6292
f 6307 6308 6292
f 5888 6308 6307
v 0.430568 1.260000 -1.560000
f 6310 6308 5888
f 5890 6310 5888
v 0.476947 1.236947 -1.560000
f 6310 6311 6308
f 6311 6309 6308
v 0.500000 1.260000 -1.510188
f 6312 6309 6311
f 6310 6312 6311
v 0.500000 1.188325 -0.600000
v 0.500000 1.221959 -0.638041
v 0.471452 1.231452 -0.628548
f 6313 6314 6315
v 0.500000 1.260000 -0.688995
f 6314 6316 6315
v 0.447627 1.260000 -0.652373
f 6316 6317 6315
f 6315 6317 5893
f 6317 5895 5893
v 0.454452 1.214452 -0.600000
f 6318 6315 5893
f 5892 6318 5893
f 6318 6313 6315
v 0.500000 1.164741 -0.575259
v 0.426366 1.186366 -0.553634
f 6319 6320 6303
f 6302 6319 6303
f 6320 6319 6318
f 6319 6313 6318
f 5892 6320 6318
f 5899 6320 5892
f 5881 6320 5899
f 6303 6320 5881
v 0.396403 1.276403 -1.560000
f 5904 6321 5890
f 6321 6310 5890
v 0.407832 1.287832 -1.532168
v 0.500000 1.304253 -1.440000
f 6322 6323 6310
f 6323 6312 6310
f 6321 6322 6310
f 5904 6322 6321
f 5907 6322 5904
v 0.448980 1.328980 -1.440000
f 6324 6322 5907
f 5906 6324 5907
f 6324 6323 6322
v 0.500000 1.355869 -1.320000
v 0.500000 1.336374 -1.363626
v 0.476244 1.356244 -1.343756
f 6325 6326 6327
f 6327 6326 6324
f 6326 6323 6324
f 5906 6327 6324
v 0.444417 1.380000 -1.320000
f 6328 6327 5906
f 5911 6328 5906
v 0.483790 1.363790 -1.320000
f 6328 6329 6327
f 6329 6325 6327
v 0.500000 1.380000 -1.232702
f 6330 6325 6329
f 6328 6330 6329
v 0.500000 1.362322 -0.840000
v 0.500000 1.367885 -0.852115
v 0.491412 1.371412 -0.848588
f 6331 6332 6333
v 0.500000 1.380000 -0.865530
f 6332 6334 6333
v 0.477661 1.380000 -0.862339
f 6334 6335 6333
v 0.442703 1.380000 -0.840000
f 6335 6336 6333
v 0.489040 1.369040 -0.840000
f 6336 6337 6333
f 6337 6331 6333
v 0.500000 1.281914 -0.720000
v 0.500000 1.316619 -0.783381
v 0.452671 1.332671 -0.767329
f 6338 6339 6340
f 6340 6339 6337
f 6339 6331 6337
v 0.397340 1.380000 -0.822660
f 6341 6340 6337
f 6336 6341 6337
f 6340 6341 5913
f 6341 5915 5913
v 0.434356 1.314356 -0.720000
f 6342 6340 5913
f 5912 6342 5913
f 6342 6338 6340
v 0.500000 1.273143 -0.706857
v 0.417576 1.297576 -0.682424
f 6343 6344 6317
f 6316 6343 6317
f 6344 6343 6342
f 6343 6338 6342
f 5912 6344 6342
f 5918 6344 5912
f 5895 6344 5918
f 6317 6344 5895
v 0.399918 1.399918 -1.320000
f 5924 6345 5911
f 6345 6328 5911
v 0.416005 1.416005 -1.283995
v 0.500000 1.394603 -1.200000
f 6346 6347 6328
f 6347 6330 6328
f 6345 6346 6328
f 5924 6346 6345
f 5927 6346 5924
v 0.436400 1.436400 -1.200000
f 6348 6346 5927
f 5926 6348 5927
f 6348 6347 6346
v 0.500000 1.500000 -1.108188
f 6349 6347 6348
v 0.468946 1.500000 -1.111054
f 5926 6350 6348
f 6350 6349 6348
v 0.411397 1.500000 -1.080000
f 5931 6351 5926
f 6351 6350 5926
f 5930 6351 5931
v 0.403184 1.500000 -1.056816
f 6352 6351 5930
v 0.396430 1.500000 -0.960000
f 5935 6353 5930
f 6353 6352 5930
f 5934 6353 5935
v 0.500000 1.436440 -0.903560
v 0.441437 1.441437 -0.898563
f 6354 6355 6335
f 6334 6354 6335
v 0.500000 1.500000 -0.919317
f 6354 6356 6355
f 6355 6356 5934
f 6356 6353 5934
f 5939 6355 5934
v 0.404959 1.404959 -0.840000
f 6357 6355 5939
f 5938 6357 5939
f 6355 6357 6335
f 6357 6336 6335
v 0.390040 1.390040 -0.829960
f 6336 6358 6341
f 6357 6358 6336
f 5938 6358 6357
f 5942 6358 5938
f 5915 6358 5942
f 6341 6358 5915
v 0.500000 1.605524 -1.094476
f 6359 6349 6350
v 0.483806 1.603806 -1.096194
f 6360 6359 6350
v 0.500000 1.620000 -1.091243
f 6361 6359 6360
v 0.491153 1.620000 -1.088847
f 6362 6361 6360
v 0.471807 1.620000 -1.080000
f 6363 6362 6360
v 0.433075 1.553075 -1.080000
f 6364 6363 6360
f 6351 6364 6350
f 6364 6360 6350
v 0.413855 1.533855 -1.046145
f 6365 6351 6352
f 6365 6364 6351
v 0.454089 1.620000 -1.005911
f 6366 6363 6364
f 6365 6366 6364
v 0.445091 1.620000 -0.960000
f 6367 6366 6365
v 0.404788 1.524788 -0.960000
f 6368 6367 6365
f 6353 6368 6352
f 6368 6365 6352
v 0.500000 1.536708 -0.923292
f 6356 6369 6353
v 0.500000 1.620000 -0.934597
f 6369 6370 6353
f 6370 6368 6353
f 6370 6367 6368
v 0.500000 1.687695 -1.080000
f 6371 6361 6362
f 6363 6371 6362
v 0.493880 1.733880 -0.966120
f 6372 6363 6366
v 0.500000 1.740000 -0.982160
f 6373 6371 6363
f 6372 6373 6363
v 0.495824 1.740000 -0.964176
f 6374 6373 6372
v 0.495012 1.740000 -0.960000
f 6375 6374 6372
v 0.491820 1.731820 -0.960000
f 6376 6375 6372
f 6367 6376 6366
f 6376 6372 6366
v 0.500000 1.642271 -0.937729
f 6370 6377 6367
v 0.500000 1.740000 -0.957675
f 6377 6378 6367
f 6378 6376 6367
f 6378 6375 6376
v 0.500000 1.749195 -0.960000
f 6379 6373 6374
f 6375 6379 6374
v 0.500000 1.741953 -0.958047
f 6378 6380 6375
f 6380 6379 6375
v 0.584458 -1.350000 -1.235542
v 0.620000 -1.291192 -1.200000
v 0.620000 -1.350000 -1.241180
f 6381 6382 6383
v 0.576150 -1.303850 -1.200000
f 5946 5945 6384
v 0.530000 -1.350000 -1.224033
f 5946 6384 6385
f 6385 6384 6382
v 0.540537 -1.350000 -1.226260
f 6385 6382 6386
f 6386 6382 6381
v 0.620000 -1.260000 -1.171848
f 6387 6382 6384
v 0.544629 -1.260000 -1.155371
f 5945 6388 6384
f 6388 6387 6384
f 5952 6388 5945
v 0.584853 -1.350000 -0.316110
v 0.620000 -1.329269 -0.309269
v 0.531802 -1.348198 -0.328198
f 6389 6390 6391
v 0.531926 -1.350000 -0.328074
f 6389 6391 6392
v 0.620000 -1.350000 -0.308165
f 6393 6390 6389
v 0.620000 -1.260000 -0.302953
f 6390 6394 6391
v 0.534593 -1.260000 -0.325407
f 6394 6395 6391
v 0.522803 -1.350000 -0.330000
f 6396 6391 6395
v 0.501671 -1.350000 -0.334125
f 6396 6395 6397
f 6397 6395 5963
f 6397 5963 5962
v 0.530000 -1.350000 -0.328416
f 6398 6391 6396
f 6392 6391 6398
v 0.569693 -1.350000 0.549693
v 0.620000 -1.260426 0.600000
v 0.620000 -1.350000 0.537957
f 6399 6400 6401
v 0.619257 -1.260743 0.600000
f 5967 5966 6402
v 0.530000 -1.350000 0.562223
f 5967 6402 6403
f 6403 6402 6400
v 0.530107 -1.350000 0.562190
f 6403 6400 6404
f 6404 6400 6399
v 0.620000 -1.260000 0.600378
f 6405 6400 6402
v 0.529382 -1.260000 0.629382
f 5966 6406 6402
f 6406 6405 6402
f 5973 6406 5966
v 0.586415 -1.350000 1.479982
v 0.620000 -1.332900 1.487100
v 0.551947 -1.350000 1.470000
f 6407 6408 6409
v 0.620000 -1.350000 1.489709
f 6410 6408 6407
v 0.620000 -1.260000 1.488004
f 6409 6408 6411
v 0.530000 -1.350000 1.464553
f 6409 6411 6412
v 0.514488 -1.260000 1.454488
f 6412 6411 6413
v 0.522018 -1.350000 1.462018
f 6412 6413 6414
v 0.501784 -1.350000 1.457004
f 6414 6413 6415
f 6415 6413 5984
f 6415 5984 5983
v 0.620000 -1.192592 -1.080000
f 6416 6387 6388
v 0.554649 -1.205351 -1.080000
f 5986 6417 5952
f 6417 6416 5952
f 6416 6388 5952
v 0.620000 -1.140000 -1.032271
f 6418 6416 6417
v 0.558862 -1.140000 -1.021138
f 5986 6419 6417
f 6419 6418 6417
f 5988 6419 5986
v 0.620000 -1.198912 -0.298912
v 0.538004 -1.221996 -0.321996
f 6420 6421 6395
f 6394 6420 6395
v 0.620000 -1.140000 -0.287360
f 6420 6422 6421
v 0.555199 -1.140000 -0.304801
f 6422 6423 6421
f 6421 6423 5994
f 6423 5995 5994
f 5963 6421 5994
f 6395 6421 5963
v 0.620000 -1.144712 0.720000
f 6424 6405 6406
v 0.612439 -1.147561 0.720000
f 5996 6425 5973
f 6425 6424 5973
f 6424 6406 5973
v 0.620000 -1.140000 0.722699
f 6426 6424 6425
v 0.525947 -1.140000 0.745947
f 5996 6427 6425
f 6427 6426 6425
f 5998 6427 5996
v 0.620000 -1.211913 1.488087
v 0.514525 -1.245475 1.454525
f 6428 6429 6413
f 6411 6428 6413
v 0.620000 -1.140000 1.503349
f 6428 6430 6429
v 0.536259 -1.140000 1.476259
f 6430 6431 6429
f 6429 6431 6004
f 6431 6005 6004
f 5984 6429 6004
f 6413 6429 5984
v 0.620000 -1.095351 -1.035351
f 6432 6418 6419
v 0.555616 -1.084384 -1.024384
f 6433 6432 6419
v 0.620000 -1.020000 -1.019836
f 6434 6432 6433
v 0.569601 -1.020000 -1.010399
f 6435 6434 6433
f 6008 6435 6006
f 6435 6433 6006
f 6433 5988 6006
f 6433 6419 5988
v 0.620000 -1.063308 -0.283308
v 0.559501 -1.080499 -0.300499
f 6436 6437 6423
f 6422 6436 6423
v 0.620000 -1.020000 -0.280164
f 6436 6438 6437
v 0.564931 -1.020000 -0.295069
f 6438 6439 6437
f 6437 6439 6016
f 6439 6017 6016
f 5995 6437 6016
f 6423 6437 5995
v 0.620000 -1.137704 0.722296
f 6440 6426 6427
v 0.522747 -1.117253 0.742747
f 6441 6440 6427
v 0.620000 -1.020000 0.723098
f 6442 6440 6441
v 0.527700 -1.020000 0.747700
f 6443 6442 6441
f 6020 6443 6018
f 6443 6441 6018
f 6441 5998 6018
f 6441 6427 5998
v 0.620000 -1.069654 1.510346
v 0.542509 -1.097491 1.482509
f 6444 6445 6431
f 6430 6444 6431
v 0.620000 -1.020000 1.516840
f 6444 6446 6445
v 0.555996 -1.020000 1.495996
f 6446 6447 6445
f 6445 6447 6028
f 6447 6029 6028
f 6005 6445 6028
f 6431 6445 6005
v 0.620000 -0.955444 -1.015444
f 6448 6434 6435
v 0.573832 -0.946168 -1.006168
f 6449 6448 6435
v 0.620000 -0.900000 -1.012655
f 6450 6448 6449
v 0.575714 -0.900000 -1.004286
f 6451 6450 6449
f 6032 6451 6030
f 6451 6449 6030
f 6449 6008 6030
f 6449 6435 6008
v 0.620000 -0.944091 -0.284091
v 0.560630 -0.959370 -0.299370
f 6452 6453 6439
f 6438 6452 6439
v 0.620000 -0.900000 -0.287360
f 6452 6454 6453
v 0.555199 -0.900000 -0.304801
f 6454 6455 6453
f 6453 6455 6043
f 6455 6044 6043
f 6017 6453 6043
f 6439 6453 6017
v 0.620000 -1.016805 0.723195
f 6456 6442 6443
v 0.528381 -0.991619 0.748381
f 6457 6456 6443
v 0.620000 -0.900000 0.724322
f 6458 6456 6457
v 0.504664 -0.900000 0.724664
f 6459 6458 6457
f 6058 6459 6056
f 6459 6457 6056
f 6457 6020 6056
f 6457 6443 6020
v 0.620000 -0.944632 1.515368
v 0.554420 -0.965580 1.494420
f 6460 6461 6447
f 6446 6460 6447
v 0.620000 -0.900000 1.514169
f 6460 6462 6461
v 0.552087 -0.900000 1.492087
f 6462 6463 6461
f 6461 6463 6063
f 6463 6064 6063
f 6029 6461 6063
f 6447 6461 6029
v 0.620000 -0.816025 -0.996025
f 6464 6450 6451
v 0.590845 -0.809155 -0.989155
f 6465 6464 6451
v 0.620000 -0.780000 -0.990446
f 6466 6464 6465
v 0.594456 -0.780000 -0.985544
f 6467 6466 6465
v 0.540567 -0.780000 -0.971210
v 0.540384 -0.780285 -0.971206
f 6468 6467 6469
f 6469 6467 6465
v 0.533374 -0.791026 -0.971026
f 6469 6465 6470
f 6470 6465 6032
f 6470 6032 6066
f 6465 6451 6032
v 0.620000 -0.832870 -0.292870
v 0.549626 -0.850374 -0.310374
f 6471 6472 6455
f 6454 6471 6455
v 0.620000 -0.780000 -0.305634
f 6471 6473 6472
v 0.527916 -0.780000 -0.332084
f 6473 6474 6472
f 6472 6474 6073
f 6474 6074 6073
f 6044 6472 6073
f 6455 6472 6044
v 0.565115 -0.780000 0.000000
f 6081 6475 6078
f 6475 6079 6078
v 0.616423 -0.780000 0.116423
f 6475 6476 6079
v 0.618064 -0.780000 0.120000
f 6476 6477 6079
f 6477 6083 6079
f 6477 6084 6083
v 0.620000 -0.799978 0.220022
v 0.620000 -0.803758 0.240000
v 0.578182 -0.821818 0.198182
f 6478 6479 6480
v 0.620000 -0.780000 0.126386
f 6481 6478 6480
f 6477 6481 6084
f 6481 6480 6084
f 6480 6086 6084
v 0.555224 -0.844776 0.240000
f 6482 6087 6086
f 6480 6482 6086
f 6479 6482 6480
v 0.620000 -0.813933 0.326067
v 0.620000 -0.817510 0.360000
v 0.541762 -0.858238 0.281762
f 6483 6484 6485
f 6479 6483 6482
f 6483 6485 6482
f 6485 6087 6482
f 6485 6088 6087
v 0.517806 -0.882194 0.360000
f 6486 6089 6088
f 6485 6486 6088
f 6484 6486 6485
v 0.620000 -0.819408 0.440592
v 0.620000 -0.820243 0.480000
v 0.516732 -0.883268 0.376732
f 6487 6488 6489
f 6484 6487 6486
f 6487 6489 6486
f 6489 6089 6486
f 6489 6090 6089
v 0.510379 -0.889621 0.480000
f 6490 6091 6090
f 6489 6490 6090
f 6488 6490 6489
v 0.620000 -0.814210 0.565790
v 0.620000 -0.814348 0.600000
v 0.512838 -0.887162 0.492838
f 6491 6492 6493
f 6488 6491 6490
f 6491 6493 6490
f 6493 6091 6490
f 6493 6092 6091
v 0.532717 -0.867283 0.600000
f 6494 6093 6092
f 6493 6494 6092
f 6492 6494 6493
v 0.620000 -0.810764 0.689236
v 0.620000 -0.881176 0.720000
v 0.536436 -0.863564 0.636436
f 6495 6496 6497
f 6492 6495 6494
f 6495 6497 6494
f 6497 6093 6494
f 6497 6094 6093
v 0.520113 -0.879887 0.720000
f 6498 6095 6094
f 6497 6498 6094
f 6496 6498 6497
v 0.620000 -0.894549 0.725451
f 6499 6458 6459
v 0.505877 -0.894123 0.725877
f 6500 6499 6459
f 6496 6499 6498
f 6499 6500 6498
f 6500 6095 6498
f 6500 6096 6095
f 6500 6058 6096
f 6500 6459 6058
v 0.620000 -0.834652 1.505348
v 0.543405 -0.856595 1.483405
f 6501 6502 6463
f 6462 6501 6463
v 0.620000 -0.780000 1.494972
f 6501 6503 6502
v 0.524092 -0.780000 1.464092
f 6503 6504 6502
f 6502 6504 6099
f 6504 6100 6099
f 6064 6502 6099
f 6463 6502 6064
v 0.620000 -0.684646 -0.960000
f 6505 6466 6467
v 0.572537 -0.721871 -0.960000
v 0.571331 -0.723319 -0.960170
f 6506 6505 6507
f 6507 6505 6467
f 6507 6467 6468
v 0.587126 -0.692874 -0.953068
v 0.620000 -0.660000 -0.950268
f 6508 6509 6505
f 6508 6505 6506
v 0.605078 -0.660000 -0.946054
f 6510 6509 6508
v 0.620000 -0.704397 -0.284397
v 0.546074 -0.733926 -0.313926
f 6511 6512 6474
f 6473 6511 6474
v 0.620000 -0.660000 -0.329450
f 6511 6513 6512
v 0.523462 -0.660000 -0.336538
f 6513 6514 6512
v 0.567015 -0.660000 -0.240000
f 6514 6515 6512
f 6512 6515 6074
f 6515 6102 6074
f 6474 6512 6074
v 0.620000 -0.686133 -0.146133
v 0.620000 -0.682329 -0.120000
v 0.585521 -0.694479 -0.154479
f 6516 6517 6518
v 0.620000 -0.660000 -0.163681
f 6519 6516 6518
f 6515 6519 6102
f 6519 6518 6102
f 6518 6104 6102
v 0.522489 -0.757511 -0.120000
f 6520 6105 6104
f 6518 6520 6104
f 6517 6520 6518
v 0.620000 -0.714380 -0.054380
v 0.620000 -0.737719 0.000000
v 0.507178 -0.772822 -0.112822
f 6521 6522 6523
f 6517 6521 6520
f 6521 6523 6520
f 6523 6105 6520
f 6523 6106 6105
f 6523 6081 6106
f 6522 6475 6081
f 6523 6522 6081
v 0.620000 -0.749218 0.030782
f 6475 6524 6476
v 0.620000 -0.778510 0.120000
f 6524 6525 6476
f 6522 6524 6475
f 6525 6477 6476
v 0.620000 -0.778816 0.121184
f 6526 6481 6477
f 6525 6526 6477
v 0.565374 -0.660000 1.440000
f 6527 6110 6108
f 6107 6527 6108
v 0.620000 -0.736043 1.483957
v 0.517591 -0.762409 1.457591
f 6528 6529 6504
f 6503 6528 6504
v 0.620000 -0.660000 1.457287
f 6528 6530 6529
f 6529 6530 6107
f 6530 6527 6107
f 6112 6529 6107
f 6100 6529 6112
f 6504 6529 6100
v 0.615681 -0.635017 -0.933309
v 0.620000 -0.633696 -0.933696
f 6531 6532 6509
f 6531 6509 6510
v 0.617146 -0.631518 -0.931518
f 6533 6532 6531
v 0.620000 -0.622688 -0.927395
f 6534 6532 6533
v 0.620000 -0.542427 -0.362427
v 0.620000 -0.561046 -0.360000
v 0.616270 -0.543730 -0.363730
f 6535 6536 6537
v 0.620000 -0.540000 -0.366081
f 6538 6535 6537
v 0.614309 -0.540000 -0.365691
f 6538 6539 6537
v 0.615269 -0.540000 -0.360000
f 6539 6540 6537
v 0.592387 -0.567613 -0.360000
f 6540 6541 6537
f 6541 6536 6537
v 0.620000 -0.608111 -0.240000
f 6513 6542 6514
v 0.620000 -0.540000 -0.353708
f 6536 6543 6541
f 6540 6543 6541
f 6542 6515 6514
v 0.620000 -0.631576 -0.211576
f 6544 6519 6515
f 6542 6544 6515
v 0.620000 -0.621422 1.440000
v 0.620000 -0.567422 1.412578
v 0.580543 -0.579457 1.400543
f 6545 6546 6547
v 0.620000 -0.540000 1.391360
f 6546 6548 6547
v 0.564894 -0.540000 1.384894
f 6548 6549 6547
f 6547 6549 6113
f 6549 6115 6113
f 6110 6547 6113
f 6545 6547 6110
f 6527 6545 6110
v 0.620000 -0.646833 1.453167
f 6530 6550 6527
f 6550 6545 6527
v 0.620000 -0.533268 -0.360000
f 6538 6551 6539
f 6551 6540 6539
v 0.620000 -0.537412 -0.357412
f 6552 6543 6540
f 6551 6552 6540
v 0.620000 -0.483942 1.376058
v 0.549566 -0.490434 1.369566
f 6553 6554 6549
f 6548 6553 6549
v 0.620000 -0.420000 1.345681
f 6553 6555 6554
v 0.564781 -0.420000 1.384781
f 6555 6556 6554
f 6554 6556 6117
f 6556 6119 6117
f 6115 6554 6117
f 6549 6554 6115
v 0.620000 -0.389053 1.350947
v 0.571949 -0.348051 1.391949
f 6557 6558 6556
f 6555 6557 6556
v 0.620000 -0.300000 1.367600
f 6557 6559 6558
v 0.583943 -0.300000 1.403943
f 6559 6560 6558
v 0.542219 -0.300000 1.440000
f 6560 6561 6558
f 6558 6561 6119
f 6561 6123 6119
f 6556 6558 6119
v 0.519844 -0.300000 1.459844
f 6561 6562 6123
f 6562 6125 6123
v 0.620000 -0.240444 1.379556
v 0.593267 -0.206733 1.413267
f 6563 6564 6560
f 6559 6563 6560
v 0.620000 -0.180000 1.392434
f 6563 6565 6564
v 0.596342 -0.180000 1.416342
f 6565 6566 6564
v 0.568894 -0.180000 1.440000
f 6566 6567 6564
v 0.553828 -0.246172 1.440000
f 6567 6568 6564
f 6564 6568 6560
f 6568 6561 6560
v 0.521908 -0.278092 1.461908
f 6561 6569 6562
f 6568 6569 6561
v 0.532416 -0.180000 1.472416
f 6570 6569 6568
f 6567 6570 6568
f 6569 6570 6127
f 6570 6129 6127
f 6125 6569 6127
f 6562 6569 6125
v 0.620000 -0.110336 1.389664
v 0.594474 -0.085526 1.414474
f 6571 6572 6566
f 6565 6571 6566
v 0.620000 -0.060000 1.387498
f 6571 6573 6572
v 0.593880 -0.060000 1.413880
f 6573 6574 6572
v 0.563592 -0.060000 1.440000
f 6574 6575 6572
v 0.566072 -0.113928 1.440000
f 6575 6576 6572
f 6572 6576 6566
f 6576 6567 6566
v 0.531822 -0.148178 1.471822
f 6567 6577 6570
f 6576 6577 6567
v 0.529915 -0.060000 1.469915
f 6578 6577 6576
f 6575 6578 6576
f 6577 6578 6133
f 6578 6135 6133
f 6129 6577 6133
f 6570 6577 6129
v 0.620000 -0.007102 1.372898
v 0.582545 0.022545 1.402545
f 6579 6580 6574
f 6573 6579 6574
v 0.620000 0.060000 1.352520
f 6579 6581 6580
v 0.576399 0.060000 1.396399
f 6581 6582 6580
v 0.526022 0.060000 1.440000
f 6582 6583 6580
v 0.549047 -0.010953 1.440000
f 6583 6584 6580
f 6580 6584 6574
f 6584 6575 6574
v 0.526479 -0.033521 1.466479
f 6575 6585 6578
f 6584 6585 6575
v 0.512223 0.060000 1.452223
f 6586 6585 6584
f 6583 6586 6584
f 6585 6586 6141
f 6586 6143 6141
f 6135 6585 6141
f 6578 6585 6135
v 0.620000 0.119525 1.320000
v 0.620000 0.157723 1.297723
v 0.607159 0.167159 1.307159
f 6587 6588 6589
v 0.620000 0.180000 1.283173
f 6588 6590 6589
v 0.602909 0.180000 1.302909
f 6590 6591 6589
v 0.585714 0.180000 1.320000
f 6591 6592 6589
v 0.598722 0.158722 1.320000
f 6592 6593 6589
f 6593 6587 6589
v 0.620000 0.081544 1.341544
v 0.560929 0.120929 1.380929
f 6594 6595 6582
f 6581 6594 6582
f 6595 6594 6593
f 6594 6587 6593
v 0.542868 0.180000 1.362868
f 6596 6595 6593
f 6592 6596 6593
f 6595 6596 6148
f 6596 6150 6148
v 0.516818 0.076818 1.440000
f 6597 6595 6148
f 6147 6597 6148
f 6595 6597 6582
f 6597 6583 6582
v 0.509857 0.069857 1.449857
f 6583 6598 6586
f 6597 6598 6583
f 6147 6598 6597
f 6154 6598 6147
f 6143 6598 6154
f 6586 6598 6143
v 0.620000 0.271947 1.200000
v 0.620000 0.286016 1.186016
v 0.611693 0.291693 1.191693
f 6599 6600 6601
v 0.620000 0.300000 1.170255
f 6600 6602 6601
v 0.607334 0.300000 1.187334
f 6602 6603 6601
v 0.596532 0.300000 1.200000
f 6603 6604 6601
v 0.607678 0.287678 1.200000
f 6604 6605 6601
f 6605 6599 6601
v 0.620000 0.224981 1.244981
v 0.573821 0.253821 1.273821
f 6606 6607 6591
f 6590 6606 6591
f 6607 6606 6605
f 6606 6599 6605
v 0.551525 0.300000 1.251525
f 6608 6607 6605
f 6604 6608 6605
f 6607 6608 6158
f 6608 6160 6158
v 0.547872 0.227872 1.320000
f 6609 6607 6158
f 6157 6609 6158
f 6607 6609 6591
f 6609 6592 6591
v 0.531271 0.211271 1.351271
f 6592 6610 6596
f 6609 6610 6592
f 6157 6610 6609
f 6164 6610 6157
f 6150 6610 6164
f 6596 6610 6150
v 0.620000 0.367479 -0.240000
v 0.620000 0.377492 -0.282508
v 0.601606 0.401606 -0.258394
f 6611 6612 6613
v 0.620000 0.420000 -0.355735
f 6612 6614 6613
v 0.590935 0.420000 -0.269065
f 6614 6615 6613
v 0.577527 0.420000 -0.240000
f 6615 6616 6613
v 0.597250 0.397250 -0.240000
f 6616 6617 6613
f 6617 6611 6613
v 0.620000 0.402627 -0.120000
v 0.620000 0.392245 -0.147755
v 0.610048 0.410048 -0.129952
f 6618 6619 6620
f 6620 6619 6617
f 6619 6611 6617
v 0.599028 0.420000 -0.140972
f 6621 6620 6617
f 6616 6621 6617
v 0.601069 0.420000 -0.120000
f 6621 6622 6620
v 0.611248 0.411248 -0.120000
f 6622 6623 6620
f 6623 6618 6620
v 0.620000 0.420000 -0.086557
f 6624 6618 6623
f 6622 6624 6623
v 0.620000 0.365504 1.080000
v 0.620000 0.386639 1.046639
v 0.599591 0.399591 1.059591
f 6625 6626 6627
v 0.620000 0.420000 0.986629
f 6626 6628 6627
v 0.584327 0.420000 1.044327
f 6628 6629 6627
v 0.559420 0.420000 1.080000
f 6629 6630 6627
v 0.592458 0.392458 1.080000
f 6630 6631 6627
f 6631 6625 6627
v 0.620000 0.339131 1.119131
v 0.568966 0.368966 1.148966
f 6632 6633 6603
f 6602 6632 6603
f 6633 6632 6631
f 6632 6625 6631
v 0.533969 0.420000 1.113969
f 6634 6633 6631
f 6630 6634 6631
f 6633 6634 6170
f 6634 6172 6170
v 0.547535 0.347535 1.200000
f 6635 6633 6170
f 6169 6635 6170
f 6633 6635 6603
f 6635 6604 6603
v 0.533893 0.333893 1.233893
f 6604 6636 6608
f 6635 6636 6604
f 6169 6636 6635
f 6176 6636 6169
f 6160 6636 6176
f 6608 6636 6160
v 0.620000 0.424103 -0.360000
v 0.620000 0.502353 -0.397647
v 0.599446 0.519446 -0.380554
f 6637 6638 6639
v 0.620000 0.540000 -0.397207
f 6638 6640 6639
v 0.597522 0.540000 -0.382478
f 6640 6641 6639
v 0.566960 0.540000 -0.360000
f 6641 6642 6639
v 0.590044 0.510044 -0.360000
f 6642 6643 6639
f 6643 6637 6639
v 0.620000 0.421301 -0.358699
v 0.557852 0.477852 -0.302148
f 6644 6645 6615
f 6614 6644 6615
f 6645 6644 6643
f 6644 6637 6643
v 0.533729 0.540000 -0.326271
f 6646 6645 6643
f 6642 6646 6643
f 6645 6646 6182
f 6646 6184 6182
v 0.542234 0.462234 -0.240000
f 6647 6645 6182
f 6181 6647 6182
f 6645 6647 6615
f 6647 6616 6615
v 0.542063 0.462063 -0.197937
f 6616 6648 6621
f 6647 6648 6616
f 6181 6648 6647
f 6189 6648 6181
v 0.545477 0.465477 -0.120000
f 6649 6648 6189
f 6188 6649 6189
f 6648 6649 6621
f 6649 6622 6621
v 0.558517 0.478517 -0.061483
v 0.620000 0.457887 0.000000
f 6650 6651 6622
f 6651 6624 6622
f 6649 6650 6622
f 6188 6650 6649
v 0.505783 0.540000 0.000000
f 6652 6650 6188
f 6194 6652 6188
v 0.574241 0.494241 0.000000
f 6652 6653 6650
f 6653 6651 6650
v 0.620000 0.497316 0.120000
v 0.620000 0.475490 0.055490
v 0.590183 0.510183 0.090183
f 6654 6655 6656
f 6656 6655 6653
f 6655 6651 6653
v 0.510349 0.540000 0.010349
f 6657 6656 6653
f 6652 6657 6653
v 0.560577 0.540000 0.120000
f 6657 6658 6656
v 0.596279 0.516279 0.120000
f 6658 6659 6656
f 6659 6654 6656
v 0.620000 0.523869 0.240000
v 0.620000 0.518889 0.218889
v 0.609561 0.529561 0.229561
f 6660 6661 6662
f 6662 6661 6659
f 6661 6654 6659
v 0.586998 0.540000 0.206998
f 6663 6662 6659
f 6658 6663 6659
v 0.597528 0.540000 0.240000
f 6663 6664 6662
v 0.611054 0.531054 0.240000
f 6664 6665 6662
f 6665 6660 6662
v 0.620000 0.538339 0.360000
v 0.620000 0.538086 0.358086
v 0.619000 0.539000 0.359000
f 6666 6667 6668
f 6668 6667 6665
f 6667 6660 6665
v 0.617182 0.540000 0.357182
f 6669 6668 6665
f 6664 6669 6665
v 0.617685 0.540000 0.360000
f 6669 6670 6668
v 0.619080 0.539080 0.360000
f 6670 6671 6668
f 6671 6666 6668
v 0.620000 0.540000 0.429409
f 6672 6666 6671
f 6670 6672 6671
v 0.620000 0.532576 0.600000
v 0.620000 0.533126 0.593126
v 0.616077 0.536077 0.596077
f 6673 6674 6675
v 0.620000 0.540000 0.496904
f 6674 6676 6675
v 0.610664 0.540000 0.590664
f 6676 6677 6675
v 0.609655 0.540000 0.600000
f 6677 6678 6675
v 0.615886 0.535886 0.600000
f 6678 6679 6675
f 6679 6673 6675
v 0.620000 0.512146 0.720000
v 0.620000 0.516545 0.696545
v 0.606121 0.526121 0.706121
f 6680 6681 6682
f 6682 6681 6679
f 6681 6673 6679
v 0.589050 0.540000 0.689050
f 6683 6682 6679
f 6678 6683 6679
v 0.581209 0.540000 0.720000
f 6683 6684 6682
v 0.604538 0.524538 0.720000
f 6684 6685 6682
f 6685 6680 6682
v 0.620000 0.479270 0.840000
v 0.620000 0.493114 0.793114
v 0.591340 0.511340 0.811340
f 6686 6687 6688
f 6688 6687 6685
f 6687 6680 6685
v 0.559602 0.540000 0.779602
f 6689 6688 6685
f 6684 6689 6685
v 0.535488 0.540000 0.840000
f 6689 6690 6688
v 0.586205 0.506205 0.840000
f 6690 6691 6688
f 6691 6686 6688
v 0.620000 0.433035 0.960000
v 0.620000 0.463755 0.883755
v 0.571999 0.491999 0.911999
f 6692 6693 6694
f 6694 6693 6691
f 6693 6686 6691
v 0.523763 0.540000 0.863763
f 6695 6694 6691
f 6690 6695 6691
f 6694 6695 6196
f 6695 6198 6196
v 0.560302 0.480302 0.960000
f 6696 6694 6196
f 6195 6696 6196
f 6696 6692 6694
v 0.620000 0.428995 0.968995
v 0.548214 0.468214 1.008214
f 6697 6698 6629
f 6628 6697 6629
f 6698 6697 6696
f 6697 6692 6696
f 6195 6698 6696
f 6203 6698 6195
v 0.526153 0.446153 1.080000
f 6699 6698 6203
f 6202 6699 6203
f 6698 6699 6629
f 6699 6630 6629
v 0.520044 0.440044 1.100044
f 6630 6700 6634
f 6699 6700 6630
f 6202 6700 6699
f 6207 6700 6202
f 6172 6700 6207
f 6634 6700 6172
v 0.620000 0.613892 -0.406108
v 0.590907 0.630907 -0.389093
f 6701 6702 6641
f 6640 6701 6641
v 0.620000 0.660000 -0.407366
f 6701 6703 6702
v 0.590318 0.660000 -0.389682
f 6703 6704 6702
v 0.530311 0.660000 -0.360000
f 6704 6705 6702
v 0.557147 0.597147 -0.360000
f 6705 6706 6702
f 6702 6706 6641
f 6706 6642 6641
v 0.525214 0.565214 -0.334786
f 6642 6707 6646
f 6706 6707 6642
v 0.510798 0.660000 -0.349202
f 6708 6707 6706
f 6705 6708 6706
f 6707 6708 6211
f 6708 6213 6211
f 6184 6707 6211
f 6646 6707 6184
v 0.502301 0.542301 0.000000
f 6219 6709 6194
f 6709 6652 6194
v 0.502738 0.542738 0.002738
f 6652 6710 6657
f 6709 6710 6652
f 6219 6710 6709
f 6222 6710 6219
v 0.524167 0.564167 0.120000
f 6711 6710 6222
f 6221 6711 6222
f 6710 6711 6657
f 6711 6658 6657
v 0.527146 0.567146 0.147146
f 6658 6712 6663
f 6711 6712 6658
f 6221 6712 6711
f 6226 6712 6221
v 0.538990 0.578990 0.240000
f 6713 6712 6226
f 6225 6713 6226
f 6712 6713 6663
f 6713 6664 6663
v 0.541503 0.581503 0.281503
f 6664 6714 6669
f 6713 6714 6664
f 6225 6714 6713
f 6230 6714 6225
v 0.547107 0.587107 0.360000
f 6715 6714 6230
f 6229 6715 6230
f 6714 6715 6669
f 6715 6670 6669
v 0.547681 0.587681 0.407681
v 0.620000 0.541124 0.480000
f 6716 6717 6670
f 6717 6672 6670
f 6715 6716 6670
f 6229 6716 6715
f 6235 6716 6229
v 0.548720 0.588720 0.480000
f 6718 6716 6235
f 6234 6718 6235
f 6718 6717 6716
v 0.620000 0.541060 0.481060
v 0.547028 0.587028 0.527028
f 6719 6720 6677
f 6676 6719 6677
f 6720 6719 6718
f 6719 6717 6718
f 6234 6720 6718
f 6241 6720 6234
v 0.543871 0.583871 0.600000
f 6721 6720 6241
f 6240 6721 6241
f 6720 6721 6677
f 6721 6678 6677
v 0.540482 0.580482 0.640482
f 6678 6722 6683
f 6721 6722 6678
f 6240 6722 6721
f 6247 6722 6240
v 0.532435 0.572435 0.720000
f 6723 6722 6247
f 6246 6723 6247
f 6722 6723 6683
f 6723 6684 6683
v 0.528667 0.568667 0.748667
f 6684 6724 6689
f 6723 6724 6684
f 6246 6724 6723
f 6252 6724 6246
v 0.514139 0.554139 0.840000
f 6725 6724 6252
f 6251 6725 6252
f 6724 6725 6689
f 6725 6690 6689
v 0.511989 0.551989 0.851989
f 6690 6726 6695
f 6725 6726 6690
f 6251 6726 6725
f 6255 6726 6251
f 6198 6726 6255
f 6695 6726 6198
v 0.620000 0.722146 -0.417854
v 0.581680 0.741680 -0.398320
f 6727 6728 6704
f 6703 6727 6704
v 0.620000 0.780000 -0.428982
f 6727 6729 6728
v 0.576707 0.780000 -0.403293
f 6729 6730 6728
f 6728 6730 6260
f 6730 6262 6260
v 0.522971 0.682971 -0.360000
f 6731 6728 6260
f 6259 6731 6260
f 6728 6731 6704
f 6731 6705 6704
v 0.509231 0.669231 -0.350769
f 6705 6732 6708
f 6731 6732 6705
f 6259 6732 6731
f 6266 6732 6259
f 6213 6732 6266
f 6708 6732 6213
v 0.620000 0.818888 -0.441112
v 0.564150 0.844150 -0.415850
f 6733 6734 6730
f 6729 6733 6730
v 0.620000 0.900000 -0.470212
f 6733 6735 6734
v 0.550662 0.900000 -0.429338
f 6735 6736 6734
f 6734 6736 6275
f 6736 6277 6275
f 6262 6734 6275
f 6730 6734 6262
v 0.600881 0.976283 -1.699119
v 0.620000 0.991987 -1.680000
v 0.620000 0.961945 -1.695968
f 6737 6738 6739
v 0.538432 1.020000 -1.713196
v 0.594845 1.020000 -1.680000
v 0.573897 0.995050 -1.704950
f 6740 6741 6742
v 0.607159 1.007159 -1.680000
f 6742 6741 6743
v 0.585665 0.987076 -1.702659
f 6742 6743 6744
v 0.586403 0.986403 -1.702608
f 6744 6743 6745
f 6745 6743 6738
v 0.600120 0.976748 -1.699336
f 6745 6738 6746
f 6746 6738 6737
v 0.620000 1.020000 -1.662406
f 6747 6738 6743
f 6741 6747 6743
v 0.620000 0.919538 -0.480000
v 0.620000 0.984374 -0.515626
v 0.595695 0.995695 -0.504305
f 6748 6749 6750
v 0.620000 1.020000 -0.538456
f 6749 6751 6750
v 0.585895 1.020000 -0.514105
f 6751 6752 6750
v 0.529770 1.020000 -0.480000
f 6752 6753 6750
v 0.573847 0.973847 -0.480000
f 6753 6754 6750
f 6754 6748 6750
v 0.620000 0.906728 -0.473272
v 0.539390 0.939390 -0.440610
f 6755 6756 6736
f 6735 6755 6736
f 6756 6755 6754
f 6755 6748 6754
v 0.510985 1.020000 -0.469015
f 6757 6756 6754
f 6753 6757 6754
f 6756 6757 6283
f 6757 6285 6283
f 6277 6756 6283
f 6736 6756 6277
v 0.544898 1.064898 -1.680000
f 6291 6290 6758
v 0.514837 1.034837 -1.717367
f 6291 6758 6759
f 6759 6758 6741
f 6759 6741 6740
v 0.620000 1.134292 -1.565708
f 6760 6747 6741
v 0.620000 1.140000 -1.560943
f 6758 6761 6741
f 6761 6760 6741
v 0.616850 1.140000 -1.563150
f 6290 6762 6758
f 6762 6761 6758
f 6298 6762 6290
v 0.620000 1.098121 -0.600000
v 0.620000 1.119958 -0.620042
v 0.606418 1.126418 -0.613582
f 6763 6764 6765
v 0.620000 1.140000 -0.641574
f 6764 6766 6765
v 0.598121 1.140000 -0.621879
f 6766 6767 6765
v 0.570072 1.140000 -0.600000
f 6767 6768 6765
v 0.598031 1.118031 -0.600000
f 6768 6769 6765
f 6769 6763 6765
v 0.620000 1.055711 -0.564289
v 0.560401 1.080401 -0.539599
f 6770 6771 6752
f 6751 6770 6752
f 6771 6770 6769
f 6770 6763 6769
v 0.529005 1.140000 -0.570995
f 6772 6771 6769
f 6768 6772 6769
f 6771 6772 6300
f 6772 6302 6300
v 0.514065 1.034065 -0.480000
f 6773 6771 6300
f 6299 6773 6300
f 6771 6773 6752
f 6773 6753 6752
v 0.507973 1.027973 -0.472027
f 6753 6774 6757
f 6773 6774 6753
f 6299 6774 6773
f 6305 6774 6299
f 6285 6774 6305
f 6757 6774 6285
v 0.620000 1.140906 -1.560000
f 6775 6761 6762
v 0.551229 1.191229 -1.560000
f 6309 6776 6298
f 6776 6775 6298
f 6775 6762 6298
v 0.620000 1.230493 -1.440000
v 0.620000 1.143361 -1.556639
v 0.588591 1.228591 -1.471409
f 6777 6778 6779
f 6779 6778 6776
f 6778 6775 6776
f 6309 6779 6776
v 0.575974 1.260000 -1.440000
f 6780 6779 6309
f 6312 6780 6309
v 0.603038 1.243038 -1.440000
f 6780 6781 6779
f 6781 6777 6779
v 0.620000 1.260000 -1.381607
f 6782 6777 6781
f 6780 6782 6781
v 0.620000 1.204249 -0.720000
v 0.620000 1.225946 -0.754054
v 0.597005 1.237005 -0.742995
f 6783 6784 6785
v 0.620000 1.260000 -0.796328
f 6784 6786 6785
v 0.576701 1.260000 -0.763299
f 6786 6787 6785
v 0.536842 1.260000 -0.720000
f 6787 6788 6785
v 0.587912 1.227912 -0.720000
f 6788 6789 6785
f 6789 6783 6785
v 0.620000 1.176614 -0.683386
v 0.561288 1.201288 -0.658712
f 6790 6791 6767
f 6766 6790 6767
f 6791 6790 6789
f 6790 6783 6789
v 0.517330 1.260000 -0.702670
f 6792 6791 6789
f 6788 6792 6789
f 6791 6792 6314
f 6792 6316 6314
v 0.529548 1.169548 -0.600000
f 6793 6791 6314
f 6313 6793 6314
f 6791 6793 6767
f 6793 6768 6767
v 0.518994 1.158994 -0.581006
f 6768 6794 6772
f 6793 6794 6768
f 6313 6794 6793
f 6319 6794 6313
f 6302 6794 6319
f 6772 6794 6302
v 0.528947 1.288947 -1.440000
f 6323 6795 6312
f 6795 6780 6312
v 0.539515 1.299515 -1.400485
v 0.620000 1.287704 -1.320000
f 6796 6797 6780
f 6797 6782 6780
f 6795 6796 6780
f 6323 6796 6795
f 6326 6796 6323
v 0.563240 1.323240 -1.320000
f 6798 6796 6326
f 6325 6798 6326
f 6798 6797 6796
v 0.620000 1.344789 -1.200000
v 0.620000 1.322883 -1.257117
v 0.596408 1.356408 -1.223592
f 6799 6800 6801
f 6801 6800 6798
f 6800 6797 6798
f 6325 6801 6798
v 0.533377 1.380000 -1.200000
f 6802 6801 6325
f 6330 6802 6325
v 0.601392 1.361392 -1.200000
f 6802 6803 6801
f 6803 6799 6801
v 0.620000 1.380000 -1.167575
f 6804 6799 6803
f 6802 6804 6803
v 0.620000 1.323634 -0.840000
v 0.620000 1.356499 -0.863501
v 0.601184 1.361184 -0.858816
f 6805 6806 6807
v 0.620000 1.380000 -0.868041
f 6806 6808 6807
v 0.582901 1.380000 -0.877099
f 6808 6809 6807
f 6807 6809 6332
f 6809 6334 6332
v 0.593306 1.353306 -0.840000
f 6810 6807 6332
f 6331 6810 6332
f 6810 6805 6807
v 0.620000 1.280310 -0.819690
v 0.546416 1.306416 -0.793584
f 6811 6812 6787
f 6786 6811 6787
f 6812 6811 6810
f 6811 6805 6810
f 6331 6812 6810
f 6339 6812 6331
v 0.516351 1.276351 -0.720000
f 6813 6812 6339
f 6338 6813 6339
f 6812 6813 6787
f 6813 6788 6787
v 0.510141 1.270141 -0.709859
f 6788 6814 6792
f 6813 6814 6788
f 6338 6814 6813
f 6343 6814 6338
f 6316 6814 6343
f 6792 6814 6316
v 0.516991 1.396991 -1.200000
f 6347 6815 6330
f 6815 6802 6330
v 0.620000 1.414844 -1.165156
f 6816 6804 6802
v 0.620000 1.500000 -1.141355
f 6815 6817 6802
f 6817 6816 6802
v 0.563870 1.500000 -1.136130
f 6347 6818 6815
f 6818 6817 6815
f 6349 6818 6347
v 0.620000 1.463300 -0.876700
v 0.572879 1.452879 -0.887121
f 6819 6820 6809
f 6808 6819 6809
v 0.620000 1.500000 -0.878913
f 6819 6821 6820
v 0.556621 1.500000 -0.903379
f 6821 6822 6820
f 6820 6822 6354
f 6822 6356 6354
f 6334 6820 6354
f 6809 6820 6334
v 0.620000 1.565929 -1.134071
f 6823 6817 6818
v 0.571052 1.571052 -1.128948
f 6824 6823 6818
v 0.620000 1.620000 -1.130192
f 6825 6823 6824
v 0.578992 1.620000 -1.121008
f 6826 6825 6824
f 6361 6826 6359
f 6826 6824 6359
f 6824 6349 6359
f 6824 6818 6349
v 0.620000 1.574993 -0.885007
v 0.550003 1.550003 -0.909997
f 6827 6828 6822
f 6821 6827 6822
v 0.620000 1.620000 -0.891117
f 6827 6829 6828
v 0.536392 1.620000 -0.923608
f 6829 6830 6828
f 6828 6830 6369
f 6830 6370 6369
f 6356 6828 6369
f 6822 6828 6356
v 0.620000 1.703701 -1.116299
f 6831 6825 6826
v 0.591385 1.711385 -1.108615
f 6832 6831 6826
v 0.620000 1.740000 -1.112129
f 6833 6831 6832
v 0.593972 1.740000 -1.106028
f 6834 6833 6832
v 0.524389 1.740000 -1.080000
f 6835 6834 6832
f 6371 6835 6361
f 6835 6832 6361
f 6832 6826 6361
v 0.518867 1.740000 -1.061133
f 6836 6835 6371
f 6373 6836 6371
v 0.620000 1.681055 -0.898945
v 0.530083 1.650083 -0.929917
f 6837 6838 6830
f 6829 6837 6830
v 0.620000 1.740000 -0.911145
f 6837 6839 6838
v 0.503384 1.740000 -0.956616
f 6839 6840 6838
f 6838 6840 6377
f 6840 6378 6377
f 6370 6838 6377
f 6830 6838 6370
v 0.620000 1.852265 -1.087735
f 6841 6833 6834
v 0.614048 1.854048 -1.085952
f 6842 6841 6834
v 0.620000 1.860000 -1.086495
f 6843 6841 6842
v 0.614786 1.860000 -1.085214
f 6844 6843 6842
v 0.600720 1.860000 -1.080000
f 6845 6844 6842
v 0.569017 1.809017 -1.080000
f 6846 6845 6842
f 6835 6846 6834
f 6846 6842 6834
v 0.539566 1.779566 -1.040434
f 6847 6835 6836
f 6847 6846 6835
v 0.578596 1.860000 -1.001404
f 6848 6845 6846
f 6847 6848 6846
v 0.568775 1.860000 -0.960000
f 6849 6848 6847
f 6379 6849 6373
f 6849 6847 6373
f 6847 6836 6373
v 0.620000 1.781496 -0.918504
v 0.502622 1.742622 -0.957378
f 6850 6851 6840
f 6839 6850 6840
v 0.620000 1.860000 -0.939961
f 6850 6852 6851
f 6851 6852 6379
f 6852 6849 6379
f 6380 6851 6379
f 6378 6851 6380
f 6840 6851 6378
v 0.620000 1.884446 -1.080000
f 6853 6843 6844
f 6845 6853 6844
v 0.620000 1.924887 -0.960000
v 0.620000 1.895955 -1.044045
f 6854 6855 6848
f 6855 6845 6848
f 6855 6853 6845
f 6849 6854 6848
v 0.620000 1.876309 -0.943691
f 6852 6856 6849
f 6856 6854 6849
v 0.711413 -1.350000 -1.228587
v 0.740000 -1.313895 -1.200000
v 0.740000 -1.350000 -1.225225
f 6857 6858 6859
v 0.695646 -1.304354 -1.200000
f 6383 6382 6860
v 0.650000 -1.350000 -1.237525
f 6383 6860 6861
f 6861 6860 6858
v 0.674459 -1.350000 -1.233965
f 6861 6858 6862
f 6862 6858 6857
v 0.740000 -1.260000 -1.151321
f 6863 6858 6860
v 0.654824 -1.260000 -1.165176
f 6382 6864 6860
f 6864 6863 6860
f 6387 6864 6382
v 0.734407 -1.350000 -0.326312
v 0.740000 -1.347485 -0.327485
v 0.664418 -1.335582 -0.315582
f 6865 6866 6867
v 0.665479 -1.350000 -0.314521
f 6865 6867 6868
v 0.740000 -1.350000 -0.327268
f 6869 6866 6865
v 0.740000 -1.260000 -0.323651
f 6866 6870 6867
v 0.670521 -1.260000 -0.309479
f 6870 6871 6867
f 6867 6871 6390
f 6871 6394 6390
v 0.650000 -1.350000 -0.312656
f 6393 6872 6867
f 6393 6867 6390
f 6868 6867 6872
v 0.681412 -1.350000 0.541412
v 0.740000 -1.269416 0.600000
v 0.740000 -1.350000 0.544240
f 6873 6874 6875
v 0.731358 -1.268642 0.600000
f 6401 6400 6876
v 0.650000 -1.350000 0.539490
f 6401 6876 6877
f 6877 6876 6874
v 0.652555 -1.350000 0.539647
f 6877 6874 6878
f 6878 6874 6873
v 0.740000 -1.260000 0.608374
f 6879 6874 6876
v 0.620411 -1.260000 0.600411
f 6400 6880 6876
f 6880 6879 6876
f 6405 6880 6400
v 0.721697 -1.350000 1.483973
v 0.740000 -1.338962 1.481038
v 0.664980 -1.335020 1.484980
f 6881 6882 6883
v 0.667301 -1.350000 1.487301
f 6881 6883 6884
v 0.740000 -1.350000 1.482853
f 6885 6882 6881
v 0.740000 -1.260000 1.480798
f 6882 6886 6883
v 0.665869 -1.260000 1.485869
f 6886 6887 6883
f 6883 6887 6408
f 6887 6411 6408
v 0.650000 -1.350000 1.488079
f 6410 6888 6883
f 6410 6883 6408
f 6884 6883 6888
v 0.740000 -1.209679 -1.080000
f 6889 6863 6864
v 0.678879 -1.201121 -1.080000
f 6416 6890 6387
f 6890 6889 6387
f 6889 6864 6387
v 0.740000 -1.140000 -1.010414
f 6891 6889 6890
v 0.681101 -1.140000 -1.018899
f 6416 6892 6890
f 6892 6891 6890
f 6418 6892 6416
v 0.740000 -1.222457 -0.322457
v 0.671893 -1.208107 -0.308107
f 6893 6894 6871
f 6870 6893 6871
v 0.740000 -1.140000 -0.308025
f 6893 6895 6894
v 0.683582 -1.140000 -0.296418
f 6895 6896 6894
f 6894 6896 6420
f 6896 6422 6420
f 6394 6894 6420
f 6871 6894 6394
v 0.740000 -1.155353 0.720000
f 6897 6879 6880
v 0.725751 -1.154249 0.720000
f 6424 6898 6405
f 6898 6897 6405
f 6897 6880 6405
v 0.740000 -1.140000 0.729221
f 6899 6897 6898
v 0.622955 -1.140000 0.722955
f 6424 6900 6898
f 6900 6899 6898
f 6426 6900 6424
v 0.740000 -1.219799 1.480201
v 0.665240 -1.214760 1.485240
f 6901 6902 6887
f 6886 6901 6887
v 0.740000 -1.140000 1.496259
f 6901 6903 6902
v 0.680356 -1.140000 1.500356
f 6903 6904 6902
f 6902 6904 6428
f 6904 6430 6428
f 6411 6902 6428
f 6887 6902 6411
v 0.740000 -1.073308 -1.013308
f 6905 6891 6892
v 0.678153 -1.081847 -1.021847
f 6906 6905 6892
v 0.740000 -1.020000 -0.999663
f 6907 6905 6906
v 0.693767 -1.020000 -1.006233
f 6908 6907 6906
f 6434 6908 6432
f 6908 6906 6432
f 6906 6418 6432
f 6906 6892 6418
v 0.740000 -1.085083 -0.305083
v 0.686539 -1.073461 -0.293461
f 6909 6910 6896
f 6895 6909 6896
v 0.740000 -1.020000 -0.300451
f 6909 6911 6910
v 0.689938 -1.020000 -0.290062
f 6911 6912 6910
f 6910 6912 6436
f 6912 6438 6436
f 6422 6910 6436
f 6896 6910 6422
v 0.740000 -1.132162 0.727838
f 6913 6899 6900
v 0.622491 -1.137509 0.722491
f 6914 6913 6900
v 0.740000 -1.020000 0.729936
f 6915 6913 6914
v 0.623358 -1.020000 0.723358
f 6916 6915 6914
f 6442 6916 6440
f 6916 6914 6440
f 6914 6426 6440
f 6914 6900 6426
v 0.740000 -1.077569 1.502431
v 0.686509 -1.073491 1.506509
f 6917 6918 6904
f 6903 6917 6904
v 0.740000 -1.020000 1.509920
f 6917 6919 6918
v 0.693171 -1.020000 1.513171
f 6919 6920 6918
f 6918 6920 6444
f 6920 6446 6444
f 6430 6918 6444
f 6904 6918 6430
v 0.740000 -0.933903 -0.993903
f 6921 6907 6908
v 0.700006 -0.939994 -0.999994
f 6922 6921 6908
v 0.740000 -0.900000 -0.992174
f 6923 6921 6922
v 0.702470 -0.900000 -0.997530
f 6924 6923 6922
f 6450 6924 6448
f 6924 6922 6448
f 6922 6434 6448
f 6922 6908 6434
v 0.740000 -0.963426 -0.303426
v 0.687020 -0.952980 -0.292980
f 6925 6926 6912
f 6911 6925 6912
v 0.740000 -0.900000 -0.308025
f 6925 6927 6926
v 0.683582 -0.900000 -0.296418
f 6927 6928 6926
f 6926 6928 6452
f 6928 6454 6452
f 6438 6926 6452
f 6912 6926 6438
v 0.740000 -1.009755 0.730245
f 6929 6915 6916
v 0.623469 -1.016531 0.723469
f 6930 6929 6916
v 0.740000 -0.900000 0.732641
f 6931 6929 6930
v 0.624689 -0.900000 0.724689
f 6932 6931 6930
f 6458 6932 6456
f 6932 6930 6456
f 6930 6442 6456
f 6930 6916 6442
v 0.740000 -0.951427 1.508573
v 0.691852 -0.948148 1.511852
f 6933 6934 6920
f 6919 6933 6920
v 0.740000 -0.900000 1.507202
f 6933 6935 6934
v 0.690621 -0.900000 1.510621
f 6935 6936 6934
f 6934 6936 6460
f 6936 6462 6460
f 6446 6934 6460
f 6920 6934 6446
v 0.740000 -0.790829 -0.970829
f 6937 6923 6924
v 0.726836 -0.793164 -0.973164
f 6938 6937 6924
v 0.740000 -0.780000 -0.969136
f 6939 6937 6938
v 0.729325 -0.780000 -0.970675
f 6940 6939 6938
f 6466 6940 6464
f 6940 6938 6464
f 6938 6450 6464
f 6938 6924 6450
v 0.740000 -0.855027 -0.315027
v 0.676312 -0.843688 -0.303688
f 6941 6942 6928
f 6927 6941 6928
v 0.740000 -0.780000 -0.331435
f 6941 6943 6942
v 0.663896 -0.780000 -0.316104
f 6943 6944 6942
f 6942 6944 6471
f 6944 6473 6471
f 6454 6942 6471
f 6928 6942 6454
v 0.650009 -0.780000 0.240000
f 6481 6945 6478
f 6945 6479 6478
v 0.654793 -0.780000 0.274793
f 6945 6946 6479
v 0.667368 -0.780000 0.360000
f 6946 6947 6479
f 6947 6483 6479
f 6947 6484 6483
v 0.668700 -0.780000 0.408700
f 6947 6948 6484
v 0.670816 -0.780000 0.480000
f 6948 6949 6484
f 6949 6487 6484
f 6949 6488 6487
v 0.667234 -0.780000 0.527234
f 6949 6950 6488
v 0.660688 -0.780000 0.600000
f 6950 6951 6488
f 6951 6491 6488
f 6951 6492 6491
v 0.690778 -0.780000 0.670778
f 6951 6952 6492
v 0.686336 -0.780000 0.720000
f 6952 6953 6492
f 6953 6495 6492
f 6953 6496 6495
v 0.740000 -0.884133 0.735867
f 6954 6931 6932
v 0.625999 -0.894001 0.725999
f 6955 6954 6932
v 0.740000 -0.780000 0.742345
f 6956 6954 6955
f 6953 6956 6496
f 6956 6955 6496
f 6955 6499 6496
f 6955 6458 6499
f 6955 6932 6458
v 0.740000 -0.840827 1.499173
v 0.682669 -0.837331 1.502669
f 6957 6958 6936
f 6935 6957 6936
v 0.740000 -0.780000 1.487700
f 6957 6959 6958
v 0.672311 -0.780000 1.492311
f 6959 6960 6958
f 6958 6960 6501
f 6960 6503 6501
f 6462 6958 6501
f 6936 6958 6462
v 0.740000 -0.751144 -0.960000
f 6961 6939 6940
v 0.682921 -0.717079 -0.960000
f 6505 6962 6466
f 6962 6961 6466
f 6961 6940 6466
v 0.740000 -0.660000 -0.923674
f 6963 6961 6962
v 0.633209 -0.660000 -0.946791
f 6505 6964 6962
f 6964 6963 6962
f 6509 6964 6505
v 0.740000 -0.694761 -0.360000
v 0.740000 -0.669621 -0.369621
v 0.732205 -0.667795 -0.367795
f 6965 6966 6967
v 0.740000 -0.660000 -0.375125
f 6966 6968 6967
v 0.728411 -0.660000 -0.371589
f 6968 6969 6967
v 0.677107 -0.660000 -0.360000
f 6969 6970 6967
v 0.718290 -0.681710 -0.360000
f 6970 6971 6967
f 6971 6965 6967
v 0.740000 -0.751610 -0.331610
v 0.663673 -0.736327 -0.316327
f 6972 6973 6944
f 6943 6972 6944
f 6973 6972 6971
f 6972 6965 6971
v 0.632353 -0.660000 -0.347647
f 6974 6973 6971
f 6970 6974 6971
f 6973 6974 6511
f 6974 6513 6511
f 6473 6973 6511
f 6944 6973 6473
v 0.643567 -0.660000 -0.120000
f 6519 6975 6516
f 6975 6517 6516
v 0.664792 -0.660000 -0.075208
f 6975 6976 6517
v 0.702013 -0.660000 0.000000
f 6976 6977 6517
f 6977 6521 6517
f 6977 6522 6521
v 0.740000 -0.663907 0.116093
v 0.740000 -0.665202 0.120000
v 0.727454 -0.672546 0.107454
f 6978 6979 6980
v 0.740000 -0.660000 0.105528
f 6981 6978 6980
f 6977 6981 6522
f 6981 6980 6522
f 6980 6524 6522
v 0.648549 -0.751451 0.120000
f 6982 6525 6524
f 6980 6982 6524
f 6979 6982 6980
v 0.740000 -0.688567 0.211433
v 0.740000 -0.695136 0.240000
v 0.625197 -0.774803 0.125197
f 6983 6984 6985
f 6979 6983 6982
f 6983 6985 6982
f 6985 6525 6982
f 6985 6526 6525
f 6985 6481 6526
f 6984 6945 6481
f 6985 6984 6481
v 0.740000 -0.705660 0.314340
f 6945 6986 6946
v 0.740000 -0.711511 0.360000
f 6986 6987 6946
f 6984 6986 6945
f 6987 6947 6946
v 0.740000 -0.713389 0.426611
f 6947 6988 6948
v 0.740000 -0.714763 0.480000
f 6988 6989 6948
f 6987 6988 6947
f 6989 6949 6948
v 0.740000 -0.708767 0.551233
f 6949 6990 6950
v 0.740000 -0.705235 0.600000
f 6990 6991 6950
f 6989 6990 6949
f 6991 6951 6950
v 0.740000 -0.690083 0.689917
f 6951 6992 6952
v 0.740000 -0.718072 0.720000
f 6992 6993 6952
f 6991 6992 6951
f 6993 6953 6952
v 0.740000 -0.746682 0.753318
f 6994 6956 6953
f 6993 6994 6953
v 0.740000 -0.741893 1.478107
v 0.662333 -0.737667 1.482333
f 6995 6996 6960
f 6959 6995 6960
v 0.740000 -0.660000 1.449542
f 6995 6997 6996
v 0.636435 -0.660000 1.456435
f 6997 6998 6996
f 6996 6998 6528
f 6998 6530 6528
f 6503 6996 6528
f 6960 6996 6503
v 0.740000 -0.562757 -0.862757
f 6999 6963 6964
v 0.685885 -0.594115 -0.894115
f 7000 6999 6964
v 0.740000 -0.540000 -0.849659
f 7001 6999 7000
v 0.727567 -0.540000 -0.852433
f 7002 7001 7000
v 0.644176 -0.540000 -0.873856
f 6534 7003 7002
f 6534 7002 6532
f 7002 7000 6532
f 7000 6509 6532
f 7000 6964 6509
v 0.740000 -0.586699 -0.406699
v 0.701509 -0.578491 -0.398491
f 7004 7005 6969
f 6968 7004 6969
v 0.740000 -0.540000 -0.448587
f 7004 7006 7005
v 0.674029 -0.540000 -0.425971
f 7006 7007 7005
f 7005 7007 6535
f 7007 6538 6535
v 0.640461 -0.639539 -0.360000
f 7008 7005 6535
f 6536 7008 6535
f 7005 7008 6969
f 7008 6970 6969
v 0.640555 -0.639445 -0.339445
f 6970 7009 6974
f 7008 7009 6970
f 6536 7009 7008
v 0.673126 -0.540000 -0.240000
f 7010 7009 6536
f 6543 7010 6536
f 7009 7010 6513
f 7010 6542 6513
f 6974 7009 6513
v 0.740000 -0.543394 -0.123394
v 0.740000 -0.544281 -0.120000
v 0.730433 -0.549567 -0.129567
f 7011 7012 7013
v 0.740000 -0.540000 -0.125978
f 7014 7011 7013
f 7010 7014 6542
f 7014 7013 6542
f 7013 6544 6542
f 7013 6519 6544
f 7012 6975 6519
f 7013 7012 6519
v 0.740000 -0.588110 -0.048110
f 6975 7015 6976
v 0.740000 -0.614389 0.000000
f 7015 7016 6976
f 7012 7015 6975
f 7016 6977 6976
v 0.740000 -0.628885 0.031115
f 7017 6981 6977
f 7016 7017 6977
v 0.740000 -0.639202 1.440000
v 0.740000 -0.574139 1.405861
v 0.707950 -0.572050 1.407950
f 7018 7019 7020
v 0.740000 -0.540000 1.379967
f 7019 7021 7020
v 0.685268 -0.540000 1.385268
f 7021 7022 7020
f 7020 7022 6546
f 7022 6548 6546
v 0.653365 -0.626635 1.440000
f 7023 7020 6546
f 6545 7023 6546
f 7023 7018 7020
v 0.740000 -0.653040 1.446960
v 0.632194 -0.647806 1.452194
f 7024 7025 6998
f 6997 7024 6998
f 7025 7024 7023
f 7024 7018 7023
f 6545 7025 7023
f 6550 7025 6545
f 6530 7025 6550
f 6998 7025 6530
v 0.740000 -0.527344 -0.840000
f 7026 7001 7002
v 0.655623 -0.492794 -0.840000
v 0.660598 -0.499402 -0.840000
v 0.652782 -0.507218 -0.847714
f 7027 7028 7029
f 7029 7028 7026
v 0.644543 -0.537412 -0.871872
f 7029 7026 7030
f 7030 7026 7002
f 7030 7002 7003
v 0.740000 -0.445053 -0.720000
v 0.740000 -0.503297 -0.803297
v 0.698775 -0.461225 -0.761225
f 7031 7032 7033
f 7033 7032 7028
f 7032 7026 7028
v 0.661051 -0.453683 -0.798949
f 7027 7034 7033
f 7027 7033 7028
v 0.663718 -0.431489 -0.774118
v 0.699630 -0.420000 -0.720000
f 7035 7036 7033
f 7035 7033 7034
v 0.665007 -0.420000 -0.761374
f 7037 7036 7035
v 0.721501 -0.438499 -0.720000
f 7036 7038 7033
f 7038 7031 7033
v 0.740000 -0.438312 -0.600000
v 0.740000 -0.439437 -0.619437
v 0.725866 -0.434134 -0.614134
f 7039 7040 7041
f 7041 7040 7038
f 7040 7031 7038
v 0.707505 -0.420000 -0.632495
f 7042 7041 7038
f 7036 7042 7038
v 0.712055 -0.420000 -0.600000
f 7042 7043 7041
v 0.726517 -0.433483 -0.600000
f 7043 7044 7041
f 7044 7039 7041
v 0.740000 -0.501183 -0.480000
v 0.740000 -0.465196 -0.525196
v 0.704228 -0.455772 -0.515772
f 7045 7046 7047
f 7047 7046 7044
f 7046 7039 7044
v 0.679450 -0.420000 -0.540550
f 7048 7047 7044
f 7043 7048 7044
v 0.665054 -0.420000 -0.480000
f 7048 7049 7047
v 0.682974 -0.477026 -0.480000
f 7049 7050 7047
f 7050 7045 7047
v 0.740000 -0.508015 -0.448015
v 0.674758 -0.485242 -0.425242
f 7051 7052 7007
f 7006 7051 7007
f 7052 7051 7050
f 7051 7045 7050
v 0.657633 -0.420000 -0.442367
f 7053 7052 7050
f 7049 7053 7050
v 0.671578 -0.420000 -0.360000
f 7053 7054 7052
f 7052 7054 6538
f 7054 6551 6538
f 7007 7052 6538
v 0.740000 -0.430144 -0.250144
v 0.740000 -0.430196 -0.240000
v 0.658557 -0.501443 -0.321443
f 7055 7056 7057
v 0.740000 -0.420000 -0.250375
f 7058 7055 7057
f 7054 7058 6551
f 7058 7057 6551
f 7057 6552 6551
f 7057 6543 6552
f 7056 7010 6543
f 7057 7056 6543
v 0.740000 -0.485649 -0.185649
f 7059 7014 7010
f 7056 7059 7010
v 0.740000 -0.460885 1.320000
v 0.740000 -0.442152 1.297848
v 0.719568 -0.440432 1.299568
f 7060 7061 7062
v 0.740000 -0.420000 1.267368
f 7061 7063 7062
v 0.712915 -0.420000 1.292915
f 7063 7064 7062
v 0.670128 -0.420000 1.320000
f 7064 7065 7062
v 0.703747 -0.456253 1.320000
f 7065 7066 7062
f 7066 7060 7062
v 0.740000 -0.502699 1.357301
v 0.662000 -0.498000 1.362000
f 7067 7068 7022
f 7021 7067 7022
f 7068 7067 7066
f 7067 7060 7066
v 0.637192 -0.420000 1.337192
f 7069 7068 7066
f 7065 7069 7066
f 7068 7069 6553
f 7069 6555 6553
f 6548 7068 6553
f 7022 7068 6548
v 0.668996 -0.300000 -0.810696
v 0.676943 -0.300000 -0.783057
v 0.668578 -0.314545 -0.791422
f 7070 7071 7072
v 0.695551 -0.300000 -0.720000
f 7072 7071 7073
v 0.667637 -0.336581 -0.764338
f 7072 7073 7074
v 0.667379 -0.340217 -0.760217
f 7074 7073 7075
v 0.670771 -0.369229 -0.720000
f 7075 7073 7076
v 0.669378 -0.370288 -0.722959
f 7075 7076 7077
v 0.669346 -0.370654 -0.722672
f 7077 7076 7078
f 7078 7076 7036
f 7078 7036 7037
v 0.676656 -0.363344 -0.663344
f 7036 7079 7042
f 7076 7079 7036
v 0.700950 -0.300000 -0.639050
f 7080 7079 7076
f 7073 7080 7076
v 0.704761 -0.300000 -0.600000
f 7080 7081 7079
v 0.682697 -0.357303 -0.600000
f 7081 7082 7079
f 7079 7082 7042
f 7082 7043 7042
v 0.678839 -0.361161 -0.541161
f 7043 7083 7048
f 7082 7083 7043
v 0.701476 -0.300000 -0.518524
f 7084 7083 7082
f 7081 7084 7082
v 0.699010 -0.300000 -0.480000
f 7084 7085 7083
v 0.664483 -0.375517 -0.480000
f 7085 7086 7083
f 7083 7086 7048
f 7086 7049 7048
v 0.690204 -0.349796 -0.409796
f 7049 7087 7053
f 7086 7087 7049
v 0.718623 -0.300000 -0.381377
f 7088 7087 7086
f 7085 7088 7086
v 0.721172 -0.300000 -0.360000
f 7088 7089 7087
v 0.703921 -0.336079 -0.360000
f 7089 7090 7087
f 7087 7090 7053
f 7090 7054 7053
v 0.740000 -0.355153 -0.295153
f 7091 7058 7054
v 0.740000 -0.300000 -0.326891
f 7090 7092 7054
f 7092 7091 7054
f 7089 7092 7090
v 0.740000 -0.374299 1.245701
v 0.694691 -0.345309 1.274691
f 7093 7094 7064
f 7063 7093 7064
v 0.740000 -0.300000 1.226356
f 7093 7095 7094
v 0.702440 -0.300000 1.282440
f 7095 7096 7094
v 0.667373 -0.300000 1.320000
f 7096 7097 7094
v 0.650765 -0.389235 1.320000
f 7097 7098 7094
f 7094 7098 7064
f 7098 7065 7064
v 0.634590 -0.405410 1.334590
f 7065 7099 7069
f 7098 7099 7065
v 0.644904 -0.300000 1.344904
f 7100 7099 7098
f 7097 7100 7098
f 7099 7100 6557
f 7100 6559 6557
f 6555 7099 6557
f 7069 7099 6555
v 0.654319 -0.180000 -1.004660
v 0.669799 -0.180000 -0.960000
v 0.654804 -0.183325 -0.996135
f 7101 7102 7103
v 0.656275 -0.192413 -0.972413
f 7103 7102 7104
v 0.657356 -0.202339 -0.960000
f 7104 7102 7105
v 0.685718 -0.180000 -0.894282
f 7105 7102 7106
v 0.658894 -0.216490 -0.921106
f 7105 7106 7107
v 0.706185 -0.180000 -0.840000
f 7107 7106 7108
v 0.659894 -0.228018 -0.904453
f 7107 7108 7109
v 0.660386 -0.234850 -0.894850
f 7109 7108 7110
v 0.680959 -0.239041 -0.840000
f 7110 7108 7111
v 0.664482 -0.250982 -0.867900
f 7110 7111 7112
v 0.664730 -0.255270 -0.862798
f 7112 7111 7113
v 0.667287 -0.279919 -0.840000
f 7113 7111 7114
v 0.667520 -0.288235 -0.828235
v 0.719106 -0.200894 -0.740894
f 7070 7115 7116
f 7070 7116 7071
f 7114 7111 7116
f 7114 7116 7115
v 0.730558 -0.180000 -0.729442
f 7117 7116 7111
f 7108 7117 7111
v 0.733016 -0.180000 -0.720000
f 7117 7118 7116
v 0.727913 -0.192087 -0.720000
f 7118 7119 7116
f 7116 7119 7071
f 7119 7073 7071
v 0.740000 -0.186674 -0.606674
f 7073 7120 7080
v 0.740000 -0.188041 -0.600000
f 7120 7121 7080
v 0.740000 -0.180000 -0.628350
f 7119 7122 7073
f 7122 7120 7073
f 7118 7122 7119
f 7121 7081 7080
v 0.736248 -0.183752 -0.483752
f 7081 7123 7084
v 0.740000 -0.180000 -0.542332
f 7124 7123 7081
f 7121 7124 7081
v 0.737778 -0.180000 -0.482222
f 7124 7125 7123
v 0.737572 -0.180000 -0.480000
f 7125 7126 7123
v 0.735896 -0.184104 -0.480000
f 7126 7127 7123
f 7123 7127 7084
f 7127 7085 7084
v 0.740000 -0.204780 -0.384780
f 7085 7128 7088
v 0.740000 -0.226056 -0.360000
f 7128 7129 7088
v 0.740000 -0.180000 -0.455064
f 7127 7130 7085
f 7130 7128 7085
f 7126 7130 7127
f 7129 7089 7088
v 0.740000 -0.274539 -0.334539
f 7131 7092 7089
f 7129 7131 7089
v 0.740000 -0.270802 1.229198
v 0.705790 -0.214210 1.285790
f 7132 7133 7096
f 7095 7132 7096
v 0.740000 -0.180000 1.246702
f 7132 7134 7133
v 0.709592 -0.180000 1.289592
f 7134 7135 7133
v 0.684232 -0.180000 1.320000
f 7135 7136 7133
v 0.671242 -0.248758 1.320000
f 7136 7137 7133
f 7133 7137 7096
f 7137 7097 7096
v 0.645499 -0.274501 1.345499
f 7097 7138 7100
f 7137 7138 7097
v 0.655315 -0.180000 1.355315
f 7139 7138 7137
f 7136 7139 7137
f 7138 7139 6563
f 7139 6565 6563
f 6559 7138 6563
f 7100 7138 6559
v 0.648348 -0.060000 -1.418441
v 0.659305 -0.060000 -1.400695
v 0.642688 -0.064708 -1.417312
f 7140 7141 7142
v 0.710490 -0.060000 -1.320000
f 7142 7141 7143
v 0.636903 -0.069056 -1.417584
f 7142 7143 7144
v 0.647794 -0.092570 -1.352570
f 7144 7143 7145
v 0.653682 -0.102118 -1.320000
f 7145 7143 7146
v 0.740000 -0.067684 -1.207684
v 0.740000 -0.069585 -1.200000
v 0.722289 -0.077711 -1.217711
f 7147 7148 7149
v 0.740000 -0.060000 -1.235417
f 7150 7147 7149
f 7146 7143 7150
v 0.653255 -0.108497 -1.296560
f 7146 7150 7151
f 7151 7150 7149
v 0.646302 -0.114392 -1.293698
f 7151 7149 7152
v 0.648849 -0.121462 -1.261462
f 7152 7149 7153
v 0.642229 -0.127322 -1.257913
v 0.704312 -0.095688 -1.200000
v 0.645205 -0.139904 -1.200000
f 7154 7155 7156
f 7153 7149 7155
f 7153 7155 7154
f 7148 7155 7149
v 0.740000 -0.076689 -1.096689
v 0.740000 -0.079025 -1.080000
v 0.687126 -0.112874 -1.132874
f 7157 7158 7159
f 7148 7157 7155
f 7157 7159 7155
v 0.645025 -0.141653 -1.174975
f 7159 7160 7156
f 7159 7156 7155
v 0.645201 -0.142469 -1.162469
f 7160 7159 7161
v 0.647270 -0.152730 -1.121105
f 7161 7159 7162
v 0.648172 -0.156294 -1.105293
v 0.649820 -0.161808 -1.080000
f 7163 7158 7164
f 7162 7159 7158
f 7162 7158 7163
v 0.648500 -0.161787 -1.061787
v 0.740000 -0.071694 -0.971694
v 0.649062 -0.163361 -1.052734
f 7165 7166 7167
v 0.740000 -0.074622 -0.960000
f 7167 7166 7168
v 0.649174 -0.163701 -1.050826
f 7167 7168 7169
f 7164 7158 7166
f 7164 7166 7165
f 7169 7168 7102
f 7169 7102 7101
v 0.740000 -0.076116 -0.856116
f 7102 7170 7106
v 0.740000 -0.085121 -0.840000
f 7170 7171 7106
f 7168 7170 7102
f 7171 7108 7106
v 0.740000 -0.103336 -0.763336
f 7108 7172 7117
v 0.740000 -0.146638 -0.720000
f 7172 7173 7117
f 7171 7172 7108
f 7173 7118 7117
v 0.740000 -0.155304 -0.695304
f 7174 7122 7118
f 7173 7174 7118
v 0.740000 -0.166383 -0.480000
f 7124 7175 7125
f 7175 7126 7125
v 0.740000 -0.165899 -0.465899
f 7176 7130 7126
f 7175 7176 7126
v 0.740000 -0.135348 1.244652
v 0.707918 -0.092082 1.287918
f 7177 7178 7135
f 7134 7177 7135
v 0.740000 -0.060000 1.240952
f 7177 7179 7178
v 0.707196 -0.060000 1.287196
f 7179 7180 7178
v 0.679854 -0.060000 1.320000
f 7180 7181 7178
v 0.682064 -0.117936 1.320000
f 7181 7182 7178
f 7178 7182 7135
f 7182 7136 7135
v 0.654691 -0.145309 1.354691
f 7136 7183 7139
f 7182 7183 7136
v 0.652901 -0.060000 1.352901
f 7184 7183 7182
f 7181 7184 7182
f 7183 7184 6571
f 7184 6573 6571
f 6565 7183 6571
f 7139 7183 6565
v 0.740000 0.034446 -1.443571
v 0.740000 0.032260 -1.440000
v 0.737850 0.031857 -1.442150
f 7185 7186 7187
v 0.731892 0.026026 -1.441291
v 0.726163 0.020098 -1.440000
f 7188 7186 7189
f 7187 7186 7188
v 0.663717 -0.044139 -1.424139
v 0.740000 -0.001952 -1.381952
f 7140 7190 7191
f 7140 7191 7141
v 0.740000 -0.034073 -1.320000
f 7191 7192 7141
f 7189 7186 7191
f 7189 7191 7190
f 7192 7143 7141
v 0.740000 -0.040579 -1.300579
f 7193 7150 7143
f 7192 7193 7143
v 0.740000 -0.028946 1.231054
v 0.697010 0.017010 1.277010
f 7194 7195 7180
f 7179 7194 7180
v 0.740000 0.060000 1.200233
f 7194 7196 7195
v 0.690194 0.060000 1.270194
f 7196 7197 7195
v 0.648831 0.060000 1.320000
f 7197 7198 7195
v 0.668171 -0.011829 1.320000
f 7198 7199 7195
f 7195 7199 7180
f 7199 7181 7180
v 0.649242 -0.030758 1.349242
f 7181 7200 7184
f 7199 7200 7181
v 0.635828 0.060000 1.335828
f 7201 7200 7199
f 7198 7201 7199
f 7200 7201 6579
f 7201 6581 6579
f 6573 7200 6579
f 7184 7200 6573
v 0.740000 0.111549 -0.360000
v 0.740000 0.132831 -0.407169
v 0.729743 0.169743 -0.370257
f 7202 7203 7204
v 0.740000 0.180000 -0.452039
f 7203 7205 7204
v 0.728202 0.180000 -0.371798
f 7205 7206 7204
v 0.724957 0.180000 -0.360000
f 7206 7207 7204
v 0.727619 0.167619 -0.360000
f 7207 7208 7204
f 7208 7202 7204
v 0.740000 0.164924 -0.240000
v 0.740000 0.144316 -0.275684
v 0.735756 0.175756 -0.244244
f 7209 7210 7211
f 7211 7210 7208
f 7210 7202 7208
v 0.734758 0.180000 -0.245242
f 7212 7211 7208
f 7207 7212 7208
v 0.734324 0.180000 -0.240000
f 7212 7213 7211
v 0.735900 0.175900 -0.240000
f 7213 7214 7211
f 7214 7209 7211
v 0.740000 0.180000 -0.227871
f 7215 7209 7214
f 7213 7215 7214
v 0.740000 0.060373 1.200000
v 0.740000 0.131164 1.151164
v 0.715343 0.155343 1.175343
f 7216 7217 7218
v 0.740000 0.180000 1.114019
f 7217 7219 7218
v 0.707500 0.180000 1.167500
f 7219 7220 7218
v 0.684546 0.180000 1.200000
f 7220 7221 7218
v 0.703199 0.143199 1.200000
f 7221 7222 7218
f 7222 7216 7218
v 0.740000 0.060146 1.200146
v 0.676398 0.116398 1.256398
f 7223 7224 7197
f 7196 7223 7197
f 7224 7223 7222
f 7223 7216 7222
v 0.657613 0.180000 1.237613
f 7225 7224 7222
f 7221 7225 7222
f 7224 7225 6588
f 7225 6590 6588
v 0.639914 0.079914 1.320000
f 7226 7224 6588
f 6587 7226 6588
f 7224 7226 7197
f 7226 7198 7197
v 0.632853 0.072853 1.332853
f 7198 7227 7201
f 7226 7227 7198
f 6587 7227 7226
f 6594 7227 6587
f 6581 7227 6594
f 7201 7227 6581
v 0.740000 0.210185 -0.480000
v 0.740000 0.265848 -0.514152
v 0.730220 0.290220 -0.489780
f 7228 7229 7230
v 0.740000 0.300000 -0.506454
f 7229 7231 7230
v 0.729637 0.300000 -0.490363
f 7231 7232 7230
v 0.725075 0.300000 -0.480000
f 7232 7233 7230
v 0.729234 0.289234 -0.480000
f 7233 7234 7230
f 7234 7228 7230
v 0.740000 0.188736 -0.471264
v 0.704396 0.264396 -0.395604
f 7235 7236 7206
f 7205 7235 7206
f 7236 7235 7234
f 7235 7228 7234
v 0.694627 0.300000 -0.405373
f 7237 7236 7234
f 7233 7237 7234
v 0.679500 0.300000 -0.360000
f 7237 7238 7236
v 0.697194 0.257194 -0.360000
f 7238 7239 7236
f 7236 7239 7206
f 7239 7207 7206
v 0.697115 0.257115 -0.282885
f 7207 7240 7212
f 7239 7240 7207
v 0.679414 0.300000 -0.300586
f 7241 7240 7239
f 7238 7241 7239
v 0.669042 0.300000 -0.240000
f 7241 7242 7240
v 0.694794 0.254794 -0.240000
f 7242 7243 7240
f 7240 7243 7212
f 7243 7213 7212
v 0.719348 0.279348 -0.140652
v 0.740000 0.261590 -0.120000
f 7244 7245 7213
f 7245 7215 7213
f 7243 7244 7213
v 0.700126 0.300000 -0.159874
f 7246 7244 7243
f 7242 7246 7243
v 0.713751 0.300000 -0.120000
f 7246 7247 7244
v 0.725016 0.285016 -0.120000
f 7247 7248 7244
f 7248 7245 7244
v 0.740000 0.300000 -0.064483
f 7249 7245 7248
f 7247 7249 7248
v 0.740000 0.212188 1.080000
v 0.740000 0.251844 1.031844
v 0.714686 0.274686 1.054686
f 7250 7251 7252
v 0.740000 0.300000 0.966760
f 7251 7253 7252
v 0.701988 0.300000 1.041988
f 7253 7254 7252
v 0.679949 0.300000 1.080000
f 7254 7255 7252
v 0.705659 0.265659 1.080000
f 7255 7256 7252
f 7256 7250 7252
v 0.740000 0.196977 1.096977
v 0.683431 0.243431 1.143431
f 7257 7258 7220
f 7219 7257 7220
f 7258 7257 7256
f 7257 7250 7256
v 0.657172 0.300000 1.117172
f 7259 7258 7256
f 7255 7259 7256
f 7258 7259 6600
f 7259 6602 6600
v 0.659180 0.219180 1.200000
f 7260 7258 6600
f 6599 7260 6600
f 7258 7260 7220
f 7260 7221 7220
v 0.647711 0.207711 1.227711
f 7221 7261 7225
f 7260 7261 7221
f 6599 7261 7260
f 6606 7261 6599
f 6590 7261 6606
f 7225 7261 6590
v 0.740000 0.390598 -0.509402
v 0.728256 0.408256 -0.491744
f 7262 7263 7232
f 7231 7262 7232
v 0.740000 0.420000 -0.500172
f 7262 7264 7263
v 0.729446 0.420000 -0.490554
f 7264 7265 7263
v 0.718499 0.420000 -0.480000
f 7265 7266 7263
v 0.723180 0.403180 -0.480000
f 7266 7267 7263
f 7263 7267 7232
f 7267 7233 7232
v 0.680832 0.360832 -0.419168
f 7233 7268 7237
f 7267 7268 7233
v 0.672120 0.420000 -0.427880
f 7269 7268 7267
f 7266 7269 7267
v 0.621473 0.420000 -0.360000
f 7269 7270 7268
v 0.665685 0.345685 -0.360000
f 7270 7271 7268
f 7268 7271 7237
f 7271 7238 7237
v 0.657524 0.337524 -0.322476
f 7238 7272 7241
f 7271 7272 7238
v 0.621093 0.420000 -0.358907
f 7273 7272 7271
f 7270 7273 7271
f 7272 7273 6612
f 7273 6614 6612
v 0.649135 0.329135 -0.240000
f 7274 7272 6612
f 6611 7274 6612
f 7272 7274 7241
f 7274 7242 7241
v 0.655144 0.335144 -0.204856
f 7242 7275 7246
f 7274 7275 7242
f 6611 7275 7274
f 6619 7275 6611
v 0.670880 0.350880 -0.120000
f 7276 7275 6619
f 6618 7276 6619
f 7275 7276 7246
f 7276 7247 7246
v 0.686834 0.366834 -0.053166
v 0.740000 0.334822 0.000000
f 7277 7278 7247
f 7278 7249 7247
f 7276 7277 7247
f 6618 7277 7276
v 0.662620 0.420000 0.000000
f 7279 7277 6618
f 6624 7279 6618
v 0.701196 0.381196 0.000000
f 7279 7280 7277
f 7280 7278 7277
v 0.740000 0.383607 0.120000
v 0.740000 0.357733 0.057733
v 0.719114 0.399114 0.099114
f 7281 7282 7283
f 7283 7282 7280
f 7282 7278 7280
v 0.686647 0.420000 0.066647
f 7284 7283 7280
f 7279 7284 7280
v 0.706947 0.420000 0.120000
f 7284 7285 7283
v 0.723476 0.403476 0.120000
f 7285 7286 7283
f 7286 7281 7283
v 0.740000 0.416453 0.240000
v 0.740000 0.415007 0.235007
v 0.738119 0.418119 0.238119
f 7287 7288 7289
f 7289 7288 7286
f 7288 7281 7286
v 0.735616 0.420000 0.235616
f 7290 7289 7286
f 7285 7290 7286
v 0.736779 0.420000 0.240000
f 7290 7291 7289
v 0.738394 0.418394 0.240000
f 7291 7292 7289
f 7292 7287 7289
v 0.740000 0.420000 0.263535
f 7293 7287 7292
f 7291 7293 7292
v 0.740000 0.401953 0.720000
v 0.740000 0.405329 0.705329
v 0.732672 0.412672 0.712672
f 7294 7295 7296
v 0.740000 0.420000 0.634743
f 7295 7297 7296
v 0.726465 0.420000 0.706465
f 7297 7298 7296
v 0.723611 0.420000 0.720000
f 7298 7299 7296
v 0.731818 0.411818 0.720000
f 7299 7300 7296
f 7300 7294 7296
v 0.740000 0.361281 0.840000
v 0.740000 0.376905 0.796905
v 0.717430 0.397430 0.817430
f 7301 7302 7303
f 7303 7302 7300
f 7302 7294 7300
v 0.699961 0.420000 0.799961
f 7304 7303 7300
f 7299 7304 7300
v 0.686664 0.420000 0.840000
f 7304 7305 7303
v 0.713296 0.393296 0.840000
f 7305 7306 7303
f 7306 7301 7303
v 0.740000 0.304068 0.960000
v 0.740000 0.342455 0.882455
v 0.697640 0.377640 0.917640
f 7307 7308 7309
f 7309 7308 7306
f 7308 7301 7306
v 0.667523 0.420000 0.887523
f 7310 7309 7306
f 7305 7310 7306
v 0.634666 0.420000 0.960000
f 7310 7311 7309
v 0.687087 0.367087 0.960000
f 7311 7312 7309
f 7312 7307 7309
v 0.740000 0.302605 0.962605
v 0.673403 0.353403 1.013403
f 7313 7314 7254
f 7253 7313 7254
f 7314 7313 7312
f 7313 7307 7312
v 0.629712 0.420000 0.969712
f 7315 7314 7312
f 7311 7315 7312
f 7314 7315 6626
f 7315 6628 6626
v 0.652482 0.332482 1.080000
f 7316 7314 6626
f 6625 7316 6626
f 7314 7316 7254
f 7316 7255 7254
v 0.644766 0.324766 1.104766
f 7255 7317 7259
f 7316 7317 7255
f 6625 7317 7316
f 6632 7317 6625
f 6602 7317 6632
f 7259 7317 6602
v 0.740000 0.533227 -0.486773
v 0.736669 0.536669 -0.483331
f 7318 7319 7265
f 7264 7318 7265
v 0.740000 0.540000 -0.485670
f 7318 7320 7319
v 0.736986 0.540000 -0.483014
f 7320 7321 7319
v 0.732832 0.540000 -0.480000
f 7321 7322 7319
v 0.732716 0.532716 -0.480000
f 7322 7323 7319
f 7319 7323 7265
f 7323 7266 7265
v 0.667379 0.467379 -0.432621
f 7266 7324 7269
f 7323 7324 7266
v 0.667869 0.540000 -0.432131
f 7325 7324 7323
f 7322 7325 7323
f 7324 7325 6638
f 7325 6640 6638
v 0.621254 0.421254 -0.360000
f 7326 7324 6638
f 6637 7326 6638
f 7324 7326 7269
f 7326 7270 7269
v 0.620744 0.420744 -0.359256
f 7270 7327 7273
f 7326 7327 7270
f 6637 7327 7326
f 6644 7327 6637
f 6614 7327 6644
f 7273 7327 6614
v 0.640867 0.440867 0.000000
f 6651 7328 6624
f 7328 7279 6624
v 0.644919 0.444919 0.024919
f 7279 7329 7284
f 7328 7329 7279
f 6651 7329 7328
f 6655 7329 6651
v 0.662676 0.462676 0.120000
f 7330 7329 6655
f 6654 7330 6655
f 7329 7330 7284
f 7330 7285 7284
v 0.668043 0.468043 0.168043
f 7285 7331 7290
f 7330 7331 7285
f 6654 7331 7330
f 6661 7331 6654
v 0.677428 0.477428 0.240000
f 7332 7331 6661
f 6660 7332 6661
f 7331 7332 7290
f 7332 7291 7290
v 0.681198 0.481198 0.301198
v 0.740000 0.432634 0.360000
f 7333 7334 7291
f 7334 7293 7291
f 7332 7333 7291
f 6660 7333 7332
f 6667 7333 6660
v 0.685493 0.485493 0.360000
f 7335 7333 6667
f 6666 7335 6667
f 7335 7334 7333
v 0.740000 0.435764 0.480000
v 0.740000 0.432946 0.372946
v 0.686305 0.486305 0.426305
f 7336 7337 7338
f 7338 7337 7335
f 7337 7334 7335
f 6666 7338 7335
v 0.621497 0.540000 0.480000
f 7339 7338 6666
f 6672 7339 6666
v 0.687094 0.487094 0.480000
f 7339 7340 7338
f 7340 7336 7338
v 0.740000 0.426353 0.600000
v 0.740000 0.434705 0.494705
v 0.684727 0.484727 0.544727
f 7341 7342 7343
f 7343 7342 7340
f 7342 7336 7340
v 0.621384 0.540000 0.481384
f 7344 7343 7340
f 7339 7344 7340
f 7343 7344 6674
f 7344 6676 6674
v 0.682278 0.482278 0.600000
f 7345 7343 6674
f 6673 7345 6674
f 7345 7341 7343
v 0.740000 0.425441 0.605441
v 0.677394 0.477394 0.657394
f 7346 7347 7298
f 7297 7346 7298
f 7347 7346 7345
f 7346 7341 7345
f 6673 7347 7345
f 6681 7347 6673
v 0.670908 0.470908 0.720000
f 7348 7347 6681
f 6680 7348 6681
f 7347 7348 7298
f 7348 7299 7298
v 0.664908 0.464908 0.764908
f 7299 7349 7304
f 7348 7349 7299
f 6680 7349 7348
f 6687 7349 6680
v 0.652682 0.452682 0.840000
f 7350 7349 6687
f 6686 7350 6687
f 7349 7350 7304
f 7350 7305 7304
v 0.647641 0.447641 0.867641
f 7305 7351 7310
f 7350 7351 7305
f 6686 7351 7350
f 6693 7351 6686
v 0.627171 0.427171 0.960000
f 7352 7351 6693
f 6692 7352 6693
f 7351 7352 7310
f 7352 7311 7310
v 0.625823 0.425823 0.965823
f 7311 7353 7315
f 7352 7353 7311
f 6692 7353 7352
f 6697 7353 6692
f 6628 7353 6697
f 7315 7353 6628
v 0.740000 0.651033 -0.488967
v 0.735169 0.655169 -0.484831
f 7354 7355 7321
f 7320 7354 7321
v 0.740000 0.660000 -0.489262
f 7354 7356 7355
v 0.735076 0.660000 -0.484924
f 7356 7357 7355
v 0.728293 0.660000 -0.480000
f 7357 7358 7355
v 0.728750 0.648750 -0.480000
f 7358 7359 7355
f 7355 7359 7321
f 7359 7322 7321
v 0.666545 0.586545 -0.433455
f 7322 7360 7325
f 7359 7360 7322
v 0.665295 0.660000 -0.434705
f 7361 7360 7359
f 7358 7361 7359
f 7360 7361 6701
f 7361 6703 6701
f 6640 7360 6701
f 7325 7360 6640
v 0.620668 0.540668 0.480000
f 6717 7362 6672
f 7362 7339 6672
v 0.620647 0.540647 0.480647
f 7339 7363 7344
f 7362 7363 7339
f 6717 7363 7362
f 6719 7363 6717
f 6676 7363 6719
f 7344 7363 6676
v 0.740000 0.751808 -0.508192
v 0.723707 0.763707 -0.496293
f 7364 7365 7357
f 7356 7364 7357
v 0.740000 0.780000 -0.514732
f 7364 7366 7365
v 0.721497 0.780000 -0.498503
f 7366 7367 7365
v 0.696119 0.780000 -0.480000
f 7367 7368 7365
v 0.705904 0.745904 -0.480000
f 7368 7369 7365
f 7365 7369 7357
f 7369 7358 7357
v 0.661216 0.701216 -0.438784
f 7358 7370 7361
f 7369 7370 7358
v 0.651777 0.780000 -0.448223
f 7371 7370 7369
f 7368 7371 7369
f 7370 7371 6727
f 7371 6729 6727
f 6703 7370 6727
f 7361 7370 6703
v 0.714674 0.874674 -1.669584
v 0.740000 0.900000 -1.636266
v 0.740000 0.842370 -1.660836
f 7372 7373 7374
v 0.690996 0.900000 -1.678186
f 7375 7373 7372
v 0.740000 0.841751 -0.538249
v 0.704377 0.864377 -0.515623
f 7376 7377 7367
f 7366 7376 7367
v 0.740000 0.900000 -0.563467
f 7376 7378 7377
v 0.695384 0.900000 -0.524616
f 7378 7379 7377
v 0.634621 0.900000 -0.480000
f 7379 7380 7377
v 0.671391 0.831391 -0.480000
f 7380 7381 7377
f 7377 7381 7367
f 7381 7368 7367
v 0.646857 0.806857 -0.453143
f 7368 7382 7371
f 7381 7382 7368
v 0.626084 0.900000 -0.473916
f 7383 7382 7381
f 7380 7383 7381
f 7382 7383 6733
f 7383 6735 6733
f 6729 7382 6733
f 7371 7382 6729
v 0.660555 0.940555 -1.680000
f 6739 6738 7384
v 0.654405 0.934405 -1.687415
f 6739 7384 7385
v 0.684516 0.906242 -1.680000
f 7385 7384 7386
v 0.689460 0.901424 -1.678576
v 0.736938 1.016938 -1.563062
v 0.740000 1.017621 -1.560000
f 7387 7388 7389
v 0.689484 0.901401 -1.678571
f 7387 7389 7390
f 7390 7389 7373
f 7390 7373 7375
f 7386 7384 7388
f 7386 7388 7387
f 6738 7388 7384
v 0.738253 1.020000 -1.560000
f 7391 7388 6738
f 6747 7391 6738
v 0.739028 1.019028 -1.560000
f 7391 7392 7388
f 7392 7389 7388
v 0.740000 1.020000 -1.558037
f 7393 7389 7392
f 7391 7393 7392
v 0.740000 0.960540 -0.600000
v 0.740000 0.995404 -0.624596
v 0.725119 1.005119 -0.614881
f 7394 7395 7396
v 0.740000 1.020000 -0.644464
f 7395 7397 7396
v 0.718841 1.020000 -0.621159
f 7397 7398 7396
v 0.696320 1.020000 -0.600000
f 7398 7399 7396
v 0.715661 0.995661 -0.600000
f 7399 7400 7396
f 7400 7394 7396
v 0.740000 0.923493 -0.576507
v 0.678135 0.958135 -0.541865
f 7401 7402 7379
f 7378 7401 7379
f 7402 7401 7400
f 7401 7394 7400
v 0.655358 1.020000 -0.564642
f 7403 7402 7400
f 7399 7403 7400
f 7402 7403 6749
f 7403 6751 6749
v 0.628597 0.908597 -0.480000
f 7404 7402 6749
f 6748 7404 6749
f 7402 7404 7379
f 7404 7380 7379
v 0.624800 0.904800 -0.475200
f 7380 7405 7383
f 7404 7405 7380
f 6748 7405 7404
f 6755 7405 6748
f 6735 7405 6755
f 7383 7405 6735
v 0.621089 1.140000 -1.560000
f 6761 7406 6760
v 0.681968 1.081968 -1.560000
f 7406 7407 6760
f 7407 6747 6760
f 7407 7391 6747
v 0.729583 1.129583 -1.450417
v 0.740000 1.128398 -1.440000
f 7408 7409 7391
f 7409 7393 7391
f 7407 7408 7391
v 0.629935 1.140000 -1.550065
f 7410 7408 7407
f 7406 7410 7407
v 0.728686 1.140000 -1.440000
f 7410 7411 7408
v 0.734509 1.134509 -1.440000
f 7411 7412 7408
f 7412 7409 7408
v 0.740000 1.140000 -1.421646
f 7413 7409 7412
f 7411 7413 7412
v 0.740000 1.096051 -0.720000
v 0.740000 1.115349 -0.744651
v 0.725192 1.125192 -0.734808
f 7414 7415 7416
v 0.740000 1.140000 -0.769195
f 7415 7417 7416
v 0.715717 1.140000 -0.744283
f 7417 7418 7416
v 0.697141 1.140000 -0.720000
f 7418 7419 7416
v 0.719161 1.119161 -0.720000
f 7419 7420 7416
f 7420 7414 7416
v 0.740000 1.059180 -0.680820
v 0.688566 1.088566 -0.651434
f 7421 7422 7398
f 7397 7421 7398
f 7422 7421 7420
f 7421 7414 7420
v 0.660225 1.140000 -0.679775
f 7423 7422 7420
f 7419 7423 7420
f 7422 7423 6764
f 7423 6766 6764
v 0.659926 1.059926 -0.600000
f 7424 7422 6764
f 6763 7424 6764
f 7422 7424 7398
f 7424 7399 7398
v 0.645405 1.045405 -0.574595
f 7399 7425 7403
f 7424 7425 7399
f 6763 7425 7424
f 6770 7425 6763
f 6751 7425 6770
f 7403 7425 6751
v 0.620512 1.140512 -1.560000
f 6775 7426 6761
f 7426 7406 6761
v 0.620836 1.140836 -1.559164
f 7406 7427 7410
f 7426 7427 7406
f 6775 7427 7426
f 6778 7427 6775
v 0.671296 1.191296 -1.440000
f 7428 7427 6778
f 6777 7428 6778
f 7427 7428 7410
f 7428 7411 7410
v 0.690044 1.210044 -1.369956
v 0.740000 1.193639 -1.320000
f 7429 7430 7411
f 7430 7413 7411
f 7428 7429 7411
f 6777 7429 7428
v 0.659048 1.260000 -1.320000
f 7431 7429 6777
f 6782 7431 6777
v 0.705088 1.225088 -1.320000
f 7431 7432 7429
f 7432 7430 7429
v 0.740000 1.260000 -1.205094
f 7433 7430 7432
f 7431 7433 7432
v 0.740000 1.258655 -0.840000
v 0.740000 1.259508 -0.840492
v 0.739642 1.259642 -0.840358
f 7434 7435 7436
v 0.740000 1.260000 -0.840517
f 7435 7437 7436
v 0.739401 1.260000 -0.840599
f 7437 7438 7436
v 0.737848 1.260000 -0.840000
f 7438 7439 7436
v 0.739505 1.259505 -0.840000
f 7439 7440 7436
f 7440 7434 7436
v 0.740000 1.174537 -0.805463
v 0.683041 1.203041 -0.776959
f 7441 7442 7418
f 7417 7441 7418
f 7442 7441 7440
f 7441 7434 7440
v 0.644070 1.260000 -0.815930
f 7443 7442 7440
f 7439 7443 7440
f 7442 7443 6784
f 7443 6786 6784
v 0.660285 1.180285 -0.720000
f 7444 7442 6784
f 6783 7444 6784
f 7442 7444 7418
f 7444 7419 7418
v 0.645956 1.165956 -0.694044
f 7419 7445 7423
f 7444 7445 7419
f 6783 7445 7444
f 6790 7445 6783
f 6766 7445 6790
f 7423 7445 6766
v 0.639087 1.279087 -1.320000
f 6797 7446 6782
f 7446 7431 6782
v 0.674565 1.314565 -1.265435
v 0.740000 1.268542 -1.200000
f 7447 7448 7431
f 7448 7433 7431
f 7446 7447 7431
f 6797 7447 7446
f 6800 7447 6797
v 0.697505 1.337505 -1.200000
f 7449 7447 6800
f 6799 7449 6800
f 7449 7448 7447
v 0.740000 1.380000 -1.171030
f 7450 7448 7449
v 0.643307 1.380000 -1.176693
f 6799 7451 7449
f 7451 7450 7449
f 6804 7451 6799
v 0.740000 1.371115 -0.848885
v 0.729812 1.369812 -0.850188
f 7452 7453 7438
f 7437 7452 7438
v 0.740000 1.380000 -0.848619
f 7452 7454 7453
v 0.727511 1.380000 -0.852489
f 7454 7455 7453
f 7453 7455 6806
f 7455 6808 6806
v 0.709724 1.349724 -0.840000
f 7456 7453 6806
f 6805 7456 6806
f 7453 7456 7438
f 7456 7439 7438
v 0.637987 1.277987 -0.822013
f 7439 7457 7443
f 7456 7457 7439
f 6805 7457 7456
f 6811 7457 6805
f 6786 7457 6811
f 7443 7457 6786
v 0.740000 1.410373 -1.169627
f 7458 7450 7451
v 0.644510 1.404510 -1.175490
f 7459 7458 7451
v 0.740000 1.500000 -1.166463
f 7460 7458 7459
v 0.664981 1.500000 -1.155019
f 7461 7460 7459
f 6817 7461 6816
f 7461 7459 6816
f 7459 6804 6816
f 7459 7451 6804
v 0.740000 1.488389 -0.851611
v 0.723377 1.483377 -0.856623
f 7462 7463 7455
f 7454 7462 7455
v 0.740000 1.500000 -0.852265
f 7462 7464 7463
v 0.722115 1.500000 -0.857885
f 7464 7465 7463
f 7463 7465 6819
f 7465 6821 6819
f 6808 7463 6819
f 7455 7463 6808
v 0.740000 1.537708 -1.162292
f 7466 7460 7461
v 0.669757 1.549757 -1.150243
f 7467 7466 7461
v 0.740000 1.620000 -1.157080
f 7468 7466 7467
v 0.673628 1.620000 -1.146372
f 7469 7468 7467
f 6825 7469 6823
f 7469 7467 6823
f 7467 6817 6823
f 7467 7461 6817
v 0.740000 1.600654 -0.859346
v 0.712613 1.592613 -0.867387
f 7470 7471 7465
f 7464 7470 7465
v 0.740000 1.620000 -0.862047
f 7470 7472 7471
v 0.707870 1.620000 -0.872130
f 7472 7473 7471
f 7471 7473 6827
f 7473 6829 6827
f 6821 7471 6827
f 7465 7471 6821
v 0.740000 1.671566 -1.148434
f 7474 7468 7469
v 0.682677 1.682677 -1.137323
f 7475 7474 7469
v 0.740000 1.740000 -1.141212
f 7476 7474 7475
v 0.687754 1.740000 -1.132246
f 7477 7476 7475
f 6833 7477 6831
f 7477 7475 6831
f 7475 6825 6831
f 7475 7469 6825
v 0.740000 1.707820 -0.872180
v 0.695221 1.695221 -0.884779
f 7478 7479 7473
f 7472 7478 7473
v 0.740000 1.740000 -0.879065
f 7478 7480 7479
v 0.683226 1.740000 -0.896774
f 7480 7481 7479
f 7479 7481 6837
f 7481 6839 6837
f 6829 7479 6837
f 7473 7479 6829
v 0.740000 1.815222 -1.124778
f 7482 7476 7477
v 0.703285 1.823285 -1.116715
f 7483 7482 7477
v 0.740000 1.860000 -1.118032
f 7484 7482 7483
v 0.707841 1.860000 -1.112159
f 7485 7484 7483
f 6843 7485 6841
f 7485 7483 6841
f 7483 6833 6841
f 7483 7477 6833
v 0.740000 1.809555 -0.890445
v 0.671079 1.791079 -0.908921
f 7486 7487 7481
f 7480 7486 7481
v 0.740000 1.860000 -0.904568
f 7486 7488 7487
v 0.646328 1.860000 -0.933672
f 7488 7489 7487
f 7487 7489 6850
f 7489 6852 6850
f 6839 7487 6850
f 7481 7487 6839
v 0.740000 1.971613 -1.088387
f 7490 7484 7485
v 0.733284 1.973284 -1.086716
f 7491 7490 7485
v 0.740000 1.980000 -1.086726
f 7492 7490 7491
v 0.734366 1.980000 -1.085634
f 7493 7492 7491
v 0.714855 1.980000 -1.080000
f 7494 7493 7491
f 6853 7494 6843
f 7494 7491 6843
f 7491 7485 6843
v 0.690024 1.980000 -1.009976
f 7495 7494 6853
v 0.674708 1.980000 -0.960000
f 6855 7496 6853
f 7496 7495 6853
f 6854 7496 6855
v 0.740000 1.905628 -0.914372
v 0.640072 1.880072 -0.939928
f 7497 7498 7489
f 7488 7497 7489
v 0.740000 1.980000 -0.939700
f 7497 7499 7498
f 7498 7499 6854
f 7499 7496 6854
f 6856 7498 6854
f 6852 7498 6856
f 7489 7498 6852
v 0.740000 2.001630 -1.080000
f 7500 7492 7493
f 7494 7500 7493
v 0.740000 2.036199 -0.960000
v 0.740000 2.009582 -1.050418
f 7501 7502 7495
f 7502 7494 7495
f 7502 7500 7494
f 7496 7501 7495
v 0.740000 1.996003 -0.943997
f 7499 7503 7496
f 7503 7501 7496
v 0.781910 -1.338090 -1.200000
f 6859 6858 7504
v 0.770000 -1.350000 -1.213125
f 6859 7504 7505
v 0.797868 -1.350000 -1.200000
f 7505 7504 7506
v 0.842287 -1.350000 -1.170000
v 0.854137 -1.265863 -1.085863
v 0.860000 -1.263126 -1.080000
f 7507 7508 7509
v 0.843693 -1.350000 -1.169198
f 7507 7509 7510
v 0.860000 -1.350000 -1.159892
f 7510 7509 7511
f 7506 7504 7508
f 7506 7508 7507
f 6858 7508 7504
v 0.855052 -1.260000 -1.080000
f 7512 7508 6858
f 6863 7512 6858
v 0.858265 -1.261735 -1.080000
f 7512 7513 7508
f 7513 7509 7508
v 0.860000 -1.260000 -1.075545
f 7514 7509 7513
f 7512 7514 7513
v 0.849025 -1.350000 -0.387371
v 0.860000 -1.302407 -0.402407
v 0.835522 -1.284478 -0.384478
f 7515 7516 7517
v 0.840039 -1.350000 -0.379961
f 7515 7517 7518
v 0.860000 -1.350000 -0.396420
f 7519 7516 7515
v 0.860000 -1.260000 -0.405453
f 7516 7520 7517
v 0.838354 -1.260000 -0.381646
f 7520 7521 7517
v 0.803107 -1.260000 -0.360000
f 7521 7522 7517
v 0.798422 -1.321578 -0.360000
f 7522 7523 7517
f 7518 7517 7523
v 0.819675 -1.350000 -0.368705
f 7518 7523 7524
v 0.803927 -1.350000 -0.360000
f 7524 7523 7525
v 0.770000 -1.350000 -0.341981
f 7525 7523 7526
v 0.765681 -1.260000 -0.334319
v 0.762895 -1.350000 -0.337105
f 7527 7528 7526
f 7527 7526 7523
f 7522 7527 7523
v 0.745789 -1.350000 -0.330000
f 7529 7528 7527
f 7529 7527 6866
f 7527 6870 6866
f 6869 7529 6866
v 0.845277 -1.350000 0.585277
v 0.860000 -1.336171 0.600000
v 0.860000 -1.350000 0.590486
f 7530 7531 7532
v 0.813694 -1.306306 0.600000
f 6875 6874 7533
v 0.770000 -1.350000 0.554631
f 6875 7533 7534
f 7534 7533 7531
v 0.822137 -1.350000 0.575856
f 7534 7531 7535
f 7535 7531 7530
v 0.860000 -1.260000 0.668004
f 7536 7531 7533
v 0.758066 -1.260000 0.618066
f 6874 7537 7533
f 7537 7536 7533
f 6879 7537 6874
v 0.857749 -1.350000 1.437749
v 0.860000 -1.350000 1.436370
v 0.860000 -1.273498 1.426502
f 7538 7539 7540
v 0.851251 -1.268749 1.431251
f 7538 7540 7541
v 0.860000 -1.260000 1.426363
f 7540 7542 7541
v 0.852183 -1.260000 1.432183
f 7542 7543 7541
v 0.834479 -1.260000 1.440000
f 7543 7544 7541
v 0.834657 -1.285343 1.440000
f 7544 7545 7541
v 0.852315 -1.350000 1.440000
f 7545 7546 7538
f 7545 7538 7541
v 0.775142 -1.350000 1.470000
v 0.771337 -1.348663 1.471337
v 0.771566 -1.350000 1.471566
f 7547 7548 7549
v 0.852001 -1.350000 1.440122
f 7548 7547 7550
f 7548 7550 7545
f 7550 7546 7545
v 0.771132 -1.260000 1.471132
f 7551 7548 7545
f 7544 7551 7545
f 7548 7551 6882
f 7551 6886 6882
v 0.770000 -1.350000 1.472039
f 6885 7552 7548
f 6885 7548 6882
f 7549 7548 7552
v 0.774965 -1.225035 -1.080000
f 6889 7553 6863
f 7553 7512 6863
v 0.814600 -1.185400 -1.005400
v 0.860000 -1.182361 -0.960000
f 7554 7555 7512
f 7555 7514 7512
f 7553 7554 7512
f 6889 7554 7553
v 0.814690 -1.140000 -0.960000
f 7556 7554 6889
f 6891 7556 6889
v 0.835813 -1.164187 -0.960000
f 7556 7557 7554
f 7557 7555 7554
v 0.860000 -1.140000 -0.923770
f 7558 7555 7557
f 7556 7558 7557
v 0.860000 -1.178044 -0.398044
v 0.842779 -1.157221 -0.377221
f 7559 7560 7521
f 7520 7559 7521
v 0.860000 -1.140000 -0.390024
f 7559 7561 7560
v 0.846070 -1.140000 -0.373930
f 7561 7562 7560
v 0.825167 -1.140000 -0.360000
f 7562 7563 7560
v 0.811160 -1.188840 -0.360000
f 7563 7564 7560
f 7560 7564 7521
f 7564 7522 7521
v 0.764042 -1.235958 -0.335958
f 7522 7565 7527
f 7564 7565 7522
v 0.775520 -1.140000 -0.324480
f 7566 7565 7564
f 7563 7566 7564
f 7565 7566 6893
f 7566 6895 6893
f 6870 7565 6893
f 7527 7565 6870
v 0.860000 -1.218580 0.720000
f 7567 7536 7537
v 0.806555 -1.193445 0.720000
f 6897 7568 6879
f 7568 7567 6879
f 7567 7537 6879
v 0.860000 -1.140000 0.783553
f 7569 7567 7568
v 0.760472 -1.140000 0.740472
f 6897 7570 7568
f 7570 7569 7568
f 6899 7570 6897
v 0.860000 -1.171076 1.440000
f 7542 7571 7543
f 7571 7544 7543
v 0.768578 -1.231422 1.468578
f 7544 7572 7551
v 0.860000 -1.140000 1.443440
f 7573 7572 7544
f 7571 7573 7544
v 0.782464 -1.140000 1.482464
f 7573 7574 7572
f 7572 7574 6901
f 7574 6903 6901
f 6886 7572 6901
f 7551 7572 6886
v 0.808403 -1.020000 -0.960000
f 6907 7575 6905
v 0.805494 -1.074506 -0.960000
f 7575 7576 6905
f 7576 6891 6905
f 7576 7556 6891
v 0.860000 -1.107485 -0.927485
f 7577 7558 7556
v 0.860000 -1.020000 -0.919476
f 7576 7578 7556
f 7578 7577 7556
f 7575 7578 7576
v 0.860000 -1.041748 -0.381748
v 0.850384 -1.029616 -0.369616
f 7579 7580 7562
f 7561 7579 7562
v 0.860000 -1.020000 -0.379490
f 7579 7581 7580
v 0.851042 -1.020000 -0.368958
f 7581 7582 7580
v 0.837371 -1.020000 -0.360000
f 7582 7583 7580
v 0.834391 -1.045609 -0.360000
f 7583 7584 7580
f 7580 7584 7562
f 7584 7563 7562
v 0.776476 -1.103524 -0.323524
f 7563 7585 7566
f 7584 7585 7563
v 0.780521 -1.020000 -0.319479
f 7586 7585 7584
f 7583 7586 7584
f 7585 7586 6909
f 7586 6911 6909
f 6895 7585 6909
f 7566 7585 6895
v 0.860000 -1.085360 0.774640
f 7587 7569 7570
v 0.755899 -1.124101 0.735899
f 7588 7587 7570
v 0.860000 -1.020000 0.782410
f 7589 7587 7588
v 0.759774 -1.020000 0.739774
f 7590 7589 7588
f 6915 7590 6913
f 7590 7588 6913
f 7588 6899 6913
f 7588 7570 6899
v 0.860000 -1.136257 1.443743
v 0.784885 -1.095115 1.484885
f 7591 7592 7574
f 7573 7591 7574
v 0.860000 -1.020000 1.458436
f 7591 7593 7592
v 0.792178 -1.020000 1.492178
f 7593 7594 7592
f 7592 7594 6917
f 7594 6919 6917
f 6903 7592 6917
f 7574 7592 6903
v 0.795604 -0.900000 -0.960000
f 6923 7595 6921
v 0.802379 -0.957621 -0.960000
f 7595 7596 6921
f 7596 6907 6921
f 7596 7575 6907
v 0.860000 -0.975188 -0.915188
f 7597 7578 7575
v 0.860000 -0.900000 -0.909370
f 7596 7598 7575
f 7598 7597 7575
f 7595 7598 7596
v 0.860000 -0.927144 -0.387144
v 0.846988 -0.913012 -0.373012
f 7599 7600 7582
f 7581 7599 7582
v 0.860000 -0.900000 -0.390024
f 7599 7601 7600
v 0.846070 -0.900000 -0.373930
f 7601 7602 7600
v 0.825167 -0.900000 -0.360000
f 7602 7603 7600
v 0.828866 -0.931134 -0.360000
f 7603 7604 7600
f 7600 7604 7582
f 7604 7583 7582
v 0.779270 -0.980730 -0.320730
f 7583 7605 7586
f 7604 7605 7583
v 0.775294 -0.900000 -0.324706
f 7606 7605 7604
f 7603 7606 7604
f 7605 7606 6925
f 7606 6927 6925
f 6911 7605 6925
f 7586 7605 6911
v 0.860000 -0.955738 0.784262
f 7607 7589 7590
v 0.760818 -0.999182 0.740818
f 7608 7607 7590
v 0.860000 -0.900000 0.785519
f 7609 7607 7608
v 0.765121 -0.900000 0.745121
f 7610 7609 7608
f 6931 7610 6929
f 7610 7608 6929
f 7608 6915 6929
f 7608 7590 6915
v 0.860000 -1.001928 1.458072
v 0.791484 -0.968516 1.491484
f 7611 7612 7594
f 7593 7611 7594
v 0.860000 -0.900000 1.455446
f 7611 7613 7612
v 0.790121 -0.900000 1.490121
f 7613 7614 7612
f 7612 7614 6933
f 7614 6935 6933
f 6919 7612 6933
f 7594 7612 6919
v 0.755874 -0.780000 -0.960000
f 6939 7615 6937
v 0.783227 -0.856773 -0.960000
f 7615 7616 6937
f 7616 6923 6937
f 7616 7595 6923
v 0.860000 -0.829753 -0.889753
f 7617 7598 7595
v 0.860000 -0.780000 -0.877912
f 7616 7618 7595
f 7618 7617 7595
f 7615 7618 7616
v 0.860000 -0.827701 -0.407701
v 0.835263 -0.804737 -0.384737
f 7619 7620 7602
f 7601 7619 7602
v 0.860000 -0.780000 -0.423015
f 7619 7621 7620
v 0.830115 -0.780000 -0.389885
f 7621 7622 7620
v 0.787028 -0.780000 -0.360000
f 7622 7623 7620
v 0.806347 -0.833653 -0.360000
f 7623 7624 7620
f 7620 7624 7602
f 7624 7603 7602
v 0.772228 -0.867772 -0.327772
f 7603 7625 7606
f 7624 7625 7603
v 0.759275 -0.780000 -0.340725
f 7626 7625 7624
f 7623 7626 7624
f 7625 7626 6941
f 7626 6943 6941
f 6927 7625 6941
f 7606 7625 6927
v 0.860000 -0.818433 0.801567
f 7627 7609 7610
v 0.778215 -0.861785 0.758215
f 7628 7627 7610
v 0.860000 -0.780000 0.807199
f 7629 7627 7628
v 0.789480 -0.780000 0.769480
f 7630 7629 7628
f 6956 7630 6954
f 7630 7628 6954
f 7628 6931 6954
f 7628 7610 6931
v 0.860000 -0.812026 1.440000
v 0.860000 -0.785325 1.434675
v 0.856781 -0.783219 1.436781
f 7631 7632 7633
v 0.860000 -0.780000 1.433222
f 7632 7634 7633
v 0.856137 -0.780000 1.436137
f 7634 7635 7633
v 0.848054 -0.780000 1.440000
f 7635 7636 7633
v 0.851630 -0.788370 1.440000
f 7636 7637 7633
f 7637 7631 7633
v 0.860000 -0.886446 1.453554
v 0.785845 -0.854155 1.485845
f 7638 7639 7614
f 7613 7638 7614
f 7639 7638 7637
f 7638 7631 7637
v 0.775449 -0.780000 1.475449
f 7640 7639 7637
f 7636 7640 7637
f 7639 7640 6957
f 7640 6959 6957
f 6935 7639 6957
f 7614 7639 6935
v 0.750757 -0.769243 -0.960000
f 6961 7641 6939
f 7641 7615 6939
v 0.791952 -0.728048 -0.908048
v 0.860000 -0.696221 -0.840000
f 7642 7643 7615
f 7643 7618 7615
f 7641 7642 7615
f 6961 7642 7641
v 0.841692 -0.660000 -0.840000
f 7644 7642 6961
f 6963 7644 6961
v 0.848808 -0.671192 -0.840000
f 7644 7645 7642
f 7645 7643 7642
v 0.860000 -0.660000 -0.810565
f 7646 7643 7645
f 7644 7646 7645
v 0.860000 -0.663578 -0.480000
v 0.860000 -0.661658 -0.481658
v 0.859269 -0.660731 -0.480731
f 7647 7648 7649
v 0.860000 -0.660000 -0.483470
f 7648 7650 7649
v 0.858918 -0.660000 -0.481082
f 7650 7651 7649
v 0.858197 -0.660000 -0.480000
f 7651 7652 7649
v 0.858904 -0.661096 -0.480000
f 7652 7653 7649
f 7653 7647 7649
v 0.860000 -0.739509 -0.439509
v 0.815526 -0.704474 -0.404474
f 7654 7655 7622
f 7621 7654 7622
f 7655 7654 7653
f 7654 7647 7653
v 0.800778 -0.660000 -0.419222
f 7656 7655 7653
f 7652 7656 7653
f 7655 7656 6966
f 7656 6968 6966
v 0.771956 -0.748044 -0.360000
f 7657 7655 6966
f 6965 7657 6966
f 7655 7657 7622
f 7657 7623 7622
v 0.757856 -0.762144 -0.342144
f 7623 7658 7626
f 7657 7658 7623
f 6965 7658 7657
f 6972 7658 6965
f 6943 7658 6972
f 7626 7658 6943
v 0.744698 -0.660000 0.120000
f 6981 7659 6978
f 7659 6979 6978
v 0.745948 -0.660000 0.125948
f 7659 7660 6979
v 0.771739 -0.660000 0.240000
f 7660 7661 6979
f 7661 6983 6979
f 7661 6984 6983
v 0.775907 -0.660000 0.275907
f 7661 7662 6984
v 0.786535 -0.660000 0.360000
f 7662 7663 6984
f 7663 6986 6984
f 7663 6987 6986
v 0.787635 -0.660000 0.407635
f 7663 7664 6987
v 0.789474 -0.660000 0.480000
f 7664 7665 6987
f 7665 6988 6987
f 7665 6989 6988
v 0.786282 -0.660000 0.526282
f 7665 7666 6989
v 0.780636 -0.660000 0.600000
f 7666 7667 6989
f 7667 6990 6989
f 7667 6991 6990
v 0.781215 -0.660000 0.641215
f 7667 7668 6991
v 0.766924 -0.660000 0.720000
f 7668 7669 6991
f 7669 6992 6991
f 7669 6993 6992
v 0.860000 -0.687556 0.840000
f 7670 7629 7630
v 0.822585 -0.660000 0.802585
f 7669 7671 6993
v 0.843155 -0.660000 0.840000
f 7671 7672 6993
f 7672 6994 6993
v 0.849369 -0.670631 0.840000
f 7672 7673 6994
f 7673 6956 6994
f 7673 7670 6956
f 7670 7630 6956
v 0.860000 -0.660000 0.853224
f 7674 7670 7673
f 7672 7674 7673
v 0.860000 -0.697334 1.402666
v 0.835926 -0.684074 1.415926
f 7675 7676 7635
f 7634 7675 7635
v 0.860000 -0.660000 1.383810
f 7675 7677 7676
v 0.827304 -0.660000 1.407304
f 7677 7678 7676
v 0.761847 -0.660000 1.440000
f 7678 7679 7676
v 0.805428 -0.714572 1.440000
f 7679 7680 7676
f 7676 7680 7635
f 7680 7636 7635
v 0.770205 -0.749795 1.470205
f 7636 7681 7640
f 7680 7681 7636
v 0.747053 -0.660000 1.447053
f 7682 7681 7680
f 7679 7682 7680
f 7681 7682 6995
f 7682 6997 6995
f 6959 7681 6995
f 7640 7681 6959
v 0.751792 -0.540000 -0.840000
f 7001 7683 6999
v 0.802103 -0.597897 -0.840000
f 7683 7684 6999
f 7684 6963 6999
f 7684 7644 6963
v 0.833500 -0.566500 -0.746500
v 0.860000 -0.580618 -0.720000
f 7685 7686 7644
f 7686 7646 7644
f 7684 7685 7644
v 0.771665 -0.540000 -0.808335
f 7687 7685 7684
f 7683 7687 7684
v 0.830612 -0.540000 -0.720000
f 7687 7688 7685
v 0.844635 -0.555365 -0.720000
f 7688 7689 7685
f 7689 7686 7685
v 0.860000 -0.572773 -0.600000
v 0.860000 -0.575297 -0.635297
v 0.847182 -0.552818 -0.612818
f 7690 7691 7692
f 7692 7691 7689
f 7691 7686 7689
v 0.834926 -0.540000 -0.625074
f 7693 7692 7689
f 7688 7693 7689
v 0.836301 -0.540000 -0.600000
f 7693 7694 7692
v 0.847639 -0.552361 -0.600000
f 7694 7695 7692
f 7695 7690 7692
v 0.860000 -0.607425 -0.547425
v 0.826210 -0.573790 -0.513790
f 7696 7697 7651
f 7650 7696 7651
f 7697 7696 7695
f 7696 7690 7695
v 0.805217 -0.540000 -0.534783
f 7698 7697 7695
f 7694 7698 7695
v 0.770708 -0.540000 -0.480000
f 7698 7699 7697
v 0.812426 -0.587574 -0.480000
f 7699 7700 7697
f 7697 7700 7651
f 7700 7652 7651
v 0.788262 -0.611738 -0.431738
f 7652 7701 7656
f 7700 7701 7652
v 0.755831 -0.540000 -0.464169
f 7702 7701 7700
f 7699 7702 7700
f 7701 7702 7004
f 7702 7006 7004
f 6968 7701 7004
f 7656 7701 6968
v 0.743092 -0.540000 -0.120000
f 7014 7703 7011
f 7703 7012 7011
v 0.745156 -0.540000 -0.114844
f 7703 7704 7012
v 0.793784 -0.540000 0.000000
f 7704 7705 7012
f 7705 7015 7012
f 7705 7016 7015
v 0.817287 -0.540000 0.077287
f 7705 7706 7016
v 0.831218 -0.540000 0.120000
f 7706 7707 7016
f 7707 7017 7016
v 0.755846 -0.644154 0.120000
f 7707 7708 7017
f 7708 6981 7017
f 7708 7659 6981
v 0.805075 -0.594925 0.185075
f 7659 7709 7660
f 7708 7709 7659
v 0.855327 -0.540000 0.235327
f 7710 7709 7708
f 7707 7710 7708
v 0.856390 -0.540000 0.240000
f 7710 7711 7709
v 0.846914 -0.553086 0.240000
f 7711 7712 7709
f 7709 7712 7660
f 7712 7661 7660
v 0.860000 -0.553310 0.346690
f 7661 7713 7662
v 0.860000 -0.555482 0.360000
f 7713 7714 7662
v 0.860000 -0.540000 0.271297
f 7712 7715 7661
f 7715 7713 7661
f 7711 7715 7712
f 7714 7663 7662
v 0.860000 -0.559033 0.460967
f 7663 7716 7664
v 0.860000 -0.559657 0.480000
f 7716 7717 7664
f 7714 7716 7663
f 7717 7665 7664
v 0.860000 -0.547885 0.592115
f 7665 7718 7666
v 0.860000 -0.547106 0.600000
f 7718 7719 7666
f 7717 7718 7665
f 7719 7667 7666
v 0.826768 -0.573232 0.686768
f 7667 7720 7668
v 0.860000 -0.540000 0.629158
f 7721 7720 7667
f 7719 7721 7667
v 0.847536 -0.540000 0.707536
f 7721 7722 7720
v 0.845281 -0.540000 0.720000
f 7722 7723 7720
v 0.810896 -0.589104 0.720000
f 7723 7724 7720
f 7720 7724 7668
f 7724 7669 7668
v 0.798810 -0.601190 0.778810
f 7669 7725 7671
f 7724 7725 7669
v 0.839172 -0.540000 0.819172
f 7726 7725 7724
f 7723 7726 7724
v 0.832958 -0.540000 0.840000
f 7726 7727 7725
v 0.827271 -0.572729 0.840000
f 7727 7728 7725
f 7725 7728 7671
f 7728 7672 7671
v 0.860000 -0.609453 0.890547
f 7729 7674 7672
v 0.860000 -0.540000 0.915081
f 7728 7730 7672
f 7730 7729 7672
f 7727 7730 7728
v 0.860000 -0.561963 1.320000
v 0.860000 -0.551051 1.308949
v 0.853381 -0.546619 1.313381
f 7731 7732 7733
v 0.860000 -0.540000 1.294107
f 7732 7734 7733
v 0.848588 -0.540000 1.308588
f 7734 7735 7733
v 0.836782 -0.540000 1.320000
f 7735 7736 7733
v 0.849561 -0.550439 1.320000
f 7736 7737 7733
f 7737 7731 7733
v 0.860000 -0.618706 1.361294
v 0.806276 -0.593724 1.386276
f 7738 7739 7678
f 7677 7738 7678
f 7739 7738 7737
f 7738 7731 7737
v 0.779461 -0.540000 1.359461
f 7740 7739 7737
f 7736 7740 7737
f 7739 7740 7019
f 7740 7021 7019
v 0.751189 -0.648811 1.440000
f 7741 7739 7019
f 7018 7741 7019
f 7739 7741 7678
f 7741 7679 7678
v 0.745613 -0.654387 1.445613
f 7679 7742 7682
f 7741 7742 7679
f 7018 7742 7741
f 7024 7742 7018
f 6997 7742 7024
f 7682 7742 6997
v 0.746422 -0.533578 -0.840000
f 7026 7743 7001
f 7743 7683 7001
v 0.749202 -0.530798 -0.830798
f 7683 7744 7687
f 7743 7744 7683
f 7026 7744 7743
f 7032 7744 7026
v 0.790001 -0.489999 -0.720000
f 7745 7744 7032
f 7031 7745 7032
f 7744 7745 7687
f 7745 7688 7687
v 0.791121 -0.488879 -0.668879
f 7688 7746 7693
f 7745 7746 7688
f 7031 7746 7745
f 7040 7746 7031
v 0.793207 -0.486793 -0.600000
f 7747 7746 7040
f 7039 7747 7040
f 7746 7747 7693
f 7747 7694 7693
v 0.783682 -0.496318 -0.556318
f 7694 7748 7698
f 7747 7748 7694
f 7039 7748 7747
f 7046 7748 7039
v 0.757026 -0.522974 -0.480000
f 7749 7748 7046
f 7045 7749 7046
f 7748 7749 7698
f 7749 7699 7698
v 0.754250 -0.525750 -0.465750
f 7699 7750 7702
f 7749 7750 7699
f 7045 7750 7749
f 7051 7750 7045
f 7006 7750 7051
f 7702 7750 7006
v 0.745466 -0.420000 -0.240000
f 7058 7751 7055
f 7751 7056 7055
v 0.750860 -0.420000 -0.229140
f 7751 7752 7056
v 0.807697 -0.420000 -0.120000
f 7752 7753 7056
f 7753 7059 7056
v 0.746383 -0.533617 -0.120000
f 7753 7754 7059
f 7754 7014 7059
f 7754 7703 7014
v 0.788066 -0.491934 -0.071934
f 7703 7755 7704
f 7754 7755 7703
v 0.852680 -0.420000 -0.007320
f 7756 7755 7754
f 7753 7756 7754
v 0.855790 -0.420000 0.000000
f 7756 7757 7755
v 0.850832 -0.429168 0.000000
f 7757 7758 7755
f 7755 7758 7704
f 7758 7705 7704
v 0.860000 -0.460683 0.079317
f 7705 7759 7706
v 0.860000 -0.483993 0.120000
f 7759 7760 7706
v 0.860000 -0.420000 0.013899
f 7758 7761 7705
f 7761 7759 7705
f 7757 7761 7758
f 7760 7707 7706
v 0.860000 -0.500818 0.159182
f 7707 7762 7710
v 0.860000 -0.532967 0.240000
f 7762 7763 7710
f 7760 7762 7707
f 7763 7711 7710
v 0.860000 -0.534317 0.245683
f 7764 7715 7711
f 7763 7764 7711
v 0.860000 -0.511339 0.720000
f 7721 7765 7722
f 7765 7723 7722
v 0.860000 -0.481298 0.778702
f 7723 7766 7726
v 0.860000 -0.469208 0.840000
f 7766 7767 7726
f 7765 7766 7723
f 7767 7727 7726
v 0.845866 -0.434134 0.945866
v 0.860000 -0.472092 0.960000
f 7768 7769 7727
f 7769 7730 7727
v 0.860000 -0.420000 0.912279
f 7770 7768 7727
f 7767 7770 7727
v 0.851831 -0.420000 0.951831
f 7770 7771 7768
v 0.848286 -0.420000 0.960000
f 7771 7772 7768
v 0.847588 -0.432412 0.960000
f 7772 7773 7768
f 7773 7769 7768
v 0.860000 -0.450763 1.080000
v 0.860000 -0.488218 1.011782
v 0.840156 -0.439844 1.060156
f 7774 7775 7776
f 7776 7775 7773
f 7775 7769 7773
v 0.841200 -0.420000 1.061200
f 7777 7776 7773
f 7772 7777 7773
v 0.834397 -0.420000 1.080000
f 7777 7778 7776
v 0.844839 -0.435161 1.080000
f 7778 7779 7776
f 7779 7774 7776
v 0.860000 -0.475296 1.200000
v 0.860000 -0.470042 1.149958
v 0.832303 -0.447697 1.172303
f 7780 7781 7782
f 7782 7781 7779
f 7781 7774 7779
v 0.816786 -0.420000 1.156786
f 7783 7782 7779
f 7778 7783 7779
v 0.796432 -0.420000 1.200000
f 7783 7784 7782
v 0.830469 -0.449531 1.200000
f 7784 7785 7782
f 7785 7780 7782
v 0.860000 -0.499947 1.240053
v 0.808089 -0.471911 1.268089
f 7786 7787 7735
f 7734 7786 7735
f 7787 7786 7785
f 7786 7780 7785
v 0.773049 -0.420000 1.233049
f 7788 7787 7785
f 7784 7788 7785
f 7787 7788 7061
f 7788 7063 7061
v 0.783790 -0.496210 1.320000
f 7789 7787 7061
f 7060 7789 7061
f 7787 7789 7735
f 7789 7736 7735
v 0.767682 -0.512318 1.347682
f 7736 7790 7740
f 7789 7790 7736
f 7060 7790 7789
f 7067 7790 7060
f 7021 7790 7067
f 7740 7790 7021
v 0.787559 -0.300000 -0.240000
f 7092 7791 7091
v 0.748169 -0.411831 -0.240000
f 7791 7792 7091
f 7792 7058 7091
f 7792 7751 7058
v 0.774843 -0.385157 -0.205157
f 7751 7793 7752
f 7792 7793 7751
v 0.834344 -0.300000 -0.145656
f 7794 7793 7792
f 7791 7794 7792
v 0.847729 -0.300000 -0.120000
f 7794 7795 7793
v 0.841020 -0.318980 -0.120000
f 7795 7796 7793
f 7793 7796 7752
f 7796 7753 7752
v 0.860000 -0.349580 -0.049580
f 7753 7797 7756
v 0.860000 -0.407198 0.000000
f 7797 7798 7756
v 0.860000 -0.300000 -0.089192
f 7796 7799 7753
f 7799 7797 7753
f 7795 7799 7796
f 7798 7757 7756
v 0.860000 -0.413452 0.006548
f 7800 7761 7757
f 7798 7800 7757
v 0.860000 -0.366965 0.960000
f 7770 7801 7771
f 7801 7772 7771
v 0.827883 -0.332117 1.047883
f 7772 7802 7777
v 0.860000 -0.300000 0.992647
f 7803 7802 7772
f 7801 7803 7772
v 0.835848 -0.300000 1.055848
f 7803 7804 7802
v 0.823243 -0.300000 1.080000
f 7804 7805 7802
v 0.818249 -0.341751 1.080000
f 7805 7806 7802
f 7802 7806 7777
f 7806 7778 7777
v 0.794140 -0.365860 1.134140
f 7778 7807 7783
f 7806 7807 7778
v 0.799799 -0.300000 1.139799
f 7808 7807 7806
f 7805 7808 7806
v 0.758983 -0.300000 1.200000
f 7808 7809 7807
v 0.774936 -0.385064 1.200000
f 7809 7810 7807
f 7807 7810 7783
f 7810 7784 7783
v 0.763297 -0.396703 1.223297
f 7784 7811 7788
f 7810 7811 7784
v 0.751914 -0.300000 1.211914
f 7812 7811 7810
f 7809 7812 7810
f 7811 7812 7093
f 7812 7095 7093
f 7063 7811 7093
f 7788 7811 7063
v 0.742166 -0.180000 -0.600000
f 7122 7813 7120
f 7813 7121 7120
v 0.742241 -0.180000 -0.597759
f 7813 7814 7121
f 7814 7124 7121
v 0.750758 -0.180000 -0.360000
f 7130 7815 7128
f 7815 7129 7128
v 0.760563 -0.180000 -0.339437
f 7815 7816 7129
v 0.806254 -0.180000 -0.240000
f 7816 7817 7129
f 7817 7131 7129
v 0.795874 -0.244126 -0.240000
f 7817 7818 7131
f 7818 7092 7131
f 7818 7791 7092
v 0.860000 -0.188903 -0.128903
f 7791 7819 7794
v 0.860000 -0.217175 -0.120000
f 7819 7820 7794
v 0.860000 -0.180000 -0.131536
f 7818 7821 7791
f 7821 7819 7791
f 7817 7821 7818
f 7820 7795 7794
v 0.860000 -0.277807 -0.097807
f 7822 7799 7795
f 7820 7822 7795
v 0.860000 -0.256056 1.003944
v 0.843182 -0.196818 1.063182
f 7823 7824 7804
f 7803 7823 7804
v 0.860000 -0.180000 1.029986
f 7823 7825 7824
v 0.845108 -0.180000 1.065108
f 7825 7826 7824
v 0.837666 -0.180000 1.080000
f 7826 7827 7824
v 0.833340 -0.206660 1.080000
f 7827 7828 7824
f 7824 7828 7804
f 7828 7805 7804
v 0.797811 -0.242189 1.137811
f 7805 7829 7808
f 7828 7829 7805
v 0.804473 -0.180000 1.144473
f 7830 7829 7828
f 7827 7830 7828
v 0.771010 -0.180000 1.200000
f 7830 7831 7829
v 0.757948 -0.282052 1.200000
f 7831 7832 7829
f 7829 7832 7808
f 7832 7809 7808
v 0.750728 -0.289272 1.210728
f 7809 7833 7812
f 7832 7833 7809
v 0.759542 -0.180000 1.219542
f 7834 7833 7832
f 7831 7834 7832
f 7833 7834 7132
f 7834 7134 7132
f 7095 7833 7132
f 7812 7833 7095
v 0.751065 -0.060000 -1.200000
f 7150 7835 7147
f 7835 7148 7147
v 0.751940 -0.060000 -1.188060
f 7835 7836 7148
v 0.760466 -0.060000 -1.080000
f 7836 7837 7148
f 7837 7157 7148
f 7837 7158 7157
v 0.758058 -0.060000 -1.061942
f 7837 7838 7158
v 0.751059 -0.060000 -0.960000
f 7838 7839 7158
f 7839 7166 7158
f 7839 7168 7166
v 0.749487 -0.060000 -0.950513
f 7839 7840 7168
v 0.750508 -0.060000 -0.840000
f 7840 7841 7168
f 7841 7170 7168
f 7841 7171 7170
v 0.749727 -0.060000 -0.830273
f 7841 7842 7171
v 0.759018 -0.060000 -0.720000
f 7842 7843 7171
f 7843 7172 7171
f 7843 7173 7172
v 0.758523 -0.060000 -0.701477
f 7843 7844 7173
v 0.765605 -0.060000 -0.600000
f 7844 7845 7173
f 7845 7174 7173
v 0.742554 -0.177446 -0.600000
f 7845 7846 7174
f 7846 7122 7174
f 7846 7813 7122
v 0.742539 -0.177461 -0.597461
f 7813 7847 7814
f 7846 7847 7813
v 0.765484 -0.060000 -0.574516
f 7848 7847 7846
f 7845 7848 7846
v 0.758521 -0.060000 -0.480000
f 7848 7849 7847
f 7847 7849 7124
f 7849 7175 7124
f 7814 7847 7124
v 0.760985 -0.060000 -0.459015
f 7849 7850 7175
v 0.760309 -0.060000 -0.360000
f 7850 7851 7175
f 7851 7176 7175
v 0.751247 -0.168753 -0.360000
f 7851 7852 7176
f 7852 7130 7176
f 7852 7815 7130
v 0.759499 -0.160501 -0.340501
f 7815 7853 7816
f 7852 7853 7815
v 0.773182 -0.060000 -0.326818
f 7854 7853 7852
f 7851 7854 7852
v 0.802566 -0.060000 -0.240000
f 7854 7855 7853
v 0.804358 -0.115642 -0.240000
f 7855 7856 7853
f 7853 7856 7816
f 7856 7817 7816
v 0.860000 -0.064311 -0.124311
f 7857 7821 7817
v 0.860000 -0.060000 -0.124054
f 7856 7858 7817
f 7858 7857 7817
f 7855 7858 7856
v 0.860000 -0.114336 1.025664
v 0.843088 -0.076912 1.063088
f 7859 7860 7826
f 7825 7859 7826
v 0.860000 -0.060000 1.021908
f 7859 7861 7860
v 0.842696 -0.060000 1.062696
f 7861 7862 7860
v 0.834054 -0.060000 1.080000
f 7862 7863 7860
v 0.834878 -0.085122 1.080000
f 7863 7864 7860
f 7860 7864 7826
f 7864 7827 7826
v 0.803303 -0.116697 1.143303
f 7827 7865 7830
f 7864 7865 7827
v 0.802076 -0.060000 1.142076
f 7866 7865 7864
f 7863 7866 7864
v 0.767188 -0.060000 1.200000
f 7866 7867 7865
v 0.770119 -0.149881 1.200000
f 7867 7868 7865
f 7865 7868 7830
f 7868 7831 7830
v 0.758968 -0.161032 1.218968
f 7831 7869 7834
f 7868 7869 7831
v 0.756918 -0.060000 1.216918
f 7870 7869 7868
f 7867 7870 7868
f 7869 7870 7177
f 7870 7179 7177
f 7134 7869 7177
f 7834 7869 7134
v 0.759821 0.060000 -1.450159
v 0.766738 0.060000 -1.440000
v 0.753084 0.051214 -1.448786
f 7871 7872 7873
f 7873 7872 7186
f 7873 7186 7185
v 0.795882 0.060000 -1.384118
f 7872 7874 7186
v 0.830686 0.060000 -1.320000
f 7874 7875 7186
f 7875 7191 7186
f 7875 7192 7191
v 0.860000 0.054897 -1.205103
v 0.860000 0.053363 -1.200000
v 0.836668 0.036668 -1.223332
f 7876 7877 7878
v 0.860000 0.060000 -1.220480
f 7879 7876 7878
f 7875 7879 7192
f 7879 7878 7192
f 7878 7193 7192
f 7878 7150 7193
f 7877 7835 7150
f 7878 7877 7150
v 0.860000 0.044738 -1.095262
f 7835 7880 7836
v 0.860000 0.043582 -1.080000
f 7880 7881 7836
f 7877 7880 7835
f 7881 7837 7836
v 0.844497 0.044497 -0.975503
f 7837 7882 7838
v 0.860000 0.060000 -0.979368
f 7883 7882 7837
f 7881 7883 7837
v 0.857562 0.060000 -0.962438
f 7883 7884 7882
v 0.857170 0.060000 -0.960000
f 7884 7885 7882
v 0.835322 0.035322 -0.960000
f 7885 7886 7882
f 7882 7886 7838
f 7886 7839 7838
v 0.763357 -0.036643 -0.936643
f 7839 7887 7840
f 7886 7887 7839
v 0.826581 0.060000 -0.873419
f 7888 7887 7886
f 7885 7888 7886
v 0.816530 0.060000 -0.840000
f 7888 7889 7887
v 0.765527 -0.034473 -0.840000
f 7889 7890 7887
f 7887 7890 7840
f 7890 7841 7840
v 0.754416 -0.045584 -0.825584
f 7841 7891 7842
f 7890 7891 7841
v 0.796493 0.060000 -0.783507
f 7892 7891 7890
f 7889 7892 7890
v 0.785761 0.060000 -0.720000
f 7892 7893 7891
v 0.767085 -0.032915 -0.720000
f 7893 7894 7891
f 7891 7894 7842
f 7894 7843 7842
v 0.760934 -0.039066 -0.699066
f 7843 7895 7844
f 7894 7895 7843
v 0.777061 0.060000 -0.682939
f 7896 7895 7894
f 7893 7896 7894
v 0.771788 0.060000 -0.600000
f 7896 7897 7895
v 0.768677 -0.031323 -0.600000
f 7897 7898 7895
f 7895 7898 7844
f 7898 7845 7844
v 0.765202 -0.034798 -0.574798
f 7845 7899 7848
f 7898 7899 7845
v 0.768053 0.060000 -0.571947
f 7900 7899 7898
f 7897 7900 7898
v 0.760662 0.060000 -0.480000
f 7900 7901 7899
v 0.758301 -0.041699 -0.480000
f 7901 7902 7899
f 7899 7902 7848
f 7902 7849 7848
v 0.759163 -0.040837 -0.460837
f 7849 7903 7850
f 7902 7903 7849
v 0.761611 0.060000 -0.458389
f 7904 7903 7902
f 7901 7904 7902
v 0.751612 0.060000 -0.360000
f 7904 7905 7903
v 0.758535 -0.041465 -0.360000
f 7905 7906 7903
f 7903 7906 7850
f 7906 7851 7850
v 0.765378 -0.034622 -0.334622
f 7851 7907 7854
f 7906 7907 7851
v 0.756309 0.060000 -0.343691
f 7908 7907 7906
f 7905 7908 7906
v 0.777992 0.060000 -0.240000
f 7908 7909 7907
v 0.791989 -0.008011 -0.240000
f 7909 7910 7907
f 7907 7910 7854
f 7910 7855 7854
v 0.826998 0.026998 -0.153002
v 0.860000 -0.050638 -0.120000
f 7911 7912 7855
f 7912 7858 7855
f 7910 7911 7855
v 0.813804 0.060000 -0.166196
f 7913 7911 7910
f 7909 7913 7910
v 0.836960 0.060000 -0.120000
f 7913 7914 7911
v 0.841304 0.041304 -0.120000
f 7914 7915 7911
f 7915 7912 7911
v 0.860000 0.060000 -0.062195
f 7916 7912 7915
f 7914 7916 7915
v 0.860000 -0.017503 1.002497
v 0.830397 0.030397 1.050397
f 7917 7918 7862
f 7861 7917 7862
v 0.860000 0.060000 0.964668
f 7917 7919 7918
v 0.825558 0.060000 1.045558
f 7919 7920 7918
v 0.808422 0.060000 1.080000
f 7920 7921 7918
v 0.818117 0.018117 1.080000
f 7921 7922 7918
f 7918 7922 7862
f 7922 7863 7862
v 0.795026 -0.004974 1.135026
f 7863 7923 7866
f 7922 7923 7863
v 0.785110 0.060000 1.125110
f 7924 7923 7922
f 7921 7924 7922
v 0.740154 0.060000 1.200000
f 7924 7925 7923
v 0.762557 -0.037443 1.200000
f 7925 7926 7923
f 7923 7926 7866
f 7926 7867 7866
v 0.755089 -0.044911 1.215089
f 7867 7927 7870
f 7926 7927 7867
v 0.740096 0.060000 1.200096
f 7928 7927 7926
f 7925 7928 7926
f 7927 7928 7194
f 7928 7196 7194
f 7179 7927 7194
f 7870 7927 7179
v 0.830925 0.180000 -1.476593
v 0.850542 0.180000 -1.449458
v 0.825500 0.170397 -1.474500
f 7929 7930 7931
v 0.857597 0.180000 -1.440000
f 7931 7930 7932
v 0.823767 0.167805 -1.474522
f 7931 7932 7933
v 0.811950 0.147591 -1.472409
f 7933 7932 7934
v 0.849483 0.169483 -1.440000
f 7934 7932 7935
v 0.810452 0.143466 -1.469766
f 7934 7935 7936
v 0.787971 0.107971 -1.462065
f 7936 7935 7937
f 7937 7935 7872
f 7937 7872 7871
v 0.860000 0.131099 -1.368901
f 7872 7938 7874
v 0.860000 0.098824 -1.320000
f 7938 7939 7874
v 0.860000 0.180000 -1.435380
f 7935 7940 7872
f 7940 7938 7872
f 7932 7940 7935
f 7939 7875 7874
v 0.860000 0.087383 -1.292617
f 7941 7879 7875
f 7939 7941 7875
v 0.860000 0.063750 -0.960000
f 7883 7942 7884
f 7942 7885 7884
v 0.860000 0.067594 -0.952406
f 7885 7943 7888
v 0.860000 0.122302 -0.840000
f 7943 7944 7888
f 7942 7943 7885
f 7944 7889 7888
v 0.828740 0.148740 -0.751260
f 7889 7945 7892
v 0.860000 0.180000 -0.768128
f 7946 7945 7889
f 7944 7946 7889
v 0.842694 0.180000 -0.737306
f 7946 7947 7945
v 0.833206 0.180000 -0.720000
f 7947 7948 7945
v 0.819556 0.139556 -0.720000
f 7948 7949 7945
f 7945 7949 7892
f 7949 7893 7892
v 0.783170 0.103170 -0.676830
f 7893 7950 7896
f 7949 7950 7893
v 0.799809 0.180000 -0.660191
f 7951 7950 7949
f 7948 7951 7949
v 0.777503 0.180000 -0.600000
f 7951 7952 7950
v 0.777421 0.097421 -0.600000
f 7952 7953 7950
f 7950 7953 7896
f 7953 7897 7896
v 0.766757 0.086757 -0.573243
f 7897 7954 7900
f 7953 7954 7897
v 0.766823 0.180000 -0.573177
f 7955 7954 7953
f 7952 7955 7953
v 0.744448 0.180000 -0.480000
f 7955 7956 7954
v 0.759634 0.079634 -0.480000
f 7956 7957 7954
f 7954 7957 7900
f 7957 7901 7900
v 0.757883 0.077883 -0.462117
f 7901 7958 7904
f 7957 7958 7901
v 0.743997 0.180000 -0.476003
f 7959 7958 7957
f 7956 7959 7957
f 7958 7959 7203
f 7959 7205 7203
v 0.749443 0.069443 -0.360000
f 7960 7958 7203
f 7202 7960 7203
f 7958 7960 7904
f 7960 7905 7904
v 0.751277 0.071277 -0.348723
f 7905 7961 7908
f 7960 7961 7905
f 7202 7961 7960
f 7210 7961 7202
v 0.768082 0.088082 -0.240000
f 7962 7961 7210
f 7209 7962 7210
f 7961 7962 7908
f 7962 7909 7908
v 0.782103 0.102103 -0.197897
f 7909 7963 7913
f 7962 7963 7909
f 7209 7963 7962
v 0.789024 0.180000 -0.120000
f 7964 7963 7209
f 7215 7964 7209
v 0.810490 0.130490 -0.120000
f 7964 7965 7963
f 7963 7965 7913
f 7965 7914 7913
v 0.837730 0.157730 -0.022270
v 0.860000 0.123448 0.000000
f 7966 7967 7914
f 7967 7916 7914
f 7965 7966 7914
v 0.821649 0.180000 -0.038351
f 7968 7966 7965
f 7964 7968 7965
v 0.837925 0.180000 0.000000
f 7968 7969 7966
v 0.844633 0.164633 0.000000
f 7969 7970 7966
f 7970 7967 7966
v 0.860000 0.180000 0.072788
f 7971 7967 7970
f 7969 7971 7970
v 0.860000 0.173403 0.840000
v 0.860000 0.176083 0.836083
v 0.858522 0.178522 0.838522
f 7972 7973 7974
v 0.860000 0.180000 0.829938
f 7973 7975 7974
v 0.858001 0.180000 0.838001
f 7975 7976 7974
v 0.857428 0.180000 0.840000
f 7976 7977 7974
v 0.858211 0.178211 0.840000
f 7977 7978 7974
f 7978 7972 7974
v 0.860000 0.065311 0.960000
v 0.860000 0.120751 0.900751
v 0.835719 0.155719 0.935719
f 7979 7980 7981
f 7981 7980 7978
f 7980 7972 7978
v 0.827770 0.180000 0.927770
f 7982 7981 7978
f 7977 7982 7978
v 0.815174 0.180000 0.960000
f 7982 7983 7981
v 0.828764 0.148764 0.960000
f 7983 7984 7981
f 7984 7979 7981
v 0.860000 0.062534 0.962534
v 0.808359 0.128359 1.028359
f 7985 7986 7920
f 7919 7985 7920
f 7986 7985 7984
f 7985 7979 7984
v 0.792629 0.180000 1.012629
f 7987 7986 7984
f 7983 7987 7984
v 0.759324 0.180000 1.080000
f 7987 7988 7986
v 0.789698 0.109698 1.080000
f 7988 7989 7986
f 7986 7989 7920
f 7989 7921 7920
v 0.776467 0.096467 1.116467
f 7921 7990 7924
f 7989 7990 7921
v 0.752717 0.180000 1.092717
f 7991 7990 7989
f 7988 7991 7989
f 7990 7991 7217
f 7991 7219 7217
v 0.740112 0.060112 1.200000
f 7992 7990 7217
f 7216 7992 7217
f 7990 7992 7924
f 7992 7925 7924
v 0.740078 0.060078 1.200078
f 7925 7993 7928
f 7992 7993 7925
f 7216 7993 7992
f 7223 7993 7216
f 7196 7993 7223
f 7928 7993 7196
v 0.857662 0.245656 -1.494344
v 0.860000 0.247420 -1.492580
f 7929 7994 7995
f 7929 7995 7930
v 0.860000 0.184348 -1.440000
f 7995 7996 7930
v 0.860000 0.252732 -1.496020
f 7997 7995 7994
f 7996 7932 7930
v 0.860000 0.182182 -1.437818
f 7998 7940 7932
f 7996 7998 7932
v 0.860000 0.231952 -0.720000
f 7946 7999 7947
f 7999 7948 7947
v 0.815054 0.255054 -0.644946
f 7948 8000 7951
v 0.860000 0.300000 -0.673676
f 8001 8000 7948
f 7999 8001 7948
v 0.828009 0.300000 -0.631991
f 8001 8002 8000
v 0.802162 0.300000 -0.600000
f 8002 8003 8000
v 0.791972 0.231972 -0.600000
f 8003 8004 8000
f 8000 8004 7951
f 8004 7952 7951
v 0.767189 0.207189 -0.572811
f 7952 8005 7955
f 8004 8005 7952
v 0.775021 0.300000 -0.564979
f 8006 8005 8004
f 8003 8006 8004
f 8005 8006 7229
f 8006 7231 7229
v 0.744523 0.184523 -0.480000
f 8007 8005 7229
f 7228 8007 7229
f 8005 8007 7955
f 8007 7956 7955
v 0.743220 0.183220 -0.476780
f 7956 8008 7959
f 8007 8008 7956
f 7228 8008 8007
f 7235 8008 7228
f 7205 8008 7235
f 7959 8008 7205
v 0.771679 0.211679 -0.120000
f 7245 8009 7215
f 8009 7964 7215
v 0.781969 0.221969 -0.078031
f 7964 8010 7968
f 8009 8010 7964
f 7245 8010 8009
v 0.767272 0.300000 0.000000
f 8011 8010 7245
f 7249 8011 7245
v 0.803415 0.243415 0.000000
f 8011 8012 8010
f 8010 8012 7968
f 8012 7969 7968
v 0.817888 0.257888 0.077888
v 0.860000 0.205544 0.120000
f 8013 8014 7969
f 8014 7971 7969
f 8012 8013 7969
v 0.779213 0.300000 0.039213
f 8015 8013 8012
f 8011 8015 8012
v 0.805520 0.300000 0.120000
f 8015 8016 8013
v 0.826827 0.266827 0.120000
f 8016 8017 8013
f 8017 8014 8013
v 0.860000 0.250199 0.240000
v 0.860000 0.220106 0.160106
v 0.839517 0.279517 0.219517
f 8018 8019 8020
f 8020 8019 8017
f 8019 8014 8017
v 0.822876 0.300000 0.202876
f 8021 8020 8017
f 8016 8021 8017
v 0.831305 0.300000 0.240000
f 8021 8022 8020
v 0.842557 0.282557 0.240000
f 8022 8023 8020
f 8023 8018 8020
v 0.860000 0.274589 0.360000
v 0.860000 0.267816 0.327816
v 0.850308 0.290308 0.350308
f 8024 8025 8026
f 8026 8025 8023
f 8025 8018 8023
v 0.843238 0.300000 0.343238
f 8027 8026 8023
f 8022 8027 8023
v 0.845367 0.300000 0.360000
f 8027 8028 8026
v 0.851114 0.291114 0.360000
f 8028 8029 8026
f 8029 8024 8026
v 0.860000 0.279430 0.480000
v 0.860000 0.278521 0.458521
v 0.852687 0.292687 0.472687
f 8030 8031 8032
f 8032 8031 8029
f 8031 8024 8029
v 0.847845 0.300000 0.467845
f 8033 8032 8029
f 8028 8033 8029
v 0.848156 0.300000 0.480000
f 8033 8034 8032
v 0.852809 0.292809 0.480000
f 8034 8035 8032
f 8035 8030 8032
v 0.860000 0.264870 0.600000
v 0.860000 0.268844 0.568844
v 0.848299 0.288299 0.588299
f 8036 8037 8038
f 8038 8037 8035
f 8037 8030 8035
v 0.841213 0.300000 0.581213
f 8039 8038 8035
f 8034 8039 8035
v 0.839765 0.300000 0.600000
f 8039 8040 8038
v 0.847707 0.287707 0.600000
f 8040 8041 8038
f 8041 8036 8038
v 0.860000 0.230470 0.720000
v 0.860000 0.246468 0.666468
v 0.838194 0.278194 0.698194
f 8042 8043 8044
f 8044 8043 8041
f 8043 8036 8041
v 0.826044 0.300000 0.686044
f 8045 8044 8041
f 8040 8045 8041
v 0.819918 0.300000 0.720000
f 8045 8046 8044
v 0.835617 0.275617 0.720000
f 8046 8047 8044
f 8047 8042 8044
v 0.860000 0.215203 0.755203
v 0.822994 0.262994 0.802994
f 8048 8049 7976
f 7975 8048 7976
f 8049 8048 8047
f 8048 8042 8047
v 0.803934 0.300000 0.783934
f 8050 8049 8047
f 8046 8050 8047
v 0.788009 0.300000 0.840000
f 8050 8051 8049
v 0.816119 0.256119 0.840000
f 8051 8052 8049
f 8049 8052 7976
f 8052 7977 7976
v 0.803033 0.243033 0.903033
f 7977 8053 7982
f 8052 8053 7977
v 0.775812 0.300000 0.875812
f 8054 8053 8052
f 8051 8054 8052
v 0.743185 0.300000 0.960000
f 8054 8055 8053
v 0.788630 0.228630 0.960000
f 8055 8056 8053
f 8053 8056 7982
f 8056 7983 7982
v 0.778485 0.218485 0.998485
f 7983 8057 7987
f 8056 8057 7983
v 0.742225 0.300000 0.962225
f 8058 8057 8056
f 8055 8058 8056
f 8057 8058 7251
f 8058 7253 7251
v 0.752473 0.192473 1.080000
f 8059 8057 7251
f 7250 8059 7251
f 8057 8059 7987
f 8059 7988 7987
v 0.749447 0.189447 1.089447
f 7988 8060 7991
f 8059 8060 7988
f 7250 8060 8059
f 7257 8060 7250
f 7219 8060 7257
f 7991 8060 7219
v 0.860000 0.380972 -0.639028
v 0.848093 0.408093 -0.611907
f 8061 8062 8002
f 8001 8061 8002
v 0.860000 0.420000 -0.621615
f 8061 8063 8062
v 0.850643 0.420000 -0.609357
f 8063 8064 8062
v 0.842078 0.420000 -0.600000
f 8064 8065 8062
v 0.833605 0.393605 -0.600000
f 8065 8066 8062
f 8062 8066 8002
f 8066 8003 8002
v 0.778409 0.338409 -0.561591
f 8003 8067 8006
f 8066 8067 8003
v 0.791666 0.420000 -0.548334
f 8068 8067 8066
f 8065 8068 8066
f 8067 8068 7262
f 8068 7264 7262
f 7231 8067 7262
f 8006 8067 7231
v 0.755886 0.315886 0.000000
f 7278 8069 7249
f 8069 8011 7249
v 0.759054 0.319054 0.019054
f 8011 8070 8015
f 8069 8070 8011
f 7278 8070 8069
f 7282 8070 7278
v 0.778239 0.338239 0.120000
f 8071 8070 7282
f 7281 8071 7282
f 8070 8071 8015
f 8071 8016 8015
v 0.783171 0.343171 0.163171
f 8016 8072 8021
f 8071 8072 8016
f 7281 8072 8071
f 7288 8072 7281
v 0.793366 0.353366 0.240000
f 8073 8072 7288
f 7287 8073 7288
f 8072 8073 8021
f 8073 8022 8021
v 0.796955 0.356955 0.296955
f 8022 8074 8027
f 8073 8074 8022
f 7287 8074 8073
v 0.752164 0.420000 0.360000
f 8075 8074 7287
f 7293 8075 7287
v 0.801638 0.361638 0.360000
f 8075 8076 8074
f 8074 8076 8027
f 8076 8028 8027
v 0.802420 0.362420 0.422420
f 8028 8077 8033
f 8076 8077 8028
v 0.752452 0.420000 0.372452
f 8078 8077 8076
f 8075 8078 8076
v 0.755178 0.420000 0.480000
f 8078 8079 8077
v 0.803281 0.363281 0.480000
f 8079 8080 8077
f 8077 8080 8033
f 8080 8034 8033
v 0.800999 0.360999 0.540999
f 8034 8081 8039
f 8080 8081 8034
v 0.754196 0.420000 0.494196
f 8082 8081 8080
f 8079 8082 8080
v 0.746116 0.420000 0.600000
f 8082 8083 8081
v 0.798341 0.358341 0.600000
f 8083 8084 8081
f 8081 8084 8039
f 8084 8040 8039
v 0.793668 0.353668 0.653668
f 8040 8085 8045
f 8084 8085 8040
v 0.745269 0.420000 0.605269
f 8086 8085 8084
f 8083 8086 8084
f 8085 8086 7295
f 8086 7297 7295
v 0.786679 0.346679 0.720000
f 8087 8085 7295
f 7294 8087 7295
f 8085 8087 8045
f 8087 8046 8045
v 0.781066 0.341066 0.761066
f 8046 8088 8050
f 8087 8088 8046
f 7294 8088 8087
f 7302 8088 7294
v 0.767993 0.327993 0.840000
f 8089 8088 7302
f 7301 8089 7302
f 8088 8089 8050
f 8089 8051 8050
v 0.763593 0.323593 0.863593
f 8051 8090 8054
f 8089 8090 8051
f 7301 8090 8089
f 7308 8090 7301
v 0.741853 0.301853 0.960000
f 8091 8090 7308
f 7307 8091 7308
f 8090 8091 8054
f 8091 8055 8054
v 0.741498 0.301498 0.961498
f 8055 8092 8058
f 8091 8092 8055
f 7307 8092 8091
f 7313 8092 7307
f 7253 8092 7313
f 8058 8092 7253
v 0.860000 0.532129 -0.600000
f 8063 8093 8064
f 8093 8065 8064
v 0.795824 0.475824 -0.544176
f 8065 8094 8068
v 0.860000 0.540000 -0.598727
f 8095 8094 8065
f 8093 8095 8065
v 0.801438 0.540000 -0.538562
f 8095 8096 8094
f 8094 8096 7318
f 8096 7320 7318
f 7264 8094 7318
f 8068 8094 7264
v 0.746456 0.426456 0.360000
f 7334 8097 7293
f 8097 8075 7293
v 0.746531 0.426531 0.366531
f 8075 8098 8078
f 8097 8098 8075
f 7334 8098 8097
f 7337 8098 7334
v 0.748058 0.428058 0.480000
f 8099 8098 7337
f 7336 8099 7337
f 8098 8099 8078
f 8099 8079 8078
v 0.747792 0.427792 0.487792
f 8079 8100 8082
f 8099 8100 8079
f 7336 8100 8099
f 7342 8100 7336
v 0.743245 0.423245 0.600000
f 8101 8100 7342
f 7341 8101 7342
f 8100 8101 8082
f 8101 8083 8082
v 0.743007 0.423007 0.603007
f 8083 8102 8086
f 8101 8102 8083
f 7341 8102 8101
f 7346 8102 7341
f 7297 8102 7346
f 8086 8102 7297
v 0.851053 0.651053 -1.604598
v 0.860000 0.660000 -1.595219
v 0.851752 0.647570 -1.604000
f 8103 8104 8105
v 0.860000 0.627593 -1.596266
f 8105 8104 8106
v 0.848119 0.660000 -1.607257
f 8107 8104 8103
v 0.860000 0.579135 -0.600000
v 0.860000 0.657025 -0.602975
v 0.858687 0.658687 -0.601313
f 8108 8109 8110
v 0.860000 0.660000 -0.603098
f 8109 8111 8110
v 0.858661 0.660000 -0.601339
f 8111 8112 8110
v 0.857432 0.660000 -0.600000
f 8112 8113 8110
v 0.857519 0.657519 -0.600000
f 8113 8114 8110
f 8114 8108 8110
v 0.860000 0.541236 -0.598764
v 0.800545 0.600545 -0.539455
f 8115 8116 8096
f 8095 8115 8096
f 8116 8115 8114
f 8115 8108 8114
v 0.799495 0.660000 -0.540505
f 8117 8116 8114
f 8113 8117 8114
f 8116 8117 7354
f 8117 7356 7354
f 7320 8116 7354
f 8096 8116 7320
v 0.819293 0.717492 -1.622508
v 0.860000 0.771960 -1.568040
f 8118 8119 8104
f 8118 8104 8107
v 0.812390 0.732390 -1.626233
v 0.860000 0.780000 -1.566204
v 0.817836 0.719531 -1.623546
f 8120 8121 8122
f 8122 8121 8119
f 8122 8119 8118
v 0.785777 0.780000 -1.641407
f 8123 8121 8120
v 0.860000 0.752400 -0.627600
v 0.846458 0.766458 -0.613542
f 8124 8125 8112
f 8111 8124 8112
v 0.860000 0.780000 -0.635656
f 8124 8126 8125
v 0.844550 0.780000 -0.615450
f 8126 8127 8125
v 0.830433 0.780000 -0.600000
f 8127 8128 8125
v 0.836271 0.756271 -0.600000
f 8128 8129 8125
f 8125 8129 8112
f 8129 8113 8112
v 0.793957 0.713957 -0.546043
f 8113 8130 8117
f 8129 8130 8113
v 0.785740 0.780000 -0.554260
f 8131 8130 8129
f 8128 8131 8129
f 8130 8131 7364
f 8131 7366 7364
f 7356 8130 7364
f 8117 8130 7356
v 0.775713 0.796383 -1.644287
v 0.860000 0.793891 -1.560000
v 0.782977 0.784365 -1.642295
f 8132 8133 8134
f 8134 8133 8121
f 8134 8121 8123
v 0.757017 0.820587 -1.652900
v 0.815350 0.900000 -1.560000
v 0.764952 0.811078 -1.648922
f 8135 8136 8137
f 7374 7373 8136
f 7374 8136 8135
v 0.829436 0.869436 -1.560000
f 8137 8136 8138
v 0.767743 0.807743 -1.647701
f 8137 8138 8139
f 8139 8138 8133
f 8139 8133 8132
v 0.860000 0.900000 -1.500581
f 8140 8133 8138
f 8136 8140 8138
v 0.860000 0.836624 -0.663376
v 0.826253 0.866253 -0.633747
f 8141 8142 8127
f 8126 8141 8127
v 0.860000 0.900000 -0.697923
f 8141 8143 8142
v 0.817403 0.900000 -0.642597
f 8143 8144 8142
v 0.778753 0.900000 -0.600000
f 8144 8145 8142
v 0.804322 0.844322 -0.600000
f 8145 8146 8142
f 8142 8146 8127
f 8146 8128 8127
v 0.778438 0.818438 -0.561562
f 8128 8147 8131
f 8146 8147 8128
v 0.759546 0.900000 -0.580454
f 8148 8147 8146
f 8145 8148 8146
f 8147 8148 7376
f 8148 7378 7376
f 7366 8147 7376
f 8131 8147 7366
v 0.787401 0.947401 -1.560000
f 7389 8149 7373
f 8149 8136 7373
v 0.826044 0.986044 -1.473956
v 0.860000 0.972586 -1.440000
f 8150 8151 8136
f 8151 8140 8136
f 8149 8150 8136
f 7389 8150 8149
v 0.830602 1.020000 -1.440000
f 8152 8150 7389
f 7393 8152 7389
v 0.842520 1.002520 -1.440000
f 8152 8153 8150
f 8153 8151 8150
v 0.860000 1.020000 -1.383526
f 8154 8151 8153
f 8152 8154 8153
v 0.860000 0.929175 -0.720000
v 0.860000 0.975394 -0.764606
v 0.836410 0.996410 -0.743590
f 8155 8156 8157
v 0.860000 1.020000 -0.790594
f 8156 8158 8157
v 0.826050 1.020000 -0.753950
f 8158 8159 8157
v 0.803765 1.020000 -0.720000
f 8159 8160 8157
v 0.826565 0.986565 -0.720000
f 8160 8161 8157
f 8161 8155 8157
v 0.860000 0.912888 -0.707112
v 0.799080 0.959080 -0.660920
f 8162 8163 8144
f 8143 8162 8144
f 8163 8162 8161
f 8162 8155 8161
v 0.775774 1.020000 -0.684226
f 8164 8163 8161
f 8160 8164 8161
f 8163 8164 7395
f 8164 7397 7395
v 0.764350 0.924350 -0.600000
f 8165 8163 7395
f 7394 8165 7395
f 8163 8165 8144
f 8165 8145 8144
v 0.755299 0.915299 -0.584701
f 8145 8166 8148
f 8165 8166 8145
f 7394 8166 8165
f 7401 8166 7394
f 7378 8166 7401
f 8148 8166 7378
v 0.791219 1.071219 -1.440000
f 7409 8167 7393
f 8167 8152 7393
v 0.810687 1.090687 -1.369313
v 0.860000 1.061219 -1.320000
f 8168 8169 8152
f 8169 8154 8152
f 8167 8168 8152
f 7409 8168 8167
v 0.795123 1.140000 -1.320000
f 8170 8168 7409
f 7413 8170 7409
v 0.825902 1.105902 -1.320000
f 8170 8171 8168
f 8171 8169 8168
v 0.860000 1.140000 -1.212911
f 8172 8169 8171
f 8170 8172 8171
v 0.860000 1.048275 -0.811725
v 0.803299 1.083299 -0.776701
f 8173 8174 8159
f 8158 8173 8159
v 0.860000 1.140000 -0.835167
f 8173 8175 8174
v 0.775218 1.140000 -0.804782
f 8175 8176 8174
f 8174 8176 7415
f 8176 7417 7415
v 0.779970 1.059970 -0.720000
f 8177 8174 7415
f 7414 8177 7415
f 8174 8177 8159
f 8177 8160 8159
v 0.765413 1.045413 -0.694587
f 8160 8178 8164
f 8177 8178 8160
f 7414 8178 8177
f 7421 8178 7414
f 7397 8178 7421
f 8164 8178 7397
v 0.771337 1.171337 -1.320000
f 7430 8179 7413
f 8179 8170 7413
v 0.822966 1.222966 -1.237034
v 0.860000 1.168945 -1.200000
f 8180 8181 8170
f 8181 8172 8170
f 8179 8180 8170
f 7430 8180 8179
v 0.753131 1.260000 -1.200000
f 8182 8180 7430
f 7433 8182 7430
v 0.835166 1.235166 -1.200000
f 8182 8183 8180
f 8183 8181 8180
v 0.860000 1.260000 -1.183305
f 8184 8181 8183
f 8182 8184 8183
v 0.756714 1.260000 -0.840000
f 8185 7437 7435
f 7434 8185 7435
v 0.860000 1.143585 -0.836415
v 0.768033 1.168033 -0.811967
f 8186 8187 8176
f 8175 8186 8176
v 0.860000 1.260000 -0.837491
f 8186 8188 8187
f 8187 8188 7434
f 8188 8185 7434
f 7441 8187 7434
f 7417 8187 7441
f 8176 8187 7417
v 0.753088 1.273088 -1.200000
f 7448 8189 7433
f 8189 8182 7433
v 0.860000 1.276051 -1.183949
f 8190 8184 8182
v 0.860000 1.380000 -1.183898
f 8189 8191 8182
f 8191 8190 8182
v 0.763812 1.380000 -1.176188
f 7448 8192 8189
f 8192 8191 8189
f 7450 8192 7448
v 0.813149 1.380000 -0.840000
f 8193 7454 7452
v 0.749348 1.269348 -0.840000
f 7437 8194 7452
f 8194 8193 7452
f 8185 8194 7437
v 0.860000 1.262359 -0.837641
f 8188 8195 8185
v 0.860000 1.380000 -0.835561
f 8195 8196 8185
f 8196 8194 8185
f 8196 8193 8194
v 0.860000 1.396786 -1.183214
f 8197 8191 8192
v 0.764744 1.404744 -1.175256
f 8198 8197 8192
v 0.860000 1.500000 -1.181348
f 8199 8197 8198
v 0.767501 1.500000 -1.172499
f 8200 8199 8198
f 7460 8200 7458
f 8200 8198 7458
f 8198 7450 7458
f 8198 8192 7450
v 0.837650 1.500000 -0.840000
f 8201 7464 7462
v 0.831127 1.471127 -0.840000
f 7454 8202 7462
f 8202 8201 7462
f 8193 8202 7454
v 0.860000 1.384389 -0.835611
f 8196 8203 8193
v 0.860000 1.500000 -0.837788
f 8203 8204 8193
f 8204 8202 8193
f 8204 8201 8202
v 0.860000 1.520997 -1.179003
f 8205 8199 8200
v 0.770623 1.530623 -1.169377
f 8206 8205 8200
v 0.860000 1.620000 -1.173506
f 8207 8205 8206
v 0.775275 1.620000 -1.164725
f 8208 8207 8206
f 7468 8208 7466
f 8208 8206 7466
f 8206 7460 7466
f 8206 8200 7460
v 0.860000 1.540846 -0.840000
v 0.860000 1.615523 -0.844477
v 0.854232 1.614232 -0.845768
f 8209 8210 8211
v 0.860000 1.620000 -0.845139
f 8210 8212 8211
v 0.853301 1.620000 -0.846699
f 8212 8213 8211
f 8211 8213 7470
f 8213 7472 7470
f 7464 8211 7470
f 8209 8211 7464
f 8201 8209 7464
v 0.860000 1.502142 -0.837858
f 8204 8214 8201
f 8214 8209 8201
v 0.860000 1.651923 -1.168077
f 8215 8207 8208
v 0.781702 1.661702 -1.158298
f 8216 8215 8208
v 0.860000 1.740000 -1.159557
f 8217 8215 8216
v 0.788522 1.740000 -1.151478
f 8218 8217 8216
f 7476 8218 7474
f 8218 8216 7474
f 8216 7468 7474
f 8216 8208 7468
v 0.860000 1.724122 -0.855878
v 0.839872 1.719872 -0.860128
f 8219 8220 8213
f 8212 8219 8213
v 0.860000 1.740000 -0.859439
f 8219 8221 8220
v 0.834827 1.740000 -0.865173
f 8221 8222 8220
f 8220 8222 7478
f 8222 7480 7478
f 7472 8220 7478
f 8213 8220 7472
v 0.860000 1.791837 -1.148163
f 8223 8217 8218
v 0.800462 1.800462 -1.139538
f 8224 8223 8218
v 0.860000 1.860000 -1.138518
f 8225 8223 8224
v 0.807890 1.860000 -1.132110
f 8226 8225 8224
f 7484 8226 7482
f 8226 8224 7482
f 8224 7476 7482
f 8224 8218 7476
v 0.860000 1.827389 -0.872611
v 0.819341 1.819341 -0.880659
f 8227 8228 8222
f 8221 8227 8222
v 0.860000 1.860000 -0.881997
f 8227 8229 8228
v 0.805824 1.860000 -0.894176
f 8229 8230 8228
f 8228 8230 7486
f 8230 7488 7486
f 7480 8228 7486
f 8222 8228 7480
v 0.860000 1.943679 -1.116321
f 8231 8225 8226
v 0.828886 1.948886 -1.111114
f 8232 8231 8226
v 0.860000 1.980000 -1.109458
f 8233 8231 8232
v 0.834000 1.980000 -1.106000
f 8234 8233 8232
f 7492 8234 7490
f 8234 8232 7490
f 8232 7484 7490
f 8232 8226 7484
v 0.860000 1.924891 -0.895109
v 0.792215 1.912215 -0.907785
f 8235 8236 8230
f 8229 8235 8230
v 0.860000 1.980000 -0.914129
f 8235 8237 8236
v 0.764432 1.980000 -0.935568
f 8237 8238 8236
f 8236 8238 7497
f 8238 7499 7497
f 7488 8236 7497
f 8230 8236 7488
v 0.860000 2.075306 -1.080000
f 8239 8233 8234
v 0.794372 2.034372 -1.080000
f 7500 8240 7492
f 8240 8239 7492
f 8239 8234 7492
v 0.860000 2.100000 -0.989817
f 8241 8239 8240
v 0.850320 2.100000 -0.969680
f 7500 8242 8240
f 8242 8241 8240
v 0.846142 2.100000 -0.960000
f 7502 8243 7500
f 8243 8242 7500
f 7501 8243 7502
v 0.860000 2.016518 -0.923482
v 0.758367 1.998367 -0.941633
f 8244 8245 8238
f 8237 8244 8238
v 0.860000 2.100000 -0.956869
f 8244 8246 8245
f 8245 8246 7501
f 8246 8243 7501
f 7503 8245 7501
f 7499 8245 7503
f 8238 8245 7499
v 0.860000 2.107644 -0.960000
f 8247 8241 8242
f 8243 8247 8242
v 0.860000 2.102386 -0.957614
f 8246 8248 8243
f 8248 8247 8243
v 0.920401 -1.319599 -1.080000
f 7511 7509 8249
v 0.890000 -1.350000 -1.134098
f 7511 8249 8250
v 0.943187 -1.350000 -1.080000
f 8250 8249 8251
v 0.958817 -1.350000 -1.050000
v 0.946016 -1.293984 -0.993984
v 0.980000 -1.309871 -0.960000
f 8252 8253 8254
v 0.971802 -1.350000 -1.028666
f 8252 8254 8255
v 0.980000 -1.350000 -1.015196
f 8255 8254 8256
f 8251 8249 8253
f 8251 8253 8252
f 7509 8253 8249
v 0.936456 -1.260000 -0.960000
f 8257 8253 7509
f 7514 8257 7509
v 0.959337 -1.280663 -0.960000
f 8257 8258 8253
f 8258 8254 8253
v 0.980000 -1.266632 -0.840000
v 0.980000 -1.270425 -0.850425
v 0.976751 -1.263249 -0.843249
f 8259 8260 8261
f 8261 8260 8258
f 8260 8254 8258
v 0.971504 -1.260000 -0.848496
f 8262 8261 8258
f 8257 8262 8258
v 0.975255 -1.260000 -0.840000
f 8262 8263 8261
v 0.977405 -1.262595 -0.840000
f 8263 8264 8261
f 8264 8259 8261
v 0.980000 -1.260000 -0.788732
f 8265 8259 8264
f 8263 8265 8264
v 0.980000 -1.293696 -0.600000
v 0.980000 -1.277888 -0.617888
v 0.972845 -1.267155 -0.607155
f 8266 8267 8268
v 0.980000 -1.260000 -0.680739
f 8267 8269 8268
v 0.970343 -1.260000 -0.609657
f 8269 8270 8268
v 0.969697 -1.260000 -0.600000
f 8270 8271 8268
v 0.970843 -1.269157 -0.600000
f 8271 8272 8268
f 8272 8266 8268
v 0.975043 -1.350000 -0.546880
v 0.980000 -1.340837 -0.560837
v 0.943523 -1.296477 -0.516477
f 8273 8274 8275
v 0.953322 -1.350000 -0.506678
f 8273 8275 8276
v 0.980000 -1.350000 -0.556054
f 8277 8274 8273
f 8275 8274 8272
f 8274 8266 8272
v 0.940184 -1.260000 -0.519816
f 8278 8275 8272
f 8271 8278 8272
v 0.920200 -1.260000 -0.480000
f 8278 8279 8275
v 0.923478 -1.316522 -0.480000
f 8279 8280 8275
f 8276 8275 8280
v 0.942114 -1.350000 -0.491173
f 8276 8280 8281
v 0.934038 -1.350000 -0.480000
f 8281 8280 8282
v 0.910641 -1.350000 -0.450000
v 0.899851 -1.340149 -0.440149
v 0.901489 -1.350000 -0.438511
f 8283 8284 8285
f 8282 8280 8284
f 8282 8284 8283
v 0.896994 -1.260000 -0.443006
f 8286 8284 8280
f 8279 8286 8280
f 8284 8286 7516
f 8286 7520 7516
v 0.890000 -1.350000 -0.428407
f 7519 8287 8284
f 7519 8284 7516
f 8285 8284 8287
v 0.874991 -1.350000 0.600000
f 7532 7531 8288
v 0.904714 -1.350000 0.630000
v 0.906311 -1.333689 0.646311
v 0.980000 -1.329147 0.720000
f 8289 8290 8291
v 0.947924 -1.350000 0.670792
f 8289 8291 8292
v 0.980000 -1.350000 0.701074
f 8292 8291 8293
v 0.890000 -1.350000 0.614185
f 8294 8290 8289
f 8288 7531 8290
f 8288 8290 8294
v 0.914609 -1.260000 0.720000
f 8295 8290 7531
f 7536 8295 7531
v 0.949512 -1.290488 0.720000
f 8295 8296 8290
f 8296 8291 8290
v 0.980000 -1.260000 0.814057
f 8297 8291 8296
f 8295 8297 8296
v 0.980000 -1.334409 1.320000
v 0.980000 -1.280023 1.299977
v 0.970989 -1.269011 1.310989
f 8298 8299 8300
v 0.980000 -1.260000 1.290689
f 8299 8301 8300
v 0.970867 -1.260000 1.310867
f 8301 8302 8300
v 0.964554 -1.260000 1.320000
f 8302 8303 8300
v 0.964708 -1.275292 1.320000
f 8303 8304 8300
f 8304 8298 8300
v 0.955248 -1.350000 1.350000
v 0.919416 -1.320584 1.379416
v 0.924183 -1.350000 1.384183
f 8305 8306 8307
v 0.976730 -1.350000 1.327611
f 8306 8305 8308
f 8306 8308 8304
v 0.980000 -1.350000 1.324203
f 8308 8309 8298
f 8308 8298 8304
v 0.919069 -1.260000 1.379069
f 8310 8306 8304
f 8303 8310 8304
f 8306 8310 7540
f 8310 7542 7540
v 0.860169 -1.350000 1.436219
v 0.890000 -1.350000 1.409529
f 8311 8312 8306
f 8311 8306 7540
f 7539 8311 7540
f 8307 8306 8312
v 0.895545 -1.224455 -0.960000
f 7555 8313 7514
f 8313 8257 7514
v 0.912158 -1.207842 -0.907842
f 8257 8314 8262
f 8313 8314 8257
f 7555 8314 8313
v 0.919084 -1.140000 -0.840000
f 8315 8314 7555
f 7558 8315 7555
v 0.930475 -1.189525 -0.840000
f 8315 8316 8314
f 8314 8316 8262
f 8316 8263 8262
v 0.952017 -1.167983 -0.747983
v 0.980000 -1.241567 -0.720000
f 8317 8318 8263
f 8318 8265 8263
f 8316 8317 8263
v 0.942977 -1.140000 -0.757023
f 8319 8317 8316
f 8315 8319 8316
v 0.958935 -1.140000 -0.720000
f 8319 8320 8317
v 0.957206 -1.162794 -0.720000
f 8320 8321 8317
f 8321 8318 8317
v 0.980000 -1.240831 -0.700831
v 0.958051 -1.161949 -0.621949
f 8322 8323 8270
f 8269 8322 8270
f 8323 8322 8321
f 8322 8318 8321
v 0.959730 -1.140000 -0.620270
f 8324 8323 8321
f 8320 8324 8321
v 0.960456 -1.140000 -0.600000
f 8324 8325 8323
v 0.956755 -1.163245 -0.600000
f 8325 8326 8323
f 8323 8326 8270
f 8326 8271 8270
v 0.934063 -1.185937 -0.525937
f 8271 8327 8278
f 8326 8327 8271
v 0.939879 -1.140000 -0.520121
f 8328 8327 8326
f 8325 8328 8326
v 0.923426 -1.140000 -0.480000
f 8328 8329 8327
v 0.913552 -1.206448 -0.480000
f 8329 8330 8327
f 8327 8330 8278
f 8330 8279 8278
v 0.893161 -1.226839 -0.446839
f 8279 8331 8286
f 8330 8331 8279
v 0.901630 -1.140000 -0.438370
f 8332 8331 8330
f 8329 8332 8330
f 8331 8332 7559
f 8332 7561 7559
f 7520 8331 7559
f 8286 8331 7520
v 0.882688 -1.237312 0.720000
f 7567 8333 7536
f 8333 8295 7536
v 0.903613 -1.216387 0.763613
v 0.980000 -1.240961 0.840000
f 8334 8335 8295
f 8335 8297 8295
f 8333 8334 8295
f 7567 8334 8333
v 0.918840 -1.140000 0.840000
f 8336 8334 7567
f 7569 8336 7567
v 0.936078 -1.183922 0.840000
f 8336 8337 8334
f 8337 8335 8334
v 0.980000 -1.140000 0.927815
f 8338 8335 8337
f 8336 8338 8337
v 0.980000 -1.159240 1.300760
v 0.974431 -1.145569 1.314431
f 8339 8340 8302
f 8301 8339 8302
v 0.980000 -1.140000 1.304792
f 8339 8341 8340
v 0.975761 -1.140000 1.315761
f 8341 8342 8340
v 0.973120 -1.140000 1.320000
f 8342 8343 8340
v 0.970367 -1.149633 1.320000
f 8343 8344 8340
f 8340 8344 8302
f 8344 8303 8302
v 0.915170 -1.204830 1.375170
f 8303 8345 8310
f 8344 8345 8303
v 0.925976 -1.140000 1.385976
f 8346 8345 8344
f 8343 8346 8344
v 0.864407 -1.140000 1.440000
f 8346 8347 8345
f 8345 8347 7542
f 8347 7571 7542
f 8310 8345 7542
v 0.862192 -1.140000 1.442192
f 8347 8348 7571
f 8348 7573 7571
v 0.920063 -1.020000 -0.840000
f 7578 8349 7577
v 0.915525 -1.084475 -0.840000
f 8349 8350 7577
f 8350 7558 7577
f 8350 8315 7558
v 0.948221 -1.051779 -0.751779
f 8315 8351 8319
f 8350 8351 8315
v 0.951633 -1.020000 -0.748367
f 8352 8351 8350
f 8349 8352 8350
v 0.963737 -1.020000 -0.720000
f 8352 8353 8351
v 0.962398 -1.037602 -0.720000
f 8353 8354 8351
f 8351 8354 8319
f 8354 8320 8319
v 0.965179 -1.034821 -0.614821
f 8320 8355 8324
f 8354 8355 8320
v 0.966334 -1.020000 -0.613666
f 8356 8355 8354
f 8353 8356 8354
v 0.966828 -1.020000 -0.600000
f 8356 8357 8355
v 0.965737 -1.034263 -0.600000
f 8357 8358 8355
f 8355 8358 8324
f 8358 8325 8324
v 0.942818 -1.057182 -0.517182
f 8325 8359 8328
f 8358 8359 8325
v 0.945082 -1.020000 -0.514918
f 8360 8359 8358
f 8357 8360 8358
v 0.930652 -1.020000 -0.480000
f 8360 8361 8359
v 0.926767 -1.073233 -0.480000
f 8361 8362 8359
f 8359 8362 8328
f 8362 8329 8328
v 0.902247 -1.097753 -0.437753
f 8329 8363 8332
f 8362 8363 8329
v 0.905937 -1.020000 -0.434063
f 8364 8363 8362
f 8361 8364 8362
f 8363 8364 7579
f 8364 7581 7579
f 7561 8363 7579
f 8332 8363 7561
v 0.926786 -1.020000 0.840000
f 7589 8365 7587
v 0.917885 -1.082115 0.840000
f 8365 8366 7587
f 8366 7569 7587
f 8366 8336 7569
v 0.980000 -1.069252 0.910748
f 8367 8338 8336
v 0.980000 -1.020000 0.911671
f 8366 8368 8336
f 8368 8367 8336
f 8365 8368 8366
v 0.980000 -1.088494 1.320000
f 8341 8369 8342
f 8369 8343 8342
v 0.929922 -1.070078 1.389922
f 8343 8370 8346
v 0.980000 -1.020000 1.332176
f 8371 8370 8343
f 8369 8371 8343
v 0.934876 -1.020000 1.394876
f 8371 8372 8370
v 0.883674 -1.020000 1.440000
f 8372 8373 8370
v 0.865013 -1.134987 1.440000
f 8373 8374 8370
f 8370 8374 8346
f 8374 8347 8346
v 0.862169 -1.137831 1.442169
f 8347 8375 8348
f 8374 8375 8347
v 0.871283 -1.020000 1.451283
f 8376 8375 8374
f 8373 8376 8374
f 8375 8376 7591
f 8376 7593 7591
f 7573 8375 7591
f 8348 8375 7573
v 0.912360 -0.900000 -0.840000
f 7598 8377 7597
v 0.917002 -0.962998 -0.840000
f 8377 8378 7597
f 8378 7578 7597
f 8378 8349 7578
v 0.944074 -0.935926 -0.755926
f 8349 8379 8352
f 8378 8379 8349
v 0.940027 -0.900000 -0.759973
f 8380 8379 8378
f 8377 8380 8378
v 0.956987 -0.900000 -0.720000
f 8380 8381 8379
v 0.958651 -0.921349 -0.720000
f 8381 8382 8379
f 8379 8382 8352
f 8382 8353 8352
v 0.960957 -0.919043 -0.619043
f 8353 8383 8356
f 8382 8383 8353
v 0.959435 -0.900000 -0.620565
f 8384 8383 8382
f 8381 8384 8382
v 0.960169 -0.900000 -0.600000
f 8384 8385 8383
v 0.961611 -0.918389 -0.600000
f 8385 8386 8383
f 8383 8386 8356
f 8386 8357 8356
v 0.941990 -0.938010 -0.518010
f 8357 8387 8360
f 8386 8387 8357
v 0.939621 -0.900000 -0.520379
f 8388 8387 8386
f 8385 8388 8386
v 0.923138 -0.900000 -0.480000
f 8388 8389 8387
v 0.927078 -0.952922 -0.480000
f 8389 8390 8387
f 8387 8390 8360
f 8390 8361 8360
v 0.904589 -0.975411 -0.435411
f 8361 8391 8364
f 8390 8391 8361
v 0.900948 -0.900000 -0.439052
f 8392 8391 8390
f 8389 8392 8390
f 8391 8392 7599
f 8392 7601 7599
f 7581 8391 7599
f 8364 8391 7581
v 0.923193 -0.900000 0.840000
f 7609 8393 7607
v 0.925043 -0.954957 0.840000
f 8393 8394 7607
f 8394 7589 7607
f 8394 8365 7589
v 0.980000 -0.945161 0.914839
f 8395 8368 8365
v 0.980000 -0.900000 0.916479
f 8394 8396 8365
f 8396 8395 8365
f 8393 8396 8394
v 0.980000 -1.008183 1.331817
v 0.933934 -0.946066 1.393934
f 8397 8398 8372
f 8371 8397 8372
v 0.980000 -0.900000 1.327898
f 8397 8399 8398
v 0.932995 -0.900000 1.392995
f 8399 8400 8398
v 0.879839 -0.900000 1.440000
f 8400 8401 8398
v 0.883047 -0.996953 1.440000
f 8401 8402 8398
f 8398 8402 8372
f 8402 8373 8372
v 0.871162 -1.008838 1.451162
f 8373 8403 8376
f 8402 8403 8373
v 0.869447 -0.900000 1.449447
f 8404 8403 8402
f 8401 8404 8402
f 8403 8404 7611
f 8404 7613 7611
f 7593 8403 7611
f 8376 8403 7593
v 0.888520 -0.780000 -0.840000
f 7618 8405 7617
v 0.905146 -0.854854 -0.840000
f 8405 8406 7617
f 8406 7598 7617
f 8406 8377 7598
v 0.923182 -0.836818 -0.776818
f 8377 8407 8380
f 8406 8407 8377
v 0.903800 -0.780000 -0.796200
f 8408 8407 8406
f 8405 8408 8406
v 0.935679 -0.780000 -0.720000
f 8408 8409 8407
v 0.944080 -0.815920 -0.720000
f 8409 8410 8407
f 8407 8410 8380
f 8410 8381 8380
v 0.945827 -0.814173 -0.634173
f 8381 8411 8384
f 8410 8411 8381
v 0.937628 -0.780000 -0.642372
f 8412 8411 8410
f 8409 8412 8410
v 0.939099 -0.780000 -0.600000
f 8412 8413 8411
v 0.946886 -0.813114 -0.600000
f 8413 8414 8411
f 8411 8414 8384
f 8414 8385 8384
v 0.931563 -0.828437 -0.528437
f 8385 8415 8388
f 8414 8415 8385
v 0.922555 -0.780000 -0.537445
f 8416 8415 8414
f 8413 8416 8414
v 0.899806 -0.780000 -0.480000
f 8416 8417 8415
v 0.914496 -0.845504 -0.480000
f 8417 8418 8415
f 8415 8418 8388
f 8418 8389 8388
v 0.897555 -0.862445 -0.442445
f 8389 8419 8392
f 8418 8419 8389
v 0.885644 -0.780000 -0.454356
f 8420 8419 8418
f 8417 8420 8418
f 8419 8420 7619
f 8420 7621 7619
f 7601 8419 7619
f 8392 8419 7601
v 0.897425 -0.780000 0.840000
f 7629 8421 7627
v 0.913328 -0.846672 0.840000
f 8421 8422 7627
f 8422 7609 7627
f 8422 8393 7609
v 0.980000 -0.792300 0.947700
f 8423 8396 8393
v 0.980000 -0.780000 0.950894
f 8422 8424 8393
f 8424 8423 8393
f 8421 8424 8422
v 0.980000 -0.868040 1.320000
v 0.980000 -0.804997 1.295003
v 0.971348 -0.788652 1.311348
f 8425 8426 8427
v 0.980000 -0.780000 1.283315
f 8426 8428 8427
v 0.969681 -0.780000 1.309681
f 8428 8429 8427
v 0.963347 -0.780000 1.320000
f 8429 8430 8427
v 0.966668 -0.793332 1.320000
f 8430 8431 8427
f 8431 8425 8427
v 0.980000 -0.893474 1.326526
v 0.927082 -0.832918 1.387082
f 8432 8433 8400
f 8399 8432 8400
f 8433 8432 8431
f 8432 8425 8431
v 0.919492 -0.780000 1.379492
f 8434 8433 8431
f 8430 8434 8431
f 8433 8434 7632
f 8434 7634 7632
v 0.876702 -0.883298 1.440000
f 8435 8433 7632
f 7631 8435 7632
f 8433 8435 8400
f 8435 8401 8400
v 0.868784 -0.891216 1.448784
f 8401 8436 8404
f 8435 8436 8401
f 7631 8436 8435
f 7638 8436 7631
f 7613 8436 7638
f 8404 8436 7613
v 0.882511 -0.757489 -0.840000
f 7643 8437 7618
f 8437 8405 7618
v 0.890342 -0.749658 -0.809658
f 8405 8438 8408
f 8437 8438 8405
f 7643 8438 8437
v 0.897252 -0.660000 -0.720000
f 8439 8438 7643
f 7646 8439 7643
v 0.920159 -0.719841 -0.720000
f 8439 8440 8438
f 8438 8440 8408
f 8440 8409 8408
v 0.921299 -0.718701 -0.658701
f 8409 8441 8412
f 8440 8441 8409
v 0.898235 -0.660000 -0.681765
f 8442 8441 8440
f 8439 8442 8440
v 0.900982 -0.660000 -0.600000
f 8442 8443 8441
v 0.922920 -0.717080 -0.600000
f 8443 8444 8441
f 8441 8444 8412
f 8444 8413 8412
v 0.912570 -0.727430 -0.547430
f 8413 8445 8416
f 8444 8445 8413
v 0.892204 -0.660000 -0.567796
f 8446 8445 8444
f 8443 8446 8444
f 8445 8446 7648
f 8446 7650 7648
v 0.891464 -0.748536 -0.480000
f 8447 8445 7648
f 7647 8447 7648
f 8445 8447 8416
f 8447 8417 8416
v 0.882265 -0.757735 -0.457735
f 8417 8448 8420
f 8447 8448 8417
f 7647 8448 8447
f 7654 8448 7647
f 7621 8448 7654
f 8420 8448 7621
v 0.887886 -0.752114 0.840000
f 7670 8449 7629
f 8449 8421 7629
v 0.917821 -0.722179 0.897821
v 0.980000 -0.762697 0.960000
f 8450 8451 8421
f 8451 8424 8421
f 8449 8450 8421
f 7670 8450 8449
v 0.942941 -0.660000 0.960000
f 8452 8450 7670
f 7674 8452 7670
v 0.954781 -0.685219 0.960000
f 8452 8453 8450
f 8453 8451 8450
v 0.980000 -0.660000 1.075311
f 8454 8451 8453
f 8452 8454 8453
v 0.980000 -0.676770 1.200000
v 0.980000 -0.674105 1.185895
v 0.976220 -0.663780 1.196220
f 8455 8456 8457
v 0.980000 -0.660000 1.102793
f 8456 8458 8457
v 0.974467 -0.660000 1.194467
f 8458 8459 8457
v 0.974016 -0.660000 1.200000
f 8459 8460 8457
v 0.975975 -0.664025 1.200000
f 8460 8461 8457
f 8461 8455 8457
v 0.980000 -0.731826 1.248174
v 0.951008 -0.688992 1.291008
f 8462 8463 8429
f 8428 8462 8429
f 8463 8462 8461
f 8462 8455 8461
v 0.940989 -0.660000 1.280989
f 8464 8463 8461
f 8460 8464 8461
v 0.918143 -0.660000 1.320000
f 8464 8465 8463
v 0.937637 -0.702363 1.320000
f 8465 8466 8463
f 8463 8466 8429
f 8466 8430 8429
v 0.911080 -0.728920 1.371080
f 8430 8467 8434
f 8466 8467 8430
v 0.893051 -0.660000 1.353051
f 8468 8467 8466
f 8465 8468 8466
f 8467 8468 7675
f 8468 7677 7675
f 7634 8467 7675
f 8434 8467 7634
v 0.887241 -0.632759 -0.720000
f 7686 8469 7646
f 8469 8439 7646
v 0.887721 -0.632279 -0.692279
f 8439 8470 8442
f 8469 8470 8439
f 7686 8470 8469
f 7691 8470 7686
v 0.889989 -0.630011 -0.600000
f 8471 8470 7691
f 7690 8471 7691
f 8470 8471 8442
f 8471 8443 8442
v 0.885326 -0.634674 -0.574674
f 8443 8472 8446
f 8471 8472 8443
f 7690 8472 8471
f 7696 8472 7690
f 7650 8472 7696
f 8446 8472 7650
v 0.869790 -0.540000 0.360000
f 7715 8473 7713
f 8473 7714 7713
v 0.869989 -0.540000 0.369989
f 8473 8474 7714
v 0.872430 -0.540000 0.480000
f 8474 8475 7714
f 8475 7716 7714
f 8475 7717 7716
v 0.871729 -0.540000 0.491729
f 8475 8476 7717
v 0.864493 -0.540000 0.600000
f 8476 8477 7717
f 8477 7718 7717
f 8477 7719 7718
v 0.863976 -0.540000 0.603976
f 8477 8478 7719
f 8478 7721 7719
v 0.875618 -0.540000 0.960000
f 7730 8479 7729
v 0.916144 -0.603856 0.960000
f 8479 8480 7729
f 8480 7674 7729
f 8480 8452 7674
v 0.929529 -0.590471 1.029529
v 0.980000 -0.657070 1.080000
f 8481 8482 8452
f 8482 8454 8452
f 8480 8481 8452
v 0.882789 -0.540000 0.982789
f 8483 8481 8480
f 8479 8483 8480
v 0.916705 -0.540000 1.080000
f 8483 8484 8481
v 0.942597 -0.577403 1.080000
f 8484 8485 8481
f 8485 8482 8481
v 0.980000 -0.657373 1.082627
v 0.939662 -0.580338 1.159662
f 8486 8487 8459
f 8458 8486 8459
f 8487 8486 8485
f 8486 8482 8485
v 0.913377 -0.540000 1.133377
f 8488 8487 8485
f 8484 8488 8485
v 0.908170 -0.540000 1.200000
f 8488 8489 8487
v 0.937432 -0.582568 1.200000
f 8489 8490 8487
f 8487 8490 8459
f 8490 8460 8459
v 0.921898 -0.598102 1.261898
f 8460 8491 8464
f 8490 8491 8460
v 0.893840 -0.540000 1.233840
f 8492 8491 8490
f 8489 8492 8490
f 8491 8492 7732
f 8492 7734 7732
v 0.899048 -0.620952 1.320000
f 8493 8491 7732
f 7731 8493 7732
f 8491 8493 8464
f 8493 8465 8464
v 0.886549 -0.633451 1.346549
f 8465 8494 8468
f 8493 8494 8465
f 7731 8494 8493
f 7738 8494 7731
f 7677 8494 7738
f 8468 8494 7677
v 0.890198 -0.420000 0.120000
f 7761 8495 7759
f 8495 7760 7759
v 0.896884 -0.420000 0.156884
f 8495 8496 7760
v 0.913374 -0.420000 0.240000
f 8496 8497 7760
f 8497 7762 7760
f 8497 7763 7762
v 0.919311 -0.420000 0.299311
f 8497 8498 7763
v 0.926044 -0.420000 0.360000
f 8498 8499 7763
f 8499 7764 7763
v 0.877650 -0.522350 0.360000
f 8499 8500 7764
f 8500 7715 7764
f 8500 8473 7715
v 0.878343 -0.521657 0.378343
f 8473 8501 8474
f 8500 8501 8473
v 0.927385 -0.420000 0.427385
f 8502 8501 8500
f 8499 8502 8500
v 0.928559 -0.420000 0.480000
f 8502 8503 8501
v 0.882408 -0.517592 0.480000
f 8503 8504 8501
f 8501 8504 8474
f 8504 8475 8474
v 0.880138 -0.519862 0.500138
f 8475 8505 8476
f 8504 8505 8475
v 0.924712 -0.420000 0.544712
f 8506 8505 8504
f 8503 8506 8504
v 0.920994 -0.420000 0.600000
f 8506 8507 8505
v 0.868102 -0.531898 0.600000
f 8507 8508 8505
f 8505 8508 8476
f 8508 8477 8476
v 0.866419 -0.533581 0.606419
f 8477 8509 8478
f 8508 8509 8477
v 0.913587 -0.420000 0.653587
f 8510 8509 8508
f 8507 8510 8508
v 0.903131 -0.420000 0.720000
f 8510 8511 8509
f 8509 8511 7721
f 8511 7765 7721
f 8478 8509 7721
v 0.895817 -0.420000 0.755817
f 8511 8512 7765
v 0.874682 -0.420000 0.840000
f 8512 8513 7765
f 8513 7766 7765
f 8513 7767 7766
v 0.873753 -0.420000 0.853753
f 8513 8514 7767
f 8514 7770 7767
v 0.872029 -0.527971 0.960000
f 7769 8515 7730
f 8515 8479 7730
v 0.872138 -0.527862 0.972138
f 8479 8516 8483
f 8515 8516 8479
f 7769 8516 8515
f 7775 8516 7769
v 0.896085 -0.503915 1.080000
f 8517 8516 7775
f 7774 8517 7775
f 8516 8517 8483
f 8517 8484 8483
v 0.893586 -0.506414 1.113586
f 8484 8518 8488
f 8517 8518 8484
f 7774 8518 8517
f 7781 8518 7774
v 0.889456 -0.510544 1.200000
f 8519 8518 7781
f 7780 8519 7781
f 8518 8519 8488
f 8519 8489 8488
v 0.883859 -0.516141 1.223859
f 8489 8520 8492
f 8519 8520 8489
f 7780 8520 8519
f 7786 8520 7780
f 7734 8520 7786
f 8492 8520 7734
v 0.893041 -0.300000 0.000000
f 7799 8521 7797
f 8521 7798 7797
v 0.904828 -0.300000 0.044828
f 8521 8522 7798
v 0.926282 -0.300000 0.120000
f 8522 8523 7798
f 8523 7800 7798
v 0.902262 -0.377738 0.120000
f 8523 8524 7800
f 8524 7761 7800
f 8524 8495 7761
v 0.917233 -0.362767 0.177233
f 8495 8525 8496
f 8524 8525 8495
v 0.940906 -0.300000 0.200906
f 8526 8525 8524
f 8523 8526 8524
v 0.948689 -0.300000 0.240000
f 8526 8527 8525
v 0.934649 -0.345351 0.240000
f 8527 8528 8525
f 8525 8528 8496
f 8528 8497 8496
v 0.947254 -0.332746 0.327254
f 8497 8529 8498
f 8528 8529 8497
v 0.958515 -0.300000 0.338515
f 8530 8529 8528
f 8527 8530 8528
v 0.960908 -0.300000 0.360000
f 8530 8531 8529
v 0.952333 -0.327667 0.360000
f 8531 8532 8529
f 8529 8532 8498
f 8532 8499 8498
v 0.955064 -0.324936 0.455064
f 8499 8533 8502
f 8532 8533 8499
v 0.962949 -0.300000 0.462949
f 8534 8533 8532
f 8531 8534 8532
v 0.963331 -0.300000 0.480000
f 8534 8535 8533
v 0.955842 -0.324158 0.480000
f 8535 8536 8533
f 8533 8536 8502
f 8536 8503 8502
v 0.948271 -0.331729 0.568271
f 8503 8537 8506
f 8536 8537 8503
v 0.957557 -0.300000 0.577557
f 8538 8537 8536
f 8535 8538 8536
v 0.956040 -0.300000 0.600000
f 8538 8539 8537
v 0.945287 -0.334713 0.600000
f 8539 8540 8537
f 8537 8540 8506
f 8540 8507 8506
v 0.931110 -0.348890 0.671110
f 8507 8541 8510
f 8540 8541 8507
v 0.944423 -0.300000 0.684423
f 8542 8541 8540
f 8539 8542 8540
v 0.938794 -0.300000 0.720000
f 8542 8543 8541
v 0.920341 -0.359659 0.720000
f 8543 8544 8541
f 8541 8544 8510
f 8544 8511 8510
v 0.905976 -0.374024 0.765976
f 8511 8545 8512
f 8544 8545 8511
v 0.924808 -0.300000 0.784808
f 8546 8545 8544
f 8543 8546 8544
v 0.911064 -0.300000 0.840000
f 8546 8547 8545
v 0.880292 -0.399708 0.840000
f 8547 8548 8545
f 8545 8548 8512
f 8548 8513 8512
v 0.874316 -0.405684 0.854316
f 8513 8549 8514
f 8548 8549 8513
v 0.899629 -0.300000 0.879629
f 8550 8549 8548
f 8547 8550 8548
v 0.872176 -0.300000 0.960000
f 8550 8551 8549
f 8549 8551 7770
f 8551 7801 7770
f 8514 8549 7770
v 0.869742 -0.300000 0.969742
f 8551 8552 7801
f 8552 7803 7801
v 0.865246 -0.180000 -0.120000
f 7821 8553 7819
f 8553 7820 7819
v 0.868021 -0.180000 -0.111979
f 8553 8554 7820
v 0.909548 -0.180000 0.000000
f 8554 8555 7820
f 8555 7822 7820
v 0.897921 -0.262079 0.000000
f 8555 8556 7822
f 8556 7799 7822
f 8556 8521 7799
v 0.914638 -0.245362 0.054638
f 8521 8557 8522
f 8556 8557 8521
v 0.927194 -0.180000 0.067194
f 8558 8557 8556
f 8555 8558 8556
v 0.942286 -0.180000 0.120000
f 8558 8559 8557
v 0.936037 -0.223963 0.120000
f 8559 8560 8557
f 8557 8560 8522
f 8560 8523 8522
v 0.956297 -0.203703 0.216297
f 8523 8561 8526
f 8560 8561 8523
v 0.960408 -0.180000 0.220408
f 8562 8561 8560
f 8559 8562 8560
v 0.964315 -0.180000 0.240000
f 8562 8563 8561
v 0.961708 -0.198292 0.240000
f 8563 8564 8561
f 8561 8564 8526
f 8564 8527 8526
v 0.975068 -0.184932 0.355068
f 8527 8565 8530
f 8564 8565 8527
v 0.975849 -0.180000 0.355849
f 8566 8565 8564
f 8563 8566 8564
v 0.976312 -0.180000 0.360000
f 8566 8567 8565
v 0.975698 -0.184302 0.360000
f 8567 8568 8565
f 8565 8568 8530
f 8568 8531 8530
v 0.978432 -0.181568 0.478432
f 8531 8569 8534
f 8568 8569 8531
v 0.978660 -0.180000 0.478660
f 8570 8569 8568
f 8567 8570 8568
v 0.978690 -0.180000 0.480000
f 8570 8571 8569
v 0.978472 -0.181528 0.480000
f 8571 8572 8569
f 8569 8572 8534
f 8572 8535 8534
v 0.970836 -0.189164 0.590836
f 8535 8573 8538
f 8572 8573 8535
v 0.972072 -0.180000 0.592072
f 8574 8573 8572
f 8571 8574 8572
v 0.971535 -0.180000 0.600000
f 8574 8575 8573
v 0.970126 -0.189874 0.600000
f 8575 8576 8573
f 8573 8576 8538
f 8576 8539 8538
v 0.954925 -0.205075 0.694925
f 8539 8577 8542
f 8576 8577 8539
v 0.958070 -0.180000 0.698070
f 8578 8577 8576
f 8575 8578 8576
v 0.954591 -0.180000 0.720000
f 8578 8579 8577
v 0.950375 -0.209625 0.720000
f 8579 8580 8577
f 8577 8580 8542
f 8580 8543 8542
v 0.932239 -0.227761 0.792239
f 8543 8581 8546
f 8580 8581 8543
v 0.937832 -0.180000 0.797832
f 8582 8581 8580
f 8579 8582 8580
v 0.927306 -0.180000 0.840000
f 8582 8583 8581
v 0.918592 -0.241408 0.840000
f 8583 8584 8581
f 8581 8584 8546
f 8584 8547 8546
v 0.903659 -0.256341 0.883659
f 8547 8585 8550
f 8584 8585 8547
v 0.912034 -0.180000 0.892034
f 8586 8585 8584
f 8583 8586 8584
v 0.888900 -0.180000 0.960000
f 8586 8587 8585
v 0.873898 -0.286102 0.960000
f 8587 8588 8585
f 8585 8588 8550
f 8588 8551 8550
v 0.869696 -0.290304 0.969696
f 8551 8589 8552
f 8588 8589 8551
v 0.881063 -0.180000 0.981063
f 8590 8589 8588
f 8587 8590 8588
f 8589 8590 7823
f 8590 7825 7823
f 7803 8589 7823
f 8552 8589 7803
v 0.861844 -0.060000 -0.120000
f 7858 8591 7857
v 0.865115 -0.174885 -0.120000
f 8591 8592 7857
f 8592 7821 7857
f 8592 8553 7821
v 0.867708 -0.172292 -0.112292
f 8553 8593 8554
f 8592 8593 8553
v 0.862819 -0.060000 -0.117181
f 8594 8593 8592
f 8591 8594 8592
v 0.906265 -0.060000 0.000000
f 8594 8595 8593
v 0.908316 -0.131684 0.000000
f 8595 8596 8593
f 8593 8596 8554
f 8596 8555 8554
v 0.924887 -0.115113 0.064887
f 8555 8597 8558
f 8596 8597 8555
v 0.922748 -0.060000 0.062748
f 8598 8597 8596
f 8595 8598 8596
v 0.939106 -0.060000 0.120000
f 8598 8599 8597
v 0.940248 -0.099752 0.120000
f 8599 8600 8597
f 8597 8600 8558
f 8600 8559 8558
v 0.957329 -0.082671 0.217329
f 8559 8601 8562
f 8600 8601 8559
v 0.956534 -0.060000 0.216534
f 8602 8601 8600
f 8599 8602 8600
v 0.961212 -0.060000 0.240000
f 8602 8603 8601
v 0.961738 -0.078262 0.240000
f 8603 8604 8601
f 8601 8604 8562
f 8604 8563 8562
v 0.972643 -0.067357 0.352643
f 8563 8605 8566
f 8604 8605 8563
v 0.972407 -0.060000 0.352407
f 8606 8605 8604
f 8603 8606 8604
v 0.973255 -0.060000 0.360000
f 8606 8607 8605
v 0.973444 -0.066556 0.360000
f 8607 8608 8605
f 8605 8608 8566
f 8608 8567 8566
v 0.975669 -0.064331 0.475669
f 8567 8609 8570
f 8608 8609 8567
v 0.975542 -0.060000 0.475542
f 8610 8609 8608
f 8607 8610 8608
v 0.975642 -0.060000 0.480000
f 8610 8611 8609
v 0.975764 -0.064236 0.480000
f 8611 8612 8609
f 8609 8612 8570
f 8612 8571 8570
v 0.969477 -0.070523 0.589477
f 8571 8613 8574
f 8612 8613 8571
v 0.969191 -0.060000 0.589191
f 8614 8613 8612
f 8611 8614 8612
v 0.968459 -0.060000 0.600000
f 8614 8615 8613
v 0.968782 -0.071218 0.600000
f 8615 8616 8613
f 8613 8616 8574
f 8616 8575 8574
v 0.955969 -0.084031 0.695969
f 8575 8617 8578
f 8616 8617 8575
v 0.955360 -0.060000 0.695360
f 8618 8617 8616
f 8615 8618 8616
v 0.951454 -0.060000 0.720000
f 8618 8619 8617
v 0.952252 -0.087748 0.720000
f 8619 8620 8617
f 8617 8620 8578
f 8620 8579 8578
v 0.936279 -0.103721 0.796279
f 8579 8621 8582
f 8620 8621 8579
v 0.935244 -0.060000 0.795244
f 8622 8621 8620
f 8619 8622 8620
v 0.924077 -0.060000 0.840000
f 8622 8623 8621
v 0.925636 -0.114364 0.840000
f 8623 8624 8621
f 8621 8624 8582
f 8624 8583 8582
v 0.911061 -0.128939 0.891061
f 8583 8625 8586
f 8624 8625 8583
v 0.909534 -0.060000 0.889534
f 8626 8625 8624
f 8623 8626 8624
v 0.885559 -0.060000 0.960000
f 8626 8627 8625
v 0.888180 -0.151820 0.960000
f 8627 8628 8625
f 8625 8628 8586
f 8628 8587 8586
v 0.880692 -0.159308 0.980692
f 8587 8629 8590
f 8628 8629 8587
v 0.878626 -0.060000 0.978626
f 8630 8629 8628
f 8627 8630 8628
f 8629 8630 7859
f 8630 7861 7859
f 7825 8629 7859
f 8590 8629 7825
v 0.865595 0.060000 -1.200000
f 7879 8631 7876
f 8631 7877 7876
v 0.866274 0.060000 -1.193726
f 8631 8632 7877
v 0.874486 0.060000 -1.080000
f 8632 8633 7877
f 8633 7880 7877
f 8633 7881 7880
v 0.873282 0.060000 -1.066718
f 8633 8634 7881
f 8634 7883 7881
v 0.861565 -0.058435 -0.120000
f 7912 8635 7858
f 8635 8591 7858
v 0.862200 -0.057800 -0.117800
f 8591 8636 8594
f 8635 8636 8591
f 7912 8636 8635
v 0.883026 0.060000 0.000000
f 8637 8636 7912
f 7916 8637 7912
v 0.899306 -0.020694 0.000000
f 8637 8638 8636
f 8636 8638 8594
f 8638 8595 8594
v 0.910324 -0.009676 0.050324
f 8595 8639 8598
f 8638 8639 8595
v 0.891248 0.060000 0.031248
f 8640 8639 8638
f 8637 8640 8638
v 0.916557 0.060000 0.120000
f 8640 8641 8639
v 0.927247 0.007247 0.120000
f 8641 8642 8639
f 8639 8642 8598
f 8642 8599 8598
v 0.939154 0.019154 0.199154
f 8599 8643 8602
f 8642 8643 8599
v 0.929049 0.060000 0.189049
f 8644 8643 8642
f 8641 8644 8642
v 0.939182 0.060000 0.240000
f 8644 8645 8643
v 0.946079 0.026079 0.240000
f 8645 8646 8643
f 8643 8646 8602
f 8646 8603 8602
v 0.953867 0.033867 0.333867
f 8603 8647 8606
f 8646 8647 8603
v 0.947964 0.060000 0.327964
f 8648 8647 8646
f 8645 8648 8646
v 0.951529 0.060000 0.360000
f 8648 8649 8647
v 0.956348 0.036348 0.360000
f 8649 8650 8647
f 8647 8650 8606
f 8650 8607 8606
v 0.957963 0.037963 0.457963
f 8607 8651 8610
f 8650 8651 8607
v 0.953382 0.060000 0.453382
f 8652 8651 8650
f 8649 8652 8650
v 0.953978 0.060000 0.480000
f 8652 8653 8651
v 0.958384 0.038384 0.480000
f 8653 8654 8651
f 8651 8654 8610
f 8654 8611 8610
v 0.953768 0.033768 0.573768
f 8611 8655 8614
f 8654 8655 8611
v 0.948721 0.060000 0.568721
f 8656 8655 8654
f 8653 8656 8654
v 0.946610 0.060000 0.600000
f 8656 8657 8655
v 0.952257 0.032257 0.600000
f 8657 8658 8655
f 8655 8658 8614
f 8658 8615 8614
v 0.942781 0.022781 0.682781
f 8615 8659 8618
f 8658 8659 8615
v 0.936121 0.060000 0.676121
f 8660 8659 8658
f 8657 8660 8658
v 0.929189 0.060000 0.720000
f 8660 8661 8659
v 0.937763 0.017763 0.720000
f 8661 8662 8659
f 8659 8662 8618
f 8662 8619 8618
v 0.925923 0.005923 0.785923
f 8619 8663 8622
f 8662 8663 8619
v 0.916895 0.060000 0.776895
f 8664 8663 8662
f 8661 8664 8662
v 0.901202 0.060000 0.840000
f 8664 8665 8663
v 0.914456 -0.005544 0.840000
f 8665 8666 8663
f 8663 8666 8622
f 8666 8623 8622
v 0.903742 -0.016258 0.883742
f 8623 8667 8626
f 8666 8667 8623
v 0.891829 0.060000 0.871829
f 8668 8667 8666
f 8665 8668 8666
v 0.861925 0.060000 0.960000
f 8668 8669 8667
v 0.881707 -0.038293 0.960000
f 8669 8670 8667
f 8667 8670 8626
f 8670 8627 8626
v 0.876562 -0.043438 0.976562
f 8627 8671 8630
f 8670 8671 8627
v 0.861402 0.060000 0.961402
f 8672 8671 8670
f 8669 8672 8670
f 8671 8672 7917
f 8672 7919 7917
f 7861 8671 7917
f 8630 8671 7861
v 0.914749 0.180000 -1.320000
f 7940 8673 7938
f 8673 7939 7938
v 0.933484 0.180000 -1.246516
f 8673 8674 7939
v 0.946250 0.180000 -1.200000
f 8674 8675 7939
f 8675 7941 7939
v 0.876147 0.076147 -1.200000
f 8675 8676 7941
f 8676 7879 7941
f 8676 8631 7879
v 0.880334 0.080334 -1.179666
f 8631 8677 8632
f 8676 8677 8631
v 0.952435 0.180000 -1.107565
f 8678 8677 8676
f 8675 8678 8676
v 0.954356 0.180000 -1.080000
f 8678 8679 8677
v 0.900410 0.100410 -1.080000
f 8679 8680 8677
f 8677 8680 8632
f 8680 8633 8632
v 0.890220 0.090220 -1.049780
f 8633 8681 8634
f 8680 8681 8633
v 0.945108 0.180000 -0.994892
f 8682 8681 8680
f 8679 8682 8680
v 0.940113 0.180000 -0.960000
f 8682 8683 8681
f 8681 8683 7883
f 8683 7942 7883
f 8634 8681 7883
v 0.920033 0.180000 -0.899967
f 8683 8684 7942
v 0.898806 0.180000 -0.840000
f 8684 8685 7942
f 8685 7943 7942
f 8685 7944 7943
v 0.885908 0.180000 -0.814092
f 8685 8686 7944
f 8686 7946 7944
v 0.877350 0.077350 0.000000
f 7967 8687 7916
f 8687 8637 7916
v 0.881464 0.081464 0.021464
f 8637 8688 8640
f 8687 8688 8637
f 7967 8688 8687
v 0.873422 0.180000 0.120000
f 8689 8688 7967
f 7971 8689 7967
v 0.902658 0.102658 0.120000
f 8689 8690 8688
f 8688 8690 8640
f 8690 8641 8640
v 0.909130 0.109130 0.169130
f 8641 8691 8644
f 8690 8691 8641
v 0.876398 0.180000 0.136398
f 8692 8691 8690
f 8689 8692 8690
v 0.896923 0.180000 0.240000
f 8692 8693 8691
v 0.919769 0.119769 0.240000
f 8693 8694 8691
f 8691 8694 8644
f 8694 8645 8644
v 0.924453 0.124453 0.304453
f 8645 8695 8648
f 8694 8695 8645
v 0.901037 0.180000 0.281037
f 8696 8695 8694
f 8693 8696 8694
v 0.909783 0.180000 0.360000
f 8696 8697 8695
v 0.929120 0.129120 0.360000
f 8697 8698 8695
f 8695 8698 8648
f 8698 8649 8648
v 0.930133 0.130133 0.430133
f 8649 8699 8652
f 8698 8699 8649
v 0.910796 0.180000 0.410796
f 8700 8699 8698
f 8697 8700 8698
v 0.912337 0.180000 0.480000
f 8700 8701 8699
v 0.930976 0.130976 0.480000
f 8701 8702 8699
f 8699 8702 8652
f 8702 8653 8652
v 0.928041 0.128041 0.548041
f 8653 8703 8656
f 8702 8703 8653
v 0.909396 0.180000 0.529396
f 8704 8703 8702
f 8701 8704 8702
v 0.904656 0.180000 0.600000
f 8704 8705 8703
v 0.925393 0.125393 0.600000
f 8705 8706 8703
f 8703 8706 8656
f 8706 8657 8656
v 0.919429 0.119429 0.659429
f 8657 8707 8660
f 8706 8707 8657
v 0.899225 0.180000 0.639225
f 8708 8707 8706
f 8705 8708 8706
v 0.886533 0.180000 0.720000
f 8708 8709 8707
v 0.912208 0.112208 0.720000
f 8709 8710 8707
f 8707 8710 8660
f 8710 8661 8660
v 0.905103 0.105103 0.765103
f 8661 8711 8664
f 8710 8711 8661
v 0.881799 0.180000 0.741799
f 8712 8711 8710
f 8709 8712 8710
f 8711 8712 7973
f 8712 7975 7973
v 0.891062 0.091062 0.840000
f 8713 8711 7973
f 7972 8713 7973
f 8711 8713 8664
f 8713 8665 8664
v 0.885569 0.085569 0.865569
f 8665 8714 8668
f 8713 8714 8665
f 7972 8714 8713
f 7980 8714 7972
v 0.861450 0.061450 0.960000
f 8715 8714 7980
f 7979 8715 7980
f 8714 8715 8668
f 8715 8669 8668
v 0.861139 0.061139 0.961139
f 8669 8716 8672
f 8715 8716 8669
f 7979 8716 8715
f 7985 8716 7979
f 7919 8716 7985
f 8672 8716 7919
v 0.873141 0.300000 -1.507052
v 0.918155 0.300000 -1.440000
f 7997 8717 8718
f 7997 8718 7995
f 8718 7996 7995
v 0.965783 0.300000 -1.334217
f 8718 8719 7996
v 0.972547 0.300000 -1.320000
f 8719 8720 7996
f 8720 7998 7996
v 0.964973 0.284973 -1.320000
f 8720 8721 7998
f 8721 7940 7998
f 8721 8673 7940
v 0.980000 0.267518 -1.232482
f 8673 8722 8674
v 0.980000 0.250639 -1.200000
f 8722 8723 8674
v 0.980000 0.300000 -1.290659
f 8721 8724 8673
f 8724 8722 8673
f 8720 8724 8721
f 8723 8675 8674
v 0.980000 0.242051 -1.137949
f 8675 8725 8678
v 0.980000 0.233922 -1.080000
f 8725 8726 8678
f 8723 8725 8675
f 8726 8679 8678
v 0.980000 0.253526 -1.006474
f 8679 8727 8682
v 0.980000 0.264565 -0.960000
f 8727 8728 8682
f 8726 8727 8679
f 8728 8683 8682
v 0.952707 0.272707 -0.867293
f 8683 8729 8684
v 0.980000 0.300000 -0.910230
f 8730 8729 8683
f 8728 8730 8683
v 0.963241 0.300000 -0.856759
f 8730 8731 8729
v 0.957283 0.300000 -0.840000
f 8731 8732 8729
v 0.934228 0.254228 -0.840000
f 8732 8733 8729
f 8729 8733 8684
f 8733 8685 8684
v 0.897345 0.217345 -0.802655
f 8685 8734 8686
f 8733 8734 8685
v 0.925284 0.300000 -0.774716
f 8735 8734 8733
f 8732 8735 8733
v 0.894058 0.300000 -0.720000
f 8735 8736 8734
f 8734 8736 7946
f 8736 7999 7946
f 8686 8734 7946
v 0.880352 0.300000 -0.699648
f 8736 8737 7999
f 8737 8001 7999
v 0.869098 0.189098 0.120000
f 8014 8738 7971
f 8738 8689 7971
v 0.870308 0.190308 0.130308
f 8689 8739 8692
f 8738 8739 8689
f 8014 8739 8738
f 8019 8739 8014
v 0.885053 0.205053 0.240000
f 8740 8739 8019
f 8018 8740 8019
f 8739 8740 8692
f 8740 8693 8692
v 0.886789 0.206789 0.266789
f 8693 8741 8696
f 8740 8741 8693
f 8018 8741 8740
f 8025 8741 8018
v 0.893797 0.213797 0.360000
f 8742 8741 8025
f 8024 8742 8025
f 8741 8742 8696
f 8742 8697 8696
v 0.894239 0.214239 0.394239
f 8697 8743 8700
f 8742 8743 8697
f 8024 8743 8742
f 8031 8743 8024
v 0.895536 0.215536 0.480000
f 8744 8743 8031
f 8030 8744 8031
f 8743 8744 8700
f 8744 8701 8700
v 0.894218 0.214218 0.514218
f 8701 8745 8704
f 8744 8745 8701
f 8030 8745 8744
f 8037 8745 8030
v 0.890310 0.210310 0.600000
f 8746 8745 8037
f 8036 8746 8037
f 8745 8746 8704
f 8746 8705 8704
v 0.887819 0.207819 0.627819
f 8705 8747 8708
f 8746 8747 8705
f 8036 8747 8746
f 8043 8747 8036
v 0.877996 0.197996 0.720000
f 8748 8747 8043
f 8042 8748 8043
f 8747 8748 8708
f 8748 8709 8708
v 0.875778 0.195778 0.735778
f 8709 8749 8712
f 8748 8749 8709
f 8042 8749 8748
f 8048 8749 8042
f 7975 8749 8048
f 8712 8749 7975
v 0.889541 0.420000 -1.539416
v 0.906182 0.420000 -1.513818
v 0.887922 0.400494 -1.532078
f 8750 8751 8752
v 0.955790 0.420000 -1.440000
f 8752 8751 8753
v 0.885955 0.384033 -1.527485
f 8752 8753 8754
v 0.879831 0.342415 -1.517585
f 8754 8753 8755
v 0.943921 0.383921 -1.440000
f 8755 8753 8756
v 0.879743 0.336689 -1.514823
f 8755 8756 8757
v 0.875449 0.315449 -1.510679
f 8757 8756 8758
f 8758 8756 8718
f 8758 8718 8717
v 0.980000 0.380196 -1.359804
f 8718 8759 8719
v 0.980000 0.324354 -1.320000
f 8759 8760 8719
v 0.980000 0.420000 -1.386133
f 8756 8761 8718
f 8761 8759 8718
f 8753 8761 8756
f 8760 8720 8719
v 0.980000 0.313111 -1.306889
f 8762 8724 8720
f 8760 8762 8720
v 0.980000 0.374162 -0.840000
f 8730 8763 8731
f 8763 8732 8731
v 0.941170 0.381170 -0.758830
f 8732 8764 8735
v 0.980000 0.420000 -0.812186
f 8765 8764 8732
f 8763 8765 8732
v 0.949779 0.420000 -0.750221
f 8765 8766 8764
v 0.932442 0.420000 -0.720000
f 8766 8767 8764
v 0.909175 0.349175 -0.720000
f 8767 8768 8764
f 8764 8768 8735
f 8768 8736 8735
v 0.884607 0.324607 -0.695393
f 8736 8769 8737
f 8768 8769 8736
v 0.903368 0.420000 -0.676632
f 8770 8769 8768
f 8767 8770 8768
f 8769 8770 8061
f 8770 8063 8061
f 8001 8769 8061
f 8737 8769 8001
v 0.881457 0.540000 -1.574492
v 0.893982 0.540000 -1.560000
v 0.883081 0.528281 -1.571719
f 8771 8772 8773
v 0.885992 0.486846 -1.560000
f 8773 8772 8774
v 0.888778 0.435825 -1.544175
v 0.939763 0.499763 -1.480237
f 8750 8775 8776
f 8750 8776 8751
v 0.889192 0.449192 -1.546364
f 8777 8776 8775
v 0.888574 0.451452 -1.547839
v 0.957033 0.540000 -1.462967
f 8778 8779 8776
f 8778 8776 8777
f 8774 8772 8779
f 8774 8779 8778
v 0.972476 0.540000 -1.440000
f 8779 8780 8776
v 0.971135 0.531135 -1.440000
f 8780 8781 8776
f 8776 8781 8751
f 8781 8753 8751
v 0.980000 0.460753 -1.399247
f 8782 8761 8753
v 0.980000 0.540000 -1.423244
f 8781 8783 8753
f 8783 8782 8753
f 8780 8783 8781
v 0.980000 0.458002 -0.801998
v 0.958431 0.518431 -0.741569
f 8784 8785 8766
f 8765 8784 8766
v 0.980000 0.540000 -0.779179
f 8784 8786 8785
v 0.960633 0.540000 -0.739367
f 8786 8787 8785
v 0.949492 0.540000 -0.720000
f 8787 8788 8785
v 0.944070 0.504070 -0.720000
f 8788 8789 8785
f 8785 8789 8766
f 8789 8767 8766
v 0.907024 0.467024 -0.672976
f 8767 8790 8770
f 8789 8790 8767
v 0.913623 0.540000 -0.666377
f 8791 8790 8789
f 8788 8791 8789
v 0.861181 0.540000 -0.600000
f 8791 8792 8790
f 8790 8792 8063
f 8792 8093 8063
f 8770 8790 8063
v 0.860637 0.540000 -0.599363
f 8792 8793 8093
f 8793 8095 8093
v 0.890435 0.660000 -1.560000
f 8106 8104 8794
v 0.860970 0.624764 -1.595236
f 8106 8794 8795
v 0.893071 0.573071 -1.560000
f 8795 8794 8796
v 0.862314 0.620068 -1.593848
f 8795 8796 8797
v 0.877926 0.557926 -1.578007
f 8797 8796 8798
f 8798 8796 8772
f 8798 8772 8771
v 0.949558 0.629558 -1.470442
f 8772 8799 8779
f 8796 8799 8772
v 0.946922 0.660000 -1.473078
f 8800 8799 8796
f 8794 8800 8796
v 0.969161 0.660000 -1.440000
f 8800 8801 8799
v 0.969482 0.649482 -1.440000
f 8801 8802 8799
f 8799 8802 8779
f 8802 8780 8779
v 0.980000 0.557898 -1.422102
f 8803 8783 8780
v 0.980000 0.660000 -1.415866
f 8802 8804 8780
f 8804 8803 8780
f 8801 8804 8802
v 0.980000 0.597751 -0.782249
v 0.958912 0.638912 -0.741088
f 8805 8806 8787
f 8786 8805 8787
v 0.980000 0.660000 -0.784251
f 8805 8807 8806
v 0.958477 0.660000 -0.741523
f 8807 8808 8806
v 0.946103 0.660000 -0.720000
f 8808 8809 8806
v 0.947105 0.627105 -0.720000
f 8809 8810 8806
f 8806 8810 8787
f 8810 8788 8787
v 0.912809 0.592809 -0.667191
f 8788 8811 8791
f 8810 8811 8788
v 0.911583 0.660000 -0.668417
f 8812 8811 8810
f 8809 8812 8810
f 8811 8812 8109
f 8812 8111 8109
v 0.861149 0.541149 -0.600000
f 8813 8811 8109
f 8108 8813 8109
f 8811 8813 8791
f 8813 8792 8791
v 0.860628 0.540628 -0.599372
f 8792 8814 8793
f 8813 8814 8792
f 8108 8814 8813
f 8115 8814 8108
f 8095 8814 8115
f 8793 8814 8095
v 0.865360 0.780000 -1.560000
f 8121 8815 8119
v 0.885547 0.685547 -1.560000
f 8815 8816 8119
f 8816 8104 8119
f 8816 8794 8104
v 0.915029 0.715029 -1.504971
f 8794 8817 8800
f 8816 8817 8794
v 0.875326 0.780000 -1.544674
f 8818 8817 8816
f 8815 8818 8816
v 0.945649 0.780000 -1.440000
f 8818 8819 8817
v 0.951738 0.751738 -1.440000
f 8819 8820 8817
f 8817 8820 8800
f 8820 8801 8800
v 0.980000 0.703304 -1.396696
f 8821 8804 8801
v 0.980000 0.780000 -1.363609
f 8820 8822 8801
f 8822 8821 8801
f 8819 8822 8820
v 0.980000 0.700966 -0.799034
v 0.947857 0.747857 -0.752143
f 8823 8824 8808
f 8807 8823 8808
v 0.980000 0.780000 -0.815076
f 8823 8825 8824
v 0.943181 0.780000 -0.756819
f 8825 8826 8824
v 0.922090 0.780000 -0.720000
f 8826 8827 8824
v 0.932333 0.732333 -0.720000
f 8827 8828 8824
f 8824 8828 8808
f 8828 8809 8808
v 0.906590 0.706590 -0.673410
f 8809 8829 8812
f 8828 8829 8809
v 0.897151 0.780000 -0.682849
f 8830 8829 8828
f 8827 8830 8828
f 8829 8830 8124
f 8830 8126 8124
f 8111 8829 8124
f 8812 8829 8111
v 0.863960 0.783960 -1.560000
f 8133 8831 8121
f 8831 8815 8121
v 0.867407 0.787407 -1.552593
f 8815 8832 8818
f 8831 8832 8815
f 8133 8832 8831
v 0.900652 0.900000 -1.440000
f 8833 8832 8133
f 8140 8833 8133
v 0.923404 0.843404 -1.440000
f 8833 8834 8832
f 8832 8834 8818
f 8834 8819 8818
v 0.953431 0.873431 -1.346569
v 0.980000 0.833522 -1.320000
f 8835 8836 8819
f 8836 8822 8819
f 8834 8835 8819
v 0.933990 0.900000 -1.366010
f 8837 8835 8834
f 8833 8837 8834
v 0.955863 0.900000 -1.320000
f 8837 8838 8835
v 0.962819 0.882819 -1.320000
f 8838 8839 8835
f 8839 8836 8835
v 0.980000 0.900000 -1.248480
f 8840 8836 8839
f 8838 8840 8839
v 0.980000 0.885452 -0.840000
v 0.980000 0.896900 -0.843100
v 0.978590 0.898590 -0.841410
f 8841 8842 8843
v 0.980000 0.900000 -0.842868
f 8842 8844 8843
v 0.978221 0.900000 -0.841779
f 8844 8845 8843
v 0.977027 0.900000 -0.840000
f 8845 8846 8843
v 0.978109 0.898109 -0.840000
f 8846 8847 8843
f 8847 8841 8843
v 0.980000 0.796578 -0.823422
v 0.929609 0.849609 -0.770391
f 8848 8849 8826
f 8825 8848 8826
f 8849 8848 8847
f 8848 8841 8847
v 0.915843 0.900000 -0.784157
f 8850 8849 8847
f 8846 8850 8847
v 0.877033 0.900000 -0.720000
f 8850 8851 8849
v 0.907517 0.827517 -0.720000
f 8851 8852 8849
f 8849 8852 8826
f 8852 8827 8826
v 0.891002 0.811002 -0.688998
f 8827 8853 8830
f 8852 8853 8827
v 0.869696 0.900000 -0.710304
f 8854 8853 8852
f 8851 8854 8852
f 8853 8854 8141
f 8854 8143 8141
f 8126 8853 8141
f 8830 8853 8126
v 0.886895 0.926895 -1.440000
f 8151 8855 8140
f 8855 8833 8140
v 0.898001 0.938001 -1.401999
f 8833 8856 8837
f 8855 8856 8833
f 8151 8856 8855
v 0.890482 1.020000 -1.320000
f 8857 8856 8151
f 8154 8857 8151
v 0.924044 0.964044 -1.320000
f 8857 8858 8856
f 8856 8858 8837
f 8858 8838 8837
v 0.965709 1.005709 -1.214291
v 0.980000 0.966961 -1.200000
f 8859 8860 8838
f 8860 8840 8838
f 8858 8859 8838
v 0.942509 1.020000 -1.237491
f 8861 8859 8858
f 8857 8861 8858
v 0.959397 1.020000 -1.200000
f 8861 8862 8859
v 0.969110 1.009110 -1.200000
f 8862 8863 8859
f 8863 8860 8859
v 0.980000 1.020000 -1.185538
f 8864 8860 8863
f 8862 8864 8863
v 0.980000 1.007452 -0.852548
v 0.971965 1.011965 -0.848035
f 8865 8866 8845
f 8844 8865 8845
v 0.980000 1.020000 -0.849708
f 8865 8867 8866
v 0.970754 1.020000 -0.849246
f 8867 8868 8866
v 0.952837 1.020000 -0.840000
f 8868 8869 8866
v 0.967033 1.007033 -0.840000
f 8869 8870 8866
f 8866 8870 8845
f 8870 8846 8845
v 0.906377 0.946377 -0.793623
f 8846 8871 8850
f 8870 8871 8846
v 0.884824 1.020000 -0.815176
f 8872 8871 8870
f 8869 8872 8870
f 8871 8872 8156
f 8872 8158 8156
v 0.872830 0.912830 -0.720000
f 8873 8871 8156
f 8155 8873 8156
f 8871 8873 8850
f 8873 8851 8850
v 0.867592 0.907592 -0.712408
f 8851 8874 8854
f 8873 8874 8851
f 8155 8874 8873
f 8162 8874 8155
f 8143 8874 8162
f 8854 8874 8143
v 0.880508 1.040508 -1.320000
f 8169 8875 8154
f 8875 8857 8154
v 0.924422 1.084422 -1.255578
f 8857 8876 8861
f 8875 8876 8857
f 8169 8876 8875
v 0.885295 1.140000 -1.200000
f 8877 8876 8169
f 8172 8877 8169
v 0.946111 1.106111 -1.200000
f 8877 8878 8876
f 8876 8878 8861
f 8878 8862 8861
v 0.980000 1.031569 -1.188431
f 8879 8864 8862
v 0.980000 1.140000 -1.179786
f 8878 8880 8862
f 8880 8879 8862
f 8877 8880 8878
v 0.980000 1.139889 -0.840111
v 0.979895 1.139895 -0.840105
f 8881 8882 8868
f 8867 8881 8868
v 0.980000 1.140000 -0.840087
f 8881 8883 8882
v 0.979905 1.140000 -0.840095
f 8883 8884 8882
v 0.977352 1.140000 -0.840000
f 8884 8885 8882
v 0.979632 1.139632 -0.840000
f 8885 8886 8882
f 8882 8886 8868
f 8886 8869 8868
v 0.881628 1.041628 -0.818372
f 8869 8887 8872
f 8886 8887 8869
v 0.863487 1.140000 -0.836513
f 8888 8887 8886
f 8885 8888 8886
f 8887 8888 8173
f 8888 8175 8173
f 8158 8887 8173
f 8872 8887 8158
v 0.892583 1.172583 -1.200000
f 8181 8889 8172
f 8889 8877 8172
v 0.980000 1.157782 -1.182218
f 8890 8880 8877
v 0.980000 1.260000 -1.186699
f 8889 8891 8877
f 8891 8890 8877
v 0.875303 1.260000 -1.184697
f 8181 8892 8889
f 8892 8891 8889
f 8184 8892 8181
v 0.980000 1.141278 -0.840000
f 8883 8893 8884
f 8893 8885 8884
v 0.863416 1.143416 -0.836584
f 8885 8894 8888
v 0.980000 1.260000 -0.833054
f 8895 8894 8885
f 8893 8895 8885
v 0.862390 1.260000 -0.837610
f 8895 8896 8894
f 8894 8896 8186
f 8896 8188 8186
f 8175 8894 8186
f 8888 8894 8175
v 0.980000 1.272609 -1.187391
f 8897 8891 8892
v 0.874521 1.274521 -1.185479
f 8898 8897 8892
v 0.980000 1.380000 -1.189598
f 8899 8897 8898
v 0.874568 1.380000 -1.185432
f 8900 8899 8898
f 8191 8900 8190
f 8900 8898 8190
f 8898 8184 8190
f 8898 8892 8184
v 0.980000 1.267042 -0.832958
v 0.862425 1.262425 -0.837575
f 8901 8902 8896
f 8895 8901 8896
v 0.980000 1.380000 -0.830378
f 8901 8903 8902
v 0.864560 1.380000 -0.835440
f 8903 8904 8902
f 8902 8904 8195
f 8904 8196 8195
f 8188 8902 8195
f 8896 8902 8188
v 0.980000 1.390755 -1.189245
f 8905 8899 8900
v 0.875044 1.395044 -1.184956
f 8906 8905 8900
v 0.980000 1.500000 -1.187845
f 8907 8905 8906
v 0.876747 1.500000 -1.183253
f 8908 8907 8906
f 8199 8908 8197
f 8908 8906 8197
f 8906 8191 8197
f 8906 8900 8191
v 0.980000 1.389543 -0.830457
v 0.864521 1.384521 -0.835479
f 8909 8910 8904
f 8903 8909 8904
v 0.980000 1.500000 -0.832007
f 8909 8911 8910
v 0.862280 1.500000 -0.837720
f 8911 8912 8910
f 8910 8912 8203
f 8912 8204 8203
f 8196 8910 8203
f 8904 8910 8196
v 0.980000 1.513652 -1.186348
f 8913 8907 8908
v 0.878712 1.518712 -1.181288
f 8914 8913 8908
v 0.980000 1.620000 -1.181142
f 8915 8913 8914
v 0.883754 1.620000 -1.176246
f 8916 8915 8914
f 8207 8916 8205
f 8916 8914 8205
f 8914 8199 8205
f 8914 8908 8199
v 0.941398 1.620000 -0.840000
f 8917 8212 8210
f 8209 8917 8210
v 0.980000 1.507761 -0.832239
v 0.862210 1.502210 -0.837790
f 8918 8919 8912
f 8911 8918 8912
v 0.980000 1.620000 -0.837966
f 8918 8920 8919
f 8919 8920 8209
f 8920 8917 8209
f 8214 8919 8209
f 8204 8919 8214
f 8912 8919 8204
v 0.980000 1.642704 -1.177296
f 8921 8915 8916
v 0.888320 1.648320 -1.171680
f 8922 8921 8916
v 0.980000 1.740000 -1.168604
f 8923 8921 8922
v 0.896275 1.740000 -1.163725
f 8924 8923 8922
f 8217 8924 8215
f 8924 8922 8215
f 8922 8207 8215
f 8922 8916 8207
v 0.980000 1.644149 -0.840000
v 0.980000 1.731810 -0.848190
v 0.970679 1.730679 -0.849321
f 8925 8926 8927
v 0.980000 1.740000 -0.850075
f 8926 8928 8927
v 0.968425 1.740000 -0.851575
f 8928 8929 8927
f 8927 8929 8219
f 8929 8221 8219
f 8212 8927 8219
f 8925 8927 8212
f 8917 8925 8212
v 0.980000 1.621934 -0.838066
f 8920 8930 8917
f 8930 8925 8917
v 0.980000 1.780169 -1.159831
f 8931 8923 8924
v 0.905708 1.785708 -1.154292
f 8932 8931 8924
v 0.980000 1.860000 -1.149159
f 8933 8931 8932
v 0.915135 1.860000 -1.144865
f 8934 8933 8932
f 8225 8934 8223
f 8934 8932 8223
f 8932 8217 8223
f 8932 8924 8217
v 0.980000 1.836385 -0.863615
v 0.953357 1.833357 -0.866643
f 8935 8936 8929
f 8928 8935 8929
v 0.980000 1.860000 -0.870483
f 8935 8937 8936
v 0.945001 1.860000 -0.874999
f 8937 8938 8936
f 8936 8938 8227
f 8938 8229 8227
f 8221 8936 8227
f 8929 8936 8221
v 0.980000 1.928959 -1.131041
f 8939 8933 8934
v 0.933165 1.933165 -1.126835
f 8940 8939 8934
v 0.980000 1.980000 -1.121800
f 8941 8939 8940
v 0.941091 1.980000 -1.118909
f 8942 8941 8940
f 8233 8942 8231
f 8942 8940 8231
f 8940 8225 8231
f 8940 8934 8225
v 0.980000 1.935114 -0.884886
v 0.929663 1.929663 -0.890337
f 8943 8944 8938
f 8937 8943 8938
v 0.980000 1.980000 -0.900386
f 8943 8945 8944
v 0.910526 1.980000 -0.909474
f 8945 8946 8944
f 8944 8946 8235
f 8946 8237 8235
f 8229 8944 8235
f 8938 8944 8229
v 0.980000 2.092610 -1.087390
f 8947 8941 8942
v 0.973324 2.093324 -1.086676
f 8948 8947 8942
v 0.980000 2.100000 -1.085687
f 8949 8947 8948
v 0.974745 2.100000 -1.085255
f 8950 8949 8948
v 0.930638 2.100000 -1.080000
f 8951 8950 8948
f 8239 8951 8233
f 8951 8948 8233
f 8948 8942 8233
v 0.898765 2.100000 -1.041235
f 8952 8951 8239
f 8241 8952 8239
v 0.980000 2.027846 -0.912154
v 0.899381 2.019381 -0.920619
f 8953 8954 8946
f 8945 8953 8946
v 0.980000 2.100000 -0.940874
f 8953 8955 8954
v 0.863485 2.100000 -0.956515
f 8955 8956 8954
f 8954 8956 8244
f 8956 8246 8244
f 8237 8954 8244
f 8946 8954 8237
v 0.980000 2.116330 -1.080000
f 8957 8949 8950
f 8951 8957 8950
v 0.980000 2.147293 -0.960000
v 0.980000 2.121390 -1.058610
f 8958 8959 8952
f 8959 8951 8952
f 8959 8957 8951
v 0.871169 2.111169 -0.960000
f 8247 8960 8241
f 8960 8958 8241
f 8958 8952 8241
v 0.980000 2.114689 -0.945311
v 0.862584 2.102584 -0.957416
f 8961 8962 8956
f 8955 8961 8956
f 8962 8961 8960
f 8961 8958 8960
f 8247 8962 8960
f 8248 8962 8247
f 8246 8962 8248
f 8956 8962 8246
v 1.010277 -1.349723 -0.960000
f 8256 8254 8963
v 1.010000 -1.350000 -0.960884
f 8256 8963 8964
v 1.010425 -1.350000 -0.960000
f 8964 8963 8965
v 1.015371 -1.350000 -0.930000
v 1.013933 -1.346067 -0.926067
v 1.016592 -1.350000 -0.923408
f 8966 8967 8968
f 8965 8963 8967
f 8965 8967 8966
f 8254 8967 8963
f 8260 8967 8254
v 1.026881 -1.333119 -0.840000
f 8969 8967 8260
f 8259 8969 8260
f 8968 8967 8969
v 1.030482 -1.350000 -0.862727
f 8968 8969 8970
v 1.035684 -1.350000 -0.840000
f 8970 8969 8971
v 1.035169 -1.350000 -0.810000
v 1.026357 -1.333643 -0.793643
v 1.034302 -1.350000 -0.785698
f 8972 8973 8974
f 8971 8969 8973
f 8971 8973 8972
f 8259 8973 8969
v 0.985646 -1.260000 -0.720000
f 8975 8973 8259
f 8265 8975 8259
v 1.024030 -1.335970 -0.720000
f 8975 8976 8973
f 8974 8973 8976
v 1.031947 -1.350000 -0.736291
f 8974 8976 8977
v 1.031170 -1.350000 -0.720000
f 8977 8976 8978
v 1.025741 -1.350000 -0.690000
v 1.019315 -1.340685 -0.680685
v 1.022652 -1.350000 -0.677348
f 8979 8980 8981
f 8978 8976 8980
f 8978 8980 8979
v 0.984783 -1.260000 -0.715217
f 8982 8980 8976
f 8975 8982 8976
f 8980 8982 8267
f 8982 8269 8267
v 0.999266 -1.350000 -0.601880
v 1.010000 -1.350000 -0.638427
f 8983 8984 8980
f 8983 8980 8267
v 0.998713 -1.350000 -0.600000
f 8266 8985 8983
f 8266 8983 8267
f 8981 8980 8984
v 0.993873 -1.350000 -0.586127
f 8985 8266 8986
v 0.987074 -1.350000 -0.570000
f 8274 8987 8986
f 8274 8986 8266
f 8277 8987 8274
v 0.995894 -1.350000 0.720000
f 8293 8291 8988
v 1.008698 -1.350000 0.748698
f 8988 8291 8989
v 0.993047 -1.260000 0.840000
v 1.009353 -1.350000 0.750000
f 8990 8991 8989
f 8990 8989 8291
f 8297 8990 8291
v 1.038907 -1.321093 0.840000
f 8991 8990 8992
v 1.010000 -1.350000 0.751137
f 8991 8992 8993
v 1.040030 -1.350000 0.811144
f 8993 8992 8994
v 1.054471 -1.350000 0.840000
f 8994 8992 8995
v 1.060266 -1.350000 0.870000
v 1.047366 -1.312634 0.907366
v 1.072163 -1.350000 0.932163
f 8996 8997 8998
f 8995 8992 8997
f 8995 8997 8996
v 0.996724 -1.260000 0.856724
f 8999 8997 8992
f 8990 8999 8992
v 1.030883 -1.260000 0.960000
f 8999 9000 8997
v 1.055761 -1.304239 0.960000
f 9000 9001 8997
f 8998 8997 9001
v 1.077694 -1.350000 0.955212
f 8998 9001 9002
v 1.078843 -1.350000 0.960000
f 9002 9001 9003
v 1.079780 -1.350000 0.990000
v 1.057368 -1.302632 1.037368
v 1.077313 -1.350000 1.057313
f 9004 9005 9006
f 9003 9001 9005
f 9003 9005 9004
v 1.032590 -1.260000 1.012590
f 9007 9005 9001
f 9000 9007 9001
v 1.040818 -1.260000 1.080000
f 9007 9008 9005
v 1.055910 -1.304090 1.080000
f 9008 9009 9005
f 9006 9005 9009
v 1.076494 -1.350000 1.073919
f 9006 9009 9010
v 1.076194 -1.350000 1.080000
f 9010 9009 9011
v 1.070909 -1.350000 1.110000
v 1.047644 -1.312356 1.147644
v 1.058713 -1.350000 1.158713
f 9012 9013 9014
f 9011 9009 9013
f 9011 9013 9012
v 1.032249 -1.260000 1.132249
f 9015 9013 9009
f 9008 9015 9009
v 1.021465 -1.260000 1.200000
f 9015 9016 9013
v 1.035208 -1.324792 1.200000
f 9016 9017 9013
f 9014 9013 9017
v 1.049968 -1.350000 1.185176
f 9014 9017 9018
v 1.045070 -1.350000 1.200000
f 9018 9017 9019
v 1.032478 -1.350000 1.230000
v 1.022412 -1.337588 1.242412
v 1.025438 -1.350000 1.245438
f 9020 9021 9022
f 9019 9017 9021
f 9019 9021 9020
v 1.010362 -1.260000 1.230362
f 9023 9021 9017
f 9016 9023 9017
f 9021 9023 8299
f 9023 8301 8299
v 0.985711 -1.350000 1.315136
v 1.010000 -1.350000 1.270032
f 9024 9025 9021
f 9024 9021 8299
v 0.983091 -1.350000 1.320000
f 8298 9026 9024
f 8298 9024 8299
f 9022 9021 9025
v 0.981958 -1.350000 1.321958
f 9026 8298 9027
f 8309 9027 8298
v 0.983562 -1.256438 -0.720000
f 8318 9028 8265
f 9028 8975 8265
v 0.983426 -1.256574 -0.716574
f 8975 9029 8982
f 9028 9029 8975
f 8318 9029 9028
f 8322 9029 8318
f 8269 9029 8322
f 8982 9029 8269
v 0.986963 -1.253037 0.840000
f 8335 9030 8297
f 9030 8990 8297
v 0.989285 -1.250715 0.849285
f 8990 9031 8999
f 9030 9031 8990
f 8335 9031 9030
v 0.996818 -1.140000 0.960000
f 9032 9031 8335
f 8338 9032 8335
v 1.013124 -1.226876 0.960000
f 9032 9033 9031
f 9031 9033 8999
f 9033 9000 8999
v 1.018255 -1.221745 0.998255
f 9000 9034 9007
f 9033 9034 9000
v 1.000005 -1.140000 0.980005
f 9035 9034 9033
f 9032 9035 9033
v 1.027385 -1.140000 1.080000
f 9035 9036 9034
v 1.025763 -1.214237 1.080000
f 9036 9037 9034
f 9034 9037 9007
f 9037 9008 9007
v 1.022944 -1.217056 1.122944
f 9008 9038 9015
f 9037 9038 9008
v 1.024526 -1.140000 1.124526
f 9039 9038 9037
f 9036 9039 9037
v 1.020109 -1.140000 1.200000
f 9039 9040 9038
v 1.013142 -1.226858 1.200000
f 9040 9041 9038
f 9038 9041 9015
f 9041 9016 9015
v 1.005483 -1.234517 1.225483
f 9016 9042 9023
f 9041 9042 9016
v 1.011422 -1.140000 1.231422
f 9043 9042 9041
f 9040 9043 9041
f 9042 9043 8339
f 9043 8341 8339
f 8301 9042 8339
f 9023 9042 8301
v 1.006865 -1.020000 0.960000
f 8368 9044 8367
v 0.995821 -1.124179 0.960000
f 9044 9045 8367
f 9045 8338 8367
f 9045 9032 8338
v 1.000821 -1.119179 0.980821
f 9032 9046 9035
f 9045 9046 9032
v 1.014210 -1.020000 0.994210
f 9047 9046 9045
f 9044 9047 9045
v 1.037204 -1.020000 1.080000
f 9047 9048 9046
v 1.028774 -1.091226 1.080000
f 9048 9049 9046
f 9046 9049 9035
f 9049 9036 9035
v 1.026613 -1.093387 1.126613
f 9036 9050 9039
f 9049 9050 9036
v 1.034958 -1.020000 1.134958
f 9051 9050 9049
f 9048 9051 9049
v 1.031282 -1.020000 1.200000
f 9051 9052 9050
v 1.022104 -1.097896 1.200000
f 9052 9053 9050
f 9050 9053 9039
f 9053 9040 9039
v 1.011996 -1.108004 1.231996
f 9040 9054 9043
f 9053 9054 9040
v 1.020105 -1.020000 1.240105
f 9055 9054 9053
f 9052 9055 9053
v 0.987868 -1.020000 1.320000
f 9055 9056 9054
f 9054 9056 8341
f 9056 8369 8341
f 9043 9054 8341
v 0.985181 -1.020000 1.325181
f 9056 9057 8369
f 9057 8371 8369
v 1.004176 -0.900000 0.960000
f 8396 9058 8395
v 1.006391 -0.993609 0.960000
f 9058 9059 8395
f 9059 8368 8395
f 9059 9044 8368
v 1.013406 -0.986594 0.993406
f 9044 9060 9047
f 9059 9060 9044
v 1.010795 -0.900000 0.990795
f 9061 9060 9059
f 9058 9061 9059
v 1.034667 -0.900000 1.080000
f 9061 9062 9060
v 1.036213 -0.963787 1.080000
f 9062 9063 9060
f 9060 9063 9047
f 9063 9048 9047
v 1.034052 -0.965948 1.134052
f 9048 9064 9051
f 9063 9064 9048
v 1.032517 -0.900000 1.132517
f 9065 9064 9063
f 9062 9065 9063
v 1.028712 -0.900000 1.200000
f 9065 9066 9064
v 1.030390 -0.969610 1.200000
f 9066 9067 9064
f 9064 9067 9051
f 9067 9052 9051
v 1.019594 -0.980406 1.239594
f 9052 9068 9055
f 9067 9068 9052
v 1.018079 -0.900000 1.238079
f 9069 9068 9067
f 9066 9069 9067
v 0.985101 -0.900000 1.320000
f 9069 9070 9068
v 0.987728 -1.012272 1.320000
f 9070 9071 9068
f 9068 9071 9055
f 9071 9056 9055
v 0.985126 -1.014874 1.325126
f 9056 9072 9057
f 9071 9072 9056
v 0.983357 -0.900000 1.323357
f 9073 9072 9071
f 9070 9073 9071
f 9072 9073 8397
f 9073 8399 8397
f 8371 9072 8397
f 9057 9072 8371
v 0.985037 -0.780000 0.960000
f 8424 9074 8423
v 1.001504 -0.878496 0.960000
f 9074 9075 8423
f 9075 8396 8423
f 9075 9058 8396
v 1.006400 -0.873600 0.986400
f 9058 9076 9061
f 9075 9076 9058
v 0.986429 -0.780000 0.966429
f 9077 9076 9075
f 9074 9077 9075
v 1.016520 -0.780000 1.080000
f 9077 9078 9076
v 1.028725 -0.851275 1.080000
f 9078 9079 9076
f 9076 9079 9061
f 9079 9062 9061
v 1.027061 -0.852939 1.127061
f 9062 9080 9065
f 9079 9080 9062
v 1.015067 -0.780000 1.115067
f 9081 9080 9079
f 9078 9081 9079
v 1.010350 -0.780000 1.200000
f 9081 9082 9080
v 1.023397 -0.856603 1.200000
f 9082 9083 9080
f 9080 9083 9065
f 9083 9066 9065
v 1.014953 -0.865047 1.234953
f 9066 9084 9069
f 9083 9084 9066
v 1.003660 -0.780000 1.223660
f 9085 9084 9083
f 9082 9085 9083
f 9084 9085 8426
f 9085 8428 8426
v 0.984533 -0.895467 1.320000
f 9086 9084 8426
f 8425 9086 8426
f 9084 9086 9069
f 9086 9070 9069
v 0.983125 -0.896875 1.323125
f 9070 9087 9073
f 9086 9087 9070
f 8425 9087 9086
f 8432 9087 8425
f 8399 9087 8432
f 9073 9087 8399
v 0.984094 -0.775906 0.960000
f 8451 9088 8424
f 9088 9074 8424
v 0.984915 -0.775085 0.964915
f 9074 9089 9077
f 9088 9089 9074
f 8451 9089 9088
v 0.981224 -0.660000 1.080000
f 9090 9089 8451
f 8454 9090 8451
v 1.009778 -0.750222 1.080000
f 9090 9091 9089
f 9089 9091 9077
f 9091 9078 9077
v 1.008855 -0.751145 1.108855
f 9078 9092 9081
f 9091 9092 9078
v 0.981175 -0.660000 1.081175
f 9093 9092 9091
f 9090 9093 9091
f 9092 9093 8456
f 9093 8458 8456
v 1.004730 -0.755270 1.200000
f 9094 9092 8456
f 8455 9094 8456
f 9092 9094 9081
f 9094 9082 9081
v 1.000285 -0.759715 1.220285
f 9082 9095 9085
f 9094 9095 9082
f 8455 9095 9094
f 8462 9095 8455
f 8428 9095 8462
f 9085 9095 8428
v 0.980918 -0.659082 1.080000
f 8482 9096 8454
f 9096 9090 8454
v 0.980892 -0.659108 1.080892
f 9090 9097 9093
f 9096 9097 9090
f 8482 9097 9096
f 8486 9097 8482
f 8458 9097 8486
f 9093 9097 8458
v 1.002902 0.300000 -1.200000
f 8724 9098 8722
f 9098 8723 8722
v 1.009507 0.300000 -1.170493
f 9098 9099 8723
v 1.016422 0.300000 -1.080000
f 9099 9100 8723
f 9100 8725 8723
f 9100 8726 8725
v 1.014843 0.300000 -1.045157
f 9100 9101 8726
v 1.000912 0.300000 -0.960000
f 9101 9102 8726
f 9102 8727 8726
f 9102 8728 8727
v 0.993785 0.300000 -0.946215
f 9102 9103 8728
f 9103 8730 8728
v 1.007896 0.420000 -1.320000
f 8761 9104 8759
f 9104 8760 8759
v 1.017433 0.420000 -1.282567
f 9104 9105 8760
v 1.038182 0.420000 -1.200000
f 9105 9106 8760
f 9106 8762 8760
v 1.011550 0.331550 -1.200000
f 9106 9107 8762
f 9107 8724 8762
f 9107 9098 8724
v 1.026933 0.346933 -1.153067
f 9098 9108 9099
f 9107 9108 9098
v 1.055471 0.420000 -1.124529
f 9109 9108 9107
f 9106 9109 9107
v 1.058882 0.420000 -1.080000
f 9109 9110 9108
v 1.035430 0.355430 -1.080000
f 9110 9111 9108
f 9108 9111 9099
f 9111 9100 9099
v 1.032061 0.352061 -1.027939
f 9100 9112 9101
f 9111 9112 9100
v 1.055759 0.420000 -1.004241
f 9113 9112 9111
f 9110 9113 9111
v 1.048425 0.420000 -0.960000
f 9113 9114 9112
v 1.013994 0.333994 -0.960000
f 9114 9115 9112
f 9112 9115 9101
f 9115 9102 9101
v 0.997915 0.317915 -0.942085
f 9102 9116 9103
f 9115 9116 9102
v 1.024484 0.420000 -0.915516
f 9117 9116 9115
f 9114 9117 9115
v 0.995929 0.420000 -0.840000
f 9117 9118 9116
f 9116 9118 8730
f 9118 8763 8730
f 9103 9116 8730
v 0.989495 0.420000 -0.830505
f 9118 9119 8763
f 9119 8765 8763
v 1.023586 0.540000 -1.320000
f 8783 9120 8782
v 1.011773 0.451773 -1.320000
f 9120 9121 8782
f 9121 8761 8782
f 9121 9104 8761
v 1.026320 0.466320 -1.273680
f 9104 9122 9105
f 9121 9122 9104
v 1.039872 0.540000 -1.260128
f 9123 9122 9121
f 9120 9123 9121
v 1.055271 0.540000 -1.200000
f 9123 9124 9122
v 1.047942 0.487942 -1.200000
f 9124 9125 9122
f 9122 9125 9105
f 9125 9106 9105
v 1.081702 0.521702 -1.098298
f 9106 9126 9109
f 9125 9126 9106
v 1.085306 0.540000 -1.094694
f 9127 9126 9125
f 9124 9127 9125
v 1.086564 0.540000 -1.080000
f 9127 9128 9126
v 1.083542 0.523542 -1.080000
f 9128 9129 9126
f 9126 9129 9109
f 9129 9110 9109
v 1.080559 0.520559 -0.979441
f 9110 9130 9113
f 9129 9130 9110
v 1.084045 0.540000 -0.975955
f 9131 9130 9129
f 9128 9131 9129
v 1.081405 0.540000 -0.960000
f 9131 9132 9130
v 1.076036 0.516036 -0.960000
f 9132 9133 9130
f 9130 9133 9113
f 9133 9114 9113
v 1.032047 0.472047 -0.907953
f 9114 9134 9117
f 9133 9134 9114
v 1.041241 0.540000 -0.898759
f 9135 9134 9133
f 9132 9135 9133
v 1.016743 0.540000 -0.840000
f 9135 9136 9134
v 0.999918 0.439918 -0.840000
f 9136 9137 9134
f 9134 9137 9117
f 9137 9118 9117
v 0.990443 0.430443 -0.829557
f 9118 9138 9119
f 9137 9138 9118
v 1.000939 0.540000 -0.819061
f 9139 9138 9137
f 9136 9139 9137
f 9138 9139 8784
f 9139 8786 8784
f 8765 9138 8784
f 9119 9138 8765
v 1.020464 0.660000 -1.320000
f 8804 9140 8803
v 1.022556 0.582556 -1.320000
f 9140 9141 8803
f 9141 8783 8803
f 9141 9120 8783
v 1.042973 0.602973 -1.257027
f 9120 9142 9123
f 9141 9142 9120
v 1.040663 0.660000 -1.259337
f 9143 9142 9141
f 9140 9143 9141
v 1.056864 0.660000 -1.200000
f 9143 9144 9142
v 1.058133 0.618133 -1.200000
f 9144 9145 9142
f 9142 9145 9123
f 9145 9124 9123
v 1.100000 0.643138 -1.096862
f 9124 9146 9127
v 1.100000 0.610745 -1.080000
f 9146 9147 9127
v 1.100000 0.660000 -1.098417
f 9145 9148 9124
f 9148 9146 9124
f 9144 9148 9145
f 9147 9128 9127
v 1.100000 0.605294 -1.014706
f 9128 9149 9131
v 1.100000 0.611053 -0.960000
f 9149 9150 9131
f 9147 9149 9128
f 9150 9132 9131
v 1.046856 0.606856 -0.893144
f 9132 9151 9135
v 1.100000 0.660000 -0.943545
f 9152 9151 9132
f 9150 9152 9132
v 1.048603 0.660000 -0.891397
f 9152 9153 9151
v 1.019904 0.660000 -0.840000
f 9153 9154 9151
v 1.021706 0.581706 -0.840000
f 9154 9155 9151
f 9151 9155 9135
f 9155 9136 9135
v 1.001231 0.561231 -0.818769
f 9136 9156 9139
f 9155 9156 9136
v 1.000086 0.660000 -0.819914
f 9157 9156 9155
f 9154 9157 9155
f 9156 9157 8805
f 9157 8807 8805
f 8786 9156 8805
f 9139 9156 8786
v 0.998502 0.780000 -1.320000
f 8822 9158 8821
v 1.014823 0.694823 -1.320000
f 9158 9159 8821
f 9159 8804 8821
f 9159 9140 8804
v 1.038276 0.718276 -1.261724
f 9140 9160 9143
f 9159 9160 9140
v 1.015551 0.780000 -1.284449
f 9161 9160 9159
f 9158 9161 9159
v 1.043135 0.780000 -1.200000
f 9161 9162 9160
v 1.054641 0.734641 -1.200000
f 9162 9163 9160
f 9160 9163 9143
f 9163 9144 9143
v 1.100000 0.732739 -1.127261
f 9164 9148 9144
v 1.100000 0.780000 -1.125001
f 9163 9165 9144
f 9165 9164 9144
f 9162 9165 9163
v 1.100000 0.678783 -0.941217
v 1.053099 0.733099 -0.886901
f 9166 9167 9153
f 9152 9166 9153
v 1.100000 0.780000 -0.910236
f 9166 9168 9167
v 1.052586 0.780000 -0.887414
f 9168 9169 9167
v 1.007280 0.780000 -0.840000
f 9169 9170 9167
v 1.024134 0.704134 -0.840000
f 9170 9171 9167
f 9167 9171 9153
f 9171 9154 9153
v 0.999282 0.679282 -0.820718
f 9154 9172 9157
f 9171 9172 9154
v 0.990593 0.780000 -0.829407
f 9173 9172 9171
f 9170 9173 9171
f 9172 9173 8823
f 9173 8825 8823
f 8807 9172 8823
f 9157 9172 8807
v 0.994946 0.794946 -1.320000
f 8836 9174 8822
f 9174 9158 8822
v 1.013833 0.813833 -1.286167
f 9158 9175 9161
f 9174 9175 9158
f 8836 9175 9174
v 1.009813 0.900000 -1.200000
f 9176 9175 8836
f 8840 9176 8836
v 1.041046 0.841046 -1.200000
f 9176 9177 9175
f 9175 9177 9161
f 9177 9162 9161
v 1.100000 0.833398 -1.146602
f 9178 9165 9162
v 1.100000 0.900000 -1.144530
f 9177 9179 9162
f 9179 9178 9162
f 9176 9179 9177
v 1.100000 0.838302 -0.901698
v 1.060549 0.860549 -0.879451
f 9180 9181 9169
f 9168 9180 9169
v 1.100000 0.900000 -0.881944
f 9180 9182 9181
v 1.062625 0.900000 -0.877375
f 9182 9183 9181
f 9181 9183 8842
f 9183 8844 8842
v 1.013818 0.813818 -0.840000
f 9184 9181 8842
f 8841 9184 8842
f 9181 9184 9169
f 9184 9170 9169
v 0.989974 0.789974 -0.830026
f 9170 9185 9173
f 9184 9185 9170
f 8841 9185 9184
f 8848 9185 8841
f 8825 9185 8848
f 9173 9185 8825
v 1.013103 0.933103 -1.200000
f 8860 9186 8840
f 9186 9176 8840
v 1.100000 0.943073 -1.156927
f 9187 9179 9176
v 1.100000 1.020000 -1.160761
f 9186 9188 9176
f 9188 9187 9176
v 0.995344 1.020000 -1.184656
f 8860 9189 9186
f 9189 9188 9186
f 8864 9189 8860
v 1.100000 0.994913 -0.865087
v 1.078159 0.998159 -0.861841
f 9190 9191 9183
f 9182 9190 9183
v 1.100000 1.020000 -0.858205
f 9190 9192 9191
v 1.082765 1.020000 -0.857235
f 9192 9193 9191
f 9191 9193 8865
f 9193 8867 8865
f 8844 9191 8865
f 9183 9191 8844
v 1.100000 1.052527 -1.167473
f 9194 9188 9189
v 0.992107 1.032107 -1.187893
f 9195 9194 9189
v 1.100000 1.140000 -1.175878
f 9196 9194 9195
v 1.001075 1.140000 -1.178925
f 9197 9196 9195
f 8880 9197 8879
f 9197 9195 8879
f 9195 8864 8879
f 9195 9189 8864
v 1.100000 1.136399 -0.843601
v 1.096616 1.136616 -0.843384
f 9198 9199 9193
f 9192 9198 9193
v 1.100000 1.140000 -0.842798
f 9198 9200 9199
v 1.097338 1.140000 -0.842662
f 9200 9201 9199
f 9199 9201 8881
f 9201 8883 8881
f 8867 9199 8881
f 9193 9199 8867
v 1.100000 1.161107 -1.178893
f 9202 9196 9197
v 0.998368 1.158368 -1.181632
f 9203 9202 9197
v 1.100000 1.260000 -1.184763
f 9204 9202 9203
v 0.993760 1.260000 -1.186240
f 9205 9204 9203
f 8891 9205 8890
f 9205 9203 8890
f 9203 8880 8890
f 9203 9197 8880
v 1.100000 1.177446 -0.840000
f 9200 9206 9201
v 0.981709 1.141709 -0.840000
f 9207 8893 8883
f 9201 9206 8883
f 9206 9207 8883
v 1.100000 1.260000 -0.834794
f 9206 9208 9207
v 0.986885 1.260000 -0.833115
f 9208 9209 9207
f 9209 8893 9207
f 9209 8895 8893
v 1.100000 1.274303 -1.185697
f 9210 9204 9205
v 0.992905 1.272905 -1.187095
f 9211 9210 9205
v 1.100000 1.380000 -1.188364
f 9212 9210 9211
v 0.990651 1.380000 -1.189349
f 9213 9212 9211
f 8899 9213 8897
f 9213 9211 8897
f 9211 8891 8897
f 9211 9205 8891
v 1.100000 1.265294 -0.834706
v 0.987000 1.267000 -0.833000
f 9214 9215 9209
f 9208 9214 9209
v 1.100000 1.380000 -0.831529
f 9214 9216 9215
v 0.989566 1.380000 -0.830434
f 9216 9217 9215
f 9215 9217 8901
f 9217 8903 8901
f 8895 9215 8901
f 9209 9215 8895
v 1.100000 1.391884 -1.188116
f 9218 9212 9213
v 0.990880 1.390880 -1.189120
f 9219 9218 9213
v 1.100000 1.500000 -1.187225
f 9220 9218 9219
v 0.992293 1.500000 -1.187707
f 9221 9220 9219
f 8907 9221 8905
f 9221 9219 8905
f 9219 8899 8905
f 9219 9213 8899
v 1.100000 1.388427 -0.831573
v 0.989516 1.389516 -0.830484
f 9222 9223 9217
f 9216 9222 9217
v 1.100000 1.500000 -0.832575
f 9222 9224 9223
v 0.987970 1.500000 -0.832030
f 9224 9225 9223
f 9223 9225 8909
f 9225 8911 8909
f 8903 9223 8909
f 9217 9223 8903
v 1.100000 1.514176 -1.185824
f 9226 9220 9221
v 0.993648 1.513648 -1.186352
f 9227 9226 9221
v 1.100000 1.620000 -1.181160
f 9228 9226 9227
v 0.998852 1.620000 -1.181148
f 9229 9228 9227
f 8915 9229 8913
f 9229 9227 8913
f 9227 8907 8913
f 9227 9221 8907
v 1.100000 1.507230 -0.832770
v 0.987762 1.507762 -0.832238
f 9230 9231 9225
f 9224 9230 9225
v 1.100000 1.620000 -0.837950
f 9230 9232 9231
v 0.982034 1.620000 -0.837966
f 9232 9233 9231
f 9231 9233 8918
f 9233 8920 8918
f 8911 9231 8918
f 9225 9231 8911
v 1.100000 1.642444 -1.177556
f 9234 9228 9229
v 1.002459 1.642459 -1.177541
f 9235 9234 9229
v 1.100000 1.740000 -1.169367
f 9236 9234 9235
v 1.011086 1.740000 -1.168914
f 9237 9236 9235
f 8923 9237 8921
f 9237 9235 8921
f 9235 8915 8921
f 9235 9229 8915
v 1.100000 1.645762 -0.840000
v 1.100000 1.732360 -0.847640
v 1.092358 1.732358 -0.847642
f 9238 9239 9240
v 1.100000 1.740000 -0.849300
f 9239 9241 9240
v 1.090588 1.740000 -0.849412
f 9241 9242 9240
f 9240 9242 8926
f 9242 8928 8926
v 1.005609 1.645609 -0.840000
f 9243 9240 8926
f 8925 9243 8926
f 9243 9238 9240
v 1.100000 1.621954 -0.838046
v 0.981940 1.621940 -0.838060
f 9244 9245 9233
f 9232 9244 9233
f 9245 9244 9243
f 9244 9238 9243
f 8925 9245 9243
f 8930 9245 8925
f 8920 9245 8930
f 9233 9245 8920
v 1.100000 1.778826 -1.161174
f 9246 9236 9237
v 1.019346 1.779346 -1.160654
f 9247 9246 9237
v 1.100000 1.860000 -1.150800
f 9248 9246 9247
v 1.029937 1.860000 -1.150063
f 9249 9248 9247
f 8933 9249 8931
f 9249 9247 8931
f 9247 8923 8931
f 9247 9237 8923
v 1.100000 1.837568 -0.862432
v 1.077329 1.837329 -0.862671
f 9250 9251 9242
f 9241 9250 9242
v 1.100000 1.860000 -0.868724
f 9250 9252 9251
v 1.070653 1.860000 -0.869347
f 9252 9253 9251
f 9251 9253 8935
f 9253 8937 8935
f 8928 9251 8935
f 9242 9251 8928
v 1.100000 1.926136 -1.133864
f 9254 9248 9249
v 1.046887 1.926887 -1.133113
f 9255 9254 9249
v 1.100000 1.980000 -1.124449
f 9256 9254 9255
v 1.056265 1.980000 -1.123735
f 9257 9256 9255
f 8941 9257 8939
f 9257 9255 8939
f 9255 8933 8939
f 9255 9249 8933
v 1.100000 1.937007 -0.882993
v 1.056224 1.936224 -0.883776
f 9258 9259 9253
f 9252 9258 9253
v 1.100000 1.980000 -0.897453
f 9258 9260 9259
v 1.040806 1.980000 -0.899194
f 9260 9261 9259
f 9259 9261 8943
f 9261 8945 8943
f 8937 9259 8943
f 9253 9259 8937
v 1.100000 2.087816 -1.092184
f 9262 9256 9257
v 1.088094 2.088094 -1.091906
f 9263 9262 9257
v 1.100000 2.100000 -1.089457
f 9264 9262 9263
v 1.090751 2.100000 -1.089249
f 9265 9264 9263
f 8949 9265 8947
f 9265 9263 8947
f 9263 8941 8947
f 9263 9257 8941
v 1.100000 2.030480 -0.909520
v 1.028789 2.028789 -0.911211
f 9266 9267 9261
f 9260 9266 9261
v 1.100000 2.100000 -0.936614
f 9266 9268 9267
v 0.999657 2.100000 -0.940343
f 9268 9269 9267
f 9267 9269 8953
f 9269 8955 8953
f 8945 9267 8953
f 9261 9267 8945
v 1.100000 2.127641 -1.080000
f 9270 9264 9265
v 0.998159 2.118159 -1.080000
f 8957 9271 8949
f 9271 9270 8949
f 9270 9265 8949
v 1.100000 2.158873 -0.960000
v 1.100000 2.136451 -1.043549
v 1.004756 2.124756 -1.055244
f 9272 9273 9274
f 9274 9273 9271
f 9273 9270 9271
f 8957 9274 9271
f 8959 9274 8957
v 1.032563 2.152563 -0.960000
f 9275 9274 8959
f 8958 9275 8959
f 9275 9272 9274
v 1.100000 2.118061 -0.941939
v 0.995049 2.115049 -0.944951
f 9276 9277 9269
f 9268 9276 9269
f 9277 9276 9275
f 9276 9272 9275
f 8958 9277 9275
f 8961 9277 8958
f 8955 9277 8961
f 9269 9277 8955
v 1.129608 0.660000 -1.080000
f 9148 9278 9146
f 9278 9147 9146
v 1.140664 0.660000 -1.039336
f 9278 9279 9147
v 1.145780 0.660000 -0.960000
f 9279 9280 9147
f 9280 9149 9147
f 9280 9150 9149
v 1.110468 0.660000 -0.949532
f 9280 9281 9150
f 9281 9152 9150
v 1.220000 0.770317 -1.089683
v 1.220000 0.745377 -1.080000
v 1.198002 0.758002 -1.101998
f 9282 9283 9284
v 1.220000 0.780000 -1.091319
f 9285 9282 9284
v 1.199396 0.780000 -1.100604
f 9286 9285 9284
f 9165 9286 9164
f 9286 9284 9164
f 9284 9148 9164
f 9283 9278 9148
f 9284 9283 9148
v 1.220000 0.725981 -1.014019
f 9278 9287 9279
v 1.220000 0.712607 -0.960000
f 9287 9288 9279
f 9283 9287 9278
f 9288 9280 9279
v 1.113733 0.673733 -0.946267
f 9280 9289 9281
v 1.220000 0.780000 -0.934608
f 9290 9289 9280
f 9288 9290 9280
v 1.139647 0.780000 -0.920353
f 9290 9291 9289
f 9289 9291 9166
f 9291 9168 9166
f 9152 9289 9166
f 9281 9289 9152
v 1.220000 0.862905 -1.117095
f 9292 9285 9286
v 1.163474 0.843474 -1.136526
f 9293 9292 9286
v 1.220000 0.900000 -1.123855
f 9294 9292 9293
v 1.165553 0.900000 -1.134447
f 9295 9294 9293
f 9179 9295 9178
f 9295 9293 9178
f 9293 9165 9178
f 9293 9286 9165
v 1.220000 0.813822 -0.926178
v 1.150293 0.830293 -0.909707
f 9296 9297 9291
f 9290 9296 9291
v 1.220000 0.900000 -0.898110
f 9296 9298 9297
v 1.170431 0.900000 -0.889569
f 9298 9299 9297
f 9297 9299 9180
f 9299 9182 9180
f 9168 9297 9180
f 9291 9297 9168
v 1.220000 0.960517 -1.139483
f 9300 9294 9295
v 1.149639 0.949639 -1.150361
f 9301 9300 9295
v 1.220000 1.020000 -1.148150
f 9302 9300 9301
v 1.145567 1.020000 -1.154433
f 9303 9302 9301
f 9188 9303 9187
f 9303 9301 9187
f 9301 9179 9187
f 9301 9295 9179
v 1.220000 0.976518 -0.883482
v 1.184154 0.984154 -0.875846
f 9304 9305 9299
f 9298 9304 9299
v 1.220000 1.020000 -0.871566
f 9304 9306 9305
v 1.193153 1.020000 -0.866847
f 9306 9307 9305
f 9305 9307 9190
f 9307 9192 9190
f 9182 9305 9190
f 9299 9305 9182
v 1.220000 1.063087 -1.156913
f 9308 9302 9303
v 1.137285 1.057285 -1.162715
f 9309 9308 9303
v 1.220000 1.140000 -1.164976
f 9310 9308 9309
v 1.128044 1.140000 -1.171956
f 9311 9310 9309
f 9196 9311 9194
f 9311 9309 9194
f 9309 9188 9194
f 9309 9303 9188
v 1.220000 1.122320 -0.857680
v 1.205309 1.125309 -0.854691
f 9312 9313 9307
f 9306 9312 9307
v 1.220000 1.140000 -0.853797
f 9312 9314 9313
v 1.208339 1.140000 -0.851661
f 9314 9315 9313
f 9313 9315 9198
f 9315 9200 9198
f 9192 9313 9198
f 9307 9313 9192
v 1.220000 1.170696 -1.169304
f 9316 9310 9311
v 1.124332 1.164332 -1.175668
f 9317 9316 9311
v 1.220000 1.260000 -1.175271
f 9318 9316 9317
v 1.117726 1.260000 -1.182274
f 9319 9318 9317
f 9204 9319 9202
f 9319 9317 9202
f 9317 9196 9202
f 9317 9311 9196
v 1.220000 1.255971 -0.844029
v 1.216642 1.256642 -0.843358
f 9320 9321 9315
f 9314 9320 9315
v 1.220000 1.260000 -0.843393
f 9320 9322 9321
v 1.217155 1.260000 -0.842845
f 9322 9323 9321
v 1.177568 1.260000 -0.840000
f 9323 9324 9321
f 9321 9324 9200
f 9324 9206 9200
f 9315 9321 9200
v 1.105003 1.260000 -0.834997
f 9324 9325 9206
f 9325 9208 9206
v 1.220000 1.283129 -1.176871
f 9326 9318 9319
v 1.116501 1.276501 -1.183499
f 9327 9326 9319
v 1.220000 1.380000 -1.179891
f 9328 9326 9327
v 1.113476 1.380000 -1.186524
f 9329 9328 9327
f 9212 9329 9210
f 9329 9327 9210
f 9327 9204 9210
f 9327 9319 9204
v 1.220000 1.350063 -0.840000
f 9322 9330 9323
f 9330 9324 9323
v 1.105097 1.265097 -0.834903
f 9324 9331 9325
v 1.220000 1.380000 -0.839040
f 9332 9331 9324
f 9330 9332 9324
v 1.108165 1.380000 -0.831835
f 9332 9333 9331
f 9331 9333 9214
f 9333 9216 9214
f 9208 9331 9214
f 9325 9331 9208
v 1.220000 1.400277 -1.179723
f 9334 9328 9329
v 1.113597 1.393597 -1.186403
f 9335 9334 9329
v 1.220000 1.500000 -1.179344
f 9336 9334 9335
v 1.114600 1.500000 -1.185400
f 9337 9336 9335
f 9220 9337 9218
f 9337 9335 9218
f 9335 9212 9218
f 9335 9329 9212
v 1.220000 1.380958 -0.839042
v 1.108147 1.388147 -0.831853
f 9338 9339 9333
f 9332 9338 9333
v 1.220000 1.500000 -0.839507
f 9338 9340 9339
v 1.107176 1.500000 -0.832824
f 9340 9341 9339
f 9339 9341 9222
f 9341 9224 9222
f 9216 9339 9222
f 9333 9339 9216
v 1.220000 1.522493 -1.177507
f 9342 9336 9337
v 1.115985 1.515985 -1.184015
f 9343 9342 9337
v 1.220000 1.620000 -1.173563
f 9344 9342 9343
v 1.121125 1.620000 -1.178875
f 9345 9344 9343
f 9228 9345 9226
f 9345 9343 9226
f 9343 9220 9226
f 9343 9337 9220
v 1.220000 1.512437 -0.840000
v 1.220000 1.615402 -0.844598
v 1.216060 1.616060 -0.843940
f 9346 9347 9348
v 1.220000 1.620000 -0.845083
f 9347 9349 9348
v 1.215552 1.620000 -0.844448
f 9349 9350 9348
v 1.139077 1.620000 -0.840000
f 9350 9351 9348
v 1.176857 1.576857 -0.840000
f 9351 9352 9348
f 9352 9346 9348
v 1.220000 1.500482 -0.839518
v 1.107015 1.507015 -0.832985
f 9353 9354 9341
f 9340 9353 9341
f 9354 9353 9352
f 9353 9346 9352
v 1.101986 1.620000 -0.838014
f 9355 9354 9352
f 9351 9355 9352
f 9354 9355 9230
f 9355 9232 9230
f 9224 9354 9230
f 9341 9354 9224
v 1.220000 1.650898 -1.169102
f 9356 9344 9345
v 1.124929 1.644929 -1.175071
f 9357 9356 9345
v 1.220000 1.740000 -1.161942
f 9358 9356 9357
v 1.133711 1.740000 -1.166289
f 9359 9358 9357
f 9236 9359 9234
f 9359 9357 9234
f 9357 9228 9234
f 9357 9345 9228
v 1.220000 1.725739 -0.854261
v 1.207395 1.727395 -0.852605
f 9360 9361 9350
f 9349 9360 9350
v 1.220000 1.740000 -0.856944
f 9360 9362 9361
v 1.204801 1.740000 -0.855199
f 9362 9363 9361
f 9361 9363 9239
f 9363 9241 9239
v 1.116405 1.636405 -0.840000
f 9364 9361 9239
f 9238 9364 9239
f 9361 9364 9350
f 9364 9351 9350
v 1.101903 1.621903 -0.838097
f 9351 9365 9355
f 9364 9365 9351
f 9238 9365 9364
f 9244 9365 9238
f 9232 9365 9244
f 9355 9365 9232
v 1.220000 1.787427 -1.152573
f 9366 9358 9359
v 1.142566 1.782566 -1.157434
f 9367 9366 9359
v 1.220000 1.860000 -1.143589
f 9368 9366 9367
v 1.153284 1.860000 -1.146716
f 9369 9368 9367
f 9248 9369 9246
f 9369 9367 9246
f 9367 9236 9246
f 9367 9359 9236
v 1.220000 1.830977 -0.869023
v 1.193648 1.833648 -0.866352
f 9370 9371 9363
f 9362 9370 9363
v 1.220000 1.860000 -0.876487
f 9370 9372 9371
v 1.186632 1.860000 -0.873368
f 9372 9373 9371
f 9371 9373 9250
f 9373 9252 9250
f 9241 9371 9250
f 9363 9371 9241
v 1.220000 1.934721 -1.125279
f 9374 9368 9369
v 1.171724 1.931724 -1.128276
f 9375 9374 9369
v 1.220000 1.980000 -1.117573
f 9376 9374 9375
v 1.180741 1.980000 -1.119259
f 9377 9376 9375
f 9256 9377 9254
f 9377 9375 9254
f 9375 9248 9254
f 9375 9369 9248
v 1.220000 1.930620 -0.889380
v 1.174237 1.934237 -0.885763
f 9378 9379 9373
f 9372 9378 9373
v 1.220000 1.980000 -0.905079
f 9378 9380 9379
v 1.159577 1.980000 -0.900423
f 9380 9381 9379
f 9379 9381 9258
f 9381 9260 9258
f 9252 9379 9258
f 9373 9379 9252
v 1.220000 2.096081 -1.083919
f 9382 9376 9377
v 1.215828 2.095828 -1.084172
f 9383 9382 9377
v 1.220000 2.100000 -1.083062
f 9384 9382 9383
v 1.216815 2.100000 -1.083185
f 9385 9384 9383
f 9264 9385 9262
f 9385 9383 9262
f 9383 9256 9262
f 9383 9377 9256
v 1.220000 2.024455 -0.915545
v 1.148891 2.028891 -0.911109
f 9386 9387 9381
f 9380 9386 9381
v 1.220000 2.100000 -0.943846
f 9386 9388 9387
v 1.122376 2.100000 -0.937624
f 9388 9389 9387
f 9387 9389 9266
f 9389 9268 9266
f 9260 9387 9266
f 9381 9387 9260
v 1.220000 2.109172 -1.080000
f 9390 9384 9385
v 1.124737 2.124737 -1.080000
f 9270 9391 9264
f 9391 9390 9264
f 9390 9385 9264
v 1.220000 2.141658 -0.960000
v 1.220000 2.112194 -1.067806
v 1.131433 2.131433 -1.048567
f 9392 9393 9394
f 9394 9393 9391
f 9393 9390 9391
f 9270 9394 9391
f 9273 9394 9270
v 1.152716 2.152716 -0.960000
f 9395 9394 9273
f 9272 9395 9273
f 9395 9392 9394
v 1.220000 2.112519 -0.947481
v 1.117577 2.117577 -0.942423
f 9396 9397 9389
f 9388 9396 9389
f 9397 9396 9395
f 9396 9392 9395
f 9272 9397 9395
f 9276 9397 9272
f 9268 9397 9276
f 9389 9397 9268
v 1.271412 0.780000 -1.080000
f 9285 9398 9282
f 9398 9283 9282
v 1.305360 0.780000 -0.994640
f 9398 9399 9283
v 1.319916 0.780000 -0.960000
f 9399 9400 9283
f 9400 9287 9283
f 9400 9288 9287
v 1.241412 0.780000 -0.938588
f 9400 9401 9288
f 9401 9290 9288
v 1.340000 0.884129 -1.095871
v 1.340000 0.832239 -1.080000
v 1.321675 0.881675 -1.098325
f 9402 9403 9404
v 1.340000 0.900000 -1.099041
f 9405 9402 9404
v 1.317403 0.900000 -1.102597
f 9406 9405 9404
f 9294 9406 9292
f 9406 9404 9292
f 9404 9285 9292
f 9403 9398 9285
f 9404 9403 9285
v 1.340000 0.818899 -1.041101
f 9398 9407 9399
v 1.340000 0.795279 -0.960000
f 9407 9408 9399
f 9403 9407 9398
f 9408 9400 9399
v 1.246918 0.806918 -0.933082
f 9400 9409 9401
v 1.340000 0.900000 -0.925811
f 9410 9409 9400
f 9408 9410 9400
v 1.272765 0.900000 -0.907235
f 9410 9411 9409
f 9409 9411 9296
f 9411 9298 9296
f 9290 9409 9296
f 9401 9409 9290
v 1.340000 0.980514 -1.119486
f 9412 9405 9406
v 1.294848 0.974848 -1.125152
f 9413 9412 9406
v 1.340000 1.020000 -1.125655
f 9414 9412 9413
v 1.286420 1.020000 -1.133580
f 9415 9414 9413
f 9302 9415 9300
f 9415 9413 9300
f 9413 9294 9300
f 9413 9406 9294
v 1.340000 0.942879 -0.917121
v 1.282725 0.962725 -0.897275
f 9416 9417 9411
f 9410 9416 9411
v 1.340000 1.020000 -0.896120
f 9416 9418 9417
v 1.296260 1.020000 -0.883740
f 9418 9419 9417
f 9417 9419 9304
f 9419 9306 9304
f 9298 9417 9304
f 9411 9417 9298
v 1.340000 1.082045 -1.137955
f 9420 9414 9415
v 1.273883 1.073883 -1.146117
f 9421 9420 9415
v 1.340000 1.140000 -1.144610
f 9422 9420 9421
v 1.264982 1.140000 -1.155018
f 9423 9422 9421
f 9310 9423 9308
f 9423 9421 9308
f 9421 9302 9308
f 9421 9415 9302
v 1.340000 1.094911 -0.885089
v 1.306147 1.106147 -0.873853
f 9424 9425 9419
f 9418 9424 9419
v 1.340000 1.140000 -0.875383
f 9424 9426 9425
v 1.312632 1.140000 -0.867368
f 9426 9427 9425
f 9425 9427 9312
f 9427 9314 9312
f 9306 9425 9312
f 9419 9425 9306
v 1.340000 1.188697 -1.151303
f 9428 9422 9423
v 1.258791 1.178791 -1.161209
f 9429 9428 9423
v 1.340000 1.260000 -1.156694
f 9430 9428 9429
v 1.251811 1.260000 -1.168189
f 9431 9430 9429
f 9318 9431 9316
f 9431 9429 9316
f 9429 9310 9316
f 9429 9423 9310
v 1.340000 1.233498 -0.866502
v 1.319977 1.239977 -0.860023
f 9432 9433 9427
f 9426 9432 9427
v 1.340000 1.260000 -0.862455
f 9432 9434 9433
v 1.322762 1.260000 -0.857238
f 9434 9435 9433
f 9433 9435 9320
f 9435 9322 9320
f 9314 9433 9320
f 9427 9433 9314
v 1.340000 1.300429 -1.159571
f 9436 9430 9431
v 1.249404 1.289404 -1.170596
f 9437 9436 9431
v 1.340000 1.380000 -1.162601
f 9438 9436 9437
v 1.245782 1.380000 -1.174218
f 9439 9438 9437
f 9328 9439 9326
f 9439 9437 9326
f 9437 9318 9326
f 9437 9431 9318
v 1.340000 1.362295 -0.857705
v 1.326561 1.366561 -0.853439
f 9440 9441 9435
f 9434 9440 9435
v 1.340000 1.380000 -0.856258
f 9440 9442 9441
v 1.327537 1.380000 -0.852463
f 9442 9443 9441
v 1.228548 1.380000 -0.840000
f 9443 9444 9441
f 9441 9444 9322
f 9444 9330 9322
f 9435 9441 9322
v 1.220898 1.380000 -0.839102
f 9444 9445 9330
f 9445 9332 9330
v 1.340000 1.417327 -1.162673
f 9446 9438 9439
v 1.245725 1.405725 -1.174275
f 9447 9446 9439
v 1.340000 1.500000 -1.162760
f 9448 9446 9447
v 1.246179 1.500000 -1.173821
f 9449 9448 9447
f 9336 9449 9334
f 9449 9447 9334
f 9447 9328 9334
f 9447 9439 9328
v 1.340000 1.483870 -0.856130
v 1.327639 1.487639 -0.852361
f 9450 9451 9443
f 9442 9450 9443
v 1.340000 1.500000 -0.856093
f 9450 9452 9451
v 1.327524 1.500000 -0.852476
f 9452 9453 9451
v 1.224583 1.500000 -0.840000
f 9453 9454 9451
v 1.228621 1.388621 -0.840000
f 9454 9455 9451
f 9451 9455 9443
f 9455 9444 9443
v 1.220898 1.380898 -0.839102
f 9444 9456 9445
f 9455 9456 9444
v 1.220462 1.500000 -0.839538
f 9457 9456 9455
f 9454 9457 9455
f 9456 9457 9338
f 9457 9340 9338
f 9332 9456 9338
f 9445 9456 9332
v 1.340000 1.539844 -1.160156
f 9458 9448 9449
v 1.248274 1.528274 -1.171726
f 9459 9458 9449
v 1.340000 1.620000 -1.157183
f 9460 9458 9459
v 1.252890 1.620000 -1.167110
f 9461 9460 9459
f 9344 9461 9342
f 9461 9459 9342
f 9459 9336 9342
f 9459 9449 9336
v 1.340000 1.599693 -0.860307
v 1.324112 1.604112 -0.855888
f 9462 9463 9453
f 9452 9462 9453
v 1.340000 1.620000 -0.861938
f 9462 9464 9463
v 1.322616 1.620000 -0.857384
f 9464 9465 9463
f 9463 9465 9347
f 9465 9349 9347
v 1.223516 1.503516 -0.840000
f 9466 9463 9347
f 9346 9466 9347
f 9463 9466 9453
f 9466 9454 9453
v 1.220454 1.500454 -0.839546
f 9454 9467 9457
f 9466 9467 9454
f 9346 9467 9466
f 9353 9467 9346
f 9340 9467 9353
f 9457 9467 9340
v 1.340000 1.669031 -1.150969
f 9468 9460 9461
v 1.258379 1.658379 -1.161621
f 9469 9468 9461
v 1.340000 1.740000 -1.145463
f 9470 9468 9469
v 1.266370 1.740000 -1.153630
f 9471 9470 9469
f 9358 9471 9356
f 9471 9469 9356
f 9469 9344 9356
f 9469 9461 9344
v 1.340000 1.710264 -0.869736
v 1.316041 1.716041 -0.863959
f 9472 9473 9465
f 9464 9472 9465
v 1.340000 1.740000 -0.874461
f 9472 9474 9473
v 1.312017 1.740000 -0.867983
f 9474 9475 9473
f 9473 9475 9360
f 9475 9362 9360
f 9349 9473 9360
f 9465 9473 9349
v 1.340000 1.806634 -1.133366
f 9476 9470 9471
v 1.278268 1.798268 -1.141732
f 9477 9476 9471
v 1.340000 1.860000 -1.126913
f 9478 9476 9477
v 1.287398 1.860000 -1.132602
f 9479 9478 9477
f 9368 9479 9366
f 9479 9477 9366
f 9477 9358 9366
f 9477 9471 9358
v 1.340000 1.815509 -0.884491
v 1.303059 1.823059 -0.876941
f 9480 9481 9475
f 9474 9480 9475
v 1.340000 1.860000 -0.894730
f 9480 9482 9481
v 1.294575 1.860000 -0.885425
f 9482 9483 9481
f 9481 9483 9370
f 9483 9372 9370
f 9362 9481 9370
f 9475 9481 9362
v 1.340000 1.955096 -1.104904
f 9484 9478 9479
v 1.311019 1.951019 -1.108981
f 9485 9484 9479
v 1.340000 1.980000 -1.100750
f 9486 9484 9485
v 1.316812 1.980000 -1.103188
f 9487 9486 9485
f 9376 9487 9374
f 9487 9485 9374
f 9485 9368 9374
f 9485 9479 9368
v 1.340000 1.915214 -0.904786
v 1.284782 1.924782 -0.895218
f 9488 9489 9483
f 9482 9488 9483
v 1.340000 1.980000 -0.923890
f 9488 9490 9489
v 1.269091 1.980000 -0.910909
f 9490 9491 9489
f 9489 9491 9378
f 9491 9380 9378
f 9372 9489 9378
f 9483 9489 9372
v 1.340000 2.054527 -1.080000
f 9492 9486 9487
v 1.242521 2.100000 -1.080000
f 9384 9493 9382
v 1.310868 2.070868 -1.080000
f 9493 9494 9382
f 9494 9376 9382
f 9494 9492 9376
f 9492 9487 9376
v 1.340000 2.091630 -0.960000
v 1.340000 2.087443 -0.972557
v 1.333057 2.093057 -0.966943
f 9495 9496 9497
f 9497 9496 9494
f 9496 9492 9494
v 1.285608 2.100000 -1.014392
f 9498 9497 9494
f 9493 9498 9494
v 1.322010 2.100000 -0.960000
f 9498 9499 9497
v 1.334655 2.094655 -0.960000
f 9499 9500 9497
f 9500 9495 9497
v 1.340000 2.009261 -0.930739
v 1.260983 2.020983 -0.919017
f 9501 9502 9491
f 9490 9501 9491
f 9502 9501 9500
f 9501 9495 9500
v 1.234469 2.100000 -0.945531
f 9503 9502 9500
f 9499 9503 9500
f 9502 9503 9386
f 9503 9388 9386
f 9380 9502 9386
f 9491 9502 9380
v 1.226842 2.106842 -1.080000
f 9390 9504 9384
f 9504 9493 9384
v 1.228318 2.108318 -1.071682
f 9493 9505 9498
f 9504 9505 9493
f 9390 9505 9504
f 9393 9505 9390
v 1.251119 2.131119 -0.960000
f 9506 9505 9393
f 9392 9506 9393
f 9505 9506 9498
f 9506 9499 9498
v 1.231601 2.111601 -0.948399
f 9499 9507 9503
f 9506 9507 9499
f 9392 9507 9506
f 9396 9507 9392
f 9388 9507 9396
f 9503 9507 9388
v 1.405433 0.900000 -1.080000
f 9405 9508 9402
f 9508 9403 9402
v 1.432328 0.900000 -0.987672
f 9508 9509 9403
v 1.441141 0.900000 -0.960000
f 9509 9510 9403
f 9510 9407 9403
f 9510 9408 9407
v 1.367446 0.900000 -0.932554
f 9510 9511 9408
f 9511 9410 9408
v 1.460000 1.009849 -1.090151
v 1.460000 0.969279 -1.080000
v 1.447609 1.007609 -1.092391
f 9512 9513 9514
v 1.460000 1.020000 -1.091849
f 9515 9512 9514
v 1.444878 1.020000 -1.095122
f 9516 9515 9514
f 9414 9516 9412
f 9516 9514 9412
f 9514 9405 9412
f 9513 9508 9405
f 9514 9513 9405
v 1.460000 0.949185 -1.030815
f 9508 9517 9509
v 1.460000 0.923970 -0.960000
f 9517 9518 9509
f 9513 9517 9508
f 9518 9510 9509
v 1.372528 0.932528 -0.927472
f 9510 9519 9511
v 1.460000 1.020000 -0.933913
f 9520 9519 9510
f 9518 9520 9510
v 1.391868 1.020000 -0.908132
f 9520 9521 9519
f 9519 9521 9416
f 9521 9418 9416
f 9410 9519 9416
f 9511 9519 9410
v 1.460000 1.110534 -1.109466
f 9522 9515 9516
v 1.424015 1.104015 -1.115985
f 9523 9522 9516
v 1.460000 1.140000 -1.113157
f 9524 9522 9523
v 1.418183 1.140000 -1.121817
f 9525 9524 9523
f 9422 9525 9420
f 9525 9523 9420
f 9523 9414 9420
f 9523 9516 9414
v 1.460000 1.051018 -0.928982
v 1.398630 1.078630 -0.901370
f 9526 9527 9521
f 9520 9526 9521
v 1.460000 1.140000 -0.909998
f 9526 9528 9527
v 1.409477 1.140000 -0.890523
f 9528 9529 9527
f 9527 9529 9424
f 9529 9426 9424
f 9418 9527 9424
f 9521 9527 9418
v 1.460000 1.216468 -1.123532
f 9530 9524 9525
v 1.406759 1.206759 -1.133241
f 9531 9530 9525
v 1.460000 1.260000 -1.127223
f 9532 9530 9531
v 1.401082 1.260000 -1.138918
f 9533 9532 9531
f 9430 9533 9428
f 9533 9531 9428
f 9531 9422 9428
f 9531 9525 9422
v 1.460000 1.195925 -0.904075
v 1.415228 1.215228 -0.884772
f 9534 9535 9529
f 9528 9534 9529
v 1.460000 1.260000 -0.894388
f 9534 9536 9535
v 1.420898 1.260000 -0.879102
f 9536 9537 9535
f 9535 9537 9432
f 9537 9434 9432
f 9426 9535 9432
f 9529 9535 9426
v 1.460000 1.327778 -1.132222
f 9538 9532 9533
v 1.395935 1.315935 -1.144065
f 9539 9538 9533
v 1.460000 1.380000 -1.134595
f 9540 9538 9539
v 1.392510 1.380000 -1.147490
f 9541 9540 9539
f 9438 9541 9436
f 9541 9539 9436
f 9539 9430 9436
f 9539 9533 9430
v 1.460000 1.329472 -0.890528
v 1.424264 1.344264 -0.875736
f 9542 9543 9537
f 9536 9542 9537
v 1.460000 1.380000 -0.886283
f 9542 9544 9543
v 1.426705 1.380000 -0.873295
f 9544 9545 9543
f 9543 9545 9440
f 9545 9442 9440
f 9434 9543 9440
f 9537 9543 9434
v 1.460000 1.444735 -1.135265
f 9546 9540 9541
v 1.391847 1.431847 -1.148153
f 9547 9546 9541
v 1.460000 1.500000 -1.135620
f 9548 9546 9547
v 1.391747 1.500000 -1.148253
f 9549 9548 9547
f 9448 9549 9446
f 9549 9547 9446
f 9547 9438 9446
f 9547 9541 9438
v 1.460000 1.454286 -0.885714
v 1.427186 1.467186 -0.872814
f 9550 9551 9545
f 9544 9550 9545
v 1.460000 1.500000 -0.885161
f 9550 9552 9551
v 1.427249 1.500000 -0.872751
f 9552 9553 9551
f 9551 9553 9450
f 9553 9452 9450
f 9442 9551 9450
f 9545 9551 9442
v 1.460000 1.567914 -1.132086
f 9554 9548 9549
v 1.395277 1.555277 -1.144723
f 9555 9554 9549
v 1.460000 1.620000 -1.130349
f 9556 9554 9555
v 1.398561 1.620000 -1.141439
f 9557 9556 9555
f 9460 9557 9458
f 9557 9555 9458
f 9555 9448 9458
f 9555 9549 9448
v 1.460000 1.572045 -0.887955
v 1.424863 1.584863 -0.875137
f 9558 9559 9553
f 9552 9558 9553
v 1.460000 1.620000 -0.890944
f 9558 9560 9559
v 1.422489 1.620000 -0.877511
f 9560 9561 9559
f 9559 9561 9462
f 9561 9464 9462
f 9452 9559 9462
f 9553 9559 9452
v 1.460000 1.698361 -1.121639
f 9562 9556 9557
v 1.407750 1.687750 -1.132250
f 9563 9562 9557
v 1.460000 1.740000 -1.118526
f 9564 9562 9563
v 1.413191 1.740000 -1.126809
f 9565 9564 9563
f 9470 9565 9468
f 9565 9563 9468
f 9563 9460 9468
f 9563 9557 9460
v 1.460000 1.683637 -0.896363
v 1.417622 1.697622 -0.882378
f 9566 9567 9561
f 9560 9566 9561
v 1.460000 1.740000 -0.904020
f 9566 9568 9567
v 1.411957 1.740000 -0.888043
f 9568 9569 9567
f 9567 9569 9472
f 9569 9474 9472
f 9464 9567 9472
f 9561 9567 9464
v 1.460000 1.837708 -1.102292
f 9570 9564 9565
v 1.431703 1.831703 -1.108297
f 9571 9570 9565
v 1.460000 1.860000 -1.099655
f 9572 9570 9571
v 1.436207 1.860000 -1.103793
f 9573 9572 9571
f 9478 9573 9476
f 9573 9571 9476
f 9571 9470 9476
f 9571 9565 9470
v 1.460000 1.789420 -0.910580
v 1.405439 1.805439 -0.894561
f 9574 9575 9569
f 9568 9574 9569
v 1.460000 1.860000 -0.925121
f 9574 9576 9575
v 1.394880 1.860000 -0.905120
f 9576 9577 9575
f 9575 9577 9480
f 9577 9482 9480
f 9474 9575 9480
f 9569 9575 9474
v 1.460000 1.950385 -1.080000
f 9578 9572 9573
v 1.431643 1.980000 -1.080000
f 9486 9579 9484
v 1.446549 1.966549 -1.080000
f 9579 9580 9484
f 9580 9478 9484
f 9580 9578 9478
f 9578 9573 9478
v 1.460000 1.980000 -1.006367
f 9581 9578 9580
f 9579 9581 9580
v 1.460000 1.889504 -0.930496
v 1.388167 1.908167 -0.911833
f 9582 9583 9577
f 9576 9582 9577
v 1.460000 1.980000 -0.955126
f 9582 9584 9583
v 1.370359 1.980000 -0.929641
f 9584 9585 9583
f 9583 9585 9488
f 9585 9490 9488
f 9482 9583 9488
f 9577 9583 9482
v 1.383708 2.023708 -1.080000
f 9492 9586 9486
f 9586 9579 9486
v 1.392410 2.032410 -1.027590
v 1.460000 1.995751 -0.960000
f 9587 9588 9579
f 9588 9581 9579
f 9586 9587 9579
f 9492 9587 9586
f 9496 9587 9492
v 1.405667 2.045667 -0.960000
f 9589 9587 9496
f 9495 9589 9496
f 9589 9588 9587
v 1.460000 1.983951 -0.956049
v 1.365686 2.005686 -0.934314
f 9590 9591 9585
f 9584 9590 9585
f 9591 9590 9589
f 9590 9588 9589
f 9495 9591 9589
f 9501 9591 9495
f 9490 9591 9501
f 9585 9591 9490
v 1.493057 1.020000 -1.080000
f 9515 9592 9512
f 9592 9513 9512
v 1.502900 1.020000 -1.037100
f 9592 9593 9513
v 1.522701 1.020000 -0.960000
f 9593 9594 9513
f 9594 9517 9513
f 9594 9518 9517
v 1.479942 1.020000 -0.940058
f 9594 9595 9518
f 9595 9520 9518
v 1.552885 1.140000 -1.080000
f 9524 9596 9522
v 1.524268 1.084268 -1.080000
f 9596 9597 9522
f 9597 9515 9522
f 9597 9592 9515
v 1.580000 1.138842 -0.961158
f 9592 9598 9593
v 1.580000 1.138313 -0.960000
f 9598 9599 9593
v 1.580000 1.140000 -0.963443
f 9597 9600 9592
f 9600 9598 9592
f 9596 9600 9597
f 9599 9594 9593
v 1.482562 1.042562 -0.937438
f 9594 9601 9595
v 1.580000 1.140000 -0.959639
f 9602 9601 9594
f 9599 9602 9594
v 1.498617 1.140000 -0.921383
f 9602 9603 9601
f 9601 9603 9526
f 9603 9528 9526
f 9520 9601 9526
f 9595 9601 9520
v 1.580000 1.255181 -1.084819
v 1.580000 1.219757 -1.080000
v 1.573611 1.253611 -1.086389
f 9604 9605 9606
v 1.580000 1.260000 -1.085272
f 9607 9604 9606
v 1.572771 1.260000 -1.087229
f 9608 9607 9606
f 9532 9608 9530
f 9608 9606 9530
f 9606 9524 9530
f 9605 9596 9524
f 9606 9605 9524
v 1.580000 1.186295 -1.033705
f 9609 9600 9596
f 9605 9609 9596
v 1.580000 1.140408 -0.959592
v 1.501941 1.181941 -0.918059
f 9610 9611 9603
f 9602 9610 9603
v 1.580000 1.260000 -0.941345
f 9610 9612 9611
v 1.511139 1.260000 -0.908861
f 9612 9613 9611
f 9611 9613 9534
f 9613 9536 9534
f 9528 9611 9534
f 9603 9611 9528
v 1.580000 1.366501 -1.093499
f 9614 9607 9608
v 1.561969 1.361969 -1.098031
f 9615 9614 9608
v 1.580000 1.380000 -1.094215
f 9616 9614 9615
v 1.560707 1.380000 -1.099293
f 9617 9616 9615
f 9540 9617 9538
f 9617 9615 9538
f 9615 9532 9538
f 9615 9608 9532
v 1.580000 1.279946 -0.940054
v 1.513490 1.313490 -0.906510
f 9618 9619 9613
f 9612 9618 9613
v 1.580000 1.380000 -0.931245
f 9618 9620 9619
v 1.517877 1.380000 -0.902123
f 9620 9621 9619
f 9619 9621 9542
f 9621 9544 9542
f 9536 9619 9542
f 9613 9619 9536
v 1.580000 1.483941 -1.096059
f 9622 9616 9617
v 1.558339 1.478339 -1.101661
f 9623 9622 9617
v 1.580000 1.500000 -1.096256
f 9624 9622 9623
v 1.558127 1.500000 -1.101873
f 9625 9624 9623
f 9548 9625 9546
f 9625 9623 9546
f 9623 9540 9546
f 9623 9617 9540
v 1.580000 1.409184 -0.930816
v 1.518462 1.438462 -0.901538
f 9626 9627 9621
f 9620 9626 9621
v 1.580000 1.500000 -0.928946
f 9626 9628 9627
v 1.519049 1.500000 -0.900951
f 9628 9629 9627
f 9627 9629 9550
f 9629 9552 9550
f 9544 9627 9550
f 9621 9627 9544
v 1.580000 1.608196 -1.091804
f 9630 9624 9625
v 1.563877 1.603877 -1.096123
f 9631 9630 9625
v 1.580000 1.620000 -1.091462
f 9632 9630 9631
v 1.564685 1.620000 -1.095315
f 9633 9632 9631
f 9556 9633 9554
f 9633 9631 9554
f 9631 9548 9554
f 9631 9625 9548
v 1.580000 1.530030 -0.929970
v 1.517700 1.557700 -0.902300
f 9634 9635 9629
f 9628 9634 9629
v 1.580000 1.620000 -0.934350
f 9634 9636 9635
v 1.514629 1.620000 -0.905371
f 9636 9637 9635
f 9635 9637 9558
f 9637 9560 9558
f 9552 9635 9558
f 9629 9635 9552
v 1.580000 1.736808 -1.080000
f 9638 9632 9633
v 1.579104 1.740000 -1.080000
f 9564 9639 9562
v 1.579340 1.739340 -1.080000
f 9639 9640 9562
f 9640 9556 9562
f 9640 9638 9556
f 9638 9633 9556
v 1.580000 1.740000 -1.076572
f 9641 9638 9640
f 9639 9641 9640
v 1.580000 1.643694 -0.936306
v 1.511672 1.671672 -0.908328
f 9642 9643 9637
f 9636 9642 9637
v 1.580000 1.740000 -0.947681
f 9642 9644 9643
v 1.504323 1.740000 -0.915677
f 9644 9645 9643
f 9643 9645 9566
f 9645 9568 9566
f 9560 9643 9566
f 9637 9643 9560
v 1.523139 1.860000 -1.080000
f 9572 9646 9570
v 1.543652 1.823652 -1.080000
f 9646 9647 9570
f 9647 9564 9570
f 9647 9639 9564
v 1.561111 1.841111 -0.978889
v 1.580000 1.809361 -0.960000
f 9648 9649 9639
f 9649 9641 9639
f 9647 9648 9639
v 1.546506 1.860000 -0.993494
f 9650 9648 9647
f 9646 9650 9647
v 1.556487 1.860000 -0.960000
f 9650 9651 9648
v 1.565023 1.845023 -0.960000
f 9651 9652 9648
f 9652 9649 9648
v 1.580000 1.750887 -0.949113
v 1.500573 1.780573 -0.919427
f 9653 9654 9645
f 9644 9653 9645
f 9654 9653 9652
f 9653 9649 9652
v 1.487616 1.860000 -0.932384
f 9655 9654 9652
f 9651 9655 9652
f 9654 9655 9574
f 9655 9576 9574
f 9568 9654 9574
f 9645 9654 9568
v 1.499521 1.899521 -1.080000
f 9578 9656 9572
f 9656 9646 9572
v 1.506886 1.906886 -1.033114
f 9646 9657 9650
f 9656 9657 9646
f 9578 9657 9656
v 1.474022 1.980000 -0.960000
f 9658 9657 9578
f 9581 9658 9578
v 1.520562 1.920562 -0.960000
f 9658 9659 9657
f 9657 9659 9650
f 9659 9651 9650
v 1.484448 1.884448 -0.935552
f 9651 9660 9655
f 9659 9660 9651
v 1.463859 1.980000 -0.956141
f 9661 9660 9659
f 9658 9661 9659
f 9660 9661 9582
f 9661 9584 9582
f 9576 9660 9582
f 9655 9660 9576
v 1.467882 1.987882 -0.960000
f 9588 9662 9581
f 9662 9658 9581
v 1.463301 1.983301 -0.956699
f 9658 9663 9661
f 9662 9663 9658
f 9588 9663 9662
f 9590 9663 9588
f 9584 9663 9590
f 9661 9663 9584
v 1.580738 1.140000 -0.960000
f 9600 9664 9598
f 9664 9599 9598
v 1.580262 1.140000 -0.959738
f 9664 9665 9599
f 9665 9602 9599
v 1.592626 1.260000 -1.080000
f 9607 9666 9604
f 9666 9605 9604
v 1.595633 1.260000 -1.064367
f 9666 9667 9605
v 1.618514 1.260000 -0.960000
f 9667 9668 9605
f 9668 9609 9605
v 1.581043 1.141043 -0.960000
f 9668 9669 9609
f 9669 9600 9609
f 9669 9664 9600
v 1.580286 1.140286 -0.959714
f 9664 9670 9665
f 9669 9670 9664
v 1.593675 1.260000 -0.946325
f 9671 9670 9669
f 9668 9671 9669
f 9670 9671 9610
f 9671 9612 9610
f 9602 9670 9610
f 9665 9670 9602
v 1.614441 1.380000 -1.080000
f 9616 9672 9614
v 1.595281 1.275281 -1.080000
f 9672 9673 9614
f 9673 9607 9614
f 9673 9666 9607
v 1.600081 1.280081 -1.059919
f 9666 9674 9667
f 9673 9674 9666
v 1.622801 1.380000 -1.037199
f 9675 9674 9673
f 9672 9675 9673
v 1.640075 1.380000 -0.960000
f 9675 9676 9674
v 1.626568 1.306568 -0.960000
f 9676 9677 9674
f 9674 9677 9667
f 9677 9668 9667
v 1.594358 1.274358 -0.945642
f 9668 9678 9671
f 9677 9678 9668
v 1.601222 1.380000 -0.938778
f 9679 9678 9677
f 9676 9679 9677
f 9678 9679 9618
f 9679 9620 9618
f 9612 9678 9618
f 9671 9678 9612
v 1.619997 1.500000 -1.080000
f 9624 9680 9622
v 1.616366 1.416366 -1.080000
f 9680 9681 9622
f 9681 9616 9622
f 9681 9672 9616
v 1.625915 1.425915 -1.034085
f 9672 9682 9675
f 9681 9682 9672
v 1.629930 1.500000 -1.030070
f 9683 9682 9681
f 9680 9683 9681
v 1.645887 1.500000 -0.960000
f 9683 9684 9682
v 1.643414 1.443414 -0.960000
f 9684 9685 9682
f 9682 9685 9675
f 9685 9676 9675
v 1.601530 1.401530 -0.938470
f 9676 9686 9679
f 9685 9686 9676
v 1.603035 1.500000 -0.936965
f 9687 9686 9685
f 9684 9687 9685
f 9686 9687 9626
f 9687 9628 9626
f 9620 9686 9626
f 9679 9686 9620
v 1.608764 1.620000 -1.080000
f 9632 9688 9630
v 1.617399 1.537399 -1.080000
f 9688 9689 9630
f 9689 9624 9630
f 9689 9680 9624
v 1.625833 1.545833 -1.034167
f 9680 9690 9683
f 9689 9690 9680
v 1.616101 1.620000 -1.043899
f 9691 9690 9689
f 9688 9691 9689
v 1.635486 1.620000 -0.960000
f 9691 9692 9690
v 1.641632 1.561632 -0.960000
f 9692 9693 9690
f 9690 9693 9683
f 9693 9684 9683
v 1.602615 1.522615 -0.937385
f 9684 9694 9687
f 9693 9694 9684
v 1.599087 1.620000 -0.940913
f 9695 9694 9693
f 9692 9695 9693
f 9694 9695 9634
f 9695 9636 9634
f 9628 9694 9634
f 9687 9694 9628
v 1.604074 1.644074 -1.080000
f 9638 9696 9632
f 9696 9688 9632
v 1.608840 1.648840 -1.051160
f 9688 9697 9691
f 9696 9697 9688
f 9638 9697 9696
v 1.607267 1.740000 -0.960000
f 9698 9697 9638
f 9641 9698 9638
v 1.626486 1.666486 -0.960000
f 9698 9699 9697
f 9697 9699 9691
f 9699 9692 9691
v 1.598150 1.638150 -0.941850
f 9692 9700 9695
f 9699 9700 9692
v 1.589183 1.740000 -0.950817
f 9701 9700 9699
f 9698 9701 9699
f 9700 9701 9642
f 9701 9644 9642
f 9636 9700 9642
f 9695 9700 9636
v 1.600611 1.760611 -0.960000
f 9649 9702 9641
f 9702 9698 9641
v 1.588459 1.748459 -0.951541
f 9698 9703 9701
f 9702 9703 9698
f 9649 9703 9702
f 9653 9703 9649
f 9644 9703 9653
f 9701 9703 9644
o Body
usemtl skin_1
s 1
v -1.060000 -1.521350 0.938650
v -1.060000 -1.525812 0.960000
v -1.071305 -1.511305 0.948695
f 9704 9705 9706
v -1.060000 -1.500000 0.857266
f 9707 9704 9706
v -1.077286 -1.500000 0.942714
f 9708 9707 9706
v -1.079946 -1.500000 0.960000
f 9709 9708 9706
v -1.072250 -1.512250 0.960000
f 9710 9709 9706
f 9705 9710 9706
v -1.060000 -1.520718 1.059282
v -1.060000 -1.519832 1.080000
v -1.069561 -1.509561 1.070439
f 9711 9712 9713
f 9705 9711 9710
f 9711 9713 9710
v -1.075815 -1.500000 1.064185
f 9714 9709 9710
f 9713 9714 9710
v -1.075318 -1.500000 1.080000
f 9715 9714 9713
v -1.069398 -1.509398 1.080000
f 9716 9715 9713
f 9712 9716 9713
v -1.060000 -1.500000 1.137008
f 9712 9717 9716
f 9717 9715 9716
v -1.060000 -1.400975 0.819025
v -1.060000 -1.471524 0.840000
v -1.067697 -1.387697 0.832303
f 9718 9719 9720
v -1.060000 -1.380000 0.813544
f 9721 9718 9720
v -1.068211 -1.380000 0.831789
f 9722 9721 9720
v -1.070951 -1.380000 0.840000
f 9723 9722 9720
v -1.069999 -1.389999 0.840000
f 9724 9723 9720
f 9719 9724 9720
v -1.060000 -1.489470 0.850530
f 9725 9707 9708
v -1.087267 -1.407267 0.932733
f 9726 9725 9708
f 9719 9725 9724
f 9725 9726 9724
v -1.089423 -1.380000 0.930577
f 9727 9723 9724
f 9726 9727 9724
v -1.093921 -1.380000 0.960000
f 9728 9727 9726
v -1.090999 -1.410999 0.960000
f 9729 9728 9726
f 9709 9729 9708
f 9729 9726 9708
v -1.087628 -1.407628 1.052372
f 9730 9709 9714
f 9730 9729 9709
v -1.090340 -1.380000 1.049660
f 9731 9728 9729
f 9730 9731 9729
v -1.089391 -1.380000 1.080000
f 9732 9731 9730
v -1.086855 -1.406855 1.080000
f 9733 9732 9730
f 9715 9733 9714
f 9733 9730 9714
v -1.060000 -1.399708 1.180292
f 9717 9734 9715
v -1.060000 -1.380000 1.189117
f 9734 9735 9715
f 9735 9733 9715
f 9735 9732 9733
v -1.060000 -1.360622 0.840000
f 9736 9721 9722
f 9723 9736 9722
f 403 406 9727
f 406 407 9723
f 406 9723 9727
f 407 408 9736
f 407 9736 9723
f 9728 409 403
f 9728 403 9727
f 410 413 9731
f 413 414 9728
f 413 9728 9731
f 414 409 9728
f 9732 415 410
f 9732 410 9731
f 9735 416 418
f 9735 418 9732
f 418 415 9732
v -0.940000 -1.622039 -0.842039
v -0.940000 -1.622289 -0.840000
v -0.941409 -1.621409 -0.841409
f 9737 9738 9739
v -0.940000 -1.620000 -0.854196
f 9740 9737 9739
v -0.942887 -1.620000 -0.842887
f 9741 9740 9739
v -0.943470 -1.620000 -0.840000
f 9742 9741 9739
v -0.941510 -1.621510 -0.840000
f 9743 9742 9739
f 9738 9743 9739
v -0.940000 -1.620000 -0.770493
f 9738 9744 9743
f 9744 9742 9743
v -0.940000 -1.632331 0.947669
v -0.940000 -1.633654 0.960000
v -0.948924 -1.628924 0.951076
f 9745 9746 9747
v -0.940000 -1.620000 0.865634
f 9748 9745 9747
v -0.959838 -1.620000 0.940162
f 9749 9748 9747
v -0.964062 -1.620000 0.960000
f 9750 9749 9747
v -0.949524 -1.629524 0.960000
f 9751 9750 9747
f 9746 9751 9747
v -0.940000 -1.630416 1.069584
v -0.940000 -1.630272 1.080000
v -0.947200 -1.627200 1.072800
f 9752 9753 9754
f 9746 9752 9751
f 9752 9754 9751
v -0.958793 -1.620000 1.061207
f 9755 9750 9751
f 9754 9755 9751
v -0.957974 -1.620000 1.080000
f 9756 9755 9754
v -0.947101 -1.627101 1.080000
f 9757 9756 9754
f 9753 9757 9754
v -0.940000 -1.620000 1.130906
f 9753 9758 9757
f 9758 9756 9757
v -0.940000 -1.511354 -1.091354
v -0.940000 -1.520448 -1.080000
v -0.947513 -1.507513 -1.087513
f 9759 9760 9761
v -0.940000 -1.500000 -1.101900
f 9762 9759 9761
v -0.950395 -1.500000 -1.090395
f 9763 9762 9761
v -0.957224 -1.500000 -1.080000
f 9764 9763 9761
v -0.950103 -1.510103 -1.080000
f 9765 9764 9761
f 9760 9765 9761
v -0.940000 -1.561686 -1.021686
v -0.940000 -1.593353 -0.960000
v -0.978559 -1.538559 -0.998559
f 9766 9767 9768
f 9760 9766 9765
f 9766 9768 9765
v -0.995590 -1.500000 -1.015590
f 9769 9764 9765
f 9768 9769 9765
v -1.018942 -1.500000 -0.960000
f 9770 9769 9768
v -0.986990 -1.546990 -0.960000
f 9771 9770 9768
f 9767 9771 9768
v -0.940000 -1.599821 -0.939821
f 9772 9740 9741
v -0.997133 -1.557133 -0.897133
f 9773 9772 9741
f 9767 9772 9771
f 9772 9773 9771
v -1.027698 -1.500000 -0.927698
f 9774 9770 9771
f 9773 9774 9771
v -1.044563 -1.500000 -0.840000
f 9775 9774 9773
v -1.002804 -1.562804 -0.840000
f 9776 9775 9773
f 9742 9776 9741
f 9776 9773 9741
v -0.940000 -1.617535 -0.720000
f 9744 9777 9742
v -1.000937 -1.560937 -0.780937
f 9777 9778 9742
f 9778 9776 9742
v -1.043706 -1.500000 -0.823706
f 9779 9775 9776
f 9778 9779 9776
v -1.039583 -1.500000 -0.720000
f 9780 9779 9778
v -0.999696 -1.559696 -0.720000
f 9781 9780 9778
f 9777 9781 9778
v -0.940000 -1.615805 -0.715805
v -0.940000 -1.574501 -0.600000
v -0.983716 -1.543716 -0.643716
f 9782 9783 9784
f 9777 9782 9781
f 9782 9784 9781
v -1.028617 -1.500000 -0.688617
f 9785 9780 9781
f 9784 9785 9781
v -1.002773 -1.500000 -0.600000
f 9786 9785 9784
v -0.977194 -1.537194 -0.600000
f 9787 9786 9784
f 9783 9787 9784
v -0.940000 -1.500000 -0.497539
f 9783 9788 9787
f 9788 9786 9787
v -0.940000 -1.533136 0.686864
v -0.940000 -1.555471 0.720000
v -0.962962 -1.522962 0.697038
f 9789 9790 9791
v -0.940000 -1.500000 0.651456
f 9792 9789 9791
v -0.973401 -1.500000 0.686599
f 9793 9792 9791
v -0.996314 -1.500000 0.720000
f 9794 9793 9791
v -0.970399 -1.530399 0.720000
f 9795 9794 9791
f 9790 9795 9791
v -0.940000 -1.580136 0.759864
v -0.940000 -1.614597 0.840000
v -0.993087 -1.553087 0.786913
f 9796 9797 9798
f 9790 9796 9795
f 9796 9798 9795
v -1.020884 -1.500000 0.759116
f 9799 9794 9795
f 9798 9799 9795
v -1.056294 -1.500000 0.840000
f 9800 9799 9798
v -1.003957 -1.563957 0.840000
f 9801 9800 9798
f 9797 9801 9798
v -0.940000 -1.615786 0.844214
f 9802 9748 9749
v -1.011580 -1.571580 0.888420
f 9803 9802 9749
f 9797 9802 9801
f 9802 9803 9801
v -1.057119 -1.500000 0.842881
f 9804 9800 9801
f 9803 9804 9801
f 9707 9804 9704
f 9804 9803 9704
v -1.018218 -1.578218 0.960000
f 9805 9705 9704
f 9803 9805 9704
f 9750 9805 9749
f 9805 9803 9749
v -1.016887 -1.576887 1.003113
f 9806 9750 9755
f 9806 9805 9750
f 9806 9705 9805
f 9806 9711 9705
v -1.015423 -1.575423 1.080000
f 9807 9712 9711
f 9806 9807 9711
f 9756 9807 9755
f 9807 9806 9755
v -0.940000 -1.599259 1.200000
f 9758 9808 9756
v -1.004039 -1.564039 1.135961
f 9808 9809 9756
f 9809 9807 9756
f 9809 9712 9807
v -1.040741 -1.500000 1.200000
f 9810 9717 9712
f 9809 9810 9712
v -0.995079 -1.555079 1.200000
f 9811 9810 9809
f 9808 9811 9809
v -0.940000 -1.563103 1.256897
v -0.940000 -1.526310 1.320000
v -0.959717 -1.519717 1.300283
f 9812 9813 9814
f 9808 9812 9811
f 9812 9814 9811
v -1.005756 -1.500000 1.254244
f 9815 9810 9811
f 9814 9815 9811
v -0.966711 -1.500000 1.320000
f 9816 9815 9814
v -0.954327 -1.514327 1.320000
f 9817 9816 9814
f 9813 9817 9814
v -0.940000 -1.500000 1.349384
f 9813 9818 9817
f 9818 9816 9817
v -0.940000 -1.410092 -1.110092
f 9819 9762 9763
v -0.954938 -1.394938 -1.094938
f 9820 9819 9763
v -0.940000 -1.380000 -1.112376
f 9821 9819 9820
v -0.955399 -1.380000 -1.095399
f 9822 9821 9820
v -0.965477 -1.380000 -1.080000
f 9823 9822 9820
v -0.964096 -1.404096 -1.080000
f 9824 9823 9820
f 9764 9824 9763
f 9824 9820 9763
v -0.998784 -1.438784 -1.018784
f 9825 9764 9769
f 9825 9824 9764
v -1.000891 -1.380000 -1.020891
f 9826 9823 9824
f 9825 9826 9824
v -1.026338 -1.380000 -0.960000
f 9827 9826 9825
v -1.021774 -1.461774 -0.960000
f 9828 9827 9825
f 9770 9828 9769
f 9828 9825 9769
v -1.029628 -1.469628 -0.929628
f 9829 9770 9774
f 9829 9828 9770
v -1.033557 -1.380000 -0.933557
f 9830 9827 9828
f 9829 9830 9828
v -1.051445 -1.380000 -0.840000
f 9831 9830 9829
v -1.045651 -1.485651 -0.840000
f 9832 9831 9829
f 9775 9832 9774
f 9832 9829 9774
v -1.044892 -1.484892 -0.824892
f 9833 9775 9779
f 9833 9832 9775
v -1.050966 -1.380000 -0.830966
f 9834 9831 9832
f 9833 9834 9832
v -1.046576 -1.380000 -0.720000
f 9835 9834 9833
v -1.041015 -1.481015 -0.720000
f 9836 9835 9833
f 9780 9836 9779
f 9836 9833 9779
v -1.032668 -1.472668 -0.692668
f 9837 9780 9785
f 9837 9836 9780
v -1.040195 -1.380000 -0.700195
f 9838 9835 9836
f 9837 9838 9836
v -1.011935 -1.380000 -0.600000
f 9839 9838 9837
v -1.008212 -1.448212 -0.600000
f 9840 9839 9837
f 9786 9840 9785
f 9840 9837 9785
v -0.940000 -1.414624 -0.480000
f 9788 9841 9786
v -0.948491 -1.388491 -0.488491
f 9841 9842 9786
f 9842 9840 9786
v -0.949556 -1.380000 -0.489556
f 9843 9839 9840
f 9842 9843 9840
v -0.944546 -1.380000 -0.480000
f 9844 9843 9842
v -0.944311 -1.384311 -0.480000
f 9845 9844 9842
f 9841 9845 9842
v -0.940000 -1.380000 -0.474433
f 9841 9846 9845
f 9846 9844 9845
v -0.940000 -1.457163 0.642837
f 9847 9792 9793
v -0.981133 -1.421133 0.678867
f 9848 9847 9793
v -0.940000 -1.380000 0.630293
f 9849 9847 9848
v -0.983925 -1.380000 0.676075
f 9850 9849 9848
v -1.013785 -1.380000 0.720000
f 9851 9850 9848
v -1.005348 -1.445348 0.720000
f 9852 9851 9848
f 9794 9852 9793
f 9852 9848 9793
v -1.025068 -1.465068 0.754932
f 9853 9794 9799
f 9853 9852 9794
v -1.031775 -1.380000 0.748225
f 9854 9851 9852
f 9853 9854 9852
f 9721 9854 9718
f 9854 9853 9718
v -1.056838 -1.496838 0.840000
f 9855 9719 9718
f 9853 9855 9718
f 9800 9855 9799
f 9855 9853 9799
v -1.057489 -1.497489 0.842511
f 9856 9800 9804
f 9856 9855 9800
f 9856 9719 9855
f 9856 9725 9719
f 9856 9707 9725
f 9856 9804 9707
v -1.056830 -1.380000 1.200000
f 9857 9735 9734
v -1.044115 -1.484115 1.200000
f 9717 9858 9734
f 9858 9857 9734
f 9810 9858 9717
v -1.025283 -1.465283 1.234717
f 9859 9810 9815
f 9859 9858 9810
v -1.051899 -1.380000 1.208101
f 9860 9857 9858
f 9859 9860 9858
v -0.989592 -1.380000 1.320000
f 9861 9860 9859
v -0.984061 -1.424061 1.320000
f 9862 9861 9859
f 9816 9862 9815
f 9862 9859 9815
v -0.940000 -1.463764 1.356236
f 9818 9863 9816
v -0.940000 -1.380000 1.376055
f 9863 9864 9816
f 9864 9862 9816
f 9864 9861 9862
f 553 555 9821
f 553 9821 9822
f 9823 556 553
f 9823 553 9822
f 557 560 9826
f 560 561 9823
f 560 9823 9826
f 561 556 9823
f 9827 562 557
f 9827 557 9826
f 563 565 9827
f 563 9827 9830
f 566 562 9827
f 565 566 9827
v -1.034616 -1.354616 -0.840000
f 570 9865 571
f 9831 9865 9830
f 9865 570 563
f 9865 563 9830
v -1.041629 -1.361629 -0.821629
f 9866 9831 9834
f 9866 9865 9831
f 572 571 9865
f 9866 574 572
f 9866 572 9865
f 575 574 9866
v -1.033774 -1.353774 -0.720000
f 9867 577 575
f 9867 575 9866
f 9835 9867 9834
f 9867 9866 9834
f 578 580 9835
f 578 9835 9838
f 580 581 9867
f 580 9867 9835
f 582 577 9867
f 581 582 9867
f 9839 586 587
f 9839 587 9838
f 587 578 9838
v -0.940000 -1.360803 -0.480000
f 9868 588 590
f 9868 590 9843
f 590 591 9839
f 590 9839 9843
f 591 593 9839
f 593 586 9839
f 9844 9868 9843
v -0.940000 -1.375677 -0.475677
f 9846 9869 9844
f 9869 9868 9844
f 594 596 9849
f 594 9849 9850
f 9851 597 594
f 9851 594 9850
f 598 600 9851
f 598 9851 9854
f 601 597 9851
f 600 601 9851
f 9736 605 606
f 9736 606 9721
f 606 607 9721
f 607 598 9854
f 607 9854 9721
f 608 605 9736
f 408 611 9736
f 611 608 9736
v -1.056135 -1.376135 1.200000
f 416 9735 9870
f 416 9870 616
f 616 9870 617
f 9857 9870 9735
v -1.047028 -1.367028 1.212972
f 9871 9857 9860
f 9871 9870 9857
f 618 617 9870
f 9871 620 618
f 9871 618 9870
f 621 620 9871
f 623 621 9871
f 9861 625 626
f 9861 626 9860
f 626 623 9871
f 626 9871 9860
f 9864 627 629
f 9864 629 9861
f 629 631 9861
f 631 625 9861
v -0.820000 -1.652124 -0.992124
v -0.820000 -1.660385 -0.960000
v -0.845560 -1.645560 -0.985560
f 9872 9873 9874
v -0.820000 -1.620000 -1.074996
f 9875 9872 9874
v -0.872665 -1.620000 -1.012665
f 9876 9875 9874
v -0.906577 -1.620000 -0.960000
f 9877 9876 9874
v -0.850029 -1.650029 -0.960000
f 9878 9877 9874
f 9873 9878 9874
v -0.820000 -1.672395 -0.892395
v -0.820000 -1.679265 -0.840000
v -0.860527 -1.660527 -0.880527
f 9879 9880 9881
f 9873 9879 9878
f 9879 9881 9878
v -0.915795 -1.620000 -0.935795
f 9882 9877 9878
f 9881 9882 9878
f 9740 9882 9737
f 9882 9881 9737
v -0.863740 -1.663740 -0.840000
f 9883 9738 9737
f 9881 9883 9737
f 9880 9883 9881
v -0.820000 -1.677113 -0.777113
v -0.820000 -1.679157 -0.720000
v -0.861763 -1.661763 -0.761763
f 9884 9885 9886
f 9880 9884 9883
f 9884 9886 9883
f 9886 9738 9883
v -0.936906 -1.620000 -0.720000
f 9887 9744 9738
f 9886 9887 9738
v -0.861619 -1.661619 -0.720000
f 9888 9887 9886
f 9885 9888 9886
v -0.820000 -1.661845 -0.641845
v -0.820000 -1.656587 -0.600000
v -0.847149 -1.647149 -0.627149
f 9889 9890 9891
f 9885 9889 9888
f 9889 9891 9888
v -0.934498 -1.620000 -0.714498
f 9892 9887 9888
f 9891 9892 9888
v -0.886290 -1.620000 -0.600000
f 9893 9892 9891
v -0.844544 -1.644544 -0.600000
f 9894 9893 9891
f 9890 9894 9891
v -0.820000 -1.620000 -0.515208
f 9890 9895 9894
f 9895 9893 9894
v -0.820000 -1.624024 0.715976
v -0.820000 -1.625454 0.720000
v -0.823366 -1.623366 0.716634
f 9896 9897 9898
v -0.820000 -1.620000 0.708247
f 9899 9896 9898
v -0.826868 -1.620000 0.713132
f 9900 9899 9898
v -0.834442 -1.620000 0.720000
f 9901 9900 9898
v -0.824236 -1.624236 0.720000
f 9902 9901 9898
f 9897 9902 9898
v -0.820000 -1.654864 0.805136
v -0.820000 -1.662762 0.840000
v -0.848724 -1.648724 0.811276
f 9903 9904 9905
f 9897 9903 9902
f 9903 9905 9902
v -0.884872 -1.620000 0.775128
f 9906 9901 9902
f 9905 9906 9902
v -0.931056 -1.620000 0.840000
f 9907 9906 9905
v -0.853439 -1.653439 0.840000
f 9908 9907 9905
f 9904 9908 9905
v -0.820000 -1.673327 0.906673
v -0.820000 -1.679096 0.960000
v -0.862982 -1.662982 0.917018
f 9909 9910 9911
f 9904 9909 9908
f 9909 9911 9908
v -0.933663 -1.620000 0.846337
f 9912 9907 9908
f 9911 9912 9908
f 9748 9912 9745
f 9912 9911 9745
v -0.866182 -1.666182 0.960000
f 9913 9746 9745
f 9911 9913 9745
f 9910 9913 9911
v -0.820000 -1.677134 1.022866
v -0.820000 -1.677526 1.080000
v -0.864337 -1.664337 1.035663
f 9914 9915 9916
f 9910 9914 9913
f 9914 9916 9913
f 9916 9746 9913
f 9916 9752 9746
v -0.863910 -1.663910 1.080000
f 9917 9753 9752
f 9916 9917 9752
f 9915 9917 9916
v -0.820000 -1.661030 1.158970
v -0.820000 -1.655422 1.200000
v -0.849476 -1.649476 1.170524
f 9918 9919 9920
f 9915 9918 9917
f 9918 9920 9917
f 9920 9753 9917
v -0.906318 -1.620000 1.200000
f 9921 9758 9753
f 9920 9921 9753
v -0.846460 -1.646460 1.200000
f 9922 9921 9920
f 9919 9922 9920
v -0.820000 -1.620000 1.292590
f 9919 9923 9922
f 9923 9921 9922
v -0.820000 -1.502846 -1.202846
v -0.820000 -1.505888 -1.200000
v -0.822191 -1.502191 -1.202191
f 9924 9925 9926
v -0.820000 -1.500000 -1.204780
f 9927 9924 9926
v -0.823065 -1.500000 -1.203065
f 9928 9927 9926
v -0.827115 -1.500000 -1.200000
f 9929 9928 9926
v -0.823439 -1.503439 -1.200000
f 9930 9929 9926
f 9925 9930 9926
v -0.820000 -1.566511 -1.146511
v -0.820000 -1.617147 -1.080000
v -0.869868 -1.549868 -1.129868
f 9931 9932 9933
f 9925 9931 9930
f 9931 9933 9930
v -0.892361 -1.500000 -1.152361
f 9934 9929 9930
f 9933 9934 9930
f 9762 9934 9759
f 9934 9933 9759
v -0.889949 -1.569949 -1.080000
f 9935 9760 9759
f 9933 9935 9759
f 9932 9935 9933
v -0.820000 -1.618388 -1.078388
f 9936 9875 9876
v -0.905719 -1.585719 -1.045719
f 9937 9936 9876
f 9932 9936 9935
f 9936 9937 9935
f 9937 9760 9935
f 9937 9766 9760
v -0.927071 -1.607071 -0.960000
f 9938 9767 9766
f 9937 9938 9766
f 9877 9938 9876
f 9938 9937 9876
v -0.929415 -1.609415 -0.949415
f 9939 9877 9882
f 9939 9938 9877
f 9939 9767 9938
f 9939 9772 9767
f 9939 9740 9772
f 9939 9882 9740
v -0.938830 -1.618830 -0.720000
f 9940 9777 9744
f 9887 9940 9744
v -0.938408 -1.618408 -0.718408
f 9941 9887 9892
f 9941 9940 9887
f 9941 9777 9940
f 9941 9782 9777
v -0.917826 -1.597826 -0.600000
f 9942 9783 9782
f 9941 9942 9782
f 9893 9942 9892
f 9942 9941 9892
v -0.820000 -1.596609 -0.480000
f 9895 9943 9893
v -0.901497 -1.581497 -0.561497
f 9943 9944 9893
f 9944 9942 9893
f 9944 9783 9942
v -0.925968 -1.500000 -0.480000
f 9945 9788 9783
f 9944 9945 9783
v -0.874141 -1.554141 -0.480000
f 9946 9945 9944
f 9943 9946 9944
v -0.820000 -1.500000 -0.388962
f 9943 9947 9946
f 9947 9945 9946
v -0.820000 -1.518928 0.581072
v -0.820000 -1.536021 0.600000
v -0.835114 -1.515114 0.584886
f 9948 9949 9950
v -0.820000 -1.500000 0.566207
f 9951 9948 9950
v -0.842348 -1.500000 0.577652
f 9952 9951 9950
v -0.874694 -1.500000 0.600000
f 9953 9952 9950
v -0.843213 -1.523213 0.600000
f 9954 9953 9950
f 9949 9954 9950
v -0.820000 -1.577731 0.642269
f 9955 9899 9900
v -0.880837 -1.560837 0.659163
f 9956 9955 9900
f 9949 9955 9954
f 9955 9956 9954
v -0.913860 -1.500000 0.626140
f 9957 9953 9954
f 9956 9957 9954
f 9792 9957 9789
f 9957 9956 9789
v -0.903825 -1.583825 0.720000
f 9958 9790 9789
f 9956 9958 9789
f 9901 9958 9900
f 9958 9956 9900
v -0.914977 -1.594977 0.745023
f 9959 9901 9906
f 9959 9958 9901
f 9959 9790 9958
f 9959 9796 9790
v -0.937077 -1.617077 0.840000
f 9960 9797 9796
f 9959 9960 9796
f 9907 9960 9906
f 9960 9959 9906
v -0.937598 -1.617598 0.842402
f 9961 9907 9912
f 9961 9960 9907
f 9961 9797 9960
f 9961 9802 9797
f 9961 9748 9802
f 9961 9912 9748
v -0.928641 -1.608641 1.200000
f 9962 9808 9758
f 9921 9962 9758
v -0.820000 -1.604302 1.320000
f 9923 9963 9921
v -0.920135 -1.600135 1.219865
f 9963 9964 9921
f 9964 9962 9921
f 9964 9808 9962
f 9964 9812 9808
v -0.887285 -1.567285 1.320000
f 9965 9813 9812
f 9964 9965 9812
f 9963 9965 9964
v -0.820000 -1.500000 1.434862
f 9963 9966 9965
v -0.840275 -1.500000 1.419725
f 9966 9967 9965
f 9967 9813 9965
f 9967 9818 9813
v -0.820000 -1.392196 -1.212196
f 9968 9927 9928
v -0.828004 -1.388004 -1.208004
f 9969 9968 9928
v -0.820000 -1.380000 -1.212868
f 9970 9968 9969
v -0.828260 -1.380000 -1.208260
f 9971 9970 9969
v -0.839136 -1.380000 -1.200000
f 9972 9971 9969
v -0.837598 -1.397598 -1.200000
f 9973 9972 9969
f 9929 9973 9928
f 9973 9969 9928
v -0.894843 -1.454843 -1.154843
f 9974 9929 9934
f 9974 9973 9929
v -0.897593 -1.380000 -1.157593
f 9975 9972 9973
f 9974 9975 9973
f 9821 9975 9819
f 9975 9974 9819
f 9974 9762 9819
f 9974 9934 9762
v -0.929361 -1.489361 -0.480000
f 9976 9841 9788
f 9945 9976 9788
v -0.820000 -1.383086 -0.363086
f 9947 9977 9945
v -0.820000 -1.380000 -0.362283
f 9977 9978 9945
f 9978 9976 9945
v -0.859546 -1.380000 -0.399546
f 9978 9979 9976
f 9979 9841 9976
f 9979 9846 9841
v -0.820000 -1.425128 0.554872
f 9980 9951 9952
v -0.851236 -1.411236 0.568764
f 9981 9980 9952
v -0.820000 -1.380000 0.549526
f 9982 9980 9981
v -0.853468 -1.380000 0.566532
f 9983 9982 9981
v -0.901503 -1.380000 0.600000
f 9984 9983 9981
v -0.887547 -1.447547 0.600000
f 9985 9984 9981
f 9953 9985 9952
f 9985 9981 9952
v -0.916799 -1.476799 0.623201
f 9986 9953 9957
f 9986 9985 9953
v -0.924731 -1.380000 0.615269
f 9987 9984 9985
f 9986 9987 9985
f 9849 9987 9847
f 9987 9986 9847
f 9986 9792 9847
f 9986 9957 9792
v -0.820000 -1.479112 1.440000
f 9966 9988 9967
v -0.855333 -1.380000 1.440000
f 9989 9864 9863
v -0.848594 -1.408594 1.440000
f 9818 9990 9863
f 9990 9989 9863
f 9967 9988 9818
f 9988 9990 9818
v -0.820000 -1.380000 1.461030
f 9988 9991 9990
f 9991 9989 9990
v -0.820000 -1.361512 -1.200000
f 9992 9970 9971
f 9972 9992 9971
f 1146 1148 9972
f 1146 9972 9975
f 1149 1151 9992
f 1149 9992 9972
f 1148 1149 9972
f 555 1154 9821
f 1154 1155 9821
f 1155 1146 9975
f 1155 9975 9821
f 588 9868 1160
f 1161 1164 9979
f 9978 1165 1161
f 9978 1161 9979
f 1167 1168 9868
f 1168 1160 9868
f 9869 1169 1167
f 9869 1167 9868
f 9846 1170 1169
f 9846 1169 9869
f 9979 1164 1170
f 9979 1170 9846
f 1171 1173 9982
f 1171 9982 9983
f 9984 1174 1171
f 9984 1171 9983
f 1175 1177 9984
f 1175 9984 9987
f 1178 1174 9984
f 1177 1178 9984
f 596 1182 9849
f 1182 1183 9849
f 1183 1175 9987
f 1183 9987 9849
f 627 9864 1186
f 9989 1188 1186
f 9989 1186 9864
v -0.820000 -1.362642 1.457358
f 9991 9993 9989
f 9993 1189 1191
f 9993 1191 9989
f 1191 1188 9989
v -0.820000 0.180000 -1.495474
f 1613 9994 1614
f 1616 9994 1613
v -0.820000 0.281429 -1.578571
v -0.820000 0.269140 -1.560000
v -0.828976 0.291024 -1.568976
f 9995 9996 9997
v -0.820000 0.300000 -1.585534
f 9998 9995 9997
v -0.830168 0.300000 -1.570168
f 9999 9998 9997
v -0.835191 0.300000 -1.560000
f 10000 9999 9997
v -0.830666 0.289334 -1.560000
f 10001 10000 9997
f 9996 10001 9997
v -0.820000 0.215339 -1.524661
f 1676 10002 9994
f 1676 9994 1616
f 1678 10002 1676
f 9996 10002 10001
f 10002 1678 1679
f 10002 1679 10001
f 1680 1682 10000
f 1680 10000 10001
f 1679 1680 10001
v -0.820000 0.359255 -1.620745
f 10003 9998 9999
v -0.851183 0.388817 -1.591183
f 10004 10003 9999
v -0.820000 0.420000 -1.626747
f 10005 10003 10004
v -0.852260 0.420000 -1.592260
f 10006 10005 10004
v -0.875799 0.420000 -1.560000
f 10007 10006 10004
v -0.862567 0.377433 -1.560000
f 10008 10007 10004
f 10000 10008 9999
f 10008 10004 9999
f 1726 10000 1682
f 1726 1727 10008
f 1726 10008 10000
f 1728 1730 10007
f 1728 10007 10008
f 1727 1728 10008
v -0.820000 0.464721 -1.635279
f 10009 10005 10006
v -0.859667 0.500333 -1.599667
f 10010 10009 10006
v -0.820000 0.540000 -1.641902
f 10011 10009 10010
v -0.860470 0.540000 -1.600470
f 10012 10011 10010
f 1751 1753 10012
f 1751 10012 10010
v -0.884630 0.475370 -1.560000
f 10013 1754 1751
f 10013 1751 10010
f 10007 10013 10006
f 10013 10010 10006
f 1756 10007 1730
f 1756 1757 10013
f 1756 10013 10007
f 1758 1754 10013
f 1757 1758 10013
v -0.820000 0.579483 -1.640517
f 10014 10011 10012
v -0.859067 0.620933 -1.599067
f 10015 10014 10012
v -0.820000 0.660000 -1.637919
f 10016 10014 10015
f 1766 1768 10016
f 1766 10016 10015
f 1769 1766 10015
f 1771 1769 10015
f 1753 1773 10012
f 1773 1771 10015
f 1773 10015 10012
v -0.820000 0.715605 -1.624395
f 1780 10017 10016
f 1780 10016 1768
f 1782 10017 1780
f 1784 10017 1782
v -0.700000 -1.640263 -1.100263
v -0.700000 -1.648257 -1.080000
v -0.718086 -1.638086 -1.098086
f 10018 10019 10020
v -0.700000 -1.620000 -1.134063
f 10021 10018 10020
v -0.738474 -1.620000 -1.118474
f 10022 10021 10020
v -0.812764 -1.620000 -1.080000
f 10023 10022 10020
v -0.723839 -1.643839 -1.080000
f 10024 10023 10020
f 10019 10024 10020
v -0.700000 -1.674605 -1.014605
v -0.700000 -1.688221 -0.960000
v -0.748234 -1.668234 -1.008234
f 10025 10026 10027
f 10019 10025 10024
f 10025 10027 10024
v -0.817225 -1.620000 -1.077225
f 10028 10023 10024
f 10027 10028 10024
f 9875 10028 9872
f 10028 10027 9872
v -0.757908 -1.677908 -0.960000
f 10029 9873 9872
f 10027 10029 9872
f 10026 10029 10027
v -0.700000 -1.696369 -0.916369
v -0.700000 -1.707539 -0.840000
v -0.766404 -1.686404 -0.906404
f 10030 10031 10032
f 10026 10030 10029
f 10030 10032 10029
f 10032 9873 10029
f 10032 9879 9873
v -0.773124 -1.693124 -0.840000
f 10033 9880 9879
f 10032 10033 9879
f 10031 10033 10032
v -0.700000 -1.706537 -0.806537
v -0.700000 -1.711886 -0.720000
v -0.771922 -1.691922 -0.791922
f 10034 10035 10036
f 10031 10034 10033
f 10034 10036 10033
f 10036 9880 10033
f 10036 9884 9880
v -0.773874 -1.693874 -0.720000
f 10037 9885 9884
f 10036 10037 9884
f 10035 10037 10036
v -0.700000 -1.704131 -0.684131
v -0.700000 -1.695077 -0.600000
v -0.764170 -1.684170 -0.664170
f 10038 10039 10040
f 10035 10038 10037
f 10038 10040 10037
f 10040 9885 10037
f 10040 9889 9885
v -0.758196 -1.678196 -0.600000
f 10041 9890 9889
f 10040 10041 9889
f 10039 10041 10040
v -0.700000 -1.659261 -0.519261
v -0.700000 -1.644922 -0.480000
v -0.725807 -1.645807 -0.505807
f 10042 10043 10044
f 10039 10042 10041
f 10042 10044 10041
f 10044 9890 10041
v -0.772082 -1.620000 -0.480000
f 10045 9895 9890
f 10044 10045 9890
v -0.718967 -1.638967 -0.480000
f 10046 10045 10044
f 10043 10046 10044
v -0.700000 -1.620000 -0.443829
f 10043 10047 10046
f 10047 10045 10046
v -0.700000 -1.639853 0.700147
v -0.700000 -1.646791 0.720000
v -0.718233 -1.638233 0.701767
f 10048 10049 10050
v -0.700000 -1.620000 0.662747
f 10051 10048 10050
v -0.743111 -1.620000 0.676889
f 10052 10051 10050
f 9899 10052 9896
f 10052 10050 9896
v -0.723681 -1.643681 0.720000
f 10053 9897 9896
f 10050 10053 9896
f 10049 10053 10050
v -0.700000 -1.671238 0.788762
v -0.700000 -1.682588 0.840000
v -0.746712 -1.666712 0.793288
f 10054 10055 10056
f 10049 10054 10053
f 10054 10056 10053
f 10056 9897 10053
f 10056 9903 9897
v -0.755544 -1.675544 0.840000
f 10057 9904 9903
f 10056 10057 9903
f 10055 10057 10056
v -0.700000 -1.690690 0.889310
v -0.700000 -1.698669 0.960000
v -0.763747 -1.683747 0.896253
f 10058 10059 10060
f 10055 10058 10057
f 10058 10060 10057
f 10060 9904 10057
f 10060 9909 9904
v -0.769469 -1.689469 0.960000
f 10061 9910 9909
f 10060 10061 9909
f 10059 10061 10060
v -0.700000 -1.697296 1.002704
v -0.700000 -1.698622 1.080000
v -0.767992 -1.687992 1.012008
f 10062 10063 10064
f 10059 10062 10061
f 10062 10064 10061
f 10064 9910 10061
f 10064 9914 9910
v -0.768378 -1.688378 1.080000
f 10065 9915 9914
f 10064 10065 9914
f 10063 10065 10064
v -0.700000 -1.687541 1.132459
v -0.700000 -1.678703 1.200000
v -0.756760 -1.676760 1.143240
f 10066 10067 10068
f 10063 10066 10065
f 10066 10068 10065
f 10068 9915 10065
f 10068 9918 9915
v -0.750374 -1.670374 1.200000
f 10069 9919 9918
f 10068 10069 9918
f 10067 10069 10068
v -0.700000 -1.639196 1.300804
v -0.700000 -1.633029 1.320000
v -0.715093 -1.635093 1.304907
f 10070 10071 10072
f 10067 10070 10069
f 10070 10072 10069
f 10072 9919 10069
v -0.764454 -1.620000 1.320000
f 10073 9923 9919
f 10072 10073 9919
v -0.711125 -1.631125 1.320000
f 10074 10073 10072
f 10071 10074 10072
v -0.700000 -1.620000 1.343141
f 10071 10075 10074
f 10075 10073 10074
v -0.700000 -1.528997 -1.228997
v -0.700000 -1.559271 -1.200000
v -0.725105 -1.525105 -1.225105
f 10076 10077 10078
v -0.700000 -1.500000 -1.248265
f 10079 10076 10078
v -0.737340 -1.500000 -1.237340
f 10080 10079 10078
f 9927 10080 9924
f 10080 10078 9924
v -0.743164 -1.543164 -1.200000
f 10081 9925 9924
f 10078 10081 9924
f 10077 10081 10078
v -0.700000 -1.592211 -1.172211
f 10082 10021 10022
v -0.778761 -1.578761 -1.158761
f 10083 10082 10022
f 10077 10082 10081
f 10082 10083 10081
f 10083 9925 10081
f 10083 9931 9925
v -0.818127 -1.618127 -1.080000
f 10084 9932 9931
f 10083 10084 9931
f 10023 10084 10022
f 10084 10083 10022
v -0.818851 -1.618851 -1.078851
f 10085 10023 10028
f 10085 10084 10023
f 10085 9932 10084
f 10085 9936 9932
f 10085 9875 9936
f 10085 10028 9875
v -0.805283 -1.605283 -0.480000
f 10086 9943 9895
f 10045 10086 9895
v -0.700000 -1.528807 -0.360000
f 10047 10087 10045
v -0.762892 -1.562892 -0.422892
f 10087 10088 10045
f 10088 10086 10045
f 10088 9943 10086
v -0.754716 -1.500000 -0.360000
f 10089 9947 9943
f 10088 10089 9943
v -0.719700 -1.519700 -0.360000
f 10090 10089 10088
f 10087 10090 10088
v -0.700000 -1.500000 -0.339767
f 10087 10091 10090
f 10091 10089 10090
v -0.700000 -1.537893 0.562107
v -0.700000 -1.571470 0.600000
v -0.733986 -1.533986 0.566014
f 10092 10093 10094
v -0.700000 -1.500000 0.532900
f 10095 10092 10094
v -0.754321 -1.500000 0.545679
f 10096 10095 10094
f 9951 10096 9948
f 10096 10094 9948
v -0.757007 -1.557007 0.600000
f 10097 9949 9948
f 10094 10097 9948
f 10093 10097 10094
v -0.700000 -1.596035 0.623965
f 10098 10051 10052
v -0.785342 -1.585342 0.634658
f 10099 10098 10052
f 10093 10098 10097
f 10098 10099 10097
f 10099 9949 10097
f 10099 9955 9949
f 10099 9899 9955
f 10099 10052 9899
v -0.808481 -1.608481 1.320000
f 10100 9963 9923
f 10073 10100 9923
v -0.700000 -1.533226 1.440000
f 10075 10101 10073
v -0.778037 -1.578037 1.361963
f 10101 10102 10073
f 10102 10100 10073
f 10102 9963 10100
v -0.803464 -1.500000 1.440000
f 10103 9966 9963
f 10102 10103 9963
v -0.726181 -1.526181 1.440000
f 10104 10103 10102
f 10101 10104 10102
v -0.700000 -1.500000 1.468500
f 10101 10105 10104
f 10105 10103 10104
v -0.700000 -1.432971 -1.252971
f 10106 10079 10080
v -0.741599 -1.421599 -1.241599
f 10107 10106 10080
v -0.700000 -1.380000 -1.255843
f 10108 10106 10107
v -0.743242 -1.380000 -1.243242
f 10109 10108 10107
f 9970 10109 9968
f 10109 10107 9968
f 10107 9927 9968
f 10107 10080 9927
v -0.815408 -1.380000 -0.360000
f 10110 9978 9977
v -0.781108 -1.461108 -0.360000
f 9947 10111 9977
f 10111 10110 9977
f 10089 10111 9947
v -0.700000 -1.475852 -0.335852
f 10091 10112 10089
v -0.700000 -1.380000 -0.313761
f 10112 10113 10089
f 10113 10111 10089
f 10113 10110 10111
v -0.700000 -1.454167 0.525833
f 10114 10095 10096
v -0.761609 -1.441609 0.538391
f 10115 10114 10096
v -0.700000 -1.380000 0.517178
f 10116 10114 10115
v -0.767156 -1.380000 0.532844
f 10117 10116 10115
f 9982 10117 9980
f 10117 10115 9980
f 10115 9951 9980
f 10115 10096 9951
v -0.811542 -1.491542 1.440000
f 10118 9988 9966
f 10103 10118 9966
v -0.700000 -1.466210 1.473790
f 10105 10119 10103
v -0.700000 -1.380000 1.494286
f 10119 10120 10103
f 10120 10118 10103
v -0.792505 -1.380000 1.467495
f 10120 10121 10118
f 10121 9988 10118
f 10121 9991 9988
f 1924 1926 10108
f 1924 10108 10109
f 9992 1927 1929
f 9992 1929 9970
f 1929 1930 9970
f 1930 1924 10109
f 1930 10109 9970
f 1927 9992 1932
f 1151 1932 9992
v -0.816194 -1.376194 -0.360000
f 1165 9978 10122
f 1165 10122 1935
f 1935 10122 1936
f 10110 10122 9978
f 10113 1937 1939
f 10113 1939 10110
f 1939 1941 10110
f 1941 1942 10122
f 1941 10122 10110
f 1942 1936 10122
f 1943 1945 10116
f 1943 10116 10117
f 1173 1947 9982
f 1947 1948 9982
f 1948 1943 10117
f 1948 10117 9982
v -0.797366 -1.357366 1.462634
f 1951 1953 10123
f 1951 10123 10121
f 10120 1954 1951
f 10120 1951 10121
f 1953 1956 10123
f 1956 1958 10123
f 10123 1958 1959
f 10123 1959 9993
f 1959 1189 9993
f 9991 10123 9993
f 10121 10123 9991
v -0.700000 0.019649 -1.480351
v -0.700000 -0.005537 -1.440000
v -0.726721 0.033279 -1.466721
f 10124 10125 10126
v -0.700000 0.060000 -1.531449
f 10127 10124 10126
v -0.740529 0.060000 -1.480529
f 10128 10127 10126
f 2294 2296 10128
f 2294 10128 10126
f 2297 2294 10126
f 10125 2299 2297
f 10125 2297 10126
f 2299 10125 2302
v -0.700000 0.159296 -1.820704
v -0.700000 0.146502 -1.800000
v -0.710219 0.169781 -1.810219
f 10129 10130 10131
v -0.700000 0.180000 -1.850004
f 10132 10129 10131
v -0.713699 0.180000 -1.813699
f 10133 10132 10131
v -0.717948 0.180000 -1.800000
f 10134 10133 10131
v -0.712255 0.167745 -1.800000
f 10135 10134 10131
f 10130 10135 10131
v -0.700000 0.141852 -1.718148
v -0.700000 0.143675 -1.680000
v -0.714448 0.165552 -1.694448
f 10136 10137 10138
f 10130 10136 10135
f 10136 10138 10135
v -0.720963 0.180000 -1.700963
f 10139 10134 10135
f 10138 10139 10135
v -0.722198 0.180000 -1.680000
f 10140 10139 10138
v -0.714334 0.165666 -1.680000
f 10141 10140 10138
f 10137 10141 10138
v -0.700000 0.109299 -1.630701
v -0.700000 0.087640 -1.560000
v -0.737135 0.142865 -1.597135
f 10142 10143 10144
f 10137 10142 10141
f 10142 10144 10141
v -0.751420 0.180000 -1.611420
f 10145 10140 10141
f 10144 10145 10141
v -0.770365 0.180000 -1.560000
f 10146 10145 10144
v -0.741673 0.138327 -1.560000
f 10147 10146 10144
f 10143 10147 10144
v -0.700000 0.072984 -1.547016
f 10148 10127 10128
v -0.768105 0.111895 -1.508105
f 10149 10148 10128
f 10143 10148 10147
f 10148 10149 10147
v -0.793315 0.180000 -1.533315
f 10150 10146 10147
f 10149 10150 10147
f 1614 9994 10150
f 1614 10150 2342
f 2342 10150 10149
f 2342 10149 2343
f 2343 10149 2345
f 2296 2346 10128
f 2346 2345 10149
f 2346 10149 10128
v -0.700000 0.242090 -1.857910
f 10151 10132 10133
v -0.717282 0.282718 -1.817282
f 10152 10151 10133
v -0.700000 0.300000 -1.864397
f 10153 10151 10152
v -0.717746 0.300000 -1.817746
f 10154 10153 10152
v -0.723417 0.300000 -1.800000
f 10155 10154 10152
v -0.722408 0.277592 -1.800000
f 10156 10155 10152
f 10134 10156 10133
f 10156 10152 10133
v -0.741818 0.258182 -1.721818
f 10157 10134 10139
f 10157 10156 10134
v -0.743312 0.300000 -1.723312
f 10158 10155 10156
f 10157 10158 10156
v -0.755019 0.300000 -1.680000
f 10159 10158 10157
v -0.743739 0.256261 -1.680000
f 10160 10159 10157
f 10140 10160 10139
f 10160 10157 10139
v -0.772969 0.227031 -1.632969
f 10161 10140 10145
f 10161 10160 10140
v -0.783531 0.300000 -1.643531
f 10162 10159 10160
f 10161 10162 10160
f 9998 10162 9995
f 10162 10161 9995
v -0.789493 0.210507 -1.560000
f 10163 9996 9995
f 10161 10163 9995
f 10146 10163 10145
f 10163 10161 10145
v -0.800629 0.199371 -1.540629
f 10164 10146 10150
f 10164 10163 10146
f 10164 9996 10163
f 10164 10002 9996
f 10164 9994 10002
f 10164 10150 9994
v -0.700000 0.375736 -1.800000
f 10165 10153 10154
f 10155 10165 10154
v -0.749520 0.370480 -1.729520
f 10166 10155 10158
v -0.700000 0.420000 -1.779860
f 10167 10165 10155
f 10166 10167 10155
v -0.741903 0.420000 -1.721903
f 10168 10167 10166
v -0.767549 0.420000 -1.680000
f 10169 10168 10166
v -0.761558 0.358442 -1.680000
f 10170 10169 10166
f 10159 10170 10158
f 10170 10166 10158
v -0.790873 0.329127 -1.650873
f 10171 10159 10162
f 10171 10170 10159
v -0.795076 0.420000 -1.655076
f 10172 10169 10170
f 10171 10172 10170
f 10005 10172 10003
f 10172 10171 10003
f 10171 9998 10003
f 10171 10162 9998
v -0.700000 0.436890 -1.783110
f 10173 10167 10168
v -0.747738 0.492262 -1.727738
f 10174 10173 10168
v -0.700000 0.540000 -1.751984
f 10175 10173 10174
v -0.740357 0.540000 -1.720357
f 10176 10175 10174
v -0.780330 0.540000 -1.680000
f 10177 10176 10174
v -0.773589 0.466411 -1.680000
f 10178 10177 10174
f 10169 10178 10168
f 10178 10174 10168
v -0.797313 0.442687 -1.657313
f 10179 10169 10172
f 10179 10178 10169
v -0.801476 0.540000 -1.661476
f 10180 10177 10178
f 10179 10180 10178
f 10011 10180 10009
f 10180 10179 10009
f 10179 10005 10009
f 10179 10172 10005
v -0.700000 0.589635 -1.750365
f 10181 10175 10176
v -0.738874 0.621126 -1.718874
f 10182 10181 10176
v -0.700000 0.660000 -1.740206
f 10183 10181 10182
v -0.735056 0.660000 -1.715056
f 10184 10183 10182
v -0.776184 0.660000 -1.680000
f 10185 10184 10182
v -0.778832 0.581168 -1.680000
f 10186 10185 10182
f 10177 10186 10176
f 10186 10182 10176
v -0.801119 0.558881 -1.661119
f 10187 10177 10180
f 10187 10186 10177
v -0.799533 0.660000 -1.659533
f 10188 10185 10186
f 10187 10188 10186
f 10016 10188 10014
f 10188 10187 10014
f 10187 10011 10014
f 10187 10180 10011
v -0.700000 0.734690 -1.725310
f 10189 10183 10184
v -0.723896 0.756104 -1.703896
f 10190 10189 10184
v -0.700000 0.780000 -1.716988
f 10191 10189 10190
v -0.721507 0.780000 -1.701507
f 10192 10191 10190
v -0.746824 0.780000 -1.680000
f 10193 10192 10190
v -0.761394 0.718606 -1.680000
f 10194 10193 10190
f 10185 10194 10184
f 10194 10190 10184
v -0.796461 0.683539 -1.656461
f 10195 10185 10188
f 10195 10194 10185
v -0.785745 0.780000 -1.645745
f 10196 10193 10194
f 10195 10196 10194
f 1784 2460 10196
f 1784 10196 10017
f 10196 10195 10017
f 10195 10016 10017
f 10195 10188 10016
v -0.700000 0.880899 -1.680000
f 10197 10191 10192
f 10193 10197 10192
f 2467 2469 10193
f 2467 10193 10196
f 2470 2472 10197
f 2470 10197 10193
f 2469 2470 10193
f 2467 10196 2460
v -0.580000 -1.641896 -1.101896
v -0.580000 -1.650518 -1.080000
v -0.601692 -1.641692 -1.101692
f 10198 10199 10200
v -0.580000 -1.620000 -1.138339
f 10201 10198 10200
v -0.636525 -1.620000 -1.136525
f 10202 10201 10200
f 10021 10202 10018
f 10202 10200 10018
v -0.610080 -1.650080 -1.080000
f 10203 10019 10018
f 10200 10203 10018
f 10199 10203 10200
v -0.580000 -1.676282 -1.016282
v -0.580000 -1.690278 -0.960000
v -0.635705 -1.675705 -1.015705
f 10204 10205 10206
f 10199 10204 10203
f 10204 10206 10203
f 10206 10019 10203
f 10206 10025 10019
v -0.649305 -1.689305 -0.960000
f 10207 10026 10025
f 10206 10207 10025
f 10205 10207 10206
v -0.580000 -1.698134 -0.918134
v -0.580000 -1.709675 -0.840000
v -0.657221 -1.697221 -0.917221
f 10208 10209 10210
f 10205 10208 10207
f 10208 10210 10207
f 10210 10026 10207
f 10210 10030 10026
v -0.668264 -1.708264 -0.840000
f 10211 10031 10030
f 10210 10211 10030
f 10209 10211 10210
v -0.580000 -1.708756 -0.808756
v -0.580000 -1.714433 -0.720000
v -0.667317 -1.707317 -0.807317
f 10212 10213 10214
f 10209 10212 10211
f 10212 10214 10211
f 10214 10031 10211
f 10214 10034 10031
v -0.672581 -1.712581 -0.720000
f 10215 10035 10034
f 10214 10215 10034
f 10213 10215 10214
v -0.580000 -1.707397 -0.687397
v -0.580000 -1.698127 -0.600000
v -0.665223 -1.705223 -0.685223
f 10216 10217 10218
f 10213 10216 10215
f 10216 10218 10215
f 10218 10035 10215
f 10218 10038 10035
v -0.656302 -1.696302 -0.600000
f 10219 10039 10038
f 10218 10219 10038
f 10217 10219 10218
v -0.580000 -1.664598 -0.524598
v -0.580000 -1.648288 -0.480000
v -0.622756 -1.662756 -0.522756
f 10220 10221 10222
f 10217 10220 10219
f 10220 10222 10219
f 10222 10039 10219
f 10222 10042 10039
v -0.607577 -1.647577 -0.480000
f 10223 10043 10042
f 10222 10223 10042
f 10221 10223 10222
v -0.580000 -1.620000 -0.439107
f 10221 10224 10223
v -0.662524 -1.620000 -0.442524
f 10224 10225 10223
f 10225 10043 10223
f 10225 10047 10043
v -0.580000 -1.636720 0.703280
v -0.580000 -1.642583 0.720000
v -0.597029 -1.637029 0.702971
f 10226 10227 10228
v -0.580000 -1.620000 0.671650
f 10229 10226 10228
v -0.631864 -1.620000 0.668136
f 10230 10229 10228
f 10051 10230 10048
f 10230 10228 10048
v -0.603208 -1.643208 0.720000
f 10231 10049 10048
f 10228 10231 10048
f 10227 10231 10228
v -0.580000 -1.668014 0.791986
v -0.580000 -1.678702 0.840000
v -0.628989 -1.668989 0.791011
f 10232 10233 10234
f 10227 10232 10231
f 10232 10234 10231
f 10234 10049 10231
f 10234 10054 10049
v -0.640278 -1.680278 0.840000
f 10235 10055 10054
f 10234 10235 10054
f 10233 10235 10234
v -0.580000 -1.687293 0.892707
v -0.580000 -1.694812 0.960000
v -0.648840 -1.688840 0.891160
f 10236 10237 10238
f 10233 10236 10235
f 10236 10238 10235
f 10238 10055 10235
f 10238 10058 10055
v -0.656935 -1.696935 0.960000
f 10239 10059 10058
f 10238 10239 10058
f 10237 10239 10238
v -0.580000 -1.693317 1.006683
v -0.580000 -1.694421 1.080000
v -0.655468 -1.695468 1.004532
f 10240 10241 10242
f 10237 10240 10239
f 10240 10242 10239
f 10242 10059 10239
f 10242 10062 10059
v -0.656819 -1.696819 1.080000
f 10243 10063 10062
f 10242 10243 10062
f 10241 10243 10242
v -0.580000 -1.682257 1.137743
v -0.580000 -1.674035 1.200000
v -0.644821 -1.684821 1.135179
f 10244 10245 10246
f 10241 10244 10243
f 10244 10246 10243
f 10246 10063 10243
f 10246 10066 10063
v -0.635959 -1.675959 1.200000
f 10247 10067 10066
f 10246 10247 10066
f 10245 10247 10246
v -0.580000 -1.631873 1.308127
v -0.580000 -1.628067 1.320000
v -0.592582 -1.632582 1.307418
f 10248 10249 10250
f 10245 10248 10247
f 10248 10250 10247
f 10250 10067 10247
f 10250 10070 10067
v -0.588363 -1.628363 1.320000
f 10251 10071 10070
f 10250 10251 10070
f 10249 10251 10250
v -0.580000 -1.620000 1.334414
f 10249 10252 10251
v -0.678204 -1.620000 1.341796
f 10252 10253 10251
f 10253 10071 10251
f 10253 10075 10071
v -0.580000 -1.530960 -1.230960
v -0.580000 -1.563216 -1.200000
v -0.610587 -1.530587 -1.230587
f 10254 10255 10256
v -0.580000 -1.500000 -1.251491
f 10257 10254 10256
v -0.630327 -1.500000 -1.250327
f 10258 10257 10256
f 10079 10258 10076
f 10258 10256 10076
v -0.641402 -1.561402 -1.200000
f 10259 10077 10076
f 10256 10259 10076
f 10255 10259 10256
v -0.580000 -1.594077 -1.174077
f 10260 10201 10202
v -0.672825 -1.592825 -1.172825
f 10261 10260 10202
f 10255 10260 10259
f 10260 10261 10259
f 10261 10077 10259
f 10261 10082 10077
f 10261 10021 10082
f 10261 10202 10021
v -0.580000 -1.533844 -0.360000
f 10224 10262 10225
v -0.612615 -1.532615 -0.360000
f 10263 10087 10047
f 10225 10262 10047
f 10262 10263 10047
v -0.580000 -1.500000 -0.336261
f 10262 10264 10263
v -0.679279 -1.500000 -0.339279
f 10264 10265 10263
f 10265 10087 10263
f 10265 10091 10087
v -0.580000 -1.534156 0.565844
v -0.580000 -1.564547 0.600000
v -0.614981 -1.534981 0.565019
f 10266 10267 10268
v -0.580000 -1.500000 0.539410
f 10269 10266 10268
v -0.643684 -1.500000 0.536316
f 10270 10269 10268
f 10095 10270 10092
f 10270 10268 10092
v -0.648119 -1.568119 0.600000
f 10271 10093 10092
f 10268 10271 10092
f 10267 10271 10268
v -0.580000 -1.592495 0.627505
f 10272 10229 10230
v -0.674965 -1.594965 0.625035
f 10273 10272 10230
f 10267 10272 10271
f 10272 10273 10271
f 10273 10093 10271
f 10273 10098 10093
f 10273 10051 10098
f 10273 10230 10051
v -0.580000 -1.525541 1.440000
f 10252 10274 10253
v -0.607055 -1.527055 1.440000
f 10275 10101 10075
f 10253 10274 10075
f 10274 10275 10075
v -0.580000 -1.500000 1.461952
f 10274 10276 10275
v -0.672698 -1.500000 1.467302
f 10276 10277 10275
f 10277 10101 10275
f 10277 10105 10101
v -0.580000 -1.435993 -1.255993
f 10278 10257 10258
v -0.634809 -1.434809 -1.254809
f 10279 10278 10258
v -0.580000 -1.380000 -1.259025
f 10280 10278 10279
v -0.637696 -1.380000 -1.257696
f 10281 10280 10279
f 10108 10281 10106
f 10281 10279 10106
f 10279 10079 10106
f 10279 10258 10079
v -0.580000 -1.471590 -0.331590
v -0.675048 -1.475048 -0.335048
f 10282 10283 10265
f 10264 10282 10265
v -0.580000 -1.380000 -0.310155
f 10282 10284 10283
v -0.652586 -1.380000 -0.312586
f 10284 10285 10283
f 10283 10285 10112
f 10285 10113 10112
f 10091 10283 10112
f 10265 10283 10091
v -0.580000 -1.448498 0.531502
f 10286 10269 10270
v -0.651511 -1.451511 0.528489
f 10287 10286 10270
v -0.580000 -1.380000 0.523482
f 10288 10286 10287
v -0.660400 -1.380000 0.519600
f 10289 10288 10287
f 10116 10289 10114
f 10289 10287 10114
f 10287 10095 10114
f 10287 10270 10095
v -0.580000 -1.474092 1.465908
v -0.668092 -1.468092 1.471908
f 10290 10291 10277
f 10276 10290 10277
v -0.580000 -1.380000 1.487787
f 10290 10292 10291
v -0.648049 -1.380000 1.491951
f 10292 10293 10291
f 10291 10293 10119
f 10293 10120 10119
f 10105 10291 10119
f 10277 10291 10105
f 2580 2582 10280
f 2580 10280 10281
f 1926 2584 10108
f 2584 2585 10108
f 2585 2580 10281
f 2585 10281 10108
f 2588 2591 10285
f 10284 2592 2588
f 10284 2588 10285
f 1937 10113 2595
f 10285 2591 2595
f 10285 2595 10113
f 2596 2598 10288
f 2596 10288 10289
f 1945 2600 10116
f 2600 2601 10116
f 2601 2596 10289
f 2601 10289 10116
f 2604 2607 10293
f 10292 2608 2604
f 10292 2604 10293
f 1954 10120 2611
f 10293 2607 2611
f 10293 2611 10120
v -0.580000 -0.697665 -0.960000
f 2712 10294 2713
f 2715 10294 2716
f 2716 10294 2712
v -0.580000 -0.660000 -0.945097
f 2717 10295 10294
f 2717 10294 2715
f 2719 10295 2717
v -0.580000 -0.619837 -0.919837
f 2754 10296 10295
f 2754 10295 2719
f 2756 10296 2754
v -0.580000 -0.540000 -0.875757
f 2757 10297 10296
f 2757 10296 2756
v -0.612643 -0.540000 -0.872643
f 2758 10298 10297
f 2758 10297 2757
f 2759 10298 2760
f 2760 10298 2758
v -0.580000 -0.440642 -0.860642
f 10299 10297 10298
v -0.598554 -0.438554 -0.858554
f 10300 10299 10298
v -0.580000 -0.420000 -0.865396
f 10301 10299 10300
v -0.592152 -0.420000 -0.852152
f 10302 10301 10300
v -0.607372 -0.420000 -0.840000
f 10303 10302 10300
f 2779 10303 2780
f 2780 10303 10300
f 2780 10300 2781
f 2781 10300 10298
f 2781 10298 2759
v -0.644964 -0.420000 -0.784964
f 2782 10304 10303
f 2782 10303 2779
f 2783 10304 2782
v -0.580000 -0.319401 -0.979401
v -0.580000 -0.339726 -0.960000
v -0.592960 -0.312960 -0.972960
f 10305 10306 10307
v -0.580000 -0.300000 -1.002573
f 10308 10305 10307
v -0.597319 -0.300000 -0.977319
f 10309 10308 10307
v -0.604141 -0.300000 -0.960000
f 10310 10309 10307
v -0.600638 -0.320638 -0.960000
f 10311 10310 10307
f 10306 10311 10307
v -0.580000 -0.375626 -0.915626
f 10312 10301 10302
v -0.630042 -0.350042 -0.890042
f 10313 10312 10302
f 10306 10312 10311
f 10312 10313 10311
v -0.635735 -0.300000 -0.895735
f 10314 10310 10311
f 10313 10314 10311
v -0.659247 -0.300000 -0.840000
f 10315 10314 10313
v -0.658276 -0.378276 -0.840000
f 10316 10315 10313
f 10303 10316 10302
f 10316 10313 10302
v -0.667724 -0.387724 -0.807724
f 10317 10303 10304
f 10317 10316 10303
v -0.668564 -0.300000 -0.808564
f 10318 10315 10316
f 10317 10318 10316
f 2796 2798 10318
f 2796 10318 10317
f 2796 10317 2799
f 2799 10317 10304
f 2799 10304 2783
v -0.580000 -0.183873 -1.203873
v -0.580000 -0.185627 -1.200000
v -0.582660 -0.182660 -1.202660
f 10319 10320 10321
v -0.580000 -0.180000 -1.218697
f 10322 10319 10321
v -0.585598 -0.180000 -1.205598
f 10323 10322 10321
v -0.587575 -0.180000 -1.200000
f 10324 10323 10321
v -0.583158 -0.183158 -1.200000
f 10325 10324 10321
f 10320 10325 10321
v -0.580000 -0.213530 -1.113530
v -0.580000 -0.236180 -1.080000
v -0.601073 -0.201073 -1.101073
f 10326 10327 10328
f 10320 10326 10325
f 10326 10328 10325
v -0.621623 -0.180000 -1.121623
f 10329 10324 10325
f 10328 10329 10325
v -0.629832 -0.180000 -1.080000
f 10330 10329 10328
v -0.605514 -0.205514 -1.080000
f 10331 10330 10328
f 10327 10331 10328
v -0.580000 -0.259493 -1.039493
f 10332 10308 10309
v -0.625093 -0.225093 -1.005093
f 10333 10332 10309
f 10327 10332 10331
f 10332 10333 10331
v -0.653546 -0.180000 -1.033546
f 10334 10330 10331
f 10333 10334 10331
f 2811 2813 10334
f 2811 10334 10333
v -0.636804 -0.236804 -0.960000
f 10335 2814 2811
f 10335 2811 10333
f 10310 10335 10309
f 10335 10333 10309
v -0.652306 -0.252306 -0.912306
f 10336 10310 10314
f 10336 10335 10310
f 2815 2814 10335
f 10336 2817 2815
f 10336 2815 10335
f 2817 10336 2818
f 2818 10336 2820
f 10315 2821 2822
f 10315 2822 10314
f 2822 2820 10336
f 2822 10336 10314
f 2823 2825 10315
f 2823 10315 10318
f 2825 2821 10315
f 2798 2827 10318
f 2827 2823 10318
v -0.580000 -0.084471 -1.464471
v -0.580000 -0.097738 -1.440000
v -0.597780 -0.077780 -1.457780
f 10337 10338 10339
v -0.580000 -0.060000 -1.503900
f 10340 10337 10339
v -0.610748 -0.060000 -1.470748
f 10341 10340 10339
v -0.634004 -0.060000 -1.440000
f 10342 10341 10339
v -0.603030 -0.083030 -1.440000
f 10343 10342 10339
f 10338 10343 10339
v -0.580000 -0.124902 -1.384902
v -0.580000 -0.152542 -1.320000
v -0.625457 -0.105457 -1.365457
f 10344 10345 10346
f 10338 10344 10343
f 10344 10346 10343
f 2835 2837 10342
f 2835 10342 10343
f 10346 2838 2835
f 10346 2835 10343
f 2838 10346 2839
v -0.636625 -0.116625 -1.320000
f 2840 10347 2841
f 2839 10346 10347
f 2839 10347 2840
f 10345 10347 10346
v -0.580000 -0.158556 -1.298556
f 10348 10322 10323
f 2842 2844 10348
f 2842 10348 10323
f 10345 10348 10347
f 10348 2844 2845
f 10348 2845 10347
f 2845 2841 10347
f 10324 2847 2848
f 10324 2848 10323
f 2848 2842 10323
f 2849 2851 10324
f 2849 10324 10329
f 2851 2847 10324
f 10330 2853 2854
f 10330 2854 10329
f 2854 2849 10329
f 2855 2857 10330
f 2855 10330 10334
f 2857 2853 10330
f 2813 2859 10334
f 2859 2855 10334
v -0.580000 0.050633 -1.929367
v -0.580000 0.043989 -1.920000
v -0.586684 0.053316 -1.926684
f 10349 10350 10351
v -0.580000 0.060000 -1.939696
f 10352 10349 10351
v -0.590138 0.060000 -1.930138
f 10353 10352 10351
v -0.598689 0.060000 -1.920000
f 10354 10353 10351
v -0.589159 0.050841 -1.920000
f 10355 10354 10351
f 10350 10355 10351
v -0.580000 0.015152 -1.844848
v -0.580000 0.001286 -1.800000
v -0.609109 0.030891 -1.829109
f 10356 10357 10358
f 10350 10356 10355
f 10356 10358 10355
v -0.630029 0.060000 -1.850029
f 10359 10354 10355
f 10358 10359 10355
v -0.648451 0.060000 -1.800000
f 10360 10359 10358
v -0.613771 0.026229 -1.800000
f 10361 10360 10358
f 10357 10361 10358
v -0.580000 0.005158 -1.734842
v -0.580000 0.006714 -1.680000
v -0.610719 0.029281 -1.710719
f 10362 10363 10364
f 10357 10362 10361
f 10362 10364 10361
v -0.644614 0.060000 -1.744614
f 10365 10360 10361
f 10364 10365 10361
v -0.642492 0.060000 -1.680000
f 10366 10365 10364
v -0.610442 0.029558 -1.680000
f 10367 10366 10364
f 10363 10367 10364
v -0.580000 -0.005719 -1.625719
v -0.580000 -0.020095 -1.560000
v -0.620805 0.019195 -1.600805
f 10368 10369 10370
f 10363 10368 10367
f 10368 10370 10367
v -0.654669 0.060000 -1.634669
f 10371 10366 10367
f 10370 10371 10367
v -0.675196 0.060000 -1.560000
f 10372 10371 10370
v -0.625330 0.014670 -1.560000
f 10373 10372 10370
f 10369 10373 10370
v -0.580000 -0.037951 -1.537951
f 10374 10340 10341
v -0.648798 -0.008798 -1.508798
f 10375 10374 10341
f 10369 10374 10373
f 10374 10375 10373
v -0.687362 0.060000 -1.547362
f 10376 10372 10373
f 10375 10376 10373
f 10127 10376 10124
f 10376 10375 10124
v -0.671371 -0.031371 -1.440000
f 10377 10125 10124
f 10375 10377 10124
f 10342 10377 10341
f 10377 10375 10341
f 2866 10342 2837
f 2866 2867 10377
f 2866 10377 10342
f 2867 2868 10125
f 2867 10125 10377
f 2868 2302 10125
v -0.580000 0.118064 -1.981936
f 10378 10352 10353
v -0.620067 0.139933 -1.960067
f 10379 10378 10353
v -0.580000 0.180000 -2.017880
f 10380 10378 10379
v -0.630861 0.180000 -1.970861
f 10381 10380 10379
v -0.672932 0.180000 -1.920000
f 10382 10381 10379
v -0.640063 0.119937 -1.920000
f 10383 10382 10379
f 10354 10383 10353
f 10383 10379 10353
v -0.653743 0.106257 -1.873743
f 10384 10354 10359
f 10384 10383 10354
v -0.681430 0.180000 -1.901430
f 10385 10382 10383
f 10384 10385 10383
f 10132 10385 10129
f 10385 10384 10129
v -0.669703 0.090297 -1.800000
f 10386 10130 10129
f 10384 10386 10129
f 10360 10386 10359
f 10386 10384 10359
v -0.669166 0.090834 -1.769166
f 10387 10360 10365
f 10387 10386 10360
f 10387 10130 10386
f 10387 10136 10130
v -0.667512 0.092488 -1.680000
f 10388 10137 10136
f 10387 10388 10136
f 10366 10388 10365
f 10388 10387 10365
v -0.674406 0.085594 -1.654406
f 10389 10366 10371
f 10389 10388 10366
f 10389 10137 10388
f 10389 10142 10137
v -0.687493 0.072507 -1.560000
f 10390 10143 10142
f 10389 10390 10142
f 10372 10390 10371
f 10390 10389 10371
v -0.692000 0.068000 -1.552000
f 10391 10372 10376
f 10391 10390 10372
f 10391 10143 10390
f 10391 10148 10143
f 10391 10127 10148
f 10391 10376 10127
v -0.580000 0.200983 -2.019017
f 10392 10380 10381
v -0.632754 0.247246 -1.972754
f 10393 10392 10381
v -0.580000 0.300000 -2.023596
f 10394 10392 10393
v -0.633877 0.300000 -1.973877
f 10395 10394 10393
v -0.678365 0.300000 -1.920000
f 10396 10395 10393
v -0.674257 0.205743 -1.920000
f 10397 10396 10393
f 10382 10397 10381
f 10397 10393 10381
v -0.682115 0.197885 -1.902115
f 10398 10382 10385
f 10398 10397 10382
v -0.685166 0.300000 -1.905166
f 10399 10396 10397
f 10398 10399 10397
f 10153 10399 10151
f 10399 10398 10151
f 10398 10132 10151
f 10398 10385 10132
v -0.580000 0.337943 -2.002057
f 10400 10394 10395
v -0.606178 0.393822 -1.946178
f 10401 10400 10395
v -0.580000 0.420000 -1.958331
f 10402 10400 10401
v -0.599767 0.420000 -1.939767
f 10403 10402 10401
v -0.616376 0.420000 -1.920000
f 10404 10403 10401
v -0.653068 0.346932 -1.920000
f 10405 10404 10401
f 10396 10405 10395
f 10405 10401 10395
v -0.678673 0.321327 -1.898673
f 10406 10396 10399
f 10406 10405 10396
v -0.647659 0.420000 -1.867659
f 10407 10404 10405
f 10406 10407 10405
v -0.684685 0.420000 -1.800000
f 10408 10407 10406
f 10165 10408 10153
f 10408 10406 10153
f 10406 10399 10153
v -0.691491 0.420000 -1.791491
f 10409 10408 10165
f 10167 10409 10165
v -0.580000 0.459151 -1.920000
f 10410 10402 10403
f 10404 10410 10403
v -0.625508 0.494492 -1.845508
f 10411 10404 10407
v -0.580000 0.540000 -1.848576
f 10412 10410 10404
f 10411 10412 10404
v -0.606455 0.540000 -1.826455
f 10413 10412 10411
v -0.633085 0.540000 -1.800000
f 10414 10413 10411
v -0.671634 0.448366 -1.800000
f 10415 10414 10411
f 10408 10415 10407
f 10415 10411 10407
v -0.692234 0.427766 -1.792234
f 10416 10408 10409
f 10416 10415 10408
v -0.673620 0.540000 -1.773620
f 10417 10414 10415
f 10416 10417 10415
f 10175 10417 10173
f 10417 10416 10173
f 10416 10167 10173
f 10416 10409 10167
v -0.580000 0.628319 -1.831681
f 10418 10412 10413
v -0.595577 0.644423 -1.815577
f 10419 10418 10413
v -0.580000 0.660000 -1.817129
f 10420 10418 10419
v -0.591161 0.660000 -1.811161
f 10421 10420 10419
v -0.607493 0.660000 -1.800000
f 10422 10421 10419
v -0.615399 0.624601 -1.800000
f 10423 10422 10419
f 10414 10423 10413
f 10423 10419 10413
v -0.673096 0.566904 -1.773096
f 10424 10414 10417
f 10424 10423 10414
v -0.665295 0.660000 -1.765295
f 10425 10422 10423
f 10424 10425 10423
f 10183 10425 10181
f 10425 10424 10181
f 10424 10175 10181
f 10424 10417 10175
v -0.580000 0.752481 -1.800000
f 10426 10420 10421
f 10422 10426 10421
v -0.660316 0.699684 -1.760316
f 10427 10422 10425
v -0.580000 0.780000 -1.794976
f 10428 10426 10422
f 10427 10428 10422
v -0.651741 0.780000 -1.751741
f 10429 10428 10427
f 10191 10429 10189
f 10429 10427 10189
f 10427 10183 10189
f 10427 10425 10183
v -0.580000 0.787954 -1.792046
f 10430 10428 10429
v -0.637337 0.842663 -1.737337
f 10431 10430 10429
v -0.580000 0.900000 -1.753614
f 10432 10430 10431
v -0.625824 0.900000 -1.725824
f 10433 10432 10431
v -0.689871 0.900000 -1.680000
f 10434 10433 10431
f 10197 10434 10191
f 10434 10431 10191
f 10431 10429 10191
f 2961 2963 10434
f 2961 10434 10197
f 2472 2961 10197
f 2968 2970 10432
f 2968 10432 10433
f 2971 2968 10433
f 10434 2977 2978
f 10434 2978 10433
f 2978 2971 10433
f 2980 10434 2963
f 2980 2977 10434
v -0.460000 -1.623677 -1.083677
v -0.460000 -1.625153 -1.080000
v -0.464120 -1.624120 -1.084120
f 10435 10436 10437
v -0.460000 -1.620000 -1.089935
f 10438 10435 10437
v -0.475716 -1.620000 -1.095716
f 10439 10438 10437
f 10201 10439 10198
f 10439 10437 10198
v -0.466183 -1.626183 -1.080000
f 10440 10199 10198
f 10437 10440 10198
f 10436 10440 10437
v -0.460000 -1.657416 -0.997416
v -0.460000 -1.666978 -0.960000
v -0.502507 -1.662507 -1.002507
f 10441 10442 10443
f 10436 10441 10440
f 10441 10443 10440
f 10443 10199 10440
f 10443 10204 10199
v -0.516093 -1.676093 -0.960000
f 10444 10205 10204
f 10443 10444 10204
f 10442 10444 10443
v -0.460000 -1.678085 -0.898085
v -0.460000 -1.685868 -0.840000
v -0.527367 -1.687367 -0.907367
f 10445 10446 10447
f 10442 10445 10444
f 10445 10447 10444
f 10447 10205 10444
f 10447 10208 10205
v -0.540370 -1.700370 -0.840000
f 10448 10209 10208
f 10447 10448 10208
f 10446 10448 10447
v -0.460000 -1.683981 -0.783981
v -0.460000 -1.686635 -0.720000
v -0.538670 -1.698670 -0.798670
f 10449 10450 10451
f 10446 10449 10448
f 10449 10451 10448
f 10451 10209 10448
f 10451 10212 10209
v -0.545467 -1.705467 -0.720000
f 10452 10213 10212
f 10451 10452 10212
f 10450 10452 10451
v -0.460000 -1.671557 -0.651557
v -0.460000 -1.665278 -0.600000
v -0.531867 -1.691867 -0.671867
f 10453 10454 10455
f 10450 10453 10452
f 10453 10455 10452
f 10455 10213 10452
f 10455 10216 10213
v -0.521154 -1.681154 -0.600000
f 10456 10217 10216
f 10455 10456 10216
f 10454 10456 10455
v -0.460000 -1.620000 -0.495682
f 10454 10457 10456
v -0.469271 -1.620000 -0.489271
f 10457 10458 10456
f 10458 10217 10456
v -0.485072 -1.620000 -0.480000
f 10458 10459 10217
f 10459 10220 10217
f 10459 10221 10220
v -0.550007 -1.620000 -0.450007
f 10459 10460 10221
f 10460 10224 10221
v -0.488972 -1.620000 0.720000
f 10229 10461 10226
f 10461 10227 10226
v -0.460000 -1.644752 0.815248
v -0.460000 -1.650424 0.840000
v -0.488988 -1.648988 0.811012
f 10462 10463 10464
v -0.460000 -1.620000 0.742570
f 10465 10462 10464
f 10461 10465 10227
f 10465 10464 10227
f 10464 10232 10227
v -0.497656 -1.657656 0.840000
f 10466 10233 10232
f 10464 10466 10232
f 10463 10466 10464
v -0.460000 -1.662494 0.917506
v -0.460000 -1.667024 0.960000
v -0.510963 -1.670963 0.909037
f 10467 10468 10469
f 10463 10467 10466
f 10467 10469 10466
f 10469 10233 10466
f 10469 10236 10233
v -0.518690 -1.678690 0.960000
f 10470 10237 10236
f 10469 10470 10236
f 10468 10470 10469
v -0.460000 -1.664720 1.035280
v -0.460000 -1.664761 1.080000
v -0.516254 -1.676254 1.023746
f 10471 10472 10473
f 10468 10471 10470
f 10471 10473 10470
f 10473 10237 10470
f 10473 10240 10237
v -0.517418 -1.677418 1.080000
f 10474 10241 10240
f 10473 10474 10240
f 10472 10474 10473
v -0.460000 -1.645061 1.174939
v -0.460000 -1.641556 1.200000
v -0.494718 -1.654718 1.165282
f 10475 10476 10477
f 10472 10475 10474
f 10475 10477 10474
f 10477 10241 10474
f 10477 10244 10241
v -0.488347 -1.648347 1.200000
f 10478 10245 10244
f 10477 10478 10244
f 10476 10478 10477
v -0.460000 -1.620000 1.257087
f 10476 10479 10478
v -0.495260 -1.620000 1.284740
f 10479 10480 10478
f 10480 10245 10478
v -0.550760 -1.620000 1.320000
f 10480 10481 10245
f 10481 10248 10245
f 10481 10249 10248
v -0.569810 -1.620000 1.330190
f 10481 10482 10249
f 10482 10252 10249
v -0.460000 -1.508981 -1.208981
v -0.460000 -1.518530 -1.200000
v -0.470433 -1.510433 -1.210433
f 10483 10484 10485
v -0.460000 -1.500000 -1.215054
f 10486 10483 10485
v -0.480483 -1.500000 -1.220483
f 10487 10486 10485
f 10257 10487 10254
f 10487 10485 10254
v -0.488038 -1.528038 -1.200000
f 10488 10255 10254
f 10485 10488 10254
f 10484 10488 10485
v -0.460000 -1.572658 -1.152658
f 10489 10438 10439
v -0.546314 -1.586314 -1.166314
f 10490 10489 10439
f 10484 10489 10488
f 10489 10490 10488
f 10490 10255 10488
f 10490 10260 10255
f 10490 10201 10260
f 10490 10439 10201
v -0.460000 -1.609633 -0.480000
f 10457 10491 10458
f 10491 10459 10458
v -0.497700 -1.537700 -0.397700
f 10459 10492 10460
v -0.460000 -1.500000 -0.376908
f 10493 10492 10459
f 10491 10493 10459
v -0.471486 -1.500000 -0.371486
f 10493 10494 10492
v -0.505132 -1.500000 -0.360000
f 10494 10495 10492
f 10492 10495 10224
f 10495 10262 10224
f 10460 10492 10224
v -0.560963 -1.500000 -0.340963
f 10495 10496 10262
f 10496 10264 10262
v -0.460000 -1.507236 0.592764
v -0.460000 -1.513834 0.600000
v -0.468741 -1.508741 0.591259
f 10497 10498 10499
v -0.460000 -1.500000 0.587027
f 10500 10497 10499
v -0.480114 -1.500000 0.579886
f 10501 10500 10499
f 10269 10501 10266
f 10501 10499 10266
v -0.482426 -1.522426 0.600000
f 10502 10267 10266
f 10499 10502 10266
f 10498 10502 10499
v -0.460000 -1.566096 0.653904
v -0.460000 -1.609159 0.720000
v -0.542057 -1.582057 0.637943
f 10503 10504 10505
f 10498 10503 10502
f 10503 10505 10502
f 10505 10267 10502
f 10505 10272 10267
f 10505 10229 10272
f 10504 10461 10229
f 10505 10504 10229
v -0.460000 -1.613453 0.726547
f 10506 10465 10461
f 10504 10506 10461
v -0.460000 -1.583764 1.320000
f 10479 10507 10480
f 10507 10481 10480
v -0.541492 -1.581492 1.358508
f 10481 10508 10482
v -0.460000 -1.500000 1.412669
f 10509 10508 10481
f 10507 10509 10481
v -0.477517 -1.500000 1.422483
f 10509 10510 10508
v -0.521985 -1.500000 1.440000
f 10510 10511 10508
f 10508 10511 10252
f 10511 10274 10252
f 10482 10508 10252
v -0.563126 -1.500000 1.456874
f 10511 10512 10274
f 10512 10276 10274
v -0.460000 -1.401835 -1.221835
f 10513 10486 10487
v -0.489033 -1.409033 -1.229033
f 10514 10513 10487
v -0.460000 -1.380000 -1.223034
f 10515 10513 10514
v -0.491319 -1.380000 -1.231319
f 10516 10515 10514
f 10280 10516 10278
f 10516 10514 10278
f 10514 10257 10278
f 10514 10487 10257
v -0.460000 -1.427163 -0.360000
f 10493 10517 10494
f 10517 10495 10494
v -0.558747 -1.478747 -0.338747
f 10495 10518 10496
v -0.460000 -1.380000 -0.350700
f 10519 10518 10495
f 10517 10519 10495
v -0.540375 -1.380000 -0.320375
f 10519 10520 10518
f 10518 10520 10282
f 10520 10284 10282
f 10264 10518 10282
f 10496 10518 10264
v -0.460000 -1.406938 0.573062
f 10521 10500 10501
v -0.498967 -1.418967 0.561033
f 10522 10521 10501
v -0.460000 -1.380000 0.569847
f 10523 10521 10522
v -0.506662 -1.380000 0.553338
f 10524 10523 10522
f 10288 10524 10286
f 10524 10522 10286
f 10522 10269 10286
f 10522 10501 10269
v -0.460000 -1.381127 1.440000
f 10509 10525 10510
f 10525 10511 10510
v -0.561407 -1.481407 1.458593
f 10511 10526 10512
v -0.460000 -1.380000 1.440223
f 10527 10526 10511
f 10525 10527 10511
v -0.543295 -1.380000 1.476705
f 10527 10528 10526
f 10526 10528 10290
f 10528 10292 10290
f 10276 10526 10290
f 10512 10526 10276
f 3070 3072 10515
f 3070 10515 10516
f 2582 3074 10280
f 3074 3075 10280
f 3075 3070 10516
f 3075 10516 10280
v -0.460000 -1.371777 -0.351777
f 10529 3078 3080
f 10529 3080 10520
f 10519 10529 10520
f 3078 10529 3081
f 2592 10284 3084
f 10520 3080 3084
f 10520 3084 10284
f 3085 3087 10523
f 3085 10523 10524
f 2598 3089 10288
f 3089 3090 10288
f 3090 3085 10524
f 3090 10524 10288
v -0.460000 -1.378140 1.440000
f 3093 10530 3094
f 3101 10530 3093
v -0.460000 -1.379821 1.440179
f 10531 3102 3104
f 10531 3104 10528
f 10527 10531 10528
f 3102 10531 3105
f 3105 10531 10530
f 3105 10530 3101
f 2608 10292 3107
f 10528 3104 3107
f 10528 3107 10292
v -0.511792 -0.780000 -0.960000
f 3187 10532 3188
v -0.493623 -0.813623 -0.960000
f 3188 10532 10533
f 3188 10533 3189
f 3189 10533 3190
f 3190 10533 3191
v -0.460000 -0.780000 -0.934645
f 10534 3192 3191
f 10534 3191 10533
f 10532 10534 10533
v -0.540603 -0.740603 -0.960000
f 2713 10294 10535
f 2713 10535 3243
f 3243 10535 10532
f 3243 10532 3187
v -0.460000 -0.733160 -0.913160
f 10536 10534 10532
v -0.460000 -0.660000 -0.884036
f 10535 10537 10532
f 10537 10536 10532
v -0.546598 -0.660000 -0.926598
f 10294 10538 10535
f 10538 10537 10535
f 10295 10538 10294
v -0.460000 -0.570561 -0.870561
f 10539 10537 10538
v -0.532536 -0.612536 -0.912536
f 10540 10539 10538
v -0.460000 -0.540000 -0.877749
f 10541 10539 10540
v -0.489524 -0.540000 -0.869524
f 10542 10541 10540
f 10297 10542 10296
f 10542 10540 10296
f 10540 10295 10296
f 10540 10538 10295
v -0.460000 -0.453932 -0.993932
v -0.460000 -0.482704 -0.960000
v -0.487639 -0.447639 -0.987639
f 10543 10544 10545
v -0.460000 -0.420000 -1.034605
f 10546 10543 10545
v -0.493782 -0.420000 -0.993782
f 10547 10546 10545
v -0.520163 -0.420000 -0.960000
f 10548 10547 10545
v -0.512513 -0.472513 -0.960000
f 10549 10548 10545
f 10544 10549 10545
v -0.460000 -0.505196 -0.925196
f 10550 10541 10542
v -0.536211 -0.496211 -0.916211
f 10551 10550 10542
f 10544 10550 10549
f 10550 10551 10549
v -0.543065 -0.420000 -0.923065
f 10552 10548 10549
f 10551 10552 10549
f 10301 10552 10299
f 10552 10551 10299
f 10551 10297 10299
f 10551 10542 10297
v -0.460000 -0.337078 -1.117078
v -0.460000 -0.376502 -1.080000
v -0.485292 -0.325292 -1.105292
f 10553 10554 10555
v -0.460000 -0.300000 -1.163083
f 10556 10553 10555
v -0.501394 -0.300000 -1.121394
f 10557 10556 10555
v -0.525342 -0.300000 -1.080000
f 10558 10557 10555
v -0.495452 -0.335452 -1.080000
f 10559 10558 10555
f 10554 10559 10555
v -0.460000 -0.398642 -1.058642
f 10560 10546 10547
v -0.522888 -0.362888 -1.022888
f 10561 10560 10547
f 10554 10560 10559
f 10560 10561 10559
v -0.551010 -0.300000 -1.051010
f 10562 10558 10559
f 10561 10562 10559
f 10308 10562 10305
f 10562 10561 10305
v -0.548632 -0.388632 -0.960000
f 10563 10306 10305
f 10561 10563 10305
f 10548 10563 10547
f 10563 10561 10547
v -0.556962 -0.396962 -0.936962
f 10564 10548 10552
f 10564 10563 10548
f 10564 10306 10563
f 10564 10312 10306
f 10564 10301 10312
f 10564 10552 10301
v -0.460000 -0.205153 -1.345153
v -0.460000 -0.216504 -1.320000
v -0.479157 -0.199157 -1.339157
f 10565 10566 10567
v -0.460000 -0.180000 -1.404858
f 10568 10565 10567
v -0.499212 -0.180000 -1.359212
f 10569 10568 10567
v -0.529765 -0.180000 -1.320000
f 10570 10569 10567
v -0.484071 -0.204071 -1.320000
f 10571 10570 10567
f 10566 10571 10567
v -0.460000 -0.237209 -1.257209
v -0.460000 -0.272073 -1.200000
v -0.501204 -0.221204 -1.241204
f 10572 10573 10574
f 10566 10572 10571
f 10572 10574 10571
v -0.549184 -0.180000 -1.289184
f 10575 10570 10571
f 10574 10575 10571
f 10322 10575 10319
f 10575 10574 10319
v -0.512258 -0.232258 -1.200000
f 10576 10320 10319
f 10574 10576 10319
f 10573 10576 10574
v -0.460000 -0.281633 -1.181633
f 10577 10556 10557
v -0.527707 -0.247707 -1.147707
f 10578 10577 10557
f 10573 10577 10576
f 10577 10578 10576
f 10578 10320 10576
f 10578 10326 10320
v -0.549538 -0.269538 -1.080000
f 10579 10327 10326
f 10578 10579 10326
f 10558 10579 10557
f 10579 10578 10557
v -0.558776 -0.278776 -1.058776
f 10580 10558 10562
f 10580 10579 10558
f 10580 10327 10579
f 10580 10332 10327
f 10580 10308 10332
f 10580 10562 10308
v -0.460000 -0.071623 -1.811623
v -0.460000 -0.074014 -1.800000
v -0.468780 -0.068780 -1.808780
f 10581 10582 10583
v -0.460000 -0.060000 -1.855593
f 10584 10581 10583
v -0.479498 -0.060000 -1.819498
f 10585 10584 10583
v -0.488498 -0.060000 -1.800000
f 10586 10585 10583
v -0.469976 -0.069976 -1.800000
f 10587 10586 10583
f 10582 10587 10583
v -0.460000 -0.070065 -1.690065
v -0.460000 -0.070396 -1.680000
v -0.467089 -0.067089 -1.687089
f 10588 10589 10590
f 10582 10588 10587
f 10588 10590 10587
v -0.481288 -0.060000 -1.701288
f 10591 10586 10587
f 10590 10591 10587
v -0.480386 -0.060000 -1.680000
f 10592 10591 10590
v -0.467247 -0.067247 -1.680000
f 10593 10592 10590
f 10589 10593 10590
v -0.460000 -0.086350 -1.586350
v -0.460000 -0.093166 -1.560000
v -0.479215 -0.079215 -1.579215
f 10594 10595 10596
f 10589 10594 10593
f 10594 10596 10593
v -0.505331 -0.060000 -1.605331
f 10597 10592 10593
f 10596 10597 10593
v -0.520192 -0.060000 -1.560000
f 10598 10597 10596
v -0.482148 -0.082148 -1.560000
f 10599 10598 10596
f 10595 10599 10596
v -0.460000 -0.127033 -1.507033
v -0.460000 -0.164379 -1.440000
v -0.511427 -0.111427 -1.491427
f 10600 10601 10602
f 10595 10600 10599
f 10600 10602 10599
v -0.552316 -0.060000 -1.532316
f 10603 10598 10599
f 10602 10603 10599
f 10340 10603 10337
f 10603 10602 10337
v -0.528785 -0.128785 -1.440000
f 10604 10338 10337
f 10602 10604 10337
f 10601 10604 10602
v -0.460000 -0.169570 -1.429570
f 10605 10568 10569
v -0.541435 -0.141435 -1.401435
f 10606 10605 10569
f 10601 10605 10604
f 10605 10606 10604
f 10606 10338 10604
f 10606 10344 10338
v -0.562959 -0.162959 -1.320000
f 10607 10345 10344
f 10606 10607 10344
f 10570 10607 10569
f 10607 10606 10569
v -0.565645 -0.165645 -1.305645
f 10608 10570 10575
f 10608 10607 10570
f 10608 10345 10607
f 10608 10348 10345
f 10608 10322 10348
f 10608 10575 10322
v -0.460000 0.059271 -2.040729
v -0.460000 0.058474 -2.040000
v -0.460580 0.059420 -2.040580
f 10609 10610 10611
v -0.460000 0.060000 -2.041233
f 10612 10609 10611
v -0.460831 0.060000 -2.040831
f 10613 10612 10611
v -0.462168 0.060000 -2.040000
f 10614 10613 10611
v -0.460944 0.059056 -2.040000
f 10615 10614 10611
f 10610 10615 10611
v -0.460000 0.001266 -1.978734
v -0.460000 -0.039231 -1.920000
v -0.504552 0.015448 -1.964552
f 10616 10617 10618
f 10610 10616 10615
f 10616 10618 10615
v -0.529358 0.060000 -1.989358
f 10619 10614 10615
f 10618 10619 10615
f 10352 10619 10349
f 10619 10618 10349
v -0.522138 -0.002138 -1.920000
f 10620 10350 10349
f 10618 10620 10349
f 10617 10620 10618
v -0.460000 -0.045130 -1.905130
f 10621 10584 10585
v -0.533650 -0.013650 -1.873650
f 10622 10621 10585
f 10617 10621 10620
f 10621 10622 10620
f 10622 10350 10620
f 10622 10356 10350
v -0.546206 -0.026206 -1.800000
f 10623 10357 10356
f 10622 10623 10356
f 10586 10623 10585
f 10623 10622 10585
v -0.544124 -0.024124 -1.764124
f 10624 10586 10591
f 10624 10623 10586
f 10624 10357 10623
f 10624 10362 10357
v -0.542793 -0.022793 -1.680000
f 10625 10363 10362
f 10624 10625 10362
f 10592 10625 10591
f 10625 10624 10591
v -0.546233 -0.026233 -1.646233
f 10626 10592 10597
f 10626 10625 10592
f 10626 10363 10625
f 10626 10368 10363
v -0.557071 -0.037071 -1.560000
f 10627 10369 10368
f 10626 10627 10368
f 10598 10627 10597
f 10627 10626 10597
v -0.564765 -0.044765 -1.544765
f 10628 10598 10603
f 10628 10627 10598
f 10628 10369 10627
f 10628 10374 10369
f 10628 10340 10374
f 10628 10603 10340
v -0.460000 0.140493 -2.079507
f 10629 10612 10613
v -0.489766 0.150234 -2.069766
f 10630 10629 10613
v -0.460000 0.180000 -2.093784
f 10631 10629 10630
v -0.496498 0.180000 -2.076498
f 10632 10631 10630
v -0.553965 0.180000 -2.040000
f 10633 10632 10630
v -0.515830 0.124170 -2.040000
f 10634 10633 10630
f 10614 10634 10613
f 10634 10630 10613
v -0.544591 0.095409 -2.004591
f 10635 10614 10619
f 10635 10634 10614
v -0.569001 0.180000 -2.029001
f 10636 10633 10634
f 10635 10636 10634
f 10380 10636 10378
f 10636 10635 10378
f 10635 10352 10378
f 10635 10619 10352
v -0.460000 0.243938 -2.096062
f 10637 10631 10632
v -0.498469 0.261531 -2.078469
f 10638 10637 10632
v -0.460000 0.300000 -2.097667
f 10639 10637 10638
v -0.499155 0.300000 -2.079155
f 10640 10639 10638
v -0.560689 0.300000 -2.040000
f 10641 10640 10638
v -0.555490 0.204510 -2.040000
f 10642 10641 10638
f 10633 10642 10632
f 10642 10638 10632
v -0.569345 0.190655 -2.029345
f 10643 10633 10636
f 10643 10642 10633
v -0.571855 0.300000 -2.031855
f 10644 10641 10642
f 10643 10644 10642
f 10394 10644 10392
f 10644 10643 10392
f 10643 10380 10392
f 10643 10636 10380
v -0.460000 0.399615 -2.060385
f 10645 10639 10640
v -0.471611 0.408389 -2.051611
f 10646 10645 10640
v -0.460000 0.420000 -2.053678
f 10647 10645 10646
v -0.469236 0.420000 -2.049236
f 10648 10647 10646
v -0.484022 0.420000 -2.040000
f 10649 10648 10646
v -0.524271 0.355729 -2.040000
f 10650 10649 10646
f 10641 10650 10640
f 10650 10646 10640
v -0.567807 0.312193 -2.027807
f 10651 10641 10644
f 10651 10650 10641
v -0.538888 0.420000 -1.998888
f 10652 10649 10650
f 10651 10652 10650
f 10402 10652 10400
f 10652 10651 10400
f 10651 10394 10400
f 10651 10644 10394
v -0.460000 0.438287 -2.040000
f 10653 10647 10648
f 10649 10653 10648
v -0.483295 0.516705 -1.943295
f 10654 10649 10652
v -0.460000 0.540000 -1.937702
f 10655 10653 10649
f 10654 10655 10649
v -0.470581 0.540000 -1.930581
f 10656 10655 10654
v -0.483887 0.540000 -1.920000
f 10657 10656 10654
f 10410 10657 10402
f 10657 10654 10402
f 10654 10652 10402
v -0.540442 0.540000 -1.880442
f 10658 10657 10410
f 10412 10658 10410
v -0.460000 0.564028 -1.920000
f 10659 10655 10656
f 10657 10659 10656
v -0.535789 0.584211 -1.875789
f 10660 10657 10658
v -0.460000 0.660000 -1.875993
f 10661 10659 10657
f 10660 10661 10657
v -0.513175 0.660000 -1.853175
f 10662 10661 10660
f 10420 10662 10418
f 10662 10660 10418
f 10660 10412 10418
f 10660 10658 10412
v -0.460000 0.713831 -1.866169
f 10663 10661 10662
v -0.503392 0.736608 -1.843392
f 10664 10663 10662
v -0.460000 0.780000 -1.851361
f 10665 10663 10664
v -0.496302 0.780000 -1.836302
f 10666 10665 10664
v -0.570347 0.780000 -1.800000
f 10667 10666 10664
f 10426 10667 10420
f 10667 10664 10420
f 10664 10662 10420
v -0.576838 0.780000 -1.796838
f 10668 10667 10426
f 10428 10668 10426
v -0.460000 0.879757 -1.820243
f 10669 10665 10666
v -0.472629 0.887371 -1.812629
f 10670 10669 10666
v -0.460000 0.900000 -1.814425
f 10671 10669 10670
v -0.470180 0.900000 -1.810180
f 10672 10671 10670
v -0.491061 0.900000 -1.800000
f 10673 10672 10670
v -0.550732 0.809268 -1.800000
f 10674 10673 10670
f 10667 10674 10666
f 10674 10670 10666
v -0.575789 0.784211 -1.795789
f 10675 10667 10668
f 10675 10674 10667
v -0.550716 0.900000 -1.770716
f 10676 10673 10674
f 10675 10676 10674
f 10432 10676 10430
f 10676 10675 10430
f 10675 10428 10430
f 10675 10668 10428
v -0.460000 0.931993 -1.800000
f 10677 10671 10672
f 10673 10677 10672
v -0.534385 0.945615 -1.754385
f 10678 10673 10676
v -0.460000 1.020000 -1.755513
f 10679 10677 10673
f 10678 10679 10673
v -0.510500 1.020000 -1.730500
f 10680 10679 10678
f 3378 10680 3379
f 3379 10680 10678
f 3379 10678 3380
f 3380 10678 10432
f 3380 10432 2970
f 10678 10676 10432
f 3385 3387 10679
f 3385 10679 10680
f 3385 10680 3378
v -0.447885 -1.620000 -1.080000
f 10438 10681 10435
f 10681 10436 10435
v -0.402439 -1.620000 -1.022439
f 10681 10682 10436
v -0.351641 -1.620000 -0.960000
f 10682 10683 10436
f 10683 10441 10436
f 10683 10442 10441
v -0.340000 -1.632482 -0.852482
v -0.340000 -1.634004 -0.840000
v -0.357998 -1.637998 -0.857998
f 10684 10685 10686
v -0.340000 -1.620000 -0.926227
f 10687 10684 10686
f 10683 10687 10442
f 10687 10686 10442
f 10686 10445 10442
v -0.362349 -1.642349 -0.840000
f 10688 10446 10445
f 10686 10688 10445
f 10685 10688 10686
v -0.340000 -1.630362 -0.730362
v -0.340000 -1.630384 -0.720000
v -0.356883 -1.636883 -0.736883
f 10689 10690 10691
f 10685 10689 10688
f 10689 10691 10688
f 10691 10446 10688
f 10691 10449 10446
v -0.358218 -1.638218 -0.720000
f 10692 10450 10449
f 10691 10692 10449
f 10690 10692 10691
v -0.340000 -1.620000 -0.674178
f 10690 10693 10692
v -0.362602 -1.620000 -0.622602
f 10693 10694 10692
f 10694 10450 10692
v -0.373336 -1.620000 -0.600000
f 10694 10695 10450
f 10695 10453 10450
f 10695 10454 10453
v -0.410506 -1.620000 -0.550506
f 10695 10696 10454
f 10696 10457 10454
v -0.391838 -1.620000 0.840000
f 10465 10697 10462
f 10697 10463 10462
v -0.363583 -1.620000 0.936417
f 10697 10698 10463
v -0.355790 -1.620000 0.960000
f 10698 10699 10463
f 10699 10467 10463
f 10699 10468 10467
v -0.361366 -1.620000 1.058634
f 10699 10700 10468
v -0.362832 -1.620000 1.080000
f 10700 10701 10468
f 10701 10471 10468
f 10701 10472 10471
v -0.389900 -1.620000 1.150100
f 10701 10702 10472
v -0.413922 -1.620000 1.200000
f 10702 10703 10472
f 10703 10475 10472
f 10703 10476 10475
v -0.433009 -1.620000 1.226991
f 10703 10704 10476
f 10704 10479 10476
v -0.435807 -1.500000 -1.200000
f 10486 10705 10483
f 10705 10484 10483
v -0.340000 -1.522875 -1.102875
v -0.340000 -1.541051 -1.080000
v -0.375371 -1.535371 -1.115371
f 10706 10707 10708
v -0.340000 -1.500000 -1.123952
f 10709 10706 10708
f 10705 10709 10484
f 10709 10708 10484
f 10708 10489 10484
f 10708 10438 10489
f 10707 10681 10438
f 10708 10707 10438
v -0.340000 -1.573983 -1.033983
f 10681 10710 10682
v -0.340000 -1.611548 -0.960000
f 10710 10711 10682
f 10707 10710 10681
f 10711 10683 10682
v -0.340000 -1.613623 -0.953623
f 10712 10687 10683
f 10711 10712 10683
v -0.340000 -1.593860 -0.600000
f 10693 10713 10694
f 10713 10695 10694
v -0.340000 -1.524581 -0.504581
f 10695 10714 10696
v -0.340000 -1.507804 -0.480000
f 10714 10715 10696
f 10713 10714 10695
v -0.387675 -1.547675 -0.480000
f 10716 10491 10457
f 10696 10715 10457
f 10715 10716 10457
v -0.340000 -1.500000 -0.472549
f 10715 10717 10716
v -0.398196 -1.500000 -0.418196
f 10717 10718 10716
f 10718 10491 10716
f 10718 10493 10491
v -0.441999 -1.500000 0.600000
f 10500 10719 10497
f 10719 10498 10497
v -0.340000 -1.511352 0.708648
v -0.340000 -1.519124 0.720000
v -0.358437 -1.518437 0.701563
f 10720 10721 10722
v -0.340000 -1.500000 0.696319
f 10723 10720 10722
f 10719 10723 10498
f 10723 10722 10498
f 10722 10503 10498
v -0.411822 -1.571822 0.720000
f 10724 10504 10503
f 10722 10724 10503
f 10721 10724 10722
v -0.340000 -1.557113 0.782887
v -0.340000 -1.582208 0.840000
v -0.445261 -1.605261 0.734739
f 10725 10726 10727
f 10721 10725 10724
f 10725 10727 10724
f 10727 10504 10724
f 10727 10506 10504
f 10727 10465 10506
f 10726 10697 10465
f 10727 10726 10465
v -0.340000 -1.590334 0.869666
f 10697 10728 10698
v -0.340000 -1.608537 0.960000
f 10728 10729 10698
f 10726 10728 10697
f 10729 10699 10698
v -0.340000 -1.607892 0.972108
f 10699 10730 10700
v -0.340000 -1.603409 1.080000
f 10730 10731 10700
f 10729 10730 10699
f 10731 10701 10700
v -0.340000 -1.594243 1.105757
f 10701 10732 10702
v -0.340000 -1.565648 1.200000
f 10732 10733 10702
f 10731 10732 10701
f 10733 10703 10702
v -0.367714 -1.527714 1.292286
f 10703 10734 10704
v -0.340000 -1.500000 1.303898
f 10735 10734 10703
f 10733 10735 10703
v -0.346404 -1.500000 1.313596
f 10735 10736 10734
v -0.352654 -1.500000 1.320000
f 10736 10737 10734
f 10734 10737 10479
f 10737 10507 10479
f 10704 10734 10479
v -0.406003 -1.500000 1.373997
f 10737 10738 10507
f 10738 10509 10507
v -0.423021 -1.380000 -1.200000
f 10515 10739 10513
v -0.433221 -1.473221 -1.200000
f 10739 10740 10513
f 10740 10486 10513
f 10740 10705 10486
v -0.340000 -1.430339 -1.130339
f 10741 10709 10705
v -0.340000 -1.380000 -1.134139
f 10740 10742 10705
f 10742 10741 10705
f 10739 10742 10740
v -0.340000 -1.491168 -0.471168
v -0.392758 -1.432758 -0.412758
f 10743 10744 10718
f 10717 10743 10718
v -0.340000 -1.380000 -0.451342
f 10743 10745 10744
v -0.384341 -1.380000 -0.404341
f 10745 10746 10744
v -0.445694 -1.380000 -0.360000
f 10746 10747 10744
f 10744 10747 10493
f 10747 10517 10493
f 10718 10744 10493
v -0.453849 -1.380000 -0.353849
f 10747 10748 10517
f 10748 10519 10517
v -0.418222 -1.380000 0.600000
f 10523 10749 10521
v -0.438067 -1.478067 0.600000
f 10749 10750 10521
f 10750 10500 10521
f 10750 10719 10500
v -0.340000 -1.419635 0.680365
f 10751 10723 10719
v -0.340000 -1.380000 0.673846
f 10750 10752 10719
f 10752 10751 10719
f 10749 10752 10750
v -0.340000 -1.441857 1.320000
f 10735 10753 10736
f 10753 10737 10736
v -0.401013 -1.441013 1.378987
f 10737 10754 10738
v -0.340000 -1.380000 1.332976
f 10755 10754 10737
f 10753 10755 10737
v -0.390955 -1.380000 1.389045
f 10755 10756 10754
v -0.459676 -1.380000 1.440000
f 10756 10757 10754
f 10754 10757 10509
f 10757 10525 10509
f 10738 10754 10509
v -0.459856 -1.380000 1.440144
f 10757 10758 10525
f 10758 10527 10525
v -0.441408 -1.361408 -1.200000
f 3072 3461 10759
f 3072 10759 10515
f 10759 10739 10515
f 3462 3465 10739
f 3465 3466 10742
f 3465 10742 10739
f 10759 3467 3462
f 10759 3462 10739
f 3461 3467 10759
v -0.340000 -1.356985 -0.456985
f 10760 3471 3473
f 10760 3473 10746
f 10745 10760 10746
f 3471 10760 3474
v -0.448856 -1.368856 -0.360000
f 3478 10761 3479
f 3473 3479 10761
f 3473 10761 10746
f 10761 10747 10746
v -0.454665 -1.374665 -0.354665
f 10747 10762 10748
f 10761 10762 10747
f 3480 3482 10762
f 3480 10762 10761
f 3478 3480 10761
f 10762 3482 3483
f 10762 3483 10529
f 3483 3081 10529
f 10519 10762 10529
f 10748 10762 10519
v -0.437202 -1.357202 0.600000
f 3087 3484 10763
f 3087 10763 10523
f 10763 10749 10523
f 3485 3488 10749
f 3488 3489 10752
f 3488 10752 10749
f 10763 3490 3485
f 10763 3485 10749
f 3484 3490 10763
v -0.340000 -1.370319 1.329681
f 10764 3501 3503
f 10764 3503 10756
f 10755 10764 10756
f 3501 10764 3504
f 3504 10764 3505
v -0.459766 -1.379766 1.440000
f 3507 10765 3508
f 3094 10530 10765
f 3094 10765 3507
f 3503 3508 10765
f 3503 10765 10756
f 10765 10757 10756
v -0.459882 -1.379882 1.440118
f 10757 10766 10758
f 10765 10766 10757
f 10530 10766 10765
f 10531 10766 10530
f 10527 10766 10531
f 10758 10766 10527
v -0.384311 -0.944311 -0.884311
f 3573 10767 3574
f 3576 10767 3573
v -0.427449 -0.900000 -0.927449
f 3577 10768 10767
f 3577 10767 3576
f 3578 10768 3577
v -0.346283 -0.900000 -0.840000
f 10768 10769 10767
v -0.345740 -0.905740 -0.840000
f 10769 10770 10767
f 10770 3579 3574
f 10770 3574 10767
v -0.340000 -0.900000 -0.825694
f 10771 3580 3579
f 10771 3579 10770
f 10769 10771 10770
v -0.451351 -0.891351 -0.951351
f 3578 3630 10772
f 3578 10772 10768
f 3631 10772 3630
f 3632 10772 3631
v -0.372268 -0.780000 -0.840000
f 3633 10773 10772
f 3633 10772 3632
f 3192 10534 10773
f 3192 10773 3633
v -0.365119 -0.805119 -0.840000
f 10773 10774 10772
f 10772 10774 10768
f 10774 10769 10768
v -0.340000 -0.870879 -0.810879
f 10775 10771 10769
v -0.340000 -0.780000 -0.767327
f 10774 10776 10769
f 10776 10775 10769
f 10773 10776 10774
v -0.391867 -0.660000 -0.840000
f 10537 10777 10536
v -0.368990 -0.688990 -0.840000
f 10777 10778 10536
f 10778 10534 10536
f 10778 10773 10534
v -0.340000 -0.694452 -0.754452
f 10779 10776 10773
v -0.340000 -0.660000 -0.758089
f 10778 10780 10773
f 10780 10779 10773
f 10777 10780 10778
v -0.340000 -0.554346 -0.974346
v -0.340000 -0.564302 -0.960000
v -0.354291 -0.554291 -0.974291
f 10781 10782 10783
v -0.340000 -0.540000 -0.995247
f 10784 10781 10783
v -0.358439 -0.540000 -0.978439
f 10785 10784 10783
v -0.380211 -0.540000 -0.960000
f 10786 10785 10783
v -0.372741 -0.572741 -0.960000
f 10787 10786 10783
f 10782 10787 10783
v -0.340000 -0.597372 -0.897372
v -0.340000 -0.630497 -0.840000
v -0.409014 -0.609014 -0.909014
f 10788 10789 10790
f 10782 10788 10787
f 10788 10790 10787
v -0.417418 -0.540000 -0.917418
f 10791 10786 10787
f 10790 10791 10787
f 10541 10791 10539
f 10791 10790 10539
f 10790 10537 10539
f 10789 10777 10537
f 10790 10789 10537
v -0.340000 -0.638059 -0.818059
f 10792 10780 10777
f 10789 10792 10777
v -0.340000 -0.451294 -1.111294
v -0.340000 -0.478321 -1.080000
v -0.363283 -0.443283 -1.103283
f 10793 10794 10795
v -0.340000 -0.420000 -1.141903
f 10796 10793 10795
v -0.376521 -0.420000 -1.116521
f 10797 10796 10795
v -0.415895 -0.420000 -1.080000
f 10798 10797 10795
v -0.375061 -0.455061 -1.080000
f 10799 10798 10795
f 10794 10799 10795
v -0.340000 -0.506059 -1.046059
f 10800 10784 10785
v -0.403045 -0.483045 -1.023045
f 10801 10800 10785
f 10794 10800 10799
f 10800 10801 10799
v -0.438626 -0.420000 -1.058626
f 10802 10798 10799
f 10801 10802 10799
f 10546 10802 10543
f 10802 10801 10543
v -0.430536 -0.510536 -0.960000
f 10803 10544 10543
f 10801 10803 10543
f 10786 10803 10785
f 10803 10801 10785
v -0.438487 -0.518487 -0.938487
f 10804 10786 10791
f 10804 10803 10786
f 10804 10544 10803
f 10804 10550 10544
f 10804 10541 10550
f 10804 10791 10541
v -0.340000 -0.328930 -1.228930
v -0.340000 -0.357162 -1.200000
v -0.362188 -0.322188 -1.222188
f 10805 10806 10807
v -0.340000 -0.300000 -1.270167
f 10808 10805 10807
v -0.381027 -0.300000 -1.241027
f 10809 10808 10807
v -0.418332 -0.300000 -1.200000
f 10810 10809 10807
v -0.372632 -0.332632 -1.200000
f 10811 10810 10807
f 10806 10811 10807
v -0.340000 -0.389331 -1.169331
f 10812 10796 10797
v -0.405353 -0.365353 -1.145353
f 10813 10812 10797
f 10806 10812 10811
f 10812 10813 10811
v -0.442904 -0.300000 -1.182904
f 10814 10810 10811
f 10813 10814 10811
f 10556 10814 10553
f 10814 10813 10553
v -0.438962 -0.398962 -1.080000
f 10815 10554 10553
f 10813 10815 10553
f 10798 10815 10797
f 10815 10813 10797
v -0.446572 -0.406572 -1.066572
f 10816 10798 10802
f 10816 10815 10798
f 10816 10554 10815
f 10816 10560 10554
f 10816 10546 10560
f 10816 10802 10546
v -0.340000 -0.200926 -1.460926
v -0.340000 -0.211491 -1.440000
v -0.357284 -0.197284 -1.457284
f 10817 10818 10819
v -0.340000 -0.180000 -1.498179
f 10820 10817 10819
v -0.375369 -0.180000 -1.475369
f 10821 10820 10819
v -0.422576 -0.180000 -1.440000
f 10822 10821 10819
v -0.363407 -0.203407 -1.440000
f 10823 10822 10819
f 10818 10823 10819
v -0.340000 -0.237922 -1.377922
v -0.340000 -0.268746 -1.320000
v -0.386628 -0.226628 -1.366628
f 10824 10825 10826
f 10818 10824 10823
f 10824 10826 10823
v -0.442318 -0.180000 -1.422318
f 10827 10822 10823
f 10826 10827 10823
f 10568 10827 10565
f 10827 10826 10565
v -0.401396 -0.241396 -1.320000
f 10828 10566 10565
f 10826 10828 10565
f 10825 10828 10826
v -0.340000 -0.278156 -1.298156
f 10829 10808 10809
v -0.414852 -0.254852 -1.274852
f 10830 10829 10809
f 10825 10829 10828
f 10829 10830 10828
f 10830 10566 10828
f 10830 10572 10566
v -0.442856 -0.282856 -1.200000
f 10831 10573 10572
f 10830 10831 10572
f 10810 10831 10809
f 10831 10830 10809
v -0.448141 -0.288141 -1.188141
f 10832 10810 10814
f 10832 10831 10810
f 10832 10573 10831
f 10832 10577 10573
f 10832 10556 10577
f 10832 10814 10556
v -0.340000 -0.080710 -1.940710
v -0.340000 -0.090340 -1.920000
v -0.357322 -0.077322 -1.937322
f 10833 10834 10835
v -0.340000 -0.060000 -1.973321
f 10836 10833 10835
v -0.373391 -0.060000 -1.953391
f 10837 10836 10835
v -0.418924 -0.060000 -1.920000
f 10838 10837 10835
v -0.363127 -0.083127 -1.920000
f 10839 10838 10835
f 10834 10839 10835
v -0.340000 -0.109439 -1.849439
v -0.340000 -0.119408 -1.800000
v -0.379695 -0.099695 -1.839695
f 10840 10841 10842
f 10834 10840 10839
f 10840 10842 10839
v -0.435896 -0.060000 -1.895896
f 10843 10838 10839
f 10842 10843 10839
f 10584 10843 10581
f 10843 10842 10581
v -0.385440 -0.105440 -1.800000
f 10844 10582 10581
f 10842 10844 10581
f 10841 10844 10842
v -0.340000 -0.116157 -1.736157
v -0.340000 -0.117687 -1.680000
v -0.382418 -0.102418 -1.722418
f 10845 10846 10847
f 10841 10845 10844
f 10845 10847 10844
f 10847 10582 10844
f 10847 10588 10582
v -0.383391 -0.103391 -1.680000
f 10848 10589 10588
f 10847 10848 10588
f 10846 10848 10847
v -0.340000 -0.125668 -1.625668
v -0.340000 -0.143196 -1.560000
v -0.391014 -0.111014 -1.611014
f 10849 10850 10851
f 10846 10849 10848
f 10849 10851 10848
f 10851 10589 10848
f 10851 10594 10589
v -0.400115 -0.120115 -1.560000
f 10852 10595 10594
f 10851 10852 10594
f 10850 10852 10851
v -0.340000 -0.157698 -1.537698
f 10853 10820 10821
v -0.419258 -0.139258 -1.519258
f 10854 10853 10821
f 10850 10853 10852
f 10853 10854 10852
f 10854 10595 10852
f 10854 10600 10595
v -0.449353 -0.169353 -1.440000
f 10855 10601 10600
f 10854 10855 10600
f 10822 10855 10821
f 10855 10854 10821
v -0.452168 -0.172168 -1.432168
f 10856 10822 10827
f 10856 10855 10822
f 10856 10601 10855
f 10856 10605 10601
f 10856 10568 10605
f 10856 10827 10568
v -0.340000 0.027334 -2.072666
v -0.340000 -0.007537 -2.040000
v -0.367315 0.032685 -2.067315
f 10857 10858 10859
v -0.340000 0.060000 -2.094721
f 10860 10857 10859
v -0.380009 0.060000 -2.080009
f 10861 10860 10859
f 10612 10861 10609
f 10861 10859 10609
v -0.385954 0.014046 -2.040000
f 10862 10610 10609
f 10859 10862 10609
f 10858 10862 10859
v -0.340000 -0.033322 -2.013322
f 10863 10836 10837
v -0.415332 -0.015332 -1.995332
f 10864 10863 10837
f 10858 10863 10862
f 10863 10864 10862
f 10864 10610 10862
f 10864 10616 10610
v -0.447241 -0.047241 -1.920000
f 10865 10617 10616
f 10864 10865 10616
f 10838 10865 10837
f 10865 10864 10837
v -0.450076 -0.050076 -1.910076
f 10866 10838 10843
f 10866 10865 10838
f 10866 10617 10865
f 10866 10621 10617
f 10866 10584 10621
f 10866 10843 10584
v -0.340000 0.103824 -2.116176
f 10867 10860 10861
v -0.401095 0.118905 -2.101095
f 10868 10867 10861
v -0.340000 0.180000 -2.143004
f 10869 10867 10868
v -0.415824 0.180000 -2.115824
f 10870 10869 10868
f 10631 10870 10629
f 10870 10868 10629
f 10868 10612 10629
f 10868 10861 10612
v -0.340000 0.196396 -2.143604
f 10871 10869 10870
v -0.416983 0.223017 -2.116983
f 10872 10871 10870
v -0.340000 0.300000 -2.146508
f 10873 10871 10872
v -0.418453 0.300000 -2.118453
f 10874 10873 10872
f 10639 10874 10637
f 10874 10872 10637
f 10872 10631 10637
f 10872 10870 10631
v -0.340000 0.321760 -2.138240
f 10875 10873 10874
v -0.402306 0.357694 -2.102306
f 10876 10875 10874
v -0.340000 0.420000 -2.106278
f 10877 10875 10876
v -0.388526 0.420000 -2.088526
f 10878 10877 10876
f 10647 10878 10645
f 10878 10876 10645
f 10876 10639 10645
f 10876 10874 10639
v -0.340000 0.508248 -2.040000
f 10879 10877 10878
v -0.418604 0.461396 -2.040000
f 10653 10880 10647
f 10880 10879 10647
f 10879 10878 10647
v -0.340000 0.540000 -2.007091
f 10881 10879 10880
v -0.396958 0.540000 -1.976958
f 10653 10882 10880
f 10882 10881 10880
f 10655 10882 10653
v -0.340000 0.655505 -1.920000
f 10883 10881 10882
v -0.360264 0.639736 -1.920000
f 10659 10884 10655
f 10884 10883 10655
f 10883 10882 10655
v -0.340000 0.660000 -1.917887
f 10885 10883 10884
v -0.428738 0.660000 -1.888738
f 10659 10886 10884
f 10886 10885 10884
f 10661 10886 10659
v -0.340000 0.662580 -1.917420
f 10887 10885 10886
v -0.423798 0.696202 -1.883798
f 10888 10887 10886
v -0.340000 0.780000 -1.892555
f 10889 10887 10888
v -0.410189 0.780000 -1.870189
f 10890 10889 10888
f 10665 10890 10663
f 10890 10888 10663
f 10888 10661 10663
f 10888 10886 10661
v -0.340000 0.819959 -1.880041
f 10891 10889 10890
v -0.394675 0.845325 -1.854675
f 10892 10891 10890
v -0.340000 0.900000 -1.857116
f 10893 10891 10892
v -0.383253 0.900000 -1.843253
f 10894 10893 10892
f 10671 10894 10669
f 10894 10892 10669
f 10892 10665 10669
f 10892 10890 10665
v -0.340000 1.014771 -1.805229
f 10895 10893 10894
v -0.343299 1.016701 -1.803299
f 10896 10895 10894
v -0.340000 1.020000 -1.803015
f 10897 10895 10896
v -0.342279 1.020000 -1.802279
f 10898 10897 10896
v -0.348395 1.020000 -1.800000
f 10899 10898 10896
f 10677 10899 10671
f 10899 10896 10671
f 10896 10894 10671
v -0.429230 1.020000 -1.769230
f 10900 10899 10677
f 10679 10900 10677
v -0.340000 1.025126 -1.800000
f 10901 10897 10898
f 10899 10901 10898
v -0.398034 1.081966 -1.738034
f 10902 10899 10900
f 3804 3806 10901
f 3804 10901 10899
f 10902 3807 3804
f 10902 3804 10899
f 3808 3807 10902
f 3810 3808 10902
f 3387 3812 10679
f 3812 3810 10902
f 3812 10902 10679
f 10902 10900 10679
v -0.317731 -1.620000 -0.840000
f 10687 10903 10684
f 10903 10685 10684
v -0.318655 -1.620000 -0.818655
f 10903 10904 10685
v -0.323917 -1.620000 -0.720000
f 10904 10905 10685
f 10905 10689 10685
f 10905 10690 10689
v -0.327600 -1.620000 -0.707600
f 10905 10906 10690
f 10906 10693 10690
v -0.303608 -1.500000 -1.080000
f 10709 10907 10706
f 10907 10707 10706
v -0.267213 -1.500000 -1.007213
f 10907 10908 10707
v -0.240809 -1.500000 -0.960000
f 10908 10909 10707
f 10909 10710 10707
f 10909 10711 10710
v -0.220000 -1.505552 -0.845552
v -0.220000 -1.506923 -0.840000
v -0.268823 -1.548823 -0.888823
f 10910 10911 10912
v -0.220000 -1.500000 -0.863826
f 10913 10910 10912
f 10909 10913 10711
f 10913 10912 10711
f 10912 10712 10711
f 10912 10687 10712
f 10911 10903 10687
f 10912 10911 10687
v -0.220923 -1.500923 -0.720923
f 10903 10914 10904
v -0.220000 -1.500000 -0.723364
f 10915 10914 10903
f 10911 10915 10903
v -0.220133 -1.500000 -0.720133
f 10915 10916 10914
v -0.220141 -1.500000 -0.720000
f 10916 10917 10914
v -0.221286 -1.501286 -0.720000
f 10917 10918 10914
f 10914 10918 10904
f 10918 10905 10904
v -0.306720 -1.586720 -0.686720
f 10905 10919 10906
f 10918 10919 10905
v -0.246419 -1.500000 -0.626419
f 10920 10919 10918
f 10917 10920 10918
v -0.257143 -1.500000 -0.600000
f 10920 10921 10919
f 10919 10921 10693
f 10921 10713 10693
f 10906 10919 10693
v -0.285583 -1.500000 -0.545583
f 10921 10922 10713
v -0.333258 -1.500000 -0.480000
f 10922 10923 10713
f 10923 10714 10713
f 10923 10715 10714
v -0.336190 -1.500000 -0.476190
f 10923 10924 10715
f 10924 10717 10715
v -0.322454 -1.500000 0.720000
f 10723 10925 10720
f 10925 10721 10720
v -0.308567 -1.500000 0.751433
f 10925 10926 10721
v -0.264442 -1.500000 0.840000
f 10926 10927 10721
f 10927 10725 10721
f 10927 10726 10725
v -0.246411 -1.500000 0.933589
f 10927 10928 10726
v -0.240133 -1.500000 0.960000
f 10928 10929 10726
f 10929 10728 10726
f 10929 10729 10728
v -0.243699 -1.500000 1.056301
f 10929 10930 10729
v -0.244874 -1.500000 1.080000
f 10930 10931 10729
f 10931 10730 10729
f 10931 10731 10730
v -0.264106 -1.500000 1.155894
f 10931 10932 10731
v -0.279696 -1.500000 1.200000
f 10932 10933 10731
f 10933 10732 10731
f 10933 10733 10732
v -0.298982 -1.500000 1.241018
f 10933 10934 10733
f 10934 10735 10733
v -0.295151 -1.380000 -1.080000
f 10742 10935 10741
v -0.301229 -1.461229 -1.080000
f 10935 10936 10741
f 10936 10709 10741
f 10936 10907 10709
v -0.255782 -1.415782 -0.995782
f 10907 10937 10908
f 10936 10937 10907
v -0.250435 -1.380000 -0.990435
f 10938 10937 10936
f 10935 10938 10936
v -0.233376 -1.380000 -0.960000
f 10938 10939 10937
v -0.234497 -1.394497 -0.960000
f 10939 10940 10937
f 10937 10940 10908
f 10940 10909 10908
v -0.220000 -1.425543 -0.885543
f 10941 10913 10909
v -0.220000 -1.380000 -0.897947
f 10940 10942 10909
f 10942 10941 10909
f 10939 10942 10940
v -0.220000 -1.497617 -0.720000
f 10915 10943 10916
f 10943 10917 10916
v -0.242224 -1.402224 -0.622224
f 10917 10944 10920
v -0.220000 -1.380000 -0.695625
f 10945 10944 10917
f 10943 10945 10917
v -0.240845 -1.380000 -0.620845
f 10945 10946 10944
v -0.248120 -1.380000 -0.600000
f 10946 10947 10944
v -0.251825 -1.411825 -0.600000
f 10947 10948 10944
f 10944 10948 10920
f 10948 10921 10920
v -0.283417 -1.443417 -0.543417
f 10921 10949 10922
f 10948 10949 10921
v -0.278473 -1.380000 -0.538473
f 10950 10949 10948
f 10947 10950 10948
v -0.315787 -1.380000 -0.480000
f 10950 10951 10949
v -0.332781 -1.492781 -0.480000
f 10951 10952 10949
f 10949 10952 10922
f 10952 10923 10922
v -0.336060 -1.496060 -0.476060
f 10923 10953 10924
f 10952 10953 10923
v -0.325815 -1.380000 -0.465815
f 10954 10953 10952
f 10951 10954 10952
f 10953 10954 10743
f 10954 10745 10743
f 10717 10953 10743
f 10924 10953 10717
v -0.305755 -1.380000 0.720000
f 10752 10955 10751
v -0.320077 -1.480077 0.720000
f 10955 10956 10751
f 10956 10723 10751
f 10956 10925 10723
v -0.299010 -1.459010 0.760990
f 10925 10957 10926
f 10956 10957 10925
v -0.278804 -1.380000 0.781196
f 10958 10957 10956
f 10955 10958 10956
v -0.249376 -1.380000 0.840000
f 10958 10959 10957
v -0.254431 -1.414431 0.840000
f 10959 10960 10957
f 10957 10960 10926
f 10960 10927 10926
v -0.229686 -1.389686 0.950314
f 10927 10961 10928
f 10960 10961 10927
v -0.227927 -1.380000 0.952073
f 10962 10961 10960
f 10959 10962 10960
v -0.226025 -1.380000 0.960000
f 10962 10963 10961
v -0.227083 -1.387083 0.960000
f 10963 10964 10961
f 10961 10964 10928
f 10964 10929 10928
v -0.231747 -1.391747 1.068253
f 10929 10965 10930
f 10964 10965 10929
v -0.230055 -1.380000 1.069945
f 10966 10965 10964
f 10963 10966 10964
v -0.230551 -1.380000 1.080000
f 10966 10967 10965
v -0.232406 -1.392406 1.080000
f 10967 10968 10965
f 10965 10968 10930
f 10968 10931 10930
v -0.256876 -1.416876 1.163124
f 10931 10969 10932
f 10968 10969 10931
v -0.252466 -1.380000 1.167534
f 10970 10969 10968
f 10967 10970 10968
v -0.263195 -1.380000 1.200000
f 10970 10971 10969
v -0.271650 -1.431650 1.200000
f 10971 10972 10969
f 10969 10972 10932
f 10972 10933 10932
v -0.295767 -1.455767 1.244233
f 10933 10973 10934
f 10972 10973 10933
v -0.287248 -1.380000 1.252752
f 10974 10973 10972
f 10971 10974 10972
v -0.329463 -1.380000 1.320000
f 10974 10975 10973
f 10973 10975 10735
f 10975 10753 10735
f 10934 10973 10735
v -0.333685 -1.380000 1.326315
f 10975 10976 10753
f 10976 10755 10753
v -0.312497 -1.352497 -1.080000
f 3466 3876 10977
f 3466 10977 10742
f 10977 10935 10742
f 10935 3877 3879
f 10935 3879 10938
f 10977 3880 3877
f 10977 3877 10935
f 3876 3880 10977
f 3879 3883 10938
f 3883 3884 10939
f 3883 10939 10938
v -0.220000 -1.360138 -0.840000
f 3885 3887 10978
f 3885 10978 10939
f 10978 10942 10939
f 3884 3885 10939
f 3891 10978 3887
v -0.220000 -1.367083 -0.720000
v -0.220000 -1.359241 -0.819241
f 3892 10979 10980
f 3892 10980 3893
f 3893 10980 3895
f 3895 10980 10978
f 3895 10978 3891
f 3899 10979 3892
v -0.220000 -1.370199 -0.710199
f 10981 3900 3902
f 10981 3902 10946
f 10945 10981 10946
f 3900 10981 3903
f 3903 10981 10979
f 3903 10979 3899
f 3902 3907 10946
f 3907 3908 10947
f 3907 10947 10946
f 10947 3909 3911
f 10947 3911 10950
f 3908 3909 10947
v -0.322578 -1.362578 -0.480000
f 3914 10982 3915
f 3911 3915 10982
f 3911 10982 10950
f 10982 10951 10950
v -0.328292 -1.368292 -0.468292
f 10951 10983 10954
f 10982 10983 10951
f 3916 3918 10983
f 3916 10983 10982
f 3914 3916 10982
f 10983 3918 3919
f 10983 3919 10760
f 3919 3474 10760
f 10745 10983 10760
f 10954 10983 10745
v -0.318005 -1.358005 0.720000
f 3489 3920 10984
f 3489 10984 10752
f 10984 10955 10752
v -0.310548 -1.350548 0.749452
f 10955 10985 10958
f 10984 10985 10955
f 3920 3921 10985
f 3920 10985 10984
f 3923 10985 3921
f 3923 3925 10985
f 10985 3925 3926
f 10985 3926 10958
f 3926 3927 10959
f 3926 10959 10958
f 10959 3928 3930
f 10959 3930 10962
f 3927 3928 10959
f 3930 3934 10962
f 3934 3935 10963
f 3934 10963 10962
f 10963 3936 3938
f 10963 3938 10966
f 3935 3936 10963
f 3938 3942 10966
f 3942 3943 10967
f 3942 10967 10966
f 10967 3944 3946
f 10967 3946 10970
f 3943 3944 10967
f 3946 3950 10970
f 3950 3951 10971
f 3950 10971 10970
f 10971 3952 3954
f 10971 3954 10974
f 3951 3952 10971
v -0.332457 -1.372457 1.320000
f 3956 10986 3957
f 3958 10986 3956
f 3954 3957 10986
f 3954 10986 10974
f 10986 10975 10974
v -0.334914 -1.374914 1.325086
f 10975 10987 10976
f 10986 10987 10975
f 3958 3959 10987
f 3958 10987 10986
f 3505 10764 10987
f 3505 10987 3959
f 10755 10987 10764
f 10976 10987 10755
v -0.303001 -0.900000 -0.720000
f 4020 10988 4021
f 3580 10771 10988
f 3580 10988 4020
v -0.298147 -0.978147 -0.720000
f 4021 10988 10989
f 4021 10989 4022
f 4022 10989 4023
f 4023 10989 4024
v -0.297309 -0.977309 -0.677309
f 4025 10990 4026
f 4024 10989 10990
f 4024 10990 4025
v -0.302213 -0.900000 -0.682213
f 10991 10990 10989
f 10988 10991 10989
v -0.299857 -0.900000 -0.600000
f 10991 10992 10990
v -0.295172 -0.975172 -0.600000
f 10992 10993 10990
f 4026 10990 10993
f 4026 10993 4027
f 4027 10993 4028
f 4028 10993 4030
f 4031 4030 10993
f 10992 4033 4031
f 10992 4031 10993
v -0.317481 -0.780000 -0.720000
f 10776 10994 10775
v -0.297574 -0.857574 -0.720000
f 10994 10995 10775
f 10995 10771 10775
f 10995 10988 10771
v -0.293651 -0.853651 -0.673651
f 10988 10996 10991
f 10995 10996 10988
v -0.314800 -0.780000 -0.694800
f 10997 10996 10995
f 10994 10997 10995
v -0.310841 -0.780000 -0.600000
f 10997 10998 10996
v -0.291079 -0.851079 -0.600000
f 10998 10999 10996
f 10996 10999 10991
f 10999 10992 10991
f 4033 10992 4092
f 10999 4094 4092
f 10999 4092 10992
f 4095 4094 10999
f 10998 4097 4095
f 10998 4095 10999
v -0.220000 -0.662109 -0.842109
v -0.220000 -0.663060 -0.840000
v -0.223184 -0.663184 -0.843184
f 11000 11001 11002
v -0.220000 -0.660000 -0.846919
f 11003 11000 11002
v -0.224094 -0.660000 -0.844094
f 11004 11003 11002
v -0.232690 -0.660000 -0.840000
f 11005 11004 11002
v -0.231148 -0.671148 -0.840000
f 11006 11005 11002
f 11001 11006 11002
v -0.220000 -0.688457 -0.748457
v -0.220000 -0.696179 -0.720000
v -0.285868 -0.725868 -0.785868
f 11007 11008 11009
f 11001 11007 11006
f 11007 11009 11006
v -0.290104 -0.660000 -0.790104
f 11010 11005 11006
f 11009 11010 11006
f 10780 11010 10779
f 11010 11009 10779
f 10776 11009 10779
f 11008 10994 10776
f 11009 11008 10776
v -0.220000 -0.703420 -0.643420
f 10994 11011 10997
v -0.220000 -0.707379 -0.600000
f 11011 11012 10997
f 11008 11011 10994
f 11012 10998 10997
f 4097 10998 4122
f 11012 4125 4122
f 11012 4122 10998
v -0.220000 -0.540243 -1.080243
v -0.220000 -0.540413 -1.080000
v -0.220201 -0.540201 -1.080201
f 11013 11014 11015
v -0.220000 -0.540000 -1.080532
f 11016 11013 11015
v -0.220349 -0.540000 -1.080349
f 11017 11016 11015
v -0.220931 -0.540000 -1.080000
f 11018 11017 11015
v -0.220306 -0.540306 -1.080000
f 11019 11018 11015
f 11014 11019 11015
v -0.220000 -0.587942 -1.007942
v -0.220000 -0.613774 -0.960000
v -0.259602 -0.579602 -0.999602
f 11020 11021 11022
f 11014 11020 11019
f 11020 11022 11019
v -0.292165 -0.540000 -1.032165
f 11023 11018 11019
f 11022 11023 11019
f 10784 11023 10781
f 11023 11022 10781
v -0.277539 -0.597539 -0.960000
f 11024 10782 10781
f 11022 11024 10781
f 11021 11024 11022
v -0.220000 -0.628613 -0.928613
f 11025 11003 11004
v -0.294366 -0.614366 -0.914366
f 11026 11025 11004
f 11021 11025 11024
f 11025 11026 11024
f 11026 10782 11024
f 11026 10788 10782
v -0.321414 -0.641414 -0.840000
f 11027 10789 10788
f 11026 11027 10788
f 11005 11027 11004
f 11027 11026 11004
v -0.324941 -0.644941 -0.824941
f 11028 11005 11010
f 11028 11027 11005
f 11028 10789 11027
f 11028 10792 10789
f 11028 10780 10792
f 11028 11010 10780
v -0.220000 -0.423398 -1.203398
v -0.220000 -0.426893 -1.200000
v -0.222816 -0.422816 -1.202816
f 11029 11030 11031
v -0.220000 -0.420000 -1.206858
f 11032 11029 11031
v -0.224852 -0.420000 -1.204852
f 11033 11032 11031
v -0.232921 -0.420000 -1.200000
f 11034 11033 11031
v -0.224610 -0.424610 -1.200000
f 11035 11034 11031
f 11030 11035 11031
v -0.220000 -0.484962 -1.144962
f 11036 11016 11017
v -0.272349 -0.472349 -1.132349
f 11037 11036 11017
f 11030 11036 11035
f 11036 11037 11035
v -0.304041 -0.420000 -1.164041
f 11038 11034 11035
f 11037 11038 11035
f 10796 11038 10793
f 11038 11037 10793
v -0.300963 -0.500963 -1.080000
f 11039 10794 10793
f 11037 11039 10793
f 11018 11039 11017
f 11039 11037 11017
v -0.314934 -0.514934 -1.054934
f 11040 11018 11023
f 11040 11039 11018
f 11040 10794 11039
f 11040 10800 10794
f 11040 10784 10800
f 11040 11023 10784
v -0.220000 -0.305948 -1.325948
v -0.220000 -0.310768 -1.320000
v -0.225048 -0.305048 -1.325048
f 11041 11042 11043
v -0.220000 -0.300000 -1.335934
f 11044 11041 11043
v -0.230891 -0.300000 -1.330891
f 11045 11044 11043
v -0.247959 -0.300000 -1.320000
f 11046 11045 11043
v -0.227696 -0.307696 -1.320000
f 11047 11046 11043
f 11042 11047 11043
v -0.220000 -0.360249 -1.260249
f 11048 11032 11033
v -0.269453 -0.349453 -1.249453
f 11049 11048 11033
f 11042 11048 11047
f 11048 11049 11047
v -0.310783 -0.300000 -1.290783
f 11050 11046 11047
f 11049 11050 11047
f 10808 11050 10805
f 11050 11049 10805
v -0.300098 -0.380098 -1.200000
f 11051 10806 10805
f 11049 11051 10805
f 11034 11051 11033
f 11051 11049 11033
v -0.317478 -0.397478 -1.177478
f 11052 11034 11038
f 11052 11051 11034
f 11052 10806 11051
f 11052 10812 10806
f 11052 10796 10812
f 11052 11038 10796
v -0.220000 -0.221721 -1.481721
v -0.220000 -0.243465 -1.440000
v -0.256344 -0.216344 -1.476344
f 11053 11054 11055
v -0.220000 -0.180000 -1.554731
f 11056 11053 11055
v -0.299124 -0.180000 -1.519124
f 11057 11056 11055
f 10820 11057 10817
f 11057 11055 10817
v -0.270709 -0.230709 -1.440000
f 11058 10818 10817
f 11055 11058 10817
f 11054 11058 11055
v -0.220000 -0.260745 -1.400745
f 11059 11044 11045
v -0.288738 -0.248738 -1.388738
f 11060 11059 11045
f 11054 11059 11058
f 11059 11060 11058
f 11060 10818 11058
f 11060 10824 10818
v -0.316381 -0.276381 -1.320000
f 11061 10825 10824
f 11060 11061 10824
f 11046 11061 11045
f 11061 11060 11045
v -0.323065 -0.283065 -1.303065
f 11062 11046 11050
f 11062 11061 11046
f 11062 10825 11061
f 11062 10829 10825
f 11062 10808 10829
f 11062 11050 10808
v -0.220000 -0.102314 -1.962314
v -0.220000 -0.121654 -1.920000
v -0.257260 -0.097260 -1.957260
f 11063 11064 11065
v -0.220000 -0.060000 -2.027695
f 11066 11063 11065
v -0.295988 -0.060000 -1.995988
f 11067 11066 11065
f 10836 11067 10833
f 11067 11065 10833
v -0.270660 -0.110660 -1.920000
f 11068 10834 10833
f 11065 11068 10833
f 11064 11068 11065
v -0.220000 -0.134306 -1.874306
v -0.220000 -0.149012 -1.800000
v -0.283511 -0.123511 -1.863511
f 11069 11070 11071
f 11064 11069 11068
f 11069 11071 11068
f 11071 10834 11068
f 11071 10840 10834
v -0.293367 -0.133367 -1.800000
f 11072 10841 10840
f 11071 11072 10840
f 11070 11072 11071
v -0.220000 -0.146914 -1.766914
v -0.220000 -0.148730 -1.680000
v -0.290795 -0.130795 -1.750795
f 11073 11074 11075
f 11070 11073 11072
f 11073 11075 11072
f 11075 10841 11072
f 11075 10845 10841
v -0.292273 -0.132273 -1.680000
f 11076 10846 10845
f 11075 11076 10845
f 11074 11076 11075
v -0.220000 -0.152068 -1.652068
v -0.220000 -0.176843 -1.560000
v -0.296506 -0.136506 -1.636506
f 11077 11078 11079
f 11074 11077 11076
f 11077 11079 11076
f 11079 10846 11076
f 11079 10849 10846
v -0.312026 -0.152026 -1.560000
f 11080 10850 10849
f 11079 11080 10849
f 11078 11080 11079
v -0.220000 -0.178093 -1.558093
f 11081 11056 11057
v -0.321553 -0.161553 -1.541553
f 11082 11081 11057
f 11078 11081 11080
f 11081 11082 11080
f 11082 10850 11080
f 11082 10853 10850
f 11082 10820 10853
f 11082 11057 10820
v -0.220000 0.006058 -2.093942
v -0.220000 -0.050347 -2.040000
v -0.267501 0.012499 -2.087501
f 11083 11084 11085
v -0.220000 0.060000 -2.129645
f 11086 11083 11085
v -0.291385 0.060000 -2.111385
f 11087 11086 11085
f 10860 11087 10857
f 11087 11085 10857
v -0.303134 -0.023134 -2.040000
f 11088 10858 10857
f 11085 11088 10857
f 11084 11088 11085
v -0.220000 -0.055177 -2.035177
f 11089 11066 11067
v -0.318989 -0.038989 -2.018989
f 11090 11089 11067
f 11084 11089 11088
f 11089 11090 11088
f 11090 10858 11088
f 11090 10863 10858
f 11090 10836 10863
f 11090 11067 10836
v -0.220000 0.169295 -2.170705
v -0.220000 0.138950 -2.160000
v -0.229375 0.170625 -2.169375
f 11091 11092 11093
v -0.220000 0.180000 -2.173519
f 11094 11091 11093
v -0.231371 0.180000 -2.171371
f 11095 11094 11093
v -0.276887 0.180000 -2.160000
f 11096 11095 11093
v -0.244650 0.155350 -2.160000
f 11097 11096 11093
f 11092 11097 11093
v -0.220000 0.080182 -2.139818
f 11098 11086 11087
v -0.305309 0.094691 -2.125309
f 11099 11098 11087
f 11092 11098 11097
f 11098 11099 11097
v -0.327466 0.180000 -2.147466
f 11100 11096 11097
f 11099 11100 11097
f 10869 11100 10867
f 11100 11099 10867
f 11099 10860 10867
f 11099 11087 10860
v -0.220000 0.283725 -2.176275
f 11101 11094 11095
v -0.233746 0.286254 -2.173746
f 11102 11101 11095
v -0.220000 0.300000 -2.176612
f 11103 11101 11102
v -0.233976 0.300000 -2.173976
f 11104 11103 11102
v -0.289824 0.300000 -2.160000
f 11105 11104 11102
v -0.283233 0.236767 -2.160000
f 11106 11105 11102
f 11096 11106 11095
f 11106 11102 11095
v -0.327833 0.192167 -2.147833
f 11107 11096 11100
f 11107 11106 11096
v -0.330059 0.300000 -2.150059
f 11108 11105 11106
f 11107 11108 11106
f 10873 11108 10871
f 11108 11107 10871
f 11107 10869 10871
f 11107 11100 10869
v -0.220000 0.359170 -2.160000
f 11109 11103 11104
f 11105 11109 11104
v -0.325606 0.314394 -2.145606
f 11110 11105 11108
v -0.220000 0.420000 -2.140420
f 11111 11109 11105
f 11110 11111 11105
v -0.300066 0.420000 -2.120066
f 11112 11111 11110
f 10877 11112 10875
f 11112 11110 10875
f 11110 10873 10875
f 11110 11108 10873
v -0.220000 0.499573 -2.080427
f 11113 11111 11112
v -0.239884 0.520116 -2.059884
f 11114 11113 11112
v -0.220000 0.540000 -2.051654
f 11115 11113 11114
v -0.229222 0.540000 -2.049222
f 11116 11115 11114
v -0.257094 0.540000 -2.040000
f 11117 11116 11114
f 10879 11117 10877
f 11117 11114 10877
f 11114 11112 10877
v -0.317235 0.540000 -2.017235
f 11118 11117 10879
f 10881 11118 10879
v -0.220000 0.553095 -2.040000
f 11119 11115 11116
f 11117 11119 11116
v -0.287824 0.592176 -1.987824
f 11120 11117 11118
v -0.220000 0.660000 -1.951497
f 11121 11119 11117
f 11120 11121 11117
v -0.245262 0.660000 -1.945262
f 11122 11121 11120
v -0.331191 0.660000 -1.920000
f 11123 11122 11120
f 10883 11123 10881
f 11123 11120 10881
f 11120 11118 10881
v -0.338352 0.660000 -1.918352
f 11124 11123 10883
f 10885 11124 10883
v -0.220000 0.779591 -1.920409
f 11125 11121 11122
v -0.220307 0.779693 -1.920307
f 11126 11125 11122
v -0.220000 0.780000 -1.920240
f 11127 11125 11126
v -0.220201 0.780000 -1.920201
f 11128 11127 11126
v -0.221069 0.780000 -1.920000
f 11129 11128 11126
v -0.232980 0.767020 -1.920000
f 11130 11129 11126
f 11123 11130 11122
f 11130 11126 11122
v -0.338068 0.661932 -1.918068
f 11131 11123 11124
f 11131 11130 11123
v -0.318298 0.780000 -1.898298
f 11132 11129 11130
f 11131 11132 11130
f 10889 11132 10887
f 11132 11131 10887
f 11131 10885 10887
f 11131 11124 10885
v -0.220000 0.780870 -1.920000
f 11133 11127 11128
f 11129 11133 11128
v -0.310798 0.809202 -1.890798
f 11134 11129 11132
v -0.220000 0.900000 -1.885972
f 11135 11133 11129
f 11134 11135 11129
v -0.290205 0.900000 -1.870205
f 11136 11135 11134
f 10893 11136 10891
f 11136 11134 10891
f 11134 10889 10891
f 11134 11132 10889
v -0.220000 0.962215 -1.857785
f 11137 11135 11136
v -0.260964 0.979036 -1.840964
f 11138 11137 11136
v -0.220000 1.020000 -1.833363
f 11139 11137 11138
v -0.247207 1.020000 -1.827207
f 11140 11139 11138
f 10897 11140 10895
f 11140 11138 10895
f 11138 10893 10895
f 11138 11136 10893
v -0.220000 1.076639 -1.800000
f 11141 11139 11140
v -0.331257 1.028743 -1.800000
f 10901 11142 10897
f 11142 11141 10897
f 11141 11140 10897
v -0.220000 1.140000 -1.757495
f 11143 11141 11142
f 10901 4257 4259
f 10901 4259 11142
f 4259 4260 11143
f 4259 11143 11142
f 3806 4257 10901
f 4266 11143 4260
v -0.215302 -1.500000 -0.840000
f 10913 11144 10910
f 11144 10911 10910
v -0.215447 -1.500000 -0.835447
f 11144 11145 10911
f 11145 10915 10911
v -0.208545 -1.380000 -0.840000
f 10942 11146 10941
v -0.215081 -1.495081 -0.840000
f 11146 11147 10941
f 11147 10913 10941
f 11147 11144 10913
v -0.215240 -1.495240 -0.835240
f 11144 11148 11145
f 11147 11148 11144
v -0.208895 -1.380000 -0.828895
f 11149 11148 11147
f 11146 11149 11147
v -0.213335 -1.380000 -0.720000
f 11149 11150 11148
f 11148 11150 10915
f 11150 10943 10915
f 11145 11148 10915
v -0.214524 -1.380000 -0.714524
f 11150 11151 10943
f 11151 10945 10943
v -0.212193 -1.372193 -0.840000
f 10978 11152 10942
f 11152 11146 10942
v -0.212342 -1.372342 -0.832342
f 11146 11153 11149
f 11152 11153 11146
f 10978 11153 11152
f 10980 11153 10978
v -0.215461 -1.375461 -0.720000
f 11154 11153 10980
f 10979 11154 10980
f 11153 11154 11149
f 11154 11150 11149
v -0.215983 -1.375983 -0.715983
f 11150 11155 11151
f 11154 11155 11150
f 10979 11155 11154
f 10981 11155 10979
f 10945 11155 10981
f 11151 11155 10945
v -0.100000 -0.681594 -0.861594
v -0.100000 -0.688610 -0.840000
v -0.120374 -0.680374 -0.860374
f 11156 11157 11158
v -0.100000 -0.660000 -0.916620
f 11159 11156 11158
v -0.149392 -0.660000 -0.889392
f 11160 11159 11158
f 11003 11160 11000
f 11160 11158 11000
v -0.127630 -0.687630 -0.840000
f 11161 11001 11000
f 11158 11161 11000
f 11157 11161 11158
v -0.100000 -0.705998 -0.765998
v -0.100000 -0.714994 -0.720000
v -0.144715 -0.704715 -0.764715
f 11162 11163 11164
f 11157 11162 11161
f 11162 11164 11161
f 11164 11001 11161
f 11164 11007 11001
v -0.154236 -0.714236 -0.720000
f 11165 11008 11007
f 11164 11165 11007
f 11163 11165 11164
v -0.100000 -0.719686 -0.659686
v -0.100000 -0.725852 -0.600000
v -0.158922 -0.718922 -0.658922
f 11166 11167 11168
f 11163 11166 11165
f 11166 11168 11165
f 11168 11008 11165
f 11168 11011 11008
v -0.163129 -0.723129 -0.600000
f 11169 11012 11011
f 11168 11169 11011
f 11167 11169 11168
f 11167 4389 4390
f 11167 4390 11169
f 4390 4391 11169
f 4391 4392 11012
f 4391 11012 11169
f 4392 4125 11012
v -0.100000 -0.558437 -1.098437
v -0.100000 -0.571206 -1.080000
v -0.116395 -0.556395 -1.096395
f 11170 11171 11172
v -0.100000 -0.540000 -1.120197
f 11173 11170 11172
v -0.130905 -0.540000 -1.110905
f 11174 11173 11172
f 11016 11174 11013
f 11174 11172 11013
v -0.125423 -0.565423 -1.080000
f 11175 11014 11013
f 11172 11175 11013
f 11171 11175 11172
v -0.100000 -0.606644 -1.026644
v -0.100000 -0.642318 -0.960000
v -0.158630 -0.598630 -1.018630
f 11176 11177 11178
f 11171 11176 11175
f 11176 11178 11175
f 11178 11014 11175
f 11178 11020 11014
v -0.183544 -0.623544 -0.960000
f 11179 11021 11020
f 11178 11179 11020
f 11177 11179 11178
v -0.100000 -0.648026 -0.948026
f 11180 11159 11160
v -0.193760 -0.633760 -0.933760
f 11181 11180 11160
f 11177 11180 11179
f 11180 11181 11179
f 11181 11021 11179
f 11181 11025 11021
f 11181 11003 11025
f 11181 11160 11003
v -0.100000 -0.441831 -1.221831
v -0.100000 -0.464459 -1.200000
v -0.119483 -0.439483 -1.219483
f 11182 11183 11184
v -0.100000 -0.420000 -1.242543
f 11185 11182 11184
v -0.134477 -0.420000 -1.234477
f 11186 11185 11184
f 11032 11186 11029
f 11186 11184 11029
v -0.134609 -0.454609 -1.200000
f 11187 11030 11029
f 11184 11187 11029
f 11183 11187 11184
v -0.100000 -0.503384 -1.163384
f 11188 11173 11174
v -0.173275 -0.493275 -1.153275
f 11189 11188 11174
f 11183 11188 11187
f 11188 11189 11187
f 11189 11030 11187
f 11189 11036 11030
f 11189 11016 11036
f 11189 11174 11016
v -0.100000 -0.320988 -1.340988
v -0.100000 -0.339174 -1.320000
v -0.119006 -0.319006 -1.339006
f 11190 11191 11192
v -0.100000 -0.300000 -1.373748
f 11193 11190 11192
v -0.142707 -0.300000 -1.362707
f 11194 11193 11192
f 11044 11194 11041
f 11194 11192 11041
v -0.131487 -0.331487 -1.320000
f 11195 11042 11041
f 11192 11195 11041
f 11191 11195 11192
v -0.100000 -0.377782 -1.277782
f 11196 11185 11186
v -0.168986 -0.368986 -1.268986
f 11197 11196 11186
f 11191 11196 11195
f 11196 11197 11195
f 11197 11042 11195
f 11197 11048 11042
f 11197 11032 11048
f 11197 11186 11032
v -0.100000 -0.190997 -1.570997
v -0.100000 -0.194870 -1.560000
v -0.110095 -0.190095 -1.570095
f 11198 11199 11200
v -0.100000 -0.180000 -1.617641
f 11201 11198 11200
v -0.137039 -0.180000 -1.597039
f 11202 11201 11200
v -0.200043 -0.180000 -1.560000
f 11203 11202 11200
v -0.113114 -0.193114 -1.560000
f 11204 11203 11200
f 11199 11204 11200
v -0.100000 -0.233321 -1.493321
v -0.100000 -0.261846 -1.440000
v -0.149147 -0.229147 -1.489147
f 11205 11206 11207
f 11199 11205 11204
f 11205 11207 11204
v -0.215910 -0.180000 -1.555910
f 11208 11203 11204
f 11207 11208 11204
f 11056 11208 11053
f 11208 11207 11053
v -0.171240 -0.251240 -1.440000
f 11209 11054 11053
f 11207 11209 11053
f 11206 11209 11207
v -0.100000 -0.273778 -1.413778
f 11210 11193 11194
v -0.185073 -0.265073 -1.405073
f 11211 11210 11194
f 11206 11210 11209
f 11210 11211 11209
f 11211 11054 11209
f 11211 11059 11054
f 11211 11044 11059
f 11211 11194 11044
v -0.100000 -0.066461 -2.046461
v -0.100000 -0.071117 -2.040000
v -0.106064 -0.066064 -2.046064
f 11212 11213 11214
v -0.100000 -0.060000 -2.052877
f 11215 11212 11214
v -0.111177 -0.060000 -2.051177
f 11216 11215 11214
v -0.170774 -0.060000 -2.040000
f 11217 11216 11214
v -0.109856 -0.069856 -2.040000
f 11218 11217 11214
f 11213 11218 11214
v -0.100000 -0.114237 -1.974237
v -0.100000 -0.138737 -1.920000
v -0.150346 -0.110346 -1.970346
f 11219 11220 11221
f 11213 11219 11218
f 11219 11221 11218
v -0.210487 -0.060000 -2.030487
f 11222 11217 11218
f 11221 11222 11218
f 11066 11222 11063
f 11222 11221 11063
v -0.170047 -0.130047 -1.920000
f 11223 11064 11063
f 11221 11223 11063
f 11220 11223 11221
v -0.100000 -0.147799 -1.887799
v -0.100000 -0.164950 -1.800000
v -0.180049 -0.140049 -1.880049
f 11224 11225 11226
f 11220 11224 11223
f 11224 11226 11223
f 11226 11064 11223
f 11226 11069 11064
v -0.193565 -0.153565 -1.800000
f 11227 11070 11069
f 11226 11227 11069
f 11225 11227 11226
v -0.100000 -0.163798 -1.783798
v -0.100000 -0.165494 -1.680000
v -0.191776 -0.151776 -1.771776
f 11228 11229 11230
f 11225 11228 11227
f 11228 11230 11227
f 11230 11070 11227
f 11230 11073 11070
v -0.193408 -0.153408 -1.680000
f 11231 11074 11073
f 11230 11231 11073
f 11229 11231 11230
v -0.100000 -0.166794 -1.666794
f 11232 11201 11202
v -0.195540 -0.155540 -1.655540
f 11233 11232 11202
f 11229 11232 11231
f 11232 11233 11231
f 11233 11074 11231
f 11233 11077 11074
v -0.217325 -0.177325 -1.560000
f 11234 11078 11077
f 11233 11234 11077
f 11203 11234 11202
f 11234 11233 11202
v -0.218296 -0.178296 -1.558296
f 11235 11203 11208
f 11235 11234 11203
f 11235 11078 11234
f 11235 11081 11078
f 11235 11056 11081
f 11235 11208 11056
v -0.100000 -0.005629 -2.105629
f 11236 11215 11216
v -0.160926 -0.000926 -2.100926
f 11237 11236 11216
v -0.100000 0.060000 -2.148472
f 11238 11236 11237
v -0.194630 0.060000 -2.134630
f 11239 11238 11237
f 11086 11239 11083
f 11239 11237 11083
v -0.212227 -0.052227 -2.040000
f 11240 11084 11083
f 11237 11240 11083
f 11217 11240 11216
f 11240 11237 11216
v -0.215837 -0.055837 -2.035837
f 11241 11217 11222
f 11241 11240 11217
f 11241 11084 11240
f 11241 11089 11084
f 11241 11066 11089
f 11241 11222 11066
v -0.100000 0.156410 -2.183590
v -0.100000 0.090178 -2.160000
v -0.121821 0.158179 -2.181821
f 11242 11243 11244
v -0.100000 0.180000 -2.189742
f 11245 11242 11244
v -0.126841 0.180000 -2.186841
f 11246 11245 11244
f 11094 11246 11091
f 11246 11244 11091
v -0.164952 0.115048 -2.160000
f 11247 11092 11091
f 11244 11247 11091
f 11243 11247 11244
v -0.100000 0.067609 -2.152391
f 11248 11238 11239
v -0.202496 0.077504 -2.142496
f 11249 11248 11239
f 11243 11248 11247
f 11248 11249 11247
f 11249 11092 11247
f 11249 11098 11092
f 11249 11086 11098
f 11249 11239 11086
v -0.100000 0.267902 -2.192098
f 11250 11245 11246
v -0.129042 0.270958 -2.189042
f 11251 11250 11246
v -0.100000 0.300000 -2.192759
f 11252 11250 11251
v -0.129568 0.300000 -2.189568
f 11253 11252 11251
f 11103 11253 11101
f 11253 11251 11101
f 11251 11094 11101
f 11251 11246 11094
v -0.100000 0.415983 -2.160000
f 11254 11252 11253
v -0.107899 0.412101 -2.160000
f 11109 11255 11103
f 11255 11254 11103
f 11254 11253 11103
v -0.100000 0.420000 -2.158717
f 11256 11254 11255
v -0.203658 0.420000 -2.143658
f 11109 11257 11255
f 11257 11256 11255
f 11111 11257 11109
v -0.100000 0.425258 -2.154742
f 11258 11256 11257
v -0.171921 0.468079 -2.111921
f 11259 11258 11257
v -0.100000 0.540000 -2.073229
f 11260 11258 11259
v -0.128865 0.540000 -2.068865
f 11261 11260 11259
f 11115 11261 11113
f 11261 11259 11113
f 11259 11111 11113
f 11259 11257 11111
v -0.100000 0.577181 -2.040000
f 11262 11260 11261
v -0.204124 0.555876 -2.040000
f 11119 11263 11115
f 11263 11262 11115
f 11262 11261 11115
v -0.100000 0.660000 -1.970400
f 11264 11262 11263
v -0.144136 0.660000 -1.964136
f 11119 11265 11263
f 11265 11264 11263
f 11121 11265 11119
v -0.100000 0.753479 -1.946521
f 11266 11264 11265
v -0.122275 0.757725 -1.942275
f 11267 11266 11265
v -0.100000 0.780000 -1.935699
f 11268 11266 11267
v -0.114138 0.780000 -1.934138
f 11269 11268 11267
f 11127 11269 11125
f 11269 11267 11125
f 11267 11121 11125
f 11267 11265 11121
v -0.100000 0.837033 -1.920000
f 11270 11268 11269
v -0.218391 0.781609 -1.920000
f 11133 11271 11127
f 11271 11270 11127
f 11270 11269 11127
v -0.100000 0.900000 -1.902045
f 11272 11270 11271
v -0.190405 0.900000 -1.890405
f 11133 11273 11271
f 11273 11272 11271
f 11135 11273 11133
v -0.100000 0.932865 -1.887135
f 11274 11272 11273
v -0.170517 0.949483 -1.870517
f 11275 11274 11273
v -0.100000 1.020000 -1.850350
f 11276 11274 11275
v -0.144569 1.020000 -1.844569
f 11277 11276 11275
f 11139 11277 11137
f 11277 11275 11137
f 11275 11135 11137
f 11275 11273 11135
v -0.100000 1.105410 -1.800000
f 11278 11276 11277
v -0.145990 1.094010 -1.800000
f 11141 11279 11139
f 11279 11278 11139
f 11278 11277 11139
v -0.100000 1.140000 -1.776811
f 11280 11278 11279
v -0.183844 1.140000 -1.763844
f 11141 11281 11279
f 11281 11280 11279
f 11143 11281 11141
f 4528 4530 11280
f 4528 11280 11281
f 4266 4532 11143
f 4532 4533 11143
f 4533 4528 11281
f 4533 11281 11143
v 0.020000 -0.686434 -0.866434
v 0.020000 -0.695011 -0.840000
v -0.005555 -0.685555 -0.865555
f 11282 11283 11284
v 0.020000 -0.660000 -0.933696
f 11285 11282 11284
v -0.062239 -0.660000 -0.922239
f 11286 11285 11284
f 11159 11286 11156
f 11286 11284 11156
v -0.013421 -0.693421 -0.840000
f 11287 11157 11156
f 11284 11287 11156
f 11283 11287 11284
v 0.020000 -0.711202 -0.771202
v 0.020000 -0.721202 -0.720000
v -0.029303 -0.709303 -0.769303
f 11288 11289 11290
f 11283 11288 11287
f 11288 11290 11287
f 11290 11157 11287
f 11290 11162 11157
v -0.038435 -0.718435 -0.720000
f 11291 11163 11162
f 11290 11291 11162
f 11289 11291 11290
v 0.020000 -0.725452 -0.665452
v 0.020000 -0.731969 -0.600000
v -0.042697 -0.722697 -0.662697
f 11292 11293 11294
f 11289 11292 11291
f 11292 11294 11291
f 11294 11163 11291
f 11294 11166 11163
v -0.048819 -0.728819 -0.600000
f 11295 11167 11166
f 11294 11295 11166
f 11293 11295 11294
f 11293 4651 4652
f 11293 4652 11295
f 4652 4653 11295
f 4653 4654 11167
f 4653 11167 11295
f 4654 4389 11167
v 0.020000 -0.562921 -1.102921
v 0.020000 -0.578772 -1.080000
v -0.002224 -0.562224 -1.102224
f 11296 11297 11298
v 0.020000 -0.540000 -1.129934
f 11299 11296 11298
v -0.026412 -0.540000 -1.126412
f 11300 11299 11298
f 11173 11300 11170
f 11300 11298 11170
v -0.016668 -0.576668 -1.080000
f 11301 11171 11170
f 11298 11301 11170
f 11297 11301 11298
v 0.020000 -0.611227 -1.031227
v 0.020000 -0.649287 -0.960000
v -0.048855 -0.608855 -1.028855
f 11302 11303 11304
f 11297 11302 11301
f 11302 11304 11301
f 11304 11171 11301
f 11304 11176 11171
v -0.083418 -0.643418 -0.960000
f 11305 11177 11176
f 11304 11305 11176
f 11303 11305 11304
v 0.020000 -0.652751 -0.952751
f 11306 11285 11286
v -0.088582 -0.648582 -0.948582
f 11307 11306 11286
f 11303 11306 11305
f 11306 11307 11305
f 11307 11177 11305
f 11307 11180 11177
f 11307 11159 11180
f 11307 11286 11159
v 0.020000 -0.446343 -1.226343
v 0.020000 -0.473679 -1.200000
v -0.005560 -0.445560 -1.225560
f 11308 11309 11310
v 0.020000 -0.420000 -1.250923
f 11311 11308 11310
v -0.028076 -0.420000 -1.248076
f 11312 11311 11310
f 11185 11312 11182
f 11312 11310 11182
v -0.030081 -0.470081 -1.200000
f 11313 11183 11182
f 11310 11313 11182
f 11309 11313 11310
v 0.020000 -0.507887 -1.167887
f 11314 11299 11300
v -0.064933 -0.504933 -1.164933
f 11315 11314 11300
f 11309 11314 11313
f 11314 11315 11313
f 11315 11183 11313
f 11315 11188 11183
f 11315 11173 11188
f 11315 11300 11173
v 0.020000 -0.324750 -1.344750
v 0.020000 -0.346564 -1.320000
v -0.004111 -0.324111 -1.344111
f 11316 11317 11318
v 0.020000 -0.300000 -1.382668
f 11319 11316 11318
v -0.038849 -0.300000 -1.378849
f 11320 11319 11318
f 11193 11320 11190
f 11320 11318 11190
v -0.023806 -0.343806 -1.320000
f 11321 11191 11190
f 11318 11321 11190
f 11317 11321 11318
v 0.020000 -0.382107 -1.282107
f 11322 11311 11312
v -0.059525 -0.379525 -1.279525
f 11323 11322 11312
f 11317 11322 11321
f 11322 11323 11321
f 11323 11191 11321
f 11323 11196 11191
f 11323 11185 11196
f 11323 11312 11185
v 0.020000 -0.194261 -1.574261
v 0.020000 -0.199312 -1.560000
v 0.006052 -0.193948 -1.573948
f 11324 11325 11326
v 0.020000 -0.180000 -1.634809
f 11327 11324 11326
v -0.045577 -0.180000 -1.625577
f 11328 11327 11326
f 11201 11328 11198
f 11328 11326 11198
v 0.001318 -0.198682 -1.560000
f 11329 11199 11198
f 11326 11329 11198
f 11325 11329 11326
v 0.020000 -0.236190 -1.496190
v 0.020000 -0.266475 -1.440000
v -0.035015 -0.235015 -1.495015
f 11330 11331 11332
f 11325 11330 11329
f 11330 11332 11329
f 11332 11199 11329
f 11332 11205 11199
v -0.063314 -0.263314 -1.440000
f 11333 11206 11205
f 11332 11333 11205
f 11331 11333 11332
v 0.020000 -0.277031 -1.417031
f 11334 11319 11320
v -0.074573 -0.274573 -1.414573
f 11335 11334 11320
f 11331 11334 11333
f 11334 11335 11333
f 11335 11206 11333
f 11335 11210 11206
f 11335 11193 11210
f 11335 11320 11193
v 0.020000 -0.069202 -2.049202
v 0.020000 -0.075817 -2.040000
v 0.010947 -0.069053 -2.049053
f 11336 11337 11338
v 0.020000 -0.060000 -2.058317
f 11339 11336 11338
v 0.002359 -0.060000 -2.057641
f 11340 11339 11338
f 11215 11340 11212
f 11340 11338 11212
v 0.004677 -0.075323 -2.040000
f 11341 11213 11212
f 11338 11341 11212
f 11337 11341 11338
v 0.020000 -0.117164 -1.977164
v 0.020000 -0.142905 -1.920000
v -0.036074 -0.116074 -1.976074
f 11342 11343 11344
f 11337 11342 11341
f 11342 11344 11341
f 11344 11213 11341
f 11344 11219 11213
v -0.060390 -0.140390 -1.920000
f 11345 11220 11219
f 11344 11345 11219
f 11343 11345 11344
v 0.020000 -0.151080 -1.891080
v 0.020000 -0.168808 -1.800000
v -0.068912 -0.148912 -1.888912
f 11346 11347 11348
f 11343 11346 11345
f 11346 11348 11345
f 11348 11220 11345
f 11348 11224 11220
v -0.085568 -0.165568 -1.800000
f 11349 11225 11224
f 11348 11349 11224
f 11347 11349 11348
v 0.020000 -0.167926 -1.787926
v 0.020000 -0.169554 -1.680000
v -0.084467 -0.164467 -1.784467
f 11350 11351 11352
f 11347 11350 11349
f 11350 11352 11349
f 11352 11225 11349
f 11352 11228 11225
v -0.086102 -0.166102 -1.680000
f 11353 11229 11228
f 11352 11353 11228
f 11351 11353 11352
v 0.020000 -0.170439 -1.670439
f 11354 11327 11328
v -0.087244 -0.167244 -1.667244
f 11355 11354 11328
f 11351 11354 11353
f 11354 11355 11353
f 11355 11229 11353
f 11355 11232 11229
f 11355 11201 11232
f 11355 11328 11201
v 0.020000 -0.008491 -2.108491
f 11356 11339 11340
v -0.047187 -0.007187 -2.107187
f 11357 11356 11340
v 0.020000 0.060000 -2.153033
f 11358 11356 11357
v -0.089008 0.060000 -2.149008
f 11359 11358 11357
f 11238 11359 11236
f 11359 11357 11236
f 11357 11215 11236
f 11357 11340 11215
v 0.020000 0.153232 -2.186768
v 0.020000 0.078270 -2.160000
v -0.006233 0.153767 -2.186233
f 11360 11361 11362
v 0.020000 0.180000 -2.193733
f 11363 11360 11362
v -0.012840 0.180000 -2.192840
f 11364 11363 11362
f 11245 11364 11242
f 11364 11362 11242
v -0.072748 0.087252 -2.160000
f 11365 11243 11242
f 11362 11365 11242
f 11361 11365 11362
v 0.020000 0.064589 -2.155411
f 11366 11358 11359
v -0.092671 0.067329 -2.152671
f 11367 11366 11359
f 11361 11366 11365
f 11366 11367 11365
f 11367 11243 11365
f 11367 11248 11243
f 11367 11238 11248
f 11367 11359 11238
v 0.020000 0.264009 -2.195991
f 11368 11363 11364
v -0.015062 0.264938 -2.195062
f 11369 11368 11364
v 0.020000 0.300000 -2.196730
f 11370 11368 11369
v -0.015759 0.300000 -2.195759
f 11371 11370 11369
f 11252 11371 11250
f 11371 11369 11250
f 11369 11245 11250
f 11369 11364 11245
v 0.020000 0.416120 -2.163880
f 11372 11370 11371
v 0.016262 0.416262 -2.163738
f 11373 11372 11371
v 0.020000 0.420000 -2.162966
f 11374 11372 11373
v 0.017113 0.420000 -2.162887
f 11375 11374 11373
v -0.065444 0.420000 -2.160000
f 11376 11375 11373
f 11254 11376 11252
f 11376 11373 11252
f 11373 11371 11252
v -0.098777 0.420000 -2.158777
f 11377 11376 11254
f 11256 11377 11254
v 0.020000 0.425258 -2.160000
f 11378 11374 11375
f 11376 11378 11375
v -0.095475 0.424525 -2.155475
f 11379 11376 11377
v 0.020000 0.540000 -2.078527
f 11380 11378 11376
f 11379 11380 11376
v -0.017113 0.540000 -2.077113
f 11381 11380 11379
f 11260 11381 11258
f 11381 11379 11258
f 11379 11256 11258
f 11379 11377 11256
v 0.020000 0.583057 -2.040000
f 11382 11380 11381
v -0.061158 0.578842 -2.040000
f 11262 11383 11260
f 11383 11382 11260
f 11382 11381 11260
v 0.020000 0.660000 -1.975063
f 11384 11382 11383
v -0.033162 0.660000 -1.973162
f 11262 11385 11383
f 11385 11384 11383
f 11264 11385 11262
v 0.020000 0.747098 -1.952902
f 11386 11384 11385
v -0.011396 0.748604 -1.951396
f 11387 11386 11385
v 0.020000 0.780000 -1.939516
f 11388 11386 11387
v 0.001011 0.780000 -1.938989
f 11389 11388 11387
f 11268 11389 11266
f 11389 11387 11266
f 11387 11264 11266
f 11387 11385 11264
v 0.020000 0.850928 -1.920000
f 11390 11388 11389
v -0.035626 0.844374 -1.920000
f 11270 11391 11268
f 11391 11390 11268
f 11390 11389 11268
v 0.020000 0.900000 -1.906013
f 11392 11390 11391
v -0.082690 0.900000 -1.902690
f 11270 11393 11391
f 11393 11392 11391
f 11272 11393 11270
v 0.020000 0.925609 -1.894391
f 11394 11392 11393
v -0.069111 0.930889 -1.889111
f 11395 11394 11393
v 0.020000 1.020000 -1.854555
f 11396 11394 11395
v -0.032833 1.020000 -1.852833
f 11397 11396 11395
f 11276 11397 11274
f 11397 11395 11274
f 11395 11272 11274
f 11395 11393 11272
v 0.020000 1.112523 -1.800000
f 11398 11396 11397
v -0.009307 1.110693 -1.800000
f 11278 11399 11276
f 11399 11398 11276
f 11398 11397 11276
v 0.020000 1.140000 -1.781582
f 11400 11398 11399
v -0.077781 1.140000 -1.777781
f 11278 11401 11399
f 11401 11400 11399
f 11280 11401 11278
f 4794 4796 11400
f 4794 11400 11401
f 4530 4798 11280
f 4798 4799 11280
f 4799 4794 11401
f 4799 11401 11280
v 0.140000 -0.676724 -0.856724
v 0.140000 -0.682165 -0.840000
v 0.122025 -0.677975 -0.857975
f 11402 11403 11404
v 0.140000 -0.660000 -0.899401
f 11405 11402 11404
v 0.057251 -0.660000 -0.922749
f 11406 11405 11404
f 11285 11406 11282
f 11406 11404 11282
v 0.115473 -0.684527 -0.840000
f 11407 11283 11282
f 11404 11407 11282
f 11403 11407 11404
v 0.140000 -0.700757 -0.760757
v 0.140000 -0.708739 -0.720000
v 0.095795 -0.704205 -0.764205
f 11408 11409 11410
f 11403 11408 11407
f 11408 11410 11407
f 11410 11283 11407
f 11410 11288 11283
v 0.086091 -0.713909 -0.720000
f 11411 11289 11288
f 11410 11411 11288
f 11409 11411 11410
v 0.140000 -0.713875 -0.653875
v 0.140000 -0.719651 -0.600000
v 0.080861 -0.719139 -0.659139
f 11412 11413 11414
f 11409 11412 11411
f 11412 11414 11411
f 11414 11289 11411
f 11414 11292 11289
v 0.074215 -0.725785 -0.600000
f 11415 11293 11292
f 11414 11415 11292
f 11413 11415 11414
f 11413 4917 4918
f 11413 4918 11415
f 4918 4919 11415
f 4919 4920 11293
f 4919 11293 11415
f 4920 4651 11293
v 0.140000 -0.553927 -1.093927
v 0.140000 -0.563585 -1.080000
v 0.125130 -0.554870 -1.094870
f 11416 11417 11418
v 0.140000 -0.540000 -1.110387
f 11419 11416 11418
v 0.104096 -0.540000 -1.115904
f 11420 11419 11418
f 11299 11420 11296
f 11420 11418 11296
v 0.113316 -0.566684 -1.080000
f 11421 11297 11296
f 11418 11421 11296
f 11417 11421 11418
v 0.140000 -0.602023 -1.022023
v 0.140000 -0.635280 -0.960000
v 0.073321 -0.606679 -1.026679
f 11422 11423 11424
f 11417 11422 11421
f 11422 11424 11421
f 11424 11297 11421
f 11424 11302 11297
v 0.032327 -0.647673 -0.960000
f 11425 11303 11302
f 11424 11425 11302
f 11423 11425 11424
v 0.140000 -0.643249 -0.943249
f 11426 11405 11406
v 0.028017 -0.651983 -0.951983
f 11427 11426 11406
f 11423 11426 11425
f 11426 11427 11425
f 11427 11303 11425
f 11427 11306 11303
f 11427 11285 11306
f 11427 11406 11285
v 0.140000 -0.437282 -1.217282
v 0.140000 -0.455169 -1.200000
v 0.121575 -0.438425 -1.218425
f 11428 11429 11430
v 0.140000 -0.420000 -1.233960
f 11431 11428 11430
v 0.101333 -0.420000 -1.238667
f 11432 11431 11430
f 11311 11432 11308
f 11432 11430 11308
v 0.098845 -0.461155 -1.200000
f 11433 11309 11308
f 11430 11433 11308
f 11429 11433 11430
v 0.140000 -0.498839 -1.158839
f 11434 11419 11420
v 0.055175 -0.504825 -1.164825
f 11435 11434 11420
f 11429 11434 11433
f 11434 11435 11433
f 11435 11309 11433
f 11435 11314 11309
f 11435 11299 11314
f 11435 11420 11299
v 0.140000 -0.317226 -1.337226
v 0.140000 -0.331903 -1.320000
v 0.121803 -0.318197 -1.338197
f 11436 11437 11438
v 0.140000 -0.300000 -1.364617
f 11439 11436 11438
v 0.088495 -0.300000 -1.371505
f 11440 11439 11438
f 11319 11440 11316
f 11440 11438 11316
v 0.103554 -0.336446 -1.320000
f 11441 11317 11316
f 11438 11441 11316
f 11437 11441 11438
v 0.140000 -0.373432 -1.273432
f 11442 11431 11432
v 0.061388 -0.378612 -1.278612
f 11443 11442 11432
f 11437 11442 11441
f 11442 11443 11441
f 11443 11317 11441
f 11443 11322 11317
f 11443 11311 11322
f 11443 11432 11311
v 0.140000 -0.187715 -1.567715
v 0.140000 -0.190418 -1.560000
v 0.131918 -0.188082 -1.568082
f 11444 11445 11446
v 0.140000 -0.180000 -1.600417
f 11447 11444 11446
v 0.083617 -0.180000 -1.616383
f 11448 11447 11446
f 11327 11448 11324
f 11448 11446 11324
v 0.128825 -0.191175 -1.560000
f 11449 11325 11324
f 11446 11449 11324
f 11445 11449 11446
v 0.140000 -0.230440 -1.490440
v 0.140000 -0.257233 -1.440000
v 0.087292 -0.232708 -1.492708
f 11450 11451 11452
f 11445 11450 11449
f 11450 11452 11449
f 11452 11325 11449
f 11452 11330 11325
v 0.056425 -0.263575 -1.440000
f 11453 11331 11330
f 11452 11453 11330
f 11451 11453 11452
v 0.140000 -0.270522 -1.410522
f 11454 11439 11440
v 0.044482 -0.275518 -1.415518
f 11455 11454 11440
f 11451 11454 11453
f 11454 11455 11453
f 11455 11331 11453
f 11455 11334 11331
f 11455 11319 11334
f 11455 11440 11319
v 0.140000 -0.063709 -2.043709
v 0.140000 -0.066388 -2.040000
v 0.136163 -0.063837 -2.043837
f 11456 11457 11458
v 0.140000 -0.060000 -2.047401
f 11459 11456 11458
v 0.131976 -0.060000 -2.048024
f 11460 11459 11458
f 11339 11460 11336
f 11460 11458 11336
v 0.133166 -0.066834 -2.040000
f 11461 11337 11336
f 11458 11461 11336
f 11457 11461 11458
v 0.140000 -0.111287 -1.971287
v 0.140000 -0.134527 -1.920000
v 0.086606 -0.113394 -1.973394
f 11462 11463 11464
f 11457 11462 11461
f 11462 11464 11461
f 11464 11337 11461
f 11464 11342 11337
v 0.060412 -0.139588 -1.920000
f 11465 11343 11342
f 11464 11465 11342
f 11463 11465 11464
v 0.140000 -0.144479 -1.884479
v 0.140000 -0.161039 -1.800000
v 0.051105 -0.148895 -1.888895
f 11466 11467 11468
f 11463 11466 11465
f 11466 11468 11465
f 11468 11343 11465
f 11468 11346 11343
v 0.032218 -0.167782 -1.800000
f 11469 11347 11346
f 11468 11469 11346
f 11467 11469 11468
v 0.140000 -0.159631 -1.779631
v 0.140000 -0.161378 -1.680000
v 0.033191 -0.166809 -1.786809
f 11470 11471 11472
f 11467 11470 11469
f 11470 11472 11469
f 11472 11347 11469
f 11472 11350 11347
v 0.031428 -0.168572 -1.680000
f 11473 11351 11350
f 11472 11473 11350
f 11471 11473 11472
v 0.140000 -0.163135 -1.663135
f 11474 11447 11448
v 0.030281 -0.169719 -1.669719
f 11475 11474 11448
f 11471 11474 11473
f 11474 11475 11473
f 11475 11351 11473
f 11475 11354 11351
f 11475 11327 11354
f 11475 11448 11327
v 0.140000 -0.002742 -2.102742
f 11476 11459 11460
v 0.074680 -0.005320 -2.105320
f 11477 11476 11460
v 0.140000 0.060000 -2.143850
f 11478 11476 11477
v 0.027704 0.060000 -2.152296
f 11479 11478 11477
f 11358 11479 11356
f 11479 11477 11356
f 11477 11339 11356
f 11477 11460 11339
v 0.140000 0.159606 -2.180394
v 0.140000 0.102203 -2.160000
v 0.118728 0.158728 -2.181272
f 11480 11481 11482
v 0.140000 0.180000 -2.185724
f 11483 11480 11482
v 0.112775 0.180000 -2.187225
f 11484 11483 11482
f 11363 11484 11360
f 11484 11482 11360
v 0.043173 0.083173 -2.160000
f 11485 11361 11360
f 11482 11485 11360
f 11481 11485 11482
v 0.140000 0.070680 -2.149320
f 11486 11478 11479
v 0.024959 0.064959 -2.155041
f 11487 11486 11479
f 11481 11486 11485
f 11486 11487 11485
f 11487 11361 11485
f 11487 11366 11361
f 11487 11358 11366
f 11487 11479 11358
v 0.140000 0.271820 -2.188180
f 11488 11483 11484
v 0.110221 0.270221 -2.189779
f 11489 11488 11484
v 0.140000 0.300000 -2.188760
f 11490 11488 11489
v 0.109564 0.300000 -2.190436
f 11491 11490 11489
f 11370 11491 11368
f 11491 11489 11368
f 11489 11363 11368
f 11489 11484 11363
v 0.140000 0.401988 -2.160000
f 11492 11490 11491
v 0.062914 0.420000 -2.160000
f 11374 11493 11372
v 0.125628 0.405628 -2.160000
f 11493 11494 11372
f 11494 11370 11372
f 11494 11492 11370
f 11492 11491 11370
v 0.140000 0.420000 -2.154235
f 11495 11492 11494
f 11493 11495 11494
v 0.024750 0.424750 -2.160000
f 11378 11496 11374
f 11496 11493 11374
v 0.140000 0.443575 -2.136425
f 11497 11495 11493
v 0.140000 0.540000 -2.067891
f 11496 11498 11493
f 11498 11497 11493
v 0.109774 0.540000 -2.070226
f 11378 11499 11496
f 11499 11498 11496
f 11380 11499 11378
v 0.140000 0.571244 -2.040000
f 11500 11498 11499
v 0.059702 0.579702 -2.040000
f 11382 11501 11380
f 11501 11500 11380
f 11500 11499 11380
v 0.140000 0.660000 -1.965712
f 11502 11500 11501
v 0.090737 0.660000 -1.969263
f 11382 11503 11501
f 11503 11502 11501
f 11384 11503 11382
v 0.140000 0.759917 -1.940083
f 11504 11502 11503
v 0.117761 0.757761 -1.942239
f 11505 11504 11503
v 0.140000 0.780000 -1.931863
f 11506 11504 11505
v 0.127434 0.780000 -1.932566
f 11507 11506 11505
f 11388 11507 11386
f 11507 11505 11386
f 11505 11384 11386
f 11505 11503 11384
v 0.140000 0.823079 -1.920000
f 11508 11506 11507
v 0.077823 0.837823 -1.920000
f 11390 11509 11388
f 11509 11508 11388
f 11508 11507 11388
v 0.140000 0.900000 -1.898056
f 11510 11508 11509
v 0.035104 0.900000 -1.904896
f 11390 11511 11509
f 11511 11510 11509
f 11392 11511 11390
v 0.140000 0.940154 -1.879846
f 11512 11510 11511
v 0.049337 0.929337 -1.890663
f 11513 11512 11511
v 0.140000 1.020000 -1.846128
f 11514 11512 11513
v 0.090632 1.020000 -1.849368
f 11515 11514 11513
f 11396 11515 11394
f 11515 11513 11394
f 11513 11392 11394
f 11513 11511 11392
v 0.140000 1.098264 -1.800000
f 11516 11514 11515
v 0.102923 1.102923 -1.800000
f 11398 11517 11396
f 11517 11516 11396
f 11516 11515 11396
v 0.140000 1.140000 -1.772016
f 11518 11516 11517
v 0.040166 1.140000 -1.779834
f 11398 11519 11517
f 11519 11518 11517
f 11400 11519 11398
f 5060 5062 11518
f 5060 11518 11519
f 4796 5064 11400
f 5064 5065 11400
f 5065 5060 11519
f 5065 11519 11400
v 0.260000 -1.517231 -0.977231
v 0.260000 -1.526332 -0.960000
v 0.249956 -1.510044 -0.970044
f 11520 11521 11522
v 0.260000 -1.500000 -1.002354
f 11523 11520 11522
v 0.245840 -1.500000 -0.974160
f 11524 11523 11522
v 0.240621 -1.500000 -0.960000
f 11525 11524 11522
v 0.247886 -1.512114 -0.960000
f 11526 11525 11522
f 11521 11526 11522
v 0.260000 -1.548462 -0.888462
v 0.260000 -1.560236 -0.840000
v 0.234444 -1.525556 -0.865556
f 11527 11528 11529
f 11521 11527 11526
f 11527 11529 11526
v 0.221960 -1.500000 -0.878040
f 11530 11525 11526
f 11529 11530 11526
v 0.215534 -1.500000 -0.840000
f 11531 11530 11529
v 0.232045 -1.527955 -0.840000
f 11532 11531 11529
f 11528 11532 11529
v 0.260000 -1.556405 -0.776405
v 0.260000 -1.553586 -0.720000
v 0.234692 -1.525308 -0.745308
f 11533 11534 11535
f 11528 11533 11532
f 11533 11535 11532
v 0.219050 -1.500000 -0.760950
f 11536 11531 11532
f 11535 11536 11532
v 0.220469 -1.500000 -0.720000
f 11537 11536 11535
v 0.235178 -1.524822 -0.720000
f 11538 11537 11535
f 11534 11538 11535
v 0.260000 -1.508248 -0.608248
v 0.260000 -1.505257 -0.600000
v 0.257204 -1.502796 -0.602796
f 11539 11540 11541
f 11534 11539 11538
f 11539 11541 11538
v 0.254839 -1.500000 -0.605161
f 11542 11537 11538
f 11541 11542 11538
v 0.256137 -1.500000 -0.600000
f 11543 11542 11541
v 0.257592 -1.502408 -0.600000
f 11544 11543 11541
f 11540 11544 11541
v 0.260000 -1.500000 -0.592765
f 11540 11545 11544
f 11545 11543 11544
v 0.260000 -1.521350 0.938650
v 0.260000 -1.525812 0.960000
v 0.248695 -1.511305 0.948695
f 11546 11547 11548
v 0.260000 -1.500000 0.857266
f 11549 11546 11548
v 0.242714 -1.500000 0.942714
f 11550 11549 11548
v 0.240054 -1.500000 0.960000
f 11551 11550 11548
v 0.247750 -1.512250 0.960000
f 11552 11551 11548
f 11547 11552 11548
v 0.260000 -1.520718 1.059282
v 0.260000 -1.519832 1.080000
v 0.250439 -1.509561 1.070439
f 11553 11554 11555
f 11547 11553 11552
f 11553 11555 11552
v 0.244185 -1.500000 1.064185
f 11556 11551 11552
f 11555 11556 11552
v 0.244682 -1.500000 1.080000
f 11557 11556 11555
v 0.250602 -1.509398 1.080000
f 11558 11557 11555
f 11554 11558 11555
v 0.260000 -1.500000 1.137008
f 11554 11559 11558
f 11559 11557 11558
v 0.260000 -1.431714 -1.011714
f 11560 11523 11524
v 0.241203 -1.398797 -0.978797
f 11561 11560 11524
v 0.260000 -1.380000 -1.017923
f 11562 11560 11561
v 0.240583 -1.380000 -0.979417
f 11563 11562 11561
v 0.233450 -1.380000 -0.960000
f 11564 11563 11561
v 0.234682 -1.405318 -0.960000
f 11565 11564 11561
f 11525 11565 11524
f 11565 11561 11524
v 0.217727 -1.422273 -0.882273
f 11566 11525 11530
f 11566 11565 11525
v 0.216053 -1.380000 -0.883947
f 11567 11564 11565
f 11566 11567 11565
v 0.208657 -1.380000 -0.840000
f 11568 11567 11566
v 0.211013 -1.428987 -0.840000
f 11569 11568 11566
f 11531 11569 11530
f 11569 11566 11530
v 0.214173 -1.425827 -0.765827
f 11570 11531 11536
f 11570 11569 11531
v 0.211867 -1.380000 -0.768133
f 11571 11568 11569
f 11570 11571 11569
v 0.213530 -1.380000 -0.720000
f 11572 11571 11570
v 0.215667 -1.424333 -0.720000
f 11573 11572 11570
f 11537 11573 11536
f 11573 11570 11536
v 0.245408 -1.394592 -0.614592
f 11574 11537 11542
f 11574 11573 11537
v 0.244409 -1.380000 -0.615591
f 11575 11572 11573
f 11574 11575 11573
v 0.248303 -1.380000 -0.600000
f 11576 11575 11574
v 0.248847 -1.391153 -0.600000
f 11577 11576 11574
f 11543 11577 11542
f 11577 11574 11542
v 0.260000 -1.491584 -0.591584
f 11545 11578 11543
v 0.260000 -1.380000 -0.577376
f 11578 11579 11543
f 11579 11577 11543
f 11579 11576 11577
v 0.260000 -1.400975 0.819025
v 0.260000 -1.471524 0.840000
v 0.252303 -1.387697 0.832303
f 11580 11581 11582
v 0.260000 -1.380000 0.813544
f 11583 11580 11582
v 0.251789 -1.380000 0.831789
f 11584 11583 11582
v 0.249049 -1.380000 0.840000
f 11585 11584 11582
v 0.250001 -1.389999 0.840000
f 11586 11585 11582
f 11581 11586 11582
v 0.260000 -1.489470 0.850530
f 11587 11549 11550
v 0.232733 -1.407267 0.932733
f 11588 11587 11550
f 11581 11587 11586
f 11587 11588 11586
v 0.230577 -1.380000 0.930577
f 11589 11585 11586
f 11588 11589 11586
v 0.226079 -1.380000 0.960000
f 11590 11589 11588
v 0.229001 -1.410999 0.960000
f 11591 11590 11588
f 11551 11591 11550
f 11591 11588 11550
v 0.232372 -1.407628 1.052372
f 11592 11551 11556
f 11592 11591 11551
v 0.229660 -1.380000 1.049660
f 11593 11590 11591
f 11592 11593 11591
v 0.230609 -1.380000 1.080000
f 11594 11593 11592
v 0.233145 -1.406855 1.080000
f 11595 11594 11592
f 11557 11595 11556
f 11595 11592 11556
v 0.260000 -1.399708 1.180292
f 11559 11596 11557
v 0.260000 -1.380000 1.189117
f 11596 11597 11557
f 11597 11595 11557
f 11597 11594 11595
f 5116 5118 11562
f 5116 11562 11563
f 11564 5119 5116
f 11564 5116 11563
f 5120 5123 11567
f 5123 5124 11564
f 5123 11564 11567
f 5124 5119 11564
f 11568 5125 5120
f 11568 5120 11567
f 5126 5129 11571
f 5129 5130 11568
f 5129 11568 11571
f 5130 5125 11568
f 11572 5131 5126
f 11572 5126 11571
v 0.260000 -1.350154 -0.600000
f 11598 5132 5134
f 11598 5134 11575
f 5134 5135 11572
f 5134 11572 11575
f 5135 5131 11572
f 11576 11598 11575
v 0.260000 -1.365766 -0.585766
f 11579 11599 11576
f 11599 11598 11576
v 0.260000 -1.360622 0.840000
f 11600 11583 11584
f 11585 11600 11584
f 5136 5139 11589
f 5139 5140 11585
f 5139 11585 11589
f 5140 5141 11600
f 5140 11600 11585
f 11590 5142 5136
f 11590 5136 11589
f 5143 5146 11593
f 5146 5147 11590
f 5146 11590 11593
f 5147 5142 11590
f 11594 5148 5143
f 11594 5143 11593
f 11597 5149 5151
f 11597 5151 11594
f 5151 5148 11594
v 0.221906 -0.660000 -0.840000
f 11405 11601 11402
f 11601 11403 11402
v 0.260000 -0.680291 -0.740291
v 0.260000 -0.689330 -0.720000
v 0.242528 -0.677472 -0.737472
f 11602 11603 11604
v 0.260000 -0.660000 -0.794153
f 11605 11602 11604
f 11601 11605 11403
f 11605 11604 11403
f 11604 11408 11403
v 0.237830 -0.682170 -0.720000
f 11606 11409 11408
f 11604 11606 11408
f 11603 11606 11604
v 0.260000 -0.700272 -0.640272
v 0.260000 -0.704100 -0.600000
v 0.228635 -0.691365 -0.631365
f 11607 11608 11609
f 11603 11607 11606
f 11607 11609 11606
f 11609 11409 11606
f 11609 11412 11409
v 0.223958 -0.696042 -0.600000
f 11610 11413 11412
f 11609 11610 11412
f 11608 11610 11609
f 11608 5213 5214
f 11608 5214 11610
f 5214 5215 11610
f 5215 5216 11413
f 5215 11413 11610
f 5216 4917 11413
v 0.213849 -0.540000 -1.080000
f 11419 11611 11416
f 11611 11417 11416
v 0.260000 -0.578382 -0.998382
v 0.260000 -0.599125 -0.960000
v 0.213335 -0.586665 -1.006665
f 11612 11613 11614
v 0.260000 -0.540000 -1.056755
f 11615 11612 11614
f 11611 11615 11417
f 11615 11614 11417
f 11614 11422 11417
v 0.176445 -0.623555 -0.960000
f 11616 11423 11422
f 11614 11616 11422
f 11613 11616 11614
v 0.260000 -0.618617 -0.918617
v 0.260000 -0.648926 -0.840000
v 0.161881 -0.638119 -0.938119
f 11617 11618 11619
f 11613 11617 11616
f 11617 11619 11616
f 11619 11423 11616
f 11619 11426 11423
f 11619 11405 11426
f 11618 11601 11405
f 11619 11618 11405
v 0.260000 -0.651363 -0.831363
f 11620 11605 11601
f 11618 11620 11601
v 0.229925 -0.420000 -1.200000
f 11431 11621 11428
f 11621 11429 11428
v 0.260000 -0.475519 -1.135519
v 0.260000 -0.523106 -1.080000
v 0.192326 -0.487674 -1.147674
f 11622 11623 11624
v 0.260000 -0.420000 -1.188381
f 11625 11622 11624
f 11621 11625 11429
f 11625 11624 11429
f 11624 11434 11429
f 11624 11419 11434
f 11623 11611 11419
f 11624 11623 11419
v 0.260000 -0.530745 -1.070745
f 11626 11615 11611
f 11623 11626 11611
v 0.250272 -0.300000 -1.320000
f 11439 11627 11436
f 11627 11437 11436
v 0.260000 -0.351368 -1.251368
v 0.260000 -0.406641 -1.200000
v 0.198429 -0.361571 -1.261571
f 11628 11629 11630
v 0.260000 -0.300000 -1.316469
f 11631 11628 11630
f 11627 11631 11437
f 11631 11630 11437
f 11630 11442 11437
f 11630 11431 11442
f 11629 11621 11431
f 11630 11629 11431
v 0.260000 -0.413867 -1.193867
f 11632 11625 11621
f 11629 11632 11621
v 0.196265 -0.180000 -1.560000
f 11447 11633 11444
f 11633 11445 11444
v 0.260000 -0.215844 -1.475844
v 0.260000 -0.234324 -1.440000
v 0.219798 -0.220202 -1.480202
f 11634 11635 11636
v 0.260000 -0.180000 -1.538867
f 11637 11634 11636
f 11633 11637 11445
f 11637 11636 11445
f 11636 11450 11445
v 0.193222 -0.246778 -1.440000
f 11638 11451 11450
f 11636 11638 11450
f 11635 11638 11636
v 0.260000 -0.254222 -1.394222
v 0.260000 -0.297506 -1.320000
v 0.174688 -0.265312 -1.405312
f 11639 11640 11641
f 11635 11639 11638
f 11639 11641 11638
f 11641 11451 11638
f 11641 11454 11451
f 11641 11439 11454
f 11640 11627 11439
f 11641 11640 11439
v 0.260000 -0.298337 -1.318337
f 11642 11631 11627
f 11640 11642 11627
v 0.172724 -0.060000 -2.040000
f 11459 11643 11456
f 11643 11457 11456
v 0.260000 -0.096233 -1.956233
v 0.260000 -0.112882 -1.920000
v 0.219707 -0.100293 -1.960293
f 11644 11645 11646
v 0.260000 -0.060000 -2.012547
f 11647 11644 11646
f 11643 11647 11457
f 11647 11646 11457
f 11646 11462 11457
v 0.196872 -0.123128 -1.920000
f 11648 11463 11462
f 11646 11648 11462
f 11645 11648 11646
v 0.260000 -0.127354 -1.867354
v 0.260000 -0.140763 -1.800000
v 0.182820 -0.137180 -1.877180
f 11649 11650 11651
f 11645 11649 11648
f 11649 11651 11648
f 11651 11463 11648
f 11651 11466 11463
v 0.163816 -0.156184 -1.800000
f 11652 11467 11466
f 11651 11652 11466
f 11650 11652 11651
v 0.260000 -0.138271 -1.758271
v 0.260000 -0.140066 -1.680000
v 0.165640 -0.154360 -1.774360
f 11653 11654 11655
f 11650 11653 11652
f 11653 11655 11652
f 11655 11467 11652
f 11655 11470 11467
v 0.163547 -0.156453 -1.680000
f 11656 11471 11470
f 11655 11656 11470
f 11654 11656 11655
v 0.260000 -0.144611 -1.644611
v 0.260000 -0.167356 -1.560000
v 0.160392 -0.159608 -1.659608
f 11657 11658 11659
f 11654 11657 11656
f 11657 11659 11656
f 11659 11471 11656
f 11659 11474 11471
f 11659 11447 11474
f 11658 11633 11447
f 11659 11658 11447
v 0.260000 -0.172357 -1.552357
f 11660 11637 11633
f 11658 11660 11633
v 0.260000 0.012035 -2.087965
v 0.260000 -0.038443 -2.040000
v 0.206647 0.006647 -2.093353
f 11661 11662 11663
v 0.260000 0.060000 -2.119908
f 11664 11661 11663
v 0.161061 0.060000 -2.138939
f 11665 11664 11663
f 11478 11665 11476
f 11665 11663 11476
f 11663 11459 11476
f 11662 11643 11459
f 11663 11662 11459
v 0.260000 -0.049168 -2.029168
f 11666 11647 11643
f 11662 11666 11643
v 0.260000 0.175836 -2.164164
v 0.260000 0.163980 -2.160000
v 0.255348 0.175348 -2.164652
f 11667 11668 11669
v 0.260000 0.180000 -2.165263
f 11670 11667 11669
v 0.253879 0.180000 -2.166121
f 11671 11670 11669
f 11483 11671 11480
f 11671 11669 11480
v 0.228032 0.148032 -2.160000
f 11672 11481 11480
f 11669 11672 11480
f 11668 11672 11669
v 0.260000 0.086739 -2.133261
f 11673 11664 11665
v 0.153014 0.073014 -2.146986
f 11674 11673 11665
f 11668 11673 11672
f 11673 11674 11672
f 11674 11481 11672
f 11674 11486 11481
f 11674 11478 11486
f 11674 11665 11478
v 0.260000 0.291779 -2.168221
f 11675 11670 11671
v 0.250479 0.290479 -2.169521
f 11676 11675 11671
v 0.260000 0.300000 -2.168392
f 11677 11675 11676
v 0.250242 0.300000 -2.169758
f 11678 11677 11676
f 11490 11678 11488
f 11678 11676 11488
f 11676 11483 11488
f 11676 11671 11483
v 0.260000 0.329972 -2.160000
f 11679 11677 11678
v 0.205094 0.365094 -2.160000
f 11492 11680 11490
f 11680 11679 11490
f 11679 11678 11490
v 0.260000 0.420000 -2.130923
f 11681 11679 11680
v 0.147531 0.420000 -2.152469
f 11492 11682 11680
f 11682 11681 11680
f 11495 11682 11492
v 0.260000 0.537732 -2.042268
f 11683 11681 11682
v 0.249892 0.529892 -2.050108
f 11684 11683 11682
v 0.260000 0.540000 -2.040652
f 11685 11683 11684
v 0.259188 0.540000 -2.040812
f 11686 11685 11684
f 11498 11686 11497
f 11686 11684 11497
f 11684 11495 11497
f 11684 11682 11495
v 0.260000 0.540734 -2.040000
f 11687 11685 11686
v 0.165791 0.565791 -2.040000
f 11500 11688 11498
f 11688 11687 11498
f 11687 11686 11498
v 0.260000 0.660000 -1.941891
f 11689 11687 11688
v 0.233246 0.660000 -1.946754
f 11500 11690 11688
f 11690 11689 11688
f 11502 11690 11500
v 0.260000 0.743400 -1.920000
f 11691 11689 11690
v 0.213780 0.780000 -1.920000
f 11506 11692 11504
v 0.239616 0.759616 -1.920000
f 11692 11693 11504
f 11693 11502 11504
f 11693 11691 11502
f 11691 11690 11502
v 0.260000 0.780000 -1.912433
f 11694 11691 11693
f 11692 11694 11693
v 0.167555 0.807555 -1.920000
f 11508 11695 11506
f 11695 11692 11506
v 0.260000 0.791029 -1.908971
f 11696 11694 11692
v 0.260000 0.900000 -1.877820
f 11695 11697 11692
f 11697 11696 11692
v 0.166867 0.900000 -1.893133
f 11508 11698 11695
f 11698 11697 11695
f 11510 11698 11508
v 0.260000 0.977080 -1.842920
f 11699 11697 11698
v 0.198645 0.958645 -1.861355
f 11700 11699 11698
v 0.260000 1.020000 -1.824771
f 11701 11699 11700
v 0.230325 1.020000 -1.829675
f 11702 11701 11700
f 11514 11702 11512
f 11702 11700 11512
f 11700 11510 11512
f 11700 11698 11510
v 0.260000 1.062069 -1.800000
f 11703 11701 11702
v 0.200770 1.080770 -1.800000
f 11516 11704 11514
f 11704 11703 11514
f 11703 11702 11514
f 5366 5368 11703
f 5366 11703 11704
v 0.175648 1.140000 -1.764352
f 11516 11705 11704
f 11705 5369 5366
f 11705 5366 11704
f 11518 11705 11516
f 5376 5369 11705
f 5062 5379 11518
f 5379 5380 11518
f 5380 5376 11705
f 5380 11705 11518
v 0.380000 -1.632246 -0.972246
v 0.380000 -1.635459 -0.960000
v 0.370740 -1.629260 -0.969260
f 11706 11707 11708
v 0.380000 -1.620000 -1.004616
f 11709 11706 11708
v 0.361954 -1.620000 -0.978046
f 11710 11709 11708
v 0.352537 -1.620000 -0.960000
f 11711 11710 11708
v 0.369207 -1.630793 -0.960000
f 11712 11711 11708
f 11707 11712 11708
v 0.380000 -1.650837 -0.870837
v 0.380000 -1.654657 -0.840000
v 0.357471 -1.642529 -0.862529
f 11713 11714 11715
f 11707 11713 11712
f 11713 11715 11712
v 0.330834 -1.620000 -0.889166
f 11716 11711 11712
f 11715 11716 11712
v 0.319035 -1.620000 -0.840000
f 11717 11716 11715
v 0.355776 -1.644224 -0.840000
f 11718 11717 11715
f 11714 11718 11715
v 0.380000 -1.651661 -0.751661
v 0.380000 -1.652182 -0.720000
v 0.358102 -1.641898 -0.741898
f 11719 11720 11721
f 11714 11719 11718
f 11719 11721 11718
v 0.322780 -1.620000 -0.777220
f 11722 11717 11718
f 11721 11722 11718
v 0.325605 -1.620000 -0.720000
f 11723 11722 11721
v 0.358394 -1.641606 -0.720000
f 11724 11723 11721
f 11720 11724 11721
v 0.380000 -1.626596 -0.606596
v 0.380000 -1.625683 -0.600000
v 0.375959 -1.624041 -0.604041
f 11725 11726 11727
f 11720 11725 11724
f 11725 11727 11724
v 0.366045 -1.620000 -0.613955
f 11728 11723 11724
f 11727 11728 11724
v 0.370938 -1.620000 -0.600000
f 11729 11728 11727
v 0.376362 -1.623638 -0.600000
f 11730 11729 11727
f 11726 11730 11727
v 0.380000 -1.620000 -0.586571
f 11726 11731 11730
f 11731 11729 11730
v 0.380000 -1.632331 0.947669
v 0.380000 -1.633654 0.960000
v 0.371076 -1.628924 0.951076
f 11732 11733 11734
v 0.380000 -1.620000 0.865634
f 11735 11732 11734
v 0.360162 -1.620000 0.940162
f 11736 11735 11734
v 0.355938 -1.620000 0.960000
f 11737 11736 11734
v 0.370476 -1.629524 0.960000
f 11738 11737 11734
f 11733 11738 11734
v 0.380000 -1.630416 1.069584
v 0.380000 -1.630272 1.080000
v 0.372800 -1.627200 1.072800
f 11739 11740 11741
f 11733 11739 11738
f 11739 11741 11738
v 0.361207 -1.620000 1.061207
f 11742 11737 11738
f 11741 11742 11738
v 0.362026 -1.620000 1.080000
f 11743 11742 11741
v 0.372899 -1.627101 1.080000
f 11744 11743 11741
f 11740 11744 11741
v 0.380000 -1.620000 1.130906
f 11740 11745 11744
f 11745 11743 11744
v 0.380000 -1.543034 -1.123034
v 0.380000 -1.576665 -1.080000
v 0.349709 -1.530291 -1.110291
f 11746 11747 11748
v 0.380000 -1.500000 -1.162024
f 11749 11746 11748
v 0.337176 -1.500000 -1.122824
f 11750 11749 11748
v 0.304097 -1.500000 -1.080000
f 11751 11750 11748
v 0.338479 -1.541521 -1.080000
f 11752 11751 11748
f 11747 11752 11748
v 0.380000 -1.595023 -1.055023
f 11753 11709 11710
v 0.316133 -1.563867 -1.023867
f 11754 11753 11710
f 11747 11753 11752
f 11753 11754 11752
v 0.285523 -1.500000 -1.054477
f 11755 11751 11752
f 11754 11755 11752
f 11523 11755 11520
f 11755 11754 11520
v 0.301269 -1.578731 -0.960000
f 11756 11521 11520
f 11754 11756 11520
f 11711 11756 11710
f 11756 11754 11710
v 0.294778 -1.585222 -0.925222
f 11757 11711 11716
f 11757 11756 11711
f 11757 11521 11756
f 11757 11527 11521
v 0.285830 -1.594170 -0.840000
f 11758 11528 11527
f 11757 11758 11527
f 11717 11758 11716
f 11758 11757 11716
v 0.286807 -1.593193 -0.813193
f 11759 11717 11722
f 11759 11758 11717
f 11759 11528 11758
f 11759 11533 11528
v 0.288829 -1.591171 -0.720000
f 11760 11534 11533
f 11759 11760 11533
f 11723 11760 11722
f 11760 11759 11722
v 0.297701 -1.582299 -0.682299
f 11761 11723 11728
f 11761 11760 11723
f 11761 11534 11760
f 11761 11539 11534
v 0.310954 -1.569046 -0.600000
f 11762 11540 11539
f 11761 11762 11539
f 11729 11762 11728
f 11762 11761 11728
v 0.380000 -1.548067 -0.480000
f 11731 11763 11729
v 0.343729 -1.536271 -0.516271
f 11763 11764 11729
f 11764 11762 11729
f 11764 11540 11762
v 0.334691 -1.500000 -0.480000
f 11765 11545 11540
f 11764 11765 11540
v 0.355074 -1.524926 -0.480000
f 11766 11765 11764
f 11763 11766 11764
v 0.380000 -1.500000 -0.434369
f 11763 11767 11766
f 11767 11765 11766
v 0.380000 -1.533136 0.686864
v 0.380000 -1.555471 0.720000
v 0.357038 -1.522962 0.697038
f 11768 11769 11770
v 0.380000 -1.500000 0.651456
f 11771 11768 11770
v 0.346599 -1.500000 0.686599
f 11772 11771 11770
v 0.323686 -1.500000 0.720000
f 11773 11772 11770
v 0.349601 -1.530399 0.720000
f 11774 11773 11770
f 11769 11774 11770
v 0.380000 -1.580136 0.759864
v 0.380000 -1.614597 0.840000
v 0.326913 -1.553087 0.786913
f 11775 11776 11777
f 11769 11775 11774
f 11775 11777 11774
v 0.299116 -1.500000 0.759116
f 11778 11773 11774
f 11777 11778 11774
v 0.263706 -1.500000 0.840000
f 11779 11778 11777
v 0.316043 -1.563957 0.840000
f 11780 11779 11777
f 11776 11780 11777
v 0.380000 -1.615786 0.844214
f 11781 11735 11736
v 0.308420 -1.571580 0.888420
f 11782 11781 11736
f 11776 11781 11780
f 11781 11782 11780
v 0.262881 -1.500000 0.842881
f 11783 11779 11780
f 11782 11783 11780
f 11549 11783 11546
f 11783 11782 11546
v 0.301782 -1.578218 0.960000
f 11784 11547 11546
f 11782 11784 11546
f 11737 11784 11736
f 11784 11782 11736
v 0.303113 -1.576887 1.003113
f 11785 11737 11742
f 11785 11784 11737
f 11785 11547 11784
f 11785 11553 11547
v 0.304577 -1.575423 1.080000
f 11786 11554 11553
f 11785 11786 11553
f 11743 11786 11742
f 11786 11785 11742
v 0.380000 -1.599259 1.200000
f 11745 11787 11743
v 0.315961 -1.564039 1.135961
f 11787 11788 11743
f 11788 11786 11743
f 11788 11554 11786
v 0.279259 -1.500000 1.200000
f 11789 11559 11554
f 11788 11789 11554
v 0.324921 -1.555079 1.200000
f 11790 11789 11788
f 11787 11790 11788
v 0.380000 -1.563103 1.256897
v 0.380000 -1.526310 1.320000
v 0.360283 -1.519717 1.300283
f 11791 11792 11793
f 11787 11791 11790
f 11791 11793 11790
v 0.314244 -1.500000 1.254244
f 11794 11789 11790
f 11793 11794 11790
v 0.353289 -1.500000 1.320000
f 11795 11794 11793
v 0.365673 -1.514327 1.320000
f 11796 11795 11793
f 11792 11796 11793
v 0.380000 -1.500000 1.349384
f 11792 11797 11796
f 11797 11795 11796
v 0.380000 -1.465253 -1.165253
f 11798 11749 11750
v 0.333604 -1.426396 -1.126396
f 11799 11798 11750
v 0.380000 -1.380000 -1.171616
f 11800 11798 11799
v 0.332052 -1.380000 -1.127948
f 11801 11800 11799
v 0.295199 -1.380000 -1.080000
f 11802 11801 11799
v 0.300605 -1.459395 -1.080000
f 11803 11802 11799
f 11751 11803 11750
f 11803 11799 11750
v 0.284067 -1.475933 -1.055933
f 11804 11751 11755
f 11804 11803 11751
v 0.280300 -1.380000 -1.059700
f 11805 11802 11803
f 11804 11805 11803
f 11562 11805 11560
f 11805 11804 11560
f 11804 11523 11560
f 11804 11755 11523
v 0.316442 -1.380000 -0.480000
f 11806 11579 11578
v 0.321289 -1.438711 -0.480000
f 11545 11807 11578
f 11807 11806 11578
f 11765 11807 11545
v 0.380000 -1.444064 -0.424064
f 11767 11808 11765
v 0.380000 -1.380000 -0.410446
f 11808 11809 11765
f 11809 11807 11765
f 11809 11806 11807
v 0.380000 -1.457163 0.642837
f 11810 11771 11772
v 0.338867 -1.421133 0.678867
f 11811 11810 11772
v 0.380000 -1.380000 0.630293
f 11812 11810 11811
v 0.336075 -1.380000 0.676075
f 11813 11812 11811
v 0.306215 -1.380000 0.720000
f 11814 11813 11811
v 0.314652 -1.445348 0.720000
f 11815 11814 11811
f 11773 11815 11772
f 11815 11811 11772
v 0.294932 -1.465068 0.754932
f 11816 11773 11778
f 11816 11815 11773
v 0.288225 -1.380000 0.748225
f 11817 11814 11815
f 11816 11817 11815
f 11583 11817 11580
f 11817 11816 11580
v 0.263162 -1.496838 0.840000
f 11818 11581 11580
f 11816 11818 11580
f 11779 11818 11778
f 11818 11816 11778
v 0.262511 -1.497489 0.842511
f 11819 11779 11783
f 11819 11818 11779
f 11819 11581 11818
f 11819 11587 11581
f 11819 11549 11587
f 11819 11783 11549
v 0.263170 -1.380000 1.200000
f 11820 11597 11596
v 0.275885 -1.484115 1.200000
f 11559 11821 11596
f 11821 11820 11596
f 11789 11821 11559
v 0.294717 -1.465283 1.234717
f 11822 11789 11794
f 11822 11821 11789
v 0.268101 -1.380000 1.208101
f 11823 11820 11821
f 11822 11823 11821
v 0.330408 -1.380000 1.320000
f 11824 11823 11822
v 0.335939 -1.424061 1.320000
f 11825 11824 11822
f 11795 11825 11794
f 11825 11822 11794
v 0.380000 -1.463764 1.356236
f 11797 11826 11795
v 0.380000 -1.380000 1.376055
f 11826 11827 11795
f 11827 11825 11795
f 11827 11824 11825
f 5435 5437 11800
f 5435 11800 11801
f 11802 5438 5435
f 11802 5435 11801
f 5439 5441 11802
f 5439 11802 11805
f 5442 5438 11802
f 5441 5442 11802
f 5118 5446 11562
f 5446 5447 11562
f 5447 5439 11805
f 5447 11805 11562
f 5132 11598 5454
f 5455 5454 11598
f 11599 5457 5459
f 11599 5459 11598
f 5459 5455 11598
f 11579 5460 5462
f 11579 5462 11599
f 5462 5457 11599
f 11806 5463 5460
f 11806 5460 11579
f 11809 5464 5466
f 11809 5466 11806
f 5466 5468 11806
f 5468 5463 11806
f 5469 5471 11812
f 5469 11812 11813
f 11814 5472 5469
f 11814 5469 11813
f 5473 5475 11814
f 5473 11814 11817
f 5476 5472 11814
f 5475 5476 11814
f 11600 5480 5481
f 11600 5481 11583
f 5481 5482 11583
f 5482 5473 11817
f 5482 11817 11583
f 5483 5480 11600
f 5141 5486 11600
f 5486 5483 11600
v 0.263865 -1.376135 1.200000
f 5149 11597 11828
f 5149 11828 5491
f 5491 11828 5492
f 11820 11828 11597
v 0.272972 -1.367028 1.212972
f 11829 11820 11823
f 11829 11828 11820
f 5493 5492 11828
f 11829 5495 5493
f 11829 5493 11828
f 5496 5495 11829
f 5498 5496 11829
f 11824 5500 5501
f 11824 5501 11823
f 5501 5498 11829
f 5501 11829 11823
f 11827 5502 5504
f 11827 5504 11824
f 5504 5506 11824
f 5506 5500 11824
v 0.380000 -0.950193 -0.890193
f 5587 11830 5588
v 0.358116 -0.921884 -0.861884
f 5589 11831 11830
f 5589 11830 5587
v 0.380000 -0.900000 -0.886279
f 11832 11830 11831
v 0.358913 -0.900000 -0.861087
f 11833 11832 11831
v 0.347141 -0.900000 -0.840000
f 11834 11833 11831
v 0.345363 -0.934637 -0.840000
f 11835 11834 11831
f 5590 11835 5591
f 5591 11835 11831
f 5591 11831 5589
v 0.318118 -0.961882 -0.781882
f 5592 11836 5593
f 5593 11836 11835
f 5593 11835 5590
v 0.320317 -0.900000 -0.779683
f 11837 11834 11835
f 11836 11837 11835
v 0.303114 -0.900000 -0.720000
f 11838 11837 11836
v 0.299083 -0.980917 -0.720000
f 11839 11838 11836
f 5594 11839 5595
f 5595 11839 11836
f 5595 11836 5592
v 0.297758 -0.982242 -0.682242
f 5596 11840 5597
f 5597 11840 11839
f 5597 11839 5594
v 0.301722 -0.900000 -0.678278
f 11841 11838 11839
f 11840 11841 11839
v 0.299923 -0.900000 -0.600000
f 11842 11841 11840
v 0.295738 -0.984262 -0.600000
f 11843 11842 11840
f 5598 11843 5599
f 5599 11843 11840
f 5599 11840 5596
f 5601 11843 5598
f 5602 5604 11842
f 5602 11842 11843
f 5601 5602 11843
v 0.380000 -0.797986 -0.857986
f 11844 11832 11833
v 0.373221 -0.786779 -0.846779
f 11845 11844 11833
v 0.380000 -0.780000 -0.853683
f 11846 11844 11845
v 0.372864 -0.780000 -0.847136
f 11847 11846 11845
v 0.368885 -0.780000 -0.840000
f 11848 11847 11845
v 0.368508 -0.791492 -0.840000
f 11849 11848 11845
f 11834 11849 11833
f 11849 11845 11833
v 0.331623 -0.828377 -0.768377
f 11850 11834 11837
f 11850 11849 11834
v 0.332680 -0.780000 -0.767320
f 11851 11848 11849
f 11850 11851 11849
v 0.318970 -0.780000 -0.720000
f 11852 11851 11850
v 0.314119 -0.845881 -0.720000
f 11853 11852 11850
f 11838 11853 11837
f 11853 11850 11837
v 0.312115 -0.847885 -0.667885
f 11854 11838 11841
f 11854 11853 11838
v 0.316942 -0.780000 -0.663058
f 11855 11852 11853
f 11854 11855 11853
v 0.312775 -0.780000 -0.600000
f 11856 11855 11854
v 0.310155 -0.849845 -0.600000
f 11857 11856 11854
f 11842 11857 11841
f 11857 11854 11841
f 5656 11842 5604
f 5656 5657 11857
f 5656 11857 11842
f 5658 5660 11856
f 5658 11856 11857
f 5657 5658 11857
v 0.380000 -0.732515 -0.840000
f 11858 11846 11847
f 11848 11858 11847
v 0.353428 -0.686572 -0.746572
f 11859 11848 11851
v 0.380000 -0.660000 -0.797513
f 11860 11858 11848
f 11859 11860 11848
v 0.296805 -0.660000 -0.803195
f 11861 11860 11859
f 11605 11861 11602
f 11861 11859 11602
v 0.342639 -0.697361 -0.720000
f 11862 11603 11602
f 11859 11862 11602
f 11852 11862 11851
f 11862 11859 11851
v 0.337230 -0.702770 -0.642770
f 11863 11852 11855
f 11863 11862 11852
f 11863 11603 11862
f 11863 11607 11603
v 0.333303 -0.706697 -0.600000
f 11864 11608 11607
f 11863 11864 11607
f 11856 11864 11855
f 11864 11863 11855
f 5688 11856 5660
f 5688 5689 11864
f 5688 11864 11856
f 5689 5690 11608
f 5689 11608 11864
f 5690 5213 11608
v 0.376809 -0.540000 -0.960000
f 11615 11865 11612
f 11865 11613 11612
v 0.380000 -0.586762 -0.886762
v 0.380000 -0.633296 -0.840000
v 0.325359 -0.594641 -0.894641
f 11866 11867 11868
v 0.380000 -0.540000 -0.956309
f 11869 11866 11868
f 11865 11869 11613
f 11869 11868 11613
f 11868 11617 11613
v 0.282520 -0.637480 -0.840000
f 11870 11618 11617
f 11868 11870 11617
f 11867 11870 11868
v 0.380000 -0.642268 -0.822268
f 11871 11860 11861
v 0.274732 -0.645268 -0.825268
f 11872 11871 11861
f 11867 11871 11870
f 11871 11872 11870
f 11872 11618 11870
f 11872 11620 11618
f 11872 11605 11620
f 11872 11861 11605
v 0.380000 -0.436367 -1.096367
v 0.380000 -0.450559 -1.080000
v 0.356859 -0.443141 -1.103141
f 11873 11874 11875
v 0.380000 -0.420000 -1.112804
f 11876 11873 11875
v 0.293444 -0.420000 -1.166556
f 11877 11876 11875
f 11625 11877 11622
f 11877 11875 11622
v 0.304552 -0.495448 -1.080000
f 11878 11623 11622
f 11875 11878 11622
f 11874 11878 11875
v 0.380000 -0.490668 -1.030668
v 0.380000 -0.538109 -0.960000
v 0.274815 -0.525185 -1.065185
f 11879 11880 11881
f 11874 11879 11878
f 11879 11881 11878
f 11881 11623 11878
f 11881 11626 11623
f 11881 11615 11626
f 11880 11865 11615
f 11881 11880 11615
v 0.380000 -0.538805 -0.958805
f 11882 11869 11865
f 11880 11882 11865
v 0.380000 -0.315355 -1.215355
v 0.380000 -0.329498 -1.200000
v 0.359155 -0.320845 -1.220845
f 11883 11884 11885
v 0.380000 -0.300000 -1.238796
f 11886 11883 11885
v 0.271690 -0.300000 -1.308310
f 11887 11886 11885
f 11631 11887 11628
f 11887 11885 11628
v 0.297012 -0.382988 -1.200000
f 11888 11629 11628
f 11885 11888 11628
f 11884 11888 11885
v 0.380000 -0.374101 -1.154101
f 11889 11876 11877
v 0.269912 -0.410088 -1.190088
f 11890 11889 11877
f 11884 11889 11888
f 11889 11890 11888
f 11890 11629 11888
f 11890 11632 11629
f 11890 11625 11632
f 11890 11877 11625
v 0.380000 -0.191818 -1.451818
v 0.380000 -0.197733 -1.440000
v 0.365676 -0.194324 -1.454324
f 11891 11892 11893
v 0.380000 -0.180000 -1.473023
f 11894 11891 11893
v 0.308214 -0.180000 -1.511786
f 11895 11894 11893
f 11637 11895 11634
f 11895 11893 11634
v 0.354994 -0.205006 -1.440000
f 11896 11635 11634
f 11893 11896 11634
f 11892 11896 11893
v 0.380000 -0.228155 -1.368155
v 0.380000 -0.252462 -1.320000
v 0.319479 -0.240521 -1.380521
f 11897 11898 11899
f 11892 11897 11896
f 11897 11899 11896
f 11899 11635 11896
f 11899 11639 11635
v 0.263926 -0.296074 -1.320000
f 11900 11640 11639
f 11899 11900 11639
f 11898 11900 11899
v 0.380000 -0.265925 -1.285925
f 11901 11886 11887
v 0.262405 -0.297595 -1.317595
f 11902 11901 11887
f 11898 11901 11900
f 11901 11902 11900
f 11902 11640 11900
f 11902 11642 11640
f 11902 11631 11642
f 11902 11887 11631
v 0.380000 -0.071193 -1.931193
v 0.380000 -0.076430 -1.920000
v 0.366594 -0.073406 -1.933406
f 11903 11904 11905
v 0.380000 -0.060000 -1.948940
f 11906 11903 11905
v 0.320600 -0.060000 -1.979400
f 11907 11906 11905
f 11647 11907 11644
f 11907 11905 11644
v 0.357633 -0.082367 -1.920000
f 11908 11645 11644
f 11905 11908 11644
f 11904 11908 11905
v 0.380000 -0.098354 -1.838354
v 0.380000 -0.106140 -1.800000
v 0.331497 -0.108503 -1.848503
f 11909 11910 11911
f 11904 11909 11908
f 11909 11911 11908
f 11911 11645 11908
f 11911 11649 11645
v 0.317377 -0.122623 -1.800000
f 11912 11650 11649
f 11911 11912 11649
f 11910 11912 11911
v 0.380000 -0.102575 -1.722575
v 0.380000 -0.103824 -1.680000
v 0.321203 -0.118797 -1.738797
f 11913 11914 11915
f 11910 11913 11912
f 11913 11915 11912
f 11915 11650 11912
f 11915 11653 11650
v 0.319204 -0.120796 -1.680000
f 11916 11654 11653
f 11915 11916 11653
f 11914 11916 11915
v 0.380000 -0.114083 -1.614083
v 0.380000 -0.128415 -1.560000
v 0.308692 -0.131308 -1.631308
f 11917 11918 11919
f 11914 11917 11916
f 11917 11919 11916
f 11919 11654 11916
f 11919 11657 11654
v 0.279352 -0.160648 -1.560000
f 11920 11658 11657
f 11919 11920 11657
f 11918 11920 11919
v 0.380000 -0.148686 -1.528686
f 11921 11894 11895
v 0.269912 -0.170088 -1.550088
f 11922 11921 11895
f 11918 11921 11920
f 11921 11922 11920
f 11922 11658 11920
f 11922 11660 11658
f 11922 11637 11660
f 11922 11895 11637
v 0.380000 0.036739 -2.063261
v 0.380000 0.011720 -2.040000
v 0.352115 0.032115 -2.067885
f 11923 11924 11925
v 0.380000 0.060000 -2.079081
f 11926 11923 11925
v 0.322953 0.060000 -2.097047
f 11927 11926 11925
f 11664 11927 11661
f 11927 11925 11661
v 0.299010 -0.020990 -2.040000
f 11928 11662 11661
f 11925 11928 11661
f 11924 11928 11925
v 0.380000 -0.023316 -2.003316
f 11929 11906 11907
v 0.274991 -0.045009 -2.025009
f 11930 11929 11907
f 11924 11929 11928
f 11929 11930 11928
f 11930 11662 11928
f 11930 11666 11662
f 11930 11647 11666
f 11930 11907 11647
v 0.279515 0.180000 -2.160000
f 11670 11931 11667
f 11931 11668 11667
v 0.380000 0.114501 -2.105499
f 11932 11926 11927
v 0.296868 0.096868 -2.123132
f 11933 11932 11927
v 0.380000 0.180000 -2.128768
f 11934 11932 11933
f 11931 11934 11668
f 11934 11933 11668
f 11933 11673 11668
f 11933 11664 11673
f 11933 11927 11664
v 0.291084 0.300000 -2.160000
f 11677 11935 11675
v 0.281482 0.201482 -2.160000
f 11935 11936 11675
f 11936 11670 11675
f 11936 11931 11670
v 0.380000 0.210139 -2.129861
f 11937 11934 11931
v 0.380000 0.300000 -2.132398
f 11936 11938 11931
f 11938 11937 11931
f 11935 11938 11936
v 0.275765 0.315765 -2.160000
f 11679 11939 11677
f 11939 11935 11677
v 0.380000 0.344375 -2.115625
f 11940 11938 11935
v 0.380000 0.420000 -2.090928
f 11939 11941 11935
f 11941 11940 11935
v 0.305750 0.420000 -2.114250
f 11679 11942 11939
f 11942 11941 11939
f 11681 11942 11679
v 0.380000 0.487903 -2.040000
f 11943 11941 11942
v 0.261828 0.540000 -2.040000
f 11685 11944 11683
v 0.345825 0.505825 -2.040000
f 11944 11945 11683
f 11945 11681 11683
f 11945 11943 11681
f 11943 11942 11681
v 0.380000 0.540000 -1.986540
f 11946 11943 11945
f 11944 11946 11945
v 0.260547 0.540547 -2.040000
f 11687 11947 11685
f 11947 11944 11685
v 0.264146 0.544146 -2.035854
v 0.380000 0.629069 -1.920000
f 11948 11949 11944
f 11949 11946 11944
f 11947 11948 11944
f 11687 11948 11947
v 0.327757 0.660000 -1.920000
f 11950 11948 11687
f 11689 11950 11687
v 0.361553 0.641553 -1.920000
f 11950 11951 11948
f 11951 11949 11948
v 0.380000 0.660000 -1.905612
f 11952 11949 11951
f 11950 11952 11951
v 0.297346 0.697346 -1.920000
f 11691 11953 11689
f 11953 11950 11689
v 0.380000 0.677580 -1.902420
f 11954 11952 11950
v 0.380000 0.780000 -1.880391
f 11953 11955 11950
f 11955 11954 11950
v 0.270681 0.780000 -1.909319
f 11691 11956 11953
f 11956 11955 11953
f 11694 11956 11691
v 0.380000 0.837637 -1.862363
f 11957 11955 11956
v 0.278585 0.798585 -1.901415
f 11958 11957 11956
v 0.380000 0.900000 -1.844483
f 11959 11957 11958
v 0.319438 0.900000 -1.860562
f 11960 11959 11958
f 11697 11960 11696
f 11960 11958 11696
f 11958 11694 11696
f 11958 11956 11694
v 0.380000 0.998476 -1.800000
f 11961 11959 11960
v 0.345717 1.020000 -1.800000
f 11701 11962 11699
v 0.367075 1.007075 -1.800000
f 11962 11963 11699
f 11963 11697 11699
f 11963 11961 11697
f 11961 11960 11697
v 0.380000 1.020000 -1.789139
f 11964 11961 11963
f 11962 11964 11963
v 0.288836 1.048836 -1.800000
f 11703 11965 11701
f 11965 11962 11701
v 0.380000 1.055579 -1.764421
f 11966 11964 11962
f 11965 5871 5873
f 11965 5873 11962
f 5873 5874 11966
f 5873 11966 11962
f 11703 5875 5877
f 11703 5877 11965
f 5877 5871 11965
f 5368 5875 11703
v 0.500000 -1.632025 -1.092025
v 0.500000 -1.636813 -1.080000
v 0.489774 -1.630226 -1.090226
f 11967 11968 11969
v 0.500000 -1.620000 -1.112297
f 11970 11967 11969
v 0.479662 -1.620000 -1.100338
f 11971 11970 11969
v 0.452918 -1.620000 -1.080000
f 11972 11971 11969
v 0.486763 -1.633237 -1.080000
f 11973 11972 11969
f 11968 11973 11969
v 0.500000 -1.666101 -1.006101
v 0.500000 -1.677748 -0.960000
v 0.461372 -1.658628 -0.998628
f 11974 11975 11976
f 11968 11974 11973
f 11974 11976 11973
v 0.414561 -1.620000 -1.045439
f 11977 11972 11973
f 11976 11977 11973
f 11709 11977 11706
f 11977 11976 11706
v 0.454181 -1.665819 -0.960000
f 11978 11707 11706
f 11976 11978 11706
f 11975 11978 11976
v 0.500000 -1.687366 -0.907366
v 0.500000 -1.696772 -0.840000
v 0.444788 -1.675212 -0.895212
f 11979 11980 11981
f 11975 11979 11978
f 11979 11981 11978
f 11981 11707 11978
f 11981 11713 11707
v 0.439981 -1.680019 -0.840000
f 11982 11714 11713
f 11981 11982 11713
f 11980 11982 11981
v 0.500000 -1.695334 -0.795334
v 0.500000 -1.699204 -0.720000
v 0.441528 -1.678472 -0.778472
f 11983 11984 11985
f 11980 11983 11982
f 11983 11985 11982
f 11985 11714 11982
f 11985 11719 11714
v 0.440862 -1.679138 -0.720000
f 11986 11720 11719
f 11985 11986 11719
f 11984 11986 11985
v 0.500000 -1.687815 -0.667815
v 0.500000 -1.680018 -0.600000
v 0.452711 -1.667289 -0.647289
f 11987 11988 11989
f 11984 11987 11986
f 11987 11989 11986
f 11989 11720 11986
f 11989 11725 11720
v 0.457128 -1.662872 -0.600000
f 11990 11726 11725
f 11989 11990 11725
f 11988 11990 11989
v 0.500000 -1.633158 -0.493158
v 0.500000 -1.628382 -0.480000
v 0.492316 -1.627684 -0.487684
f 11991 11992 11993
f 11988 11991 11990
f 11991 11993 11990
f 11993 11726 11990
v 0.482266 -1.620000 -0.480000
f 11994 11731 11726
f 11993 11994 11726
v 0.494149 -1.625851 -0.480000
f 11995 11994 11993
f 11992 11995 11993
v 0.500000 -1.620000 -0.467598
f 11992 11996 11995
f 11996 11994 11995
v 0.500000 -1.624024 0.715976
v 0.500000 -1.625454 0.720000
v 0.496634 -1.623366 0.716634
f 11997 11998 11999
v 0.500000 -1.620000 0.708247
f 12000 11997 11999
v 0.493132 -1.620000 0.713132
f 12001 12000 11999
v 0.485558 -1.620000 0.720000
f 12002 12001 11999
v 0.495764 -1.624236 0.720000
f 12003 12002 11999
f 11998 12003 11999
v 0.500000 -1.654864 0.805136
v 0.500000 -1.662762 0.840000
v 0.471276 -1.648724 0.811276
f 12004 12005 12006
f 11998 12004 12003
f 12004 12006 12003
v 0.435128 -1.620000 0.775128
f 12007 12002 12003
f 12006 12007 12003
v 0.388944 -1.620000 0.840000
f 12008 12007 12006
v 0.466561 -1.653439 0.840000
f 12009 12008 12006
f 12005 12009 12006
v 0.500000 -1.673327 0.906673
v 0.500000 -1.679096 0.960000
v 0.457018 -1.662982 0.917018
f 12010 12011 12012
f 12005 12010 12009
f 12010 12012 12009
v 0.386337 -1.620000 0.846337
f 12013 12008 12009
f 12012 12013 12009
f 11735 12013 11732
f 12013 12012 11732
v 0.453818 -1.666182 0.960000
f 12014 11733 11732
f 12012 12014 11732
f 12011 12014 12012
v 0.500000 -1.677134 1.022866
v 0.500000 -1.677526 1.080000
v 0.455663 -1.664337 1.035663
f 12015 12016 12017
f 12011 12015 12014
f 12015 12017 12014
f 12017 11733 12014
f 12017 11739 11733
v 0.456090 -1.663910 1.080000
f 12018 11740 11739
f 12017 12018 11739
f 12016 12018 12017
v 0.500000 -1.661030 1.158970
v 0.500000 -1.655422 1.200000
v 0.470524 -1.649476 1.170524
f 12019 12020 12021
f 12016 12019 12018
f 12019 12021 12018
f 12021 11740 12018
v 0.413682 -1.620000 1.200000
f 12022 11745 11740
f 12021 12022 11740
v 0.473540 -1.646460 1.200000
f 12023 12022 12021
f 12020 12023 12021
v 0.500000 -1.620000 1.292590
f 12020 12024 12023
f 12024 12022 12023
v 0.500000 -1.519075 -1.219075
v 0.500000 -1.539183 -1.200000
v 0.484446 -1.515554 -1.215554
f 12025 12026 12027
v 0.500000 -1.500000 -1.231868
f 12028 12025 12027
v 0.477644 -1.500000 -1.222356
f 12029 12028 12027
v 0.438886 -1.500000 -1.200000
f 12030 12029 12027
v 0.474588 -1.525412 -1.200000
f 12031 12030 12027
f 12026 12031 12027
v 0.500000 -1.582626 -1.162626
f 12032 11970 11971
v 0.433930 -1.566070 -1.146070
f 12033 12032 11971
f 12026 12032 12031
f 12032 12033 12031
v 0.400934 -1.500000 -1.179066
f 12034 12030 12031
f 12033 12034 12031
f 11749 12034 11746
f 12034 12033 11746
v 0.404609 -1.595391 -1.080000
f 12035 11747 11746
f 12033 12035 11746
f 11972 12035 11971
f 12035 12033 11971
v 0.396005 -1.603995 -1.063995
f 12036 11972 11977
f 12036 12035 11972
f 12036 11747 12035
f 12036 11753 11747
f 12036 11709 11753
f 12036 11977 11709
v 0.419229 -1.580771 -0.480000
f 12037 11763 11731
f 11994 12037 11731
v 0.500000 -1.503597 -0.360000
f 11996 12038 11994
v 0.494669 -1.505331 -0.365331
f 12038 12039 11994
f 12039 12037 11994
f 12039 11763 12037
v 0.495087 -1.500000 -0.360000
f 12040 11767 11763
f 12039 12040 11763
v 0.497819 -1.502181 -0.360000
f 12041 12040 12039
f 12038 12041 12039
v 0.500000 -1.500000 -0.357456
f 12038 12042 12041
f 12042 12040 12041
v 0.500000 -1.518928 0.581072
v 0.500000 -1.536021 0.600000
v 0.484886 -1.515114 0.584886
f 12043 12044 12045
v 0.500000 -1.500000 0.566207
f 12046 12043 12045
v 0.477652 -1.500000 0.577652
f 12047 12046 12045
v 0.445306 -1.500000 0.600000
f 12048 12047 12045
v 0.476787 -1.523213 0.600000
f 12049 12048 12045
f 12044 12049 12045
v 0.500000 -1.577731 0.642269
f 12050 12000 12001
v 0.439163 -1.560837 0.659163
f 12051 12050 12001
f 12044 12050 12049
f 12050 12051 12049
v 0.406140 -1.500000 0.626140
f 12052 12048 12049
f 12051 12052 12049
f 11771 12052 11768
f 12052 12051 11768
v 0.416175 -1.583825 0.720000
f 12053 11769 11768
f 12051 12053 11768
f 12002 12053 12001
f 12053 12051 12001
v 0.405023 -1.594977 0.745023
f 12054 12002 12007
f 12054 12053 12002
f 12054 11769 12053
f 12054 11775 11769
v 0.382923 -1.617077 0.840000
f 12055 11776 11775
f 12054 12055 11775
f 12008 12055 12007
f 12055 12054 12007
v 0.382402 -1.617598 0.842402
f 12056 12008 12013
f 12056 12055 12008
f 12056 11776 12055
f 12056 11781 11776
f 12056 11735 11781
f 12056 12013 11735
v 0.391359 -1.608641 1.200000
f 12057 11787 11745
f 12022 12057 11745
v 0.500000 -1.604302 1.320000
f 12024 12058 12022
v 0.399865 -1.600135 1.219865
f 12058 12059 12022
f 12059 12057 12022
f 12059 11787 12057
f 12059 11791 11787
v 0.432715 -1.567285 1.320000
f 12060 11792 11791
f 12059 12060 11791
f 12058 12060 12059
v 0.500000 -1.500000 1.434862
f 12058 12061 12060
v 0.479725 -1.500000 1.419725
f 12061 12062 12060
f 12062 11792 12060
f 12062 11797 11792
v 0.500000 -1.417603 -1.237603
f 12063 12028 12029
v 0.473098 -1.406902 -1.226902
f 12064 12063 12029
v 0.500000 -1.380000 -1.239656
f 12065 12063 12064
v 0.472149 -1.380000 -1.227851
f 12066 12065 12064
v 0.424067 -1.380000 -1.200000
f 12067 12066 12064
v 0.431952 -1.448048 -1.200000
f 12068 12067 12064
f 12030 12068 12029
f 12068 12064 12029
v 0.399698 -1.480302 -1.180302
f 12069 12030 12034
f 12069 12068 12030
v 0.395586 -1.380000 -1.184414
f 12070 12067 12068
f 12069 12070 12068
f 11800 12070 11798
f 12070 12069 11798
f 12069 11749 11798
f 12069 12034 11749
v 0.449745 -1.380000 -0.360000
f 12071 11809 11808
v 0.459662 -1.420338 -0.360000
f 11767 12072 11808
f 12072 12071 11808
f 12040 12072 11767
v 0.500000 -1.497004 -0.357004
f 12042 12073 12040
v 0.500000 -1.380000 -0.332047
f 12073 12074 12040
f 12074 12072 12040
f 12074 12071 12072
v 0.500000 -1.425128 0.554872
f 12075 12046 12047
v 0.468764 -1.411236 0.568764
f 12076 12075 12047
v 0.500000 -1.380000 0.549526
f 12077 12075 12076
v 0.466532 -1.380000 0.566532
f 12078 12077 12076
v 0.418497 -1.380000 0.600000
f 12079 12078 12076
v 0.432453 -1.447547 0.600000
f 12080 12079 12076
f 12048 12080 12047
f 12080 12076 12047
v 0.403201 -1.476799 0.623201
f 12081 12048 12052
f 12081 12080 12048
v 0.395269 -1.380000 0.615269
f 12082 12079 12080
f 12081 12082 12080
f 11812 12082 11810
f 12082 12081 11810
f 12081 11771 11810
f 12081 12052 11771
v 0.500000 -1.479112 1.440000
f 12061 12083 12062
v 0.464667 -1.380000 1.440000
f 12084 11827 11826
v 0.471406 -1.408594 1.440000
f 11797 12085 11826
f 12085 12084 11826
f 12062 12083 11797
f 12083 12085 11797
v 0.500000 -1.380000 1.461030
f 12083 12086 12085
f 12086 12084 12085
f 5944 5946 12065
f 5944 12065 12066
f 12067 5947 5944
f 12067 5944 12066
f 5948 5950 12067
f 5948 12067 12070
f 5951 5947 12067
f 5950 5951 12067
f 5437 5955 11800
f 5955 5956 11800
f 5956 5948 12070
f 5956 12070 11800
f 5464 11809 5959
f 12071 5961 5959
f 12071 5959 11809
v 0.500000 -1.354567 -0.334567
f 12074 12087 12071
f 12087 5962 5964
f 12087 5964 12071
f 5964 5961 12071
f 5965 5967 12077
f 5965 12077 12078
f 12079 5968 5965
f 12079 5965 12078
f 5969 5971 12079
f 5969 12079 12082
f 5972 5968 12079
f 5971 5972 12079
f 5471 5976 11812
f 5976 5977 11812
f 5977 5969 12082
f 5977 12082 11812
f 5502 11827 5980
f 12084 5982 5980
f 12084 5980 11827
v 0.500000 -1.362642 1.457358
f 12086 12088 12084
f 12088 5983 5985
f 12088 5985 12084
f 5985 5982 12084
v 0.414091 -0.900000 -0.925909
f 6037 12089 6038
f 6039 12089 6037
f 11832 12089 11830
f 12089 6039 6040
f 12089 6040 11830
f 6040 5588 11830
v 0.500000 -0.780498 -0.960498
f 6065 12090 6066
v 0.499694 -0.780306 -0.960306
f 6067 12091 12090
f 6067 12090 6065
v 0.500000 -0.780000 -0.960420
f 12092 12090 12091
v 0.499722 -0.780000 -0.960278
f 12093 12092 12091
v 0.499340 -0.780000 -0.960000
f 12094 12093 12091
v 0.499098 -0.780902 -0.960000
f 12095 12094 12091
f 6068 12095 6069
f 6069 12095 12091
f 6069 12091 6067
v 0.421145 -0.858855 -0.918855
f 12096 6070 6038
f 12096 6038 12089
f 6070 12096 12095
f 6070 12095 6068
v 0.430023 -0.780000 -0.909977
f 12097 12094 12095
f 12096 12097 12095
f 11846 12097 11844
f 12097 12096 11844
f 12096 11832 11844
f 12096 12089 11832
v 0.500000 -0.778668 -0.960000
f 12098 12092 12093
f 12094 12098 12093
v 0.448428 -0.711572 -0.891572
f 12099 12094 12097
v 0.500000 -0.660000 -0.912557
f 12100 12098 12094
f 12099 12100 12094
v 0.450554 -0.660000 -0.889446
f 12101 12100 12099
v 0.404820 -0.660000 -0.840000
f 12102 12101 12099
f 11858 12102 11846
f 12102 12099 11846
f 12099 12097 11846
v 0.393485 -0.660000 -0.826515
f 12103 12102 11858
f 11860 12103 11858
v 0.500000 -0.575934 -0.875934
f 12104 12100 12101
v 0.480345 -0.559655 -0.859655
f 12105 12104 12101
v 0.500000 -0.540000 -0.868115
f 12106 12104 12105
v 0.391249 -0.540000 -0.948751
f 12107 12106 12105
f 11869 12107 11866
f 12107 12105 11866
v 0.437921 -0.602079 -0.840000
f 12108 11867 11866
f 12105 12108 11866
f 12102 12108 12101
f 12108 12105 12101
v 0.403876 -0.636124 -0.816124
f 12109 12102 12103
f 12109 12108 12102
f 12109 11867 12108
f 12109 11871 11867
f 12109 11860 11871
f 12109 12103 11860
v 0.416309 -0.420000 -1.080000
f 11876 12110 11873
f 12110 11874 11873
v 0.500000 -0.432060 -0.972060
v 0.500000 -0.446547 -0.960000
v 0.479513 -0.440487 -0.980487
f 12111 12112 12113
v 0.500000 -0.420000 -0.984869
f 12114 12111 12113
f 12110 12114 11874
f 12114 12113 11874
f 12113 11879 11874
v 0.392030 -0.527970 -0.960000
f 12115 11880 11879
f 12113 12115 11879
f 12112 12115 12113
v 0.500000 -0.488560 -0.908560
f 12116 12106 12107
v 0.382783 -0.537217 -0.957217
f 12117 12116 12107
f 12112 12116 12115
f 12116 12117 12115
f 12117 11880 12115
f 12117 11882 11880
f 12117 11869 11882
f 12117 12107 11869
v 0.418623 -0.300000 -1.200000
f 11886 12118 11883
f 12118 11884 11883
v 0.500000 -0.315328 -1.095328
v 0.500000 -0.330811 -1.080000
v 0.472338 -0.327662 -1.107662
f 12119 12120 12121
v 0.500000 -0.300000 -1.116448
f 12122 12119 12121
f 12118 12122 11884
f 12122 12121 11884
f 12121 11889 11884
f 12121 11876 11889
f 12120 12110 11876
f 12121 12120 11876
v 0.500000 -0.375099 -1.035099
f 12123 12114 12110
f 12120 12123 12110
v 0.422470 -0.180000 -1.440000
f 11894 12124 11891
f 12124 11892 11891
v 0.500000 -0.191761 -1.331761
v 0.500000 -0.196795 -1.320000
v 0.483740 -0.196260 -1.336260
f 12125 12126 12127
v 0.500000 -0.180000 -1.359741
f 12128 12125 12127
f 12124 12128 11892
f 12128 12127 11892
f 12127 11897 11892
v 0.468465 -0.211535 -1.320000
f 12129 11898 11897
f 12127 12129 11897
f 12126 12129 12127
v 0.500000 -0.220765 -1.240765
v 0.500000 -0.243386 -1.200000
v 0.436417 -0.243583 -1.263583
f 12130 12131 12132
f 12126 12130 12129
f 12130 12132 12129
f 12132 11898 12129
f 12132 11901 11898
f 12132 11886 11901
f 12131 12118 11886
f 12132 12131 11886
v 0.500000 -0.260945 -1.160945
f 12133 12122 12118
f 12131 12133 12118
v 0.419147 -0.060000 -1.920000
f 11906 12134 11903
f 12134 11904 11903
v 0.472728 -0.060000 -1.827272
f 12134 12135 11904
v 0.489158 -0.060000 -1.800000
f 12135 12136 11904
f 12136 11909 11904
f 12136 11910 11909
v 0.482287 -0.060000 -1.697713
f 12136 12137 11910
v 0.480274 -0.060000 -1.680000
f 12137 12138 11910
f 12138 11913 11910
f 12138 11914 11913
v 0.500000 -0.070031 -1.570031
v 0.500000 -0.072580 -1.560000
v 0.484936 -0.075064 -1.575064
f 12139 12140 12141
v 0.500000 -0.060000 -1.627098
f 12142 12139 12141
f 12138 12142 11914
f 12142 12141 11914
f 12141 11917 11914
v 0.477399 -0.082601 -1.560000
f 12143 11918 11917
f 12141 12143 11917
f 12140 12143 12141
v 0.500000 -0.114266 -1.494266
v 0.500000 -0.144286 -1.440000
v 0.425528 -0.134472 -1.514472
f 12144 12145 12146
f 12140 12144 12143
f 12144 12146 12143
f 12146 11918 12143
f 12146 11921 11918
f 12146 11894 11921
f 12145 12124 11894
f 12146 12145 11894
v 0.500000 -0.156129 -1.416129
f 12147 12128 12124
f 12145 12147 12124
v 0.460157 0.060000 -2.040000
f 11926 12148 11923
f 12148 11924 11923
v 0.500000 0.015990 -1.964010
v 0.500000 -0.014663 -1.920000
v 0.437665 -0.002335 -1.982335
f 12149 12150 12151
v 0.500000 0.060000 -2.011636
f 12152 12149 12151
f 12148 12152 11924
f 12152 12151 11924
f 12151 11929 11924
f 12151 11906 11929
f 12150 12134 11906
f 12151 12150 11906
v 0.500000 -0.027427 -1.887427
f 12134 12153 12135
v 0.500000 -0.053954 -1.800000
f 12153 12154 12135
f 12150 12153 12134
f 12154 12136 12135
v 0.500000 -0.053419 -1.793419
f 12136 12155 12137
v 0.500000 -0.048976 -1.680000
f 12155 12156 12137
f 12154 12155 12136
f 12156 12138 12137
v 0.500000 -0.050724 -1.670724
f 12157 12142 12138
f 12156 12157 12138
v 0.500000 0.155944 -2.064056
v 0.500000 0.104896 -2.040000
v 0.465618 0.145618 -2.074382
f 12158 12159 12160
v 0.500000 0.180000 -2.072819
f 12161 12158 12160
v 0.441546 0.180000 -2.098454
f 12162 12161 12160
f 11934 12162 11932
f 12162 12160 11932
f 12160 11926 11932
f 12159 12148 11926
f 12160 12159 11926
v 0.500000 0.076261 -2.023739
f 12163 12152 12148
f 12159 12163 12148
v 0.500000 0.264205 -2.075795
f 12164 12161 12162
v 0.437902 0.237902 -2.102098
f 12165 12164 12162
v 0.500000 0.300000 -2.076827
f 12166 12164 12165
v 0.434443 0.300000 -2.105557
f 12167 12166 12165
f 11938 12167 11937
f 12167 12165 11937
f 12165 11934 11937
f 12165 12162 11934
v 0.500000 0.398852 -2.040000
f 12168 12166 12167
v 0.484243 0.420000 -2.040000
f 11941 12169 11940
v 0.491425 0.411425 -2.040000
f 12169 12170 11940
f 12170 11938 11940
f 12170 12168 11938
f 12168 12167 11938
v 0.500000 0.420000 -2.028794
f 12171 12168 12170
f 12169 12171 12170
v 0.423448 0.463448 -2.040000
f 11943 12172 11941
f 12172 12169 11941
v 0.484800 0.524800 -1.935200
v 0.500000 0.529206 -1.920000
f 12173 12174 12169
f 12174 12171 12169
f 12172 12173 12169
f 11943 12173 12172
v 0.484177 0.540000 -1.920000
f 12175 12173 11943
f 11946 12175 11943
v 0.494168 0.534168 -1.920000
f 12175 12176 12173
f 12176 12174 12173
v 0.500000 0.540000 -1.909884
f 12177 12174 12176
f 12175 12177 12176
v 0.430109 0.590109 -1.920000
f 11949 12178 11946
f 12178 12175 11946
v 0.500000 0.552351 -1.907649
f 12179 12177 12175
v 0.500000 0.660000 -1.858434
f 12178 12180 12175
f 12180 12179 12175
v 0.404938 0.660000 -1.895062
f 11949 12181 12178
f 12181 12180 12178
f 11952 12181 11949
v 0.500000 0.735375 -1.844625
f 12182 12180 12181
v 0.415526 0.695526 -1.884474
f 12183 12182 12181
v 0.500000 0.780000 -1.834390
f 12184 12182 12183
v 0.445632 0.780000 -1.854368
f 12185 12184 12183
f 11955 12185 11954
f 12185 12183 11954
f 12183 11952 11954
f 12183 12181 11952
v 0.500000 0.890398 -1.800000
f 12186 12184 12185
v 0.492508 0.900000 -1.800000
f 11959 12187 11957
v 0.495886 0.895886 -1.800000
f 12187 12188 11957
f 12188 11955 11957
f 12188 12186 11955
f 12186 12185 11955
v 0.500000 0.900000 -1.796716
f 12189 12186 12188
f 12187 12189 12188
v 0.433817 0.953817 -1.800000
f 11961 12190 11959
f 12190 12187 11959
v 0.500000 0.907035 -1.792965
f 12191 12189 12187
v 0.500000 1.020000 -1.735811
f 12190 12192 12187
f 12192 12191 12187
v 0.400366 1.020000 -1.779634
f 11961 12193 12190
f 12193 12192 12190
f 11964 12193 11961
f 6289 6291 12192
f 6289 12192 12193
f 5874 6293 11966
f 6293 6295 11966
f 6295 6296 11964
f 6295 11964 11966
f 6296 6297 11964
f 6297 6289 12193
f 6297 12193 11964
v 0.620000 -1.643525 -1.103525
v 0.620000 -1.652770 -1.080000
v 0.597914 -1.642086 -1.102086
f 12194 12195 12196
v 0.620000 -1.620000 -1.142589
f 12197 12194 12196
v 0.568734 -1.620000 -1.131266
f 12198 12197 12196
f 11970 12198 11967
f 12198 12196 11967
v 0.590225 -1.649775 -1.080000
f 12199 11968 11967
f 12196 12199 11967
f 12195 12199 12196
v 0.620000 -1.677952 -1.017952
v 0.620000 -1.692321 -0.960000
v 0.565917 -1.674083 -1.014083
f 12200 12201 12202
f 12195 12200 12199
f 12200 12202 12199
f 12202 11968 12199
f 12202 11974 11968
v 0.554054 -1.685946 -0.960000
f 12203 11975 11974
f 12202 12203 11974
f 12201 12203 12202
v 0.620000 -1.699886 -0.919886
v 0.620000 -1.711804 -0.840000
v 0.546122 -1.693878 -0.913878
f 12204 12205 12206
f 12201 12204 12203
f 12204 12206 12203
f 12206 11975 12203
f 12206 11979 11975
v 0.537237 -1.702763 -0.840000
f 12207 11980 11979
f 12206 12207 11979
f 12205 12207 12206
v 0.620000 -1.710965 -0.810965
v 0.620000 -1.716982 -0.720000
v 0.538232 -1.701768 -0.801768
f 12208 12209 12210
f 12205 12208 12207
f 12208 12210 12207
f 12210 11980 12207
f 12210 11983 11980
v 0.534663 -1.705337 -0.720000
f 12211 11984 11983
f 12210 12211 11983
f 12209 12211 12210
v 0.620000 -1.710663 -0.690663
v 0.620000 -1.701189 -0.600000
v 0.542769 -1.697231 -0.677231
f 12212 12213 12214
f 12209 12212 12211
f 12212 12214 12211
f 12214 11984 12211
f 12214 11987 11984
v 0.550201 -1.689799 -0.600000
f 12215 11988 11987
f 12214 12215 11987
f 12213 12215 12214
v 0.620000 -1.669975 -0.529975
v 0.620000 -1.651674 -0.480000
v 0.581392 -1.658608 -0.518608
f 12216 12217 12218
f 12213 12216 12215
f 12216 12218 12215
f 12218 11988 12215
f 12218 11991 11988
v 0.593076 -1.646924 -0.480000
f 12219 11992 11991
f 12218 12219 11991
f 12217 12219 12218
v 0.620000 -1.620000 -0.434397
f 12217 12220 12219
v 0.516475 -1.620000 -0.463525
f 12220 12221 12219
f 12221 11992 12219
f 12221 11996 11992
v 0.620000 -1.639853 0.700147
v 0.620000 -1.646791 0.720000
v 0.601767 -1.638233 0.701767
f 12222 12223 12224
v 0.620000 -1.620000 0.662747
f 12225 12222 12224
v 0.576889 -1.620000 0.676889
f 12226 12225 12224
f 12000 12226 11997
f 12226 12224 11997
v 0.596319 -1.643681 0.720000
f 12227 11998 11997
f 12224 12227 11997
f 12223 12227 12224
v 0.620000 -1.671238 0.788762
v 0.620000 -1.682588 0.840000
v 0.573288 -1.666712 0.793288
f 12228 12229 12230
f 12223 12228 12227
f 12228 12230 12227
f 12230 11998 12227
f 12230 12004 11998
v 0.564456 -1.675544 0.840000
f 12231 12005 12004
f 12230 12231 12004
f 12229 12231 12230
v 0.620000 -1.690690 0.889310
v 0.620000 -1.698669 0.960000
v 0.556253 -1.683747 0.896253
f 12232 12233 12234
f 12229 12232 12231
f 12232 12234 12231
f 12234 12005 12231
f 12234 12010 12005
v 0.550531 -1.689469 0.960000
f 12235 12011 12010
f 12234 12235 12010
f 12233 12235 12234
v 0.620000 -1.697296 1.002704
v 0.620000 -1.698622 1.080000
v 0.552008 -1.687992 1.012008
f 12236 12237 12238
f 12233 12236 12235
f 12236 12238 12235
f 12238 12011 12235
f 12238 12015 12011
v 0.551622 -1.688378 1.080000
f 12239 12016 12015
f 12238 12239 12015
f 12237 12239 12238
v 0.620000 -1.687541 1.132459
v 0.620000 -1.678703 1.200000
v 0.563240 -1.676760 1.143240
f 12240 12241 12242
f 12237 12240 12239
f 12240 12242 12239
f 12242 12016 12239
f 12242 12019 12016
v 0.569626 -1.670374 1.200000
f 12243 12020 12019
f 12242 12243 12019
f 12241 12243 12242
v 0.620000 -1.639196 1.300804
v 0.620000 -1.633029 1.320000
v 0.604907 -1.635093 1.304907
f 12244 12245 12246
f 12241 12244 12243
f 12244 12246 12243
f 12246 12020 12243
v 0.555546 -1.620000 1.320000
f 12247 12024 12020
f 12246 12247 12020
v 0.608875 -1.631125 1.320000
f 12248 12247 12246
f 12245 12248 12246
v 0.620000 -1.620000 1.343141
f 12245 12249 12248
f 12249 12247 12248
v 0.620000 -1.532915 -1.232915
v 0.620000 -1.567136 -1.200000
v 0.589638 -1.530362 -1.230362
f 12250 12251 12252
v 0.620000 -1.500000 -1.254698
f 12253 12250 12252
v 0.572815 -1.500000 -1.247185
f 12254 12253 12252
f 12028 12254 12025
f 12254 12252 12025
v 0.564210 -1.555790 -1.200000
f 12255 12026 12025
f 12252 12255 12025
f 12251 12255 12252
v 0.620000 -1.595926 -1.175926
f 12256 12197 12198
v 0.532206 -1.587794 -1.167794
f 12257 12256 12198
f 12251 12256 12255
f 12256 12257 12255
f 12257 12026 12255
f 12257 12032 12026
f 12257 11970 12032
f 12257 12198 11970
v 0.620000 -1.538878 -0.360000
f 12220 12258 12221
v 0.589079 -1.530921 -0.360000
f 12259 12038 11996
f 12221 12258 11996
f 12258 12259 11996
v 0.620000 -1.500000 -0.332768
f 12258 12260 12259
v 0.503056 -1.500000 -0.356944
f 12260 12261 12259
f 12261 12038 12259
f 12261 12042 12038
v 0.620000 -1.537893 0.562107
v 0.620000 -1.571470 0.600000
v 0.586014 -1.533986 0.566014
f 12262 12263 12264
v 0.620000 -1.500000 0.532900
f 12265 12262 12264
v 0.565679 -1.500000 0.545679
f 12266 12265 12264
f 12046 12266 12043
f 12266 12264 12043
v 0.562993 -1.557007 0.600000
f 12267 12044 12043
f 12264 12267 12043
f 12263 12267 12264
v 0.620000 -1.596035 0.623965
f 12268 12225 12226
v 0.534658 -1.585342 0.634658
f 12269 12268 12226
f 12263 12268 12267
f 12268 12269 12267
f 12269 12044 12267
f 12269 12050 12044
f 12269 12000 12050
f 12269 12226 12000
v 0.511519 -1.608481 1.320000
f 12270 12058 12024
f 12247 12270 12024
v 0.620000 -1.533226 1.440000
f 12249 12271 12247
v 0.541963 -1.578037 1.361963
f 12271 12272 12247
f 12272 12270 12247
f 12272 12058 12270
v 0.516536 -1.500000 1.440000
f 12273 12061 12058
f 12272 12273 12058
v 0.593819 -1.526181 1.440000
f 12274 12273 12272
f 12271 12274 12272
v 0.620000 -1.500000 1.468500
f 12271 12275 12274
f 12275 12273 12274
v 0.620000 -1.438997 -1.258997
f 12276 12253 12254
v 0.568642 -1.431358 -1.251358
f 12277 12276 12254
v 0.620000 -1.380000 -1.262187
f 12278 12276 12277
v 0.566327 -1.380000 -1.253673
f 12279 12278 12277
f 12065 12279 12063
f 12279 12277 12063
f 12277 12028 12063
f 12277 12254 12028
v 0.620000 -1.467320 -0.327320
v 0.503869 -1.496131 -0.356131
f 12280 12281 12261
f 12260 12280 12261
v 0.620000 -1.380000 -0.306567
f 12280 12282 12281
v 0.533991 -1.380000 -0.326009
f 12282 12283 12281
f 12281 12283 12073
f 12283 12074 12073
f 12042 12281 12073
f 12261 12281 12042
v 0.620000 -1.454167 0.525833
f 12284 12265 12266
v 0.558391 -1.441609 0.538391
f 12285 12284 12266
v 0.620000 -1.380000 0.517178
f 12286 12284 12285
v 0.552844 -1.380000 0.532844
f 12287 12286 12285
f 12077 12287 12075
f 12287 12285 12075
f 12285 12046 12075
f 12285 12266 12046
v 0.508458 -1.491542 1.440000
f 12288 12083 12061
f 12273 12288 12061
v 0.620000 -1.466210 1.473790
f 12275 12289 12273
v 0.620000 -1.380000 1.494286
f 12289 12290 12273
f 12290 12288 12273
v 0.527495 -1.380000 1.467495
f 12290 12291 12288
f 12291 12083 12288
f 12291 12086 12083
f 6381 6383 12278
f 6381 12278 12279
f 5946 6385 12065
f 6385 6386 12065
f 6386 6381 12279
f 6386 12279 12065
f 6389 6392 12283
f 12282 6393 6389
f 12282 6389 12283
f 6396 6397 12087
f 6397 5962 12087
f 12074 6398 6396
f 12074 6396 12087
f 12283 6392 6398
f 12283 6398 12074
f 6399 6401 12286
f 6399 12286 12287
f 5967 6403 12077
f 6403 6404 12077
f 6404 6399 12287
f 6404 12287 12077
v 0.522634 -1.357366 1.462634
f 6407 6409 12292
f 6407 12292 12291
f 12290 6410 6407
f 12290 6407 12291
f 6409 6412 12292
f 6412 6414 12292
f 12292 6414 6415
f 12292 6415 12088
f 6415 5983 12088
f 12086 12292 12088
f 12291 12292 12086
f 12092 6468 6469
f 12092 6469 12090
f 6469 6470 12090
f 6470 6066 12090
v 0.505745 -0.774255 -0.960000
f 12098 12293 12092
f 12293 6506 6507
f 12293 6507 12092
f 6507 6468 12092
f 6508 6506 12293
v 0.534012 -0.660000 -0.925988
f 12098 12294 12293
f 12294 6510 6508
f 12294 6508 12293
f 12100 12294 12098
f 6531 6510 12294
v 0.566859 -0.593141 -0.893141
f 12295 6533 6531
f 12295 6531 12294
v 0.620000 -0.540000 -0.880067
f 12296 6534 6533
f 12296 6533 12295
v 0.576483 -0.540000 -0.883517
f 12297 12296 12295
f 12106 12297 12104
f 12297 12295 12104
f 12295 12100 12104
f 12295 12294 12100
v 0.521139 -0.420000 -0.960000
f 12114 12298 12111
f 12298 12112 12111
v 0.620000 -0.445476 -0.840000
f 12299 12296 12297
v 0.577930 -0.420000 -0.882070
f 12298 12300 12112
v 0.607618 -0.420000 -0.840000
f 12300 12301 12112
f 12301 12116 12112
v 0.579938 -0.460062 -0.840000
f 12301 12302 12116
f 12302 12106 12116
f 12302 12299 12106
f 12299 12297 12106
v 0.620000 -0.420000 -0.815156
f 12303 12299 12302
f 12301 12303 12302
v 0.525684 -0.300000 -1.080000
f 12122 12304 12119
f 12304 12120 12119
v 0.567673 -0.300000 -1.012327
f 12304 12305 12120
v 0.603474 -0.300000 -0.960000
f 12305 12306 12120
f 12306 12123 12120
v 0.559353 -0.360647 -0.960000
f 12306 12307 12123
f 12307 12114 12123
f 12307 12298 12114
v 0.620000 -0.342299 -0.882299
f 12298 12308 12300
v 0.620000 -0.399007 -0.840000
f 12308 12309 12300
v 0.620000 -0.300000 -0.925632
f 12307 12310 12298
f 12310 12308 12298
f 12306 12310 12307
f 12309 12301 12300
v 0.620000 -0.407850 -0.827850
f 12311 12303 12301
f 12309 12311 12301
v 0.530395 -0.180000 -1.320000
f 12128 12312 12125
f 12312 12126 12125
v 0.554400 -0.180000 -1.265600
f 12312 12313 12126
v 0.586867 -0.180000 -1.200000
f 12313 12314 12126
f 12314 12130 12126
f 12314 12131 12130
v 0.620000 -0.186960 -1.086960
v 0.620000 -0.191041 -1.080000
v 0.603241 -0.196759 -1.096759
f 12315 12316 12317
v 0.620000 -0.180000 -1.113052
f 12318 12315 12317
f 12314 12318 12131
f 12318 12317 12131
f 12317 12133 12131
f 12317 12122 12133
f 12316 12304 12122
f 12317 12316 12122
v 0.620000 -0.225705 -1.005705
f 12304 12319 12305
v 0.620000 -0.269400 -0.960000
f 12319 12320 12305
f 12316 12319 12304
f 12320 12306 12305
v 0.620000 -0.283218 -0.943218
f 12321 12310 12306
f 12320 12321 12306
v 0.521294 -0.060000 -1.560000
f 12142 12322 12139
f 12322 12140 12139
v 0.620000 -0.067257 -1.447257
v 0.620000 -0.071137 -1.440000
v 0.608810 -0.071190 -1.451190
f 12323 12324 12325
v 0.620000 -0.060000 -1.459113
f 12326 12323 12325
f 12322 12326 12140
f 12326 12325 12140
f 12325 12144 12140
v 0.592736 -0.087264 -1.440000
f 12327 12145 12144
f 12325 12327 12144
f 12324 12327 12325
v 0.620000 -0.107009 -1.367009
v 0.620000 -0.127089 -1.320000
v 0.542092 -0.137908 -1.397908
f 12328 12329 12330
f 12324 12328 12327
f 12328 12330 12327
f 12330 12145 12327
f 12330 12147 12145
f 12330 12128 12147
f 12329 12312 12128
f 12330 12329 12128
v 0.620000 -0.138648 -1.278648
f 12312 12331 12313
v 0.620000 -0.158759 -1.200000
f 12331 12332 12313
f 12329 12331 12312
f 12332 12314 12313
v 0.620000 -0.160258 -1.180258
f 12333 12318 12314
f 12332 12333 12314
v 0.598529 0.060000 -1.920000
f 12152 12334 12149
f 12334 12150 12149
v 0.620000 0.040196 -1.819804
v 0.620000 0.034023 -1.800000
v 0.578120 0.018120 -1.841880
f 12335 12336 12337
v 0.620000 0.060000 -1.871882
f 12338 12335 12337
f 12334 12338 12150
f 12338 12337 12150
f 12337 12153 12150
v 0.525185 -0.034815 -1.800000
f 12339 12154 12153
f 12337 12339 12153
f 12336 12339 12337
v 0.620000 0.038864 -1.701136
v 0.620000 0.039368 -1.680000
v 0.530666 -0.029334 -1.769334
f 12340 12341 12342
f 12336 12340 12339
f 12340 12342 12339
f 12342 12154 12339
f 12342 12155 12154
v 0.544929 -0.015071 -1.680000
f 12343 12156 12155
f 12342 12343 12155
f 12341 12343 12342
v 0.620000 0.019914 -1.600086
v 0.620000 0.011150 -1.560000
v 0.523825 -0.036175 -1.656175
f 12344 12345 12346
f 12341 12344 12343
f 12344 12346 12343
f 12346 12156 12343
f 12346 12157 12156
f 12346 12142 12157
f 12345 12322 12142
f 12346 12345 12142
v 0.620000 -0.020572 -1.520572
f 12347 12326 12322
f 12345 12347 12322
v 0.553624 0.180000 -2.040000
f 12161 12348 12158
f 12348 12159 12158
v 0.620000 0.142846 -1.957154
v 0.620000 0.091275 -1.920000
v 0.540038 0.100038 -1.999962
f 12349 12350 12351
v 0.620000 0.180000 -1.978917
f 12352 12349 12351
f 12348 12352 12159
f 12352 12351 12159
f 12351 12163 12159
f 12351 12152 12163
f 12350 12334 12152
f 12351 12350 12152
v 0.620000 0.078211 -1.901789
f 12353 12338 12334
f 12350 12353 12334
v 0.560144 0.300000 -2.040000
f 12166 12354 12164
v 0.556502 0.236502 -2.040000
f 12354 12355 12164
f 12355 12161 12164
f 12355 12348 12161
v 0.620000 0.237967 -1.982033
f 12356 12352 12348
v 0.620000 0.300000 -1.984921
f 12355 12357 12348
f 12357 12356 12348
f 12354 12357 12355
v 0.539033 0.339033 -2.040000
f 12168 12358 12166
f 12358 12354 12166
v 0.613837 0.413837 -1.926163
v 0.620000 0.414706 -1.920000
f 12359 12360 12354
f 12360 12357 12354
f 12358 12359 12354
f 12168 12359 12358
v 0.616952 0.420000 -1.920000
f 12361 12359 12168
f 12171 12361 12168
v 0.618180 0.418180 -1.920000
f 12361 12362 12359
f 12362 12360 12359
v 0.620000 0.420000 -1.915018
f 12363 12360 12362
f 12361 12363 12362
v 0.560870 0.480870 -1.920000
f 12174 12364 12171
f 12364 12361 12171
v 0.620000 0.440800 -1.899200
f 12365 12363 12361
v 0.620000 0.540000 -1.813613
f 12364 12366 12361
f 12366 12365 12361
v 0.553153 0.540000 -1.866847
f 12174 12367 12364
f 12367 12366 12364
f 12177 12367 12174
v 0.620000 0.608073 -1.800000
f 12368 12366 12367
v 0.608101 0.660000 -1.800000
f 12180 12369 12179
v 0.610262 0.650262 -1.800000
f 12369 12370 12179
f 12370 12177 12179
f 12370 12368 12177
f 12368 12367 12177
v 0.620000 0.660000 -1.793315
f 12371 12368 12370
f 12369 12371 12370
v 0.568825 0.780000 -1.800000
f 12184 12372 12182
v 0.581978 0.741978 -1.800000
f 12372 12373 12182
f 12373 12180 12182
f 12373 12369 12180
v 0.620000 0.668360 -1.791640
f 12374 12371 12369
v 0.620000 0.780000 -1.771217
f 12373 12375 12369
f 12375 12374 12369
f 12372 12375 12373
v 0.543336 0.823336 -1.800000
f 12186 12376 12184
f 12376 12372 12184
v 0.620000 0.825526 -1.754474
f 12377 12375 12372
v 0.620000 0.900000 -1.728892
f 12376 12378 12372
f 12378 12377 12372
v 0.508008 0.900000 -1.791992
f 12186 12379 12376
f 12379 12378 12376
f 12189 12379 12186
f 6737 6739 12378
f 6737 12378 12379
f 12192 6740 6742
f 12192 6742 12191
f 6742 6744 12191
f 6744 6745 12189
f 6744 12189 12191
f 6745 6746 12189
f 6746 6737 12379
f 6746 12379 12189
f 6291 6759 12192
f 6759 6740 12192
v 0.740000 -1.635334 -1.095334
v 0.740000 -1.641417 -1.080000
v 0.723895 -1.636105 -1.096105
f 12380 12381 12382
v 0.740000 -1.620000 -1.121078
f 12383 12380 12382
v 0.690879 -1.620000 -1.129121
f 12384 12383 12382
f 12197 12384 12194
f 12384 12382 12194
v 0.716867 -1.643133 -1.080000
f 12385 12195 12194
f 12382 12385 12194
f 12381 12385 12382
v 0.740000 -1.669525 -1.009525
v 0.740000 -1.681974 -0.960000
v 0.687702 -1.672298 -1.012298
f 12386 12387 12388
f 12381 12386 12385
f 12386 12388 12385
f 12388 12195 12385
f 12388 12200 12195
v 0.673226 -1.686774 -0.960000
f 12389 12201 12200
f 12388 12389 12200
f 12387 12389 12388
v 0.740000 -1.691002 -0.911002
v 0.740000 -1.701096 -0.840000
v 0.664410 -1.695590 -0.915590
f 12390 12391 12392
f 12387 12390 12389
f 12390 12392 12389
f 12392 12201 12389
f 12392 12204 12201
v 0.651723 -1.708277 -0.840000
f 12393 12205 12204
f 12392 12393 12204
f 12391 12393 12392
v 0.740000 -1.699836 -0.799836
v 0.740000 -1.704265 -0.720000
v 0.652845 -1.707155 -0.807155
f 12394 12395 12396
f 12391 12394 12393
f 12394 12396 12393
f 12396 12205 12393
f 12396 12208 12205
v 0.646266 -1.713734 -0.720000
f 12397 12209 12208
f 12396 12397 12208
f 12395 12397 12396
v 0.740000 -1.694337 -0.674337
v 0.740000 -1.686003 -0.600000
v 0.654646 -1.705354 -0.685354
f 12398 12399 12400
f 12395 12398 12397
f 12398 12400 12397
f 12400 12209 12397
f 12400 12212 12209
v 0.664984 -1.695016 -0.600000
f 12401 12213 12212
f 12400 12401 12212
f 12399 12401 12400
v 0.740000 -1.643485 -0.503485
v 0.740000 -1.634941 -0.480000
v 0.710093 -1.649907 -0.509907
f 12402 12403 12404
f 12399 12402 12401
f 12402 12404 12401
f 12404 12213 12401
f 12404 12216 12213
v 0.722845 -1.637155 -0.480000
f 12405 12217 12216
f 12404 12405 12216
f 12403 12405 12404
v 0.740000 -1.620000 -0.458061
f 12403 12406 12405
v 0.658973 -1.620000 -0.441027
f 12406 12407 12405
f 12407 12217 12405
f 12407 12220 12217
v 0.740000 -1.636720 0.703280
v 0.740000 -1.642583 0.720000
v 0.722971 -1.637029 0.702971
f 12408 12409 12410
v 0.740000 -1.620000 0.671650
f 12411 12408 12410
v 0.688136 -1.620000 0.668136
f 12412 12411 12410
f 12225 12412 12222
f 12412 12410 12222
v 0.716792 -1.643208 0.720000
f 12413 12223 12222
f 12410 12413 12222
f 12409 12413 12410
v 0.740000 -1.668014 0.791986
v 0.740000 -1.678702 0.840000
v 0.691011 -1.668989 0.791011
f 12414 12415 12416
f 12409 12414 12413
f 12414 12416 12413
f 12416 12223 12413
f 12416 12228 12223
v 0.679722 -1.680278 0.840000
f 12417 12229 12228
f 12416 12417 12228
f 12415 12417 12416
v 0.740000 -1.687293 0.892707
v 0.740000 -1.694812 0.960000
v 0.671160 -1.688840 0.891160
f 12418 12419 12420
f 12415 12418 12417
f 12418 12420 12417
f 12420 12229 12417
f 12420 12232 12229
v 0.663065 -1.696935 0.960000
f 12421 12233 12232
f 12420 12421 12232
f 12419 12421 12420
v 0.740000 -1.693317 1.006683
v 0.740000 -1.694421 1.080000
v 0.664532 -1.695468 1.004532
f 12422 12423 12424
f 12419 12422 12421
f 12422 12424 12421
f 12424 12233 12421
f 12424 12236 12233
v 0.663181 -1.696819 1.080000
f 12425 12237 12236
f 12424 12425 12236
f 12423 12425 12424
v 0.740000 -1.682257 1.137743
v 0.740000 -1.674035 1.200000
v 0.675179 -1.684821 1.135179
f 12426 12427 12428
f 12423 12426 12425
f 12426 12428 12425
f 12428 12237 12425
f 12428 12240 12237
v 0.684041 -1.675959 1.200000
f 12429 12241 12240
f 12428 12429 12240
f 12427 12429 12428
v 0.740000 -1.631873 1.308127
v 0.740000 -1.628067 1.320000
v 0.727418 -1.632582 1.307418
f 12430 12431 12432
f 12427 12430 12429
f 12430 12432 12429
f 12432 12241 12429
f 12432 12244 12241
v 0.731637 -1.628363 1.320000
f 12433 12245 12244
f 12432 12433 12244
f 12431 12433 12432
v 0.740000 -1.620000 1.334414
f 12431 12434 12433
v 0.641796 -1.620000 1.341796
f 12434 12435 12433
f 12435 12245 12433
f 12435 12249 12245
v 0.740000 -1.523065 -1.223065
v 0.740000 -1.547289 -1.200000
v 0.715411 -1.524589 -1.224589
f 12436 12437 12438
v 0.740000 -1.500000 -1.238478
f 12439 12436 12438
v 0.696378 -1.500000 -1.243622
f 12440 12439 12438
f 12253 12440 12250
f 12440 12438 12250
v 0.684311 -1.555689 -1.200000
f 12441 12251 12250
f 12438 12441 12250
f 12437 12441 12438
v 0.740000 -1.586509 -1.166509
f 12442 12383 12384
v 0.647032 -1.592968 -1.172968
f 12443 12442 12384
f 12437 12442 12441
f 12442 12443 12441
f 12443 12251 12441
f 12443 12256 12251
f 12443 12197 12256
f 12443 12384 12197
v 0.740000 -1.513684 -0.360000
f 12406 12444 12407
v 0.723090 -1.516910 -0.360000
f 12445 12258 12220
f 12407 12444 12220
f 12444 12445 12220
v 0.740000 -1.500000 -0.350349
f 12444 12446 12445
v 0.644422 -1.500000 -0.335578
f 12446 12447 12445
f 12447 12258 12445
f 12447 12260 12258
v 0.740000 -1.534156 0.565844
v 0.740000 -1.564547 0.600000
v 0.705019 -1.534981 0.565019
f 12448 12449 12450
v 0.740000 -1.500000 0.539410
f 12451 12448 12450
v 0.676316 -1.500000 0.536316
f 12452 12451 12450
f 12265 12452 12262
f 12452 12450 12262
v 0.671881 -1.568119 0.600000
f 12453 12263 12262
f 12450 12453 12262
f 12449 12453 12450
v 0.740000 -1.592495 0.627505
f 12454 12411 12412
v 0.645035 -1.594965 0.625035
f 12455 12454 12412
f 12449 12454 12453
f 12454 12455 12453
f 12455 12263 12453
f 12455 12268 12263
f 12455 12225 12268
f 12455 12412 12225
v 0.740000 -1.525541 1.440000
f 12434 12456 12435
v 0.712945 -1.527055 1.440000
f 12457 12271 12249
f 12435 12456 12249
f 12456 12457 12249
v 0.740000 -1.500000 1.461952
f 12456 12458 12457
v 0.647302 -1.500000 1.467302
f 12458 12459 12457
f 12459 12271 12457
f 12459 12275 12271
v 0.740000 -1.423800 -1.243800
f 12460 12439 12440
v 0.690775 -1.429225 -1.249225
f 12461 12460 12440
v 0.740000 -1.380000 -1.246185
f 12462 12460 12461
v 0.687660 -1.380000 -1.252340
f 12463 12462 12461
f 12278 12463 12276
f 12463 12461 12276
f 12461 12253 12276
f 12461 12440 12253
v 0.740000 -1.488574 -0.348574
v 0.648218 -1.471782 -0.331782
f 12464 12465 12447
f 12446 12464 12447
v 0.740000 -1.380000 -0.324685
f 12464 12466 12465
v 0.667685 -1.380000 -0.312315
f 12466 12467 12465
f 12465 12467 12280
f 12467 12282 12280
f 12260 12465 12280
f 12447 12465 12260
v 0.740000 -1.448498 0.531502
f 12468 12451 12452
v 0.668489 -1.451511 0.528489
f 12469 12468 12452
v 0.740000 -1.380000 0.523482
f 12470 12468 12469
v 0.659600 -1.380000 0.519600
f 12471 12470 12469
f 12286 12471 12284
f 12471 12469 12284
f 12469 12265 12284
f 12469 12452 12265
v 0.740000 -1.474092 1.465908
v 0.651908 -1.468092 1.471908
f 12472 12473 12459
f 12458 12472 12459
v 0.740000 -1.380000 1.487787
f 12472 12474 12473
v 0.671951 -1.380000 1.491951
f 12474 12475 12473
f 12473 12475 12289
f 12475 12290 12289
f 12275 12473 12289
f 12459 12473 12275
f 6857 6859 12462
f 6857 12462 12463
f 6383 6861 12278
f 6861 6862 12278
f 6862 6857 12463
f 6862 12463 12278
f 6865 6868 12467
f 12466 6869 6865
f 12466 6865 12467
f 6393 12282 6872
f 12467 6868 6872
f 12467 6872 12282
f 6873 6875 12470
f 6873 12470 12471
f 6401 6877 12286
f 6877 6878 12286
f 6878 6873 12471
f 6878 12471 12286
f 6881 6884 12475
f 12474 6885 6881
f 12474 6881 12475
f 6410 12290 6888
f 12475 6884 6888
f 12475 6888 12290
f 6534 12296 7003
f 12299 7027 7029
f 12299 7029 12296
f 7029 7030 12296
f 7030 7003 12296
f 7027 12299 7034
f 7035 7034 12299
f 12303 7037 7035
f 12303 7035 12299
v 0.660571 -0.300000 -0.840000
f 12310 12476 12308
f 12476 12309 12308
f 12476 7070 7072
f 12476 7072 12309
f 7072 7074 12309
f 7074 7075 12311
f 7074 12311 12309
f 7075 7077 12311
f 7077 7078 12303
f 7077 12303 12311
f 7078 7037 12303
v 0.630002 -0.180000 -1.080000
f 12318 12477 12315
f 12477 12316 12315
v 0.632555 -0.180000 -1.067445
f 12477 12478 12316
f 12478 7101 7103
f 12478 7103 12316
f 7103 7104 12319
f 7103 12319 12316
f 7104 7105 12320
f 7104 12320 12319
f 7105 7107 12320
f 7107 7109 12320
f 7109 7110 12321
f 7109 12321 12320
f 7110 7112 12321
f 7112 7113 12310
f 7112 12310 12321
f 7113 7114 12476
f 7113 12476 12310
f 7070 12476 7115
f 7114 7115 12476
v 0.635038 -0.060000 -1.440000
f 12326 12479 12323
f 12479 12324 12323
f 12479 7140 7142
f 12479 7142 12324
f 7142 7144 12324
f 7144 7145 12328
f 7144 12328 12324
f 7145 7146 12329
f 7145 12329 12328
f 7146 7151 12329
f 7151 7152 12329
f 7152 7153 12331
f 7152 12331 12329
f 7154 7156 12332
f 7154 12332 12331
f 7153 7154 12331
f 7160 12332 7156
f 7160 7161 12333
f 7160 12333 12332
f 7161 7162 12318
f 7161 12318 12333
f 7163 7164 12477
f 7163 12477 12318
f 7162 7163 12318
f 12477 7165 7167
f 12477 7167 12478
f 7167 7169 12478
f 7164 7165 12477
f 7169 7101 12478
v 0.648643 0.060000 -1.800000
f 12338 12480 12335
f 12480 12336 12335
v 0.647998 0.060000 -1.772002
f 12480 12481 12336
v 0.642872 0.060000 -1.680000
f 12481 12482 12336
f 12482 12340 12336
f 12482 12341 12340
v 0.650961 0.060000 -1.649039
f 12482 12483 12341
v 0.674784 0.060000 -1.560000
f 12483 12484 12341
f 12484 12344 12341
f 12484 12345 12344
v 0.740000 0.042794 -1.457206
f 12485 7185 7187
v 0.705862 0.025862 -1.474138
f 12485 7187 12486
v 0.740000 0.060000 -1.479272
f 12487 12485 12486
f 12484 12487 12345
f 12487 12486 12345
f 12486 12347 12345
f 12486 12326 12347
f 7188 7189 12479
f 7188 12479 12326
f 12486 7187 7188
f 12486 7188 12326
f 7140 12479 7190
f 7189 7190 12479
v 0.672849 0.180000 -1.920000
f 12352 12488 12349
f 12488 12350 12349
v 0.703102 0.180000 -1.836898
f 12488 12489 12350
v 0.717931 0.180000 -1.800000
f 12489 12490 12350
f 12490 12353 12350
v 0.685104 0.125104 -1.800000
f 12490 12491 12353
f 12491 12338 12353
f 12491 12480 12338
v 0.692864 0.132864 -1.727136
f 12480 12492 12481
f 12491 12492 12480
v 0.722311 0.180000 -1.697689
f 12493 12492 12491
f 12490 12493 12491
v 0.722232 0.180000 -1.680000
f 12493 12494 12492
v 0.685359 0.125359 -1.680000
f 12494 12495 12492
f 12492 12495 12481
f 12495 12482 12481
v 0.740000 0.147597 -1.592403
f 12482 12496 12483
v 0.740000 0.137609 -1.560000
f 12496 12497 12483
v 0.740000 0.180000 -1.638319
f 12495 12498 12482
f 12498 12496 12482
f 12494 12498 12495
f 12497 12484 12483
v 0.740000 0.096506 -1.523494
f 12499 12487 12484
f 12497 12499 12484
v 0.678241 0.300000 -1.920000
f 12357 12500 12356
v 0.675134 0.235134 -1.920000
f 12500 12501 12356
f 12501 12352 12356
f 12501 12488 12352
v 0.709958 0.269958 -1.830042
f 12488 12502 12489
f 12501 12502 12488
v 0.712237 0.300000 -1.827763
f 12503 12502 12501
f 12500 12503 12501
v 0.723454 0.300000 -1.800000
f 12503 12504 12502
v 0.722608 0.282608 -1.800000
f 12504 12505 12502
f 12502 12505 12489
f 12505 12490 12489
v 0.740000 0.250355 -1.729645
f 12490 12506 12493
v 0.740000 0.242508 -1.680000
f 12506 12507 12493
v 0.740000 0.300000 -1.738086
f 12505 12508 12490
f 12508 12506 12490
f 12504 12508 12505
f 12507 12494 12493
v 0.740000 0.196579 -1.663421
f 12509 12498 12494
f 12507 12509 12494
v 0.660435 0.340435 -1.920000
f 12360 12510 12357
f 12510 12500 12357
v 0.682376 0.362376 -1.857624
f 12500 12511 12503
f 12510 12511 12500
f 12360 12511 12510
v 0.684269 0.420000 -1.800000
f 12512 12511 12360
f 12363 12512 12360
v 0.700489 0.380489 -1.800000
f 12512 12513 12511
f 12511 12513 12503
f 12513 12504 12503
v 0.740000 0.344003 -1.755997
f 12514 12508 12504
v 0.740000 0.420000 -1.723210
f 12513 12515 12504
f 12515 12514 12504
f 12512 12515 12513
v 0.634038 0.540000 -1.800000
f 12366 12516 12365
v 0.666886 0.466886 -1.800000
f 12516 12517 12365
f 12517 12363 12365
f 12517 12512 12363
v 0.740000 0.484950 -1.735050
f 12518 12515 12512
v 0.740000 0.540000 -1.718441
f 12517 12519 12512
f 12519 12518 12512
f 12516 12519 12517
v 0.631411 0.551411 -1.800000
f 12368 12520 12366
f 12520 12516 12366
v 0.740000 0.624336 -1.715664
f 12521 12519 12516
v 0.740000 0.660000 -1.710142
f 12520 12522 12516
f 12522 12521 12516
v 0.643145 0.660000 -1.776855
f 12368 12523 12520
f 12523 12522 12520
f 12371 12523 12368
v 0.740000 0.772185 -1.687815
f 12524 12522 12523
v 0.684206 0.724206 -1.735794
f 12525 12524 12523
v 0.740000 0.780000 -1.686377
f 12526 12524 12525
v 0.719484 0.780000 -1.700516
f 12527 12526 12525
f 12375 12527 12374
f 12527 12525 12374
f 12525 12371 12374
f 12525 12523 12371
v 0.740000 0.797421 -1.680000
f 12528 12526 12527
v 0.688875 0.900000 -1.680000
f 12378 12529 12377
v 0.706757 0.866757 -1.680000
f 12529 12530 12377
f 12530 12375 12377
f 12530 12528 12375
f 12528 12527 12375
f 7372 7374 12528
f 7372 12528 12530
f 12529 7375 7372
f 12529 7372 12530
f 6739 7385 12378
f 7385 7386 12529
f 7385 12529 12378
f 7387 7390 12529
f 7390 7375 12529
f 7386 7387 12529
v 0.806473 -1.620000 -1.080000
f 12383 12531 12380
f 12531 12381 12380
v 0.860000 -1.639556 -0.979556
v 0.860000 -1.644653 -0.960000
v 0.835847 -1.644153 -0.984153
f 12532 12533 12534
v 0.860000 -1.620000 -1.030829
f 12535 12532 12534
f 12531 12535 12381
f 12535 12534 12381
f 12534 12386 12381
v 0.826768 -1.653232 -0.960000
f 12536 12387 12386
f 12534 12536 12386
f 12533 12536 12534
v 0.860000 -1.658796 -0.878796
v 0.860000 -1.663680 -0.840000
v 0.810270 -1.669730 -0.889730
f 12537 12538 12539
f 12533 12537 12536
f 12537 12539 12536
f 12539 12387 12536
f 12539 12390 12387
v 0.799464 -1.680536 -0.840000
f 12540 12391 12390
f 12539 12540 12390
f 12538 12540 12539
v 0.860000 -1.660968 -0.760968
v 0.860000 -1.661920 -0.720000
v 0.802433 -1.677567 -0.777567
f 12541 12542 12543
f 12538 12541 12540
f 12541 12543 12540
f 12543 12391 12540
f 12543 12394 12391
v 0.797311 -1.682689 -0.720000
f 12544 12395 12394
f 12543 12544 12394
f 12542 12544 12543
v 0.860000 -1.639341 -0.619341
v 0.860000 -1.636749 -0.600000
v 0.826240 -1.653760 -0.633760
f 12545 12546 12547
f 12542 12545 12544
f 12545 12547 12544
f 12547 12395 12544
f 12547 12398 12395
v 0.832740 -1.647260 -0.600000
f 12548 12399 12398
f 12547 12548 12398
f 12546 12548 12547
v 0.860000 -1.620000 -0.560687
f 12546 12549 12548
v 0.820346 -1.620000 -0.519654
f 12549 12550 12548
f 12550 12399 12548
v 0.774490 -1.620000 -0.480000
f 12550 12551 12399
f 12551 12402 12399
f 12551 12403 12402
v 0.754217 -1.620000 -0.465783
f 12551 12552 12403
f 12552 12406 12403
v 0.831028 -1.620000 0.720000
f 12411 12553 12408
f 12553 12409 12408
v 0.860000 -1.644752 0.815248
v 0.860000 -1.650424 0.840000
v 0.831012 -1.648988 0.811012
f 12554 12555 12556
v 0.860000 -1.620000 0.742570
f 12557 12554 12556
f 12553 12557 12409
f 12557 12556 12409
f 12556 12414 12409
v 0.822344 -1.657656 0.840000
f 12558 12415 12414
f 12556 12558 12414
f 12555 12558 12556
v 0.860000 -1.662494 0.917506
v 0.860000 -1.667024 0.960000
v 0.809037 -1.670963 0.909037
f 12559 12560 12561
f 12555 12559 12558
f 12559 12561 12558
f 12561 12415 12558
f 12561 12418 12415
v 0.801310 -1.678690 0.960000
f 12562 12419 12418
f 12561 12562 12418
f 12560 12562 12561
v 0.860000 -1.664720 1.035280
v 0.860000 -1.664761 1.080000
v 0.803746 -1.676254 1.023746
f 12563 12564 12565
f 12560 12563 12562
f 12563 12565 12562
f 12565 12419 12562
f 12565 12422 12419
v 0.802582 -1.677418 1.080000
f 12566 12423 12422
f 12565 12566 12422
f 12564 12566 12565
v 0.860000 -1.645061 1.174939
v 0.860000 -1.641556 1.200000
v 0.825282 -1.654718 1.165282
f 12567 12568 12569
f 12564 12567 12566
f 12567 12569 12566
f 12569 12423 12566
f 12569 12426 12423
v 0.831653 -1.648347 1.200000
f 12570 12427 12426
f 12569 12570 12426
f 12568 12570 12569
v 0.860000 -1.620000 1.257087
f 12568 12571 12570
v 0.824740 -1.620000 1.284740
f 12571 12572 12570
f 12572 12427 12570
v 0.769240 -1.620000 1.320000
f 12572 12573 12427
f 12573 12430 12427
f 12573 12431 12430
v 0.750190 -1.620000 1.330190
f 12573 12574 12431
f 12574 12434 12431
v 0.821846 -1.500000 -1.200000
f 12439 12575 12436
f 12575 12437 12436
v 0.860000 -1.551731 -1.131731
v 0.860000 -1.591810 -1.080000
v 0.790740 -1.569260 -1.149260
f 12576 12577 12578
v 0.860000 -1.500000 -1.178191
f 12579 12576 12578
f 12575 12579 12437
f 12579 12578 12437
f 12578 12442 12437
f 12578 12383 12442
f 12577 12531 12383
f 12578 12577 12383
v 0.860000 -1.603854 -1.063854
f 12580 12535 12531
f 12577 12580 12531
v 0.860000 -1.565833 -0.480000
f 12549 12581 12550
f 12581 12551 12550
v 0.771682 -1.588318 -0.448318
f 12551 12582 12552
v 0.860000 -1.500000 -0.417667
f 12583 12582 12551
f 12581 12583 12551
v 0.826384 -1.500000 -0.393616
f 12583 12584 12582
v 0.760529 -1.500000 -0.360000
f 12584 12585 12582
f 12582 12585 12406
f 12585 12444 12406
f 12552 12582 12406
v 0.747034 -1.500000 -0.352966
f 12585 12586 12444
f 12586 12446 12444
v 0.860000 -1.507236 0.592764
v 0.860000 -1.513834 0.600000
v 0.851259 -1.508741 0.591259
f 12587 12588 12589
v 0.860000 -1.500000 0.587027
f 12590 12587 12589
v 0.839886 -1.500000 0.579886
f 12591 12590 12589
f 12451 12591 12448
f 12591 12589 12448
v 0.837574 -1.522426 0.600000
f 12592 12449 12448
f 12589 12592 12448
f 12588 12592 12589
v 0.860000 -1.566096 0.653904
v 0.860000 -1.609159 0.720000
v 0.777943 -1.582057 0.637943
f 12593 12594 12595
f 12588 12593 12592
f 12593 12595 12592
f 12595 12449 12592
f 12595 12454 12449
f 12595 12411 12454
f 12594 12553 12411
f 12595 12594 12411
v 0.860000 -1.613453 0.726547
f 12596 12557 12553
f 12594 12596 12553
v 0.860000 -1.583764 1.320000
f 12571 12597 12572
f 12597 12573 12572
v 0.778508 -1.581492 1.358508
f 12573 12598 12574
v 0.860000 -1.500000 1.412669
f 12599 12598 12573
f 12597 12599 12573
v 0.842483 -1.500000 1.422483
f 12599 12600 12598
v 0.798015 -1.500000 1.440000
f 12600 12601 12598
f 12598 12601 12434
f 12601 12456 12434
f 12574 12598 12434
v 0.756874 -1.500000 1.456874
f 12601 12602 12456
f 12602 12458 12456
v 0.838062 -1.380000 -1.200000
f 12462 12603 12460
v 0.834307 -1.405693 -1.200000
f 12603 12604 12460
f 12604 12439 12460
f 12604 12575 12439
v 0.860000 -1.480058 -1.180058
f 12605 12579 12575
v 0.860000 -1.380000 -1.187481
f 12604 12606 12575
f 12606 12605 12575
f 12603 12606 12604
v 0.860000 -1.422347 -0.402347
v 0.837609 -1.402391 -0.382391
f 12607 12608 12584
f 12583 12607 12584
v 0.860000 -1.380000 -0.392647
f 12607 12609 12608
v 0.842107 -1.380000 -0.377893
f 12609 12610 12608
v 0.809737 -1.380000 -0.360000
f 12610 12611 12608
v 0.771118 -1.468882 -0.360000
f 12611 12612 12608
f 12608 12612 12584
f 12612 12585 12584
v 0.747629 -1.492371 -0.352371
f 12585 12613 12586
f 12612 12613 12585
v 0.765439 -1.380000 -0.334561
f 12614 12613 12612
f 12611 12614 12612
f 12613 12614 12464
f 12614 12466 12464
f 12446 12613 12464
f 12586 12613 12446
v 0.860000 -1.406938 0.573062
f 12615 12590 12591
v 0.821033 -1.418967 0.561033
f 12616 12615 12591
v 0.860000 -1.380000 0.569847
f 12617 12615 12616
v 0.813338 -1.380000 0.553338
f 12618 12617 12616
f 12470 12618 12468
f 12618 12616 12468
f 12616 12451 12468
f 12616 12591 12451
v 0.860000 -1.381127 1.440000
f 12599 12619 12600
f 12619 12601 12600
v 0.758593 -1.481407 1.458593
f 12601 12620 12602
v 0.860000 -1.380000 1.440223
f 12621 12620 12601
f 12619 12621 12601
v 0.776705 -1.380000 1.476705
f 12621 12622 12620
f 12620 12622 12472
f 12622 12474 12472
f 12458 12620 12472
f 12602 12620 12458
f 6859 7505 12462
f 7505 7506 12603
f 7505 12603 12462
f 7507 7510 12603
f 7510 7511 12606
f 7510 12606 12603
f 7506 7507 12603
f 7515 7518 12610
f 12609 7519 7515
f 12609 7515 12610
f 7518 7524 12610
f 7524 7525 12611
f 7524 12611 12610
v 0.762668 -1.357332 -0.337332
f 12611 12623 12614
f 7525 7526 12623
f 7525 12623 12611
f 7528 12623 7526
f 7529 12623 7528
f 6869 12466 12623
f 6869 12623 7529
f 12614 12623 12466
f 7530 7532 12617
f 7530 12617 12618
f 6875 7534 12470
f 7534 7535 12470
f 7535 7530 12618
f 7535 12618 12470
v 0.860000 -1.378140 1.440000
f 7538 12624 7539
f 7546 12624 7538
v 0.860000 -1.379821 1.440179
f 12625 7547 7549
f 12625 7549 12622
f 12621 12625 12622
f 7547 12625 7550
f 7550 12625 12624
f 7550 12624 7546
f 6885 12474 7552
f 12622 7549 7552
f 12622 7552 12474
f 12487 7871 7873
f 12487 7873 12485
f 7873 7185 12485
v 0.770627 0.180000 -1.560000
f 12498 12626 12496
f 12626 12497 12496
f 12626 7929 7931
f 12626 7931 12497
f 7931 7933 12497
f 7933 7934 12499
f 7933 12499 12497
f 7934 7936 12499
f 7936 7937 12487
f 7936 12487 12499
f 7937 7871 12487
v 0.755414 0.300000 -1.680000
f 12508 12627 12506
f 12627 12507 12506
v 0.782993 0.300000 -1.637007
f 12627 12628 12507
v 0.834930 0.300000 -1.560000
f 12628 12629 12507
f 12629 12509 12507
v 0.803940 0.243940 -1.560000
f 12629 12630 12509
f 12630 12498 12509
f 12630 12626 12498
f 7929 12626 7994
v 0.860000 0.300000 -1.526627
f 12630 12631 12626
f 12631 7997 7994
f 12631 7994 12626
f 12629 12631 12630
v 0.767856 0.420000 -1.680000
f 12515 12632 12514
v 0.756927 0.316927 -1.680000
f 12632 12633 12514
f 12633 12508 12514
f 12633 12627 12508
v 0.860000 0.401325 -1.578675
f 12627 12634 12628
v 0.860000 0.370665 -1.560000
f 12634 12635 12628
v 0.860000 0.420000 -1.580445
f 12633 12636 12627
f 12636 12634 12627
f 12632 12636 12633
f 12635 12629 12628
v 0.860000 0.322159 -1.537841
f 12637 12631 12629
f 12635 12637 12629
v 0.780374 0.540000 -1.680000
f 12519 12638 12518
v 0.770222 0.450222 -1.680000
f 12638 12639 12518
f 12639 12515 12518
f 12639 12632 12515
v 0.860000 0.503467 -1.596533
f 12640 12636 12632
v 0.860000 0.540000 -1.599321
f 12639 12641 12632
f 12641 12640 12632
f 12638 12641 12639
v 0.776325 0.660000 -1.680000
f 12522 12642 12521
v 0.779129 0.579129 -1.680000
f 12642 12643 12521
f 12643 12519 12521
f 12643 12638 12519
v 0.860000 0.623605 -1.596395
f 12644 12641 12638
f 12643 8103 8105
f 12643 8105 12638
f 8105 8106 12644
f 8105 12644 12638
f 12642 8107 8103
f 12642 8103 12643
v 0.747687 0.780000 -1.680000
f 12526 12645 12524
v 0.769747 0.689747 -1.680000
f 12645 12646 12524
f 12646 12522 12524
f 12646 12642 12522
f 8118 8107 12642
f 12646 8120 8122
f 12646 8122 12642
f 8122 8118 12642
f 12645 8123 8120
f 12645 8120 12646
v 0.745457 0.785457 -1.680000
f 12528 12647 12526
f 12647 12645 12526
v 0.756938 0.796938 -1.663062
f 12648 8132 8134
f 12648 8134 12645
f 8134 8123 12645
f 12647 12648 12645
f 12528 12648 12647
f 8135 8137 12648
f 8135 12648 12528
f 7374 8135 12528
f 8137 8139 12648
f 8139 8132 12648
v 0.906420 -1.620000 -0.960000
f 12535 12649 12532
f 12649 12533 12532
v 0.923659 -1.620000 -0.896341
f 12649 12650 12533
v 0.941138 -1.620000 -0.840000
f 12650 12651 12533
f 12651 12537 12533
f 12651 12538 12537
v 0.937113 -1.620000 -0.762887
f 12651 12652 12538
v 0.934348 -1.620000 -0.720000
f 12652 12653 12538
f 12653 12541 12538
f 12653 12542 12541
v 0.914812 -1.620000 -0.665188
f 12653 12654 12542
v 0.887757 -1.620000 -0.600000
f 12654 12655 12542
f 12655 12545 12542
f 12655 12546 12545
v 0.876985 -1.620000 -0.583015
f 12655 12656 12546
f 12656 12549 12546
v 0.928162 -1.620000 0.840000
f 12557 12657 12554
f 12657 12555 12554
v 0.956417 -1.620000 0.936417
f 12657 12658 12555
v 0.964210 -1.620000 0.960000
f 12658 12659 12555
f 12659 12559 12555
f 12659 12560 12559
v 0.958634 -1.620000 1.058634
f 12659 12660 12560
v 0.957168 -1.620000 1.080000
f 12660 12661 12560
f 12661 12563 12560
f 12661 12564 12563
v 0.930100 -1.620000 1.150100
f 12661 12662 12564
v 0.906078 -1.620000 1.200000
f 12662 12663 12564
f 12663 12567 12564
f 12663 12568 12567
v 0.886991 -1.620000 1.226991
f 12663 12664 12568
f 12664 12571 12568
v 0.956533 -1.500000 -1.080000
f 12579 12665 12576
f 12665 12577 12576
v 0.980000 -1.533343 -0.993343
v 0.980000 -1.550801 -0.960000
v 0.904840 -1.575160 -1.035160
f 12666 12667 12668
v 0.980000 -1.500000 -1.041504
f 12669 12666 12668
f 12665 12669 12577
f 12669 12668 12577
f 12668 12580 12577
f 12668 12535 12580
f 12667 12649 12535
f 12668 12667 12535
v 0.980000 -1.567282 -0.907282
f 12649 12670 12650
v 0.980000 -1.583479 -0.840000
f 12670 12671 12650
f 12667 12670 12649
f 12671 12651 12650
v 0.980000 -1.581116 -0.801116
f 12651 12672 12652
v 0.980000 -1.577091 -0.720000
f 12672 12673 12652
f 12671 12672 12651
f 12673 12653 12652
v 0.980000 -1.547554 -0.647554
f 12653 12674 12654
v 0.980000 -1.530374 -0.600000
f 12674 12675 12654
f 12673 12674 12653
f 12675 12655 12654
v 0.898560 -1.581440 -0.561440
f 12655 12676 12656
v 0.980000 -1.500000 -0.558266
f 12677 12676 12655
f 12675 12677 12655
v 0.950221 -1.500000 -0.509779
f 12677 12678 12676
v 0.924980 -1.500000 -0.480000
f 12678 12679 12676
f 12676 12679 12549
f 12679 12581 12549
f 12656 12676 12549
v 0.894371 -1.500000 -0.445629
f 12679 12680 12581
f 12680 12583 12581
v 0.878001 -1.500000 0.600000
f 12590 12681 12587
f 12681 12588 12587
v 0.980000 -1.511352 0.708648
v 0.980000 -1.519124 0.720000
v 0.961563 -1.518437 0.701563
f 12682 12683 12684
v 0.980000 -1.500000 0.696319
f 12685 12682 12684
f 12681 12685 12588
f 12685 12684 12588
f 12684 12593 12588
v 0.908178 -1.571822 0.720000
f 12686 12594 12593
f 12684 12686 12593
f 12683 12686 12684
v 0.980000 -1.557113 0.782887
v 0.980000 -1.582208 0.840000
v 0.874739 -1.605261 0.734739
f 12687 12688 12689
f 12683 12687 12686
f 12687 12689 12686
f 12689 12594 12686
f 12689 12596 12594
f 12689 12557 12596
f 12688 12657 12557
f 12689 12688 12557
v 0.980000 -1.590334 0.869666
f 12657 12690 12658
v 0.980000 -1.608537 0.960000
f 12690 12691 12658
f 12688 12690 12657
f 12691 12659 12658
v 0.980000 -1.607892 0.972108
f 12659 12692 12660
v 0.980000 -1.603409 1.080000
f 12692 12693 12660
f 12691 12692 12659
f 12693 12661 12660
v 0.980000 -1.594243 1.105757
f 12661 12694 12662
v 0.980000 -1.565648 1.200000
f 12694 12695 12662
f 12693 12694 12661
f 12695 12663 12662
v 0.952286 -1.527714 1.292286
f 12663 12696 12664
v 0.980000 -1.500000 1.303898
f 12697 12696 12663
f 12695 12697 12663
v 0.973596 -1.500000 1.313596
f 12697 12698 12696
v 0.967346 -1.500000 1.320000
f 12698 12699 12696
f 12696 12699 12571
f 12699 12597 12571
f 12664 12696 12571
v 0.913997 -1.500000 1.373997
f 12699 12700 12597
f 12700 12599 12597
v 0.965673 -1.380000 -1.080000
f 12606 12701 12605
v 0.964249 -1.395751 -1.080000
f 12701 12702 12605
f 12702 12579 12605
f 12702 12665 12579
v 0.980000 -1.466168 -1.046168
f 12703 12669 12665
v 0.980000 -1.380000 -1.056460
f 12702 12704 12665
f 12704 12703 12665
f 12701 12704 12702
v 0.980000 -1.450263 -0.550263
v 0.956105 -1.403895 -0.503895
f 12705 12706 12678
f 12677 12705 12678
v 0.980000 -1.380000 -0.540396
f 12705 12707 12706
v 0.958815 -1.380000 -0.501185
f 12707 12708 12706
v 0.943501 -1.380000 -0.480000
f 12708 12709 12706
v 0.933268 -1.426732 -0.480000
f 12709 12710 12706
f 12706 12710 12678
f 12710 12679 12678
v 0.896274 -1.463726 -0.443726
f 12679 12711 12680
f 12710 12711 12679
v 0.906479 -1.380000 -0.433521
f 12712 12711 12710
f 12709 12712 12710
f 12711 12712 12607
f 12712 12609 12607
f 12583 12711 12607
f 12680 12711 12583
v 0.901778 -1.380000 0.600000
f 12617 12713 12615
v 0.881933 -1.478067 0.600000
f 12713 12714 12615
f 12714 12590 12615
f 12714 12681 12590
v 0.980000 -1.419635 0.680365
f 12715 12685 12681
v 0.980000 -1.380000 0.673846
f 12714 12716 12681
f 12716 12715 12681
f 12713 12716 12714
v 0.980000 -1.441857 1.320000
f 12697 12717 12698
f 12717 12699 12698
v 0.918987 -1.441013 1.378987
f 12699 12718 12700
v 0.980000 -1.380000 1.332976
f 12719 12718 12699
f 12717 12719 12699
v 0.929045 -1.380000 1.389045
f 12719 12720 12718
v 0.860324 -1.380000 1.440000
f 12720 12721 12718
f 12718 12721 12599
f 12721 12619 12599
f 12700 12718 12599
v 0.860144 -1.380000 1.440144
f 12721 12722 12619
f 12722 12621 12619
f 7511 8250 12606
f 8250 8251 12701
f 8250 12701 12606
f 8252 8255 12701
f 8255 8256 12704
f 8255 12704 12701
f 8251 8252 12701
f 8273 8276 12708
f 12707 8277 8273
f 12707 8273 12708
f 8276 8281 12708
f 8281 8282 12709
f 8281 12709 12708
f 12709 8283 8285
f 12709 8285 12712
f 8282 8283 12709
f 7519 12609 8287
f 12712 8285 8287
f 12712 8287 12609
v 0.882798 -1.357202 0.600000
f 7532 8288 12723
f 7532 12723 12617
f 12723 12713 12617
f 8289 8292 12713
f 8292 8293 12716
f 8292 12716 12713
f 12723 8294 8289
f 12723 8289 12713
f 8288 8294 12723
v 0.980000 -1.370319 1.329681
f 12724 8305 8307
f 12724 8307 12720
f 12719 12724 12720
f 8305 12724 8308
f 8308 12724 8309
v 0.860234 -1.379766 1.440000
f 8311 12725 8312
f 7539 12624 12725
f 7539 12725 8311
f 8307 8312 12725
f 8307 12725 12720
f 12725 12721 12720
v 0.860118 -1.379882 1.440118
f 12721 12726 12722
f 12725 12726 12721
f 12624 12726 12725
f 12625 12726 12624
f 12621 12726 12625
f 12722 12726 12621
f 7997 12631 8717
v 0.876160 0.420000 -1.560000
f 12636 12727 12634
f 12727 12635 12634
f 12727 8750 8752
f 12727 8752 12635
f 8752 8754 12635
f 8754 8755 12637
f 8754 12637 12635
f 8755 8757 12637
f 8757 8758 12631
f 8757 12631 12637
f 8758 8717 12631
f 12641 8771 8773
f 12641 8773 12640
v 0.878764 0.438764 -1.560000
f 8773 8774 12728
f 8773 12728 12640
f 12728 12636 12640
f 12728 12727 12636
f 8750 12727 8775
f 12728 8777 8775
f 12728 8775 12727
f 8778 8777 12728
f 8774 8778 12728
f 8106 8795 12644
f 8795 8797 12644
f 8797 8798 12641
f 8797 12641 12644
f 8798 8771 12641
v 1.019088 -1.500000 -0.960000
f 12669 12729 12666
f 12729 12667 12666
v 1.028002 -1.500000 -0.911998
f 12729 12730 12667
v 1.044421 -1.500000 -0.840000
f 12730 12731 12667
f 12731 12670 12667
f 12731 12671 12670
v 1.042194 -1.500000 -0.777806
f 12731 12732 12671
v 1.039453 -1.500000 -0.720000
f 12732 12733 12671
f 12733 12672 12671
f 12733 12673 12672
v 1.027743 -1.500000 -0.672257
f 12733 12734 12673
v 1.003336 -1.500000 -0.600000
f 12734 12735 12673
f 12735 12674 12673
f 12735 12675 12674
v 0.996041 -1.500000 -0.583959
f 12735 12736 12675
f 12736 12677 12675
v 0.997546 -1.500000 0.720000
f 12685 12737 12682
f 12737 12683 12682
v 1.011433 -1.500000 0.751433
f 12737 12738 12683
v 1.055558 -1.500000 0.840000
f 12738 12739 12683
f 12739 12687 12683
f 12739 12688 12687
v 1.073589 -1.500000 0.933589
f 12739 12740 12688
v 1.079867 -1.500000 0.960000
f 12740 12741 12688
f 12741 12690 12688
f 12741 12691 12690
v 1.076301 -1.500000 1.056301
f 12741 12742 12691
v 1.075126 -1.500000 1.080000
f 12742 12743 12691
f 12743 12692 12691
f 12743 12693 12692
v 1.055894 -1.500000 1.155894
f 12743 12744 12693
v 1.040304 -1.500000 1.200000
f 12744 12745 12693
f 12745 12694 12693
f 12745 12695 12694
v 1.021018 -1.500000 1.241018
f 12745 12746 12695
f 12746 12697 12695
v 1.026347 -1.380000 -0.960000
f 12704 12747 12703
v 1.021212 -1.458788 -0.960000
f 12747 12748 12703
f 12748 12669 12703
f 12748 12729 12669
v 1.031395 -1.448605 -0.908605
f 12729 12749 12730
f 12748 12749 12729
v 1.036882 -1.380000 -0.903118
f 12750 12749 12748
f 12747 12750 12748
v 1.051330 -1.380000 -0.840000
f 12750 12751 12749
v 1.047880 -1.432120 -0.840000
f 12751 12752 12749
f 12749 12752 12730
f 12752 12731 12730
v 1.045383 -1.434617 -0.774617
f 12731 12753 12732
f 12752 12753 12731
v 1.048874 -1.380000 -0.771126
f 12754 12753 12752
f 12751 12754 12752
v 1.046437 -1.380000 -0.720000
f 12754 12755 12753
v 1.042654 -1.437346 -0.720000
f 12755 12756 12753
f 12753 12756 12732
f 12756 12733 12732
v 1.029669 -1.450331 -0.670331
f 12733 12757 12734
f 12756 12757 12733
v 1.033397 -1.380000 -0.666603
f 12758 12757 12756
f 12755 12758 12756
v 1.011747 -1.380000 -0.600000
f 12758 12759 12757
v 1.004612 -1.475388 -0.600000
f 12759 12760 12757
f 12757 12760 12734
f 12760 12735 12734
v 0.996581 -1.483419 -0.583419
f 12735 12761 12736
f 12760 12761 12735
v 1.001923 -1.380000 -0.578077
f 12762 12761 12760
f 12759 12762 12760
f 12761 12762 12705
f 12762 12707 12705
f 12677 12761 12705
f 12736 12761 12677
v 1.014245 -1.380000 0.720000
f 12716 12763 12715
v 0.999923 -1.480077 0.720000
f 12763 12764 12715
f 12764 12685 12715
f 12764 12737 12685
v 1.020990 -1.459010 0.760990
f 12737 12765 12738
f 12764 12765 12737
v 1.041196 -1.380000 0.781196
f 12766 12765 12764
f 12763 12766 12764
v 1.070624 -1.380000 0.840000
f 12766 12767 12765
v 1.065569 -1.414431 0.840000
f 12767 12768 12765
f 12765 12768 12738
f 12768 12739 12738
v 1.090314 -1.389686 0.950314
f 12739 12769 12740
f 12768 12769 12739
v 1.092073 -1.380000 0.952073
f 12770 12769 12768
f 12767 12770 12768
v 1.093975 -1.380000 0.960000
f 12770 12771 12769
v 1.092917 -1.387083 0.960000
f 12771 12772 12769
f 12769 12772 12740
f 12772 12741 12740
v 1.088253 -1.391747 1.068253
f 12741 12773 12742
f 12772 12773 12741
v 1.089945 -1.380000 1.069945
f 12774 12773 12772
f 12771 12774 12772
v 1.089449 -1.380000 1.080000
f 12774 12775 12773
v 1.087594 -1.392406 1.080000
f 12775 12776 12773
f 12773 12776 12742
f 12776 12743 12742
v 1.063124 -1.416876 1.163124
f 12743 12777 12744
f 12776 12777 12743
v 1.067534 -1.380000 1.167534
f 12778 12777 12776
f 12775 12778 12776
v 1.056805 -1.380000 1.200000
f 12778 12779 12777
v 1.048350 -1.431650 1.200000
f 12779 12780 12777
f 12777 12780 12744
f 12780 12745 12744
v 1.024233 -1.455767 1.244233
f 12745 12781 12746
f 12780 12781 12745
v 1.032752 -1.380000 1.252752
f 12782 12781 12780
f 12779 12782 12780
v 0.990537 -1.380000 1.320000
f 12782 12783 12781
f 12781 12783 12697
f 12783 12717 12697
f 12746 12781 12697
v 0.986315 -1.380000 1.326315
f 12783 12784 12717
f 12784 12719 12717
f 8256 8964 12704
f 8964 8965 12747
f 8964 12747 12704
f 12747 8966 8968
f 12747 8968 12750
f 8965 8966 12747
f 8968 8970 12750
f 8970 8971 12751
f 8970 12751 12750
f 12751 8972 8974
f 12751 8974 12754
f 8971 8972 12751
f 8974 8977 12754
f 8977 8978 12755
f 8977 12755 12754
f 12755 8979 8981
f 12755 8981 12758
f 8978 8979 12755
v 1.001529 -1.358471 -0.600000
f 8983 12785 8984
f 8985 12785 8983
f 8981 8984 12785
f 8981 12785 12758
f 12785 12759 12758
v 0.997062 -1.362938 -0.582938
f 12759 12786 12762
f 12785 12786 12759
f 8985 8986 12786
f 8985 12786 12785
f 8987 12786 8986
f 8277 12707 12786
f 8277 12786 8987
f 12762 12786 12707
v 1.001995 -1.358005 0.720000
f 8293 8988 12787
f 8293 12787 12716
f 12787 12763 12716
v 1.009452 -1.350548 0.749452
f 12763 12788 12766
f 12787 12788 12763
f 8988 8989 12788
f 8988 12788 12787
f 8991 12788 8989
f 8991 8993 12788
f 12788 8993 8994
f 12788 8994 12766
f 8994 8995 12767
f 8994 12767 12766
f 12767 8996 8998
f 12767 8998 12770
f 8995 8996 12767
f 8998 9002 12770
f 9002 9003 12771
f 9002 12771 12770
f 12771 9004 9006
f 12771 9006 12774
f 9003 9004 12771
f 9006 9010 12774
f 9010 9011 12775
f 9010 12775 12774
f 12775 9012 9014
f 12775 9014 12778
f 9011 9012 12775
f 9014 9018 12778
f 9018 9019 12779
f 9018 12779 12778
f 12779 9020 9022
f 12779 9022 12782
f 9019 9020 12779
v 0.987543 -1.372457 1.320000
f 9024 12789 9025
f 9026 12789 9024
f 9022 9025 12789
f 9022 12789 12782
f 12789 12783 12782
v 0.985086 -1.374914 1.325086
f 12783 12790 12784
f 12789 12790 12783
f 9026 9027 12790
f 9026 12790 12789
f 8309 12724 12790
f 8309 12790 9027
f 12719 12790 12724
f 12784 12790 12719
o Nose
usemtl detail_0
s 1
v 0.000000 0.470000 -2.199746
v 0.000000 0.310000 -2.199746
v 0.060000 0.459282 -2.199746
v 0.048541 0.459282 -2.190929
v 0.018541 0.459282 -2.185480
v -0.018541 0.459282 -2.185480
v -0.048541 0.459282 -2.190929
v -0.060000 0.459282 -2.199746
v -0.048541 0.459282 -2.208563
v -0.018541 0.459282 -2.214012
v 0.018541 0.459282 -2.214012
v 0.048541 0.459282 -2.208563
v 0.103923 0.430000 -2.199746
v 0.084076 0.430000 -2.184475
v 0.032114 0.430000 -2.175037
v -0.032114 0.430000 -2.175037
v -0.084076 0.430000 -2.184475
v -0.103923 0.430000 -2.199746
v -0.084076 0.430000 -2.215017
v -0.032114 0.430000 -2.224455
v 0.032114 0.430000 -2.224455
v 0.084076 0.430000 -2.215017
v 0.120000 0.390000 -2.199746
v 0.097082 0.390000 -2.182112
v 0.037082 0.390000 -2.171214
v -0.037082 0.390000 -2.171214
v -0.097082 0.390000 -2.182112
v -0.120000 0.390000 -2.199746
v -0.097082 0.390000 -2.217379
v -0.037082 0.390000 -2.228278
v 0.037082 0.390000 -2.228278
v 0.097082 0.390000 -2.217379
v 0.103923 0.350000 -2.199746
v 0.084076 0.350000 -2.184475
v 0.032114 0.350000 -2.175037
v -0.032114 0.350000 -2.175037
v -0.084076 0.350000 -2.184475
v -0.103923 0.350000 -2.199746
v -0.084076 0.350000 -2.215017
v -0.032114 0.350000 -2.224455
v 0.032114 0.350000 -2.224455
v 0.084076 0.350000 -2.215017
v 0.060000 0.320718 -2.199746
v 0.048541 0.320718 -2.190929
v 0.018541 0.320718 -2.185480
v -0.018541 0.320718 -2.185480
v -0.048541 0.320718 -2.190929
v -0.060000 0.320718 -2.199746
v -0.048541 0.320718 -2.208563
v -0.018541 0.320718 -2.214012
v 0.018541 0.320718 -2.214012
v 0.048541 0.320718 -2.208563
f 12791 12794 12793
f 12792 12833 12834
f 12793 12794 12804
f 12793 12804 12803
f 12803 12804 12814
f 12803 12814 12813
f 12813 12814 12824
f 12813 12824 12823
f 12823 12824 12834
f 12823 12834 12833
f 12791 12795 12794
f 12792 12834 12835
f 12794 12795 12805
f 12794 12805 12804
f 12804 12805 12815
f 12804 12815 12814
f 12814 12815 12825
f 12814 12825 12824
f 12824 12825 12835
f 12824 12835 12834
f 12791 12796 12795
f 12792 12835 12836
f 12795 12796 12806
f 12795 12806 12805
f 12805 12806 12816
f 12805 12816 12815
f 12815 12816 12826
f 12815 12826 12825
f 12825 12826 12836
f 12825 12836 12835
f 12791 12797 12796
f 12792 12836 12837
f 12796 12797 12807
f 12796 12807 12806
f 12806 12807 12817
f 12806 12817 12816
f 12816 12817 12827
f 12816 12827 12826
f 12826 12827 12837
f 12826 12837 12836
f 12791 12798 12797
f 12792 12837 12838
f 12797 12798 12808
f 12797 12808 12807
f 12807 12808 12818
f 12807 12818 12817
f 12817 12818 12828
f 12817 12828 12827
f 12827 12828 12838
f 12827 12838 12837
f 12791 12799 12798
f 12792 12838 12839
f 12798 12799 12809
f 12798 12809 12808
f 12808 12809 12819
f 12808 12819 12818
f 12818 12819 12829
f 12818 12829 12828
f 12828 12829 12839
f 12828 12839 12838
f 12791 12800 12799
f 12792 12839 12840
f 12799 12800 12810
f 12799 12810 12809
f 12809 12810 12820
f 12809 12820 12819
f 12819 12820 12830
f 12819 12830 12829
f 12829 12830 12840
f 12829 12840 12839
f 12791 12801 12800
f 12792 12840 12841
f 12800 12801 12811
f 12800 12811 12810
f 12810 12811 12821
f 12810 12821 12820
f 12820 12821 12831
f 12820 12831 12830
f 12830 12831 12841
f 12830 12841 12840
f 12791 12802 12801
f 12792 12841 12842
f 12801 12802 12812
f 12801 12812 12811
f 12811 12812 12822
f 12811 12822 12821
f 12821 12822 12832
f 12821 12832 12831
f 12831 12832 12842
f 12831 12842 12841
f 12791 12793 12802
f 12792 12842 12833
f 12802 12793 12803
f 12802 12803 12812
f 12812 12803 12813
f 12812 12813 12822
f 12822 12813 12823
f 12822 12823 12832
f 12832 12823 12833
f 12832 12833 12842
o LeftEyeRim
usemtl detail_1
s 1
v -0.560000 0.780000 -1.850686
v -0.495000 0.780000 -1.881789
v -0.496249 0.795607 -1.876605
v -0.499948 0.810615 -1.871421
v -0.505954 0.824446 -1.861054
v -0.514038 0.836569 -1.855870
v -0.523888 0.846518 -1.845502
v -0.535126 0.853910 -1.840318
v -0.547319 0.858463 -1.829950
v -0.560000 0.860000 -1.824766
v -0.572681 0.858463 -1.819582
v -0.584874 0.853910 -1.814398
v -0.596112 0.846518 -1.809214
v -0.605962 0.836569 -1.804030
v -0.614046 0.824446 -1.804030
v -0.620052 0.810615 -1.804030
v -0.623751 0.795607 -1.809214
v -0.625000 0.780000 -1.809214
v -0.623751 0.764393 -1.814398
v -0.620052 0.749385 -1.819582
v -0.614046 0.735554 -1.829950
v -0.605962 0.723431 -1.835134
v -0.596112 0.713482 -1.840318
v -0.584874 0.706090 -1.850686
v -0.572681 0.701537 -1.855870
v -0.560000 0.700000 -1.866237
v -0.547319 0.701537 -1.871421
v -0.535126 0.706090 -1.876605
v -0.523888 0.713482 -1.881789
v -0.514038 0.723431 -1.881789
v -0.505954 0.735554 -1.881789
v -0.499948 0.749385 -1.881789
v -0.496249 0.764393 -1.881789
v -0.430000 0.780000 -1.907709
v -0.432498 0.811214 -1.897341
v -0.439896 0.841229 -1.886973
v -0.451909 0.868891 -1.871421
v -0.468076 0.893137 -1.855870
v -0.487776 0.913035 -1.840318
v -0.510251 0.927821 -1.824766
v -0.534638 0.936926 -1.804030
v -0.560000 0.940000 -1.788478
v -0.585362 0.936926 -1.778110
v -0.609749 0.927821 -1.767742
v -0.632224 0.913035 -1.757375
v -0.651924 0.893137 -1.752191
v -0.668091 0.868891 -1.752191
v -0.680104 0.841229 -1.757375
v -0.687502 0.811214 -1.762559
v -0.690000 0.780000 -1.767742
v -0.687502 0.748786 -1.778110
v -0.680104 0.718771 -1.788478
v -0.668091 0.691109 -1.804030
v -0.651924 0.666863 -1.814398
v -0.632224 0.646965 -1.829950
v -0.609749 0.632179 -1.845502
v -0.585362 0.623074 -1.861054
v -0.560000 0.620000 -1.871421
v -0.534638 0.623074 -1.886973
v -0.510251 0.632179 -1.897341
v -0.487776 0.646965 -1.907709
v -0.468076 0.666863 -1.912893
v -0.451909 0.691109 -1.912893
v -0.439896 0.718771 -1.912893
v -0.432498 0.748786 -1.912893
v -0.365000 0.780000 -1.928445
v -0.368747 0.826822 -1.912893
v -0.379843 0.871844 -1.897341
v -0.397863 0.913337 -1.876605
v -0.422114 0.949706 -1.850686
v -0.451664 0.979553 -1.824766
v -0.485377 1.001731 -1.798846
v -0.521957 1.015388 -1.772926
v -0.560000 1.020000 -1.747007
v -0.598043 1.015388 -1.726271
v -0.634623 1.001731 -1.705535
v -0.668336 0.979553 -1.695167
v -0.697886 0.949706 -1.689983
v -0.722137 0.913337 -1.689983
v -0.740157 0.871844 -1.695167
v -0.751253 0.826822 -1.705535
v -0.755000 0.780000 -1.715903
v -0.751253 0.733178 -1.731455
v -0.740157 0.688156 -1.752191
v -0.722137 0.646663 -1.767742
v -0.697886 0.610294 -1.788478
v -0.668336 0.580447 -1.809214
v -0.634623 0.558269 -1.840318
v -0.598043 0.544612 -1.871421
v -0.560000 0.540000 -1.902525
v -0.521957 0.544612 -1.928445
v -0.485377 0.558269 -1.949181
v -0.451664 0.580447 -1.949181
v -0.422114 0.610294 -1.949181
v -0.397863 0.646663 -1.943997
v -0.379843 0.688156 -1.938813
v -0.368747 0.733178 -1.933629
v -0.300000 0.780000 -1.943997
v -0.304996 0.842429 -1.928445
v -0.319791 0.902459 -1.902525
v -0.343818 0.957782 -1.876605
v -0.376152 1.006274 -1.840318
v -0.415552 1.046070 -1.804030
v -0.460502 1.075641 -1.762559
v -0.509277 1.093851 -1.726271
v -0.560000 1.100000 -1.684799
v -0.610723 1.093851 -1.653696
v -0.659498 1.075641 -1.632960
v -0.704448 1.046070 -1.612224
v -0.743848 1.006274 -1.607040
v -0.776182 0.957782 -1.612224
v -0.800209 0.902459 -1.617408
v -0.815004 0.842429 -1.632960
v -0.820000 0.780000 -1.653696
v -0.815004 0.717571 -1.679615
v -0.800209 0.657541 -1.700351
v -0.776182 0.602218 -1.726271
v -0.743848 0.553726 -1.752191
v -0.704448 0.513930 -1.788478
v -0.659498 0.484359 -1.840318
v -0.610723 0.466149 -1.912893
v -0.560000 0.460000 -1.985468
v -0.509277 0.466149 -2.026940
v -0.460502 0.484359 -2.042492
v -0.415552 0.513930 -2.042492
v -0.376152 0.553726 -2.016572
v -0.343818 0.602218 -1.990652
v -0.319791 0.657541 -1.964732
v -0.304996 0.717571 -1.954365
f 12843 12845 12844
f 12843 12846 12845
f 12843 12847 12846
f 12843 12848 12847
f 12843 12849 12848
f 12843 12850 12849
f 12843 12851 12850
f 12843 12852 12851
f 12843 12853 12852
f 12843 12854 12853
f 12843 12855 12854
f 12843 12856 12855
f 12843 12857 12856
f 12843 12858 12857
f 12843 12859 12858
f 12843 12860 12859
f 12843 12861 12860
f 12843 12862 12861
f 12843 12863 12862
f 12843 12864 12863
f 12843 12865 12864
f 12843 12866 12865
f 12843 12867 12866
f 12843 12868 12867
f 12843 12869 12868
f 12843 12870 12869
f 12843 12871 12870
f 12843 12872 12871
f 12843 12873 12872
f 12843 12874 12873
f 12843 12875 12874
f 12843 12844 12875
f 12844 12845 12877
f 12844 12877 12876
f 12845 12846 12878
f 12845 12878 12877
f 12846 12847 12879
f 12846 12879 12878
f 12847 12848 12880
f 12847 12880 12879
f 12848 12849 12881
f 12848 12881 12880
f 12849 12850 12882
f 12849 12882 12881
f 12850 12851 12883
f 12850 12883 12882
f 12851 12852 12884
f 12851 12884 12883
f 12852 12853 12885
f 12852 12885 12884
f 12853 12854 12886
f 12853 12886 12885
f 12854 12855 12887
f 12854 12887 12886
f 12855 12856 12888
f 12855 12888 12887
f 12856 12857 12889
f 12856 12889 12888
f 12857 12858 12890
f 12857 12890 12889
f 12858 12859 12891
f 12858 12891 12890
f 12859 12860 12892
f 12859 12892 12891
f 12860 12861 12893
f 12860 12893 12892
f 12861 12862 12894
f 12861 12894 12893
f 12862 12863 12895
f 12862 12895 12894
f 12863 12864 12896
f 12863 12896 12895
f 12864 12865 12897
f 12864 12897 12896
f 12865 12866 12898
f 12865 12898 12897
f 12866 12867 12899
f 12866 12899 12898
f 12867 12868 12900
f 12867 12900 12899
f 12868 12869 12901
f 12868 12901 12900
f 12869 12870 12902
f 12869 12902 12901
f 12870 12871 12903
f 12870 12903 12902
f 12871 12872 12904
f 12871 12904 12903
f 12872 12873 12905
f 12872 12905 12904
f 12873 12874 12906
f 12873 12906 12905
f 12874 12875 12907
f 12874 12907 12906
f 12875 12844 12876
f 12875 12876 12907
f 12876 12877 12909
f 12876 12909 12908
f 12877 12878 12910
f 12877 12910 12909
f 12878 12879 12911
f 12878 12911 12910
f 12879 12880 12912
f 12879 12912 12911
f 12880 12881 12913
f 12880 12913 12912
f 12881 12882 12914
f 12881 12914 12913
f 12882 12883 12915
f 12882 12915 12914
f 12883 12884 12916
f 12883 12916 12915
f 12884 12885 12917
f 12884 12917 12916
f 12885 12886 12918
f 12885 12918 12917
f 12886 12887 12919
f 12886 12919 12918
f 12887 12888 12920
f 12887 12920 12919
f 12888 12889 12921
f 12888 12921 12920
f 12889 12890 12922
f 12889 12922 12921
f 12890 12891 12923
f 12890 12923 12922
f 12891 12892 12924
f 12891 12924 12923
f 12892 12893 12925
f 12892 12925 12924
f 12893 12894 12926
f 12893 12926 12925
f 12894 12895 12927
f 12894 12927 12926
f 12895 12896 12928
f 12895 12928 12927
f 12896 12897 12929
f 12896 12929 12928
f 12897 12898 12930
f 12897 12930 12929
f 12898 12899 12931
f 12898 12931 12930
f 12899 12900 12932
f 12899 12932 12931
f 12900 12901 12933
f 12900 12933 12932
f 12901 12902 12934
f 12901 12934 12933
f 12902 12903 12935
f 12902 12935 12934
f 12903 12904 12936
f 12903 12936 12935
f 12904 12905 12937
f 12904 12937 12936
f 12905 12906 12938
f 12905 12938 12937
f 12906 12907 12939
f 12906 12939 12938
f 12907 12876 12908
f 12907 12908 12939
f 12908 12909 12941
f 12908 12941 12940
f 12909 12910 12942
f 12909 12942 12941
f 12910 12911 12943
f 12910 12943 12942
f 12911 12912 12944
f 12911 12944 12943
f 12912 12913 12945
f 12912 12945 12944
f 12913 12914 12946
f 12913 12946 12945
f 12914 12915 12947
f 12914 12947 12946
f 12915 12916 12948
f 12915 12948 12947
f 12916 12917 12949
f 12916 12949 12948
f 12917 12918 12950
f 12917 12950 12949
f 12918 12919 12951
f 12918 12951 12950
f 12919 12920 12952
f 12919 12952 12951
f 12920 12921 12953
f 12920 12953 12952
f 12921 12922 12954
f 12921 12954 12953
f 12922 12923 12955
f 12922 12955 12954
f 12923 12924 12956
f 12923 12956 12955
f 12924 12925 12957
f 12924 12957 12956
f 12925 12926 12958
f 12925 12958 12957
f 12926 12927 12959
f 12926 12959 12958
f 12927 12928 12960
f 12927 12960 12959
f 12928 12929 12961
f 12928 12961 12960
f 12929 12930 12962
f 12929 12962 12961
f 12930 12931 12963
f 12930 12963 12962
f 12931 12932 12964
f 12931 12964 12963
f 12932 12933 12965
f 12932 12965 12964
f 12933 12934 12966
f 12933 12966 12965
f 12934 12935 12967
f 12934 12967 12966
f 12935 12936 12968
f 12935 12968 12967
f 12936 12937 12969
f 12936 12969 12968
f 12937 12938 12970
f 12937 12970 12969
f 12938 12939 12971
f 12938 12971 12970
f 12939 12908 12940
f 12939 12940 12971
o LeftEyeWhite
usemtl detail_2
s 1
v -0.560000 0.780000 -1.875686
v -0.500000 0.780000 -1.901605
v -0.501153 0.794388 -1.896421
v -0.504567 0.808223 -1.891237
v -0.510112 0.820973 -1.886054
v -0.517574 0.832149 -1.880870
v -0.526666 0.841321 -1.870502
v -0.537039 0.848136 -1.865318
v -0.548295 0.852333 -1.860134
v -0.560000 0.853750 -1.849766
v -0.571705 0.852333 -1.844582
v -0.582961 0.848136 -1.839398
v -0.593334 0.841321 -1.839398
v -0.602426 0.832149 -1.834214
v -0.609888 0.820973 -1.834214
v -0.615433 0.808223 -1.834214
v -0.618847 0.794388 -1.834214
v -0.620000 0.780000 -1.839398
v -0.618847 0.765612 -1.844582
v -0.615433 0.751777 -1.849766
v -0.609888 0.739027 -1.854950
v -0.602426 0.727851 -1.860134
v -0.593334 0.718679 -1.870502
v -0.582961 0.711864 -1.875686
v -0.571705 0.707667 -1.880870
v -0.560000 0.706250 -1.886054
v -0.548295 0.707667 -1.891237
v -0.537039 0.711864 -1.896421
v -0.526666 0.718679 -1.901605
v -0.517574 0.727851 -1.906789
v -0.510112 0.739027 -1.906789
v -0.504567 0.751777 -1.906789
v -0.501153 0.765612 -1.906789
v -0.440000 0.780000 -1.927525
v -0.442306 0.808776 -1.917157
v -0.449134 0.836446 -1.906789
v -0.460224 0.861947 -1.896421
v -0.475147 0.884298 -1.880870
v -0.493332 0.902642 -1.865318
v -0.514078 0.916272 -1.849766
v -0.536589 0.924666 -1.834214
v -0.560000 0.927500 -1.823846
v -0.583411 0.924666 -1.808294
v -0.605922 0.916272 -1.797926
v -0.626668 0.902642 -1.792742
v -0.644853 0.884298 -1.787559
v -0.659776 0.861947 -1.787559
v -0.670866 0.836446 -1.787559
v -0.677694 0.808776 -1.792742
v -0.680000 0.780000 -1.797926
v -0.677694 0.751224 -1.808294
v -0.670866 0.723554 -1.818662
v -0.659776 0.698053 -1.829030
v -0.644853 0.675702 -1.844582
v -0.626668 0.657358 -1.854950
v -0.605922 0.643728 -1.870502
v -0.583411 0.635334 -1.886054
v -0.560000 0.632500 -1.896421
v -0.536589 0.635334 -1.906789
v -0.514078 0.643728 -1.917157
v -0.493332 0.657358 -1.927525
v -0.475147 0.675702 -1.932709
v -0.460224 0.698053 -1.932709
v -0.449134 0.723554 -1.932709
v -0.442306 0.751224 -1.932709
v -0.380000 0.780000 -1.948261
v -0.383459 0.823164 -1.937893
v -0.393702 0.864669 -1.922341
v -0.410335 0.902920 -1.901605
v -0.432721 0.936447 -1.875686
v -0.459997 0.963963 -1.854950
v -0.491117 0.984408 -1.829030
v -0.524884 0.996999 -1.803110
v -0.560000 1.001250 -1.782375
v -0.595116 0.996999 -1.761639
v -0.628883 0.984408 -1.746087
v -0.660003 0.963963 -1.735719
v -0.687279 0.936447 -1.730535
v -0.709665 0.902920 -1.730535
v -0.726298 0.864669 -1.735719
v -0.736541 0.823164 -1.740903
v -0.740000 0.780000 -1.756455
v -0.736541 0.736836 -1.766823
v -0.726298 0.695331 -1.782375
v -0.709665 0.657080 -1.803110
v -0.687279 0.623553 -1.818662
v -0.660003 0.596037 -1.839398
v -0.628883 0.575592 -1.865318
v -0.595116 0.563001 -1.891237
v -0.560000 0.558750 -1.917157
v -0.524884 0.563001 -1.943077
v -0.491117 0.575592 -1.958629
v -0.459997 0.596037 -1.963813
v -0.432721 0.623553 -1.963813
v -0.410335 0.657080 -1.958629
v -0.393702 0.695331 -1.958629
v -0.383459 0.736836 -1.953445
v -0.320000 0.780000 -1.963813
v -0.324612 0.837552 -1.948261
v -0.338269 0.892892 -1.927525
v -0.360447 0.943893 -1.901605
v -0.390294 0.988597 -1.870502
v -0.426663 1.025284 -1.834214
v -0.468156 1.052544 -1.797926
v -0.513178 1.069332 -1.766823
v -0.560000 1.075000 -1.730535
v -0.606822 1.069332 -1.704615
v -0.651844 1.052544 -1.683880
v -0.693337 1.025284 -1.668328
v -0.729706 0.988597 -1.663144
v -0.759553 0.943893 -1.663144
v -0.781731 0.892892 -1.668328
v -0.795388 0.837552 -1.683880
v -0.800000 0.780000 -1.699431
v -0.795388 0.722448 -1.720167
v -0.781731 0.667108 -1.740903
v -0.759553 0.616107 -1.766823
v -0.729706 0.571403 -1.792742
v -0.693337 0.534716 -1.818662
v -0.651844 0.507456 -1.865318
v -0.606822 0.490668 -1.922341
v -0.560000 0.485000 -1.979365
v -0.513178 0.490668 -2.020836
v -0.468156 0.507456 -2.036388
v -0.426663 0.534716 -2.031204
v -0.390294 0.571403 -2.015652
v -0.360447 0.616107 -2.000100
v -0.338269 0.667108 -1.984548
v -0.324612 0.722448 -1.974181
f 12972 12974 12973
f 12972 12975 12974
f 12972 12976 12975
f 12972 12977 12976
f 12972 12978 12977
f 12972 12979 12978
f 12972 12980 12979
f 12972 12981 12980
f 12972 12982 12981
f 12972 12983 12982
f 12972 12984 12983
f 12972 12985 12984
f 12972 12986 12985
f 12972 12987 12986
f 12972 12988 12987
f 12972 12989 12988
f 12972 12990 12989
f 12972 12991 12990
f 12972 12992 12991
f 12972 12993 12992
f 12972 12994 12993
f 12972 12995 12994
f 12972 12996 12995
f 12972 12997 12996
f 12972 12998 12997
f 12972 12999 12998
f 12972 13000 12999
f 12972 13001 13000
f 12972 13002 13001
f 12972 13003 13002
f 12972 13004 13003
f 12972 12973 13004
f 12973 12974 13006
f 12973 13006 13005
f 12974 12975 13007
f 12974 13007 13006
f 12975 12976 13008
f 12975 13008 13007
f 12976 12977 13009
f 12976 13009 13008
f 12977 12978 13010
f 12977 13010 13009
f 12978 12979 13011
f 12978 13011 13010
f 12979 12980 13012
f 12979 13012 13011
f 12980 12981 13013
f 12980 13013 13012
f 12981 12982 13014
f 12981 13014 13013
f 12982 12983 13015
f 12982 13015 13014
f 12983 12984 13016
f 12983 13016 13015
f 12984 12985 13017
f 12984 13017 13016
f 12985 12986 13018
f 12985 13018 13017
f 12986 12987 13019
f 12986 13019 13018
f 12987 12988 13020
f 12987 13020 13019
f 12988 12989 13021
f 12988 13021 13020
f 12989 12990 13022
f 12989 13022 13021
f 12990 12991 13023
f 12990 13023 13022
f 12991 12992 13024
f 12991 13024 13023
f 12992 12993 13025
f 12992 13025 13024
f 12993 12994 13026
f 12993 13026 13025
f 12994 12995 13027
f 12994 13027 13026
f 12995 12996 13028
f 12995 13028 13027
f 12996 12997 13029
f 12996 13029 13028
f 12997 12998 13030
f 12997 13030 13029
f 12998 12999 13031
f 12998 13031 13030
f 12999 13000 13032
f 12999 13032 13031
f 13000 13001 13033
f 13000 13033 13032
f 13001 13002 13034
f 13001 13034 13033
f 13002 13003 13035
f 13002 13035 13034
f 13003 13004 13036
f 13003 13036 13035
f 13004 12973 13005
f 13004 13005 13036
f 13005 13006 13038
f 13005 13038 13037
f 13006 13007 13039
f 13006 13039 13038
f 13007 13008 13040
f 13007 13040 13039
f 13008 13009 13041
f 13008 13041 13040
f 13009 13010 13042
f 13009 13042 13041
f 13010 13011 13043
f 13010 13043 13042
f 13011 13012 13044
f 13011 13044 13043
f 13012 13013 13045
f 13012 13045 13044
f 13013 13014 13046
f 13013 13046 13045
f 13014 13015 13047
f 13014 13047 13046
f 13015 13016 13048
f 13015 13048 13047
f 13016 13017 13049
f 13016 13049 13048
f 13017 13018 13050
f 13017 13050 13049
f 13018 13019 13051
f 13018 13051 13050
f 13019 13020 13052
f 13019 13052 13051
f 13020 13021 13053
f 13020 13053 13052
f 13021 13022 13054
f 13021 13054 13053
f 13022 13023 13055
f 13022 13055 13054
f 13023 13024 13056
f 13023 13056 13055
f 13024 13025 13057
f 13024 13057 13056
f 13025 13026 13058
f 13025 13058 13057
f 13026 13027 13059
f 13026 13059 13058
f 13027 13028 13060
f 13027 13060 13059
f 13028 13029 13061
f 13028 13061 13060
f 13029 13030 13062
f 13029 13062 13061
f 13030 13031 13063
f 13030 13063 13062
f 13031 13032 13064
f 13031 13064 13063
f 13032 13033 13065
f 13032 13065 13064
f 13033 13034 13066
f 13033 13066 13065
f 13034 13035 13067
f 13034 13067 13066
f 13035 13036 13068
f 13035 13068 13067
f 13036 13005 13037
f 13036 13037 13068
f 13037 13038 13070
f 13037 13070 13069
f 13038 13039 13071
f 13038 13071 13070
f 13039 13040 13072
f 13039 13072 13071
f 13040 13041 13073
f 13040 13073 13072
f 13041 13042 13074
f 13041 13074 13073
f 13042 13043 13075
f 13042 13075 13074
f 13043 13044 13076
f 13043 13076 13075
f 13044 13045 13077
f 13044 13077 13076
f 13045 13046 13078
f 13045 13078 13077
f 13046 13047 13079
f 13046 13079 13078
f 13047 13048 13080
f 13047 13080 13079
f 13048 13049 13081
f 13048 13081 13080
f 13049 13050 13082
f 13049 13082 13081
f 13050 13051 13083
f 13050 13083 13082
f 13051 13052 13084
f 13051 13084 13083
f 13052 13053 13085
f 13052 13085 13084
f 13053 13054 13086
f 13053 13086 13085
f 13054 13055 13087
f 13054 13087 13086
f 13055 13056 13088
f 13055 13088 13087
f 13056 13057 13089
f 13056 13089 13088
f 13057 13058 13090
f 13057 13090 13089
f 13058 13059 13091
f 13058 13091 13090
f 13059 13060 13092
f 13059 13092 13091
f 13060 13061 13093
f 13060 13093 13092
f 13061 13062 13094
f 13061 13094 13093
f 13062 13063 13095
f 13062 13095 13094
f 13063 13064 13096
f 13063 13096 13095
f 13064 13065 13097
f 13064 13097 13096
f 13065 13066 13098
f 13065 13098 13097
f 13066 13067 13099
f 13066 13099 13098
f 13067 13068 13100
f 13067 13100 13099
f 13068 13037 13069
f 13068 13069 13100
o LeftIris
usemtl detail_3
s 1
v -0.560000 0.780000 -1.900686
v -0.510000 0.780000 -1.921421
v -0.510961 0.793412 -1.921421
v -0.513806 0.806309 -1.916237
v -0.518427 0.818195 -1.911054
v -0.524645 0.828614 -1.900686
v -0.532221 0.837164 -1.895502
v -0.540866 0.843517 -1.890318
v -0.550245 0.847429 -1.885134
v -0.560000 0.848750 -1.879950
v -0.569755 0.847429 -1.874766
v -0.579134 0.843517 -1.869582
v -0.587779 0.837164 -1.864398
v -0.595355 0.828614 -1.864398
v -0.601573 0.818195 -1.864398
v -0.606194 0.806309 -1.864398
v -0.609039 0.793412 -1.869582
v -0.610000 0.780000 -1.869582
v -0.609039 0.766588 -1.874766
v -0.606194 0.753691 -1.879950
v -0.601573 0.741805 -1.885134
v -0.595355 0.731386 -1.890318
v -0.587779 0.722836 -1.895502
v -0.579134 0.716483 -1.900686
v -0.569755 0.712571 -1.905870
v -0.560000 0.711250 -1.911054
v -0.550245 0.712571 -1.916237
v -0.540866 0.716483 -1.921421
v -0.532221 0.722836 -1.926605
v -0.524645 0.731386 -1.926605
v -0.518427 0.741805 -1.926605
v -0.513806 0.753691 -1.926605
v -0.510961 0.766588 -1.926605
v -0.460000 0.780000 -1.942157
v -0.461921 0.806825 -1.936973
v -0.467612 0.832619 -1.926605
v -0.476853 0.856391 -1.916237
v -0.489289 0.877227 -1.900686
v -0.504443 0.894327 -1.890318
v -0.521732 0.907033 -1.874766
v -0.540491 0.914858 -1.864398
v -0.560000 0.917500 -1.848846
v -0.579509 0.914858 -1.838478
v -0.598268 0.907033 -1.833294
v -0.615557 0.894327 -1.828110
v -0.630711 0.877227 -1.822926
v -0.643147 0.856391 -1.822926
v -0.652388 0.832619 -1.828110
v -0.658079 0.806825 -1.833294
v -0.660000 0.780000 -1.838478
v -0.658079 0.753175 -1.848846
v -0.652388 0.727381 -1.854030
v -0.643147 0.703609 -1.864398
v -0.630711 0.682773 -1.874766
v -0.615557 0.665673 -1.890318
v -0.598268 0.652967 -1.900686
v -0.579509 0.645142 -1.911054
v -0.560000 0.642500 -1.921421
v -0.540491 0.645142 -1.931789
v -0.521732 0.652967 -1.936973
v -0.504443 0.665673 -1.942157
v -0.489289 0.682773 -1.947341
v -0.476853 0.703609 -1.952525
v -0.467612 0.727381 -1.952525
v -0.461921 0.753175 -1.947341
v -0.410000 0.780000 -1.962893
v -0.412882 0.820237 -1.952525
v -0.421418 0.858928 -1.936973
v -0.435280 0.894586 -1.921421
v -0.453934 0.925841 -1.900686
v -0.476664 0.951491 -1.879950
v -0.502597 0.970550 -1.854030
v -0.530736 0.982287 -1.833294
v -0.560000 0.986250 -1.817742
v -0.589264 0.982287 -1.802191
v -0.617403 0.970550 -1.786639
v -0.643336 0.951491 -1.781455
v -0.666066 0.925841 -1.776271
v -0.684720 0.894586 -1.781455
v -0.698582 0.858928 -1.786639
v -0.707118 0.820237 -1.791823
v -0.710000 0.780000 -1.802191
v -0.707118 0.739763 -1.817742
v -0.698582 0.701072 -1.828110
v -0.684720 0.665414 -1.843662
v -0.666066 0.634159 -1.859214
v -0.643336 0.608509 -1.874766
v -0.617403 0.589450 -1.895502
v -0.589264 0.577713 -1.916237
v -0.560000 0.573750 -1.936973
v -0.530736 0.577713 -1.952525
v -0.502597 0.589450 -1.968077
v -0.476664 0.608509 -1.973261
v -0.453934 0.634159 -1.973261
v -0.435280 0.665414 -1.973261
v -0.421418 0.701072 -1.973261
v -0.412882 0.739763 -1.968077
v -0.360000 0.780000 -1.978445
v -0.363843 0.833650 -1.962893
v -0.375224 0.885238 -1.942157
v -0.393706 0.932782 -1.921421
v -0.418579 0.974454 -1.890318
v -0.448886 1.008654 -1.859214
v -0.483463 1.034067 -1.828110
v -0.520982 1.049716 -1.797007
v -0.560000 1.055000 -1.771087
v -0.599018 1.049716 -1.750351
v -0.636537 1.034067 -1.734799
v -0.671114 1.008654 -1.724431
v -0.701421 0.974454 -1.719247
v -0.726294 0.932782 -1.724431
v -0.744776 0.885238 -1.734799
v -0.756157 0.833650 -1.745167
v -0.760000 0.780000 -1.760719
v -0.756157 0.726350 -1.781455
v -0.744776 0.674762 -1.797007
v -0.726294 0.627218 -1.817742
v -0.701421 0.585546 -1.838478
v -0.671114 0.551346 -1.859214
v -0.636537 0.525933 -1.895502
v -0.599018 0.510284 -1.936973
v -0.560000 0.505000 -1.983629
v -0.520982 0.510284 -2.014732
v -0.483463 0.525933 -2.030284
v -0.448886 0.551346 -2.025100
v -0.418579 0.585546 -2.014732
v -0.393706 0.627218 -2.004365
v -0.375224 0.674762 -1.993997
v -0.363843 0.726350 -1.988813
f 13101 13103 13102
f 13101 13104 13103
f 13101 13105 13104
f 13101 13106 13105
f 13101 13107 13106
f 13101 13108 13107
f 13101 13109 13108
f 13101 13110 13109
f 13101 13111 13110
f 13101 13112 13111
f 13101 13113 13112
f 13101 13114 13113
f 13101 13115 13114
f 13101 13116 13115
f 13101 13117 13116
f 13101 13118 13117
f 13101 13119 13118
f 13101 13120 13119
f 13101 13121 13120
f 13101 13122 13121
f 13101 13123 13122
f 13101 13124 13123
f 13101 13125 13124
f 13101 13126 13125
f 13101 13127 13126
f 13101 13128 13127
f 13101 13129 13128
f 13101 13130 13129
f 13101 13131 13130
f 13101 13132 13131
f 13101 13133 13132
f 13101 13102 13133
f 13102 13103 13135
f 13102 13135 13134
f 13103 13104 13136
f 13103 13136 13135
f 13104 13105 13137
f 13104 13137 13136
f 13105 13106 13138
f 13105 13138 13137
f 13106 13107 13139
f 13106 13139 13138
f 13107 13108 13140
f 13107 13140 13139
f 13108 13109 13141
f 13108 13141 13140
f 13109 13110 13142
f 13109 13142 13141
f 13110 13111 13143
f 13110 13143 13142
f 13111 13112 13144
f 13111 13144 13143
f 13112 13113 13145
f 13112 13145 13144
f 13113 13114 13146
f 13113 13146 13145
f 13114 13115 13147
f 13114 13147 13146
f 13115 13116 13148
f 13115 13148 13147
f 13116 13117 13149
f 13116 13149 13148
f 13117 13118 13150
f 13117 13150 13149
f 13118 13119 13151
f 13118 13151 13150
f 13119 13120 13152
f 13119 13152 13151
f 13120 13121 13153
f 13120 13153 13152
f 13121 13122 13154
f 13121 13154 13153
f 13122 13123 13155
f 13122 13155 13154
f 13123 13124 13156
f 13123 13156 13155
f 13124 13125 13157
f 13124 13157 13156
f 13125 13126 13158
f 13125 13158 13157
f 13126 13127 13159
f 13126 13159 13158
f 13127 13128 13160
f 13127 13160 13159
f 13128 13129 13161
f 13128 13161 13160
f 13129 13130 13162
f 13129 13162 13161
f 13130 13131 13163
f 13130 13163 13162
f 13131 13132 13164
f 13131 13164 13163
f 13132 13133 13165
f 13132 13165 13164
f 13133 13102 13134
f 13133 13134 13165
f 13134 13135 13167
f 13134 13167 13166
f 13135 13136 13168
f 13135 13168 13167
f 13136 13137 13169
f 13136 13169 13168
f 13137 13138 13170
f 13137 13170 13169
f 13138 13139 13171
f 13138 13171 13170
f 13139 13140 13172
f 13139 13172 13171
f 13140 13141 13173
f 13140 13173 13172
f 13141 13142 13174
f 13141 13174 13173
f 13142 13143 13175
f 13142 13175 13174
f 13143 13144 13176
f 13143 13176 13175
f 13144 13145 13177
f 13144 13177 13176
f 13145 13146 13178
f 13145 13178 13177
f 13146 13147 13179
f 13146 13179 13178
f 13147 13148 13180
f 13147 13180 13179
f 13148 13149 13181
f 13148 13181 13180
f 13149 13150 13182
f 13149 13182 13181
f 13150 13151 13183
f 13150 13183 13182
f 13151 13152 13184
f 13151 13184 13183
f 13152 13153 13185
f 13152 13185 13184
f 13153 13154 13186
f 13153 13186 13185
f 13154 13155 13187
f 13154 13187 13186
f 13155 13156 13188
f 13155 13188 13187
f 13156 13157 13189
f 13156 13189 13188
f 13157 13158 13190
f 13157 13190 13189
f 13158 13159 13191
f 13158 13191 13190
f 13159 13160 13192
f 13159 13192 13191
f 13160 13161 13193
f 13160 13193 13192
f 13161 13162 13194
f 13161 13194 13193
f 13162 13163 13195
f 13162 13195 13194
f 13163 13164 13196
f 13163 13196 13195
f 13164 13165 13197
f 13164 13197 13196
f 13165 13134 13166
f 13165 13166 13197
f 13166 13167 13199
f 13166 13199 13198
f 13167 13168 13200
f 13167 13200 13199
f 13168 13169 13201
f 13168 13201 13200
f 13169 13170 13202
f 13169 13202 13201
f 13170 13171 13203
f 13170 13203 13202
f 13171 13172 13204
f 13171 13204 13203
f 13172 13173 13205
f 13172 13205 13204
f 13173 13174 13206
f 13173 13206 13205
f 13174 13175 13207
f 13174 13207 13206
f 13175 13176 13208
f 13175 13208 13207
f 13176 13177 13209
f 13176 13209 13208
f 13177 13178 13210
f 13177 13210 13209
f 13178 13179 13211
f 13178 13211 13210
f 13179 13180 13212
f 13179 13212 13211
f 13180 13181 13213
f 13180 13213 13212
f 13181 13182 13214
f 13181 13214 13213
f 13182 13183 13215
f 13182 13215 13214
f 13183 13184 13216
f 13183 13216 13215
f 13184 13185 13217
f 13184 13217 13216
f 13185 13186 13218
f 13185 13218 13217
f 13186 13187 13219
f 13186 13219 13218
f 13187 13188 13220
f 13187 13220 13219
f 13188 13189 13221
f 13188 13221 13220
f 13189 13190 13222
f 13189 13222 13221
f 13190 13191 13223
f 13190 13223 13222
f 13191 13192 13224
f 13191 13224 13223
f 13192 13193 13225
f 13192 13225 13224
f 13193 13194 13226
f 13193 13226 13225
f 13194 13195 13227
f 13194 13227 13226
f 13195 13196 13228
f 13195 13228 13227
f 13196 13197 13229
f 13196 13229 13228
f 13197 13166 13198
f 13197 13198 13229
o LeftPupil
usemtl detail_4
s 1
v -0.560000 0.780000 -1.925686
v -0.526250 0.780000 -1.941237
v -0.526898 0.790730 -1.936054
v -0.528819 0.801048 -1.936054
v -0.531938 0.810556 -1.930870
v -0.536135 0.818891 -1.925686
v -0.541250 0.825731 -1.920502
v -0.547084 0.830813 -1.915318
v -0.553416 0.833943 -1.910134
v -0.560000 0.835000 -1.910134
v -0.566584 0.833943 -1.904950
v -0.572916 0.830813 -1.899766
v -0.578750 0.825731 -1.899766
v -0.583865 0.818891 -1.899766
v -0.588062 0.810556 -1.899766
v -0.591181 0.801048 -1.899766
v -0.593102 0.790730 -1.904950
v -0.593750 0.780000 -1.904950
v -0.593102 0.769270 -1.910134
v -0.591181 0.758952 -1.910134
v -0.588062 0.749444 -1.915318
v -0.583865 0.741109 -1.920502
v -0.578750 0.734269 -1.925686
v -0.572916 0.729187 -1.925686
v -0.566584 0.726057 -1.930870
v -0.560000 0.725000 -1.936054
v -0.553416 0.726057 -1.936054
v -0.547084 0.729187 -1.941237
v -0.541250 0.734269 -1.941237
v -0.536135 0.741109 -1.946421
v -0.531938 0.749444 -1.946421
v -0.528819 0.758952 -1.941237
v -0.526898 0.769270 -1.941237
v -0.492500 0.780000 -1.956789
v -0.493797 0.801460 -1.951605
v -0.497638 0.822095 -1.941237
v -0.503876 0.841113 -1.936054
v -0.512270 0.857782 -1.925686
v -0.522499 0.871462 -1.915318
v -0.534169 0.881627 -1.904950
v -0.546831 0.887886 -1.894582
v -0.560000 0.890000 -1.889398
v -0.573169 0.887886 -1.879030
v -0.585831 0.881627 -1.873846
v -0.597501 0.871462 -1.873846
v -0.607730 0.857782 -1.873846
v -0.616124 0.841113 -1.873846
v -0.622362 0.822095 -1.873846
v -0.626203 0.801460 -1.879030
v -0.627500 0.780000 -1.884214
v -0.626203 0.758540 -1.889398
v -0.622362 0.737905 -1.899766
v -0.616124 0.718887 -1.904950
v -0.607730 0.702218 -1.910134
v -0.597501 0.688538 -1.920502
v -0.585831 0.678373 -1.925686
v -0.573169 0.672114 -1.936054
v -0.560000 0.670000 -1.941237
v -0.546831 0.672114 -1.951605
v -0.534169 0.678373 -1.956789
v -0.522499 0.688538 -1.956789
v -0.512270 0.702218 -1.961973
v -0.503876 0.718887 -1.961973
v -0.497638 0.737905 -1.961973
v -0.493797 0.758540 -1.961973
v -0.458750 0.780000 -1.972341
v -0.460695 0.812190 -1.961973
v -0.466457 0.843143 -1.951605
v -0.475814 0.871669 -1.936054
v -0.488405 0.896673 -1.920502
v -0.503749 0.917192 -1.904950
v -0.521253 0.932440 -1.889398
v -0.540247 0.941830 -1.873846
v -0.560000 0.945000 -1.863478
v -0.579753 0.941830 -1.853110
v -0.598747 0.932440 -1.847926
v -0.616251 0.917192 -1.842742
v -0.631595 0.896673 -1.842742
v -0.644186 0.871669 -1.842742
v -0.653543 0.843143 -1.847926
v -0.659305 0.812190 -1.853110
v -0.661250 0.780000 -1.863478
v -0.659305 0.747810 -1.873846
v -0.653543 0.716857 -1.884214
v -0.644186 0.688331 -1.894582
v -0.631595 0.663327 -1.904950
v -0.616251 0.642808 -1.915318
v -0.598747 0.627560 -1.925686
v -0.579753 0.618170 -1.936054
v -0.560000 0.615000 -1.951605
v -0.540247 0.618170 -1.961973
v -0.521253 0.627560 -1.967157
v -0.503749 0.642808 -1.972341
v -0.488405 0.663327 -1.977525
v -0.475814 0.688331 -1.977525
v -0.466457 0.716857 -1.977525
v -0.460695 0.747810 -1.977525
v -0.425000 0.780000 -1.982709
v -0.427594 0.822920 -1.972341
v -0.435276 0.864190 -1.956789
v -0.447752 0.902225 -1.936054
v -0.464541 0.935563 -1.915318
v -0.484998 0.962923 -1.894582
v -0.508338 0.983253 -1.868662
v -0.533663 0.995773 -1.853110
v -0.560000 1.000000 -1.832375
v -0.586337 0.995773 -1.816823
v -0.611662 0.983253 -1.811639
v -0.635002 0.962923 -1.806455
v -0.655459 0.935563 -1.806455
v -0.672248 0.902225 -1.811639
v -0.684724 0.864190 -1.816823
v -0.692406 0.822920 -1.827191
v -0.695000 0.780000 -1.837559
v -0.692406 0.737080 -1.853110
v -0.684724 0.695810 -1.863478
v -0.672248 0.657775 -1.879030
v -0.655459 0.624437 -1.894582
v -0.635002 0.597077 -1.904950
v -0.611662 0.576747 -1.925686
v -0.586337 0.564227 -1.946421
v -0.560000 0.560000 -1.967157
v -0.533663 0.564227 -1.982709
v -0.508338 0.576747 -1.993077
v -0.484998 0.597077 -1.998261
v -0.464541 0.624437 -1.998261
v -0.447752 0.657775 -1.998261
v -0.435276 0.695810 -1.993077
v -0.427594 0.737080 -1.993077
f 13230 13232 13231
f 13230 13233 13232
f 13230 13234 13233
f 13230 13235 13234
f 13230 13236 13235
f 13230 13237 13236
f 13230 13238 13237
f 13230 13239 13238
f 13230 13240 13239
f 13230 13241 13240
f 13230 13242 13241
f 13230 13243 13242
f 13230 13244 13243
f 13230 13245 13244
f 13230 13246 13245
f 13230 13247 13246
f 13230 13248 13247
f 13230 13249 13248
f 13230 13250 13249
f 13230 13251 13250
f 13230 13252 13251
f 13230 13253 13252
f 13230 13254 13253
f 13230 13255 13254
f 13230 13256 13255
f 13230 13257 13256
f 13230 13258 13257
f 13230 13259 13258
f 13230 13260 13259
f 13230 13261 13260
f 13230 13262 13261
f 13230 13231 13262
f 13231 13232 13264
f 13231 13264 13263
f 13232 13233 13265
f 13232 13265 13264
f 13233 13234 13266
f 13233 13266 13265
f 13234 13235 13267
f 13234 13267 13266
f 13235 13236 13268
f 13235 13268 13267
f 13236 13237 13269
f 13236 13269 13268
f 13237 13238 13270
f 13237 13270 13269
f 13238 13239 13271
f 13238 13271 13270
f 13239 13240 13272
f 13239 13272 13271
f 13240 13241 13273
f 13240 13273 13272
f 13241 13242 13274
f 13241 13274 13273
f 13242 13243 13275
f 13242 13275 13274
f 13243 13244 13276
f 13243 13276 13275
f 13244 13245 13277
f 13244 13277 13276
f 13245 13246 13278
f 13245 13278 13277
f 13246 13247 13279
f 13246 13279 13278
f 13247 13248 13280
f 13247 13280 13279
f 13248 13249 13281
f 13248 13281 13280
f 13249 13250 13282
f 13249 13282 13281
f 13250 13251 13283
f 13250 13283 13282
f 13251 13252 13284
f 13251 13284 13283
f 13252 13253 13285
f 13252 13285 13284
f 13253 13254 13286
f 13253 13286 13285
f 13254 13255 13287
f 13254 13287 13286
f 13255 13256 13288
f 13255 13288 13287
f 13256 13257 13289
f 13256 13289 13288
f 13257 13258 13290
f 13257 13290 13289
f 13258 13259 13291
f 13258 13291 13290
f 13259 13260 13292
f 13259 13292 13291
f 13260 13261 13293
f 13260 13293 13292
f 13261 13262 13294
f 13261 13294 13293
f 13262 13231 13263
f 13262 13263 13294
f 13263 13264 13296
f 13263 13296 13295
f 13264 13265 13297
f 13264 13297 13296
f 13265 13266 13298
f 13265 13298 13297
f 13266 13267 13299
f 13266 13299 13298
f 13267 13268 13300
f 13267 13300 13299
f 13268 13269 13301
f 13268 13301 13300
f 13269 13270 13302
f 13269 13302 13301
f 13270 13271 13303
f 13270 13303 13302
f 13271 13272 13304
f 13271 13304 13303
f 13272 13273 13305
f 13272 13305 13304
f 13273 13274 13306
f 13273 13306 13305
f 13274 13275 13307
f 13274 13307 13306
f 13275 13276 13308
f 13275 13308 13307
f 13276 13277 13309
f 13276 13309 13308
f 13277 13278 13310
f 13277 13310 13309
f 13278 13279 13311
f 13278 13311 13310
f 13279 13280 13312
f 13279 13312 13311
f 13280 13281 13313
f 13280 13313 13312
f 13281 13282 13314
f 13281 13314 13313
f 13282 13283 13315
f 13282 13315 13314
f 13283 13284 13316
f 13283 13316 13315
f 13284 13285 13317
f 13284 13317 13316
f 13285 13286 13318
f 13285 13318 13317
f 13286 13287 13319
f 13286 13319 13318
f 13287 13288 13320
f 13287 13320 13319
f 13288 13289 13321
f 13288 13321 13320
f 13289 13290 13322
f 13289 13322 13321
f 13290 13291 13323
f 13290 13323 13322
f 13291 13292 13324
f 13291 13324 13323
f 13292 13293 13325
f 13292 13325 13324
f 13293 13294 13326
f 13293 13326 13325
f 13294 13263 13295
f 13294 13295 13326
f 13295 13296 13328
f 13295 13328 13327
f 13296 13297 13329
f 13296 13329 13328
f 13297 13298 13330
f 13297 13330 13329
f 13298 13299 13331
f 13298 13331 13330
f 13299 13300 13332
f 13299 13332 13331
f 13300 13301 13333
f 13300 13333 13332
f 13301 13302 13334
f 13301 13334 13333
f 13302 13303 13335
f 13302 13335 13334
f 13303 13304 13336
f 13303 13336 13335
f 13304 13305 13337
f 13304 13337 13336
f 13305 13306 13338
f 13305 13338 13337
f 13306 13307 13339
f 13306 13339 13338
f 13307 13308 13340
f 13307 13340 13339
f 13308 13309 13341
f 13308 13341 13340
f 13309 13310 13342
f 13309 13342 13341
f 13310 13311 13343
f 13310 13343 13342
f 13311 13312 13344
f 13311 13344 13343
f 13312 13313 13345
f 13312 13345 13344
f 13313 13314 13346
f 13313 13346 13345
f 13314 13315 13347
f 13314 13347 13346
f 13315 13316 13348
f 13315 13348 13347
f 13316 13317 13349
f 13316 13349 13348
f 13317 13318 13350
f 13317 13350 13349
f 13318 13319 13351
f 13318 13351 13350
f 13319 13320 13352
f 13319 13352 13351
f 13320 13321 13353
f 13320 13353 13352
f 13321 13322 13354
f 13321 13354 13353
f 13322 13323 13355
f 13322 13355 13354
f 13323 13324 13356
f 13323 13356 13355
f 13324 13325 13357
f 13324 13357 13356
f 13325 13326 13358
f 13325 13358 13357
f 13326 13295 13327
f 13326 13327 13358
o LeftShine
usemtl detail_5
s 1
v -0.495000 0.920000 -1.950686
v -0.482500 0.920000 -1.955870
v -0.482740 0.923170 -1.950686
v -0.483452 0.926219 -1.950686
v -0.484607 0.929028 -1.950686
v -0.486161 0.931490 -1.945502
v -0.488055 0.933511 -1.945502
v -0.490216 0.935013 -1.945502
v -0.492561 0.935938 -1.945502
v -0.495000 0.936250 -1.940318
v -0.497439 0.935938 -1.940318
v -0.499784 0.935013 -1.940318
v -0.501945 0.933511 -1.940318
v -0.503839 0.931490 -1.940318
v -0.505393 0.929028 -1.940318
v -0.506548 0.926219 -1.940318
v -0.507260 0.923170 -1.940318
v -0.507500 0.920000 -1.940318
v -0.507260 0.916830 -1.945502
v -0.506548 0.913781 -1.945502
v -0.505393 0.910972 -1.945502
v -0.503839 0.908510 -1.950686
v -0.501945 0.906489 -1.950686
v -0.499784 0.904987 -1.950686
v -0.497439 0.904062 -1.955870
v -0.495000 0.903750 -1.955870
v -0.492561 0.904062 -1.955870
v -0.490216 0.904987 -1.955870
v -0.488055 0.906489 -1.955870
v -0.486161 0.908510 -1.955870
v -0.484607 0.910972 -1.955870
v -0.483452 0.913781 -1.955870
v -0.482740 0.916830 -1.955870
v -0.470000 0.920000 -1.961054
v -0.470480 0.926340 -1.955870
v -0.471903 0.932437 -1.955870
v -0.474213 0.938056 -1.950686
v -0.477322 0.942981 -1.945502
v -0.481111 0.947023 -1.945502
v -0.485433 0.950026 -1.940318
v -0.490123 0.951876 -1.935134
v -0.495000 0.952500 -1.935134
v -0.499877 0.951876 -1.929950
v -0.504567 0.950026 -1.929950
v -0.508889 0.947023 -1.929950
v -0.512678 0.942981 -1.929950
v -0.515787 0.938056 -1.929950
v -0.518097 0.932437 -1.929950
v -0.519520 0.926340 -1.935134
v -0.520000 0.920000 -1.935134
v -0.519520 0.913660 -1.940318
v -0.518097 0.907563 -1.940318
v -0.515787 0.901944 -1.945502
v -0.512678 0.897019 -1.950686
v -0.508889 0.892977 -1.955870
v -0.504567 0.889974 -1.955870
v -0.499877 0.888124 -1.961054
v -0.495000 0.887500 -1.961054
v -0.490123 0.888124 -1.966237
v -0.485433 0.889974 -1.966237
v -0.481111 0.892977 -1.966237
v -0.477322 0.897019 -1.966237
v -0.474213 0.901944 -1.966237
v -0.471903 0.907563 -1.966237
v -0.470480 0.913660 -1.961054
v -0.457500 0.920000 -1.966237
v -0.458221 0.929511 -1.961054
v -0.460355 0.938656 -1.955870
v -0.463820 0.947084 -1.950686
v -0.468483 0.954471 -1.945502
v -0.474166 0.960534 -1.940318
v -0.480649 0.965039 -1.935134
v -0.487684 0.967813 -1.929950
v -0.495000 0.968750 -1.924766
v -0.502316 0.967813 -1.924766
v -0.509351 0.965039 -1.919582
v -0.515834 0.960534 -1.919582
v -0.521517 0.954471 -1.919582
v -0.526180 0.947084 -1.919582
v -0.529645 0.938656 -1.924766
v -0.531779 0.929511 -1.924766
v -0.532500 0.920000 -1.929950
v -0.531779 0.910489 -1.935134
v -0.529645 0.901344 -1.940318
v -0.526180 0.892916 -1.945502
v -0.521517 0.885529 -1.950686
v -0.515834 0.879466 -1.955870
v -0.509351 0.874961 -1.961054
v -0.502316 0.872187 -1.966237
v -0.495000 0.871250 -1.966237
v -0.487684 0.872187 -1.971421
v -0.480649 0.874961 -1.971421
v -0.474166 0.879466 -1.976605
v -0.468483 0.885529 -1.976605
v -0.463820 0.892916 -1.971421
v -0.460355 0.901344 -1.971421
v -0.458221 0.910489 -1.971421
v -0.445000 0.920000 -1.971421
v -0.445961 0.932681 -1.966237
v -0.448806 0.944874 -1.955870
v -0.453427 0.956112 -1.950686
v -0.459645 0.965962 -1.945502
v -0.467221 0.974046 -1.935134
v -0.475866 0.980052 -1.929950
v -0.485245 0.983751 -1.924766
v -0.495000 0.985000 -1.919582
v -0.504755 0.983751 -1.914398
v -0.514134 0.980052 -1.909214
v -0.522779 0.974046 -1.909214
v -0.530355 0.965962 -1.909214
v -0.536573 0.956112 -1.909214
v -0.541194 0.944874 -1.914398
v -0.544039 0.932681 -1.919582
v -0.545000 0.920000 -1.924766
v -0.544039 0.907319 -1.929950
v -0.541194 0.895126 -1.935134
v -0.536573 0.883888 -1.945502
v -0.530355 0.874038 -1.950686
v -0.522779 0.865954 -1.955870
v -0.514134 0.859948 -1.961054
v -0.504755 0.856249 -1.966237
v -0.495000 0.855000 -1.971421
v -0.485245 0.856249 -1.976605
v -0.475866 0.859948 -1.981789
v -0.467221 0.865954 -1.981789
v -0.459645 0.874038 -1.981789
v -0.453427 0.883888 -1.981789
v -0.448806 0.895126 -1.981789
v -0.445961 0.907319 -1.976605
f 13359 13361 13360
f 13359 13362 13361
f 13359 13363 13362
f 13359 13364 13363
f 13359 13365 13364
f 13359 13366 13365
f 13359 13367 13366
f 13359 13368 13367
f 13359 13369 13368
f 13359 13370 13369
f 13359 13371 13370
f 13359 13372 13371
f 13359 13373 13372
f 13359 13374 13373
f 13359 13375 13374
f 13359 13376 13375
f 13359 13377 13376
f 13359 13378 13377
f 13359 13379 13378
f 13359 13380 13379
f 13359 13381 13380
f 13359 13382 13381
f 13359 13383 13382
f 13359 13384 13383
f 13359 13385 13384
f 13359 13386 13385
f 13359 13387 13386
f 13359 13388 13387
f 13359 13389 13388
f 13359 13390 13389
f 13359 13391 13390
f 13359 13360 13391
f 13360 13361 13393
f 13360 13393 13392
f 13361 13362 13394
f 13361 13394 13393
f 13362 13363 13395
f 13362 13395 13394
f 13363 13364 13396
f 13363 13396 13395
f 13364 13365 13397
f 13364 13397 13396
f 13365 13366 13398
f 13365 13398 13397
f 13366 13367 13399
f 13366 13399 13398
f 13367 13368 13400
f 13367 13400 13399
f 13368 13369 13401
f 13368 13401 13400
f 13369 13370 13402
f 13369 13402 13401
f 13370 13371 13403
f 13370 13403 13402
f 13371 13372 13404
f 13371 13404 13403
f 13372 13373 13405
f 13372 13405 13404
f 13373 13374 13406
f 13373 13406 13405
f 13374 13375 13407
f 13374 13407 13406
f 13375 13376 13408
f 13375 13408 13407
f 13376 13377 13409
f 13376 13409 13408
f 13377 13378 13410
f 13377 13410 13409
f 13378 13379 13411
f 13378 13411 13410
f 13379 13380 13412
f 13379 13412 13411
f 13380 13381 13413
f 13380 13413 13412
f 13381 13382 13414
f 13381 13414 13413
f 13382 13383 13415
f 13382 13415 13414
f 13383 13384 13416
f 13383 13416 13415
f 13384 13385 13417
f 13384 13417 13416
f 13385 13386 13418
f 13385 13418 13417
f 13386 13387 13419
f 13386 13419 13418
f 13387 13388 13420
f 13387 13420 13419
f 13388 13389 13421
f 13388 13421 13420
f 13389 13390 13422
f 13389 13422 13421
f 13390 13391 13423
f 13390 13423 13422
f 13391 13360 13392
f 13391 13392 13423
f 13392 13393 13425
f 13392 13425 13424
f 13393 13394 13426
f 13393 13426 13425
f 13394 13395 13427
f 13394 13427 13426
f 13395 13396 13428
f 13395 13428 13427
f 13396 13397 13429
f 13396 13429 13428
f 13397 13398 13430
f 13397 13430 13429
f 13398 13399 13431
f 13398 13431 13430
f 13399 13400 13432
f 13399 13432 13431
f 13400 13401 13433
f 13400 13433 13432
f 13401 13402 13434
f 13401 13434 13433
f 13402 13403 13435
f 13402 13435 13434
f 13403 13404 13436
f 13403 13436 13435
f 13404 13405 13437
f 13404 13437 13436
f 13405 13406 13438
f 13405 13438 13437
f 13406 13407 13439
f 13406 13439 13438
f 13407 13408 13440
f 13407 13440 13439
f 13408 13409 13441
f 13408 13441 13440
f 13409 13410 13442
f 13409 13442 13441
f 13410 13411 13443
f 13410 13443 13442
f 13411 13412 13444
f 13411 13444 13443
f 13412 13413 13445
f 13412 13445 13444
f 13413 13414 13446
f 13413 13446 13445
f 13414 13415 13447
f 13414 13447 13446
f 13415 13416 13448
f 13415 13448 13447
f 13416 13417 13449
f 13416 13449 13448
f 13417 13418 13450
f 13417 13450 13449
f 13418 13419 13451
f 13418 13451 13450
f 13419 13420 13452
f 13419 13452 13451
f 13420 13421 13453
f 13420 13453 13452
f 13421 13422 13454
f 13421 13454 13453
f 13422 13423 13455
f 13422 13455 13454
f 13423 13392 13424
f 13423 13424 13455
f 13424 13425 13457
f 13424 13457 13456
f 13425 13426 13458
f 13425 13458 13457
f 13426 13427 13459
f 13426 13459 13458
f 13427 13428 13460
f 13427 13460 13459
f 13428 13429 13461
f 13428 13461 13460
f 13429 13430 13462
f 13429 13462 13461
f 13430 13431 13463
f 13430 13463 13462
f 13431 13432 13464
f 13431 13464 13463
f 13432 13433 13465
f 13432 13465 13464
f 13433 13434 13466
f 13433 13466 13465
f 13434 13435 13467
f 13434 13467 13466
f 13435 13436 13468
f 13435 13468 13467
f 13436 13437 13469
f 13436 13469 13468
f 13437 13438 13470
f 13437 13470 13469
f 13438 13439 13471
f 13438 13471 13470
f 13439 13440 13472
f 13439 13472 13471
f 13440 13441 13473
f 13440 13473 13472
f 13441 13442 13474
f 13441 13474 13473
f 13442 13443 13475
f 13442 13475 13474
f 13443 13444 13476
f 13443 13476 13475
f 13444 13445 13477
f 13444 13477 13476
f 13445 13446 13478
f 13445 13478 13477
f 13446 13447 13479
f 13446 13479 13478
f 13447 13448 13480
f 13447 13480 13479
f 13448 13449 13481
f 13448 13481 13480
f 13449 13450 13482
f 13449 13482 13481
f 13450 13451 13483
f 13450 13483 13482
f 13451 13452 13484
f 13451 13484 13483
f 13452 13453 13485
f 13452 13485 13484
f 13453 13454 13486
f 13453 13486 13485
f 13454 13455 13487
f 13454 13487 13486
f 13455 13424 13456
f 13455 13456 13487
o RightEyeRim
usemtl detail_6
s 1
v 0.560000 0.780000 -1.850686
v 0.625000 0.780000 -1.809214
v 0.623751 0.795607 -1.809214
v 0.620052 0.810615 -1.804030
v 0.614046 0.824446 -1.804030
v 0.605962 0.836569 -1.804030
v 0.596112 0.846518 -1.809214
v 0.584874 0.853910 -1.814398
v 0.572681 0.858463 -1.819582
v 0.560000 0.860000 -1.824766
v 0.547319 0.858463 -1.829950
v 0.535126 0.853910 -1.840318
v 0.523888 0.846518 -1.845502
v 0.514038 0.836569 -1.855870
v 0.505954 0.824446 -1.861054
v 0.499948 0.810615 -1.871421
v 0.496249 0.795607 -1.876605
v 0.495000 0.780000 -1.881789
v 0.496249 0.764393 -1.881789
v 0.499948 0.749385 -1.881789
v 0.505954 0.735554 -1.881789
v 0.514038 0.723431 -1.881789
v 0.523888 0.713482 -1.881789
v 0.535126 0.706090 -1.876605
v 0.547319 0.701537 -1.871421
v 0.560000 0.700000 -1.866237
v 0.572681 0.701537 -1.855870
v 0.584874 0.706090 -1.850686
v 0.596112 0.713482 -1.840318
v 0.605962 0.723431 -1.835134
v 0.614046 0.735554 -1.829950
v 0.620052 0.749385 -1.819582
v 0.623751 0.764393 -1.814398
v 0.690000 0.780000 -1.767742
v 0.687502 0.811214 -1.762559
v 0.680104 0.841229 -1.757375
v 0.668091 0.868891 -1.752191
v 0.651924 0.893137 -1.752191
v 0.632224 0.913035 -1.757375
v 0.609749 0.927821 -1.767742
v 0.585362 0.936926 -1.778110
v 0.560000 0.940000 -1.788478
v 0.534638 0.936926 -1.804030
v 0.510251 0.927821 -1.824766
v 0.487776 0.913035 -1.840318
v 0.468076 0.893137 -1.855870
v 0.451909 0.868891 -1.871421
v 0.439896 0.841229 -1.886973
v 0.432498 0.811214 -1.897341
v 0.430000 0.780000 -1.907709
v 0.432498 0.748786 -1.912893
v 0.439896 0.718771 -1.912893
v 0.451909 0.691109 -1.912893
v 0.468076 0.666863 -1.912893
v 0.487776 0.646965 -1.907709
v 0.510251 0.632179 -1.897341
v 0.534638 0.623074 -1.886973
v 0.560000 0.620000 -1.871421
v 0.585362 0.623074 -1.861054
v 0.609749 0.632179 -1.845502
v 0.632224 0.646965 -1.829950
v 0.651924 0.666863 -1.814398
v 0.668091 0.691109 -1.804030
v 0.680104 0.718771 -1.788478
v 0.687502 0.748786 -1.778110
v 0.755000 0.780000 -1.715903
v 0.751253 0.826822 -1.705535
v 0.740157 0.871844 -1.695167
v 0.722137 0.913337 -1.689983
v 0.697886 0.949706 -1.689983
v 0.668336 0.979553 -1.695167
v 0.634623 1.001731 -1.705535
v 0.598043 1.015388 -1.726271
v 0.560000 1.020000 -1.747007
v 0.521957 1.015388 -1.772926
v 0.485377 1.001731 -1.798846
v 0.451664 0.979553 -1.824766
v 0.422114 0.949706 -1.850686
v 0.397863 0.913337 -1.876605
v 0.379843 0.871844 -1.897341
v 0.368747 0.826822 -1.912893
v 0.365000 0.780000 -1.928445
v 0.368747 0.733178 -1.933629
v 0.379843 0.688156 -1.938813
v 0.397863 0.646663 -1.943997
v 0.422114 0.610294 -1.949181
v 0.451664 0.580447 -1.949181
v 0.485377 0.558269 -1.949181
v 0.521957 0.544612 -1.928445
v 0.560000 0.540000 -1.902525
v 0.598043 0.544612 -1.871421
v 0.634623 0.558269 -1.840318
v 0.668336 0.580447 -1.809214
v 0.697886 0.610294 -1.788478
v 0.722137 0.646663 -1.767742
v 0.740157 0.688156 -1.752191
v 0.751253 0.733178 -1.731455
v 0.820000 0.780000 -1.653696
v 0.815004 0.842429 -1.632960
v 0.800209 0.902459 -1.617408
v 0.776182 0.957782 -1.612224
v 0.743848 1.006274 -1.607040
v 0.704448 1.046070 -1.612224
v 0.659498 1.075641 -1.632960
v 0.610723 1.093851 -1.653696
v 0.560000 1.100000 -1.684799
v 0.509277 1.093851 -1.726271
v 0.460502 1.075641 -1.762559
v 0.415552 1.046070 -1.804030
v 0.376152 1.006274 -1.840318
v 0.343818 0.957782 -1.876605
v 0.319791 0.902459 -1.902525
v 0.304996 0.842429 -1.928445
v 0.300000 0.780000 -1.943997
v 0.304996 0.717571 -1.954365
v 0.319791 0.657541 -1.964732
v 0.343818 0.602218 -1.990652
v 0.376152 0.553726 -2.016572
v 0.415552 0.513930 -2.042492
v 0.460502 0.484359 -2.042492
v 0.509277 0.466149 -2.026940
v 0.560000 0.460000 -1.985468
v 0.610723 0.466149 -1.912893
v 0.659498 0.484359 -1.840318
v 0.704448 0.513930 -1.788478
v 0.743848 0.553726 -1.752191
v 0.776182 0.602218 -1.726271
v 0.800209 0.657541 -1.700351
v 0.815004 0.717571 -1.679615
f 13488 13490 13489
f 13488 13491 13490
f 13488 13492 13491
f 13488 13493 13492
f 13488 13494 13493
f 13488 13495 13494
f 13488 13496 13495
f 13488 13497 13496
f 13488 13498 13497
f 13488 13499 13498
f 13488 13500 13499
f 13488 13501 13500
f 13488 13502 13501
f 13488 13503 13502
f 13488 13504 13503
f 13488 13505 13504
f 13488 13506 13505
f 13488 13507 13506
f 13488 13508 13507
f 13488 13509 13508
f 13488 13510 13509
f 13488 13511 13510
f 13488 13512 13511
f 13488 13513 13512
f 13488 13514 13513
f 13488 13515 13514
f 13488 13516 13515
f 13488 13517 13516
f 13488 13518 13517
f 13488 13519 13518
f 13488 13520 13519
f 13488 13489 13520
f 13489 13490 13522
f 13489 13522 13521
f 13490 13491 13523
f 13490 13523 13522
f 13491 13492 13524
f 13491 13524 13523
f 13492 13493 13525
f 13492 13525 13524
f 13493 13494 13526
f 13493 13526 13525
f 13494 13495 13527
f 13494 13527 13526
f 13495 13496 13528
f 13495 13528 13527
f 13496 13497 13529
f 13496 13529 13528
f 13497 13498 13530
f 13497 13530 13529
f 13498 13499 13531
f 13498 13531 13530
f 13499 13500 13532
f 13499 13532 13531
f 13500 13501 13533
f 13500 13533 13532
f 13501 13502 13534
f 13501 13534 13533
f 13502 13503 13535
f 13502 13535 13534
f 13503 13504 13536
f 13503 13536 13535
f 13504 13505 13537
f 13504 13537 13536
f 13505 13506 13538
f 13505 13538 13537
f 13506 13507 13539
f 13506 13539 13538
f 13507 13508 13540
f 13507 13540 13539
f 13508 13509 13541
f 13508 13541 13540
f 13509 13510 13542
f 13509 13542 13541
f 13510 13511 13543
f 13510 13543 13542
f 13511 13512 13544
f 13511 13544 13543
f 13512 13513 13545
f 13512 13545 13544
f 13513 13514 13546
f 13513 13546 13545
f 13514 13515 13547
f 13514 13547 13546
f 13515 13516 13548
f 13515 13548 13547
f 13516 13517 13549
f 13516 13549 13548
f 13517 13518 13550
f 13517 13550 13549
f 13518 13519 13551
f 13518 13551 13550
f 13519 13520 13552
f 13519 13552 13551
f 13520 13489 13521
f 13520 13521 13552
f 13521 13522 13554
f 13521 13554 13553
f 13522 13523 13555
f 13522 13555 13554
f 13523 13524 13556
f 13523 13556 13555
f 13524 13525 13557
f 13524 13557 13556
f 13525 13526 13558
f 13525 13558 13557
f 13526 13527 13559
f 13526 13559 13558
f 13527 13528 13560
f 13527 13560 13559
f 13528 13529 13561
f 13528 13561 13560
f 13529 13530 13562
f 13529 13562 13561
f 13530 13531 13563
f 13530 13563 13562
f 13531 13532 13564
f 13531 13564 13563
f 13532 13533 13565
f 13532 13565 13564
f 13533 13534 13566
f 13533 13566 13565
f 13534 13535 13567
f 13534 13567 13566
f 13535 13536 13568
f 13535 13568 13567
f 13536 13537 13569
f 13536 13569 13568
f 13537 13538 13570
f 13537 13570 13569
f 13538 13539 13571
f 13538 13571 13570
f 13539 13540 13572
f 13539 13572 13571
f 13540 13541 13573
f 13540 13573 13572
f 13541 13542 13574
f 13541 13574 13573
f 13542 13543 13575
f 13542 13575 13574
f 13543 13544 13576
f 13543 13576 13575
f 13544 13545 13577
f 13544 13577 13576
f 13545 13546 13578
f 13545 13578 13577
f 13546 13547 13579
f 13546 13579 13578
f 13547 13548 13580
f 13547 13580 13579
f 13548 13549 13581
f 13548 13581 13580
f 13549 13550 13582
f 13549 13582 13581
f 13550 13551 13583
f 13550 13583 13582
f 13551 13552 13584
f 13551 13584 13583
f 13552 13521 13553
f 13552 13553 13584
f 13553 13554 13586
f 13553 13586 13585
f 13554 13555 13587
f 13554 13587 13586
f 13555 13556 13588
f 13555 13588 13587
f 13556 13557 13589
f 13556 13589 13588
f 13557 13558 13590
f 13557 13590 13589
f 13558 13559 13591
f 13558 13591 13590
f 13559 13560 13592
f 13559 13592 13591
f 13560 13561 13593
f 13560 13593 13592
f 13561 13562 13594
f 13561 13594 13593
f 13562 13563 13595
f 13562 13595 13594
f 13563 13564 13596
f 13563 13596 13595
f 13564 13565 13597
f 13564 13597 13596
f 13565 13566 13598
f 13565 13598 13597
f 13566 13567 13599
f 13566 13599 13598
f 13567 13568 13600
f 13567 13600 13599
f 13568 13569 13601
f 13568 13601 13600
f 13569 13570 13602
f 13569 13602 13601
f 13570 13571 13603
f 13570 13603 13602
f 13571 13572 13604
f 13571 13604 13603
f 13572 13573 13605
f 13572 13605 13604
f 13573 13574 13606
f 13573 13606 13605
f 13574 13575 13607
f 13574 13607 13606
f 13575 13576 13608
f 13575 13608 13607
f 13576 13577 13609
f 13576 13609 13608
f 13577 13578 13610
f 13577 13610 13609
f 13578 13579 13611
f 13578 13611 13610
f 13579 13580 13612
f 13579 13612 13611
f 13580 13581 13613
f 13580 13613 13612
f 13581 13582 13614
f 13581 13614 13613
f 13582 13583 13615
f 13582 13615 13614
f 13583 13584 13616
f 13583 13616 13615
f 13584 13553 13585
f 13584 13585 13616
o RightEyeWhite
usemtl detail_7
s 1
v 0.560000 0.780000 -1.875686
v 0.620000 0.780000 -1.839398
v 0.618847 0.794388 -1.834214
v 0.615433 0.808223 -1.834214
v 0.609888 0.820973 -1.834214
v 0.602426 0.832149 -1.834214
v 0.593334 0.841321 -1.839398
v 0.582961 0.848136 -1.839398
v 0.571705 0.852333 -1.844582
v 0.560000 0.853750 -1.849766
v 0.548295 0.852333 -1.860134
v 0.537039 0.848136 -1.865318
v 0.526666 0.841321 -1.870502
v 0.517574 0.832149 -1.880870
v 0.510112 0.820973 -1.886054
v 0.504567 0.808223 -1.891237
v 0.501153 0.794388 -1.896421
v 0.500000 0.780000 -1.901605
v 0.501153 0.765612 -1.906789
v 0.504567 0.751777 -1.906789
v 0.510112 0.739027 -1.906789
v 0.517574 0.727851 -1.906789
v 0.526666 0.718679 -1.901605
v 0.537039 0.711864 -1.896421
v 0.548295 0.707667 -1.891237
v 0.560000 0.706250 -1.886054
v 0.571705 0.707667 -1.880870
v 0.582961 0.711864 -1.875686
v 0.593334 0.718679 -1.870502
v 0.602426 0.727851 -1.860134
v 0.609888 0.739027 -1.854950
v 0.615433 0.751777 -1.849766
v 0.618847 0.765612 -1.844582
v 0.680000 0.780000 -1.797926
v 0.677694 0.808776 -1.792742
v 0.670866 0.836446 -1.787559
v 0.659776 0.861947 -1.787559
v 0.644853 0.884298 -1.787559
v 0.626668 0.902642 -1.792742
v 0.605922 0.916272 -1.797926
v 0.583411 0.924666 -1.808294
v 0.560000 0.927500 -1.823846
v 0.536589 0.924666 -1.834214
v 0.514078 0.916272 -1.849766
v 0.493332 0.902642 -1.865318
v 0.475147 0.884298 -1.880870
v 0.460224 0.861947 -1.896421
v 0.449134 0.836446 -1.906789
v 0.442306 0.808776 -1.917157
v 0.440000 0.780000 -1.927525
v 0.442306 0.751224 -1.932709
v 0.449134 0.723554 -1.932709
v 0.460224 0.698053 -1.932709
v 0.475147 0.675702 -1.932709
v 0.493332 0.657358 -1.927525
v 0.514078 0.643728 -1.917157
v 0.536589 0.635334 -1.906789
v 0.560000 0.632500 -1.896421
v 0.583411 0.635334 -1.886054
v 0.605922 0.643728 -1.870502
v 0.626668 0.657358 -1.854950
v 0.644853 0.675702 -1.844582
v 0.659776 0.698053 -1.829030
v 0.670866 0.723554 -1.818662
v 0.677694 0.751224 -1.808294
v 0.740000 0.780000 -1.756455
v 0.736541 0.823164 -1.740903
v 0.726298 0.864669 -1.735719
v 0.709665 0.902920 -1.730535
v 0.687279 0.936447 -1.730535
v 0.660003 0.963963 -1.735719
v 0.628883 0.984408 -1.746087
v 0.595116 0.996999 -1.761639
v 0.560000 1.001250 -1.782375
v 0.524884 0.996999 -1.803110
v 0.491117 0.984408 -1.829030
v 0.459997 0.963963 -1.854950
v 0.432721 0.936447 -1.875686
v 0.410335 0.902920 -1.901605
v 0.393702 0.864669 -1.922341
v 0.383459 0.823164 -1.937893
v 0.380000 0.780000 -1.948261
v 0.383459 0.736836 -1.953445
v 0.393702 0.695331 -1.958629
v 0.410335 0.657080 -1.958629
v 0.432721 0.623553 -1.963813
v 0.459997 0.596037 -1.963813
v 0.491117 0.575592 -1.958629
v 0.524884 0.563001 -1.943077
v 0.560000 0.558750 -1.917157
v 0.595116 0.563001 -1.891237
v 0.628883 0.575592 -1.865318
v 0.660003 0.596037 -1.839398
v 0.687279 0.623553 -1.818662
v 0.709665 0.657080 -1.803110
v 0.726298 0.695331 -1.782375
v 0.736541 0.736836 -1.766823
v 0.800000 0.780000 -1.699431
v 0.795388 0.837552 -1.683880
v 0.781731 0.892892 -1.668328
v 0.759553 0.943893 -1.663144
v 0.729706 0.988597 -1.663144
v 0.693337 1.025284 -1.668328
v 0.651844 1.052544 -1.683880
v 0.606822 1.069332 -1.704615
v 0.560000 1.075000 -1.730535
v 0.513178 1.069332 -1.766823
v 0.468156 1.052544 -1.797926
v 0.426663 1.025284 -1.834214
v 0.390294 0.988597 -1.870502
v 0.360447 0.943893 -1.901605
v 0.338269 0.892892 -1.927525
v 0.324612 0.837552 -1.948261
v 0.320000 0.780000 -1.963813
v 0.324612 0.722448 -1.974181
v 0.338269 0.667108 -1.984548
v 0.360447 0.616107 -2.000100
v 0.390294 0.571403 -2.015652
v 0.426663 0.534716 -2.031204
v 0.468156 0.507456 -2.036388
v 0.513178 0.490668 -2.020836
v 0.560000 0.485000 -1.979365
v 0.606822 0.490668 -1.922341
v 0.651844 0.507456 -1.865318
v 0.693337 0.534716 -1.818662
v 0.729706 0.571403 -1.792742
v 0.759553 0.616107 -1.766823
v 0.781731 0.667108 -1.740903
v 0.795388 0.722448 -1.720167
f 13617 13619 13618
f 13617 13620 13619
f 13617 13621 13620
f 13617 13622 13621
f 13617 13623 13622
f 13617 13624 13623
f 13617 13625 13624
f 13617 13626 13625
f 13617 13627 13626
f 13617 13628 13627
f 13617 13629 13628
f 13617 13630 13629
f 13617 13631 13630
f 13617 13632 13631
f 13617 13633 13632
f 13617 13634 13633
f 13617 13635 13634
f 13617 13636 13635
f 13617 13637 13636
f 13617 13638 13637
f 13617 13639 13638
f 13617 13640 13639
f 13617 13641 13640
f 13617 13642 13641
f 13617 13643 13642
f 13617 13644 13643
f 13617 13645 13644
f 13617 13646 13645
f 13617 13647 13646
f 13617 13648 13647
f 13617 13649 13648
f 13617 13618 13649
f 13618 13619 13651
f 13618 13651 13650
f 13619 13620 13652
f 13619 13652 13651
f 13620 13621 13653
f 13620 13653 13652
f 13621 13622 13654
f 13621 13654 13653
f 13622 13623 13655
f 13622 13655 13654
f 13623 13624 13656
f 13623 13656 13655
f 13624 13625 13657
f 13624 13657 13656
f 13625 13626 13658
f 13625 13658 13657
f 13626 13627 13659
f 13626 13659 13658
f 13627 13628 13660
f 13627 13660 13659
f 13628 13629 13661
f 13628 13661 13660
f 13629 13630 13662
f 13629 13662 13661
f 13630 13631 13663
f 13630 13663 13662
f 13631 13632 13664
f 13631 13664 13663
f 13632 13633 13665
f 13632 13665 13664
f 13633 13634 13666
f 13633 13666 13665
f 13634 13635 13667
f 13634 13667 13666
f 13635 13636 13668
f 13635 13668 13667
f 13636 13637 13669
f 13636 13669 13668
f 13637 13638 13670
f 13637 13670 13669
f 13638 13639 13671
f 13638 13671 13670
f 13639 13640 13672
f 13639 13672 13671
f 13640 13641 13673
f 13640 13673 13672
f 13641 13642 13674
f 13641 13674 13673
f 13642 13643 13675
f 13642 13675 13674
f 13643 13644 13676
f 13643 13676 13675
f 13644 13645 13677
f 13644 13677 13676
f 13645 13646 13678
f 13645 13678 13677
f 13646 13647 13679
f 13646 13679 13678
f 13647 13648 13680
f 13647 13680 13679
f 13648 13649 13681
f 13648 13681 13680
f 13649 13618 13650
f 13649 13650 13681
f 13650 13651 13683
f 13650 13683 13682
f 13651 13652 13684
f 13651 13684 13683
f 13652 13653 13685
f 13652 13685 13684
f 13653 13654 13686
f 13653 13686 13685
f 13654 13655 13687
f 13654 13687 13686
f 13655 13656 13688
f 13655 13688 13687
f 13656 13657 13689
f 13656 13689 13688
f 13657 13658 13690
f 13657 13690 13689
f 13658 13659 13691
f 13658 13691 13690
f 13659 13660 13692
f 13659 13692 13691
f 13660 13661 13693
f 13660 13693 13692
f 13661 13662 13694
f 13661 13694 13693
f 13662 13663 13695
f 13662 13695 13694
f 13663 13664 13696
f 13663 13696 13695
f 13664 13665 13697
f 13664 13697 13696
f 13665 13666 13698
f 13665 13698 13697
f 13666 13667 13699
f 13666 13699 13698
f 13667 13668 13700
f 13667 13700 13699
f 13668 13669 13701
f 13668 13701 13700
f 13669 13670 13702
f 13669 13702 13701
f 13670 13671 13703
f 13670 13703 13702
f 13671 13672 13704
f 13671 13704 13703
f 13672 13673 13705
f 13672 13705 13704
f 13673 13674 13706
f 13673 13706 13705
f 13674 13675 13707
f 13674 13707 13706
f 13675 13676 13708
f 13675 13708 13707
f 13676 13677 13709
f 13676 13709 13708
f 13677 13678 13710
f 13677 13710 13709
f 13678 13679 13711
f 13678 13711 13710
f 13679 13680 13712
f 13679 13712 13711
f 13680 13681 13713
f 13680 13713 13712
f 13681 13650 13682
f 13681 13682 13713
f 13682 13683 13715
f 13682 13715 13714
f 13683 13684 13716
f 13683 13716 13715
f 13684 13685 13717
f 13684 13717 13716
f 13685 13686 13718
f 13685 13718 13717
f 13686 13687 13719
f 13686 13719 13718
f 13687 13688 13720
f 13687 13720 13719
f 13688 13689 13721
f 13688 13721 13720
f 13689 13690 13722
f 13689 13722 13721
f 13690 13691 13723
f 13690 13723 13722
f 13691 13692 13724
f 13691 13724 13723
f 13692 13693 13725
f 13692 13725 13724
f 13693 13694 13726
f 13693 13726 13725
f 13694 13695 13727
f 13694 13727 13726
f 13695 13696 13728
f 13695 13728 13727
f 13696 13697 13729
f 13696 13729 13728
f 13697 13698 13730
f 13697 13730 13729
f 13698 13699 13731
f 13698 13731 13730
f 13699 13700 13732
f 13699 13732 13731
f 13700 13701 13733
f 13700 13733 13732
f 13701 13702 13734
f 13701 13734 13733
f 13702 13703 13735
f 13702 13735 13734
f 13703 13704 13736
f 13703 13736 13735
f 13704 13705 13737
f 13704 13737 13736
f 13705 13706 13738
f 13705 13738 13737
f 13706 13707 13739
f 13706 13739 13738
f 13707 13708 13740
f 13707 13740 13739
f 13708 13709 13741
f 13708 13741 13740
f 13709 13710 13742
f 13709 13742 13741
f 13710 13711 13743
f 13710 13743 13742
f 13711 13712 13744
f 13711 13744 13743
f 13712 13713 13745
f 13712 13745 13744
f 13713 13682 13714
f 13713 13714 13745
o RightIris
usemtl detail_8
s 1
v 0.560000 0.780000 -1.900686
v 0.610000 0.780000 -1.869582
v 0.609039 0.793412 -1.869582
v 0.606194 0.806309 -1.864398
v 0.601573 0.818195 -1.864398
v 0.595355 0.828614 -1.864398
v 0.587779 0.837164 -1.864398
v 0.579134 0.843517 -1.869582
v 0.569755 0.847429 -1.874766
v 0.560000 0.848750 -1.879950
v 0.550245 0.847429 -1.885134
v 0.540866 0.843517 -1.890318
v 0.532221 0.837164 -1.895502
v 0.524645 0.828614 -1.900686
v 0.518427 0.818195 -1.911054
v 0.513806 0.806309 -1.916237
v 0.510961 0.793412 -1.921421
v 0.510000 0.780000 -1.921421
v 0.510961 0.766588 -1.926605
v 0.513806 0.753691 -1.926605
v 0.518427 0.741805 -1.926605
v 0.524645 0.731386 -1.926605
v 0.532221 0.722836 -1.926605
v 0.540866 0.716483 -1.921421
v 0.550245 0.712571 -1.916237
v 0.560000 0.711250 -1.911054
v 0.569755 0.712571 -1.905870
v 0.579134 0.716483 -1.900686
v 0.587779 0.722836 -1.895502
v 0.595355 0.731386 -1.890318
v 0.601573 0.741805 -1.885134
v 0.606194 0.753691 -1.879950
v 0.609039 0.766588 -1.874766
v 0.660000 0.780000 -1.838478
v 0.658079 0.806825 -1.833294
v 0.652388 0.832619 -1.828110
v 0.643147 0.856391 -1.822926
v 0.630711 0.877227 -1.822926
v 0.615557 0.894327 -1.828110
v 0.598268 0.907033 -1.833294
v 0.579509 0.914858 -1.838478
v 0.560000 0.917500 -1.848846
v 0.540491 0.914858 -1.864398
v 0.521732 0.907033 -1.874766
v 0.504443 0.894327 -1.890318
v 0.489289 0.877227 -1.900686
v 0.476853 0.856391 -1.916237
v 0.467612 0.832619 -1.926605
v 0.461921 0.806825 -1.936973
v 0.460000 0.780000 -1.942157
v 0.461921 0.753175 -1.947341
v 0.467612 0.727381 -1.952525
v 0.476853 0.703609 -1.952525
v 0.489289 0.682773 -1.947341
v 0.504443 0.665673 -1.942157
v 0.521732 0.652967 -1.936973
v 0.540491 0.645142 -1.931789
v 0.560000 0.642500 -1.921421
v 0.579509 0.645142 -1.911054
v 0.598268 0.652967 -1.900686
v 0.615557 0.665673 -1.890318
v 0.630711 0.682773 -1.874766
v 0.643147 0.703609 -1.864398
v 0.652388 0.727381 -1.854030
v 0.658079 0.753175 -1.848846
v 0.710000 0.780000 -1.802191
v 0.707118 0.820237 -1.791823
v 0.698582 0.858928 -1.786639
v 0.684720 0.894586 -1.781455
v 0.666066 0.925841 -1.776271
v 0.643336 0.951491 -1.781455
v 0.617403 0.970550 -1.786639
v 0.589264 0.982287 -1.802191
v 0.560000 0.986250 -1.817742
v 0.530736 0.982287 -1.833294
v 0.502597 0.970550 -1.854030
v 0.476664 0.951491 -1.879950
v 0.453934 0.925841 -1.900686
v 0.435280 0.894586 -1.921421
v 0.421418 0.858928 -1.936973
v 0.412882 0.820237 -1.952525
v 0.410000 0.780000 -1.962893
v 0.412882 0.739763 -1.968077
v 0.421418 0.701072 -1.973261
v 0.435280 0.665414 -1.973261
v 0.453934 0.634159 -1.973261
v 0.476664 0.608509 -1.973261
v 0.502597 0.589450 -1.968077
v 0.530736 0.577713 -1.952525
v 0.560000 0.573750 -1.936973
v 0.589264 0.577713 -1.916237
v 0.617403 0.589450 -1.895502
v 0.643336 0.608509 -1.874766
v 0.666066 0.634159 -1.859214
v 0.684720 0.665414 -1.843662
v 0.698582 0.701072 -1.828110
v 0.707118 0.739763 -1.817742
v 0.760000 0.780000 -1.760719
v 0.756157 0.833650 -1.745167
v 0.744776 0.885238 -1.734799
v 0.726294 0.932782 -1.724431
v 0.701421 0.974454 -1.719247
v 0.671114 1.008654 -1.724431
v 0.636537 1.034067 -1.734799
v 0.599018 1.049716 -1.750351
v 0.560000 1.055000 -1.771087
v 0.520982 1.049716 -1.797007
v 0.483463 1.034067 -1.828110
v 0.448886 1.008654 -1.859214
v 0.418579 0.974454 -1.890318
v 0.393706 0.932782 -1.921421
v 0.375224 0.885238 -1.942157
v 0.363843 0.833650 -1.962893
v 0.360000 0.780000 -1.978445
v 0.363843 0.726350 -1.988813
v 0.375224 0.674762 -1.993997
v 0.393706 0.627218 -2.004365
v 0.418579 0.585546 -2.014732
v 0.448886 0.551346 -2.025100
v 0.483463 0.525933 -2.030284
v 0.520982 0.510284 -2.014732
v 0.560000 0.505000 -1.983629
v 0.599018 0.510284 -1.936973
v 0.636537 0.525933 -1.895502
v 0.671114 0.551346 -1.859214
v 0.701421 0.585546 -1.838478
v 0.726294 0.627218 -1.817742
v 0.744776 0.674762 -1.797007
v 0.756157 0.726350 -1.781455
f 13746 13748 13747
f 13746 13749 13748
f 13746 13750 13749
f 13746 13751 13750
f 13746 13752 13751
f 13746 13753 13752
f 13746 13754 13753
f 13746 13755 13754
f 13746 13756 13755
f 13746 13757 13756
f 13746 13758 13757
f 13746 13759 13758
f 13746 13760 13759
f 13746 13761 13760
f 13746 13762 13761
f 13746 13763 13762
f 13746 13764 13763
f 13746 13765 13764
f 13746 13766 13765
f 13746 13767 13766
f 13746 13768 13767
f 13746 13769 13768
f 13746 13770 13769
f 13746 13771 13770
f 13746 13772 13771
f 13746 13773 13772
f 13746 13774 13773
f 13746 13775 13774
f 13746 13776 13775
f 13746 13777 13776
f 13746 13778 13777
f 13746 13747 13778
f 13747 13748 13780
f 13747 13780 13779
f 13748 13749 13781
f 13748 13781 13780
f 13749 13750 13782
f 13749 13782 13781
f 13750 13751 13783
f 13750 13783 13782
f 13751 13752 13784
f 13751 13784 13783
f 13752 13753 13785
f 13752 13785 13784
f 13753 13754 13786
f 13753 13786 13785
f 13754 13755 13787
f 13754 13787 13786
f 13755 13756 13788
f 13755 13788 13787
f 13756 13757 13789
f 13756 13789 13788
f 13757 13758 13790
f 13757 13790 13789
f 13758 13759 13791
f 13758 13791 13790
f 13759 13760 13792
f 13759 13792 13791
f 13760 13761 13793
f 13760 13793 13792
f 13761 13762 13794
f 13761 13794 13793
f 13762 13763 13795
f 13762 13795 13794
f 13763 13764 13796
f 13763 13796 13795
f 13764 13765 13797
f 13764 13797 13796
f 13765 13766 13798
f 13765 13798 13797
f 13766 13767 13799
f 13766 13799 13798
f 13767 13768 13800
f 13767 13800 13799
f 13768 13769 13801
f 13768 13801 13800
f 13769 13770 13802
f 13769 13802 13801
f 13770 13771 13803
f 13770 13803 13802
f 13771 13772 13804
f 13771 13804 13803
f 13772 13773 13805
f 13772 13805 13804
f 13773 13774 13806
f 13773 13806 13805
f 13774 13775 13807
f 13774 13807 13806
f 13775 13776 13808
f 13775 13808 13807
f 13776 13777 13809
f 13776 13809 13808
f 13777 13778 13810
f 13777 13810 13809
f 13778 13747 13779
f 13778 13779 13810
f 13779 13780 13812
f 13779 13812 13811
f 13780 13781 13813
f 13780 13813 13812
f 13781 13782 13814
f 13781 13814 13813
f 13782 13783 13815
f 13782 13815 13814
f 13783 13784 13816
f 13783 13816 13815
f 13784 13785 13817
f 13784 13817 13816
f 13785 13786 13818
f 13785 13818 13817
f 13786 13787 13819
f 13786 13819 13818
f 13787 13788 13820
f 13787 13820 13819
f 13788 13789 13821
f 13788 13821 13820
f 13789 13790 13822
f 13789 13822 13821
f 13790 13791 13823
f 13790 13823 13822
f 13791 13792 13824
f 13791 13824 13823
f 13792 13793 13825
f 13792 13825 13824
f 13793 13794 13826
f 13793 13826 13825
f 13794 13795 13827
f 13794 13827 13826
f 13795 13796 13828
f 13795 13828 13827
f 13796 13797 13829
f 13796 13829 13828
f 13797 13798 13830
f 13797 13830 13829
f 13798 13799 13831
f 13798 13831 13830
f 13799 13800 13832
f 13799 13832 13831
f 13800 13801 13833
f 13800 13833 13832
f 13801 13802 13834
f 13801 13834 13833
f 13802 13803 13835
f 13802 13835 13834
f 13803 13804 13836
f 13803 13836 13835
f 13804 13805 13837
f 13804 13837 13836
f 13805 13806 13838
f 13805 13838 13837
f 13806 13807 13839
f 13806 13839 13838
f 13807 13808 13840
f 13807 13840 13839
f 13808 13809 13841
f 13808 13841 13840
f 13809 13810 13842
f 13809 13842 13841
f 13810 13779 13811
f 13810 13811 13842
f 13811 13812 13844
f 13811 13844 13843
f 13812 13813 13845
f 13812 13845 13844
f 13813 13814 13846
f 13813 13846 13845
f 13814 13815 13847
f 13814 13847 13846
f 13815 13816 13848
f 13815 13848 13847
f 13816 13817 13849
f 13816 13849 13848
f 13817 13818 13850
f 13817 13850 13849
f 13818 13819 13851
f 13818 13851 13850
f 13819 13820 13852
f 13819 13852 13851
f 13820 13821 13853
f 13820 13853 13852
f 13821 13822 13854
f 13821 13854 13853
f 13822 13823 13855
f 13822 13855 13854
f 13823 13824 13856
f 13823 13856 13855
f 13824 13825 13857
f 13824 13857 13856
f 13825 13826 13858
f 13825 13858 13857
f 13826 13827 13859
f 13826 13859 13858
f 13827 13828 13860
f 13827 13860 13859
f 13828 13829 13861
f 13828 13861 13860
f 13829 13830 13862
f 13829 13862 13861
f 13830 13831 13863
f 13830 13863 13862
f 13831 13832 13864
f 13831 13864 13863
f 13832 13833 13865
f 13832 13865 13864
f 13833 13834 13866
f 13833 13866 13865
f 13834 13835 13867
f 13834 13867 13866
f 13835 13836 13868
f 13835 13868 13867
f 13836 13837 13869
f 13836 13869 13868
f 13837 13838 13870
f 13837 13870 13869
f 13838 13839 13871
f 13838 13871 13870
f 13839 13840 13872
f 13839 13872 13871
f 13840 13841 13873
f 13840 13873 13872
f 13841 13842 13874
f 13841 13874 13873
f 13842 13811 13843
f 13842 13843 13874
o RightPupil
usemtl detail_9
s 1
v 0.560000 0.780000 -1.925686
v 0.593750 0.780000 -1.904950
v 0.593102 0.790730 -1.904950
v 0.591181 0.801048 -1.899766
v 0.588062 0.810556 -1.899766
v 0.583865 0.818891 -1.899766
v 0.578750 0.825731 -1.899766
v 0.572916 0.830813 -1.899766
v 0.566584 0.833943 -1.904950
v 0.560000 0.835000 -1.910134
v 0.553416 0.833943 -1.910134
v 0.547084 0.830813 -1.915318
v 0.541250 0.825731 -1.920502
v 0.536135 0.818891 -1.925686
v 0.531938 0.810556 -1.930870
v 0.528819 0.801048 -1.936054
v 0.526898 0.790730 -1.936054
v 0.526250 0.780000 -1.941237
v 0.526898 0.769270 -1.941237
v 0.528819 0.758952 -1.941237
v 0.531938 0.749444 -1.946421
v 0.536135 0.741109 -1.946421
v 0.541250 0.734269 -1.941237
v 0.547084 0.729187 -1.941237
v 0.553416 0.726057 -1.936054
v 0.560000 0.725000 -1.936054
v 0.566584 0.726057 -1.930870
v 0.572916 0.729187 -1.925686
v 0.578750 0.734269 -1.925686
v 0.583865 0.741109 -1.920502
v 0.588062 0.749444 -1.915318
v 0.591181 0.758952 -1.910134
v 0.593102 0.769270 -1.910134
v 0.627500 0.780000 -1.884214
v 0.626203 0.801460 -1.879030
v 0.622362 0.822095 -1.873846
v 0.616124 0.841113 -1.873846
v 0.607730 0.857782 -1.873846
v 0.597501 0.871462 -1.873846
v 0.585831 0.881627 -1.873846
v 0.573169 0.887886 -1.879030
v 0.560000 0.890000 -1.889398
v 0.546831 0.887886 -1.894582
v 0.534169 0.881627 -1.904950
v 0.522499 0.871462 -1.915318
v 0.512270 0.857782 -1.925686
v 0.503876 0.841113 -1.936054
v 0.497638 0.822095 -1.941237
v 0.493797 0.801460 -1.951605
v 0.492500 0.780000 -1.956789
v 0.493797 0.758540 -1.961973
v 0.497638 0.737905 -1.961973
v 0.503876 0.718887 -1.961973
v 0.512270 0.702218 -1.961973
v 0.522499 0.688538 -1.956789
v 0.534169 0.678373 -1.956789
v 0.546831 0.672114 -1.951605
v 0.560000 0.670000 -1.941237
v 0.573169 0.672114 -1.936054
v 0.585831 0.678373 -1.925686
v 0.597501 0.688538 -1.920502
v 0.607730 0.702218 -1.910134
v 0.616124 0.718887 -1.904950
v 0.622362 0.737905 -1.899766
v 0.626203 0.758540 -1.889398
v 0.661250 0.780000 -1.863478
v 0.659305 0.812190 -1.853110
v 0.653543 0.843143 -1.847926
v 0.644186 0.871669 -1.842742
v 0.631595 0.896673 -1.842742
v 0.616251 0.917192 -1.842742
v 0.598747 0.932440 -1.847926
v 0.579753 0.941830 -1.853110
v 0.560000 0.945000 -1.863478
v 0.540247 0.941830 -1.873846
v 0.521253 0.932440 -1.889398
v 0.503749 0.917192 -1.904950
v 0.488405 0.896673 -1.920502
v 0.475814 0.871669 -1.936054
v 0.466457 0.843143 -1.951605
v 0.460695 0.812190 -1.961973
v 0.458750 0.780000 -1.972341
v 0.460695 0.747810 -1.977525
v 0.466457 0.716857 -1.977525
v 0.475814 0.688331 -1.977525
v 0.488405 0.663327 -1.977525
v 0.503749 0.642808 -1.972341
v 0.521253 0.627560 -1.967157
v 0.540247 0.618170 -1.961973
v 0.560000 0.615000 -1.951605
v 0.579753 0.618170 -1.936054
v 0.598747 0.627560 -1.925686
v 0.616251 0.642808 -1.915318
v 0.631595 0.663327 -1.904950
v 0.644186 0.688331 -1.894582
v 0.653543 0.716857 -1.884214
v 0.659305 0.747810 -1.873846
v 0.695000 0.780000 -1.837559
v 0.692406 0.822920 -1.827191
v 0.684724 0.864190 -1.816823
v 0.672248 0.902225 -1.811639
v 0.655459 0.935563 -1.806455
v 0.635002 0.962923 -1.806455
v 0.611662 0.983253 -1.811639
v 0.586337 0.995773 -1.816823
v 0.560000 1.000000 -1.832375
v 0.533663 0.995773 -1.853110
v 0.508338 0.983253 -1.868662
v 0.484998 0.962923 -1.894582
v 0.464541 0.935563 -1.915318
v 0.447752 0.902225 -1.936054
v 0.435276 0.864190 -1.956789
v 0.427594 0.822920 -1.972341
v 0.425000 0.780000 -1.982709
v 0.427594 0.737080 -1.993077
v 0.435276 0.695810 -1.993077
v 0.447752 0.657775 -1.998261
v 0.464541 0.624437 -1.998261
v 0.484998 0.597077 -1.998261
v 0.508338 0.576747 -1.993077
v 0.533663 0.564227 -1.982709
v 0.560000 0.560000 -1.967157
v 0.586337 0.564227 -1.946421
v 0.611662 0.576747 -1.925686
v 0.635002 0.597077 -1.904950
v 0.655459 0.624437 -1.894582
v 0.672248 0.657775 -1.879030
v 0.684724 0.695810 -1.863478
v 0.692406 0.737080 -1.853110
f 13875 13877 13876
f 13875 13878 13877
f 13875 13879 13878
f 13875 13880 13879
f 13875 13881 13880
f 13875 13882 13881
f 13875 13883 13882
f 13875 13884 13883
f 13875 13885 13884
f 13875 13886 13885
f 13875 13887 13886
f 13875 13888 13887
f 13875 13889 13888
f 13875 13890 13889
f 13875 13891 13890
f 13875 13892 13891
f 13875 13893 13892
f 13875 13894 13893
f 13875 13895 13894
f 13875 13896 13895
f 13875 13897 13896
f 13875 13898 13897
f 13875 13899 13898
f 13875 13900 13899
f 13875 13901 13900
f 13875 13902 13901
f 13875 13903 13902
f 13875 13904 13903
f 13875 13905 13904
f 13875 13906 13905
f 13875 13907 13906
f 13875 13876 13907
f 13876 13877 13909
f 13876 13909 13908
f 13877 13878 13910
f 13877 13910 13909
f 13878 13879 13911
f 13878 13911 13910
f 13879 13880 13912
f 13879 13912 13911
f 13880 13881 13913
f 13880 13913 13912
f 13881 13882 13914
f 13881 13914 13913
f 13882 13883 13915
f 13882 13915 13914
f 13883 13884 13916
f 13883 13916 13915
f 13884 13885 13917
f 13884 13917 13916
f 13885 13886 13918
f 13885 13918 13917
f 13886 13887 13919
f 13886 13919 13918
f 13887 13888 13920
f 13887 13920 13919
f 13888 13889 13921
f 13888 13921 13920
f 13889 13890 13922
f 13889 13922 13921
f 13890 13891 13923
f 13890 13923 13922
f 13891 13892 13924
f 13891 13924 13923
f 13892 13893 13925
f 13892 13925 13924
f 13893 13894 13926
f 13893 13926 13925
f 13894 13895 13927
f 13894 13927 13926
f 13895 13896 13928
f 13895 13928 13927
f 13896 13897 13929
f 13896 13929 13928
f 13897 13898 13930
f 13897 13930 13929
f 13898 13899 13931
f 13898 13931 13930
f 13899 13900 13932
f 13899 13932 13931
f 13900 13901 13933
f 13900 13933 13932
f 13901 13902 13934
f 13901 13934 13933
f 13902 13903 13935
f 13902 13935 13934
f 13903 13904 13936
f 13903 13936 13935
f 13904 13905 13937
f 13904 13937 13936
f 13905 13906 13938
f 13905 13938 13937
f 13906 13907 13939
f 13906 13939 13938
f 13907 13876 13908
f 13907 13908 13939
f 13908 13909 13941
f 13908 13941 13940
f 13909 13910 13942
f 13909 13942 13941
f 13910 13911 13943
f 13910 13943 13942
f 13911 13912 13944
f 13911 13944 13943
f 13912 13913 13945
f 13912 13945 13944
f 13913 13914 13946
f 13913 13946 13945
f 13914 13915 13947
f 13914 13947 13946
f 13915 13916 13948
f 13915 13948 13947
f 13916 13917 13949
f 13916 13949 13948
f 13917 13918 13950
f 13917 13950 13949
f 13918 13919 13951
f 13918 13951 13950
f 13919 13920 13952
f 13919 13952 13951
f 13920 13921 13953
f 13920 13953 13952
f 13921 13922 13954
f 13921 13954 13953
f 13922 13923 13955
f 13922 13955 13954
f 13923 13924 13956
f 13923 13956 13955
f 13924 13925 13957
f 13924 13957 13956
f 13925 13926 13958
f 13925 13958 13957
f 13926 13927 13959
f 13926 13959 13958
f 13927 13928 13960
f 13927 13960 13959
f 13928 13929 13961
f 13928 13961 13960
f 13929 13930 13962
f 13929 13962 13961
f 13930 13931 13963
f 13930 13963 13962
f 13931 13932 13964
f 13931 13964 13963
f 13932 13933 13965
f 13932 13965 13964
f 13933 13934 13966
f 13933 13966 13965
f 13934 13935 13967
f 13934 13967 13966
f 13935 13936 13968
f 13935 13968 13967
f 13936 13937 13969
f 13936 13969 13968
f 13937 13938 13970
f 13937 13970 13969
f 13938 13939 13971
f 13938 13971 13970
f 13939 13908 13940
f 13939 13940 13971
f 13940 13941 13973
f 13940 13973 13972
f 13941 13942 13974
f 13941 13974 13973
f 13942 13943 13975
f 13942 13975 13974
f 13943 13944 13976
f 13943 13976 13975
f 13944 13945 13977
f 13944 13977 13976
f 13945 13946 13978
f 13945 13978 13977
f 13946 13947 13979
f 13946 13979 13978
f 13947 13948 13980
f 13947 13980 13979
f 13948 13949 13981
f 13948 13981 13980
f 13949 13950 13982
f 13949 13982 13981
f 13950 13951 13983
f 13950 13983 13982
f 13951 13952 13984
f 13951 13984 13983
f 13952 13953 13985
f 13952 13985 13984
f 13953 13954 13986
f 13953 13986 13985
f 13954 13955 13987
f 13954 13987 13986
f 13955 13956 13988
f 13955 13988 13987
f 13956 13957 13989
f 13956 13989 13988
f 13957 13958 13990
f 13957 13990 13989
f 13958 13959 13991
f 13958 13991 13990
f 13959 13960 13992
f 13959 13992 13991
f 13960 13961 13993
f 13960 13993 13992
f 13961 13962 13994
f 13961 13994 13993
f 13962 13963 13995
f 13962 13995 13994
f 13963 13964 13996
f 13963 13996 13995
f 13964 13965 13997
f 13964 13997 13996
f 13965 13966 13998
f 13965 13998 13997
f 13966 13967 13999
f 13966 13999 13998
f 13967 13968 14000
f 13967 14000 13999
f 13968 13969 14001
f 13968 14001 14000
f 13969 13970 14002
f 13969 14002 14001
f 13970 13971 14003
f 13970 14003 14002
f 13971 13940 13972
f 13971 13972 14003
o RightShine
usemtl detail_10
s 1
v 0.495000 0.920000 -1.950686
v 0.507500 0.920000 -1.940318
v 0.507260 0.923170 -1.940318
v 0.506548 0.926219 -1.940318
v 0.505393 0.929028 -1.940318
v 0.503839 0.931490 -1.940318
v 0.501945 0.933511 -1.940318
v 0.499784 0.935013 -1.940318
v 0.497439 0.935938 -1.940318
v 0.495000 0.936250 -1.940318
v 0.492561 0.935938 -1.945502
v 0.490216 0.935013 -1.945502
v 0.488055 0.933511 -1.945502
v 0.486161 0.931490 -1.945502
v 0.484607 0.929028 -1.950686
v 0.483452 0.926219 -1.950686
v 0.482740 0.923170 -1.950686
v 0.482500 0.920000 -1.955870
v 0.482740 0.916830 -1.955870
v 0.483452 0.913781 -1.955870
v 0.484607 0.910972 -1.955870
v 0.486161 0.908510 -1.955870
v 0.488055 0.906489 -1.955870
v 0.490216 0.904987 -1.955870
v 0.492561 0.904062 -1.955870
v 0.495000 0.903750 -1.955870
v 0.497439 0.904062 -1.955870
v 0.499784 0.904987 -1.950686
v 0.501945 0.906489 -1.950686
v 0.503839 0.908510 -1.950686
v 0.505393 0.910972 -1.945502
v 0.506548 0.913781 -1.945502
v 0.507260 0.916830 -1.945502
v 0.520000 0.920000 -1.935134
v 0.519520 0.926340 -1.935134
v 0.518097 0.932437 -1.929950
v 0.515787 0.938056 -1.929950
v 0.512678 0.942981 -1.929950
v 0.508889 0.947023 -1.929950
v 0.504567 0.950026 -1.929950
v 0.499877 0.951876 -1.929950
v 0.495000 0.952500 -1.935134
v 0.490123 0.951876 -1.935134
v 0.485433 0.950026 -1.940318
v 0.481111 0.947023 -1.945502
v 0.477322 0.942981 -1.945502
v 0.474213 0.938056 -1.950686
v 0.471903 0.932437 -1.955870
v 0.470480 0.926340 -1.955870
v 0.470000 0.920000 -1.961054
v 0.470480 0.913660 -1.961054
v 0.471903 0.907563 -1.966237
v 0.474213 0.901944 -1.966237
v 0.477322 0.897019 -1.966237
v 0.481111 0.892977 -1.966237
v 0.485433 0.889974 -1.966237
v 0.490123 0.888124 -1.966237
v 0.495000 0.887500 -1.961054
v 0.499877 0.888124 -1.961054
v 0.504567 0.889974 -1.955870
v 0.508889 0.892977 -1.955870
v 0.512678 0.897019 -1.950686
v 0.515787 0.901944 -1.945502
v 0.518097 0.907563 -1.940318
v 0.519520 0.913660 -1.940318
v 0.532500 0.920000 -1.929950
v 0.531779 0.929511 -1.924766
v 0.529645 0.938656 -1.924766
v 0.526180 0.947084 -1.919582
v 0.521517 0.954471 -1.919582
v 0.515834 0.960534 -1.919582
v 0.509351 0.965039 -1.919582
v 0.502316 0.967813 -1.924766
v 0.495000 0.968750 -1.924766
v 0.487684 0.967813 -1.929950
v 0.480649 0.965039 -1.935134
v 0.474166 0.960534 -1.940318
v 0.468483 0.954471 -1.945502
v 0.463820 0.947084 -1.950686
v 0.460355 0.938656 -1.955870
v 0.458221 0.929511 -1.961054
v 0.457500 0.920000 -1.966237
v 0.458221 0.910489 -1.971421
v 0.460355 0.901344 -1.971421
v 0.463820 0.892916 -1.971421
v 0.468483 0.885529 -1.976605
v 0.474166 0.879466 -1.976605
v 0.480649 0.874961 -1.971421
v 0.487684 0.872187 -1.971421
v 0.495000 0.871250 -1.966237
v 0.502316 0.872187 -1.966237
v 0.509351 0.874961 -1.961054
v 0.515834 0.879466 -1.955870
v 0.521517 0.885529 -1.950686
v 0.526180 0.892916 -1.945502
v 0.529645 0.901344 -1.940318
v 0.531779 0.910489 -1.935134
v 0.545000 0.920000 -1.924766
v 0.544039 0.932681 -1.919582
v 0.541194 0.944874 -1.914398
v 0.536573 0.956112 -1.909214
v 0.530355 0.965962 -1.909214
v 0.522779 0.974046 -1.909214
v 0.514134 0.980052 -1.909214
v 0.504755 0.983751 -1.914398
v 0.495000 0.985000 -1.919582
v 0.485245 0.983751 -1.924766
v 0.475866 0.980052 -1.929950
v 0.467221 0.974046 -1.935134
v 0.459645 0.965962 -1.945502
v 0.453427 0.956112 -1.950686
v 0.448806 0.944874 -1.955870
v 0.445961 0.932681 -1.966237
v 0.445000 0.920000 -1.971421
v 0.445961 0.907319 -1.976605
v 0.448806 0.895126 -1.981789
v 0.453427 0.883888 -1.981789
v 0.459645 0.874038 -1.981789
v 0.467221 0.865954 -1.981789
v 0.475866 0.859948 -1.981789
v 0.485245 0.856249 -1.976605
v 0.495000 0.855000 -1.971421
v 0.504755 0.856249 -1.966237
v 0.514134 0.859948 -1.961054
v 0.522779 0.865954 -1.955870
v 0.530355 0.874038 -1.950686
v 0.536573 0.883888 -1.945502
v 0.541194 0.895126 -1.935134
v 0.544039 0.907319 -1.929950
f 14004 14006 14005
f 14004 14007 14006
f 14004 14008 14007
f 14004 14009 14008
f 14004 14010 14009
f 14004 14011 14010
f 14004 14012 14011
f 14004 14013 14012
f 14004 14014 14013
f 14004 14015 14014
f 14004 14016 14015
f 14004 14017 14016
f 14004 14018 14017
f 14004 14019 14018
f 14004 14020 14019
f 14004 14021 14020
f 14004 14022 14021
f 14004 14023 14022
f 14004 14024 14023
f 14004 14025 14024
f 14004 14026 14025
f 14004 14027 14026
f 14004 14028 14027
f 14004 14029 14028
f 14004 14030 14029
f 14004 14031 14030
f 14004 14032 14031
f 14004 14033 14032
f 14004 14034 14033
f 14004 14035 14034
f 14004 14036 14035
f 14004 14005 14036
f 14005 14006 14038
f 14005 14038 14037
f 14006 14007 14039
f 14006 14039 14038
f 14007 14008 14040
f 14007 14040 14039
f 14008 14009 14041
f 14008 14041 14040
f 14009 14010 14042
f 14009 14042 14041
f 14010 14011 14043
f 14010 14043 14042
f 14011 14012 14044
f 14011 14044 14043
f 14012 14013 14045
f 14012 14045 14044
f 14013 14014 14046
f 14013 14046 14045
f 14014 14015 14047
f 14014 14047 14046
f 14015 14016 14048
f 14015 14048 14047
f 14016 14017 14049
f 14016 14049 14048
f 14017 14018 14050
f 14017 14050 14049
f 14018 14019 14051
f 14018 14051 14050
f 14019 14020 14052
f 14019 14052 14051
f 14020 14021 14053
f 14020 14053 14052
f 14021 14022 14054
f 14021 14054 14053
f 14022 14023 14055
f 14022 14055 14054
f 14023 14024 14056
f 14023 14056 14055
f 14024 14025 14057
f 14024 14057 14056
f 14025 14026 14058
f 14025 14058 14057
f 14026 14027 14059
f 14026 14059 14058
f 14027 14028 14060
f 14027 14060 14059
f 14028 14029 14061
f 14028 14061 14060
f 14029 14030 14062
f 14029 14062 14061
f 14030 14031 14063
f 14030 14063 14062
f 14031 14032 14064
f 14031 14064 14063
f 14032 14033 14065
f 14032 14065 14064
f 14033 14034 14066
f 14033 14066 14065
f 14034 14035 14067
f 14034 14067 14066
f 14035 14036 14068
f 14035 14068 14067
f 14036 14005 14037
f 14036 14037 14068
f 14037 14038 14070
f 14037 14070 14069
f 14038 14039 14071
f 14038 14071 14070
f 14039 14040 14072
f 14039 14072 14071
f 14040 14041 14073
f 14040 14073 14072
f 14041 14042 14074
f 14041 14074 14073
f 14042 14043 14075
f 14042 14075 14074
f 14043 14044 14076
f 14043 14076 14075
f 14044 14045 14077
f 14044 14077 14076
f 14045 14046 14078
f 14045 14078 14077
f 14046 14047 14079
f 14046 14079 14078
f 14047 14048 14080
f 14047 14080 14079
f 14048 14049 14081
f 14048 14081 14080
f 14049 14050 14082
f 14049 14082 14081
f 14050 14051 14083
f 14050 14083 14082
f 14051 14052 14084
f 14051 14084 14083
f 14052 14053 14085
f 14052 14085 14084
f 14053 14054 14086
f 14053 14086 14085
f 14054 14055 14087
f 14054 14087 14086
f 14055 14056 14088
f 14055 14088 14087
f 14056 14057 14089
f 14056 14089 14088
f 14057 14058 14090
f 14057 14090 14089
f 14058 14059 14091
f 14058 14091 14090
f 14059 14060 14092
f 14059 14092 14091
f 14060 14061 14093
f 14060 14093 14092
f 14061 14062 14094
f 14061 14094 14093
f 14062 14063 14095
f 14062 14095 14094
f 14063 14064 14096
f 14063 14096 14095
f 14064 14065 14097
f 14064 14097 14096
f 14065 14066 14098
f 14065 14098 14097
f 14066 14067 14099
f 14066 14099 14098
f 14067 14068 14100
f 14067 14100 14099
f 14068 14037 14069
f 14068 14069 14100
f 14069 14070 14102
f 14069 14102 14101
f 14070 14071 14103
f 14070 14103 14102
f 14071 14072 14104
f 14071 14104 14103
f 14072 14073 14105
f 14072 14105 14104
f 14073 14074 14106
f 14073 14106 14105
f 14074 14075 14107
f 14074 14107 14106
f 14075 14076 14108
f 14075 14108 14107
f 14076 14077 14109
f 14076 14109 14108
f 14077 14078 14110
f 14077 14110 14109
f 14078 14079 14111
f 14078 14111 14110
f 14079 14080 14112
f 14079 14112 14111
f 14080 14081 14113
f 14080 14113 14112
f 14081 14082 14114
f 14081 14114 14113
f 14082 14083 14115
f 14082 14115 14114
f 14083 14084 14116
f 14083 14116 14115
f 14084 14085 14117
f 14084 14117 14116
f 14085 14086 14118
f 14085 14118 14117
f 14086 14087 14119
f 14086 14119 14118
f 14087 14088 14120
f 14087 14120 14119
f 14088 14089 14121
f 14088 14121 14120
f 14089 14090 14122
f 14089 14122 14121
f 14090 14091 14123
f 14090 14123 14122
f 14091 14092 14124
f 14091 14124 14123
f 14092 14093 14125
f 14092 14125 14124
f 14093 14094 14126
f 14093 14126 14125
f 14094 14095 14127
f 14094 14127 14126
f 14095 14096 14128
f 14095 14128 14127
f 14096 14097 14129
f 14096 14129 14128
f 14097 14098 14130
f 14097 14130 14129
f 14098 14099 14131
f 14098 14131 14130
f 14099 14100 14132
f 14099 14132 14131
f 14100 14069 14101
f 14100 14101 14132
o LeftEarInner
usemtl detail_11
s 1
v -1.020000 1.420000 -1.214942
v -0.905217 1.451058 -1.211529
v -0.915485 1.480848 -1.211332
v -0.929770 1.508299 -1.211114
v -0.947522 1.532357 -1.210891
v -0.968060 1.552097 -1.210682
v -0.990593 1.566761 -1.210507
v -1.014257 1.575785 -1.210385
v -1.038141 1.578822 -1.210331
v -1.061328 1.575756 -1.210353
v -1.082927 1.566704 -1.210453
v -1.102108 1.552014 -1.210623
v -1.118133 1.532251 -1.210848
v -1.130387 1.508174 -1.211110
v -1.138399 1.480709 -1.211385
v -1.141861 1.450911 -1.211652
v -1.140640 1.419925 -1.211889
v -1.134783 1.388942 -1.212083
v -1.124515 1.359152 -1.212224
v -1.110230 1.331701 -1.212310
v -1.092478 1.307643 -1.212345
v -1.071940 1.287903 -1.212338
v -1.049407 1.273239 -1.212302
v -1.025743 1.264215 -1.212251
v -1.001859 1.261178 -1.212195
v -0.978672 1.264244 -1.212144
v -0.957073 1.273296 -1.212100
v -0.937892 1.287986 -1.212063
v -0.921867 1.307749 -1.212027
v -0.909613 1.331826 -1.211981
v -0.901601 1.359291 -1.211916
v -0.898139 1.389089 -1.211823
v -0.899360 1.420075 -1.211694
v -0.790434 1.482117 -1.201461
v -0.810970 1.541696 -1.200984
v -0.839540 1.596598 -1.200380
v -0.875044 1.644714 -1.199703
v -0.916119 1.684195 -1.199024
v -0.961187 1.713522 -1.198422
v -1.008514 1.731570 -1.197973
v -1.056282 1.737644 -1.197739
v -1.102657 1.731511 -1.197756
v -1.145855 1.713407 -1.198030
v -1.184216 1.684028 -1.198538
v -1.216267 1.644502 -1.199223
v -1.240775 1.596349 -1.200013
v -1.256799 1.541418 -1.200824
v -1.263723 1.481822 -1.201574
v -1.261281 1.419850 -1.202193
v -1.249566 1.357883 -1.202633
v -1.229030 1.298304 -1.202872
v -1.200460 1.243402 -1.202915
v -1.164956 1.195286 -1.202791
v -1.123881 1.155805 -1.202551
v -1.078813 1.126478 -1.202254
v -1.031486 1.108430 -1.201962
v -0.983718 1.102356 -1.201728
v -0.937343 1.108489 -1.201588
v -0.894145 1.126593 -1.201554
v -0.855784 1.155972 -1.201615
v -0.823733 1.195498 -1.201736
v -0.799225 1.243651 -1.201868
v -0.783201 1.298582 -1.201952
v -0.776277 1.358178 -1.201937
v -0.778719 1.420150 -1.201780
v -0.675651 1.513175 -1.183388
v -0.706456 1.602544 -1.182485
v -0.749310 1.684898 -1.181225
v -0.802567 1.757071 -1.179731
v -0.864179 1.816292 -1.178172
v -0.931780 1.860283 -1.176744
v -1.002771 1.887355 -1.175642
v -1.074424 1.896466 -1.175028
v -1.143985 1.887267 -1.175003
v -1.208782 1.860111 -1.175586
v -1.266324 1.816042 -1.176713
v -1.314400 1.756753 -1.178244
v -1.351162 1.684523 -1.179994
v -1.375198 1.602127 -1.181754
v -1.385584 1.512733 -1.183331
v -1.381921 1.419775 -1.184566
v -1.364349 1.326825 -1.185355
v -1.333544 1.237456 -1.185657
v -1.290690 1.155102 -1.185497
v -1.237433 1.082929 -1.184958
v -1.175821 1.023708 -1.184173
v -1.108220 0.979717 -1.183297
v -1.037229 0.952645 -1.182493
v -0.965576 0.943534 -1.181899
v -0.896015 0.952733 -1.181608
v -0.831218 0.979889 -1.181651
v -0.773676 1.023958 -1.181992
v -0.725600 1.083247 -1.182535
v -0.688838 1.155477 -1.183143
v -0.664802 1.237873 -1.183660
v -0.654416 1.327267 -1.183942
v -0.658079 1.420225 -1.183872
v -0.560868 1.544233 -1.153708
v -0.601941 1.663392 -1.152031
v -0.659080 1.773197 -1.149499
v -0.730089 1.869429 -1.146346
v -0.812239 1.948389 -1.142924
v -0.902373 2.007044 -1.139675
v -0.997028 2.043139 -1.137078
v -1.092565 2.055288 -1.135563
v -1.185314 2.043022 -1.135414
v -1.271709 2.006814 -1.136687
v -1.348432 1.948055 -1.139198
v -1.412533 1.869004 -1.142572
v -1.461550 1.772697 -1.146337
v -1.493598 1.662836 -1.150018
v -1.507446 1.543644 -1.153201
v -1.502561 1.419700 -1.155578
v -1.479132 1.295767 -1.156964
v -1.438059 1.176608 -1.157300
v -1.380920 1.066803 -1.156655
v -1.309911 0.970571 -1.155216
v -1.227761 0.891611 -1.153265
v -1.137627 0.832956 -1.151151
v -1.042972 0.796861 -1.149245
v -0.947435 0.784712 -1.147878
v -0.854686 0.796978 -1.147281
v -0.768291 0.833186 -1.147530
v -0.691568 0.891945 -1.148531
v -0.627467 0.970996 -1.150044
v -0.578450 1.067303 -1.151734
v -0.546402 1.177164 -1.153236
v -0.532554 1.296356 -1.154220
v -0.537439 1.420300 -1.154428
f 14133 14135 14134
f 14133 14136 14135
f 14133 14137 14136
f 14133 14138 14137
f 14133 14139 14138
f 14133 14140 14139
f 14133 14141 14140
f 14133 14142 14141
f 14133 14143 14142
f 14133 14144 14143
f 14133 14145 14144
f 14133 14146 14145
f 14133 14147 14146
f 14133 14148 14147
f 14133 14149 14148
f 14133 14150 14149
f 14133 14151 14150
f 14133 14152 14151
f 14133 14153 14152
f 14133 14154 14153
f 14133 14155 14154
f 14133 14156 14155
f 14133 14157 14156
f 14133 14158 14157
f 14133 14159 14158
f 14133 14160 14159
f 14133 14161 14160
f 14133 14162 14161
f 14133 14163 14162
f 14133 14164 14163
f 14133 14165 14164
f 14133 14134 14165
f 14134 14135 14167
f 14134 14167 14166
f 14135 14136 14168
f 14135 14168 14167
f 14136 14137 14169
f 14136 14169 14168
f 14137 14138 14170
f 14137 14170 14169
f 14138 14139 14171
f 14138 14171 14170
f 14139 14140 14172
f 14139 14172 14171
f 14140 14141 14173
f 14140 14173 14172
f 14141 14142 14174
f 14141 14174 14173
f 14142 14143 14175
f 14142 14175 14174
f 14143 14144 14176
f 14143 14176 14175
f 14144 14145 14177
f 14144 14177 14176
f 14145 14146 14178
f 14145 14178 14177
f 14146 14147 14179
f 14146 14179 14178
f 14147 14148 14180
f 14147 14180 14179
f 14148 14149 14181
f 14148 14181 14180
f 14149 14150 14182
f 14149 14182 14181
f 14150 14151 14183
f 14150 14183 14182
f 14151 14152 14184
f 14151 14184 14183
f 14152 14153 14185
f 14152 14185 14184
f 14153 14154 14186
f 14153 14186 14185
f 14154 14155 14187
f 14154 14187 14186
f 14155 14156 14188
f 14155 14188 14187
f 14156 14157 14189
f 14156 14189 14188
f 14157 14158 14190
f 14157 14190 14189
f 14158 14159 14191
f 14158 14191 14190
f 14159 14160 14192
f 14159 14192 14191
f 14160 14161 14193
f 14160 14193 14192
f 14161 14162 14194
f 14161 14194 14193
f 14162 14163 14195
f 14162 14195 14194
f 14163 14164 14196
f 14163 14196 14195
f 14164 14165 14197
f 14164 14197 14196
f 14165 14134 14166
f 14165 14166 14197
f 14166 14167 14199
f 14166 14199 14198
f 14167 14168 14200
f 14167 14200 14199
f 14168 14169 14201
f 14168 14201 14200
f 14169 14170 14202
f 14169 14202 14201
f 14170 14171 14203
f 14170 14203 14202
f 14171 14172 14204
f 14171 14204 14203
f 14172 14173 14205
f 14172 14205 14204
f 14173 14174 14206
f 14173 14206 14205
f 14174 14175 14207
f 14174 14207 14206
f 14175 14176 14208
f 14175 14208 14207
f 14176 14177 14209
f 14176 14209 14208
f 14177 14178 14210
f 14177 14210 14209
f 14178 14179 14211
f 14178 14211 14210
f 14179 14180 14212
f 14179 14212 14211
f 14180 14181 14213
f 14180 14213 14212
f 14181 14182 14214
f 14181 14214 14213
f 14182 14183 14215
f 14182 14215 14214
f 14183 14184 14216
f 14183 14216 14215
f 14184 14185 14217
f 14184 14217 14216
f 14185 14186 14218
f 14185 14218 14217
f 14186 14187 14219
f 14186 14219 14218
f 14187 14188 14220
f 14187 14220 14219
f 14188 14189 14221
f 14188 14221 14220
f 14189 14190 14222
f 14189 14222 14221
f 14190 14191 14223
f 14190 14223 14222
f 14191 14192 14224
f 14191 14224 14223
f 14192 14193 14225
f 14192 14225 14224
f 14193 14194 14226
f 14193 14226 14225
f 14194 14195 14227
f 14194 14227 14226
f 14195 14196 14228
f 14195 14228 14227
f 14196 14197 14229
f 14196 14229 14228
f 14197 14166 14198
f 14197 14198 14229
f 14198 14199 14231
f 14198 14231 14230
f 14199 14200 14232
f 14199 14232 14231
f 14200 14201 14233
f 14200 14233 14232
f 14201 14202 14234
f 14201 14234 14233
f 14202 14203 14235
f 14202 14235 14234
f 14203 14204 14236
f 14203 14236 14235
f 14204 14205 14237
f 14204 14237 14236
f 14205 14206 14238
f 14205 14238 14237
f 14206 14207 14239
f 14206 14239 14238
f 14207 14208 14240
f 14207 14240 14239
f 14208 14209 14241
f 14208 14241 14240
f 14209 14210 14242
f 14209 14242 14241
f 14210 14211 14243
f 14210 14243 14242
f 14211 14212 14244
f 14211 14244 14243
f 14212 14213 14245
f 14212 14245 14244
f 14213 14214 14246
f 14213 14246 14245
f 14214 14215 14247
f 14214 14247 14246
f 14215 14216 14248
f 14215 14248 14247
f 14216 14217 14249
f 14216 14249 14248
f 14217 14218 14250
f 14217 14250 14249
f 14218 14219 14251
f 14218 14251 14250
f 14219 14220 14252
f 14219 14252 14251
f 14220 14221 14253
f 14220 14253 14252
f 14221 14222 14254
f 14221 14254 14253
f 14222 14223 14255
f 14222 14255 14254
f 14223 14224 14256
f 14223 14256 14255
f 14224 14225 14257
f 14224 14257 14256
f 14225 14226 14258
f 14225 14258 14257
f 14226 14227 14259
f 14226 14259 14258
f 14227 14228 14260
f 14227 14260 14259
f 14228 14229 14261
f 14228 14261 14260
f 14229 14198 14230
f 14229 14230 14261
o LeftWhisker
usemtl detail_12
s off
v -1.096701 0.266704 -1.958732
v -0.466424 0.155569 -1.958732
v -0.463299 0.173296 -1.958732
v -1.093576 0.284431 -1.958732
v -1.096701 0.266704 -1.940732
v -0.466424 0.155569 -1.940732
v -0.463299 0.173296 -1.940732
v -1.093576 0.284431 -1.940732
f 14262 14265 14264
f 14262 14264 14263
f 14266 14267 14268
f 14266 14268 14269
f 14262 14266 14269
f 14262 14269 14265
f 14263 14264 14268
f 14263 14268 14267
f 14265 14269 14268
f 14265 14268 14264
f 14262 14263 14267
f 14262 14267 14266
o LeftWhisker_1
usemtl detail_13
s off
v -1.141136 0.024665 -1.958732
v -0.515122 0.157728 -1.958732
v -0.518864 0.175335 -1.958732
v -1.144878 0.042272 -1.958732
v -1.141136 0.024665 -1.940732
v -0.515122 0.157728 -1.940732
v -0.518864 0.175335 -1.940732
v -1.144878 0.042272 -1.940732
f 14270 14273 14272
f 14270 14272 14271
f 14274 14275 14276
f 14274 14276 14277
f 14270 14274 14277
f 14270 14277 14273
f 14271 14272 14276
f 14271 14276 14275
f 14273 14277 14276
f 14273 14276 14272
f 14270 14271 14275
f 14270 14275 14274
o RightEarInner
usemtl detail_14
s 1
v 1.020000 1.420000 -1.214942
v 1.134783 1.388942 -1.212083
v 1.140640 1.419925 -1.211889
v 1.141861 1.450911 -1.211652
v 1.138399 1.480709 -1.211385
v 1.130387 1.508174 -1.211110
v 1.118133 1.532251 -1.210848
v 1.102108 1.552014 -1.210623
v 1.082927 1.566704 -1.210453
v 1.061328 1.575756 -1.210353
v 1.038141 1.578822 -1.210331
v 1.014257 1.575785 -1.210385
v 0.990593 1.566761 -1.210507
v 0.968060 1.552097 -1.210682
v 0.947522 1.532357 -1.210891
v 0.929770 1.508299 -1.211114
v 0.915485 1.480848 -1.211332
v 0.905217 1.451058 -1.211529
v 0.899360 1.420075 -1.211694
v 0.898139 1.389089 -1.211823
v 0.901601 1.359291 -1.211916
v 0.909613 1.331826 -1.211981
v 0.921867 1.307749 -1.212027
v 0.937892 1.287986 -1.212063
v 0.957073 1.273296 -1.212100
v 0.978672 1.264244 -1.212144
v 1.001859 1.261178 -1.212195
v 1.025743 1.264215 -1.212251
v 1.049407 1.273239 -1.212302
v 1.071940 1.287903 -1.212338
v 1.092478 1.307643 -1.212345
v 1.110230 1.331701 -1.212310
v 1.124515 1.359152 -1.212224
v 1.249566 1.357883 -1.202633
v 1.261281 1.419850 -1.202193
v 1.263723 1.481822 -1.201574
v 1.256799 1.541418 -1.200824
v 1.240775 1.596349 -1.200013
v 1.216267 1.644502 -1.199223
v 1.184216 1.684028 -1.198538
v 1.145855 1.713407 -1.198030
v 1.102657 1.731511 -1.197756
v 1.056282 1.737644 -1.197739
v 1.008514 1.731570 -1.197973
v 0.961187 1.713522 -1.198422
v 0.916119 1.684195 -1.199024
v 0.875044 1.644714 -1.199703
v 0.839540 1.596598 -1.200380
v 0.810970 1.541696 -1.200984
v 0.790434 1.482117 -1.201461
v 0.778719 1.420150 -1.201780
v 0.776277 1.358178 -1.201937
v 0.783201 1.298582 -1.201952
v 0.799225 1.243651 -1.201868
v 0.823733 1.195498 -1.201736
v 0.855784 1.155972 -1.201615
v 0.894145 1.126593 -1.201554
v 0.937343 1.108489 -1.201588
v 0.983718 1.102356 -1.201728
v 1.031486 1.108430 -1.201962
v 1.078813 1.126478 -1.202254
v 1.123881 1.155805 -1.202551
v 1.164956 1.195286 -1.202791
v 1.200460 1.243402 -1.202915
v 1.229030 1.298304 -1.202872
v 1.364349 1.326825 -1.185355
v 1.381921 1.419775 -1.184566
v 1.385584 1.512733 -1.183331
v 1.375198 1.602127 -1.181754
v 1.351162 1.684523 -1.179994
v 1.314400 1.756753 -1.178244
v 1.266324 1.816042 -1.176713
v 1.208782 1.860111 -1.175586
v 1.143985 1.887267 -1.175003
v 1.074424 1.896466 -1.175028
v 1.002771 1.887355 -1.175642
v 0.931780 1.860283 -1.176744
v 0.864179 1.816292 -1.178172
v 0.802567 1.757071 -1.179731
v 0.749310 1.684898 -1.181225
v 0.706456 1.602544 -1.182485
v 0.675651 1.513175 -1.183388
v 0.658079 1.420225 -1.183872
v 0.654416 1.327267 -1.183942
v 0.664802 1.237873 -1.183660
v 0.688838 1.155477 -1.183143
v 0.725600 1.083247 -1.182535
v 0.773676 1.023958 -1.181992
v 0.831218 0.979889 -1.181651
v 0.896015 0.952733 -1.181608
v 0.965576 0.943534 -1.181899
v 1.037229 0.952645 -1.182493
v 1.108220 0.979717 -1.183297
v 1.175821 1.023708 -1.184173
v 1.237433 1.082929 -1.184958
v 1.290690 1.155102 -1.185497
v 1.333544 1.237456 -1.185657
v 1.479132 1.295767 -1.156964
v 1.502561 1.419700 -1.155578
v 1.507446 1.543644 -1.153201
v 1.493598 1.662836 -1.150018
v 1.461550 1.772697 -1.146337
v 1.412533 1.869004 -1.142572
v 1.348432 1.948055 -1.139198
v 1.271709 2.006814 -1.136687
v 1.185314 2.043022 -1.135414
v 1.092565 2.055288 -1.135563
v 0.997028 2.043139 -1.137078
v 0.902373 2.007044 -1.139675
v 0.812239 1.948389 -1.142924
v 0.730089 1.869429 -1.146346
v 0.659080 1.773197 -1.149499
v 0.601941 1.663392 -1.152031
v 0.560868 1.544233 -1.153708
v 0.537439 1.420300 -1.154428
v 0.532554 1.296356 -1.154220
v 0.546402 1.177164 -1.153236
v 0.578450 1.067303 -1.151734
v 0.627467 0.970996 -1.150044
v 0.691568 0.891945 -1.148531
v 0.768291 0.833186 -1.147530
v 0.854686 0.796978 -1.147281
v 0.947435 0.784712 -1.147878
v 1.042972 0.796861 -1.149245
v 1.137627 0.832956 -1.151151
v 1.227761 0.891611 -1.153265
v 1.309911 0.970571 -1.155216
v 1.380920 1.066803 -1.156655
v 1.438059 1.176608 -1.157300
f 14278 14280 14279
f 14278 14281 14280
f 14278 14282 14281
f 14278 14283 14282
f 14278 14284 14283
f 14278 14285 14284
f 14278 14286 14285
f 14278 14287 14286
f 14278 14288 14287
f 14278 14289 14288
f 14278 14290 14289
f 14278 14291 14290
f 14278 14292 14291
f 14278 14293 14292
f 14278 14294 14293
f 14278 14295 14294
f 14278 14296 14295
f 14278 14297 14296
f 14278 14298 14297
f 14278 14299 14298
f 14278 14300 14299
f 14278 14301 14300
f 14278 14302 14301
f 14278 14303 14302
f 14278 14304 14303
f 14278 14305 14304
f 14278 14306 14305
f 14278 14307 14306
f 14278 14308 14307
f 14278 14309 14308
f 14278 14310 14309
f 14278 14279 14310
f 14279 14280 14312
f 14279 14312 14311
f 14280 14281 14313
f 14280 14313 14312
f 14281 14282 14314
f 14281 14314 14313
f 14282 14283 14315
f 14282 14315 14314
f 14283 14284 14316
f 14283 14316 14315
f 14284 14285 14317
f 14284 14317 14316
f 14285 14286 14318
f 14285 14318 14317
f 14286 14287 14319
f 14286 14319 14318
f 14287 14288 14320
f 14287 14320 14319
f 14288 14289 14321
f 14288 14321 14320
f 14289 14290 14322
f 14289 14322 14321
f 14290 14291 14323
f 14290 14323 14322
f 14291 14292 14324
f 14291 14324 14323
f 14292 14293 14325
f 14292 14325 14324
f 14293 14294 14326
f 14293 14326 14325
f 14294 14295 14327
f 14294 14327 14326
f 14295 14296 14328
f 14295 14328 14327
f 14296 14297 14329
f 14296 14329 14328
f 14297 14298 14330
f 14297 14330 14329
f 14298 14299 14331
f 14298 14331 14330
f 14299 14300 14332
f 14299 14332 14331
f 14300 14301 14333
f 14300 14333 14332
f 14301 14302 14334
f 14301 14334 14333
f 14302 14303 14335
f 14302 14335 14334
f 14303 14304 14336
f 14303 14336 14335
f 14304 14305 14337
f 14304 14337 14336
f 14305 14306 14338
f 14305 14338 14337
f 14306 14307 14339
f 14306 14339 14338
f 14307 14308 14340
f 14307 14340 14339
f 14308 14309 14341
f 14308 14341 14340
f 14309 14310 14342
f 14309 14342 14341
f 14310 14279 14311
f 14310 14311 14342
f 14311 14312 14344
f 14311 14344 14343
f 14312 14313 14345
f 14312 14345 14344
f 14313 14314 14346
f 14313 14346 14345
f 14314 14315 14347
f 14314 14347 14346
f 14315 14316 14348
f 14315 14348 14347
f 14316 14317 14349
f 14316 14349 14348
f 14317 14318 14350
f 14317 14350 14349
f 14318 14319 14351
f 14318 14351 14350
f 14319 14320 14352
f 14319 14352 14351
f 14320 14321 14353
f 14320 14353 14352
f 14321 14322 14354
f 14321 14354 14353
f 14322 14323 14355
f 14322 14355 14354
f 14323 14324 14356
f 14323 14356 14355
f 14324 14325 14357
f 14324 14357 14356
f 14325 14326 14358
f 14325 14358 14357
f 14326 14327 14359
f 14326 14359 14358
f 14327 14328 14360
f 14327 14360 14359
f 14328 14329 14361
f 14328 14361 14360
f 14329 14330 14362
f 14329 14362 14361
f 14330 14331 14363
f 14330 14363 14362
f 14331 14332 14364
f 14331 14364 14363
f 14332 14333 14365
f 14332 14365 14364
f 14333 14334 14366
f 14333 14366 14365
f 14334 14335 14367
f 14334 14367 14366
f 14335 14336 14368
f 14335 14368 14367
f 14336 14337 14369
f 14336 14369 14368
f 14337 14338 14370
f 14337 14370 14369
f 14338 14339 14371
f 14338 14371 14370
f 14339 14340 14372
f 14339 14372 14371
f 14340 14341 14373
f 14340 14373 14372
f 14341 14342 14374
f 14341 14374 14373
f 14342 14311 14343
f 14342 14343 14374
f 14343 14344 14376
f 14343 14376 14375
f 14344 14345 14377
f 14344 14377 14376
f 14345 14346 14378
f 14345 14378 14377
f 14346 14347 14379
f 14346 14379 14378
f 14347 14348 14380
f 14347 14380 14379
f 14348 14349 14381
f 14348 14381 14380
f 14349 14350 14382
f 14349 14382 14381
f 14350 14351 14383
f 14350 14383 14382
f 14351 14352 14384
f 14351 14384 14383
f 14352 14353 14385
f 14352 14385 14384
f 14353 14354 14386
f 14353 14386 14385
f 14354 14355 14387
f 14354 14387 14386
f 14355 14356 14388
f 14355 14388 14387
f 14356 14357 14389
f 14356 14389 14388
f 14357 14358 14390
f 14357 14390 14389
f 14358 14359 14391
f 14358 14391 14390
f 14359 14360 14392
f 14359 14392 14391
f 14360 14361 14393
f 14360 14393 14392
f 14361 14362 14394
f 14361 14394 14393
f 14362 14363 14395
f 14362 14395 14394
f 14363 14364 14396
f 14363 14396 14395
f 14364 14365 14397
f 14364 14397 14396
f 14365 14366 14398
f 14365 14398 14397
f 14366 14367 14399
f 14366 14399 14398
f 14367 14368 14400
f 14367 14400 14399
f 14368 14369 14401
f 14368 14401 14400
f 14369 14370 14402
f 14369 14402 14401
f 14370 14371 14403
f 14370 14403 14402
f 14371 14372 14404
f 14371 14404 14403
f 14372 14373 14405
f 14372 14405 14404
f 14373 14374 14406
f 14373 14406 14405
f 14374 14343 14375
f 14374 14375 14406
o RightWhisker
usemtl detail_15
s off
v 0.466424 0.155569 -1.958732
v 1.096701 0.266704 -1.958732
v 1.093576 0.284431 -1.958732
v 0.463299 0.173296 -1.958732
v 0.466424 0.155569 -1.940732
v 1.096701 0.266704 -1.940732
v 1.093576 0.284431 -1.940732
v 0.463299 0.173296 -1.940732
f 14407 14410 14409
f 14407 14409 14408
f 14411 14412 14413
f 14411 14413 14414
f 14407 14411 14414
f 14407 14414 14410
f 14408 14409 14413
f 14408 14413 14412
f 14410 14414 14413
f 14410 14413 14409
f 14407 14408 14412
f 14407 14412 14411
o RightWhisker_1
usemtl detail_16
s off
v 0.515122 0.157728 -1.958732
v 1.141136 0.024665 -1.958732
v 1.144878 0.042272 -1.958732
v 0.518864 0.175335 -1.958732
v 0.515122 0.157728 -1.940732
v 1.141136 0.024665 -1.940732
v 1.144878 0.042272 -1.940732
v 0.518864 0.175335 -1.940732
f 14415 14418 14417
f 14415 14417 14416
f 14419 14420 14421
f 14419 14421 14422
f 14415 14419 14422
f 14415 14422 14418
f 14416 14417 14421
f 14416 14421 14420
f 14418 14422 14421
f 14418 14421 14417
f 14415 14416 14420
f 14415 14420 14419
o TailClover
usemtl detail_17
s 1
v 0.900000 1.588125 2.460000
v 0.904334 1.608636 2.460000
v 0.931250 1.654661 2.460000
v 0.988388 1.691353 2.460000
v 1.062380 1.689688 2.460000
v 1.125305 1.644515 2.460000
v 1.150000 1.572500 2.460000
v 1.125305 1.495176 2.460000
v 1.062380 1.424063 2.460000
v 0.988388 1.359897 2.460000
v 0.931250 1.302839 2.460000
v 0.904334 1.260423 2.460000
v 0.900000 1.244375 2.460000
v 0.895666 1.260423 2.460000
v 0.868750 1.302839 2.460000
v 0.811612 1.359897 2.460000
v 0.737620 1.424063 2.460000
v 0.674695 1.495176 2.460000
v 0.650000 1.572500 2.460000
v 0.674695 1.644515 2.460000
v 0.737620 1.689688 2.460000
v 0.811612 1.691353 2.460000
v 0.868750 1.654661 2.460000
v 0.895666 1.608636 2.460000
v 0.900000 1.588125 2.340000
v 0.904334 1.608636 2.340000
v 0.931250 1.654661 2.340000
v 0.988388 1.691353 2.340000
v 1.062380 1.689688 2.340000
v 1.125305 1.644515 2.340000
v 1.150000 1.572500 2.340000
v 1.125305 1.495176 2.340000
v 1.062380 1.424063 2.340000
v 0.988388 1.359897 2.340000
v 0.931250 1.302839 2.340000
v 0.904334 1.260423 2.340000
v 0.900000 1.244375 2.340000
v 0.895666 1.260423 2.340000
v 0.868750 1.302839 2.340000
v 0.811612 1.359897 2.340000
v 0.737620 1.424063 2.340000
v 0.674695 1.495176 2.340000
v 0.650000 1.572500 2.340000
v 0.674695 1.644515 2.340000
v 0.737620 1.689688 2.340000
v 0.811612 1.691353 2.340000
v 0.868750 1.654661 2.340000
v 0.895666 1.608636 2.340000
v 0.900000 1.510000 2.460000
v 0.900000 1.510000 2.340000
f 14471 14423 14424
f 14472 14448 14447
f 14423 14447 14448
f 14423 14448 14424
f 14471 14424 14425
f 14472 14449 14448
f 14424 14448 14449
f 14424 14449 14425
f 14471 14425 14426
f 14472 14450 14449
f 14425 14449 14450
f 14425 14450 14426
f 14471 14426 14427
f 14472 14451 14450
f 14426 14450 14451
f 14426 14451 14427
f 14471 14427 14428
f 14472 14452 14451
f 14427 14451 14452
f 14427 14452 14428
f 14471 14428 14429
f 14472 14453 14452
f 14428 14452 14453
f 14428 14453 14429
f 14471 14429 14430
f 14472 14454 14453
f 14429 14453 14454
f 14429 14454 14430
f 14471 14430 14431
f 14472 14455 14454
f 14430 14454 14455
f 14430 14455 14431
f 14471 14431 14432
f 14472 14456 14455
f 14431 14455 14456
f 14431 14456 14432
f 14471 14432 14433
f 14472 14457 14456
f 14432 14456 14457
f 14432 14457 14433
f 14471 14433 14434
f 14472 14458 14457
f 14433 14457 14458
f 14433 14458 14434
f 14471 14434 14435
f 14472 14459 14458
f 14434 14458 14459
f 14434 14459 14435
f 14471 14435 14436
f 14472 14460 14459
f 14435 14459 14460
f 14435 14460 14436
f 14471 14436 14437
f 14472 14461 14460
f 14436 14460 14461
f 14436 14461 14437
f 14471 14437 14438
f 14472 14462 14461
f 14437 14461 14462
f 14437 14462 14438
f 14471 14438 14439
f 14472 14463 14462
f 14438 14462 14463
f 14438 14463 14439
f 14471 14439 14440
f 14472 14464 14463
f 14439 14463 14464
f 14439 14464 14440
f 14471 14440 14441
f 14472 14465 14464
f 14440 14464 14465
f 14440 14465 14441
f 14471 14441 14442
f 14472 14466 14465
f 14441 14465 14466
f 14441 14466 14442
f 14471 14442 14443
f 14472 14467 14466
f 14442 14466 14467
f 14442 14467 14443
f 14471 14443 14444
f 14472 14468 14467
f 14443 14467 14468
f 14443 14468 14444
f 14471 14444 14445
f 14472 14469 14468
f 14444 14468 14469
f 14444 14469 14445
f 14471 14445 14446
f 14472 14470 14469
f 14445 14469 14470
f 14445 14470 14446
f 14471 14446 14423
f 14472 14447 14470
f 14446 14470 14447
f 14446 14447 14423
o TailClover_1
usemtl detail_18
s 1
v 1.050000 1.378125 2.400000
v 1.050000 1.398636 2.404334
v 1.050000 1.444661 2.431250
v 1.050000 1.481353 2.488388
v 1.050000 1.479688 2.562380
v 1.050000 1.434515 2.625305
v 1.050000 1.362500 2.650000
v 1.050000 1.285176 2.625305
v 1.050000 1.214063 2.562380
v 1.050000 1.149897 2.488388
v 1.050000 1.092839 2.431250
v 1.050000 1.050423 2.404334
v 1.050000 1.034375 2.400000
v 1.050000 1.050423 2.395666
v 1.050000 1.092839 2.368750
v 1.050000 1.149897 2.311612
v 1.050000 1.214063 2.237620
v 1.050000 1.285176 2.174695
v 1.050000 1.362500 2.150000
v 1.050000 1.434515 2.174695
v 1.050000 1.479688 2.237620
v 1.050000 1.481353 2.311612
v 1.050000 1.444661 2.368750
v 1.050000 1.398636 2.395666
v 1.170000 1.378125 2.400000
v 1.170000 1.398636 2.404334
v 1.170000 1.444661 2.431250
v 1.170000 1.481353 2.488388
v 1.170000 1.479688 2.562380
v 1.170000 1.434515 2.625305
v 1.170000 1.362500 2.650000
v 1.170000 1.285176 2.625305
v 1.170000 1.214063 2.562380
v 1.170000 1.149897 2.488388
v 1.170000 1.092839 2.431250
v 1.170000 1.050423 2.404334
v 1.170000 1.034375 2.400000
v 1.170000 1.050423 2.395666
v 1.170000 1.092839 2.368750
v 1.170000 1.149897 2.311612
v 1.170000 1.214063 2.237620
v 1.170000 1.285176 2.174695
v 1.170000 1.362500 2.150000
v 1.170000 1.434515 2.174695
v 1.170000 1.479688 2.237620
v 1.170000 1.481353 2.311612
v 1.170000 1.444661 2.368750
v 1.170000 1.398636 2.395666
v 1.050000 1.300000 2.400000
v 1.170000 1.300000 2.400000
f 14521 14473 14474
f 14522 14498 14497
f 14473 14497 14498
f 14473 14498 14474
f 14521 14474 14475
f 14522 14499 14498
f 14474 14498 14499
f 14474 14499 14475
f 14521 14475 14476
f 14522 14500 14499
f 14475 14499 14500
f 14475 14500 14476
f 14521 14476 14477
f 14522 14501 14500
f 14476 14500 14501
f 14476 14501 14477
f 14521 14477 14478
f 14522 14502 14501
f 14477 14501 14502
f 14477 14502 14478
f 14521 14478 14479
f 14522 14503 14502
f 14478 14502 14503
f 14478 14503 14479
f 14521 14479 14480
f 14522 14504 14503
f 14479 14503 14504
f 14479 14504 14480
f 14521 14480 14481
f 14522 14505 14504
f 14480 14504 14505
f 14480 14505 14481
f 14521 14481 14482
f 14522 14506 14505
f 14481 14505 14506
f 14481 14506 14482
f 14521 14482 14483
f 14522 14507 14506
f 14482 14506 14507
f 14482 14507 14483
f 14521 14483 14484
f 14522 14508 14507
f 14483 14507 14508
f 14483 14508 14484
f 14521 14484 14485
f 14522 14509 14508
f 14484 14508 14509
f 14484 14509 14485
f 14521 14485 14486
f 14522 14510 14509
f 14485 14509 14510
f 14485 14510 14486
f 14521 14486 14487
f 14522 14511 14510
f 14486 14510 14511
f 14486 14511 14487
f 14521 14487 14488
f 14522 14512 14511
f 14487 14511 14512
f 14487 14512 14488
f 14521 14488 14489
f 14522 14513 14512
f 14488 14512 14513
f 14488 14513 14489
f 14521 14489 14490
f 14522 14514 14513
f 14489 14513 14514
f 14489 14514 14490
f 14521 14490 14491
f 14522 14515 14514
f 14490 14514 14515
f 14490 14515 14491
f 14521 14491 14492
f 14522 14516 14515
f 14491 14515 14516
f 14491 14516 14492
f 14521 14492 14493
f 14522 14517 14516
f 14492 14516 14517
f 14492 14517 14493
f 14521 14493 14494
f 14522 14518 14517
f 14493 14517 14518
f 14493 14518 14494
f 14521 14494 14495
f 14522 14519 14518
f 14494 14518 14519
f 14494 14519 14495
f 14521 14495 14496
f 14522 14520 14519
f 14495 14519 14520
f 14495 14520 14496
f 14521 14496 14473
f 14522 14497 14520
f 14496 14520 14497
f 14496 14497 14473
o TailClover_2
usemtl detail_19
s 1
v 0.900000 1.168125 2.340000
v 0.895666 1.188636 2.340000
v 0.868750 1.234661 2.340000
v 0.811612 1.271353 2.340000
v 0.737620 1.269688 2.340000
v 0.674695 1.224515 2.340000
v 0.650000 1.152500 2.340000
v 0.674695 1.075176 2.340000
v 0.737620 1.004063 2.340000
v 0.811612 0.939897 2.340000
v 0.868750 0.882839 2.340000
v 0.895666 0.840423 2.340000
v 0.900000 0.824375 2.340000
v 0.904334 0.840423 2.340000
v 0.931250 0.882839 2.340000
v 0.988388 0.939897 2.340000
v 1.062380 1.004063 2.340000
v 1.125305 1.075176 2.340000
v 1.150000 1.152500 2.340000
v 1.125305 1.224515 2.340000
v 1.062380 1.269688 2.340000
v 0.988388 1.271353 2.340000
v 0.931250 1.234661 2.340000
v 0.904334 1.188636 2.340000
v 0.900000 1.168125 2.460000
v 0.895666 1.188636 2.460000
v 0.868750 1.234661 2.460000
v 0.811612 1.271353 2.460000
v 0.737620 1.269688 2.460000
v 0.674695 1.224515 2.460000
v 0.650000 1.152500 2.460000
v 0.674695 1.075176 2.460000
v 0.737620 1.004063 2.460000
v 0.811612 0.939897 2.460000
v 0.868750 0.882839 2.460000
v 0.895666 0.840423 2.460000
v 0.900000 0.824375 2.460000
v 0.904334 0.840423 2.460000
v 0.931250 0.882839 2.460000
v 0.988388 0.939897 2.460000
v 1.062380 1.004063 2.460000
v 1.125305 1.075176 2.460000
v 1.150000 1.152500 2.460000
v 1.125305 1.224515 2.460000
v 1.062380 1.269688 2.460000
v 0.988388 1.271353 2.460000
v 0.931250 1.234661 2.460000
v 0.904334 1.188636 2.460000
v 0.900000 1.090000 2.340000
v 0.900000 1.090000 2.460000
f 14571 14523 14524
f 14572 14548 14547
f 14523 14547 14548
f 14523 14548 14524
f 14571 14524 14525
f 14572 14549 14548
f 14524 14548 14549
f 14524 14549 14525
f 14571 14525 14526
f 14572 14550 14549
f 14525 14549 14550
f 14525 14550 14526
f 14571 14526 14527
f 14572 14551 14550
f 14526 14550 14551
f 14526 14551 14527
f 14571 14527 14528
f 14572 14552 14551
f 14527 14551 14552
f 14527 14552 14528
f 14571 14528 14529
f 14572 14553 14552
f 14528 14552 14553
f 14528 14553 14529
f 14571 14529 14530
f 14572 14554 14553
f 14529 14553 14554
f 14529 14554 14530
f 14571 14530 14531
f 14572 14555 14554
f 14530 14554 14555
f 14530 14555 14531
f 14571 14531 14532
f 14572 14556 14555
f 14531 14555 14556
f 14531 14556 14532
f 14571 14532 14533
f 14572 14557 14556
f 14532 14556 14557
f 14532 14557 14533
f 14571 14533 14534
f 14572 14558 14557
f 14533 14557 14558
f 14533 14558 14534
f 14571 14534 14535
f 14572 14559 14558
f 14534 14558 14559
f 14534 14559 14535
f 14571 14535 14536
f 14572 14560 14559
f 14535 14559 14560
f 14535 14560 14536
f 14571 14536 14537
f 14572 14561 14560
f 14536 14560 14561
f 14536 14561 14537
f 14571 14537 14538
f 14572 14562 14561
f 14537 14561 14562
f 14537 14562 14538
f 14571 14538 14539
f 14572 14563 14562
f 14538 14562 14563
f 14538 14563 14539
f 14571 14539 14540
f 14572 14564 14563
f 14539 14563 14564
f 14539 14564 14540
f 14571 14540 14541
f 14572 14565 14564
f 14540 14564 14565
f 14540 14565 14541
f 14571 14541 14542
f 14572 14566 14565
f 14541 14565 14566
f 14541 14566 14542
f 14571 14542 14543
f 14572 14567 14566
f 14542 14566 14567
f 14542 14567 14543
f 14571 14543 14544
f 14572 14568 14567
f 14543 14567 14568
f 14543 14568 14544
f 14571 14544 14545
f 14572 14569 14568
f 14544 14568 14569
f 14544 14569 14545
f 14571 14545 14546
f 14572 14570 14569
f 14545 14569 14570
f 14545 14570 14546
f 14571 14546 14523
f 14572 14547 14570
f 14546 14570 14547
f 14546 14547 14523
o TailClover_3
usemtl detail_20
s 1
v 0.750000 1.378125 2.400000
v 0.750000 1.398636 2.395666
v 0.750000 1.444661 2.368750
v 0.750000 1.481353 2.311612
v 0.750000 1.479688 2.237620
v 0.750000 1.434515 2.174695
v 0.750000 1.362500 2.150000
v 0.750000 1.285176 2.174695
v 0.750000 1.214063 2.237620
v 0.750000 1.149897 2.311612
v 0.750000 1.092839 2.368750
v 0.750000 1.050423 2.395666
v 0.750000 1.034375 2.400000
v 0.750000 1.050423 2.404334
v 0.750000 1.092839 2.431250
v 0.750000 1.149897 2.488388
v 0.750000 1.214063 2.562380
v 0.750000 1.285176 2.625305
v 0.750000 1.362500 2.650000
v 0.750000 1.434515 2.625305
v 0.750000 1.479688 2.562380
v 0.750000 1.481353 2.488388
v 0.750000 1.444661 2.431250
v 0.750000 1.398636 2.404334
v 0.630000 1.378125 2.400000
v 0.630000 1.398636 2.395666
v 0.630000 1.444661 2.368750
v 0.630000 1.481353 2.311612
v 0.630000 1.479688 2.237620
v 0.630000 1.434515 2.174695
v 0.630000 1.362500 2.150000
v 0.630000 1.285176 2.174695
v 0.630000 1.214063 2.237620
v 0.630000 1.149897 2.311612
v 0.630000 1.092839 2.368750
v 0.630000 1.050423 2.395666
v 0.630000 1.034375 2.400000
v 0.630000 1.050423 2.404334
v 0.630000 1.092839 2.431250
v 0.630000 1.149897 2.488388
v 0.630000 1.214063 2.562380
v 0.630000 1.285176 2.625305
v 0.630000 1.362500 2.650000
v 0.630000 1.434515 2.625305
v 0.630000 1.479688 2.562380
v 0.630000 1.481353 2.488388
v 0.630000 1.444661 2.431250
v 0.630000 1.398636 2.404334
v 0.750000 1.300000 2.400000
v 0.630000 1.300000 2.400000
f 14621 14573 14574
f 14622 14598 14597
f 14573 14597 14598
f 14573 14598 14574
f 14621 14574 14575
f 14622 14599 14598
f 14574 14598 14599
f 14574 14599 14575
f 14621 14575 14576
f 14622 14600 14599
f 14575 14599 14600
f 14575 14600 14576
f 14621 14576 14577
f 14622 14601 14600
f 14576 14600 14601
f 14576 14601 14577
f 14621 14577 14578
f 14622 14602 14601
f 14577 14601 14602
f 14577 14602 14578
f 14621 14578 14579
f 14622 14603 14602
f 14578 14602 14603
f 14578 14603 14579
f 14621 14579 14580
f 14622 14604 14603
f 14579 14603 14604
f 14579 14604 14580
f 14621 14580 14581
f 14622 14605 14604
f 14580 14604 14605
f 14580 14605 14581
f 14621 14581 14582
f 14622 14606 14605
f 14581 14605 14606
f 14581 14606 14582
f 14621 14582 14583
f 14622 14607 14606
f 14582 14606 14607
f 14582 14607 14583
f 14621 14583 14584
f 14622 14608 14607
f 14583 14607 14608
f 14583 14608 14584
f 14621 14584 14585
f 14622 14609 14608
f 14584 14608 14609
f 14584 14609 14585
f 14621 14585 14586
f 14622 14610 14609
f 14585 14609 14610
f 14585 14610 14586
f 14621 14586 14587
f 14622 14611 14610
f 14586 14610 14611
f 14586 14611 14587
f 14621 14587 14588
f 14622 14612 14611
f 14587 14611 14612
f 14587 14612 14588
f 14621 14588 14589
f 14622 14613 14612
f 14588 14612 14613
f 14588 14613 14589
f 14621 14589 14590
f 14622 14614 14613
f 14589 14613 14614
f 14589 14614 14590
f 14621 14590 14591
f 14622 14615 14614
f 14590 14614 14615
f 14590 14615 14591
f 14621 14591 14592
f 14622 14616 14615
f 14591 14615 14616
f 14591 14616 14592
f 14621 14592 14593
f 14622 14617 14616
f 14592 14616 14617
f 14592 14617 14593
f 14621 14593 14594
f 14622 14618 14617
f 14593 14617 14618
f 14593 14618 14594
f 14621 14594 14595
f 14622 14619 14618
f 14594 14618 14619
f 14594 14619 14595
f 14621 14595 14596
f 14622 14620 14619
f 14595 14619 14620
f 14595 14620 14596
f 14621 14596 14573
f 14622 14597 14620
f 14596 14620 14597
f 14596 14597 14573
o CrownSprout
usemtl detail_21
s 1
v -0.033707 1.633172 -1.528136
v -0.025000 1.650000 -1.523109
v -0.030567 1.631482 -1.526323
v -0.039274 1.614654 -1.531350
v -0.143334 1.689502 -1.490393
v -0.061831 1.667133 -1.443337
v 0.005398 1.609418 -1.404522
v -0.076105 1.631787 -1.451578
v -0.227388 1.728887 -1.437885
v -0.099715 1.681658 -1.364173
v 0.013684 1.599083 -1.298702
v -0.113989 1.646312 -1.372414
v -0.295595 1.753872 -1.376228
v -0.139546 1.691364 -1.286133
v 0.002230 1.593509 -1.204279
v -0.153820 1.656018 -1.294374
v -0.347604 1.762467 -1.305219
v -0.181920 1.694772 -1.209561
v -0.030510 1.591730 -1.122145
v -0.196194 1.659426 -1.217802
v -0.383095 1.753872 -1.224674
v -0.227046 1.691364 -1.134579
v -0.085270 1.593509 -1.052725
v -0.241320 1.656018 -1.142820
v -0.402388 1.728887 -1.134776
v -0.274715 1.681658 -1.061064
v -0.161316 1.599083 -0.995593
v -0.288989 1.646312 -1.069305
v -0.405834 1.689502 -1.035729
v -0.324331 1.667133 -0.988674
v -0.257102 1.609418 -0.949859
v -0.338605 1.631787 -0.996915
v -0.383707 1.633172 -0.921918
v -0.375000 1.650000 -0.916891
v -0.380567 1.631482 -0.920105
v -0.389274 1.614654 -0.925132
f 14623 14627 14628
f 14623 14628 14624
f 14624 14628 14629
f 14624 14629 14625
f 14625 14629 14630
f 14625 14630 14626
f 14626 14630 14627
f 14626 14627 14623
f 14627 14631 14632
f 14627 14632 14628
f 14628 14632 14633
f 14628 14633 14629
f 14629 14633 14634
f 14629 14634 14630
f 14630 14634 14631
f 14630 14631 14627
f 14631 14635 14636
f 14631 14636 14632
f 14632 14636 14637
f 14632 14637 14633
f 14633 14637 14638
f 14633 14638 14634
f 14634 14638 14635
f 14634 14635 14631
f 14635 14639 14640
f 14635 14640 14636
f 14636 14640 14641
f 14636 14641 14637
f 14637 14641 14642
f 14637 14642 14638
f 14638 14642 14639
f 14638 14639 14635
f 14639 14643 14644
f 14639 14644 14640
f 14640 14644 14645
f 14640 14645 14641
f 14641 14645 14646
f 14641 14646 14642
f 14642 14646 14643
f 14642 14643 14639
f 14643 14647 14648
f 14643 14648 14644
f 14644 14648 14649
f 14644 14649 14645
f 14645 14649 14650
f 14645 14650 14646
f 14646 14650 14647
f 14646 14647 14643
f 14647 14651 14652
f 14647 14652 14648
f 14648 14652 14653
f 14648 14653 14649
f 14649 14653 14654
f 14649 14654 14650
f 14650 14654 14651
f 14650 14651 14647
f 14651 14655 14656
f 14651 14656 14652
f 14652 14656 14657
f 14652 14657 14653
f 14653 14657 14658
f 14653 14658 14654
f 14654 14658 14655
f 14654 14655 14651
o CrownSproutVein
usemtl detail_22
s off
v -0.103395 1.704117 -1.447127
v -0.068075 1.685099 -1.426735
v -0.051605 1.725883 -1.417226
v -0.086925 1.744901 -1.437618
v -0.348395 1.704117 -1.022774
v -0.313075 1.685099 -1.002382
v -0.296605 1.725883 -0.992873
v -0.331925 1.744901 -1.013265
f 14659 14662 14661
f 14659 14661 14660
f 14663 14664 14665
f 14663 14665 14666
f 14659 14663 14666
f 14659 14666 14662
f 14660 14661 14665
f 14660 14665 14664
f 14662 14666 14665
f 14662 14665 14661
f 14659 14660 14664
f 14659 14664 14663
o CrownSprout_1
usemtl detail_23
s 1
v -0.052918 1.681439 -1.592254
v -0.058109 1.700000 -1.588618
v -0.049800 1.683214 -1.594437
v -0.044608 1.664654 -1.598072
v -0.067234 1.657416 -1.444892
v -0.000127 1.717133 -1.491881
v 0.080482 1.741504 -1.548324
v 0.013375 1.681787 -1.501335
v -0.054110 1.645838 -1.316745
v 0.058853 1.731658 -1.395842
v 0.185316 1.782133 -1.484392
v 0.072354 1.696312 -1.405296
v -0.021472 1.639500 -1.202261
v 0.119673 1.741364 -1.301091
v 0.274319 1.807881 -1.409376
v 0.133174 1.706018 -1.310545
v 0.032185 1.637461 -1.102495
v 0.182898 1.744772 -1.208025
v 0.347113 1.816736 -1.323010
v 0.196400 1.709426 -1.217479
v 0.107583 1.639500 -1.017952
v 0.248727 1.741364 -1.116782
v 0.403373 1.807881 -1.225066
v 0.262229 1.706018 -1.126236
v 0.204000 1.645838 -0.948126
v 0.316962 1.731658 -1.027223
v 0.443425 1.782133 -1.115774
v 0.330463 1.696312 -1.036677
v 0.319930 1.657416 -0.891965
v 0.387038 1.717133 -0.938954
v 0.467646 1.741504 -0.995396
v 0.400539 1.681787 -0.948407
v 0.463301 1.681439 -0.855017
v 0.458109 1.700000 -0.851382
v 0.466419 1.683214 -0.857200
v 0.471611 1.664654 -0.860835
f 14667 14671 14672
f 14667 14672 14668
f 14668 14672 14673
f 14668 14673 14669
f 14669 14673 14674
f 14669 14674 14670
f 14670 14674 14671
f 14670 14671 14667
f 14671 14675 14676
f 14671 14676 14672
f 14672 14676 14677
f 14672 14677 14673
f 14673 14677 14678
f 14673 14678 14674
f 14674 14678 14675
f 14674 14675 14671
f 14675 14679 14680
f 14675 14680 14676
f 14676 14680 14681
f 14676 14681 14677
f 14677 14681 14682
f 14677 14682 14678
f 14678 14682 14679
f 14678 14679 14675
f 14679 14683 14684
f 14679 14684 14680
f 14680 14684 14685
f 14680 14685 14681
f 14681 14685 14686
f 14681 14686 14682
f 14682 14686 14683
f 14682 14683 14679
f 14683 14687 14688
f 14683 14688 14684
f 14684 14688 14689
f 14684 14689 14685
f 14685 14689 14690
f 14685 14690 14686
f 14686 14690 14687
f 14686 14687 14683
f 14687 14691 14692
f 14687 14692 14688
f 14688 14692 14693
f 14688 14693 14689
f 14689 14693 14694
f 14689 14694 14690
f 14690 14694 14691
f 14690 14691 14687
f 14691 14695 14696
f 14691 14696 14692
f 14692 14696 14697
f 14692 14697 14693
f 14693 14697 14698
f 14693 14698 14694
f 14694 14698 14695
f 14694 14695 14691
f 14695 14699 14700
f 14695 14700 14696
f 14696 14700 14701
f 14696 14701 14697
f 14697 14701 14702
f 14697 14702 14698
f 14698 14702 14699
f 14698 14699 14695
o CrownSproutVein_1
usemtl detail_24
s off
v 0.010409 1.735099 -1.471791
v 0.043817 1.754117 -1.495183
v 0.028238 1.794901 -1.484275
v -0.005170 1.775883 -1.460882
v 0.371762 1.735099 -0.955725
v 0.405170 1.754117 -0.979118
v 0.389591 1.794901 -0.968209
v 0.356183 1.775883 -0.944817
f 14703 14706 14705
f 14703 14705 14704
f 14707 14708 14709
f 14707 14709 14710
f 14703 14707 14710
f 14703 14710 14706
f 14704 14705 14709
f 14704 14709 14708
f 14706 14710 14709
f 14706 14709 14705
f 14703 14704 14708
f 14703 14708 14707
o ManeLeaf
usemtl detail_25
s 1
v -0.003400 0.820815 -1.140761
v 0.000000 0.836788 -1.129576
v 0.003400 0.820815 -1.140761
v 0.000000 0.804841 -1.151946
v -0.161071 0.764603 -1.027524
v 0.000000 0.780577 -1.016339
v 0.161071 0.764603 -1.027524
v 0.000000 0.748630 -1.038708
v -0.261072 0.706035 -0.915937
v 0.000000 0.722008 -0.904752
v 0.261072 0.706035 -0.915937
v 0.000000 0.690061 -0.927122
v -0.322533 0.643109 -0.807401
v 0.000000 0.659083 -0.796216
v 0.322533 0.643109 -0.807401
v 0.000000 0.627136 -0.818586
v -0.343400 0.574493 -0.702850
v 0.000000 0.590466 -0.691665
v 0.343400 0.574493 -0.702850
v 0.000000 0.558519 -0.714035
v -0.322533 0.499715 -0.602613
v 0.000000 0.515689 -0.591428
v 0.322533 0.499715 -0.602613
v 0.000000 0.483742 -0.613798
v -0.261072 0.419246 -0.506361
v 0.000000 0.435220 -0.495176
v 0.261072 0.419246 -0.506361
v 0.000000 0.403273 -0.517546
v -0.161071 0.334421 -0.413160
v 0.000000 0.350395 -0.401975
v 0.161071 0.334421 -0.413160
v 0.000000 0.318448 -0.424344
v -0.003400 0.247238 -0.321609
v 0.000000 0.263212 -0.310424
v 0.003400 0.247238 -0.321609
v 0.000000 0.231265 -0.332793
f 14711 14715 14716
f 14711 14716 14712
f 14712 14716 14717
f 14712 14717 14713
f 14713 14717 14718
f 14713 14718 14714
f 14714 14718 14715
f 14714 14715 14711
f 14715 14719 14720
f 14715 14720 14716
f 14716 14720 14721
f 14716 14721 14717
f 14717 14721 14722
f 14717 14722 14718
f 14718 14722 14719
f 14718 14719 14715
f 14719 14723 14724
f 14719 14724 14720
f 14720 14724 14725
f 14720 14725 14721
f 14721 14725 14726
f 14721 14726 14722
f 14722 14726 14723
f 14722 14723 14719
f 14723 14727 14728
f 14723 14728 14724
f 14724 14728 14729
f 14724 14729 14725
f 14725 14729 14730
f 14725 14730 14726
f 14726 14730 14727
f 14726 14727 14723
f 14727 14731 14732
f 14727 14732 14728
f 14728 14732 14733
f 14728 14733 14729
f 14729 14733 14734
f 14729 14734 14730
f 14730 14734 14731
f 14730 14731 14727
f 14731 14735 14736
f 14731 14736 14732
f 14732 14736 14737
f 14732 14737 14733
f 14733 14737 14738
f 14733 14738 14734
f 14734 14738 14735
f 14734 14735 14731
f 14735 14739 14740
f 14735 14740 14736
f 14736 14740 14741
f 14736 14741 14737
f 14737 14741 14742
f 14737 14742 14738
f 14738 14742 14739
f 14738 14739 14735
f 14739 14743 14744
f 14739 14744 14740
f 14740 14744 14745
f 14740 14745 14741
f 14741 14745 14746
f 14741 14746 14742
f 14742 14746 14743
f 14742 14743 14739
o ManeLeafVein
usemtl detail_26
s off
v -0.022500 0.797321 -1.019609
v 0.022500 0.797321 -1.019609
v 0.022500 0.834183 -0.993798
v -0.022500 0.834183 -0.993798
v -0.022500 0.395817 -0.446202
v 0.022500 0.395817 -0.446202
v 0.022500 0.432679 -0.420391
v -0.022500 0.432679 -0.420391
f 14747 14750 14749
f 14747 14749 14748
f 14751 14752 14753
f 14751 14753 14754
f 14747 14751 14754
f 14747 14754 14750
f 14748 14749 14753
f 14748 14753 14752
f 14750 14754 14753
f 14750 14753 14749
f 14747 14748 14752
f 14747 14752 14751
o ManeLeaf_1
usemtl detail_27
s 1
v 0.284235 0.586557 -1.018429
v 0.286017 0.604085 -1.009406
v 0.288909 0.589459 -1.022426
v 0.287127 0.571931 -1.031449
v 0.266054 0.488398 -0.842711
v 0.376204 0.573205 -0.926370
v 0.487465 0.625858 -1.032071
v 0.377315 0.541051 -0.948412
v 0.287592 0.412474 -0.702519
v 0.466474 0.539953 -0.844960
v 0.646466 0.635276 -1.009444
v 0.467584 0.507798 -0.867003
v 0.335770 0.348612 -0.587987
v 0.556895 0.502316 -0.766556
v 0.779129 0.623865 -0.967168
v 0.558005 0.470161 -0.788599
v 0.412047 0.296342 -0.501244
v 0.647513 0.458950 -0.692079
v 0.884090 0.589404 -0.904957
v 0.648624 0.426796 -0.714122
v 0.517222 0.255680 -0.443284
v 0.738346 0.409384 -0.621853
v 0.960581 0.530934 -0.822465
v 0.739457 0.377230 -0.643896
v 0.650496 0.226611 -0.413113
v 0.829377 0.354089 -0.555554
v 1.009369 0.449413 -0.720038
v 0.830488 0.321935 -0.577597
v 0.810410 0.209603 -0.408602
v 0.920560 0.294410 -0.492261
v 1.031820 0.347063 -0.597962
v 0.921670 0.262256 -0.514303
v 1.010042 0.214830 -0.439617
v 1.011824 0.232358 -0.430594
v 1.014716 0.217732 -0.443614
v 1.012934 0.200204 -0.452637
f 14755 14759 14760
f 14755 14760 14756
f 14756 14760 14761
f 14756 14761 14757
f 14757 14761 14762
f 14757 14762 14758
f 14758 14762 14759
f 14758 14759 14755
f 14759 14763 14764
f 14759 14764 14760
f 14760 14764 14765
f 14760 14765 14761
f 14761 14765 14766
f 14761 14766 14762
f 14762 14766 14763
f 14762 14763 14759
f 14763 14767 14768
f 14763 14768 14764
f 14764 14768 14769
f 14764 14769 14765
f 14765 14769 14770
f 14765 14770 14766
f 14766 14770 14767
f 14766 14767 14763
f 14767 14771 14772
f 14767 14772 14768
f 14768 14772 14773
f 14768 14773 14769
f 14769 14773 14774
f 14769 14774 14770
f 14770 14774 14771
f 14770 14771 14767
f 14771 14775 14776
f 14771 14776 14772
f 14772 14776 14777
f 14772 14777 14773
f 14773 14777 14778
f 14773 14778 14774
f 14774 14778 14775
f 14774 14775 14771
f 14775 14779 14780
f 14775 14780 14776
f 14776 14780 14781
f 14776 14781 14777
f 14777 14781 14782
f 14777 14782 14778
f 14778 14782 14779
f 14778 14779 14775
f 14779 14783 14784
f 14779 14784 14780
f 14780 14784 14785
f 14780 14785 14781
f 14781 14785 14786
f 14781 14786 14782
f 14782 14786 14783
f 14782 14783 14779
f 14783 14787 14788
f 14783 14788 14784
f 14784 14788 14789
f 14784 14789 14785
f 14785 14789 14790
f 14785 14790 14786
f 14786 14790 14787
f 14786 14787 14783
o ManeLeafVein_1
usemtl detail_28
s off
v 0.380064 0.585174 -0.922075
v 0.410993 0.604376 -0.948527
v 0.409711 0.641477 -0.923093
v 0.378782 0.622275 -0.896641
v 0.888129 0.324966 -0.516907
v 0.919058 0.344168 -0.543359
v 0.917776 0.381268 -0.517925
v 0.886848 0.362067 -0.491473
f 14791 14794 14793
f 14791 14793 14792
f 14795 14796 14797
f 14795 14797 14798
f 14791 14795 14798
f 14791 14798 14794
f 14792 14793 14797
f 14792 14797 14796
f 14794 14798 14797
f 14794 14797 14793
f 14791 14792 14796
f 14791 14796 14795
o ManeLeaf_2
usemtl detail_29
s 1
v 0.326800 0.036478 -0.618231
v 0.326223 0.054362 -0.609766
v 0.325043 0.040257 -0.623604
v 0.325620 0.022374 -0.632068
v 0.488564 -0.018709 -0.510392
v 0.447257 0.086806 -0.626514
v 0.405347 0.160334 -0.764938
v 0.446654 0.054818 -0.648816
v 0.635386 -0.044205 -0.449768
v 0.568246 0.116890 -0.644907
v 0.500504 0.245997 -0.862349
v 0.567644 0.084902 -0.667210
v 0.772170 -0.052642 -0.422638
v 0.689154 0.142612 -0.666342
v 0.605535 0.305879 -0.932349
v 0.688551 0.110625 -0.688644
v 0.898361 -0.044216 -0.431557
v 0.809954 0.162636 -0.691750
v 0.720944 0.337500 -0.974245
v 0.809351 0.130648 -0.714053
v 1.013654 -0.018764 -0.477755
v 0.930637 0.176491 -0.721459
v 0.847018 0.339757 -0.987466
v 0.930035 0.144503 -0.743762
v 1.118353 0.023551 -0.560002
v 1.051214 0.184646 -0.755141
v 0.983471 0.313753 -0.972584
v 1.050611 0.152658 -0.777444
v 1.213015 0.082925 -0.675743
v 1.171708 0.188440 -0.791865
v 1.129798 0.261968 -0.930289
v 1.171105 0.156452 -0.814167
v 1.292735 0.171990 -0.838699
v 1.292158 0.189874 -0.830234
v 1.290978 0.175769 -0.844072
v 1.291555 0.157886 -0.852537
f 14799 14803 14804
f 14799 14804 14800
f 14800 14804 14805
f 14800 14805 14801
f 14801 14805 14806
f 14801 14806 14802
f 14802 14806 14803
f 14802 14803 14799
f 14803 14807 14808
f 14803 14808 14804
f 14804 14808 14809
f 14804 14809 14805
f 14805 14809 14810
f 14805 14810 14806
f 14806 14810 14807
f 14806 14807 14803
f 14807 14811 14812
f 14807 14812 14808
f 14808 14812 14813
f 14808 14813 14809
f 14809 14813 14814
f 14809 14814 14810
f 14810 14814 14811
f 14810 14811 14807
f 14811 14815 14816
f 14811 14816 14812
f 14812 14816 14817
f 14812 14817 14813
f 14813 14817 14818
f 14813 14818 14814
f 14814 14818 14815
f 14814 14815 14811
f 14815 14819 14820
f 14815 14820 14816
f 14816 14820 14821
f 14816 14821 14817
f 14817 14821 14822
f 14817 14822 14818
f 14818 14822 14819
f 14818 14819 14815
f 14819 14823 14824
f 14819 14824 14820
f 14820 14824 14825
f 14820 14825 14821
f 14821 14825 14826
f 14821 14826 14822
f 14822 14826 14823
f 14822 14823 14819
f 14823 14827 14828
f 14823 14828 14824
f 14824 14828 14829
f 14824 14829 14825
f 14825 14829 14830
f 14825 14830 14826
f 14826 14830 14827
f 14826 14827 14823
f 14827 14831 14832
f 14827 14832 14828
f 14828 14832 14833
f 14828 14833 14829
f 14829 14833 14834
f 14829 14834 14830
f 14830 14834 14831
f 14830 14831 14827
o ManeLeafVein_2
usemtl detail_30
s off
v 0.476577 0.108729 -0.637924
v 0.464953 0.133739 -0.673482
v 0.465648 0.170648 -0.647748
v 0.477273 0.145638 -0.612190
v 1.152732 0.203587 -0.792252
v 1.141107 0.228598 -0.827810
v 1.141803 0.265507 -0.802076
v 1.153427 0.240496 -0.766518
f 14835 14838 14837
f 14835 14837 14836
f 14839 14840 14841
f 14839 14841 14842
f 14835 14839 14842
f 14835 14842 14838
f 14836 14837 14841
f 14836 14841 14840
f 14838 14842 14841
f 14838 14841 14837
f 14835 14836 14840
f 14835 14840 14839
o ManeLeaf_3
usemtl detail_31
s 1
v 0.178044 -0.393640 -0.346118
v 0.175217 -0.376841 -0.336038
v 0.171727 -0.392122 -0.348126
v 0.174554 -0.408921 -0.358206
v 0.371060 -0.347917 -0.384803
v 0.221765 -0.295915 -0.421283
v 0.071807 -0.275993 -0.479931
v 0.221102 -0.327995 -0.443451
v 0.510456 -0.291686 -0.442154
v 0.268265 -0.217357 -0.508164
v 0.025410 -0.175107 -0.596342
v 0.267601 -0.249437 -0.530332
v 0.613959 -0.231225 -0.513908
v 0.314673 -0.143173 -0.598067
v 0.014725 -0.087201 -0.704395
v 0.314010 -0.175253 -0.620236
v 0.679634 -0.167415 -0.601599
v 0.360964 -0.074704 -0.691920
v 0.041631 -0.014073 -0.804410
v 0.360300 -0.106784 -0.714089
v 0.706412 -0.100474 -0.705889
v 0.407126 -0.012422 -0.790048
v 0.107178 0.043550 -0.896376
v 0.406463 -0.044502 -0.812216
v 0.695362 -0.030185 -0.826116
v 0.453171 0.044145 -0.892126
v 0.210316 0.086394 -0.980304
v 0.452507 0.012065 -0.914294
v 0.648420 0.044335 -0.960746
v 0.499125 0.096337 -0.997226
v 0.349166 0.116259 -1.055874
v 0.498461 0.064257 -1.019394
v 0.547856 0.129363 -1.114042
v 0.545030 0.146162 -1.103962
v 0.541540 0.130881 -1.116050
v 0.544366 0.114082 -1.126130
f 14843 14847 14848
f 14843 14848 14844
f 14844 14848 14849
f 14844 14849 14845
f 14845 14849 14850
f 14845 14850 14846
f 14846 14850 14847
f 14846 14847 14843
f 14847 14851 14852
f 14847 14852 14848
f 14848 14852 14853
f 14848 14853 14849
f 14849 14853 14854
f 14849 14854 14850
f 14850 14854 14851
f 14850 14851 14847
f 14851 14855 14856
f 14851 14856 14852
f 14852 14856 14857
f 14852 14857 14853
f 14853 14857 14858
f 14853 14858 14854
f 14854 14858 14855
f 14854 14855 14851
f 14855 14859 14860
f 14855 14860 14856
f 14856 14860 14861
f 14856 14861 14857
f 14857 14861 14862
f 14857 14862 14858
f 14858 14862 14859
f 14858 14859 14855
f 14859 14863 14864
f 14859 14864 14860
f 14860 14864 14865
f 14860 14865 14861
f 14861 14865 14866
f 14861 14866 14862
f 14862 14866 14863
f 14862 14863 14859
f 14863 14867 14868
f 14863 14868 14864
f 14864 14868 14869
f 14864 14869 14865
f 14865 14869 14870
f 14865 14870 14866
f 14866 14870 14867
f 14866 14867 14863
f 14867 14871 14872
f 14867 14872 14868
f 14868 14872 14873
f 14868 14873 14869
f 14869 14873 14874
f 14869 14874 14870
f 14870 14874 14871
f 14870 14871 14867
f 14871 14875 14876
f 14871 14876 14872
f 14872 14876 14877
f 14872 14877 14873
f 14873 14877 14878
f 14873 14878 14874
f 14874 14878 14875
f 14874 14875 14871
o ManeLeafVein_3
usemtl detail_32
s off
v 0.251208 -0.256922 -0.457372
v 0.209405 -0.246874 -0.470660
v 0.210171 -0.209859 -0.445082
v 0.251973 -0.219906 -0.431793
v 0.510076 0.109181 -0.994918
v 0.468274 0.119228 -1.008207
v 0.469039 0.156243 -0.982628
v 0.510842 0.146196 -0.969340
f 14879 14882 14881
f 14879 14881 14880
f 14883 14884 14885
f 14883 14885 14886
f 14879 14883 14886
f 14879 14886 14882
f 14880 14881 14885
f 14880 14885 14884
f 14882 14886 14885
f 14882 14885 14881
f 14879 14880 14884
f 14879 14884 14883
o ManeLeaf_4
usemtl detail_33
s 1
v -0.171727 -0.392122 -0.348126
v -0.175217 -0.376841 -0.336038
v -0.178044 -0.393640 -0.346118
v -0.174554 -0.408921 -0.358206
v -0.071807 -0.275993 -0.479931
v -0.221765 -0.295915 -0.421283
v -0.371060 -0.347917 -0.384803
v -0.221102 -0.327995 -0.443451
v -0.025410 -0.175107 -0.596342
v -0.268265 -0.217357 -0.508164
v -0.510456 -0.291686 -0.442154
v -0.267601 -0.249437 -0.530332
v -0.014725 -0.087201 -0.704395
v -0.314673 -0.143173 -0.598067
v -0.613959 -0.231225 -0.513908
v -0.314010 -0.175253 -0.620236
v -0.041631 -0.014073 -0.804410
v -0.360964 -0.074704 -0.691920
v -0.679634 -0.167415 -0.601599
v -0.360300 -0.106784 -0.714089
v -0.107178 0.043550 -0.896376
v -0.407126 -0.012422 -0.790048
v -0.706412 -0.100474 -0.705889
v -0.406463 -0.044502 -0.812216
v -0.210316 0.086394 -0.980304
v -0.453171 0.044145 -0.892126
v -0.695362 -0.030185 -0.826116
v -0.452507 0.012065 -0.914294
v -0.349166 0.116259 -1.055874
v -0.499125 0.096337 -0.997226
v -0.648420 0.044335 -0.960746
v -0.498461 0.064257 -1.019394
v -0.541540 0.130881 -1.116050
v -0.545030 0.146162 -1.103962
v -0.547856 0.129363 -1.114042
v -0.544366 0.114082 -1.126130
f 14887 14891 14892
f 14887 14892 14888
f 14888 14892 14893
f 14888 14893 14889
f 14889 14893 14894
f 14889 14894 14890
f 14890 14894 14891
f 14890 14891 14887
f 14891 14895 14896
f 14891 14896 14892
f 14892 14896 14897
f 14892 14897 14893
f 14893 14897 14898
f 14893 14898 14894
f 14894 14898 14895
f 14894 14895 14891
f 14895 14899 14900
f 14895 14900 14896
f 14896 14900 14901
f 14896 14901 14897
f 14897 14901 14902
f 14897 14902 14898
f 14898 14902 14899
f 14898 14899 14895
f 14899 14903 14904
f 14899 14904 14900
f 14900 14904 14905
f 14900 14905 14901
f 14901 14905 14906
f 14901 14906 14902
f 14902 14906 14903
f 14902 14903 14899
f 14903 14907 14908
f 14903 14908 14904
f 14904 14908 14909
f 14904 14909 14905
f 14905 14909 14910
f 14905 14910 14906
f 14906 14910 14907
f 14906 14907 14903
f 14907 14911 14912
f 14907 14912 14908
f 14908 14912 14913
f 14908 14913 14909
f 14909 14913 14914
f 14909 14914 14910
f 14910 14914 14911
f 14910 14911 14907
f 14911 14915 14916
f 14911 14916 14912
f 14912 14916 14917
f 14912 14917 14913
f 14913 14917 14918
f 14913 14918 14914
f 14914 14918 14915
f 14914 14915 14911
f 14915 14919 14920
f 14915 14920 14916
f 14916 14920 14921
f 14916 14921 14917
f 14917 14921 14922
f 14917 14922 14918
f 14918 14922 14919
f 14918 14919 14915
o ManeLeafVein_4
usemtl detail_34
s off
v -0.209405 -0.246874 -0.470660
v -0.251208 -0.256922 -0.457372
v -0.251973 -0.219906 -0.431793
v -0.210171 -0.209859 -0.445082
v -0.468274 0.119228 -1.008207
v -0.510076 0.109181 -0.994918
v -0.510842 0.146196 -0.969340
v -0.469039 0.156243 -0.982628
f 14923 14926 14925
f 14923 14925 14924
f 14927 14928 14929
f 14927 14929 14930
f 14923 14927 14930
f 14923 14930 14926
f 14924 14925 14929
f 14924 14929 14928
f 14926 14930 14929
f 14926 14929 14925
f 14923 14924 14928
f 14923 14928 14927
o ManeLeaf_5
usemtl detail_35
s 1
v -0.325043 0.040257 -0.623604
v -0.326223 0.054362 -0.609766
v -0.326800 0.036478 -0.618231
v -0.325620 0.022374 -0.632068
v -0.405347 0.160334 -0.764938
v -0.447257 0.086806 -0.626514
v -0.488564 -0.018709 -0.510392
v -0.446654 0.054818 -0.648816
v -0.500504 0.245997 -0.862349
v -0.568246 0.116890 -0.644907
v -0.635386 -0.044205 -0.449768
v -0.567644 0.084902 -0.667210
v -0.605535 0.305879 -0.932349
v -0.689154 0.142612 -0.666342
v -0.772170 -0.052642 -0.422638
v -0.688551 0.110625 -0.688644
v -0.720944 0.337500 -0.974245
v -0.809954 0.162636 -0.691750
v -0.898361 -0.044216 -0.431557
v -0.809351 0.130648 -0.714053
v -0.847018 0.339757 -0.987466
v -0.930637 0.176491 -0.721459
v -1.013654 -0.018764 -0.477755
v -0.930035 0.144503 -0.743762
v -0.983471 0.313753 -0.972584
v -1.051214 0.184646 -0.755141
v -1.118353 0.023551 -0.560002
v -1.050611 0.152658 -0.777444
v -1.129798 0.261968 -0.930289
v -1.171708 0.188440 -0.791865
v -1.213015 0.082925 -0.675743
v -1.171105 0.156452 -0.814167
v -1.290978 0.175769 -0.844072
v -1.292158 0.189874 -0.830234
v -1.292735 0.171990 -0.838699
v -1.291555 0.157886 -0.852537
f 14931 14935 14936
f 14931 14936 14932
f 14932 14936 14937
f 14932 14937 14933
f 14933 14937 14938
f 14933 14938 14934
f 14934 14938 14935
f 14934 14935 14931
f 14935 14939 14940
f 14935 14940 14936
f 14936 14940 14941
f 14936 14941 14937
f 14937 14941 14942
f 14937 14942 14938
f 14938 14942 14939
f 14938 14939 14935
f 14939 14943 14944
f 14939 14944 14940
f 14940 14944 14945
f 14940 14945 14941
f 14941 14945 14946
f 14941 14946 14942
f 14942 14946 14943
f 14942 14943 14939
f 14943 14947 14948
f 14943 14948 14944
f 14944 14948 14949
f 14944 14949 14945
f 14945 14949 14950
f 14945 14950 14946
f 14946 14950 14947
f 14946 14947 14943
f 14947 14951 14952
f 14947 14952 14948
f 14948 14952 14953
f 14948 14953 14949
f 14949 14953 14954
f 14949 14954 14950
f 14950 14954 14951
f 14950 14951 14947
f 14951 14955 14956
f 14951 14956 14952
f 14952 14956 14957
f 14952 14957 14953
f 14953 14957 14958
f 14953 14958 14954
f 14954 14958 14955
f 14954 14955 14951
f 14955 14959 14960
f 14955 14960 14956
f 14956 14960 14961
f 14956 14961 14957
f 14957 14961 14962
f 14957 14962 14958
f 14958 14962 14959
f 14958 14959 14955
f 14959 14963 14964
f 14959 14964 14960
f 14960 14964 14965
f 14960 14965 14961
f 14961 14965 14966
f 14961 14966 14962
f 14962 14966 14963
f 14962 14963 14959
o ManeLeafVein_5
usemtl detail_36
s off
v -0.464953 0.133739 -0.673482
v -0.476577 0.108729 -0.637924
v -0.477273 0.145638 -0.612190
v -0.465648 0.170648 -0.647748
v -1.141107 0.228598 -0.827810
v -1.152732 0.203587 -0.792252
v -1.153427 0.240496 -0.766518
v -1.141803 0.265507 -0.802076
f 14967 14970 14969
f 14967 14969 14968
f 14971 14972 14973
f 14971 14973 14974
f 14967 14971 14974
f 14967 14974 14970
f 14968 14969 14973
f 14968 14973 14972
f 14970 14974 14973
f 14970 14973 14969
f 14967 14968 14972
f 14967 14972 14971
o ManeLeaf_6
usemtl detail_37
s 1
v -0.288909 0.589459 -1.022426
v -0.286017 0.604085 -1.009406
v -0.284235 0.586557 -1.018429
v -0.287127 0.571931 -1.031449
v -0.487465 0.625858 -1.032071
v -0.376204 0.573205 -0.926370
v -0.266054 0.488398 -0.842711
v -0.377315 0.541051 -0.948412
v -0.646466 0.635276 -1.009444
v -0.466474 0.539953 -0.844960
v -0.287592 0.412474 -0.702519
v -0.467584 0.507798 -0.867003
v -0.779129 0.623865 -0.967168
v -0.556895 0.502316 -0.766556
v -0.335770 0.348612 -0.587987
v -0.558005 0.470161 -0.788599
v -0.884090 0.589404 -0.904957
v -0.647513 0.458950 -0.692079
v -0.412047 0.296342 -0.501244
v -0.648624 0.426796 -0.714122
v -0.960581 0.530934 -0.822465
v -0.738346 0.409384 -0.621853
v -0.517222 0.255680 -0.443284
v -0.739457 0.377230 -0.643896
v -1.009369 0.449413 -0.720038
v -0.829377 0.354089 -0.555554
v -0.650496 0.226611 -0.413113
v -0.830488 0.321935 -0.577597
v -1.031820 0.347063 -0.597962
v -0.920560 0.294410 -0.492261
v -0.810410 0.209603 -0.408602
v -0.921670 0.262256 -0.514303
v -1.014716 0.217732 -0.443614
v -1.011824 0.232358 -0.430594
v -1.010042 0.214830 -0.439617
v -1.012934 0.200204 -0.452637
f 14975 14979 14980
f 14975 14980 14976
f 14976 14980 14981
f 14976 14981 14977
f 14977 14981 14982
f 14977 14982 14978
f 14978 14982 14979
f 14978 14979 14975
f 14979 14983 14984
f 14979 14984 14980
f 14980 14984 14985
f 14980 14985 14981
f 14981 14985 14986
f 14981 14986 14982
f 14982 14986 14983
f 14982 14983 14979
f 14983 14987 14988
f 14983 14988 14984
f 14984 14988 14989
f 14984 14989 14985
f 14985 14989 14990
f 14985 14990 14986
f 14986 14990 14987
f 14986 14987 14983
f 14987 14991 14992
f 14987 14992 14988
f 14988 14992 14993
f 14988 14993 14989
f 14989 14993 14994
f 14989 14994 14990
f 14990 14994 14991
f 14990 14991 14987
f 14991 14995 14996
f 14991 14996 14992
f 14992 14996 14997
f 14992 14997 14993
f 14993 14997 14998
f 14993 14998 14994
f 14994 14998 14995
f 14994 14995 14991
f 14995 14999 15000
f 14995 15000 14996
f 14996 15000 15001
f 14996 15001 14997
f 14997 15001 15002
f 14997 15002 14998
f 14998 15002 14999
f 14998 14999 14995
f 14999 15003 15004
f 14999 15004 15000
f 15000 15004 15005
f 15000 15005 15001
f 15001 15005 15006
f 15001 15006 15002
f 15002 15006 15003
f 15002 15003 14999
f 15003 15007 15008
f 15003 15008 15004
f 15004 15008 15009
f 15004 15009 15005
f 15005 15009 15010
f 15005 15010 15006
f 15006 15010 15007
f 15006 15007 15003
o ManeLeafVein_6
usemtl detail_38
s off
v -0.410993 0.604376 -0.948527
v -0.380064 0.585174 -0.922075
v -0.378782 0.622275 -0.896641
v -0.409711 0.641477 -0.923093
v -0.919058 0.344168 -0.543359
v -0.888129 0.324966 -0.516907
v -0.886848 0.362067 -0.491473
v -0.917776 0.381268 -0.517925
f 15011 15014 15013
f 15011 15013 15012
f 15015 15016 15017
f 15015 15017 15018
f 15011 15015 15018
f 15011 15018 15014
f 15012 15013 15017
f 15012 15017 15016
f 15014 15018 15017
f 15014 15017 15013
f 15011 15012 15016
f 15011 15016 15015
o Tail
usemtl skin_0
s 1
v -0.027854 -0.050000 1.519636
v -0.021827 0.002983 1.498387
v -0.003014 0.024930 1.448794
v 0.017564 0.002983 1.399907
v 0.027854 -0.050000 1.380364
v 0.021827 -0.102983 1.401613
v 0.003014 -0.124930 1.451206
v -0.017564 -0.102983 1.500093
v 0.182845 -0.032304 1.608142
v 0.186322 0.020400 1.585663
v 0.205515 0.042230 1.536165
v 0.229180 0.020400 1.488642
v 0.243455 -0.032304 1.470933
v 0.239978 -0.085007 1.493412
v 0.220785 -0.106838 1.542910
v 0.197120 -0.085007 1.590433
v 0.370248 -0.001130 1.695173
v 0.371089 0.050988 1.671131
v 0.390740 0.072576 1.621706
v 0.417690 0.050988 1.575851
v 0.436152 -0.001130 1.560427
v 0.435311 -0.053248 1.584469
v 0.415660 -0.074836 1.633894
v 0.388710 -0.053248 1.679749
v 0.535225 0.042149 1.780153
v 0.533431 0.093304 1.754174
v 0.553673 0.114494 1.704815
v 0.584094 0.093304 1.660990
v 0.606875 0.042149 1.648372
v 0.608669 -0.009007 1.674351
v 0.588427 -0.030196 1.723710
v 0.558006 -0.009007 1.767535
v 0.678640 0.096160 1.862487
v 0.674339 0.145903 1.834164
v 0.695380 0.166508 1.784892
v 0.729437 0.145903 1.743532
v 0.756560 0.096160 1.734313
v 0.760861 0.046417 1.762636
v 0.739820 0.025812 1.811908
v 0.705763 0.046417 1.853268
v 0.801345 0.159531 1.941549
v 0.794850 0.207349 1.910464
v 0.816999 0.227156 1.861350
v 0.854819 0.207349 1.822979
v 0.886155 0.159531 1.817826
v 0.892650 0.111713 1.848911
v 0.870501 0.091906 1.898025
v 0.832681 0.111713 1.936396
v 0.904184 0.230890 2.016669
v 0.896052 0.276228 1.982414
v 0.919755 0.295007 1.933623
v 0.961410 0.276228 1.898878
v 0.996616 0.230890 1.898531
v 1.004748 0.185552 1.932786
v 0.981045 0.166773 1.981577
v 0.939390 0.185552 2.016322
v 0.987990 0.308864 2.087100
v 0.979100 0.351159 2.049323
v 1.004976 0.368679 2.001171
v 1.050461 0.351159 1.970852
v 1.088910 0.308864 1.976125
v 1.097800 0.266568 2.013902
v 1.071924 0.249049 2.062054
v 1.026439 0.266568 2.092373
v 1.053595 0.392080 2.151969
v 1.045244 0.430814 2.110436
v 1.074123 0.446858 2.063493
v 1.123315 0.430814 2.038638
v 1.164005 0.392080 2.050431
v 1.172356 0.353346 2.091964
v 1.143477 0.337302 2.138907
v 1.094285 0.353346 2.163762
v 1.101866 0.479166 2.210185
v 1.095899 0.513927 2.164896
v 1.128858 0.528326 2.120158
v 1.181436 0.513927 2.102179
v 1.222834 0.479166 2.121490
v 1.228801 0.444405 2.166779
v 1.195842 0.430007 2.211517
v 1.143264 0.444405 2.229496
v 1.133824 0.568750 2.260294
v 1.132813 0.599319 2.211719
v 1.171159 0.611981 2.170924
v 1.226400 0.599319 2.161805
v 1.266176 0.568750 2.189706
v 1.267187 0.538181 2.238281
v 1.228841 0.525519 2.279076
v 1.173600 0.538181 2.288195
v 1.150995 0.659459 2.300310
v 1.158413 0.685933 2.249920
v 1.203460 0.696899 2.216074
v 1.259749 0.685933 2.218599
v 1.294305 0.659459 2.256015
v 1.286887 0.632984 2.306405
v 1.241840 0.622018 2.340251
v 1.185551 0.632984 2.337726
v 1.156265 0.749920 2.327922
v 1.176223 0.772910 2.279258
v 1.228386 0.782433 2.257272
v 1.282197 0.772910 2.274843
v 1.306135 0.749920 2.321678
v 1.286177 0.726930 2.370342
v 1.234014 0.717407 2.392328
v 1.180203 0.726930 2.374757
v 1.154815 0.838761 2.342500
v 1.190052 0.859647 2.302285
v 1.246669 0.868298 2.298450
v 1.291501 0.859647 2.333239
v 1.298285 0.838761 2.386275
v 1.263048 0.817876 2.426490
v 1.206431 0.809224 2.430325
v 1.161599 0.817876 2.395536
v 1.151401 0.924610 2.349094
v 1.199167 0.945595 2.325155
v 1.253045 0.954287 2.342951
v 1.281473 0.945595 2.392056
v 1.267799 0.924610 2.443706
v 1.220033 0.903625 2.467645
v 1.166155 0.894933 2.449849
v 1.137727 0.903625 2.400744
v 1.143460 1.006094 2.355529
v 1.195573 1.029642 2.350561
v 1.239297 1.039396 2.386452
v 1.249017 1.029642 2.442178
v 1.219040 1.006094 2.485096
v 1.166927 0.982545 2.490064
v 1.123203 0.972791 2.454173
v 1.113483 0.982545 2.398447
v 1.124445 1.081840 2.362781
v 1.173409 1.109880 2.373333
v 1.204208 1.121495 2.420360
v 1.198801 1.109880 2.476314
v 1.160355 1.081840 2.508419
v 1.111391 1.053800 2.497867
v 1.080592 1.042185 2.450840
v 1.085999 1.053800 2.394886
v 1.091985 1.150476 2.366763
v 1.133563 1.184095 2.387648
v 1.151935 1.198020 2.440218
v 1.136341 1.184095 2.493678
v 1.095915 1.150476 2.516712
v 1.054337 1.116858 2.495827
v 1.035965 1.102933 2.443257
v 1.051559 1.116858 2.389797
v 1.047177 1.210630 2.363921
v 1.079218 1.250100 2.390578
v 1.086411 1.266449 2.445131
v 1.064542 1.250100 2.495624
v 1.026423 1.210630 2.512479
v 0.994382 1.171160 2.485822
v 0.987189 1.154811 2.431269
v 1.009058 1.171160 2.380776
v 0.991895 1.260929 2.352191
v 1.013306 1.305772 2.380925
v 1.010433 1.324347 2.435164
v 0.984959 1.305772 2.483133
v 0.951805 1.260929 2.496734
v 0.930394 1.216086 2.468000
v 0.933267 1.197511 2.413761
v 0.958741 1.216086 2.365792
v 0.927854 1.300000 2.330364
v 0.938318 1.349094 2.358209
v 0.926335 1.369430 2.410534
v 0.898926 1.349094 2.456689
v 0.872146 1.300000 2.469636
v 0.861682 1.250906 2.441791
v 0.873665 1.230570 2.389466
v 0.901074 1.250906 2.343311
f 15019 15020 15028
f 15019 15028 15027
f 15020 15021 15029
f 15020 15029 15028
f 15021 15022 15030
f 15021 15030 15029
f 15022 15023 15031
f 15022 15031 15030
f 15023 15024 15032
f 15023 15032 15031
f 15024 15025 15033
f 15024 15033 15032
f 15025 15026 15034
f 15025 15034 15033
f 15026 15019 15027
f 15026 15027 15034
f 15027 15028 15036
f 15027 15036 15035
f 15028 15029 15037
f 15028 15037 15036
f 15029 15030 15038
f 15029 15038 15037
f 15030 15031 15039
f 15030 15039 15038
f 15031 15032 15040
f 15031 15040 15039
f 15032 15033 15041
f 15032 15041 15040
f 15033 15034 15042
f 15033 15042 15041
f 15034 15027 15035
f 15034 15035 15042
f 15035 15036 15044
f 15035 15044 15043
f 15036 15037 15045
f 15036 15045 15044
f 15037 15038 15046
f 15037 15046 15045
f 15038 15039 15047
f 15038 15047 15046
f 15039 15040 15048
f 15039 15048 15047
f 15040 15041 15049
f 15040 15049 15048
f 15041 15042 15050
f 15041 15050 15049
f 15042 15035 15043
f 15042 15043 15050
f 15043 15044 15052
f 15043 15052 15051
f 15044 15045 15053
f 15044 15053 15052
f 15045 15046 15054
f 15045 15054 15053
f 15046 15047 15055
f 15046 15055 15054
f 15047 15048 15056
f 15047 15056 15055
f 15048 15049 15057
f 15048 15057 15056
f 15049 15050 15058
f 15049 15058 15057
f 15050 15043 15051
f 15050 15051 15058
f 15051 15052 15060
f 15051 15060 15059
f 15052 15053 15061
f 15052 15061 15060
f 15053 15054 15062
f 15053 15062 15061
f 15054 15055 15063
f 15054 15063 15062
f 15055 15056 15064
f 15055 15064 15063
f 15056 15057 15065
f 15056 15065 15064
f 15057 15058 15066
f 15057 15066 15065
f 15058 15051 15059
f 15058 15059 15066
f 15059 15060 15068
f 15059 15068 15067
f 15060 15061 15069
f 15060 15069 15068
f 15061 15062 15070
f 15061 15070 15069
f 15062 15063 15071
f 15062 15071 15070
f 15063 15064 15072
f 15063 15072 15071
f 15064 15065 15073
f 15064 15073 15072
f 15065 15066 15074
f 15065 15074 15073
f 15066 15059 15067
f 15066 15067 15074
f 15067 15068 15076
f 15067 15076 15075
f 15068 15069 15077
f 15068 15077 15076
f 15069 15070 15078
f 15069 15078 15077
f 15070 15071 15079
f 15070 15079 15078
f 15071 15072 15080
f 15071 15080 15079
f 15072 15073 15081
f 15072 15081 15080
f 15073 15074 15082
f 15073 15082 15081
f 15074 15067 15075
f 15074 15075 15082
f 15075 15076 15084
f 15075 15084 15083
f 15076 15077 15085
f 15076 15085 15084
f 15077 15078 15086
f 15077 15086 15085
f 15078 15079 15087
f 15078 15087 15086
f 15079 15080 15088
f 15079 15088 15087
f 15080 15081 15089
f 15080 15089 15088
f 15081 15082 15090
f 15081 15090 15089
f 15082 15075 15083
f 15082 15083 15090
f 15083 15084 15092
f 15083 15092 15091
f 15084 15085 15093
f 15084 15093 15092
f 15085 15086 15094
f 15085 15094 15093
f 15086 15087 15095
f 15086 15095 15094
f 15087 15088 15096
f 15087 15096 15095
f 15088 15089 15097
f 15088 15097 15096
f 15089 15090 15098
f 15089 15098 15097
f 15090 15083 15091
f 15090 15091 15098
f 15091 15092 15100
f 15091 15100 15099
f 15092 15093 15101
f 15092 15101 15100
f 15093 15094 15102
f 15093 15102 15101
f 15094 15095 15103
f 15094 15103 15102
f 15095 15096 15104
f 15095 15104 15103
f 15096 15097 15105
f 15096 15105 15104
f 15097 15098 15106
f 15097 15106 15105
f 15098 15091 15099
f 15098 15099 15106
f 15099 15100 15108
f 15099 15108 15107
f 15100 15101 15109
f 15100 15109 15108
f 15101 15102 15110
f 15101 15110 15109
f 15102 15103 15111
f 15102 15111 15110
f 15103 15104 15112
f 15103 15112 15111
f 15104 15105 15113
f 15104 15113 15112
f 15105 15106 15114
f 15105 15114 15113
f 15106 15099 15107
f 15106 15107 15114
f 15107 15108 15116
f 15107 15116 15115
f 15108 15109 15117
f 15108 15117 15116
f 15109 15110 15118
f 15109 15118 15117
f 15110 15111 15119
f 15110 15119 15118
f 15111 15112 15120
f 15111 15120 15119
f 15112 15113 15121
f 15112 15121 15120
f 15113 15114 15122
f 15113 15122 15121
f 15114 15107 15115
f 15114 15115 15122
f 15115 15116 15124
f 15115 15124 15123
f 15116 15117 15125
f 15116 15125 15124
f 15117 15118 15126
f 15117 15126 15125
f 15118 15119 15127
f 15118 15127 15126
f 15119 15120 15128
f 15119 15128 15127
f 15120 15121 15129
f 15120 15129 15128
f 15121 15122 15130
f 15121 15130 15129
f 15122 15115 15123
f 15122 15123 15130
f 15123 15124 15132
f 15123 15132 15131
f 15124 15125 15133
f 15124 15133 15132
f 15125 15126 15134
f 15125 15134 15133
f 15126 15127 15135
f 15126 15135 15134
f 15127 15128 15136
f 15127 15136 15135
f 15128 15129 15137
f 15128 15137 15136
f 15129 15130 15138
f 15129 15138 15137
f 15130 15123 15131
f 15130 15131 15138
f 15131 15132 15140
f 15131 15140 15139
f 15132 15133 15141
f 15132 15141 15140
f 15133 15134 15142
f 15133 15142 15141
f 15134 15135 15143
f 15134 15143 15142
f 15135 15136 15144
f 15135 15144 15143
f 15136 15137 15145
f 15136 15145 15144
f 15137 15138 15146
f 15137 15146 15145
f 15138 15131 15139
f 15138 15139 15146
f 15139 15140 15148
f 15139 15148 15147
f 15140 15141 15149
f 15140 15149 15148
f 15141 15142 15150
f 15141 15150 15149
f 15142 15143 15151
f 15142 15151 15150
f 15143 15144 15152
f 15143 15152 15151
f 15144 15145 15153
f 15144 15153 15152
f 15145 15146 15154
f 15145 15154 15153
f 15146 15139 15147
f 15146 15147 15154
f 15147 15148 15156
f 15147 15156 15155
f 15148 15149 15157
f 15148 15157 15156
f 15149 15150 15158
f 15149 15158 15157
f 15150 15151 15159
f 15150 15159 15158
f 15151 15152 15160
f 15151 15160 15159
f 15152 15153 15161
f 15152 15161 15160
f 15153 15154 15162
f 15153 15162 15161
f 15154 15147 15155
f 15154 15155 15162
f 15155 15156 15164
f 15155 15164 15163
f 15156 15157 15165
f 15156 15165 15164
f 15157 15158 15166
f 15157 15166 15165
f 15158 15159 15167
f 15158 15167 15166
f 15159 15160 15168
f 15159 15168 15167
f 15160 15161 15169
f 15160 15169 15168
f 15161 15162 15170
f 15161 15170 15169
f 15162 15155 15163
f 15162 15163 15170
f 15163 15164 15172
f 15163 15172 15171
f 15164 15165 15173
f 15164 15173 15172
f 15165 15166 15174
f 15165 15174 15173
f 15166 15167 15175
f 15166 15175 15174
f 15167 15168 15176
f 15167 15176 15175
f 15168 15169 15177
f 15168 15177 15176
f 15169 15170 15178
f 15169 15178 15177
f 15170 15163 15171
f 15170 15171 15178
f 15171 15172 15180
f 15171 15180 15179
f 15172 15173 15181
f 15172 15181 15180
f 15173 15174 15182
f 15173 15182 15181
f 15174 15175 15183
f 15174 15183 15182
f 15175 15176 15184
f 15175 15184 15183
f 15176 15177 15185
f 15176 15185 15184
f 15177 15178 15186
f 15177 15186 15185
f 15178 15171 15179
f 15178 15179 15186
o Smile
usemtl smile
s off
v -0.280000 0.102880 -2.146274
v -0.280000 0.126880 -2.156642
v -0.233333 0.086111 -2.151458
v -0.233333 0.110111 -2.161826
v -0.186667 0.072391 -2.156642
v -0.186667 0.096391 -2.167010
v -0.140000 0.061720 -2.156642
v -0.140000 0.085720 -2.167010
v -0.093333 0.054098 -2.156642
v -0.093333 0.078098 -2.172194
v -0.046667 0.049524 -2.156642
v -0.046667 0.073524 -2.172194
v 0.000000 0.048000 -2.156642
v 0.000000 0.072000 -2.172194
v 0.046667 0.049524 -2.156642
v 0.046667 0.073524 -2.172194
v 0.093333 0.054098 -2.156642
v 0.093333 0.078098 -2.172194
v 0.140000 0.061720 -2.156642
v 0.140000 0.085720 -2.167010
v 0.186667 0.072391 -2.156642
v 0.186667 0.096391 -2.167010
v 0.233333 0.086111 -2.151458
v 0.233333 0.110111 -2.161826
v 0.280000 0.102880 -2.146274
v 0.280000 0.126880 -2.156642
f 15187 15188 15190
f 15187 15190 15189
f 15189 15190 15192
f 15189 15192 15191
f 15191 15192 15194
f 15191 15194 15193
f 15193 15194 15196
f 15193 15196 15195
f 15195 15196 15198
f 15195 15198 15197
f 15197 15198 15200
f 15197 15200 15199
f 15199 15200 15202
f 15199 15202 15201
f 15201 15202 15204
f 15201 15204 15203
f 15203 15204 15206
f 15203 15206 15205
f 15205 15206 15208
f 15205 15208 15207
f 15207 15208 15210
f 15207 15210 15209
f 15209 15210 15212
f 15209 15212 15211
