mtllib Mossrat_S3_FacetedReview.mtl
s off
o Head
usemtl PaintedTeaFantasy
v -0.000000 0.680191 -0.890702
v -0.305796 0.912861 -0.716056
v -0.129963 0.680191 -0.929644
v -0.000000 0.680191 -0.890702
v -0.000000 0.912861 -0.644071
v -0.305796 0.912861 -0.716056
v -0.129963 0.680191 -0.929644
v -0.529653 0.912861 -0.912722
v -0.225103 0.680191 -1.036037
v -0.129963 0.680191 -0.929644
v -0.305796 0.912861 -0.716056
v -0.529653 0.912861 -0.912722
v -0.225103 0.680191 -1.036037
v -0.611591 0.912861 -1.181373
v -0.259926 0.680191 -1.181373
v -0.225103 0.680191 -1.036037
v -0.529653 0.912861 -0.912722
v -0.611591 0.912861 -1.181373
v -0.259926 0.680191 -1.181373
v -0.529653 0.912861 -1.450025
v -0.225103 0.680191 -1.326709
v -0.259926 0.680191 -1.181373
v -0.611591 0.912861 -1.181373
v -0.529653 0.912861 -1.450025
v -0.225103 0.680191 -1.326709
v -0.305796 0.912861 -1.646691
v -0.129963 0.680191 -1.433103
v -0.225103 0.680191 -1.326709
v -0.529653 0.912861 -1.450025
v -0.305796 0.912861 -1.646691
v -0.129963 0.680191 -1.433103
v 0.000000 0.912861 -1.718676
v 0.000000 0.680191 -1.472045
v -0.129963 0.680191 -1.433103
v -0.305796 0.912861 -1.646691
v 0.000000 0.912861 -1.718676
v 0.000000 0.680191 -1.472045
v 0.305796 0.912861 -1.646691
v 0.129963 0.680191 -1.433103
v 0.000000 0.680191 -1.472045
v 0.000000 0.912861 -1.718676
v 0.305796 0.912861 -1.646691
v 0.129963 0.680191 -1.433103
v 0.529653 0.912861 -1.450025
v 0.225103 0.680191 -1.326709
v 0.129963 0.680191 -1.433103
v 0.305796 0.912861 -1.646691
v 0.529653 0.912861 -1.450025
v 0.225103 0.680191 -1.326709
v 0.611591 0.912861 -1.181373
v 0.259926 0.680191 -1.181373
v 0.225103 0.680191 -1.326709
v 0.529653 0.912861 -1.450025
v 0.611591 0.912861 -1.181373
v 0.259926 0.680191 -1.181373
v 0.529653 0.912861 -0.912722
v 0.225103 0.680191 -1.036037
v 0.259926 0.680191 -1.181373
v 0.611591 0.912861 -1.181373
v 0.529653 0.912861 -0.912722
v 0.225103 0.680191 -1.036037
v 0.305796 0.912861 -0.716056
v 0.129963 0.680191 -0.929644
v 0.225103 0.680191 -1.036037
v 0.529653 0.912861 -0.912722
v 0.305796 0.912861 -0.716056
v 0.129963 0.680191 -0.929644
v -0.000000 0.912861 -0.644071
v -0.000000 0.680191 -0.890702
v 0.129963 0.680191 -0.929644
v 0.305796 0.912861 -0.716056
v -0.000000 0.912861 -0.644071
v -0.000000 0.912861 -0.644071
v -0.405179 1.203699 -0.624518
v -0.305796 0.912861 -0.716056
v -0.000000 0.912861 -0.644071
v -0.000000 1.203699 -0.538372
v -0.405179 1.203699 -0.624518
v -0.305796 0.912861 -0.716056
v -0.701791 1.203699 -0.859873
v -0.529653 0.912861 -0.912722
v -0.305796 0.912861 -0.716056
v -0.405179 1.203699 -0.624518
v -0.701791 1.203699 -0.859873
v -0.529653 0.912861 -0.912722
v -0.810358 1.203699 -1.181373
v -0.611591 0.912861 -1.181373
v -0.529653 0.912861 -0.912722
v -0.701791 1.203699 -0.859873
v -0.810358 1.203699 -1.181373
v -0.611591 0.912861 -1.181373
v -0.701791 1.203699 -1.502874
v -0.529653 0.912861 -1.450025
v -0.611591 0.912861 -1.181373
v -0.810358 1.203699 -1.181373
v -0.701791 1.203699 -1.502874
v -0.529653 0.912861 -1.450025
v -0.405179 1.203699 -1.738229
v -0.305796 0.912861 -1.646691
v -0.529653 0.912861 -1.450025
v -0.701791 1.203699 -1.502874
v -0.405179 1.203699 -1.738229
v -0.305796 0.912861 -1.646691
v 0.000000 1.203699 -1.824375
v 0.000000 0.912861 -1.718676
v -0.305796 0.912861 -1.646691
v -0.405179 1.203699 -1.738229
v 0.000000 1.203699 -1.824375
v 0.000000 0.912861 -1.718676
v 0.405179 1.203699 -1.738229
v 0.305796 0.912861 -1.646691
v 0.000000 0.912861 -1.718676
v 0.000000 1.203699 -1.824375
v 0.405179 1.203699 -1.738229
v 0.305796 0.912861 -1.646691
v 0.701791 1.203699 -1.502874
v 0.529653 0.912861 -1.450025
v 0.305796 0.912861 -1.646691
v 0.405179 1.203699 -1.738229
v 0.701791 1.203699 -1.502874
v 0.529653 0.912861 -1.450025
v 0.810358 1.203699 -1.181373
v 0.611591 0.912861 -1.181373
v 0.529653 0.912861 -1.450025
v 0.701791 1.203699 -1.502874
v 0.810358 1.203699 -1.181373
v 0.611591 0.912861 -1.181373
v 0.701791 1.203699 -0.859873
v 0.529653 0.912861 -0.912722
v 0.611591 0.912861 -1.181373
v 0.810358 1.203699 -1.181373
v 0.701791 1.203699 -0.859873
v 0.529653 0.912861 -0.912722
v 0.405179 1.203699 -0.624518
v 0.305796 0.912861 -0.716056
v 0.529653 0.912861 -0.912722
v 0.701791 1.203699 -0.859873
v 0.405179 1.203699 -0.624518
v 0.305796 0.912861 -0.716056
v -0.000000 1.203699 -0.538372
v -0.000000 0.912861 -0.644071
v 0.305796 0.912861 -0.716056
v 0.405179 1.203699 -0.624518
v -0.000000 1.203699 -0.538372
v -0.000000 1.203699 -0.538372
v -0.378422 1.627492 -0.655030
v -0.405179 1.203699 -0.624518
v -0.000000 1.203699 -0.538372
v -0.000000 1.627492 -0.573605
v -0.378422 1.627492 -0.655030
v -0.405179 1.203699 -0.624518
v -0.655446 1.627492 -0.877489
v -0.701791 1.203699 -0.859873
v -0.405179 1.203699 -0.624518
v -0.378422 1.627492 -0.655030
v -0.655446 1.627492 -0.877489
v -0.701791 1.203699 -0.859873
v -0.756844 1.627492 -1.181373
v -0.810358 1.203699 -1.181373
v -0.701791 1.203699 -0.859873
v -0.655446 1.627492 -0.877489
v -0.756844 1.627492 -1.181373
v -0.810358 1.203699 -1.181373
v -0.655446 1.627492 -1.485258
v -0.701791 1.203699 -1.502874
v -0.810358 1.203699 -1.181373
v -0.756844 1.627492 -1.181373
v -0.655446 1.627492 -1.485258
v -0.701791 1.203699 -1.502874
v -0.378422 1.627492 -1.707716
v -0.405179 1.203699 -1.738229
v -0.701791 1.203699 -1.502874
v -0.655446 1.627492 -1.485258
v -0.378422 1.627492 -1.707716
v -0.405179 1.203699 -1.738229
v 0.000000 1.627492 -1.789142
v 0.000000 1.203699 -1.824375
v -0.405179 1.203699 -1.738229
v -0.378422 1.627492 -1.707716
v 0.000000 1.627492 -1.789142
v 0.000000 1.203699 -1.824375
v 0.378422 1.627492 -1.707716
v 0.405179 1.203699 -1.738229
v 0.000000 1.203699 -1.824375
v 0.000000 1.627492 -1.789142
v 0.378422 1.627492 -1.707716
v 0.405179 1.203699 -1.738229
v 0.655446 1.627492 -1.485258
v 0.701791 1.203699 -1.502874
v 0.405179 1.203699 -1.738229
v 0.378422 1.627492 -1.707716
v 0.655446 1.627492 -1.485258
v 0.701791 1.203699 -1.502874
v 0.756844 1.627492 -1.181373
v 0.810358 1.203699 -1.181373
v 0.701791 1.203699 -1.502874
v 0.655446 1.627492 -1.485258
v 0.756844 1.627492 -1.181373
v 0.810358 1.203699 -1.181373
v 0.655446 1.627492 -0.877489
v 0.701791 1.203699 -0.859873
v 0.810358 1.203699 -1.181373
v 0.756844 1.627492 -1.181373
v 0.655446 1.627492 -0.877489
v 0.701791 1.203699 -0.859873
v 0.378422 1.627492 -0.655030
v 0.405179 1.203699 -0.624518
v 0.701791 1.203699 -0.859873
v 0.655446 1.627492 -0.877489
v 0.378422 1.627492 -0.655030
v 0.405179 1.203699 -0.624518
v -0.000000 1.627492 -0.573605
v -0.000000 1.203699 -0.538372
v 0.405179 1.203699 -0.624518
v 0.378422 1.627492 -0.655030
v -0.000000 1.627492 -0.573605
v -0.000000 1.627492 -0.573605
v -0.275216 1.918330 -0.777081
v -0.378422 1.627492 -0.655030
v -0.000000 1.627492 -0.573605
v -0.000000 1.918330 -0.714537
v -0.275216 1.918330 -0.777081
v -0.378422 1.627492 -0.655030
v -0.476688 1.918330 -0.947955
v -0.655446 1.627492 -0.877489
v -0.378422 1.627492 -0.655030
v -0.275216 1.918330 -0.777081
v -0.476688 1.918330 -0.947955
v -0.655446 1.627492 -0.877489
v -0.550432 1.918330 -1.181373
v -0.756844 1.627492 -1.181373
v -0.655446 1.627492 -0.877489
v -0.476688 1.918330 -0.947955
v -0.550432 1.918330 -1.181373
v -0.756844 1.627492 -1.181373
v -0.476688 1.918330 -1.414792
v -0.655446 1.627492 -1.485258
v -0.756844 1.627492 -1.181373
v -0.550432 1.918330 -1.181373
v -0.476688 1.918330 -1.414792
v -0.655446 1.627492 -1.485258
v -0.275216 1.918330 -1.585666
v -0.378422 1.627492 -1.707716
v -0.655446 1.627492 -1.485258
v -0.476688 1.918330 -1.414792
v -0.275216 1.918330 -1.585666
v -0.378422 1.627492 -1.707716
v 0.000000 1.918330 -1.648210
v 0.000000 1.627492 -1.789142
v -0.378422 1.627492 -1.707716
v -0.275216 1.918330 -1.585666
v 0.000000 1.918330 -1.648210
v 0.000000 1.627492 -1.789142
v 0.275216 1.918330 -1.585666
v 0.378422 1.627492 -1.707716
v 0.000000 1.627492 -1.789142
v 0.000000 1.918330 -1.648210
v 0.275216 1.918330 -1.585666
v 0.378422 1.627492 -1.707716
v 0.476688 1.918330 -1.414792
v 0.655446 1.627492 -1.485258
v 0.378422 1.627492 -1.707716
v 0.275216 1.918330 -1.585666
v 0.476688 1.918330 -1.414792
v 0.655446 1.627492 -1.485258
v 0.550432 1.918330 -1.181373
v 0.756844 1.627492 -1.181373
v 0.655446 1.627492 -1.485258
v 0.476688 1.918330 -1.414792
v 0.550432 1.918330 -1.181373
v 0.756844 1.627492 -1.181373
v 0.476688 1.918330 -0.947955
v 0.655446 1.627492 -0.877489
v 0.756844 1.627492 -1.181373
v 0.550432 1.918330 -1.181373
v 0.476688 1.918330 -0.947955
v 0.655446 1.627492 -0.877489
v 0.275216 1.918330 -0.777081
v 0.378422 1.627492 -0.655030
v 0.655446 1.627492 -0.877489
v 0.476688 1.918330 -0.947955
v 0.275216 1.918330 -0.777081
v 0.378422 1.627492 -0.655030
v -0.000000 1.918330 -0.714537
v -0.000000 1.627492 -0.573605
v 0.378422 1.627492 -0.655030
v 0.275216 1.918330 -0.777081
v -0.000000 1.918330 -0.714537
v -0.000000 1.918330 -0.714537
v -0.107028 2.076214 -0.975413
v -0.275216 1.918330 -0.777081
v -0.000000 1.918330 -0.714537
v -0.000000 2.076214 -0.943551
v -0.107028 2.076214 -0.975413
v -0.275216 1.918330 -0.777081
v -0.185379 2.076214 -1.062462
v -0.476688 1.918330 -0.947955
v -0.275216 1.918330 -0.777081
v -0.107028 2.076214 -0.975413
v -0.185379 2.076214 -1.062462
v -0.476688 1.918330 -0.947955
v -0.214057 2.076214 -1.181373
v -0.550432 1.918330 -1.181373
v -0.476688 1.918330 -0.947955
v -0.185379 2.076214 -1.062462
v -0.214057 2.076214 -1.181373
v -0.550432 1.918330 -1.181373
v -0.185379 2.076214 -1.300285
v -0.476688 1.918330 -1.414792
v -0.550432 1.918330 -1.181373
v -0.214057 2.076214 -1.181373
v -0.185379 2.076214 -1.300285
v -0.476688 1.918330 -1.414792
v -0.107028 2.076214 -1.387334
v -0.275216 1.918330 -1.585666
v -0.476688 1.918330 -1.414792
v -0.185379 2.076214 -1.300285
v -0.107028 2.076214 -1.387334
v -0.275216 1.918330 -1.585666
v 0.000000 2.076214 -1.419196
v 0.000000 1.918330 -1.648210
v -0.275216 1.918330 -1.585666
v -0.107028 2.076214 -1.387334
v 0.000000 2.076214 -1.419196
v 0.000000 1.918330 -1.648210
v 0.107028 2.076214 -1.387334
v 0.275216 1.918330 -1.585666
v 0.000000 1.918330 -1.648210
v 0.000000 2.076214 -1.419196
v 0.107028 2.076214 -1.387334
v 0.275216 1.918330 -1.585666
v 0.185379 2.076214 -1.300285
v 0.476688 1.918330 -1.414792
v 0.275216 1.918330 -1.585666
v 0.107028 2.076214 -1.387334
v 0.185379 2.076214 -1.300285
v 0.476688 1.918330 -1.414792
v 0.214057 2.076214 -1.181373
v 0.550432 1.918330 -1.181373
v 0.476688 1.918330 -1.414792
v 0.185379 2.076214 -1.300285
v 0.214057 2.076214 -1.181373
v 0.550432 1.918330 -1.181373
v 0.185379 2.076214 -1.062462
v 0.476688 1.918330 -0.947955
v 0.550432 1.918330 -1.181373
v 0.214057 2.076214 -1.181373
v 0.185379 2.076214 -1.062462
v 0.476688 1.918330 -0.947955
v 0.107028 2.076214 -0.975413
v 0.275216 1.918330 -0.777081
v 0.476688 1.918330 -0.947955
v 0.185379 2.076214 -1.062462
v 0.107028 2.076214 -0.975413
v 0.275216 1.918330 -0.777081
v -0.000000 2.076214 -0.943551
v -0.000000 1.918330 -0.714537
v 0.275216 1.918330 -0.777081
v 0.107028 2.076214 -0.975413
v -0.000000 2.076214 -0.943551
v 0.000000 0.680191 -1.181373
v -0.000000 0.680191 -0.890702
v -0.129963 0.680191 -0.929644
v 0.000000 0.680191 -1.181373
v -0.129963 0.680191 -0.929644
v -0.225103 0.680191 -1.036037
v 0.000000 0.680191 -1.181373
v -0.225103 0.680191 -1.036037
v -0.259926 0.680191 -1.181373
v 0.000000 0.680191 -1.181373
v -0.259926 0.680191 -1.181373
v -0.225103 0.680191 -1.326709
v 0.000000 0.680191 -1.181373
v -0.225103 0.680191 -1.326709
v -0.129963 0.680191 -1.433103
v 0.000000 0.680191 -1.181373
v -0.129963 0.680191 -1.433103
v 0.000000 0.680191 -1.472045
v 0.000000 0.680191 -1.181373
v 0.000000 0.680191 -1.472045
v 0.129963 0.680191 -1.433103
v 0.000000 0.680191 -1.181373
v 0.129963 0.680191 -1.433103
v 0.225103 0.680191 -1.326709
v 0.000000 0.680191 -1.181373
v 0.225103 0.680191 -1.326709
v 0.259926 0.680191 -1.181373
v 0.000000 0.680191 -1.181373
v 0.259926 0.680191 -1.181373
v 0.225103 0.680191 -1.036037
v 0.000000 0.680191 -1.181373
v 0.225103 0.680191 -1.036037
v 0.129963 0.680191 -0.929644
v 0.000000 0.680191 -1.181373
v 0.129963 0.680191 -0.929644
v -0.000000 0.680191 -0.890702
v 0.000000 2.076214 -1.181373
v -0.107028 2.076214 -0.975413
v -0.000000 2.076214 -0.943551
v 0.000000 2.076214 -1.181373
v -0.185379 2.076214 -1.062462
v -0.107028 2.076214 -0.975413
v 0.000000 2.076214 -1.181373
v -0.214057 2.076214 -1.181373
v -0.185379 2.076214 -1.062462
v 0.000000 2.076214 -1.181373
v -0.185379 2.076214 -1.300285
v -0.214057 2.076214 -1.181373
v 0.000000 2.076214 -1.181373
v -0.107028 2.076214 -1.387334
v -0.185379 2.076214 -1.300285
v 0.000000 2.076214 -1.181373
v 0.000000 2.076214 -1.419196
v -0.107028 2.076214 -1.387334
v 0.000000 2.076214 -1.181373
v 0.107028 2.076214 -1.387334
v 0.000000 2.076214 -1.419196
v 0.000000 2.076214 -1.181373
v 0.185379 2.076214 -1.300285
v 0.107028 2.076214 -1.387334
v 0.000000 2.076214 -1.181373
v 0.214057 2.076214 -1.181373
v 0.185379 2.076214 -1.300285
v 0.000000 2.076214 -1.181373
v 0.185379 2.076214 -1.062462
v 0.214057 2.076214 -1.181373
v 0.000000 2.076214 -1.181373
v 0.107028 2.076214 -0.975413
v 0.185379 2.076214 -1.062462
v 0.000000 2.076214 -1.181373
v -0.000000 2.076214 -0.943551
v 0.107028 2.076214 -0.975413
vt 0.253906 0.756756
vt 0.274089 0.796645
vt 0.274089 0.756756
vt 0.253906 0.756756
vt 0.253906 0.796645
vt 0.274089 0.796645
vt 0.274089 0.756756
vt 0.294271 0.796645
vt 0.294271 0.756756
vt 0.274089 0.756756
vt 0.274089 0.796645
vt 0.294271 0.796645
vt 0.294271 0.756756
vt 0.314453 0.796645
vt 0.314453 0.756756
vt 0.294271 0.756756
vt 0.294271 0.796645
vt 0.314453 0.796645
vt 0.314453 0.756756
vt 0.334635 0.796645
vt 0.334635 0.756756
vt 0.314453 0.756756
vt 0.314453 0.796645
vt 0.334635 0.796645
vt 0.334635 0.756756
vt 0.354818 0.796645
vt 0.354818 0.756756
vt 0.334635 0.756756
vt 0.334635 0.796645
vt 0.354818 0.796645
vt 0.354818 0.756756
vt 0.375000 0.796645
vt 0.375000 0.756756
vt 0.354818 0.756756
vt 0.354818 0.796645
vt 0.375000 0.796645
vt 0.375000 0.756756
vt 0.395182 0.796645
vt 0.395182 0.756756
vt 0.375000 0.756756
vt 0.375000 0.796645
vt 0.395182 0.796645
vt 0.395182 0.756756
vt 0.415365 0.796645
vt 0.415365 0.756756
vt 0.395182 0.756756
vt 0.395182 0.796645
vt 0.415365 0.796645
vt 0.415365 0.756756
vt 0.435547 0.796645
vt 0.435547 0.756756
vt 0.415365 0.756756
vt 0.415365 0.796645
vt 0.435547 0.796645
vt 0.435547 0.756756
vt 0.455729 0.796645
vt 0.455729 0.756756
vt 0.435547 0.756756
vt 0.435547 0.796645
vt 0.455729 0.796645
vt 0.455729 0.756756
vt 0.475911 0.796645
vt 0.475911 0.756756
vt 0.455729 0.756756
vt 0.455729 0.796645
vt 0.475911 0.796645
vt 0.475911 0.756756
vt 0.496094 0.796645
vt 0.496094 0.756756
vt 0.475911 0.756756
vt 0.475911 0.796645
vt 0.496094 0.796645
vt 0.253906 0.796645
vt 0.274089 0.846507
vt 0.274089 0.796645
vt 0.253906 0.796645
vt 0.253906 0.846507
vt 0.274089 0.846507
vt 0.274089 0.796645
vt 0.294271 0.846507
vt 0.294271 0.796645
vt 0.274089 0.796645
vt 0.274089 0.846507
vt 0.294271 0.846507
vt 0.294271 0.796645
vt 0.314453 0.846507
vt 0.314453 0.796645
vt 0.294271 0.796645
vt 0.294271 0.846507
vt 0.314453 0.846507
vt 0.314453 0.796645
vt 0.334635 0.846507
vt 0.334635 0.796645
vt 0.314453 0.796645
vt 0.314453 0.846507
vt 0.334635 0.846507
vt 0.334635 0.796645
vt 0.354818 0.846507
vt 0.354818 0.796645
vt 0.334635 0.796645
vt 0.334635 0.846507
vt 0.354818 0.846507
vt 0.354818 0.796645
vt 0.375000 0.846507
vt 0.375000 0.796645
vt 0.354818 0.796645
vt 0.354818 0.846507
vt 0.375000 0.846507
vt 0.375000 0.796645
vt 0.395182 0.846507
vt 0.395182 0.796645
vt 0.375000 0.796645
vt 0.375000 0.846507
vt 0.395182 0.846507
vt 0.395182 0.796645
vt 0.415365 0.846507
vt 0.415365 0.796645
vt 0.395182 0.796645
vt 0.395182 0.846507
vt 0.415365 0.846507
vt 0.415365 0.796645
vt 0.435547 0.846507
vt 0.435547 0.796645
vt 0.415365 0.796645
vt 0.415365 0.846507
vt 0.435547 0.846507
vt 0.435547 0.796645
vt 0.455729 0.846507
vt 0.455729 0.796645
vt 0.435547 0.796645
vt 0.435547 0.846507
vt 0.455729 0.846507
vt 0.455729 0.796645
vt 0.475911 0.846507
vt 0.475911 0.796645
vt 0.455729 0.796645
vt 0.455729 0.846507
vt 0.475911 0.846507
vt 0.475911 0.796645
vt 0.496094 0.846507
vt 0.496094 0.796645
vt 0.475911 0.796645
vt 0.475911 0.846507
vt 0.496094 0.846507
vt 0.253906 0.846507
vt 0.274089 0.919164
vt 0.274089 0.846507
vt 0.253906 0.846507
vt 0.253906 0.919164
vt 0.274089 0.919164
vt 0.274089 0.846507
vt 0.294271 0.919164
vt 0.294271 0.846507
vt 0.274089 0.846507
vt 0.274089 0.919164
vt 0.294271 0.919164
vt 0.294271 0.846507
vt 0.314453 0.919164
vt 0.314453 0.846507
vt 0.294271 0.846507
vt 0.294271 0.919164
vt 0.314453 0.919164
vt 0.314453 0.846507
vt 0.334635 0.919164
vt 0.334635 0.846507
vt 0.314453 0.846507
vt 0.314453 0.919164
vt 0.334635 0.919164
vt 0.334635 0.846507
vt 0.354818 0.919164
vt 0.354818 0.846507
vt 0.334635 0.846507
vt 0.334635 0.919164
vt 0.354818 0.919164
vt 0.354818 0.846507
vt 0.375000 0.919164
vt 0.375000 0.846507
vt 0.354818 0.846507
vt 0.354818 0.919164
vt 0.375000 0.919164
vt 0.375000 0.846507
vt 0.395182 0.919164
vt 0.395182 0.846507
vt 0.375000 0.846507
vt 0.375000 0.919164
vt 0.395182 0.919164
vt 0.395182 0.846507
vt 0.415365 0.919164
vt 0.415365 0.846507
vt 0.395182 0.846507
vt 0.395182 0.919164
vt 0.415365 0.919164
vt 0.415365 0.846507
vt 0.435547 0.919164
vt 0.435547 0.846507
vt 0.415365 0.846507
vt 0.415365 0.919164
vt 0.435547 0.919164
vt 0.435547 0.846507
vt 0.455729 0.919164
vt 0.455729 0.846507
vt 0.435547 0.846507
vt 0.435547 0.919164
vt 0.455729 0.919164
vt 0.455729 0.846507
vt 0.475911 0.919164
vt 0.475911 0.846507
vt 0.455729 0.846507
vt 0.455729 0.919164
vt 0.475911 0.919164
vt 0.475911 0.846507
vt 0.496094 0.919164
vt 0.496094 0.846507
vt 0.475911 0.846507
vt 0.475911 0.919164
vt 0.496094 0.919164
vt 0.253906 0.919164
vt 0.274089 0.969026
vt 0.274089 0.919164
vt 0.253906 0.919164
vt 0.253906 0.969026
vt 0.274089 0.969026
vt 0.274089 0.919164
vt 0.294271 0.969026
vt 0.294271 0.919164
vt 0.274089 0.919164
vt 0.274089 0.969026
vt 0.294271 0.969026
vt 0.294271 0.919164
vt 0.314453 0.969026
vt 0.314453 0.919164
vt 0.294271 0.919164
vt 0.294271 0.969026
vt 0.314453 0.969026
vt 0.314453 0.919164
vt 0.334635 0.969026
vt 0.334635 0.919164
vt 0.314453 0.919164
vt 0.314453 0.969026
vt 0.334635 0.969026
vt 0.334635 0.919164
vt 0.354818 0.969026
vt 0.354818 0.919164
vt 0.334635 0.919164
vt 0.334635 0.969026
vt 0.354818 0.969026
vt 0.354818 0.919164
vt 0.375000 0.969026
vt 0.375000 0.919164
vt 0.354818 0.919164
vt 0.354818 0.969026
vt 0.375000 0.969026
vt 0.375000 0.919164
vt 0.395182 0.969026
vt 0.395182 0.919164
vt 0.375000 0.919164
vt 0.375000 0.969026
vt 0.395182 0.969026
vt 0.395182 0.919164
vt 0.415365 0.969026
vt 0.415365 0.919164
vt 0.395182 0.919164
vt 0.395182 0.969026
vt 0.415365 0.969026
vt 0.415365 0.919164
vt 0.435547 0.969026
vt 0.435547 0.919164
vt 0.415365 0.919164
vt 0.415365 0.969026
vt 0.435547 0.969026
vt 0.435547 0.919164
vt 0.455729 0.969026
vt 0.455729 0.919164
vt 0.435547 0.919164
vt 0.435547 0.969026
vt 0.455729 0.969026
vt 0.455729 0.919164
vt 0.475911 0.969026
vt 0.475911 0.919164
vt 0.455729 0.919164
vt 0.455729 0.969026
vt 0.475911 0.969026
vt 0.475911 0.919164
vt 0.496094 0.969026
vt 0.496094 0.919164
vt 0.475911 0.919164
vt 0.475911 0.969026
vt 0.496094 0.969026
vt 0.253906 0.969026
vt 0.274089 0.996094
vt 0.274089 0.969026
vt 0.253906 0.969026
vt 0.253906 0.996094
vt 0.274089 0.996094
vt 0.274089 0.969026
vt 0.294271 0.996094
vt 0.294271 0.969026
vt 0.274089 0.969026
vt 0.274089 0.996094
vt 0.294271 0.996094
vt 0.294271 0.969026
vt 0.314453 0.996094
vt 0.314453 0.969026
vt 0.294271 0.969026
vt 0.294271 0.996094
vt 0.314453 0.996094
vt 0.314453 0.969026
vt 0.334635 0.996094
vt 0.334635 0.969026
vt 0.314453 0.969026
vt 0.314453 0.996094
vt 0.334635 0.996094
vt 0.334635 0.969026
vt 0.354818 0.996094
vt 0.354818 0.969026
vt 0.334635 0.969026
vt 0.334635 0.996094
vt 0.354818 0.996094
vt 0.354818 0.969026
vt 0.375000 0.996094
vt 0.375000 0.969026
vt 0.354818 0.969026
vt 0.354818 0.996094
vt 0.375000 0.996094
vt 0.375000 0.969026
vt 0.395182 0.996094
vt 0.395182 0.969026
vt 0.375000 0.969026
vt 0.375000 0.996094
vt 0.395182 0.996094
vt 0.395182 0.969026
vt 0.415365 0.996094
vt 0.415365 0.969026
vt 0.395182 0.969026
vt 0.395182 0.996094
vt 0.415365 0.996094
vt 0.415365 0.969026
vt 0.435547 0.996094
vt 0.435547 0.969026
vt 0.415365 0.969026
vt 0.415365 0.996094
vt 0.435547 0.996094
vt 0.435547 0.969026
vt 0.455729 0.996094
vt 0.455729 0.969026
vt 0.435547 0.969026
vt 0.435547 0.996094
vt 0.455729 0.996094
vt 0.455729 0.969026
vt 0.475911 0.996094
vt 0.475911 0.969026
vt 0.455729 0.969026
vt 0.455729 0.996094
vt 0.475911 0.996094
vt 0.475911 0.969026
vt 0.496094 0.996094
vt 0.496094 0.969026
vt 0.475911 0.969026
vt 0.475911 0.996094
vt 0.496094 0.996094
vt 0.375000 0.875000
vt 0.253906 0.971875
vt 0.274089 0.971875
vt 0.375000 0.875000
vt 0.274089 0.971875
vt 0.294271 0.971875
vt 0.375000 0.875000
vt 0.294271 0.971875
vt 0.314453 0.971875
vt 0.375000 0.875000
vt 0.314453 0.971875
vt 0.334635 0.971875
vt 0.375000 0.875000
vt 0.334635 0.971875
vt 0.354818 0.971875
vt 0.375000 0.875000
vt 0.354818 0.971875
vt 0.375000 0.971875
vt 0.375000 0.875000
vt 0.375000 0.971875
vt 0.395182 0.971875
vt 0.375000 0.875000
vt 0.395182 0.971875
vt 0.415365 0.971875
vt 0.375000 0.875000
vt 0.415365 0.971875
vt 0.435547 0.971875
vt 0.375000 0.875000
vt 0.435547 0.971875
vt 0.455729 0.971875
vt 0.375000 0.875000
vt 0.455729 0.971875
vt 0.475911 0.971875
vt 0.375000 0.875000
vt 0.475911 0.971875
vt 0.496094 0.971875
vt 0.375000 0.875000
vt 0.274089 0.971875
vt 0.253906 0.971875
vt 0.375000 0.875000
vt 0.294271 0.971875
vt 0.274089 0.971875
vt 0.375000 0.875000
vt 0.314453 0.971875
vt 0.294271 0.971875
vt 0.375000 0.875000
vt 0.334635 0.971875
vt 0.314453 0.971875
vt 0.375000 0.875000
vt 0.354818 0.971875
vt 0.334635 0.971875
vt 0.375000 0.875000
vt 0.375000 0.971875
vt 0.354818 0.971875
vt 0.375000 0.875000
vt 0.395182 0.971875
vt 0.375000 0.971875
vt 0.375000 0.875000
vt 0.415365 0.971875
vt 0.395182 0.971875
vt 0.375000 0.875000
vt 0.435547 0.971875
vt 0.415365 0.971875
vt 0.375000 0.875000
vt 0.455729 0.971875
vt 0.435547 0.971875
vt 0.375000 0.875000
vt 0.475911 0.971875
vt 0.455729 0.971875
vt 0.375000 0.875000
vt 0.496094 0.971875
vt 0.475911 0.971875
vn -0.193439 -0.738803 0.645563
vn -0.193439 -0.738803 0.645563
vn -0.193439 -0.738803 0.645563
vn -0.159470 -0.718085 0.677439
vn -0.159470 -0.718085 0.677439
vn -0.159470 -0.718085 0.677439
vn -0.448188 -0.799063 0.400781
vn -0.448188 -0.799063 0.400781
vn -0.448188 -0.799063 0.400781
vn -0.424940 -0.765158 0.483693
vn -0.424940 -0.765158 0.483693
vn -0.424940 -0.765158 0.483693
vn -0.547026 -0.826791 0.131071
vn -0.547026 -0.826791 0.131071
vn -0.547026 -0.826791 0.131071
vn -0.554220 -0.815026 0.169035
vn -0.554220 -0.815026 0.169035
vn -0.554220 -0.815026 0.169035
vn -0.566202 -0.813025 -0.135666
vn -0.566202 -0.813025 -0.135666
vn -0.566202 -0.813025 -0.135666
vn -0.544134 -0.822420 -0.165959
vn -0.544134 -0.822420 -0.165959
vn -0.544134 -0.822420 -0.165959
vn -0.483069 -0.761607 -0.431972
vn -0.483069 -0.761607 -0.431972
vn -0.483069 -0.761607 -0.431972
vn -0.409884 -0.783786 -0.466555
vn -0.409884 -0.783786 -0.466555
vn -0.409884 -0.783786 -0.466555
vn -0.201408 -0.712487 -0.672158
vn -0.201408 -0.712487 -0.672158
vn -0.201408 -0.712487 -0.672158
vn -0.156713 -0.729556 -0.665724
vn -0.156713 -0.729556 -0.665724
vn -0.156713 -0.729556 -0.665724
vn 0.193439 -0.738803 -0.645563
vn 0.193439 -0.738803 -0.645563
vn 0.193439 -0.738803 -0.645563
vn 0.159470 -0.718085 -0.677439
vn 0.159470 -0.718085 -0.677439
vn 0.159470 -0.718085 -0.677439
vn 0.448188 -0.799063 -0.400781
vn 0.448188 -0.799063 -0.400781
vn 0.448188 -0.799063 -0.400781
vn 0.424940 -0.765158 -0.483693
vn 0.424940 -0.765158 -0.483693
vn 0.424940 -0.765158 -0.483693
vn 0.547026 -0.826791 -0.131071
vn 0.547026 -0.826791 -0.131071
vn 0.547026 -0.826791 -0.131071
vn 0.554220 -0.815026 -0.169035
vn 0.554220 -0.815026 -0.169035
vn 0.554220 -0.815026 -0.169035
vn 0.566202 -0.813025 0.135666
vn 0.566202 -0.813025 0.135666
vn 0.566202 -0.813025 0.135666
vn 0.544134 -0.822420 0.165959
vn 0.544134 -0.822420 0.165959
vn 0.544134 -0.822420 0.165959
vn 0.483069 -0.761607 0.431972
vn 0.483069 -0.761607 0.431972
vn 0.483069 -0.761607 0.431972
vn 0.409884 -0.783786 0.466555
vn 0.409884 -0.783786 0.466555
vn 0.409884 -0.783786 0.466555
vn 0.201408 -0.712487 0.672158
vn 0.201408 -0.712487 0.672158
vn 0.201408 -0.712487 0.672158
vn 0.156713 -0.729556 0.665724
vn 0.156713 -0.729556 0.665724
vn 0.156713 -0.729556 0.665724
vn -0.213862 -0.359019 0.908498
vn -0.213862 -0.359019 0.908498
vn -0.213862 -0.359019 0.908498
vn -0.195951 -0.334949 0.921636
vn -0.195951 -0.334949 0.921636
vn -0.195951 -0.334949 0.921636
vn -0.583851 -0.466324 0.664575
vn -0.583851 -0.466324 0.664575
vn -0.583851 -0.466324 0.664575
vn -0.564919 -0.417120 0.711953
vn -0.564919 -0.417120 0.711953
vn -0.564919 -0.417120 0.711953
vn -0.800616 -0.547164 0.244185
vn -0.800616 -0.547164 0.244185
vn -0.800616 -0.547164 0.244185
vn -0.805629 -0.526260 0.272052
vn -0.805629 -0.526260 0.272052
vn -0.805629 -0.526260 0.272052
vn -0.813249 -0.526407 -0.248038
vn -0.813249 -0.526407 -0.248038
vn -0.813249 -0.526407 -0.248038
vn -0.795278 -0.543516 -0.268557
vn -0.795278 -0.543516 -0.268557
vn -0.795278 -0.543516 -0.268557
vn -0.599157 -0.419392 -0.681998
vn -0.599157 -0.419392 -0.681998
vn -0.599157 -0.419392 -0.681998
vn -0.553668 -0.454493 -0.697773
vn -0.553668 -0.454493 -0.697773
vn -0.553668 -0.454493 -0.697773
vn -0.216020 -0.333506 -0.917665
vn -0.216020 -0.333506 -0.917665
vn -0.216020 -0.333506 -0.917665
vn -0.194470 -0.354336 -0.914673
vn -0.194470 -0.354336 -0.914673
vn -0.194470 -0.354336 -0.914673
vn 0.213862 -0.359019 -0.908498
vn 0.213862 -0.359019 -0.908498
vn 0.213862 -0.359019 -0.908498
vn 0.195951 -0.334949 -0.921636
vn 0.195951 -0.334949 -0.921636
vn 0.195951 -0.334949 -0.921636
vn 0.583851 -0.466324 -0.664575
vn 0.583851 -0.466324 -0.664575
vn 0.583851 -0.466324 -0.664575
vn 0.564919 -0.417120 -0.711953
vn 0.564919 -0.417120 -0.711953
vn 0.564919 -0.417120 -0.711953
vn 0.800616 -0.547164 -0.244185
vn 0.800616 -0.547164 -0.244185
vn 0.800616 -0.547164 -0.244185
vn 0.805629 -0.526260 -0.272052
vn 0.805629 -0.526260 -0.272052
vn 0.805629 -0.526260 -0.272052
vn 0.813249 -0.526407 0.248038
vn 0.813249 -0.526407 0.248038
vn 0.813249 -0.526407 0.248038
vn 0.795278 -0.543516 0.268557
vn 0.795278 -0.543516 0.268557
vn 0.795278 -0.543516 0.268557
vn 0.599157 -0.419392 0.681998
vn 0.599157 -0.419392 0.681998
vn 0.599157 -0.419392 0.681998
vn 0.553668 -0.454493 0.697773
vn 0.553668 -0.454493 0.697773
vn 0.553668 -0.454493 0.697773
vn 0.216020 -0.333506 0.917665
vn 0.216020 -0.333506 0.917665
vn 0.216020 -0.333506 0.917665
vn 0.194470 -0.354336 0.914673
vn 0.194470 -0.354336 0.914673
vn 0.194470 -0.354336 0.914673
vn -0.207241 0.083265 0.974740
vn -0.207241 0.083265 0.974740
vn -0.207241 0.083265 0.974740
vn -0.209665 0.081010 0.974412
vn -0.209665 0.081010 0.974412
vn -0.209665 0.081010 0.974412
vn -0.618457 0.100032 0.779426
vn -0.618457 0.100032 0.779426
vn -0.618457 0.100032 0.779426
vn -0.623289 0.095236 0.776171
vn -0.623289 0.095236 0.776171
vn -0.623289 0.095236 0.776171
vn -0.940729 0.118790 0.317674
vn -0.940729 0.118790 0.317674
vn -0.940729 0.118790 0.317674
vn -0.942172 0.116101 0.314377
vn -0.942172 0.116101 0.314377
vn -0.942172 0.116101 0.314377
vn -0.941029 0.116118 -0.317775
vn -0.941029 0.116118 -0.317775
vn -0.941029 0.116118 -0.317775
vn -0.941854 0.118932 -0.314271
vn -0.941854 0.118932 -0.314271
vn -0.941854 0.118932 -0.314271
vn -0.618751 0.095211 -0.779796
vn -0.618751 0.095211 -0.779796
vn -0.618751 0.095211 -0.779796
vn -0.622973 0.100374 -0.775777
vn -0.622973 0.100374 -0.775777
vn -0.622973 0.100374 -0.775777
vn -0.207279 0.081052 -0.974918
vn -0.207279 0.081052 -0.974918
vn -0.207279 0.081052 -0.974918
vn -0.209624 0.083378 -0.974221
vn -0.209624 0.083378 -0.974221
vn -0.209624 0.083378 -0.974221
vn 0.207241 0.083265 -0.974740
vn 0.207241 0.083265 -0.974740
vn 0.207241 0.083265 -0.974740
vn 0.209665 0.081010 -0.974412
vn 0.209665 0.081010 -0.974412
vn 0.209665 0.081010 -0.974412
vn 0.618457 0.100032 -0.779426
vn 0.618457 0.100032 -0.779426
vn 0.618457 0.100032 -0.779426
vn 0.623289 0.095236 -0.776171
vn 0.623289 0.095236 -0.776171
vn 0.623289 0.095236 -0.776171
vn 0.940729 0.118790 -0.317674
vn 0.940729 0.118790 -0.317674
vn 0.940729 0.118790 -0.317674
vn 0.942172 0.116101 -0.314377
vn 0.942172 0.116101 -0.314377
vn 0.942172 0.116101 -0.314377
vn 0.941029 0.116118 0.317775
vn 0.941029 0.116118 0.317775
vn 0.941029 0.116118 0.317775
vn 0.941854 0.118932 0.314271
vn 0.941854 0.118932 0.314271
vn 0.941854 0.118932 0.314271
vn 0.618751 0.095211 0.779796
vn 0.618751 0.095211 0.779796
vn 0.618751 0.095211 0.779796
vn 0.622973 0.100374 0.775777
vn 0.622973 0.100374 0.775777
vn 0.622973 0.100374 0.775777
vn 0.207279 0.081052 0.974918
vn 0.207279 0.081052 0.974918
vn 0.207279 0.081052 0.974918
vn 0.209624 0.083378 0.974221
vn 0.209624 0.083378 0.974221
vn 0.209624 0.083378 0.974221
vn -0.189278 0.436317 0.879660
vn -0.189278 0.436317 0.879660
vn -0.189278 0.436317 0.879660
vn -0.200363 0.427229 0.881663
vn -0.200363 0.427229 0.881663
vn -0.200363 0.427229 0.881663
vn -0.543092 0.497660 0.676303
vn -0.543092 0.497660 0.676303
vn -0.543092 0.497660 0.676303
vn -0.566856 0.481631 0.668361
vn -0.566856 0.481631 0.668361
vn -0.566856 0.481631 0.668361
vn -0.786882 0.558461 0.262561
vn -0.786882 0.558461 0.262561
vn -0.786882 0.558461 0.262561
vn -0.796178 0.550299 0.251537
vn -0.796178 0.550299 0.251537
vn -0.796178 0.550299 0.251537
vn -0.791802 0.550678 -0.264203
vn -0.791802 0.550678 -0.264203
vn -0.791802 0.550678 -0.264203
vn -0.789705 0.560465 -0.249491
vn -0.789705 0.560465 -0.249491
vn -0.789705 0.560465 -0.249491
vn -0.548769 0.481513 -0.683373
vn -0.548769 0.481513 -0.683373
vn -0.548769 0.481513 -0.683373
vn -0.558952 0.503226 -0.659042
vn -0.558952 0.503226 -0.659042
vn -0.558952 0.503226 -0.659042
vn -0.190104 0.428119 -0.883501
vn -0.190104 0.428119 -0.883501
vn -0.190104 0.428119 -0.883501
vn -0.199168 0.438460 -0.876405
vn -0.199168 0.438460 -0.876405
vn -0.199168 0.438460 -0.876405
vn 0.189278 0.436317 -0.879660
vn 0.189278 0.436317 -0.879660
vn 0.189278 0.436317 -0.879660
vn 0.200363 0.427229 -0.881663
vn 0.200363 0.427229 -0.881663
vn 0.200363 0.427229 -0.881663
vn 0.543092 0.497660 -0.676303
vn 0.543092 0.497660 -0.676303
vn 0.543092 0.497660 -0.676303
vn 0.566856 0.481631 -0.668361
vn 0.566856 0.481631 -0.668361
vn 0.566856 0.481631 -0.668361
vn 0.786882 0.558461 -0.262561
vn 0.786882 0.558461 -0.262561
vn 0.786882 0.558461 -0.262561
vn 0.796178 0.550299 -0.251537
vn 0.796178 0.550299 -0.251537
vn 0.796178 0.550299 -0.251537
vn 0.791802 0.550678 0.264203
vn 0.791802 0.550678 0.264203
vn 0.791802 0.550678 0.264203
vn 0.789705 0.560465 0.249491
vn 0.789705 0.560465 0.249491
vn 0.789705 0.560465 0.249491
vn 0.548769 0.481513 0.683373
vn 0.548769 0.481513 0.683373
vn 0.548769 0.481513 0.683373
vn 0.558952 0.503226 0.659042
vn 0.558952 0.503226 0.659042
vn 0.558952 0.503226 0.659042
vn 0.190104 0.428119 0.883501
vn 0.190104 0.428119 0.883501
vn 0.190104 0.428119 0.883501
vn 0.199168 0.438460 0.876405
vn 0.199168 0.438460 0.876405
vn 0.199168 0.438460 0.876405
vn -0.125167 0.825215 0.550775
vn -0.125167 0.825215 0.550775
vn -0.125167 0.825215 0.550775
vn -0.166610 0.811802 0.559660
vn -0.166610 0.811802 0.559660
vn -0.166610 0.811802 0.559660
vn -0.321389 0.867822 0.378939
vn -0.321389 0.867822 0.378939
vn -0.321389 0.867822 0.378939
vn -0.388303 0.852684 0.349500
vn -0.388303 0.852684 0.349500
vn -0.388303 0.852684 0.349500
vn -0.421115 0.897197 0.133043
vn -0.421115 0.897197 0.133043
vn -0.421115 0.897197 0.133043
vn -0.441142 0.891109 0.106392
vn -0.441142 0.891109 0.106392
vn -0.441142 0.891109 0.106392
vn -0.430243 0.892421 -0.135927
vn -0.430243 0.892421 -0.135927
vn -0.430243 0.892421 -0.135927
vn -0.422679 0.900528 -0.101939
vn -0.422679 0.900528 -0.101939
vn -0.422679 0.900528 -0.101939
vn -0.335685 0.854788 -0.395795
vn -0.335685 0.854788 -0.395795
vn -0.335685 0.854788 -0.395795
vn -0.352464 0.880413 -0.317242
vn -0.352464 0.880413 -0.317242
vn -0.352464 0.880413 -0.317242
vn -0.127929 0.816544 -0.562930
vn -0.127929 0.816544 -0.562930
vn -0.127929 0.816544 -0.562930
vn -0.157692 0.833394 -0.529705
vn -0.157692 0.833394 -0.529705
vn -0.157692 0.833394 -0.529705
vn 0.125167 0.825215 -0.550775
vn 0.125167 0.825215 -0.550775
vn 0.125167 0.825215 -0.550775
vn 0.166610 0.811802 -0.559660
vn 0.166610 0.811802 -0.559660
vn 0.166610 0.811802 -0.559660
vn 0.321389 0.867822 -0.378939
vn 0.321389 0.867822 -0.378939
vn 0.321389 0.867822 -0.378939
vn 0.388303 0.852684 -0.349500
vn 0.388303 0.852684 -0.349500
vn 0.388303 0.852684 -0.349500
vn 0.421115 0.897197 -0.133043
vn 0.421115 0.897197 -0.133043
vn 0.421115 0.897197 -0.133043
vn 0.441142 0.891109 -0.106392
vn 0.441142 0.891109 -0.106392
vn 0.441142 0.891109 -0.106392
vn 0.430243 0.892421 0.135927
vn 0.430243 0.892421 0.135927
vn 0.430243 0.892421 0.135927
vn 0.422679 0.900528 0.101939
vn 0.422679 0.900528 0.101939
vn 0.422679 0.900528 0.101939
vn 0.335685 0.854788 0.395795
vn 0.335685 0.854788 0.395795
vn 0.335685 0.854788 0.395795
vn 0.352464 0.880413 0.317242
vn 0.352464 0.880413 0.317242
vn 0.352464 0.880413 0.317242
vn 0.127929 0.816544 0.562930
vn 0.127929 0.816544 0.562930
vn 0.127929 0.816544 0.562930
vn 0.157692 0.833394 0.529705
vn 0.157692 0.833394 0.529705
vn 0.157692 0.833394 0.529705
vn 0.000000 -1.000000 0.000000
vn 0.000000 -1.000000 0.000000
vn 0.000000 -1.000000 0.000000
vn 0.000000 -1.000000 0.000000
vn 0.000000 -1.000000 0.000000
vn 0.000000 -1.000000 0.000000
vn 0.000000 -1.000000 0.000000
vn 0.000000 -1.000000 0.000000
vn 0.000000 -1.000000 0.000000
vn -0.000000 -1.000000 0.000000
vn -0.000000 -1.000000 0.000000
vn -0.000000 -1.000000 0.000000
vn 0.000000 -1.000000 0.000000
vn 0.000000 -1.000000 0.000000
vn 0.000000 -1.000000 0.000000
vn 0.000000 -1.000000 -0.000000
vn 0.000000 -1.000000 -0.000000
vn 0.000000 -1.000000 -0.000000
vn 0.000000 -1.000000 0.000000
vn 0.000000 -1.000000 0.000000
vn 0.000000 -1.000000 0.000000
vn 0.000000 -1.000000 0.000000
vn 0.000000 -1.000000 0.000000
vn 0.000000 -1.000000 0.000000
vn 0.000000 -1.000000 0.000000
vn 0.000000 -1.000000 0.000000
vn 0.000000 -1.000000 0.000000
vn 0.000000 -1.000000 0.000000
vn 0.000000 -1.000000 0.000000
vn 0.000000 -1.000000 0.000000
vn 0.000000 -1.000000 0.000000
vn 0.000000 -1.000000 0.000000
vn 0.000000 -1.000000 0.000000
vn 0.000000 -1.000000 0.000000
vn 0.000000 -1.000000 0.000000
vn 0.000000 -1.000000 0.000000
vn 0.000000 1.000000 0.000000
vn 0.000000 1.000000 0.000000
vn 0.000000 1.000000 0.000000
vn 0.000000 1.000000 0.000000
vn 0.000000 1.000000 0.000000
vn 0.000000 1.000000 0.000000
vn 0.000000 1.000000 0.000000
vn 0.000000 1.000000 0.000000
vn 0.000000 1.000000 0.000000
vn 0.000000 1.000000 0.000000
vn 0.000000 1.000000 0.000000
vn 0.000000 1.000000 0.000000
vn 0.000000 1.000000 0.000000
vn 0.000000 1.000000 0.000000
vn 0.000000 1.000000 0.000000
vn 0.000000 1.000000 0.000000
vn 0.000000 1.000000 0.000000
vn 0.000000 1.000000 0.000000
vn 0.000000 1.000000 0.000000
vn 0.000000 1.000000 0.000000
vn 0.000000 1.000000 0.000000
vn 0.000000 1.000000 0.000000
vn 0.000000 1.000000 0.000000
vn 0.000000 1.000000 0.000000
vn -0.000000 1.000000 0.000000
vn -0.000000 1.000000 0.000000
vn -0.000000 1.000000 0.000000
vn 0.000000 1.000000 0.000000
vn 0.000000 1.000000 0.000000
vn 0.000000 1.000000 0.000000
vn 0.000000 1.000000 0.000000
vn 0.000000 1.000000 0.000000
vn 0.000000 1.000000 0.000000
vn 0.000000 1.000000 -0.000000
vn 0.000000 1.000000 -0.000000
vn 0.000000 1.000000 -0.000000
f 1/1/1 2/2/2 3/3/3
f 4/4/4 5/5/5 6/6/6
f 7/7/7 8/8/8 9/9/9
f 10/10/10 11/11/11 12/12/12
f 13/13/13 14/14/14 15/15/15
f 16/16/16 17/17/17 18/18/18
f 19/19/19 20/20/20 21/21/21
f 22/22/22 23/23/23 24/24/24
f 25/25/25 26/26/26 27/27/27
f 28/28/28 29/29/29 30/30/30
f 31/31/31 32/32/32 33/33/33
f 34/34/34 35/35/35 36/36/36
f 37/37/37 38/38/38 39/39/39
f 40/40/40 41/41/41 42/42/42
f 43/43/43 44/44/44 45/45/45
f 46/46/46 47/47/47 48/48/48
f 49/49/49 50/50/50 51/51/51
f 52/52/52 53/53/53 54/54/54
f 55/55/55 56/56/56 57/57/57
f 58/58/58 59/59/59 60/60/60
f 61/61/61 62/62/62 63/63/63
f 64/64/64 65/65/65 66/66/66
f 67/67/67 68/68/68 69/69/69
f 70/70/70 71/71/71 72/72/72
f 73/73/73 74/74/74 75/75/75
f 76/76/76 77/77/77 78/78/78
f 79/79/79 80/80/80 81/81/81
f 82/82/82 83/83/83 84/84/84
f 85/85/85 86/86/86 87/87/87
f 88/88/88 89/89/89 90/90/90
f 91/91/91 92/92/92 93/93/93
f 94/94/94 95/95/95 96/96/96
f 97/97/97 98/98/98 99/99/99
f 100/100/100 101/101/101 102/102/102
f 103/103/103 104/104/104 105/105/105
f 106/106/106 107/107/107 108/108/108
f 109/109/109 110/110/110 111/111/111
f 112/112/112 113/113/113 114/114/114
f 115/115/115 116/116/116 117/117/117
f 118/118/118 119/119/119 120/120/120
f 121/121/121 122/122/122 123/123/123
f 124/124/124 125/125/125 126/126/126
f 127/127/127 128/128/128 129/129/129
f 130/130/130 131/131/131 132/132/132
f 133/133/133 134/134/134 135/135/135
f 136/136/136 137/137/137 138/138/138
f 139/139/139 140/140/140 141/141/141
f 142/142/142 143/143/143 144/144/144
f 145/145/145 146/146/146 147/147/147
f 148/148/148 149/149/149 150/150/150
f 151/151/151 152/152/152 153/153/153
f 154/154/154 155/155/155 156/156/156
f 157/157/157 158/158/158 159/159/159
f 160/160/160 161/161/161 162/162/162
f 163/163/163 164/164/164 165/165/165
f 166/166/166 167/167/167 168/168/168
f 169/169/169 170/170/170 171/171/171
f 172/172/172 173/173/173 174/174/174
f 175/175/175 176/176/176 177/177/177
f 178/178/178 179/179/179 180/180/180
f 181/181/181 182/182/182 183/183/183
f 184/184/184 185/185/185 186/186/186
f 187/187/187 188/188/188 189/189/189
f 190/190/190 191/191/191 192/192/192
f 193/193/193 194/194/194 195/195/195
f 196/196/196 197/197/197 198/198/198
f 199/199/199 200/200/200 201/201/201
f 202/202/202 203/203/203 204/204/204
f 205/205/205 206/206/206 207/207/207
f 208/208/208 209/209/209 210/210/210
f 211/211/211 212/212/212 213/213/213
f 214/214/214 215/215/215 216/216/216
f 217/217/217 218/218/218 219/219/219
f 220/220/220 221/221/221 222/222/222
f 223/223/223 224/224/224 225/225/225
f 226/226/226 227/227/227 228/228/228
f 229/229/229 230/230/230 231/231/231
f 232/232/232 233/233/233 234/234/234
f 235/235/235 236/236/236 237/237/237
f 238/238/238 239/239/239 240/240/240
f 241/241/241 242/242/242 243/243/243
f 244/244/244 245/245/245 246/246/246
f 247/247/247 248/248/248 249/249/249
f 250/250/250 251/251/251 252/252/252
f 253/253/253 254/254/254 255/255/255
f 256/256/256 257/257/257 258/258/258
f 259/259/259 260/260/260 261/261/261
f 262/262/262 263/263/263 264/264/264
f 265/265/265 266/266/266 267/267/267
f 268/268/268 269/269/269 270/270/270
f 271/271/271 272/272/272 273/273/273
f 274/274/274 275/275/275 276/276/276
f 277/277/277 278/278/278 279/279/279
f 280/280/280 281/281/281 282/282/282
f 283/283/283 284/284/284 285/285/285
f 286/286/286 287/287/287 288/288/288
f 289/289/289 290/290/290 291/291/291
f 292/292/292 293/293/293 294/294/294
f 295/295/295 296/296/296 297/297/297
f 298/298/298 299/299/299 300/300/300
f 301/301/301 302/302/302 303/303/303
f 304/304/304 305/305/305 306/306/306
f 307/307/307 308/308/308 309/309/309
f 310/310/310 311/311/311 312/312/312
f 313/313/313 314/314/314 315/315/315
f 316/316/316 317/317/317 318/318/318
f 319/319/319 320/320/320 321/321/321
f 322/322/322 323/323/323 324/324/324
f 325/325/325 326/326/326 327/327/327
f 328/328/328 329/329/329 330/330/330
f 331/331/331 332/332/332 333/333/333
f 334/334/334 335/335/335 336/336/336
f 337/337/337 338/338/338 339/339/339
f 340/340/340 341/341/341 342/342/342
f 343/343/343 344/344/344 345/345/345
f 346/346/346 347/347/347 348/348/348
f 349/349/349 350/350/350 351/351/351
f 352/352/352 353/353/353 354/354/354
f 355/355/355 356/356/356 357/357/357
f 358/358/358 359/359/359 360/360/360
f 361/361/361 362/362/362 363/363/363
f 364/364/364 365/365/365 366/366/366
f 367/367/367 368/368/368 369/369/369
f 370/370/370 371/371/371 372/372/372
f 373/373/373 374/374/374 375/375/375
f 376/376/376 377/377/377 378/378/378
f 379/379/379 380/380/380 381/381/381
f 382/382/382 383/383/383 384/384/384
f 385/385/385 386/386/386 387/387/387
f 388/388/388 389/389/389 390/390/390
f 391/391/391 392/392/392 393/393/393
f 394/394/394 395/395/395 396/396/396
f 397/397/397 398/398/398 399/399/399
f 400/400/400 401/401/401 402/402/402
f 403/403/403 404/404/404 405/405/405
f 406/406/406 407/407/407 408/408/408
f 409/409/409 410/410/410 411/411/411
f 412/412/412 413/413/413 414/414/414
f 415/415/415 416/416/416 417/417/417
f 418/418/418 419/419/419 420/420/420
f 421/421/421 422/422/422 423/423/423
f 424/424/424 425/425/425 426/426/426
f 427/427/427 428/428/428 429/429/429
f 430/430/430 431/431/431 432/432/432
o LeftEar
usemtl PaintedTeaFantasy
v -0.376535 2.251448 -1.002533
v -0.626910 2.652150 -1.097995
v -0.635969 2.632826 -0.962107
v -0.376535 2.251448 -1.002533
v -0.357559 2.258150 -1.139759
v -0.626910 2.652150 -1.097995
v -0.357559 2.258150 -1.139759
v -0.670749 2.550667 -1.135574
v -0.626910 2.652150 -1.097995
v -0.357559 2.258150 -1.139759
v -0.452442 2.224640 -1.170132
v -0.670749 2.550667 -1.135574
v -0.452442 2.224640 -1.170132
v -0.705643 2.452343 -1.019554
v -0.670749 2.550667 -1.135574
v -0.452442 2.224640 -1.170132
v -0.534674 2.195597 -1.046769
v -0.705643 2.452343 -1.019554
v -0.825648 2.092833 -1.038504
v -0.705643 2.452343 -1.019554
v -0.534674 2.195597 -1.046769
v -0.825648 2.092833 -1.015514
v -0.376535 2.251448 -1.002533
v -0.635969 2.632826 -0.962107
v -0.635969 2.632826 -0.962107
v -1.012679 2.718510 -1.090961
v -1.006513 2.697883 -0.955211
v -0.635969 2.632826 -0.962107
v -0.626910 2.652150 -1.097995
v -1.012679 2.718510 -1.090961
v -0.626910 2.652150 -1.097995
v -0.979794 2.608501 -1.129443
v -1.012679 2.718510 -1.090961
v -0.626910 2.652150 -1.097995
v -0.670749 2.550667 -1.135574
v -0.979794 2.608501 -1.129443
v -0.670749 2.550667 -1.135574
v -0.946910 2.498492 -1.014662
v -0.979794 2.608501 -1.129443
v -0.670749 2.550667 -1.135574
v -0.705643 2.452343 -1.019554
v -0.946910 2.498492 -1.014662
v -0.825648 2.092833 -1.038504
v -0.946910 2.498492 -1.014662
v -0.705643 2.452343 -1.019554
v -0.825648 2.092833 -1.015514
v -0.635969 2.632826 -0.962107
v -1.006513 2.697883 -0.955211
v -1.006513 2.697883 -0.955211
v -1.288888 2.418357 -1.122777
v -1.271109 2.408511 -0.985884
v -1.006513 2.697883 -0.955211
v -1.012679 2.718510 -1.090961
v -1.288888 2.418357 -1.122777
v -1.012679 2.718510 -1.090961
v -1.198543 2.364264 -1.155332
v -1.288888 2.418357 -1.122777
v -1.012679 2.718510 -1.090961
v -0.979794 2.608501 -1.129443
v -1.198543 2.364264 -1.155332
v -0.979794 2.608501 -1.129443
v -1.117143 2.307012 -1.034959
v -1.198543 2.364264 -1.155332
v -0.979794 2.608501 -1.129443
v -0.946910 2.498492 -1.014662
v -1.117143 2.307012 -1.034959
v -0.825648 2.092833 -1.038504
v -1.117143 2.307012 -1.034959
v -0.946910 2.498492 -1.014662
v -0.825648 2.092833 -1.015514
v -1.006513 2.697883 -0.955211
v -1.271109 2.408511 -0.985884
v -1.271109 2.408511 -0.985884
v -1.293737 1.927516 -1.157283
v -1.274760 1.934218 -1.019346
v -1.271109 2.408511 -0.985884
v -1.288888 2.418357 -1.122777
v -1.293737 1.927516 -1.157283
v -1.288888 2.418357 -1.122777
v -1.198854 1.961027 -1.184104
v -1.293737 1.927516 -1.157283
v -1.288888 2.418357 -1.122777
v -1.198543 2.364264 -1.155332
v -1.198854 1.961027 -1.184104
v -1.198543 2.364264 -1.155332
v -1.116622 1.990069 -1.057662
v -1.198854 1.961027 -1.184104
v -1.198543 2.364264 -1.155332
v -1.117143 2.307012 -1.034959
v -1.116622 1.990069 -1.057662
v -0.825648 2.092833 -1.038504
v -1.116622 1.990069 -1.057662
v -1.117143 2.307012 -1.034959
v -0.825648 2.092833 -1.015514
v -1.271109 2.408511 -0.985884
v -1.274760 1.934218 -1.019346
v -1.274760 1.934218 -1.019346
v -1.024386 1.533516 -1.157283
v -1.015327 1.552840 -1.019346
v -1.274760 1.934218 -1.019346
v -1.293737 1.927516 -1.157283
v -1.024386 1.533516 -1.157283
v -1.293737 1.927516 -1.157283
v -0.980546 1.634999 -1.184104
v -1.024386 1.533516 -1.157283
v -1.293737 1.927516 -1.157283
v -1.198854 1.961027 -1.184104
v -0.980546 1.634999 -1.184104
v -1.198854 1.961027 -1.184104
v -0.945653 1.733324 -1.057662
v -0.980546 1.634999 -1.184104
v -1.198854 1.961027 -1.184104
v -1.116622 1.990069 -1.057662
v -0.945653 1.733324 -1.057662
v -0.825648 2.092833 -1.038504
v -0.945653 1.733324 -1.057662
v -1.116622 1.990069 -1.057662
v -0.825648 2.092833 -1.015514
v -1.274760 1.934218 -1.019346
v -1.015327 1.552840 -1.019346
v -1.015327 1.552840 -1.019346
v -0.638617 1.467156 -1.157283
v -0.644783 1.487783 -1.019346
v -1.015327 1.552840 -1.019346
v -1.024386 1.533516 -1.157283
v -0.638617 1.467156 -1.157283
v -1.024386 1.533516 -1.157283
v -0.671501 1.577165 -1.184104
v -0.638617 1.467156 -1.157283
v -1.024386 1.533516 -1.157283
v -0.980546 1.634999 -1.184104
v -0.671501 1.577165 -1.184104
v -0.980546 1.634999 -1.184104
v -0.704386 1.687174 -1.057662
v -0.671501 1.577165 -1.184104
v -0.980546 1.634999 -1.184104
v -0.945653 1.733324 -1.057662
v -0.704386 1.687174 -1.057662
v -0.825648 2.092833 -1.038504
v -0.704386 1.687174 -1.057662
v -0.945653 1.733324 -1.057662
v -0.825648 2.092833 -1.015514
v -1.015327 1.552840 -1.019346
v -0.644783 1.487783 -1.019346
v -0.644783 1.487783 -1.019346
v -0.362408 1.767309 -1.157283
v -0.380186 1.777155 -1.019346
v -0.644783 1.487783 -1.019346
v -0.638617 1.467156 -1.157283
v -0.362408 1.767309 -1.157283
v -0.638617 1.467156 -1.157283
v -0.452753 1.821402 -1.184104
v -0.362408 1.767309 -1.157283
v -0.638617 1.467156 -1.157283
v -0.671501 1.577165 -1.184104
v -0.452753 1.821402 -1.184104
v -0.671501 1.577165 -1.184104
v -0.534153 1.878654 -1.057662
v -0.452753 1.821402 -1.184104
v -0.671501 1.577165 -1.184104
v -0.704386 1.687174 -1.057662
v -0.534153 1.878654 -1.057662
v -0.825648 2.092833 -1.038504
v -0.534153 1.878654 -1.057662
v -0.704386 1.687174 -1.057662
v -0.825648 2.092833 -1.015514
v -0.644783 1.487783 -1.019346
v -0.380186 1.777155 -1.019346
v -0.380186 1.777155 -1.019346
v -0.357559 2.258150 -1.139759
v -0.376535 2.251448 -1.002533
v -0.380186 1.777155 -1.019346
v -0.362408 1.767309 -1.157283
v -0.357559 2.258150 -1.139759
v -0.362408 1.767309 -1.157283
v -0.452442 2.224640 -1.170132
v -0.357559 2.258150 -1.139759
v -0.362408 1.767309 -1.157283
v -0.452753 1.821402 -1.184104
v -0.452442 2.224640 -1.170132
v -0.452753 1.821402 -1.184104
v -0.534674 2.195597 -1.046769
v -0.452442 2.224640 -1.170132
v -0.452753 1.821402 -1.184104
v -0.534153 1.878654 -1.057662
v -0.534674 2.195597 -1.046769
v -0.825648 2.092833 -1.038504
v -0.534674 2.195597 -1.046769
v -0.534153 1.878654 -1.057662
v -0.825648 2.092833 -1.015514
v -0.380186 1.777155 -1.019346
v -0.376535 2.251448 -1.002533
vt 0.227211 0.902967
vt 0.170230 0.973617
vt 0.168168 0.970210
vt 0.227211 0.902967
vt 0.231529 0.904148
vt 0.170230 0.973617
vt 0.231529 0.654148
vt 0.160252 0.705724
vt 0.170230 0.723617
vt 0.231529 0.654148
vt 0.209936 0.648240
vt 0.160252 0.705724
vt 0.709936 0.898240
vt 0.652311 0.938388
vt 0.660252 0.955724
vt 0.709936 0.898240
vt 0.691221 0.893119
vt 0.652311 0.938388
vt 0.625000 0.875000
vt 0.652311 0.938388
vt 0.691221 0.893119
vt 0.125000 0.875000
vt 0.221875 0.778125
vt 0.028125 0.971875
vt 0.168168 0.970210
vt 0.082435 0.985318
vt 0.083838 0.981681
vt 0.168168 0.970210
vt 0.170230 0.973617
vt 0.082435 0.985318
vt 0.170230 0.723617
vt 0.089919 0.715921
vt 0.082435 0.735318
vt 0.170230 0.723617
vt 0.160252 0.705724
vt 0.089919 0.715921
vt 0.660252 0.955724
vt 0.597403 0.946525
vt 0.589919 0.965921
vt 0.660252 0.955724
vt 0.652311 0.938388
vt 0.597403 0.946525
vt 0.625000 0.875000
vt 0.597403 0.946525
vt 0.652311 0.938388
vt 0.125000 0.875000
vt 0.221875 0.778125
vt 0.028125 0.971875
vt 0.083838 0.981681
vt 0.019574 0.932396
vt 0.023620 0.930660
vt 0.083838 0.981681
vt 0.082435 0.985318
vt 0.019574 0.932396
vt 0.082435 0.735318
vt 0.040135 0.672858
vt 0.019574 0.682396
vt 0.082435 0.735318
vt 0.089919 0.715921
vt 0.040135 0.672858
vt 0.589919 0.965921
vt 0.558660 0.912763
vt 0.540135 0.922858
vt 0.589919 0.965921
vt 0.597403 0.946525
vt 0.558660 0.912763
vt 0.625000 0.875000
vt 0.558660 0.912763
vt 0.597403 0.946525
vt 0.125000 0.875000
vt 0.221875 0.778125
vt 0.028125 0.971875
vt 0.023620 0.930660
vt 0.018471 0.845852
vt 0.022789 0.847033
vt 0.023620 0.930660
vt 0.019574 0.932396
vt 0.018471 0.845852
vt 0.019574 0.682396
vt 0.040064 0.601760
vt 0.018471 0.595852
vt 0.019574 0.682396
vt 0.040135 0.672858
vt 0.040064 0.601760
vt 0.540135 0.922858
vt 0.558779 0.856881
vt 0.540064 0.851760
vt 0.540135 0.922858
vt 0.558660 0.912763
vt 0.558779 0.856881
vt 0.625000 0.875000
vt 0.558779 0.856881
vt 0.558660 0.912763
vt 0.125000 0.875000
vt 0.221875 0.778125
vt 0.028125 0.971875
vt 0.022789 0.847033
vt 0.079770 0.776383
vt 0.081832 0.779790
vt 0.022789 0.847033
vt 0.018471 0.845852
vt 0.079770 0.776383
vt 0.018471 0.595852
vt 0.089748 0.544276
vt 0.079770 0.526383
vt 0.018471 0.595852
vt 0.040064 0.601760
vt 0.089748 0.544276
vt 0.540064 0.851760
vt 0.597689 0.811612
vt 0.589748 0.794276
vt 0.540064 0.851760
vt 0.558779 0.856881
vt 0.597689 0.811612
vt 0.625000 0.875000
vt 0.597689 0.811612
vt 0.558779 0.856881
vt 0.125000 0.875000
vt 0.221875 0.778125
vt 0.028125 0.971875
vt 0.081832 0.779790
vt 0.167565 0.764682
vt 0.166162 0.768319
vt 0.081832 0.779790
vt 0.079770 0.776383
vt 0.167565 0.764682
vt 0.079770 0.526383
vt 0.160081 0.534079
vt 0.167565 0.514682
vt 0.079770 0.526383
vt 0.089748 0.544276
vt 0.160081 0.534079
vt 0.589748 0.794276
vt 0.652597 0.803475
vt 0.660081 0.784079
vt 0.589748 0.794276
vt 0.597689 0.811612
vt 0.652597 0.803475
vt 0.625000 0.875000
vt 0.652597 0.803475
vt 0.597689 0.811612
vt 0.125000 0.875000
vt 0.221875 0.778125
vt 0.028125 0.971875
vt 0.166162 0.768319
vt 0.230426 0.817604
vt 0.226380 0.819340
vt 0.166162 0.768319
vt 0.167565 0.764682
vt 0.230426 0.817604
vt 0.167565 0.514682
vt 0.209865 0.577142
vt 0.230426 0.567604
vt 0.167565 0.514682
vt 0.160081 0.534079
vt 0.209865 0.577142
vt 0.660081 0.784079
vt 0.691340 0.837237
vt 0.709865 0.827142
vt 0.660081 0.784079
vt 0.652597 0.803475
vt 0.691340 0.837237
vt 0.625000 0.875000
vt 0.691340 0.837237
vt 0.652597 0.803475
vt 0.125000 0.875000
vt 0.221875 0.778125
vt 0.028125 0.971875
vt 0.226380 0.819340
vt 0.231529 0.904148
vt 0.227211 0.902967
vt 0.226380 0.819340
vt 0.230426 0.817604
vt 0.231529 0.904148
vt 0.230426 0.567604
vt 0.209936 0.648240
vt 0.231529 0.654148
vt 0.230426 0.567604
vt 0.209865 0.577142
vt 0.209936 0.648240
vt 0.709865 0.827142
vt 0.691221 0.893119
vt 0.709936 0.898240
vt 0.709865 0.827142
vt 0.691340 0.837237
vt 0.691221 0.893119
vt 0.625000 0.875000
vt 0.691221 0.893119
vt 0.691340 0.837237
vt 0.125000 0.875000
vt 0.221875 0.778125
vt 0.028125 0.971875
vn 0.825986 0.547785 0.132960
vn 0.825986 0.547785 0.132960
vn 0.825986 0.547785 0.132960
vn 0.824199 0.548527 0.140765
vn 0.824199 0.548527 0.140765
vn 0.824199 0.548527 0.140765
vn 0.223063 0.252301 -0.941588
vn 0.223063 0.252301 -0.941588
vn 0.223063 0.252301 -0.941588
vn 0.216078 0.244874 -0.945171
vn 0.216078 0.244874 -0.945171
vn 0.216078 0.244874 -0.945171
vn -0.711195 -0.416158 -0.566581
vn -0.711195 -0.416158 -0.566581
vn -0.711195 -0.416158 -0.566581
vn -0.710207 -0.412461 -0.570511
vn -0.710207 -0.412461 -0.570511
vn -0.710207 -0.412461 -0.570511
vn -0.053097 0.070230 -0.996117
vn -0.053097 0.070230 -0.996117
vn -0.053097 0.070230 -0.996117
vn 0.006844 -0.100802 0.994883
vn 0.006844 -0.100802 0.994883
vn 0.006844 -0.100802 0.994883
vn 0.173751 0.974756 0.140218
vn 0.173751 0.974756 0.140218
vn 0.173751 0.974756 0.140218
vn 0.170269 0.973937 0.149851
vn 0.170269 0.973937 0.149851
vn 0.170269 0.973937 0.149851
vn 0.041524 0.340941 -0.939167
vn 0.041524 0.340941 -0.939167
vn 0.041524 0.340941 -0.939167
vn 0.043143 0.330482 -0.942826
vn 0.043143 0.330482 -0.942826
vn 0.043143 0.330482 -0.942826
vn -0.150649 -0.734922 -0.661207
vn -0.150649 -0.734922 -0.661207
vn -0.150649 -0.734922 -0.661207
vn -0.153251 -0.730666 -0.665313
vn -0.153251 -0.730666 -0.665313
vn -0.153251 -0.730666 -0.665313
vn -0.009566 0.055819 -0.998395
vn -0.009566 0.055819 -0.998395
vn -0.009566 0.055819 -0.998395
vn 0.001168 -0.098830 0.995104
vn 0.001168 -0.098830 0.995104
vn 0.001168 -0.098830 0.995104
vn -0.737897 0.659531 0.143269
vn -0.737897 0.659531 0.143269
vn -0.737897 0.659531 0.143269
vn -0.736238 0.663278 0.134223
vn -0.736238 0.663278 0.134223
vn -0.736238 0.663278 0.134223
vn -0.181171 0.267047 -0.946500
vn -0.181171 0.267047 -0.946500
vn -0.181171 0.267047 -0.946500
vn -0.192420 0.272274 -0.942784
vn -0.192420 0.272274 -0.942784
vn -0.192420 0.272274 -0.942784
vn 0.606746 -0.475939 -0.636664
vn 0.606746 -0.475939 -0.636664
vn 0.606746 -0.475939 -0.636664
vn 0.611320 -0.476511 -0.631842
vn 0.611320 -0.476511 -0.631842
vn 0.611320 -0.476511 -0.631842
vn 0.039624 0.070426 -0.996730
vn 0.039624 0.070426 -0.996730
vn 0.039624 0.070426 -0.996730
vn -0.005193 -0.100711 0.994902
vn -0.005193 -0.100711 0.994902
vn -0.005193 -0.100711 0.994902
vn -0.990654 -0.001997 0.136385
vn -0.990654 -0.001997 0.136385
vn -0.990654 -0.001997 0.136385
vn -0.991665 0.000739 0.128841
vn -0.991665 0.000739 0.128841
vn -0.991665 0.000739 0.128841
vn -0.294139 0.069915 -0.953202
vn -0.294139 0.069915 -0.953202
vn -0.294139 0.069915 -0.953202
vn -0.301887 0.068082 -0.950910
vn -0.301887 0.068082 -0.950910
vn -0.301887 0.068082 -0.950910
vn 0.833599 0.038672 -0.551014
vn 0.833599 0.038672 -0.551014
vn 0.833599 0.038672 -0.551014
vn 0.836534 0.040515 -0.546415
vn 0.836534 0.040515 -0.546415
vn 0.836534 0.040515 -0.546415
vn 0.040382 0.071456 -0.996626
vn 0.040382 0.071456 -0.996626
vn 0.040382 0.071456 -0.996626
vn 0.016387 -0.070492 0.997378
vn 0.016387 -0.070492 0.997378
vn 0.016387 -0.070492 0.997378
vn -0.819602 -0.557536 0.131933
vn -0.819602 -0.557536 0.131933
vn -0.819602 -0.557536 0.131933
vn -0.817445 -0.558831 0.139612
vn -0.817445 -0.558831 0.139612
vn -0.817445 -0.558831 0.139612
vn -0.227710 -0.155670 -0.961205
vn -0.227710 -0.155670 -0.961205
vn -0.227710 -0.155670 -0.961205
vn -0.220422 -0.147594 -0.964173
vn -0.220422 -0.147594 -0.964173
vn -0.220422 -0.147594 -0.964173
vn 0.692870 0.463946 -0.551982
vn 0.692870 0.463946 -0.551982
vn 0.692870 0.463946 -0.551982
vn 0.691924 0.460761 -0.555824
vn 0.691924 0.460761 -0.555824
vn 0.691924 0.460761 -0.555824
vn 0.053195 0.035423 -0.997956
vn 0.053195 0.035423 -0.997956
vn 0.053195 0.035423 -0.997956
vn -0.006879 -0.004679 0.999965
vn -0.006879 -0.004679 0.999965
vn -0.006879 -0.004679 0.999965
vn -0.171268 -0.975481 0.138215
vn -0.171268 -0.975481 0.138215
vn -0.171268 -0.975481 0.138215
vn -0.167674 -0.974735 0.147567
vn -0.167674 -0.974735 0.147567
vn -0.167674 -0.974735 0.147567
vn -0.042782 -0.248705 -0.967634
vn -0.042782 -0.248705 -0.967634
vn -0.042782 -0.248705 -0.967634
vn -0.044406 -0.237291 -0.970423
vn -0.044406 -0.237291 -0.970423
vn -0.044406 -0.237291 -0.970423
vn 0.143123 0.764795 -0.628175
vn 0.143123 0.764795 -0.628175
vn 0.143123 0.764795 -0.628175
vn 0.145588 0.761130 -0.632048
vn 0.145588 0.761130 -0.632048
vn 0.145588 0.761130 -0.632048
vn 0.009569 0.050026 -0.998702
vn 0.009569 0.050026 -0.998702
vn 0.009569 0.050026 -0.998702
vn -0.001173 -0.006683 0.999977
vn -0.001173 -0.006683 0.999977
vn -0.001173 -0.006683 0.999977
vn 0.730533 -0.667984 0.141839
vn 0.730533 -0.667984 0.141839
vn 0.730533 -0.667984 0.141839
vn 0.729315 -0.671134 0.132960
vn 0.729315 -0.671134 0.132960
vn 0.729315 -0.671134 0.132960
vn 0.185246 -0.170468 -0.967794
vn 0.185246 -0.170468 -0.967794
vn 0.185246 -0.170468 -0.967794
vn 0.196843 -0.176300 -0.964454
vn 0.196843 -0.176300 -0.964454
vn 0.196843 -0.176300 -0.964454
vn -0.586895 0.525646 -0.615834
vn -0.586895 0.525646 -0.615834
vn -0.586895 0.525646 -0.615834
vn -0.591452 0.525823 -0.611306
vn -0.591452 0.525823 -0.611306
vn -0.591452 0.525823 -0.611306
vn -0.039698 0.035293 -0.998588
vn -0.039698 0.035293 -0.998588
vn -0.039698 0.035293 -0.998588
vn 0.005219 -0.004772 0.999975
vn 0.005219 -0.004772 0.999975
vn 0.005219 -0.004772 0.999975
vn 0.990579 -0.012459 0.136375
vn 0.990579 -0.012459 0.136375
vn 0.990579 -0.012459 0.136375
vn 0.991562 -0.014395 0.128828
vn 0.991562 -0.014395 0.128828
vn 0.991562 -0.014395 0.128828
vn 0.294717 0.031186 -0.955075
vn 0.294717 0.031186 -0.955075
vn 0.294717 0.031186 -0.955075
vn 0.302426 0.032773 -0.952609
vn 0.302426 0.032773 -0.952609
vn 0.302426 0.032773 -0.952609
vn -0.834061 0.019746 -0.551319
vn -0.834061 0.019746 -0.551319
vn -0.834061 0.019746 -0.551319
vn -0.837094 0.017417 -0.546782
vn -0.837094 0.017417 -0.546782
vn -0.837094 0.017417 -0.546782
vn -0.040462 0.034254 -0.998594
vn -0.040462 0.034254 -0.998594
vn -0.040462 0.034254 -0.998594
vn -0.016418 -0.035296 0.999242
vn -0.016418 -0.035296 0.999242
vn -0.016418 -0.035296 0.999242
f 433/433/433 434/434/434 435/435/435
f 436/436/436 437/437/437 438/438/438
f 439/439/439 440/440/440 441/441/441
f 442/442/442 443/443/443 444/444/444
f 445/445/445 446/446/446 447/447/447
f 448/448/448 449/449/449 450/450/450
f 451/451/451 452/452/452 453/453/453
f 454/454/454 455/455/455 456/456/456
f 457/457/457 458/458/458 459/459/459
f 460/460/460 461/461/461 462/462/462
f 463/463/463 464/464/464 465/465/465
f 466/466/466 467/467/467 468/468/468
f 469/469/469 470/470/470 471/471/471
f 472/472/472 473/473/473 474/474/474
f 475/475/475 476/476/476 477/477/477
f 478/478/478 479/479/479 480/480/480
f 481/481/481 482/482/482 483/483/483
f 484/484/484 485/485/485 486/486/486
f 487/487/487 488/488/488 489/489/489
f 490/490/490 491/491/491 492/492/492
f 493/493/493 494/494/494 495/495/495
f 496/496/496 497/497/497 498/498/498
f 499/499/499 500/500/500 501/501/501
f 502/502/502 503/503/503 504/504/504
f 505/505/505 506/506/506 507/507/507
f 508/508/508 509/509/509 510/510/510
f 511/511/511 512/512/512 513/513/513
f 514/514/514 515/515/515 516/516/516
f 517/517/517 518/518/518 519/519/519
f 520/520/520 521/521/521 522/522/522
f 523/523/523 524/524/524 525/525/525
f 526/526/526 527/527/527 528/528/528
f 529/529/529 530/530/530 531/531/531
f 532/532/532 533/533/533 534/534/534
f 535/535/535 536/536/536 537/537/537
f 538/538/538 539/539/539 540/540/540
f 541/541/541 542/542/542 543/543/543
f 544/544/544 545/545/545 546/546/546
f 547/547/547 548/548/548 549/549/549
f 550/550/550 551/551/551 552/552/552
f 553/553/553 554/554/554 555/555/555
f 556/556/556 557/557/557 558/558/558
f 559/559/559 560/560/560 561/561/561
f 562/562/562 563/563/563 564/564/564
f 565/565/565 566/566/566 567/567/567
f 568/568/568 569/569/569 570/570/570
f 571/571/571 572/572/572 573/573/573
f 574/574/574 575/575/575 576/576/576
f 577/577/577 578/578/578 579/579/579
f 580/580/580 581/581/581 582/582/582
f 583/583/583 584/584/584 585/585/585
f 586/586/586 587/587/587 588/588/588
f 589/589/589 590/590/590 591/591/591
f 592/592/592 593/593/593 594/594/594
f 595/595/595 596/596/596 597/597/597
f 598/598/598 599/599/599 600/600/600
f 601/601/601 602/602/602 603/603/603
f 604/604/604 605/605/605 606/606/606
f 607/607/607 608/608/608 609/609/609
f 610/610/610 611/611/611 612/612/612
f 613/613/613 614/614/614 615/615/615
f 616/616/616 617/617/617 618/618/618
f 619/619/619 620/620/620 621/621/621
f 622/622/622 623/623/623 624/624/624
o LeftEarFur
usemtl PaintedTeaFantasy
v -1.025179 1.738592 -1.203262
v -0.878856 1.861492 -1.241578
v -0.852252 1.738592 -1.203262
v -1.025179 1.738592 -1.203262
v -0.968646 1.991621 -1.184104
v -0.878856 1.861492 -1.241578
v -1.025179 1.738592 -1.203262
v -0.998575 1.861492 -1.241578
v -0.968646 1.991621 -1.184104
v -0.912112 1.738592 -1.203262
v -0.765788 1.861492 -1.241578
v -0.739184 1.738592 -1.203262
v -0.912112 1.738592 -1.203262
v -0.825648 1.991621 -1.184104
v -0.765788 1.861492 -1.241578
v -0.912112 1.738592 -1.203262
v -0.885507 1.861492 -1.241578
v -0.825648 1.991621 -1.184104
v -0.799044 1.738592 -1.203262
v -0.652721 1.861492 -1.241578
v -0.626116 1.738592 -1.203262
v -0.799044 1.738592 -1.203262
v -0.682650 1.991621 -1.184104
v -0.652721 1.861492 -1.241578
v -0.799044 1.738592 -1.203262
v -0.772439 1.861492 -1.241578
v -0.682650 1.991621 -1.184104
vt 0.253906 0.253906
vt 0.496094 0.253906
vt 0.375000 0.496094
vt 0.253906 0.253906
vt 0.496094 0.253906
vt 0.375000 0.496094
vt 0.253906 0.253906
vt 0.496094 0.253906
vt 0.375000 0.496094
vt 0.253906 0.253906
vt 0.496094 0.253906
vt 0.375000 0.496094
vt 0.253906 0.253906
vt 0.496094 0.253906
vt 0.375000 0.496094
vt 0.253906 0.253906
vt 0.496094 0.253906
vt 0.375000 0.496094
vt 0.253906 0.253906
vt 0.496094 0.253906
vt 0.375000 0.496094
vt 0.253906 0.253906
vt 0.496094 0.253906
vt 0.375000 0.496094
vt 0.253906 0.253906
vt 0.496094 0.253906
vt 0.375000 0.496094
vn 0.000000 -0.297635 -0.954680
vn 0.000000 -0.297635 -0.954680
vn 0.000000 -0.297635 -0.954680
vn -0.367601 0.151604 -0.917543
vn -0.367601 0.151604 -0.917543
vn -0.367601 0.151604 -0.917543
vn 0.976069 -0.216755 -0.017527
vn 0.976069 -0.216755 -0.017527
vn 0.976069 -0.216755 -0.017527
vn 0.000000 -0.297635 -0.954680
vn 0.000000 -0.297635 -0.954680
vn 0.000000 -0.297635 -0.954680
vn -0.406320 0.206243 -0.890151
vn -0.406320 0.206243 -0.890151
vn -0.406320 0.206243 -0.890151
vn 0.910931 -0.288985 -0.294437
vn 0.910931 -0.288985 -0.294437
vn 0.910931 -0.288985 -0.294437
vn 0.000000 -0.297635 -0.954680
vn 0.000000 -0.297635 -0.954680
vn 0.000000 -0.297635 -0.954680
vn -0.450908 0.271789 -0.850184
vn -0.450908 0.271789 -0.850184
vn -0.450908 0.271789 -0.850184
vn 0.799337 -0.329658 -0.502381
vn 0.799337 -0.329658 -0.502381
vn 0.799337 -0.329658 -0.502381
f 625/625/625 626/626/626 627/627/627
f 628/628/628 629/629/629 630/630/630
f 631/631/631 632/632/632 633/633/633
f 634/634/634 635/635/635 636/636/636
f 637/637/637 638/638/638 639/639/639
f 640/640/640 641/641/641 642/642/642
f 643/643/643 644/644/644 645/645/645
f 646/646/646 647/647/647 648/648/648
f 649/649/649 650/650/650 651/651/651
o LeftEye
usemtl PaintedTeaFantasy
v -0.198767 1.436370 -1.873624
v -0.512207 1.695216 -1.694324
v -0.244636 1.640372 -1.847385
v -0.198767 1.436370 -1.873624
v -0.581011 1.618351 -1.654966
v -0.512207 1.695216 -1.694324
v -0.198767 1.436370 -1.873624
v -0.504563 1.299842 -1.698698
v -0.581011 1.618351 -1.654966
v -0.198767 1.436370 -1.873624
v -0.290506 1.280148 -1.821146
v -0.504563 1.299842 -1.698698
vt 0.996094 0.850781
vt 0.797500 0.996094
vt 0.967031 0.971875
vt 0.996094 0.850781
vt 0.753906 0.947656
vt 0.797500 0.996094
vt 0.996094 0.850781
vt 0.802344 0.758750
vt 0.753906 0.947656
vt 0.996094 0.850781
vt 0.937969 0.753906
vt 0.802344 0.758750
vn -0.496536 0.000000 -0.868016
vn -0.496536 0.000000 -0.868016
vn -0.496536 0.000000 -0.868016
vn -0.496536 0.000000 -0.868016
vn -0.496536 0.000000 -0.868016
vn -0.496536 0.000000 -0.868016
vn -0.496536 0.000000 -0.868016
vn -0.496536 0.000000 -0.868016
vn -0.496536 0.000000 -0.868016
vn -0.496536 -0.000000 -0.868016
vn -0.496536 -0.000000 -0.868016
vn -0.496536 -0.000000 -0.868016
f 652/652/652 653/653/653 654/654/654
f 655/655/655 656/656/656 657/657/657
f 658/658/658 659/659/659 660/660/660
f 661/661/661 662/662/662 663/663/663
o LeftCheek
usemtl PaintedTeaFantasy
v -0.214057 1.137222 -1.837717
v -0.665105 1.087364 -1.463854
v -0.458693 1.187080 -1.634944
v -0.214057 1.137222 -1.837717
v -0.558077 1.004268 -1.552567
v -0.665105 1.087364 -1.463854
v -0.214057 1.137222 -1.837717
v -0.603946 0.954410 -1.514547
v -0.558077 1.004268 -1.552567
v -0.214057 1.137222 -1.837717
v -0.397534 0.937790 -1.685637
v -0.603946 0.954410 -1.514547
vt 0.246094 0.697656
vt 0.003906 0.649219
vt 0.114738 0.746094
vt 0.246094 0.697656
vt 0.061374 0.568490
vt 0.003906 0.649219
vt 0.246094 0.697656
vt 0.036745 0.520052
vt 0.061374 0.568490
vt 0.246094 0.697656
vt 0.147577 0.503906
vt 0.036745 0.520052
vn -0.638156 -0.000000 -0.769907
vn -0.638156 -0.000000 -0.769907
vn -0.638156 -0.000000 -0.769907
vn -0.638156 -0.000000 -0.769907
vn -0.638156 -0.000000 -0.769907
vn -0.638156 -0.000000 -0.769907
vn -0.638156 0.000000 -0.769907
vn -0.638156 0.000000 -0.769907
vn -0.638156 0.000000 -0.769907
vn -0.638156 0.000000 -0.769907
vn -0.638156 0.000000 -0.769907
vn -0.638156 0.000000 -0.769907
f 664/664/664 665/665/665 666/666/666
f 667/667/667 668/668/668 669/669/669
f 670/670/670 671/671/671 672/672/672
f 673/673/673 674/674/674 675/675/675
o RightEar
usemtl PaintedTeaFantasy
v 1.274760 1.934218 -1.019346
v 1.288888 2.418357 -1.122777
v 1.271109 2.408511 -0.985884
v 1.274760 1.934218 -1.019346
v 1.293737 1.927516 -1.157283
v 1.288888 2.418357 -1.122777
v 1.293737 1.927516 -1.157283
v 1.198543 2.364264 -1.155332
v 1.288888 2.418357 -1.122777
v 1.293737 1.927516 -1.157283
v 1.198854 1.961027 -1.184104
v 1.198543 2.364264 -1.155332
v 1.198854 1.961027 -1.184104
v 1.117143 2.307012 -1.034959
v 1.198543 2.364264 -1.155332
v 1.198854 1.961027 -1.184104
v 1.116622 1.990069 -1.057662
v 1.117143 2.307012 -1.034959
v 0.825648 2.092833 -1.038504
v 1.117143 2.307012 -1.034959
v 1.116622 1.990069 -1.057662
v 0.825648 2.092833 -1.015514
v 1.274760 1.934218 -1.019346
v 1.271109 2.408511 -0.985884
v 1.271109 2.408511 -0.985884
v 1.012679 2.718510 -1.090961
v 1.006513 2.697883 -0.955211
v 1.271109 2.408511 -0.985884
v 1.288888 2.418357 -1.122777
v 1.012679 2.718510 -1.090961
v 1.288888 2.418357 -1.122777
v 0.979794 2.608501 -1.129443
v 1.012679 2.718510 -1.090961
v 1.288888 2.418357 -1.122777
v 1.198543 2.364264 -1.155332
v 0.979794 2.608501 -1.129443
v 1.198543 2.364264 -1.155332
v 0.946910 2.498492 -1.014662
v 0.979794 2.608501 -1.129443
v 1.198543 2.364264 -1.155332
v 1.117143 2.307012 -1.034959
v 0.946910 2.498492 -1.014662
v 0.825648 2.092833 -1.038504
v 0.946910 2.498492 -1.014662
v 1.117143 2.307012 -1.034959
v 0.825648 2.092833 -1.015514
v 1.271109 2.408511 -0.985884
v 1.006513 2.697883 -0.955211
v 1.006513 2.697883 -0.955211
v 0.626910 2.652150 -1.097995
v 0.635969 2.632826 -0.962107
v 1.006513 2.697883 -0.955211
v 1.012679 2.718510 -1.090961
v 0.626910 2.652150 -1.097995
v 1.012679 2.718510 -1.090961
v 0.670749 2.550667 -1.135574
v 0.626910 2.652150 -1.097995
v 1.012679 2.718510 -1.090961
v 0.979794 2.608501 -1.129443
v 0.670749 2.550667 -1.135574
v 0.979794 2.608501 -1.129443
v 0.705643 2.452343 -1.019554
v 0.670749 2.550667 -1.135574
v 0.979794 2.608501 -1.129443
v 0.946910 2.498492 -1.014662
v 0.705643 2.452343 -1.019554
v 0.825648 2.092833 -1.038504
v 0.705643 2.452343 -1.019554
v 0.946910 2.498492 -1.014662
v 0.825648 2.092833 -1.015514
v 1.006513 2.697883 -0.955211
v 0.635969 2.632826 -0.962107
v 0.635969 2.632826 -0.962107
v 0.357559 2.258150 -1.139759
v 0.376535 2.251448 -1.002533
v 0.635969 2.632826 -0.962107
v 0.626910 2.652150 -1.097995
v 0.357559 2.258150 -1.139759
v 0.626910 2.652150 -1.097995
v 0.452442 2.224640 -1.170132
v 0.357559 2.258150 -1.139759
v 0.626910 2.652150 -1.097995
v 0.670749 2.550667 -1.135574
v 0.452442 2.224640 -1.170132
v 0.670749 2.550667 -1.135574
v 0.534674 2.195597 -1.046769
v 0.452442 2.224640 -1.170132
v 0.670749 2.550667 -1.135574
v 0.705643 2.452343 -1.019554
v 0.534674 2.195597 -1.046769
v 0.825648 2.092833 -1.038504
v 0.534674 2.195597 -1.046769
v 0.705643 2.452343 -1.019554
v 0.825648 2.092833 -1.015514
v 0.635969 2.632826 -0.962107
v 0.376535 2.251448 -1.002533
v 0.376535 2.251448 -1.002533
v 0.362408 1.767309 -1.157283
v 0.380186 1.777155 -1.019346
v 0.376535 2.251448 -1.002533
v 0.357559 2.258150 -1.139759
v 0.362408 1.767309 -1.157283
v 0.357559 2.258150 -1.139759
v 0.452753 1.821402 -1.184104
v 0.362408 1.767309 -1.157283
v 0.357559 2.258150 -1.139759
v 0.452442 2.224640 -1.170132
v 0.452753 1.821402 -1.184104
v 0.452442 2.224640 -1.170132
v 0.534153 1.878654 -1.057662
v 0.452753 1.821402 -1.184104
v 0.452442 2.224640 -1.170132
v 0.534674 2.195597 -1.046769
v 0.534153 1.878654 -1.057662
v 0.825648 2.092833 -1.038504
v 0.534153 1.878654 -1.057662
v 0.534674 2.195597 -1.046769
v 0.825648 2.092833 -1.015514
v 0.376535 2.251448 -1.002533
v 0.380186 1.777155 -1.019346
v 0.380186 1.777155 -1.019346
v 0.638617 1.467156 -1.157283
v 0.644783 1.487783 -1.019346
v 0.380186 1.777155 -1.019346
v 0.362408 1.767309 -1.157283
v 0.638617 1.467156 -1.157283
v 0.362408 1.767309 -1.157283
v 0.671501 1.577165 -1.184104
v 0.638617 1.467156 -1.157283
v 0.362408 1.767309 -1.157283
v 0.452753 1.821402 -1.184104
v 0.671501 1.577165 -1.184104
v 0.452753 1.821402 -1.184104
v 0.704386 1.687174 -1.057662
v 0.671501 1.577165 -1.184104
v 0.452753 1.821402 -1.184104
v 0.534153 1.878654 -1.057662
v 0.704386 1.687174 -1.057662
v 0.825648 2.092833 -1.038504
v 0.704386 1.687174 -1.057662
v 0.534153 1.878654 -1.057662
v 0.825648 2.092833 -1.015514
v 0.380186 1.777155 -1.019346
v 0.644783 1.487783 -1.019346
v 0.644783 1.487783 -1.019346
v 1.024386 1.533516 -1.157283
v 1.015327 1.552840 -1.019346
v 0.644783 1.487783 -1.019346
v 0.638617 1.467156 -1.157283
v 1.024386 1.533516 -1.157283
v 0.638617 1.467156 -1.157283
v 0.980546 1.634999 -1.184104
v 1.024386 1.533516 -1.157283
v 0.638617 1.467156 -1.157283
v 0.671501 1.577165 -1.184104
v 0.980546 1.634999 -1.184104
v 0.671501 1.577165 -1.184104
v 0.945653 1.733324 -1.057662
v 0.980546 1.634999 -1.184104
v 0.671501 1.577165 -1.184104
v 0.704386 1.687174 -1.057662
v 0.945653 1.733324 -1.057662
v 0.825648 2.092833 -1.038504
v 0.945653 1.733324 -1.057662
v 0.704386 1.687174 -1.057662
v 0.825648 2.092833 -1.015514
v 0.644783 1.487783 -1.019346
v 1.015327 1.552840 -1.019346
v 1.015327 1.552840 -1.019346
v 1.293737 1.927516 -1.157283
v 1.274760 1.934218 -1.019346
v 1.015327 1.552840 -1.019346
v 1.024386 1.533516 -1.157283
v 1.293737 1.927516 -1.157283
v 1.024386 1.533516 -1.157283
v 1.198854 1.961027 -1.184104
v 1.293737 1.927516 -1.157283
v 1.024386 1.533516 -1.157283
v 0.980546 1.634999 -1.184104
v 1.198854 1.961027 -1.184104
v 0.980546 1.634999 -1.184104
v 1.116622 1.990069 -1.057662
v 1.198854 1.961027 -1.184104
v 0.980546 1.634999 -1.184104
v 0.945653 1.733324 -1.057662
v 1.116622 1.990069 -1.057662
v 0.825648 2.092833 -1.038504
v 1.116622 1.990069 -1.057662
v 0.945653 1.733324 -1.057662
v 0.825648 2.092833 -1.015514
v 1.015327 1.552840 -1.019346
v 1.274760 1.934218 -1.019346
vt 0.227211 0.847033
vt 0.230426 0.932396
vt 0.226380 0.930660
vt 0.227211 0.847033
vt 0.231529 0.845852
vt 0.230426 0.932396
vt 0.231529 0.595852
vt 0.209865 0.672858
vt 0.230426 0.682396
vt 0.231529 0.595852
vt 0.209936 0.601760
vt 0.209865 0.672858
vt 0.709936 0.851760
vt 0.691340 0.912763
vt 0.709865 0.922858
vt 0.709936 0.851760
vt 0.691221 0.856881
vt 0.691340 0.912763
vt 0.625000 0.875000
vt 0.691340 0.912763
vt 0.691221 0.856881
vt 0.125000 0.875000
vt 0.221875 0.778125
vt 0.028125 0.971875
vt 0.226380 0.930660
vt 0.167565 0.985318
vt 0.166162 0.981681
vt 0.226380 0.930660
vt 0.230426 0.932396
vt 0.167565 0.985318
vt 0.230426 0.682396
vt 0.160081 0.715921
vt 0.167565 0.735318
vt 0.230426 0.682396
vt 0.209865 0.672858
vt 0.160081 0.715921
vt 0.709865 0.922858
vt 0.652597 0.946525
vt 0.660081 0.965921
vt 0.709865 0.922858
vt 0.691340 0.912763
vt 0.652597 0.946525
vt 0.625000 0.875000
vt 0.652597 0.946525
vt 0.691340 0.912763
vt 0.125000 0.875000
vt 0.221875 0.778125
vt 0.028125 0.971875
vt 0.166162 0.981681
vt 0.079770 0.973617
vt 0.081832 0.970210
vt 0.166162 0.981681
vt 0.167565 0.985318
vt 0.079770 0.973617
vt 0.167565 0.735318
vt 0.089748 0.705724
vt 0.079770 0.723617
vt 0.167565 0.735318
vt 0.160081 0.715921
vt 0.089748 0.705724
vt 0.660081 0.965921
vt 0.597689 0.938388
vt 0.589748 0.955724
vt 0.660081 0.965921
vt 0.652597 0.946525
vt 0.597689 0.938388
vt 0.625000 0.875000
vt 0.597689 0.938388
vt 0.652597 0.946525
vt 0.125000 0.875000
vt 0.221875 0.778125
vt 0.028125 0.971875
vt 0.081832 0.970210
vt 0.018471 0.904148
vt 0.022789 0.902967
vt 0.081832 0.970210
vt 0.079770 0.973617
vt 0.018471 0.904148
vt 0.079770 0.723617
vt 0.040064 0.648240
vt 0.018471 0.654148
vt 0.079770 0.723617
vt 0.089748 0.705724
vt 0.040064 0.648240
vt 0.589748 0.955724
vt 0.558779 0.893119
vt 0.540064 0.898240
vt 0.589748 0.955724
vt 0.597689 0.938388
vt 0.558779 0.893119
vt 0.625000 0.875000
vt 0.558779 0.893119
vt 0.597689 0.938388
vt 0.125000 0.875000
vt 0.221875 0.778125
vt 0.028125 0.971875
vt 0.022789 0.902967
vt 0.019574 0.817604
vt 0.023620 0.819340
vt 0.022789 0.902967
vt 0.018471 0.904148
vt 0.019574 0.817604
vt 0.018471 0.654148
vt 0.040135 0.577142
vt 0.019574 0.567604
vt 0.018471 0.654148
vt 0.040064 0.648240
vt 0.040135 0.577142
vt 0.540064 0.898240
vt 0.558660 0.837237
vt 0.540135 0.827142
vt 0.540064 0.898240
vt 0.558779 0.893119
vt 0.558660 0.837237
vt 0.625000 0.875000
vt 0.558660 0.837237
vt 0.558779 0.893119
vt 0.125000 0.875000
vt 0.221875 0.778125
vt 0.028125 0.971875
vt 0.023620 0.819340
vt 0.082435 0.764682
vt 0.083838 0.768319
vt 0.023620 0.819340
vt 0.019574 0.817604
vt 0.082435 0.764682
vt 0.019574 0.567604
vt 0.089919 0.534079
vt 0.082435 0.514682
vt 0.019574 0.567604
vt 0.040135 0.577142
vt 0.089919 0.534079
vt 0.540135 0.827142
vt 0.597403 0.803475
vt 0.589919 0.784079
vt 0.540135 0.827142
vt 0.558660 0.837237
vt 0.597403 0.803475
vt 0.625000 0.875000
vt 0.597403 0.803475
vt 0.558660 0.837237
vt 0.125000 0.875000
vt 0.221875 0.778125
vt 0.028125 0.971875
vt 0.083838 0.768319
vt 0.170230 0.776383
vt 0.168168 0.779790
vt 0.083838 0.768319
vt 0.082435 0.764682
vt 0.170230 0.776383
vt 0.082435 0.514682
vt 0.160252 0.544276
vt 0.170230 0.526383
vt 0.082435 0.514682
vt 0.089919 0.534079
vt 0.160252 0.544276
vt 0.589919 0.784079
vt 0.652311 0.811612
vt 0.660252 0.794276
vt 0.589919 0.784079
vt 0.597403 0.803475
vt 0.652311 0.811612
vt 0.625000 0.875000
vt 0.652311 0.811612
vt 0.597403 0.803475
vt 0.125000 0.875000
vt 0.221875 0.778125
vt 0.028125 0.971875
vt 0.168168 0.779790
vt 0.231529 0.845852
vt 0.227211 0.847033
vt 0.168168 0.779790
vt 0.170230 0.776383
vt 0.231529 0.845852
vt 0.170230 0.526383
vt 0.209936 0.601760
vt 0.231529 0.595852
vt 0.170230 0.526383
vt 0.160252 0.544276
vt 0.209936 0.601760
vt 0.660252 0.794276
vt 0.691221 0.856881
vt 0.709936 0.851760
vt 0.660252 0.794276
vt 0.652311 0.811612
vt 0.691221 0.856881
vt 0.625000 0.875000
vt 0.691221 0.856881
vt 0.652311 0.811612
vt 0.125000 0.875000
vt 0.221875 0.778125
vt 0.028125 0.971875
vn 0.991684 -0.001446 0.128686
vn 0.991684 -0.001446 0.128686
vn 0.991684 -0.001446 0.128686
vn 0.990670 0.000207 0.136281
vn 0.990670 0.000207 0.136281
vn 0.990670 0.000207 0.136281
vn 0.300905 0.069833 -0.951094
vn 0.300905 0.069833 -0.951094
vn 0.300905 0.069833 -0.951094
vn 0.293632 0.068259 -0.953478
vn 0.293632 0.068259 -0.953478
vn 0.293632 0.068259 -0.953478
vn -0.836146 0.038395 -0.547161
vn -0.836146 0.038395 -0.547161
vn -0.836146 0.038395 -0.547161
vn -0.833294 0.040861 -0.551318
vn -0.833294 0.040861 -0.551318
vn -0.833294 0.040861 -0.551318
vn -0.040382 0.071456 -0.996626
vn -0.040382 0.071456 -0.996626
vn -0.040382 0.071456 -0.996626
vn -0.016387 -0.070492 0.997378
vn -0.016387 -0.070492 0.997378
vn -0.016387 -0.070492 0.997378
vn 0.738373 0.660952 0.133966
vn 0.738373 0.660952 0.133966
vn 0.738373 0.660952 0.133966
vn 0.735783 0.661911 0.143165
vn 0.735783 0.661911 0.143165
vn 0.735783 0.661911 0.143165
vn 0.188619 0.273550 -0.943183
vn 0.188619 0.273550 -0.943183
vn 0.188619 0.273550 -0.943183
vn 0.182990 0.264267 -0.946931
vn 0.182990 0.264267 -0.946931
vn 0.182990 0.264267 -0.946931
vn -0.608904 -0.478276 -0.632841
vn -0.608904 -0.478276 -0.632841
vn -0.608904 -0.478276 -0.632841
vn -0.608550 -0.473530 -0.636739
vn -0.608550 -0.473530 -0.636739
vn -0.608550 -0.473530 -0.636739
vn -0.039624 0.070426 -0.996730
vn -0.039624 0.070426 -0.996730
vn -0.039624 0.070426 -0.996730
vn 0.005193 -0.100711 0.994902
vn 0.005193 -0.100711 0.994902
vn 0.005193 -0.100711 0.994902
vn -0.173679 0.973313 0.149990
vn -0.173679 0.973313 0.149990
vn -0.173679 0.973313 0.149990
vn -0.170336 0.975324 0.140459
vn -0.170336 0.975324 0.140459
vn -0.170336 0.975324 0.140459
vn -0.039886 0.331774 -0.942515
vn -0.039886 0.331774 -0.942515
vn -0.039886 0.331774 -0.942515
vn -0.045364 0.341904 -0.938639
vn -0.045364 0.341904 -0.938639
vn -0.045364 0.341904 -0.938639
vn 0.150090 -0.731525 -0.665090
vn 0.150090 -0.731525 -0.665090
vn 0.150090 -0.731525 -0.665090
vn 0.153981 -0.735012 -0.660338
vn 0.153981 -0.735012 -0.660338
vn 0.153981 -0.735012 -0.660338
vn 0.009566 0.055819 -0.998395
vn 0.009566 0.055819 -0.998395
vn 0.009566 0.055819 -0.998395
vn -0.001168 -0.098830 0.995104
vn -0.001168 -0.098830 0.995104
vn -0.001168 -0.098830 0.995104
vn -0.825467 0.546596 0.140846
vn -0.825467 0.546596 0.140846
vn -0.825467 0.546596 0.140846
vn -0.824699 0.549677 0.133144
vn -0.824699 0.549677 0.133144
vn -0.824699 0.549677 0.133144
vn -0.215126 0.247213 -0.944779
vn -0.215126 0.247213 -0.944779
vn -0.215126 0.247213 -0.944779
vn -0.225830 0.250991 -0.941278
vn -0.225830 0.250991 -0.941278
vn -0.225830 0.250991 -0.941278
vn 0.709214 -0.414436 -0.570314
vn 0.709214 -0.414436 -0.570314
vn 0.709214 -0.414436 -0.570314
vn 0.712731 -0.414645 -0.565760
vn 0.712731 -0.414645 -0.565760
vn 0.712731 -0.414645 -0.565760
vn 0.053097 0.070230 -0.996117
vn 0.053097 0.070230 -0.996117
vn 0.053097 0.070230 -0.996117
vn -0.006844 -0.100802 0.994883
vn -0.006844 -0.100802 0.994883
vn -0.006844 -0.100802 0.994883
vn -0.991612 -0.012194 0.128677
vn -0.991612 -0.012194 0.128677
vn -0.991612 -0.012194 0.128677
vn -0.990564 -0.014651 0.136266
vn -0.990564 -0.014651 0.136266
vn -0.990564 -0.014651 0.136266
vn -0.301496 0.031043 -0.952962
vn -0.301496 0.031043 -0.952962
vn -0.301496 0.031043 -0.952962
vn -0.294160 0.032869 -0.955191
vn -0.294160 0.032869 -0.955191
vn -0.294160 0.032869 -0.955191
vn 0.836602 0.019615 -0.547460
vn 0.836602 0.019615 -0.547460
vn 0.836602 0.019615 -0.547460
vn 0.833861 0.017591 -0.551694
vn 0.833861 0.017591 -0.551694
vn 0.833861 0.017591 -0.551694
vn 0.040462 0.034254 -0.998594
vn 0.040462 0.034254 -0.998594
vn 0.040462 0.034254 -0.998594
vn 0.016418 -0.035296 0.999242
vn 0.016418 -0.035296 0.999242
vn 0.016418 -0.035296 0.999242
vn -0.731467 -0.668838 0.132713
vn -0.731467 -0.668838 0.132713
vn -0.731467 -0.668838 0.132713
vn -0.728420 -0.670311 0.141733
vn -0.728420 -0.670311 0.141733
vn -0.728420 -0.670311 0.141733
vn -0.192982 -0.177587 -0.964998
vn -0.192982 -0.177587 -0.964998
vn -0.192982 -0.177587 -0.964998
vn -0.187053 -0.167532 -0.967959
vn -0.187053 -0.167532 -0.967959
vn -0.187053 -0.167532 -0.967959
vn 0.589016 0.527546 -0.612172
vn 0.589016 0.527546 -0.612172
vn 0.589016 0.527546 -0.612172
vn 0.588727 0.523401 -0.615997
vn 0.588727 0.523401 -0.615997
vn 0.588727 0.523401 -0.615997
vn 0.039698 0.035293 -0.998588
vn 0.039698 0.035293 -0.998588
vn 0.039698 0.035293 -0.998588
vn -0.005219 -0.004772 0.999975
vn -0.005219 -0.004772 0.999975
vn -0.005219 -0.004772 0.999975
vn 0.171031 -0.974131 0.147703
vn 0.171031 -0.974131 0.147703
vn 0.171031 -0.974131 0.147703
vn 0.167898 -0.976034 0.138448
vn 0.167898 -0.976034 0.138448
vn 0.167898 -0.976034 0.138448
vn 0.041059 -0.238685 -0.970229
vn 0.041059 -0.238685 -0.970229
vn 0.041059 -0.238685 -0.970229
vn 0.046743 -0.249777 -0.967174
vn 0.046743 -0.249777 -0.967174
vn 0.046743 -0.249777 -0.967174
vn -0.142580 0.761895 -0.631812
vn -0.142580 0.761895 -0.631812
vn -0.142580 0.761895 -0.631812
vn -0.146298 0.764840 -0.627389
vn -0.146298 0.764840 -0.627389
vn -0.146298 0.764840 -0.627389
vn -0.009569 0.050026 -0.998702
vn -0.009569 0.050026 -0.998702
vn -0.009569 0.050026 -0.998702
vn 0.001173 -0.006683 0.999977
vn 0.001173 -0.006683 0.999977
vn 0.001173 -0.006683 0.999977
vn 0.818722 -0.556937 0.139695
vn 0.818722 -0.556937 0.139695
vn 0.818722 -0.556937 0.139695
vn 0.818294 -0.559412 0.132110
vn 0.818294 -0.559412 0.132110
vn 0.818294 -0.559412 0.132110
vn 0.219503 -0.150059 -0.964002
vn 0.219503 -0.150059 -0.964002
vn 0.219503 -0.150059 -0.964002
vn 0.230502 -0.154344 -0.960753
vn 0.230502 -0.154344 -0.960753
vn 0.230502 -0.154344 -0.960753
vn -0.690885 0.462617 -0.555575
vn -0.690885 0.462617 -0.555575
vn -0.690885 0.462617 -0.555575
vn -0.694454 0.462445 -0.551252
vn -0.694454 0.462445 -0.551252
vn -0.694454 0.462445 -0.551252
vn -0.053195 0.035423 -0.997956
vn -0.053195 0.035423 -0.997956
vn -0.053195 0.035423 -0.997956
vn 0.006879 -0.004679 0.999965
vn 0.006879 -0.004679 0.999965
vn 0.006879 -0.004679 0.999965
f 676/676/676 677/677/677 678/678/678
f 679/679/679 680/680/680 681/681/681
f 682/682/682 683/683/683 684/684/684
f 685/685/685 686/686/686 687/687/687
f 688/688/688 689/689/689 690/690/690
f 691/691/691 692/692/692 693/693/693
f 694/694/694 695/695/695 696/696/696
f 697/697/697 698/698/698 699/699/699
f 700/700/700 701/701/701 702/702/702
f 703/703/703 704/704/704 705/705/705
f 706/706/706 707/707/707 708/708/708
f 709/709/709 710/710/710 711/711/711
f 712/712/712 713/713/713 714/714/714
f 715/715/715 716/716/716 717/717/717
f 718/718/718 719/719/719 720/720/720
f 721/721/721 722/722/722 723/723/723
f 724/724/724 725/725/725 726/726/726
f 727/727/727 728/728/728 729/729/729
f 730/730/730 731/731/731 732/732/732
f 733/733/733 734/734/734 735/735/735
f 736/736/736 737/737/737 738/738/738
f 739/739/739 740/740/740 741/741/741
f 742/742/742 743/743/743 744/744/744
f 745/745/745 746/746/746 747/747/747
f 748/748/748 749/749/749 750/750/750
f 751/751/751 752/752/752 753/753/753
f 754/754/754 755/755/755 756/756/756
f 757/757/757 758/758/758 759/759/759
f 760/760/760 761/761/761 762/762/762
f 763/763/763 764/764/764 765/765/765
f 766/766/766 767/767/767 768/768/768
f 769/769/769 770/770/770 771/771/771
f 772/772/772 773/773/773 774/774/774
f 775/775/775 776/776/776 777/777/777
f 778/778/778 779/779/779 780/780/780
f 781/781/781 782/782/782 783/783/783
f 784/784/784 785/785/785 786/786/786
f 787/787/787 788/788/788 789/789/789
f 790/790/790 791/791/791 792/792/792
f 793/793/793 794/794/794 795/795/795
f 796/796/796 797/797/797 798/798/798
f 799/799/799 800/800/800 801/801/801
f 802/802/802 803/803/803 804/804/804
f 805/805/805 806/806/806 807/807/807
f 808/808/808 809/809/809 810/810/810
f 811/811/811 812/812/812 813/813/813
f 814/814/814 815/815/815 816/816/816
f 817/817/817 818/818/818 819/819/819
f 820/820/820 821/821/821 822/822/822
f 823/823/823 824/824/824 825/825/825
f 826/826/826 827/827/827 828/828/828
f 829/829/829 830/830/830 831/831/831
f 832/832/832 833/833/833 834/834/834
f 835/835/835 836/836/836 837/837/837
f 838/838/838 839/839/839 840/840/840
f 841/841/841 842/842/842 843/843/843
f 844/844/844 845/845/845 846/846/846
f 847/847/847 848/848/848 849/849/849
f 850/850/850 851/851/851 852/852/852
f 853/853/853 854/854/854 855/855/855
f 856/856/856 857/857/857 858/858/858
f 859/859/859 860/860/860 861/861/861
f 862/862/862 863/863/863 864/864/864
f 865/865/865 866/866/866 867/867/867
o RightEarFur
usemtl PaintedTeaFantasy
v 0.626116 1.738592 -1.203262
v 0.772439 1.861492 -1.241578
v 0.799044 1.738592 -1.203262
v 0.626116 1.738592 -1.203262
v 0.682650 1.991621 -1.184104
v 0.772439 1.861492 -1.241578
v 0.626116 1.738592 -1.203262
v 0.652721 1.861492 -1.241578
v 0.682650 1.991621 -1.184104
v 0.739184 1.738592 -1.203262
v 0.885507 1.861492 -1.241578
v 0.912112 1.738592 -1.203262
v 0.739184 1.738592 -1.203262
v 0.825648 1.991621 -1.184104
v 0.885507 1.861492 -1.241578
v 0.739184 1.738592 -1.203262
v 0.765788 1.861492 -1.241578
v 0.825648 1.991621 -1.184104
v 0.852252 1.738592 -1.203262
v 0.998575 1.861492 -1.241578
v 1.025179 1.738592 -1.203262
v 0.852252 1.738592 -1.203262
v 0.968646 1.991621 -1.184104
v 0.998575 1.861492 -1.241578
v 0.852252 1.738592 -1.203262
v 0.878856 1.861492 -1.241578
v 0.968646 1.991621 -1.184104
vt 0.253906 0.253906
vt 0.496094 0.253906
vt 0.375000 0.496094
vt 0.253906 0.253906
vt 0.496094 0.253906
vt 0.375000 0.496094
vt 0.253906 0.253906
vt 0.496094 0.253906
vt 0.375000 0.496094
vt 0.253906 0.253906
vt 0.496094 0.253906
vt 0.375000 0.496094
vt 0.253906 0.253906
vt 0.496094 0.253906
vt 0.375000 0.496094
vt 0.253906 0.253906
vt 0.496094 0.253906
vt 0.375000 0.496094
vt 0.253906 0.253906
vt 0.496094 0.253906
vt 0.375000 0.496094
vt 0.253906 0.253906
vt 0.496094 0.253906
vt 0.375000 0.496094
vt 0.253906 0.253906
vt 0.496094 0.253906
vt 0.375000 0.496094
vn 0.000000 -0.297635 -0.954680
vn 0.000000 -0.297635 -0.954680
vn 0.000000 -0.297635 -0.954680
vn -0.367601 0.151604 -0.917543
vn -0.367601 0.151604 -0.917543
vn -0.367601 0.151604 -0.917543
vn 0.976069 -0.216755 -0.017527
vn 0.976069 -0.216755 -0.017527
vn 0.976069 -0.216755 -0.017527
vn 0.000000 -0.297635 -0.954680
vn 0.000000 -0.297635 -0.954680
vn 0.000000 -0.297635 -0.954680
vn -0.406320 0.206243 -0.890151
vn -0.406320 0.206243 -0.890151
vn -0.406320 0.206243 -0.890151
vn 0.910931 -0.288985 -0.294437
vn 0.910931 -0.288985 -0.294437
vn 0.910931 -0.288985 -0.294437
vn 0.000000 -0.297635 -0.954680
vn 0.000000 -0.297635 -0.954680
vn 0.000000 -0.297635 -0.954680
vn -0.450908 0.271789 -0.850184
vn -0.450908 0.271789 -0.850184
vn -0.450908 0.271789 -0.850184
vn 0.799337 -0.329658 -0.502381
vn 0.799337 -0.329658 -0.502381
vn 0.799337 -0.329658 -0.502381
f 868/868/868 869/869/869 870/870/870
f 871/871/871 872/872/872 873/873/873
f 874/874/874 875/875/875 876/876/876
f 877/877/877 878/878/878 879/879/879
f 880/880/880 881/881/881 882/882/882
f 883/883/883 884/884/884 885/885/885
f 886/886/886 887/887/887 888/888/888
f 889/889/889 890/890/890 891/891/891
f 892/892/892 893/893/893 894/894/894
o RightEye
usemtl PaintedTeaFantasy
v 0.198767 1.436370 -1.873624
v 0.244636 1.640372 -1.847385
v 0.512207 1.695216 -1.694324
v 0.198767 1.436370 -1.873624
v 0.512207 1.695216 -1.694324
v 0.581011 1.618351 -1.654966
v 0.198767 1.436370 -1.873624
v 0.581011 1.618351 -1.654966
v 0.504563 1.299842 -1.698698
v 0.198767 1.436370 -1.873624
v 0.504563 1.299842 -1.698698
v 0.290506 1.280148 -1.821146
vt 0.753906 0.850781
vt 0.782969 0.971875
vt 0.952500 0.996094
vt 0.753906 0.850781
vt 0.952500 0.996094
vt 0.996094 0.947656
vt 0.753906 0.850781
vt 0.996094 0.947656
vt 0.947656 0.758750
vt 0.753906 0.850781
vt 0.947656 0.758750
vt 0.812031 0.753906
vn 0.496536 0.000000 -0.868016
vn 0.496536 0.000000 -0.868016
vn 0.496536 0.000000 -0.868016
vn 0.496536 0.000000 -0.868016
vn 0.496536 0.000000 -0.868016
vn 0.496536 0.000000 -0.868016
vn 0.496536 0.000000 -0.868016
vn 0.496536 0.000000 -0.868016
vn 0.496536 0.000000 -0.868016
vn 0.496536 -0.000000 -0.868016
vn 0.496536 -0.000000 -0.868016
vn 0.496536 -0.000000 -0.868016
f 895/895/895 896/896/896 897/897/897
f 898/898/898 899/899/899 900/900/900
f 901/901/901 902/902/902 903/903/903
f 904/904/904 905/905/905 906/906/906
o RightCheek
usemtl PaintedTeaFantasy
v 0.214057 1.137222 -1.837717
v 0.458693 1.187080 -1.634944
v 0.665105 1.087364 -1.463854
v 0.214057 1.137222 -1.837717
v 0.665105 1.087364 -1.463854
v 0.558077 1.004268 -1.552567
v 0.214057 1.137222 -1.837717
v 0.558077 1.004268 -1.552567
v 0.603946 0.954410 -1.514547
v 0.214057 1.137222 -1.837717
v 0.603946 0.954410 -1.514547
v 0.397534 0.937790 -1.685637
vt 0.003906 0.697656
vt 0.135262 0.746094
vt 0.246094 0.649219
vt 0.003906 0.697656
vt 0.246094 0.649219
vt 0.188626 0.568490
vt 0.003906 0.697656
vt 0.188626 0.568490
vt 0.213255 0.520052
vt 0.003906 0.697656
vt 0.213255 0.520052
vt 0.102423 0.503906
vn 0.638156 -0.000000 -0.769907
vn 0.638156 -0.000000 -0.769907
vn 0.638156 -0.000000 -0.769907
vn 0.638156 -0.000000 -0.769907
vn 0.638156 -0.000000 -0.769907
vn 0.638156 -0.000000 -0.769907
vn 0.638156 0.000000 -0.769907
vn 0.638156 0.000000 -0.769907
vn 0.638156 0.000000 -0.769907
vn 0.638156 0.000000 -0.769907
vn 0.638156 0.000000 -0.769907
vn 0.638156 0.000000 -0.769907
f 907/907/907 908/908/908 909/909/909
f 910/910/910 911/911/911 912/912/912
f 913/913/913 914/914/914 915/915/915
f 916/916/916 917/917/917 918/918/918
o Nose
usemtl PaintedTeaFantasy
v -0.091739 1.245248 -1.853568
v 0.091739 1.245248 -1.853568
v 0.076449 1.170461 -1.853568
v -0.091739 1.245248 -1.853568
v 0.076449 1.170461 -1.853568
v 0.000000 1.128912 -1.853568
v -0.091739 1.245248 -1.853568
v 0.000000 1.128912 -1.853568
v -0.076449 1.170461 -1.853568
vt 0.753906 0.746094
vt 0.996094 0.746094
vt 0.975911 0.590402
vt 0.753906 0.746094
vt 0.975911 0.590402
vt 0.875000 0.503906
vt 0.753906 0.746094
vt 0.875000 0.503906
vt 0.774089 0.590402
vn 0.000000 0.000000 -1.000000
vn 0.000000 0.000000 -1.000000
vn 0.000000 0.000000 -1.000000
vn 0.000000 0.000000 -1.000000
vn 0.000000 0.000000 -1.000000
vn 0.000000 0.000000 -1.000000
vn 0.000000 0.000000 -1.000000
vn 0.000000 0.000000 -1.000000
vn 0.000000 0.000000 -1.000000
f 919/919/919 920/920/920 921/921/921
f 922/922/922 923/923/923 924/924/924
f 925/925/925 926/926/926 927/927/927
o OpenSmile
usemtl PaintedTeaFantasy
v -0.206412 1.054126 -1.777314
v -0.091739 1.070745 -1.777314
v 0.000000 1.020887 -1.777314
v -0.206412 1.054126 -1.777314
v 0.091739 1.070745 -1.777314
v 0.000000 1.020887 -1.777314
v -0.206412 1.054126 -1.777314
v 0.091739 1.070745 -1.777314
v 0.206412 1.054126 -1.777314
v -0.206412 1.054126 -1.777314
v 0.206412 1.054126 -1.777314
v 0.145253 0.896242 -1.777314
v -0.206412 1.054126 -1.777314
v 0.145253 0.896242 -1.777314
v 0.000000 0.825610 -1.777314
v -0.206412 1.054126 -1.777314
v 0.000000 0.825610 -1.777314
v -0.145253 0.896242 -1.777314
vt 0.503906 0.729674
vt 0.571181 0.746094
vt 0.625000 0.696835
vt 0.503906 0.729674
vt 0.678819 0.746094
vt 0.625000 0.696835
vt 0.503906 0.729674
vt 0.678819 0.746094
vt 0.746094 0.729674
vt 0.503906 0.729674
vt 0.746094 0.729674
vt 0.710214 0.573689
vt 0.503906 0.729674
vt 0.710214 0.573689
vt 0.625000 0.503906
vt 0.503906 0.729674
vt 0.625000 0.503906
vt 0.539786 0.573689
vn 0.000000 0.000000 -1.000000
vn 0.000000 0.000000 -1.000000
vn 0.000000 0.000000 -1.000000
vn 0.000000 0.000000 -1.000000
vn 0.000000 0.000000 -1.000000
vn 0.000000 0.000000 -1.000000
vn 0.000000 0.000000 -1.000000
vn 0.000000 0.000000 -1.000000
vn 0.000000 0.000000 -1.000000
vn 0.000000 0.000000 -1.000000
vn 0.000000 0.000000 -1.000000
vn 0.000000 0.000000 -1.000000
vn 0.000000 0.000000 -1.000000
vn 0.000000 0.000000 -1.000000
vn 0.000000 0.000000 -1.000000
vn 0.000000 0.000000 -1.000000
vn 0.000000 0.000000 -1.000000
vn 0.000000 0.000000 -1.000000
f 928/928/928 929/929/929 930/930/930
f 931/931/931 932/932/932 933/933/933
f 934/934/934 935/935/935 936/936/936
f 937/937/937 938/938/938 939/939/939
f 940/940/940 941/941/941 942/942/942
f 943/943/943 944/944/944 945/945/945
o Body
usemtl PaintedTeaFantasy
v 0.547837 0.100116 -0.800931
v 0.387379 0.510716 -0.800931
v 0.509709 0.717022 -0.320372
v 0.547837 0.100116 -0.800931
v 0.509709 0.717022 -0.320372
v 0.720838 0.200233 -0.320372
v 0.387379 0.510716 -0.800931
v 0.000000 0.680791 -0.800931
v 0.000000 0.931082 -0.320372
v 0.387379 0.510716 -0.800931
v 0.000000 0.931082 -0.320372
v 0.509709 0.717022 -0.320372
v 0.000000 0.680791 -0.800931
v -0.387379 0.510716 -0.800931
v -0.509709 0.717022 -0.320372
v 0.000000 0.680791 -0.800931
v -0.509709 0.717022 -0.320372
v 0.000000 0.931082 -0.320372
v -0.387379 0.510716 -0.800931
v -0.547837 0.100116 -0.800931
v -0.720838 0.200233 -0.320372
v -0.387379 0.510716 -0.800931
v -0.720838 0.200233 -0.320372
v -0.509709 0.717022 -0.320372
v -0.547837 0.100116 -0.800931
v -0.387379 -0.310483 -0.800931
v -0.509709 -0.316556 -0.320372
v -0.547837 0.100116 -0.800931
v -0.509709 -0.316556 -0.320372
v -0.720838 0.200233 -0.320372
v -0.387379 -0.310483 -0.800931
v -0.000000 -0.480559 -0.800931
v -0.000000 -0.530617 -0.320372
v -0.387379 -0.310483 -0.800931
v -0.000000 -0.530617 -0.320372
v -0.509709 -0.316556 -0.320372
v -0.000000 -0.480559 -0.800931
v 0.387379 -0.310483 -0.800931
v 0.509709 -0.316556 -0.320372
v -0.000000 -0.480559 -0.800931
v 0.509709 -0.316556 -0.320372
v -0.000000 -0.530617 -0.320372
v 0.387379 -0.310483 -0.800931
v 0.547837 0.100116 -0.800931
v 0.720838 0.200233 -0.320372
v 0.387379 -0.310483 -0.800931
v 0.720838 0.200233 -0.320372
v 0.509709 -0.316556 -0.320372
v 0.720838 0.200233 -0.320372
v 0.509709 0.717022 -0.320372
v 0.468933 0.507280 0.777904
v 0.720838 0.200233 -0.320372
v 0.468933 0.507280 0.777904
v 0.663171 0.040047 0.777904
v 0.509709 0.717022 -0.320372
v 0.000000 0.931082 -0.320372
v 0.000000 0.700815 0.777904
v 0.509709 0.717022 -0.320372
v 0.000000 0.700815 0.777904
v 0.468933 0.507280 0.777904
v 0.000000 0.931082 -0.320372
v -0.509709 0.717022 -0.320372
v -0.468933 0.507280 0.777904
v 0.000000 0.931082 -0.320372
v -0.468933 0.507280 0.777904
v 0.000000 0.700815 0.777904
v -0.509709 0.717022 -0.320372
v -0.720838 0.200233 -0.320372
v -0.663171 0.040047 0.777904
v -0.509709 0.717022 -0.320372
v -0.663171 0.040047 0.777904
v -0.468933 0.507280 0.777904
v -0.720838 0.200233 -0.320372
v -0.509709 -0.316556 -0.320372
v -0.468933 -0.427187 0.777904
v -0.720838 0.200233 -0.320372
v -0.468933 -0.427187 0.777904
v -0.663171 0.040047 0.777904
v -0.509709 -0.316556 -0.320372
v -0.000000 -0.530617 -0.320372
v -0.000000 -0.620722 0.777904
v -0.509709 -0.316556 -0.320372
v -0.000000 -0.620722 0.777904
v -0.468933 -0.427187 0.777904
v -0.000000 -0.530617 -0.320372
v 0.509709 -0.316556 -0.320372
v 0.468933 -0.427187 0.777904
v -0.000000 -0.530617 -0.320372
v 0.468933 -0.427187 0.777904
v -0.000000 -0.620722 0.777904
v 0.509709 -0.316556 -0.320372
v 0.720838 0.200233 -0.320372
v 0.663171 0.040047 0.777904
v 0.509709 -0.316556 -0.320372
v 0.663171 0.040047 0.777904
v 0.468933 -0.427187 0.777904
v 0.663171 0.040047 0.777904
v 0.468933 0.507280 0.777904
v 0.336408 0.272657 1.333550
v 0.663171 0.040047 0.777904
v 0.336408 0.272657 1.333550
v 0.475753 -0.060070 1.333550
v 0.468933 0.507280 0.777904
v 0.000000 0.700815 0.777904
v 0.000000 0.410477 1.333550
v 0.468933 0.507280 0.777904
v 0.000000 0.410477 1.333550
v 0.336408 0.272657 1.333550
v 0.000000 0.700815 0.777904
v -0.468933 0.507280 0.777904
v -0.336408 0.272657 1.333550
v 0.000000 0.700815 0.777904
v -0.336408 0.272657 1.333550
v 0.000000 0.410477 1.333550
v -0.468933 0.507280 0.777904
v -0.663171 0.040047 0.777904
v -0.475753 -0.060070 1.333550
v -0.468933 0.507280 0.777904
v -0.475753 -0.060070 1.333550
v -0.336408 0.272657 1.333550
v -0.663171 0.040047 0.777904
v -0.468933 -0.427187 0.777904
v -0.336408 -0.392797 1.333550
v -0.663171 0.040047 0.777904
v -0.336408 -0.392797 1.333550
v -0.475753 -0.060070 1.333550
v -0.468933 -0.427187 0.777904
v -0.000000 -0.620722 0.777904
v -0.000000 -0.530617 1.333550
v -0.468933 -0.427187 0.777904
v -0.000000 -0.530617 1.333550
v -0.336408 -0.392797 1.333550
v -0.000000 -0.620722 0.777904
v 0.468933 -0.427187 0.777904
v 0.336408 -0.392797 1.333550
v -0.000000 -0.620722 0.777904
v 0.336408 -0.392797 1.333550
v -0.000000 -0.530617 1.333550
v 0.468933 -0.427187 0.777904
v 0.663171 0.040047 0.777904
v 0.475753 -0.060070 1.333550
v 0.468933 -0.427187 0.777904
v 0.475753 -0.060070 1.333550
v 0.336408 -0.392797 1.333550
v 0.000000 0.100116 -0.800931
v 0.387379 0.510716 -0.800931
v 0.547837 0.100116 -0.800931
v 0.000000 0.100116 -0.800931
v 0.000000 0.680791 -0.800931
v 0.387379 0.510716 -0.800931
v 0.000000 0.100116 -0.800931
v -0.387379 0.510716 -0.800931
v 0.000000 0.680791 -0.800931
v 0.000000 0.100116 -0.800931
v -0.547837 0.100116 -0.800931
v -0.387379 0.510716 -0.800931
v 0.000000 0.100116 -0.800931
v -0.387379 -0.310483 -0.800931
v -0.547837 0.100116 -0.800931
v 0.000000 0.100116 -0.800931
v -0.000000 -0.480559 -0.800931
v -0.387379 -0.310483 -0.800931
v 0.000000 0.100116 -0.800931
v 0.387379 -0.310483 -0.800931
v -0.000000 -0.480559 -0.800931
v 0.000000 0.100116 -0.800931
v 0.547837 0.100116 -0.800931
v 0.387379 -0.310483 -0.800931
v 0.000000 -0.060070 1.333550
v 0.475753 -0.060070 1.333550
v 0.336408 0.272657 1.333550
v 0.000000 -0.060070 1.333550
v 0.336408 0.272657 1.333550
v 0.000000 0.410477 1.333550
v 0.000000 -0.060070 1.333550
v 0.000000 0.410477 1.333550
v -0.336408 0.272657 1.333550
v 0.000000 -0.060070 1.333550
v -0.336408 0.272657 1.333550
v -0.475753 -0.060070 1.333550
v 0.000000 -0.060070 1.333550
v -0.475753 -0.060070 1.333550
v -0.336408 -0.392797 1.333550
v 0.000000 -0.060070 1.333550
v -0.336408 -0.392797 1.333550
v -0.000000 -0.530617 1.333550
v 0.000000 -0.060070 1.333550
v -0.000000 -0.530617 1.333550
v 0.336408 -0.392797 1.333550
v 0.000000 -0.060070 1.333550
v 0.336408 -0.392797 1.333550
v 0.475753 -0.060070 1.333550
vt 0.003906 0.996094
vt 0.034180 0.996094
vt 0.034180 0.915365
vt 0.003906 0.996094
vt 0.034180 0.915365
vt 0.003906 0.915365
vt 0.034180 0.996094
vt 0.064453 0.996094
vt 0.064453 0.915365
vt 0.034180 0.996094
vt 0.064453 0.915365
vt 0.034180 0.915365
vt 0.064453 0.996094
vt 0.094727 0.996094
vt 0.094727 0.915365
vt 0.064453 0.996094
vt 0.094727 0.915365
vt 0.064453 0.915365
vt 0.094727 0.996094
vt 0.125000 0.996094
vt 0.125000 0.915365
vt 0.094727 0.996094
vt 0.125000 0.915365
vt 0.094727 0.915365
vt 0.125000 0.996094
vt 0.155273 0.996094
vt 0.155273 0.915365
vt 0.125000 0.996094
vt 0.155273 0.915365
vt 0.125000 0.915365
vt 0.155273 0.746094
vt 0.185547 0.746094
vt 0.185547 0.665365
vt 0.155273 0.746094
vt 0.185547 0.665365
vt 0.155273 0.665365
vt 0.185547 0.746094
vt 0.215820 0.746094
vt 0.215820 0.665365
vt 0.185547 0.746094
vt 0.215820 0.665365
vt 0.185547 0.665365
vt 0.215820 0.996094
vt 0.246094 0.996094
vt 0.246094 0.915365
vt 0.215820 0.996094
vt 0.246094 0.915365
vt 0.215820 0.915365
vt 0.003906 0.915365
vt 0.034180 0.915365
vt 0.034180 0.834635
vt 0.003906 0.915365
vt 0.034180 0.834635
vt 0.003906 0.834635
vt 0.034180 0.915365
vt 0.064453 0.915365
vt 0.064453 0.834635
vt 0.034180 0.915365
vt 0.064453 0.834635
vt 0.034180 0.834635
vt 0.064453 0.915365
vt 0.094727 0.915365
vt 0.094727 0.834635
vt 0.064453 0.915365
vt 0.094727 0.834635
vt 0.064453 0.834635
vt 0.094727 0.915365
vt 0.125000 0.915365
vt 0.125000 0.834635
vt 0.094727 0.915365
vt 0.125000 0.834635
vt 0.094727 0.834635
vt 0.125000 0.915365
vt 0.155273 0.915365
vt 0.155273 0.834635
vt 0.125000 0.915365
vt 0.155273 0.834635
vt 0.125000 0.834635
vt 0.155273 0.665365
vt 0.185547 0.665365
vt 0.185547 0.584635
vt 0.155273 0.665365
vt 0.185547 0.584635
vt 0.155273 0.584635
vt 0.185547 0.665365
vt 0.215820 0.665365
vt 0.215820 0.584635
vt 0.185547 0.665365
vt 0.215820 0.584635
vt 0.185547 0.584635
vt 0.215820 0.915365
vt 0.246094 0.915365
vt 0.246094 0.834635
vt 0.215820 0.915365
vt 0.246094 0.834635
vt 0.215820 0.834635
vt 0.003906 0.834635
vt 0.034180 0.834635
vt 0.034180 0.753906
vt 0.003906 0.834635
vt 0.034180 0.753906
vt 0.003906 0.753906
vt 0.034180 0.834635
vt 0.064453 0.834635
vt 0.064453 0.753906
vt 0.034180 0.834635
vt 0.064453 0.753906
vt 0.034180 0.753906
vt 0.064453 0.834635
vt 0.094727 0.834635
vt 0.094727 0.753906
vt 0.064453 0.834635
vt 0.094727 0.753906
vt 0.064453 0.753906
vt 0.094727 0.834635
vt 0.125000 0.834635
vt 0.125000 0.753906
vt 0.094727 0.834635
vt 0.125000 0.753906
vt 0.094727 0.753906
vt 0.125000 0.834635
vt 0.155273 0.834635
vt 0.155273 0.753906
vt 0.125000 0.834635
vt 0.155273 0.753906
vt 0.125000 0.753906
vt 0.155273 0.584635
vt 0.185547 0.584635
vt 0.185547 0.503906
vt 0.155273 0.584635
vt 0.185547 0.503906
vt 0.155273 0.503906
vt 0.185547 0.584635
vt 0.215820 0.584635
vt 0.215820 0.503906
vt 0.185547 0.584635
vt 0.215820 0.503906
vt 0.185547 0.503906
vt 0.215820 0.834635
vt 0.246094 0.834635
vt 0.246094 0.753906
vt 0.215820 0.834635
vt 0.246094 0.753906
vt 0.215820 0.753906
vt 0.125000 0.625000
vt 0.221875 0.528125
vt 0.028125 0.721875
vt 0.125000 0.625000
vt 0.221875 0.528125
vt 0.028125 0.721875
vt 0.125000 0.625000
vt 0.221875 0.528125
vt 0.028125 0.721875
vt 0.125000 0.625000
vt 0.221875 0.528125
vt 0.028125 0.721875
vt 0.125000 0.625000
vt 0.221875 0.528125
vt 0.028125 0.721875
vt 0.125000 0.625000
vt 0.221875 0.528125
vt 0.028125 0.721875
vt 0.125000 0.625000
vt 0.221875 0.528125
vt 0.028125 0.721875
vt 0.125000 0.625000
vt 0.221875 0.528125
vt 0.028125 0.721875
vt 0.125000 0.875000
vt 0.028125 0.971875
vt 0.221875 0.778125
vt 0.125000 0.875000
vt 0.028125 0.971875
vt 0.221875 0.778125
vt 0.125000 0.875000
vt 0.028125 0.971875
vt 0.221875 0.778125
vt 0.125000 0.875000
vt 0.028125 0.971875
vt 0.221875 0.778125
vt 0.125000 0.875000
vt 0.028125 0.971875
vt 0.221875 0.778125
vt 0.125000 0.875000
vt 0.028125 0.971875
vt 0.221875 0.778125
vt 0.125000 0.875000
vt 0.028125 0.971875
vt 0.221875 0.778125
vt 0.125000 0.875000
vt 0.028125 0.971875
vt 0.221875 0.778125
vn 0.866760 0.338720 -0.366055
vn 0.866760 0.338720 -0.366055
vn 0.866760 0.338720 -0.366055
vn 0.855912 0.349674 -0.380977
vn 0.855912 0.349674 -0.380977
vn 0.855912 0.349674 -0.380977
vn 0.362854 0.826467 -0.430452
vn 0.362854 0.826467 -0.430452
vn 0.362854 0.826467 -0.430452
vn 0.347104 0.826505 -0.443180
vn 0.347104 0.826505 -0.443180
vn 0.347104 0.826505 -0.443180
vn -0.360220 0.820469 -0.443928
vn -0.360220 0.820469 -0.443928
vn -0.360220 0.820469 -0.443928
vn -0.349047 0.831132 -0.432881
vn -0.349047 0.831132 -0.432881
vn -0.349047 0.831132 -0.432881
vn -0.861441 0.336642 -0.380252
vn -0.861441 0.336642 -0.380252
vn -0.861441 0.336642 -0.380252
vn -0.860103 0.351386 -0.369798
vn -0.860103 0.351386 -0.369798
vn -0.860103 0.351386 -0.369798
vn -0.905337 -0.353796 -0.234932
vn -0.905337 -0.353796 -0.234932
vn -0.905337 -0.353796 -0.234932
vn -0.897134 -0.366515 -0.246611
vn -0.897134 -0.366515 -0.246611
vn -0.897134 -0.366515 -0.246611
vn -0.400188 -0.911501 -0.094948
vn -0.400188 -0.911501 -0.094948
vn -0.400188 -0.911501 -0.094948
vn -0.384876 -0.916443 -0.109555
vn -0.384876 -0.916443 -0.109555
vn -0.384876 -0.916443 -0.109555
vn 0.399421 -0.909755 -0.113173
vn 0.399421 -0.909755 -0.113173
vn 0.399421 -0.909755 -0.113173
vn 0.385433 -0.917770 -0.095601
vn 0.385433 -0.917770 -0.095601
vn 0.385433 -0.917770 -0.095601
vn 0.901550 -0.352316 -0.251159
vn 0.901550 -0.352316 -0.251159
vn 0.901550 -0.352316 -0.251159
vn 0.900076 -0.367716 -0.233769
vn 0.900076 -0.367716 -0.233769
vn 0.900076 -0.367716 -0.233769
vn 0.920511 0.376065 0.105995
vn 0.920511 0.376065 0.105995
vn 0.920511 0.376065 0.105995
vn 0.918389 0.381792 0.103907
vn 0.918389 0.381792 0.103907
vn 0.918389 0.381792 0.103907
vn 0.380168 0.905235 0.189794
vn 0.380168 0.905235 0.189794
vn 0.380168 0.905235 0.189794
vn 0.374746 0.908007 0.187318
vn 0.374746 0.908007 0.187318
vn 0.374746 0.908007 0.187318
vn -0.380369 0.905713 0.187089
vn -0.380369 0.905713 0.187089
vn -0.380369 0.905713 0.187089
vn -0.374530 0.907483 0.190265
vn -0.374530 0.907483 0.190265
vn -0.374530 0.907483 0.190265
vn -0.920782 0.376176 0.103213
vn -0.920782 0.376176 0.103213
vn -0.920782 0.376176 0.103213
vn -0.918088 0.381668 0.106975
vn -0.918088 0.381668 0.106975
vn -0.918088 0.381668 0.106975
vn -0.925719 -0.378193 -0.003726
vn -0.925719 -0.378193 -0.003726
vn -0.925719 -0.378193 -0.003726
vn -0.923361 -0.383859 -0.007504
vn -0.923361 -0.383859 -0.007504
vn -0.923361 -0.383859 -0.007504
vn -0.386103 -0.919367 -0.075427
vn -0.386103 -0.919367 -0.075427
vn -0.386103 -0.919367 -0.075427
vn -0.380316 -0.921502 -0.078704
vn -0.380316 -0.921502 -0.078704
vn -0.380316 -0.921502 -0.078704
vn 0.386019 -0.919166 -0.078257
vn 0.386019 -0.919166 -0.078257
vn 0.386019 -0.919166 -0.078257
vn 0.380407 -0.921723 -0.075620
vn 0.380407 -0.921723 -0.075620
vn 0.380407 -0.921723 -0.075620
vn 0.925706 -0.378187 -0.006554
vn 0.925706 -0.378187 -0.006554
vn 0.925706 -0.378187 -0.006554
vn 0.923378 -0.383867 -0.004384
vn 0.923378 -0.383867 -0.004384
vn 0.923378 -0.383867 -0.004384
vn 0.862500 0.358558 0.357113
vn 0.862500 0.358558 0.357113
vn 0.862500 0.358558 0.357113
vn 0.862018 0.361010 0.355803
vn 0.862018 0.361010 0.355803
vn 0.862018 0.361010 0.355803
vn 0.343527 0.832362 0.434928
vn 0.343527 0.832362 0.434928
vn 0.343527 0.832362 0.434928
vn 0.341614 0.833854 0.433574
vn 0.341614 0.833854 0.433574
vn 0.341614 0.833854 0.433574
vn -0.343755 0.832915 0.433688
vn -0.343755 0.832915 0.433688
vn -0.343755 0.832915 0.433688
vn -0.341298 0.833082 0.435304
vn -0.341298 0.833082 0.435304
vn -0.341298 0.833082 0.435304
vn -0.862989 0.358762 0.355725
vn -0.862989 0.358762 0.355725
vn -0.862989 0.358762 0.355725
vn -0.861333 0.360723 0.357749
vn -0.861333 0.360723 0.357749
vn -0.861333 0.360723 0.357749
vn -0.897071 -0.372930 0.237038
vn -0.897071 -0.372930 0.237038
vn -0.897071 -0.372930 0.237038
vn -0.896600 -0.375493 0.234764
vn -0.896600 -0.375493 0.234764
vn -0.896600 -0.375493 0.234764
vn -0.377284 -0.914156 0.148242
vn -0.377284 -0.914156 0.148242
vn -0.377284 -0.914156 0.148242
vn -0.375032 -0.915426 0.146105
vn -0.375032 -0.915426 0.146105
vn -0.375032 -0.915426 0.146105
vn 0.377377 -0.914382 0.146600
vn 0.377377 -0.914382 0.146600
vn 0.377377 -0.914382 0.146600
vn 0.374903 -0.915110 0.148396
vn 0.374903 -0.915110 0.148396
vn 0.374903 -0.915110 0.148396
vn 0.897421 -0.373076 0.235477
vn 0.897421 -0.373076 0.235477
vn 0.897421 -0.373076 0.235477
vn 0.896109 -0.375287 0.236954
vn 0.896109 -0.375287 0.236954
vn 0.896109 -0.375287 0.236954
vn 0.000000 0.000000 -1.000000
vn 0.000000 0.000000 -1.000000
vn 0.000000 0.000000 -1.000000
vn 0.000000 0.000000 -1.000000
vn 0.000000 0.000000 -1.000000
vn 0.000000 0.000000 -1.000000
vn 0.000000 0.000000 -1.000000
vn 0.000000 0.000000 -1.000000
vn 0.000000 0.000000 -1.000000
vn 0.000000 0.000000 -1.000000
vn 0.000000 0.000000 -1.000000
vn 0.000000 0.000000 -1.000000
vn -0.000000 0.000000 -1.000000
vn -0.000000 0.000000 -1.000000
vn -0.000000 0.000000 -1.000000
vn 0.000000 0.000000 -1.000000
vn 0.000000 0.000000 -1.000000
vn 0.000000 0.000000 -1.000000
vn 0.000000 -0.000000 -1.000000
vn 0.000000 -0.000000 -1.000000
vn 0.000000 -0.000000 -1.000000
vn 0.000000 0.000000 -1.000000
vn 0.000000 0.000000 -1.000000
vn 0.000000 0.000000 -1.000000
vn 0.000000 0.000000 1.000000
vn 0.000000 0.000000 1.000000
vn 0.000000 0.000000 1.000000
vn 0.000000 0.000000 1.000000
vn 0.000000 0.000000 1.000000
vn 0.000000 0.000000 1.000000
vn 0.000000 -0.000000 1.000000
vn 0.000000 -0.000000 1.000000
vn 0.000000 -0.000000 1.000000
vn 0.000000 0.000000 1.000000
vn 0.000000 0.000000 1.000000
vn 0.000000 0.000000 1.000000
vn 0.000000 0.000000 1.000000
vn 0.000000 0.000000 1.000000
vn 0.000000 0.000000 1.000000
vn 0.000000 0.000000 1.000000
vn 0.000000 0.000000 1.000000
vn 0.000000 0.000000 1.000000
vn 0.000000 0.000000 1.000000
vn 0.000000 0.000000 1.000000
vn 0.000000 0.000000 1.000000
vn -0.000000 0.000000 1.000000
vn -0.000000 0.000000 1.000000
vn -0.000000 0.000000 1.000000
f 946/946/946 947/947/947 948/948/948
f 949/949/949 950/950/950 951/951/951
f 952/952/952 953/953/953 954/954/954
f 955/955/955 956/956/956 957/957/957
f 958/958/958 959/959/959 960/960/960
f 961/961/961 962/962/962 963/963/963
f 964/964/964 965/965/965 966/966/966
f 967/967/967 968/968/968 969/969/969
f 970/970/970 971/971/971 972/972/972
f 973/973/973 974/974/974 975/975/975
f 976/976/976 977/977/977 978/978/978
f 979/979/979 980/980/980 981/981/981
f 982/982/982 983/983/983 984/984/984
f 985/985/985 986/986/986 987/987/987
f 988/988/988 989/989/989 990/990/990
f 991/991/991 992/992/992 993/993/993
f 994/994/994 995/995/995 996/996/996
f 997/997/997 998/998/998 999/999/999
f 1000/1000/1000 1001/1001/1001 1002/1002/1002
f 1003/1003/1003 1004/1004/1004 1005/1005/1005
f 1006/1006/1006 1007/1007/1007 1008/1008/1008
f 1009/1009/1009 1010/1010/1010 1011/1011/1011
f 1012/1012/1012 1013/1013/1013 1014/1014/1014
f 1015/1015/1015 1016/1016/1016 1017/1017/1017
f 1018/1018/1018 1019/1019/1019 1020/1020/1020
f 1021/1021/1021 1022/1022/1022 1023/1023/1023
f 1024/1024/1024 1025/1025/1025 1026/1026/1026
f 1027/1027/1027 1028/1028/1028 1029/1029/1029
f 1030/1030/1030 1031/1031/1031 1032/1032/1032
f 1033/1033/1033 1034/1034/1034 1035/1035/1035
f 1036/1036/1036 1037/1037/1037 1038/1038/1038
f 1039/1039/1039 1040/1040/1040 1041/1041/1041
f 1042/1042/1042 1043/1043/1043 1044/1044/1044
f 1045/1045/1045 1046/1046/1046 1047/1047/1047
f 1048/1048/1048 1049/1049/1049 1050/1050/1050
f 1051/1051/1051 1052/1052/1052 1053/1053/1053
f 1054/1054/1054 1055/1055/1055 1056/1056/1056
f 1057/1057/1057 1058/1058/1058 1059/1059/1059
f 1060/1060/1060 1061/1061/1061 1062/1062/1062
f 1063/1063/1063 1064/1064/1064 1065/1065/1065
f 1066/1066/1066 1067/1067/1067 1068/1068/1068
f 1069/1069/1069 1070/1070/1070 1071/1071/1071
f 1072/1072/1072 1073/1073/1073 1074/1074/1074
f 1075/1075/1075 1076/1076/1076 1077/1077/1077
f 1078/1078/1078 1079/1079/1079 1080/1080/1080
f 1081/1081/1081 1082/1082/1082 1083/1083/1083
f 1084/1084/1084 1085/1085/1085 1086/1086/1086
f 1087/1087/1087 1088/1088/1088 1089/1089/1089
f 1090/1090/1090 1091/1091/1091 1092/1092/1092
f 1093/1093/1093 1094/1094/1094 1095/1095/1095
f 1096/1096/1096 1097/1097/1097 1098/1098/1098
f 1099/1099/1099 1100/1100/1100 1101/1101/1101
f 1102/1102/1102 1103/1103/1103 1104/1104/1104
f 1105/1105/1105 1106/1106/1106 1107/1107/1107
f 1108/1108/1108 1109/1109/1109 1110/1110/1110
f 1111/1111/1111 1112/1112/1112 1113/1113/1113
f 1114/1114/1114 1115/1115/1115 1116/1116/1116
f 1117/1117/1117 1118/1118/1118 1119/1119/1119
f 1120/1120/1120 1121/1121/1121 1122/1122/1122
f 1123/1123/1123 1124/1124/1124 1125/1125/1125
f 1126/1126/1126 1127/1127/1127 1128/1128/1128
f 1129/1129/1129 1130/1130/1130 1131/1131/1131
f 1132/1132/1132 1133/1133/1133 1134/1134/1134
f 1135/1135/1135 1136/1136/1136 1137/1137/1137
o Neck
usemtl PaintedTeaFantasy
v 0.490170 0.300349 -0.700815
v 0.304410 0.740861 -0.586123
v 0.346602 0.300349 -0.396405
v 0.490170 0.300349 -0.700815
v 0.430500 0.740861 -0.840978
v 0.304410 0.740861 -0.586123
v 0.346602 0.300349 -0.396405
v 0.000000 0.740861 -0.480559
v 0.000000 0.300349 -0.270314
v 0.346602 0.300349 -0.396405
v 0.304410 0.740861 -0.586123
v 0.000000 0.740861 -0.480559
v 0.000000 0.300349 -0.270314
v -0.304410 0.740861 -0.586123
v -0.346602 0.300349 -0.396405
v 0.000000 0.300349 -0.270314
v 0.000000 0.740861 -0.480559
v -0.304410 0.740861 -0.586123
v -0.346602 0.300349 -0.396405
v -0.430500 0.740861 -0.840978
v -0.490170 0.300349 -0.700815
v -0.346602 0.300349 -0.396405
v -0.304410 0.740861 -0.586123
v -0.430500 0.740861 -0.840978
v -0.490170 0.300349 -0.700815
v -0.304410 0.740861 -1.095832
v -0.346602 0.300349 -1.005225
v -0.490170 0.300349 -0.700815
v -0.430500 0.740861 -0.840978
v -0.304410 0.740861 -1.095832
v -0.346602 0.300349 -1.005225
v -0.000000 0.740861 -1.201397
v -0.000000 0.300349 -1.131315
v -0.346602 0.300349 -1.005225
v -0.304410 0.740861 -1.095832
v -0.000000 0.740861 -1.201397
v -0.000000 0.300349 -1.131315
v 0.304410 0.740861 -1.095832
v 0.346602 0.300349 -1.005225
v -0.000000 0.300349 -1.131315
v -0.000000 0.740861 -1.201397
v 0.304410 0.740861 -1.095832
v 0.346602 0.300349 -1.005225
v 0.430500 0.740861 -0.840978
v 0.490170 0.300349 -0.700815
v 0.346602 0.300349 -1.005225
v 0.304410 0.740861 -1.095832
v 0.430500 0.740861 -0.840978
v 0.430500 0.740861 -0.840978
v 0.247775 1.181373 -0.868878
v 0.304410 0.740861 -0.586123
v 0.430500 0.740861 -0.840978
v 0.350407 1.181373 -1.081257
v 0.247775 1.181373 -0.868878
v 0.304410 0.740861 -0.586123
v 0.000000 1.181373 -0.780908
v 0.000000 0.740861 -0.480559
v 0.304410 0.740861 -0.586123
v 0.247775 1.181373 -0.868878
v 0.000000 1.181373 -0.780908
v 0.000000 0.740861 -0.480559
v -0.247775 1.181373 -0.868878
v -0.304410 0.740861 -0.586123
v 0.000000 0.740861 -0.480559
v 0.000000 1.181373 -0.780908
v -0.247775 1.181373 -0.868878
v -0.304410 0.740861 -0.586123
v -0.350407 1.181373 -1.081257
v -0.430500 0.740861 -0.840978
v -0.304410 0.740861 -0.586123
v -0.247775 1.181373 -0.868878
v -0.350407 1.181373 -1.081257
v -0.430500 0.740861 -0.840978
v -0.247775 1.181373 -1.293636
v -0.304410 0.740861 -1.095832
v -0.430500 0.740861 -0.840978
v -0.350407 1.181373 -1.081257
v -0.247775 1.181373 -1.293636
v -0.304410 0.740861 -1.095832
v -0.000000 1.181373 -1.381606
v -0.000000 0.740861 -1.201397
v -0.304410 0.740861 -1.095832
v -0.247775 1.181373 -1.293636
v -0.000000 1.181373 -1.381606
v -0.000000 0.740861 -1.201397
v 0.247775 1.181373 -1.293636
v 0.304410 0.740861 -1.095832
v -0.000000 0.740861 -1.201397
v -0.000000 1.181373 -1.381606
v 0.247775 1.181373 -1.293636
v 0.304410 0.740861 -1.095832
v 0.350407 1.181373 -1.081257
v 0.430500 0.740861 -0.840978
v 0.304410 0.740861 -1.095832
v 0.247775 1.181373 -1.293636
v 0.350407 1.181373 -1.081257
v 0.000000 0.300349 -0.700815
v 0.490170 0.300349 -0.700815
v 0.346602 0.300349 -0.396405
v 0.000000 0.300349 -0.700815
v 0.346602 0.300349 -0.396405
v 0.000000 0.300349 -0.270314
v 0.000000 0.300349 -0.700815
v 0.000000 0.300349 -0.270314
v -0.346602 0.300349 -0.396405
v 0.000000 0.300349 -0.700815
v -0.346602 0.300349 -0.396405
v -0.490170 0.300349 -0.700815
v 0.000000 0.300349 -0.700815
v -0.490170 0.300349 -0.700815
v -0.346602 0.300349 -1.005225
v 0.000000 0.300349 -0.700815
v -0.346602 0.300349 -1.005225
v -0.000000 0.300349 -1.131315
v 0.000000 0.300349 -0.700815
v -0.000000 0.300349 -1.131315
v 0.346602 0.300349 -1.005225
v 0.000000 0.300349 -0.700815
v 0.346602 0.300349 -1.005225
v 0.490170 0.300349 -0.700815
v 0.000000 1.181373 -1.081257
v 0.247775 1.181373 -0.868878
v 0.350407 1.181373 -1.081257
v 0.000000 1.181373 -1.081257
v 0.000000 1.181373 -0.780908
v 0.247775 1.181373 -0.868878
v 0.000000 1.181373 -1.081257
v -0.247775 1.181373 -0.868878
v 0.000000 1.181373 -0.780908
v 0.000000 1.181373 -1.081257
v -0.350407 1.181373 -1.081257
v -0.247775 1.181373 -0.868878
v 0.000000 1.181373 -1.081257
v -0.247775 1.181373 -1.293636
v -0.350407 1.181373 -1.081257
v 0.000000 1.181373 -1.081257
v -0.000000 1.181373 -1.381606
v -0.247775 1.181373 -1.293636
v 0.000000 1.181373 -1.081257
v 0.247775 1.181373 -1.293636
v -0.000000 1.181373 -1.381606
v 0.000000 1.181373 -1.081257
v 0.350407 1.181373 -1.081257
v 0.247775 1.181373 -1.293636
vt 0.003906 0.503906
vt 0.246094 0.746094
vt 0.246094 0.503906
vt 0.003906 0.503906
vt 0.003906 0.746094
vt 0.246094 0.746094
vt 0.003906 0.503906
vt 0.246094 0.746094
vt 0.246094 0.503906
vt 0.003906 0.503906
vt 0.003906 0.746094
vt 0.246094 0.746094
vt 0.003906 0.503906
vt 0.246094 0.746094
vt 0.246094 0.503906
vt 0.003906 0.503906
vt 0.003906 0.746094
vt 0.246094 0.746094
vt 0.003906 0.503906
vt 0.246094 0.746094
vt 0.246094 0.503906
vt 0.003906 0.503906
vt 0.003906 0.746094
vt 0.246094 0.746094
vt 0.003906 0.503906
vt 0.246094 0.746094
vt 0.246094 0.503906
vt 0.003906 0.503906
vt 0.003906 0.746094
vt 0.246094 0.746094
vt 0.003906 0.503906
vt 0.246094 0.746094
vt 0.246094 0.503906
vt 0.003906 0.503906
vt 0.003906 0.746094
vt 0.246094 0.746094
vt 0.003906 0.503906
vt 0.246094 0.746094
vt 0.246094 0.503906
vt 0.003906 0.503906
vt 0.003906 0.746094
vt 0.246094 0.746094
vt 0.003906 0.503906
vt 0.246094 0.746094
vt 0.246094 0.503906
vt 0.003906 0.503906
vt 0.003906 0.746094
vt 0.246094 0.746094
vt 0.003906 0.503906
vt 0.246094 0.746094
vt 0.246094 0.503906
vt 0.003906 0.503906
vt 0.003906 0.746094
vt 0.246094 0.746094
vt 0.003906 0.503906
vt 0.246094 0.746094
vt 0.246094 0.503906
vt 0.003906 0.503906
vt 0.003906 0.746094
vt 0.246094 0.746094
vt 0.003906 0.503906
vt 0.246094 0.746094
vt 0.246094 0.503906
vt 0.003906 0.503906
vt 0.003906 0.746094
vt 0.246094 0.746094
vt 0.003906 0.503906
vt 0.246094 0.746094
vt 0.246094 0.503906
vt 0.003906 0.503906
vt 0.003906 0.746094
vt 0.246094 0.746094
vt 0.003906 0.503906
vt 0.246094 0.746094
vt 0.246094 0.503906
vt 0.003906 0.503906
vt 0.003906 0.746094
vt 0.246094 0.746094
vt 0.003906 0.503906
vt 0.246094 0.746094
vt 0.246094 0.503906
vt 0.003906 0.503906
vt 0.003906 0.746094
vt 0.246094 0.746094
vt 0.003906 0.503906
vt 0.246094 0.746094
vt 0.246094 0.503906
vt 0.003906 0.503906
vt 0.003906 0.746094
vt 0.246094 0.746094
vt 0.003906 0.503906
vt 0.246094 0.746094
vt 0.246094 0.503906
vt 0.003906 0.503906
vt 0.003906 0.746094
vt 0.246094 0.746094
vt 0.125000 0.625000
vt 0.003906 0.746094
vt 0.246094 0.503906
vt 0.125000 0.625000
vt 0.003906 0.746094
vt 0.246094 0.503906
vt 0.125000 0.625000
vt 0.003906 0.746094
vt 0.246094 0.503906
vt 0.125000 0.625000
vt 0.003906 0.746094
vt 0.246094 0.503906
vt 0.125000 0.625000
vt 0.003906 0.746094
vt 0.246094 0.503906
vt 0.125000 0.625000
vt 0.003906 0.746094
vt 0.246094 0.503906
vt 0.125000 0.625000
vt 0.003906 0.746094
vt 0.246094 0.503906
vt 0.125000 0.625000
vt 0.003906 0.746094
vt 0.246094 0.503906
vt 0.125000 0.625000
vt 0.246094 0.503906
vt 0.003906 0.746094
vt 0.125000 0.625000
vt 0.246094 0.503906
vt 0.003906 0.746094
vt 0.125000 0.625000
vt 0.246094 0.503906
vt 0.003906 0.746094
vt 0.125000 0.625000
vt 0.246094 0.503906
vt 0.003906 0.746094
vt 0.125000 0.625000
vt 0.246094 0.503906
vt 0.003906 0.746094
vt 0.125000 0.625000
vt 0.246094 0.503906
vt 0.003906 0.746094
vt 0.125000 0.625000
vt 0.246094 0.503906
vt 0.003906 0.746094
vt 0.125000 0.625000
vt 0.246094 0.503906
vt 0.003906 0.746094
vn 0.873114 0.260973 0.411783
vn 0.873114 0.260973 0.411783
vn 0.873114 0.260973 0.411783
vn 0.866928 0.253903 0.428917
vn 0.866928 0.253903 0.428917
vn 0.866928 0.253903 0.428917
vn 0.311933 0.409238 0.857451
vn 0.311933 0.409238 0.857451
vn 0.311933 0.409238 0.857451
vn 0.300085 0.401423 0.865338
vn 0.300085 0.401423 0.865338
vn 0.300085 0.401423 0.865338
vn -0.313211 0.400797 0.860965
vn -0.313211 0.400797 0.860965
vn -0.313211 0.400797 0.860965
vn -0.298680 0.411068 0.861286
vn -0.298680 0.411068 0.861286
vn -0.298680 0.411068 0.861286
vn -0.875728 0.250036 0.413016
vn -0.875728 0.250036 0.413016
vn -0.875728 0.250036 0.413016
vn -0.863811 0.266797 0.427375
vn -0.863811 0.266797 0.427375
vn -0.863811 0.266797 0.427375
vn -0.904456 -0.001109 -0.426565
vn -0.904456 -0.001109 -0.426565
vn -0.904456 -0.001109 -0.426565
vn -0.896126 -0.019686 -0.443363
vn -0.896126 -0.019686 -0.443363
vn -0.896126 -0.019686 -0.443363
vn -0.338113 -0.147862 -0.929417
vn -0.338113 -0.147862 -0.929417
vn -0.338113 -0.147862 -0.929417
vn -0.323376 -0.160831 -0.932503
vn -0.323376 -0.160831 -0.932503
vn -0.323376 -0.160831 -0.932503
vn 0.337548 -0.158520 -0.927865
vn 0.337548 -0.158520 -0.927865
vn 0.337548 -0.158520 -0.927865
vn 0.324002 -0.148640 -0.934307
vn 0.324002 -0.148640 -0.934307
vn 0.324002 -0.148640 -0.934307
vn 0.904378 -0.013211 -0.426528
vn 0.904378 -0.013211 -0.426528
vn 0.904378 -0.013211 -0.426528
vn 0.896287 -0.005364 -0.443442
vn 0.896287 -0.005364 -0.443442
vn 0.896287 -0.005364 -0.443442
vn 0.832230 0.371289 0.411750
vn 0.832230 0.371289 0.411750
vn 0.832230 0.371289 0.411750
vn 0.835682 0.372220 0.403842
vn 0.835682 0.372220 0.403842
vn 0.835682 0.372220 0.403842
vn 0.275439 0.541546 0.794268
vn 0.275439 0.541546 0.794268
vn 0.275439 0.541546 0.794268
vn 0.280794 0.543749 0.790880
vn 0.280794 0.543749 0.790880
vn 0.280794 0.543749 0.790880
vn -0.274888 0.544145 0.792680
vn -0.274888 0.544145 0.792680
vn -0.274888 0.544145 0.792680
vn -0.281483 0.540559 0.792820
vn -0.281483 0.540559 0.792820
vn -0.281483 0.540559 0.792820
vn -0.830798 0.375259 0.411042
vn -0.830798 0.375259 0.411042
vn -0.830798 0.375259 0.411042
vn -0.837404 0.367413 0.404675
vn -0.837404 0.367413 0.404675
vn -0.837404 0.367413 0.404675
vn -0.893162 -0.083596 -0.441897
vn -0.893162 -0.083596 -0.441897
vn -0.893162 -0.083596 -0.441897
vn -0.897948 -0.073427 -0.433933
vn -0.897948 -0.073427 -0.433933
vn -0.897948 -0.073427 -0.433933
vn -0.305609 -0.360518 -0.881266
vn -0.305609 -0.360518 -0.881266
vn -0.305609 -0.360518 -0.881266
vn -0.312744 -0.355330 -0.880870
vn -0.312744 -0.355330 -0.880870
vn -0.312744 -0.355330 -0.880870
vn 0.306058 -0.356949 -0.882562
vn 0.306058 -0.356949 -0.882562
vn 0.306058 -0.356949 -0.882562
vn 0.312183 -0.359709 -0.879290
vn 0.312183 -0.359709 -0.879290
vn 0.312183 -0.359709 -0.879290
vn 0.893522 -0.078673 -0.442074
vn 0.893522 -0.078673 -0.442074
vn 0.893522 -0.078673 -0.442074
vn 0.897538 -0.079368 -0.433735
vn 0.897538 -0.079368 -0.433735
vn 0.897538 -0.079368 -0.433735
vn 0.000000 -1.000000 0.000000
vn 0.000000 -1.000000 0.000000
vn 0.000000 -1.000000 0.000000
vn 0.000000 -1.000000 0.000000
vn 0.000000 -1.000000 0.000000
vn 0.000000 -1.000000 0.000000
vn 0.000000 -1.000000 0.000000
vn 0.000000 -1.000000 0.000000
vn 0.000000 -1.000000 0.000000
vn 0.000000 -1.000000 0.000000
vn 0.000000 -1.000000 0.000000
vn 0.000000 -1.000000 0.000000
vn -0.000000 -1.000000 0.000000
vn -0.000000 -1.000000 0.000000
vn -0.000000 -1.000000 0.000000
vn 0.000000 -1.000000 0.000000
vn 0.000000 -1.000000 0.000000
vn 0.000000 -1.000000 0.000000
vn 0.000000 -1.000000 -0.000000
vn 0.000000 -1.000000 -0.000000
vn 0.000000 -1.000000 -0.000000
vn 0.000000 -1.000000 0.000000
vn 0.000000 -1.000000 0.000000
vn 0.000000 -1.000000 0.000000
vn 0.000000 1.000000 0.000000
vn 0.000000 1.000000 0.000000
vn 0.000000 1.000000 0.000000
vn 0.000000 1.000000 0.000000
vn 0.000000 1.000000 0.000000
vn 0.000000 1.000000 0.000000
vn 0.000000 1.000000 -0.000000
vn 0.000000 1.000000 -0.000000
vn 0.000000 1.000000 -0.000000
vn 0.000000 1.000000 0.000000
vn 0.000000 1.000000 0.000000
vn 0.000000 1.000000 0.000000
vn 0.000000 1.000000 0.000000
vn 0.000000 1.000000 0.000000
vn 0.000000 1.000000 0.000000
vn 0.000000 1.000000 0.000000
vn 0.000000 1.000000 0.000000
vn 0.000000 1.000000 0.000000
vn 0.000000 1.000000 0.000000
vn 0.000000 1.000000 0.000000
vn 0.000000 1.000000 0.000000
vn -0.000000 1.000000 0.000000
vn -0.000000 1.000000 0.000000
vn -0.000000 1.000000 0.000000
f 1138/1138/1138 1139/1139/1139 1140/1140/1140
f 1141/1141/1141 1142/1142/1142 1143/1143/1143
f 1144/1144/1144 1145/1145/1145 1146/1146/1146
f 1147/1147/1147 1148/1148/1148 1149/1149/1149
f 1150/1150/1150 1151/1151/1151 1152/1152/1152
f 1153/1153/1153 1154/1154/1154 1155/1155/1155
f 1156/1156/1156 1157/1157/1157 1158/1158/1158
f 1159/1159/1159 1160/1160/1160 1161/1161/1161
f 1162/1162/1162 1163/1163/1163 1164/1164/1164
f 1165/1165/1165 1166/1166/1166 1167/1167/1167
f 1168/1168/1168 1169/1169/1169 1170/1170/1170
f 1171/1171/1171 1172/1172/1172 1173/1173/1173
f 1174/1174/1174 1175/1175/1175 1176/1176/1176
f 1177/1177/1177 1178/1178/1178 1179/1179/1179
f 1180/1180/1180 1181/1181/1181 1182/1182/1182
f 1183/1183/1183 1184/1184/1184 1185/1185/1185
f 1186/1186/1186 1187/1187/1187 1188/1188/1188
f 1189/1189/1189 1190/1190/1190 1191/1191/1191
f 1192/1192/1192 1193/1193/1193 1194/1194/1194
f 1195/1195/1195 1196/1196/1196 1197/1197/1197
f 1198/1198/1198 1199/1199/1199 1200/1200/1200
f 1201/1201/1201 1202/1202/1202 1203/1203/1203
f 1204/1204/1204 1205/1205/1205 1206/1206/1206
f 1207/1207/1207 1208/1208/1208 1209/1209/1209
f 1210/1210/1210 1211/1211/1211 1212/1212/1212
f 1213/1213/1213 1214/1214/1214 1215/1215/1215
f 1216/1216/1216 1217/1217/1217 1218/1218/1218
f 1219/1219/1219 1220/1220/1220 1221/1221/1221
f 1222/1222/1222 1223/1223/1223 1224/1224/1224
f 1225/1225/1225 1226/1226/1226 1227/1227/1227
f 1228/1228/1228 1229/1229/1229 1230/1230/1230
f 1231/1231/1231 1232/1232/1232 1233/1233/1233
f 1234/1234/1234 1235/1235/1235 1236/1236/1236
f 1237/1237/1237 1238/1238/1238 1239/1239/1239
f 1240/1240/1240 1241/1241/1241 1242/1242/1242
f 1243/1243/1243 1244/1244/1244 1245/1245/1245
f 1246/1246/1246 1247/1247/1247 1248/1248/1248
f 1249/1249/1249 1250/1250/1250 1251/1251/1251
f 1252/1252/1252 1253/1253/1253 1254/1254/1254
f 1255/1255/1255 1256/1256/1256 1257/1257/1257
f 1258/1258/1258 1259/1259/1259 1260/1260/1260
f 1261/1261/1261 1262/1262/1262 1263/1263/1263
f 1264/1264/1264 1265/1265/1265 1266/1266/1266
f 1267/1267/1267 1268/1268/1268 1269/1269/1269
f 1270/1270/1270 1271/1271/1271 1272/1272/1272
f 1273/1273/1273 1274/1274/1274 1275/1275/1275
f 1276/1276/1276 1277/1277/1277 1278/1278/1278
f 1279/1279/1279 1280/1280/1280 1281/1281/1281
o LeftFrontLeg
usemtl PaintedTeaFantasy
v -0.254296 -1.281490 -0.690803
v -0.451993 -1.041210 -0.370709
v -0.427242 -1.281490 -0.376589
v -0.254296 -1.281490 -0.690803
v -0.334389 -1.041210 -0.570663
v -0.451993 -1.041210 -0.370709
v -0.427242 -1.281490 -0.376589
v -0.642280 -1.041210 -0.447085
v -0.707076 -1.281490 -0.496608
v -0.427242 -1.281490 -0.376589
v -0.451993 -1.041210 -0.370709
v -0.642280 -1.041210 -0.447085
v -0.707076 -1.281490 -0.496608
v -0.642280 -1.041210 -0.694242
v -0.707076 -1.281490 -0.884998
v -0.707076 -1.281490 -0.496608
v -0.642280 -1.041210 -0.447085
v -0.642280 -1.041210 -0.694242
v -0.707076 -1.281490 -0.884998
v -0.451993 -1.041210 -0.770618
v -0.427242 -1.281490 -1.005017
v -0.707076 -1.281490 -0.884998
v -0.642280 -1.041210 -0.694242
v -0.451993 -1.041210 -0.770618
v -0.427242 -1.281490 -1.005017
v -0.334389 -1.041210 -0.570663
v -0.254296 -1.281490 -0.690803
v -0.427242 -1.281490 -1.005017
v -0.451993 -1.041210 -0.770618
v -0.334389 -1.041210 -0.570663
v -0.334389 -1.041210 -0.570663
v -0.445805 -0.380442 -0.231526
v -0.451993 -1.041210 -0.370709
v -0.334389 -1.041210 -0.570663
v -0.314365 -0.380442 -0.450524
v -0.445805 -0.380442 -0.231526
v -0.451993 -1.041210 -0.370709
v -0.658479 -0.380442 -0.315176
v -0.642280 -1.041210 -0.447085
v -0.451993 -1.041210 -0.370709
v -0.445805 -0.380442 -0.231526
v -0.658479 -0.380442 -0.315176
v -0.642280 -1.041210 -0.447085
v -0.658479 -0.380442 -0.585872
v -0.642280 -1.041210 -0.694242
v -0.642280 -1.041210 -0.447085
v -0.658479 -0.380442 -0.315176
v -0.658479 -0.380442 -0.585872
v -0.642280 -1.041210 -0.694242
v -0.445805 -0.380442 -0.669521
v -0.451993 -1.041210 -0.770618
v -0.642280 -1.041210 -0.694242
v -0.658479 -0.380442 -0.585872
v -0.445805 -0.380442 -0.669521
v -0.451993 -1.041210 -0.770618
v -0.314365 -0.380442 -0.450524
v -0.334389 -1.041210 -0.570663
v -0.451993 -1.041210 -0.770618
v -0.445805 -0.380442 -0.669521
v -0.314365 -0.380442 -0.450524
v -0.314365 -0.380442 -0.450524
v -0.387686 0.150175 -0.265971
v -0.445805 -0.380442 -0.231526
v -0.314365 -0.380442 -0.450524
v -0.193986 0.150175 -0.570663
v -0.387686 0.150175 -0.265971
v -0.445805 -0.380442 -0.231526
v -0.701100 0.150175 -0.382353
v -0.658479 -0.380442 -0.315176
v -0.445805 -0.380442 -0.231526
v -0.387686 0.150175 -0.265971
v -0.701100 0.150175 -0.382353
v -0.658479 -0.380442 -0.315176
v -0.701100 0.150175 -0.758974
v -0.658479 -0.380442 -0.585872
v -0.658479 -0.380442 -0.315176
v -0.701100 0.150175 -0.382353
v -0.701100 0.150175 -0.758974
v -0.658479 -0.380442 -0.585872
v -0.387686 0.150175 -0.875356
v -0.445805 -0.380442 -0.669521
v -0.658479 -0.380442 -0.585872
v -0.701100 0.150175 -0.758974
v -0.387686 0.150175 -0.875356
v -0.445805 -0.380442 -0.669521
v -0.193986 0.150175 -0.570663
v -0.314365 -0.380442 -0.450524
v -0.445805 -0.380442 -0.669521
v -0.387686 0.150175 -0.875356
v -0.193986 0.150175 -0.570663
v -0.504587 -1.281490 -0.690803
v -0.254296 -1.281490 -0.690803
v -0.427242 -1.281490 -0.376589
v -0.504587 -1.281490 -0.690803
v -0.427242 -1.281490 -0.376589
v -0.707076 -1.281490 -0.496608
v -0.504587 -1.281490 -0.690803
v -0.707076 -1.281490 -0.496608
v -0.707076 -1.281490 -0.884998
v -0.504587 -1.281490 -0.690803
v -0.707076 -1.281490 -0.884998
v -0.427242 -1.281490 -1.005017
v -0.504587 -1.281490 -0.690803
v -0.427242 -1.281490 -1.005017
v -0.254296 -1.281490 -0.690803
v -0.474311 0.150175 -0.570663
v -0.387686 0.150175 -0.265971
v -0.193986 0.150175 -0.570663
v -0.474311 0.150175 -0.570663
v -0.701100 0.150175 -0.382353
v -0.387686 0.150175 -0.265971
v -0.474311 0.150175 -0.570663
v -0.701100 0.150175 -0.758974
v -0.701100 0.150175 -0.382353
v -0.474311 0.150175 -0.570663
v -0.387686 0.150175 -0.875356
v -0.701100 0.150175 -0.758974
v -0.474311 0.150175 -0.570663
v -0.193986 0.150175 -0.570663
v -0.387686 0.150175 -0.875356
vt 0.003906 0.753906
vt 0.246094 0.996094
vt 0.246094 0.753906
vt 0.003906 0.753906
vt 0.003906 0.996094
vt 0.246094 0.996094
vt 0.003906 0.753906
vt 0.246094 0.996094
vt 0.246094 0.753906
vt 0.003906 0.753906
vt 0.003906 0.996094
vt 0.246094 0.996094
vt 0.003906 0.753906
vt 0.246094 0.996094
vt 0.246094 0.753906
vt 0.003906 0.753906
vt 0.003906 0.996094
vt 0.246094 0.996094
vt 0.003906 0.753906
vt 0.246094 0.996094
vt 0.246094 0.753906
vt 0.003906 0.753906
vt 0.003906 0.996094
vt 0.246094 0.996094
vt 0.003906 0.753906
vt 0.246094 0.996094
vt 0.246094 0.753906
vt 0.003906 0.753906
vt 0.003906 0.996094
vt 0.246094 0.996094
vt 0.003906 0.753906
vt 0.246094 0.996094
vt 0.246094 0.753906
vt 0.003906 0.753906
vt 0.003906 0.996094
vt 0.246094 0.996094
vt 0.003906 0.753906
vt 0.246094 0.996094
vt 0.246094 0.753906
vt 0.003906 0.753906
vt 0.003906 0.996094
vt 0.246094 0.996094
vt 0.003906 0.753906
vt 0.246094 0.996094
vt 0.246094 0.753906
vt 0.003906 0.753906
vt 0.003906 0.996094
vt 0.246094 0.996094
vt 0.003906 0.753906
vt 0.246094 0.996094
vt 0.246094 0.753906
vt 0.003906 0.753906
vt 0.003906 0.996094
vt 0.246094 0.996094
vt 0.003906 0.753906
vt 0.246094 0.996094
vt 0.246094 0.753906
vt 0.003906 0.753906
vt 0.003906 0.996094
vt 0.246094 0.996094
vt 0.003906 0.753906
vt 0.246094 0.996094
vt 0.246094 0.753906
vt 0.003906 0.753906
vt 0.003906 0.996094
vt 0.246094 0.996094
vt 0.003906 0.753906
vt 0.246094 0.996094
vt 0.246094 0.753906
vt 0.003906 0.753906
vt 0.003906 0.996094
vt 0.246094 0.996094
vt 0.003906 0.753906
vt 0.246094 0.996094
vt 0.246094 0.753906
vt 0.003906 0.753906
vt 0.003906 0.996094
vt 0.246094 0.996094
vt 0.003906 0.753906
vt 0.246094 0.996094
vt 0.246094 0.753906
vt 0.003906 0.753906
vt 0.003906 0.996094
vt 0.246094 0.996094
vt 0.003906 0.753906
vt 0.246094 0.996094
vt 0.246094 0.753906
vt 0.003906 0.753906
vt 0.003906 0.996094
vt 0.246094 0.996094
vt 0.125000 0.875000
vt 0.003906 0.996094
vt 0.246094 0.753906
vt 0.125000 0.875000
vt 0.003906 0.996094
vt 0.246094 0.753906
vt 0.125000 0.875000
vt 0.003906 0.996094
vt 0.246094 0.753906
vt 0.125000 0.875000
vt 0.003906 0.996094
vt 0.246094 0.753906
vt 0.125000 0.875000
vt 0.003906 0.996094
vt 0.246094 0.753906
vt 0.125000 0.875000
vt 0.246094 0.753906
vt 0.003906 0.996094
vt 0.125000 0.875000
vt 0.246094 0.753906
vt 0.003906 0.996094
vt 0.125000 0.875000
vt 0.246094 0.753906
vt 0.003906 0.996094
vt 0.125000 0.875000
vt 0.246094 0.753906
vt 0.003906 0.996094
vt 0.125000 0.875000
vt 0.246094 0.753906
vt 0.003906 0.996094
vn 0.873381 0.078199 0.480719
vn 0.873381 0.078199 0.480719
vn 0.873381 0.078199 0.480719
vn 0.861472 0.033818 0.506678
vn 0.861472 0.033818 0.506678
vn 0.861472 0.033818 0.506678
vn -0.392815 -0.082838 0.915879
vn -0.392815 -0.082838 0.915879
vn -0.392815 -0.082838 0.915879
vn -0.371795 -0.060965 0.926311
vn -0.371795 -0.060965 0.926311
vn -0.371795 -0.060965 0.926311
vn -0.965509 0.260371 0.000000
vn -0.965509 0.260371 0.000000
vn -0.965509 0.260371 0.000000
vn -0.965509 0.260371 0.000000
vn -0.965509 0.260371 0.000000
vn -0.965509 0.260371 0.000000
vn -0.299453 0.650267 -0.698198
vn -0.299453 0.650267 -0.698198
vn -0.299453 0.650267 -0.698198
vn -0.285607 0.641938 -0.711579
vn -0.285607 0.641938 -0.711579
vn -0.285607 0.641938 -0.711579
vn 0.773066 0.470441 -0.425504
vn 0.773066 0.470441 -0.425504
vn 0.773066 0.470441 -0.425504
vn 0.744542 0.503881 -0.437905
vn 0.744542 0.503881 -0.437905
vn 0.744542 0.503881 -0.437905
vn 0.856335 -0.114108 0.503656
vn 0.856335 -0.114108 0.503656
vn 0.856335 -0.114108 0.503656
vn 0.851360 -0.118703 0.510975
vn 0.851360 -0.118703 0.510975
vn 0.851360 -0.118703 0.510975
vn -0.365643 -0.190824 0.910984
vn -0.365643 -0.190824 0.910984
vn -0.365643 -0.190824 0.910984
vn -0.359423 -0.189118 0.913810
vn -0.359423 -0.189118 0.913810
vn -0.359423 -0.189118 0.913810
vn -0.999700 -0.024508 -0.000000
vn -0.999700 -0.024508 -0.000000
vn -0.999700 -0.024508 -0.000000
vn -0.999700 -0.024508 0.000000
vn -0.999700 -0.024508 0.000000
vn -0.999700 -0.024508 0.000000
vn -0.368608 0.143961 -0.918370
vn -0.368608 0.143961 -0.918370
vn -0.368608 0.143961 -0.918370
vn -0.362309 0.142192 -0.921148
vn -0.362309 0.142192 -0.921148
vn -0.362309 0.142192 -0.921148
vn 0.860091 0.065912 -0.505865
vn 0.860091 0.065912 -0.505865
vn 0.860091 0.065912 -0.505865
vn 0.855287 0.070530 -0.513332
vn 0.855287 0.070530 -0.513332
vn 0.855287 0.070530 -0.513332
vn 0.855857 -0.060398 0.513674
vn 0.855857 -0.060398 0.513674
vn 0.855857 -0.060398 0.513674
vn 0.841846 -0.069815 0.535183
vn 0.841846 -0.069815 0.535183
vn 0.841846 -0.069815 0.535183
vn -0.364606 0.088072 0.926987
vn -0.364606 0.088072 0.926987
vn -0.364606 0.088072 0.926987
vn -0.346418 0.098502 0.932894
vn -0.346418 0.098502 0.932894
vn -0.346418 0.098502 0.932894
vn -0.996790 -0.080066 -0.000000
vn -0.996790 -0.080066 -0.000000
vn -0.996790 -0.080066 -0.000000
vn -0.996790 -0.080066 0.000000
vn -0.996790 -0.080066 0.000000
vn -0.996790 -0.080066 0.000000
vn -0.348523 -0.305556 -0.886097
vn -0.348523 -0.305556 -0.886097
vn -0.348523 -0.305556 -0.886097
vn -0.330202 -0.316613 -0.889226
vn -0.330202 -0.316613 -0.889226
vn -0.330202 -0.316613 -0.889226
vn 0.818732 -0.297003 -0.491393
vn 0.818732 -0.297003 -0.491393
vn 0.818732 -0.297003 -0.491393
vn 0.808193 -0.287829 -0.513788
vn 0.808193 -0.287829 -0.513788
vn 0.808193 -0.287829 -0.513788
vn 0.000000 -1.000000 0.000000
vn 0.000000 -1.000000 0.000000
vn 0.000000 -1.000000 0.000000
vn 0.000000 -1.000000 0.000000
vn 0.000000 -1.000000 0.000000
vn 0.000000 -1.000000 0.000000
vn -0.000000 -1.000000 0.000000
vn -0.000000 -1.000000 0.000000
vn -0.000000 -1.000000 0.000000
vn 0.000000 -1.000000 -0.000000
vn 0.000000 -1.000000 -0.000000
vn 0.000000 -1.000000 -0.000000
vn 0.000000 -1.000000 0.000000
vn 0.000000 -1.000000 0.000000
vn 0.000000 -1.000000 0.000000
vn 0.000000 1.000000 0.000000
vn 0.000000 1.000000 0.000000
vn 0.000000 1.000000 0.000000
vn 0.000000 1.000000 -0.000000
vn 0.000000 1.000000 -0.000000
vn 0.000000 1.000000 -0.000000
vn 0.000000 1.000000 0.000000
vn 0.000000 1.000000 0.000000
vn 0.000000 1.000000 0.000000
vn 0.000000 1.000000 0.000000
vn 0.000000 1.000000 0.000000
vn 0.000000 1.000000 0.000000
vn -0.000000 1.000000 0.000000
vn -0.000000 1.000000 0.000000
vn -0.000000 1.000000 0.000000
f 1282/1282/1282 1283/1283/1283 1284/1284/1284
f 1285/1285/1285 1286/1286/1286 1287/1287/1287
f 1288/1288/1288 1289/1289/1289 1290/1290/1290
f 1291/1291/1291 1292/1292/1292 1293/1293/1293
f 1294/1294/1294 1295/1295/1295 1296/1296/1296
f 1297/1297/1297 1298/1298/1298 1299/1299/1299
f 1300/1300/1300 1301/1301/1301 1302/1302/1302
f 1303/1303/1303 1304/1304/1304 1305/1305/1305
f 1306/1306/1306 1307/1307/1307 1308/1308/1308
f 1309/1309/1309 1310/1310/1310 1311/1311/1311
f 1312/1312/1312 1313/1313/1313 1314/1314/1314
f 1315/1315/1315 1316/1316/1316 1317/1317/1317
f 1318/1318/1318 1319/1319/1319 1320/1320/1320
f 1321/1321/1321 1322/1322/1322 1323/1323/1323
f 1324/1324/1324 1325/1325/1325 1326/1326/1326
f 1327/1327/1327 1328/1328/1328 1329/1329/1329
f 1330/1330/1330 1331/1331/1331 1332/1332/1332
f 1333/1333/1333 1334/1334/1334 1335/1335/1335
f 1336/1336/1336 1337/1337/1337 1338/1338/1338
f 1339/1339/1339 1340/1340/1340 1341/1341/1341
f 1342/1342/1342 1343/1343/1343 1344/1344/1344
f 1345/1345/1345 1346/1346/1346 1347/1347/1347
f 1348/1348/1348 1349/1349/1349 1350/1350/1350
f 1351/1351/1351 1352/1352/1352 1353/1353/1353
f 1354/1354/1354 1355/1355/1355 1356/1356/1356
f 1357/1357/1357 1358/1358/1358 1359/1359/1359
f 1360/1360/1360 1361/1361/1361 1362/1362/1362
f 1363/1363/1363 1364/1364/1364 1365/1365/1365
f 1366/1366/1366 1367/1367/1367 1368/1368/1368
f 1369/1369/1369 1370/1370/1370 1371/1371/1371
f 1372/1372/1372 1373/1373/1373 1374/1374/1374
f 1375/1375/1375 1376/1376/1376 1377/1377/1377
f 1378/1378/1378 1379/1379/1379 1380/1380/1380
f 1381/1381/1381 1382/1382/1382 1383/1383/1383
f 1384/1384/1384 1385/1385/1385 1386/1386/1386
f 1387/1387/1387 1388/1388/1388 1389/1389/1389
f 1390/1390/1390 1391/1391/1391 1392/1392/1392
f 1393/1393/1393 1394/1394/1394 1395/1395/1395
f 1396/1396/1396 1397/1397/1397 1398/1398/1398
f 1399/1399/1399 1400/1400/1400 1401/1401/1401
o LeftBackLeg
usemtl PaintedTeaFantasy
v -0.254296 -1.281490 0.842980
v -0.451993 -1.041210 1.163074
v -0.427242 -1.281490 1.157194
v -0.254296 -1.281490 0.842980
v -0.334389 -1.041210 0.963120
v -0.451993 -1.041210 1.163074
v -0.427242 -1.281490 1.157194
v -0.642280 -1.041210 1.086698
v -0.707076 -1.281490 1.037175
v -0.427242 -1.281490 1.157194
v -0.451993 -1.041210 1.163074
v -0.642280 -1.041210 1.086698
v -0.707076 -1.281490 1.037175
v -0.642280 -1.041210 0.839541
v -0.707076 -1.281490 0.648785
v -0.707076 -1.281490 1.037175
v -0.642280 -1.041210 1.086698
v -0.642280 -1.041210 0.839541
v -0.707076 -1.281490 0.648785
v -0.451993 -1.041210 0.763165
v -0.427242 -1.281490 0.528766
v -0.707076 -1.281490 0.648785
v -0.642280 -1.041210 0.839541
v -0.451993 -1.041210 0.763165
v -0.427242 -1.281490 0.528766
v -0.334389 -1.041210 0.963120
v -0.254296 -1.281490 0.842980
v -0.427242 -1.281490 0.528766
v -0.451993 -1.041210 0.763165
v -0.334389 -1.041210 0.963120
v -0.334389 -1.041210 0.963120
v -0.445805 -0.380442 1.302257
v -0.451993 -1.041210 1.163074
v -0.334389 -1.041210 0.963120
v -0.314365 -0.380442 1.083259
v -0.445805 -0.380442 1.302257
v -0.451993 -1.041210 1.163074
v -0.658479 -0.380442 1.218607
v -0.642280 -1.041210 1.086698
v -0.451993 -1.041210 1.163074
v -0.445805 -0.380442 1.302257
v -0.658479 -0.380442 1.218607
v -0.642280 -1.041210 1.086698
v -0.658479 -0.380442 0.947911
v -0.642280 -1.041210 0.839541
v -0.642280 -1.041210 1.086698
v -0.658479 -0.380442 1.218607
v -0.658479 -0.380442 0.947911
v -0.642280 -1.041210 0.839541
v -0.445805 -0.380442 0.864262
v -0.451993 -1.041210 0.763165
v -0.642280 -1.041210 0.839541
v -0.658479 -0.380442 0.947911
v -0.445805 -0.380442 0.864262
v -0.451993 -1.041210 0.763165
v -0.314365 -0.380442 1.083259
v -0.334389 -1.041210 0.963120
v -0.451993 -1.041210 0.763165
v -0.445805 -0.380442 0.864262
v -0.314365 -0.380442 1.083259
v -0.314365 -0.380442 1.083259
v -0.387686 -0.030035 1.267812
v -0.445805 -0.380442 1.302257
v -0.314365 -0.380442 1.083259
v -0.193986 -0.030035 0.963120
v -0.387686 -0.030035 1.267812
v -0.445805 -0.380442 1.302257
v -0.701100 -0.030035 1.151430
v -0.658479 -0.380442 1.218607
v -0.445805 -0.380442 1.302257
v -0.387686 -0.030035 1.267812
v -0.701100 -0.030035 1.151430
v -0.658479 -0.380442 1.218607
v -0.701100 -0.030035 0.774809
v -0.658479 -0.380442 0.947911
v -0.658479 -0.380442 1.218607
v -0.701100 -0.030035 1.151430
v -0.701100 -0.030035 0.774809
v -0.658479 -0.380442 0.947911
v -0.387686 -0.030035 0.658427
v -0.445805 -0.380442 0.864262
v -0.658479 -0.380442 0.947911
v -0.701100 -0.030035 0.774809
v -0.387686 -0.030035 0.658427
v -0.445805 -0.380442 0.864262
v -0.193986 -0.030035 0.963120
v -0.314365 -0.380442 1.083259
v -0.445805 -0.380442 0.864262
v -0.387686 -0.030035 0.658427
v -0.193986 -0.030035 0.963120
v -0.504587 -1.281490 0.842980
v -0.254296 -1.281490 0.842980
v -0.427242 -1.281490 1.157194
v -0.504587 -1.281490 0.842980
v -0.427242 -1.281490 1.157194
v -0.707076 -1.281490 1.037175
v -0.504587 -1.281490 0.842980
v -0.707076 -1.281490 1.037175
v -0.707076 -1.281490 0.648785
v -0.504587 -1.281490 0.842980
v -0.707076 -1.281490 0.648785
v -0.427242 -1.281490 0.528766
v -0.504587 -1.281490 0.842980
v -0.427242 -1.281490 0.528766
v -0.254296 -1.281490 0.842980
v -0.474311 -0.030035 0.963120
v -0.387686 -0.030035 1.267812
v -0.193986 -0.030035 0.963120
v -0.474311 -0.030035 0.963120
v -0.701100 -0.030035 1.151430
v -0.387686 -0.030035 1.267812
v -0.474311 -0.030035 0.963120
v -0.701100 -0.030035 0.774809
v -0.701100 -0.030035 1.151430
v -0.474311 -0.030035 0.963120
v -0.387686 -0.030035 0.658427
v -0.701100 -0.030035 0.774809
v -0.474311 -0.030035 0.963120
v -0.193986 -0.030035 0.963120
v -0.387686 -0.030035 0.658427
vt 0.003906 0.753906
vt 0.246094 0.996094
vt 0.246094 0.753906
vt 0.003906 0.753906
vt 0.003906 0.996094
vt 0.246094 0.996094
vt 0.003906 0.753906
vt 0.246094 0.996094
vt 0.246094 0.753906
vt 0.003906 0.753906
vt 0.003906 0.996094
vt 0.246094 0.996094
vt 0.003906 0.753906
vt 0.246094 0.996094
vt 0.246094 0.753906
vt 0.003906 0.753906
vt 0.003906 0.996094
vt 0.246094 0.996094
vt 0.003906 0.753906
vt 0.246094 0.996094
vt 0.246094 0.753906
vt 0.003906 0.753906
vt 0.003906 0.996094
vt 0.246094 0.996094
vt 0.003906 0.753906
vt 0.246094 0.996094
vt 0.246094 0.753906
vt 0.003906 0.753906
vt 0.003906 0.996094
vt 0.246094 0.996094
vt 0.003906 0.753906
vt 0.246094 0.996094
vt 0.246094 0.753906
vt 0.003906 0.753906
vt 0.003906 0.996094
vt 0.246094 0.996094
vt 0.003906 0.753906
vt 0.246094 0.996094
vt 0.246094 0.753906
vt 0.003906 0.753906
vt 0.003906 0.996094
vt 0.246094 0.996094
vt 0.003906 0.753906
vt 0.246094 0.996094
vt 0.246094 0.753906
vt 0.003906 0.753906
vt 0.003906 0.996094
vt 0.246094 0.996094
vt 0.003906 0.753906
vt 0.246094 0.996094
vt 0.246094 0.753906
vt 0.003906 0.753906
vt 0.003906 0.996094
vt 0.246094 0.996094
vt 0.003906 0.753906
vt 0.246094 0.996094
vt 0.246094 0.753906
vt 0.003906 0.753906
vt 0.003906 0.996094
vt 0.246094 0.996094
vt 0.003906 0.753906
vt 0.246094 0.996094
vt 0.246094 0.753906
vt 0.003906 0.753906
vt 0.003906 0.996094
vt 0.246094 0.996094
vt 0.003906 0.753906
vt 0.246094 0.996094
vt 0.246094 0.753906
vt 0.003906 0.753906
vt 0.003906 0.996094
vt 0.246094 0.996094
vt 0.003906 0.753906
vt 0.246094 0.996094
vt 0.246094 0.753906
vt 0.003906 0.753906
vt 0.003906 0.996094
vt 0.246094 0.996094
vt 0.003906 0.753906
vt 0.246094 0.996094
vt 0.246094 0.753906
vt 0.003906 0.753906
vt 0.003906 0.996094
vt 0.246094 0.996094
vt 0.003906 0.753906
vt 0.246094 0.996094
vt 0.246094 0.753906
vt 0.003906 0.753906
vt 0.003906 0.996094
vt 0.246094 0.996094
vt 0.125000 0.875000
vt 0.003906 0.996094
vt 0.246094 0.753906
vt 0.125000 0.875000
vt 0.003906 0.996094
vt 0.246094 0.753906
vt 0.125000 0.875000
vt 0.003906 0.996094
vt 0.246094 0.753906
vt 0.125000 0.875000
vt 0.003906 0.996094
vt 0.246094 0.753906
vt 0.125000 0.875000
vt 0.003906 0.996094
vt 0.246094 0.753906
vt 0.125000 0.875000
vt 0.246094 0.753906
vt 0.003906 0.996094
vt 0.125000 0.875000
vt 0.246094 0.753906
vt 0.003906 0.996094
vt 0.125000 0.875000
vt 0.246094 0.753906
vt 0.003906 0.996094
vt 0.125000 0.875000
vt 0.246094 0.753906
vt 0.003906 0.996094
vt 0.125000 0.875000
vt 0.246094 0.753906
vt 0.003906 0.996094
vn 0.873381 0.078199 0.480719
vn 0.873381 0.078199 0.480719
vn 0.873381 0.078199 0.480719
vn 0.861472 0.033818 0.506678
vn 0.861472 0.033818 0.506678
vn 0.861472 0.033818 0.506678
vn -0.392815 -0.082838 0.915879
vn -0.392815 -0.082838 0.915879
vn -0.392815 -0.082838 0.915879
vn -0.371795 -0.060965 0.926311
vn -0.371795 -0.060965 0.926311
vn -0.371795 -0.060965 0.926311
vn -0.965509 0.260371 0.000000
vn -0.965509 0.260371 0.000000
vn -0.965509 0.260371 0.000000
vn -0.965509 0.260371 0.000000
vn -0.965509 0.260371 0.000000
vn -0.965509 0.260371 0.000000
vn -0.299453 0.650267 -0.698198
vn -0.299453 0.650267 -0.698198
vn -0.299453 0.650267 -0.698198
vn -0.285607 0.641938 -0.711579
vn -0.285607 0.641938 -0.711579
vn -0.285607 0.641938 -0.711579
vn 0.773066 0.470441 -0.425504
vn 0.773066 0.470441 -0.425504
vn 0.773066 0.470441 -0.425504
vn 0.744542 0.503881 -0.437905
vn 0.744542 0.503881 -0.437905
vn 0.744542 0.503881 -0.437905
vn 0.856335 -0.114108 0.503656
vn 0.856335 -0.114108 0.503656
vn 0.856335 -0.114108 0.503656
vn 0.851360 -0.118703 0.510975
vn 0.851360 -0.118703 0.510975
vn 0.851360 -0.118703 0.510975
vn -0.365643 -0.190824 0.910984
vn -0.365643 -0.190824 0.910984
vn -0.365643 -0.190824 0.910984
vn -0.359423 -0.189118 0.913810
vn -0.359423 -0.189118 0.913810
vn -0.359423 -0.189118 0.913810
vn -0.999700 -0.024508 -0.000000
vn -0.999700 -0.024508 -0.000000
vn -0.999700 -0.024508 -0.000000
vn -0.999700 -0.024508 0.000000
vn -0.999700 -0.024508 0.000000
vn -0.999700 -0.024508 0.000000
vn -0.368608 0.143961 -0.918370
vn -0.368608 0.143961 -0.918370
vn -0.368608 0.143961 -0.918370
vn -0.362309 0.142192 -0.921148
vn -0.362309 0.142192 -0.921148
vn -0.362309 0.142192 -0.921148
vn 0.860091 0.065912 -0.505865
vn 0.860091 0.065912 -0.505865
vn 0.860091 0.065912 -0.505865
vn 0.855287 0.070530 -0.513332
vn 0.855287 0.070530 -0.513332
vn 0.855287 0.070530 -0.513332
vn 0.853845 -0.091245 0.512467
vn 0.853845 -0.091245 0.512467
vn 0.853845 -0.091245 0.512467
vn 0.839206 -0.105388 0.533504
vn 0.839206 -0.105388 0.533504
vn 0.839206 -0.105388 0.533504
vn -0.362791 0.132703 0.922373
vn -0.362791 0.132703 0.922373
vn -0.362791 0.132703 0.922373
vn -0.344265 0.148234 0.927097
vn -0.344265 0.148234 0.927097
vn -0.344265 0.148234 0.927097
vn -0.992684 -0.120743 -0.000000
vn -0.992684 -0.120743 -0.000000
vn -0.992684 -0.120743 -0.000000
vn -0.992684 -0.120743 0.000000
vn -0.992684 -0.120743 0.000000
vn -0.992684 -0.120743 0.000000
vn -0.329216 -0.437068 -0.837011
vn -0.329216 -0.437068 -0.837011
vn -0.329216 -0.437068 -0.837011
vn -0.310680 -0.451097 -0.836653
vn -0.310680 -0.451097 -0.836653
vn -0.310680 -0.451097 -0.836653
vn 0.775688 -0.426102 -0.465558
vn 0.775688 -0.426102 -0.465558
vn 0.775688 -0.426102 -0.465558
vn 0.768099 -0.414232 -0.488299
vn 0.768099 -0.414232 -0.488299
vn 0.768099 -0.414232 -0.488299
vn 0.000000 -1.000000 0.000000
vn 0.000000 -1.000000 0.000000
vn 0.000000 -1.000000 0.000000
vn 0.000000 -1.000000 0.000000
vn 0.000000 -1.000000 0.000000
vn 0.000000 -1.000000 0.000000
vn -0.000000 -1.000000 0.000000
vn -0.000000 -1.000000 0.000000
vn -0.000000 -1.000000 0.000000
vn 0.000000 -1.000000 -0.000000
vn 0.000000 -1.000000 -0.000000
vn 0.000000 -1.000000 -0.000000
vn 0.000000 -1.000000 0.000000
vn 0.000000 -1.000000 0.000000
vn 0.000000 -1.000000 0.000000
vn 0.000000 1.000000 0.000000
vn 0.000000 1.000000 0.000000
vn 0.000000 1.000000 0.000000
vn 0.000000 1.000000 -0.000000
vn 0.000000 1.000000 -0.000000
vn 0.000000 1.000000 -0.000000
vn 0.000000 1.000000 0.000000
vn 0.000000 1.000000 0.000000
vn 0.000000 1.000000 0.000000
vn 0.000000 1.000000 0.000000
vn 0.000000 1.000000 0.000000
vn 0.000000 1.000000 0.000000
vn -0.000000 1.000000 0.000000
vn -0.000000 1.000000 0.000000
vn -0.000000 1.000000 0.000000
f 1402/1402/1402 1403/1403/1403 1404/1404/1404
f 1405/1405/1405 1406/1406/1406 1407/1407/1407
f 1408/1408/1408 1409/1409/1409 1410/1410/1410
f 1411/1411/1411 1412/1412/1412 1413/1413/1413
f 1414/1414/1414 1415/1415/1415 1416/1416/1416
f 1417/1417/1417 1418/1418/1418 1419/1419/1419
f 1420/1420/1420 1421/1421/1421 1422/1422/1422
f 1423/1423/1423 1424/1424/1424 1425/1425/1425
f 1426/1426/1426 1427/1427/1427 1428/1428/1428
f 1429/1429/1429 1430/1430/1430 1431/1431/1431
f 1432/1432/1432 1433/1433/1433 1434/1434/1434
f 1435/1435/1435 1436/1436/1436 1437/1437/1437
f 1438/1438/1438 1439/1439/1439 1440/1440/1440
f 1441/1441/1441 1442/1442/1442 1443/1443/1443
f 1444/1444/1444 1445/1445/1445 1446/1446/1446
f 1447/1447/1447 1448/1448/1448 1449/1449/1449
f 1450/1450/1450 1451/1451/1451 1452/1452/1452
f 1453/1453/1453 1454/1454/1454 1455/1455/1455
f 1456/1456/1456 1457/1457/1457 1458/1458/1458
f 1459/1459/1459 1460/1460/1460 1461/1461/1461
f 1462/1462/1462 1463/1463/1463 1464/1464/1464
f 1465/1465/1465 1466/1466/1466 1467/1467/1467
f 1468/1468/1468 1469/1469/1469 1470/1470/1470
f 1471/1471/1471 1472/1472/1472 1473/1473/1473
f 1474/1474/1474 1475/1475/1475 1476/1476/1476
f 1477/1477/1477 1478/1478/1478 1479/1479/1479
f 1480/1480/1480 1481/1481/1481 1482/1482/1482
f 1483/1483/1483 1484/1484/1484 1485/1485/1485
f 1486/1486/1486 1487/1487/1487 1488/1488/1488
f 1489/1489/1489 1490/1490/1490 1491/1491/1491
f 1492/1492/1492 1493/1493/1493 1494/1494/1494
f 1495/1495/1495 1496/1496/1496 1497/1497/1497
f 1498/1498/1498 1499/1499/1499 1500/1500/1500
f 1501/1501/1501 1502/1502/1502 1503/1503/1503
f 1504/1504/1504 1505/1505/1505 1506/1506/1506
f 1507/1507/1507 1508/1508/1508 1509/1509/1509
f 1510/1510/1510 1511/1511/1511 1512/1512/1512
f 1513/1513/1513 1514/1514/1514 1515/1515/1515
f 1516/1516/1516 1517/1517/1517 1518/1518/1518
f 1519/1519/1519 1520/1520/1520 1521/1521/1521
o ChestFur-1
usemtl PaintedTeaFantasy
v -0.200233 0.810943 -1.261467
v -0.235151 0.601431 -1.171276
v -0.073704 0.565294 -1.220499
v -0.073704 0.565294 -1.220499
v -0.235151 0.601431 -1.171276
v -0.281156 0.325406 -1.170428
v -0.281156 0.325406 -1.170428
v -0.235151 0.601431 -1.171276
v -0.399592 0.619609 -1.220499
v -0.399592 0.619609 -1.220499
v -0.235151 0.601431 -1.171276
v -0.200233 0.810943 -1.261467
v -0.200981 0.806453 -1.286078
v -0.074452 0.560804 -1.245111
v -0.237396 0.587961 -1.245111
v -0.074452 0.560804 -1.245111
v -0.281904 0.320916 -1.195040
v -0.237396 0.587961 -1.245111
v -0.281904 0.320916 -1.195040
v -0.400341 0.615119 -1.245111
v -0.237396 0.587961 -1.245111
v -0.400341 0.615119 -1.245111
v -0.200981 0.806453 -1.286078
v -0.237396 0.587961 -1.245111
v -0.200233 0.810943 -1.261467
v -0.074452 0.560804 -1.245111
v -0.200981 0.806453 -1.286078
v -0.200233 0.810943 -1.261467
v -0.073704 0.565294 -1.220499
v -0.074452 0.560804 -1.245111
v -0.073704 0.565294 -1.220499
v -0.281904 0.320916 -1.195040
v -0.074452 0.560804 -1.245111
v -0.073704 0.565294 -1.220499
v -0.281156 0.325406 -1.170428
v -0.281904 0.320916 -1.195040
v -0.281156 0.325406 -1.170428
v -0.400341 0.615119 -1.245111
v -0.281904 0.320916 -1.195040
v -0.281156 0.325406 -1.170428
v -0.399592 0.619609 -1.220499
v -0.400341 0.615119 -1.245111
v -0.399592 0.619609 -1.220499
v -0.200981 0.806453 -1.286078
v -0.400341 0.615119 -1.245111
v -0.399592 0.619609 -1.220499
v -0.200233 0.810943 -1.261467
v -0.200981 0.806453 -1.286078
vt 0.125000 0.503906
vt 0.125000 0.612891
vt 0.003906 0.612891
vt 0.003906 0.612891
vt 0.125000 0.612891
vt 0.125000 0.746094
vt 0.125000 0.746094
vt 0.125000 0.612891
vt 0.246094 0.612891
vt 0.246094 0.612891
vt 0.125000 0.612891
vt 0.125000 0.503906
vt 0.125000 0.503906
vt 0.003906 0.612891
vt 0.125000 0.612891
vt 0.003906 0.612891
vt 0.125000 0.746094
vt 0.125000 0.612891
vt 0.125000 0.746094
vt 0.246094 0.612891
vt 0.125000 0.612891
vt 0.246094 0.612891
vt 0.125000 0.503906
vt 0.125000 0.612891
vt 0.125000 0.503906
vt 0.003906 0.612891
vt 0.125000 0.503906
vt 0.125000 0.503906
vt 0.003906 0.612891
vt 0.003906 0.612891
vt 0.003906 0.612891
vt 0.125000 0.746094
vt 0.003906 0.612891
vt 0.003906 0.612891
vt 0.125000 0.746094
vt 0.125000 0.746094
vt 0.125000 0.746094
vt 0.246094 0.612891
vt 0.125000 0.746094
vt 0.125000 0.746094
vt 0.246094 0.612891
vt 0.246094 0.612891
vt 0.246094 0.612891
vt 0.125000 0.503906
vt 0.246094 0.612891
vt 0.246094 0.612891
vt 0.125000 0.503906
vt 0.125000 0.503906
vn 0.341419 0.323059 0.882647
vn 0.341419 0.323059 0.882647
vn 0.341419 0.323059 0.882647
vn 0.282304 -0.044108 0.958310
vn 0.282304 -0.044108 0.958310
vn 0.282304 -0.044108 0.958310
vn -0.281350 0.049834 0.958310
vn -0.281350 0.049834 0.958310
vn -0.281350 0.049834 0.958310
vn -0.218188 0.416327 0.882647
vn -0.218188 0.416327 0.882647
vn -0.218188 0.416327 0.882647
vn -0.029898 -0.179390 -0.983324
vn -0.029898 -0.179390 -0.983324
vn -0.029898 -0.179390 -0.983324
vn -0.029898 -0.179390 -0.983324
vn -0.029898 -0.179390 -0.983324
vn -0.029898 -0.179390 -0.983324
vn -0.029898 -0.179390 -0.983324
vn -0.029898 -0.179390 -0.983324
vn -0.029898 -0.179390 -0.983324
vn -0.029898 -0.179390 -0.983324
vn -0.029898 -0.179390 -0.983324
vn -0.029898 -0.179390 -0.983324
vn 0.891031 0.441018 -0.107548
vn 0.891031 0.441018 -0.107548
vn 0.891031 0.441018 -0.107548
vn 0.891031 0.441018 -0.107548
vn 0.891031 0.441018 -0.107548
vn 0.891031 0.441018 -0.107548
vn 0.762654 -0.640003 0.093569
vn 0.762654 -0.640003 0.093569
vn 0.762654 -0.640003 0.093569
vn 0.762654 -0.640003 0.093569
vn 0.762654 -0.640003 0.093569
vn 0.762654 -0.640003 0.093569
vn -0.928998 -0.358061 0.093569
vn -0.928998 -0.358061 0.093569
vn -0.928998 -0.358061 0.093569
vn -0.928998 -0.358061 0.093569
vn -0.928998 -0.358061 0.093569
vn -0.928998 -0.358061 0.093569
vn -0.699835 0.706162 -0.107548
vn -0.699835 0.706162 -0.107548
vn -0.699835 0.706162 -0.107548
vn -0.699835 0.706162 -0.107548
vn -0.699835 0.706162 -0.107548
vn -0.699835 0.706162 -0.107548
f 1522/1522/1522 1523/1523/1523 1524/1524/1524
f 1525/1525/1525 1526/1526/1526 1527/1527/1527
f 1528/1528/1528 1529/1529/1529 1530/1530/1530
f 1531/1531/1531 1532/1532/1532 1533/1533/1533
f 1534/1534/1534 1535/1535/1535 1536/1536/1536
f 1537/1537/1537 1538/1538/1538 1539/1539/1539
f 1540/1540/1540 1541/1541/1541 1542/1542/1542
f 1543/1543/1543 1544/1544/1544 1545/1545/1545
f 1546/1546/1546 1547/1547/1547 1548/1548/1548
f 1549/1549/1549 1550/1550/1550 1551/1551/1551
f 1552/1552/1552 1553/1553/1553 1554/1554/1554
f 1555/1555/1555 1556/1556/1556 1557/1557/1557
f 1558/1558/1558 1559/1559/1559 1560/1560/1560
f 1561/1561/1561 1562/1562/1562 1563/1563/1563
f 1564/1564/1564 1565/1565/1565 1566/1566/1566
f 1567/1567/1567 1568/1568/1568 1569/1569/1569
o RightFrontLeg
usemtl PaintedTeaFantasy
v 0.754878 -1.281490 -0.690803
v 0.557181 -1.041210 -0.370709
v 0.581931 -1.281490 -0.376589
v 0.754878 -1.281490 -0.690803
v 0.674784 -1.041210 -0.570663
v 0.557181 -1.041210 -0.370709
v 0.581931 -1.281490 -0.376589
v 0.366894 -1.041210 -0.447085
v 0.302097 -1.281490 -0.496608
v 0.581931 -1.281490 -0.376589
v 0.557181 -1.041210 -0.370709
v 0.366894 -1.041210 -0.447085
v 0.302097 -1.281490 -0.496608
v 0.366894 -1.041210 -0.694242
v 0.302097 -1.281490 -0.884998
v 0.302097 -1.281490 -0.496608
v 0.366894 -1.041210 -0.447085
v 0.366894 -1.041210 -0.694242
v 0.302097 -1.281490 -0.884998
v 0.557181 -1.041210 -0.770618
v 0.581931 -1.281490 -1.005017
v 0.302097 -1.281490 -0.884998
v 0.366894 -1.041210 -0.694242
v 0.557181 -1.041210 -0.770618
v 0.581931 -1.281490 -1.005017
v 0.674784 -1.041210 -0.570663
v 0.754878 -1.281490 -0.690803
v 0.581931 -1.281490 -1.005017
v 0.557181 -1.041210 -0.770618
v 0.674784 -1.041210 -0.570663
v 0.674784 -1.041210 -0.570663
v 0.563368 -0.380442 -0.231526
v 0.557181 -1.041210 -0.370709
v 0.674784 -1.041210 -0.570663
v 0.694808 -0.380442 -0.450524
v 0.563368 -0.380442 -0.231526
v 0.557181 -1.041210 -0.370709
v 0.350694 -0.380442 -0.315176
v 0.366894 -1.041210 -0.447085
v 0.557181 -1.041210 -0.370709
v 0.563368 -0.380442 -0.231526
v 0.350694 -0.380442 -0.315176
v 0.366894 -1.041210 -0.447085
v 0.350694 -0.380442 -0.585872
v 0.366894 -1.041210 -0.694242
v 0.366894 -1.041210 -0.447085
v 0.350694 -0.380442 -0.315176
v 0.350694 -0.380442 -0.585872
v 0.366894 -1.041210 -0.694242
v 0.563368 -0.380442 -0.669521
v 0.557181 -1.041210 -0.770618
v 0.366894 -1.041210 -0.694242
v 0.350694 -0.380442 -0.585872
v 0.563368 -0.380442 -0.669521
v 0.557181 -1.041210 -0.770618
v 0.694808 -0.380442 -0.450524
v 0.674784 -1.041210 -0.570663
v 0.557181 -1.041210 -0.770618
v 0.563368 -0.380442 -0.669521
v 0.694808 -0.380442 -0.450524
v 0.694808 -0.380442 -0.450524
v 0.560937 0.150175 -0.265971
v 0.563368 -0.380442 -0.231526
v 0.694808 -0.380442 -0.450524
v 0.754637 0.150175 -0.570663
v 0.560937 0.150175 -0.265971
v 0.563368 -0.380442 -0.231526
v 0.247523 0.150175 -0.382353
v 0.350694 -0.380442 -0.315176
v 0.563368 -0.380442 -0.231526
v 0.560937 0.150175 -0.265971
v 0.247523 0.150175 -0.382353
v 0.350694 -0.380442 -0.315176
v 0.247523 0.150175 -0.758974
v 0.350694 -0.380442 -0.585872
v 0.350694 -0.380442 -0.315176
v 0.247523 0.150175 -0.382353
v 0.247523 0.150175 -0.758974
v 0.350694 -0.380442 -0.585872
v 0.560937 0.150175 -0.875356
v 0.563368 -0.380442 -0.669521
v 0.350694 -0.380442 -0.585872
v 0.247523 0.150175 -0.758974
v 0.560937 0.150175 -0.875356
v 0.563368 -0.380442 -0.669521
v 0.754637 0.150175 -0.570663
v 0.694808 -0.380442 -0.450524
v 0.563368 -0.380442 -0.669521
v 0.560937 0.150175 -0.875356
v 0.754637 0.150175 -0.570663
v 0.504587 -1.281490 -0.690803
v 0.754878 -1.281490 -0.690803
v 0.581931 -1.281490 -0.376589
v 0.504587 -1.281490 -0.690803
v 0.581931 -1.281490 -0.376589
v 0.302097 -1.281490 -0.496608
v 0.504587 -1.281490 -0.690803
v 0.302097 -1.281490 -0.496608
v 0.302097 -1.281490 -0.884998
v 0.504587 -1.281490 -0.690803
v 0.302097 -1.281490 -0.884998
v 0.581931 -1.281490 -1.005017
v 0.504587 -1.281490 -0.690803
v 0.581931 -1.281490 -1.005017
v 0.754878 -1.281490 -0.690803
v 0.474311 0.150175 -0.570663
v 0.560937 0.150175 -0.265971
v 0.754637 0.150175 -0.570663
v 0.474311 0.150175 -0.570663
v 0.247523 0.150175 -0.382353
v 0.560937 0.150175 -0.265971
v 0.474311 0.150175 -0.570663
v 0.247523 0.150175 -0.758974
v 0.247523 0.150175 -0.382353
v 0.474311 0.150175 -0.570663
v 0.560937 0.150175 -0.875356
v 0.247523 0.150175 -0.758974
v 0.474311 0.150175 -0.570663
v 0.754637 0.150175 -0.570663
v 0.560937 0.150175 -0.875356
vt 0.003906 0.753906
vt 0.246094 0.996094
vt 0.246094 0.753906
vt 0.003906 0.753906
vt 0.003906 0.996094
vt 0.246094 0.996094
vt 0.003906 0.753906
vt 0.246094 0.996094
vt 0.246094 0.753906
vt 0.003906 0.753906
vt 0.003906 0.996094
vt 0.246094 0.996094
vt 0.003906 0.753906
vt 0.246094 0.996094
vt 0.246094 0.753906
vt 0.003906 0.753906
vt 0.003906 0.996094
vt 0.246094 0.996094
vt 0.003906 0.753906
vt 0.246094 0.996094
vt 0.246094 0.753906
vt 0.003906 0.753906
vt 0.003906 0.996094
vt 0.246094 0.996094
vt 0.003906 0.753906
vt 0.246094 0.996094
vt 0.246094 0.753906
vt 0.003906 0.753906
vt 0.003906 0.996094
vt 0.246094 0.996094
vt 0.003906 0.753906
vt 0.246094 0.996094
vt 0.246094 0.753906
vt 0.003906 0.753906
vt 0.003906 0.996094
vt 0.246094 0.996094
vt 0.003906 0.753906
vt 0.246094 0.996094
vt 0.246094 0.753906
vt 0.003906 0.753906
vt 0.003906 0.996094
vt 0.246094 0.996094
vt 0.003906 0.753906
vt 0.246094 0.996094
vt 0.246094 0.753906
vt 0.003906 0.753906
vt 0.003906 0.996094
vt 0.246094 0.996094
vt 0.003906 0.753906
vt 0.246094 0.996094
vt 0.246094 0.753906
vt 0.003906 0.753906
vt 0.003906 0.996094
vt 0.246094 0.996094
vt 0.003906 0.753906
vt 0.246094 0.996094
vt 0.246094 0.753906
vt 0.003906 0.753906
vt 0.003906 0.996094
vt 0.246094 0.996094
vt 0.003906 0.753906
vt 0.246094 0.996094
vt 0.246094 0.753906
vt 0.003906 0.753906
vt 0.003906 0.996094
vt 0.246094 0.996094
vt 0.003906 0.753906
vt 0.246094 0.996094
vt 0.246094 0.753906
vt 0.003906 0.753906
vt 0.003906 0.996094
vt 0.246094 0.996094
vt 0.003906 0.753906
vt 0.246094 0.996094
vt 0.246094 0.753906
vt 0.003906 0.753906
vt 0.003906 0.996094
vt 0.246094 0.996094
vt 0.003906 0.753906
vt 0.246094 0.996094
vt 0.246094 0.753906
vt 0.003906 0.753906
vt 0.003906 0.996094
vt 0.246094 0.996094
vt 0.003906 0.753906
vt 0.246094 0.996094
vt 0.246094 0.753906
vt 0.003906 0.753906
vt 0.003906 0.996094
vt 0.246094 0.996094
vt 0.125000 0.875000
vt 0.003906 0.996094
vt 0.246094 0.753906
vt 0.125000 0.875000
vt 0.003906 0.996094
vt 0.246094 0.753906
vt 0.125000 0.875000
vt 0.003906 0.996094
vt 0.246094 0.753906
vt 0.125000 0.875000
vt 0.003906 0.996094
vt 0.246094 0.753906
vt 0.125000 0.875000
vt 0.003906 0.996094
vt 0.246094 0.753906
vt 0.125000 0.875000
vt 0.246094 0.753906
vt 0.003906 0.996094
vt 0.125000 0.875000
vt 0.246094 0.753906
vt 0.003906 0.996094
vt 0.125000 0.875000
vt 0.246094 0.753906
vt 0.003906 0.996094
vt 0.125000 0.875000
vt 0.246094 0.753906
vt 0.003906 0.996094
vt 0.125000 0.875000
vt 0.246094 0.753906
vt 0.003906 0.996094
vn 0.873381 0.078199 0.480719
vn 0.873381 0.078199 0.480719
vn 0.873381 0.078199 0.480719
vn 0.861472 0.033818 0.506678
vn 0.861472 0.033818 0.506678
vn 0.861472 0.033818 0.506678
vn -0.392815 -0.082838 0.915879
vn -0.392815 -0.082838 0.915879
vn -0.392815 -0.082838 0.915879
vn -0.371795 -0.060965 0.926311
vn -0.371795 -0.060965 0.926311
vn -0.371795 -0.060965 0.926311
vn -0.965509 0.260371 0.000000
vn -0.965509 0.260371 0.000000
vn -0.965509 0.260371 0.000000
vn -0.965509 0.260371 0.000000
vn -0.965509 0.260371 0.000000
vn -0.965509 0.260371 0.000000
vn -0.299453 0.650267 -0.698198
vn -0.299453 0.650267 -0.698198
vn -0.299453 0.650267 -0.698198
vn -0.285607 0.641938 -0.711579
vn -0.285607 0.641938 -0.711579
vn -0.285607 0.641938 -0.711579
vn 0.773066 0.470441 -0.425504
vn 0.773066 0.470441 -0.425504
vn 0.773066 0.470441 -0.425504
vn 0.744542 0.503881 -0.437905
vn 0.744542 0.503881 -0.437905
vn 0.744542 0.503881 -0.437905
vn 0.856335 -0.114108 0.503656
vn 0.856335 -0.114108 0.503656
vn 0.856335 -0.114108 0.503656
vn 0.851360 -0.118703 0.510975
vn 0.851360 -0.118703 0.510975
vn 0.851360 -0.118703 0.510975
vn -0.365643 -0.190824 0.910984
vn -0.365643 -0.190824 0.910984
vn -0.365643 -0.190824 0.910984
vn -0.359423 -0.189118 0.913810
vn -0.359423 -0.189118 0.913810
vn -0.359423 -0.189118 0.913810
vn -0.999700 -0.024508 -0.000000
vn -0.999700 -0.024508 -0.000000
vn -0.999700 -0.024508 -0.000000
vn -0.999700 -0.024508 0.000000
vn -0.999700 -0.024508 0.000000
vn -0.999700 -0.024508 0.000000
vn -0.368608 0.143961 -0.918370
vn -0.368608 0.143961 -0.918370
vn -0.368608 0.143961 -0.918370
vn -0.362309 0.142192 -0.921148
vn -0.362309 0.142192 -0.921148
vn -0.362309 0.142192 -0.921148
vn 0.860091 0.065912 -0.505865
vn 0.860091 0.065912 -0.505865
vn 0.860091 0.065912 -0.505865
vn 0.855287 0.070530 -0.513332
vn 0.855287 0.070530 -0.513332
vn 0.855287 0.070530 -0.513332
vn 0.856825 0.037309 0.514256
vn 0.856825 0.037309 0.514256
vn 0.856825 0.037309 0.514256
vn 0.843614 0.026306 0.536306
vn 0.843614 0.026306 0.536306
vn 0.843614 0.026306 0.536306
vn -0.365631 0.046597 0.929593
vn -0.365631 0.046597 0.929593
vn -0.365631 0.046597 0.929593
vn -0.347501 0.059156 0.935812
vn -0.347501 0.059156 0.935812
vn -0.347501 0.059156 0.935812
vn -0.981617 -0.190862 -0.000000
vn -0.981617 -0.190862 -0.000000
vn -0.981617 -0.190862 -0.000000
vn -0.981617 -0.190862 0.000000
vn -0.981617 -0.190862 0.000000
vn -0.981617 -0.190862 0.000000
vn -0.344098 -0.340943 -0.874846
vn -0.344098 -0.340943 -0.874846
vn -0.344098 -0.340943 -0.874846
vn -0.326106 -0.349898 -0.878195
vn -0.326106 -0.349898 -0.878195
vn -0.326106 -0.349898 -0.878195
vn 0.838576 -0.208509 -0.503303
vn 0.838576 -0.208509 -0.503303
vn 0.838576 -0.208509 -0.503303
vn 0.826835 -0.200115 -0.525640
vn 0.826835 -0.200115 -0.525640
vn 0.826835 -0.200115 -0.525640
vn 0.000000 -1.000000 0.000000
vn 0.000000 -1.000000 0.000000
vn 0.000000 -1.000000 0.000000
vn 0.000000 -1.000000 0.000000
vn 0.000000 -1.000000 0.000000
vn 0.000000 -1.000000 0.000000
vn -0.000000 -1.000000 0.000000
vn -0.000000 -1.000000 0.000000
vn -0.000000 -1.000000 0.000000
vn 0.000000 -1.000000 -0.000000
vn 0.000000 -1.000000 -0.000000
vn 0.000000 -1.000000 -0.000000
vn 0.000000 -1.000000 0.000000
vn 0.000000 -1.000000 0.000000
vn 0.000000 -1.000000 0.000000
vn 0.000000 1.000000 0.000000
vn 0.000000 1.000000 0.000000
vn 0.000000 1.000000 0.000000
vn 0.000000 1.000000 -0.000000
vn 0.000000 1.000000 -0.000000
vn 0.000000 1.000000 -0.000000
vn 0.000000 1.000000 0.000000
vn 0.000000 1.000000 0.000000
vn 0.000000 1.000000 0.000000
vn 0.000000 1.000000 0.000000
vn 0.000000 1.000000 0.000000
vn 0.000000 1.000000 0.000000
vn -0.000000 1.000000 0.000000
vn -0.000000 1.000000 0.000000
vn -0.000000 1.000000 0.000000
f 1570/1570/1570 1571/1571/1571 1572/1572/1572
f 1573/1573/1573 1574/1574/1574 1575/1575/1575
f 1576/1576/1576 1577/1577/1577 1578/1578/1578
f 1579/1579/1579 1580/1580/1580 1581/1581/1581
f 1582/1582/1582 1583/1583/1583 1584/1584/1584
f 1585/1585/1585 1586/1586/1586 1587/1587/1587
f 1588/1588/1588 1589/1589/1589 1590/1590/1590
f 1591/1591/1591 1592/1592/1592 1593/1593/1593
f 1594/1594/1594 1595/1595/1595 1596/1596/1596
f 1597/1597/1597 1598/1598/1598 1599/1599/1599
f 1600/1600/1600 1601/1601/1601 1602/1602/1602
f 1603/1603/1603 1604/1604/1604 1605/1605/1605
f 1606/1606/1606 1607/1607/1607 1608/1608/1608
f 1609/1609/1609 1610/1610/1610 1611/1611/1611
f 1612/1612/1612 1613/1613/1613 1614/1614/1614
f 1615/1615/1615 1616/1616/1616 1617/1617/1617
f 1618/1618/1618 1619/1619/1619 1620/1620/1620
f 1621/1621/1621 1622/1622/1622 1623/1623/1623
f 1624/1624/1624 1625/1625/1625 1626/1626/1626
f 1627/1627/1627 1628/1628/1628 1629/1629/1629
f 1630/1630/1630 1631/1631/1631 1632/1632/1632
f 1633/1633/1633 1634/1634/1634 1635/1635/1635
f 1636/1636/1636 1637/1637/1637 1638/1638/1638
f 1639/1639/1639 1640/1640/1640 1641/1641/1641
f 1642/1642/1642 1643/1643/1643 1644/1644/1644
f 1645/1645/1645 1646/1646/1646 1647/1647/1647
f 1648/1648/1648 1649/1649/1649 1650/1650/1650
f 1651/1651/1651 1652/1652/1652 1653/1653/1653
f 1654/1654/1654 1655/1655/1655 1656/1656/1656
f 1657/1657/1657 1658/1658/1658 1659/1659/1659
f 1660/1660/1660 1661/1661/1661 1662/1662/1662
f 1663/1663/1663 1664/1664/1664 1665/1665/1665
f 1666/1666/1666 1667/1667/1667 1668/1668/1668
f 1669/1669/1669 1670/1670/1670 1671/1671/1671
f 1672/1672/1672 1673/1673/1673 1674/1674/1674
f 1675/1675/1675 1676/1676/1676 1677/1677/1677
f 1678/1678/1678 1679/1679/1679 1680/1680/1680
f 1681/1681/1681 1682/1682/1682 1683/1683/1683
f 1684/1684/1684 1685/1685/1685 1686/1686/1686
f 1687/1687/1687 1688/1688/1688 1689/1689/1689
o RightBackLeg
usemtl PaintedTeaFantasy
v 0.754878 -1.281490 0.842980
v 0.557181 -1.041210 1.163074
v 0.581931 -1.281490 1.157194
v 0.754878 -1.281490 0.842980
v 0.674784 -1.041210 0.963120
v 0.557181 -1.041210 1.163074
v 0.581931 -1.281490 1.157194
v 0.366894 -1.041210 1.086698
v 0.302097 -1.281490 1.037175
v 0.581931 -1.281490 1.157194
v 0.557181 -1.041210 1.163074
v 0.366894 -1.041210 1.086698
v 0.302097 -1.281490 1.037175
v 0.366894 -1.041210 0.839541
v 0.302097 -1.281490 0.648785
v 0.302097 -1.281490 1.037175
v 0.366894 -1.041210 1.086698
v 0.366894 -1.041210 0.839541
v 0.302097 -1.281490 0.648785
v 0.557181 -1.041210 0.763165
v 0.581931 -1.281490 0.528766
v 0.302097 -1.281490 0.648785
v 0.366894 -1.041210 0.839541
v 0.557181 -1.041210 0.763165
v 0.581931 -1.281490 0.528766
v 0.674784 -1.041210 0.963120
v 0.754878 -1.281490 0.842980
v 0.581931 -1.281490 0.528766
v 0.557181 -1.041210 0.763165
v 0.674784 -1.041210 0.963120
v 0.674784 -1.041210 0.963120
v 0.563368 -0.380442 1.302257
v 0.557181 -1.041210 1.163074
v 0.674784 -1.041210 0.963120
v 0.694808 -0.380442 1.083259
v 0.563368 -0.380442 1.302257
v 0.557181 -1.041210 1.163074
v 0.350694 -0.380442 1.218607
v 0.366894 -1.041210 1.086698
v 0.557181 -1.041210 1.163074
v 0.563368 -0.380442 1.302257
v 0.350694 -0.380442 1.218607
v 0.366894 -1.041210 1.086698
v 0.350694 -0.380442 0.947911
v 0.366894 -1.041210 0.839541
v 0.366894 -1.041210 1.086698
v 0.350694 -0.380442 1.218607
v 0.350694 -0.380442 0.947911
v 0.366894 -1.041210 0.839541
v 0.563368 -0.380442 0.864262
v 0.557181 -1.041210 0.763165
v 0.366894 -1.041210 0.839541
v 0.350694 -0.380442 0.947911
v 0.563368 -0.380442 0.864262
v 0.557181 -1.041210 0.763165
v 0.694808 -0.380442 1.083259
v 0.674784 -1.041210 0.963120
v 0.557181 -1.041210 0.763165
v 0.563368 -0.380442 0.864262
v 0.694808 -0.380442 1.083259
v 0.694808 -0.380442 1.083259
v 0.560937 -0.030035 1.267812
v 0.563368 -0.380442 1.302257
v 0.694808 -0.380442 1.083259
v 0.754637 -0.030035 0.963120
v 0.560937 -0.030035 1.267812
v 0.563368 -0.380442 1.302257
v 0.247523 -0.030035 1.151430
v 0.350694 -0.380442 1.218607
v 0.563368 -0.380442 1.302257
v 0.560937 -0.030035 1.267812
v 0.247523 -0.030035 1.151430
v 0.350694 -0.380442 1.218607
v 0.247523 -0.030035 0.774809
v 0.350694 -0.380442 0.947911
v 0.350694 -0.380442 1.218607
v 0.247523 -0.030035 1.151430
v 0.247523 -0.030035 0.774809
v 0.350694 -0.380442 0.947911
v 0.560937 -0.030035 0.658427
v 0.563368 -0.380442 0.864262
v 0.350694 -0.380442 0.947911
v 0.247523 -0.030035 0.774809
v 0.560937 -0.030035 0.658427
v 0.563368 -0.380442 0.864262
v 0.754637 -0.030035 0.963120
v 0.694808 -0.380442 1.083259
v 0.563368 -0.380442 0.864262
v 0.560937 -0.030035 0.658427
v 0.754637 -0.030035 0.963120
v 0.504587 -1.281490 0.842980
v 0.754878 -1.281490 0.842980
v 0.581931 -1.281490 1.157194
v 0.504587 -1.281490 0.842980
v 0.581931 -1.281490 1.157194
v 0.302097 -1.281490 1.037175
v 0.504587 -1.281490 0.842980
v 0.302097 -1.281490 1.037175
v 0.302097 -1.281490 0.648785
v 0.504587 -1.281490 0.842980
v 0.302097 -1.281490 0.648785
v 0.581931 -1.281490 0.528766
v 0.504587 -1.281490 0.842980
v 0.581931 -1.281490 0.528766
v 0.754878 -1.281490 0.842980
v 0.474311 -0.030035 0.963120
v 0.560937 -0.030035 1.267812
v 0.754637 -0.030035 0.963120
v 0.474311 -0.030035 0.963120
v 0.247523 -0.030035 1.151430
v 0.560937 -0.030035 1.267812
v 0.474311 -0.030035 0.963120
v 0.247523 -0.030035 0.774809
v 0.247523 -0.030035 1.151430
v 0.474311 -0.030035 0.963120
v 0.560937 -0.030035 0.658427
v 0.247523 -0.030035 0.774809
v 0.474311 -0.030035 0.963120
v 0.754637 -0.030035 0.963120
v 0.560937 -0.030035 0.658427
vt 0.003906 0.753906
vt 0.246094 0.996094
vt 0.246094 0.753906
vt 0.003906 0.753906
vt 0.003906 0.996094
vt 0.246094 0.996094
vt 0.003906 0.753906
vt 0.246094 0.996094
vt 0.246094 0.753906
vt 0.003906 0.753906
vt 0.003906 0.996094
vt 0.246094 0.996094
vt 0.003906 0.753906
vt 0.246094 0.996094
vt 0.246094 0.753906
vt 0.003906 0.753906
vt 0.003906 0.996094
vt 0.246094 0.996094
vt 0.003906 0.753906
vt 0.246094 0.996094
vt 0.246094 0.753906
vt 0.003906 0.753906
vt 0.003906 0.996094
vt 0.246094 0.996094
vt 0.003906 0.753906
vt 0.246094 0.996094
vt 0.246094 0.753906
vt 0.003906 0.753906
vt 0.003906 0.996094
vt 0.246094 0.996094
vt 0.003906 0.753906
vt 0.246094 0.996094
vt 0.246094 0.753906
vt 0.003906 0.753906
vt 0.003906 0.996094
vt 0.246094 0.996094
vt 0.003906 0.753906
vt 0.246094 0.996094
vt 0.246094 0.753906
vt 0.003906 0.753906
vt 0.003906 0.996094
vt 0.246094 0.996094
vt 0.003906 0.753906
vt 0.246094 0.996094
vt 0.246094 0.753906
vt 0.003906 0.753906
vt 0.003906 0.996094
vt 0.246094 0.996094
vt 0.003906 0.753906
vt 0.246094 0.996094
vt 0.246094 0.753906
vt 0.003906 0.753906
vt 0.003906 0.996094
vt 0.246094 0.996094
vt 0.003906 0.753906
vt 0.246094 0.996094
vt 0.246094 0.753906
vt 0.003906 0.753906
vt 0.003906 0.996094
vt 0.246094 0.996094
vt 0.003906 0.753906
vt 0.246094 0.996094
vt 0.246094 0.753906
vt 0.003906 0.753906
vt 0.003906 0.996094
vt 0.246094 0.996094
vt 0.003906 0.753906
vt 0.246094 0.996094
vt 0.246094 0.753906
vt 0.003906 0.753906
vt 0.003906 0.996094
vt 0.246094 0.996094
vt 0.003906 0.753906
vt 0.246094 0.996094
vt 0.246094 0.753906
vt 0.003906 0.753906
vt 0.003906 0.996094
vt 0.246094 0.996094
vt 0.003906 0.753906
vt 0.246094 0.996094
vt 0.246094 0.753906
vt 0.003906 0.753906
vt 0.003906 0.996094
vt 0.246094 0.996094
vt 0.003906 0.753906
vt 0.246094 0.996094
vt 0.246094 0.753906
vt 0.003906 0.753906
vt 0.003906 0.996094
vt 0.246094 0.996094
vt 0.125000 0.875000
vt 0.003906 0.996094
vt 0.246094 0.753906
vt 0.125000 0.875000
vt 0.003906 0.996094
vt 0.246094 0.753906
vt 0.125000 0.875000
vt 0.003906 0.996094
vt 0.246094 0.753906
vt 0.125000 0.875000
vt 0.003906 0.996094
vt 0.246094 0.753906
vt 0.125000 0.875000
vt 0.003906 0.996094
vt 0.246094 0.753906
vt 0.125000 0.875000
vt 0.246094 0.753906
vt 0.003906 0.996094
vt 0.125000 0.875000
vt 0.246094 0.753906
vt 0.003906 0.996094
vt 0.125000 0.875000
vt 0.246094 0.753906
vt 0.003906 0.996094
vt 0.125000 0.875000
vt 0.246094 0.753906
vt 0.003906 0.996094
vt 0.125000 0.875000
vt 0.246094 0.753906
vt 0.003906 0.996094
vn 0.873381 0.078199 0.480719
vn 0.873381 0.078199 0.480719
vn 0.873381 0.078199 0.480719
vn 0.861472 0.033818 0.506678
vn 0.861472 0.033818 0.506678
vn 0.861472 0.033818 0.506678
vn -0.392815 -0.082838 0.915879
vn -0.392815 -0.082838 0.915879
vn -0.392815 -0.082838 0.915879
vn -0.371795 -0.060965 0.926311
vn -0.371795 -0.060965 0.926311
vn -0.371795 -0.060965 0.926311
vn -0.965509 0.260371 0.000000
vn -0.965509 0.260371 0.000000
vn -0.965509 0.260371 0.000000
vn -0.965509 0.260371 0.000000
vn -0.965509 0.260371 0.000000
vn -0.965509 0.260371 0.000000
vn -0.299453 0.650267 -0.698198
vn -0.299453 0.650267 -0.698198
vn -0.299453 0.650267 -0.698198
vn -0.285607 0.641938 -0.711579
vn -0.285607 0.641938 -0.711579
vn -0.285607 0.641938 -0.711579
vn 0.773066 0.470441 -0.425504
vn 0.773066 0.470441 -0.425504
vn 0.773066 0.470441 -0.425504
vn 0.744542 0.503881 -0.437905
vn 0.744542 0.503881 -0.437905
vn 0.744542 0.503881 -0.437905
vn 0.856335 -0.114108 0.503656
vn 0.856335 -0.114108 0.503656
vn 0.856335 -0.114108 0.503656
vn 0.851360 -0.118703 0.510975
vn 0.851360 -0.118703 0.510975
vn 0.851360 -0.118703 0.510975
vn -0.365643 -0.190824 0.910984
vn -0.365643 -0.190824 0.910984
vn -0.365643 -0.190824 0.910984
vn -0.359423 -0.189118 0.913810
vn -0.359423 -0.189118 0.913810
vn -0.359423 -0.189118 0.913810
vn -0.999700 -0.024508 -0.000000
vn -0.999700 -0.024508 -0.000000
vn -0.999700 -0.024508 -0.000000
vn -0.999700 -0.024508 0.000000
vn -0.999700 -0.024508 0.000000
vn -0.999700 -0.024508 0.000000
vn -0.368608 0.143961 -0.918370
vn -0.368608 0.143961 -0.918370
vn -0.368608 0.143961 -0.918370
vn -0.362309 0.142192 -0.921148
vn -0.362309 0.142192 -0.921148
vn -0.362309 0.142192 -0.921148
vn 0.860091 0.065912 -0.505865
vn 0.860091 0.065912 -0.505865
vn 0.860091 0.065912 -0.505865
vn 0.855287 0.070530 -0.513332
vn 0.855287 0.070530 -0.513332
vn 0.855287 0.070530 -0.513332
vn 0.856055 0.056445 0.513793
vn 0.856055 0.056445 0.513793
vn 0.856055 0.056445 0.513793
vn 0.843236 0.039818 0.536066
vn 0.843236 0.039818 0.536066
vn 0.843236 0.039818 0.536066
vn -0.365119 0.070462 0.928291
vn -0.365119 0.070462 0.928291
vn -0.365119 0.070462 0.928291
vn -0.346718 0.089377 0.933702
vn -0.346718 0.089377 0.933702
vn -0.346718 0.089377 0.933702
vn -0.959284 -0.282445 -0.000000
vn -0.959284 -0.282445 -0.000000
vn -0.959284 -0.282445 -0.000000
vn -0.959284 -0.282445 0.000000
vn -0.959284 -0.282445 0.000000
vn -0.959284 -0.282445 0.000000
vn -0.320830 -0.481373 -0.815689
vn -0.320830 -0.481373 -0.815689
vn -0.320830 -0.481373 -0.815689
vn -0.303003 -0.492309 -0.815979
vn -0.303003 -0.492309 -0.815979
vn -0.303003 -0.492309 -0.815979
vn 0.815955 -0.307224 -0.489726
vn 0.815955 -0.307224 -0.489726
vn 0.815955 -0.307224 -0.489726
vn 0.806225 -0.295478 -0.512537
vn 0.806225 -0.295478 -0.512537
vn 0.806225 -0.295478 -0.512537
vn 0.000000 -1.000000 0.000000
vn 0.000000 -1.000000 0.000000
vn 0.000000 -1.000000 0.000000
vn 0.000000 -1.000000 0.000000
vn 0.000000 -1.000000 0.000000
vn 0.000000 -1.000000 0.000000
vn -0.000000 -1.000000 0.000000
vn -0.000000 -1.000000 0.000000
vn -0.000000 -1.000000 0.000000
vn 0.000000 -1.000000 -0.000000
vn 0.000000 -1.000000 -0.000000
vn 0.000000 -1.000000 -0.000000
vn 0.000000 -1.000000 0.000000
vn 0.000000 -1.000000 0.000000
vn 0.000000 -1.000000 0.000000
vn 0.000000 1.000000 0.000000
vn 0.000000 1.000000 0.000000
vn 0.000000 1.000000 0.000000
vn 0.000000 1.000000 -0.000000
vn 0.000000 1.000000 -0.000000
vn 0.000000 1.000000 -0.000000
vn 0.000000 1.000000 0.000000
vn 0.000000 1.000000 0.000000
vn 0.000000 1.000000 0.000000
vn 0.000000 1.000000 0.000000
vn 0.000000 1.000000 0.000000
vn 0.000000 1.000000 0.000000
vn -0.000000 1.000000 0.000000
vn -0.000000 1.000000 0.000000
vn -0.000000 1.000000 0.000000
f 1690/1690/1690 1691/1691/1691 1692/1692/1692
f 1693/1693/1693 1694/1694/1694 1695/1695/1695
f 1696/1696/1696 1697/1697/1697 1698/1698/1698
f 1699/1699/1699 1700/1700/1700 1701/1701/1701
f 1702/1702/1702 1703/1703/1703 1704/1704/1704
f 1705/1705/1705 1706/1706/1706 1707/1707/1707
f 1708/1708/1708 1709/1709/1709 1710/1710/1710
f 1711/1711/1711 1712/1712/1712 1713/1713/1713
f 1714/1714/1714 1715/1715/1715 1716/1716/1716
f 1717/1717/1717 1718/1718/1718 1719/1719/1719
f 1720/1720/1720 1721/1721/1721 1722/1722/1722
f 1723/1723/1723 1724/1724/1724 1725/1725/1725
f 1726/1726/1726 1727/1727/1727 1728/1728/1728
f 1729/1729/1729 1730/1730/1730 1731/1731/1731
f 1732/1732/1732 1733/1733/1733 1734/1734/1734
f 1735/1735/1735 1736/1736/1736 1737/1737/1737
f 1738/1738/1738 1739/1739/1739 1740/1740/1740
f 1741/1741/1741 1742/1742/1742 1743/1743/1743
f 1744/1744/1744 1745/1745/1745 1746/1746/1746
f 1747/1747/1747 1748/1748/1748 1749/1749/1749
f 1750/1750/1750 1751/1751/1751 1752/1752/1752
f 1753/1753/1753 1754/1754/1754 1755/1755/1755
f 1756/1756/1756 1757/1757/1757 1758/1758/1758
f 1759/1759/1759 1760/1760/1760 1761/1761/1761
f 1762/1762/1762 1763/1763/1763 1764/1764/1764
f 1765/1765/1765 1766/1766/1766 1767/1767/1767
f 1768/1768/1768 1769/1769/1769 1770/1770/1770
f 1771/1771/1771 1772/1772/1772 1773/1773/1773
f 1774/1774/1774 1775/1775/1775 1776/1776/1776
f 1777/1777/1777 1778/1778/1778 1779/1779/1779
f 1780/1780/1780 1781/1781/1781 1782/1782/1782
f 1783/1783/1783 1784/1784/1784 1785/1785/1785
f 1786/1786/1786 1787/1787/1787 1788/1788/1788
f 1789/1789/1789 1790/1790/1790 1791/1791/1791
f 1792/1792/1792 1793/1793/1793 1794/1794/1794
f 1795/1795/1795 1796/1796/1796 1797/1797/1797
f 1798/1798/1798 1799/1799/1799 1800/1800/1800
f 1801/1801/1801 1802/1802/1802 1803/1803/1803
f 1804/1804/1804 1805/1805/1805 1806/1806/1806
f 1807/1807/1807 1808/1808/1808 1809/1809/1809
o ChestFur1
usemtl PaintedTeaFantasy
v 0.200233 0.810943 -1.261467
v 0.235151 0.601431 -1.171276
v 0.399592 0.619609 -1.220499
v 0.399592 0.619609 -1.220499
v 0.235151 0.601431 -1.171276
v 0.281156 0.325406 -1.170428
v 0.281156 0.325406 -1.170428
v 0.235151 0.601431 -1.171276
v 0.073704 0.565294 -1.220499
v 0.073704 0.565294 -1.220499
v 0.235151 0.601431 -1.171276
v 0.200233 0.810943 -1.261467
v 0.200981 0.806453 -1.286078
v 0.400341 0.615119 -1.245111
v 0.237396 0.587961 -1.245111
v 0.400341 0.615119 -1.245111
v 0.281904 0.320916 -1.195040
v 0.237396 0.587961 -1.245111
v 0.281904 0.320916 -1.195040
v 0.074452 0.560804 -1.245111
v 0.237396 0.587961 -1.245111
v 0.074452 0.560804 -1.245111
v 0.200981 0.806453 -1.286078
v 0.237396 0.587961 -1.245111
v 0.200233 0.810943 -1.261467
v 0.400341 0.615119 -1.245111
v 0.200981 0.806453 -1.286078
v 0.200233 0.810943 -1.261467
v 0.399592 0.619609 -1.220499
v 0.400341 0.615119 -1.245111
v 0.399592 0.619609 -1.220499
v 0.281904 0.320916 -1.195040
v 0.400341 0.615119 -1.245111
v 0.399592 0.619609 -1.220499
v 0.281156 0.325406 -1.170428
v 0.281904 0.320916 -1.195040
v 0.281156 0.325406 -1.170428
v 0.074452 0.560804 -1.245111
v 0.281904 0.320916 -1.195040
v 0.281156 0.325406 -1.170428
v 0.073704 0.565294 -1.220499
v 0.074452 0.560804 -1.245111
v 0.073704 0.565294 -1.220499
v 0.200981 0.806453 -1.286078
v 0.074452 0.560804 -1.245111
v 0.073704 0.565294 -1.220499
v 0.200233 0.810943 -1.261467
v 0.200981 0.806453 -1.286078
vt 0.125000 0.503906
vt 0.125000 0.612891
vt 0.003906 0.612891
vt 0.003906 0.612891
vt 0.125000 0.612891
vt 0.125000 0.746094
vt 0.125000 0.746094
vt 0.125000 0.612891
vt 0.246094 0.612891
vt 0.246094 0.612891
vt 0.125000 0.612891
vt 0.125000 0.503906
vt 0.125000 0.503906
vt 0.003906 0.612891
vt 0.125000 0.612891
vt 0.003906 0.612891
vt 0.125000 0.746094
vt 0.125000 0.612891
vt 0.125000 0.746094
vt 0.246094 0.612891
vt 0.125000 0.612891
vt 0.246094 0.612891
vt 0.125000 0.503906
vt 0.125000 0.612891
vt 0.125000 0.503906
vt 0.003906 0.612891
vt 0.125000 0.503906
vt 0.125000 0.503906
vt 0.003906 0.612891
vt 0.003906 0.612891
vt 0.003906 0.612891
vt 0.125000 0.746094
vt 0.003906 0.612891
vt 0.003906 0.612891
vt 0.125000 0.746094
vt 0.125000 0.746094
vt 0.125000 0.746094
vt 0.246094 0.612891
vt 0.125000 0.746094
vt 0.125000 0.746094
vt 0.246094 0.612891
vt 0.246094 0.612891
vt 0.246094 0.612891
vt 0.125000 0.503906
vt 0.246094 0.612891
vt 0.246094 0.612891
vt 0.125000 0.503906
vt 0.125000 0.503906
vn 0.218188 0.416327 0.882647
vn 0.218188 0.416327 0.882647
vn 0.218188 0.416327 0.882647
vn 0.281350 0.049834 0.958310
vn 0.281350 0.049834 0.958310
vn 0.281350 0.049834 0.958310
vn -0.282304 -0.044108 0.958310
vn -0.282304 -0.044108 0.958310
vn -0.282304 -0.044108 0.958310
vn -0.341419 0.323059 0.882647
vn -0.341419 0.323059 0.882647
vn -0.341419 0.323059 0.882647
vn 0.029898 -0.179390 -0.983324
vn 0.029898 -0.179390 -0.983324
vn 0.029898 -0.179390 -0.983324
vn 0.029898 -0.179390 -0.983324
vn 0.029898 -0.179390 -0.983324
vn 0.029898 -0.179390 -0.983324
vn 0.029898 -0.179390 -0.983324
vn 0.029898 -0.179390 -0.983324
vn 0.029898 -0.179390 -0.983324
vn 0.029898 -0.179390 -0.983324
vn 0.029898 -0.179390 -0.983324
vn 0.029898 -0.179390 -0.983324
vn 0.699835 0.706162 -0.107548
vn 0.699835 0.706162 -0.107548
vn 0.699835 0.706162 -0.107548
vn 0.699835 0.706162 -0.107548
vn 0.699835 0.706162 -0.107548
vn 0.699835 0.706162 -0.107548
vn 0.928998 -0.358061 0.093569
vn 0.928998 -0.358061 0.093569
vn 0.928998 -0.358061 0.093569
vn 0.928998 -0.358061 0.093569
vn 0.928998 -0.358061 0.093569
vn 0.928998 -0.358061 0.093569
vn -0.762654 -0.640003 0.093569
vn -0.762654 -0.640003 0.093569
vn -0.762654 -0.640003 0.093569
vn -0.762654 -0.640003 0.093569
vn -0.762654 -0.640003 0.093569
vn -0.762654 -0.640003 0.093569
vn -0.891031 0.441018 -0.107548
vn -0.891031 0.441018 -0.107548
vn -0.891031 0.441018 -0.107548
vn -0.891031 0.441018 -0.107548
vn -0.891031 0.441018 -0.107548
vn -0.891031 0.441018 -0.107548
f 1810/1810/1810 1811/1811/1811 1812/1812/1812
f 1813/1813/1813 1814/1814/1814 1815/1815/1815
f 1816/1816/1816 1817/1817/1817 1818/1818/1818
f 1819/1819/1819 1820/1820/1820 1821/1821/1821
f 1822/1822/1822 1823/1823/1823 1824/1824/1824
f 1825/1825/1825 1826/1826/1826 1827/1827/1827
f 1828/1828/1828 1829/1829/1829 1830/1830/1830
f 1831/1831/1831 1832/1832/1832 1833/1833/1833
f 1834/1834/1834 1835/1835/1835 1836/1836/1836
f 1837/1837/1837 1838/1838/1838 1839/1839/1839
f 1840/1840/1840 1841/1841/1841 1842/1842/1842
f 1843/1843/1843 1844/1844/1844 1845/1845/1845
f 1846/1846/1846 1847/1847/1847 1848/1848/1848
f 1849/1849/1849 1850/1850/1850 1851/1851/1851
f 1852/1852/1852 1853/1853/1853 1854/1854/1854
f 1855/1855/1855 1856/1856/1856 1857/1857/1857
o CrownBranch-1
usemtl PaintedTeaFantasy
v -0.301963 1.992316 -1.211343
v -0.316594 1.967093 -1.140617
v -0.425234 2.322203 -1.039904
v -0.301963 1.992316 -1.211343
v -0.425234 2.322203 -1.039904
v -0.418405 2.342724 -1.099196
v -0.316594 1.967093 -1.140617
v -0.253432 1.976727 -1.098544
v -0.370162 2.330041 -1.010089
v -0.316594 1.967093 -1.140617
v -0.370162 2.330041 -1.010089
v -0.425234 2.322203 -1.039904
v -0.253432 1.976727 -1.098544
v -0.199765 2.007905 -1.143267
v -0.329297 2.355406 -1.050954
v -0.253432 1.976727 -1.098544
v -0.329297 2.355406 -1.050954
v -0.370162 2.330041 -1.010089
v -0.199765 2.007905 -1.143267
v -0.229759 2.017540 -1.212980
v -0.359113 2.363244 -1.106026
v -0.199765 2.007905 -1.143267
v -0.359113 2.363244 -1.106026
v -0.329297 2.355406 -1.050954
v -0.229759 2.017540 -1.212980
v -0.301963 1.992316 -1.211343
v -0.418405 2.342724 -1.099196
v -0.229759 2.017540 -1.212980
v -0.418405 2.342724 -1.099196
v -0.359113 2.363244 -1.106026
v -0.418405 2.342724 -1.099196
v -0.425234 2.322203 -1.039904
v -0.473105 2.556951 -0.959469
v -0.418405 2.342724 -1.099196
v -0.473105 2.556951 -0.959469
v -0.474351 2.572991 -1.006520
v -0.425234 2.322203 -1.039904
v -0.370162 2.330041 -1.010089
v -0.426816 2.563078 -0.942367
v -0.425234 2.322203 -1.039904
v -0.426816 2.563078 -0.942367
v -0.473105 2.556951 -0.959469
v -0.370162 2.330041 -1.010089
v -0.329297 2.355406 -1.050954
v -0.399455 2.582905 -0.978849
v -0.370162 2.330041 -1.010089
v -0.399455 2.582905 -0.978849
v -0.426816 2.563078 -0.942367
v -0.329297 2.355406 -1.050954
v -0.359113 2.363244 -1.106026
v -0.428833 2.589032 -1.018498
v -0.329297 2.355406 -1.050954
v -0.428833 2.589032 -1.018498
v -0.399455 2.582905 -0.978849
v -0.359113 2.363244 -1.106026
v -0.418405 2.342724 -1.099196
v -0.474351 2.572991 -1.006520
v -0.359113 2.363244 -1.106026
v -0.474351 2.572991 -1.006520
v -0.428833 2.589032 -1.018498
v -0.260303 1.992316 -1.161350
v -0.301963 1.992316 -1.211343
v -0.316594 1.967093 -1.140617
v -0.260303 1.992316 -1.161350
v -0.316594 1.967093 -1.140617
v -0.253432 1.976727 -1.098544
v -0.260303 1.992316 -1.161350
v -0.253432 1.976727 -1.098544
v -0.199765 2.007905 -1.143267
v -0.260303 1.992316 -1.161350
v -0.199765 2.007905 -1.143267
v -0.229759 2.017540 -1.212980
v -0.260303 1.992316 -1.161350
v -0.229759 2.017540 -1.212980
v -0.301963 1.992316 -1.211343
v -0.440512 2.572991 -0.981141
v -0.474351 2.572991 -1.006520
v -0.473105 2.556951 -0.959469
v -0.440512 2.572991 -0.981141
v -0.473105 2.556951 -0.959469
v -0.426816 2.563078 -0.942367
v -0.440512 2.572991 -0.981141
v -0.426816 2.563078 -0.942367
v -0.399455 2.582905 -0.978849
v -0.440512 2.572991 -0.981141
v -0.399455 2.582905 -0.978849
v -0.428833 2.589032 -1.018498
v -0.440512 2.572991 -0.981141
v -0.428833 2.589032 -1.018498
v -0.474351 2.572991 -1.006520
vt 0.503906 0.253906
vt 0.552344 0.253906
vt 0.552344 0.375000
vt 0.503906 0.253906
vt 0.552344 0.375000
vt 0.503906 0.375000
vt 0.552344 0.253906
vt 0.600781 0.253906
vt 0.600781 0.375000
vt 0.552344 0.253906
vt 0.600781 0.375000
vt 0.552344 0.375000
vt 0.600781 0.253906
vt 0.649219 0.253906
vt 0.649219 0.375000
vt 0.600781 0.253906
vt 0.649219 0.375000
vt 0.600781 0.375000
vt 0.649219 0.253906
vt 0.697656 0.253906
vt 0.697656 0.375000
vt 0.649219 0.253906
vt 0.697656 0.375000
vt 0.649219 0.375000
vt 0.697656 0.253906
vt 0.746094 0.253906
vt 0.746094 0.375000
vt 0.697656 0.253906
vt 0.746094 0.375000
vt 0.697656 0.375000
vt 0.503906 0.375000
vt 0.552344 0.375000
vt 0.552344 0.496094
vt 0.503906 0.375000
vt 0.552344 0.496094
vt 0.503906 0.496094
vt 0.552344 0.375000
vt 0.600781 0.375000
vt 0.600781 0.496094
vt 0.552344 0.375000
vt 0.600781 0.496094
vt 0.552344 0.496094
vt 0.600781 0.375000
vt 0.649219 0.375000
vt 0.649219 0.496094
vt 0.600781 0.375000
vt 0.649219 0.496094
vt 0.600781 0.496094
vt 0.649219 0.375000
vt 0.697656 0.375000
vt 0.697656 0.496094
vt 0.649219 0.375000
vt 0.697656 0.496094
vt 0.649219 0.496094
vt 0.697656 0.375000
vt 0.746094 0.375000
vt 0.746094 0.496094
vt 0.697656 0.375000
vt 0.746094 0.496094
vt 0.697656 0.496094
vt 0.625000 0.375000
vt 0.503906 0.496094
vt 0.746094 0.253906
vt 0.625000 0.375000
vt 0.503906 0.496094
vt 0.746094 0.253906
vt 0.625000 0.375000
vt 0.503906 0.496094
vt 0.746094 0.253906
vt 0.625000 0.375000
vt 0.503906 0.496094
vt 0.746094 0.253906
vt 0.625000 0.375000
vt 0.503906 0.496094
vt 0.746094 0.253906
vt 0.625000 0.375000
vt 0.503906 0.496094
vt 0.746094 0.253906
vt 0.625000 0.375000
vt 0.503906 0.496094
vt 0.746094 0.253906
vt 0.625000 0.375000
vt 0.503906 0.496094
vt 0.746094 0.253906
vt 0.625000 0.375000
vt 0.503906 0.496094
vt 0.746094 0.253906
vt 0.625000 0.375000
vt 0.503906 0.496094
vt 0.746094 0.253906
vn -0.939572 -0.210979 -0.269616
vn -0.939572 -0.210979 -0.269616
vn -0.939572 -0.210979 -0.269616
vn -0.947584 -0.252040 -0.196367
vn -0.947584 -0.252040 -0.196367
vn -0.947584 -0.252040 -0.196367
vn -0.478939 -0.358814 0.801168
vn -0.478939 -0.358814 0.801168
vn -0.478939 -0.358814 0.801168
vn -0.403503 -0.361793 0.840411
vn -0.403503 -0.361793 0.840411
vn -0.403503 -0.361793 0.840411
vn 0.630031 0.028693 0.776040
vn 0.630031 0.028693 0.776040
vn 0.630031 0.028693 0.776040
vn 0.691280 0.047881 0.720999
vn 0.691280 0.047881 0.720999
vn 0.691280 0.047881 0.720999
vn 0.854844 0.415868 -0.310315
vn 0.854844 0.415868 -0.310315
vn 0.854844 0.415868 -0.310315
vn 0.825016 0.410656 -0.388214
vn 0.825016 0.410656 -0.388214
vn 0.825016 0.410656 -0.388214
vn -0.115259 0.267836 -0.956545
vn -0.115259 0.267836 -0.956545
vn -0.115259 0.267836 -0.956545
vn -0.188100 0.225369 -0.955943
vn -0.188100 0.225369 -0.955943
vn -0.188100 0.225369 -0.955943
vn -0.976276 -0.143536 -0.162120
vn -0.976276 -0.143536 -0.162120
vn -0.976276 -0.143536 -0.162120
vn -0.974882 -0.217424 -0.048290
vn -0.974882 -0.217424 -0.048290
vn -0.974882 -0.217424 -0.048290
vn -0.408454 -0.344892 0.845112
vn -0.408454 -0.344892 0.845112
vn -0.408454 -0.344892 0.845112
vn -0.280564 -0.361833 0.889022
vn -0.280564 -0.361833 0.889022
vn -0.280564 -0.361833 0.889022
vn 0.708669 -0.005068 0.705523
vn 0.708669 -0.005068 0.705523
vn 0.708669 -0.005068 0.705523
vn 0.795350 0.017280 0.605904
vn 0.795350 0.017280 0.605904
vn 0.795350 0.017280 0.605904
vn 0.826512 0.406267 -0.389648
vn 0.826512 0.406267 -0.389648
vn 0.826512 0.406267 -0.389648
vn 0.765831 0.396602 -0.506172
vn 0.765831 0.396602 -0.506172
vn 0.765831 0.396602 -0.506172
vn -0.216598 0.318758 -0.922756
vn -0.216598 0.318758 -0.922756
vn -0.216598 0.318758 -0.922756
vn -0.328237 0.251595 -0.910473
vn -0.328237 0.251595 -0.910473
vn -0.328237 0.251595 -0.910473
vn -0.313091 0.913182 0.260909
vn -0.313091 0.913182 0.260909
vn -0.313091 0.913182 0.260909
vn -0.313091 0.913182 0.260909
vn -0.313091 0.913182 0.260909
vn -0.313091 0.913182 0.260909
vn -0.313091 0.913182 0.260909
vn -0.313091 0.913182 0.260909
vn -0.313091 0.913182 0.260909
vn -0.313091 0.913182 0.260909
vn -0.313091 0.913182 0.260909
vn -0.313091 0.913182 0.260909
vn -0.313091 0.913182 0.260909
vn -0.313091 0.913182 0.260909
vn -0.313091 0.913182 0.260909
vn -0.239236 0.917070 0.318981
vn -0.239236 0.917070 0.318981
vn -0.239236 0.917070 0.318981
vn -0.239236 0.917070 0.318981
vn -0.239236 0.917070 0.318981
vn -0.239236 0.917070 0.318981
vn -0.239236 0.917070 0.318981
vn -0.239236 0.917070 0.318981
vn -0.239236 0.917070 0.318981
vn -0.239236 0.917070 0.318981
vn -0.239236 0.917070 0.318981
vn -0.239236 0.917070 0.318981
vn -0.239236 0.917070 0.318981
vn -0.239236 0.917070 0.318981
vn -0.239236 0.917070 0.318981
f 1858/1858/1858 1859/1859/1859 1860/1860/1860
f 1861/1861/1861 1862/1862/1862 1863/1863/1863
f 1864/1864/1864 1865/1865/1865 1866/1866/1866
f 1867/1867/1867 1868/1868/1868 1869/1869/1869
f 1870/1870/1870 1871/1871/1871 1872/1872/1872
f 1873/1873/1873 1874/1874/1874 1875/1875/1875
f 1876/1876/1876 1877/1877/1877 1878/1878/1878
f 1879/1879/1879 1880/1880/1880 1881/1881/1881
f 1882/1882/1882 1883/1883/1883 1884/1884/1884
f 1885/1885/1885 1886/1886/1886 1887/1887/1887
f 1888/1888/1888 1889/1889/1889 1890/1890/1890
f 1891/1891/1891 1892/1892/1892 1893/1893/1893
f 1894/1894/1894 1895/1895/1895 1896/1896/1896
f 1897/1897/1897 1898/1898/1898 1899/1899/1899
f 1900/1900/1900 1901/1901/1901 1902/1902/1902
f 1903/1903/1903 1904/1904/1904 1905/1905/1905
f 1906/1906/1906 1907/1907/1907 1908/1908/1908
f 1909/1909/1909 1910/1910/1910 1911/1911/1911
f 1912/1912/1912 1913/1913/1913 1914/1914/1914
f 1915/1915/1915 1916/1916/1916 1917/1917/1917
f 1918/1918/1918 1919/1919/1919 1920/1920/1920
f 1921/1921/1921 1922/1922/1922 1923/1923/1923
f 1924/1924/1924 1925/1925/1925 1926/1926/1926
f 1927/1927/1927 1928/1928/1928 1929/1929/1929
f 1930/1930/1930 1931/1931/1931 1932/1932/1932
f 1933/1933/1933 1934/1934/1934 1935/1935/1935
f 1936/1936/1936 1937/1937/1937 1938/1938/1938
f 1939/1939/1939 1940/1940/1940 1941/1941/1941
f 1942/1942/1942 1943/1943/1943 1944/1944/1944
f 1945/1945/1945 1946/1946/1946 1947/1947/1947
o CrownLeaf-1
usemtl PaintedTeaFantasy
v -0.410477 2.292665 -1.061234
v -0.468181 2.436050 -0.955913
v -0.594928 2.402384 -1.003316
v -0.594928 2.402384 -1.003316
v -0.468181 2.436050 -0.955913
v -0.552055 2.644465 -0.932527
v -0.552055 2.644465 -0.932527
v -0.468181 2.436050 -0.955913
v -0.353447 2.499566 -1.003316
v -0.353447 2.499566 -1.003316
v -0.468181 2.436050 -0.955913
v -0.410477 2.292665 -1.061234
v -0.413480 2.300128 -1.084935
v -0.597931 2.409847 -1.027017
v -0.477190 2.458438 -1.027017
v -0.597931 2.409847 -1.027017
v -0.555058 2.651927 -0.956228
v -0.477190 2.458438 -1.027017
v -0.555058 2.651927 -0.956228
v -0.356450 2.507028 -1.027017
v -0.477190 2.458438 -1.027017
v -0.356450 2.507028 -1.027017
v -0.413480 2.300128 -1.084935
v -0.477190 2.458438 -1.027017
v -0.410477 2.292665 -1.061234
v -0.597931 2.409847 -1.027017
v -0.413480 2.300128 -1.084935
v -0.410477 2.292665 -1.061234
v -0.594928 2.402384 -1.003316
v -0.597931 2.409847 -1.027017
v -0.594928 2.402384 -1.003316
v -0.555058 2.651927 -0.956228
v -0.597931 2.409847 -1.027017
v -0.594928 2.402384 -1.003316
v -0.552055 2.644465 -0.932527
v -0.555058 2.651927 -0.956228
v -0.552055 2.644465 -0.932527
v -0.356450 2.507028 -1.027017
v -0.555058 2.651927 -0.956228
v -0.552055 2.644465 -0.932527
v -0.353447 2.499566 -1.003316
v -0.356450 2.507028 -1.027017
v -0.353447 2.499566 -1.003316
v -0.413480 2.300128 -1.084935
v -0.356450 2.507028 -1.027017
v -0.353447 2.499566 -1.003316
v -0.410477 2.292665 -1.061234
v -0.413480 2.300128 -1.084935
vt 0.375000 0.503906
vt 0.375000 0.612891
vt 0.253906 0.612891
vt 0.253906 0.612891
vt 0.375000 0.612891
vt 0.375000 0.746094
vt 0.375000 0.746094
vt 0.375000 0.612891
vt 0.496094 0.612891
vt 0.496094 0.612891
vt 0.375000 0.612891
vt 0.375000 0.503906
vt 0.375000 0.503906
vt 0.253906 0.612891
vt 0.375000 0.612891
vt 0.253906 0.612891
vt 0.375000 0.746094
vt 0.375000 0.612891
vt 0.375000 0.746094
vt 0.496094 0.612891
vt 0.375000 0.612891
vt 0.496094 0.612891
vt 0.375000 0.503906
vt 0.375000 0.612891
vt 0.375000 0.503906
vt 0.253906 0.612891
vt 0.375000 0.503906
vt 0.375000 0.503906
vt 0.253906 0.612891
vt 0.253906 0.612891
vt 0.253906 0.612891
vt 0.375000 0.746094
vt 0.253906 0.612891
vt 0.253906 0.612891
vt 0.375000 0.746094
vt 0.375000 0.746094
vt 0.375000 0.746094
vt 0.496094 0.612891
vt 0.375000 0.746094
vt 0.375000 0.746094
vt 0.496094 0.612891
vt 0.496094 0.612891
vt 0.496094 0.612891
vt 0.375000 0.503906
vt 0.496094 0.612891
vt 0.496094 0.612891
vt 0.375000 0.503906
vt 0.375000 0.503906
vn -0.125233 -0.619575 0.774883
vn -0.125233 -0.619575 0.774883
vn -0.125233 -0.619575 0.774883
vn -0.289581 -0.221039 0.931281
vn -0.289581 -0.221039 0.931281
vn -0.289581 -0.221039 0.931281
vn 0.361967 0.041169 0.931281
vn 0.361967 0.041169 0.931281
vn 0.361967 0.041169 0.931281
vn 0.519497 -0.360111 0.774883
vn 0.519497 -0.360111 0.774883
vn 0.519497 -0.360111 0.774883
vn -0.119989 0.298155 -0.946946
vn -0.119989 0.298155 -0.946946
vn -0.119989 0.298155 -0.946946
vn -0.119989 0.298155 -0.946946
vn -0.119989 0.298155 -0.946946
vn -0.119989 0.298155 -0.946946
vn -0.119989 0.298155 -0.946946
vn -0.119989 0.298155 -0.946946
vn -0.119989 0.298155 -0.946946
vn -0.119989 0.298155 -0.946946
vn -0.119989 0.298155 -0.946946
vn -0.119989 0.298155 -0.946946
vn -0.545072 -0.816999 -0.188173
vn -0.545072 -0.816999 -0.188173
vn -0.545072 -0.816999 -0.188173
vn -0.545072 -0.816999 -0.188173
vn -0.545072 -0.816999 -0.188173
vn -0.545072 -0.816999 -0.188173
vn -0.978529 0.125488 0.163502
vn -0.978529 0.125488 0.163502
vn -0.978529 0.125488 0.163502
vn -0.978529 0.125488 0.163502
vn -0.978529 0.125488 0.163502
vn -0.978529 0.125488 0.163502
vn 0.618824 0.768325 0.163502
vn 0.618824 0.768325 0.163502
vn 0.618824 0.768325 0.163502
vn 0.618824 0.768325 0.163502
vn 0.618824 0.768325 0.163502
vn 0.618824 0.768325 0.163502
vn 0.959053 -0.211680 -0.188173
vn 0.959053 -0.211680 -0.188173
vn 0.959053 -0.211680 -0.188173
vn 0.959053 -0.211680 -0.188173
vn 0.959053 -0.211680 -0.188173
vn 0.959053 -0.211680 -0.188173
f 1948/1948/1948 1949/1949/1949 1950/1950/1950
f 1951/1951/1951 1952/1952/1952 1953/1953/1953
f 1954/1954/1954 1955/1955/1955 1956/1956/1956
f 1957/1957/1957 1958/1958/1958 1959/1959/1959
f 1960/1960/1960 1961/1961/1961 1962/1962/1962
f 1963/1963/1963 1964/1964/1964 1965/1965/1965
f 1966/1966/1966 1967/1967/1967 1968/1968/1968
f 1969/1969/1969 1970/1970/1970 1971/1971/1971
f 1972/1972/1972 1973/1973/1973 1974/1974/1974
f 1975/1975/1975 1976/1976/1976 1977/1977/1977
f 1978/1978/1978 1979/1979/1979 1980/1980/1980
f 1981/1981/1981 1982/1982/1982 1983/1983/1983
f 1984/1984/1984 1985/1985/1985 1986/1986/1986
f 1987/1987/1987 1988/1988/1988 1989/1989/1989
f 1990/1990/1990 1991/1991/1991 1992/1992/1992
f 1993/1993/1993 1994/1994/1994 1995/1995/1995
o CrownBranch1
usemtl PaintedTeaFantasy
v 0.218642 1.992316 -1.111358
v 0.290847 1.967093 -1.109720
v 0.401772 2.322203 -1.016442
v 0.218642 1.992316 -1.111358
v 0.401772 2.322203 -1.016442
v 0.342480 2.342724 -1.023271
v 0.290847 1.967093 -1.109720
v 0.320840 1.976727 -1.179434
v 0.431587 2.330041 -1.071514
v 0.290847 1.967093 -1.109720
v 0.431587 2.330041 -1.071514
v 0.401772 2.322203 -1.016442
v 0.320840 1.976727 -1.179434
v 0.267173 2.007905 -1.224156
v 0.390722 2.355406 -1.112379
v 0.320840 1.976727 -1.179434
v 0.390722 2.355406 -1.112379
v 0.431587 2.330041 -1.071514
v 0.267173 2.007905 -1.224156
v 0.204011 2.017540 -1.182083
v 0.335651 2.363244 -1.082563
v 0.267173 2.007905 -1.224156
v 0.335651 2.363244 -1.082563
v 0.390722 2.355406 -1.112379
v 0.204011 2.017540 -1.182083
v 0.218642 1.992316 -1.111358
v 0.342480 2.342724 -1.023271
v 0.204011 2.017540 -1.182083
v 0.342480 2.342724 -1.023271
v 0.335651 2.363244 -1.082563
v 0.342480 2.342724 -1.023271
v 0.401772 2.322203 -1.016442
v 0.452191 2.556951 -0.943784
v 0.342480 2.342724 -1.023271
v 0.452191 2.556951 -0.943784
v 0.406673 2.572991 -0.955761
v 0.401772 2.322203 -1.016442
v 0.431587 2.330041 -1.071514
v 0.481569 2.563078 -0.983432
v 0.401772 2.322203 -1.016442
v 0.481569 2.563078 -0.983432
v 0.452191 2.556951 -0.943784
v 0.431587 2.330041 -1.071514
v 0.390722 2.355406 -1.112379
v 0.454208 2.582905 -1.019914
v 0.431587 2.330041 -1.071514
v 0.454208 2.582905 -1.019914
v 0.481569 2.563078 -0.983432
v 0.390722 2.355406 -1.112379
v 0.335651 2.363244 -1.082563
v 0.407920 2.589032 -1.002812
v 0.390722 2.355406 -1.112379
v 0.407920 2.589032 -1.002812
v 0.454208 2.582905 -1.019914
v 0.335651 2.363244 -1.082563
v 0.342480 2.342724 -1.023271
v 0.406673 2.572991 -0.955761
v 0.335651 2.363244 -1.082563
v 0.406673 2.572991 -0.955761
v 0.407920 2.589032 -1.002812
v 0.260303 1.992316 -1.161350
v 0.218642 1.992316 -1.111358
v 0.290847 1.967093 -1.109720
v 0.260303 1.992316 -1.161350
v 0.290847 1.967093 -1.109720
v 0.320840 1.976727 -1.179434
v 0.260303 1.992316 -1.161350
v 0.320840 1.976727 -1.179434
v 0.267173 2.007905 -1.224156
v 0.260303 1.992316 -1.161350
v 0.267173 2.007905 -1.224156
v 0.204011 2.017540 -1.182083
v 0.260303 1.992316 -1.161350
v 0.204011 2.017540 -1.182083
v 0.218642 1.992316 -1.111358
v 0.440512 2.572991 -0.981141
v 0.406673 2.572991 -0.955761
v 0.452191 2.556951 -0.943784
v 0.440512 2.572991 -0.981141
v 0.452191 2.556951 -0.943784
v 0.481569 2.563078 -0.983432
v 0.440512 2.572991 -0.981141
v 0.481569 2.563078 -0.983432
v 0.454208 2.582905 -1.019914
v 0.440512 2.572991 -0.981141
v 0.454208 2.582905 -1.019914
v 0.407920 2.589032 -1.002812
v 0.440512 2.572991 -0.981141
v 0.407920 2.589032 -1.002812
v 0.406673 2.572991 -0.955761
vt 0.503906 0.253906
vt 0.552344 0.253906
vt 0.552344 0.375000
vt 0.503906 0.253906
vt 0.552344 0.375000
vt 0.503906 0.375000
vt 0.552344 0.253906
vt 0.600781 0.253906
vt 0.600781 0.375000
vt 0.552344 0.253906
vt 0.600781 0.375000
vt 0.552344 0.375000
vt 0.600781 0.253906
vt 0.649219 0.253906
vt 0.649219 0.375000
vt 0.600781 0.253906
vt 0.649219 0.375000
vt 0.600781 0.375000
vt 0.649219 0.253906
vt 0.697656 0.253906
vt 0.697656 0.375000
vt 0.649219 0.253906
vt 0.697656 0.375000
vt 0.649219 0.375000
vt 0.697656 0.253906
vt 0.746094 0.253906
vt 0.746094 0.375000
vt 0.697656 0.253906
vt 0.746094 0.375000
vt 0.697656 0.375000
vt 0.503906 0.375000
vt 0.552344 0.375000
vt 0.552344 0.496094
vt 0.503906 0.375000
vt 0.552344 0.496094
vt 0.503906 0.496094
vt 0.552344 0.375000
vt 0.600781 0.375000
vt 0.600781 0.496094
vt 0.552344 0.375000
vt 0.600781 0.496094
vt 0.552344 0.496094
vt 0.600781 0.375000
vt 0.649219 0.375000
vt 0.649219 0.496094
vt 0.600781 0.375000
vt 0.649219 0.496094
vt 0.600781 0.496094
vt 0.649219 0.375000
vt 0.697656 0.375000
vt 0.697656 0.496094
vt 0.649219 0.375000
vt 0.697656 0.496094
vt 0.649219 0.496094
vt 0.697656 0.375000
vt 0.746094 0.375000
vt 0.746094 0.496094
vt 0.697656 0.375000
vt 0.746094 0.496094
vt 0.697656 0.496094
vt 0.625000 0.375000
vt 0.503906 0.496094
vt 0.746094 0.253906
vt 0.625000 0.375000
vt 0.503906 0.496094
vt 0.746094 0.253906
vt 0.625000 0.375000
vt 0.503906 0.496094
vt 0.746094 0.253906
vt 0.625000 0.375000
vt 0.503906 0.496094
vt 0.746094 0.253906
vt 0.625000 0.375000
vt 0.503906 0.496094
vt 0.746094 0.253906
vt 0.625000 0.375000
vt 0.503906 0.496094
vt 0.746094 0.253906
vt 0.625000 0.375000
vt 0.503906 0.496094
vt 0.746094 0.253906
vt 0.625000 0.375000
vt 0.503906 0.496094
vt 0.746094 0.253906
vt 0.625000 0.375000
vt 0.503906 0.496094
vt 0.746094 0.253906
vt 0.625000 0.375000
vt 0.503906 0.496094
vt 0.746094 0.253906
vn -0.100042 -0.223431 0.969572
vn -0.100042 -0.223431 0.969572
vn -0.100042 -0.223431 0.969572
vn -0.174340 -0.181671 0.967782
vn -0.174340 -0.181671 0.967782
vn -0.174340 -0.181671 0.967782
vn 0.870379 -0.371522 0.323128
vn 0.870379 -0.371522 0.323128
vn 0.870379 -0.371522 0.323128
vn 0.838743 -0.367534 0.401783
vn 0.838743 -0.367534 0.401783
vn 0.838743 -0.367534 0.401783
vn 0.645592 0.016061 -0.763514
vn 0.645592 0.016061 -0.763514
vn 0.645592 0.016061 -0.763514
vn 0.705624 -0.004747 -0.708570
vn 0.705624 -0.004747 -0.708570
vn 0.705624 -0.004747 -0.708570
vn -0.463773 0.403636 -0.788665
vn -0.463773 0.403636 -0.788665
vn -0.463773 0.403636 -0.788665
vn -0.390146 0.404734 -0.827029
vn -0.390146 0.404734 -0.827029
vn -0.390146 0.404734 -0.827029
vn -0.924558 0.255738 0.282473
vn -0.924558 0.255738 0.282473
vn -0.924558 0.255738 0.282473
vn -0.932351 0.294748 0.209393
vn -0.932351 0.294748 0.209393
vn -0.932351 0.294748 0.209393
vn -0.196124 -0.251250 0.947844
vn -0.196124 -0.251250 0.947844
vn -0.196124 -0.251250 0.947844
vn -0.310960 -0.186537 0.931938
vn -0.310960 -0.186537 0.931938
vn -0.310960 -0.186537 0.931938
vn 0.847214 -0.336952 0.410721
vn 0.847214 -0.336952 0.410721
vn 0.847214 -0.336952 0.410721
vn 0.781843 -0.331384 0.528115
vn 0.781843 -0.331384 0.528115
vn 0.781843 -0.331384 0.528115
vn 0.727767 0.074028 -0.681818
vn 0.727767 0.074028 -0.681818
vn 0.727767 0.074028 -0.681818
vn 0.811085 0.046426 -0.583082
vn 0.811085 0.046426 -0.583082
vn 0.811085 0.046426 -0.583082
vn -0.386869 0.414736 -0.823606
vn -0.386869 0.414736 -0.823606
vn -0.386869 0.414736 -0.823606
vn -0.263554 0.425430 -0.865765
vn -0.263554 0.425430 -0.865765
vn -0.263554 0.425430 -0.865765
vn -0.959410 0.213410 0.184360
vn -0.959410 0.213410 0.184360
vn -0.959410 0.213410 0.184360
vn -0.956997 0.281385 0.070569
vn -0.956997 0.281385 0.070569
vn -0.956997 0.281385 0.070569
vn 0.313091 0.913182 0.260909
vn 0.313091 0.913182 0.260909
vn 0.313091 0.913182 0.260909
vn 0.313091 0.913182 0.260909
vn 0.313091 0.913182 0.260909
vn 0.313091 0.913182 0.260909
vn 0.313091 0.913182 0.260909
vn 0.313091 0.913182 0.260909
vn 0.313091 0.913182 0.260909
vn 0.313091 0.913182 0.260909
vn 0.313091 0.913182 0.260909
vn 0.313091 0.913182 0.260909
vn 0.313091 0.913182 0.260909
vn 0.313091 0.913182 0.260909
vn 0.313091 0.913182 0.260909
vn 0.239236 0.917070 0.318981
vn 0.239236 0.917070 0.318981
vn 0.239236 0.917070 0.318981
vn 0.239236 0.917070 0.318981
vn 0.239236 0.917070 0.318981
vn 0.239236 0.917070 0.318981
vn 0.239236 0.917070 0.318981
vn 0.239236 0.917070 0.318981
vn 0.239236 0.917070 0.318981
vn 0.239236 0.917070 0.318981
vn 0.239236 0.917070 0.318981
vn 0.239236 0.917070 0.318981
vn 0.239236 0.917070 0.318981
vn 0.239236 0.917070 0.318981
vn 0.239236 0.917070 0.318981
f 1996/1996/1996 1997/1997/1997 1998/1998/1998
f 1999/1999/1999 2000/2000/2000 2001/2001/2001
f 2002/2002/2002 2003/2003/2003 2004/2004/2004
f 2005/2005/2005 2006/2006/2006 2007/2007/2007
f 2008/2008/2008 2009/2009/2009 2010/2010/2010
f 2011/2011/2011 2012/2012/2012 2013/2013/2013
f 2014/2014/2014 2015/2015/2015 2016/2016/2016
f 2017/2017/2017 2018/2018/2018 2019/2019/2019
f 2020/2020/2020 2021/2021/2021 2022/2022/2022
f 2023/2023/2023 2024/2024/2024 2025/2025/2025
f 2026/2026/2026 2027/2027/2027 2028/2028/2028
f 2029/2029/2029 2030/2030/2030 2031/2031/2031
f 2032/2032/2032 2033/2033/2033 2034/2034/2034
f 2035/2035/2035 2036/2036/2036 2037/2037/2037
f 2038/2038/2038 2039/2039/2039 2040/2040/2040
f 2041/2041/2041 2042/2042/2042 2043/2043/2043
f 2044/2044/2044 2045/2045/2045 2046/2046/2046
f 2047/2047/2047 2048/2048/2048 2049/2049/2049
f 2050/2050/2050 2051/2051/2051 2052/2052/2052
f 2053/2053/2053 2054/2054/2054 2055/2055/2055
f 2056/2056/2056 2057/2057/2057 2058/2058/2058
f 2059/2059/2059 2060/2060/2060 2061/2061/2061
f 2062/2062/2062 2063/2063/2063 2064/2064/2064
f 2065/2065/2065 2066/2066/2066 2067/2067/2067
f 2068/2068/2068 2069/2069/2069 2070/2070/2070
f 2071/2071/2071 2072/2072/2072 2073/2073/2073
f 2074/2074/2074 2075/2075/2075 2076/2076/2076
f 2077/2077/2077 2078/2078/2078 2079/2079/2079
f 2080/2080/2080 2081/2081/2081 2082/2082/2082
f 2083/2083/2083 2084/2084/2084 2085/2085/2085
o CrownLeaf1
usemtl PaintedTeaFantasy
v 0.410477 2.292665 -1.061234
v 0.468181 2.436050 -0.955913
v 0.353447 2.499566 -1.003316
v 0.353447 2.499566 -1.003316
v 0.468181 2.436050 -0.955913
v 0.552055 2.644465 -0.932527
v 0.552055 2.644465 -0.932527
v 0.468181 2.436050 -0.955913
v 0.594928 2.402384 -1.003316
v 0.594928 2.402384 -1.003316
v 0.468181 2.436050 -0.955913
v 0.410477 2.292665 -1.061234
v 0.413480 2.300128 -1.084935
v 0.356450 2.507028 -1.027017
v 0.477190 2.458438 -1.027017
v 0.356450 2.507028 -1.027017
v 0.555058 2.651927 -0.956228
v 0.477190 2.458438 -1.027017
v 0.555058 2.651927 -0.956228
v 0.597931 2.409847 -1.027017
v 0.477190 2.458438 -1.027017
v 0.597931 2.409847 -1.027017
v 0.413480 2.300128 -1.084935
v 0.477190 2.458438 -1.027017
v 0.410477 2.292665 -1.061234
v 0.356450 2.507028 -1.027017
v 0.413480 2.300128 -1.084935
v 0.410477 2.292665 -1.061234
v 0.353447 2.499566 -1.003316
v 0.356450 2.507028 -1.027017
v 0.353447 2.499566 -1.003316
v 0.555058 2.651927 -0.956228
v 0.356450 2.507028 -1.027017
v 0.353447 2.499566 -1.003316
v 0.552055 2.644465 -0.932527
v 0.555058 2.651927 -0.956228
v 0.552055 2.644465 -0.932527
v 0.597931 2.409847 -1.027017
v 0.555058 2.651927 -0.956228
v 0.552055 2.644465 -0.932527
v 0.594928 2.402384 -1.003316
v 0.597931 2.409847 -1.027017
v 0.594928 2.402384 -1.003316
v 0.413480 2.300128 -1.084935
v 0.597931 2.409847 -1.027017
v 0.594928 2.402384 -1.003316
v 0.410477 2.292665 -1.061234
v 0.413480 2.300128 -1.084935
vt 0.375000 0.503906
vt 0.375000 0.612891
vt 0.253906 0.612891
vt 0.253906 0.612891
vt 0.375000 0.612891
vt 0.375000 0.746094
vt 0.375000 0.746094
vt 0.375000 0.612891
vt 0.496094 0.612891
vt 0.496094 0.612891
vt 0.375000 0.612891
vt 0.375000 0.503906
vt 0.375000 0.503906
vt 0.253906 0.612891
vt 0.375000 0.612891
vt 0.253906 0.612891
vt 0.375000 0.746094
vt 0.375000 0.612891
vt 0.375000 0.746094
vt 0.496094 0.612891
vt 0.375000 0.612891
vt 0.496094 0.612891
vt 0.375000 0.503906
vt 0.375000 0.612891
vt 0.375000 0.503906
vt 0.253906 0.612891
vt 0.375000 0.503906
vt 0.375000 0.503906
vt 0.253906 0.612891
vt 0.253906 0.612891
vt 0.253906 0.612891
vt 0.375000 0.746094
vt 0.253906 0.612891
vt 0.253906 0.612891
vt 0.375000 0.746094
vt 0.375000 0.746094
vt 0.375000 0.746094
vt 0.496094 0.612891
vt 0.375000 0.746094
vt 0.375000 0.746094
vt 0.496094 0.612891
vt 0.496094 0.612891
vt 0.496094 0.612891
vt 0.375000 0.503906
vt 0.496094 0.612891
vt 0.496094 0.612891
vt 0.375000 0.503906
vt 0.375000 0.503906
vn -0.519497 -0.360111 0.774883
vn -0.519497 -0.360111 0.774883
vn -0.519497 -0.360111 0.774883
vn -0.361967 0.041169 0.931281
vn -0.361967 0.041169 0.931281
vn -0.361967 0.041169 0.931281
vn 0.289581 -0.221039 0.931281
vn 0.289581 -0.221039 0.931281
vn 0.289581 -0.221039 0.931281
vn 0.125233 -0.619575 0.774883
vn 0.125233 -0.619575 0.774883
vn 0.125233 -0.619575 0.774883
vn 0.119989 0.298155 -0.946946
vn 0.119989 0.298155 -0.946946
vn 0.119989 0.298155 -0.946946
vn 0.119989 0.298155 -0.946946
vn 0.119989 0.298155 -0.946946
vn 0.119989 0.298155 -0.946946
vn 0.119989 0.298155 -0.946946
vn 0.119989 0.298155 -0.946946
vn 0.119989 0.298155 -0.946946
vn 0.119989 0.298155 -0.946946
vn 0.119989 0.298155 -0.946946
vn 0.119989 0.298155 -0.946946
vn -0.959053 -0.211680 -0.188173
vn -0.959053 -0.211680 -0.188173
vn -0.959053 -0.211680 -0.188173
vn -0.959053 -0.211680 -0.188173
vn -0.959053 -0.211680 -0.188173
vn -0.959053 -0.211680 -0.188173
vn -0.618824 0.768325 0.163502
vn -0.618824 0.768325 0.163502
vn -0.618824 0.768325 0.163502
vn -0.618824 0.768325 0.163502
vn -0.618824 0.768325 0.163502
vn -0.618824 0.768325 0.163502
vn 0.978529 0.125488 0.163502
vn 0.978529 0.125488 0.163502
vn 0.978529 0.125488 0.163502
vn 0.978529 0.125488 0.163502
vn 0.978529 0.125488 0.163502
vn 0.978529 0.125488 0.163502
vn 0.545072 -0.816999 -0.188173
vn 0.545072 -0.816999 -0.188173
vn 0.545072 -0.816999 -0.188173
vn 0.545072 -0.816999 -0.188173
vn 0.545072 -0.816999 -0.188173
vn 0.545072 -0.816999 -0.188173
f 2086/2086/2086 2087/2087/2087 2088/2088/2088
f 2089/2089/2089 2090/2090/2090 2091/2091/2091
f 2092/2092/2092 2093/2093/2093 2094/2094/2094
f 2095/2095/2095 2096/2096/2096 2097/2097/2097
f 2098/2098/2098 2099/2099/2099 2100/2100/2100
f 2101/2101/2101 2102/2102/2102 2103/2103/2103
f 2104/2104/2104 2105/2105/2105 2106/2106/2106
f 2107/2107/2107 2108/2108/2108 2109/2109/2109
f 2110/2110/2110 2111/2111/2111 2112/2112/2112
f 2113/2113/2113 2114/2114/2114 2115/2115/2115
f 2116/2116/2116 2117/2117/2117 2118/2118/2118
f 2119/2119/2119 2120/2120/2120 2121/2121/2121
f 2122/2122/2122 2123/2123/2123 2124/2124/2124
f 2125/2125/2125 2126/2126/2126 2127/2127/2127
f 2128/2128/2128 2129/2129/2129 2130/2130/2130
f 2131/2131/2131 2132/2132/2132 2133/2133/2133
o ForeheadSprout
usemtl PaintedTeaFantasy
v 0.000000 1.912223 -1.481723
v 0.000000 2.106643 -1.475809
v -0.125145 2.097545 -1.519933
v -0.125145 2.097545 -1.519933
v 0.000000 2.106643 -1.475809
v 0.000000 2.324049 -1.566635
v 0.000000 2.324049 -1.566635
v 0.000000 2.106643 -1.475809
v 0.125145 2.097545 -1.519933
v 0.125145 2.097545 -1.519933
v 0.000000 2.106643 -1.475809
v 0.000000 1.912223 -1.481723
v 0.000000 1.907674 -1.503785
v -0.125145 2.092996 -1.541995
v 0.000000 2.092996 -1.541995
v -0.125145 2.092996 -1.541995
v 0.000000 2.319500 -1.588697
v 0.000000 2.092996 -1.541995
v 0.000000 2.319500 -1.588697
v 0.125145 2.092996 -1.541995
v 0.000000 2.092996 -1.541995
v 0.125145 2.092996 -1.541995
v 0.000000 1.907674 -1.503785
v 0.000000 2.092996 -1.541995
v 0.000000 1.912223 -1.481723
v -0.125145 2.092996 -1.541995
v 0.000000 1.907674 -1.503785
v 0.000000 1.912223 -1.481723
v -0.125145 2.097545 -1.519933
v -0.125145 2.092996 -1.541995
v -0.125145 2.097545 -1.519933
v 0.000000 2.319500 -1.588697
v -0.125145 2.092996 -1.541995
v -0.125145 2.097545 -1.519933
v 0.000000 2.324049 -1.566635
v 0.000000 2.319500 -1.588697
v 0.000000 2.324049 -1.566635
v 0.125145 2.092996 -1.541995
v 0.000000 2.319500 -1.588697
v 0.000000 2.324049 -1.566635
v 0.125145 2.097545 -1.519933
v 0.125145 2.092996 -1.541995
v 0.125145 2.097545 -1.519933
v 0.000000 1.907674 -1.503785
v 0.125145 2.092996 -1.541995
v 0.125145 2.097545 -1.519933
v 0.000000 1.912223 -1.481723
v 0.000000 1.907674 -1.503785
vt 0.375000 0.503906
vt 0.375000 0.612891
vt 0.253906 0.612891
vt 0.253906 0.612891
vt 0.375000 0.612891
vt 0.375000 0.746094
vt 0.375000 0.746094
vt 0.375000 0.612891
vt 0.496094 0.612891
vt 0.496094 0.612891
vt 0.375000 0.612891
vt 0.375000 0.503906
vt 0.375000 0.503906
vt 0.253906 0.612891
vt 0.375000 0.612891
vt 0.253906 0.612891
vt 0.375000 0.746094
vt 0.375000 0.612891
vt 0.375000 0.746094
vt 0.496094 0.612891
vt 0.375000 0.612891
vt 0.496094 0.612891
vt 0.375000 0.503906
vt 0.375000 0.612891
vt 0.375000 0.503906
vt 0.253906 0.612891
vt 0.375000 0.503906
vt 0.375000 0.503906
vt 0.253906 0.612891
vt 0.253906 0.612891
vt 0.253906 0.612891
vt 0.375000 0.746094
vt 0.253906 0.612891
vt 0.253906 0.612891
vt 0.375000 0.746094
vt 0.375000 0.746094
vt 0.375000 0.746094
vt 0.496094 0.612891
vt 0.375000 0.746094
vt 0.375000 0.746094
vt 0.496094 0.612891
vt 0.496094 0.612891
vt 0.496094 0.612891
vt 0.375000 0.503906
vt 0.496094 0.612891
vt 0.496094 0.612891
vt 0.375000 0.503906
vt 0.375000 0.503906
vn -0.330527 -0.028694 0.943360
vn -0.330527 -0.028694 0.943360
vn -0.330527 -0.028694 0.943360
vn -0.333169 0.363460 0.869997
vn -0.333169 0.363460 0.869997
vn -0.333169 0.363460 0.869997
vn 0.333169 0.363460 0.869997
vn 0.333169 0.363460 0.869997
vn 0.333169 0.363460 0.869997
vn 0.330527 -0.028694 0.943360
vn 0.330527 -0.028694 0.943360
vn 0.330527 -0.028694 0.943360
vn 0.000000 -0.201938 -0.979398
vn 0.000000 -0.201938 -0.979398
vn 0.000000 -0.201938 -0.979398
vn 0.000000 -0.201938 -0.979398
vn 0.000000 -0.201938 -0.979398
vn 0.000000 -0.201938 -0.979398
vn 0.000000 -0.201938 -0.979398
vn 0.000000 -0.201938 -0.979398
vn 0.000000 -0.201938 -0.979398
vn -0.000000 -0.201938 -0.979398
vn -0.000000 -0.201938 -0.979398
vn -0.000000 -0.201938 -0.979398
vn -0.834082 -0.540276 0.111397
vn -0.834082 -0.540276 0.111397
vn -0.834082 -0.540276 0.111397
vn -0.834082 -0.540276 0.111397
vn -0.834082 -0.540276 0.111397
vn -0.834082 -0.540276 0.111397
vn -0.879491 0.466111 -0.096105
vn -0.879491 0.466111 -0.096105
vn -0.879491 0.466111 -0.096105
vn -0.879491 0.466111 -0.096105
vn -0.879491 0.466111 -0.096105
vn -0.879491 0.466111 -0.096105
vn 0.879491 0.466111 -0.096105
vn 0.879491 0.466111 -0.096105
vn 0.879491 0.466111 -0.096105
vn 0.879491 0.466111 -0.096105
vn 0.879491 0.466111 -0.096105
vn 0.879491 0.466111 -0.096105
vn 0.834082 -0.540276 0.111397
vn 0.834082 -0.540276 0.111397
vn 0.834082 -0.540276 0.111397
vn 0.834082 -0.540276 0.111397
vn 0.834082 -0.540276 0.111397
vn 0.834082 -0.540276 0.111397
f 2134/2134/2134 2135/2135/2135 2136/2136/2136
f 2137/2137/2137 2138/2138/2138 2139/2139/2139
f 2140/2140/2140 2141/2141/2141 2142/2142/2142
f 2143/2143/2143 2144/2144/2144 2145/2145/2145
f 2146/2146/2146 2147/2147/2147 2148/2148/2148
f 2149/2149/2149 2150/2150/2150 2151/2151/2151
f 2152/2152/2152 2153/2153/2153 2154/2154/2154
f 2155/2155/2155 2156/2156/2156 2157/2157/2157
f 2158/2158/2158 2159/2159/2159 2160/2160/2160
f 2161/2161/2161 2162/2162/2162 2163/2163/2163
f 2164/2164/2164 2165/2165/2165 2166/2166/2166
f 2167/2167/2167 2168/2168/2168 2169/2169/2169
f 2170/2170/2170 2171/2171/2171 2172/2172/2172
f 2173/2173/2173 2174/2174/2174 2175/2175/2175
f 2176/2176/2176 2177/2177/2177 2178/2178/2178
f 2179/2179/2179 2180/2180/2180 2181/2181/2181
o FlowingMane-1_0
usemtl PaintedTeaFantasy
v -0.602648 1.211408 -1.034440
v -0.454796 1.127895 -1.090956
v -0.540730 0.811246 -0.868594
v -0.602648 1.211408 -1.034440
v -0.540730 0.811246 -0.868594
v -0.714589 0.929205 -0.807736
v -0.454796 1.127895 -1.090956
v -0.273369 1.159794 -0.995711
v -0.313117 0.856302 -0.766593
v -0.454796 1.127895 -1.090956
v -0.313117 0.856302 -0.766593
v -0.540730 0.811246 -0.868594
v -0.273369 1.159794 -0.995711
v -0.309092 1.263022 -0.880330
v -0.346304 1.002108 -0.642694
v -0.273369 1.159794 -0.995711
v -0.346304 1.002108 -0.642694
v -0.313117 0.856302 -0.766593
v -0.309092 1.263022 -0.880330
v -0.512598 1.294922 -0.904266
v -0.594428 1.047165 -0.668122
v -0.309092 1.263022 -0.880330
v -0.594428 1.047165 -0.668122
v -0.346304 1.002108 -0.642694
v -0.512598 1.294922 -0.904266
v -0.602648 1.211408 -1.034440
v -0.714589 0.929205 -0.807736
v -0.512598 1.294922 -0.904266
v -0.714589 0.929205 -0.807736
v -0.594428 1.047165 -0.668122
v -0.714589 0.929205 -0.807736
v -0.540730 0.811246 -0.868594
v -0.657881 0.515670 -0.447039
v -0.714589 0.929205 -0.807736
v -0.657881 0.515670 -0.447039
v -0.837688 0.700815 -0.461741
v -0.540730 0.811246 -0.868594
v -0.313117 0.856302 -0.766593
v -0.371378 0.586389 -0.395646
v -0.540730 0.811246 -0.868594
v -0.371378 0.586389 -0.395646
v -0.657881 0.515670 -0.447039
v -0.313117 0.856302 -0.766593
v -0.346304 1.002108 -0.642694
v -0.374116 0.815241 -0.378585
v -0.313117 0.856302 -0.766593
v -0.374116 0.815241 -0.378585
v -0.371378 0.586389 -0.395646
v -0.346304 1.002108 -0.642694
v -0.594428 1.047165 -0.668122
v -0.662312 0.885960 -0.419434
v -0.346304 1.002108 -0.642694
v -0.662312 0.885960 -0.419434
v -0.374116 0.815241 -0.378585
v -0.594428 1.047165 -0.668122
v -0.714589 0.929205 -0.807736
v -0.837688 0.700815 -0.461741
v -0.594428 1.047165 -0.668122
v -0.837688 0.700815 -0.461741
v -0.662312 0.885960 -0.419434
v -0.837688 0.700815 -0.461741
v -0.657881 0.515670 -0.447039
v -0.713156 0.699272 0.080181
v -0.837688 0.700815 -0.461741
v -0.713156 0.699272 0.080181
v -0.895893 0.872264 -0.026775
v -0.657881 0.515670 -0.447039
v -0.371378 0.586389 -0.395646
v -0.403543 0.765349 0.067855
v -0.657881 0.515670 -0.447039
v -0.403543 0.765349 0.067855
v -0.713156 0.699272 0.080181
v -0.371378 0.586389 -0.395646
v -0.374116 0.815241 -0.378585
v -0.394928 0.979179 -0.046719
v -0.371378 0.586389 -0.395646
v -0.394928 0.979179 -0.046719
v -0.403543 0.765349 0.067855
v -0.374116 0.815241 -0.378585
v -0.662312 0.885960 -0.419434
v -0.699217 1.045256 -0.105203
v -0.374116 0.815241 -0.378585
v -0.699217 1.045256 -0.105203
v -0.394928 0.979179 -0.046719
v -0.662312 0.885960 -0.419434
v -0.837688 0.700815 -0.461741
v -0.895893 0.872264 -0.026775
v -0.662312 0.885960 -0.419434
v -0.895893 0.872264 -0.026775
v -0.699217 1.045256 -0.105203
v -0.895893 0.872264 -0.026775
v -0.713156 0.699272 0.080181
v -0.734304 0.955550 0.484702
v -0.895893 0.872264 -0.026775
v -0.734304 0.955550 0.484702
v -0.930899 1.131315 0.368111
v -0.713156 0.699272 0.080181
v -0.403543 0.765349 0.067855
v -0.408414 1.022687 0.454442
v -0.713156 0.699272 0.080181
v -0.408414 1.022687 0.454442
v -0.734304 0.955550 0.484702
v -0.403543 0.765349 0.067855
v -0.394928 0.979179 -0.046719
v -0.403597 1.239944 0.319150
v -0.403543 0.765349 0.067855
v -0.403597 1.239944 0.319150
v -0.408414 1.022687 0.454442
v -0.394928 0.979179 -0.046719
v -0.699217 1.045256 -0.105203
v -0.726511 1.307080 0.265794
v -0.394928 0.979179 -0.046719
v -0.726511 1.307080 0.265794
v -0.403597 1.239944 0.319150
v -0.699217 1.045256 -0.105203
v -0.895893 0.872264 -0.026775
v -0.930899 1.131315 0.368111
v -0.699217 1.045256 -0.105203
v -0.930899 1.131315 0.368111
v -0.726511 1.307080 0.265794
v -0.930899 1.131315 0.368111
v -0.734304 0.955550 0.484702
v -0.712144 1.083176 0.667231
v -0.930899 1.131315 0.368111
v -0.712144 1.083176 0.667231
v -0.886810 1.233935 0.589123
v -0.734304 0.955550 0.484702
v -0.408414 1.022687 0.454442
v -0.440536 1.140761 0.616383
v -0.734304 0.955550 0.484702
v -0.440536 1.140761 0.616383
v -0.712144 1.083176 0.667231
v -0.408414 1.022687 0.454442
v -0.403597 1.239944 0.319150
v -0.447340 1.327108 0.506848
v -0.408414 1.022687 0.454442
v -0.447340 1.327108 0.506848
v -0.440536 1.140761 0.616383
v -0.403597 1.239944 0.319150
v -0.726511 1.307080 0.265794
v -0.723152 1.384693 0.490001
v -0.403597 1.239944 0.319150
v -0.723152 1.384693 0.490001
v -0.447340 1.327108 0.506848
v -0.726511 1.307080 0.265794
v -0.930899 1.131315 0.368111
v -0.886810 1.233935 0.589123
v -0.726511 1.307080 0.265794
v -0.886810 1.233935 0.589123
v -0.723152 1.384693 0.490001
v -0.886810 1.233935 0.589123
v -0.712144 1.083176 0.667231
v -0.652267 1.215128 0.809946
v -0.886810 1.233935 0.589123
v -0.652267 1.215128 0.809946
v -0.812327 1.321536 0.758957
v -0.712144 1.083176 0.667231
v -0.440536 1.140761 0.616383
v -0.448613 1.255773 0.710119
v -0.712144 1.083176 0.667231
v -0.448613 1.255773 0.710119
v -0.652267 1.215128 0.809946
v -0.440536 1.140761 0.616383
v -0.447340 1.327108 0.506848
v -0.482807 1.387300 0.597434
v -0.440536 1.140761 0.616383
v -0.482807 1.387300 0.597434
v -0.448613 1.255773 0.710119
v -0.447340 1.327108 0.506848
v -0.723152 1.384693 0.490001
v -0.707595 1.427944 0.627617
v -0.447340 1.327108 0.506848
v -0.707595 1.427944 0.627617
v -0.482807 1.387300 0.597434
v -0.723152 1.384693 0.490001
v -0.886810 1.233935 0.589123
v -0.812327 1.321536 0.758957
v -0.723152 1.384693 0.490001
v -0.812327 1.321536 0.758957
v -0.707595 1.427944 0.627617
v -0.812327 1.321536 0.758957
v -0.652267 1.215128 0.809946
v -0.564867 1.435043 0.915151
v -0.812327 1.321536 0.758957
v -0.564867 1.435043 0.915151
v -0.660940 1.488606 0.894848
v -0.652267 1.215128 0.809946
v -0.448613 1.255773 0.710119
v -0.461239 1.455502 0.840040
v -0.652267 1.215128 0.809946
v -0.461239 1.455502 0.840040
v -0.564867 1.435043 0.915151
v -0.448613 1.255773 0.710119
v -0.482807 1.387300 0.597434
v -0.493267 1.521709 0.773316
v -0.448613 1.255773 0.710119
v -0.493267 1.521709 0.773316
v -0.461239 1.455502 0.840040
v -0.482807 1.387300 0.597434
v -0.707595 1.427944 0.627617
v -0.616689 1.542169 0.807189
v -0.482807 1.387300 0.597434
v -0.616689 1.542169 0.807189
v -0.493267 1.521709 0.773316
v -0.707595 1.427944 0.627617
v -0.812327 1.321536 0.758957
v -0.660940 1.488606 0.894848
v -0.707595 1.427944 0.627617
v -0.660940 1.488606 0.894848
v -0.616689 1.542169 0.807189
v -0.660940 1.488606 0.894848
v -0.564867 1.435043 0.915151
v -0.500648 1.620415 0.966813
v -0.660940 1.488606 0.894848
v -0.500648 1.620415 0.966813
v -0.522418 1.631897 0.963338
v -0.564867 1.435043 0.915151
v -0.461239 1.455502 0.840040
v -0.478787 1.624801 0.948581
v -0.564867 1.435043 0.915151
v -0.478787 1.624801 0.948581
v -0.500648 1.620415 0.966813
v -0.461239 1.455502 0.840040
v -0.493267 1.521709 0.773316
v -0.487045 1.638994 0.933838
v -0.461239 1.455502 0.840040
v -0.487045 1.638994 0.933838
v -0.478787 1.624801 0.948581
v -0.493267 1.521709 0.773316
v -0.616689 1.542169 0.807189
v -0.514011 1.643379 0.942959
v -0.493267 1.521709 0.773316
v -0.514011 1.643379 0.942959
v -0.487045 1.638994 0.933838
v -0.616689 1.542169 0.807189
v -0.660940 1.488606 0.894848
v -0.522418 1.631897 0.963338
v -0.616689 1.542169 0.807189
v -0.522418 1.631897 0.963338
v -0.514011 1.643379 0.942959
v -0.430500 1.211408 -0.981141
v -0.602648 1.211408 -1.034440
v -0.454796 1.127895 -1.090956
v -0.430500 1.211408 -0.981141
v -0.454796 1.127895 -1.090956
v -0.273369 1.159794 -0.995711
v -0.430500 1.211408 -0.981141
v -0.273369 1.159794 -0.995711
v -0.309092 1.263022 -0.880330
v -0.430500 1.211408 -0.981141
v -0.309092 1.263022 -0.880330
v -0.512598 1.294922 -0.904266
v -0.430500 1.211408 -0.981141
v -0.512598 1.294922 -0.904266
v -0.602648 1.211408 -1.034440
v -0.500582 1.631897 0.951106
v -0.522418 1.631897 0.963338
v -0.500648 1.620415 0.966813
v -0.500582 1.631897 0.951106
v -0.500648 1.620415 0.966813
v -0.478787 1.624801 0.948581
v -0.500582 1.631897 0.951106
v -0.478787 1.624801 0.948581
v -0.487045 1.638994 0.933838
v -0.500582 1.631897 0.951106
v -0.487045 1.638994 0.933838
v -0.514011 1.643379 0.942959
v -0.500582 1.631897 0.951106
v -0.514011 1.643379 0.942959
v -0.522418 1.631897 0.963338
vt 0.003906 0.746094
vt 0.052344 0.746094
vt 0.052344 0.715820
vt 0.003906 0.746094
vt 0.052344 0.715820
vt 0.003906 0.715820
vt 0.052344 0.746094
vt 0.100781 0.746094
vt 0.100781 0.715820
vt 0.052344 0.746094
vt 0.100781 0.715820
vt 0.052344 0.715820
vt 0.100781 0.746094
vt 0.149219 0.746094
vt 0.149219 0.715820
vt 0.100781 0.746094
vt 0.149219 0.715820
vt 0.100781 0.715820
vt 0.149219 0.746094
vt 0.197656 0.746094
vt 0.197656 0.715820
vt 0.149219 0.746094
vt 0.197656 0.715820
vt 0.149219 0.715820
vt 0.197656 0.746094
vt 0.246094 0.746094
vt 0.246094 0.715820
vt 0.197656 0.746094
vt 0.246094 0.715820
vt 0.197656 0.715820
vt 0.003906 0.715820
vt 0.052344 0.715820
vt 0.052344 0.685547
vt 0.003906 0.715820
vt 0.052344 0.685547
vt 0.003906 0.685547
vt 0.052344 0.715820
vt 0.100781 0.715820
vt 0.100781 0.685547
vt 0.052344 0.715820
vt 0.100781 0.685547
vt 0.052344 0.685547
vt 0.100781 0.715820
vt 0.149219 0.715820
vt 0.149219 0.685547
vt 0.100781 0.715820
vt 0.149219 0.685547
vt 0.100781 0.685547
vt 0.149219 0.715820
vt 0.197656 0.715820
vt 0.197656 0.685547
vt 0.149219 0.715820
vt 0.197656 0.685547
vt 0.149219 0.685547
vt 0.197656 0.715820
vt 0.246094 0.715820
vt 0.246094 0.685547
vt 0.197656 0.715820
vt 0.246094 0.685547
vt 0.197656 0.685547
vt 0.003906 0.685547
vt 0.052344 0.685547
vt 0.052344 0.655273
vt 0.003906 0.685547
vt 0.052344 0.655273
vt 0.003906 0.655273
vt 0.052344 0.685547
vt 0.100781 0.685547
vt 0.100781 0.655273
vt 0.052344 0.685547
vt 0.100781 0.655273
vt 0.052344 0.655273
vt 0.100781 0.685547
vt 0.149219 0.685547
vt 0.149219 0.655273
vt 0.100781 0.685547
vt 0.149219 0.655273
vt 0.100781 0.655273
vt 0.149219 0.685547
vt 0.197656 0.685547
vt 0.197656 0.655273
vt 0.149219 0.685547
vt 0.197656 0.655273
vt 0.149219 0.655273
vt 0.197656 0.685547
vt 0.246094 0.685547
vt 0.246094 0.655273
vt 0.197656 0.685547
vt 0.246094 0.655273
vt 0.197656 0.655273
vt 0.003906 0.655273
vt 0.052344 0.655273
vt 0.052344 0.625000
vt 0.003906 0.655273
vt 0.052344 0.625000
vt 0.003906 0.625000
vt 0.052344 0.655273
vt 0.100781 0.655273
vt 0.100781 0.625000
vt 0.052344 0.655273
vt 0.100781 0.625000
vt 0.052344 0.625000
vt 0.100781 0.655273
vt 0.149219 0.655273
vt 0.149219 0.625000
vt 0.100781 0.655273
vt 0.149219 0.625000
vt 0.100781 0.625000
vt 0.149219 0.655273
vt 0.197656 0.655273
vt 0.197656 0.625000
vt 0.149219 0.655273
vt 0.197656 0.625000
vt 0.149219 0.625000
vt 0.197656 0.655273
vt 0.246094 0.655273
vt 0.246094 0.625000
vt 0.197656 0.655273
vt 0.246094 0.625000
vt 0.197656 0.625000
vt 0.003906 0.625000
vt 0.052344 0.625000
vt 0.052344 0.594727
vt 0.003906 0.625000
vt 0.052344 0.594727
vt 0.003906 0.594727
vt 0.052344 0.625000
vt 0.100781 0.625000
vt 0.100781 0.594727
vt 0.052344 0.625000
vt 0.100781 0.594727
vt 0.052344 0.594727
vt 0.100781 0.625000
vt 0.149219 0.625000
vt 0.149219 0.594727
vt 0.100781 0.625000
vt 0.149219 0.594727
vt 0.100781 0.594727
vt 0.149219 0.625000
vt 0.197656 0.625000
vt 0.197656 0.594727
vt 0.149219 0.625000
vt 0.197656 0.594727
vt 0.149219 0.594727
vt 0.197656 0.625000
vt 0.246094 0.625000
vt 0.246094 0.594727
vt 0.197656 0.625000
vt 0.246094 0.594727
vt 0.197656 0.594727
vt 0.003906 0.594727
vt 0.052344 0.594727
vt 0.052344 0.564453
vt 0.003906 0.594727
vt 0.052344 0.564453
vt 0.003906 0.564453
vt 0.052344 0.594727
vt 0.100781 0.594727
vt 0.100781 0.564453
vt 0.052344 0.594727
vt 0.100781 0.564453
vt 0.052344 0.564453
vt 0.100781 0.594727
vt 0.149219 0.594727
vt 0.149219 0.564453
vt 0.100781 0.594727
vt 0.149219 0.564453
vt 0.100781 0.564453
vt 0.149219 0.594727
vt 0.197656 0.594727
vt 0.197656 0.564453
vt 0.149219 0.594727
vt 0.197656 0.564453
vt 0.149219 0.564453
vt 0.197656 0.594727
vt 0.246094 0.594727
vt 0.246094 0.564453
vt 0.197656 0.594727
vt 0.246094 0.564453
vt 0.197656 0.564453
vt 0.003906 0.564453
vt 0.052344 0.564453
vt 0.052344 0.534180
vt 0.003906 0.564453
vt 0.052344 0.534180
vt 0.003906 0.534180
vt 0.052344 0.564453
vt 0.100781 0.564453
vt 0.100781 0.534180
vt 0.052344 0.564453
vt 0.100781 0.534180
vt 0.052344 0.534180
vt 0.100781 0.564453
vt 0.149219 0.564453
vt 0.149219 0.534180
vt 0.100781 0.564453
vt 0.149219 0.534180
vt 0.100781 0.534180
vt 0.149219 0.564453
vt 0.197656 0.564453
vt 0.197656 0.534180
vt 0.149219 0.564453
vt 0.197656 0.534180
vt 0.149219 0.534180
vt 0.197656 0.564453
vt 0.246094 0.564453
vt 0.246094 0.534180
vt 0.197656 0.564453
vt 0.246094 0.534180
vt 0.197656 0.534180
vt 0.003906 0.534180
vt 0.052344 0.534180
vt 0.052344 0.503906
vt 0.003906 0.534180
vt 0.052344 0.503906
vt 0.003906 0.503906
vt 0.052344 0.534180
vt 0.100781 0.534180
vt 0.100781 0.503906
vt 0.052344 0.534180
vt 0.100781 0.503906
vt 0.052344 0.503906
vt 0.100781 0.534180
vt 0.149219 0.534180
vt 0.149219 0.503906
vt 0.100781 0.534180
vt 0.149219 0.503906
vt 0.100781 0.503906
vt 0.149219 0.534180
vt 0.197656 0.534180
vt 0.197656 0.503906
vt 0.149219 0.534180
vt 0.197656 0.503906
vt 0.149219 0.503906
vt 0.197656 0.534180
vt 0.246094 0.534180
vt 0.246094 0.503906
vt 0.197656 0.534180
vt 0.246094 0.503906
vt 0.197656 0.503906
vt 0.125000 0.625000
vt 0.003906 0.746094
vt 0.246094 0.503906
vt 0.125000 0.625000
vt 0.003906 0.746094
vt 0.246094 0.503906
vt 0.125000 0.625000
vt 0.003906 0.746094
vt 0.246094 0.503906
vt 0.125000 0.625000
vt 0.003906 0.746094
vt 0.246094 0.503906
vt 0.125000 0.625000
vt 0.003906 0.746094
vt 0.246094 0.503906
vt 0.125000 0.625000
vt 0.003906 0.746094
vt 0.246094 0.503906
vt 0.125000 0.625000
vt 0.003906 0.746094
vt 0.246094 0.503906
vt 0.125000 0.625000
vt 0.003906 0.746094
vt 0.246094 0.503906
vt 0.125000 0.625000
vt 0.003906 0.746094
vt 0.246094 0.503906
vt 0.125000 0.625000
vt 0.003906 0.746094
vt 0.246094 0.503906
vn -0.514156 -0.395070 -0.761290
vn -0.514156 -0.395070 -0.761290
vn -0.514156 -0.395070 -0.761290
vn -0.529886 -0.393371 -0.751319
vn -0.529886 -0.393371 -0.751319
vn -0.529886 -0.393371 -0.751319
vn 0.457636 -0.573127 -0.679776
vn 0.457636 -0.573127 -0.679776
vn 0.457636 -0.573127 -0.679776
vn 0.423855 -0.594732 -0.683111
vn 0.423855 -0.594732 -0.683111
vn 0.423855 -0.594732 -0.683111
vn 0.969488 0.074452 0.233558
vn 0.969488 0.074452 0.233558
vn 0.969488 0.074452 0.233558
vn 0.975270 0.036795 0.217932
vn 0.975270 0.036795 0.217932
vn 0.975270 0.036795 0.217932
vn 0.021979 0.685958 0.727309
vn 0.021979 0.685958 0.727309
vn 0.021979 0.685958 0.727309
vn 0.045485 0.669107 0.741773
vn 0.045485 0.669107 0.741773
vn 0.045485 0.669107 0.741773
vn -0.822479 0.516914 0.237336
vn -0.822479 0.516914 0.237336
vn -0.822479 0.516914 0.237336
vn -0.813784 0.518669 0.262179
vn -0.813784 0.518669 0.262179
vn -0.813784 0.518669 0.262179
vn -0.589052 -0.575544 -0.567245
vn -0.589052 -0.575544 -0.567245
vn -0.589052 -0.575544 -0.567245
vn -0.557358 -0.587847 -0.586334
vn -0.557358 -0.587847 -0.586334
vn -0.557358 -0.587847 -0.586334
vn 0.379623 -0.775416 -0.504595
vn 0.379623 -0.775416 -0.504595
vn 0.379623 -0.775416 -0.504595
vn 0.290856 -0.819507 -0.493772
vn 0.290856 -0.819507 -0.493772
vn 0.290856 -0.819507 -0.493772
vn 0.982894 0.084787 0.163496
vn 0.982894 0.084787 0.163496
vn 0.982894 0.084787 0.163496
vn 0.987863 0.000241 0.155330
vn 0.987863 0.000241 0.155330
vn 0.987863 0.000241 0.155330
vn 0.092292 0.823856 0.559235
vn 0.092292 0.823856 0.559235
vn 0.092292 0.823856 0.559235
vn 0.115108 0.805148 0.581796
vn 0.115108 0.805148 0.581796
vn 0.115108 0.805148 0.581796
vn -0.770392 0.622690 0.136944
vn -0.770392 0.622690 0.136944
vn -0.770392 0.622690 0.136944
vn -0.732937 0.644516 0.217720
vn -0.732937 0.644516 0.217720
vn -0.732937 0.644516 0.217720
vn -0.714279 -0.680806 0.162202
vn -0.714279 -0.680806 0.162202
vn -0.714279 -0.680806 0.162202
vn -0.727311 -0.666119 0.165238
vn -0.727311 -0.666119 0.165238
vn -0.727311 -0.666119 0.165238
vn 0.160823 -0.916935 0.365194
vn 0.160823 -0.916935 0.365194
vn 0.160823 -0.916935 0.365194
vn 0.209170 -0.916465 0.341085
vn 0.209170 -0.916465 0.341085
vn 0.209170 -0.916465 0.341085
vn 0.998237 0.007556 0.058869
vn 0.998237 0.007556 0.058869
vn 0.998237 0.007556 0.058869
vn 0.997529 -0.002565 0.070215
vn 0.997529 -0.002565 0.070215
vn 0.997529 -0.002565 0.070215
vn 0.271750 0.870868 -0.409562
vn 0.271750 0.870868 -0.409562
vn 0.271750 0.870868 -0.409562
vn 0.268371 0.870259 -0.413069
vn 0.268371 0.870259 -0.413069
vn 0.268371 0.870259 -0.413069
vn -0.636871 0.684384 -0.354984
vn -0.636871 0.684384 -0.354984
vn -0.636871 0.684384 -0.354984
vn -0.690943 0.608822 -0.389785
vn -0.690943 0.608822 -0.389785
vn -0.690943 0.608822 -0.389785
vn -0.743616 -0.581694 0.329648
vn -0.743616 -0.581694 0.329648
vn -0.743616 -0.581694 0.329648
vn -0.730295 -0.599089 0.328272
vn -0.730295 -0.599089 0.328272
vn -0.730295 -0.599089 0.328272
vn 0.195681 -0.815203 0.545117
vn 0.195681 -0.815203 0.545117
vn 0.195681 -0.815203 0.545117
vn 0.218017 -0.819229 0.530408
vn 0.218017 -0.819229 0.530408
vn 0.218017 -0.819229 0.530408
vn 0.999083 -0.019948 0.037890
vn 0.999083 -0.019948 0.037890
vn 0.999083 -0.019948 0.037890
vn 0.999762 -0.010123 0.019335
vn 0.999762 -0.010123 0.019335
vn 0.999762 -0.010123 0.019335
vn 0.276439 0.794652 -0.540472
vn 0.276439 0.794652 -0.540472
vn 0.276439 0.794652 -0.540472
vn 0.256278 0.789997 -0.556980
vn 0.256278 0.789997 -0.556980
vn 0.256278 0.789997 -0.556980
vn -0.685473 0.579436 -0.440886
vn -0.685473 0.579436 -0.440886
vn -0.685473 0.579436 -0.440886
vn -0.701519 0.556921 -0.444646
vn -0.701519 0.556921 -0.444646
vn -0.701519 0.556921 -0.444646
vn -0.728596 -0.516644 0.449696
vn -0.728596 -0.516644 0.449696
vn -0.728596 -0.516644 0.449696
vn -0.693896 -0.590231 0.412476
vn -0.693896 -0.590231 0.412476
vn -0.693896 -0.590231 0.412476
vn 0.214300 -0.768528 0.602860
vn 0.214300 -0.768528 0.602860
vn 0.214300 -0.768528 0.602860
vn 0.269659 -0.804246 0.529596
vn 0.269659 -0.804246 0.529596
vn 0.269659 -0.804246 0.529596
vn 0.978361 0.093311 0.184671
vn 0.978361 0.093311 0.184671
vn 0.978361 0.093311 0.184671
vn 0.987278 0.105810 0.118690
vn 0.987278 0.105810 0.118690
vn 0.987278 0.105810 0.118690
vn 0.243295 0.915455 -0.320545
vn 0.243295 0.915455 -0.320545
vn 0.243295 0.915455 -0.320545
vn 0.211458 0.904362 -0.370694
vn 0.211458 0.904362 -0.370694
vn 0.211458 0.904362 -0.370694
vn -0.692453 0.697187 -0.185580
vn -0.692453 0.697187 -0.185580
vn -0.692453 0.697187 -0.185580
vn -0.728817 0.650339 -0.214207
vn -0.728817 0.650339 -0.214207
vn -0.728817 0.650339 -0.214207
vn -0.642705 -0.408999 0.647804
vn -0.642705 -0.408999 0.647804
vn -0.642705 -0.408999 0.647804
vn -0.574976 -0.596594 0.559891
vn -0.574976 -0.596594 0.559891
vn -0.574976 -0.596594 0.559891
vn 0.268141 -0.597248 0.755907
vn 0.268141 -0.597248 0.755907
vn 0.268141 -0.597248 0.755907
vn 0.405874 -0.749625 0.522808
vn 0.405874 -0.749625 0.522808
vn 0.405874 -0.749625 0.522808
vn 0.950647 0.182290 0.251078
vn 0.950647 0.182290 0.251078
vn 0.950647 0.182290 0.251078
vn 0.980880 0.159619 -0.111338
vn 0.980880 0.159619 -0.111338
vn 0.980880 0.159619 -0.111338
vn 0.212372 0.925108 -0.314760
vn 0.212372 0.925108 -0.314760
vn 0.212372 0.925108 -0.314760
vn 0.081644 0.844550 -0.529215
vn 0.081644 0.844550 -0.529215
vn 0.081644 0.844550 -0.529215
vn -0.696593 0.714682 -0.063140
vn -0.696593 0.714682 -0.063140
vn -0.696593 0.714682 -0.063140
vn -0.772529 0.625509 -0.109257
vn -0.772529 0.625509 -0.109257
vn -0.772529 0.625509 -0.109257
vn -0.436472 -0.241195 0.866786
vn -0.436472 -0.241195 0.866786
vn -0.436472 -0.241195 0.866786
vn -0.377933 -0.353530 0.855677
vn -0.377933 -0.353530 0.855677
vn -0.377933 -0.353530 0.855677
vn 0.462946 -0.462573 0.756113
vn 0.462946 -0.462573 0.756113
vn 0.462946 -0.462573 0.756113
vn 0.564289 -0.527915 0.634731
vn 0.564289 -0.527915 0.634731
vn 0.564289 -0.527915 0.634731
vn 0.979458 0.184045 -0.082395
vn 0.979458 0.184045 -0.082395
vn 0.979458 0.184045 -0.082395
vn 0.946445 0.215957 -0.240009
vn 0.946445 0.215957 -0.240009
vn 0.946445 0.215957 -0.240009
vn 0.073622 0.824178 -0.561525
vn 0.073622 0.824178 -0.561525
vn 0.073622 0.824178 -0.561525
vn -0.035446 0.793034 -0.608146
vn -0.035446 0.793034 -0.608146
vn -0.035446 0.793034 -0.608146
vn -0.729376 0.683546 -0.027826
vn -0.729376 0.683546 -0.027826
vn -0.729376 0.683546 -0.027826
vn -0.776778 0.629732 -0.007334
vn -0.776778 0.629732 -0.007334
vn -0.776778 0.629732 -0.007334
vn -0.289883 -0.162432 0.943177
vn -0.289883 -0.162432 0.943177
vn -0.289883 -0.162432 0.943177
vn -0.257618 -0.202544 0.944780
vn -0.257618 -0.202544 0.944780
vn -0.257618 -0.202544 0.944780
vn 0.589405 -0.391828 0.706451
vn 0.589405 -0.391828 0.706451
vn 0.589405 -0.391828 0.706451
vn 0.632428 -0.403390 0.661295
vn 0.632428 -0.403390 0.661295
vn 0.632428 -0.403390 0.661295
vn 0.946344 0.242362 -0.213759
vn 0.946344 0.242362 -0.213759
vn 0.946344 0.242362 -0.213759
vn 0.927300 0.265365 -0.263998
vn 0.927300 0.265365 -0.263998
vn 0.927300 0.265365 -0.263998
vn -0.026067 0.810819 -0.584717
vn -0.026067 0.810819 -0.584717
vn -0.026067 0.810819 -0.584717
vn -0.067283 0.806851 -0.586911
vn -0.067283 0.806851 -0.586911
vn -0.067283 0.806851 -0.586911
vn -0.729611 0.682141 0.048500
vn -0.729611 0.682141 0.048500
vn -0.729611 0.682141 0.048500
vn -0.744197 0.664549 0.067414
vn -0.744197 0.664549 0.067414
vn -0.744197 0.664549 0.067414
vn -0.192156 -0.760195 0.620629
vn -0.192156 -0.760195 0.620629
vn -0.192156 -0.760195 0.620629
vn -0.192156 -0.760195 0.620629
vn -0.192156 -0.760195 0.620629
vn -0.192156 -0.760195 0.620629
vn -0.192156 -0.760195 0.620629
vn -0.192156 -0.760195 0.620629
vn -0.192156 -0.760195 0.620629
vn -0.192156 -0.760195 0.620629
vn -0.192156 -0.760195 0.620629
vn -0.192156 -0.760195 0.620629
vn -0.192156 -0.760195 0.620629
vn -0.192156 -0.760195 0.620629
vn -0.192156 -0.760195 0.620629
vn 0.314324 0.765746 0.561101
vn 0.314324 0.765746 0.561101
vn 0.314324 0.765746 0.561101
vn 0.314324 0.765746 0.561101
vn 0.314324 0.765746 0.561101
vn 0.314324 0.765746 0.561101
vn 0.314324 0.765746 0.561101
vn 0.314324 0.765746 0.561101
vn 0.314324 0.765746 0.561101
vn 0.314324 0.765746 0.561101
vn 0.314324 0.765746 0.561101
vn 0.314324 0.765746 0.561101
vn 0.314324 0.765746 0.561101
vn 0.314324 0.765746 0.561101
vn 0.314324 0.765746 0.561101
f 2182/2182/2182 2183/2183/2183 2184/2184/2184
f 2185/2185/2185 2186/2186/2186 2187/2187/2187
f 2188/2188/2188 2189/2189/2189 2190/2190/2190
f 2191/2191/2191 2192/2192/2192 2193/2193/2193
f 2194/2194/2194 2195/2195/2195 2196/2196/2196
f 2197/2197/2197 2198/2198/2198 2199/2199/2199
f 2200/2200/2200 2201/2201/2201 2202/2202/2202
f 2203/2203/2203 2204/2204/2204 2205/2205/2205
f 2206/2206/2206 2207/2207/2207 2208/2208/2208
f 2209/2209/2209 2210/2210/2210 2211/2211/2211
f 2212/2212/2212 2213/2213/2213 2214/2214/2214
f 2215/2215/2215 2216/2216/2216 2217/2217/2217
f 2218/2218/2218 2219/2219/2219 2220/2220/2220
f 2221/2221/2221 2222/2222/2222 2223/2223/2223
f 2224/2224/2224 2225/2225/2225 2226/2226/2226
f 2227/2227/2227 2228/2228/2228 2229/2229/2229
f 2230/2230/2230 2231/2231/2231 2232/2232/2232
f 2233/2233/2233 2234/2234/2234 2235/2235/2235
f 2236/2236/2236 2237/2237/2237 2238/2238/2238
f 2239/2239/2239 2240/2240/2240 2241/2241/2241
f 2242/2242/2242 2243/2243/2243 2244/2244/2244
f 2245/2245/2245 2246/2246/2246 2247/2247/2247
f 2248/2248/2248 2249/2249/2249 2250/2250/2250
f 2251/2251/2251 2252/2252/2252 2253/2253/2253
f 2254/2254/2254 2255/2255/2255 2256/2256/2256
f 2257/2257/2257 2258/2258/2258 2259/2259/2259
f 2260/2260/2260 2261/2261/2261 2262/2262/2262
f 2263/2263/2263 2264/2264/2264 2265/2265/2265
f 2266/2266/2266 2267/2267/2267 2268/2268/2268
f 2269/2269/2269 2270/2270/2270 2271/2271/2271
f 2272/2272/2272 2273/2273/2273 2274/2274/2274
f 2275/2275/2275 2276/2276/2276 2277/2277/2277
f 2278/2278/2278 2279/2279/2279 2280/2280/2280
f 2281/2281/2281 2282/2282/2282 2283/2283/2283
f 2284/2284/2284 2285/2285/2285 2286/2286/2286
f 2287/2287/2287 2288/2288/2288 2289/2289/2289
f 2290/2290/2290 2291/2291/2291 2292/2292/2292
f 2293/2293/2293 2294/2294/2294 2295/2295/2295
f 2296/2296/2296 2297/2297/2297 2298/2298/2298
f 2299/2299/2299 2300/2300/2300 2301/2301/2301
f 2302/2302/2302 2303/2303/2303 2304/2304/2304
f 2305/2305/2305 2306/2306/2306 2307/2307/2307
f 2308/2308/2308 2309/2309/2309 2310/2310/2310
f 2311/2311/2311 2312/2312/2312 2313/2313/2313
f 2314/2314/2314 2315/2315/2315 2316/2316/2316
f 2317/2317/2317 2318/2318/2318 2319/2319/2319
f 2320/2320/2320 2321/2321/2321 2322/2322/2322
f 2323/2323/2323 2324/2324/2324 2325/2325/2325
f 2326/2326/2326 2327/2327/2327 2328/2328/2328
f 2329/2329/2329 2330/2330/2330 2331/2331/2331
f 2332/2332/2332 2333/2333/2333 2334/2334/2334
f 2335/2335/2335 2336/2336/2336 2337/2337/2337
f 2338/2338/2338 2339/2339/2339 2340/2340/2340
f 2341/2341/2341 2342/2342/2342 2343/2343/2343
f 2344/2344/2344 2345/2345/2345 2346/2346/2346
f 2347/2347/2347 2348/2348/2348 2349/2349/2349
f 2350/2350/2350 2351/2351/2351 2352/2352/2352
f 2353/2353/2353 2354/2354/2354 2355/2355/2355
f 2356/2356/2356 2357/2357/2357 2358/2358/2358
f 2359/2359/2359 2360/2360/2360 2361/2361/2361
f 2362/2362/2362 2363/2363/2363 2364/2364/2364
f 2365/2365/2365 2366/2366/2366 2367/2367/2367
f 2368/2368/2368 2369/2369/2369 2370/2370/2370
f 2371/2371/2371 2372/2372/2372 2373/2373/2373
f 2374/2374/2374 2375/2375/2375 2376/2376/2376
f 2377/2377/2377 2378/2378/2378 2379/2379/2379
f 2380/2380/2380 2381/2381/2381 2382/2382/2382
f 2383/2383/2383 2384/2384/2384 2385/2385/2385
f 2386/2386/2386 2387/2387/2387 2388/2388/2388
f 2389/2389/2389 2390/2390/2390 2391/2391/2391
f 2392/2392/2392 2393/2393/2393 2394/2394/2394
f 2395/2395/2395 2396/2396/2396 2397/2397/2397
f 2398/2398/2398 2399/2399/2399 2400/2400/2400
f 2401/2401/2401 2402/2402/2402 2403/2403/2403
f 2404/2404/2404 2405/2405/2405 2406/2406/2406
f 2407/2407/2407 2408/2408/2408 2409/2409/2409
f 2410/2410/2410 2411/2411/2411 2412/2412/2412
f 2413/2413/2413 2414/2414/2414 2415/2415/2415
f 2416/2416/2416 2417/2417/2417 2418/2418/2418
f 2419/2419/2419 2420/2420/2420 2421/2421/2421
f 2422/2422/2422 2423/2423/2423 2424/2424/2424
f 2425/2425/2425 2426/2426/2426 2427/2427/2427
f 2428/2428/2428 2429/2429/2429 2430/2430/2430
f 2431/2431/2431 2432/2432/2432 2433/2433/2433
f 2434/2434/2434 2435/2435/2435 2436/2436/2436
f 2437/2437/2437 2438/2438/2438 2439/2439/2439
f 2440/2440/2440 2441/2441/2441 2442/2442/2442
f 2443/2443/2443 2444/2444/2444 2445/2445/2445
f 2446/2446/2446 2447/2447/2447 2448/2448/2448
f 2449/2449/2449 2450/2450/2450 2451/2451/2451
o FlowingMane1_0
usemtl PaintedTeaFantasy
v 0.258353 1.211408 -0.927841
v 0.348403 1.127895 -1.058016
v 0.409239 0.811246 -0.833373
v 0.258353 1.211408 -0.927841
v 0.409239 0.811246 -0.833373
v 0.289078 0.929205 -0.693760
v 0.348403 1.127895 -1.058016
v 0.551909 1.159794 -1.081951
v 0.657363 0.856302 -0.858801
v 0.348403 1.127895 -1.058016
v 0.657363 0.856302 -0.858801
v 0.409239 0.811246 -0.833373
v 0.551909 1.159794 -1.081951
v 0.587632 1.263022 -0.966570
v 0.690550 1.002108 -0.734903
v 0.551909 1.159794 -1.081951
v 0.690550 1.002108 -0.734903
v 0.657363 0.856302 -0.858801
v 0.587632 1.263022 -0.966570
v 0.406205 1.294922 -0.871325
v 0.462937 1.047165 -0.632902
v 0.587632 1.263022 -0.966570
v 0.462937 1.047165 -0.632902
v 0.690550 1.002108 -0.734903
v 0.406205 1.294922 -0.871325
v 0.258353 1.211408 -0.927841
v 0.289078 0.929205 -0.693760
v 0.406205 1.294922 -0.871325
v 0.289078 0.929205 -0.693760
v 0.462937 1.047165 -0.632902
v 0.289078 0.929205 -0.693760
v 0.409239 0.811246 -0.833373
v 0.499038 0.515670 -0.421544
v 0.289078 0.929205 -0.693760
v 0.499038 0.515670 -0.421544
v 0.323662 0.700815 -0.379237
v 0.409239 0.811246 -0.833373
v 0.657363 0.856302 -0.858801
v 0.787234 0.586389 -0.462393
v 0.409239 0.811246 -0.833373
v 0.787234 0.586389 -0.462393
v 0.499038 0.515670 -0.421544
v 0.657363 0.856302 -0.858801
v 0.690550 1.002108 -0.734903
v 0.789972 0.815241 -0.445332
v 0.657363 0.856302 -0.858801
v 0.789972 0.815241 -0.445332
v 0.787234 0.586389 -0.462393
v 0.690550 1.002108 -0.734903
v 0.462937 1.047165 -0.632902
v 0.503469 0.885960 -0.393939
v 0.690550 1.002108 -0.734903
v 0.503469 0.885960 -0.393939
v 0.789972 0.815241 -0.445332
v 0.462937 1.047165 -0.632902
v 0.289078 0.929205 -0.693760
v 0.323662 0.700815 -0.379237
v 0.462937 1.047165 -0.632902
v 0.323662 0.700815 -0.379237
v 0.503469 0.885960 -0.393939
v 0.323662 0.700815 -0.379237
v 0.499038 0.515670 -0.421544
v 0.543478 0.699272 0.092939
v 0.323662 0.700815 -0.379237
v 0.543478 0.699272 0.092939
v 0.346802 0.872264 0.014510
v 0.499038 0.515670 -0.421544
v 0.787234 0.586389 -0.462393
v 0.847766 0.765349 0.034455
v 0.499038 0.515670 -0.421544
v 0.847766 0.765349 0.034455
v 0.543478 0.699272 0.092939
v 0.787234 0.586389 -0.462393
v 0.789972 0.815241 -0.445332
v 0.839152 0.979179 -0.080119
v 0.787234 0.586389 -0.462393
v 0.839152 0.979179 -0.080119
v 0.847766 0.765349 0.034455
v 0.789972 0.815241 -0.445332
v 0.503469 0.885960 -0.393939
v 0.529539 1.045256 -0.092445
v 0.789972 0.815241 -0.445332
v 0.529539 1.045256 -0.092445
v 0.839152 0.979179 -0.080119
v 0.503469 0.885960 -0.393939
v 0.323662 0.700815 -0.379237
v 0.346802 0.872264 0.014510
v 0.503469 0.885960 -0.393939
v 0.346802 0.872264 0.014510
v 0.529539 1.045256 -0.092445
v 0.346802 0.872264 0.014510
v 0.543478 0.699272 0.092939
v 0.554979 0.955550 0.491085
v 0.346802 0.872264 0.014510
v 0.554979 0.955550 0.491085
v 0.350591 1.131315 0.388769
v 0.543478 0.699272 0.092939
v 0.847766 0.765349 0.034455
v 0.877892 1.022687 0.437730
v 0.543478 0.699272 0.092939
v 0.877892 1.022687 0.437730
v 0.554979 0.955550 0.491085
v 0.847766 0.765349 0.034455
v 0.839152 0.979179 -0.080119
v 0.873076 1.239944 0.302437
v 0.847766 0.765349 0.034455
v 0.873076 1.239944 0.302437
v 0.877892 1.022687 0.437730
v 0.839152 0.979179 -0.080119
v 0.529539 1.045256 -0.092445
v 0.547186 1.307080 0.272178
v 0.839152 0.979179 -0.080119
v 0.547186 1.307080 0.272178
v 0.873076 1.239944 0.302437
v 0.529539 1.045256 -0.092445
v 0.346802 0.872264 0.014510
v 0.350591 1.131315 0.388769
v 0.529539 1.045256 -0.092445
v 0.350591 1.131315 0.388769
v 0.547186 1.307080 0.272178
v 0.350591 1.131315 0.388769
v 0.554979 0.955550 0.491085
v 0.560841 1.083176 0.657833
v 0.350591 1.131315 0.388769
v 0.560841 1.083176 0.657833
v 0.397183 1.233935 0.558711
v 0.554979 0.955550 0.491085
v 0.877892 1.022687 0.437730
v 0.836653 1.140761 0.640986
v 0.554979 0.955550 0.491085
v 0.836653 1.140761 0.640986
v 0.560841 1.083176 0.657833
v 0.877892 1.022687 0.437730
v 0.873076 1.239944 0.302437
v 0.843456 1.327108 0.531452
v 0.877892 1.022687 0.437730
v 0.843456 1.327108 0.531452
v 0.836653 1.140761 0.640986
v 0.873076 1.239944 0.302437
v 0.547186 1.307080 0.272178
v 0.571849 1.384693 0.480603
v 0.873076 1.239944 0.302437
v 0.571849 1.384693 0.480603
v 0.843456 1.327108 0.531452
v 0.547186 1.307080 0.272178
v 0.350591 1.131315 0.388769
v 0.397183 1.233935 0.558711
v 0.547186 1.307080 0.272178
v 0.397183 1.233935 0.558711
v 0.571849 1.384693 0.480603
v 0.397183 1.233935 0.558711
v 0.560841 1.083176 0.657833
v 0.533849 1.215128 0.774012
v 0.397183 1.233935 0.558711
v 0.533849 1.215128 0.774012
v 0.429116 1.321536 0.642672
v 0.560841 1.083176 0.657833
v 0.836653 1.140761 0.640986
v 0.758637 1.255773 0.804195
v 0.560841 1.083176 0.657833
v 0.758637 1.255773 0.804195
v 0.533849 1.215128 0.774012
v 0.836653 1.140761 0.640986
v 0.843456 1.327108 0.531452
v 0.792831 1.387300 0.691510
v 0.836653 1.140761 0.640986
v 0.792831 1.387300 0.691510
v 0.758637 1.255773 0.804195
v 0.843456 1.327108 0.531452
v 0.571849 1.384693 0.480603
v 0.589176 1.427944 0.591684
v 0.843456 1.327108 0.531452
v 0.589176 1.427944 0.591684
v 0.792831 1.387300 0.691510
v 0.571849 1.384693 0.480603
v 0.397183 1.233935 0.558711
v 0.429116 1.321536 0.642672
v 0.571849 1.384693 0.480603
v 0.429116 1.321536 0.642672
v 0.589176 1.427944 0.591684
v 0.429116 1.321536 0.642672
v 0.533849 1.215128 0.774012
v 0.502112 1.435043 0.885028
v 0.429116 1.321536 0.642672
v 0.502112 1.435043 0.885028
v 0.457861 1.488606 0.797370
v 0.533849 1.215128 0.774012
v 0.758637 1.255773 0.804195
v 0.625534 1.455502 0.918901
v 0.533849 1.215128 0.774012
v 0.625534 1.455502 0.918901
v 0.502112 1.435043 0.885028
v 0.758637 1.255773 0.804195
v 0.792831 1.387300 0.691510
v 0.657561 1.521709 0.852177
v 0.758637 1.255773 0.804195
v 0.657561 1.521709 0.852177
v 0.625534 1.455502 0.918901
v 0.792831 1.387300 0.691510
v 0.589176 1.427944 0.591684
v 0.553934 1.542169 0.777067
v 0.792831 1.387300 0.691510
v 0.553934 1.542169 0.777067
v 0.657561 1.521709 0.852177
v 0.589176 1.427944 0.591684
v 0.429116 1.321536 0.642672
v 0.457861 1.488606 0.797370
v 0.589176 1.427944 0.591684
v 0.457861 1.488606 0.797370
v 0.553934 1.542169 0.777067
v 0.457861 1.488606 0.797370
v 0.502112 1.435043 0.885028
v 0.487153 1.620415 0.959253
v 0.457861 1.488606 0.797370
v 0.487153 1.620415 0.959253
v 0.478746 1.631897 0.938873
v 0.502112 1.435043 0.885028
v 0.625534 1.455502 0.918901
v 0.514119 1.624801 0.968373
v 0.502112 1.435043 0.885028
v 0.514119 1.624801 0.968373
v 0.487153 1.620415 0.959253
v 0.625534 1.455502 0.918901
v 0.657561 1.521709 0.852177
v 0.522377 1.638994 0.953631
v 0.625534 1.455502 0.918901
v 0.522377 1.638994 0.953631
v 0.514119 1.624801 0.968373
v 0.657561 1.521709 0.852177
v 0.553934 1.542169 0.777067
v 0.500516 1.643379 0.935399
v 0.657561 1.521709 0.852177
v 0.500516 1.643379 0.935399
v 0.522377 1.638994 0.953631
v 0.553934 1.542169 0.777067
v 0.457861 1.488606 0.797370
v 0.478746 1.631897 0.938873
v 0.553934 1.542169 0.777067
v 0.478746 1.631897 0.938873
v 0.500516 1.643379 0.935399
v 0.430500 1.211408 -0.981141
v 0.258353 1.211408 -0.927841
v 0.348403 1.127895 -1.058016
v 0.430500 1.211408 -0.981141
v 0.348403 1.127895 -1.058016
v 0.551909 1.159794 -1.081951
v 0.430500 1.211408 -0.981141
v 0.551909 1.159794 -1.081951
v 0.587632 1.263022 -0.966570
v 0.430500 1.211408 -0.981141
v 0.587632 1.263022 -0.966570
v 0.406205 1.294922 -0.871325
v 0.430500 1.211408 -0.981141
v 0.406205 1.294922 -0.871325
v 0.258353 1.211408 -0.927841
v 0.500582 1.631897 0.951106
v 0.478746 1.631897 0.938873
v 0.487153 1.620415 0.959253
v 0.500582 1.631897 0.951106
v 0.487153 1.620415 0.959253
v 0.514119 1.624801 0.968373
v 0.500582 1.631897 0.951106
v 0.514119 1.624801 0.968373
v 0.522377 1.638994 0.953631
v 0.500582 1.631897 0.951106
v 0.522377 1.638994 0.953631
v 0.500516 1.643379 0.935399
v 0.500582 1.631897 0.951106
v 0.500516 1.643379 0.935399
v 0.478746 1.631897 0.938873
vt 0.003906 0.746094
vt 0.052344 0.746094
vt 0.052344 0.715820
vt 0.003906 0.746094
vt 0.052344 0.715820
vt 0.003906 0.715820
vt 0.052344 0.746094
vt 0.100781 0.746094
vt 0.100781 0.715820
vt 0.052344 0.746094
vt 0.100781 0.715820
vt 0.052344 0.715820
vt 0.100781 0.746094
vt 0.149219 0.746094
vt 0.149219 0.715820
vt 0.100781 0.746094
vt 0.149219 0.715820
vt 0.100781 0.715820
vt 0.149219 0.746094
vt 0.197656 0.746094
vt 0.197656 0.715820
vt 0.149219 0.746094
vt 0.197656 0.715820
vt 0.149219 0.715820
vt 0.197656 0.746094
vt 0.246094 0.746094
vt 0.246094 0.715820
vt 0.197656 0.746094
vt 0.246094 0.715820
vt 0.197656 0.715820
vt 0.003906 0.715820
vt 0.052344 0.715820
vt 0.052344 0.685547
vt 0.003906 0.715820
vt 0.052344 0.685547
vt 0.003906 0.685547
vt 0.052344 0.715820
vt 0.100781 0.715820
vt 0.100781 0.685547
vt 0.052344 0.715820
vt 0.100781 0.685547
vt 0.052344 0.685547
vt 0.100781 0.715820
vt 0.149219 0.715820
vt 0.149219 0.685547
vt 0.100781 0.715820
vt 0.149219 0.685547
vt 0.100781 0.685547
vt 0.149219 0.715820
vt 0.197656 0.715820
vt 0.197656 0.685547
vt 0.149219 0.715820
vt 0.197656 0.685547
vt 0.149219 0.685547
vt 0.197656 0.715820
vt 0.246094 0.715820
vt 0.246094 0.685547
vt 0.197656 0.715820
vt 0.246094 0.685547
vt 0.197656 0.685547
vt 0.003906 0.685547
vt 0.052344 0.685547
vt 0.052344 0.655273
vt 0.003906 0.685547
vt 0.052344 0.655273
vt 0.003906 0.655273
vt 0.052344 0.685547
vt 0.100781 0.685547
vt 0.100781 0.655273
vt 0.052344 0.685547
vt 0.100781 0.655273
vt 0.052344 0.655273
vt 0.100781 0.685547
vt 0.149219 0.685547
vt 0.149219 0.655273
vt 0.100781 0.685547
vt 0.149219 0.655273
vt 0.100781 0.655273
vt 0.149219 0.685547
vt 0.197656 0.685547
vt 0.197656 0.655273
vt 0.149219 0.685547
vt 0.197656 0.655273
vt 0.149219 0.655273
vt 0.197656 0.685547
vt 0.246094 0.685547
vt 0.246094 0.655273
vt 0.197656 0.685547
vt 0.246094 0.655273
vt 0.197656 0.655273
vt 0.003906 0.655273
vt 0.052344 0.655273
vt 0.052344 0.625000
vt 0.003906 0.655273
vt 0.052344 0.625000
vt 0.003906 0.625000
vt 0.052344 0.655273
vt 0.100781 0.655273
vt 0.100781 0.625000
vt 0.052344 0.655273
vt 0.100781 0.625000
vt 0.052344 0.625000
vt 0.100781 0.655273
vt 0.149219 0.655273
vt 0.149219 0.625000
vt 0.100781 0.655273
vt 0.149219 0.625000
vt 0.100781 0.625000
vt 0.149219 0.655273
vt 0.197656 0.655273
vt 0.197656 0.625000
vt 0.149219 0.655273
vt 0.197656 0.625000
vt 0.149219 0.625000
vt 0.197656 0.655273
vt 0.246094 0.655273
vt 0.246094 0.625000
vt 0.197656 0.655273
vt 0.246094 0.625000
vt 0.197656 0.625000
vt 0.003906 0.625000
vt 0.052344 0.625000
vt 0.052344 0.594727
vt 0.003906 0.625000
vt 0.052344 0.594727
vt 0.003906 0.594727
vt 0.052344 0.625000
vt 0.100781 0.625000
vt 0.100781 0.594727
vt 0.052344 0.625000
vt 0.100781 0.594727
vt 0.052344 0.594727
vt 0.100781 0.625000
vt 0.149219 0.625000
vt 0.149219 0.594727
vt 0.100781 0.625000
vt 0.149219 0.594727
vt 0.100781 0.594727
vt 0.149219 0.625000
vt 0.197656 0.625000
vt 0.197656 0.594727
vt 0.149219 0.625000
vt 0.197656 0.594727
vt 0.149219 0.594727
vt 0.197656 0.625000
vt 0.246094 0.625000
vt 0.246094 0.594727
vt 0.197656 0.625000
vt 0.246094 0.594727
vt 0.197656 0.594727
vt 0.003906 0.594727
vt 0.052344 0.594727
vt 0.052344 0.564453
vt 0.003906 0.594727
vt 0.052344 0.564453
vt 0.003906 0.564453
vt 0.052344 0.594727
vt 0.100781 0.594727
vt 0.100781 0.564453
vt 0.052344 0.594727
vt 0.100781 0.564453
vt 0.052344 0.564453
vt 0.100781 0.594727
vt 0.149219 0.594727
vt 0.149219 0.564453
vt 0.100781 0.594727
vt 0.149219 0.564453
vt 0.100781 0.564453
vt 0.149219 0.594727
vt 0.197656 0.594727
vt 0.197656 0.564453
vt 0.149219 0.594727
vt 0.197656 0.564453
vt 0.149219 0.564453
vt 0.197656 0.594727
vt 0.246094 0.594727
vt 0.246094 0.564453
vt 0.197656 0.594727
vt 0.246094 0.564453
vt 0.197656 0.564453
vt 0.003906 0.564453
vt 0.052344 0.564453
vt 0.052344 0.534180
vt 0.003906 0.564453
vt 0.052344 0.534180
vt 0.003906 0.534180
vt 0.052344 0.564453
vt 0.100781 0.564453
vt 0.100781 0.534180
vt 0.052344 0.564453
vt 0.100781 0.534180
vt 0.052344 0.534180
vt 0.100781 0.564453
vt 0.149219 0.564453
vt 0.149219 0.534180
vt 0.100781 0.564453
vt 0.149219 0.534180
vt 0.100781 0.534180
vt 0.149219 0.564453
vt 0.197656 0.564453
vt 0.197656 0.534180
vt 0.149219 0.564453
vt 0.197656 0.534180
vt 0.149219 0.534180
vt 0.197656 0.564453
vt 0.246094 0.564453
vt 0.246094 0.534180
vt 0.197656 0.564453
vt 0.246094 0.534180
vt 0.197656 0.534180
vt 0.003906 0.534180
vt 0.052344 0.534180
vt 0.052344 0.503906
vt 0.003906 0.534180
vt 0.052344 0.503906
vt 0.003906 0.503906
vt 0.052344 0.534180
vt 0.100781 0.534180
vt 0.100781 0.503906
vt 0.052344 0.534180
vt 0.100781 0.503906
vt 0.052344 0.503906
vt 0.100781 0.534180
vt 0.149219 0.534180
vt 0.149219 0.503906
vt 0.100781 0.534180
vt 0.149219 0.503906
vt 0.100781 0.503906
vt 0.149219 0.534180
vt 0.197656 0.534180
vt 0.197656 0.503906
vt 0.149219 0.534180
vt 0.197656 0.503906
vt 0.149219 0.503906
vt 0.197656 0.534180
vt 0.246094 0.534180
vt 0.246094 0.503906
vt 0.197656 0.534180
vt 0.246094 0.503906
vt 0.197656 0.503906
vt 0.125000 0.625000
vt 0.003906 0.746094
vt 0.246094 0.503906
vt 0.125000 0.625000
vt 0.003906 0.746094
vt 0.246094 0.503906
vt 0.125000 0.625000
vt 0.003906 0.746094
vt 0.246094 0.503906
vt 0.125000 0.625000
vt 0.003906 0.746094
vt 0.246094 0.503906
vt 0.125000 0.625000
vt 0.003906 0.746094
vt 0.246094 0.503906
vt 0.125000 0.625000
vt 0.003906 0.746094
vt 0.246094 0.503906
vt 0.125000 0.625000
vt 0.003906 0.746094
vt 0.246094 0.503906
vt 0.125000 0.625000
vt 0.003906 0.746094
vt 0.246094 0.503906
vt 0.125000 0.625000
vt 0.003906 0.746094
vt 0.246094 0.503906
vt 0.125000 0.625000
vt 0.003906 0.746094
vt 0.246094 0.503906
vn -0.853463 -0.400524 -0.333439
vn -0.853463 -0.400524 -0.333439
vn -0.853463 -0.400524 -0.333439
vn -0.833833 -0.403371 -0.376849
vn -0.833833 -0.403371 -0.376849
vn -0.833833 -0.403371 -0.376849
vn -0.001805 -0.592786 -0.805358
vn -0.001805 -0.592786 -0.805358
vn -0.001805 -0.592786 -0.805358
vn 0.020806 -0.575828 -0.817306
vn 0.020806 -0.575828 -0.817306
vn 0.020806 -0.575828 -0.817306
vn 0.936274 0.062375 -0.345689
vn 0.936274 0.062375 -0.345689
vn 0.936274 0.062375 -0.345689
vn 0.937346 0.075640 -0.340090
vn 0.937346 0.075640 -0.340090
vn 0.937346 0.075640 -0.340090
vn 0.432606 0.674631 0.598102
vn 0.432606 0.674631 0.598102
vn 0.432606 0.674631 0.598102
vn 0.405034 0.691185 0.598507
vn 0.405034 0.691185 0.598507
vn 0.405034 0.691185 0.598507
vn -0.541191 0.501171 0.675233
vn -0.541191 0.501171 0.675233
vn -0.541191 0.501171 0.675233
vn -0.567903 0.499512 0.654196
vn -0.567903 0.499512 0.654196
vn -0.567903 0.499512 0.654196
vn -0.802310 -0.553860 -0.222570
vn -0.802310 -0.553860 -0.222570
vn -0.802310 -0.553860 -0.222570
vn -0.717739 -0.598582 -0.355739
vn -0.717739 -0.598582 -0.355739
vn -0.717739 -0.598582 -0.355739
vn 0.087605 -0.809818 -0.580103
vn 0.087605 -0.809818 -0.580103
vn 0.087605 -0.809818 -0.580103
vn 0.110894 -0.795791 -0.595331
vn 0.110894 -0.795791 -0.595331
vn 0.110894 -0.795791 -0.595331
vn 0.952615 0.039464 -0.301606
vn 0.952615 0.039464 -0.301606
vn 0.952615 0.039464 -0.301606
vn 0.952489 0.011293 -0.304364
vn 0.952489 0.011293 -0.304364
vn 0.952489 0.011293 -0.304364
vn 0.370926 0.797815 0.475295
vn 0.370926 0.797815 0.475295
vn 0.370926 0.797815 0.475295
vn 0.289133 0.846515 0.447006
vn 0.289133 0.846515 0.447006
vn 0.289133 0.846515 0.447006
vn -0.597618 0.616104 0.513097
vn -0.597618 0.616104 0.513097
vn -0.597618 0.616104 0.513097
vn -0.593203 0.617150 0.516949
vn -0.593203 0.617150 0.516949
vn -0.593203 0.617150 0.516949
vn -0.656251 -0.690921 0.303252
vn -0.656251 -0.690921 0.303252
vn -0.656251 -0.690921 0.303252
vn -0.694436 -0.643895 0.321182
vn -0.694436 -0.643895 0.321182
vn -0.694436 -0.643895 0.321182
vn 0.267094 -0.916567 0.297599
vn 0.267094 -0.916567 0.297599
vn 0.267094 -0.916567 0.297599
vn 0.257703 -0.916845 0.304933
vn 0.257703 -0.916845 0.304933
vn 0.257703 -0.916845 0.304933
vn 0.991170 -0.001976 -0.132584
vn 0.991170 -0.001976 -0.132584
vn 0.991170 -0.001976 -0.132584
vn 0.993317 -0.020810 -0.113523
vn 0.993317 -0.020810 -0.113523
vn 0.993317 -0.020810 -0.113523
vn 0.130555 0.871898 -0.471963
vn 0.130555 0.871898 -0.471963
vn 0.130555 0.871898 -0.471963
vn 0.205161 0.882278 -0.423668
vn 0.205161 0.882278 -0.423668
vn 0.205161 0.882278 -0.423668
vn -0.704727 0.664715 -0.248020
vn -0.704727 0.664715 -0.248020
vn -0.704727 0.664715 -0.248020
vn -0.739996 0.619027 -0.263080
vn -0.739996 0.619027 -0.263080
vn -0.739996 0.619027 -0.263080
vn -0.689484 -0.599811 0.406002
vn -0.689484 -0.599811 0.406002
vn -0.689484 -0.599811 0.406002
vn -0.704021 -0.580586 0.408992
vn -0.704021 -0.580586 0.408992
vn -0.704021 -0.580586 0.408992
vn 0.274609 -0.819754 0.502586
vn 0.274609 -0.819754 0.502586
vn 0.274609 -0.819754 0.502586
vn 0.255326 -0.816334 0.518080
vn 0.255326 -0.816334 0.518080
vn 0.255326 -0.816334 0.518080
vn 0.996387 -0.005275 -0.084762
vn 0.996387 -0.005275 -0.084762
vn 0.996387 -0.005275 -0.084762
vn 0.997834 -0.017389 -0.063445
vn 0.997834 -0.017389 -0.063445
vn 0.997834 -0.017389 -0.063445
vn 0.192209 0.792701 -0.578516
vn 0.192209 0.792701 -0.578516
vn 0.192209 0.792701 -0.578516
vn 0.216587 0.797638 -0.562907
vn 0.216587 0.797638 -0.562907
vn 0.216587 0.797638 -0.562907
vn -0.743559 0.553310 -0.375458
vn -0.743559 0.553310 -0.375458
vn -0.743559 0.553310 -0.375458
vn -0.731505 0.570121 -0.373982
vn -0.731505 0.570121 -0.373982
vn -0.731505 0.570121 -0.373982
vn -0.701143 -0.554099 0.448745
vn -0.701143 -0.554099 0.448745
vn -0.701143 -0.554099 0.448745
vn -0.732687 -0.474799 0.487582
vn -0.732687 -0.474799 0.487582
vn -0.732687 -0.474799 0.487582
vn 0.255501 -0.812573 0.523873
vn 0.255501 -0.812573 0.523873
vn 0.255501 -0.812573 0.523873
vn 0.199282 -0.781540 0.591170
vn 0.199282 -0.781540 0.591170
vn 0.199282 -0.781540 0.591170
vn 0.991877 0.082356 0.096941
vn 0.991877 0.082356 0.096941
vn 0.991877 0.082356 0.096941
vn 0.984510 0.060732 0.164471
vn 0.984510 0.060732 0.164471
vn 0.984510 0.060732 0.164471
vn 0.220225 0.905318 -0.363179
vn 0.220225 0.905318 -0.363179
vn 0.220225 0.905318 -0.363179
vn 0.252959 0.914624 -0.315395
vn 0.252959 0.914624 -0.315395
vn 0.252959 0.914624 -0.315395
vn -0.717194 0.665894 -0.205471
vn -0.717194 0.665894 -0.205471
vn -0.717194 0.665894 -0.205471
vn -0.687680 0.703221 -0.180491
vn -0.687680 0.703221 -0.180491
vn -0.687680 0.703221 -0.180491
vn -0.739075 -0.523949 0.423374
vn -0.739075 -0.523949 0.423374
vn -0.739075 -0.523949 0.423374
vn -0.836536 -0.188237 0.514563
vn -0.836536 -0.188237 0.514563
vn -0.836536 -0.188237 0.514563
vn 0.195864 -0.755065 0.625711
vn 0.195864 -0.755065 0.625711
vn 0.195864 -0.755065 0.625711
vn 0.018079 -0.658628 0.752251
vn 0.018079 -0.658628 0.752251
vn 0.018079 -0.658628 0.752251
vn 0.958696 0.117306 0.259116
vn 0.958696 0.117306 0.259116
vn 0.958696 0.117306 0.259116
vn 0.921088 0.085896 0.379762
vn 0.921088 0.085896 0.379762
vn 0.921088 0.085896 0.379762
vn 0.259861 0.885446 -0.385302
vn 0.259861 0.885446 -0.385302
vn 0.259861 0.885446 -0.385302
vn 0.305477 0.919065 -0.249004
vn 0.305477 0.919065 -0.249004
vn 0.305477 0.919065 -0.249004
vn -0.696136 0.612570 -0.374369
vn -0.696136 0.612570 -0.374369
vn -0.696136 0.612570 -0.374369
vn -0.587033 0.781152 -0.212588
vn -0.587033 0.781152 -0.212588
vn -0.587033 0.781152 -0.212588
vn -0.850056 -0.329928 0.410551
vn -0.850056 -0.329928 0.410551
vn -0.850056 -0.329928 0.410551
vn -0.917729 -0.173123 0.357494
vn -0.917729 -0.173123 0.357494
vn -0.917729 -0.173123 0.357494
vn -0.023362 -0.509546 0.860126
vn -0.023362 -0.509546 0.860126
vn -0.023362 -0.509546 0.860126
vn -0.162320 -0.463242 0.871240
vn -0.162320 -0.463242 0.871240
vn -0.162320 -0.463242 0.871240
vn 0.829584 0.222934 0.511947
vn 0.829584 0.222934 0.511947
vn 0.829584 0.222934 0.511947
vn 0.792938 0.197368 0.576450
vn 0.792938 0.197368 0.576450
vn 0.792938 0.197368 0.576450
vn 0.375860 0.819150 -0.433270
vn 0.375860 0.819150 -0.433270
vn 0.375860 0.819150 -0.433270
vn 0.418532 0.838448 -0.349049
vn 0.418532 0.838448 -0.349049
vn 0.418532 0.838448 -0.349049
vn -0.577240 0.606051 -0.547262
vn -0.577240 0.606051 -0.547262
vn -0.577240 0.606051 -0.547262
vn -0.496884 0.693464 -0.521740
vn -0.496884 0.693464 -0.521740
vn -0.496884 0.693464 -0.521740
vn -0.918412 -0.208693 0.336105
vn -0.918412 -0.208693 0.336105
vn -0.918412 -0.208693 0.336105
vn -0.941026 -0.158188 0.299075
vn -0.941026 -0.158188 0.299075
vn -0.941026 -0.158188 0.299075
vn -0.184245 -0.385457 0.904144
vn -0.184245 -0.385457 0.904144
vn -0.184245 -0.385457 0.904144
vn -0.241024 -0.377457 0.894110
vn -0.241024 -0.377457 0.894110
vn -0.241024 -0.377457 0.894110
vn 0.721522 0.286309 0.630423
vn 0.721522 0.286309 0.630423
vn 0.721522 0.286309 0.630423
vn 0.704146 0.271697 0.656018
vn 0.704146 0.271697 0.656018
vn 0.704146 0.271697 0.656018
vn 0.434428 0.818250 -0.376482
vn 0.434428 0.818250 -0.376482
vn 0.434428 0.818250 -0.376482
vn 0.453237 0.821567 -0.345837
vn 0.453237 0.821567 -0.345837
vn 0.453237 0.821567 -0.345837
vn -0.485616 0.649054 -0.585582
vn -0.485616 0.649054 -0.585582
vn -0.485616 0.649054 -0.585582
vn -0.449702 0.675963 -0.583817
vn -0.449702 0.675963 -0.583817
vn -0.449702 0.675963 -0.583817
vn 0.192156 -0.760195 0.620629
vn 0.192156 -0.760195 0.620629
vn 0.192156 -0.760195 0.620629
vn 0.192156 -0.760195 0.620629
vn 0.192156 -0.760195 0.620629
vn 0.192156 -0.760195 0.620629
vn 0.192156 -0.760195 0.620629
vn 0.192156 -0.760195 0.620629
vn 0.192156 -0.760195 0.620629
vn 0.192156 -0.760195 0.620629
vn 0.192156 -0.760195 0.620629
vn 0.192156 -0.760195 0.620629
vn 0.192156 -0.760195 0.620629
vn 0.192156 -0.760195 0.620629
vn 0.192156 -0.760195 0.620629
vn -0.314324 0.765746 0.561101
vn -0.314324 0.765746 0.561101
vn -0.314324 0.765746 0.561101
vn -0.314324 0.765746 0.561101
vn -0.314324 0.765746 0.561101
vn -0.314324 0.765746 0.561101
vn -0.314324 0.765746 0.561101
vn -0.314324 0.765746 0.561101
vn -0.314324 0.765746 0.561101
vn -0.314324 0.765746 0.561101
vn -0.314324 0.765746 0.561101
vn -0.314324 0.765746 0.561101
vn -0.314324 0.765746 0.561101
vn -0.314324 0.765746 0.561101
vn -0.314324 0.765746 0.561101
f 2452/2452/2452 2453/2453/2453 2454/2454/2454
f 2455/2455/2455 2456/2456/2456 2457/2457/2457
f 2458/2458/2458 2459/2459/2459 2460/2460/2460
f 2461/2461/2461 2462/2462/2462 2463/2463/2463
f 2464/2464/2464 2465/2465/2465 2466/2466/2466
f 2467/2467/2467 2468/2468/2468 2469/2469/2469
f 2470/2470/2470 2471/2471/2471 2472/2472/2472
f 2473/2473/2473 2474/2474/2474 2475/2475/2475
f 2476/2476/2476 2477/2477/2477 2478/2478/2478
f 2479/2479/2479 2480/2480/2480 2481/2481/2481
f 2482/2482/2482 2483/2483/2483 2484/2484/2484
f 2485/2485/2485 2486/2486/2486 2487/2487/2487
f 2488/2488/2488 2489/2489/2489 2490/2490/2490
f 2491/2491/2491 2492/2492/2492 2493/2493/2493
f 2494/2494/2494 2495/2495/2495 2496/2496/2496
f 2497/2497/2497 2498/2498/2498 2499/2499/2499
f 2500/2500/2500 2501/2501/2501 2502/2502/2502
f 2503/2503/2503 2504/2504/2504 2505/2505/2505
f 2506/2506/2506 2507/2507/2507 2508/2508/2508
f 2509/2509/2509 2510/2510/2510 2511/2511/2511
f 2512/2512/2512 2513/2513/2513 2514/2514/2514
f 2515/2515/2515 2516/2516/2516 2517/2517/2517
f 2518/2518/2518 2519/2519/2519 2520/2520/2520
f 2521/2521/2521 2522/2522/2522 2523/2523/2523
f 2524/2524/2524 2525/2525/2525 2526/2526/2526
f 2527/2527/2527 2528/2528/2528 2529/2529/2529
f 2530/2530/2530 2531/2531/2531 2532/2532/2532
f 2533/2533/2533 2534/2534/2534 2535/2535/2535
f 2536/2536/2536 2537/2537/2537 2538/2538/2538
f 2539/2539/2539 2540/2540/2540 2541/2541/2541
f 2542/2542/2542 2543/2543/2543 2544/2544/2544
f 2545/2545/2545 2546/2546/2546 2547/2547/2547
f 2548/2548/2548 2549/2549/2549 2550/2550/2550
f 2551/2551/2551 2552/2552/2552 2553/2553/2553
f 2554/2554/2554 2555/2555/2555 2556/2556/2556
f 2557/2557/2557 2558/2558/2558 2559/2559/2559
f 2560/2560/2560 2561/2561/2561 2562/2562/2562
f 2563/2563/2563 2564/2564/2564 2565/2565/2565
f 2566/2566/2566 2567/2567/2567 2568/2568/2568
f 2569/2569/2569 2570/2570/2570 2571/2571/2571
f 2572/2572/2572 2573/2573/2573 2574/2574/2574
f 2575/2575/2575 2576/2576/2576 2577/2577/2577
f 2578/2578/2578 2579/2579/2579 2580/2580/2580
f 2581/2581/2581 2582/2582/2582 2583/2583/2583
f 2584/2584/2584 2585/2585/2585 2586/2586/2586
f 2587/2587/2587 2588/2588/2588 2589/2589/2589
f 2590/2590/2590 2591/2591/2591 2592/2592/2592
f 2593/2593/2593 2594/2594/2594 2595/2595/2595
f 2596/2596/2596 2597/2597/2597 2598/2598/2598
f 2599/2599/2599 2600/2600/2600 2601/2601/2601
f 2602/2602/2602 2603/2603/2603 2604/2604/2604
f 2605/2605/2605 2606/2606/2606 2607/2607/2607
f 2608/2608/2608 2609/2609/2609 2610/2610/2610
f 2611/2611/2611 2612/2612/2612 2613/2613/2613
f 2614/2614/2614 2615/2615/2615 2616/2616/2616
f 2617/2617/2617 2618/2618/2618 2619/2619/2619
f 2620/2620/2620 2621/2621/2621 2622/2622/2622
f 2623/2623/2623 2624/2624/2624 2625/2625/2625
f 2626/2626/2626 2627/2627/2627 2628/2628/2628
f 2629/2629/2629 2630/2630/2630 2631/2631/2631
f 2632/2632/2632 2633/2633/2633 2634/2634/2634
f 2635/2635/2635 2636/2636/2636 2637/2637/2637
f 2638/2638/2638 2639/2639/2639 2640/2640/2640
f 2641/2641/2641 2642/2642/2642 2643/2643/2643
f 2644/2644/2644 2645/2645/2645 2646/2646/2646
f 2647/2647/2647 2648/2648/2648 2649/2649/2649
f 2650/2650/2650 2651/2651/2651 2652/2652/2652
f 2653/2653/2653 2654/2654/2654 2655/2655/2655
f 2656/2656/2656 2657/2657/2657 2658/2658/2658
f 2659/2659/2659 2660/2660/2660 2661/2661/2661
f 2662/2662/2662 2663/2663/2663 2664/2664/2664
f 2665/2665/2665 2666/2666/2666 2667/2667/2667
f 2668/2668/2668 2669/2669/2669 2670/2670/2670
f 2671/2671/2671 2672/2672/2672 2673/2673/2673
f 2674/2674/2674 2675/2675/2675 2676/2676/2676
f 2677/2677/2677 2678/2678/2678 2679/2679/2679
f 2680/2680/2680 2681/2681/2681 2682/2682/2682
f 2683/2683/2683 2684/2684/2684 2685/2685/2685
f 2686/2686/2686 2687/2687/2687 2688/2688/2688
f 2689/2689/2689 2690/2690/2690 2691/2691/2691
f 2692/2692/2692 2693/2693/2693 2694/2694/2694
f 2695/2695/2695 2696/2696/2696 2697/2697/2697
f 2698/2698/2698 2699/2699/2699 2700/2700/2700
f 2701/2701/2701 2702/2702/2702 2703/2703/2703
f 2704/2704/2704 2705/2705/2705 2706/2706/2706
f 2707/2707/2707 2708/2708/2708 2709/2709/2709
f 2710/2710/2710 2711/2711/2711 2712/2712/2712
f 2713/2713/2713 2714/2714/2714 2715/2715/2715
f 2716/2716/2716 2717/2717/2717 2718/2718/2718
f 2719/2719/2719 2720/2720/2720 2721/2721/2721
o Tail
usemtl PaintedTeaFantasy
v -0.052880 0.080093 1.400225
v -0.002945 0.000986 1.364779
v 0.591511 0.179200 1.836542
v -0.052880 0.080093 1.400225
v 0.591511 0.179200 1.836542
v 0.528772 0.240279 1.848461
v -0.002945 0.000986 1.364779
v 0.051060 0.031202 1.286176
v 0.639276 0.202530 1.765950
v -0.002945 0.000986 1.364779
v 0.639276 0.202530 1.765950
v 0.591511 0.179200 1.836542
v 0.051060 0.031202 1.286176
v 0.034501 0.128984 1.273043
v 0.606056 0.278028 1.734241
v 0.051060 0.031202 1.286176
v 0.606056 0.278028 1.734241
v 0.639276 0.202530 1.765950
v 0.034501 0.128984 1.273043
v -0.029737 0.159200 1.343529
v 0.537761 0.301359 1.785235
v 0.034501 0.128984 1.273043
v 0.537761 0.301359 1.785235
v 0.606056 0.278028 1.734241
v -0.029737 0.159200 1.343529
v -0.052880 0.080093 1.400225
v 0.528772 0.240279 1.848461
v -0.029737 0.159200 1.343529
v 0.528772 0.240279 1.848461
v 0.537761 0.301359 1.785235
v 0.528772 0.240279 1.848461
v 0.591511 0.179200 1.836542
v 0.880704 0.794947 2.234362
v 0.528772 0.240279 1.848461
v 0.880704 0.794947 2.234362
v 0.819480 0.820954 2.196182
v 0.591511 0.179200 1.836542
v 0.639276 0.202530 1.765950
v 0.942371 0.804881 2.189853
v 0.591511 0.179200 1.836542
v 0.942371 0.804881 2.189853
v 0.880704 0.794947 2.234362
v 0.639276 0.202530 1.765950
v 0.606056 0.278028 1.734241
v 0.919258 0.837028 2.124166
v 0.639276 0.202530 1.765950
v 0.919258 0.837028 2.124166
v 0.942371 0.804881 2.189853
v 0.606056 0.278028 1.734241
v 0.537761 0.301359 1.785235
v 0.843308 0.846962 2.128077
v 0.606056 0.278028 1.734241
v 0.843308 0.846962 2.128077
v 0.919258 0.837028 2.124166
v 0.537761 0.301359 1.785235
v 0.528772 0.240279 1.848461
v 0.819480 0.820954 2.196182
v 0.537761 0.301359 1.785235
v 0.819480 0.820954 2.196182
v 0.843308 0.846962 2.128077
v 0.819480 0.820954 2.196182
v 0.880704 0.794947 2.234362
v 0.728219 1.466875 2.366619
v 0.819480 0.820954 2.196182
v 0.728219 1.466875 2.366619
v 0.725315 1.481723 2.303377
v 0.880704 0.794947 2.234362
v 0.942371 0.804881 2.189853
v 0.790102 1.472547 2.385769
v 0.880704 0.794947 2.234362
v 0.790102 1.472547 2.385769
v 0.728219 1.466875 2.366619
v 0.942371 0.804881 2.189853
v 0.919258 0.837028 2.124166
v 0.825443 1.490899 2.334364
v 0.942371 0.804881 2.189853
v 0.825443 1.490899 2.334364
v 0.790102 1.472547 2.385769
v 0.919258 0.837028 2.124166
v 0.843308 0.846962 2.128077
v 0.785403 1.496570 2.283442
v 0.919258 0.837028 2.124166
v 0.785403 1.496570 2.283442
v 0.825443 1.490899 2.334364
v 0.843308 0.846962 2.128077
v 0.819480 0.820954 2.196182
v 0.725315 1.481723 2.303377
v 0.843308 0.846962 2.128077
v 0.725315 1.481723 2.303377
v 0.785403 1.496570 2.283442
v 0.000000 0.080093 1.333550
v -0.052880 0.080093 1.400225
v -0.002945 0.000986 1.364779
v 0.000000 0.080093 1.333550
v -0.002945 0.000986 1.364779
v 0.051060 0.031202 1.286176
v 0.000000 0.080093 1.333550
v 0.051060 0.031202 1.286176
v 0.034501 0.128984 1.273043
v 0.000000 0.080093 1.333550
v 0.034501 0.128984 1.273043
v -0.029737 0.159200 1.343529
v 0.000000 0.080093 1.333550
v -0.029737 0.159200 1.343529
v -0.052880 0.080093 1.400225
v 0.770896 1.481723 2.334714
v 0.725315 1.481723 2.303377
v 0.728219 1.466875 2.366619
v 0.770896 1.481723 2.334714
v 0.728219 1.466875 2.366619
v 0.790102 1.472547 2.385769
v 0.770896 1.481723 2.334714
v 0.790102 1.472547 2.385769
v 0.825443 1.490899 2.334364
v 0.770896 1.481723 2.334714
v 0.825443 1.490899 2.334364
v 0.785403 1.496570 2.283442
v 0.770896 1.481723 2.334714
v 0.785403 1.496570 2.283442
v 0.725315 1.481723 2.303377
vt 0.003906 0.753906
vt 0.052344 0.753906
vt 0.052344 0.834635
vt 0.003906 0.753906
vt 0.052344 0.834635
vt 0.003906 0.834635
vt 0.052344 0.753906
vt 0.100781 0.753906
vt 0.100781 0.834635
vt 0.052344 0.753906
vt 0.100781 0.834635
vt 0.052344 0.834635
vt 0.100781 0.753906
vt 0.149219 0.753906
vt 0.149219 0.834635
vt 0.100781 0.753906
vt 0.149219 0.834635
vt 0.100781 0.834635
vt 0.149219 0.753906
vt 0.197656 0.753906
vt 0.197656 0.834635
vt 0.149219 0.753906
vt 0.197656 0.834635
vt 0.149219 0.834635
vt 0.197656 0.753906
vt 0.246094 0.753906
vt 0.246094 0.834635
vt 0.197656 0.753906
vt 0.246094 0.834635
vt 0.197656 0.834635
vt 0.003906 0.834635
vt 0.052344 0.834635
vt 0.052344 0.915365
vt 0.003906 0.834635
vt 0.052344 0.915365
vt 0.003906 0.915365
vt 0.052344 0.834635
vt 0.100781 0.834635
vt 0.100781 0.915365
vt 0.052344 0.834635
vt 0.100781 0.915365
vt 0.052344 0.915365
vt 0.100781 0.834635
vt 0.149219 0.834635
vt 0.149219 0.915365
vt 0.100781 0.834635
vt 0.149219 0.915365
vt 0.100781 0.915365
vt 0.149219 0.834635
vt 0.197656 0.834635
vt 0.197656 0.915365
vt 0.149219 0.834635
vt 0.197656 0.915365
vt 0.149219 0.915365
vt 0.197656 0.834635
vt 0.246094 0.834635
vt 0.246094 0.915365
vt 0.197656 0.834635
vt 0.246094 0.915365
vt 0.197656 0.915365
vt 0.003906 0.915365
vt 0.052344 0.915365
vt 0.052344 0.996094
vt 0.003906 0.915365
vt 0.052344 0.996094
vt 0.003906 0.996094
vt 0.052344 0.915365
vt 0.100781 0.915365
vt 0.100781 0.996094
vt 0.052344 0.915365
vt 0.100781 0.996094
vt 0.052344 0.996094
vt 0.100781 0.915365
vt 0.149219 0.915365
vt 0.149219 0.996094
vt 0.100781 0.915365
vt 0.149219 0.996094
vt 0.100781 0.996094
vt 0.149219 0.915365
vt 0.197656 0.915365
vt 0.197656 0.996094
vt 0.149219 0.915365
vt 0.197656 0.996094
vt 0.149219 0.996094
vt 0.197656 0.915365
vt 0.246094 0.915365
vt 0.246094 0.996094
vt 0.197656 0.915365
vt 0.246094 0.996094
vt 0.197656 0.996094
vt 0.125000 0.875000
vt 0.003906 0.996094
vt 0.246094 0.753906
vt 0.125000 0.875000
vt 0.003906 0.996094
vt 0.246094 0.753906
vt 0.125000 0.875000
vt 0.003906 0.996094
vt 0.246094 0.753906
vt 0.125000 0.875000
vt 0.003906 0.996094
vt 0.246094 0.753906
vt 0.125000 0.875000
vt 0.003906 0.996094
vt 0.246094 0.753906
vt 0.125000 0.875000
vt 0.003906 0.996094
vt 0.246094 0.753906
vt 0.125000 0.875000
vt 0.003906 0.996094
vt 0.246094 0.753906
vt 0.125000 0.875000
vt 0.003906 0.996094
vt 0.246094 0.753906
vt 0.125000 0.875000
vt 0.003906 0.996094
vt 0.246094 0.753906
vt 0.125000 0.875000
vt 0.003906 0.996094
vt 0.246094 0.753906
vn -0.397585 -0.572331 0.717191
vn -0.397585 -0.572331 0.717191
vn -0.397585 -0.572331 0.717191
vn -0.404993 -0.557426 0.724746
vn -0.404993 -0.557426 0.724746
vn -0.404993 -0.557426 0.724746
vn 0.359233 -0.926806 -0.109465
vn 0.359233 -0.926806 -0.109465
vn 0.359233 -0.926806 -0.109465
vn 0.342416 -0.936325 -0.077761
vn 0.342416 -0.936325 -0.077761
vn 0.342416 -0.936325 -0.077761
vn 0.627696 0.001744 -0.778457
vn 0.627696 0.001744 -0.778457
vn 0.627696 0.001744 -0.778457
vn 0.638763 -0.041621 -0.768277
vn 0.638763 -0.041621 -0.768277
vn 0.638763 -0.041621 -0.768277
vn 0.045365 0.932469 -0.358389
vn 0.045365 0.932469 -0.358389
vn 0.045365 0.932469 -0.358389
vn 0.048517 0.931271 -0.361083
vn 0.048517 0.931271 -0.361083
vn 0.048517 0.931271 -0.361083
vn -0.592406 0.576580 0.562681
vn -0.592406 0.576580 0.562681
vn -0.592406 0.576580 0.562681
vn -0.568956 0.630396 0.528101
vn -0.568956 0.630396 0.528101
vn -0.568956 0.630396 0.528101
vn -0.259730 -0.435026 0.862144
vn -0.259730 -0.435026 0.862144
vn -0.259730 -0.435026 0.862144
vn -0.575978 -0.188033 0.795545
vn -0.575978 -0.188033 0.795545
vn -0.575978 -0.188033 0.795545
vn 0.744787 -0.591779 0.308366
vn 0.744787 -0.591779 0.308366
vn 0.744787 -0.591779 0.308366
vn 0.521605 -0.622166 0.583812
vn 0.521605 -0.622166 0.583812
vn 0.521605 -0.622166 0.583812
vn 0.744266 0.047682 -0.666179
vn 0.744266 0.047682 -0.666179
vn 0.744266 0.047682 -0.666179
vn 0.900185 -0.171125 -0.400479
vn 0.900185 -0.171125 -0.400479
vn 0.900185 -0.171125 -0.400479
vn -0.318087 0.625701 -0.712264
vn -0.318087 0.625701 -0.712264
vn -0.318087 0.625701 -0.712264
vn 0.030642 0.560233 -0.827768
vn 0.030642 0.560233 -0.827768
vn 0.030642 0.560233 -0.827768
vn -0.918820 0.340975 0.198761
vn -0.918820 0.340975 0.198761
vn -0.918820 0.340975 0.198761
vn -0.842870 0.530116 -0.092454
vn -0.842870 0.530116 -0.092454
vn -0.842870 0.530116 -0.092454
vn -0.591170 -0.282831 0.755331
vn -0.591170 -0.282831 0.755331
vn -0.591170 -0.282831 0.755331
vn -0.989657 -0.142962 0.011883
vn -0.989657 -0.142962 0.011883
vn -0.989657 -0.142962 0.011883
vn 0.592825 -0.099308 0.799185
vn 0.592825 -0.099308 0.799185
vn 0.592825 -0.099308 0.799185
vn -0.266230 -0.243968 0.932524
vn -0.266230 -0.243968 0.932524
vn -0.266230 -0.243968 0.932524
vn 0.949855 0.210588 -0.231147
vn 0.949855 0.210588 -0.231147
vn 0.949855 0.210588 -0.231147
vn 0.820612 0.019554 0.571152
vn 0.820612 0.019554 0.571152
vn 0.820612 0.019554 0.571152
vn -0.019904 0.230883 -0.972778
vn -0.019904 0.230883 -0.972778
vn -0.019904 0.230883 -0.972778
vn 0.767087 0.293454 -0.570493
vn 0.767087 0.293454 -0.570493
vn 0.767087 0.293454 -0.570493
vn -0.931916 -0.075251 -0.354783
vn -0.931916 -0.075251 -0.354783
vn -0.931916 -0.075251 -0.354783
vn -0.350824 0.188128 -0.917350
vn -0.350824 0.188128 -0.917350
vn -0.350824 0.188128 -0.917350
vn 0.765814 0.211259 0.607370
vn 0.765814 0.211259 0.607370
vn 0.765814 0.211259 0.607370
vn 0.765814 0.211259 0.607370
vn 0.765814 0.211259 0.607370
vn 0.765814 0.211259 0.607370
vn 0.765814 0.211259 0.607370
vn 0.765814 0.211259 0.607370
vn 0.765814 0.211259 0.607370
vn 0.765814 0.211259 0.607370
vn 0.765814 0.211259 0.607370
vn 0.765814 0.211259 0.607370
vn 0.765814 0.211259 0.607370
vn 0.765814 0.211259 0.607370
vn 0.765814 0.211259 0.607370
vn -0.159891 0.959347 0.232569
vn -0.159891 0.959347 0.232569
vn -0.159891 0.959347 0.232569
vn -0.159891 0.959347 0.232569
vn -0.159891 0.959347 0.232569
vn -0.159891 0.959347 0.232569
vn -0.159891 0.959347 0.232569
vn -0.159891 0.959347 0.232569
vn -0.159891 0.959347 0.232569
vn -0.159891 0.959347 0.232569
vn -0.159891 0.959347 0.232569
vn -0.159891 0.959347 0.232569
vn -0.159891 0.959347 0.232569
vn -0.159891 0.959347 0.232569
vn -0.159891 0.959347 0.232569
f 2722/2722/2722 2723/2723/2723 2724/2724/2724
f 2725/2725/2725 2726/2726/2726 2727/2727/2727
f 2728/2728/2728 2729/2729/2729 2730/2730/2730
f 2731/2731/2731 2732/2732/2732 2733/2733/2733
f 2734/2734/2734 2735/2735/2735 2736/2736/2736
f 2737/2737/2737 2738/2738/2738 2739/2739/2739
f 2740/2740/2740 2741/2741/2741 2742/2742/2742
f 2743/2743/2743 2744/2744/2744 2745/2745/2745
f 2746/2746/2746 2747/2747/2747 2748/2748/2748
f 2749/2749/2749 2750/2750/2750 2751/2751/2751
f 2752/2752/2752 2753/2753/2753 2754/2754/2754
f 2755/2755/2755 2756/2756/2756 2757/2757/2757
f 2758/2758/2758 2759/2759/2759 2760/2760/2760
f 2761/2761/2761 2762/2762/2762 2763/2763/2763
f 2764/2764/2764 2765/2765/2765 2766/2766/2766
f 2767/2767/2767 2768/2768/2768 2769/2769/2769
f 2770/2770/2770 2771/2771/2771 2772/2772/2772
f 2773/2773/2773 2774/2774/2774 2775/2775/2775
f 2776/2776/2776 2777/2777/2777 2778/2778/2778
f 2779/2779/2779 2780/2780/2780 2781/2781/2781
f 2782/2782/2782 2783/2783/2783 2784/2784/2784
f 2785/2785/2785 2786/2786/2786 2787/2787/2787
f 2788/2788/2788 2789/2789/2789 2790/2790/2790
f 2791/2791/2791 2792/2792/2792 2793/2793/2793
f 2794/2794/2794 2795/2795/2795 2796/2796/2796
f 2797/2797/2797 2798/2798/2798 2799/2799/2799
f 2800/2800/2800 2801/2801/2801 2802/2802/2802
f 2803/2803/2803 2804/2804/2804 2805/2805/2805
f 2806/2806/2806 2807/2807/2807 2808/2808/2808
f 2809/2809/2809 2810/2810/2810 2811/2811/2811
f 2812/2812/2812 2813/2813/2813 2814/2814/2814
f 2815/2815/2815 2816/2816/2816 2817/2817/2817
f 2818/2818/2818 2819/2819/2819 2820/2820/2820
f 2821/2821/2821 2822/2822/2822 2823/2823/2823
f 2824/2824/2824 2825/2825/2825 2826/2826/2826
f 2827/2827/2827 2828/2828/2828 2829/2829/2829
f 2830/2830/2830 2831/2831/2831 2832/2832/2832
f 2833/2833/2833 2834/2834/2834 2835/2835/2835
f 2836/2836/2836 2837/2837/2837 2838/2838/2838
f 2839/2839/2839 2840/2840/2840 2841/2841/2841
o TailClover0
usemtl PaintedTeaFantasy
v 0.770896 1.481723 2.334714
v 0.770896 1.669804 2.393551
v 0.627930 1.675109 2.338582
v 0.627930 1.675109 2.338582
v 0.770896 1.669804 2.393551
v 0.600698 1.809638 2.341273
v 0.600698 1.809638 2.341273
v 0.770896 1.669804 2.393551
v 0.685797 1.902127 2.343122
v 0.685797 1.902127 2.343122
v 0.770896 1.669804 2.393551
v 0.770896 1.826455 2.341609
v 0.770896 1.826455 2.341609
v 0.770896 1.669804 2.393551
v 0.855995 1.902127 2.343122
v 0.855995 1.902127 2.343122
v 0.770896 1.669804 2.393551
v 0.941094 1.809638 2.341273
v 0.941094 1.809638 2.341273
v 0.770896 1.669804 2.393551
v 0.913862 1.675109 2.338582
v 0.913862 1.675109 2.338582
v 0.770896 1.669804 2.393551
v 0.770896 1.481723 2.334714
v 0.770896 1.482273 2.307188
v 0.627930 1.675659 2.311056
v 0.770896 1.671455 2.310971
v 0.627930 1.675659 2.311056
v 0.600698 1.810189 2.313746
v 0.770896 1.671455 2.310971
v 0.600698 1.810189 2.313746
v 0.685797 1.902678 2.315596
v 0.770896 1.671455 2.310971
v 0.685797 1.902678 2.315596
v 0.770896 1.827005 2.314082
v 0.770896 1.671455 2.310971
v 0.770896 1.827005 2.314082
v 0.855995 1.902678 2.315596
v 0.770896 1.671455 2.310971
v 0.855995 1.902678 2.315596
v 0.941094 1.810189 2.313746
v 0.770896 1.671455 2.310971
v 0.941094 1.810189 2.313746
v 0.913862 1.675659 2.311056
v 0.770896 1.671455 2.310971
v 0.913862 1.675659 2.311056
v 0.770896 1.482273 2.307188
v 0.770896 1.671455 2.310971
v 0.770896 1.481723 2.334714
v 0.627930 1.675659 2.311056
v 0.770896 1.482273 2.307188
v 0.770896 1.481723 2.334714
v 0.627930 1.675109 2.338582
v 0.627930 1.675659 2.311056
v 0.627930 1.675109 2.338582
v 0.600698 1.810189 2.313746
v 0.627930 1.675659 2.311056
v 0.627930 1.675109 2.338582
v 0.600698 1.809638 2.341273
v 0.600698 1.810189 2.313746
v 0.600698 1.809638 2.341273
v 0.685797 1.902678 2.315596
v 0.600698 1.810189 2.313746
v 0.600698 1.809638 2.341273
v 0.685797 1.902127 2.343122
v 0.685797 1.902678 2.315596
v 0.685797 1.902127 2.343122
v 0.770896 1.827005 2.314082
v 0.685797 1.902678 2.315596
v 0.685797 1.902127 2.343122
v 0.770896 1.826455 2.341609
v 0.770896 1.827005 2.314082
v 0.770896 1.826455 2.341609
v 0.855995 1.902678 2.315596
v 0.770896 1.827005 2.314082
v 0.770896 1.826455 2.341609
v 0.855995 1.902127 2.343122
v 0.855995 1.902678 2.315596
v 0.855995 1.902127 2.343122
v 0.941094 1.810189 2.313746
v 0.855995 1.902678 2.315596
v 0.855995 1.902127 2.343122
v 0.941094 1.809638 2.341273
v 0.941094 1.810189 2.313746
v 0.941094 1.809638 2.341273
v 0.913862 1.675659 2.311056
v 0.941094 1.810189 2.313746
v 0.941094 1.809638 2.341273
v 0.913862 1.675109 2.338582
v 0.913862 1.675659 2.311056
v 0.913862 1.675109 2.338582
v 0.770896 1.482273 2.307188
v 0.913862 1.675659 2.311056
v 0.913862 1.675109 2.338582
v 0.770896 1.481723 2.334714
v 0.770896 1.482273 2.307188
vt 0.375000 0.503906
vt 0.375000 0.612891
vt 0.273281 0.615312
vt 0.273281 0.615312
vt 0.375000 0.612891
vt 0.253906 0.692813
vt 0.253906 0.692813
vt 0.375000 0.612891
vt 0.314453 0.746094
vt 0.314453 0.746094
vt 0.375000 0.612891
vt 0.375000 0.702500
vt 0.375000 0.702500
vt 0.375000 0.612891
vt 0.435547 0.746094
vt 0.435547 0.746094
vt 0.375000 0.612891
vt 0.496094 0.692813
vt 0.496094 0.692813
vt 0.375000 0.612891
vt 0.476719 0.615312
vt 0.476719 0.615312
vt 0.375000 0.612891
vt 0.375000 0.503906
vt 0.375000 0.503906
vt 0.273281 0.615312
vt 0.375000 0.612891
vt 0.273281 0.615312
vt 0.253906 0.692813
vt 0.375000 0.612891
vt 0.253906 0.692813
vt 0.314453 0.746094
vt 0.375000 0.612891
vt 0.314453 0.746094
vt 0.375000 0.702500
vt 0.375000 0.612891
vt 0.375000 0.702500
vt 0.435547 0.746094
vt 0.375000 0.612891
vt 0.435547 0.746094
vt 0.496094 0.692813
vt 0.375000 0.612891
vt 0.496094 0.692813
vt 0.476719 0.615312
vt 0.375000 0.612891
vt 0.476719 0.615312
vt 0.375000 0.503906
vt 0.375000 0.612891
vt 0.375000 0.503906
vt 0.273281 0.615312
vt 0.375000 0.503906
vt 0.375000 0.503906
vt 0.273281 0.615312
vt 0.273281 0.615312
vt 0.273281 0.615312
vt 0.253906 0.692813
vt 0.273281 0.615312
vt 0.273281 0.615312
vt 0.253906 0.692813
vt 0.253906 0.692813
vt 0.253906 0.692813
vt 0.314453 0.746094
vt 0.253906 0.692813
vt 0.253906 0.692813
vt 0.314453 0.746094
vt 0.314453 0.746094
vt 0.314453 0.746094
vt 0.375000 0.702500
vt 0.314453 0.746094
vt 0.314453 0.746094
vt 0.375000 0.702500
vt 0.375000 0.702500
vt 0.375000 0.702500
vt 0.435547 0.746094
vt 0.375000 0.702500
vt 0.375000 0.702500
vt 0.435547 0.746094
vt 0.435547 0.746094
vt 0.435547 0.746094
vt 0.496094 0.692813
vt 0.435547 0.746094
vt 0.435547 0.746094
vt 0.496094 0.692813
vt 0.496094 0.692813
vt 0.496094 0.692813
vt 0.476719 0.615312
vt 0.496094 0.692813
vt 0.496094 0.692813
vt 0.476719 0.615312
vt 0.476719 0.615312
vt 0.476719 0.615312
vt 0.375000 0.503906
vt 0.476719 0.615312
vt 0.476719 0.615312
vt 0.375000 0.503906
vt 0.375000 0.503906
vn -0.353608 -0.279270 0.892732
vn -0.353608 -0.279270 0.892732
vn -0.353608 -0.279270 0.892732
vn -0.360327 -0.091504 0.928327
vn -0.360327 -0.091504 0.928327
vn -0.360327 -0.091504 0.928327
vn -0.179303 0.145517 0.972972
vn -0.179303 0.145517 0.972972
vn -0.179303 0.145517 0.972972
vn 0.284486 0.301724 0.909962
vn 0.284486 0.301724 0.909962
vn 0.284486 0.301724 0.909962
vn -0.284486 0.301724 0.909962
vn -0.284486 0.301724 0.909962
vn -0.284486 0.301724 0.909962
vn 0.179303 0.145517 0.972972
vn 0.179303 0.145517 0.972972
vn 0.179303 0.145517 0.972972
vn 0.360327 -0.091504 0.928327
vn 0.360327 -0.091504 0.928327
vn 0.360327 -0.091504 0.928327
vn 0.353608 -0.279270 0.892732
vn 0.353608 -0.279270 0.892732
vn 0.353608 -0.279270 0.892732
vn -0.000000 0.019996 -0.999800
vn -0.000000 0.019996 -0.999800
vn -0.000000 0.019996 -0.999800
vn -0.000000 0.019996 -0.999800
vn -0.000000 0.019996 -0.999800
vn -0.000000 0.019996 -0.999800
vn 0.000000 0.019996 -0.999800
vn 0.000000 0.019996 -0.999800
vn 0.000000 0.019996 -0.999800
vn -0.000000 0.019996 -0.999800
vn -0.000000 0.019996 -0.999800
vn -0.000000 0.019996 -0.999800
vn 0.000000 0.019996 -0.999800
vn 0.000000 0.019996 -0.999800
vn 0.000000 0.019996 -0.999800
vn 0.000000 0.019996 -0.999800
vn 0.000000 0.019996 -0.999800
vn 0.000000 0.019996 -0.999800
vn 0.000000 0.019996 -0.999800
vn 0.000000 0.019996 -0.999800
vn 0.000000 0.019996 -0.999800
vn 0.000000 0.019996 -0.999800
vn 0.000000 0.019996 -0.999800
vn 0.000000 0.019996 -0.999800
vn -0.804176 -0.594272 -0.011885
vn -0.804176 -0.594272 -0.011885
vn -0.804176 -0.594272 -0.011885
vn -0.804176 -0.594272 -0.011885
vn -0.804176 -0.594272 -0.011885
vn -0.804176 -0.594272 -0.011885
vn -0.980129 -0.198320 -0.003966
vn -0.980129 -0.198320 -0.003966
vn -0.980129 -0.198320 -0.003966
vn -0.980129 -0.198320 -0.003966
vn -0.980129 -0.198320 -0.003966
vn -0.980129 -0.198320 -0.003966
vn -0.735963 0.676887 0.013538
vn -0.735963 0.676887 0.013538
vn -0.735963 0.676887 0.013538
vn -0.735963 0.676887 0.013538
vn -0.735963 0.676887 0.013538
vn -0.735963 0.676887 0.013538
vn 0.664582 0.747066 0.014941
vn 0.664582 0.747066 0.014941
vn 0.664582 0.747066 0.014941
vn 0.664582 0.747066 0.014941
vn 0.664582 0.747066 0.014941
vn 0.664582 0.747066 0.014941
vn -0.664582 0.747066 0.014941
vn -0.664582 0.747066 0.014941
vn -0.664582 0.747066 0.014941
vn -0.664582 0.747066 0.014941
vn -0.664582 0.747066 0.014941
vn -0.664582 0.747066 0.014941
vn 0.735963 0.676887 0.013538
vn 0.735963 0.676887 0.013538
vn 0.735963 0.676887 0.013538
vn 0.735963 0.676887 0.013538
vn 0.735963 0.676887 0.013538
vn 0.735963 0.676887 0.013538
vn 0.980129 -0.198320 -0.003966
vn 0.980129 -0.198320 -0.003966
vn 0.980129 -0.198320 -0.003966
vn 0.980129 -0.198320 -0.003966
vn 0.980129 -0.198320 -0.003966
vn 0.980129 -0.198320 -0.003966
vn 0.804176 -0.594272 -0.011885
vn 0.804176 -0.594272 -0.011885
vn 0.804176 -0.594272 -0.011885
vn 0.804176 -0.594272 -0.011885
vn 0.804176 -0.594272 -0.011885
vn 0.804176 -0.594272 -0.011885
f 2842/2842/2842 2843/2843/2843 2844/2844/2844
f 2845/2845/2845 2846/2846/2846 2847/2847/2847
f 2848/2848/2848 2849/2849/2849 2850/2850/2850
f 2851/2851/2851 2852/2852/2852 2853/2853/2853
f 2854/2854/2854 2855/2855/2855 2856/2856/2856
f 2857/2857/2857 2858/2858/2858 2859/2859/2859
f 2860/2860/2860 2861/2861/2861 2862/2862/2862
f 2863/2863/2863 2864/2864/2864 2865/2865/2865
f 2866/2866/2866 2867/2867/2867 2868/2868/2868
f 2869/2869/2869 2870/2870/2870 2871/2871/2871
f 2872/2872/2872 2873/2873/2873 2874/2874/2874
f 2875/2875/2875 2876/2876/2876 2877/2877/2877
f 2878/2878/2878 2879/2879/2879 2880/2880/2880
f 2881/2881/2881 2882/2882/2882 2883/2883/2883
f 2884/2884/2884 2885/2885/2885 2886/2886/2886
f 2887/2887/2887 2888/2888/2888 2889/2889/2889
f 2890/2890/2890 2891/2891/2891 2892/2892/2892
f 2893/2893/2893 2894/2894/2894 2895/2895/2895
f 2896/2896/2896 2897/2897/2897 2898/2898/2898
f 2899/2899/2899 2900/2900/2900 2901/2901/2901
f 2902/2902/2902 2903/2903/2903 2904/2904/2904
f 2905/2905/2905 2906/2906/2906 2907/2907/2907
f 2908/2908/2908 2909/2909/2909 2910/2910/2910
f 2911/2911/2911 2912/2912/2912 2913/2913/2913
f 2914/2914/2914 2915/2915/2915 2916/2916/2916
f 2917/2917/2917 2918/2918/2918 2919/2919/2919
f 2920/2920/2920 2921/2921/2921 2922/2922/2922
f 2923/2923/2923 2924/2924/2924 2925/2925/2925
f 2926/2926/2926 2927/2927/2927 2928/2928/2928
f 2929/2929/2929 2930/2930/2930 2931/2931/2931
f 2932/2932/2932 2933/2933/2933 2934/2934/2934
f 2935/2935/2935 2936/2936/2936 2937/2937/2937
o TailClover1
usemtl PaintedTeaFantasy
v 0.770896 1.481723 2.334714
v 0.958977 1.481723 2.393551
v 0.964282 1.624689 2.338582
v 0.964282 1.624689 2.338582
v 0.958977 1.481723 2.393551
v 1.098812 1.651920 2.341273
v 1.098812 1.651920 2.341273
v 0.958977 1.481723 2.393551
v 1.191301 1.566822 2.343122
v 1.191301 1.566822 2.343122
v 0.958977 1.481723 2.393551
v 1.115628 1.481723 2.341609
v 1.115628 1.481723 2.341609
v 0.958977 1.481723 2.393551
v 1.191301 1.396624 2.343122
v 1.191301 1.396624 2.343122
v 0.958977 1.481723 2.393551
v 1.098812 1.311525 2.341273
v 1.098812 1.311525 2.341273
v 0.958977 1.481723 2.393551
v 0.964282 1.338756 2.338582
v 0.964282 1.338756 2.338582
v 0.958977 1.481723 2.393551
v 0.770896 1.481723 2.334714
v 0.771447 1.481723 2.307188
v 0.964833 1.624689 2.311056
v 0.960629 1.481723 2.310971
v 0.964833 1.624689 2.311056
v 1.099362 1.651920 2.313746
v 0.960629 1.481723 2.310971
v 1.099362 1.651920 2.313746
v 1.191852 1.566822 2.315596
v 0.960629 1.481723 2.310971
v 1.191852 1.566822 2.315596
v 1.116179 1.481723 2.314082
v 0.960629 1.481723 2.310971
v 1.116179 1.481723 2.314082
v 1.191852 1.396624 2.315596
v 0.960629 1.481723 2.310971
v 1.191852 1.396624 2.315596
v 1.099362 1.311525 2.313746
v 0.960629 1.481723 2.310971
v 1.099362 1.311525 2.313746
v 0.964833 1.338756 2.311056
v 0.960629 1.481723 2.310971
v 0.964833 1.338756 2.311056
v 0.771447 1.481723 2.307188
v 0.960629 1.481723 2.310971
v 0.770896 1.481723 2.334714
v 0.964833 1.624689 2.311056
v 0.771447 1.481723 2.307188
v 0.770896 1.481723 2.334714
v 0.964282 1.624689 2.338582
v 0.964833 1.624689 2.311056
v 0.964282 1.624689 2.338582
v 1.099362 1.651920 2.313746
v 0.964833 1.624689 2.311056
v 0.964282 1.624689 2.338582
v 1.098812 1.651920 2.341273
v 1.099362 1.651920 2.313746
v 1.098812 1.651920 2.341273
v 1.191852 1.566822 2.315596
v 1.099362 1.651920 2.313746
v 1.098812 1.651920 2.341273
v 1.191301 1.566822 2.343122
v 1.191852 1.566822 2.315596
v 1.191301 1.566822 2.343122
v 1.116179 1.481723 2.314082
v 1.191852 1.566822 2.315596
v 1.191301 1.566822 2.343122
v 1.115628 1.481723 2.341609
v 1.116179 1.481723 2.314082
v 1.115628 1.481723 2.341609
v 1.191852 1.396624 2.315596
v 1.116179 1.481723 2.314082
v 1.115628 1.481723 2.341609
v 1.191301 1.396624 2.343122
v 1.191852 1.396624 2.315596
v 1.191301 1.396624 2.343122
v 1.099362 1.311525 2.313746
v 1.191852 1.396624 2.315596
v 1.191301 1.396624 2.343122
v 1.098812 1.311525 2.341273
v 1.099362 1.311525 2.313746
v 1.098812 1.311525 2.341273
v 0.964833 1.338756 2.311056
v 1.099362 1.311525 2.313746
v 1.098812 1.311525 2.341273
v 0.964282 1.338756 2.338582
v 0.964833 1.338756 2.311056
v 0.964282 1.338756 2.338582
v 0.771447 1.481723 2.307188
v 0.964833 1.338756 2.311056
v 0.964282 1.338756 2.338582
v 0.770896 1.481723 2.334714
v 0.771447 1.481723 2.307188
vt 0.375000 0.503906
vt 0.375000 0.612891
vt 0.273281 0.615312
vt 0.273281 0.615312
vt 0.375000 0.612891
vt 0.253906 0.692813
vt 0.253906 0.692813
vt 0.375000 0.612891
vt 0.314453 0.746094
vt 0.314453 0.746094
vt 0.375000 0.612891
vt 0.375000 0.702500
vt 0.375000 0.702500
vt 0.375000 0.612891
vt 0.435547 0.746094
vt 0.435547 0.746094
vt 0.375000 0.612891
vt 0.496094 0.692813
vt 0.496094 0.692813
vt 0.375000 0.612891
vt 0.476719 0.615312
vt 0.476719 0.615312
vt 0.375000 0.612891
vt 0.375000 0.503906
vt 0.375000 0.503906
vt 0.273281 0.615312
vt 0.375000 0.612891
vt 0.273281 0.615312
vt 0.253906 0.692813
vt 0.375000 0.612891
vt 0.253906 0.692813
vt 0.314453 0.746094
vt 0.375000 0.612891
vt 0.314453 0.746094
vt 0.375000 0.702500
vt 0.375000 0.612891
vt 0.375000 0.702500
vt 0.435547 0.746094
vt 0.375000 0.612891
vt 0.435547 0.746094
vt 0.496094 0.692813
vt 0.375000 0.612891
vt 0.496094 0.692813
vt 0.476719 0.615312
vt 0.375000 0.612891
vt 0.476719 0.615312
vt 0.375000 0.503906
vt 0.375000 0.612891
vt 0.375000 0.503906
vt 0.273281 0.615312
vt 0.375000 0.503906
vt 0.375000 0.503906
vt 0.273281 0.615312
vt 0.273281 0.615312
vt 0.273281 0.615312
vt 0.253906 0.692813
vt 0.273281 0.615312
vt 0.273281 0.615312
vt 0.253906 0.692813
vt 0.253906 0.692813
vt 0.253906 0.692813
vt 0.314453 0.746094
vt 0.253906 0.692813
vt 0.253906 0.692813
vt 0.314453 0.746094
vt 0.314453 0.746094
vt 0.314453 0.746094
vt 0.375000 0.702500
vt 0.314453 0.746094
vt 0.314453 0.746094
vt 0.375000 0.702500
vt 0.375000 0.702500
vt 0.375000 0.702500
vt 0.435547 0.746094
vt 0.375000 0.702500
vt 0.375000 0.702500
vt 0.435547 0.746094
vt 0.435547 0.746094
vt 0.435547 0.746094
vt 0.496094 0.692813
vt 0.435547 0.746094
vt 0.435547 0.746094
vt 0.496094 0.692813
vt 0.496094 0.692813
vt 0.496094 0.692813
vt 0.476719 0.615312
vt 0.496094 0.692813
vt 0.496094 0.692813
vt 0.476719 0.615312
vt 0.476719 0.615312
vt 0.476719 0.615312
vt 0.375000 0.503906
vt 0.476719 0.615312
vt 0.476719 0.615312
vt 0.375000 0.503906
vt 0.375000 0.503906
vn -0.279270 0.353608 0.892732
vn -0.279270 0.353608 0.892732
vn -0.279270 0.353608 0.892732
vn -0.091504 0.360327 0.928327
vn -0.091504 0.360327 0.928327
vn -0.091504 0.360327 0.928327
vn 0.145517 0.179303 0.972972
vn 0.145517 0.179303 0.972972
vn 0.145517 0.179303 0.972972
vn 0.301724 -0.284486 0.909962
vn 0.301724 -0.284486 0.909962
vn 0.301724 -0.284486 0.909962
vn 0.301724 0.284486 0.909962
vn 0.301724 0.284486 0.909962
vn 0.301724 0.284486 0.909962
vn 0.145517 -0.179303 0.972972
vn 0.145517 -0.179303 0.972972
vn 0.145517 -0.179303 0.972972
vn -0.091504 -0.360327 0.928327
vn -0.091504 -0.360327 0.928327
vn -0.091504 -0.360327 0.928327
vn -0.279270 -0.353608 0.892732
vn -0.279270 -0.353608 0.892732
vn -0.279270 -0.353608 0.892732
vn 0.019996 0.000000 -0.999800
vn 0.019996 0.000000 -0.999800
vn 0.019996 0.000000 -0.999800
vn 0.019996 0.000000 -0.999800
vn 0.019996 0.000000 -0.999800
vn 0.019996 0.000000 -0.999800
vn 0.019996 0.000000 -0.999800
vn 0.019996 0.000000 -0.999800
vn 0.019996 0.000000 -0.999800
vn 0.019996 0.000000 -0.999800
vn 0.019996 0.000000 -0.999800
vn 0.019996 0.000000 -0.999800
vn 0.019996 -0.000000 -0.999800
vn 0.019996 -0.000000 -0.999800
vn 0.019996 -0.000000 -0.999800
vn 0.019996 -0.000000 -0.999800
vn 0.019996 -0.000000 -0.999800
vn 0.019996 -0.000000 -0.999800
vn 0.019996 -0.000000 -0.999800
vn 0.019996 -0.000000 -0.999800
vn 0.019996 -0.000000 -0.999800
vn 0.019996 -0.000000 -0.999800
vn 0.019996 -0.000000 -0.999800
vn 0.019996 -0.000000 -0.999800
vn -0.594272 0.804176 -0.011885
vn -0.594272 0.804176 -0.011885
vn -0.594272 0.804176 -0.011885
vn -0.594272 0.804176 -0.011885
vn -0.594272 0.804176 -0.011885
vn -0.594272 0.804176 -0.011885
vn -0.198320 0.980129 -0.003966
vn -0.198320 0.980129 -0.003966
vn -0.198320 0.980129 -0.003966
vn -0.198320 0.980129 -0.003966
vn -0.198320 0.980129 -0.003966
vn -0.198320 0.980129 -0.003966
vn 0.676887 0.735963 0.013538
vn 0.676887 0.735963 0.013538
vn 0.676887 0.735963 0.013538
vn 0.676887 0.735963 0.013538
vn 0.676887 0.735963 0.013538
vn 0.676887 0.735963 0.013538
vn 0.747066 -0.664582 0.014941
vn 0.747066 -0.664582 0.014941
vn 0.747066 -0.664582 0.014941
vn 0.747066 -0.664582 0.014941
vn 0.747066 -0.664582 0.014941
vn 0.747066 -0.664582 0.014941
vn 0.747066 0.664582 0.014941
vn 0.747066 0.664582 0.014941
vn 0.747066 0.664582 0.014941
vn 0.747066 0.664582 0.014941
vn 0.747066 0.664582 0.014941
vn 0.747066 0.664582 0.014941
vn 0.676887 -0.735963 0.013538
vn 0.676887 -0.735963 0.013538
vn 0.676887 -0.735963 0.013538
vn 0.676887 -0.735963 0.013538
vn 0.676887 -0.735963 0.013538
vn 0.676887 -0.735963 0.013538
vn -0.198320 -0.980129 -0.003966
vn -0.198320 -0.980129 -0.003966
vn -0.198320 -0.980129 -0.003966
vn -0.198320 -0.980129 -0.003966
vn -0.198320 -0.980129 -0.003966
vn -0.198320 -0.980129 -0.003966
vn -0.594272 -0.804176 -0.011885
vn -0.594272 -0.804176 -0.011885
vn -0.594272 -0.804176 -0.011885
vn -0.594272 -0.804176 -0.011885
vn -0.594272 -0.804176 -0.011885
vn -0.594272 -0.804176 -0.011885
f 2938/2938/2938 2939/2939/2939 2940/2940/2940
f 2941/2941/2941 2942/2942/2942 2943/2943/2943
f 2944/2944/2944 2945/2945/2945 2946/2946/2946
f 2947/2947/2947 2948/2948/2948 2949/2949/2949
f 2950/2950/2950 2951/2951/2951 2952/2952/2952
f 2953/2953/2953 2954/2954/2954 2955/2955/2955
f 2956/2956/2956 2957/2957/2957 2958/2958/2958
f 2959/2959/2959 2960/2960/2960 2961/2961/2961
f 2962/2962/2962 2963/2963/2963 2964/2964/2964
f 2965/2965/2965 2966/2966/2966 2967/2967/2967
f 2968/2968/2968 2969/2969/2969 2970/2970/2970
f 2971/2971/2971 2972/2972/2972 2973/2973/2973
f 2974/2974/2974 2975/2975/2975 2976/2976/2976
f 2977/2977/2977 2978/2978/2978 2979/2979/2979
f 2980/2980/2980 2981/2981/2981 2982/2982/2982
f 2983/2983/2983 2984/2984/2984 2985/2985/2985
f 2986/2986/2986 2987/2987/2987 2988/2988/2988
f 2989/2989/2989 2990/2990/2990 2991/2991/2991
f 2992/2992/2992 2993/2993/2993 2994/2994/2994
f 2995/2995/2995 2996/2996/2996 2997/2997/2997
f 2998/2998/2998 2999/2999/2999 3000/3000/3000
f 3001/3001/3001 3002/3002/3002 3003/3003/3003
f 3004/3004/3004 3005/3005/3005 3006/3006/3006
f 3007/3007/3007 3008/3008/3008 3009/3009/3009
f 3010/3010/3010 3011/3011/3011 3012/3012/3012
f 3013/3013/3013 3014/3014/3014 3015/3015/3015
f 3016/3016/3016 3017/3017/3017 3018/3018/3018
f 3019/3019/3019 3020/3020/3020 3021/3021/3021
f 3022/3022/3022 3023/3023/3023 3024/3024/3024
f 3025/3025/3025 3026/3026/3026 3027/3027/3027
f 3028/3028/3028 3029/3029/3029 3030/3030/3030
f 3031/3031/3031 3032/3032/3032 3033/3033/3033
o TailClover2
usemtl PaintedTeaFantasy
v 0.770896 1.481723 2.334714
v 0.770896 1.293642 2.393551
v 0.913862 1.288336 2.338582
v 0.913862 1.288336 2.338582
v 0.770896 1.293642 2.393551
v 0.941094 1.153807 2.341273
v 0.941094 1.153807 2.341273
v 0.770896 1.293642 2.393551
v 0.855995 1.061318 2.343122
v 0.855995 1.061318 2.343122
v 0.770896 1.293642 2.393551
v 0.770896 1.136991 2.341609
v 0.770896 1.136991 2.341609
v 0.770896 1.293642 2.393551
v 0.685797 1.061318 2.343122
v 0.685797 1.061318 2.343122
v 0.770896 1.293642 2.393551
v 0.600698 1.153807 2.341273
v 0.600698 1.153807 2.341273
v 0.770896 1.293642 2.393551
v 0.627930 1.288336 2.338582
v 0.627930 1.288336 2.338582
v 0.770896 1.293642 2.393551
v 0.770896 1.481723 2.334714
v 0.770896 1.481172 2.307188
v 0.913862 1.287786 2.311056
v 0.770896 1.291990 2.310971
v 0.913862 1.287786 2.311056
v 0.941094 1.153256 2.313746
v 0.770896 1.291990 2.310971
v 0.941094 1.153256 2.313746
v 0.855995 1.060767 2.315596
v 0.770896 1.291990 2.310971
v 0.855995 1.060767 2.315596
v 0.770896 1.136440 2.314082
v 0.770896 1.291990 2.310971
v 0.770896 1.136440 2.314082
v 0.685797 1.060767 2.315596
v 0.770896 1.291990 2.310971
v 0.685797 1.060767 2.315596
v 0.600698 1.153256 2.313746
v 0.770896 1.291990 2.310971
v 0.600698 1.153256 2.313746
v 0.627930 1.287786 2.311056
v 0.770896 1.291990 2.310971
v 0.627930 1.287786 2.311056
v 0.770896 1.481172 2.307188
v 0.770896 1.291990 2.310971
v 0.770896 1.481723 2.334714
v 0.913862 1.287786 2.311056
v 0.770896 1.481172 2.307188
v 0.770896 1.481723 2.334714
v 0.913862 1.288336 2.338582
v 0.913862 1.287786 2.311056
v 0.913862 1.288336 2.338582
v 0.941094 1.153256 2.313746
v 0.913862 1.287786 2.311056
v 0.913862 1.288336 2.338582
v 0.941094 1.153807 2.341273
v 0.941094 1.153256 2.313746
v 0.941094 1.153807 2.341273
v 0.855995 1.060767 2.315596
v 0.941094 1.153256 2.313746
v 0.941094 1.153807 2.341273
v 0.855995 1.061318 2.343122
v 0.855995 1.060767 2.315596
v 0.855995 1.061318 2.343122
v 0.770896 1.136440 2.314082
v 0.855995 1.060767 2.315596
v 0.855995 1.061318 2.343122
v 0.770896 1.136991 2.341609
v 0.770896 1.136440 2.314082
v 0.770896 1.136991 2.341609
v 0.685797 1.060767 2.315596
v 0.770896 1.136440 2.314082
v 0.770896 1.136991 2.341609
v 0.685797 1.061318 2.343122
v 0.685797 1.060767 2.315596
v 0.685797 1.061318 2.343122
v 0.600698 1.153256 2.313746
v 0.685797 1.060767 2.315596
v 0.685797 1.061318 2.343122
v 0.600698 1.153807 2.341273
v 0.600698 1.153256 2.313746
v 0.600698 1.153807 2.341273
v 0.627930 1.287786 2.311056
v 0.600698 1.153256 2.313746
v 0.600698 1.153807 2.341273
v 0.627930 1.288336 2.338582
v 0.627930 1.287786 2.311056
v 0.627930 1.288336 2.338582
v 0.770896 1.481172 2.307188
v 0.627930 1.287786 2.311056
v 0.627930 1.288336 2.338582
v 0.770896 1.481723 2.334714
v 0.770896 1.481172 2.307188
vt 0.375000 0.503906
vt 0.375000 0.612891
vt 0.273281 0.615312
vt 0.273281 0.615312
vt 0.375000 0.612891
vt 0.253906 0.692813
vt 0.253906 0.692813
vt 0.375000 0.612891
vt 0.314453 0.746094
vt 0.314453 0.746094
vt 0.375000 0.612891
vt 0.375000 0.702500
vt 0.375000 0.702500
vt 0.375000 0.612891
vt 0.435547 0.746094
vt 0.435547 0.746094
vt 0.375000 0.612891
vt 0.496094 0.692813
vt 0.496094 0.692813
vt 0.375000 0.612891
vt 0.476719 0.615312
vt 0.476719 0.615312
vt 0.375000 0.612891
vt 0.375000 0.503906
vt 0.375000 0.503906
vt 0.273281 0.615312
vt 0.375000 0.612891
vt 0.273281 0.615312
vt 0.253906 0.692813
vt 0.375000 0.612891
vt 0.253906 0.692813
vt 0.314453 0.746094
vt 0.375000 0.612891
vt 0.314453 0.746094
vt 0.375000 0.702500
vt 0.375000 0.612891
vt 0.375000 0.702500
vt 0.435547 0.746094
vt 0.375000 0.612891
vt 0.435547 0.746094
vt 0.496094 0.692813
vt 0.375000 0.612891
vt 0.496094 0.692813
vt 0.476719 0.615312
vt 0.375000 0.612891
vt 0.476719 0.615312
vt 0.375000 0.503906
vt 0.375000 0.612891
vt 0.375000 0.503906
vt 0.273281 0.615312
vt 0.375000 0.503906
vt 0.375000 0.503906
vt 0.273281 0.615312
vt 0.273281 0.615312
vt 0.273281 0.615312
vt 0.253906 0.692813
vt 0.273281 0.615312
vt 0.273281 0.615312
vt 0.253906 0.692813
vt 0.253906 0.692813
vt 0.253906 0.692813
vt 0.314453 0.746094
vt 0.253906 0.692813
vt 0.253906 0.692813
vt 0.314453 0.746094
vt 0.314453 0.746094
vt 0.314453 0.746094
vt 0.375000 0.702500
vt 0.314453 0.746094
vt 0.314453 0.746094
vt 0.375000 0.702500
vt 0.375000 0.702500
vt 0.375000 0.702500
vt 0.435547 0.746094
vt 0.375000 0.702500
vt 0.375000 0.702500
vt 0.435547 0.746094
vt 0.435547 0.746094
vt 0.435547 0.746094
vt 0.496094 0.692813
vt 0.435547 0.746094
vt 0.435547 0.746094
vt 0.496094 0.692813
vt 0.496094 0.692813
vt 0.496094 0.692813
vt 0.476719 0.615312
vt 0.496094 0.692813
vt 0.496094 0.692813
vt 0.476719 0.615312
vt 0.476719 0.615312
vt 0.476719 0.615312
vt 0.375000 0.503906
vt 0.476719 0.615312
vt 0.476719 0.615312
vt 0.375000 0.503906
vt 0.375000 0.503906
vn 0.353608 0.279270 0.892732
vn 0.353608 0.279270 0.892732
vn 0.353608 0.279270 0.892732
vn 0.360327 0.091504 0.928327
vn 0.360327 0.091504 0.928327
vn 0.360327 0.091504 0.928327
vn 0.179303 -0.145517 0.972972
vn 0.179303 -0.145517 0.972972
vn 0.179303 -0.145517 0.972972
vn -0.284486 -0.301724 0.909962
vn -0.284486 -0.301724 0.909962
vn -0.284486 -0.301724 0.909962
vn 0.284486 -0.301724 0.909962
vn 0.284486 -0.301724 0.909962
vn 0.284486 -0.301724 0.909962
vn -0.179303 -0.145517 0.972972
vn -0.179303 -0.145517 0.972972
vn -0.179303 -0.145517 0.972972
vn -0.360327 0.091504 0.928327
vn -0.360327 0.091504 0.928327
vn -0.360327 0.091504 0.928327
vn -0.353608 0.279270 0.892732
vn -0.353608 0.279270 0.892732
vn -0.353608 0.279270 0.892732
vn 0.000000 -0.019996 -0.999800
vn 0.000000 -0.019996 -0.999800
vn 0.000000 -0.019996 -0.999800
vn 0.000000 -0.019996 -0.999800
vn 0.000000 -0.019996 -0.999800
vn 0.000000 -0.019996 -0.999800
vn 0.000000 -0.019996 -0.999800
vn 0.000000 -0.019996 -0.999800
vn 0.000000 -0.019996 -0.999800
vn 0.000000 -0.019996 -0.999800
vn 0.000000 -0.019996 -0.999800
vn 0.000000 -0.019996 -0.999800
vn -0.000000 -0.019996 -0.999800
vn -0.000000 -0.019996 -0.999800
vn -0.000000 -0.019996 -0.999800
vn 0.000000 -0.019996 -0.999800
vn 0.000000 -0.019996 -0.999800
vn 0.000000 -0.019996 -0.999800
vn -0.000000 -0.019996 -0.999800
vn -0.000000 -0.019996 -0.999800
vn -0.000000 -0.019996 -0.999800
vn -0.000000 -0.019996 -0.999800
vn -0.000000 -0.019996 -0.999800
vn -0.000000 -0.019996 -0.999800
vn 0.804176 0.594272 -0.011885
vn 0.804176 0.594272 -0.011885
vn 0.804176 0.594272 -0.011885
vn 0.804176 0.594272 -0.011885
vn 0.804176 0.594272 -0.011885
vn 0.804176 0.594272 -0.011885
vn 0.980129 0.198320 -0.003966
vn 0.980129 0.198320 -0.003966
vn 0.980129 0.198320 -0.003966
vn 0.980129 0.198320 -0.003966
vn 0.980129 0.198320 -0.003966
vn 0.980129 0.198320 -0.003966
vn 0.735963 -0.676887 0.013538
vn 0.735963 -0.676887 0.013538
vn 0.735963 -0.676887 0.013538
vn 0.735963 -0.676887 0.013538
vn 0.735963 -0.676887 0.013538
vn 0.735963 -0.676887 0.013538
vn -0.664582 -0.747066 0.014941
vn -0.664582 -0.747066 0.014941
vn -0.664582 -0.747066 0.014941
vn -0.664582 -0.747066 0.014941
vn -0.664582 -0.747066 0.014941
vn -0.664582 -0.747066 0.014941
vn 0.664582 -0.747066 0.014941
vn 0.664582 -0.747066 0.014941
vn 0.664582 -0.747066 0.014941
vn 0.664582 -0.747066 0.014941
vn 0.664582 -0.747066 0.014941
vn 0.664582 -0.747066 0.014941
vn -0.735963 -0.676887 0.013538
vn -0.735963 -0.676887 0.013538
vn -0.735963 -0.676887 0.013538
vn -0.735963 -0.676887 0.013538
vn -0.735963 -0.676887 0.013538
vn -0.735963 -0.676887 0.013538
vn -0.980129 0.198320 -0.003966
vn -0.980129 0.198320 -0.003966
vn -0.980129 0.198320 -0.003966
vn -0.980129 0.198320 -0.003966
vn -0.980129 0.198320 -0.003966
vn -0.980129 0.198320 -0.003966
vn -0.804176 0.594272 -0.011885
vn -0.804176 0.594272 -0.011885
vn -0.804176 0.594272 -0.011885
vn -0.804176 0.594272 -0.011885
vn -0.804176 0.594272 -0.011885
vn -0.804176 0.594272 -0.011885
f 3034/3034/3034 3035/3035/3035 3036/3036/3036
f 3037/3037/3037 3038/3038/3038 3039/3039/3039
f 3040/3040/3040 3041/3041/3041 3042/3042/3042
f 3043/3043/3043 3044/3044/3044 3045/3045/3045
f 3046/3046/3046 3047/3047/3047 3048/3048/3048
f 3049/3049/3049 3050/3050/3050 3051/3051/3051
f 3052/3052/3052 3053/3053/3053 3054/3054/3054
f 3055/3055/3055 3056/3056/3056 3057/3057/3057
f 3058/3058/3058 3059/3059/3059 3060/3060/3060
f 3061/3061/3061 3062/3062/3062 3063/3063/3063
f 3064/3064/3064 3065/3065/3065 3066/3066/3066
f 3067/3067/3067 3068/3068/3068 3069/3069/3069
f 3070/3070/3070 3071/3071/3071 3072/3072/3072
f 3073/3073/3073 3074/3074/3074 3075/3075/3075
f 3076/3076/3076 3077/3077/3077 3078/3078/3078
f 3079/3079/3079 3080/3080/3080 3081/3081/3081
f 3082/3082/3082 3083/3083/3083 3084/3084/3084
f 3085/3085/3085 3086/3086/3086 3087/3087/3087
f 3088/3088/3088 3089/3089/3089 3090/3090/3090
f 3091/3091/3091 3092/3092/3092 3093/3093/3093
f 3094/3094/3094 3095/3095/3095 3096/3096/3096
f 3097/3097/3097 3098/3098/3098 3099/3099/3099
f 3100/3100/3100 3101/3101/3101 3102/3102/3102
f 3103/3103/3103 3104/3104/3104 3105/3105/3105
f 3106/3106/3106 3107/3107/3107 3108/3108/3108
f 3109/3109/3109 3110/3110/3110 3111/3111/3111
f 3112/3112/3112 3113/3113/3113 3114/3114/3114
f 3115/3115/3115 3116/3116/3116 3117/3117/3117
f 3118/3118/3118 3119/3119/3119 3120/3120/3120
f 3121/3121/3121 3122/3122/3122 3123/3123/3123
f 3124/3124/3124 3125/3125/3125 3126/3126/3126
f 3127/3127/3127 3128/3128/3128 3129/3129/3129
o TailClover3
usemtl PaintedTeaFantasy
v 0.770896 1.481723 2.334714
v 0.582815 1.481723 2.393551
v 0.577510 1.338756 2.338582
v 0.577510 1.338756 2.338582
v 0.582815 1.481723 2.393551
v 0.442980 1.311525 2.341273
v 0.442980 1.311525 2.341273
v 0.582815 1.481723 2.393551
v 0.350491 1.396624 2.343122
v 0.350491 1.396624 2.343122
v 0.582815 1.481723 2.393551
v 0.426164 1.481723 2.341609
v 0.426164 1.481723 2.341609
v 0.582815 1.481723 2.393551
v 0.350491 1.566822 2.343122
v 0.350491 1.566822 2.343122
v 0.582815 1.481723 2.393551
v 0.442980 1.651920 2.341273
v 0.442980 1.651920 2.341273
v 0.582815 1.481723 2.393551
v 0.577510 1.624689 2.338582
v 0.577510 1.624689 2.338582
v 0.582815 1.481723 2.393551
v 0.770896 1.481723 2.334714
v 0.770346 1.481723 2.307188
v 0.576959 1.338756 2.311056
v 0.581164 1.481723 2.310971
v 0.576959 1.338756 2.311056
v 0.442430 1.311525 2.313746
v 0.581164 1.481723 2.310971
v 0.442430 1.311525 2.313746
v 0.349941 1.396624 2.315596
v 0.581164 1.481723 2.310971
v 0.349941 1.396624 2.315596
v 0.425614 1.481723 2.314082
v 0.581164 1.481723 2.310971
v 0.425614 1.481723 2.314082
v 0.349941 1.566822 2.315596
v 0.581164 1.481723 2.310971
v 0.349941 1.566822 2.315596
v 0.442430 1.651920 2.313746
v 0.581164 1.481723 2.310971
v 0.442430 1.651920 2.313746
v 0.576959 1.624689 2.311056
v 0.581164 1.481723 2.310971
v 0.576959 1.624689 2.311056
v 0.770346 1.481723 2.307188
v 0.581164 1.481723 2.310971
v 0.770896 1.481723 2.334714
v 0.576959 1.338756 2.311056
v 0.770346 1.481723 2.307188
v 0.770896 1.481723 2.334714
v 0.577510 1.338756 2.338582
v 0.576959 1.338756 2.311056
v 0.577510 1.338756 2.338582
v 0.442430 1.311525 2.313746
v 0.576959 1.338756 2.311056
v 0.577510 1.338756 2.338582
v 0.442980 1.311525 2.341273
v 0.442430 1.311525 2.313746
v 0.442980 1.311525 2.341273
v 0.349941 1.396624 2.315596
v 0.442430 1.311525 2.313746
v 0.442980 1.311525 2.341273
v 0.350491 1.396624 2.343122
v 0.349941 1.396624 2.315596
v 0.350491 1.396624 2.343122
v 0.425614 1.481723 2.314082
v 0.349941 1.396624 2.315596
v 0.350491 1.396624 2.343122
v 0.426164 1.481723 2.341609
v 0.425614 1.481723 2.314082
v 0.426164 1.481723 2.341609
v 0.349941 1.566822 2.315596
v 0.425614 1.481723 2.314082
v 0.426164 1.481723 2.341609
v 0.350491 1.566822 2.343122
v 0.349941 1.566822 2.315596
v 0.350491 1.566822 2.343122
v 0.442430 1.651920 2.313746
v 0.349941 1.566822 2.315596
v 0.350491 1.566822 2.343122
v 0.442980 1.651920 2.341273
v 0.442430 1.651920 2.313746
v 0.442980 1.651920 2.341273
v 0.576959 1.624689 2.311056
v 0.442430 1.651920 2.313746
v 0.442980 1.651920 2.341273
v 0.577510 1.624689 2.338582
v 0.576959 1.624689 2.311056
v 0.577510 1.624689 2.338582
v 0.770346 1.481723 2.307188
v 0.576959 1.624689 2.311056
v 0.577510 1.624689 2.338582
v 0.770896 1.481723 2.334714
v 0.770346 1.481723 2.307188
vt 0.375000 0.503906
vt 0.375000 0.612891
vt 0.273281 0.615312
vt 0.273281 0.615312
vt 0.375000 0.612891
vt 0.253906 0.692813
vt 0.253906 0.692813
vt 0.375000 0.612891
vt 0.314453 0.746094
vt 0.314453 0.746094
vt 0.375000 0.612891
vt 0.375000 0.702500
vt 0.375000 0.702500
vt 0.375000 0.612891
vt 0.435547 0.746094
vt 0.435547 0.746094
vt 0.375000 0.612891
vt 0.496094 0.692813
vt 0.496094 0.692813
vt 0.375000 0.612891
vt 0.476719 0.615312
vt 0.476719 0.615312
vt 0.375000 0.612891
vt 0.375000 0.503906
vt 0.375000 0.503906
vt 0.273281 0.615312
vt 0.375000 0.612891
vt 0.273281 0.615312
vt 0.253906 0.692813
vt 0.375000 0.612891
vt 0.253906 0.692813
vt 0.314453 0.746094
vt 0.375000 0.612891
vt 0.314453 0.746094
vt 0.375000 0.702500
vt 0.375000 0.612891
vt 0.375000 0.702500
vt 0.435547 0.746094
vt 0.375000 0.612891
vt 0.435547 0.746094
vt 0.496094 0.692813
vt 0.375000 0.612891
vt 0.496094 0.692813
vt 0.476719 0.615312
vt 0.375000 0.612891
vt 0.476719 0.615312
vt 0.375000 0.503906
vt 0.375000 0.612891
vt 0.375000 0.503906
vt 0.273281 0.615312
vt 0.375000 0.503906
vt 0.375000 0.503906
vt 0.273281 0.615312
vt 0.273281 0.615312
vt 0.273281 0.615312
vt 0.253906 0.692813
vt 0.273281 0.615312
vt 0.273281 0.615312
vt 0.253906 0.692813
vt 0.253906 0.692813
vt 0.253906 0.692813
vt 0.314453 0.746094
vt 0.253906 0.692813
vt 0.253906 0.692813
vt 0.314453 0.746094
vt 0.314453 0.746094
vt 0.314453 0.746094
vt 0.375000 0.702500
vt 0.314453 0.746094
vt 0.314453 0.746094
vt 0.375000 0.702500
vt 0.375000 0.702500
vt 0.375000 0.702500
vt 0.435547 0.746094
vt 0.375000 0.702500
vt 0.375000 0.702500
vt 0.435547 0.746094
vt 0.435547 0.746094
vt 0.435547 0.746094
vt 0.496094 0.692813
vt 0.435547 0.746094
vt 0.435547 0.746094
vt 0.496094 0.692813
vt 0.496094 0.692813
vt 0.496094 0.692813
vt 0.476719 0.615312
vt 0.496094 0.692813
vt 0.496094 0.692813
vt 0.476719 0.615312
vt 0.476719 0.615312
vt 0.476719 0.615312
vt 0.375000 0.503906
vt 0.476719 0.615312
vt 0.476719 0.615312
vt 0.375000 0.503906
vt 0.375000 0.503906
vn 0.279270 -0.353608 0.892732
vn 0.279270 -0.353608 0.892732
vn 0.279270 -0.353608 0.892732
vn 0.091504 -0.360327 0.928327
vn 0.091504 -0.360327 0.928327
vn 0.091504 -0.360327 0.928327
vn -0.145517 -0.179303 0.972972
vn -0.145517 -0.179303 0.972972
vn -0.145517 -0.179303 0.972972
vn -0.301724 0.284486 0.909962
vn -0.301724 0.284486 0.909962
vn -0.301724 0.284486 0.909962
vn -0.301724 -0.284486 0.909962
vn -0.301724 -0.284486 0.909962
vn -0.301724 -0.284486 0.909962
vn -0.145517 0.179303 0.972972
vn -0.145517 0.179303 0.972972
vn -0.145517 0.179303 0.972972
vn 0.091504 0.360327 0.928327
vn 0.091504 0.360327 0.928327
vn 0.091504 0.360327 0.928327
vn 0.279270 0.353608 0.892732
vn 0.279270 0.353608 0.892732
vn 0.279270 0.353608 0.892732
vn -0.019996 -0.000000 -0.999800
vn -0.019996 -0.000000 -0.999800
vn -0.019996 -0.000000 -0.999800
vn -0.019996 -0.000000 -0.999800
vn -0.019996 -0.000000 -0.999800
vn -0.019996 -0.000000 -0.999800
vn -0.019996 0.000000 -0.999800
vn -0.019996 0.000000 -0.999800
vn -0.019996 0.000000 -0.999800
vn -0.019996 -0.000000 -0.999800
vn -0.019996 -0.000000 -0.999800
vn -0.019996 -0.000000 -0.999800
vn -0.019996 0.000000 -0.999800
vn -0.019996 0.000000 -0.999800
vn -0.019996 0.000000 -0.999800
vn -0.019996 0.000000 -0.999800
vn -0.019996 0.000000 -0.999800
vn -0.019996 0.000000 -0.999800
vn -0.019996 0.000000 -0.999800
vn -0.019996 0.000000 -0.999800
vn -0.019996 0.000000 -0.999800
vn -0.019996 0.000000 -0.999800
vn -0.019996 0.000000 -0.999800
vn -0.019996 0.000000 -0.999800
vn 0.594272 -0.804176 -0.011885
vn 0.594272 -0.804176 -0.011885
vn 0.594272 -0.804176 -0.011885
vn 0.594272 -0.804176 -0.011885
vn 0.594272 -0.804176 -0.011885
vn 0.594272 -0.804176 -0.011885
vn 0.198320 -0.980129 -0.003966
vn 0.198320 -0.980129 -0.003966
vn 0.198320 -0.980129 -0.003966
vn 0.198320 -0.980129 -0.003966
vn 0.198320 -0.980129 -0.003966
vn 0.198320 -0.980129 -0.003966
vn -0.676887 -0.735963 0.013538
vn -0.676887 -0.735963 0.013538
vn -0.676887 -0.735963 0.013538
vn -0.676887 -0.735963 0.013538
vn -0.676887 -0.735963 0.013538
vn -0.676887 -0.735963 0.013538
vn -0.747066 0.664582 0.014941
vn -0.747066 0.664582 0.014941
vn -0.747066 0.664582 0.014941
vn -0.747066 0.664582 0.014941
vn -0.747066 0.664582 0.014941
vn -0.747066 0.664582 0.014941
vn -0.747066 -0.664582 0.014941
vn -0.747066 -0.664582 0.014941
vn -0.747066 -0.664582 0.014941
vn -0.747066 -0.664582 0.014941
vn -0.747066 -0.664582 0.014941
vn -0.747066 -0.664582 0.014941
vn -0.676887 0.735963 0.013538
vn -0.676887 0.735963 0.013538
vn -0.676887 0.735963 0.013538
vn -0.676887 0.735963 0.013538
vn -0.676887 0.735963 0.013538
vn -0.676887 0.735963 0.013538
vn 0.198320 0.980129 -0.003966
vn 0.198320 0.980129 -0.003966
vn 0.198320 0.980129 -0.003966
vn 0.198320 0.980129 -0.003966
vn 0.198320 0.980129 -0.003966
vn 0.198320 0.980129 -0.003966
vn 0.594272 0.804176 -0.011885
vn 0.594272 0.804176 -0.011885
vn 0.594272 0.804176 -0.011885
vn 0.594272 0.804176 -0.011885
vn 0.594272 0.804176 -0.011885
vn 0.594272 0.804176 -0.011885
f 3130/3130/3130 3131/3131/3131 3132/3132/3132
f 3133/3133/3133 3134/3134/3134 3135/3135/3135
f 3136/3136/3136 3137/3137/3137 3138/3138/3138
f 3139/3139/3139 3140/3140/3140 3141/3141/3141
f 3142/3142/3142 3143/3143/3143 3144/3144/3144
f 3145/3145/3145 3146/3146/3146 3147/3147/3147
f 3148/3148/3148 3149/3149/3149 3150/3150/3150
f 3151/3151/3151 3152/3152/3152 3153/3153/3153
f 3154/3154/3154 3155/3155/3155 3156/3156/3156
f 3157/3157/3157 3158/3158/3158 3159/3159/3159
f 3160/3160/3160 3161/3161/3161 3162/3162/3162
f 3163/3163/3163 3164/3164/3164 3165/3165/3165
f 3166/3166/3166 3167/3167/3167 3168/3168/3168
f 3169/3169/3169 3170/3170/3170 3171/3171/3171
f 3172/3172/3172 3173/3173/3173 3174/3174/3174
f 3175/3175/3175 3176/3176/3176 3177/3177/3177
f 3178/3178/3178 3179/3179/3179 3180/3180/3180
f 3181/3181/3181 3182/3182/3182 3183/3183/3183
f 3184/3184/3184 3185/3185/3185 3186/3186/3186
f 3187/3187/3187 3188/3188/3188 3189/3189/3189
f 3190/3190/3190 3191/3191/3191 3192/3192/3192
f 3193/3193/3193 3194/3194/3194 3195/3195/3195
f 3196/3196/3196 3197/3197/3197 3198/3198/3198
f 3199/3199/3199 3200/3200/3200 3201/3201/3201
f 3202/3202/3202 3203/3203/3203 3204/3204/3204
f 3205/3205/3205 3206/3206/3206 3207/3207/3207
f 3208/3208/3208 3209/3209/3209 3210/3210/3210
f 3211/3211/3211 3212/3212/3212 3213/3213/3213
f 3214/3214/3214 3215/3215/3215 3216/3216/3216
f 3217/3217/3217 3218/3218/3218 3219/3219/3219
f 3220/3220/3220 3221/3221/3221 3222/3222/3222
f 3223/3223/3223 3224/3224/3224 3225/3225/3225
