mtllib Airship_C_FacetedRefinement.mtl
s off
o Core
usemtl PaintedCrystalBlue
v 8.000000 2.000000 -27.000000
v 6.472136 5.526712 -27.000000
v 8.090170 6.702282 -21.000000
v 8.000000 2.000000 -27.000000
v 8.090170 6.702282 -21.000000
v 10.000000 2.000000 -21.000000
v 6.472136 5.526712 -27.000000
v 2.472136 7.706339 -27.000000
v 3.090170 9.608452 -21.000000
v 6.472136 5.526712 -27.000000
v 3.090170 9.608452 -21.000000
v 8.090170 6.702282 -21.000000
v 2.472136 7.706339 -27.000000
v -2.472136 7.706339 -27.000000
v -3.090170 9.608452 -21.000000
v 2.472136 7.706339 -27.000000
v -3.090170 9.608452 -21.000000
v 3.090170 9.608452 -21.000000
v -2.472136 7.706339 -27.000000
v -6.472136 5.526712 -27.000000
v -8.090170 6.702282 -21.000000
v -2.472136 7.706339 -27.000000
v -8.090170 6.702282 -21.000000
v -3.090170 9.608452 -21.000000
v -6.472136 5.526712 -27.000000
v -8.000000 2.000000 -27.000000
v -10.000000 2.000000 -21.000000
v -6.472136 5.526712 -27.000000
v -10.000000 2.000000 -21.000000
v -8.090170 6.702282 -21.000000
v -8.000000 2.000000 -27.000000
v -6.472136 -1.526712 -27.000000
v -8.090170 -2.702282 -21.000000
v -8.000000 2.000000 -27.000000
v -8.090170 -2.702282 -21.000000
v -10.000000 2.000000 -21.000000
v -6.472136 -1.526712 -27.000000
v -2.472136 -3.706339 -27.000000
v -3.090170 -5.608452 -21.000000
v -6.472136 -1.526712 -27.000000
v -3.090170 -5.608452 -21.000000
v -8.090170 -2.702282 -21.000000
v -2.472136 -3.706339 -27.000000
v 2.472136 -3.706339 -27.000000
v 3.090170 -5.608452 -21.000000
v -2.472136 -3.706339 -27.000000
v 3.090170 -5.608452 -21.000000
v -3.090170 -5.608452 -21.000000
v 2.472136 -3.706339 -27.000000
v 6.472136 -1.526712 -27.000000
v 8.090170 -2.702282 -21.000000
v 2.472136 -3.706339 -27.000000
v 8.090170 -2.702282 -21.000000
v 3.090170 -5.608452 -21.000000
v 6.472136 -1.526712 -27.000000
v 8.000000 2.000000 -27.000000
v 10.000000 2.000000 -21.000000
v 6.472136 -1.526712 -27.000000
v 10.000000 2.000000 -21.000000
v 8.090170 -2.702282 -21.000000
v 10.000000 2.000000 -21.000000
v 8.090170 6.702282 -21.000000
v 8.899187 5.408389 -13.000000
v 10.000000 2.000000 -21.000000
v 8.899187 5.408389 -13.000000
v 11.000000 1.000000 -13.000000
v 8.090170 6.702282 -21.000000
v 3.090170 9.608452 -21.000000
v 3.399187 8.132924 -13.000000
v 8.090170 6.702282 -21.000000
v 3.399187 8.132924 -13.000000
v 8.899187 5.408389 -13.000000
v 3.090170 9.608452 -21.000000
v -3.090170 9.608452 -21.000000
v -3.399187 8.132924 -13.000000
v 3.090170 9.608452 -21.000000
v -3.399187 8.132924 -13.000000
v 3.399187 8.132924 -13.000000
v -3.090170 9.608452 -21.000000
v -8.090170 6.702282 -21.000000
v -8.899187 5.408389 -13.000000
v -3.090170 9.608452 -21.000000
v -8.899187 5.408389 -13.000000
v -3.399187 8.132924 -13.000000
v -8.090170 6.702282 -21.000000
v -10.000000 2.000000 -21.000000
v -11.000000 1.000000 -13.000000
v -8.090170 6.702282 -21.000000
v -11.000000 1.000000 -13.000000
v -8.899187 5.408389 -13.000000
v -10.000000 2.000000 -21.000000
v -8.090170 -2.702282 -21.000000
v -8.899187 -3.408389 -13.000000
v -10.000000 2.000000 -21.000000
v -8.899187 -3.408389 -13.000000
v -11.000000 1.000000 -13.000000
v -8.090170 -2.702282 -21.000000
v -3.090170 -5.608452 -21.000000
v -3.399187 -6.132924 -13.000000
v -8.090170 -2.702282 -21.000000
v -3.399187 -6.132924 -13.000000
v -8.899187 -3.408389 -13.000000
v -3.090170 -5.608452 -21.000000
v 3.090170 -5.608452 -21.000000
v 3.399187 -6.132924 -13.000000
v -3.090170 -5.608452 -21.000000
v 3.399187 -6.132924 -13.000000
v -3.399187 -6.132924 -13.000000
v 3.090170 -5.608452 -21.000000
v 8.090170 -2.702282 -21.000000
v 8.899187 -3.408389 -13.000000
v 3.090170 -5.608452 -21.000000
v 8.899187 -3.408389 -13.000000
v 3.399187 -6.132924 -13.000000
v 8.090170 -2.702282 -21.000000
v 10.000000 2.000000 -21.000000
v 11.000000 1.000000 -13.000000
v 8.090170 -2.702282 -21.000000
v 11.000000 1.000000 -13.000000
v 8.899187 -3.408389 -13.000000
v 11.000000 1.000000 -13.000000
v 8.899187 5.408389 -13.000000
v 10.517221 4.702282 2.000000
v 11.000000 1.000000 -13.000000
v 10.517221 4.702282 2.000000
v 13.000000 0.000000 2.000000
v 8.899187 5.408389 -13.000000
v 3.399187 8.132924 -13.000000
v 4.017221 7.608452 2.000000
v 8.899187 5.408389 -13.000000
v 4.017221 7.608452 2.000000
v 10.517221 4.702282 2.000000
v 3.399187 8.132924 -13.000000
v -3.399187 8.132924 -13.000000
v -4.017221 7.608452 2.000000
v 3.399187 8.132924 -13.000000
v -4.017221 7.608452 2.000000
v 4.017221 7.608452 2.000000
v -3.399187 8.132924 -13.000000
v -8.899187 5.408389 -13.000000
v -10.517221 4.702282 2.000000
v -3.399187 8.132924 -13.000000
v -10.517221 4.702282 2.000000
v -4.017221 7.608452 2.000000
v -8.899187 5.408389 -13.000000
v -11.000000 1.000000 -13.000000
v -13.000000 0.000000 2.000000
v -8.899187 5.408389 -13.000000
v -13.000000 0.000000 2.000000
v -10.517221 4.702282 2.000000
v -11.000000 1.000000 -13.000000
v -8.899187 -3.408389 -13.000000
v -10.517221 -4.702282 2.000000
v -11.000000 1.000000 -13.000000
v -10.517221 -4.702282 2.000000
v -13.000000 0.000000 2.000000
v -8.899187 -3.408389 -13.000000
v -3.399187 -6.132924 -13.000000
v -4.017221 -7.608452 2.000000
v -8.899187 -3.408389 -13.000000
v -4.017221 -7.608452 2.000000
v -10.517221 -4.702282 2.000000
v -3.399187 -6.132924 -13.000000
v 3.399187 -6.132924 -13.000000
v 4.017221 -7.608452 2.000000
v -3.399187 -6.132924 -13.000000
v 4.017221 -7.608452 2.000000
v -4.017221 -7.608452 2.000000
v 3.399187 -6.132924 -13.000000
v 8.899187 -3.408389 -13.000000
v 10.517221 -4.702282 2.000000
v 3.399187 -6.132924 -13.000000
v 10.517221 -4.702282 2.000000
v 4.017221 -7.608452 2.000000
v 8.899187 -3.408389 -13.000000
v 11.000000 1.000000 -13.000000
v 13.000000 0.000000 2.000000
v 8.899187 -3.408389 -13.000000
v 13.000000 0.000000 2.000000
v 10.517221 -4.702282 2.000000
v 13.000000 0.000000 2.000000
v 10.517221 4.702282 2.000000
v 8.090170 3.126712 18.000000
v 13.000000 0.000000 2.000000
v 8.090170 3.126712 18.000000
v 10.000000 -0.400000 18.000000
v 10.517221 4.702282 2.000000
v 4.017221 7.608452 2.000000
v 3.090170 5.306339 18.000000
v 10.517221 4.702282 2.000000
v 3.090170 5.306339 18.000000
v 8.090170 3.126712 18.000000
v 4.017221 7.608452 2.000000
v -4.017221 7.608452 2.000000
v -3.090170 5.306339 18.000000
v 4.017221 7.608452 2.000000
v -3.090170 5.306339 18.000000
v 3.090170 5.306339 18.000000
v -4.017221 7.608452 2.000000
v -10.517221 4.702282 2.000000
v -8.090170 3.126712 18.000000
v -4.017221 7.608452 2.000000
v -8.090170 3.126712 18.000000
v -3.090170 5.306339 18.000000
v -10.517221 4.702282 2.000000
v -13.000000 0.000000 2.000000
v -10.000000 -0.400000 18.000000
v -10.517221 4.702282 2.000000
v -10.000000 -0.400000 18.000000
v -8.090170 3.126712 18.000000
v -13.000000 0.000000 2.000000
v -10.517221 -4.702282 2.000000
v -8.090170 -3.926712 18.000000
v -13.000000 0.000000 2.000000
v -8.090170 -3.926712 18.000000
v -10.000000 -0.400000 18.000000
v -10.517221 -4.702282 2.000000
v -4.017221 -7.608452 2.000000
v -3.090170 -6.106339 18.000000
v -10.517221 -4.702282 2.000000
v -3.090170 -6.106339 18.000000
v -8.090170 -3.926712 18.000000
v -4.017221 -7.608452 2.000000
v 4.017221 -7.608452 2.000000
v 3.090170 -6.106339 18.000000
v -4.017221 -7.608452 2.000000
v 3.090170 -6.106339 18.000000
v -3.090170 -6.106339 18.000000
v 4.017221 -7.608452 2.000000
v 10.517221 -4.702282 2.000000
v 8.090170 -3.926712 18.000000
v 4.017221 -7.608452 2.000000
v 8.090170 -3.926712 18.000000
v 3.090170 -6.106339 18.000000
v 10.517221 -4.702282 2.000000
v 13.000000 0.000000 2.000000
v 10.000000 -0.400000 18.000000
v 10.517221 -4.702282 2.000000
v 10.000000 -0.400000 18.000000
v 8.090170 -3.926712 18.000000
v 10.000000 -0.400000 18.000000
v 8.090170 3.126712 18.000000
v 3.236068 0.763356 27.000000
v 10.000000 -0.400000 18.000000
v 3.236068 0.763356 27.000000
v 4.000000 -1.000000 27.000000
v 8.090170 3.126712 18.000000
v 3.090170 5.306339 18.000000
v 1.236068 1.853170 27.000000
v 8.090170 3.126712 18.000000
v 1.236068 1.853170 27.000000
v 3.236068 0.763356 27.000000
v 3.090170 5.306339 18.000000
v -3.090170 5.306339 18.000000
v -1.236068 1.853170 27.000000
v 3.090170 5.306339 18.000000
v -1.236068 1.853170 27.000000
v 1.236068 1.853170 27.000000
v -3.090170 5.306339 18.000000
v -8.090170 3.126712 18.000000
v -3.236068 0.763356 27.000000
v -3.090170 5.306339 18.000000
v -3.236068 0.763356 27.000000
v -1.236068 1.853170 27.000000
v -8.090170 3.126712 18.000000
v -10.000000 -0.400000 18.000000
v -4.000000 -1.000000 27.000000
v -8.090170 3.126712 18.000000
v -4.000000 -1.000000 27.000000
v -3.236068 0.763356 27.000000
v -10.000000 -0.400000 18.000000
v -8.090170 -3.926712 18.000000
v -3.236068 -2.763356 27.000000
v -10.000000 -0.400000 18.000000
v -3.236068 -2.763356 27.000000
v -4.000000 -1.000000 27.000000
v -8.090170 -3.926712 18.000000
v -3.090170 -6.106339 18.000000
v -1.236068 -3.853170 27.000000
v -8.090170 -3.926712 18.000000
v -1.236068 -3.853170 27.000000
v -3.236068 -2.763356 27.000000
v -3.090170 -6.106339 18.000000
v 3.090170 -6.106339 18.000000
v 1.236068 -3.853170 27.000000
v -3.090170 -6.106339 18.000000
v 1.236068 -3.853170 27.000000
v -1.236068 -3.853170 27.000000
v 3.090170 -6.106339 18.000000
v 8.090170 -3.926712 18.000000
v 3.236068 -2.763356 27.000000
v 3.090170 -6.106339 18.000000
v 3.236068 -2.763356 27.000000
v 1.236068 -3.853170 27.000000
v 8.090170 -3.926712 18.000000
v 10.000000 -0.400000 18.000000
v 4.000000 -1.000000 27.000000
v 8.090170 -3.926712 18.000000
v 4.000000 -1.000000 27.000000
v 3.236068 -2.763356 27.000000
v 4.000000 -1.000000 27.000000
v 3.236068 0.763356 27.000000
v 0.970820 -0.294658 30.000000
v 4.000000 -1.000000 27.000000
v 0.970820 -0.294658 30.000000
v 1.200000 -1.000000 30.000000
v 3.236068 0.763356 27.000000
v 1.236068 1.853170 27.000000
v 0.370820 0.141268 30.000000
v 3.236068 0.763356 27.000000
v 0.370820 0.141268 30.000000
v 0.970820 -0.294658 30.000000
v 1.236068 1.853170 27.000000
v -1.236068 1.853170 27.000000
v -0.370820 0.141268 30.000000
v 1.236068 1.853170 27.000000
v -0.370820 0.141268 30.000000
v 0.370820 0.141268 30.000000
v -1.236068 1.853170 27.000000
v -3.236068 0.763356 27.000000
v -0.970820 -0.294658 30.000000
v -1.236068 1.853170 27.000000
v -0.970820 -0.294658 30.000000
v -0.370820 0.141268 30.000000
v -3.236068 0.763356 27.000000
v -4.000000 -1.000000 27.000000
v -1.200000 -1.000000 30.000000
v -3.236068 0.763356 27.000000
v -1.200000 -1.000000 30.000000
v -0.970820 -0.294658 30.000000
v -4.000000 -1.000000 27.000000
v -3.236068 -2.763356 27.000000
v -0.970820 -1.705342 30.000000
v -4.000000 -1.000000 27.000000
v -0.970820 -1.705342 30.000000
v -1.200000 -1.000000 30.000000
v -3.236068 -2.763356 27.000000
v -1.236068 -3.853170 27.000000
v -0.370820 -2.141268 30.000000
v -3.236068 -2.763356 27.000000
v -0.370820 -2.141268 30.000000
v -0.970820 -1.705342 30.000000
v -1.236068 -3.853170 27.000000
v 1.236068 -3.853170 27.000000
v 0.370820 -2.141268 30.000000
v -1.236068 -3.853170 27.000000
v 0.370820 -2.141268 30.000000
v -0.370820 -2.141268 30.000000
v 1.236068 -3.853170 27.000000
v 3.236068 -2.763356 27.000000
v 0.970820 -1.705342 30.000000
v 1.236068 -3.853170 27.000000
v 0.970820 -1.705342 30.000000
v 0.370820 -2.141268 30.000000
v 3.236068 -2.763356 27.000000
v 4.000000 -1.000000 27.000000
v 1.200000 -1.000000 30.000000
v 3.236068 -2.763356 27.000000
v 1.200000 -1.000000 30.000000
v 0.970820 -1.705342 30.000000
v 0.000000 2.000000 -27.000000
v 6.472136 5.526712 -27.000000
v 8.000000 2.000000 -27.000000
v 0.000000 2.000000 -27.000000
v 2.472136 7.706339 -27.000000
v 6.472136 5.526712 -27.000000
v 0.000000 2.000000 -27.000000
v -2.472136 7.706339 -27.000000
v 2.472136 7.706339 -27.000000
v 0.000000 2.000000 -27.000000
v -6.472136 5.526712 -27.000000
v -2.472136 7.706339 -27.000000
v 0.000000 2.000000 -27.000000
v -8.000000 2.000000 -27.000000
v -6.472136 5.526712 -27.000000
v 0.000000 2.000000 -27.000000
v -6.472136 -1.526712 -27.000000
v -8.000000 2.000000 -27.000000
v 0.000000 2.000000 -27.000000
v -2.472136 -3.706339 -27.000000
v -6.472136 -1.526712 -27.000000
v 0.000000 2.000000 -27.000000
v 2.472136 -3.706339 -27.000000
v -2.472136 -3.706339 -27.000000
v 0.000000 2.000000 -27.000000
v 6.472136 -1.526712 -27.000000
v 2.472136 -3.706339 -27.000000
v 0.000000 2.000000 -27.000000
v 8.000000 2.000000 -27.000000
v 6.472136 -1.526712 -27.000000
v 0.000000 -1.000000 30.000000
v 1.200000 -1.000000 30.000000
v 0.970820 -0.294658 30.000000
v 0.000000 -1.000000 30.000000
v 0.970820 -0.294658 30.000000
v 0.370820 0.141268 30.000000
v 0.000000 -1.000000 30.000000
v 0.370820 0.141268 30.000000
v -0.370820 0.141268 30.000000
v 0.000000 -1.000000 30.000000
v -0.370820 0.141268 30.000000
v -0.970820 -0.294658 30.000000
v 0.000000 -1.000000 30.000000
v -0.970820 -0.294658 30.000000
v -1.200000 -1.000000 30.000000
v 0.000000 -1.000000 30.000000
v -1.200000 -1.000000 30.000000
v -0.970820 -1.705342 30.000000
v 0.000000 -1.000000 30.000000
v -0.970820 -1.705342 30.000000
v -0.370820 -2.141268 30.000000
v 0.000000 -1.000000 30.000000
v -0.370820 -2.141268 30.000000
v 0.370820 -2.141268 30.000000
v 0.000000 -1.000000 30.000000
v 0.370820 -2.141268 30.000000
v 0.970820 -1.705342 30.000000
v 0.000000 -1.000000 30.000000
v 0.970820 -1.705342 30.000000
v 1.200000 -1.000000 30.000000
vt 0.007812 0.992188
vt 0.031250 0.992188
vt 0.031250 0.953125
vt 0.007812 0.992188
vt 0.031250 0.953125
vt 0.007812 0.953125
vt 0.031250 0.992188
vt 0.054688 0.992188
vt 0.054688 0.953125
vt 0.031250 0.992188
vt 0.054688 0.953125
vt 0.031250 0.953125
vt 0.054688 0.992188
vt 0.078125 0.992188
vt 0.078125 0.953125
vt 0.054688 0.992188
vt 0.078125 0.953125
vt 0.054688 0.953125
vt 0.078125 0.992188
vt 0.101562 0.992188
vt 0.101562 0.953125
vt 0.078125 0.992188
vt 0.101562 0.953125
vt 0.078125 0.953125
vt 0.101562 0.992188
vt 0.125000 0.992188
vt 0.125000 0.953125
vt 0.101562 0.992188
vt 0.125000 0.953125
vt 0.101562 0.953125
vt 0.125000 0.992188
vt 0.148438 0.992188
vt 0.148438 0.953125
vt 0.125000 0.992188
vt 0.148438 0.953125
vt 0.125000 0.953125
vt 0.148438 0.992188
vt 0.171875 0.992188
vt 0.171875 0.953125
vt 0.148438 0.992188
vt 0.171875 0.953125
vt 0.148438 0.953125
vt 0.171875 0.992188
vt 0.195312 0.992188
vt 0.195312 0.953125
vt 0.171875 0.992188
vt 0.195312 0.953125
vt 0.171875 0.953125
vt 0.195312 0.992188
vt 0.218750 0.992188
vt 0.218750 0.953125
vt 0.195312 0.992188
vt 0.218750 0.953125
vt 0.195312 0.953125
vt 0.218750 0.992188
vt 0.242188 0.992188
vt 0.242188 0.953125
vt 0.218750 0.992188
vt 0.242188 0.953125
vt 0.218750 0.953125
vt 0.007812 0.953125
vt 0.031250 0.953125
vt 0.031250 0.914062
vt 0.007812 0.953125
vt 0.031250 0.914062
vt 0.007812 0.914062
vt 0.031250 0.953125
vt 0.054688 0.953125
vt 0.054688 0.914062
vt 0.031250 0.953125
vt 0.054688 0.914062
vt 0.031250 0.914062
vt 0.054688 0.953125
vt 0.078125 0.953125
vt 0.078125 0.914062
vt 0.054688 0.953125
vt 0.078125 0.914062
vt 0.054688 0.914062
vt 0.078125 0.953125
vt 0.101562 0.953125
vt 0.101562 0.914062
vt 0.078125 0.953125
vt 0.101562 0.914062
vt 0.078125 0.914062
vt 0.101562 0.953125
vt 0.125000 0.953125
vt 0.125000 0.914062
vt 0.101562 0.953125
vt 0.125000 0.914062
vt 0.101562 0.914062
vt 0.125000 0.953125
vt 0.148438 0.953125
vt 0.148438 0.914062
vt 0.125000 0.953125
vt 0.148438 0.914062
vt 0.125000 0.914062
vt 0.148438 0.953125
vt 0.171875 0.953125
vt 0.171875 0.914062
vt 0.148438 0.953125
vt 0.171875 0.914062
vt 0.148438 0.914062
vt 0.171875 0.953125
vt 0.195312 0.953125
vt 0.195312 0.914062
vt 0.171875 0.953125
vt 0.195312 0.914062
vt 0.171875 0.914062
vt 0.195312 0.953125
vt 0.218750 0.953125
vt 0.218750 0.914062
vt 0.195312 0.953125
vt 0.218750 0.914062
vt 0.195312 0.914062
vt 0.218750 0.953125
vt 0.242188 0.953125
vt 0.242188 0.914062
vt 0.218750 0.953125
vt 0.242188 0.914062
vt 0.218750 0.914062
vt 0.007812 0.914062
vt 0.031250 0.914062
vt 0.031250 0.875000
vt 0.007812 0.914062
vt 0.031250 0.875000
vt 0.007812 0.875000
vt 0.031250 0.914062
vt 0.054688 0.914062
vt 0.054688 0.875000
vt 0.031250 0.914062
vt 0.054688 0.875000
vt 0.031250 0.875000
vt 0.054688 0.914062
vt 0.078125 0.914062
vt 0.078125 0.875000
vt 0.054688 0.914062
vt 0.078125 0.875000
vt 0.054688 0.875000
vt 0.078125 0.914062
vt 0.101562 0.914062
vt 0.101562 0.875000
vt 0.078125 0.914062
vt 0.101562 0.875000
vt 0.078125 0.875000
vt 0.101562 0.914062
vt 0.125000 0.914062
vt 0.125000 0.875000
vt 0.101562 0.914062
vt 0.125000 0.875000
vt 0.101562 0.875000
vt 0.125000 0.914062
vt 0.148438 0.914062
vt 0.148438 0.875000
vt 0.125000 0.914062
vt 0.148438 0.875000
vt 0.125000 0.875000
vt 0.148438 0.914062
vt 0.171875 0.914062
vt 0.171875 0.875000
vt 0.148438 0.914062
vt 0.171875 0.875000
vt 0.148438 0.875000
vt 0.171875 0.914062
vt 0.195312 0.914062
vt 0.195312 0.875000
vt 0.171875 0.914062
vt 0.195312 0.875000
vt 0.171875 0.875000
vt 0.195312 0.914062
vt 0.218750 0.914062
vt 0.218750 0.875000
vt 0.195312 0.914062
vt 0.218750 0.875000
vt 0.195312 0.875000
vt 0.218750 0.914062
vt 0.242188 0.914062
vt 0.242188 0.875000
vt 0.218750 0.914062
vt 0.242188 0.875000
vt 0.218750 0.875000
vt 0.007812 0.875000
vt 0.031250 0.875000
vt 0.031250 0.835938
vt 0.007812 0.875000
vt 0.031250 0.835938
vt 0.007812 0.835938
vt 0.031250 0.875000
vt 0.054688 0.875000
vt 0.054688 0.835938
vt 0.031250 0.875000
vt 0.054688 0.835938
vt 0.031250 0.835938
vt 0.054688 0.875000
vt 0.078125 0.875000
vt 0.078125 0.835938
vt 0.054688 0.875000
vt 0.078125 0.835938
vt 0.054688 0.835938
vt 0.078125 0.875000
vt 0.101562 0.875000
vt 0.101562 0.835938
vt 0.078125 0.875000
vt 0.101562 0.835938
vt 0.078125 0.835938
vt 0.101562 0.875000
vt 0.125000 0.875000
vt 0.125000 0.835938
vt 0.101562 0.875000
vt 0.125000 0.835938
vt 0.101562 0.835938
vt 0.125000 0.875000
vt 0.148438 0.875000
vt 0.148438 0.835938
vt 0.125000 0.875000
vt 0.148438 0.835938
vt 0.125000 0.835938
vt 0.148438 0.875000
vt 0.171875 0.875000
vt 0.171875 0.835938
vt 0.148438 0.875000
vt 0.171875 0.835938
vt 0.148438 0.835938
vt 0.171875 0.875000
vt 0.195312 0.875000
vt 0.195312 0.835938
vt 0.171875 0.875000
vt 0.195312 0.835938
vt 0.171875 0.835938
vt 0.195312 0.875000
vt 0.218750 0.875000
vt 0.218750 0.835938
vt 0.195312 0.875000
vt 0.218750 0.835938
vt 0.195312 0.835938
vt 0.218750 0.875000
vt 0.242188 0.875000
vt 0.242188 0.835938
vt 0.218750 0.875000
vt 0.242188 0.835938
vt 0.218750 0.835938
vt 0.007812 0.835938
vt 0.031250 0.835938
vt 0.031250 0.796875
vt 0.007812 0.835938
vt 0.031250 0.796875
vt 0.007812 0.796875
vt 0.031250 0.835938
vt 0.054688 0.835938
vt 0.054688 0.796875
vt 0.031250 0.835938
vt 0.054688 0.796875
vt 0.031250 0.796875
vt 0.054688 0.835938
vt 0.078125 0.835938
vt 0.078125 0.796875
vt 0.054688 0.835938
vt 0.078125 0.796875
vt 0.054688 0.796875
vt 0.078125 0.835938
vt 0.101562 0.835938
vt 0.101562 0.796875
vt 0.078125 0.835938
vt 0.101562 0.796875
vt 0.078125 0.796875
vt 0.101562 0.835938
vt 0.125000 0.835938
vt 0.125000 0.796875
vt 0.101562 0.835938
vt 0.125000 0.796875
vt 0.101562 0.796875
vt 0.125000 0.835938
vt 0.148438 0.835938
vt 0.148438 0.796875
vt 0.125000 0.835938
vt 0.148438 0.796875
vt 0.125000 0.796875
vt 0.148438 0.835938
vt 0.171875 0.835938
vt 0.171875 0.796875
vt 0.148438 0.835938
vt 0.171875 0.796875
vt 0.148438 0.796875
vt 0.171875 0.835938
vt 0.195312 0.835938
vt 0.195312 0.796875
vt 0.171875 0.835938
vt 0.195312 0.796875
vt 0.171875 0.796875
vt 0.195312 0.835938
vt 0.218750 0.835938
vt 0.218750 0.796875
vt 0.195312 0.835938
vt 0.218750 0.796875
vt 0.195312 0.796875
vt 0.218750 0.835938
vt 0.242188 0.835938
vt 0.242188 0.796875
vt 0.218750 0.835938
vt 0.242188 0.796875
vt 0.218750 0.796875
vt 0.007812 0.796875
vt 0.031250 0.796875
vt 0.031250 0.757812
vt 0.007812 0.796875
vt 0.031250 0.757812
vt 0.007812 0.757812
vt 0.031250 0.796875
vt 0.054688 0.796875
vt 0.054688 0.757812
vt 0.031250 0.796875
vt 0.054688 0.757812
vt 0.031250 0.757812
vt 0.054688 0.796875
vt 0.078125 0.796875
vt 0.078125 0.757812
vt 0.054688 0.796875
vt 0.078125 0.757812
vt 0.054688 0.757812
vt 0.078125 0.796875
vt 0.101562 0.796875
vt 0.101562 0.757812
vt 0.078125 0.796875
vt 0.101562 0.757812
vt 0.078125 0.757812
vt 0.101562 0.796875
vt 0.125000 0.796875
vt 0.125000 0.757812
vt 0.101562 0.796875
vt 0.125000 0.757812
vt 0.101562 0.757812
vt 0.125000 0.796875
vt 0.148438 0.796875
vt 0.148438 0.757812
vt 0.125000 0.796875
vt 0.148438 0.757812
vt 0.125000 0.757812
vt 0.148438 0.796875
vt 0.171875 0.796875
vt 0.171875 0.757812
vt 0.148438 0.796875
vt 0.171875 0.757812
vt 0.148438 0.757812
vt 0.171875 0.796875
vt 0.195312 0.796875
vt 0.195312 0.757812
vt 0.171875 0.796875
vt 0.195312 0.757812
vt 0.171875 0.757812
vt 0.195312 0.796875
vt 0.218750 0.796875
vt 0.218750 0.757812
vt 0.195312 0.796875
vt 0.218750 0.757812
vt 0.195312 0.757812
vt 0.218750 0.796875
vt 0.242188 0.796875
vt 0.242188 0.757812
vt 0.218750 0.796875
vt 0.242188 0.757812
vt 0.218750 0.757812
vt 0.125000 0.875000
vt 0.218750 0.781250
vt 0.031250 0.968750
vt 0.125000 0.875000
vt 0.218750 0.781250
vt 0.031250 0.968750
vt 0.125000 0.875000
vt 0.218750 0.781250
vt 0.031250 0.968750
vt 0.125000 0.875000
vt 0.218750 0.781250
vt 0.031250 0.968750
vt 0.125000 0.875000
vt 0.218750 0.781250
vt 0.031250 0.968750
vt 0.125000 0.875000
vt 0.218750 0.781250
vt 0.031250 0.968750
vt 0.125000 0.875000
vt 0.218750 0.781250
vt 0.031250 0.968750
vt 0.125000 0.875000
vt 0.218750 0.781250
vt 0.031250 0.968750
vt 0.125000 0.875000
vt 0.218750 0.781250
vt 0.031250 0.968750
vt 0.125000 0.875000
vt 0.218750 0.781250
vt 0.031250 0.968750
vt 0.125000 0.875000
vt 0.031250 0.968750
vt 0.218750 0.781250
vt 0.125000 0.875000
vt 0.031250 0.968750
vt 0.218750 0.781250
vt 0.125000 0.875000
vt 0.031250 0.968750
vt 0.218750 0.781250
vt 0.125000 0.875000
vt 0.031250 0.968750
vt 0.218750 0.781250
vt 0.125000 0.875000
vt 0.031250 0.968750
vt 0.218750 0.781250
vt 0.125000 0.875000
vt 0.031250 0.968750
vt 0.218750 0.781250
vt 0.125000 0.875000
vt 0.031250 0.968750
vt 0.218750 0.781250
vt 0.125000 0.875000
vt 0.031250 0.968750
vt 0.218750 0.781250
vt 0.125000 0.875000
vt 0.031250 0.968750
vt 0.218750 0.781250
vt 0.125000 0.875000
vt 0.031250 0.968750
vt 0.218750 0.781250
vn 0.872575 0.378022 -0.309375
vn 0.872575 0.378022 -0.309375
vn 0.872575 0.378022 -0.309375
vn 0.885244 0.359542 -0.295081
vn 0.885244 0.359542 -0.295081
vn 0.885244 0.359542 -0.295081
vn 0.454695 0.834446 -0.311371
vn 0.454695 0.834446 -0.311371
vn 0.454695 0.834446 -0.311371
vn 0.480669 0.826980 -0.291652
vn 0.480669 0.826980 -0.291652
vn 0.480669 0.826980 -0.291652
vn 0.000000 0.953246 -0.302197
vn 0.000000 0.953246 -0.302197
vn 0.000000 0.953246 -0.302197
vn 0.000000 0.953246 -0.302197
vn 0.000000 0.953246 -0.302197
vn 0.000000 0.953246 -0.302197
vn -0.458166 0.840815 -0.288294
vn -0.458166 0.840815 -0.288294
vn -0.458166 0.840815 -0.288294
vn -0.477791 0.822029 -0.309814
vn -0.477791 0.822029 -0.309814
vn -0.477791 0.822029 -0.309814
vn -0.877464 0.380141 -0.292488
vn -0.877464 0.380141 -0.292488
vn -0.877464 0.380141 -0.292488
vn -0.881500 0.358021 -0.307863
vn -0.881500 0.358021 -0.307863
vn -0.881500 0.358021 -0.307863
vn -0.872575 -0.378022 -0.309375
vn -0.872575 -0.378022 -0.309375
vn -0.872575 -0.378022 -0.309375
vn -0.885244 -0.359542 -0.295081
vn -0.885244 -0.359542 -0.295081
vn -0.885244 -0.359542 -0.295081
vn -0.454695 -0.834446 -0.311371
vn -0.454695 -0.834446 -0.311371
vn -0.454695 -0.834446 -0.311371
vn -0.480669 -0.826980 -0.291652
vn -0.480669 -0.826980 -0.291652
vn -0.480669 -0.826980 -0.291652
vn -0.000000 -0.953246 -0.302197
vn -0.000000 -0.953246 -0.302197
vn -0.000000 -0.953246 -0.302197
vn -0.000000 -0.953246 -0.302197
vn -0.000000 -0.953246 -0.302197
vn -0.000000 -0.953246 -0.302197
vn 0.458166 -0.840815 -0.288294
vn 0.458166 -0.840815 -0.288294
vn 0.458166 -0.840815 -0.288294
vn 0.477791 -0.822029 -0.309814
vn 0.477791 -0.822029 -0.309814
vn 0.477791 -0.822029 -0.309814
vn 0.877464 -0.380141 -0.292488
vn 0.877464 -0.380141 -0.292488
vn 0.877464 -0.380141 -0.292488
vn 0.881500 -0.358021 -0.307863
vn 0.881500 -0.358021 -0.307863
vn 0.881500 -0.358021 -0.307863
vn 0.926000 0.376095 -0.032815
vn 0.926000 0.376095 -0.032815
vn 0.926000 0.376095 -0.032815
vn 0.901164 0.429449 -0.058964
vn 0.901164 0.429449 -0.058964
vn 0.901164 0.429449 -0.058964
vn 0.497659 0.856212 0.138697
vn 0.497659 0.856212 0.138697
vn 0.497659 0.856212 0.138697
vn 0.441687 0.891630 0.099543
vn 0.441687 0.891630 0.099543
vn 0.441687 0.891630 0.099543
vn 0.000000 0.983413 0.181382
vn 0.000000 0.983413 0.181382
vn 0.000000 0.983413 0.181382
vn 0.000000 0.983413 0.181382
vn 0.000000 0.983413 0.181382
vn 0.000000 0.983413 0.181382
vn -0.500537 0.861163 0.088664
vn -0.500537 0.861163 0.088664
vn -0.500537 0.861163 0.088664
vn -0.439100 0.886409 0.146529
vn -0.439100 0.886409 0.146529
vn -0.439100 0.886409 0.146529
vn -0.924316 0.375410 -0.068613
vn -0.924316 0.375410 -0.068613
vn -0.924316 0.375410 -0.068613
vn -0.902522 0.430096 -0.021707
vn -0.902522 0.430096 -0.021707
vn -0.902522 0.430096 -0.021707
vn -0.919127 -0.373303 -0.125898
vn -0.919127 -0.373303 -0.125898
vn -0.919127 -0.373303 -0.125898
vn -0.890459 -0.424347 -0.164351
vn -0.890459 -0.424347 -0.164351
vn -0.890459 -0.424347 -0.164351
vn -0.501068 -0.862076 -0.075872
vn -0.501068 -0.862076 -0.075872
vn -0.501068 -0.862076 -0.075872
vn -0.440519 -0.889272 -0.123039
vn -0.440519 -0.889272 -0.123039
vn -0.440519 -0.889272 -0.123039
vn -0.000000 -0.997858 -0.065419
vn -0.000000 -0.997858 -0.065419
vn -0.000000 -0.997858 -0.065419
vn -0.000000 -0.997858 -0.065419
vn -0.000000 -0.997858 -0.065419
vn -0.000000 -0.997858 -0.065419
vn 0.498504 -0.857665 -0.126113
vn 0.498504 -0.857665 -0.126113
vn 0.498504 -0.857665 -0.126113
vn 0.442619 -0.893511 -0.075675
vn 0.442619 -0.893511 -0.075675
vn 0.442619 -0.893511 -0.075675
vn 0.914453 -0.371405 -0.160732
vn 0.914453 -0.371405 -0.160732
vn 0.914453 -0.371405 -0.160732
vn 0.895286 -0.426648 -0.128195
vn 0.895286 -0.426648 -0.128195
vn 0.895286 -0.426648 -0.128195
vn 0.900062 0.428923 -0.076898
vn 0.900062 0.428923 -0.076898
vn 0.900062 0.428923 -0.076898
vn 0.880995 0.465160 -0.086455
vn 0.880995 0.465160 -0.086455
vn 0.880995 0.465160 -0.086455
vn 0.443854 0.896004 0.013041
vn 0.443854 0.896004 0.013041
vn 0.443854 0.896004 0.013041
vn 0.408164 0.912908 -0.001054
vn 0.408164 0.912908 -0.001054
vn 0.408164 0.912908 -0.001054
vn 0.000000 0.999389 0.034943
vn 0.000000 0.999389 0.034943
vn 0.000000 0.999389 0.034943
vn 0.000000 0.999389 0.034943
vn 0.000000 0.999389 0.034943
vn 0.000000 0.999389 0.034943
vn -0.443884 0.896066 -0.005700
vn -0.443884 0.896066 -0.005700
vn -0.443884 0.896066 -0.005700
vn -0.408118 0.912804 0.015101
vn -0.408118 0.912804 0.015101
vn -0.408118 0.912804 0.015101
vn -0.898964 0.428400 -0.091302
vn -0.898964 0.428400 -0.091302
vn -0.898964 0.428400 -0.091302
vn -0.881932 0.465655 -0.073213
vn -0.881932 0.465655 -0.073213
vn -0.881932 0.465655 -0.073213
vn -0.894680 -0.426359 -0.133286
vn -0.894680 -0.426359 -0.133286
vn -0.894680 -0.426359 -0.133286
vn -0.874645 -0.461808 -0.147407
vn -0.874645 -0.461808 -0.147407
vn -0.874645 -0.461808 -0.147407
vn -0.441398 -0.891048 -0.105838
vn -0.441398 -0.891048 -0.105838
vn -0.441398 -0.891048 -0.105838
vn -0.405122 -0.906105 -0.121860
vn -0.405122 -0.906105 -0.121860
vn -0.405122 -0.906105 -0.121860
vn -0.000000 -0.995197 -0.097896
vn -0.000000 -0.995197 -0.097896
vn -0.000000 -0.995197 -0.097896
vn -0.000000 -0.995197 -0.097896
vn -0.000000 -0.995197 -0.097896
vn -0.000000 -0.995197 -0.097896
vn 0.440454 -0.889142 -0.124208
vn 0.440454 -0.889142 -0.124208
vn 0.440454 -0.889142 -0.124208
vn 0.405864 -0.907764 -0.106018
vn 0.405864 -0.907764 -0.106018
vn 0.405864 -0.907764 -0.106018
vn 0.892872 -0.425497 -0.147416
vn 0.892872 -0.425497 -0.147416
vn 0.892872 -0.425497 -0.147416
vn 0.876279 -0.462670 -0.134433
vn 0.876279 -0.462670 -0.134433
vn 0.876279 -0.462670 -0.134433
vn 0.870301 0.459514 0.177266
vn 0.870301 0.459514 0.177266
vn 0.870301 0.459514 0.177266
vn 0.865915 0.468921 0.174082
vn 0.865915 0.468921 0.174082
vn 0.865915 0.468921 0.174082
vn 0.403348 0.902136 0.153171
vn 0.403348 0.902136 0.153171
vn 0.403348 0.902136 0.153171
vn 0.395134 0.906427 0.149197
vn 0.395134 0.906427 0.149197
vn 0.395134 0.906427 0.149197
vn 0.000000 0.989807 0.142415
vn 0.000000 0.989807 0.142415
vn 0.000000 0.989807 0.142415
vn 0.000000 0.989807 0.142415
vn 0.000000 0.989807 0.142415
vn 0.000000 0.989807 0.142415
vn -0.403541 0.902567 0.150092
vn -0.403541 0.902567 0.150092
vn -0.403541 0.902567 0.150092
vn -0.394889 0.905863 0.153218
vn -0.394889 0.905863 0.153218
vn -0.394889 0.905863 0.153218
vn -0.870699 0.459724 0.174749
vn -0.870699 0.459724 0.174749
vn -0.870699 0.459724 0.174749
vn -0.865391 0.468637 0.177420
vn -0.865391 0.468637 0.177420
vn -0.865391 0.468637 0.177420
vn -0.873635 -0.461274 0.154882
vn -0.873635 -0.461274 0.154882
vn -0.873635 -0.461274 0.154882
vn -0.869230 -0.470717 0.151213
vn -0.869230 -0.470717 0.151213
vn -0.869230 -0.470717 0.151213
vn -0.405745 -0.907498 0.108707
vn -0.405745 -0.907498 0.108707
vn -0.405745 -0.907498 0.108707
vn -0.397420 -0.911670 0.104476
vn -0.397420 -0.911670 0.104476
vn -0.397420 -0.911670 0.104476
vn -0.000000 -0.995622 0.093471
vn -0.000000 -0.995622 0.093471
vn -0.000000 -0.995622 0.093471
vn -0.000000 -0.995622 0.093471
vn -0.000000 -0.995622 0.093471
vn -0.000000 -0.995622 0.093471
vn 0.405883 -0.907807 0.105573
vn 0.405883 -0.907807 0.105573
vn 0.405883 -0.907807 0.105573
vn 0.397245 -0.911268 0.108568
vn 0.397245 -0.911268 0.108568
vn 0.397245 -0.911268 0.108568
vn 0.873985 -0.461459 0.152336
vn 0.873985 -0.461459 0.152336
vn 0.873985 -0.461459 0.152336
vn 0.868771 -0.470468 0.154589
vn 0.868771 -0.470468 0.154589
vn 0.868771 -0.470468 0.154589
vn 0.754257 0.408455 0.514063
vn 0.754257 0.408455 0.514063
vn 0.754257 0.408455 0.514063
vn 0.773482 0.335093 0.537994
vn 0.773482 0.335093 0.537994
vn 0.773482 0.335093 0.537994
vn 0.366567 0.840893 0.398155
vn 0.366567 0.840893 0.398155
vn 0.366567 0.840893 0.398155
vn 0.429901 0.788943 0.439037
vn 0.429901 0.788943 0.439037
vn 0.429901 0.788943 0.439037
vn 0.000000 0.933636 0.358223
vn 0.000000 0.933636 0.358223
vn 0.000000 0.933636 0.358223
vn 0.000000 0.933636 0.358223
vn 0.000000 0.933636 0.358223
vn 0.000000 0.933636 0.358223
vn -0.363556 0.833986 0.415083
vn -0.363556 0.833986 0.415083
vn -0.363556 0.833986 0.415083
vn -0.438688 0.805070 0.399268
vn -0.438688 0.805070 0.399268
vn -0.438688 0.805070 0.399268
vn -0.748033 0.405084 0.525694
vn -0.748033 0.405084 0.525694
vn -0.748033 0.405084 0.525694
vn -0.787076 0.340982 0.514045
vn -0.787076 0.340982 0.514045
vn -0.787076 0.340982 0.514045
vn -0.775087 -0.419735 0.472295
vn -0.775087 -0.419735 0.472295
vn -0.775087 -0.419735 0.472295
vn -0.791943 -0.343091 0.505089
vn -0.791943 -0.343091 0.505089
vn -0.791943 -0.343091 0.505089
vn -0.381491 -0.875129 0.297682
vn -0.381491 -0.875129 0.297682
vn -0.381491 -0.875129 0.297682
vn -0.448520 -0.823113 0.348304
vn -0.448520 -0.823113 0.348304
vn -0.448520 -0.823113 0.348304
vn -0.000000 -0.970062 0.242857
vn -0.000000 -0.970062 0.242857
vn -0.000000 -0.970062 0.242857
vn -0.000000 -0.970062 0.242857
vn -0.000000 -0.970062 0.242857
vn -0.000000 -0.970062 0.242857
vn 0.379023 -0.869466 0.316813
vn 0.379023 -0.869466 0.316813
vn 0.379023 -0.869466 0.316813
vn 0.455928 -0.836708 0.303398
vn 0.455928 -0.836708 0.303398
vn 0.455928 -0.836708 0.303398
vn 0.769033 -0.416457 0.484925
vn 0.769033 -0.416457 0.484925
vn 0.769033 -0.416457 0.484925
vn 0.805269 -0.348864 0.479412
vn 0.805269 -0.348864 0.479412
vn 0.805269 -0.348864 0.479412
vn 0.705011 0.305429 0.640057
vn 0.705011 0.305429 0.640057
vn 0.705011 0.305429 0.640057
vn 0.711265 0.231104 0.663847
vn 0.711265 0.231104 0.663847
vn 0.711265 0.231104 0.663847
vn 0.403181 0.739907 0.538500
vn 0.403181 0.739907 0.538500
vn 0.403181 0.739907 0.538500
vn 0.474940 0.653699 0.589160
vn 0.474940 0.653699 0.589160
vn 0.474940 0.653699 0.589160
vn 0.000000 0.868540 0.495619
vn 0.000000 0.868540 0.495619
vn 0.000000 0.868540 0.495619
vn 0.000000 0.868540 0.495619
vn 0.000000 0.868540 0.495619
vn 0.000000 0.868540 0.495619
vn -0.397329 0.729169 0.557173
vn -0.397329 0.729169 0.557173
vn -0.397329 0.729169 0.557173
vn -0.497056 0.684138 0.533751
vn -0.497056 0.684138 0.533751
vn -0.497056 0.684138 0.533751
vn -0.696937 0.301931 0.650474
vn -0.696937 0.301931 0.650474
vn -0.696937 0.301931 0.650474
vn -0.732861 0.238121 0.637349
vn -0.732861 0.238121 0.637349
vn -0.732861 0.238121 0.637349
vn -0.705011 -0.305429 0.640057
vn -0.705011 -0.305429 0.640057
vn -0.705011 -0.305429 0.640057
vn -0.711265 -0.231104 0.663847
vn -0.711265 -0.231104 0.663847
vn -0.711265 -0.231104 0.663847
vn -0.403181 -0.739907 0.538500
vn -0.403181 -0.739907 0.538500
vn -0.403181 -0.739907 0.538500
vn -0.474940 -0.653699 0.589160
vn -0.474940 -0.653699 0.589160
vn -0.474940 -0.653699 0.589160
vn -0.000000 -0.868540 0.495619
vn -0.000000 -0.868540 0.495619
vn -0.000000 -0.868540 0.495619
vn -0.000000 -0.868540 0.495619
vn -0.000000 -0.868540 0.495619
vn -0.000000 -0.868540 0.495619
vn 0.397329 -0.729169 0.557173
vn 0.397329 -0.729169 0.557173
vn 0.397329 -0.729169 0.557173
vn 0.497056 -0.684138 0.533751
vn 0.497056 -0.684138 0.533751
vn 0.497056 -0.684138 0.533751
vn 0.696937 -0.301931 0.650474
vn 0.696937 -0.301931 0.650474
vn 0.696937 -0.301931 0.650474
vn 0.732861 -0.238121 0.637349
vn 0.732861 -0.238121 0.637349
vn 0.732861 -0.238121 0.637349
vn -0.000000 -0.000000 -1.000000
vn -0.000000 -0.000000 -1.000000
vn -0.000000 -0.000000 -1.000000
vn -0.000000 -0.000000 -1.000000
vn -0.000000 -0.000000 -1.000000
vn -0.000000 -0.000000 -1.000000
vn -0.000000 0.000000 -1.000000
vn -0.000000 0.000000 -1.000000
vn -0.000000 0.000000 -1.000000
vn -0.000000 -0.000000 -1.000000
vn -0.000000 -0.000000 -1.000000
vn -0.000000 -0.000000 -1.000000
vn -0.000000 -0.000000 -1.000000
vn -0.000000 -0.000000 -1.000000
vn -0.000000 -0.000000 -1.000000
vn -0.000000 -0.000000 -1.000000
vn -0.000000 -0.000000 -1.000000
vn -0.000000 -0.000000 -1.000000
vn -0.000000 -0.000000 -1.000000
vn -0.000000 -0.000000 -1.000000
vn -0.000000 -0.000000 -1.000000
vn -0.000000 -0.000000 -1.000000
vn -0.000000 -0.000000 -1.000000
vn -0.000000 -0.000000 -1.000000
vn -0.000000 -0.000000 -1.000000
vn -0.000000 -0.000000 -1.000000
vn -0.000000 -0.000000 -1.000000
vn 0.000000 -0.000000 -1.000000
vn 0.000000 -0.000000 -1.000000
vn 0.000000 -0.000000 -1.000000
vn 0.000000 0.000000 1.000000
vn 0.000000 0.000000 1.000000
vn 0.000000 0.000000 1.000000
vn 0.000000 0.000000 1.000000
vn 0.000000 0.000000 1.000000
vn 0.000000 0.000000 1.000000
vn 0.000000 -0.000000 1.000000
vn 0.000000 -0.000000 1.000000
vn 0.000000 -0.000000 1.000000
vn 0.000000 0.000000 1.000000
vn 0.000000 0.000000 1.000000
vn 0.000000 0.000000 1.000000
vn 0.000000 0.000000 1.000000
vn 0.000000 0.000000 1.000000
vn 0.000000 0.000000 1.000000
vn 0.000000 0.000000 1.000000
vn 0.000000 0.000000 1.000000
vn 0.000000 0.000000 1.000000
vn 0.000000 0.000000 1.000000
vn 0.000000 0.000000 1.000000
vn 0.000000 0.000000 1.000000
vn 0.000000 0.000000 1.000000
vn 0.000000 0.000000 1.000000
vn 0.000000 0.000000 1.000000
vn 0.000000 0.000000 1.000000
vn 0.000000 0.000000 1.000000
vn 0.000000 0.000000 1.000000
vn -0.000000 0.000000 1.000000
vn -0.000000 0.000000 1.000000
vn -0.000000 0.000000 1.000000
f 1/1/1 2/2/2 3/3/3
f 4/4/4 5/5/5 6/6/6
f 7/7/7 8/8/8 9/9/9
f 10/10/10 11/11/11 12/12/12
f 13/13/13 14/14/14 15/15/15
f 16/16/16 17/17/17 18/18/18
f 19/19/19 20/20/20 21/21/21
f 22/22/22 23/23/23 24/24/24
f 25/25/25 26/26/26 27/27/27
f 28/28/28 29/29/29 30/30/30
f 31/31/31 32/32/32 33/33/33
f 34/34/34 35/35/35 36/36/36
f 37/37/37 38/38/38 39/39/39
f 40/40/40 41/41/41 42/42/42
f 43/43/43 44/44/44 45/45/45
f 46/46/46 47/47/47 48/48/48
f 49/49/49 50/50/50 51/51/51
f 52/52/52 53/53/53 54/54/54
f 55/55/55 56/56/56 57/57/57
f 58/58/58 59/59/59 60/60/60
f 61/61/61 62/62/62 63/63/63
f 64/64/64 65/65/65 66/66/66
f 67/67/67 68/68/68 69/69/69
f 70/70/70 71/71/71 72/72/72
f 73/73/73 74/74/74 75/75/75
f 76/76/76 77/77/77 78/78/78
f 79/79/79 80/80/80 81/81/81
f 82/82/82 83/83/83 84/84/84
f 85/85/85 86/86/86 87/87/87
f 88/88/88 89/89/89 90/90/90
f 91/91/91 92/92/92 93/93/93
f 94/94/94 95/95/95 96/96/96
f 97/97/97 98/98/98 99/99/99
f 100/100/100 101/101/101 102/102/102
f 103/103/103 104/104/104 105/105/105
f 106/106/106 107/107/107 108/108/108
f 109/109/109 110/110/110 111/111/111
f 112/112/112 113/113/113 114/114/114
f 115/115/115 116/116/116 117/117/117
f 118/118/118 119/119/119 120/120/120
f 121/121/121 122/122/122 123/123/123
f 124/124/124 125/125/125 126/126/126
f 127/127/127 128/128/128 129/129/129
f 130/130/130 131/131/131 132/132/132
f 133/133/133 134/134/134 135/135/135
f 136/136/136 137/137/137 138/138/138
f 139/139/139 140/140/140 141/141/141
f 142/142/142 143/143/143 144/144/144
f 145/145/145 146/146/146 147/147/147
f 148/148/148 149/149/149 150/150/150
f 151/151/151 152/152/152 153/153/153
f 154/154/154 155/155/155 156/156/156
f 157/157/157 158/158/158 159/159/159
f 160/160/160 161/161/161 162/162/162
f 163/163/163 164/164/164 165/165/165
f 166/166/166 167/167/167 168/168/168
f 169/169/169 170/170/170 171/171/171
f 172/172/172 173/173/173 174/174/174
f 175/175/175 176/176/176 177/177/177
f 178/178/178 179/179/179 180/180/180
f 181/181/181 182/182/182 183/183/183
f 184/184/184 185/185/185 186/186/186
f 187/187/187 188/188/188 189/189/189
f 190/190/190 191/191/191 192/192/192
f 193/193/193 194/194/194 195/195/195
f 196/196/196 197/197/197 198/198/198
f 199/199/199 200/200/200 201/201/201
f 202/202/202 203/203/203 204/204/204
f 205/205/205 206/206/206 207/207/207
f 208/208/208 209/209/209 210/210/210
f 211/211/211 212/212/212 213/213/213
f 214/214/214 215/215/215 216/216/216
f 217/217/217 218/218/218 219/219/219
f 220/220/220 221/221/221 222/222/222
f 223/223/223 224/224/224 225/225/225
f 226/226/226 227/227/227 228/228/228
f 229/229/229 230/230/230 231/231/231
f 232/232/232 233/233/233 234/234/234
f 235/235/235 236/236/236 237/237/237
f 238/238/238 239/239/239 240/240/240
f 241/241/241 242/242/242 243/243/243
f 244/244/244 245/245/245 246/246/246
f 247/247/247 248/248/248 249/249/249
f 250/250/250 251/251/251 252/252/252
f 253/253/253 254/254/254 255/255/255
f 256/256/256 257/257/257 258/258/258
f 259/259/259 260/260/260 261/261/261
f 262/262/262 263/263/263 264/264/264
f 265/265/265 266/266/266 267/267/267
f 268/268/268 269/269/269 270/270/270
f 271/271/271 272/272/272 273/273/273
f 274/274/274 275/275/275 276/276/276
f 277/277/277 278/278/278 279/279/279
f 280/280/280 281/281/281 282/282/282
f 283/283/283 284/284/284 285/285/285
f 286/286/286 287/287/287 288/288/288
f 289/289/289 290/290/290 291/291/291
f 292/292/292 293/293/293 294/294/294
f 295/295/295 296/296/296 297/297/297
f 298/298/298 299/299/299 300/300/300
f 301/301/301 302/302/302 303/303/303
f 304/304/304 305/305/305 306/306/306
f 307/307/307 308/308/308 309/309/309
f 310/310/310 311/311/311 312/312/312
f 313/313/313 314/314/314 315/315/315
f 316/316/316 317/317/317 318/318/318
f 319/319/319 320/320/320 321/321/321
f 322/322/322 323/323/323 324/324/324
f 325/325/325 326/326/326 327/327/327
f 328/328/328 329/329/329 330/330/330
f 331/331/331 332/332/332 333/333/333
f 334/334/334 335/335/335 336/336/336
f 337/337/337 338/338/338 339/339/339
f 340/340/340 341/341/341 342/342/342
f 343/343/343 344/344/344 345/345/345
f 346/346/346 347/347/347 348/348/348
f 349/349/349 350/350/350 351/351/351
f 352/352/352 353/353/353 354/354/354
f 355/355/355 356/356/356 357/357/357
f 358/358/358 359/359/359 360/360/360
f 361/361/361 362/362/362 363/363/363
f 364/364/364 365/365/365 366/366/366
f 367/367/367 368/368/368 369/369/369
f 370/370/370 371/371/371 372/372/372
f 373/373/373 374/374/374 375/375/375
f 376/376/376 377/377/377 378/378/378
f 379/379/379 380/380/380 381/381/381
f 382/382/382 383/383/383 384/384/384
f 385/385/385 386/386/386 387/387/387
f 388/388/388 389/389/389 390/390/390
f 391/391/391 392/392/392 393/393/393
f 394/394/394 395/395/395 396/396/396
f 397/397/397 398/398/398 399/399/399
f 400/400/400 401/401/401 402/402/402
f 403/403/403 404/404/404 405/405/405
f 406/406/406 407/407/407 408/408/408
f 409/409/409 410/410/410 411/411/411
f 412/412/412 413/413/413 414/414/414
f 415/415/415 416/416/416 417/417/417
f 418/418/418 419/419/419 420/420/420
o LeftEye
usemtl PaintedCrystalBlue
v -2.600000 3.300000 -27.080000
v -5.100000 6.150000 -27.080000
v -2.700000 5.100000 -27.080000
v -2.600000 3.300000 -27.080000
v -6.100000 5.550000 -27.080000
v -5.100000 6.150000 -27.080000
v -2.600000 3.300000 -27.080000
v -5.300000 2.850000 -27.080000
v -6.100000 5.550000 -27.080000
v -2.600000 3.300000 -27.080000
v -3.400000 2.800000 -27.080000
v -5.300000 2.850000 -27.080000
vt 0.992188 0.792794
vt 0.824777 0.992188
vt 0.985491 0.918727
vt 0.992188 0.792794
vt 0.757812 0.950210
vt 0.824777 0.992188
vt 0.992188 0.792794
vt 0.811384 0.761311
vt 0.757812 0.950210
vt 0.992188 0.792794
vt 0.938616 0.757812
vt 0.811384 0.761311
vn -0.000000 -0.000000 -1.000000
vn -0.000000 -0.000000 -1.000000
vn -0.000000 -0.000000 -1.000000
vn -0.000000 -0.000000 -1.000000
vn -0.000000 -0.000000 -1.000000
vn -0.000000 -0.000000 -1.000000
vn -0.000000 -0.000000 -1.000000
vn -0.000000 -0.000000 -1.000000
vn -0.000000 -0.000000 -1.000000
vn -0.000000 -0.000000 -1.000000
vn -0.000000 -0.000000 -1.000000
vn -0.000000 -0.000000 -1.000000
f 421/421/421 422/422/422 423/423/423
f 424/424/424 425/425/425 426/426/426
f 427/427/427 428/428/428 429/429/429
f 430/430/430 431/431/431 432/432/432
o LeftCheek
usemtl PaintedCrystalBlue
v -1.600000 1.500000 -27.100000
v -6.600000 0.250000 -27.100000
v -4.300000 1.600000 -27.100000
v -1.600000 1.500000 -27.100000
v -5.700000 -1.350000 -27.100000
v -6.600000 0.250000 -27.100000
v -1.600000 1.500000 -27.100000
v -3.100000 -1.800000 -27.100000
v -5.700000 -1.350000 -27.100000
v -1.600000 1.500000 -27.100000
v -1.600000 -0.800000 -27.100000
v -3.100000 -1.800000 -27.100000
vt 0.492188 0.985294
vt 0.257812 0.899127
vt 0.365625 0.992188
vt 0.492188 0.985294
vt 0.300000 0.788833
vt 0.257812 0.899127
vt 0.492188 0.985294
vt 0.421875 0.757812
vt 0.300000 0.788833
vt 0.492188 0.985294
vt 0.492188 0.826746
vt 0.421875 0.757812
vn -0.000000 -0.000000 -1.000000
vn -0.000000 -0.000000 -1.000000
vn -0.000000 -0.000000 -1.000000
vn -0.000000 -0.000000 -1.000000
vn -0.000000 -0.000000 -1.000000
vn -0.000000 -0.000000 -1.000000
vn -0.000000 -0.000000 -1.000000
vn -0.000000 -0.000000 -1.000000
vn -0.000000 -0.000000 -1.000000
vn -0.000000 -0.000000 -1.000000
vn -0.000000 -0.000000 -1.000000
vn -0.000000 -0.000000 -1.000000
f 433/433/433 434/434/434 435/435/435
f 436/436/436 437/437/437 438/438/438
f 439/439/439 440/440/440 441/441/441
f 442/442/442 443/443/443 444/444/444
o RightEye
usemtl PaintedCrystalBlue
v 2.600000 3.300000 -27.080000
v 2.700000 5.100000 -27.080000
v 5.100000 6.150000 -27.080000
v 2.600000 3.300000 -27.080000
v 5.100000 6.150000 -27.080000
v 6.100000 5.550000 -27.080000
v 2.600000 3.300000 -27.080000
v 6.100000 5.550000 -27.080000
v 5.300000 2.850000 -27.080000
v 2.600000 3.300000 -27.080000
v 5.300000 2.850000 -27.080000
v 3.400000 2.800000 -27.080000
vt 0.757812 0.792794
vt 0.764509 0.918727
vt 0.925223 0.992188
vt 0.757812 0.792794
vt 0.925223 0.992188
vt 0.992188 0.950210
vt 0.757812 0.792794
vt 0.992188 0.950210
vt 0.938616 0.761311
vt 0.757812 0.792794
vt 0.938616 0.761311
vt 0.811384 0.757812
vn 0.000000 0.000000 -1.000000
vn 0.000000 0.000000 -1.000000
vn 0.000000 0.000000 -1.000000
vn 0.000000 0.000000 -1.000000
vn 0.000000 0.000000 -1.000000
vn 0.000000 0.000000 -1.000000
vn 0.000000 0.000000 -1.000000
vn 0.000000 0.000000 -1.000000
vn 0.000000 0.000000 -1.000000
vn 0.000000 0.000000 -1.000000
vn 0.000000 0.000000 -1.000000
vn 0.000000 0.000000 -1.000000
f 445/445/445 446/446/446 447/447/447
f 448/448/448 449/449/449 450/450/450
f 451/451/451 452/452/452 453/453/453
f 454/454/454 455/455/455 456/456/456
o RightCheek
usemtl PaintedCrystalBlue
v 1.600000 1.500000 -27.100000
v 4.300000 1.600000 -27.100000
v 6.600000 0.250000 -27.100000
v 1.600000 1.500000 -27.100000
v 6.600000 0.250000 -27.100000
v 5.700000 -1.350000 -27.100000
v 1.600000 1.500000 -27.100000
v 5.700000 -1.350000 -27.100000
v 3.100000 -1.800000 -27.100000
v 1.600000 1.500000 -27.100000
v 3.100000 -1.800000 -27.100000
v 1.600000 -0.800000 -27.100000
vt 0.257812 0.985294
vt 0.384375 0.992188
vt 0.492188 0.899127
vt 0.257812 0.985294
vt 0.492188 0.899127
vt 0.450000 0.788833
vt 0.257812 0.985294
vt 0.450000 0.788833
vt 0.328125 0.757812
vt 0.257812 0.985294
vt 0.328125 0.757812
vt 0.257812 0.826746
vn 0.000000 0.000000 -1.000000
vn 0.000000 0.000000 -1.000000
vn 0.000000 0.000000 -1.000000
vn 0.000000 0.000000 -1.000000
vn 0.000000 0.000000 -1.000000
vn 0.000000 0.000000 -1.000000
vn 0.000000 0.000000 -1.000000
vn 0.000000 0.000000 -1.000000
vn 0.000000 0.000000 -1.000000
vn 0.000000 0.000000 -1.000000
vn 0.000000 0.000000 -1.000000
vn 0.000000 0.000000 -1.000000
f 457/457/457 458/458/458 459/459/459
f 460/460/460 461/461/461 462/462/462
f 463/463/463 464/464/464 465/465/465
f 466/466/466 467/467/467 468/468/468
o Smile
usemtl PaintedCrystalBlue
v -2.100000 -1.500000 -27.150000
v 2.100000 -1.500000 -27.150000
v 0.000000 -1.900000 -27.150000
v -2.100000 -1.500000 -27.150000
v 2.100000 -1.500000 -27.150000
v 1.500000 -2.900000 -27.150000
v -2.100000 -1.500000 -27.150000
v 1.500000 -2.900000 -27.150000
v 0.000000 -3.500000 -27.150000
v -2.100000 -1.500000 -27.150000
v 0.000000 -3.500000 -27.150000
v -1.500000 -2.900000 -27.150000
vt 0.007812 0.492188
vt 0.242188 0.492188
vt 0.125000 0.445312
vt 0.007812 0.492188
vt 0.242188 0.492188
vt 0.208705 0.328125
vt 0.007812 0.492188
vt 0.208705 0.328125
vt 0.125000 0.257812
vt 0.007812 0.492188
vt 0.125000 0.257812
vt 0.041295 0.328125
vn 0.000000 -0.000000 -1.000000
vn 0.000000 -0.000000 -1.000000
vn 0.000000 -0.000000 -1.000000
vn 0.000000 0.000000 -1.000000
vn 0.000000 0.000000 -1.000000
vn 0.000000 0.000000 -1.000000
vn 0.000000 0.000000 -1.000000
vn 0.000000 0.000000 -1.000000
vn 0.000000 0.000000 -1.000000
vn 0.000000 0.000000 -1.000000
vn 0.000000 0.000000 -1.000000
vn 0.000000 0.000000 -1.000000
f 469/469/469 470/470/470 471/471/471
f 472/472/472 473/473/473 474/474/474
f 475/475/475 476/476/476 477/477/477
f 478/478/478 479/479/479 480/480/480
o Trunk
usemtl PaintedCrystalBlue
v 2.500000 0.500000 -27.000000
v 1.767767 -1.081139 -26.209431
v 1.697056 -2.446021 -29.111730
v 2.500000 0.500000 -27.000000
v 1.697056 -2.446021 -29.111730
v 2.400000 -1.000000 -30.000000
v 1.767767 -1.081139 -26.209431
v 0.000000 -1.736068 -25.881966
v 0.000000 -3.044982 -28.743797
v 1.767767 -1.081139 -26.209431
v 0.000000 -3.044982 -28.743797
v 1.697056 -2.446021 -29.111730
v 0.000000 -1.736068 -25.881966
v -1.767767 -1.081139 -26.209431
v -1.697056 -2.446021 -29.111730
v 0.000000 -1.736068 -25.881966
v -1.697056 -2.446021 -29.111730
v 0.000000 -3.044982 -28.743797
v -1.767767 -1.081139 -26.209431
v -2.500000 0.500000 -27.000000
v -2.400000 -1.000000 -30.000000
v -1.767767 -1.081139 -26.209431
v -2.400000 -1.000000 -30.000000
v -1.697056 -2.446021 -29.111730
v -2.500000 0.500000 -27.000000
v -1.767767 2.081139 -27.790569
v -1.697056 0.446021 -30.888270
v -2.500000 0.500000 -27.000000
v -1.697056 0.446021 -30.888270
v -2.400000 -1.000000 -30.000000
v -1.767767 2.081139 -27.790569
v -0.000000 2.736068 -28.118034
v -0.000000 1.044982 -31.256203
v -1.767767 2.081139 -27.790569
v -0.000000 1.044982 -31.256203
v -1.697056 0.446021 -30.888270
v -0.000000 2.736068 -28.118034
v 1.767767 2.081139 -27.790569
v 1.697056 0.446021 -30.888270
v -0.000000 2.736068 -28.118034
v 1.697056 0.446021 -30.888270
v -0.000000 1.044982 -31.256203
v 1.767767 2.081139 -27.790569
v 2.500000 0.500000 -27.000000
v 2.400000 -1.000000 -30.000000
v 1.767767 2.081139 -27.790569
v 2.400000 -1.000000 -30.000000
v 1.697056 0.446021 -30.888270
v 2.400000 -1.000000 -30.000000
v 1.697056 -2.446021 -29.111730
v 1.484924 -5.166622 -33.419186
v 2.400000 -1.000000 -30.000000
v 1.484924 -5.166622 -33.419186
v 2.100000 -3.800000 -34.000000
v 1.697056 -2.446021 -29.111730
v 0.000000 -3.044982 -28.743797
v 0.000000 -5.732695 -33.178605
v 1.697056 -2.446021 -29.111730
v 0.000000 -5.732695 -33.178605
v 1.484924 -5.166622 -33.419186
v 0.000000 -3.044982 -28.743797
v -1.697056 -2.446021 -29.111730
v -1.484924 -5.166622 -33.419186
v 0.000000 -3.044982 -28.743797
v -1.484924 -5.166622 -33.419186
v 0.000000 -5.732695 -33.178605
v -1.697056 -2.446021 -29.111730
v -2.400000 -1.000000 -30.000000
v -2.100000 -3.800000 -34.000000
v -1.697056 -2.446021 -29.111730
v -2.100000 -3.800000 -34.000000
v -1.484924 -5.166622 -33.419186
v -2.400000 -1.000000 -30.000000
v -1.697056 0.446021 -30.888270
v -1.484924 -2.433378 -34.580814
v -2.400000 -1.000000 -30.000000
v -1.484924 -2.433378 -34.580814
v -2.100000 -3.800000 -34.000000
v -1.697056 0.446021 -30.888270
v -0.000000 1.044982 -31.256203
v -0.000000 -1.867305 -34.821395
v -1.697056 0.446021 -30.888270
v -0.000000 -1.867305 -34.821395
v -1.484924 -2.433378 -34.580814
v -0.000000 1.044982 -31.256203
v 1.697056 0.446021 -30.888270
v 1.484924 -2.433378 -34.580814
v -0.000000 1.044982 -31.256203
v 1.484924 -2.433378 -34.580814
v -0.000000 -1.867305 -34.821395
v 1.697056 0.446021 -30.888270
v 2.400000 -1.000000 -30.000000
v 2.100000 -3.800000 -34.000000
v 1.697056 0.446021 -30.888270
v 2.100000 -3.800000 -34.000000
v 1.484924 -2.433378 -34.580814
v 2.100000 -3.800000 -34.000000
v 1.484924 -5.166622 -33.419186
v 1.343503 -5.720492 -38.247592
v 2.100000 -3.800000 -34.000000
v 1.343503 -5.720492 -38.247592
v 1.900000 -4.400000 -38.000000
v 1.484924 -5.166622 -33.419186
v 0.000000 -5.732695 -33.178605
v 0.000000 -6.267457 -38.350148
v 1.484924 -5.166622 -33.419186
v 0.000000 -6.267457 -38.350148
v 1.343503 -5.720492 -38.247592
v 0.000000 -5.732695 -33.178605
v -1.484924 -5.166622 -33.419186
v -1.343503 -5.720492 -38.247592
v 0.000000 -5.732695 -33.178605
v -1.343503 -5.720492 -38.247592
v 0.000000 -6.267457 -38.350148
v -1.484924 -5.166622 -33.419186
v -2.100000 -3.800000 -34.000000
v -1.900000 -4.400000 -38.000000
v -1.484924 -5.166622 -33.419186
v -1.900000 -4.400000 -38.000000
v -1.343503 -5.720492 -38.247592
v -2.100000 -3.800000 -34.000000
v -1.484924 -2.433378 -34.580814
v -1.343503 -3.079508 -37.752408
v -2.100000 -3.800000 -34.000000
v -1.343503 -3.079508 -37.752408
v -1.900000 -4.400000 -38.000000
v -1.484924 -2.433378 -34.580814
v -0.000000 -1.867305 -34.821395
v -0.000000 -2.532543 -37.649852
v -1.484924 -2.433378 -34.580814
v -0.000000 -2.532543 -37.649852
v -1.343503 -3.079508 -37.752408
v -0.000000 -1.867305 -34.821395
v 1.484924 -2.433378 -34.580814
v 1.343503 -3.079508 -37.752408
v -0.000000 -1.867305 -34.821395
v 1.343503 -3.079508 -37.752408
v -0.000000 -2.532543 -37.649852
v 1.484924 -2.433378 -34.580814
v 2.100000 -3.800000 -34.000000
v 1.900000 -4.400000 -38.000000
v 1.484924 -2.433378 -34.580814
v 1.900000 -4.400000 -38.000000
v 1.343503 -3.079508 -37.752408
v 1.900000 -4.400000 -38.000000
v 1.343503 -5.720492 -38.247592
v 1.096016 -3.143956 -42.699277
v 1.900000 -4.400000 -38.000000
v 1.096016 -3.143956 -42.699277
v 1.550000 -2.300000 -42.000000
v 1.343503 -5.720492 -38.247592
v 0.000000 -6.267457 -38.350148
v 0.000000 -3.493533 -42.988928
v 1.343503 -5.720492 -38.247592
v 0.000000 -3.493533 -42.988928
v 1.096016 -3.143956 -42.699277
v 0.000000 -6.267457 -38.350148
v -1.343503 -5.720492 -38.247592
v -1.096016 -3.143956 -42.699277
v 0.000000 -6.267457 -38.350148
v -1.096016 -3.143956 -42.699277
v 0.000000 -3.493533 -42.988928
v -1.343503 -5.720492 -38.247592
v -1.900000 -4.400000 -38.000000
v -1.550000 -2.300000 -42.000000
v -1.343503 -5.720492 -38.247592
v -1.550000 -2.300000 -42.000000
v -1.096016 -3.143956 -42.699277
v -1.900000 -4.400000 -38.000000
v -1.343503 -3.079508 -37.752408
v -1.096016 -1.456044 -41.300723
v -1.900000 -4.400000 -38.000000
v -1.096016 -1.456044 -41.300723
v -1.550000 -2.300000 -42.000000
v -1.343503 -3.079508 -37.752408
v -0.000000 -2.532543 -37.649852
v -0.000000 -1.106467 -41.011072
v -1.343503 -3.079508 -37.752408
v -0.000000 -1.106467 -41.011072
v -1.096016 -1.456044 -41.300723
v -0.000000 -2.532543 -37.649852
v 1.343503 -3.079508 -37.752408
v 1.096016 -1.456044 -41.300723
v -0.000000 -2.532543 -37.649852
v 1.096016 -1.456044 -41.300723
v -0.000000 -1.106467 -41.011072
v 1.343503 -3.079508 -37.752408
v 1.900000 -4.400000 -38.000000
v 1.550000 -2.300000 -42.000000
v 1.343503 -3.079508 -37.752408
v 1.550000 -2.300000 -42.000000
v 1.096016 -1.456044 -41.300723
v 1.550000 -2.300000 -42.000000
v 1.096016 -3.143956 -42.699277
v 0.883883 0.992539 -45.784363
v 1.550000 -2.300000 -42.000000
v 0.883883 0.992539 -45.784363
v 1.250000 1.400000 -45.000000
v 1.096016 -3.143956 -42.699277
v 0.000000 -3.493533 -42.988928
v 0.000000 0.823763 -46.109257
v 1.096016 -3.143956 -42.699277
v 0.000000 0.823763 -46.109257
v 0.883883 0.992539 -45.784363
v 0.000000 -3.493533 -42.988928
v -1.096016 -3.143956 -42.699277
v -0.883883 0.992539 -45.784363
v 0.000000 -3.493533 -42.988928
v -0.883883 0.992539 -45.784363
v 0.000000 0.823763 -46.109257
v -1.096016 -3.143956 -42.699277
v -1.550000 -2.300000 -42.000000
v -1.250000 1.400000 -45.000000
v -1.096016 -3.143956 -42.699277
v -1.250000 1.400000 -45.000000
v -0.883883 0.992539 -45.784363
v -1.550000 -2.300000 -42.000000
v -1.096016 -1.456044 -41.300723
v -0.883883 1.807461 -44.215637
v -1.550000 -2.300000 -42.000000
v -0.883883 1.807461 -44.215637
v -1.250000 1.400000 -45.000000
v -1.096016 -1.456044 -41.300723
v -0.000000 -1.106467 -41.011072
v -0.000000 1.976237 -43.890743
v -1.096016 -1.456044 -41.300723
v -0.000000 1.976237 -43.890743
v -0.883883 1.807461 -44.215637
v -0.000000 -1.106467 -41.011072
v 1.096016 -1.456044 -41.300723
v 0.883883 1.807461 -44.215637
v -0.000000 -1.106467 -41.011072
v 0.883883 1.807461 -44.215637
v -0.000000 1.976237 -43.890743
v 1.096016 -1.456044 -41.300723
v 1.550000 -2.300000 -42.000000
v 1.250000 1.400000 -45.000000
v 1.096016 -1.456044 -41.300723
v 1.250000 1.400000 -45.000000
v 0.883883 1.807461 -44.215637
v 1.250000 1.400000 -45.000000
v 0.883883 0.992539 -45.784363
v -0.671751 5.237076 -46.651695
v 1.250000 1.400000 -45.000000
v 0.000000 5.169591 -46.921635
v -0.671751 5.237076 -46.651695
v 0.883883 0.992539 -45.784363
v 0.000000 0.823763 -46.109257
v -0.950000 5.400000 -46.000000
v 0.883883 0.992539 -45.784363
v -0.671751 5.237076 -46.651695
v -0.950000 5.400000 -46.000000
v 0.000000 0.823763 -46.109257
v -0.883883 0.992539 -45.784363
v -0.671751 5.562924 -45.348305
v 0.000000 0.823763 -46.109257
v -0.950000 5.400000 -46.000000
v -0.671751 5.562924 -45.348305
v -0.883883 0.992539 -45.784363
v -1.250000 1.400000 -45.000000
v -0.000000 5.630409 -45.078365
v -0.883883 0.992539 -45.784363
v -0.671751 5.562924 -45.348305
v -0.000000 5.630409 -45.078365
v -1.250000 1.400000 -45.000000
v -0.883883 1.807461 -44.215637
v 0.671751 5.562924 -45.348305
v -1.250000 1.400000 -45.000000
v -0.000000 5.630409 -45.078365
v 0.671751 5.562924 -45.348305
v -0.883883 1.807461 -44.215637
v -0.000000 1.976237 -43.890743
v 0.950000 5.400000 -46.000000
v -0.883883 1.807461 -44.215637
v 0.671751 5.562924 -45.348305
v 0.950000 5.400000 -46.000000
v -0.000000 1.976237 -43.890743
v 0.883883 1.807461 -44.215637
v 0.671751 5.237076 -46.651695
v -0.000000 1.976237 -43.890743
v 0.950000 5.400000 -46.000000
v 0.671751 5.237076 -46.651695
v 0.883883 1.807461 -44.215637
v 1.250000 1.400000 -45.000000
v 0.000000 5.169591 -46.921635
v 0.883883 1.807461 -44.215637
v 0.671751 5.237076 -46.651695
v 0.000000 5.169591 -46.921635
v 0.000000 0.500000 -27.000000
v 1.767767 -1.081139 -26.209431
v 2.500000 0.500000 -27.000000
v 0.000000 0.500000 -27.000000
v 0.000000 -1.736068 -25.881966
v 1.767767 -1.081139 -26.209431
v 0.000000 0.500000 -27.000000
v -1.767767 -1.081139 -26.209431
v 0.000000 -1.736068 -25.881966
v 0.000000 0.500000 -27.000000
v -2.500000 0.500000 -27.000000
v -1.767767 -1.081139 -26.209431
v 0.000000 0.500000 -27.000000
v -1.767767 2.081139 -27.790569
v -2.500000 0.500000 -27.000000
v 0.000000 0.500000 -27.000000
v -0.000000 2.736068 -28.118034
v -1.767767 2.081139 -27.790569
v 0.000000 0.500000 -27.000000
v 1.767767 2.081139 -27.790569
v -0.000000 2.736068 -28.118034
v 0.000000 0.500000 -27.000000
v 2.500000 0.500000 -27.000000
v 1.767767 2.081139 -27.790569
v 0.000000 5.400000 -46.000000
v 0.000000 5.169591 -46.921635
v -0.671751 5.237076 -46.651695
v 0.000000 5.400000 -46.000000
v -0.671751 5.237076 -46.651695
v -0.950000 5.400000 -46.000000
v 0.000000 5.400000 -46.000000
v -0.950000 5.400000 -46.000000
v -0.671751 5.562924 -45.348305
v 0.000000 5.400000 -46.000000
v -0.671751 5.562924 -45.348305
v -0.000000 5.630409 -45.078365
v 0.000000 5.400000 -46.000000
v -0.000000 5.630409 -45.078365
v 0.671751 5.562924 -45.348305
v 0.000000 5.400000 -46.000000
v 0.671751 5.562924 -45.348305
v 0.950000 5.400000 -46.000000
v 0.000000 5.400000 -46.000000
v 0.950000 5.400000 -46.000000
v 0.671751 5.237076 -46.651695
v 0.000000 5.400000 -46.000000
v 0.671751 5.237076 -46.651695
v 0.000000 5.169591 -46.921635
vt 0.007812 0.992188
vt 0.037109 0.992188
vt 0.037109 0.757812
vt 0.007812 0.992188
vt 0.037109 0.757812
vt 0.007812 0.757812
vt 0.037109 0.992188
vt 0.066406 0.992188
vt 0.066406 0.757812
vt 0.037109 0.992188
vt 0.066406 0.757812
vt 0.037109 0.757812
vt 0.066406 0.992188
vt 0.095703 0.992188
vt 0.095703 0.757812
vt 0.066406 0.992188
vt 0.095703 0.757812
vt 0.066406 0.757812
vt 0.095703 0.992188
vt 0.125000 0.992188
vt 0.125000 0.757812
vt 0.095703 0.992188
vt 0.125000 0.757812
vt 0.095703 0.757812
vt 0.125000 0.992188
vt 0.154297 0.992188
vt 0.154297 0.757812
vt 0.125000 0.992188
vt 0.154297 0.757812
vt 0.125000 0.757812
vt 0.154297 0.992188
vt 0.183594 0.992188
vt 0.183594 0.757812
vt 0.154297 0.992188
vt 0.183594 0.757812
vt 0.154297 0.757812
vt 0.183594 0.992188
vt 0.212891 0.992188
vt 0.212891 0.757812
vt 0.183594 0.992188
vt 0.212891 0.757812
vt 0.183594 0.757812
vt 0.212891 0.992188
vt 0.007812 0.992188
vt 0.007812 0.757812
vt 0.212891 0.992188
vt 0.007812 0.757812
vt 0.212891 0.757812
vt 0.007812 0.992188
vt 0.037109 0.992188
vt 0.037109 0.757812
vt 0.007812 0.992188
vt 0.037109 0.757812
vt 0.007812 0.757812
vt 0.037109 0.992188
vt 0.066406 0.992188
vt 0.066406 0.757812
vt 0.037109 0.992188
vt 0.066406 0.757812
vt 0.037109 0.757812
vt 0.066406 0.992188
vt 0.095703 0.992188
vt 0.095703 0.757812
vt 0.066406 0.992188
vt 0.095703 0.757812
vt 0.066406 0.757812
vt 0.095703 0.992188
vt 0.125000 0.992188
vt 0.125000 0.757812
vt 0.095703 0.992188
vt 0.125000 0.757812
vt 0.095703 0.757812
vt 0.125000 0.992188
vt 0.154297 0.992188
vt 0.154297 0.757812
vt 0.125000 0.992188
vt 0.154297 0.757812
vt 0.125000 0.757812
vt 0.154297 0.992188
vt 0.183594 0.992188
vt 0.183594 0.757812
vt 0.154297 0.992188
vt 0.183594 0.757812
vt 0.154297 0.757812
vt 0.183594 0.992188
vt 0.212891 0.992188
vt 0.212891 0.757812
vt 0.183594 0.992188
vt 0.212891 0.757812
vt 0.183594 0.757812
vt 0.212891 0.992188
vt 0.007812 0.992188
vt 0.007812 0.757812
vt 0.212891 0.992188
vt 0.007812 0.757812
vt 0.212891 0.757812
vt 0.007812 0.992188
vt 0.037109 0.992188
vt 0.037109 0.757812
vt 0.007812 0.992188
vt 0.037109 0.757812
vt 0.007812 0.757812
vt 0.037109 0.992188
vt 0.066406 0.992188
vt 0.066406 0.757812
vt 0.037109 0.992188
vt 0.066406 0.757812
vt 0.037109 0.757812
vt 0.066406 0.992188
vt 0.095703 0.992188
vt 0.095703 0.757812
vt 0.066406 0.992188
vt 0.095703 0.757812
vt 0.066406 0.757812
vt 0.095703 0.992188
vt 0.125000 0.992188
vt 0.125000 0.757812
vt 0.095703 0.992188
vt 0.125000 0.757812
vt 0.095703 0.757812
vt 0.125000 0.992188
vt 0.154297 0.992188
vt 0.154297 0.757812
vt 0.125000 0.992188
vt 0.154297 0.757812
vt 0.125000 0.757812
vt 0.154297 0.992188
vt 0.183594 0.992188
vt 0.183594 0.757812
vt 0.154297 0.992188
vt 0.183594 0.757812
vt 0.154297 0.757812
vt 0.183594 0.992188
vt 0.212891 0.992188
vt 0.212891 0.757812
vt 0.183594 0.992188
vt 0.212891 0.757812
vt 0.183594 0.757812
vt 0.212891 0.992188
vt 0.007812 0.992188
vt 0.007812 0.757812
vt 0.212891 0.992188
vt 0.007812 0.757812
vt 0.212891 0.757812
vt 0.007812 0.992188
vt 0.037109 0.992188
vt 0.037109 0.757812
vt 0.007812 0.992188
vt 0.037109 0.757812
vt 0.007812 0.757812
vt 0.037109 0.992188
vt 0.066406 0.992188
vt 0.066406 0.757812
vt 0.037109 0.992188
vt 0.066406 0.757812
vt 0.037109 0.757812
vt 0.066406 0.992188
vt 0.095703 0.992188
vt 0.095703 0.757812
vt 0.066406 0.992188
vt 0.095703 0.757812
vt 0.066406 0.757812
vt 0.095703 0.992188
vt 0.125000 0.992188
vt 0.125000 0.757812
vt 0.095703 0.992188
vt 0.125000 0.757812
vt 0.095703 0.757812
vt 0.125000 0.992188
vt 0.154297 0.992188
vt 0.154297 0.757812
vt 0.125000 0.992188
vt 0.154297 0.757812
vt 0.125000 0.757812
vt 0.154297 0.992188
vt 0.183594 0.992188
vt 0.183594 0.757812
vt 0.154297 0.992188
vt 0.183594 0.757812
vt 0.154297 0.757812
vt 0.183594 0.992188
vt 0.212891 0.992188
vt 0.212891 0.757812
vt 0.183594 0.992188
vt 0.212891 0.757812
vt 0.183594 0.757812
vt 0.212891 0.992188
vt 0.007812 0.992188
vt 0.007812 0.757812
vt 0.212891 0.992188
vt 0.007812 0.757812
vt 0.212891 0.757812
vt 0.007812 0.992188
vt 0.037109 0.992188
vt 0.037109 0.757812
vt 0.007812 0.992188
vt 0.037109 0.757812
vt 0.007812 0.757812
vt 0.037109 0.992188
vt 0.066406 0.992188
vt 0.066406 0.757812
vt 0.037109 0.992188
vt 0.066406 0.757812
vt 0.037109 0.757812
vt 0.066406 0.992188
vt 0.095703 0.992188
vt 0.095703 0.757812
vt 0.066406 0.992188
vt 0.095703 0.757812
vt 0.066406 0.757812
vt 0.095703 0.992188
vt 0.125000 0.992188
vt 0.125000 0.757812
vt 0.095703 0.992188
vt 0.125000 0.757812
vt 0.095703 0.757812
vt 0.125000 0.992188
vt 0.154297 0.992188
vt 0.154297 0.757812
vt 0.125000 0.992188
vt 0.154297 0.757812
vt 0.125000 0.757812
vt 0.154297 0.992188
vt 0.183594 0.992188
vt 0.183594 0.757812
vt 0.154297 0.992188
vt 0.183594 0.757812
vt 0.154297 0.757812
vt 0.183594 0.992188
vt 0.212891 0.992188
vt 0.212891 0.757812
vt 0.183594 0.992188
vt 0.212891 0.757812
vt 0.183594 0.757812
vt 0.212891 0.992188
vt 0.007812 0.992188
vt 0.007812 0.757812
vt 0.212891 0.992188
vt 0.007812 0.757812
vt 0.212891 0.757812
vt 0.007812 0.992188
vt 0.037109 0.992188
vt 0.037109 0.757812
vt 0.007812 0.992188
vt 0.007812 0.757812
vt 0.037109 0.757812
vt 0.037109 0.992188
vt 0.066406 0.992188
vt 0.066406 0.757812
vt 0.037109 0.992188
vt 0.037109 0.757812
vt 0.066406 0.757812
vt 0.066406 0.992188
vt 0.095703 0.992188
vt 0.095703 0.757812
vt 0.066406 0.992188
vt 0.066406 0.757812
vt 0.095703 0.757812
vt 0.095703 0.992188
vt 0.125000 0.992188
vt 0.125000 0.757812
vt 0.095703 0.992188
vt 0.095703 0.757812
vt 0.125000 0.757812
vt 0.125000 0.992188
vt 0.154297 0.992188
vt 0.154297 0.757812
vt 0.125000 0.992188
vt 0.125000 0.757812
vt 0.154297 0.757812
vt 0.154297 0.992188
vt 0.183594 0.992188
vt 0.183594 0.757812
vt 0.154297 0.992188
vt 0.154297 0.757812
vt 0.183594 0.757812
vt 0.183594 0.992188
vt 0.212891 0.992188
vt 0.212891 0.757812
vt 0.183594 0.992188
vt 0.183594 0.757812
vt 0.212891 0.757812
vt 0.212891 0.992188
vt 0.007812 0.992188
vt 0.007812 0.757812
vt 0.212891 0.992188
vt 0.212891 0.757812
vt 0.007812 0.757812
vt 0.125000 0.875000
vt 0.242188 0.757812
vt 0.007812 0.992188
vt 0.125000 0.875000
vt 0.242188 0.757812
vt 0.007812 0.992188
vt 0.125000 0.875000
vt 0.242188 0.757812
vt 0.007812 0.992188
vt 0.125000 0.875000
vt 0.242188 0.757812
vt 0.007812 0.992188
vt 0.125000 0.875000
vt 0.242188 0.757812
vt 0.007812 0.992188
vt 0.125000 0.875000
vt 0.242188 0.757812
vt 0.007812 0.992188
vt 0.125000 0.875000
vt 0.242188 0.757812
vt 0.007812 0.992188
vt 0.125000 0.875000
vt 0.242188 0.757812
vt 0.007812 0.992188
vt 0.125000 0.875000
vt 0.007812 0.992188
vt 0.242188 0.757812
vt 0.125000 0.875000
vt 0.007812 0.992188
vt 0.242188 0.757812
vt 0.125000 0.875000
vt 0.007812 0.992188
vt 0.242188 0.757812
vt 0.125000 0.875000
vt 0.007812 0.992188
vt 0.242188 0.757812
vt 0.125000 0.875000
vt 0.007812 0.992188
vt 0.242188 0.757812
vt 0.125000 0.875000
vt 0.007812 0.992188
vt 0.242188 0.757812
vt 0.125000 0.875000
vt 0.007812 0.992188
vt 0.242188 0.757812
vt 0.125000 0.875000
vt 0.007812 0.992188
vt 0.242188 0.757812
vn 0.923475 -0.355358 0.144617
vn 0.923475 -0.355358 0.144617
vn 0.923475 -0.355358 0.144617
vn 0.922159 -0.357394 0.147958
vn 0.922159 -0.357394 0.147958
vn 0.922159 -0.357394 0.147958
vn 0.382487 -0.840247 0.384303
vn 0.382487 -0.840247 0.384303
vn 0.382487 -0.840247 0.384303
vn 0.380317 -0.840462 0.385983
vn 0.380317 -0.840462 0.385983
vn 0.380317 -0.840462 0.385983
vn -0.382504 -0.839665 0.385555
vn -0.382504 -0.839665 0.385555
vn -0.382504 -0.839665 0.385555
vn -0.380256 -0.841084 0.384686
vn -0.380256 -0.841084 0.384686
vn -0.380256 -0.841084 0.384686
vn -0.923529 -0.354466 0.146449
vn -0.923529 -0.354466 0.146449
vn -0.923529 -0.354466 0.146449
vn -0.922037 -0.358467 0.146114
vn -0.922037 -0.358467 0.146114
vn -0.922037 -0.358467 0.146114
vn -0.923541 0.330048 -0.195297
vn -0.923541 0.330048 -0.195297
vn -0.923541 0.330048 -0.195297
vn -0.923864 0.329110 -0.195351
vn -0.923864 0.329110 -0.195351
vn -0.923864 0.329110 -0.195351
vn -0.382530 0.813364 -0.438303
vn -0.382530 0.813364 -0.438303
vn -0.382530 0.813364 -0.438303
vn -0.382156 0.813604 -0.438184
vn -0.382156 0.813604 -0.438184
vn -0.382156 0.813604 -0.438184
vn 0.382533 0.813463 -0.438118
vn 0.382533 0.813463 -0.438118
vn 0.382533 0.813463 -0.438118
vn 0.382160 0.813499 -0.438375
vn 0.382160 0.813499 -0.438375
vn 0.382160 0.813499 -0.438375
vn 0.923529 0.329839 -0.195704
vn 0.923529 0.329839 -0.195704
vn 0.923529 0.329839 -0.195704
vn 0.923861 0.329360 -0.194941
vn 0.923861 0.329360 -0.194941
vn 0.923861 0.329360 -0.194941
vn 0.923355 -0.343518 0.171494
vn 0.923355 -0.343518 0.171494
vn 0.923355 -0.343518 0.171494
vn 0.923634 -0.343076 0.170881
vn 0.923634 -0.343076 0.170881
vn 0.923634 -0.343076 0.170881
vn 0.382678 -0.790106 0.478843
vn 0.382678 -0.790106 0.478843
vn 0.382678 -0.790106 0.478843
vn 0.379276 -0.790628 0.480684
vn 0.379276 -0.790628 0.480684
vn 0.379276 -0.790628 0.480684
vn -0.382680 -0.789515 0.479814
vn -0.382680 -0.789515 0.479814
vn -0.382680 -0.789515 0.479814
vn -0.379343 -0.791281 0.479555
vn -0.379343 -0.791281 0.479555
vn -0.379343 -0.791281 0.479555
vn -0.923348 -0.343637 0.171295
vn -0.923348 -0.343637 0.171295
vn -0.923348 -0.343637 0.171295
vn -0.923628 -0.342966 0.171132
vn -0.923628 -0.342966 0.171132
vn -0.923628 -0.342966 0.171132
vn -0.920565 0.280607 -0.271699
vn -0.920565 0.280607 -0.271699
vn -0.920565 0.280607 -0.271699
vn -0.915065 0.294933 -0.275083
vn -0.915065 0.294933 -0.275083
vn -0.915065 0.294933 -0.275083
vn -0.379746 0.716442 -0.585238
vn -0.379746 0.716442 -0.585238
vn -0.379746 0.716442 -0.585238
vn -0.369995 0.722194 -0.584414
vn -0.369995 0.722194 -0.584414
vn -0.369995 0.722194 -0.584414
vn 0.379920 0.718745 -0.582294
vn 0.379920 0.718745 -0.582294
vn 0.379920 0.718745 -0.582294
vn 0.369571 0.719627 -0.587839
vn 0.369571 0.719627 -0.587839
vn 0.369571 0.719627 -0.587839
vn 0.920951 0.283403 -0.267453
vn 0.920951 0.283403 -0.267453
vn 0.920951 0.283403 -0.267453
vn 0.914280 0.292297 -0.280454
vn 0.914280 0.292297 -0.280454
vn 0.914280 0.292297 -0.280454
vn 0.914798 -0.403442 0.019485
vn 0.914798 -0.403442 0.019485
vn 0.914798 -0.403442 0.019485
vn 0.920596 -0.390315 0.012518
vn 0.920596 -0.390315 0.012518
vn 0.920596 -0.390315 0.012518
vn 0.368067 -0.924868 0.095636
vn 0.368067 -0.924868 0.095636
vn 0.368067 -0.924868 0.095636
vn 0.369109 -0.924494 0.095238
vn 0.369109 -0.924494 0.095238
vn 0.369109 -0.924494 0.095238
vn -0.368033 -0.924914 0.095318
vn -0.368033 -0.924914 0.095318
vn -0.368033 -0.924914 0.095318
vn -0.369073 -0.924471 0.095595
vn -0.369073 -0.924471 0.095595
vn -0.369073 -0.924471 0.095595
vn -0.914172 -0.405046 0.015048
vn -0.914172 -0.405046 0.015048
vn -0.914172 -0.405046 0.015048
vn -0.920156 -0.391142 0.017917
vn -0.920156 -0.391142 0.017917
vn -0.920156 -0.391142 0.017917
vn -0.923257 0.366317 -0.115796
vn -0.923257 0.366317 -0.115796
vn -0.923257 0.366317 -0.115796
vn -0.909068 0.402966 -0.105898
vn -0.909068 0.402966 -0.105898
vn -0.909068 0.402966 -0.105898
vn -0.377911 0.901250 -0.211969
vn -0.377911 0.901250 -0.211969
vn -0.377911 0.901250 -0.211969
vn -0.356063 0.912421 -0.201759
vn -0.356063 0.912421 -0.201759
vn -0.356063 0.912421 -0.201759
vn 0.377203 0.904056 -0.200998
vn 0.377203 0.904056 -0.200998
vn 0.377203 0.904056 -0.200998
vn 0.354260 0.910308 -0.214100
vn 0.354260 0.910308 -0.214100
vn 0.354260 0.910308 -0.214100
vn 0.922645 0.371938 -0.101923
vn 0.922645 0.371938 -0.101923
vn 0.922645 0.371938 -0.101923
vn 0.906071 0.404888 -0.122887
vn 0.906071 0.404888 -0.122887
vn 0.906071 0.404888 -0.122887
vn 0.908913 -0.336999 -0.245578
vn 0.908913 -0.336999 -0.245578
vn 0.908913 -0.336999 -0.245578
vn 0.923851 -0.299640 -0.238148
vn 0.923851 -0.299640 -0.238148
vn 0.923851 -0.299640 -0.238148
vn 0.362203 -0.799978 -0.478376
vn 0.362203 -0.799978 -0.478376
vn 0.362203 -0.799978 -0.478376
vn 0.379126 -0.791583 -0.479228
vn 0.379126 -0.791583 -0.479228
vn 0.379126 -0.791583 -0.479228
vn -0.361689 -0.798037 -0.481994
vn -0.361689 -0.798037 -0.481994
vn -0.361689 -0.798037 -0.481994
vn -0.378859 -0.794276 -0.474965
vn -0.378859 -0.794276 -0.474965
vn -0.378859 -0.794276 -0.474965
vn -0.907230 -0.334522 -0.255007
vn -0.907230 -0.334522 -0.255007
vn -0.907230 -0.334522 -0.255007
vn -0.923703 -0.307074 -0.229080
vn -0.923703 -0.307074 -0.229080
vn -0.923703 -0.307074 -0.229080
vn -0.923321 0.369494 0.104655
vn -0.923321 0.369494 0.104655
vn -0.923321 0.369494 0.104655
vn -0.913099 0.388417 0.124023
vn -0.913099 0.388417 0.124023
vn -0.913099 0.388417 0.124023
vn -0.375061 0.853370 0.362062
vn -0.375061 0.853370 0.362062
vn -0.375061 0.853370 0.362062
vn -0.369108 0.854601 0.365262
vn -0.369108 0.854601 0.365262
vn -0.369108 0.854601 0.365262
vn 0.374905 0.852632 0.363957
vn 0.374905 0.852632 0.363957
vn 0.374905 0.852632 0.363957
vn 0.368856 0.855659 0.363033
vn 0.368856 0.855659 0.363033
vn 0.368856 0.855659 0.363033
vn 0.923038 0.367924 0.112394
vn 0.923038 0.367924 0.112394
vn 0.923038 0.367924 0.112394
vn 0.911753 0.393841 0.116602
vn 0.911753 0.393841 0.116602
vn 0.911753 0.393841 0.116602
vn 0.915941 -0.208685 -0.342786
vn 0.915941 -0.208685 -0.342786
vn 0.915941 -0.208685 -0.342786
vn 0.923712 -0.193283 -0.330754
vn 0.923712 -0.193283 -0.330754
vn 0.923712 -0.193283 -0.330754
vn 0.372209 -0.543684 -0.752242
vn 0.372209 -0.543684 -0.752242
vn 0.372209 -0.543684 -0.752242
vn 0.379254 -0.540614 -0.750935
vn 0.379254 -0.540614 -0.750935
vn 0.379254 -0.540614 -0.750935
vn -0.372085 -0.542591 -0.753092
vn -0.372085 -0.542591 -0.753092
vn -0.372085 -0.542591 -0.753092
vn -0.379166 -0.542032 -0.749957
vn -0.379166 -0.542032 -0.749957
vn -0.379166 -0.542032 -0.749957
vn -0.915458 -0.206041 -0.345663
vn -0.915458 -0.206041 -0.345663
vn -0.915458 -0.206041 -0.345663
vn -0.923615 -0.197608 -0.328462
vn -0.923615 -0.197608 -0.328462
vn -0.923615 -0.197608 -0.328462
vn -0.923808 0.286692 0.253747
vn -0.923808 0.286692 0.253747
vn -0.923808 0.286692 0.253747
vn -0.915226 0.295937 0.273466
vn -0.915226 0.295937 0.273466
vn -0.915226 0.295937 0.273466
vn -0.380027 0.631418 0.675937
vn -0.380027 0.631418 0.675937
vn -0.380027 0.631418 0.675937
vn -0.370819 0.631950 0.680538
vn -0.370819 0.631950 0.680538
vn -0.370819 0.631950 0.680538
vn 0.379925 0.629816 0.677487
vn 0.379925 0.629816 0.677487
vn 0.379925 0.629816 0.677487
vn 0.370556 0.634036 0.678739
vn 0.370556 0.634036 0.678739
vn 0.370556 0.634036 0.678739
vn 0.923742 0.283615 0.257417
vn 0.923742 0.283615 0.257417
vn 0.923742 0.283615 0.257417
vn 0.914459 0.301019 0.270468
vn 0.914459 0.301019 0.270468
vn 0.914459 0.301019 0.270468
vn 0.841249 0.206194 -0.499783
vn 0.841249 0.206194 -0.499783
vn 0.841249 0.206194 -0.499783
vn 0.363527 0.515954 0.775654
vn 0.363527 0.515954 0.775654
vn 0.363527 0.515954 0.775654
vn 0.328301 0.090601 -0.940218
vn 0.328301 0.090601 -0.940218
vn 0.328301 0.090601 -0.940218
vn 0.881084 0.380360 0.281099
vn 0.881084 0.380360 0.281099
vn 0.881084 0.380360 0.281099
vn -0.325423 0.104765 -0.939747
vn -0.325423 0.104765 -0.939747
vn -0.325423 0.104765 -0.939747
vn 0.883859 0.193649 -0.425786
vn 0.883859 0.193649 -0.425786
vn 0.883859 0.193649 -0.425786
vn -0.828133 0.235272 -0.508766
vn -0.828133 0.235272 -0.508766
vn -0.828133 0.235272 -0.508766
vn 0.365713 0.071563 -0.927972
vn 0.365713 0.071563 -0.927972
vn 0.365713 0.071563 -0.927972
vn -0.884731 0.424523 0.192434
vn -0.884731 0.424523 0.192434
vn -0.884731 0.424523 0.192434
vn -0.363527 0.090239 -0.927203
vn -0.363527 0.090239 -0.927203
vn -0.363527 0.090239 -0.927203
vn -0.377980 0.559366 0.737727
vn -0.377980 0.559366 0.737727
vn -0.377980 0.559366 0.737727
vn -0.872430 0.231581 -0.430390
vn -0.872430 0.231581 -0.430390
vn -0.872430 0.231581 -0.430390
vn 0.378546 0.551439 0.743383
vn 0.378546 0.551439 0.743383
vn 0.378546 0.551439 0.743383
vn -0.871912 0.408379 0.270178
vn -0.871912 0.408379 0.270178
vn -0.871912 0.408379 0.270178
vn 0.891938 0.401640 0.207685
vn 0.891938 0.401640 0.207685
vn 0.891938 0.401640 0.207685
vn -0.362268 0.524753 0.770322
vn -0.362268 0.524753 0.770322
vn -0.362268 0.524753 0.770322
vn -0.000000 0.447214 0.894427
vn -0.000000 0.447214 0.894427
vn -0.000000 0.447214 0.894427
vn -0.000000 0.447214 0.894427
vn -0.000000 0.447214 0.894427
vn -0.000000 0.447214 0.894427
vn 0.000000 0.447214 0.894427
vn 0.000000 0.447214 0.894427
vn 0.000000 0.447214 0.894427
vn -0.000000 0.447214 0.894427
vn -0.000000 0.447214 0.894427
vn -0.000000 0.447214 0.894427
vn -0.000000 0.447214 0.894427
vn -0.000000 0.447214 0.894427
vn -0.000000 0.447214 0.894427
vn -0.000000 0.447214 0.894427
vn -0.000000 0.447214 0.894427
vn -0.000000 0.447214 0.894427
vn 0.000000 0.447214 0.894427
vn 0.000000 0.447214 0.894427
vn 0.000000 0.447214 0.894427
vn -0.000000 0.447214 0.894427
vn -0.000000 0.447214 0.894427
vn -0.000000 0.447214 0.894427
vn -0.000000 0.970143 -0.242536
vn -0.000000 0.970143 -0.242536
vn -0.000000 0.970143 -0.242536
vn 0.000000 0.970143 -0.242536
vn 0.000000 0.970143 -0.242536
vn 0.000000 0.970143 -0.242536
vn 0.000000 0.970143 -0.242536
vn 0.000000 0.970143 -0.242536
vn 0.000000 0.970143 -0.242536
vn 0.000000 0.970143 -0.242536
vn 0.000000 0.970143 -0.242536
vn 0.000000 0.970143 -0.242536
vn -0.000000 0.970143 -0.242536
vn -0.000000 0.970143 -0.242536
vn -0.000000 0.970143 -0.242536
vn 0.000000 0.970143 -0.242536
vn 0.000000 0.970143 -0.242536
vn 0.000000 0.970143 -0.242536
vn 0.000000 0.970143 -0.242536
vn 0.000000 0.970143 -0.242536
vn 0.000000 0.970143 -0.242536
vn 0.000000 0.970143 -0.242536
vn 0.000000 0.970143 -0.242536
vn 0.000000 0.970143 -0.242536
f 481/481/481 482/482/482 483/483/483
f 484/484/484 485/485/485 486/486/486
f 487/487/487 488/488/488 489/489/489
f 490/490/490 491/491/491 492/492/492
f 493/493/493 494/494/494 495/495/495
f 496/496/496 497/497/497 498/498/498
f 499/499/499 500/500/500 501/501/501
f 502/502/502 503/503/503 504/504/504
f 505/505/505 506/506/506 507/507/507
f 508/508/508 509/509/509 510/510/510
f 511/511/511 512/512/512 513/513/513
f 514/514/514 515/515/515 516/516/516
f 517/517/517 518/518/518 519/519/519
f 520/520/520 521/521/521 522/522/522
f 523/523/523 524/524/524 525/525/525
f 526/526/526 527/527/527 528/528/528
f 529/529/529 530/530/530 531/531/531
f 532/532/532 533/533/533 534/534/534
f 535/535/535 536/536/536 537/537/537
f 538/538/538 539/539/539 540/540/540
f 541/541/541 542/542/542 543/543/543
f 544/544/544 545/545/545 546/546/546
f 547/547/547 548/548/548 549/549/549
f 550/550/550 551/551/551 552/552/552
f 553/553/553 554/554/554 555/555/555
f 556/556/556 557/557/557 558/558/558
f 559/559/559 560/560/560 561/561/561
f 562/562/562 563/563/563 564/564/564
f 565/565/565 566/566/566 567/567/567
f 568/568/568 569/569/569 570/570/570
f 571/571/571 572/572/572 573/573/573
f 574/574/574 575/575/575 576/576/576
f 577/577/577 578/578/578 579/579/579
f 580/580/580 581/581/581 582/582/582
f 583/583/583 584/584/584 585/585/585
f 586/586/586 587/587/587 588/588/588
f 589/589/589 590/590/590 591/591/591
f 592/592/592 593/593/593 594/594/594
f 595/595/595 596/596/596 597/597/597
f 598/598/598 599/599/599 600/600/600
f 601/601/601 602/602/602 603/603/603
f 604/604/604 605/605/605 606/606/606
f 607/607/607 608/608/608 609/609/609
f 610/610/610 611/611/611 612/612/612
f 613/613/613 614/614/614 615/615/615
f 616/616/616 617/617/617 618/618/618
f 619/619/619 620/620/620 621/621/621
f 622/622/622 623/623/623 624/624/624
f 625/625/625 626/626/626 627/627/627
f 628/628/628 629/629/629 630/630/630
f 631/631/631 632/632/632 633/633/633
f 634/634/634 635/635/635 636/636/636
f 637/637/637 638/638/638 639/639/639
f 640/640/640 641/641/641 642/642/642
f 643/643/643 644/644/644 645/645/645
f 646/646/646 647/647/647 648/648/648
f 649/649/649 650/650/650 651/651/651
f 652/652/652 653/653/653 654/654/654
f 655/655/655 656/656/656 657/657/657
f 658/658/658 659/659/659 660/660/660
f 661/661/661 662/662/662 663/663/663
f 664/664/664 665/665/665 666/666/666
f 667/667/667 668/668/668 669/669/669
f 670/670/670 671/671/671 672/672/672
f 673/673/673 674/674/674 675/675/675
f 676/676/676 677/677/677 678/678/678
f 679/679/679 680/680/680 681/681/681
f 682/682/682 683/683/683 684/684/684
f 685/685/685 686/686/686 687/687/687
f 688/688/688 689/689/689 690/690/690
f 691/691/691 692/692/692 693/693/693
f 694/694/694 695/695/695 696/696/696
f 697/697/697 698/698/698 699/699/699
f 700/700/700 701/701/701 702/702/702
f 703/703/703 704/704/704 705/705/705
f 706/706/706 707/707/707 708/708/708
f 709/709/709 710/710/710 711/711/711
f 712/712/712 713/713/713 714/714/714
f 715/715/715 716/716/716 717/717/717
f 718/718/718 719/719/719 720/720/720
f 721/721/721 722/722/722 723/723/723
f 724/724/724 725/725/725 726/726/726
f 727/727/727 728/728/728 729/729/729
f 730/730/730 731/731/731 732/732/732
f 733/733/733 734/734/734 735/735/735
f 736/736/736 737/737/737 738/738/738
f 739/739/739 740/740/740 741/741/741
f 742/742/742 743/743/743 744/744/744
f 745/745/745 746/746/746 747/747/747
f 748/748/748 749/749/749 750/750/750
f 751/751/751 752/752/752 753/753/753
f 754/754/754 755/755/755 756/756/756
f 757/757/757 758/758/758 759/759/759
f 760/760/760 761/761/761 762/762/762
f 763/763/763 764/764/764 765/765/765
f 766/766/766 767/767/767 768/768/768
f 769/769/769 770/770/770 771/771/771
f 772/772/772 773/773/773 774/774/774
f 775/775/775 776/776/776 777/777/777
f 778/778/778 779/779/779 780/780/780
f 781/781/781 782/782/782 783/783/783
f 784/784/784 785/785/785 786/786/786
f 787/787/787 788/788/788 789/789/789
f 790/790/790 791/791/791 792/792/792
f 793/793/793 794/794/794 795/795/795
f 796/796/796 797/797/797 798/798/798
f 799/799/799 800/800/800 801/801/801
f 802/802/802 803/803/803 804/804/804
f 805/805/805 806/806/806 807/807/807
f 808/808/808 809/809/809 810/810/810
f 811/811/811 812/812/812 813/813/813
f 814/814/814 815/815/815 816/816/816
o LeftTusk
usemtl PaintedCrystalBlue
v -3.114967 -0.800000 -27.180839
v -3.600004 -1.686146 -26.745541
v -4.166712 -2.702411 -29.646840
v -3.114967 -0.800000 -27.180839
v -4.166712 -2.702411 -29.646840
v -3.760510 -2.000000 -30.140923
v -3.600004 -1.686146 -26.745541
v -4.685037 -1.686146 -26.564702
v -5.106201 -2.702411 -29.505916
v -3.600004 -1.686146 -26.745541
v -5.106201 -2.702411 -29.505916
v -4.166712 -2.702411 -29.646840
v -4.685037 -1.686146 -26.564702
v -5.285033 -0.800000 -26.819161
v -5.639490 -2.000000 -29.859077
v -4.685037 -1.686146 -26.564702
v -5.639490 -2.000000 -29.859077
v -5.106201 -2.702411 -29.505916
v -5.285033 -0.800000 -26.819161
v -4.799996 0.086146 -27.254459
v -5.233288 -1.297589 -30.353160
v -5.285033 -0.800000 -26.819161
v -5.233288 -1.297589 -30.353160
v -5.639490 -2.000000 -29.859077
v -4.799996 0.086146 -27.254459
v -3.714963 0.086146 -27.435298
v -4.293799 -1.297589 -30.494084
v -4.799996 0.086146 -27.254459
v -4.293799 -1.297589 -30.494084
v -5.233288 -1.297589 -30.353160
v -3.714963 0.086146 -27.435298
v -3.114967 -0.800000 -27.180839
v -3.760510 -2.000000 -30.140923
v -3.714963 0.086146 -27.435298
v -3.760510 -2.000000 -30.140923
v -4.293799 -1.297589 -30.494084
v -3.760510 -2.000000 -30.140923
v -4.166712 -2.702411 -29.646840
v -4.702240 -5.081349 -32.742472
v -3.760510 -2.000000 -30.140923
v -4.702240 -5.081349 -32.742472
v -4.352591 -4.500000 -33.062284
v -4.166712 -2.702411 -29.646840
v -5.106201 -2.702411 -29.505916
v -5.449649 -5.081349 -32.680188
v -4.166712 -2.702411 -29.646840
v -5.449649 -5.081349 -32.680188
v -4.702240 -5.081349 -32.742472
v -5.106201 -2.702411 -29.505916
v -5.639490 -2.000000 -29.859077
v -5.847409 -4.500000 -32.937716
v -5.106201 -2.702411 -29.505916
v -5.847409 -4.500000 -32.937716
v -5.449649 -5.081349 -32.680188
v -5.639490 -2.000000 -29.859077
v -5.233288 -1.297589 -30.353160
v -5.497760 -3.918651 -33.257528
v -5.639490 -2.000000 -29.859077
v -5.497760 -3.918651 -33.257528
v -5.847409 -4.500000 -32.937716
v -5.233288 -1.297589 -30.353160
v -4.293799 -1.297589 -30.494084
v -4.750351 -3.918651 -33.319812
v -5.233288 -1.297589 -30.353160
v -4.750351 -3.918651 -33.319812
v -5.497760 -3.918651 -33.257528
v -4.293799 -1.297589 -30.494084
v -3.760510 -2.000000 -30.140923
v -4.352591 -4.500000 -33.062284
v -4.293799 -1.297589 -30.494084
v -4.352591 -4.500000 -33.062284
v -4.750351 -3.918651 -33.319812
v -4.352591 -4.500000 -33.062284
v -4.702240 -5.081349 -32.742472
v -4.944886 -5.422934 -36.077739
v -4.352591 -4.500000 -33.062284
v -4.944886 -5.422934 -36.077739
v -4.700898 -5.000000 -35.970054
v -4.702240 -5.081349 -32.742472
v -5.449649 -5.081349 -32.680188
v -5.443989 -5.422934 -36.107685
v -4.702240 -5.081349 -32.742472
v -5.443989 -5.422934 -36.107685
v -4.944886 -5.422934 -36.077739
v -5.449649 -5.081349 -32.680188
v -5.847409 -4.500000 -32.937716
v -5.699102 -5.000000 -36.029946
v -5.449649 -5.081349 -32.680188
v -5.699102 -5.000000 -36.029946
v -5.443989 -5.422934 -36.107685
v -5.847409 -4.500000 -32.937716
v -5.497760 -3.918651 -33.257528
v -5.455114 -4.577066 -35.922261
v -5.847409 -4.500000 -32.937716
v -5.455114 -4.577066 -35.922261
v -5.699102 -5.000000 -36.029946
v -5.497760 -3.918651 -33.257528
v -4.750351 -3.918651 -33.319812
v -4.956011 -4.577066 -35.892315
v -5.497760 -3.918651 -33.257528
v -4.956011 -4.577066 -35.892315
v -5.455114 -4.577066 -35.922261
v -4.750351 -3.918651 -33.319812
v -4.352591 -4.500000 -33.062284
v -4.700898 -5.000000 -35.970054
v -4.750351 -3.918651 -33.319812
v -4.700898 -5.000000 -35.970054
v -4.956011 -4.577066 -35.892315
v -4.700898 -5.000000 -35.970054
v -4.944886 -5.422934 -36.077739
v -4.764293 -3.440883 -38.025565
v -4.700898 -5.000000 -35.970054
v -4.764293 -3.440883 -38.025565
v -4.741165 -3.400000 -37.988233
v -4.944886 -5.422934 -36.077739
v -5.443989 -5.422934 -36.107685
v -4.823128 -3.440883 -38.037332
v -4.944886 -5.422934 -36.077739
v -4.823128 -3.440883 -38.037332
v -4.764293 -3.440883 -38.025565
v -5.443989 -5.422934 -36.107685
v -5.699102 -5.000000 -36.029946
v -4.858835 -3.400000 -38.011767
v -5.443989 -5.422934 -36.107685
v -4.858835 -3.400000 -38.011767
v -4.823128 -3.440883 -38.037332
v -5.699102 -5.000000 -36.029946
v -5.455114 -4.577066 -35.922261
v -4.835707 -3.359117 -37.974435
v -5.699102 -5.000000 -36.029946
v -4.835707 -3.359117 -37.974435
v -4.858835 -3.400000 -38.011767
v -5.455114 -4.577066 -35.922261
v -4.956011 -4.577066 -35.892315
v -4.776872 -3.359117 -37.962668
v -5.455114 -4.577066 -35.922261
v -4.776872 -3.359117 -37.962668
v -4.835707 -3.359117 -37.974435
v -4.956011 -4.577066 -35.892315
v -4.700898 -5.000000 -35.970054
v -4.741165 -3.400000 -37.988233
v -4.956011 -4.577066 -35.892315
v -4.741165 -3.400000 -37.988233
v -4.776872 -3.359117 -37.962668
v -4.200000 -0.800000 -27.000000
v -3.600004 -1.686146 -26.745541
v -3.114967 -0.800000 -27.180839
v -4.200000 -0.800000 -27.000000
v -4.685037 -1.686146 -26.564702
v -3.600004 -1.686146 -26.745541
v -4.200000 -0.800000 -27.000000
v -5.285033 -0.800000 -26.819161
v -4.685037 -1.686146 -26.564702
v -4.200000 -0.800000 -27.000000
v -4.799996 0.086146 -27.254459
v -5.285033 -0.800000 -26.819161
v -4.200000 -0.800000 -27.000000
v -3.714963 0.086146 -27.435298
v -4.799996 0.086146 -27.254459
v -4.200000 -0.800000 -27.000000
v -3.114967 -0.800000 -27.180839
v -3.714963 0.086146 -27.435298
v -4.800000 -3.400000 -38.000000
v -4.741165 -3.400000 -37.988233
v -4.764293 -3.440883 -38.025565
v -4.800000 -3.400000 -38.000000
v -4.764293 -3.440883 -38.025565
v -4.823128 -3.440883 -38.037332
v -4.800000 -3.400000 -38.000000
v -4.823128 -3.440883 -38.037332
v -4.858835 -3.400000 -38.011767
v -4.800000 -3.400000 -38.000000
v -4.858835 -3.400000 -38.011767
v -4.835707 -3.359117 -37.974435
v -4.800000 -3.400000 -38.000000
v -4.835707 -3.359117 -37.974435
v -4.776872 -3.359117 -37.962668
v -4.800000 -3.400000 -38.000000
v -4.776872 -3.359117 -37.962668
v -4.741165 -3.400000 -37.988233
vt 0.757812 0.742188
vt 0.796875 0.742188
vt 0.796875 0.507812
vt 0.757812 0.742188
vt 0.796875 0.507812
vt 0.757812 0.507812
vt 0.796875 0.742188
vt 0.835938 0.742188
vt 0.835938 0.507812
vt 0.796875 0.742188
vt 0.835938 0.507812
vt 0.796875 0.507812
vt 0.835938 0.742188
vt 0.875000 0.742188
vt 0.875000 0.507812
vt 0.835938 0.742188
vt 0.875000 0.507812
vt 0.835938 0.507812
vt 0.875000 0.742188
vt 0.914062 0.742188
vt 0.914062 0.507812
vt 0.875000 0.742188
vt 0.914062 0.507812
vt 0.875000 0.507812
vt 0.914062 0.742188
vt 0.953125 0.742188
vt 0.953125 0.507812
vt 0.914062 0.742188
vt 0.953125 0.507812
vt 0.914062 0.507812
vt 0.953125 0.742188
vt 0.757812 0.742188
vt 0.757812 0.507812
vt 0.953125 0.742188
vt 0.757812 0.507812
vt 0.953125 0.507812
vt 0.757812 0.742188
vt 0.796875 0.742188
vt 0.796875 0.507812
vt 0.757812 0.742188
vt 0.796875 0.507812
vt 0.757812 0.507812
vt 0.796875 0.742188
vt 0.835938 0.742188
vt 0.835938 0.507812
vt 0.796875 0.742188
vt 0.835938 0.507812
vt 0.796875 0.507812
vt 0.835938 0.742188
vt 0.875000 0.742188
vt 0.875000 0.507812
vt 0.835938 0.742188
vt 0.875000 0.507812
vt 0.835938 0.507812
vt 0.875000 0.742188
vt 0.914062 0.742188
vt 0.914062 0.507812
vt 0.875000 0.742188
vt 0.914062 0.507812
vt 0.875000 0.507812
vt 0.914062 0.742188
vt 0.953125 0.742188
vt 0.953125 0.507812
vt 0.914062 0.742188
vt 0.953125 0.507812
vt 0.914062 0.507812
vt 0.953125 0.742188
vt 0.757812 0.742188
vt 0.757812 0.507812
vt 0.953125 0.742188
vt 0.757812 0.507812
vt 0.953125 0.507812
vt 0.757812 0.742188
vt 0.796875 0.742188
vt 0.796875 0.507812
vt 0.757812 0.742188
vt 0.796875 0.507812
vt 0.757812 0.507812
vt 0.796875 0.742188
vt 0.835938 0.742188
vt 0.835938 0.507812
vt 0.796875 0.742188
vt 0.835938 0.507812
vt 0.796875 0.507812
vt 0.835938 0.742188
vt 0.875000 0.742188
vt 0.875000 0.507812
vt 0.835938 0.742188
vt 0.875000 0.507812
vt 0.835938 0.507812
vt 0.875000 0.742188
vt 0.914062 0.742188
vt 0.914062 0.507812
vt 0.875000 0.742188
vt 0.914062 0.507812
vt 0.875000 0.507812
vt 0.914062 0.742188
vt 0.953125 0.742188
vt 0.953125 0.507812
vt 0.914062 0.742188
vt 0.953125 0.507812
vt 0.914062 0.507812
vt 0.953125 0.742188
vt 0.757812 0.742188
vt 0.757812 0.507812
vt 0.953125 0.742188
vt 0.757812 0.507812
vt 0.953125 0.507812
vt 0.757812 0.742188
vt 0.796875 0.742188
vt 0.796875 0.507812
vt 0.757812 0.742188
vt 0.796875 0.507812
vt 0.757812 0.507812
vt 0.796875 0.742188
vt 0.835938 0.742188
vt 0.835938 0.507812
vt 0.796875 0.742188
vt 0.835938 0.507812
vt 0.796875 0.507812
vt 0.835938 0.742188
vt 0.875000 0.742188
vt 0.875000 0.507812
vt 0.835938 0.742188
vt 0.875000 0.507812
vt 0.835938 0.507812
vt 0.875000 0.742188
vt 0.914062 0.742188
vt 0.914062 0.507812
vt 0.875000 0.742188
vt 0.914062 0.507812
vt 0.875000 0.507812
vt 0.914062 0.742188
vt 0.953125 0.742188
vt 0.953125 0.507812
vt 0.914062 0.742188
vt 0.953125 0.507812
vt 0.914062 0.507812
vt 0.953125 0.742188
vt 0.757812 0.742188
vt 0.757812 0.507812
vt 0.953125 0.742188
vt 0.757812 0.507812
vt 0.953125 0.507812
vt 0.875000 0.625000
vt 0.992188 0.507812
vt 0.757812 0.742188
vt 0.875000 0.625000
vt 0.992188 0.507812
vt 0.757812 0.742188
vt 0.875000 0.625000
vt 0.992188 0.507812
vt 0.757812 0.742188
vt 0.875000 0.625000
vt 0.992188 0.507812
vt 0.757812 0.742188
vt 0.875000 0.625000
vt 0.992188 0.507812
vt 0.757812 0.742188
vt 0.875000 0.625000
vt 0.992188 0.507812
vt 0.757812 0.742188
vt 0.875000 0.625000
vt 0.757812 0.742188
vt 0.992188 0.507812
vt 0.875000 0.625000
vt 0.757812 0.742188
vt 0.992188 0.507812
vt 0.875000 0.625000
vt 0.757812 0.742188
vt 0.992188 0.507812
vt 0.875000 0.625000
vt 0.757812 0.742188
vt 0.992188 0.507812
vt 0.875000 0.625000
vt 0.757812 0.742188
vt 0.992188 0.507812
vt 0.875000 0.625000
vt 0.757812 0.742188
vt 0.992188 0.507812
vn 0.876633 -0.481153 -0.002694
vn 0.876633 -0.481153 -0.002694
vn 0.876633 -0.481153 -0.002694
vn 0.868969 -0.494743 0.011058
vn 0.868969 -0.494743 0.011058
vn 0.868969 -0.494743 0.011058
vn 0.053217 -0.946158 0.319302
vn 0.053217 -0.946158 0.319302
vn 0.053217 -0.946158 0.319302
vn 0.048268 -0.945580 0.321789
vn 0.048268 -0.945580 0.321789
vn 0.048268 -0.945580 0.321789
vn -0.829581 -0.479561 0.286035
vn -0.829581 -0.479561 0.286035
vn -0.829581 -0.479561 0.286035
vn -0.826984 -0.484209 0.285726
vn -0.826984 -0.484209 0.285726
vn -0.826984 -0.484209 0.285726
vn -0.889952 0.449621 -0.076338
vn -0.889952 0.449621 -0.076338
vn -0.889952 0.449621 -0.076338
vn -0.885707 0.457743 -0.077419
vn -0.885707 0.457743 -0.077419
vn -0.885707 0.457743 -0.077419
vn -0.066788 0.913759 -0.400728
vn -0.066788 0.913759 -0.400728
vn -0.066788 0.913759 -0.400728
vn -0.060001 0.914547 -0.400004
vn -0.060001 0.914547 -0.400004
vn -0.060001 0.914547 -0.400004
vn 0.817152 0.449753 -0.360534
vn 0.817152 0.449753 -0.360534
vn 0.817152 0.449753 -0.360534
vn 0.821703 0.444561 -0.356608
vn 0.821703 0.444561 -0.356608
vn 0.821703 0.444561 -0.356608
vn 0.898937 -0.408449 0.158374
vn 0.898937 -0.408449 0.158374
vn 0.898937 -0.408449 0.158374
vn 0.883891 -0.428455 0.187516
vn 0.883891 -0.428455 0.187516
vn 0.883891 -0.428455 0.187516
vn 0.088679 -0.801642 0.591191
vn 0.088679 -0.801642 0.591191
vn 0.088679 -0.801642 0.591191
vn 0.050257 -0.796091 0.603087
vn 0.050257 -0.796091 0.603087
vn 0.050257 -0.796091 0.603087
vn -0.816178 -0.420333 0.396452
vn -0.816178 -0.420333 0.396452
vn -0.816178 -0.420333 0.396452
vn -0.831740 -0.397311 0.387754
vn -0.831740 -0.397311 0.387754
vn -0.831740 -0.397311 0.387754
vn -0.903936 0.355177 -0.238219
vn -0.903936 0.355177 -0.238219
vn -0.903936 0.355177 -0.238219
vn -0.884066 0.390235 -0.257183
vn -0.884066 0.390235 -0.257183
vn -0.884066 0.390235 -0.257183
vn -0.100183 0.737489 -0.667887
vn -0.100183 0.737489 -0.667887
vn -0.100183 0.737489 -0.667887
vn -0.055512 0.743751 -0.666148
vn -0.055512 0.743751 -0.666148
vn -0.055512 0.743751 -0.666148
vn 0.799005 0.367209 -0.476181
vn 0.799005 0.367209 -0.476181
vn 0.799005 0.367209 -0.476181
vn 0.814595 0.353708 -0.459703
vn 0.814595 0.353708 -0.459703
vn 0.814595 0.353708 -0.459703
vn 0.854711 -0.519026 -0.009025
vn 0.854711 -0.519026 -0.009025
vn 0.854711 -0.519026 -0.009025
vn 0.868097 -0.496042 -0.018689
vn 0.868097 -0.496042 -0.018689
vn 0.868097 -0.496042 -0.018689
vn 0.008265 -0.995035 0.099179
vn 0.008265 -0.995035 0.099179
vn 0.008265 -0.995035 0.099179
vn -0.006139 -0.994732 0.102324
vn -0.006139 -0.994732 0.102324
vn -0.006139 -0.994732 0.102324
vn -0.834268 -0.549196 0.048790
vn -0.834268 -0.549196 0.048790
vn -0.834268 -0.549196 0.048790
vn -0.851034 -0.522659 0.050683
vn -0.851034 -0.522659 0.050683
vn -0.851034 -0.522659 0.050683
vn -0.879362 0.458785 -0.127432
vn -0.879362 0.458785 -0.127432
vn -0.879362 0.458785 -0.127432
vn -0.845400 0.519414 -0.124533
vn -0.845400 0.519414 -0.124533
vn -0.845400 0.519414 -0.124533
vn -0.020530 0.968962 -0.246358
vn -0.020530 0.968962 -0.246358
vn -0.020530 0.968962 -0.246358
vn 0.014378 0.970758 -0.239629
vn 0.014378 0.970758 -0.239629
vn 0.014378 0.970758 -0.239629
vn 0.847390 0.496967 -0.186960
vn 0.847390 0.496967 -0.186960
vn 0.847390 0.496967 -0.186960
vn 0.821749 0.532820 -0.202067
vn 0.821749 0.532820 -0.202067
vn 0.821749 0.532820 -0.202067
vn 0.850764 -0.405758 -0.334008
vn 0.850764 -0.405758 -0.334008
vn 0.850764 -0.405758 -0.334008
vn 0.922652 -0.293015 -0.250709
vn 0.922652 -0.293015 -0.250709
vn 0.922652 -0.293015 -0.250709
vn 0.042550 -0.703750 -0.709172
vn 0.042550 -0.703750 -0.709172
vn 0.042550 -0.703750 -0.709172
vn 0.139962 -0.700481 -0.699812
vn 0.139962 -0.700481 -0.699812
vn 0.139962 -0.700481 -0.699812
vn -0.737517 -0.337335 -0.585042
vn -0.737517 -0.337335 -0.585042
vn -0.737517 -0.337335 -0.585042
vn -0.762861 -0.312241 -0.566170
vn -0.762861 -0.312241 -0.566170
vn -0.762861 -0.312241 -0.566170
vn -0.869145 0.493609 0.030619
vn -0.869145 0.493609 0.030619
vn -0.869145 0.493609 0.030619
vn -0.876651 0.480844 0.016515
vn -0.876651 0.480844 0.016515
vn -0.876651 0.480844 0.016515
vn -0.030292 0.862665 0.504868
vn -0.030292 0.862665 0.504868
vn -0.030292 0.862665 0.504868
vn -0.097219 0.868482 0.486094
vn -0.097219 0.868482 0.486094
vn -0.097219 0.868482 0.486094
vn 0.833176 0.441318 0.333250
vn 0.833176 0.441318 0.333250
vn 0.833176 0.441318 0.333250
vn 0.802867 0.480881 0.352362
vn 0.802867 0.480881 0.352362
vn 0.802867 0.480881 0.352362
vn 0.152926 0.367022 0.917556
vn 0.152926 0.367022 0.917556
vn 0.152926 0.367022 0.917556
vn 0.152926 0.367022 0.917556
vn 0.152926 0.367022 0.917556
vn 0.152926 0.367022 0.917556
vn 0.152926 0.367022 0.917556
vn 0.152926 0.367022 0.917556
vn 0.152926 0.367022 0.917556
vn 0.152926 0.367022 0.917556
vn 0.152926 0.367022 0.917556
vn 0.152926 0.367022 0.917556
vn 0.152926 0.367022 0.917556
vn 0.152926 0.367022 0.917556
vn 0.152926 0.367022 0.917556
vn 0.152926 0.367022 0.917556
vn 0.152926 0.367022 0.917556
vn 0.152926 0.367022 0.917556
vn 0.154303 0.617213 -0.771517
vn 0.154303 0.617213 -0.771517
vn 0.154303 0.617213 -0.771517
vn 0.154303 0.617213 -0.771517
vn 0.154303 0.617213 -0.771517
vn 0.154303 0.617213 -0.771517
vn 0.154303 0.617213 -0.771517
vn 0.154303 0.617213 -0.771517
vn 0.154303 0.617213 -0.771517
vn 0.154303 0.617213 -0.771517
vn 0.154303 0.617213 -0.771517
vn 0.154303 0.617213 -0.771517
vn 0.154303 0.617213 -0.771517
vn 0.154303 0.617213 -0.771517
vn 0.154303 0.617213 -0.771517
vn 0.154303 0.617213 -0.771517
vn 0.154303 0.617213 -0.771517
vn 0.154303 0.617213 -0.771517
f 817/817/817 818/818/818 819/819/819
f 820/820/820 821/821/821 822/822/822
f 823/823/823 824/824/824 825/825/825
f 826/826/826 827/827/827 828/828/828
f 829/829/829 830/830/830 831/831/831
f 832/832/832 833/833/833 834/834/834
f 835/835/835 836/836/836 837/837/837
f 838/838/838 839/839/839 840/840/840
f 841/841/841 842/842/842 843/843/843
f 844/844/844 845/845/845 846/846/846
f 847/847/847 848/848/848 849/849/849
f 850/850/850 851/851/851 852/852/852
f 853/853/853 854/854/854 855/855/855
f 856/856/856 857/857/857 858/858/858
f 859/859/859 860/860/860 861/861/861
f 862/862/862 863/863/863 864/864/864
f 865/865/865 866/866/866 867/867/867
f 868/868/868 869/869/869 870/870/870
f 871/871/871 872/872/872 873/873/873
f 874/874/874 875/875/875 876/876/876
f 877/877/877 878/878/878 879/879/879
f 880/880/880 881/881/881 882/882/882
f 883/883/883 884/884/884 885/885/885
f 886/886/886 887/887/887 888/888/888
f 889/889/889 890/890/890 891/891/891
f 892/892/892 893/893/893 894/894/894
f 895/895/895 896/896/896 897/897/897
f 898/898/898 899/899/899 900/900/900
f 901/901/901 902/902/902 903/903/903
f 904/904/904 905/905/905 906/906/906
f 907/907/907 908/908/908 909/909/909
f 910/910/910 911/911/911 912/912/912
f 913/913/913 914/914/914 915/915/915
f 916/916/916 917/917/917 918/918/918
f 919/919/919 920/920/920 921/921/921
f 922/922/922 923/923/923 924/924/924
f 925/925/925 926/926/926 927/927/927
f 928/928/928 929/929/929 930/930/930
f 931/931/931 932/932/932 933/933/933
f 934/934/934 935/935/935 936/936/936
f 937/937/937 938/938/938 939/939/939
f 940/940/940 941/941/941 942/942/942
f 943/943/943 944/944/944 945/945/945
f 946/946/946 947/947/947 948/948/948
f 949/949/949 950/950/950 951/951/951
f 952/952/952 953/953/953 954/954/954
f 955/955/955 956/956/956 957/957/957
f 958/958/958 959/959/959 960/960/960
f 961/961/961 962/962/962 963/963/963
f 964/964/964 965/965/965 966/966/966
f 967/967/967 968/968/968 969/969/969
f 970/970/970 971/971/971 972/972/972
f 973/973/973 974/974/974 975/975/975
f 976/976/976 977/977/977 978/978/978
f 979/979/979 980/980/980 981/981/981
f 982/982/982 983/983/983 984/984/984
f 985/985/985 986/986/986 987/987/987
f 988/988/988 989/989/989 990/990/990
f 991/991/991 992/992/992 993/993/993
f 994/994/994 995/995/995 996/996/996
o RightTusk
usemtl PaintedCrystalBlue
v 5.285033 -0.800000 -26.819161
v 4.685037 -1.686146 -26.564702
v 5.106201 -2.702411 -29.505916
v 5.285033 -0.800000 -26.819161
v 5.106201 -2.702411 -29.505916
v 5.639490 -2.000000 -29.859077
v 4.685037 -1.686146 -26.564702
v 3.600004 -1.686146 -26.745541
v 4.166712 -2.702411 -29.646840
v 4.685037 -1.686146 -26.564702
v 4.166712 -2.702411 -29.646840
v 5.106201 -2.702411 -29.505916
v 3.600004 -1.686146 -26.745541
v 3.114967 -0.800000 -27.180839
v 3.760510 -2.000000 -30.140923
v 3.600004 -1.686146 -26.745541
v 3.760510 -2.000000 -30.140923
v 4.166712 -2.702411 -29.646840
v 3.114967 -0.800000 -27.180839
v 3.714963 0.086146 -27.435298
v 4.293799 -1.297589 -30.494084
v 3.114967 -0.800000 -27.180839
v 4.293799 -1.297589 -30.494084
v 3.760510 -2.000000 -30.140923
v 3.714963 0.086146 -27.435298
v 4.799996 0.086146 -27.254459
v 5.233288 -1.297589 -30.353160
v 3.714963 0.086146 -27.435298
v 5.233288 -1.297589 -30.353160
v 4.293799 -1.297589 -30.494084
v 4.799996 0.086146 -27.254459
v 5.285033 -0.800000 -26.819161
v 5.639490 -2.000000 -29.859077
v 4.799996 0.086146 -27.254459
v 5.639490 -2.000000 -29.859077
v 5.233288 -1.297589 -30.353160
v 5.639490 -2.000000 -29.859077
v 5.106201 -2.702411 -29.505916
v 5.449649 -5.081349 -32.680188
v 5.639490 -2.000000 -29.859077
v 5.449649 -5.081349 -32.680188
v 5.847409 -4.500000 -32.937716
v 5.106201 -2.702411 -29.505916
v 4.166712 -2.702411 -29.646840
v 4.702240 -5.081349 -32.742472
v 5.106201 -2.702411 -29.505916
v 4.702240 -5.081349 -32.742472
v 5.449649 -5.081349 -32.680188
v 4.166712 -2.702411 -29.646840
v 3.760510 -2.000000 -30.140923
v 4.352591 -4.500000 -33.062284
v 4.166712 -2.702411 -29.646840
v 4.352591 -4.500000 -33.062284
v 4.702240 -5.081349 -32.742472
v 3.760510 -2.000000 -30.140923
v 4.293799 -1.297589 -30.494084
v 4.750351 -3.918651 -33.319812
v 3.760510 -2.000000 -30.140923
v 4.750351 -3.918651 -33.319812
v 4.352591 -4.500000 -33.062284
v 4.293799 -1.297589 -30.494084
v 5.233288 -1.297589 -30.353160
v 5.497760 -3.918651 -33.257528
v 4.293799 -1.297589 -30.494084
v 5.497760 -3.918651 -33.257528
v 4.750351 -3.918651 -33.319812
v 5.233288 -1.297589 -30.353160
v 5.639490 -2.000000 -29.859077
v 5.847409 -4.500000 -32.937716
v 5.233288 -1.297589 -30.353160
v 5.847409 -4.500000 -32.937716
v 5.497760 -3.918651 -33.257528
v 5.847409 -4.500000 -32.937716
v 5.449649 -5.081349 -32.680188
v 5.443989 -5.422934 -36.107685
v 5.847409 -4.500000 -32.937716
v 5.443989 -5.422934 -36.107685
v 5.699102 -5.000000 -36.029946
v 5.449649 -5.081349 -32.680188
v 4.702240 -5.081349 -32.742472
v 4.944886 -5.422934 -36.077739
v 5.449649 -5.081349 -32.680188
v 4.944886 -5.422934 -36.077739
v 5.443989 -5.422934 -36.107685
v 4.702240 -5.081349 -32.742472
v 4.352591 -4.500000 -33.062284
v 4.700898 -5.000000 -35.970054
v 4.702240 -5.081349 -32.742472
v 4.700898 -5.000000 -35.970054
v 4.944886 -5.422934 -36.077739
v 4.352591 -4.500000 -33.062284
v 4.750351 -3.918651 -33.319812
v 4.956011 -4.577066 -35.892315
v 4.352591 -4.500000 -33.062284
v 4.956011 -4.577066 -35.892315
v 4.700898 -5.000000 -35.970054
v 4.750351 -3.918651 -33.319812
v 5.497760 -3.918651 -33.257528
v 5.455114 -4.577066 -35.922261
v 4.750351 -3.918651 -33.319812
v 5.455114 -4.577066 -35.922261
v 4.956011 -4.577066 -35.892315
v 5.497760 -3.918651 -33.257528
v 5.847409 -4.500000 -32.937716
v 5.699102 -5.000000 -36.029946
v 5.497760 -3.918651 -33.257528
v 5.699102 -5.000000 -36.029946
v 5.455114 -4.577066 -35.922261
v 5.699102 -5.000000 -36.029946
v 5.443989 -5.422934 -36.107685
v 4.823128 -3.440883 -38.037332
v 5.699102 -5.000000 -36.029946
v 4.823128 -3.440883 -38.037332
v 4.858835 -3.400000 -38.011767
v 5.443989 -5.422934 -36.107685
v 4.944886 -5.422934 -36.077739
v 4.764293 -3.440883 -38.025565
v 5.443989 -5.422934 -36.107685
v 4.764293 -3.440883 -38.025565
v 4.823128 -3.440883 -38.037332
v 4.944886 -5.422934 -36.077739
v 4.700898 -5.000000 -35.970054
v 4.741165 -3.400000 -37.988233
v 4.944886 -5.422934 -36.077739
v 4.741165 -3.400000 -37.988233
v 4.764293 -3.440883 -38.025565
v 4.700898 -5.000000 -35.970054
v 4.956011 -4.577066 -35.892315
v 4.776872 -3.359117 -37.962668
v 4.700898 -5.000000 -35.970054
v 4.776872 -3.359117 -37.962668
v 4.741165 -3.400000 -37.988233
v 4.956011 -4.577066 -35.892315
v 5.455114 -4.577066 -35.922261
v 4.835707 -3.359117 -37.974435
v 4.956011 -4.577066 -35.892315
v 4.835707 -3.359117 -37.974435
v 4.776872 -3.359117 -37.962668
v 5.455114 -4.577066 -35.922261
v 5.699102 -5.000000 -36.029946
v 4.858835 -3.400000 -38.011767
v 5.455114 -4.577066 -35.922261
v 4.858835 -3.400000 -38.011767
v 4.835707 -3.359117 -37.974435
v 4.200000 -0.800000 -27.000000
v 4.685037 -1.686146 -26.564702
v 5.285033 -0.800000 -26.819161
v 4.200000 -0.800000 -27.000000
v 3.600004 -1.686146 -26.745541
v 4.685037 -1.686146 -26.564702
v 4.200000 -0.800000 -27.000000
v 3.114967 -0.800000 -27.180839
v 3.600004 -1.686146 -26.745541
v 4.200000 -0.800000 -27.000000
v 3.714963 0.086146 -27.435298
v 3.114967 -0.800000 -27.180839
v 4.200000 -0.800000 -27.000000
v 4.799996 0.086146 -27.254459
v 3.714963 0.086146 -27.435298
v 4.200000 -0.800000 -27.000000
v 5.285033 -0.800000 -26.819161
v 4.799996 0.086146 -27.254459
v 4.800000 -3.400000 -38.000000
v 4.858835 -3.400000 -38.011767
v 4.823128 -3.440883 -38.037332
v 4.800000 -3.400000 -38.000000
v 4.823128 -3.440883 -38.037332
v 4.764293 -3.440883 -38.025565
v 4.800000 -3.400000 -38.000000
v 4.764293 -3.440883 -38.025565
v 4.741165 -3.400000 -37.988233
v 4.800000 -3.400000 -38.000000
v 4.741165 -3.400000 -37.988233
v 4.776872 -3.359117 -37.962668
v 4.800000 -3.400000 -38.000000
v 4.776872 -3.359117 -37.962668
v 4.835707 -3.359117 -37.974435
v 4.800000 -3.400000 -38.000000
v 4.835707 -3.359117 -37.974435
v 4.858835 -3.400000 -38.011767
vt 0.757812 0.742188
vt 0.796875 0.742188
vt 0.796875 0.507812
vt 0.757812 0.742188
vt 0.796875 0.507812
vt 0.757812 0.507812
vt 0.796875 0.742188
vt 0.835938 0.742188
vt 0.835938 0.507812
vt 0.796875 0.742188
vt 0.835938 0.507812
vt 0.796875 0.507812
vt 0.835938 0.742188
vt 0.875000 0.742188
vt 0.875000 0.507812
vt 0.835938 0.742188
vt 0.875000 0.507812
vt 0.835938 0.507812
vt 0.875000 0.742188
vt 0.914062 0.742188
vt 0.914062 0.507812
vt 0.875000 0.742188
vt 0.914062 0.507812
vt 0.875000 0.507812
vt 0.914062 0.742188
vt 0.953125 0.742188
vt 0.953125 0.507812
vt 0.914062 0.742188
vt 0.953125 0.507812
vt 0.914062 0.507812
vt 0.953125 0.742188
vt 0.757812 0.742188
vt 0.757812 0.507812
vt 0.953125 0.742188
vt 0.757812 0.507812
vt 0.953125 0.507812
vt 0.757812 0.742188
vt 0.796875 0.742188
vt 0.796875 0.507812
vt 0.757812 0.742188
vt 0.796875 0.507812
vt 0.757812 0.507812
vt 0.796875 0.742188
vt 0.835938 0.742188
vt 0.835938 0.507812
vt 0.796875 0.742188
vt 0.835938 0.507812
vt 0.796875 0.507812
vt 0.835938 0.742188
vt 0.875000 0.742188
vt 0.875000 0.507812
vt 0.835938 0.742188
vt 0.875000 0.507812
vt 0.835938 0.507812
vt 0.875000 0.742188
vt 0.914062 0.742188
vt 0.914062 0.507812
vt 0.875000 0.742188
vt 0.914062 0.507812
vt 0.875000 0.507812
vt 0.914062 0.742188
vt 0.953125 0.742188
vt 0.953125 0.507812
vt 0.914062 0.742188
vt 0.953125 0.507812
vt 0.914062 0.507812
vt 0.953125 0.742188
vt 0.757812 0.742188
vt 0.757812 0.507812
vt 0.953125 0.742188
vt 0.757812 0.507812
vt 0.953125 0.507812
vt 0.757812 0.742188
vt 0.796875 0.742188
vt 0.796875 0.507812
vt 0.757812 0.742188
vt 0.796875 0.507812
vt 0.757812 0.507812
vt 0.796875 0.742188
vt 0.835938 0.742188
vt 0.835938 0.507812
vt 0.796875 0.742188
vt 0.835938 0.507812
vt 0.796875 0.507812
vt 0.835938 0.742188
vt 0.875000 0.742188
vt 0.875000 0.507812
vt 0.835938 0.742188
vt 0.875000 0.507812
vt 0.835938 0.507812
vt 0.875000 0.742188
vt 0.914062 0.742188
vt 0.914062 0.507812
vt 0.875000 0.742188
vt 0.914062 0.507812
vt 0.875000 0.507812
vt 0.914062 0.742188
vt 0.953125 0.742188
vt 0.953125 0.507812
vt 0.914062 0.742188
vt 0.953125 0.507812
vt 0.914062 0.507812
vt 0.953125 0.742188
vt 0.757812 0.742188
vt 0.757812 0.507812
vt 0.953125 0.742188
vt 0.757812 0.507812
vt 0.953125 0.507812
vt 0.757812 0.742188
vt 0.796875 0.742188
vt 0.796875 0.507812
vt 0.757812 0.742188
vt 0.796875 0.507812
vt 0.757812 0.507812
vt 0.796875 0.742188
vt 0.835938 0.742188
vt 0.835938 0.507812
vt 0.796875 0.742188
vt 0.835938 0.507812
vt 0.796875 0.507812
vt 0.835938 0.742188
vt 0.875000 0.742188
vt 0.875000 0.507812
vt 0.835938 0.742188
vt 0.875000 0.507812
vt 0.835938 0.507812
vt 0.875000 0.742188
vt 0.914062 0.742188
vt 0.914062 0.507812
vt 0.875000 0.742188
vt 0.914062 0.507812
vt 0.875000 0.507812
vt 0.914062 0.742188
vt 0.953125 0.742188
vt 0.953125 0.507812
vt 0.914062 0.742188
vt 0.953125 0.507812
vt 0.914062 0.507812
vt 0.953125 0.742188
vt 0.757812 0.742188
vt 0.757812 0.507812
vt 0.953125 0.742188
vt 0.757812 0.507812
vt 0.953125 0.507812
vt 0.875000 0.625000
vt 0.992188 0.507812
vt 0.757812 0.742188
vt 0.875000 0.625000
vt 0.992188 0.507812
vt 0.757812 0.742188
vt 0.875000 0.625000
vt 0.992188 0.507812
vt 0.757812 0.742188
vt 0.875000 0.625000
vt 0.992188 0.507812
vt 0.757812 0.742188
vt 0.875000 0.625000
vt 0.992188 0.507812
vt 0.757812 0.742188
vt 0.875000 0.625000
vt 0.992188 0.507812
vt 0.757812 0.742188
vt 0.875000 0.625000
vt 0.757812 0.742188
vt 0.992188 0.507812
vt 0.875000 0.625000
vt 0.757812 0.742188
vt 0.992188 0.507812
vt 0.875000 0.625000
vt 0.757812 0.742188
vt 0.992188 0.507812
vt 0.875000 0.625000
vt 0.757812 0.742188
vt 0.992188 0.507812
vt 0.875000 0.625000
vt 0.757812 0.742188
vt 0.992188 0.507812
vt 0.875000 0.625000
vt 0.757812 0.742188
vt 0.992188 0.507812
vn 0.829753 -0.480064 0.284690
vn 0.829753 -0.480064 0.284690
vn 0.829753 -0.480064 0.284690
vn 0.826929 -0.483404 0.287243
vn 0.826929 -0.483404 0.287243
vn 0.826929 -0.483404 0.287243
vn -0.053466 -0.945639 0.320794
vn -0.053466 -0.945639 0.320794
vn -0.053466 -0.945639 0.320794
vn -0.048008 -0.946182 0.320056
vn -0.048008 -0.946182 0.320056
vn -0.048008 -0.946182 0.320056
vn -0.877767 -0.479080 0.002790
vn -0.877767 -0.479080 0.002790
vn -0.877767 -0.479080 0.002790
vn -0.867190 -0.497951 0.005034
vn -0.867190 -0.497951 0.005034
vn -0.867190 -0.497951 0.005034
vn -0.817558 0.450597 -0.358554
vn -0.817558 0.450597 -0.358554
vn -0.817558 0.450597 -0.358554
vn -0.821445 0.443247 -0.358832
vn -0.821445 0.443247 -0.358832
vn -0.821445 0.443247 -0.358832
vn 0.066512 0.914503 -0.399074
vn 0.066512 0.914503 -0.399074
vn 0.066512 0.914503 -0.399074
vn 0.060289 0.913686 -0.401925
vn 0.060289 0.913686 -0.401925
vn 0.060289 0.913686 -0.401925
vn 0.889667 0.450554 -0.074120
vn 0.889667 0.450554 -0.074120
vn 0.889667 0.450554 -0.074120
vn 0.886221 0.456328 -0.079854
vn 0.886221 0.456328 -0.079854
vn 0.886221 0.456328 -0.079854
vn 0.815412 -0.417432 0.401067
vn 0.815412 -0.417432 0.401067
vn 0.815412 -0.417432 0.401067
vn 0.832880 -0.400774 0.381697
vn 0.832880 -0.400774 0.381697
vn 0.832880 -0.400774 0.381697
vn -0.089565 -0.797150 0.597101
vn -0.089565 -0.797150 0.597101
vn -0.089565 -0.797150 0.597101
vn -0.049628 -0.801797 0.595532
vn -0.049628 -0.801797 0.595532
vn -0.049628 -0.801797 0.595532
vn -0.899565 -0.404792 0.164090
vn -0.899565 -0.404792 0.164090
vn -0.899565 -0.404792 0.164090
vn -0.883522 -0.432591 0.179594
vn -0.883522 -0.432591 0.179594
vn -0.883522 -0.432591 0.179594
vn -0.800026 0.369900 -0.472369
vn -0.800026 0.369900 -0.472369
vn -0.800026 0.369900 -0.472369
vn -0.813135 0.350482 -0.464730
vn -0.813135 0.350482 -0.464730
vn -0.813135 0.350482 -0.464730
vn 0.099250 0.743200 -0.661667
vn 0.099250 0.743200 -0.661667
vn 0.099250 0.743200 -0.661667
vn 0.056174 0.736510 -0.674090
vn 0.056174 0.736510 -0.674090
vn 0.056174 0.736510 -0.674090
vn 0.903832 0.359991 -0.231288
vn 0.903832 0.359991 -0.231288
vn 0.903832 0.359991 -0.231288
vn 0.883649 0.384729 -0.266736
vn 0.883649 0.384729 -0.266736
vn 0.883649 0.384729 -0.266736
vn 0.834969 -0.547719 0.053207
vn 0.834969 -0.547719 0.053207
vn 0.834969 -0.547719 0.053207
vn 0.851912 -0.521873 0.043526
vn 0.851912 -0.521873 0.043526
vn 0.851912 -0.521873 0.043526
vn -0.008439 -0.994823 0.101272
vn -0.008439 -0.994823 0.101272
vn -0.008439 -0.994823 0.101272
vn 0.005949 -0.995054 0.099158
vn 0.005949 -0.995054 0.099158
vn 0.005949 -0.995054 0.099158
vn -0.853760 -0.520511 -0.012764
vn -0.853760 -0.520511 -0.012764
vn -0.853760 -0.520511 -0.012764
vn -0.867471 -0.497339 -0.012174
vn -0.867471 -0.497339 -0.012174
vn -0.867471 -0.497339 -0.012174
vn -0.847566 0.493894 -0.194168
vn -0.847566 0.493894 -0.194168
vn -0.847566 0.493894 -0.194168
vn -0.824759 0.532483 -0.190356
vn -0.824759 0.532483 -0.190356
vn -0.824759 0.532483 -0.190356
vn 0.020010 0.970536 -0.240125
vn 0.020010 0.970536 -0.240125
vn 0.020010 0.970536 -0.240125
vn -0.014943 0.968377 -0.249044
vn -0.014943 0.968377 -0.249044
vn -0.014943 0.968377 -0.249044
vn 0.878188 0.463759 -0.117107
vn 0.878188 0.463759 -0.117107
vn 0.878188 0.463759 -0.117107
vn 0.841260 0.521558 -0.142332
vn 0.841260 0.521558 -0.142332
vn 0.841260 0.521558 -0.142332
vn 0.737923 -0.337714 -0.584311
vn 0.737923 -0.337714 -0.584311
vn 0.737923 -0.337714 -0.584311
vn 0.761087 -0.307636 -0.571058
vn 0.761087 -0.307636 -0.571058
vn 0.761087 -0.307636 -0.571058
vn -0.042639 -0.702258 -0.710644
vn -0.042639 -0.702258 -0.710644
vn -0.042639 -0.702258 -0.710644
vn -0.137564 -0.712726 -0.687821
vn -0.137564 -0.712726 -0.687821
vn -0.137564 -0.712726 -0.687821
vn -0.849999 -0.404409 -0.337572
vn -0.849999 -0.404409 -0.337572
vn -0.849999 -0.404409 -0.337572
vn -0.922016 -0.310829 -0.230806
vn -0.922016 -0.310829 -0.230806
vn -0.922016 -0.310829 -0.230806
vn -0.833468 0.441728 0.331976
vn -0.833468 0.441728 0.331976
vn -0.833468 0.441728 0.331976
vn -0.802469 0.475270 0.360780
vn -0.802469 0.475270 0.360780
vn -0.802469 0.475270 0.360780
vn 0.030203 0.863534 0.503385
vn 0.030203 0.863534 0.503385
vn 0.030203 0.863534 0.503385
vn 0.099622 0.861373 0.498109
vn 0.099622 0.861373 0.498109
vn 0.099622 0.861373 0.498109
vn 0.869103 0.493715 0.030106
vn 0.869103 0.493715 0.030106
vn 0.869103 0.493715 0.030106
vn 0.877670 0.478876 0.019302
vn 0.877670 0.478876 0.019302
vn 0.877670 0.478876 0.019302
vn -0.152926 0.367022 0.917556
vn -0.152926 0.367022 0.917556
vn -0.152926 0.367022 0.917556
vn -0.152926 0.367022 0.917556
vn -0.152926 0.367022 0.917556
vn -0.152926 0.367022 0.917556
vn -0.152926 0.367022 0.917556
vn -0.152926 0.367022 0.917556
vn -0.152926 0.367022 0.917556
vn -0.152926 0.367022 0.917556
vn -0.152926 0.367022 0.917556
vn -0.152926 0.367022 0.917556
vn -0.152926 0.367022 0.917556
vn -0.152926 0.367022 0.917556
vn -0.152926 0.367022 0.917556
vn -0.152926 0.367022 0.917556
vn -0.152926 0.367022 0.917556
vn -0.152926 0.367022 0.917556
vn -0.154303 0.617213 -0.771517
vn -0.154303 0.617213 -0.771517
vn -0.154303 0.617213 -0.771517
vn -0.154303 0.617213 -0.771517
vn -0.154303 0.617213 -0.771517
vn -0.154303 0.617213 -0.771517
vn -0.154303 0.617213 -0.771517
vn -0.154303 0.617213 -0.771517
vn -0.154303 0.617213 -0.771517
vn -0.154303 0.617213 -0.771517
vn -0.154303 0.617213 -0.771517
vn -0.154303 0.617213 -0.771517
vn -0.154303 0.617213 -0.771517
vn -0.154303 0.617213 -0.771517
vn -0.154303 0.617213 -0.771517
vn -0.154303 0.617213 -0.771517
vn -0.154303 0.617213 -0.771517
vn -0.154303 0.617213 -0.771517
f 997/997/997 998/998/998 999/999/999
f 1000/1000/1000 1001/1001/1001 1002/1002/1002
f 1003/1003/1003 1004/1004/1004 1005/1005/1005
f 1006/1006/1006 1007/1007/1007 1008/1008/1008
f 1009/1009/1009 1010/1010/1010 1011/1011/1011
f 1012/1012/1012 1013/1013/1013 1014/1014/1014
f 1015/1015/1015 1016/1016/1016 1017/1017/1017
f 1018/1018/1018 1019/1019/1019 1020/1020/1020
f 1021/1021/1021 1022/1022/1022 1023/1023/1023
f 1024/1024/1024 1025/1025/1025 1026/1026/1026
f 1027/1027/1027 1028/1028/1028 1029/1029/1029
f 1030/1030/1030 1031/1031/1031 1032/1032/1032
f 1033/1033/1033 1034/1034/1034 1035/1035/1035
f 1036/1036/1036 1037/1037/1037 1038/1038/1038
f 1039/1039/1039 1040/1040/1040 1041/1041/1041
f 1042/1042/1042 1043/1043/1043 1044/1044/1044
f 1045/1045/1045 1046/1046/1046 1047/1047/1047
f 1048/1048/1048 1049/1049/1049 1050/1050/1050
f 1051/1051/1051 1052/1052/1052 1053/1053/1053
f 1054/1054/1054 1055/1055/1055 1056/1056/1056
f 1057/1057/1057 1058/1058/1058 1059/1059/1059
f 1060/1060/1060 1061/1061/1061 1062/1062/1062
f 1063/1063/1063 1064/1064/1064 1065/1065/1065
f 1066/1066/1066 1067/1067/1067 1068/1068/1068
f 1069/1069/1069 1070/1070/1070 1071/1071/1071
f 1072/1072/1072 1073/1073/1073 1074/1074/1074
f 1075/1075/1075 1076/1076/1076 1077/1077/1077
f 1078/1078/1078 1079/1079/1079 1080/1080/1080
f 1081/1081/1081 1082/1082/1082 1083/1083/1083
f 1084/1084/1084 1085/1085/1085 1086/1086/1086
f 1087/1087/1087 1088/1088/1088 1089/1089/1089
f 1090/1090/1090 1091/1091/1091 1092/1092/1092
f 1093/1093/1093 1094/1094/1094 1095/1095/1095
f 1096/1096/1096 1097/1097/1097 1098/1098/1098
f 1099/1099/1099 1100/1100/1100 1101/1101/1101
f 1102/1102/1102 1103/1103/1103 1104/1104/1104
f 1105/1105/1105 1106/1106/1106 1107/1107/1107
f 1108/1108/1108 1109/1109/1109 1110/1110/1110
f 1111/1111/1111 1112/1112/1112 1113/1113/1113
f 1114/1114/1114 1115/1115/1115 1116/1116/1116
f 1117/1117/1117 1118/1118/1118 1119/1119/1119
f 1120/1120/1120 1121/1121/1121 1122/1122/1122
f 1123/1123/1123 1124/1124/1124 1125/1125/1125
f 1126/1126/1126 1127/1127/1127 1128/1128/1128
f 1129/1129/1129 1130/1130/1130 1131/1131/1131
f 1132/1132/1132 1133/1133/1133 1134/1134/1134
f 1135/1135/1135 1136/1136/1136 1137/1137/1137
f 1138/1138/1138 1139/1139/1139 1140/1140/1140
f 1141/1141/1141 1142/1142/1142 1143/1143/1143
f 1144/1144/1144 1145/1145/1145 1146/1146/1146
f 1147/1147/1147 1148/1148/1148 1149/1149/1149
f 1150/1150/1150 1151/1151/1151 1152/1152/1152
f 1153/1153/1153 1154/1154/1154 1155/1155/1155
f 1156/1156/1156 1157/1157/1157 1158/1158/1158
f 1159/1159/1159 1160/1160/1160 1161/1161/1161
f 1162/1162/1162 1163/1163/1163 1164/1164/1164
f 1165/1165/1165 1166/1166/1166 1167/1167/1167
f 1168/1168/1168 1169/1169/1169 1170/1170/1170
f 1171/1171/1171 1172/1172/1172 1173/1173/1173
f 1174/1174/1174 1175/1175/1175 1176/1176/1176
o LeftEar
usemtl PaintedCrystalBlue
v -8.000000 4.000000 -21.000000
v -10.700000 6.965000 -19.650000
v -8.091277 4.925000 -17.432554
v -8.000000 3.415000 -21.000000
v -8.091277 4.340000 -17.432554
v -10.700000 5.080000 -19.650000
v -8.000000 4.000000 -21.000000
v -8.091277 4.340000 -17.432554
v -8.000000 3.415000 -21.000000
v -8.000000 4.000000 -21.000000
v -8.091277 4.925000 -17.432554
v -8.091277 4.340000 -17.432554
v -8.091277 4.925000 -17.432554
v -10.700000 6.965000 -19.650000
v -11.067802 6.664000 -16.335604
v -8.091277 4.340000 -17.432554
v -11.067802 6.079000 -16.335604
v -10.700000 5.080000 -19.650000
v -8.091277 4.925000 -17.432554
v -11.067802 6.079000 -16.335604
v -8.091277 4.340000 -17.432554
v -8.091277 4.925000 -17.432554
v -11.067802 6.664000 -16.335604
v -11.067802 6.079000 -16.335604
v -11.067802 6.664000 -16.335604
v -10.700000 6.965000 -19.650000
v -14.000000 7.700000 -18.000000
v -11.067802 6.079000 -16.335604
v -14.000000 7.115000 -18.000000
v -10.700000 5.080000 -19.650000
v -11.067802 6.664000 -16.335604
v -14.000000 7.115000 -18.000000
v -11.067802 6.079000 -16.335604
v -11.067802 6.664000 -16.335604
v -14.000000 7.700000 -18.000000
v -14.000000 7.115000 -18.000000
v -14.000000 7.700000 -18.000000
v -10.700000 6.965000 -19.650000
v -13.572198 6.664000 -21.344396
v -14.000000 7.115000 -18.000000
v -13.572198 6.079000 -21.344396
v -10.700000 5.080000 -19.650000
v -14.000000 7.700000 -18.000000
v -13.572198 6.079000 -21.344396
v -14.000000 7.115000 -18.000000
v -14.000000 7.700000 -18.000000
v -13.572198 6.664000 -21.344396
v -13.572198 6.079000 -21.344396
v -13.572198 6.664000 -21.344396
v -10.700000 6.965000 -19.650000
v -10.908723 4.925000 -23.067446
v -13.572198 6.079000 -21.344396
v -10.908723 4.340000 -23.067446
v -10.700000 5.080000 -19.650000
v -13.572198 6.664000 -21.344396
v -10.908723 4.340000 -23.067446
v -13.572198 6.079000 -21.344396
v -13.572198 6.664000 -21.344396
v -10.908723 4.925000 -23.067446
v -10.908723 4.340000 -23.067446
v -10.908723 4.925000 -23.067446
v -10.700000 6.965000 -19.650000
v -8.000000 4.000000 -21.000000
v -10.908723 4.340000 -23.067446
v -8.000000 3.415000 -21.000000
v -10.700000 5.080000 -19.650000
v -10.908723 4.925000 -23.067446
v -8.000000 3.415000 -21.000000
v -10.908723 4.340000 -23.067446
v -10.908723 4.925000 -23.067446
v -8.000000 4.000000 -21.000000
v -8.000000 3.415000 -21.000000
vt 0.125000 0.507812
vt 0.125000 0.613281
vt 0.019531 0.566406
vt 0.125000 0.507812
vt 0.019531 0.566406
vt 0.125000 0.613281
vt 0.125000 0.507812
vt 0.019531 0.566406
vt 0.125000 0.507812
vt 0.125000 0.507812
vt 0.019531 0.566406
vt 0.019531 0.566406
vt 0.019531 0.566406
vt 0.125000 0.613281
vt 0.031250 0.676562
vt 0.019531 0.566406
vt 0.031250 0.676562
vt 0.125000 0.613281
vt 0.019531 0.566406
vt 0.031250 0.676562
vt 0.019531 0.566406
vt 0.019531 0.566406
vt 0.031250 0.676562
vt 0.031250 0.676562
vt 0.031250 0.676562
vt 0.125000 0.613281
vt 0.125000 0.742188
vt 0.031250 0.676562
vt 0.125000 0.742188
vt 0.125000 0.613281
vt 0.031250 0.676562
vt 0.125000 0.742188
vt 0.031250 0.676562
vt 0.031250 0.676562
vt 0.125000 0.742188
vt 0.125000 0.742188
vt 0.125000 0.742188
vt 0.125000 0.613281
vt 0.218750 0.676562
vt 0.125000 0.742188
vt 0.218750 0.676562
vt 0.125000 0.613281
vt 0.125000 0.742188
vt 0.218750 0.676562
vt 0.125000 0.742188
vt 0.125000 0.742188
vt 0.218750 0.676562
vt 0.218750 0.676562
vt 0.218750 0.676562
vt 0.125000 0.613281
vt 0.230469 0.566406
vt 0.218750 0.676562
vt 0.230469 0.566406
vt 0.125000 0.613281
vt 0.218750 0.676562
vt 0.230469 0.566406
vt 0.218750 0.676562
vt 0.218750 0.676562
vt 0.230469 0.566406
vt 0.230469 0.566406
vt 0.230469 0.566406
vt 0.125000 0.613281
vt 0.125000 0.507812
vt 0.230469 0.566406
vt 0.125000 0.507812
vt 0.125000 0.613281
vt 0.230469 0.566406
vt 0.125000 0.507812
vt 0.230469 0.566406
vt 0.230469 0.566406
vt 0.125000 0.507812
vt 0.125000 0.507812
vn 0.690727 0.704066 -0.164884
vn 0.690727 0.704066 -0.164884
vn 0.690727 0.704066 -0.164884
vn -0.431981 -0.875637 0.215991
vn -0.431981 -0.875637 0.215991
vn -0.431981 -0.875637 0.215991
vn 0.999673 0.000000 0.025578
vn 0.999673 0.000000 0.025578
vn 0.999673 0.000000 0.025578
vn 0.999673 -0.000000 0.025578
vn 0.999673 -0.000000 0.025578
vn 0.999673 -0.000000 0.025578
vn 0.536494 0.833006 0.135186
vn 0.536494 0.833006 0.135186
vn 0.536494 0.833006 0.135186
vn -0.431981 -0.875637 0.215991
vn -0.431981 -0.875637 0.215991
vn -0.431981 -0.875637 0.215991
vn 0.345799 0.000000 0.938309
vn 0.345799 0.000000 0.938309
vn 0.345799 0.000000 0.938309
vn 0.345799 -0.000000 0.938309
vn 0.345799 -0.000000 0.938309
vn 0.345799 -0.000000 0.938309
vn 0.271224 0.955395 0.116863
vn 0.271224 0.955395 0.116863
vn 0.271224 0.955395 0.116863
vn -0.431981 -0.875637 0.215991
vn -0.431981 -0.875637 0.215991
vn -0.431981 -0.875637 0.215991
vn -0.493645 -0.000000 0.869664
vn -0.493645 -0.000000 0.869664
vn -0.493645 -0.000000 0.869664
vn -0.493645 -0.000000 0.869664
vn -0.493645 -0.000000 0.869664
vn -0.493645 -0.000000 0.869664
vn 0.069244 0.955395 -0.287097
vn 0.069244 0.955395 -0.287097
vn 0.069244 0.955395 -0.287097
vn -0.431981 -0.875637 0.215991
vn -0.431981 -0.875637 0.215991
vn -0.431981 -0.875637 0.215991
vn -0.991918 -0.000000 -0.126882
vn -0.991918 -0.000000 -0.126882
vn -0.991918 -0.000000 -0.126882
vn -0.991918 -0.000000 -0.126882
vn -0.991918 -0.000000 -0.126882
vn -0.991918 -0.000000 -0.126882
vn 0.213748 0.833006 -0.510307
vn 0.213748 0.833006 -0.510307
vn 0.213748 0.833006 -0.510307
vn -0.431981 -0.875637 0.215991
vn -0.431981 -0.875637 0.215991
vn -0.431981 -0.875637 0.215991
vn -0.543168 -0.000000 -0.839624
vn -0.543168 -0.000000 -0.839624
vn -0.543168 -0.000000 -0.839624
vn -0.543168 -0.000000 -0.839624
vn -0.543168 -0.000000 -0.839624
vn -0.543168 -0.000000 -0.839624
vn 0.546343 0.704066 -0.453652
vn 0.546343 0.704066 -0.453652
vn 0.546343 0.704066 -0.453652
vn -0.431981 -0.875637 0.215991
vn -0.431981 -0.875637 0.215991
vn -0.431981 -0.875637 0.215991
vn 0.579341 -0.000000 -0.815085
vn 0.579341 -0.000000 -0.815085
vn 0.579341 -0.000000 -0.815085
vn 0.579341 -0.000000 -0.815085
vn 0.579341 -0.000000 -0.815085
vn 0.579341 -0.000000 -0.815085
f 1177/1177/1177 1178/1178/1178 1179/1179/1179
f 1180/1180/1180 1181/1181/1181 1182/1182/1182
f 1183/1183/1183 1184/1184/1184 1185/1185/1185
f 1186/1186/1186 1187/1187/1187 1188/1188/1188
f 1189/1189/1189 1190/1190/1190 1191/1191/1191
f 1192/1192/1192 1193/1193/1193 1194/1194/1194
f 1195/1195/1195 1196/1196/1196 1197/1197/1197
f 1198/1198/1198 1199/1199/1199 1200/1200/1200
f 1201/1201/1201 1202/1202/1202 1203/1203/1203
f 1204/1204/1204 1205/1205/1205 1206/1206/1206
f 1207/1207/1207 1208/1208/1208 1209/1209/1209
f 1210/1210/1210 1211/1211/1211 1212/1212/1212
f 1213/1213/1213 1214/1214/1214 1215/1215/1215
f 1216/1216/1216 1217/1217/1217 1218/1218/1218
f 1219/1219/1219 1220/1220/1220 1221/1221/1221
f 1222/1222/1222 1223/1223/1223 1224/1224/1224
f 1225/1225/1225 1226/1226/1226 1227/1227/1227
f 1228/1228/1228 1229/1229/1229 1230/1230/1230
f 1231/1231/1231 1232/1232/1232 1233/1233/1233
f 1234/1234/1234 1235/1235/1235 1236/1236/1236
f 1237/1237/1237 1238/1238/1238 1239/1239/1239
f 1240/1240/1240 1241/1241/1241 1242/1242/1242
f 1243/1243/1243 1244/1244/1244 1245/1245/1245
f 1246/1246/1246 1247/1247/1247 1248/1248/1248
o LeftWingRoot
usemtl PaintedCrystalBlue
v -10.000000 1.000000 -5.000000
v -18.100000 2.750000 -2.300000
v -11.938555 1.250000 4.184335
v -10.000000 0.415000 -5.000000
v -11.938555 0.665000 4.184335
v -18.100000 0.865000 -2.300000
v -10.000000 1.000000 -5.000000
v -11.938555 0.665000 4.184335
v -10.000000 0.415000 -5.000000
v -10.000000 1.000000 -5.000000
v -11.938555 1.250000 4.184335
v -11.938555 0.665000 4.184335
v -11.938555 1.250000 4.184335
v -18.100000 2.750000 -2.300000
v -20.683160 1.720000 6.150520
v -11.938555 0.665000 4.184335
v -20.683160 1.135000 6.150520
v -18.100000 0.865000 -2.300000
v -11.938555 1.250000 4.184335
v -20.683160 1.135000 6.150520
v -11.938555 0.665000 4.184335
v -11.938555 1.250000 4.184335
v -20.683160 1.720000 6.150520
v -20.683160 1.135000 6.150520
v -20.683160 1.720000 6.150520
v -18.100000 2.750000 -2.300000
v -28.000000 2.000000 1.000000
v -20.683160 1.135000 6.150520
v -28.000000 1.415000 1.000000
v -18.100000 0.865000 -2.300000
v -20.683160 1.720000 6.150520
v -28.000000 1.415000 1.000000
v -20.683160 1.135000 6.150520
v -20.683160 1.720000 6.150520
v -28.000000 2.000000 1.000000
v -28.000000 1.415000 1.000000
v -28.000000 2.000000 1.000000
v -18.100000 2.750000 -2.300000
v -25.236840 1.720000 -7.510520
v -28.000000 1.415000 1.000000
v -25.236840 1.135000 -7.510520
v -18.100000 0.865000 -2.300000
v -28.000000 2.000000 1.000000
v -25.236840 1.135000 -7.510520
v -28.000000 1.415000 1.000000
v -28.000000 2.000000 1.000000
v -25.236840 1.720000 -7.510520
v -25.236840 1.135000 -7.510520
v -25.236840 1.720000 -7.510520
v -18.100000 2.750000 -2.300000
v -17.061445 1.250000 -11.184335
v -25.236840 1.135000 -7.510520
v -17.061445 0.665000 -11.184335
v -18.100000 0.865000 -2.300000
v -25.236840 1.720000 -7.510520
v -17.061445 0.665000 -11.184335
v -25.236840 1.135000 -7.510520
v -25.236840 1.720000 -7.510520
v -17.061445 1.250000 -11.184335
v -17.061445 0.665000 -11.184335
v -17.061445 1.250000 -11.184335
v -18.100000 2.750000 -2.300000
v -10.000000 1.000000 -5.000000
v -17.061445 0.665000 -11.184335
v -10.000000 0.415000 -5.000000
v -18.100000 0.865000 -2.300000
v -17.061445 1.250000 -11.184335
v -10.000000 0.415000 -5.000000
v -17.061445 0.665000 -11.184335
v -17.061445 1.250000 -11.184335
v -10.000000 1.000000 -5.000000
v -10.000000 0.415000 -5.000000
vt 0.125000 0.757812
vt 0.125000 0.863281
vt 0.019531 0.816406
vt 0.125000 0.757812
vt 0.019531 0.816406
vt 0.125000 0.863281
vt 0.125000 0.757812
vt 0.019531 0.816406
vt 0.125000 0.757812
vt 0.125000 0.757812
vt 0.019531 0.816406
vt 0.019531 0.816406
vt 0.019531 0.816406
vt 0.125000 0.863281
vt 0.031250 0.926562
vt 0.019531 0.816406
vt 0.031250 0.926562
vt 0.125000 0.863281
vt 0.019531 0.816406
vt 0.031250 0.926562
vt 0.019531 0.816406
vt 0.019531 0.816406
vt 0.031250 0.926562
vt 0.031250 0.926562
vt 0.031250 0.926562
vt 0.125000 0.863281
vt 0.125000 0.992188
vt 0.031250 0.926562
vt 0.125000 0.992188
vt 0.125000 0.863281
vt 0.031250 0.926562
vt 0.125000 0.992188
vt 0.031250 0.926562
vt 0.031250 0.926562
vt 0.125000 0.992188
vt 0.125000 0.992188
vt 0.125000 0.992188
vt 0.125000 0.863281
vt 0.218750 0.926562
vt 0.125000 0.992188
vt 0.218750 0.926562
vt 0.125000 0.863281
vt 0.125000 0.992188
vt 0.218750 0.926562
vt 0.125000 0.992188
vt 0.125000 0.992188
vt 0.218750 0.926562
vt 0.218750 0.926562
vt 0.218750 0.926562
vt 0.125000 0.863281
vt 0.230469 0.816406
vt 0.218750 0.926562
vt 0.230469 0.816406
vt 0.125000 0.863281
vt 0.218750 0.926562
vt 0.230469 0.816406
vt 0.218750 0.926562
vt 0.218750 0.926562
vt 0.230469 0.816406
vt 0.230469 0.816406
vt 0.230469 0.816406
vt 0.125000 0.863281
vt 0.125000 0.757812
vt 0.230469 0.816406
vt 0.125000 0.757812
vt 0.125000 0.863281
vt 0.230469 0.816406
vt 0.125000 0.757812
vt 0.230469 0.816406
vt 0.230469 0.816406
vt 0.125000 0.757812
vt 0.125000 0.757812
vn 0.217279 0.975919 0.019297
vn 0.217279 0.975919 0.019297
vn 0.217279 0.975919 0.019297
vn -0.049931 -0.998614 0.016644
vn -0.049931 -0.998614 0.016644
vn -0.049931 -0.998614 0.016644
vn 0.978442 0.000000 0.206522
vn 0.978442 0.000000 0.206522
vn 0.978442 0.000000 0.206522
vn 0.978442 -0.000000 0.206522
vn 0.978442 -0.000000 0.206522
vn 0.978442 -0.000000 0.206522
vn 0.085878 0.985495 0.146369
vn 0.085878 0.985495 0.146369
vn 0.085878 0.985495 0.146369
vn -0.049931 -0.998614 0.016644
vn -0.049931 -0.998614 0.016644
vn -0.049931 -0.998614 0.016644
vn 0.219369 0.000000 0.975642
vn 0.219369 0.000000 0.975642
vn 0.219369 0.000000 0.975642
vn 0.219369 -0.000000 0.975642
vn 0.219369 -0.000000 0.975642
vn 0.219369 -0.000000 0.975642
vn -0.038851 0.993262 0.109189
vn -0.038851 0.993262 0.109189
vn -0.038851 0.993262 0.109189
vn -0.049931 -0.998614 0.016644
vn -0.049931 -0.998614 0.016644
vn -0.049931 -0.998614 0.016644
vn -0.575615 -0.000000 0.817721
vn -0.575615 -0.000000 0.817721
vn -0.575615 -0.000000 0.817721
vn -0.575615 -0.000000 0.817721
vn -0.575615 -0.000000 0.817721
vn -0.575615 -0.000000 0.817721
vn -0.096594 0.993262 -0.064040
vn -0.096594 0.993262 -0.064040
vn -0.096594 0.993262 -0.064040
vn -0.049931 -0.998614 0.016644
vn -0.049931 -0.998614 0.016644
vn -0.049931 -0.998614 0.016644
vn -0.951125 -0.000000 -0.308807
vn -0.951125 -0.000000 -0.308807
vn -0.951125 -0.000000 -0.308807
vn -0.951125 -0.000000 -0.308807
vn -0.951125 -0.000000 -0.308807
vn -0.951125 -0.000000 -0.308807
vn -0.019119 0.985495 -0.168623
vn -0.019119 0.985495 -0.168623
vn -0.019119 0.985495 -0.168623
vn -0.049931 -0.998614 0.016644
vn -0.049931 -0.998614 0.016644
vn -0.049931 -0.998614 0.016644
vn -0.409890 -0.000000 -0.912135
vn -0.409890 -0.000000 -0.912135
vn -0.409890 -0.000000 -0.912135
vn -0.409890 -0.000000 -0.912135
vn -0.409890 -0.000000 -0.912135
vn -0.409890 -0.000000 -0.912135
vn 0.162245 0.975919 -0.145805
vn 0.162245 0.975919 -0.145805
vn 0.162245 0.975919 -0.145805
vn -0.049931 -0.998614 0.016644
vn -0.049931 -0.998614 0.016644
vn -0.049931 -0.998614 0.016644
vn 0.658841 -0.000000 -0.752283
vn 0.658841 -0.000000 -0.752283
vn 0.658841 -0.000000 -0.752283
vn 0.658841 -0.000000 -0.752283
vn 0.658841 -0.000000 -0.752283
vn 0.658841 -0.000000 -0.752283
f 1249/1249/1249 1250/1250/1250 1251/1251/1251
f 1252/1252/1252 1253/1253/1253 1254/1254/1254
f 1255/1255/1255 1256/1256/1256 1257/1257/1257
f 1258/1258/1258 1259/1259/1259 1260/1260/1260
f 1261/1261/1261 1262/1262/1262 1263/1263/1263
f 1264/1264/1264 1265/1265/1265 1266/1266/1266
f 1267/1267/1267 1268/1268/1268 1269/1269/1269
f 1270/1270/1270 1271/1271/1271 1272/1272/1272
f 1273/1273/1273 1274/1274/1274 1275/1275/1275
f 1276/1276/1276 1277/1277/1277 1278/1278/1278
f 1279/1279/1279 1280/1280/1280 1281/1281/1281
f 1282/1282/1282 1283/1283/1283 1284/1284/1284
f 1285/1285/1285 1286/1286/1286 1287/1287/1287
f 1288/1288/1288 1289/1289/1289 1290/1290/1290
f 1291/1291/1291 1292/1292/1292 1293/1293/1293
f 1294/1294/1294 1295/1295/1295 1296/1296/1296
f 1297/1297/1297 1298/1298/1298 1299/1299/1299
f 1300/1300/1300 1301/1301/1301 1302/1302/1302
f 1303/1303/1303 1304/1304/1304 1305/1305/1305
f 1306/1306/1306 1307/1307/1307 1308/1308/1308
f 1309/1309/1309 1310/1310/1310 1311/1311/1311
f 1312/1312/1312 1313/1313/1313 1314/1314/1314
f 1315/1315/1315 1316/1316/1316 1317/1317/1317
f 1318/1318/1318 1319/1319/1319 1320/1320/1320
o LeftWingFeather0
usemtl PaintedCrystalBlue
v -16.000000 1.000000 -1.000000
v -25.900000 1.925000 0.350000
v -21.220316 1.125000 1.801018
v -16.000000 0.685000 -1.000000
v -21.220316 0.810000 1.801018
v -25.900000 0.910000 0.350000
v -16.000000 1.000000 -1.000000
v -21.220316 0.810000 1.801018
v -16.000000 0.685000 -1.000000
v -16.000000 1.000000 -1.000000
v -21.220316 1.125000 1.801018
v -21.220316 0.810000 1.801018
v -21.220316 1.125000 1.801018
v -25.900000 1.925000 0.350000
v -31.591392 1.360000 2.983128
v -21.220316 0.810000 1.801018
v -31.591392 1.045000 2.983128
v -25.900000 0.910000 0.350000
v -21.220316 1.125000 1.801018
v -31.591392 1.045000 2.983128
v -21.220316 0.810000 1.801018
v -21.220316 1.125000 1.801018
v -31.591392 1.360000 2.983128
v -31.591392 1.045000 2.983128
v -31.591392 1.360000 2.983128
v -25.900000 1.925000 0.350000
v -38.000000 1.500000 2.000000
v -31.591392 1.045000 2.983128
v -38.000000 1.185000 2.000000
v -25.900000 0.910000 0.350000
v -31.591392 1.360000 2.983128
v -38.000000 1.185000 2.000000
v -31.591392 1.045000 2.983128
v -31.591392 1.360000 2.983128
v -38.000000 1.500000 2.000000
v -38.000000 1.185000 2.000000
v -38.000000 1.500000 2.000000
v -25.900000 1.925000 0.350000
v -32.088608 1.360000 -0.663128
v -38.000000 1.185000 2.000000
v -32.088608 1.045000 -0.663128
v -25.900000 0.910000 0.350000
v -38.000000 1.500000 2.000000
v -32.088608 1.045000 -0.663128
v -38.000000 1.185000 2.000000
v -38.000000 1.500000 2.000000
v -32.088608 1.360000 -0.663128
v -32.088608 1.045000 -0.663128
v -32.088608 1.360000 -0.663128
v -25.900000 1.925000 0.350000
v -21.779684 1.125000 -2.301018
v -32.088608 1.045000 -0.663128
v -21.779684 0.810000 -2.301018
v -25.900000 0.910000 0.350000
v -32.088608 1.360000 -0.663128
v -21.779684 0.810000 -2.301018
v -32.088608 1.045000 -0.663128
v -32.088608 1.360000 -0.663128
v -21.779684 1.125000 -2.301018
v -21.779684 0.810000 -2.301018
v -21.779684 1.125000 -2.301018
v -25.900000 1.925000 0.350000
v -16.000000 1.000000 -1.000000
v -21.779684 0.810000 -2.301018
v -16.000000 0.685000 -1.000000
v -25.900000 0.910000 0.350000
v -21.779684 1.125000 -2.301018
v -16.000000 0.685000 -1.000000
v -21.779684 0.810000 -2.301018
v -21.779684 1.125000 -2.301018
v -16.000000 1.000000 -1.000000
v -16.000000 0.685000 -1.000000
vt 0.375000 0.507812
vt 0.375000 0.613281
vt 0.269531 0.566406
vt 0.375000 0.507812
vt 0.269531 0.566406
vt 0.375000 0.613281
vt 0.375000 0.507812
vt 0.269531 0.566406
vt 0.375000 0.507812
vt 0.375000 0.507812
vt 0.269531 0.566406
vt 0.269531 0.566406
vt 0.269531 0.566406
vt 0.375000 0.613281
vt 0.281250 0.676562
vt 0.269531 0.566406
vt 0.281250 0.676562
vt 0.375000 0.613281
vt 0.269531 0.566406
vt 0.281250 0.676562
vt 0.269531 0.566406
vt 0.269531 0.566406
vt 0.281250 0.676562
vt 0.281250 0.676562
vt 0.281250 0.676562
vt 0.375000 0.613281
vt 0.375000 0.742188
vt 0.281250 0.676562
vt 0.375000 0.742188
vt 0.375000 0.613281
vt 0.281250 0.676562
vt 0.375000 0.742188
vt 0.281250 0.676562
vt 0.281250 0.676562
vt 0.375000 0.742188
vt 0.375000 0.742188
vt 0.375000 0.742188
vt 0.375000 0.613281
vt 0.468750 0.676562
vt 0.375000 0.742188
vt 0.468750 0.676562
vt 0.375000 0.613281
vt 0.375000 0.742188
vt 0.468750 0.676562
vt 0.375000 0.742188
vt 0.375000 0.742188
vt 0.468750 0.676562
vt 0.468750 0.676562
vt 0.468750 0.676562
vt 0.375000 0.613281
vt 0.480469 0.566406
vt 0.468750 0.676562
vt 0.480469 0.566406
vt 0.375000 0.613281
vt 0.468750 0.676562
vt 0.480469 0.566406
vt 0.468750 0.676562
vt 0.468750 0.676562
vt 0.480469 0.566406
vt 0.480469 0.566406
vt 0.480469 0.566406
vt 0.375000 0.613281
vt 0.375000 0.507812
vt 0.480469 0.566406
vt 0.375000 0.507812
vt 0.375000 0.613281
vt 0.480469 0.566406
vt 0.375000 0.507812
vt 0.480469 0.566406
vt 0.480469 0.566406
vt 0.375000 0.507812
vt 0.375000 0.507812
vn 0.114625 0.978763 0.169950
vn 0.114625 0.978763 0.169950
vn 0.114625 0.978763 0.169950
vn -0.022307 -0.999747 0.003042
vn -0.022307 -0.999747 0.003042
vn -0.022307 -0.999747 0.003042
vn 0.472801 0.000000 0.881169
vn 0.472801 0.000000 0.881169
vn 0.472801 0.000000 0.881169
vn 0.472801 -0.000000 0.881169
vn 0.472801 -0.000000 0.881169
vn 0.472801 -0.000000 0.881169
vn 0.058912 0.942305 0.329530
vn 0.058912 0.942305 0.329530
vn 0.058912 0.942305 0.329530
vn -0.022307 -0.999747 0.003042
vn -0.022307 -0.999747 0.003042
vn -0.022307 -0.999747 0.003042
vn 0.113248 0.000000 0.993567
vn 0.113248 0.000000 0.993567
vn 0.113248 0.000000 0.993567
vn 0.113248 -0.000000 0.993567
vn 0.113248 -0.000000 0.993567
vn 0.113248 -0.000000 0.993567
vn -0.008158 0.981184 0.192903
vn -0.008158 0.981184 0.192903
vn -0.008158 0.981184 0.192903
vn -0.022307 -0.999747 0.003042
vn -0.022307 -0.999747 0.003042
vn -0.022307 -0.999747 0.003042
vn -0.151633 -0.000000 0.988437
vn -0.151633 -0.000000 0.988437
vn -0.151633 -0.000000 0.988437
vn -0.151633 -0.000000 0.988437
vn -0.151633 -0.000000 0.988437
vn -0.151633 -0.000000 0.988437
vn -0.059510 0.981184 -0.183675
vn -0.059510 0.981184 -0.183675
vn -0.059510 0.981184 -0.183675
vn -0.022307 -0.999747 0.003042
vn -0.022307 -0.999747 0.003042
vn -0.022307 -0.999747 0.003042
vn -0.410750 -0.000000 -0.911748
vn -0.410750 -0.000000 -0.911748
vn -0.410750 -0.000000 -0.911748
vn -0.410750 -0.000000 -0.911748
vn -0.410750 -0.000000 -0.911748
vn -0.410750 -0.000000 -0.911748
vn -0.031470 0.942305 -0.333272
vn -0.031470 0.942305 -0.333272
vn -0.031470 0.942305 -0.333272
vn -0.022307 -0.999747 0.003042
vn -0.022307 -0.999747 0.003042
vn -0.022307 -0.999747 0.003042
vn -0.156913 -0.000000 -0.987612
vn -0.156913 -0.000000 -0.987612
vn -0.156913 -0.000000 -0.987612
vn -0.156913 -0.000000 -0.987612
vn -0.156913 -0.000000 -0.987612
vn -0.156913 -0.000000 -0.987612
vn 0.064936 0.978763 -0.194436
vn 0.064936 0.978763 -0.194436
vn 0.064936 0.978763 -0.194436
vn -0.022307 -0.999747 0.003042
vn -0.022307 -0.999747 0.003042
vn -0.022307 -0.999747 0.003042
vn 0.219607 -0.000000 -0.975588
vn 0.219607 -0.000000 -0.975588
vn 0.219607 -0.000000 -0.975588
vn 0.219607 -0.000000 -0.975588
vn 0.219607 -0.000000 -0.975588
vn 0.219607 -0.000000 -0.975588
f 1321/1321/1321 1322/1322/1322 1323/1323/1323
f 1324/1324/1324 1325/1325/1325 1326/1326/1326
f 1327/1327/1327 1328/1328/1328 1329/1329/1329
f 1330/1330/1330 1331/1331/1331 1332/1332/1332
f 1333/1333/1333 1334/1334/1334 1335/1335/1335
f 1336/1336/1336 1337/1337/1337 1338/1338/1338
f 1339/1339/1339 1340/1340/1340 1341/1341/1341
f 1342/1342/1342 1343/1343/1343 1344/1344/1344
f 1345/1345/1345 1346/1346/1346 1347/1347/1347
f 1348/1348/1348 1349/1349/1349 1350/1350/1350
f 1351/1351/1351 1352/1352/1352 1353/1353/1353
f 1354/1354/1354 1355/1355/1355 1356/1356/1356
f 1357/1357/1357 1358/1358/1358 1359/1359/1359
f 1360/1360/1360 1361/1361/1361 1362/1362/1362
f 1363/1363/1363 1364/1364/1364 1365/1365/1365
f 1366/1366/1366 1367/1367/1367 1368/1368/1368
f 1369/1369/1369 1370/1370/1370 1371/1371/1371
f 1372/1372/1372 1373/1373/1373 1374/1374/1374
f 1375/1375/1375 1376/1376/1376 1377/1377/1377
f 1378/1378/1378 1379/1379/1379 1380/1380/1380
f 1381/1381/1381 1382/1382/1382 1383/1383/1383
f 1384/1384/1384 1385/1385/1385 1386/1386/1386
f 1387/1387/1387 1388/1388/1388 1389/1389/1389
f 1390/1390/1390 1391/1391/1391 1392/1392/1392
o LeftWingGoldVein0
usemtl PaintedCrystalBlue
v -16.000000 1.900000 -1.000000
v -22.138000 2.219500 -0.163000
v -19.373519 1.977500 -0.267476
v -16.000000 1.819000 -1.000000
v -19.373519 1.896500 -0.267476
v -22.138000 1.958500 -0.163000
v -16.000000 1.900000 -1.000000
v -19.373519 1.896500 -0.267476
v -16.000000 1.819000 -1.000000
v -16.000000 1.900000 -1.000000
v -19.373519 1.977500 -0.267476
v -19.373519 1.896500 -0.267476
v -19.373519 1.977500 -0.267476
v -22.138000 2.219500 -0.163000
v -25.788373 2.123200 0.576999
v -19.373519 1.896500 -0.267476
v -25.788373 2.042200 0.576999
v -22.138000 1.958500 -0.163000
v -19.373519 1.977500 -0.267476
v -25.788373 2.042200 0.576999
v -19.373519 1.896500 -0.267476
v -19.373519 1.977500 -0.267476
v -25.788373 2.123200 0.576999
v -25.788373 2.042200 0.576999
v -25.788373 2.123200 0.576999
v -22.138000 2.219500 -0.163000
v -29.640000 2.210000 0.860000
v -25.788373 2.042200 0.576999
v -29.640000 2.129000 0.860000
v -22.138000 1.958500 -0.163000
v -25.788373 2.123200 0.576999
v -29.640000 2.129000 0.860000
v -25.788373 2.042200 0.576999
v -25.788373 2.123200 0.576999
v -29.640000 2.210000 0.860000
v -29.640000 2.129000 0.860000
v -29.640000 2.210000 0.860000
v -22.138000 2.219500 -0.163000
v -25.853227 2.123200 0.101401
v -29.640000 2.129000 0.860000
v -25.853227 2.042200 0.101401
v -22.138000 1.958500 -0.163000
v -29.640000 2.210000 0.860000
v -25.853227 2.042200 0.101401
v -29.640000 2.129000 0.860000
v -29.640000 2.210000 0.860000
v -25.853227 2.123200 0.101401
v -25.853227 2.042200 0.101401
v -25.853227 2.123200 0.101401
v -22.138000 2.219500 -0.163000
v -19.446481 1.977500 -0.802524
v -25.853227 2.042200 0.101401
v -19.446481 1.896500 -0.802524
v -22.138000 1.958500 -0.163000
v -25.853227 2.123200 0.101401
v -19.446481 1.896500 -0.802524
v -25.853227 2.042200 0.101401
v -25.853227 2.123200 0.101401
v -19.446481 1.977500 -0.802524
v -19.446481 1.896500 -0.802524
v -19.446481 1.977500 -0.802524
v -22.138000 2.219500 -0.163000
v -16.000000 1.900000 -1.000000
v -19.446481 1.896500 -0.802524
v -16.000000 1.819000 -1.000000
v -22.138000 1.958500 -0.163000
v -19.446481 1.977500 -0.802524
v -16.000000 1.819000 -1.000000
v -19.446481 1.896500 -0.802524
v -19.446481 1.977500 -0.802524
v -16.000000 1.900000 -1.000000
v -16.000000 1.819000 -1.000000
vt 0.625000 0.757812
vt 0.625000 0.863281
vt 0.519531 0.816406
vt 0.625000 0.757812
vt 0.519531 0.816406
vt 0.625000 0.863281
vt 0.625000 0.757812
vt 0.519531 0.816406
vt 0.625000 0.757812
vt 0.625000 0.757812
vt 0.519531 0.816406
vt 0.519531 0.816406
vt 0.519531 0.816406
vt 0.625000 0.863281
vt 0.531250 0.926562
vt 0.519531 0.816406
vt 0.531250 0.926562
vt 0.625000 0.863281
vt 0.519531 0.816406
vt 0.531250 0.926562
vt 0.519531 0.816406
vt 0.519531 0.816406
vt 0.531250 0.926562
vt 0.531250 0.926562
vt 0.531250 0.926562
vt 0.625000 0.863281
vt 0.625000 0.992188
vt 0.531250 0.926562
vt 0.625000 0.992188
vt 0.625000 0.863281
vt 0.531250 0.926562
vt 0.625000 0.992188
vt 0.531250 0.926562
vt 0.531250 0.926562
vt 0.625000 0.992188
vt 0.625000 0.992188
vt 0.625000 0.992188
vt 0.625000 0.863281
vt 0.718750 0.926562
vt 0.625000 0.992188
vt 0.718750 0.926562
vt 0.625000 0.863281
vt 0.625000 0.992188
vt 0.718750 0.926562
vt 0.625000 0.992188
vt 0.625000 0.992188
vt 0.718750 0.926562
vt 0.718750 0.926562
vt 0.718750 0.926562
vt 0.625000 0.863281
vt 0.730469 0.816406
vt 0.718750 0.926562
vt 0.730469 0.816406
vt 0.625000 0.863281
vt 0.718750 0.926562
vt 0.730469 0.816406
vt 0.718750 0.926562
vt 0.718750 0.926562
vt 0.730469 0.816406
vt 0.730469 0.816406
vt 0.730469 0.816406
vt 0.625000 0.863281
vt 0.625000 0.757812
vt 0.730469 0.816406
vt 0.625000 0.757812
vt 0.625000 0.863281
vt 0.730469 0.816406
vt 0.625000 0.757812
vt 0.730469 0.816406
vt 0.730469 0.816406
vt 0.625000 0.757812
vt 0.625000 0.757812
vn 0.094737 0.936654 0.337201
vn 0.094737 0.936654 0.337201
vn 0.094737 0.936654 0.337201
vn -0.022307 -0.999747 0.003042
vn -0.022307 -0.999747 0.003042
vn -0.022307 -0.999747 0.003042
vn 0.212195 0.000000 0.977227
vn 0.212195 0.000000 0.977227
vn 0.212195 0.000000 0.977227
vn 0.212195 -0.000000 0.977227
vn 0.212195 -0.000000 0.977227
vn 0.212195 -0.000000 0.977227
vn 0.093099 0.819225 0.565864
vn 0.093099 0.819225 0.565864
vn 0.093099 0.819225 0.565864
vn -0.022307 -0.999747 0.003042
vn -0.022307 -0.999747 0.003042
vn -0.022307 -0.999747 0.003042
vn 0.130518 0.000000 0.991446
vn 0.130518 0.000000 0.991446
vn 0.130518 0.000000 0.991446
vn 0.130518 -0.000000 0.991446
vn 0.130518 -0.000000 0.991446
vn 0.130518 -0.000000 0.991446
vn 0.047034 0.934218 0.353589
vn 0.047034 0.934218 0.353589
vn 0.047034 0.934218 0.353589
vn -0.022307 -0.999747 0.003042
vn -0.022307 -0.999747 0.003042
vn -0.022307 -0.999747 0.003042
vn 0.073278 0.000000 0.997312
vn 0.073278 0.000000 0.997312
vn 0.073278 0.000000 0.997312
vn 0.073278 -0.000000 0.997312
vn 0.073278 -0.000000 0.997312
vn 0.073278 -0.000000 0.997312
vn -0.049356 0.934218 -0.353272
vn -0.049356 0.934218 -0.353272
vn -0.049356 0.934218 -0.353272
vn -0.022307 -0.999747 0.003042
vn -0.022307 -0.999747 0.003042
vn -0.022307 -0.999747 0.003042
vn -0.196426 -0.000000 -0.980519
vn -0.196426 -0.000000 -0.980519
vn -0.196426 -0.000000 -0.980519
vn -0.196426 -0.000000 -0.980519
vn -0.196426 -0.000000 -0.980519
vn -0.196426 -0.000000 -0.980519
vn -0.061809 0.819225 -0.570131
vn -0.061809 0.819225 -0.570131
vn -0.061809 0.819225 -0.570131
vn -0.022307 -0.999747 0.003042
vn -0.022307 -0.999747 0.003042
vn -0.022307 -0.999747 0.003042
vn -0.139706 -0.000000 -0.990193
vn -0.139706 -0.000000 -0.990193
vn -0.139706 -0.000000 -0.990193
vn -0.139706 -0.000000 -0.990193
vn -0.139706 -0.000000 -0.990193
vn -0.139706 -0.000000 -0.990193
vn 0.000993 0.936654 -0.350255
vn 0.000993 0.936654 -0.350255
vn 0.000993 0.936654 -0.350255
vn -0.022307 -0.999747 0.003042
vn -0.022307 -0.999747 0.003042
vn -0.022307 -0.999747 0.003042
vn -0.057204 -0.000000 -0.998363
vn -0.057204 -0.000000 -0.998363
vn -0.057204 -0.000000 -0.998363
vn -0.057204 -0.000000 -0.998363
vn -0.057204 -0.000000 -0.998363
vn -0.057204 -0.000000 -0.998363
f 1393/1393/1393 1394/1394/1394 1395/1395/1395
f 1396/1396/1396 1397/1397/1397 1398/1398/1398
f 1399/1399/1399 1400/1400/1400 1401/1401/1401
f 1402/1402/1402 1403/1403/1403 1404/1404/1404
f 1405/1405/1405 1406/1406/1406 1407/1407/1407
f 1408/1408/1408 1409/1409/1409 1410/1410/1410
f 1411/1411/1411 1412/1412/1412 1413/1413/1413
f 1414/1414/1414 1415/1415/1415 1416/1416/1416
f 1417/1417/1417 1418/1418/1418 1419/1419/1419
f 1420/1420/1420 1421/1421/1421 1422/1422/1422
f 1423/1423/1423 1424/1424/1424 1425/1425/1425
f 1426/1426/1426 1427/1427/1427 1428/1428/1428
f 1429/1429/1429 1430/1430/1430 1431/1431/1431
f 1432/1432/1432 1433/1433/1433 1434/1434/1434
f 1435/1435/1435 1436/1436/1436 1437/1437/1437
f 1438/1438/1438 1439/1439/1439 1440/1440/1440
f 1441/1441/1441 1442/1442/1442 1443/1443/1443
f 1444/1444/1444 1445/1445/1445 1446/1446/1446
f 1447/1447/1447 1448/1448/1448 1449/1449/1449
f 1450/1450/1450 1451/1451/1451 1452/1452/1452
f 1453/1453/1453 1454/1454/1454 1455/1455/1455
f 1456/1456/1456 1457/1457/1457 1458/1458/1458
f 1459/1459/1459 1460/1460/1460 1461/1461/1461
f 1462/1462/1462 1463/1463/1463 1464/1464/1464
o LeftWingFeather1
usemtl PaintedCrystalBlue
v -17.200000 0.950000 0.500000
v -27.460000 1.762500 2.435000
v -22.516368 1.012500 3.609140
v -17.200000 0.635000 0.500000
v -22.516368 0.697500 3.609140
v -27.460000 0.747500 2.435000
v -17.200000 0.950000 0.500000
v -22.516368 0.697500 3.609140
v -17.200000 0.635000 0.500000
v -17.200000 0.950000 0.500000
v -22.516368 1.012500 3.609140
v -22.516368 0.697500 3.609140
v -22.516368 1.012500 3.609140
v -27.460000 1.762500 2.435000
v -33.274994 1.130000 5.404125
v -22.516368 0.697500 3.609140
v -33.274994 0.815000 5.404125
v -27.460000 0.747500 2.435000
v -22.516368 1.012500 3.609140
v -33.274994 0.815000 5.404125
v -22.516368 0.697500 3.609140
v -22.516368 1.012500 3.609140
v -33.274994 1.130000 5.404125
v -33.274994 0.815000 5.404125
v -33.274994 1.130000 5.404125
v -27.460000 1.762500 2.435000
v -40.000000 1.200000 4.800000
v -33.274994 0.815000 5.404125
v -40.000000 0.885000 4.800000
v -27.460000 0.747500 2.435000
v -33.274994 1.130000 5.404125
v -40.000000 0.885000 4.800000
v -33.274994 0.815000 5.404125
v -33.274994 1.130000 5.404125
v -40.000000 1.200000 4.800000
v -40.000000 0.885000 4.800000
v -40.000000 1.200000 4.800000
v -27.460000 1.762500 2.435000
v -33.957006 1.130000 1.787875
v -40.000000 0.885000 4.800000
v -33.957006 0.815000 1.787875
v -27.460000 0.747500 2.435000
v -40.000000 1.200000 4.800000
v -33.957006 0.815000 1.787875
v -40.000000 0.885000 4.800000
v -40.000000 1.200000 4.800000
v -33.957006 1.130000 1.787875
v -33.957006 0.815000 1.787875
v -33.957006 1.130000 1.787875
v -27.460000 1.762500 2.435000
v -23.283632 1.012500 -0.459140
v -33.957006 0.815000 1.787875
v -23.283632 0.697500 -0.459140
v -27.460000 0.747500 2.435000
v -33.957006 1.130000 1.787875
v -23.283632 0.697500 -0.459140
v -33.957006 0.815000 1.787875
v -33.957006 1.130000 1.787875
v -23.283632 1.012500 -0.459140
v -23.283632 0.697500 -0.459140
v -23.283632 1.012500 -0.459140
v -27.460000 1.762500 2.435000
v -17.200000 0.950000 0.500000
v -23.283632 0.697500 -0.459140
v -17.200000 0.635000 0.500000
v -27.460000 0.747500 2.435000
v -23.283632 1.012500 -0.459140
v -17.200000 0.635000 0.500000
v -23.283632 0.697500 -0.459140
v -23.283632 1.012500 -0.459140
v -17.200000 0.950000 0.500000
v -17.200000 0.635000 0.500000
vt 0.125000 0.507812
vt 0.125000 0.613281
vt 0.019531 0.566406
vt 0.125000 0.507812
vt 0.019531 0.566406
vt 0.125000 0.613281
vt 0.125000 0.507812
vt 0.019531 0.566406
vt 0.125000 0.507812
vt 0.125000 0.507812
vt 0.019531 0.566406
vt 0.019531 0.566406
vt 0.019531 0.566406
vt 0.125000 0.613281
vt 0.031250 0.676562
vt 0.019531 0.566406
vt 0.031250 0.676562
vt 0.125000 0.613281
vt 0.019531 0.566406
vt 0.031250 0.676562
vt 0.019531 0.566406
vt 0.019531 0.566406
vt 0.031250 0.676562
vt 0.031250 0.676562
vt 0.031250 0.676562
vt 0.125000 0.613281
vt 0.125000 0.742188
vt 0.031250 0.676562
vt 0.125000 0.742188
vt 0.125000 0.613281
vt 0.031250 0.676562
vt 0.125000 0.742188
vt 0.031250 0.676562
vt 0.031250 0.676562
vt 0.125000 0.742188
vt 0.125000 0.742188
vt 0.125000 0.742188
vt 0.125000 0.613281
vt 0.218750 0.676562
vt 0.125000 0.742188
vt 0.218750 0.676562
vt 0.125000 0.613281
vt 0.125000 0.742188
vt 0.218750 0.676562
vt 0.125000 0.742188
vt 0.125000 0.742188
vt 0.218750 0.676562
vt 0.218750 0.676562
vt 0.218750 0.676562
vt 0.125000 0.613281
vt 0.230469 0.566406
vt 0.218750 0.676562
vt 0.230469 0.566406
vt 0.125000 0.613281
vt 0.218750 0.676562
vt 0.230469 0.566406
vt 0.218750 0.676562
vt 0.218750 0.676562
vt 0.230469 0.566406
vt 0.230469 0.566406
vt 0.230469 0.566406
vt 0.125000 0.613281
vt 0.125000 0.507812
vt 0.230469 0.566406
vt 0.125000 0.507812
vt 0.125000 0.613281
vt 0.230469 0.566406
vt 0.125000 0.507812
vt 0.230469 0.566406
vt 0.230469 0.566406
vt 0.125000 0.507812
vt 0.125000 0.507812
vn 0.109057 0.979945 0.166779
vn 0.109057 0.979945 0.166779
vn 0.109057 0.979945 0.166779
vn -0.010588 -0.999942 0.001997
vn -0.010588 -0.999942 0.001997
vn -0.010588 -0.999942 0.001997
vn 0.504831 0.000000 0.863218
vn 0.504831 0.000000 0.863218
vn 0.504831 0.000000 0.863218
vn 0.504831 -0.000000 0.863218
vn 0.504831 -0.000000 0.863218
vn 0.504831 -0.000000 0.863218
vn 0.065038 0.942391 0.328129
vn 0.065038 0.942391 0.328129
vn 0.065038 0.942391 0.328129
vn -0.010588 -0.999942 0.001997
vn -0.010588 -0.999942 0.001997
vn -0.010588 -0.999942 0.001997
vn 0.164567 0.000000 0.986366
vn 0.164567 0.000000 0.986366
vn 0.164567 0.000000 0.986366
vn 0.164567 -0.000000 0.986366
vn 0.164567 -0.000000 0.986366
vn 0.164567 -0.000000 0.986366
vn -0.007280 0.980838 0.194687
vn -0.007280 0.980838 0.194687
vn -0.007280 0.980838 0.194687
vn -0.010588 -0.999942 0.001997
vn -0.010588 -0.999942 0.001997
vn -0.010588 -0.999942 0.001997
vn -0.089472 -0.000000 0.995989
vn -0.089472 -0.000000 0.995989
vn -0.089472 -0.000000 0.995989
vn -0.089472 -0.000000 0.995989
vn -0.089472 -0.000000 0.995989
vn -0.089472 -0.000000 0.995989
vn -0.077692 0.980838 -0.178661
vn -0.077692 0.980838 -0.178661
vn -0.077692 0.980838 -0.178661
vn -0.010588 -0.999942 0.001997
vn -0.010588 -0.999942 0.001997
vn -0.010588 -0.999942 0.001997
vn -0.446103 -0.000000 -0.894982
vn -0.446103 -0.000000 -0.894982
vn -0.446103 -0.000000 -0.894982
vn -0.446103 -0.000000 -0.894982
vn -0.446103 -0.000000 -0.894982
vn -0.446103 -0.000000 -0.894982
vn -0.058947 0.942391 -0.329278
vn -0.058947 0.942391 -0.329278
vn -0.058947 0.942391 -0.329278
vn -0.010588 -0.999942 0.001997
vn -0.010588 -0.999942 0.001997
vn -0.010588 -0.999942 0.001997
vn -0.206010 -0.000000 -0.978550
vn -0.206010 -0.000000 -0.978550
vn -0.206010 -0.000000 -0.978550
vn -0.206010 -0.000000 -0.978550
vn -0.206010 -0.000000 -0.978550
vn -0.206010 -0.000000 -0.978550
vn 0.040818 0.979945 -0.195045
vn 0.040818 0.979945 -0.195045
vn 0.040818 0.979945 -0.195045
vn -0.010588 -0.999942 0.001997
vn -0.010588 -0.999942 0.001997
vn -0.010588 -0.999942 0.001997
vn 0.155736 -0.000000 -0.987799
vn 0.155736 -0.000000 -0.987799
vn 0.155736 -0.000000 -0.987799
vn 0.155736 -0.000000 -0.987799
vn 0.155736 -0.000000 -0.987799
vn 0.155736 -0.000000 -0.987799
f 1465/1465/1465 1466/1466/1466 1467/1467/1467
f 1468/1468/1468 1469/1469/1469 1470/1470/1470
f 1471/1471/1471 1472/1472/1472 1473/1473/1473
f 1474/1474/1474 1475/1475/1475 1476/1476/1476
f 1477/1477/1477 1478/1478/1478 1479/1479/1479
f 1480/1480/1480 1481/1481/1481 1482/1482/1482
f 1483/1483/1483 1484/1484/1484 1485/1485/1485
f 1486/1486/1486 1487/1487/1487 1488/1488/1488
f 1489/1489/1489 1490/1490/1490 1491/1491/1491
f 1492/1492/1492 1493/1493/1493 1494/1494/1494
f 1495/1495/1495 1496/1496/1496 1497/1497/1497
f 1498/1498/1498 1499/1499/1499 1500/1500/1500
f 1501/1501/1501 1502/1502/1502 1503/1503/1503
f 1504/1504/1504 1505/1505/1505 1506/1506/1506
f 1507/1507/1507 1508/1508/1508 1509/1509/1509
f 1510/1510/1510 1511/1511/1511 1512/1512/1512
f 1513/1513/1513 1514/1514/1514 1515/1515/1515
f 1516/1516/1516 1517/1517/1517 1518/1518/1518
f 1519/1519/1519 1520/1520/1520 1521/1521/1521
f 1522/1522/1522 1523/1523/1523 1524/1524/1524
f 1525/1525/1525 1526/1526/1526 1527/1527/1527
f 1528/1528/1528 1529/1529/1529 1530/1530/1530
f 1531/1531/1531 1532/1532/1532 1533/1533/1533
f 1534/1534/1534 1535/1535/1535 1536/1536/1536
o LeftWingGoldVein1
usemtl PaintedCrystalBlue
v -17.200000 1.850000 0.500000
v -23.561200 2.099750 1.699700
v -20.683961 1.888750 1.431823
v -17.200000 1.769000 0.500000
v -20.683961 1.807750 1.431823
v -23.561200 1.838750 1.699700
v -17.200000 1.850000 0.500000
v -20.683961 1.807750 1.431823
v -17.200000 1.769000 0.500000
v -17.200000 1.850000 0.500000
v -20.683961 1.888750 1.431823
v -20.683961 1.807750 1.431823
v -20.683961 1.888750 1.431823
v -23.561200 2.099750 1.699700
v -27.333441 1.961600 2.655362
v -20.683961 1.807750 1.431823
v -27.333441 1.880600 2.655362
v -23.561200 1.838750 1.699700
v -20.683961 1.888750 1.431823
v -27.333441 1.880600 2.655362
v -20.683961 1.807750 1.431823
v -20.683961 1.888750 1.431823
v -27.333441 1.961600 2.655362
v -27.333441 1.880600 2.655362
v -27.333441 1.961600 2.655362
v -23.561200 2.099750 1.699700
v -31.336000 2.005000 3.166000
v -27.333441 1.880600 2.655362
v -31.336000 1.924000 3.166000
v -23.561200 1.838750 1.699700
v -27.333441 1.961600 2.655362
v -31.336000 1.924000 3.166000
v -27.333441 1.880600 2.655362
v -27.333441 1.961600 2.655362
v -31.336000 2.005000 3.166000
v -31.336000 1.924000 3.166000
v -31.336000 2.005000 3.166000
v -23.561200 2.099750 1.699700
v -27.422399 1.961600 2.183678
v -31.336000 1.924000 3.166000
v -27.422399 1.880600 2.183678
v -23.561200 1.838750 1.699700
v -31.336000 2.005000 3.166000
v -27.422399 1.880600 2.183678
v -31.336000 1.924000 3.166000
v -31.336000 2.005000 3.166000
v -27.422399 1.961600 2.183678
v -27.422399 1.880600 2.183678
v -27.422399 1.961600 2.183678
v -23.561200 2.099750 1.699700
v -20.784039 1.888750 0.901177
v -27.422399 1.880600 2.183678
v -20.784039 1.807750 0.901177
v -23.561200 1.838750 1.699700
v -27.422399 1.961600 2.183678
v -20.784039 1.807750 0.901177
v -27.422399 1.880600 2.183678
v -27.422399 1.961600 2.183678
v -20.784039 1.888750 0.901177
v -20.784039 1.807750 0.901177
v -20.784039 1.888750 0.901177
v -23.561200 2.099750 1.699700
v -17.200000 1.850000 0.500000
v -20.784039 1.807750 0.901177
v -17.200000 1.769000 0.500000
v -23.561200 1.838750 1.699700
v -20.784039 1.888750 0.901177
v -17.200000 1.769000 0.500000
v -20.784039 1.807750 0.901177
v -20.784039 1.888750 0.901177
v -17.200000 1.850000 0.500000
v -17.200000 1.769000 0.500000
vt 0.625000 0.757812
vt 0.625000 0.863281
vt 0.519531 0.816406
vt 0.625000 0.757812
vt 0.519531 0.816406
vt 0.625000 0.863281
vt 0.625000 0.757812
vt 0.519531 0.816406
vt 0.625000 0.757812
vt 0.625000 0.757812
vt 0.519531 0.816406
vt 0.519531 0.816406
vt 0.519531 0.816406
vt 0.625000 0.863281
vt 0.531250 0.926562
vt 0.519531 0.816406
vt 0.531250 0.926562
vt 0.625000 0.863281
vt 0.519531 0.816406
vt 0.531250 0.926562
vt 0.519531 0.816406
vt 0.519531 0.816406
vt 0.531250 0.926562
vt 0.531250 0.926562
vt 0.531250 0.926562
vt 0.625000 0.863281
vt 0.625000 0.992188
vt 0.531250 0.926562
vt 0.625000 0.992188
vt 0.625000 0.863281
vt 0.531250 0.926562
vt 0.625000 0.992188
vt 0.531250 0.926562
vt 0.531250 0.926562
vt 0.625000 0.992188
vt 0.625000 0.992188
vt 0.625000 0.992188
vt 0.625000 0.863281
vt 0.718750 0.926562
vt 0.625000 0.992188
vt 0.718750 0.926562
vt 0.625000 0.863281
vt 0.625000 0.992188
vt 0.718750 0.926562
vt 0.625000 0.992188
vt 0.625000 0.992188
vt 0.718750 0.926562
vt 0.718750 0.926562
vt 0.718750 0.926562
vt 0.625000 0.863281
vt 0.730469 0.816406
vt 0.718750 0.926562
vt 0.730469 0.816406
vt 0.625000 0.863281
vt 0.718750 0.926562
vt 0.730469 0.816406
vt 0.718750 0.926562
vt 0.718750 0.926562
vt 0.730469 0.816406
vt 0.730469 0.816406
vt 0.730469 0.816406
vt 0.625000 0.863281
vt 0.625000 0.757812
vt 0.730469 0.816406
vt 0.625000 0.757812
vt 0.625000 0.863281
vt 0.730469 0.816406
vt 0.625000 0.757812
vt 0.730469 0.816406
vt 0.730469 0.816406
vt 0.625000 0.757812
vt 0.625000 0.757812
vn 0.099855 0.937136 0.334374
vn 0.099855 0.937136 0.334374
vn 0.099855 0.937136 0.334374
vn -0.010588 -0.999942 0.001997
vn -0.010588 -0.999942 0.001997
vn -0.010588 -0.999942 0.001997
vn 0.258379 0.000000 0.966044
vn 0.258379 0.000000 0.966044
vn 0.258379 0.000000 0.966044
vn 0.258379 -0.000000 0.966044
vn 0.258379 -0.000000 0.966044
vn 0.258379 -0.000000 0.966044
vn 0.112427 0.819311 0.562218
vn 0.112427 0.819311 0.562218
vn 0.112427 0.819311 0.562218
vn -0.010588 -0.999942 0.001997
vn -0.010588 -0.999942 0.001997
vn -0.010588 -0.999942 0.001997
vn 0.180967 0.000000 0.983489
vn 0.180967 0.000000 0.983489
vn 0.180967 0.000000 0.983489
vn 0.180967 -0.000000 0.983489
vn 0.180967 -0.000000 0.983489
vn 0.180967 -0.000000 0.983489
vn 0.055110 0.934160 0.352574
vn 0.055110 0.934160 0.352574
vn 0.055110 0.934160 0.352574
vn -0.010588 -0.999942 0.001997
vn -0.010588 -0.999942 0.001997
vn -0.010588 -0.999942 0.001997
vn 0.126552 0.000000 0.991960
vn 0.126552 0.000000 0.991960
vn 0.126552 0.000000 0.991960
vn 0.126552 -0.000000 0.991960
vn 0.126552 -0.000000 0.991960
vn 0.126552 -0.000000 0.991960
vn -0.077097 0.934160 -0.348427
vn -0.077097 0.934160 -0.348427
vn -0.077097 0.934160 -0.348427
vn -0.010588 -0.999942 0.001997
vn -0.010588 -0.999942 0.001997
vn -0.010588 -0.999942 0.001997
vn -0.243450 -0.000000 -0.969913
vn -0.243450 -0.000000 -0.969913
vn -0.243450 -0.000000 -0.969913
vn -0.243450 -0.000000 -0.969913
vn -0.243450 -0.000000 -0.969913
vn -0.243450 -0.000000 -0.969913
vn -0.100077 0.819311 -0.564547
vn -0.100077 0.819311 -0.564547
vn -0.100077 0.819311 -0.564547
vn -0.010588 -0.999942 0.001997
vn -0.010588 -0.999942 0.001997
vn -0.010588 -0.999942 0.001997
vn -0.189688 -0.000000 -0.981844
vn -0.189688 -0.000000 -0.981844
vn -0.189688 -0.000000 -0.981844
vn -0.189688 -0.000000 -0.981844
vn -0.189688 -0.000000 -0.981844
vn -0.189688 -0.000000 -0.981844
vn -0.028796 0.937136 -0.347775
vn -0.028796 0.937136 -0.347775
vn -0.028796 0.937136 -0.347775
vn -0.010588 -0.999942 0.001997
vn -0.010588 -0.999942 0.001997
vn -0.010588 -0.999942 0.001997
vn -0.111240 -0.000000 -0.993794
vn -0.111240 -0.000000 -0.993794
vn -0.111240 -0.000000 -0.993794
vn -0.111240 -0.000000 -0.993794
vn -0.111240 -0.000000 -0.993794
vn -0.111240 -0.000000 -0.993794
f 1537/1537/1537 1538/1538/1538 1539/1539/1539
f 1540/1540/1540 1541/1541/1541 1542/1542/1542
f 1543/1543/1543 1544/1544/1544 1545/1545/1545
f 1546/1546/1546 1547/1547/1547 1548/1548/1548
f 1549/1549/1549 1550/1550/1550 1551/1551/1551
f 1552/1552/1552 1553/1553/1553 1554/1554/1554
f 1555/1555/1555 1556/1556/1556 1557/1557/1557
f 1558/1558/1558 1559/1559/1559 1560/1560/1560
f 1561/1561/1561 1562/1562/1562 1563/1563/1563
f 1564/1564/1564 1565/1565/1565 1566/1566/1566
f 1567/1567/1567 1568/1568/1568 1569/1569/1569
f 1570/1570/1570 1571/1571/1571 1572/1572/1572
f 1573/1573/1573 1574/1574/1574 1575/1575/1575
f 1576/1576/1576 1577/1577/1577 1578/1578/1578
f 1579/1579/1579 1580/1580/1580 1581/1581/1581
f 1582/1582/1582 1583/1583/1583 1584/1584/1584
f 1585/1585/1585 1586/1586/1586 1587/1587/1587
f 1588/1588/1588 1589/1589/1589 1590/1590/1590
f 1591/1591/1591 1592/1592/1592 1593/1593/1593
f 1594/1594/1594 1595/1595/1595 1596/1596/1596
f 1597/1597/1597 1598/1598/1598 1599/1599/1599
f 1600/1600/1600 1601/1601/1601 1602/1602/1602
f 1603/1603/1603 1604/1604/1604 1605/1605/1605
f 1606/1606/1606 1607/1607/1607 1608/1608/1608
o LeftWingFeather2
usemtl PaintedCrystalBlue
v -18.400000 0.900000 2.000000
v -29.020000 1.600000 4.520000
v -23.822084 0.900000 5.414075
v -18.400000 0.585000 2.000000
v -23.822084 0.585000 5.414075
v -29.020000 0.585000 4.520000
v -18.400000 0.900000 2.000000
v -23.822084 0.585000 5.414075
v -18.400000 0.585000 2.000000
v -18.400000 0.900000 2.000000
v -23.822084 0.900000 5.414075
v -23.822084 0.585000 5.414075
v -23.822084 0.900000 5.414075
v -29.020000 1.600000 4.520000
v -34.967186 0.900000 7.822288
v -23.822084 0.585000 5.414075
v -34.967186 0.585000 7.822288
v -29.020000 0.585000 4.520000
v -23.822084 0.900000 5.414075
v -34.967186 0.585000 7.822288
v -23.822084 0.585000 5.414075
v -23.822084 0.900000 5.414075
v -34.967186 0.900000 7.822288
v -34.967186 0.585000 7.822288
v -34.967186 0.900000 7.822288
v -29.020000 1.600000 4.520000
v -42.000000 0.900000 7.600000
v -34.967186 0.585000 7.822288
v -42.000000 0.585000 7.600000
v -29.020000 0.585000 4.520000
v -34.967186 0.900000 7.822288
v -42.000000 0.585000 7.600000
v -34.967186 0.585000 7.822288
v -34.967186 0.900000 7.822288
v -42.000000 0.900000 7.600000
v -42.000000 0.585000 7.600000
v -42.000000 0.900000 7.600000
v -29.020000 1.600000 4.520000
v -35.816814 0.900000 4.241712
v -42.000000 0.585000 7.600000
v -35.816814 0.585000 4.241712
v -29.020000 0.585000 4.520000
v -42.000000 0.900000 7.600000
v -35.816814 0.585000 4.241712
v -42.000000 0.585000 7.600000
v -42.000000 0.900000 7.600000
v -35.816814 0.900000 4.241712
v -35.816814 0.585000 4.241712
v -35.816814 0.900000 4.241712
v -29.020000 1.600000 4.520000
v -24.777916 0.900000 1.385925
v -35.816814 0.585000 4.241712
v -24.777916 0.585000 1.385925
v -29.020000 0.585000 4.520000
v -35.816814 0.900000 4.241712
v -24.777916 0.585000 1.385925
v -35.816814 0.585000 4.241712
v -35.816814 0.900000 4.241712
v -24.777916 0.900000 1.385925
v -24.777916 0.585000 1.385925
v -24.777916 0.900000 1.385925
v -29.020000 1.600000 4.520000
v -18.400000 0.900000 2.000000
v -24.777916 0.585000 1.385925
v -18.400000 0.585000 2.000000
v -29.020000 0.585000 4.520000
v -24.777916 0.900000 1.385925
v -18.400000 0.585000 2.000000
v -24.777916 0.585000 1.385925
v -24.777916 0.900000 1.385925
v -18.400000 0.900000 2.000000
v -18.400000 0.585000 2.000000
vt 0.375000 0.507812
vt 0.375000 0.613281
vt 0.269531 0.566406
vt 0.375000 0.507812
vt 0.269531 0.566406
vt 0.375000 0.613281
vt 0.375000 0.507812
vt 0.269531 0.566406
vt 0.375000 0.507812
vt 0.375000 0.507812
vt 0.269531 0.566406
vt 0.269531 0.566406
vt 0.269531 0.566406
vt 0.375000 0.613281
vt 0.281250 0.676562
vt 0.269531 0.566406
vt 0.281250 0.676562
vt 0.375000 0.613281
vt 0.269531 0.566406
vt 0.281250 0.676562
vt 0.269531 0.566406
vt 0.269531 0.566406
vt 0.281250 0.676562
vt 0.281250 0.676562
vt 0.281250 0.676562
vt 0.375000 0.613281
vt 0.375000 0.742188
vt 0.281250 0.676562
vt 0.375000 0.742188
vt 0.375000 0.613281
vt 0.281250 0.676562
vt 0.375000 0.742188
vt 0.281250 0.676562
vt 0.281250 0.676562
vt 0.375000 0.742188
vt 0.375000 0.742188
vt 0.375000 0.742188
vt 0.375000 0.613281
vt 0.468750 0.676562
vt 0.375000 0.742188
vt 0.468750 0.676562
vt 0.375000 0.613281
vt 0.375000 0.742188
vt 0.468750 0.676562
vt 0.375000 0.742188
vt 0.375000 0.742188
vt 0.468750 0.676562
vt 0.468750 0.676562
vt 0.468750 0.676562
vt 0.375000 0.613281
vt 0.480469 0.566406
vt 0.468750 0.676562
vt 0.480469 0.566406
vt 0.375000 0.613281
vt 0.468750 0.676562
vt 0.480469 0.566406
vt 0.468750 0.676562
vt 0.468750 0.676562
vt 0.480469 0.566406
vt 0.480469 0.566406
vt 0.480469 0.566406
vt 0.375000 0.613281
vt 0.375000 0.507812
vt 0.480469 0.566406
vt 0.375000 0.507812
vt 0.375000 0.613281
vt 0.480469 0.566406
vt 0.375000 0.507812
vt 0.480469 0.566406
vt 0.480469 0.566406
vt 0.375000 0.507812
vt 0.375000 0.507812
vn 0.103750 0.980860 0.164771
vn 0.103750 0.980860 0.164771
vn 0.103750 0.980860 0.164771
vn 0.000000 -1.000000 0.000000
vn 0.000000 -1.000000 0.000000
vn 0.000000 -1.000000 0.000000
vn 0.532832 0.000000 0.846221
vn 0.532832 0.000000 0.846221
vn 0.532832 0.000000 0.846221
vn 0.532832 -0.000000 0.846221
vn 0.532832 -0.000000 0.846221
vn 0.532832 -0.000000 0.846221
vn 0.070661 0.942374 0.327014
vn 0.070661 0.942374 0.327014
vn 0.070661 0.942374 0.327014
vn -0.000000 -1.000000 0.000000
vn -0.000000 -1.000000 0.000000
vn -0.000000 -1.000000 0.000000
vn 0.211204 0.000000 0.977442
vn 0.211204 0.000000 0.977442
vn 0.211204 0.000000 0.977442
vn 0.211204 -0.000000 0.977442
vn 0.211204 -0.000000 0.977442
vn 0.211204 -0.000000 0.977442
vn -0.006215 0.980456 0.196638
vn -0.006215 0.980456 0.196638
vn -0.006215 0.980456 0.196638
vn 0.000000 -1.000000 -0.000000
vn 0.000000 -1.000000 -0.000000
vn 0.000000 -1.000000 -0.000000
vn -0.031592 -0.000000 0.999501
vn -0.031592 -0.000000 0.999501
vn -0.031592 -0.000000 0.999501
vn -0.031592 -0.000000 0.999501
vn -0.031592 -0.000000 0.999501
vn -0.031592 -0.000000 0.999501
vn -0.093898 0.980456 -0.172883
vn -0.093898 0.980456 -0.172883
vn -0.093898 0.980456 -0.172883
vn 0.000000 -1.000000 0.000000
vn 0.000000 -1.000000 0.000000
vn 0.000000 -1.000000 0.000000
vn -0.477279 -0.000000 -0.878752
vn -0.477279 -0.000000 -0.878752
vn -0.477279 -0.000000 -0.878752
vn -0.477279 -0.000000 -0.878752
vn -0.477279 -0.000000 -0.878752
vn -0.477279 -0.000000 -0.878752
vn -0.083793 0.942374 -0.323897
vn -0.083793 0.942374 -0.323897
vn -0.083793 0.942374 -0.323897
vn 0.000000 -1.000000 0.000000
vn 0.000000 -1.000000 0.000000
vn 0.000000 -1.000000 0.000000
vn -0.250457 -0.000000 -0.968128
vn -0.250457 -0.000000 -0.968128
vn -0.250457 -0.000000 -0.968128
vn -0.250457 -0.000000 -0.968128
vn -0.250457 -0.000000 -0.968128
vn -0.250457 -0.000000 -0.968128
vn 0.018661 0.980860 -0.193818
vn 0.018661 0.980860 -0.193818
vn 0.018661 0.980860 -0.193818
vn 0.000000 -1.000000 0.000000
vn 0.000000 -1.000000 0.000000
vn 0.000000 -1.000000 0.000000
vn 0.095838 -0.000000 -0.995397
vn 0.095838 -0.000000 -0.995397
vn 0.095838 -0.000000 -0.995397
vn 0.095838 -0.000000 -0.995397
vn 0.095838 -0.000000 -0.995397
vn 0.095838 -0.000000 -0.995397
f 1609/1609/1609 1610/1610/1610 1611/1611/1611
f 1612/1612/1612 1613/1613/1613 1614/1614/1614
f 1615/1615/1615 1616/1616/1616 1617/1617/1617
f 1618/1618/1618 1619/1619/1619 1620/1620/1620
f 1621/1621/1621 1622/1622/1622 1623/1623/1623
f 1624/1624/1624 1625/1625/1625 1626/1626/1626
f 1627/1627/1627 1628/1628/1628 1629/1629/1629
f 1630/1630/1630 1631/1631/1631 1632/1632/1632
f 1633/1633/1633 1634/1634/1634 1635/1635/1635
f 1636/1636/1636 1637/1637/1637 1638/1638/1638
f 1639/1639/1639 1640/1640/1640 1641/1641/1641
f 1642/1642/1642 1643/1643/1643 1644/1644/1644
f 1645/1645/1645 1646/1646/1646 1647/1647/1647
f 1648/1648/1648 1649/1649/1649 1650/1650/1650
f 1651/1651/1651 1652/1652/1652 1653/1653/1653
f 1654/1654/1654 1655/1655/1655 1656/1656/1656
f 1657/1657/1657 1658/1658/1658 1659/1659/1659
f 1660/1660/1660 1661/1661/1661 1662/1662/1662
f 1663/1663/1663 1664/1664/1664 1665/1665/1665
f 1666/1666/1666 1667/1667/1667 1668/1668/1668
f 1669/1669/1669 1670/1670/1670 1671/1671/1671
f 1672/1672/1672 1673/1673/1673 1674/1674/1674
f 1675/1675/1675 1676/1676/1676 1677/1677/1677
f 1678/1678/1678 1679/1679/1679 1680/1680/1680
o LeftWingGoldVein2
usemtl PaintedCrystalBlue
v -18.400000 1.800000 2.000000
v -24.984400 1.980000 3.562400
v -21.995663 1.800000 3.130705
v -18.400000 1.719000 2.000000
v -21.995663 1.719000 3.130705
v -24.984400 1.719000 3.562400
v -18.400000 1.800000 2.000000
v -21.995663 1.719000 3.130705
v -18.400000 1.719000 2.000000
v -18.400000 1.800000 2.000000
v -21.995663 1.800000 3.130705
v -21.995663 1.719000 3.130705
v -21.995663 1.800000 3.130705
v -24.984400 1.980000 3.562400
v -28.879629 1.800000 4.733356
v -21.995663 1.719000 3.130705
v -28.879629 1.719000 4.733356
v -24.984400 1.719000 3.562400
v -21.995663 1.800000 3.130705
v -28.879629 1.719000 4.733356
v -21.995663 1.719000 3.130705
v -21.995663 1.800000 3.130705
v -28.879629 1.800000 4.733356
v -28.879629 1.719000 4.733356
v -28.879629 1.800000 4.733356
v -24.984400 1.980000 3.562400
v -33.032000 1.800000 5.472000
v -28.879629 1.719000 4.733356
v -33.032000 1.719000 5.472000
v -24.984400 1.719000 3.562400
v -28.879629 1.800000 4.733356
v -33.032000 1.719000 5.472000
v -28.879629 1.719000 4.733356
v -28.879629 1.800000 4.733356
v -33.032000 1.800000 5.472000
v -33.032000 1.719000 5.472000
v -33.032000 1.800000 5.472000
v -24.984400 1.980000 3.562400
v -28.990451 1.800000 4.266324
v -33.032000 1.719000 5.472000
v -28.990451 1.719000 4.266324
v -24.984400 1.719000 3.562400
v -33.032000 1.800000 5.472000
v -28.990451 1.719000 4.266324
v -33.032000 1.719000 5.472000
v -33.032000 1.800000 5.472000
v -28.990451 1.800000 4.266324
v -28.990451 1.719000 4.266324
v -28.990451 1.800000 4.266324
v -24.984400 1.980000 3.562400
v -22.120337 1.800000 2.605295
v -28.990451 1.719000 4.266324
v -22.120337 1.719000 2.605295
v -24.984400 1.719000 3.562400
v -28.990451 1.800000 4.266324
v -22.120337 1.719000 2.605295
v -28.990451 1.719000 4.266324
v -28.990451 1.800000 4.266324
v -22.120337 1.800000 2.605295
v -22.120337 1.719000 2.605295
v -22.120337 1.800000 2.605295
v -24.984400 1.980000 3.562400
v -18.400000 1.800000 2.000000
v -22.120337 1.719000 2.605295
v -18.400000 1.719000 2.000000
v -24.984400 1.719000 3.562400
v -22.120337 1.800000 2.605295
v -18.400000 1.719000 2.000000
v -22.120337 1.719000 2.605295
v -22.120337 1.800000 2.605295
v -18.400000 1.800000 2.000000
v -18.400000 1.719000 2.000000
vt 0.625000 0.757812
vt 0.625000 0.863281
vt 0.519531 0.816406
vt 0.625000 0.757812
vt 0.519531 0.816406
vt 0.625000 0.863281
vt 0.625000 0.757812
vt 0.519531 0.816406
vt 0.625000 0.757812
vt 0.625000 0.757812
vt 0.519531 0.816406
vt 0.519531 0.816406
vt 0.519531 0.816406
vt 0.625000 0.863281
vt 0.531250 0.926562
vt 0.519531 0.816406
vt 0.531250 0.926562
vt 0.625000 0.863281
vt 0.519531 0.816406
vt 0.531250 0.926562
vt 0.519531 0.816406
vt 0.519531 0.816406
vt 0.531250 0.926562
vt 0.531250 0.926562
vt 0.531250 0.926562
vt 0.625000 0.863281
vt 0.625000 0.992188
vt 0.531250 0.926562
vt 0.625000 0.992188
vt 0.625000 0.863281
vt 0.531250 0.926562
vt 0.625000 0.992188
vt 0.531250 0.926562
vt 0.531250 0.926562
vt 0.625000 0.992188
vt 0.625000 0.992188
vt 0.625000 0.992188
vt 0.625000 0.863281
vt 0.718750 0.926562
vt 0.625000 0.992188
vt 0.718750 0.926562
vt 0.625000 0.863281
vt 0.625000 0.992188
vt 0.718750 0.926562
vt 0.625000 0.992188
vt 0.625000 0.992188
vt 0.718750 0.926562
vt 0.718750 0.926562
vt 0.718750 0.926562
vt 0.625000 0.863281
vt 0.730469 0.816406
vt 0.718750 0.926562
vt 0.730469 0.816406
vt 0.625000 0.863281
vt 0.718750 0.926562
vt 0.730469 0.816406
vt 0.718750 0.926562
vt 0.718750 0.926562
vt 0.730469 0.816406
vt 0.730469 0.816406
vt 0.730469 0.816406
vt 0.625000 0.863281
vt 0.625000 0.757812
vt 0.730469 0.816406
vt 0.625000 0.757812
vt 0.625000 0.863281
vt 0.730469 0.816406
vt 0.625000 0.757812
vt 0.730469 0.816406
vt 0.730469 0.816406
vt 0.625000 0.757812
vt 0.625000 0.757812
vn 0.104424 0.937457 0.332069
vn 0.104424 0.937457 0.332069
vn 0.104424 0.937457 0.332069
vn 0.000000 -1.000000 0.000000
vn 0.000000 -1.000000 0.000000
vn 0.000000 -1.000000 0.000000
vn 0.299981 0.000000 0.953945
vn 0.299981 0.000000 0.953945
vn 0.299981 0.000000 0.953945
vn 0.299981 -0.000000 0.953945
vn 0.299981 -0.000000 0.953945
vn 0.299981 -0.000000 0.953945
vn 0.130000 0.819325 0.558396
vn 0.130000 0.819325 0.558396
vn 0.130000 0.819325 0.558396
vn 0.000000 -1.000000 0.000000
vn 0.000000 -1.000000 0.000000
vn 0.000000 -1.000000 0.000000
vn 0.226745 0.000000 0.973954
vn 0.226745 0.000000 0.973954
vn 0.226745 0.000000 0.973954
vn 0.226745 -0.000000 0.973954
vn 0.226745 -0.000000 0.973954
vn 0.226745 -0.000000 0.973954
vn 0.062560 0.934025 0.351686
vn 0.062560 0.934025 0.351686
vn 0.062560 0.934025 0.351686
vn -0.000000 -1.000000 -0.000000
vn -0.000000 -1.000000 -0.000000
vn -0.000000 -1.000000 -0.000000
vn 0.175136 0.000000 0.984544
vn 0.175136 0.000000 0.984544
vn 0.175136 0.000000 0.984544
vn 0.175136 -0.000000 0.984544
vn 0.175136 -0.000000 0.984544
vn 0.175136 -0.000000 0.984544
vn -0.102115 0.934025 -0.342300
vn -0.102115 0.934025 -0.342300
vn -0.102115 0.934025 -0.342300
vn 0.000000 -1.000000 0.000000
vn 0.000000 -1.000000 0.000000
vn 0.000000 -1.000000 0.000000
vn -0.285871 -0.000000 -0.958268
vn -0.285871 -0.000000 -0.958268
vn -0.285871 -0.000000 -0.958268
vn -0.285871 -0.000000 -0.958268
vn -0.285871 -0.000000 -0.958268
vn -0.285871 -0.000000 -0.958268
vn -0.134735 0.819325 -0.557273
vn -0.134735 0.819325 -0.557273
vn -0.134735 0.819325 -0.557273
vn 0.000000 -1.000000 0.000000
vn 0.000000 -1.000000 0.000000
vn 0.000000 -1.000000 0.000000
vn -0.235005 -0.000000 -0.971994
vn -0.235005 -0.000000 -0.971994
vn -0.235005 -0.000000 -0.971994
vn -0.235005 -0.000000 -0.971994
vn -0.235005 -0.000000 -0.971994
vn -0.235005 -0.000000 -0.971994
vn -0.055901 0.937457 -0.343583
vn -0.055901 0.937457 -0.343583
vn -0.055901 0.937457 -0.343583
vn 0.000000 -1.000000 0.000000
vn 0.000000 -1.000000 0.000000
vn 0.000000 -1.000000 0.000000
vn -0.160587 -0.000000 -0.987022
vn -0.160587 -0.000000 -0.987022
vn -0.160587 -0.000000 -0.987022
vn -0.160587 -0.000000 -0.987022
vn -0.160587 -0.000000 -0.987022
vn -0.160587 -0.000000 -0.987022
f 1681/1681/1681 1682/1682/1682 1683/1683/1683
f 1684/1684/1684 1685/1685/1685 1686/1686/1686
f 1687/1687/1687 1688/1688/1688 1689/1689/1689
f 1690/1690/1690 1691/1691/1691 1692/1692/1692
f 1693/1693/1693 1694/1694/1694 1695/1695/1695
f 1696/1696/1696 1697/1697/1697 1698/1698/1698
f 1699/1699/1699 1700/1700/1700 1701/1701/1701
f 1702/1702/1702 1703/1703/1703 1704/1704/1704
f 1705/1705/1705 1706/1706/1706 1707/1707/1707
f 1708/1708/1708 1709/1709/1709 1710/1710/1710
f 1711/1711/1711 1712/1712/1712 1713/1713/1713
f 1714/1714/1714 1715/1715/1715 1716/1716/1716
f 1717/1717/1717 1718/1718/1718 1719/1719/1719
f 1720/1720/1720 1721/1721/1721 1722/1722/1722
f 1723/1723/1723 1724/1724/1724 1725/1725/1725
f 1726/1726/1726 1727/1727/1727 1728/1728/1728
f 1729/1729/1729 1730/1730/1730 1731/1731/1731
f 1732/1732/1732 1733/1733/1733 1734/1734/1734
f 1735/1735/1735 1736/1736/1736 1737/1737/1737
f 1738/1738/1738 1739/1739/1739 1740/1740/1740
f 1741/1741/1741 1742/1742/1742 1743/1743/1743
f 1744/1744/1744 1745/1745/1745 1746/1746/1746
f 1747/1747/1747 1748/1748/1748 1749/1749/1749
f 1750/1750/1750 1751/1751/1751 1752/1752/1752
o LeftWingFeather3
usemtl PaintedCrystalBlue
v -19.600000 0.850000 3.500000
v -30.580000 1.437500 6.605000
v -25.136720 0.787500 7.216888
v -19.600000 0.535000 3.500000
v -25.136720 0.472500 7.216888
v -30.580000 0.422500 6.605000
v -19.600000 0.850000 3.500000
v -25.136720 0.472500 7.216888
v -19.600000 0.535000 3.500000
v -19.600000 0.850000 3.500000
v -25.136720 0.787500 7.216888
v -25.136720 0.472500 7.216888
v -25.136720 0.787500 7.216888
v -30.580000 1.437500 6.605000
v -36.667307 0.670000 10.238567
v -25.136720 0.472500 7.216888
v -36.667307 0.355000 10.238567
v -30.580000 0.422500 6.605000
v -25.136720 0.787500 7.216888
v -36.667307 0.355000 10.238567
v -25.136720 0.472500 7.216888
v -25.136720 0.787500 7.216888
v -36.667307 0.670000 10.238567
v -36.667307 0.355000 10.238567
v -36.667307 0.670000 10.238567
v -30.580000 1.437500 6.605000
v -44.000000 0.600000 10.400000
v -36.667307 0.355000 10.238567
v -44.000000 0.285000 10.400000
v -30.580000 0.422500 6.605000
v -36.667307 0.670000 10.238567
v -44.000000 0.285000 10.400000
v -36.667307 0.355000 10.238567
v -36.667307 0.670000 10.238567
v -44.000000 0.600000 10.400000
v -44.000000 0.285000 10.400000
v -44.000000 0.600000 10.400000
v -30.580000 1.437500 6.605000
v -37.668693 0.670000 6.697433
v -44.000000 0.285000 10.400000
v -37.668693 0.355000 6.697433
v -30.580000 0.422500 6.605000
v -44.000000 0.600000 10.400000
v -37.668693 0.355000 6.697433
v -44.000000 0.285000 10.400000
v -44.000000 0.600000 10.400000
v -37.668693 0.670000 6.697433
v -37.668693 0.355000 6.697433
v -37.668693 0.670000 6.697433
v -30.580000 1.437500 6.605000
v -26.263280 0.787500 3.233112
v -37.668693 0.355000 6.697433
v -26.263280 0.472500 3.233112
v -30.580000 0.422500 6.605000
v -37.668693 0.670000 6.697433
v -26.263280 0.472500 3.233112
v -37.668693 0.355000 6.697433
v -37.668693 0.670000 6.697433
v -26.263280 0.787500 3.233112
v -26.263280 0.472500 3.233112
v -26.263280 0.787500 3.233112
v -30.580000 1.437500 6.605000
v -19.600000 0.850000 3.500000
v -26.263280 0.472500 3.233112
v -19.600000 0.535000 3.500000
v -30.580000 0.422500 6.605000
v -26.263280 0.787500 3.233112
v -19.600000 0.535000 3.500000
v -26.263280 0.472500 3.233112
v -26.263280 0.787500 3.233112
v -19.600000 0.850000 3.500000
v -19.600000 0.535000 3.500000
vt 0.125000 0.507812
vt 0.125000 0.613281
vt 0.019531 0.566406
vt 0.125000 0.507812
vt 0.019531 0.566406
vt 0.125000 0.613281
vt 0.125000 0.507812
vt 0.019531 0.566406
vt 0.125000 0.507812
vt 0.125000 0.507812
vt 0.019531 0.566406
vt 0.019531 0.566406
vt 0.019531 0.566406
vt 0.125000 0.613281
vt 0.031250 0.676562
vt 0.019531 0.566406
vt 0.031250 0.676562
vt 0.125000 0.613281
vt 0.019531 0.566406
vt 0.031250 0.676562
vt 0.019531 0.566406
vt 0.019531 0.566406
vt 0.031250 0.676562
vt 0.031250 0.676562
vt 0.031250 0.676562
vt 0.125000 0.613281
vt 0.125000 0.742188
vt 0.031250 0.676562
vt 0.125000 0.742188
vt 0.125000 0.613281
vt 0.031250 0.676562
vt 0.125000 0.742188
vt 0.031250 0.676562
vt 0.031250 0.676562
vt 0.125000 0.742188
vt 0.125000 0.742188
vt 0.125000 0.742188
vt 0.125000 0.613281
vt 0.218750 0.676562
vt 0.125000 0.742188
vt 0.218750 0.676562
vt 0.125000 0.613281
vt 0.125000 0.742188
vt 0.218750 0.676562
vt 0.125000 0.742188
vt 0.125000 0.742188
vt 0.218750 0.676562
vt 0.218750 0.676562
vt 0.218750 0.676562
vt 0.125000 0.613281
vt 0.230469 0.566406
vt 0.218750 0.676562
vt 0.230469 0.566406
vt 0.125000 0.613281
vt 0.218750 0.676562
vt 0.230469 0.566406
vt 0.218750 0.676562
vt 0.218750 0.676562
vt 0.230469 0.566406
vt 0.230469 0.566406
vt 0.230469 0.566406
vt 0.125000 0.613281
vt 0.125000 0.507812
vt 0.230469 0.566406
vt 0.125000 0.507812
vt 0.125000 0.613281
vt 0.230469 0.566406
vt 0.125000 0.507812
vt 0.230469 0.566406
vt 0.230469 0.566406
vt 0.125000 0.507812
vt 0.125000 0.507812
vn 0.098809 0.981551 0.163692
vn 0.098809 0.981551 0.163692
vn 0.098809 0.981551 0.163692
vn 0.009487 -0.999951 -0.002683
vn 0.009487 -0.999951 -0.002683
vn 0.009487 -0.999951 -0.002683
vn 0.557370 0.000000 0.830264
vn 0.557370 0.000000 0.830264
vn 0.557370 0.000000 0.830264
vn 0.557370 -0.000000 0.830264
vn 0.557370 -0.000000 0.830264
vn 0.557370 -0.000000 0.830264
vn 0.075861 0.942279 0.326122
vn 0.075861 0.942279 0.326122
vn 0.075861 0.942279 0.326122
vn 0.009487 -0.999951 -0.002683
vn 0.009487 -0.999951 -0.002683
vn 0.009487 -0.999951 -0.002683
vn 0.253498 0.000000 0.967336
vn 0.253498 0.000000 0.967336
vn 0.253498 0.000000 0.967336
vn 0.253498 -0.000000 0.967336
vn 0.253498 -0.000000 0.967336
vn 0.253498 -0.000000 0.967336
vn -0.004982 0.980055 0.198665
vn -0.004982 0.980055 0.198665
vn -0.004982 0.980055 0.198665
vn 0.009487 -0.999951 -0.002683
vn 0.009487 -0.999951 -0.002683
vn 0.009487 -0.999951 -0.002683
vn 0.022010 0.000000 0.999758
vn 0.022010 0.000000 0.999758
vn 0.022010 0.000000 0.999758
vn 0.022010 -0.000000 0.999758
vn 0.022010 -0.000000 0.999758
vn 0.022010 -0.000000 0.999758
vn -0.108284 0.980055 -0.166635
vn -0.108284 0.980055 -0.166635
vn -0.108284 0.980055 -0.166635
vn 0.009487 -0.999951 -0.002683
vn 0.009487 -0.999951 -0.002683
vn 0.009487 -0.999951 -0.002683
vn -0.504817 -0.000000 -0.863226
vn -0.504817 -0.000000 -0.863226
vn -0.504817 -0.000000 -0.863226
vn -0.504817 -0.000000 -0.863226
vn -0.504817 -0.000000 -0.863226
vn -0.504817 -0.000000 -0.863226
vn -0.106162 0.942279 -0.317553
vn -0.106162 0.942279 -0.317553
vn -0.106162 0.942279 -0.317553
vn 0.009487 -0.999951 -0.002683
vn 0.009487 -0.999951 -0.002683
vn 0.009487 -0.999951 -0.002683
vn -0.290632 -0.000000 -0.956835
vn -0.290632 -0.000000 -0.956835
vn -0.290632 -0.000000 -0.956835
vn -0.290632 -0.000000 -0.956835
vn -0.290632 -0.000000 -0.956835
vn -0.290632 -0.000000 -0.956835
vn -0.001549 0.981551 -0.191196
vn -0.001549 0.981551 -0.191196
vn -0.001549 0.981551 -0.191196
vn 0.009487 -0.999951 -0.002683
vn 0.009487 -0.999951 -0.002683
vn 0.009487 -0.999951 -0.002683
vn 0.040021 -0.000000 -0.999199
vn 0.040021 -0.000000 -0.999199
vn 0.040021 -0.000000 -0.999199
vn 0.040021 -0.000000 -0.999199
vn 0.040021 -0.000000 -0.999199
vn 0.040021 -0.000000 -0.999199
f 1753/1753/1753 1754/1754/1754 1755/1755/1755
f 1756/1756/1756 1757/1757/1757 1758/1758/1758
f 1759/1759/1759 1760/1760/1760 1761/1761/1761
f 1762/1762/1762 1763/1763/1763 1764/1764/1764
f 1765/1765/1765 1766/1766/1766 1767/1767/1767
f 1768/1768/1768 1769/1769/1769 1770/1770/1770
f 1771/1771/1771 1772/1772/1772 1773/1773/1773
f 1774/1774/1774 1775/1775/1775 1776/1776/1776
f 1777/1777/1777 1778/1778/1778 1779/1779/1779
f 1780/1780/1780 1781/1781/1781 1782/1782/1782
f 1783/1783/1783 1784/1784/1784 1785/1785/1785
f 1786/1786/1786 1787/1787/1787 1788/1788/1788
f 1789/1789/1789 1790/1790/1790 1791/1791/1791
f 1792/1792/1792 1793/1793/1793 1794/1794/1794
f 1795/1795/1795 1796/1796/1796 1797/1797/1797
f 1798/1798/1798 1799/1799/1799 1800/1800/1800
f 1801/1801/1801 1802/1802/1802 1803/1803/1803
f 1804/1804/1804 1805/1805/1805 1806/1806/1806
f 1807/1807/1807 1808/1808/1808 1809/1809/1809
f 1810/1810/1810 1811/1811/1811 1812/1812/1812
f 1813/1813/1813 1814/1814/1814 1815/1815/1815
f 1816/1816/1816 1817/1817/1817 1818/1818/1818
f 1819/1819/1819 1820/1820/1820 1821/1821/1821
f 1822/1822/1822 1823/1823/1823 1824/1824/1824
o LeftWingGoldVein3
usemtl PaintedCrystalBlue
v -19.600000 1.750000 3.500000
v -26.407600 1.860250 5.425100
v -23.308529 1.711250 4.829311
v -19.600000 1.669000 3.500000
v -23.308529 1.630250 4.829311
v -26.407600 1.599250 5.425100
v -19.600000 1.750000 3.500000
v -23.308529 1.630250 4.829311
v -19.600000 1.669000 3.500000
v -19.600000 1.750000 3.500000
v -23.308529 1.711250 4.829311
v -23.308529 1.630250 4.829311
v -23.308529 1.711250 4.829311
v -26.407600 1.860250 5.425100
v -30.426852 1.638400 6.811103
v -23.308529 1.630250 4.829311
v -30.426852 1.557400 6.811103
v -26.407600 1.599250 5.425100
v -23.308529 1.711250 4.829311
v -30.426852 1.557400 6.811103
v -23.308529 1.630250 4.829311
v -23.308529 1.711250 4.829311
v -30.426852 1.638400 6.811103
v -30.426852 1.557400 6.811103
v -30.426852 1.638400 6.811103
v -26.407600 1.860250 5.425100
v -34.728000 1.595000 7.778000
v -30.426852 1.557400 6.811103
v -34.728000 1.514000 7.778000
v -26.407600 1.599250 5.425100
v -30.426852 1.638400 6.811103
v -34.728000 1.514000 7.778000
v -30.426852 1.557400 6.811103
v -30.426852 1.638400 6.811103
v -34.728000 1.595000 7.778000
v -34.728000 1.514000 7.778000
v -34.728000 1.595000 7.778000
v -26.407600 1.860250 5.425100
v -30.557468 1.638400 6.349217
v -34.728000 1.514000 7.778000
v -30.557468 1.557400 6.349217
v -26.407600 1.599250 5.425100
v -34.728000 1.595000 7.778000
v -30.557468 1.557400 6.349217
v -34.728000 1.514000 7.778000
v -34.728000 1.595000 7.778000
v -30.557468 1.638400 6.349217
v -30.557468 1.557400 6.349217
v -30.557468 1.638400 6.349217
v -26.407600 1.860250 5.425100
v -23.455471 1.711250 4.309689
v -30.557468 1.557400 6.349217
v -23.455471 1.630250 4.309689
v -26.407600 1.599250 5.425100
v -30.557468 1.638400 6.349217
v -23.455471 1.630250 4.309689
v -30.557468 1.557400 6.349217
v -30.557468 1.638400 6.349217
v -23.455471 1.711250 4.309689
v -23.455471 1.630250 4.309689
v -23.455471 1.711250 4.309689
v -26.407600 1.860250 5.425100
v -19.600000 1.750000 3.500000
v -23.455471 1.630250 4.309689
v -19.600000 1.669000 3.500000
v -26.407600 1.599250 5.425100
v -23.455471 1.711250 4.309689
v -19.600000 1.669000 3.500000
v -23.455471 1.630250 4.309689
v -23.455471 1.711250 4.309689
v -19.600000 1.750000 3.500000
v -19.600000 1.669000 3.500000
vt 0.625000 0.757812
vt 0.625000 0.863281
vt 0.519531 0.816406
vt 0.625000 0.757812
vt 0.519531 0.816406
vt 0.625000 0.863281
vt 0.625000 0.757812
vt 0.519531 0.816406
vt 0.625000 0.757812
vt 0.625000 0.757812
vt 0.519531 0.816406
vt 0.519531 0.816406
vt 0.519531 0.816406
vt 0.625000 0.863281
vt 0.531250 0.926562
vt 0.519531 0.816406
vt 0.531250 0.926562
vt 0.625000 0.863281
vt 0.519531 0.816406
vt 0.531250 0.926562
vt 0.519531 0.816406
vt 0.519531 0.816406
vt 0.531250 0.926562
vt 0.531250 0.926562
vt 0.531250 0.926562
vt 0.625000 0.863281
vt 0.625000 0.992188
vt 0.531250 0.926562
vt 0.625000 0.992188
vt 0.625000 0.863281
vt 0.531250 0.926562
vt 0.625000 0.992188
vt 0.531250 0.926562
vt 0.531250 0.926562
vt 0.625000 0.992188
vt 0.625000 0.992188
vt 0.625000 0.992188
vt 0.625000 0.863281
vt 0.718750 0.926562
vt 0.625000 0.992188
vt 0.718750 0.926562
vt 0.625000 0.863281
vt 0.625000 0.992188
vt 0.718750 0.926562
vt 0.625000 0.992188
vt 0.625000 0.992188
vt 0.718750 0.926562
vt 0.718750 0.926562
vt 0.718750 0.926562
vt 0.625000 0.863281
vt 0.730469 0.816406
vt 0.718750 0.926562
vt 0.730469 0.816406
vt 0.625000 0.863281
vt 0.718750 0.926562
vt 0.730469 0.816406
vt 0.718750 0.926562
vt 0.718750 0.926562
vt 0.730469 0.816406
vt 0.730469 0.816406
vt 0.730469 0.816406
vt 0.625000 0.863281
vt 0.625000 0.757812
vt 0.730469 0.816406
vt 0.625000 0.757812
vt 0.625000 0.863281
vt 0.730469 0.816406
vt 0.625000 0.757812
vt 0.730469 0.816406
vt 0.730469 0.816406
vt 0.625000 0.757812
vt 0.625000 0.757812
vn 0.108561 0.937649 0.330196
vn 0.108561 0.937649 0.330196
vn 0.108561 0.937649 0.330196
vn 0.009487 -0.999951 -0.002683
vn 0.009487 -0.999951 -0.002683
vn 0.009487 -0.999951 -0.002683
vn 0.337425 0.000000 0.941352
vn 0.337425 0.000000 0.941352
vn 0.337425 0.000000 0.941352
vn 0.337425 -0.000000 0.941352
vn 0.337425 -0.000000 0.941352
vn 0.337425 -0.000000 0.941352
vn 0.145990 0.819283 0.554493
vn 0.145990 0.819283 0.554493
vn 0.145990 0.819283 0.554493
vn 0.009487 -0.999951 -0.002683
vn 0.009487 -0.999951 -0.002683
vn 0.009487 -0.999951 -0.002683
vn 0.268207 0.000000 0.963361
vn 0.268207 0.000000 0.963361
vn 0.268207 0.000000 0.963361
vn 0.268207 -0.000000 0.963361
vn 0.268207 -0.000000 0.963361
vn 0.268207 -0.000000 0.963361
vn 0.069459 0.933835 0.350896
vn 0.069459 0.933835 0.350896
vn 0.069459 0.933835 0.350896
vn 0.009487 -0.999951 -0.002683
vn 0.009487 -0.999951 -0.002683
vn 0.009487 -0.999951 -0.002683
vn 0.219326 0.000000 0.975652
vn 0.219326 0.000000 0.975652
vn 0.219326 0.000000 0.975652
vn 0.219326 -0.000000 0.975652
vn 0.219326 -0.000000 0.975652
vn 0.219326 -0.000000 0.975652
vn -0.124590 0.933835 -0.335305
vn -0.124590 0.933835 -0.335305
vn -0.124590 0.933835 -0.335305
vn 0.009487 -0.999951 -0.002683
vn 0.009487 -0.999951 -0.002683
vn 0.009487 -0.999951 -0.002683
vn -0.324098 -0.000000 -0.946023
vn -0.324098 -0.000000 -0.946023
vn -0.324098 -0.000000 -0.946023
vn -0.324098 -0.000000 -0.946023
vn -0.324098 -0.000000 -0.946023
vn -0.324098 -0.000000 -0.946023
vn -0.166015 0.819283 -0.548830
vn -0.166015 0.819283 -0.548830
vn -0.166015 0.819283 -0.548830
vn 0.009487 -0.999951 -0.002683
vn 0.009487 -0.999951 -0.002683
vn 0.009487 -0.999951 -0.002683
vn -0.276020 -0.000000 -0.961152
vn -0.276020 -0.000000 -0.961152
vn -0.276020 -0.000000 -0.961152
vn -0.276020 -0.000000 -0.961152
vn -0.276020 -0.000000 -0.961152
vn -0.276020 -0.000000 -0.961152
vn -0.080439 0.937649 -0.338149
vn -0.080439 0.937649 -0.338149
vn -0.080439 0.937649 -0.338149
vn 0.009487 -0.999951 -0.002683
vn 0.009487 -0.999951 -0.002683
vn 0.009487 -0.999951 -0.002683
vn -0.205527 -0.000000 -0.978651
vn -0.205527 -0.000000 -0.978651
vn -0.205527 -0.000000 -0.978651
vn -0.205527 -0.000000 -0.978651
vn -0.205527 -0.000000 -0.978651
vn -0.205527 -0.000000 -0.978651
f 1825/1825/1825 1826/1826/1826 1827/1827/1827
f 1828/1828/1828 1829/1829/1829 1830/1830/1830
f 1831/1831/1831 1832/1832/1832 1833/1833/1833
f 1834/1834/1834 1835/1835/1835 1836/1836/1836
f 1837/1837/1837 1838/1838/1838 1839/1839/1839
f 1840/1840/1840 1841/1841/1841 1842/1842/1842
f 1843/1843/1843 1844/1844/1844 1845/1845/1845
f 1846/1846/1846 1847/1847/1847 1848/1848/1848
f 1849/1849/1849 1850/1850/1850 1851/1851/1851
f 1852/1852/1852 1853/1853/1853 1854/1854/1854
f 1855/1855/1855 1856/1856/1856 1857/1857/1857
f 1858/1858/1858 1859/1859/1859 1860/1860/1860
f 1861/1861/1861 1862/1862/1862 1863/1863/1863
f 1864/1864/1864 1865/1865/1865 1866/1866/1866
f 1867/1867/1867 1868/1868/1868 1869/1869/1869
f 1870/1870/1870 1871/1871/1871 1872/1872/1872
f 1873/1873/1873 1874/1874/1874 1875/1875/1875
f 1876/1876/1876 1877/1877/1877 1878/1878/1878
f 1879/1879/1879 1880/1880/1880 1881/1881/1881
f 1882/1882/1882 1883/1883/1883 1884/1884/1884
f 1885/1885/1885 1886/1886/1886 1887/1887/1887
f 1888/1888/1888 1889/1889/1889 1890/1890/1890
f 1891/1891/1891 1892/1892/1892 1893/1893/1893
f 1894/1894/1894 1895/1895/1895 1896/1896/1896
o LeftWingFeather4
usemtl PaintedCrystalBlue
v -20.800000 0.800000 5.000000
v -32.140000 1.275000 8.690000
v -26.459485 0.675000 9.018411
v -20.800000 0.485000 5.000000
v -26.459485 0.360000 9.018411
v -32.140000 0.260000 8.690000
v -20.800000 0.800000 5.000000
v -26.459485 0.360000 9.018411
v -20.800000 0.485000 5.000000
v -20.800000 0.800000 5.000000
v -26.459485 0.675000 9.018411
v -26.459485 0.360000 9.018411
v -26.459485 0.675000 9.018411
v -32.140000 1.275000 8.690000
v -38.374654 0.440000 12.653698
v -26.459485 0.360000 9.018411
v -38.374654 0.125000 12.653698
v -32.140000 0.260000 8.690000
v -26.459485 0.675000 9.018411
v -38.374654 0.125000 12.653698
v -26.459485 0.360000 9.018411
v -26.459485 0.675000 9.018411
v -38.374654 0.440000 12.653698
v -38.374654 0.125000 12.653698
v -38.374654 0.440000 12.653698
v -32.140000 1.275000 8.690000
v -46.000000 0.300000 13.200000
v -38.374654 0.125000 12.653698
v -46.000000 -0.015000 13.200000
v -32.140000 0.260000 8.690000
v -38.374654 0.440000 12.653698
v -46.000000 -0.015000 13.200000
v -38.374654 0.125000 12.653698
v -38.374654 0.440000 12.653698
v -46.000000 0.300000 13.200000
v -46.000000 -0.015000 13.200000
v -46.000000 0.300000 13.200000
v -32.140000 1.275000 8.690000
v -39.513346 0.440000 9.154302
v -46.000000 -0.015000 13.200000
v -39.513346 0.125000 9.154302
v -32.140000 0.260000 8.690000
v -46.000000 0.300000 13.200000
v -39.513346 0.125000 9.154302
v -46.000000 -0.015000 13.200000
v -46.000000 0.300000 13.200000
v -39.513346 0.440000 9.154302
v -39.513346 0.125000 9.154302
v -39.513346 0.440000 9.154302
v -32.140000 1.275000 8.690000
v -27.740515 0.675000 5.081589
v -39.513346 0.125000 9.154302
v -27.740515 0.360000 5.081589
v -32.140000 0.260000 8.690000
v -39.513346 0.440000 9.154302
v -27.740515 0.360000 5.081589
v -39.513346 0.125000 9.154302
v -39.513346 0.440000 9.154302
v -27.740515 0.675000 5.081589
v -27.740515 0.360000 5.081589
v -27.740515 0.675000 5.081589
v -32.140000 1.275000 8.690000
v -20.800000 0.800000 5.000000
v -27.740515 0.360000 5.081589
v -20.800000 0.485000 5.000000
v -32.140000 0.260000 8.690000
v -27.740515 0.675000 5.081589
v -20.800000 0.485000 5.000000
v -27.740515 0.360000 5.081589
v -27.740515 0.675000 5.081589
v -20.800000 0.800000 5.000000
v -20.800000 0.485000 5.000000
vt 0.375000 0.507812
vt 0.375000 0.613281
vt 0.269531 0.566406
vt 0.375000 0.507812
vt 0.269531 0.566406
vt 0.375000 0.613281
vt 0.375000 0.507812
vt 0.269531 0.566406
vt 0.375000 0.507812
vt 0.375000 0.507812
vt 0.269531 0.566406
vt 0.269531 0.566406
vt 0.269531 0.566406
vt 0.375000 0.613281
vt 0.281250 0.676562
vt 0.269531 0.566406
vt 0.281250 0.676562
vt 0.375000 0.613281
vt 0.269531 0.566406
vt 0.281250 0.676562
vt 0.269531 0.566406
vt 0.269531 0.566406
vt 0.281250 0.676562
vt 0.281250 0.676562
vt 0.281250 0.676562
vt 0.375000 0.613281
vt 0.375000 0.742188
vt 0.281250 0.676562
vt 0.375000 0.742188
vt 0.375000 0.613281
vt 0.281250 0.676562
vt 0.375000 0.742188
vt 0.281250 0.676562
vt 0.281250 0.676562
vt 0.375000 0.742188
vt 0.375000 0.742188
vt 0.375000 0.742188
vt 0.375000 0.613281
vt 0.468750 0.676562
vt 0.375000 0.742188
vt 0.468750 0.676562
vt 0.375000 0.613281
vt 0.375000 0.742188
vt 0.468750 0.676562
vt 0.375000 0.742188
vt 0.375000 0.742188
vt 0.468750 0.676562
vt 0.468750 0.676562
vt 0.468750 0.676562
vt 0.375000 0.613281
vt 0.480469 0.566406
vt 0.468750 0.676562
vt 0.480469 0.566406
vt 0.375000 0.613281
vt 0.468750 0.676562
vt 0.480469 0.566406
vt 0.468750 0.676562
vt 0.468750 0.676562
vt 0.480469 0.566406
vt 0.480469 0.566406
vt 0.480469 0.566406
vt 0.375000 0.613281
vt 0.375000 0.507812
vt 0.480469 0.566406
vt 0.375000 0.507812
vt 0.375000 0.613281
vt 0.480469 0.566406
vt 0.375000 0.507812
vt 0.480469 0.566406
vt 0.480469 0.566406
vt 0.375000 0.507812
vt 0.375000 0.507812
vn 0.094286 0.982054 0.163339
vn 0.094286 0.982054 0.163339
vn 0.094286 0.982054 0.163339
vn 0.017938 -0.999822 -0.005837
vn 0.017938 -0.999822 -0.005837
vn 0.017938 -0.999822 -0.005837
vn 0.578939 0.000000 0.815371
vn 0.578939 0.000000 0.815371
vn 0.578939 0.000000 0.815371
vn 0.578939 -0.000000 0.815371
vn 0.578939 -0.000000 0.815371
vn 0.578939 -0.000000 0.815371
vn 0.080699 0.942125 0.325404
vn 0.080699 0.942125 0.325404
vn 0.080699 0.942125 0.325404
vn 0.017938 -0.999822 -0.005837
vn 0.017938 -0.999822 -0.005837
vn 0.017938 -0.999822 -0.005837
vn 0.291818 0.000000 0.956474
vn 0.291818 0.000000 0.956474
vn 0.291818 0.000000 0.956474
vn 0.291818 -0.000000 0.956474
vn 0.291818 -0.000000 0.956474
vn 0.291818 -0.000000 0.956474
vn -0.003607 0.979646 0.200700
vn -0.003607 0.979646 0.200700
vn -0.003607 0.979646 0.200700
vn 0.017938 -0.999822 -0.005837
vn 0.017938 -0.999822 -0.005837
vn 0.017938 -0.999822 -0.005837
vn 0.071460 0.000000 0.997443
vn 0.071460 0.000000 0.997443
vn 0.071460 0.000000 0.997443
vn 0.071460 -0.000000 0.997443
vn 0.071460 -0.000000 0.997443
vn 0.071460 -0.000000 0.997443
vn -0.121025 0.979646 -0.160145
vn -0.121025 0.979646 -0.160145
vn -0.121025 0.979646 -0.160145
vn 0.017938 -0.999822 -0.005837
vn 0.017938 -0.999822 -0.005837
vn 0.017938 -0.999822 -0.005837
vn -0.529203 -0.000000 -0.848495
vn -0.529203 -0.000000 -0.848495
vn -0.529203 -0.000000 -0.848495
vn -0.529203 -0.000000 -0.848495
vn -0.529203 -0.000000 -0.848495
vn -0.529203 -0.000000 -0.848495
vn -0.126249 0.942125 -0.310582
vn -0.126249 0.942125 -0.310582
vn -0.126249 0.942125 -0.310582
vn 0.017938 -0.999822 -0.005837
vn 0.017938 -0.999822 -0.005837
vn 0.017938 -0.999822 -0.005837
vn -0.326931 -0.000000 -0.945048
vn -0.326931 -0.000000 -0.945048
vn -0.326931 -0.000000 -0.945048
vn -0.326931 -0.000000 -0.945048
vn -0.326931 -0.000000 -0.945048
vn -0.326931 -0.000000 -0.945048
vn -0.019892 0.982054 -0.187547
vn -0.019892 0.982054 -0.187547
vn -0.019892 0.982054 -0.187547
vn 0.017938 -0.999822 -0.005837
vn 0.017938 -0.999822 -0.005837
vn 0.017938 -0.999822 -0.005837
vn -0.011755 -0.000000 -0.999931
vn -0.011755 -0.000000 -0.999931
vn -0.011755 -0.000000 -0.999931
vn -0.011755 -0.000000 -0.999931
vn -0.011755 -0.000000 -0.999931
vn -0.011755 -0.000000 -0.999931
f 1897/1897/1897 1898/1898/1898 1899/1899/1899
f 1900/1900/1900 1901/1901/1901 1902/1902/1902
f 1903/1903/1903 1904/1904/1904 1905/1905/1905
f 1906/1906/1906 1907/1907/1907 1908/1908/1908
f 1909/1909/1909 1910/1910/1910 1911/1911/1911
f 1912/1912/1912 1913/1913/1913 1914/1914/1914
f 1915/1915/1915 1916/1916/1916 1917/1917/1917
f 1918/1918/1918 1919/1919/1919 1920/1920/1920
f 1921/1921/1921 1922/1922/1922 1923/1923/1923
f 1924/1924/1924 1925/1925/1925 1926/1926/1926
f 1927/1927/1927 1928/1928/1928 1929/1929/1929
f 1930/1930/1930 1931/1931/1931 1932/1932/1932
f 1933/1933/1933 1934/1934/1934 1935/1935/1935
f 1936/1936/1936 1937/1937/1937 1938/1938/1938
f 1939/1939/1939 1940/1940/1940 1941/1941/1941
f 1942/1942/1942 1943/1943/1943 1944/1944/1944
f 1945/1945/1945 1946/1946/1946 1947/1947/1947
f 1948/1948/1948 1949/1949/1949 1950/1950/1950
f 1951/1951/1951 1952/1952/1952 1953/1953/1953
f 1954/1954/1954 1955/1955/1955 1956/1956/1956
f 1957/1957/1957 1958/1958/1958 1959/1959/1959
f 1960/1960/1960 1961/1961/1961 1962/1962/1962
f 1963/1963/1963 1964/1964/1964 1965/1965/1965
f 1966/1966/1966 1967/1967/1967 1968/1968/1968
o LeftWingGoldVein4
usemtl PaintedCrystalBlue
v -20.800000 1.700000 5.000000
v -27.830800 1.740500 7.287800
v -24.622455 1.622500 6.527749
v -20.800000 1.619000 5.000000
v -24.622455 1.541500 6.527749
v -27.830800 1.479500 7.287800
v -20.800000 1.700000 5.000000
v -24.622455 1.541500 6.527749
v -20.800000 1.619000 5.000000
v -20.800000 1.700000 5.000000
v -24.622455 1.622500 6.527749
v -24.622455 1.541500 6.527749
v -24.622455 1.622500 6.527749
v -27.830800 1.740500 7.287800
v -31.975017 1.476800 8.888702
v -24.622455 1.541500 6.527749
v -31.975017 1.395800 8.888702
v -27.830800 1.479500 7.287800
v -24.622455 1.622500 6.527749
v -31.975017 1.395800 8.888702
v -24.622455 1.541500 6.527749
v -24.622455 1.622500 6.527749
v -31.975017 1.476800 8.888702
v -31.975017 1.395800 8.888702
v -31.975017 1.476800 8.888702
v -27.830800 1.740500 7.287800
v -36.424000 1.390000 10.084000
v -31.975017 1.395800 8.888702
v -36.424000 1.309000 10.084000
v -27.830800 1.479500 7.287800
v -31.975017 1.476800 8.888702
v -36.424000 1.309000 10.084000
v -31.975017 1.395800 8.888702
v -31.975017 1.476800 8.888702
v -36.424000 1.390000 10.084000
v -36.424000 1.309000 10.084000
v -36.424000 1.390000 10.084000
v -27.830800 1.740500 7.287800
v -32.123543 1.476800 8.432258
v -36.424000 1.309000 10.084000
v -32.123543 1.395800 8.432258
v -27.830800 1.479500 7.287800
v -36.424000 1.390000 10.084000
v -32.123543 1.395800 8.432258
v -36.424000 1.309000 10.084000
v -36.424000 1.390000 10.084000
v -32.123543 1.476800 8.432258
v -32.123543 1.395800 8.432258
v -32.123543 1.476800 8.432258
v -27.830800 1.740500 7.287800
v -24.789545 1.622500 6.014251
v -32.123543 1.395800 8.432258
v -24.789545 1.541500 6.014251
v -27.830800 1.479500 7.287800
v -32.123543 1.476800 8.432258
v -24.789545 1.541500 6.014251
v -32.123543 1.395800 8.432258
v -32.123543 1.476800 8.432258
v -24.789545 1.622500 6.014251
v -24.789545 1.541500 6.014251
v -24.789545 1.622500 6.014251
v -27.830800 1.740500 7.287800
v -20.800000 1.700000 5.000000
v -24.789545 1.541500 6.014251
v -20.800000 1.619000 5.000000
v -27.830800 1.479500 7.287800
v -24.789545 1.622500 6.014251
v -20.800000 1.619000 5.000000
v -24.789545 1.541500 6.014251
v -24.789545 1.622500 6.014251
v -20.800000 1.700000 5.000000
v -20.800000 1.619000 5.000000
vt 0.625000 0.757812
vt 0.625000 0.863281
vt 0.519531 0.816406
vt 0.625000 0.757812
vt 0.519531 0.816406
vt 0.625000 0.863281
vt 0.625000 0.757812
vt 0.519531 0.816406
vt 0.625000 0.757812
vt 0.625000 0.757812
vt 0.519531 0.816406
vt 0.519531 0.816406
vt 0.519531 0.816406
vt 0.625000 0.863281
vt 0.531250 0.926562
vt 0.519531 0.816406
vt 0.531250 0.926562
vt 0.625000 0.863281
vt 0.519531 0.816406
vt 0.531250 0.926562
vt 0.519531 0.816406
vt 0.519531 0.816406
vt 0.531250 0.926562
vt 0.531250 0.926562
vt 0.531250 0.926562
vt 0.625000 0.863281
vt 0.625000 0.992188
vt 0.531250 0.926562
vt 0.625000 0.992188
vt 0.625000 0.863281
vt 0.531250 0.926562
vt 0.625000 0.992188
vt 0.531250 0.926562
vt 0.531250 0.926562
vt 0.625000 0.992188
vt 0.625000 0.992188
vt 0.625000 0.992188
vt 0.625000 0.863281
vt 0.718750 0.926562
vt 0.625000 0.992188
vt 0.718750 0.926562
vt 0.625000 0.863281
vt 0.625000 0.992188
vt 0.718750 0.926562
vt 0.625000 0.992188
vt 0.625000 0.992188
vt 0.718750 0.926562
vt 0.718750 0.926562
vt 0.718750 0.926562
vt 0.625000 0.863281
vt 0.730469 0.816406
vt 0.718750 0.926562
vt 0.730469 0.816406
vt 0.625000 0.863281
vt 0.718750 0.926562
vt 0.730469 0.816406
vt 0.718750 0.926562
vt 0.718750 0.926562
vt 0.730469 0.816406
vt 0.730469 0.816406
vt 0.730469 0.816406
vt 0.625000 0.863281
vt 0.625000 0.757812
vt 0.730469 0.816406
vt 0.625000 0.757812
vt 0.625000 0.863281
vt 0.730469 0.816406
vt 0.625000 0.757812
vt 0.730469 0.816406
vt 0.730469 0.816406
vt 0.625000 0.757812
vt 0.625000 0.757812
vn 0.112352 0.937736 0.328675
vn 0.112352 0.937736 0.328675
vn 0.112352 0.937736 0.328675
vn 0.017938 -0.999822 -0.005837
vn 0.017938 -0.999822 -0.005837
vn 0.017938 -0.999822 -0.005837
vn 0.371133 0.000000 0.928580
vn 0.371133 0.000000 0.928580
vn 0.371133 0.000000 0.928580
vn 0.371133 -0.000000 0.928580
vn 0.371133 -0.000000 0.928580
vn 0.371133 -0.000000 0.928580
vn 0.160560 0.819199 0.550575
vn 0.160560 0.819199 0.550575
vn 0.160560 0.819199 0.550575
vn 0.017938 -0.999822 -0.005837
vn 0.017938 -0.999822 -0.005837
vn 0.017938 -0.999822 -0.005837
vn 0.305731 0.000000 0.952118
vn 0.305731 0.000000 0.952118
vn 0.305731 0.000000 0.952118
vn 0.305731 -0.000000 0.952118
vn 0.305731 -0.000000 0.952118
vn 0.305731 -0.000000 0.952118
vn 0.075867 0.933606 0.350178
vn 0.075867 0.933606 0.350178
vn 0.075867 0.933606 0.350178
vn 0.017938 -0.999822 -0.005837
vn 0.017938 -0.999822 -0.005837
vn 0.017938 -0.999822 -0.005837
vn 0.259467 0.000000 0.965752
vn 0.259467 0.000000 0.965752
vn 0.259467 0.000000 0.965752
vn 0.259467 -0.000000 0.965752
vn 0.259467 -0.000000 0.965752
vn 0.259467 -0.000000 0.965752
vn -0.144735 0.933606 -0.327769
vn -0.144735 0.933606 -0.327769
vn -0.144735 0.933606 -0.327769
vn 0.017938 -0.999822 -0.005837
vn 0.017938 -0.999822 -0.005837
vn 0.017938 -0.999822 -0.005837
vn -0.358548 -0.000000 -0.933511
vn -0.358548 -0.000000 -0.933511
vn -0.358548 -0.000000 -0.933511
vn -0.358548 -0.000000 -0.933511
vn -0.358548 -0.000000 -0.933511
vn -0.358548 -0.000000 -0.933511
vn -0.194190 0.819199 -0.539632
vn -0.194190 0.819199 -0.539632
vn -0.194190 0.819199 -0.539632
vn 0.017938 -0.999822 -0.005837
vn 0.017938 -0.999822 -0.005837
vn 0.017938 -0.999822 -0.005837
vn -0.313119 -0.000000 -0.949714
vn -0.313119 -0.000000 -0.949714
vn -0.313119 -0.000000 -0.949714
vn -0.313119 -0.000000 -0.949714
vn -0.313119 -0.000000 -0.949714
vn -0.313119 -0.000000 -0.949714
vn -0.102583 0.937736 -0.331854
vn -0.102583 0.937736 -0.331854
vn -0.102583 0.937736 -0.331854
vn 0.017938 -0.999822 -0.005837
vn 0.017938 -0.999822 -0.005837
vn 0.017938 -0.999822 -0.005837
vn -0.246390 -0.000000 -0.969171
vn -0.246390 -0.000000 -0.969171
vn -0.246390 -0.000000 -0.969171
vn -0.246390 -0.000000 -0.969171
vn -0.246390 -0.000000 -0.969171
vn -0.246390 -0.000000 -0.969171
f 1969/1969/1969 1970/1970/1970 1971/1971/1971
f 1972/1972/1972 1973/1973/1973 1974/1974/1974
f 1975/1975/1975 1976/1976/1976 1977/1977/1977
f 1978/1978/1978 1979/1979/1979 1980/1980/1980
f 1981/1981/1981 1982/1982/1982 1983/1983/1983
f 1984/1984/1984 1985/1985/1985 1986/1986/1986
f 1987/1987/1987 1988/1988/1988 1989/1989/1989
f 1990/1990/1990 1991/1991/1991 1992/1992/1992
f 1993/1993/1993 1994/1994/1994 1995/1995/1995
f 1996/1996/1996 1997/1997/1997 1998/1998/1998
f 1999/1999/1999 2000/2000/2000 2001/2001/2001
f 2002/2002/2002 2003/2003/2003 2004/2004/2004
f 2005/2005/2005 2006/2006/2006 2007/2007/2007
f 2008/2008/2008 2009/2009/2009 2010/2010/2010
f 2011/2011/2011 2012/2012/2012 2013/2013/2013
f 2014/2014/2014 2015/2015/2015 2016/2016/2016
f 2017/2017/2017 2018/2018/2018 2019/2019/2019
f 2020/2020/2020 2021/2021/2021 2022/2022/2022
f 2023/2023/2023 2024/2024/2024 2025/2025/2025
f 2026/2026/2026 2027/2027/2027 2028/2028/2028
f 2029/2029/2029 2030/2030/2030 2031/2031/2031
f 2032/2032/2032 2033/2033/2033 2034/2034/2034
f 2035/2035/2035 2036/2036/2036 2037/2037/2037
f 2038/2038/2038 2039/2039/2039 2040/2040/2040
o LeftWingFeather5
usemtl PaintedCrystalBlue
v -22.000000 0.750000 6.500000
v -33.700000 1.112500 10.775000
v -27.789591 0.562500 10.819278
v -22.000000 0.435000 6.500000
v -27.789591 0.247500 10.819278
v -33.700000 0.097500 10.775000
v -22.000000 0.750000 6.500000
v -27.789591 0.247500 10.819278
v -22.000000 0.435000 6.500000
v -22.000000 0.750000 6.500000
v -27.789591 0.562500 10.819278
v -27.789591 0.247500 10.819278
v -27.789591 0.562500 10.819278
v -33.700000 1.112500 10.775000
v -40.088525 0.210000 15.068247
v -27.789591 0.247500 10.819278
v -40.088525 -0.105000 15.068247
v -33.700000 0.097500 10.775000
v -27.789591 0.562500 10.819278
v -40.088525 -0.105000 15.068247
v -27.789591 0.247500 10.819278
v -27.789591 0.562500 10.819278
v -40.088525 0.210000 15.068247
v -40.088525 -0.105000 15.068247
v -40.088525 0.210000 15.068247
v -33.700000 1.112500 10.775000
v -48.000000 0.000000 16.000000
v -40.088525 -0.105000 15.068247
v -48.000000 -0.315000 16.000000
v -33.700000 0.097500 10.775000
v -40.088525 0.210000 15.068247
v -48.000000 -0.315000 16.000000
v -40.088525 -0.105000 15.068247
v -40.088525 0.210000 15.068247
v -48.000000 0.000000 16.000000
v -48.000000 -0.315000 16.000000
v -48.000000 0.000000 16.000000
v -33.700000 1.112500 10.775000
v -41.351475 0.210000 11.611753
v -48.000000 -0.315000 16.000000
v -41.351475 -0.105000 11.611753
v -33.700000 0.097500 10.775000
v -48.000000 0.000000 16.000000
v -41.351475 -0.105000 11.611753
v -48.000000 -0.315000 16.000000
v -48.000000 0.000000 16.000000
v -41.351475 0.210000 11.611753
v -41.351475 -0.105000 11.611753
v -41.351475 0.210000 11.611753
v -33.700000 1.112500 10.775000
v -29.210409 0.562500 6.930722
v -41.351475 -0.105000 11.611753
v -29.210409 0.247500 6.930722
v -33.700000 0.097500 10.775000
v -41.351475 0.210000 11.611753
v -29.210409 0.247500 6.930722
v -41.351475 -0.105000 11.611753
v -41.351475 0.210000 11.611753
v -29.210409 0.562500 6.930722
v -29.210409 0.247500 6.930722
v -29.210409 0.562500 6.930722
v -33.700000 1.112500 10.775000
v -22.000000 0.750000 6.500000
v -29.210409 0.247500 6.930722
v -22.000000 0.435000 6.500000
v -33.700000 0.097500 10.775000
v -29.210409 0.562500 6.930722
v -22.000000 0.435000 6.500000
v -29.210409 0.247500 6.930722
v -29.210409 0.562500 6.930722
v -22.000000 0.750000 6.500000
v -22.000000 0.435000 6.500000
vt 0.125000 0.507812
vt 0.125000 0.613281
vt 0.019531 0.566406
vt 0.125000 0.507812
vt 0.019531 0.566406
vt 0.125000 0.613281
vt 0.125000 0.507812
vt 0.019531 0.566406
vt 0.125000 0.507812
vt 0.125000 0.507812
vt 0.019531 0.566406
vt 0.019531 0.566406
vt 0.019531 0.566406
vt 0.125000 0.613281
vt 0.031250 0.676562
vt 0.019531 0.566406
vt 0.031250 0.676562
vt 0.125000 0.613281
vt 0.019531 0.566406
vt 0.031250 0.676562
vt 0.019531 0.566406
vt 0.019531 0.566406
vt 0.031250 0.676562
vt 0.031250 0.676562
vt 0.031250 0.676562
vt 0.125000 0.613281
vt 0.125000 0.742188
vt 0.031250 0.676562
vt 0.125000 0.742188
vt 0.125000 0.613281
vt 0.031250 0.676562
vt 0.125000 0.742188
vt 0.031250 0.676562
vt 0.031250 0.676562
vt 0.125000 0.742188
vt 0.125000 0.742188
vt 0.125000 0.742188
vt 0.125000 0.613281
vt 0.218750 0.676562
vt 0.125000 0.742188
vt 0.218750 0.676562
vt 0.125000 0.613281
vt 0.125000 0.742188
vt 0.218750 0.676562
vt 0.125000 0.742188
vt 0.125000 0.742188
vt 0.218750 0.676562
vt 0.218750 0.676562
vt 0.218750 0.676562
vt 0.125000 0.613281
vt 0.230469 0.566406
vt 0.218750 0.676562
vt 0.230469 0.566406
vt 0.125000 0.613281
vt 0.218750 0.676562
vt 0.230469 0.566406
vt 0.218750 0.676562
vt 0.218750 0.676562
vt 0.230469 0.566406
vt 0.230469 0.566406
vt 0.230469 0.566406
vt 0.125000 0.613281
vt 0.125000 0.507812
vt 0.230469 0.566406
vt 0.125000 0.507812
vt 0.125000 0.613281
vt 0.230469 0.566406
vt 0.125000 0.507812
vt 0.230469 0.566406
vt 0.230469 0.566406
vt 0.125000 0.507812
vt 0.125000 0.507812
vn 0.090194 0.982405 0.163542
vn 0.090194 0.982405 0.163542
vn 0.090194 0.982405 0.163542
vn 0.025439 -0.999633 -0.009295
vn 0.025439 -0.999633 -0.009295
vn 0.025439 -0.999633 -0.009295
vn 0.597968 0.000000 0.801520
vn 0.597968 0.000000 0.801520
vn 0.597968 0.000000 0.801520
vn 0.597968 -0.000000 0.801520
vn 0.597968 -0.000000 0.801520
vn 0.597968 -0.000000 0.801520
vn 0.085219 0.941930 0.324816
vn 0.085219 0.941930 0.324816
vn 0.085219 0.941930 0.324816
vn 0.025439 -0.999633 -0.009295
vn 0.025439 -0.999633 -0.009295
vn 0.025439 -0.999633 -0.009295
vn 0.326537 0.000000 0.945184
vn 0.326537 0.000000 0.945184
vn 0.326537 0.000000 0.945184
vn 0.326537 -0.000000 0.945184
vn 0.326537 -0.000000 0.945184
vn 0.326537 -0.000000 0.945184
vn -0.002121 0.979240 0.202694
vn -0.002121 0.979240 0.202694
vn -0.002121 0.979240 0.202694
vn 0.025439 -0.999633 -0.009295
vn 0.025439 -0.999633 -0.009295
vn 0.025439 -0.999633 -0.009295
vn 0.116964 0.000000 0.993136
vn 0.116964 0.000000 0.993136
vn 0.116964 0.000000 0.993136
vn 0.116964 -0.000000 0.993136
vn 0.116964 -0.000000 0.993136
vn 0.116964 -0.000000 0.993136
vn -0.132298 0.979240 -0.153579
vn -0.132298 0.979240 -0.153579
vn -0.132298 0.979240 -0.153579
vn 0.025439 -0.999633 -0.009295
vn 0.025439 -0.999633 -0.009295
vn 0.025439 -0.999633 -0.009295
vn -0.550862 -0.000000 -0.834597
vn -0.550862 -0.000000 -0.834597
vn -0.550862 -0.000000 -0.834597
vn -0.550862 -0.000000 -0.834597
vn -0.550862 -0.000000 -0.834597
vn -0.550862 -0.000000 -0.834597
vn -0.144264 0.941930 -0.303242
vn -0.144264 0.941930 -0.303242
vn -0.144264 0.941930 -0.303242
vn 0.025439 -0.999633 -0.009295
vn 0.025439 -0.999633 -0.009295
vn 0.025439 -0.999633 -0.009295
vn -0.359742 -0.000000 -0.933052
vn -0.359742 -0.000000 -0.933052
vn -0.359742 -0.000000 -0.933052
vn -0.359742 -0.000000 -0.933052
vn -0.359742 -0.000000 -0.933052
vn -0.359742 -0.000000 -0.933052
vn -0.036488 0.982405 -0.183166
vn -0.036488 0.982405 -0.183166
vn -0.036488 0.982405 -0.183166
vn 0.025439 -0.999633 -0.009295
vn 0.025439 -0.999633 -0.009295
vn 0.025439 -0.999633 -0.009295
vn -0.059630 -0.000000 -0.998221
vn -0.059630 -0.000000 -0.998221
vn -0.059630 -0.000000 -0.998221
vn -0.059630 -0.000000 -0.998221
vn -0.059630 -0.000000 -0.998221
vn -0.059630 -0.000000 -0.998221
f 2041/2041/2041 2042/2042/2042 2043/2043/2043
f 2044/2044/2044 2045/2045/2045 2046/2046/2046
f 2047/2047/2047 2048/2048/2048 2049/2049/2049
f 2050/2050/2050 2051/2051/2051 2052/2052/2052
f 2053/2053/2053 2054/2054/2054 2055/2055/2055
f 2056/2056/2056 2057/2057/2057 2058/2058/2058
f 2059/2059/2059 2060/2060/2060 2061/2061/2061
f 2062/2062/2062 2063/2063/2063 2064/2064/2064
f 2065/2065/2065 2066/2066/2066 2067/2067/2067
f 2068/2068/2068 2069/2069/2069 2070/2070/2070
f 2071/2071/2071 2072/2072/2072 2073/2073/2073
f 2074/2074/2074 2075/2075/2075 2076/2076/2076
f 2077/2077/2077 2078/2078/2078 2079/2079/2079
f 2080/2080/2080 2081/2081/2081 2082/2082/2082
f 2083/2083/2083 2084/2084/2084 2085/2085/2085
f 2086/2086/2086 2087/2087/2087 2088/2088/2088
f 2089/2089/2089 2090/2090/2090 2091/2091/2091
f 2092/2092/2092 2093/2093/2093 2094/2094/2094
f 2095/2095/2095 2096/2096/2096 2097/2097/2097
f 2098/2098/2098 2099/2099/2099 2100/2100/2100
f 2101/2101/2101 2102/2102/2102 2103/2103/2103
f 2104/2104/2104 2105/2105/2105 2106/2106/2106
f 2107/2107/2107 2108/2108/2108 2109/2109/2109
f 2110/2110/2110 2111/2111/2111 2112/2112/2112
o LeftWingGoldVein5
usemtl PaintedCrystalBlue
v -22.000000 1.650000 6.500000
v -29.254000 1.620750 9.150500
v -25.937338 1.533750 8.226102
v -22.000000 1.569000 6.500000
v -25.937338 1.452750 8.226102
v -29.254000 1.359750 9.150500
v -22.000000 1.650000 6.500000
v -25.937338 1.452750 8.226102
v -22.000000 1.569000 6.500000
v -22.000000 1.650000 6.500000
v -25.937338 1.533750 8.226102
v -25.937338 1.452750 8.226102
v -25.937338 1.533750 8.226102
v -29.254000 1.620750 9.150500
v -33.524034 1.315200 10.966224
v -25.937338 1.452750 8.226102
v -33.524034 1.234200 10.966224
v -29.254000 1.359750 9.150500
v -25.937338 1.533750 8.226102
v -33.524034 1.234200 10.966224
v -25.937338 1.452750 8.226102
v -25.937338 1.533750 8.226102
v -33.524034 1.315200 10.966224
v -33.524034 1.234200 10.966224
v -33.524034 1.315200 10.966224
v -29.254000 1.620750 9.150500
v -38.120000 1.185000 12.390000
v -33.524034 1.234200 10.966224
v -38.120000 1.104000 12.390000
v -29.254000 1.359750 9.150500
v -33.524034 1.315200 10.966224
v -38.120000 1.104000 12.390000
v -33.524034 1.234200 10.966224
v -33.524034 1.315200 10.966224
v -38.120000 1.185000 12.390000
v -38.120000 1.104000 12.390000
v -38.120000 1.185000 12.390000
v -29.254000 1.620750 9.150500
v -33.688766 1.315200 10.515376
v -38.120000 1.104000 12.390000
v -33.688766 1.234200 10.515376
v -29.254000 1.359750 9.150500
v -38.120000 1.185000 12.390000
v -33.688766 1.234200 10.515376
v -38.120000 1.104000 12.390000
v -38.120000 1.185000 12.390000
v -33.688766 1.315200 10.515376
v -33.688766 1.234200 10.515376
v -33.688766 1.315200 10.515376
v -29.254000 1.620750 9.150500
v -26.122662 1.533750 7.718898
v -33.688766 1.234200 10.515376
v -26.122662 1.452750 7.718898
v -29.254000 1.359750 9.150500
v -33.688766 1.315200 10.515376
v -26.122662 1.452750 7.718898
v -33.688766 1.234200 10.515376
v -33.688766 1.315200 10.515376
v -26.122662 1.533750 7.718898
v -26.122662 1.452750 7.718898
v -26.122662 1.533750 7.718898
v -29.254000 1.620750 9.150500
v -22.000000 1.650000 6.500000
v -26.122662 1.452750 7.718898
v -22.000000 1.569000 6.500000
v -29.254000 1.359750 9.150500
v -26.122662 1.533750 7.718898
v -22.000000 1.569000 6.500000
v -26.122662 1.452750 7.718898
v -26.122662 1.533750 7.718898
v -22.000000 1.650000 6.500000
v -22.000000 1.569000 6.500000
vt 0.625000 0.757812
vt 0.625000 0.863281
vt 0.519531 0.816406
vt 0.625000 0.757812
vt 0.519531 0.816406
vt 0.625000 0.863281
vt 0.625000 0.757812
vt 0.519531 0.816406
vt 0.625000 0.757812
vt 0.625000 0.757812
vt 0.519531 0.816406
vt 0.519531 0.816406
vt 0.519531 0.816406
vt 0.625000 0.863281
vt 0.531250 0.926562
vt 0.519531 0.816406
vt 0.531250 0.926562
vt 0.625000 0.863281
vt 0.519531 0.816406
vt 0.531250 0.926562
vt 0.519531 0.816406
vt 0.519531 0.816406
vt 0.531250 0.926562
vt 0.531250 0.926562
vt 0.531250 0.926562
vt 0.625000 0.863281
vt 0.625000 0.992188
vt 0.531250 0.926562
vt 0.625000 0.992188
vt 0.625000 0.863281
vt 0.531250 0.926562
vt 0.625000 0.992188
vt 0.531250 0.926562
vt 0.531250 0.926562
vt 0.625000 0.992188
vt 0.625000 0.992188
vt 0.625000 0.992188
vt 0.625000 0.863281
vt 0.718750 0.926562
vt 0.625000 0.992188
vt 0.718750 0.926562
vt 0.625000 0.863281
vt 0.625000 0.992188
vt 0.718750 0.926562
vt 0.625000 0.992188
vt 0.625000 0.992188
vt 0.718750 0.926562
vt 0.718750 0.926562
vt 0.718750 0.926562
vt 0.625000 0.863281
vt 0.730469 0.816406
vt 0.718750 0.926562
vt 0.730469 0.816406
vt 0.625000 0.863281
vt 0.718750 0.926562
vt 0.730469 0.816406
vt 0.718750 0.926562
vt 0.718750 0.926562
vt 0.730469 0.816406
vt 0.730469 0.816406
vt 0.730469 0.816406
vt 0.625000 0.863281
vt 0.625000 0.757812
vt 0.730469 0.816406
vt 0.625000 0.757812
vt 0.625000 0.863281
vt 0.730469 0.816406
vt 0.625000 0.757812
vt 0.730469 0.816406
vt 0.730469 0.816406
vt 0.625000 0.757812
vt 0.625000 0.757812
vn 0.115859 0.937743 0.327437
vn 0.115859 0.937743 0.327437
vn 0.115859 0.937743 0.327437
vn 0.025439 -0.999633 -0.009295
vn 0.025439 -0.999633 -0.009295
vn 0.025439 -0.999633 -0.009295
vn 0.401505 0.000000 0.915857
vn 0.401505 0.000000 0.915857
vn 0.401505 0.000000 0.915857
vn 0.401505 -0.000000 0.915857
vn 0.401505 -0.000000 0.915857
vn 0.401505 -0.000000 0.915857
vn 0.173856 0.819085 0.546693
vn 0.173856 0.819085 0.546693
vn 0.173856 0.819085 0.546693
vn 0.025439 -0.999633 -0.009295
vn 0.025439 -0.999633 -0.009295
vn 0.025439 -0.999633 -0.009295
vn 0.339697 0.000000 0.940535
vn 0.339697 0.000000 0.940535
vn 0.339697 0.000000 0.940535
vn 0.339697 -0.000000 0.940535
vn 0.339697 -0.000000 0.940535
vn 0.339697 -0.000000 0.940535
vn 0.081834 0.933351 0.349513
vn 0.081834 0.933351 0.349513
vn 0.081834 0.933351 0.349513
vn 0.025439 -0.999633 -0.009295
vn 0.025439 -0.999633 -0.009295
vn 0.025439 -0.999633 -0.009295
vn 0.295914 0.000000 0.955215
vn 0.295914 0.000000 0.955215
vn 0.295914 0.000000 0.955215
vn 0.295914 -0.000000 0.955215
vn 0.295914 -0.000000 0.955215
vn 0.295914 -0.000000 0.955215
vn -0.162774 0.933351 -0.319939
vn -0.162774 0.933351 -0.319939
vn -0.162774 0.933351 -0.319939
vn 0.025439 -0.999633 -0.009295
vn 0.025439 -0.999633 -0.009295
vn 0.025439 -0.999633 -0.009295
vn -0.389617 -0.000000 -0.920977
vn -0.389617 -0.000000 -0.920977
vn -0.389617 -0.000000 -0.920977
vn -0.389617 -0.000000 -0.920977
vn -0.389617 -0.000000 -0.920977
vn -0.389617 -0.000000 -0.920977
vn -0.219550 0.819085 -0.529998
vn -0.219550 0.819085 -0.529998
vn -0.219550 0.819085 -0.529998
vn 0.025439 -0.999633 -0.009295
vn 0.025439 -0.999633 -0.009295
vn 0.025439 -0.999633 -0.009295
vn -0.346684 -0.000000 -0.937982
vn -0.346684 -0.000000 -0.937982
vn -0.346684 -0.000000 -0.937982
vn -0.346684 -0.000000 -0.937982
vn -0.346684 -0.000000 -0.937982
vn -0.346684 -0.000000 -0.937982
vn -0.122531 0.937743 -0.324999
vn -0.122531 0.937743 -0.324999
vn -0.122531 0.937743 -0.324999
vn 0.025439 -0.999633 -0.009295
vn 0.025439 -0.999633 -0.009295
vn 0.025439 -0.999633 -0.009295
vn -0.283526 -0.000000 -0.958965
vn -0.283526 -0.000000 -0.958965
vn -0.283526 -0.000000 -0.958965
vn -0.283526 -0.000000 -0.958965
vn -0.283526 -0.000000 -0.958965
vn -0.283526 -0.000000 -0.958965
f 2113/2113/2113 2114/2114/2114 2115/2115/2115
f 2116/2116/2116 2117/2117/2117 2118/2118/2118
f 2119/2119/2119 2120/2120/2120 2121/2121/2121
f 2122/2122/2122 2123/2123/2123 2124/2124/2124
f 2125/2125/2125 2126/2126/2126 2127/2127/2127
f 2128/2128/2128 2129/2129/2129 2130/2130/2130
f 2131/2131/2131 2132/2132/2132 2133/2133/2133
f 2134/2134/2134 2135/2135/2135 2136/2136/2136
f 2137/2137/2137 2138/2138/2138 2139/2139/2139
f 2140/2140/2140 2141/2141/2141 2142/2142/2142
f 2143/2143/2143 2144/2144/2144 2145/2145/2145
f 2146/2146/2146 2147/2147/2147 2148/2148/2148
f 2149/2149/2149 2150/2150/2150 2151/2151/2151
f 2152/2152/2152 2153/2153/2153 2154/2154/2154
f 2155/2155/2155 2156/2156/2156 2157/2157/2157
f 2158/2158/2158 2159/2159/2159 2160/2160/2160
f 2161/2161/2161 2162/2162/2162 2163/2163/2163
f 2164/2164/2164 2165/2165/2165 2166/2166/2166
f 2167/2167/2167 2168/2168/2168 2169/2169/2169
f 2170/2170/2170 2171/2171/2171 2172/2172/2172
f 2173/2173/2173 2174/2174/2174 2175/2175/2175
f 2176/2176/2176 2177/2177/2177 2178/2178/2178
f 2179/2179/2179 2180/2180/2180 2181/2181/2181
f 2182/2182/2182 2183/2183/2183 2184/2184/2184
o LeftWingFeather6
usemtl PaintedCrystalBlue
v -23.200000 0.700000 8.000000
v -35.260000 0.950000 12.860000
v -29.126283 0.450000 12.619964
v -23.200000 0.385000 8.000000
v -29.126283 0.135000 12.619964
v -35.260000 -0.065000 12.860000
v -23.200000 0.700000 8.000000
v -29.126283 0.135000 12.619964
v -23.200000 0.385000 8.000000
v -23.200000 0.700000 8.000000
v -29.126283 0.450000 12.619964
v -29.126283 0.135000 12.619964
v -29.126283 0.450000 12.619964
v -35.260000 0.950000 12.860000
v -41.808252 -0.020000 17.482635
v -29.126283 0.135000 12.619964
v -41.808252 -0.335000 17.482635
v -35.260000 -0.065000 12.860000
v -29.126283 0.450000 12.619964
v -41.808252 -0.335000 17.482635
v -29.126283 0.135000 12.619964
v -29.126283 0.450000 12.619964
v -41.808252 -0.020000 17.482635
v -41.808252 -0.335000 17.482635
v -41.808252 -0.020000 17.482635
v -35.260000 0.950000 12.860000
v -50.000000 -0.300000 18.800000
v -41.808252 -0.335000 17.482635
v -50.000000 -0.615000 18.800000
v -35.260000 -0.065000 12.860000
v -41.808252 -0.020000 17.482635
v -50.000000 -0.615000 18.800000
v -41.808252 -0.335000 17.482635
v -41.808252 -0.020000 17.482635
v -50.000000 -0.300000 18.800000
v -50.000000 -0.615000 18.800000
v -50.000000 -0.300000 18.800000
v -35.260000 0.950000 12.860000
v -43.183748 -0.020000 14.069365
v -50.000000 -0.615000 18.800000
v -43.183748 -0.335000 14.069365
v -35.260000 -0.065000 12.860000
v -50.000000 -0.300000 18.800000
v -43.183748 -0.335000 14.069365
v -50.000000 -0.615000 18.800000
v -50.000000 -0.300000 18.800000
v -43.183748 -0.020000 14.069365
v -43.183748 -0.335000 14.069365
v -43.183748 -0.020000 14.069365
v -35.260000 0.950000 12.860000
v -30.673717 0.450000 8.780036
v -43.183748 -0.335000 14.069365
v -30.673717 0.135000 8.780036
v -35.260000 -0.065000 12.860000
v -43.183748 -0.020000 14.069365
v -30.673717 0.135000 8.780036
v -43.183748 -0.335000 14.069365
v -43.183748 -0.020000 14.069365
v -30.673717 0.450000 8.780036
v -30.673717 0.135000 8.780036
v -30.673717 0.450000 8.780036
v -35.260000 0.950000 12.860000
v -23.200000 0.700000 8.000000
v -30.673717 0.135000 8.780036
v -23.200000 0.385000 8.000000
v -35.260000 -0.065000 12.860000
v -30.673717 0.450000 8.780036
v -23.200000 0.385000 8.000000
v -30.673717 0.135000 8.780036
v -30.673717 0.450000 8.780036
v -23.200000 0.700000 8.000000
v -23.200000 0.385000 8.000000
vt 0.375000 0.507812
vt 0.375000 0.613281
vt 0.269531 0.566406
vt 0.375000 0.507812
vt 0.269531 0.566406
vt 0.375000 0.613281
vt 0.375000 0.507812
vt 0.269531 0.566406
vt 0.375000 0.507812
vt 0.375000 0.507812
vt 0.269531 0.566406
vt 0.269531 0.566406
vt 0.269531 0.566406
vt 0.375000 0.613281
vt 0.281250 0.676562
vt 0.269531 0.566406
vt 0.281250 0.676562
vt 0.375000 0.613281
vt 0.269531 0.566406
vt 0.281250 0.676562
vt 0.269531 0.566406
vt 0.269531 0.566406
vt 0.281250 0.676562
vt 0.281250 0.676562
vt 0.281250 0.676562
vt 0.375000 0.613281
vt 0.375000 0.742188
vt 0.281250 0.676562
vt 0.375000 0.742188
vt 0.375000 0.613281
vt 0.281250 0.676562
vt 0.375000 0.742188
vt 0.281250 0.676562
vt 0.281250 0.676562
vt 0.375000 0.742188
vt 0.375000 0.742188
vt 0.375000 0.742188
vt 0.375000 0.613281
vt 0.468750 0.676562
vt 0.375000 0.742188
vt 0.468750 0.676562
vt 0.375000 0.613281
vt 0.375000 0.742188
vt 0.468750 0.676562
vt 0.375000 0.742188
vt 0.375000 0.742188
vt 0.468750 0.676562
vt 0.468750 0.676562
vt 0.468750 0.676562
vt 0.375000 0.613281
vt 0.480469 0.566406
vt 0.468750 0.676562
vt 0.480469 0.566406
vt 0.375000 0.613281
vt 0.468750 0.676562
vt 0.480469 0.566406
vt 0.468750 0.676562
vt 0.468750 0.676562
vt 0.480469 0.566406
vt 0.480469 0.566406
vt 0.480469 0.566406
vt 0.375000 0.613281
vt 0.375000 0.507812
vt 0.480469 0.566406
vt 0.375000 0.507812
vt 0.375000 0.613281
vt 0.480469 0.566406
vt 0.375000 0.507812
vt 0.480469 0.566406
vt 0.480469 0.566406
vt 0.375000 0.507812
vt 0.375000 0.507812
vn 0.086525 0.982631 0.164164
vn 0.086525 0.982631 0.164164
vn 0.086525 0.982631 0.164164
vn 0.032081 -0.999402 -0.012928
vn 0.032081 -0.999402 -0.012928
vn 0.032081 -0.999402 -0.012928
vn 0.614822 0.000000 0.788666
vn 0.614822 0.000000 0.788666
vn 0.614822 0.000000 0.788666
vn 0.614822 -0.000000 0.788666
vn 0.614822 -0.000000 0.788666
vn 0.614822 -0.000000 0.788666
vn 0.089457 0.941706 0.324326
vn 0.089457 0.941706 0.324326
vn 0.089457 0.941706 0.324326
vn 0.032081 -0.999402 -0.012928
vn 0.032081 -0.999402 -0.012928
vn 0.032081 -0.999402 -0.012928
vn 0.358016 0.000000 0.933715
vn 0.358016 0.000000 0.933715
vn 0.358016 0.000000 0.933715
vn 0.358016 -0.000000 0.933715
vn 0.358016 -0.000000 0.933715
vn 0.358016 -0.000000 0.933715
vn -0.000552 0.978842 0.204615
vn -0.000552 0.978842 0.204615
vn -0.000552 0.978842 0.204615
vn 0.032081 -0.999402 -0.012928
vn 0.032081 -0.999402 -0.012928
vn 0.032081 -0.999402 -0.012928
vn 0.158776 0.000000 0.987315
vn 0.158776 0.000000 0.987315
vn 0.158776 0.000000 0.987315
vn 0.158776 -0.000000 0.987315
vn 0.158776 -0.000000 0.987315
vn 0.158776 -0.000000 0.987315
vn -0.142272 0.978842 -0.147059
vn -0.142272 0.978842 -0.147059
vn -0.142272 0.978842 -0.147059
vn 0.032081 -0.999402 -0.012928
vn 0.032081 -0.999402 -0.012928
vn 0.032081 -0.999402 -0.012928
vn -0.570162 -0.000000 -0.821532
vn -0.570162 -0.000000 -0.821532
vn -0.570162 -0.000000 -0.821532
vn -0.570162 -0.000000 -0.821532
vn -0.570162 -0.000000 -0.821532
vn -0.570162 -0.000000 -0.821532
vn -0.160417 0.941706 -0.295730
vn -0.160417 0.941706 -0.295730
vn -0.160417 0.941706 -0.295730
vn 0.032081 -0.999402 -0.012928
vn 0.032081 -0.999402 -0.012928
vn 0.032081 -0.999402 -0.012928
vn -0.389429 -0.000000 -0.921056
vn -0.389429 -0.000000 -0.921056
vn -0.389429 -0.000000 -0.921056
vn -0.389429 -0.000000 -0.921056
vn -0.389429 -0.000000 -0.921056
vn -0.389429 -0.000000 -0.921056
vn -0.051478 0.982631 -0.178287
vn -0.051478 0.982631 -0.178287
vn -0.051478 0.982631 -0.178287
vn 0.032081 -0.999402 -0.012928
vn 0.032081 -0.999402 -0.012928
vn 0.032081 -0.999402 -0.012928
vn -0.103807 -0.000000 -0.994597
vn -0.103807 -0.000000 -0.994597
vn -0.103807 -0.000000 -0.994597
vn -0.103807 -0.000000 -0.994597
vn -0.103807 -0.000000 -0.994597
vn -0.103807 -0.000000 -0.994597
f 2185/2185/2185 2186/2186/2186 2187/2187/2187
f 2188/2188/2188 2189/2189/2189 2190/2190/2190
f 2191/2191/2191 2192/2192/2192 2193/2193/2193
f 2194/2194/2194 2195/2195/2195 2196/2196/2196
f 2197/2197/2197 2198/2198/2198 2199/2199/2199
f 2200/2200/2200 2201/2201/2201 2202/2202/2202
f 2203/2203/2203 2204/2204/2204 2205/2205/2205
f 2206/2206/2206 2207/2207/2207 2208/2208/2208
f 2209/2209/2209 2210/2210/2210 2211/2211/2211
f 2212/2212/2212 2213/2213/2213 2214/2214/2214
f 2215/2215/2215 2216/2216/2216 2217/2217/2217
f 2218/2218/2218 2219/2219/2219 2220/2220/2220
f 2221/2221/2221 2222/2222/2222 2223/2223/2223
f 2224/2224/2224 2225/2225/2225 2226/2226/2226
f 2227/2227/2227 2228/2228/2228 2229/2229/2229
f 2230/2230/2230 2231/2231/2231 2232/2232/2232
f 2233/2233/2233 2234/2234/2234 2235/2235/2235
f 2236/2236/2236 2237/2237/2237 2238/2238/2238
f 2239/2239/2239 2240/2240/2240 2241/2241/2241
f 2242/2242/2242 2243/2243/2243 2244/2244/2244
f 2245/2245/2245 2246/2246/2246 2247/2247/2247
f 2248/2248/2248 2249/2249/2249 2250/2250/2250
f 2251/2251/2251 2252/2252/2252 2253/2253/2253
f 2254/2254/2254 2255/2255/2255 2256/2256/2256
o LeftWingGoldVein6
usemtl PaintedCrystalBlue
v -23.200000 1.600000 8.000000
v -30.677200 1.501000 11.013200
v -27.253080 1.445000 9.924430
v -23.200000 1.519000 8.000000
v -27.253080 1.364000 9.924430
v -30.677200 1.240000 11.013200
v -23.200000 1.600000 8.000000
v -27.253080 1.364000 9.924430
v -23.200000 1.519000 8.000000
v -23.200000 1.600000 8.000000
v -27.253080 1.445000 9.924430
v -27.253080 1.364000 9.924430
v -27.253080 1.445000 9.924430
v -30.677200 1.501000 11.013200
v -35.073814 1.153600 13.043725
v -27.253080 1.364000 9.924430
v -35.073814 1.072600 13.043725
v -30.677200 1.240000 11.013200
v -27.253080 1.445000 9.924430
v -35.073814 1.072600 13.043725
v -27.253080 1.364000 9.924430
v -27.253080 1.445000 9.924430
v -35.073814 1.153600 13.043725
v -35.073814 1.072600 13.043725
v -35.073814 1.153600 13.043725
v -30.677200 1.501000 11.013200
v -39.816000 0.980000 14.696000
v -35.073814 1.072600 13.043725
v -39.816000 0.899000 14.696000
v -30.677200 1.240000 11.013200
v -35.073814 1.153600 13.043725
v -39.816000 0.899000 14.696000
v -35.073814 1.072600 13.043725
v -35.073814 1.153600 13.043725
v -39.816000 0.980000 14.696000
v -39.816000 0.899000 14.696000
v -39.816000 0.980000 14.696000
v -30.677200 1.501000 11.013200
v -35.253226 1.153600 12.598515
v -39.816000 0.899000 14.696000
v -35.253226 1.072600 12.598515
v -30.677200 1.240000 11.013200
v -39.816000 0.980000 14.696000
v -35.253226 1.072600 12.598515
v -39.816000 0.899000 14.696000
v -39.816000 0.980000 14.696000
v -35.253226 1.153600 12.598515
v -35.253226 1.072600 12.598515
v -35.253226 1.153600 12.598515
v -30.677200 1.501000 11.013200
v -27.454920 1.445000 9.423570
v -35.253226 1.072600 12.598515
v -27.454920 1.364000 9.423570
v -30.677200 1.240000 11.013200
v -35.253226 1.153600 12.598515
v -27.454920 1.364000 9.423570
v -35.253226 1.072600 12.598515
v -35.253226 1.153600 12.598515
v -27.454920 1.445000 9.423570
v -27.454920 1.364000 9.423570
v -27.454920 1.445000 9.423570
v -30.677200 1.501000 11.013200
v -23.200000 1.600000 8.000000
v -27.454920 1.364000 9.423570
v -23.200000 1.519000 8.000000
v -30.677200 1.240000 11.013200
v -27.454920 1.445000 9.423570
v -23.200000 1.519000 8.000000
v -27.454920 1.364000 9.423570
v -27.454920 1.445000 9.423570
v -23.200000 1.600000 8.000000
v -23.200000 1.519000 8.000000
vt 0.625000 0.757812
vt 0.625000 0.863281
vt 0.519531 0.816406
vt 0.625000 0.757812
vt 0.519531 0.816406
vt 0.625000 0.863281
vt 0.625000 0.757812
vt 0.519531 0.816406
vt 0.625000 0.757812
vt 0.625000 0.757812
vt 0.519531 0.816406
vt 0.519531 0.816406
vt 0.519531 0.816406
vt 0.625000 0.863281
vt 0.531250 0.926562
vt 0.519531 0.816406
vt 0.531250 0.926562
vt 0.625000 0.863281
vt 0.519531 0.816406
vt 0.531250 0.926562
vt 0.519531 0.816406
vt 0.519531 0.816406
vt 0.531250 0.926562
vt 0.531250 0.926562
vt 0.531250 0.926562
vt 0.625000 0.863281
vt 0.625000 0.992188
vt 0.531250 0.926562
vt 0.625000 0.992188
vt 0.625000 0.863281
vt 0.531250 0.926562
vt 0.625000 0.992188
vt 0.531250 0.926562
vt 0.531250 0.926562
vt 0.625000 0.992188
vt 0.625000 0.992188
vt 0.625000 0.992188
vt 0.625000 0.863281
vt 0.718750 0.926562
vt 0.625000 0.992188
vt 0.718750 0.926562
vt 0.625000 0.863281
vt 0.625000 0.992188
vt 0.718750 0.926562
vt 0.625000 0.992188
vt 0.625000 0.992188
vt 0.718750 0.926562
vt 0.718750 0.926562
vt 0.718750 0.926562
vt 0.625000 0.863281
vt 0.730469 0.816406
vt 0.718750 0.926562
vt 0.730469 0.816406
vt 0.625000 0.863281
vt 0.718750 0.926562
vt 0.730469 0.816406
vt 0.718750 0.926562
vt 0.718750 0.926562
vt 0.730469 0.816406
vt 0.730469 0.816406
vt 0.730469 0.816406
vt 0.625000 0.863281
vt 0.625000 0.757812
vt 0.730469 0.816406
vt 0.625000 0.757812
vt 0.625000 0.863281
vt 0.730469 0.816406
vt 0.625000 0.757812
vt 0.730469 0.816406
vt 0.730469 0.816406
vt 0.625000 0.757812
vt 0.625000 0.757812
vn 0.119129 0.937687 0.326423
vn 0.119129 0.937687 0.326423
vn 0.119129 0.937687 0.326423
vn 0.032081 -0.999402 -0.012928
vn 0.032081 -0.999402 -0.012928
vn 0.032081 -0.999402 -0.012928
vn 0.428914 0.000000 0.903345
vn 0.428914 0.000000 0.903345
vn 0.428914 0.000000 0.903345
vn 0.428914 -0.000000 0.903345
vn 0.428914 -0.000000 0.903345
vn 0.428914 -0.000000 0.903345
vn 0.186014 0.818949 0.542882
vn 0.186014 0.818949 0.542882
vn 0.186014 0.818949 0.542882
vn 0.032081 -0.999402 -0.012928
vn 0.032081 -0.999402 -0.012928
vn 0.032081 -0.999402 -0.012928
vn 0.370469 0.000000 0.928845
vn 0.370469 0.000000 0.928845
vn 0.370469 0.000000 0.928845
vn 0.370469 -0.000000 0.928845
vn 0.370469 -0.000000 0.928845
vn 0.370469 -0.000000 0.928845
vn 0.087401 0.933081 0.348886
vn 0.087401 0.933081 0.348886
vn 0.087401 0.933081 0.348886
vn 0.032081 -0.999402 -0.012928
vn 0.032081 -0.999402 -0.012928
vn 0.032081 -0.999402 -0.012928
vn 0.329021 0.000000 0.944322
vn 0.329021 0.000000 0.944322
vn 0.329021 0.000000 0.944322
vn 0.329021 -0.000000 0.944322
vn 0.329021 -0.000000 0.944322
vn 0.329021 -0.000000 0.944322
vn -0.178927 0.933081 -0.312003
vn -0.178927 0.933081 -0.312003
vn -0.178927 0.933081 -0.312003
vn 0.032081 -0.999402 -0.012928
vn 0.032081 -0.999402 -0.012928
vn 0.032081 -0.999402 -0.012928
vn -0.417677 -0.000000 -0.908596
vn -0.417677 -0.000000 -0.908596
vn -0.417677 -0.000000 -0.908596
vn -0.417677 -0.000000 -0.908596
vn -0.417677 -0.000000 -0.908596
vn -0.417677 -0.000000 -0.908596
vn -0.242379 0.818949 -0.520168
vn -0.242379 0.818949 -0.520168
vn -0.242379 0.818949 -0.520168
vn 0.032081 -0.999402 -0.012928
vn 0.032081 -0.999402 -0.012928
vn 0.032081 -0.999402 -0.012928
vn -0.377079 -0.000000 -0.926181
vn -0.377079 -0.000000 -0.926181
vn -0.377079 -0.000000 -0.926181
vn -0.377079 -0.000000 -0.926181
vn -0.377079 -0.000000 -0.926181
vn -0.377079 -0.000000 -0.926181
vn -0.140490 0.937687 -0.317815
vn -0.140490 0.937687 -0.317815
vn -0.140490 0.937687 -0.317815
vn 0.032081 -0.999402 -0.012928
vn 0.032081 -0.999402 -0.012928
vn 0.032081 -0.999402 -0.012928
vn -0.317283 -0.000000 -0.948331
vn -0.317283 -0.000000 -0.948331
vn -0.317283 -0.000000 -0.948331
vn -0.317283 -0.000000 -0.948331
vn -0.317283 -0.000000 -0.948331
vn -0.317283 -0.000000 -0.948331
f 2257/2257/2257 2258/2258/2258 2259/2259/2259
f 2260/2260/2260 2261/2261/2261 2262/2262/2262
f 2263/2263/2263 2264/2264/2264 2265/2265/2265
f 2266/2266/2266 2267/2267/2267 2268/2268/2268
f 2269/2269/2269 2270/2270/2270 2271/2271/2271
f 2272/2272/2272 2273/2273/2273 2274/2274/2274
f 2275/2275/2275 2276/2276/2276 2277/2277/2277
f 2278/2278/2278 2279/2279/2279 2280/2280/2280
f 2281/2281/2281 2282/2282/2282 2283/2283/2283
f 2284/2284/2284 2285/2285/2285 2286/2286/2286
f 2287/2287/2287 2288/2288/2288 2289/2289/2289
f 2290/2290/2290 2291/2291/2291 2292/2292/2292
f 2293/2293/2293 2294/2294/2294 2295/2295/2295
f 2296/2296/2296 2297/2297/2297 2298/2298/2298
f 2299/2299/2299 2300/2300/2300 2301/2301/2301
f 2302/2302/2302 2303/2303/2303 2304/2304/2304
f 2305/2305/2305 2306/2306/2306 2307/2307/2307
f 2308/2308/2308 2309/2309/2309 2310/2310/2310
f 2311/2311/2311 2312/2312/2312 2313/2313/2313
f 2314/2314/2314 2315/2315/2315 2316/2316/2316
f 2317/2317/2317 2318/2318/2318 2319/2319/2319
f 2320/2320/2320 2321/2321/2321 2322/2322/2322
f 2323/2323/2323 2324/2324/2324 2325/2325/2325
f 2326/2326/2326 2327/2327/2327 2328/2328/2328
o LeftTailFin
usemtl PaintedCrystalBlue
v -1.000000 -1.000000 25.000000
v -6.850000 -0.300000 28.150000
v -2.543241 -1.000000 29.919696
v -1.000000 -1.315000 25.000000
v -2.543241 -1.315000 29.919696
v -6.850000 -1.315000 28.150000
v -1.000000 -1.000000 25.000000
v -2.543241 -1.315000 29.919696
v -1.000000 -1.315000 25.000000
v -1.000000 -1.000000 25.000000
v -2.543241 -1.000000 29.919696
v -2.543241 -1.315000 29.919696
v -2.543241 -1.000000 29.919696
v -6.850000 -0.300000 28.150000
v -8.842881 -1.000000 32.857508
v -2.543241 -1.315000 29.919696
v -8.842881 -1.315000 32.857508
v -6.850000 -1.315000 28.150000
v -2.543241 -1.000000 29.919696
v -8.842881 -1.315000 32.857508
v -2.543241 -1.315000 29.919696
v -2.543241 -1.000000 29.919696
v -8.842881 -1.000000 32.857508
v -8.842881 -1.315000 32.857508
v -8.842881 -1.000000 32.857508
v -6.850000 -0.300000 28.150000
v -14.000000 -1.000000 32.000000
v -8.842881 -1.315000 32.857508
v -14.000000 -1.315000 32.000000
v -6.850000 -1.315000 28.150000
v -8.842881 -1.000000 32.857508
v -14.000000 -1.315000 32.000000
v -8.842881 -1.315000 32.857508
v -8.842881 -1.000000 32.857508
v -14.000000 -1.000000 32.000000
v -14.000000 -1.315000 32.000000
v -14.000000 -1.000000 32.000000
v -6.850000 -0.300000 28.150000
v -11.877119 -1.000000 27.222492
v -14.000000 -1.315000 32.000000
v -11.877119 -1.315000 27.222492
v -6.850000 -1.315000 28.150000
v -14.000000 -1.000000 32.000000
v -11.877119 -1.315000 27.222492
v -14.000000 -1.315000 32.000000
v -14.000000 -1.000000 32.000000
v -11.877119 -1.000000 27.222492
v -11.877119 -1.315000 27.222492
v -11.877119 -1.000000 27.222492
v -6.850000 -0.300000 28.150000
v -5.956759 -1.000000 23.580304
v -11.877119 -1.315000 27.222492
v -5.956759 -1.315000 23.580304
v -6.850000 -1.315000 28.150000
v -11.877119 -1.000000 27.222492
v -5.956759 -1.315000 23.580304
v -11.877119 -1.315000 27.222492
v -11.877119 -1.000000 27.222492
v -5.956759 -1.000000 23.580304
v -5.956759 -1.315000 23.580304
v -5.956759 -1.000000 23.580304
v -6.850000 -0.300000 28.150000
v -1.000000 -1.000000 25.000000
v -5.956759 -1.315000 23.580304
v -1.000000 -1.315000 25.000000
v -6.850000 -1.315000 28.150000
v -5.956759 -1.000000 23.580304
v -1.000000 -1.315000 25.000000
v -5.956759 -1.315000 23.580304
v -5.956759 -1.000000 23.580304
v -1.000000 -1.000000 25.000000
v -1.000000 -1.315000 25.000000
vt 0.375000 0.507812
vt 0.375000 0.613281
vt 0.269531 0.566406
vt 0.375000 0.507812
vt 0.269531 0.566406
vt 0.375000 0.613281
vt 0.375000 0.507812
vt 0.269531 0.566406
vt 0.375000 0.507812
vt 0.375000 0.507812
vt 0.269531 0.566406
vt 0.269531 0.566406
vt 0.269531 0.566406
vt 0.375000 0.613281
vt 0.281250 0.676562
vt 0.269531 0.566406
vt 0.281250 0.676562
vt 0.375000 0.613281
vt 0.269531 0.566406
vt 0.281250 0.676562
vt 0.269531 0.566406
vt 0.269531 0.566406
vt 0.281250 0.676562
vt 0.281250 0.676562
vt 0.281250 0.676562
vt 0.375000 0.613281
vt 0.375000 0.742188
vt 0.281250 0.676562
vt 0.375000 0.742188
vt 0.375000 0.613281
vt 0.281250 0.676562
vt 0.375000 0.742188
vt 0.281250 0.676562
vt 0.281250 0.676562
vt 0.375000 0.742188
vt 0.375000 0.742188
vt 0.375000 0.742188
vt 0.375000 0.613281
vt 0.468750 0.676562
vt 0.375000 0.742188
vt 0.468750 0.676562
vt 0.375000 0.613281
vt 0.375000 0.742188
vt 0.468750 0.676562
vt 0.375000 0.742188
vt 0.375000 0.742188
vt 0.468750 0.676562
vt 0.468750 0.676562
vt 0.468750 0.676562
vt 0.375000 0.613281
vt 0.480469 0.566406
vt 0.468750 0.676562
vt 0.480469 0.566406
vt 0.375000 0.613281
vt 0.468750 0.676562
vt 0.480469 0.566406
vt 0.468750 0.676562
vt 0.468750 0.676562
vt 0.480469 0.566406
vt 0.480469 0.566406
vt 0.480469 0.566406
vt 0.375000 0.613281
vt 0.375000 0.507812
vt 0.480469 0.566406
vt 0.375000 0.507812
vt 0.375000 0.613281
vt 0.480469 0.566406
vt 0.375000 0.507812
vt 0.480469 0.566406
vt 0.480469 0.566406
vt 0.375000 0.507812
vt 0.375000 0.507812
vn 0.142365 0.988806 0.044658
vn 0.142365 0.988806 0.044658
vn 0.142365 0.988806 0.044658
vn 0.000000 -1.000000 0.000000
vn 0.000000 -1.000000 0.000000
vn 0.000000 -1.000000 0.000000
vn 0.954157 0.000000 0.299306
vn 0.954157 0.000000 0.299306
vn 0.954157 0.000000 0.299306
vn 0.954157 -0.000000 0.299306
vn 0.954157 -0.000000 0.299306
vn 0.954157 -0.000000 0.299306
vn 0.084652 0.979737 0.181522
vn 0.084652 0.979737 0.181522
vn 0.084652 0.979737 0.181522
vn -0.000000 -1.000000 0.000000
vn -0.000000 -1.000000 0.000000
vn -0.000000 -1.000000 0.000000
vn 0.422647 0.000000 0.906294
vn 0.422647 0.000000 0.906294
vn 0.422647 0.000000 0.906294
vn 0.422647 -0.000000 0.906294
vn 0.422647 -0.000000 0.906294
vn 0.422647 -0.000000 0.906294
vn -0.022873 0.990229 0.137562
vn -0.022873 0.990229 0.137562
vn -0.022873 0.990229 0.137562
vn 0.000000 -1.000000 -0.000000
vn 0.000000 -1.000000 -0.000000
vn 0.000000 -1.000000 -0.000000
vn -0.164024 -0.000000 0.986456
vn -0.164024 -0.000000 0.986456
vn -0.164024 -0.000000 0.986456
vn -0.164024 -0.000000 0.986456
vn -0.164024 -0.000000 0.986456
vn -0.164024 -0.000000 0.986456
vn -0.127437 0.990229 -0.056626
vn -0.127437 0.990229 -0.056626
vn -0.127437 0.990229 -0.056626
vn 0.000000 -1.000000 0.000000
vn 0.000000 -1.000000 0.000000
vn 0.000000 -1.000000 0.000000
vn -0.913844 -0.000000 -0.406066
vn -0.913844 -0.000000 -0.406066
vn -0.913844 -0.000000 -0.406066
vn -0.913844 -0.000000 -0.406066
vn -0.913844 -0.000000 -0.406066
vn -0.913844 -0.000000 -0.406066
vn -0.104949 0.979737 -0.170593
vn -0.104949 0.979737 -0.170593
vn -0.104949 0.979737 -0.170593
vn 0.000000 -1.000000 0.000000
vn 0.000000 -1.000000 0.000000
vn 0.000000 -1.000000 0.000000
vn -0.523982 -0.000000 -0.851730
vn -0.523982 -0.000000 -0.851730
vn -0.523982 -0.000000 -0.851730
vn -0.523982 -0.000000 -0.851730
vn -0.523982 -0.000000 -0.851730
vn -0.523982 -0.000000 -0.851730
vn 0.041083 0.988806 -0.143438
vn 0.041083 0.988806 -0.143438
vn 0.041083 0.988806 -0.143438
vn 0.000000 -1.000000 0.000000
vn 0.000000 -1.000000 0.000000
vn 0.000000 -1.000000 0.000000
vn 0.275345 -0.000000 -0.961346
vn 0.275345 -0.000000 -0.961346
vn 0.275345 -0.000000 -0.961346
vn 0.275345 -0.000000 -0.961346
vn 0.275345 -0.000000 -0.961346
vn 0.275345 -0.000000 -0.961346
f 2329/2329/2329 2330/2330/2330 2331/2331/2331
f 2332/2332/2332 2333/2333/2333 2334/2334/2334
f 2335/2335/2335 2336/2336/2336 2337/2337/2337
f 2338/2338/2338 2339/2339/2339 2340/2340/2340
f 2341/2341/2341 2342/2342/2342 2343/2343/2343
f 2344/2344/2344 2345/2345/2345 2346/2346/2346
f 2347/2347/2347 2348/2348/2348 2349/2349/2349
f 2350/2350/2350 2351/2351/2351 2352/2352/2352
f 2353/2353/2353 2354/2354/2354 2355/2355/2355
f 2356/2356/2356 2357/2357/2357 2358/2358/2358
f 2359/2359/2359 2360/2360/2360 2361/2361/2361
f 2362/2362/2362 2363/2363/2363 2364/2364/2364
f 2365/2365/2365 2366/2366/2366 2367/2367/2367
f 2368/2368/2368 2369/2369/2369 2370/2370/2370
f 2371/2371/2371 2372/2372/2372 2373/2373/2373
f 2374/2374/2374 2375/2375/2375 2376/2376/2376
f 2377/2377/2377 2378/2378/2378 2379/2379/2379
f 2380/2380/2380 2381/2381/2381 2382/2382/2382
f 2383/2383/2383 2384/2384/2384 2385/2385/2385
f 2386/2386/2386 2387/2387/2387 2388/2388/2388
f 2389/2389/2389 2390/2390/2390 2391/2391/2391
f 2392/2392/2392 2393/2393/2393 2394/2394/2394
f 2395/2395/2395 2396/2396/2396 2397/2397/2397
f 2398/2398/2398 2399/2399/2399 2400/2400/2400
o RightEar
usemtl PaintedCrystalBlue
v 8.000000 4.000000 -21.000000
v 10.700000 6.965000 -19.650000
v 10.908723 4.925000 -23.067446
v 8.000000 3.415000 -21.000000
v 10.908723 4.340000 -23.067446
v 10.700000 5.080000 -19.650000
v 8.000000 4.000000 -21.000000
v 10.908723 4.340000 -23.067446
v 8.000000 3.415000 -21.000000
v 8.000000 4.000000 -21.000000
v 10.908723 4.925000 -23.067446
v 10.908723 4.340000 -23.067446
v 10.908723 4.925000 -23.067446
v 10.700000 6.965000 -19.650000
v 13.572198 6.664000 -21.344396
v 10.908723 4.340000 -23.067446
v 13.572198 6.079000 -21.344396
v 10.700000 5.080000 -19.650000
v 10.908723 4.925000 -23.067446
v 13.572198 6.079000 -21.344396
v 10.908723 4.340000 -23.067446
v 10.908723 4.925000 -23.067446
v 13.572198 6.664000 -21.344396
v 13.572198 6.079000 -21.344396
v 13.572198 6.664000 -21.344396
v 10.700000 6.965000 -19.650000
v 14.000000 7.700000 -18.000000
v 13.572198 6.079000 -21.344396
v 14.000000 7.115000 -18.000000
v 10.700000 5.080000 -19.650000
v 13.572198 6.664000 -21.344396
v 14.000000 7.115000 -18.000000
v 13.572198 6.079000 -21.344396
v 13.572198 6.664000 -21.344396
v 14.000000 7.700000 -18.000000
v 14.000000 7.115000 -18.000000
v 14.000000 7.700000 -18.000000
v 10.700000 6.965000 -19.650000
v 11.067802 6.664000 -16.335604
v 14.000000 7.115000 -18.000000
v 11.067802 6.079000 -16.335604
v 10.700000 5.080000 -19.650000
v 14.000000 7.700000 -18.000000
v 11.067802 6.079000 -16.335604
v 14.000000 7.115000 -18.000000
v 14.000000 7.700000 -18.000000
v 11.067802 6.664000 -16.335604
v 11.067802 6.079000 -16.335604
v 11.067802 6.664000 -16.335604
v 10.700000 6.965000 -19.650000
v 8.091277 4.925000 -17.432554
v 11.067802 6.079000 -16.335604
v 8.091277 4.340000 -17.432554
v 10.700000 5.080000 -19.650000
v 11.067802 6.664000 -16.335604
v 8.091277 4.340000 -17.432554
v 11.067802 6.079000 -16.335604
v 11.067802 6.664000 -16.335604
v 8.091277 4.925000 -17.432554
v 8.091277 4.340000 -17.432554
v 8.091277 4.925000 -17.432554
v 10.700000 6.965000 -19.650000
v 8.000000 4.000000 -21.000000
v 8.091277 4.340000 -17.432554
v 8.000000 3.415000 -21.000000
v 10.700000 5.080000 -19.650000
v 8.091277 4.925000 -17.432554
v 8.000000 3.415000 -21.000000
v 8.091277 4.340000 -17.432554
v 8.091277 4.925000 -17.432554
v 8.000000 4.000000 -21.000000
v 8.000000 3.415000 -21.000000
vt 0.125000 0.507812
vt 0.125000 0.613281
vt 0.019531 0.566406
vt 0.125000 0.507812
vt 0.019531 0.566406
vt 0.125000 0.613281
vt 0.125000 0.507812
vt 0.019531 0.566406
vt 0.125000 0.507812
vt 0.125000 0.507812
vt 0.019531 0.566406
vt 0.019531 0.566406
vt 0.019531 0.566406
vt 0.125000 0.613281
vt 0.031250 0.676562
vt 0.019531 0.566406
vt 0.031250 0.676562
vt 0.125000 0.613281
vt 0.019531 0.566406
vt 0.031250 0.676562
vt 0.019531 0.566406
vt 0.019531 0.566406
vt 0.031250 0.676562
vt 0.031250 0.676562
vt 0.031250 0.676562
vt 0.125000 0.613281
vt 0.125000 0.742188
vt 0.031250 0.676562
vt 0.125000 0.742188
vt 0.125000 0.613281
vt 0.031250 0.676562
vt 0.125000 0.742188
vt 0.031250 0.676562
vt 0.031250 0.676562
vt 0.125000 0.742188
vt 0.125000 0.742188
vt 0.125000 0.742188
vt 0.125000 0.613281
vt 0.218750 0.676562
vt 0.125000 0.742188
vt 0.218750 0.676562
vt 0.125000 0.613281
vt 0.125000 0.742188
vt 0.218750 0.676562
vt 0.125000 0.742188
vt 0.125000 0.742188
vt 0.218750 0.676562
vt 0.218750 0.676562
vt 0.218750 0.676562
vt 0.125000 0.613281
vt 0.230469 0.566406
vt 0.218750 0.676562
vt 0.230469 0.566406
vt 0.125000 0.613281
vt 0.218750 0.676562
vt 0.230469 0.566406
vt 0.218750 0.676562
vt 0.218750 0.676562
vt 0.230469 0.566406
vt 0.230469 0.566406
vt 0.230469 0.566406
vt 0.125000 0.613281
vt 0.125000 0.507812
vt 0.230469 0.566406
vt 0.125000 0.507812
vt 0.125000 0.613281
vt 0.230469 0.566406
vt 0.125000 0.507812
vt 0.230469 0.566406
vt 0.230469 0.566406
vt 0.125000 0.507812
vt 0.125000 0.507812
vn -0.546343 0.704066 -0.453652
vn -0.546343 0.704066 -0.453652
vn -0.546343 0.704066 -0.453652
vn 0.431981 -0.875637 0.215991
vn 0.431981 -0.875637 0.215991
vn 0.431981 -0.875637 0.215991
vn -0.579341 -0.000000 -0.815085
vn -0.579341 -0.000000 -0.815085
vn -0.579341 -0.000000 -0.815085
vn -0.579341 -0.000000 -0.815085
vn -0.579341 -0.000000 -0.815085
vn -0.579341 -0.000000 -0.815085
vn -0.213748 0.833006 -0.510307
vn -0.213748 0.833006 -0.510307
vn -0.213748 0.833006 -0.510307
vn 0.431981 -0.875637 0.215991
vn 0.431981 -0.875637 0.215991
vn 0.431981 -0.875637 0.215991
vn 0.543168 -0.000000 -0.839624
vn 0.543168 -0.000000 -0.839624
vn 0.543168 -0.000000 -0.839624
vn 0.543168 -0.000000 -0.839624
vn 0.543168 -0.000000 -0.839624
vn 0.543168 -0.000000 -0.839624
vn -0.069244 0.955395 -0.287097
vn -0.069244 0.955395 -0.287097
vn -0.069244 0.955395 -0.287097
vn 0.431981 -0.875637 0.215991
vn 0.431981 -0.875637 0.215991
vn 0.431981 -0.875637 0.215991
vn 0.991918 -0.000000 -0.126882
vn 0.991918 -0.000000 -0.126882
vn 0.991918 -0.000000 -0.126882
vn 0.991918 -0.000000 -0.126882
vn 0.991918 -0.000000 -0.126882
vn 0.991918 -0.000000 -0.126882
vn -0.271224 0.955395 0.116863
vn -0.271224 0.955395 0.116863
vn -0.271224 0.955395 0.116863
vn 0.431981 -0.875637 0.215991
vn 0.431981 -0.875637 0.215991
vn 0.431981 -0.875637 0.215991
vn 0.493645 0.000000 0.869664
vn 0.493645 0.000000 0.869664
vn 0.493645 0.000000 0.869664
vn 0.493645 -0.000000 0.869664
vn 0.493645 -0.000000 0.869664
vn 0.493645 -0.000000 0.869664
vn -0.536494 0.833006 0.135186
vn -0.536494 0.833006 0.135186
vn -0.536494 0.833006 0.135186
vn 0.431981 -0.875637 0.215991
vn 0.431981 -0.875637 0.215991
vn 0.431981 -0.875637 0.215991
vn -0.345799 -0.000000 0.938309
vn -0.345799 -0.000000 0.938309
vn -0.345799 -0.000000 0.938309
vn -0.345799 -0.000000 0.938309
vn -0.345799 -0.000000 0.938309
vn -0.345799 -0.000000 0.938309
vn -0.690727 0.704066 -0.164884
vn -0.690727 0.704066 -0.164884
vn -0.690727 0.704066 -0.164884
vn 0.431981 -0.875637 0.215991
vn 0.431981 -0.875637 0.215991
vn 0.431981 -0.875637 0.215991
vn -0.999673 -0.000000 0.025578
vn -0.999673 -0.000000 0.025578
vn -0.999673 -0.000000 0.025578
vn -0.999673 -0.000000 0.025578
vn -0.999673 -0.000000 0.025578
vn -0.999673 -0.000000 0.025578
f 2401/2401/2401 2402/2402/2402 2403/2403/2403
f 2404/2404/2404 2405/2405/2405 2406/2406/2406
f 2407/2407/2407 2408/2408/2408 2409/2409/2409
f 2410/2410/2410 2411/2411/2411 2412/2412/2412
f 2413/2413/2413 2414/2414/2414 2415/2415/2415
f 2416/2416/2416 2417/2417/2417 2418/2418/2418
f 2419/2419/2419 2420/2420/2420 2421/2421/2421
f 2422/2422/2422 2423/2423/2423 2424/2424/2424
f 2425/2425/2425 2426/2426/2426 2427/2427/2427
f 2428/2428/2428 2429/2429/2429 2430/2430/2430
f 2431/2431/2431 2432/2432/2432 2433/2433/2433
f 2434/2434/2434 2435/2435/2435 2436/2436/2436
f 2437/2437/2437 2438/2438/2438 2439/2439/2439
f 2440/2440/2440 2441/2441/2441 2442/2442/2442
f 2443/2443/2443 2444/2444/2444 2445/2445/2445
f 2446/2446/2446 2447/2447/2447 2448/2448/2448
f 2449/2449/2449 2450/2450/2450 2451/2451/2451
f 2452/2452/2452 2453/2453/2453 2454/2454/2454
f 2455/2455/2455 2456/2456/2456 2457/2457/2457
f 2458/2458/2458 2459/2459/2459 2460/2460/2460
f 2461/2461/2461 2462/2462/2462 2463/2463/2463
f 2464/2464/2464 2465/2465/2465 2466/2466/2466
f 2467/2467/2467 2468/2468/2468 2469/2469/2469
f 2470/2470/2470 2471/2471/2471 2472/2472/2472
o RightWingRoot
usemtl PaintedCrystalBlue
v 10.000000 1.000000 -5.000000
v 18.100000 2.750000 -2.300000
v 17.061445 1.250000 -11.184335
v 10.000000 0.415000 -5.000000
v 17.061445 0.665000 -11.184335
v 18.100000 0.865000 -2.300000
v 10.000000 1.000000 -5.000000
v 17.061445 0.665000 -11.184335
v 10.000000 0.415000 -5.000000
v 10.000000 1.000000 -5.000000
v 17.061445 1.250000 -11.184335
v 17.061445 0.665000 -11.184335
v 17.061445 1.250000 -11.184335
v 18.100000 2.750000 -2.300000
v 25.236840 1.720000 -7.510520
v 17.061445 0.665000 -11.184335
v 25.236840 1.135000 -7.510520
v 18.100000 0.865000 -2.300000
v 17.061445 1.250000 -11.184335
v 25.236840 1.135000 -7.510520
v 17.061445 0.665000 -11.184335
v 17.061445 1.250000 -11.184335
v 25.236840 1.720000 -7.510520
v 25.236840 1.135000 -7.510520
v 25.236840 1.720000 -7.510520
v 18.100000 2.750000 -2.300000
v 28.000000 2.000000 1.000000
v 25.236840 1.135000 -7.510520
v 28.000000 1.415000 1.000000
v 18.100000 0.865000 -2.300000
v 25.236840 1.720000 -7.510520
v 28.000000 1.415000 1.000000
v 25.236840 1.135000 -7.510520
v 25.236840 1.720000 -7.510520
v 28.000000 2.000000 1.000000
v 28.000000 1.415000 1.000000
v 28.000000 2.000000 1.000000
v 18.100000 2.750000 -2.300000
v 20.683160 1.720000 6.150520
v 28.000000 1.415000 1.000000
v 20.683160 1.135000 6.150520
v 18.100000 0.865000 -2.300000
v 28.000000 2.000000 1.000000
v 20.683160 1.135000 6.150520
v 28.000000 1.415000 1.000000
v 28.000000 2.000000 1.000000
v 20.683160 1.720000 6.150520
v 20.683160 1.135000 6.150520
v 20.683160 1.720000 6.150520
v 18.100000 2.750000 -2.300000
v 11.938555 1.250000 4.184335
v 20.683160 1.135000 6.150520
v 11.938555 0.665000 4.184335
v 18.100000 0.865000 -2.300000
v 20.683160 1.720000 6.150520
v 11.938555 0.665000 4.184335
v 20.683160 1.135000 6.150520
v 20.683160 1.720000 6.150520
v 11.938555 1.250000 4.184335
v 11.938555 0.665000 4.184335
v 11.938555 1.250000 4.184335
v 18.100000 2.750000 -2.300000
v 10.000000 1.000000 -5.000000
v 11.938555 0.665000 4.184335
v 10.000000 0.415000 -5.000000
v 18.100000 0.865000 -2.300000
v 11.938555 1.250000 4.184335
v 10.000000 0.415000 -5.000000
v 11.938555 0.665000 4.184335
v 11.938555 1.250000 4.184335
v 10.000000 1.000000 -5.000000
v 10.000000 0.415000 -5.000000
vt 0.125000 0.757812
vt 0.125000 0.863281
vt 0.019531 0.816406
vt 0.125000 0.757812
vt 0.019531 0.816406
vt 0.125000 0.863281
vt 0.125000 0.757812
vt 0.019531 0.816406
vt 0.125000 0.757812
vt 0.125000 0.757812
vt 0.019531 0.816406
vt 0.019531 0.816406
vt 0.019531 0.816406
vt 0.125000 0.863281
vt 0.031250 0.926562
vt 0.019531 0.816406
vt 0.031250 0.926562
vt 0.125000 0.863281
vt 0.019531 0.816406
vt 0.031250 0.926562
vt 0.019531 0.816406
vt 0.019531 0.816406
vt 0.031250 0.926562
vt 0.031250 0.926562
vt 0.031250 0.926562
vt 0.125000 0.863281
vt 0.125000 0.992188
vt 0.031250 0.926562
vt 0.125000 0.992188
vt 0.125000 0.863281
vt 0.031250 0.926562
vt 0.125000 0.992188
vt 0.031250 0.926562
vt 0.031250 0.926562
vt 0.125000 0.992188
vt 0.125000 0.992188
vt 0.125000 0.992188
vt 0.125000 0.863281
vt 0.218750 0.926562
vt 0.125000 0.992188
vt 0.218750 0.926562
vt 0.125000 0.863281
vt 0.125000 0.992188
vt 0.218750 0.926562
vt 0.125000 0.992188
vt 0.125000 0.992188
vt 0.218750 0.926562
vt 0.218750 0.926562
vt 0.218750 0.926562
vt 0.125000 0.863281
vt 0.230469 0.816406
vt 0.218750 0.926562
vt 0.230469 0.816406
vt 0.125000 0.863281
vt 0.218750 0.926562
vt 0.230469 0.816406
vt 0.218750 0.926562
vt 0.218750 0.926562
vt 0.230469 0.816406
vt 0.230469 0.816406
vt 0.230469 0.816406
vt 0.125000 0.863281
vt 0.125000 0.757812
vt 0.230469 0.816406
vt 0.125000 0.757812
vt 0.125000 0.863281
vt 0.230469 0.816406
vt 0.125000 0.757812
vt 0.230469 0.816406
vt 0.230469 0.816406
vt 0.125000 0.757812
vt 0.125000 0.757812
vn -0.162245 0.975919 -0.145805
vn -0.162245 0.975919 -0.145805
vn -0.162245 0.975919 -0.145805
vn 0.049931 -0.998614 0.016644
vn 0.049931 -0.998614 0.016644
vn 0.049931 -0.998614 0.016644
vn -0.658841 -0.000000 -0.752283
vn -0.658841 -0.000000 -0.752283
vn -0.658841 -0.000000 -0.752283
vn -0.658841 -0.000000 -0.752283
vn -0.658841 -0.000000 -0.752283
vn -0.658841 -0.000000 -0.752283
vn 0.019119 0.985495 -0.168623
vn 0.019119 0.985495 -0.168623
vn 0.019119 0.985495 -0.168623
vn 0.049931 -0.998614 0.016644
vn 0.049931 -0.998614 0.016644
vn 0.049931 -0.998614 0.016644
vn 0.409890 -0.000000 -0.912135
vn 0.409890 -0.000000 -0.912135
vn 0.409890 -0.000000 -0.912135
vn 0.409890 -0.000000 -0.912135
vn 0.409890 -0.000000 -0.912135
vn 0.409890 -0.000000 -0.912135
vn 0.096594 0.993262 -0.064040
vn 0.096594 0.993262 -0.064040
vn 0.096594 0.993262 -0.064040
vn 0.049931 -0.998614 0.016644
vn 0.049931 -0.998614 0.016644
vn 0.049931 -0.998614 0.016644
vn 0.951125 -0.000000 -0.308807
vn 0.951125 -0.000000 -0.308807
vn 0.951125 -0.000000 -0.308807
vn 0.951125 -0.000000 -0.308807
vn 0.951125 -0.000000 -0.308807
vn 0.951125 -0.000000 -0.308807
vn 0.038851 0.993262 0.109189
vn 0.038851 0.993262 0.109189
vn 0.038851 0.993262 0.109189
vn 0.049931 -0.998614 0.016644
vn 0.049931 -0.998614 0.016644
vn 0.049931 -0.998614 0.016644
vn 0.575615 0.000000 0.817721
vn 0.575615 0.000000 0.817721
vn 0.575615 0.000000 0.817721
vn 0.575615 -0.000000 0.817721
vn 0.575615 -0.000000 0.817721
vn 0.575615 -0.000000 0.817721
vn -0.085878 0.985495 0.146369
vn -0.085878 0.985495 0.146369
vn -0.085878 0.985495 0.146369
vn 0.049931 -0.998614 0.016644
vn 0.049931 -0.998614 0.016644
vn 0.049931 -0.998614 0.016644
vn -0.219369 -0.000000 0.975642
vn -0.219369 -0.000000 0.975642
vn -0.219369 -0.000000 0.975642
vn -0.219369 -0.000000 0.975642
vn -0.219369 -0.000000 0.975642
vn -0.219369 -0.000000 0.975642
vn -0.217279 0.975919 0.019297
vn -0.217279 0.975919 0.019297
vn -0.217279 0.975919 0.019297
vn 0.049931 -0.998614 0.016644
vn 0.049931 -0.998614 0.016644
vn 0.049931 -0.998614 0.016644
vn -0.978442 -0.000000 0.206522
vn -0.978442 -0.000000 0.206522
vn -0.978442 -0.000000 0.206522
vn -0.978442 -0.000000 0.206522
vn -0.978442 -0.000000 0.206522
vn -0.978442 -0.000000 0.206522
f 2473/2473/2473 2474/2474/2474 2475/2475/2475
f 2476/2476/2476 2477/2477/2477 2478/2478/2478
f 2479/2479/2479 2480/2480/2480 2481/2481/2481
f 2482/2482/2482 2483/2483/2483 2484/2484/2484
f 2485/2485/2485 2486/2486/2486 2487/2487/2487
f 2488/2488/2488 2489/2489/2489 2490/2490/2490
f 2491/2491/2491 2492/2492/2492 2493/2493/2493
f 2494/2494/2494 2495/2495/2495 2496/2496/2496
f 2497/2497/2497 2498/2498/2498 2499/2499/2499
f 2500/2500/2500 2501/2501/2501 2502/2502/2502
f 2503/2503/2503 2504/2504/2504 2505/2505/2505
f 2506/2506/2506 2507/2507/2507 2508/2508/2508
f 2509/2509/2509 2510/2510/2510 2511/2511/2511
f 2512/2512/2512 2513/2513/2513 2514/2514/2514
f 2515/2515/2515 2516/2516/2516 2517/2517/2517
f 2518/2518/2518 2519/2519/2519 2520/2520/2520
f 2521/2521/2521 2522/2522/2522 2523/2523/2523
f 2524/2524/2524 2525/2525/2525 2526/2526/2526
f 2527/2527/2527 2528/2528/2528 2529/2529/2529
f 2530/2530/2530 2531/2531/2531 2532/2532/2532
f 2533/2533/2533 2534/2534/2534 2535/2535/2535
f 2536/2536/2536 2537/2537/2537 2538/2538/2538
f 2539/2539/2539 2540/2540/2540 2541/2541/2541
f 2542/2542/2542 2543/2543/2543 2544/2544/2544
o RightWingFeather0
usemtl PaintedCrystalBlue
v 16.000000 1.000000 -1.000000
v 25.900000 1.925000 0.350000
v 21.779684 1.125000 -2.301018
v 16.000000 0.685000 -1.000000
v 21.779684 0.810000 -2.301018
v 25.900000 0.910000 0.350000
v 16.000000 1.000000 -1.000000
v 21.779684 0.810000 -2.301018
v 16.000000 0.685000 -1.000000
v 16.000000 1.000000 -1.000000
v 21.779684 1.125000 -2.301018
v 21.779684 0.810000 -2.301018
v 21.779684 1.125000 -2.301018
v 25.900000 1.925000 0.350000
v 32.088608 1.360000 -0.663128
v 21.779684 0.810000 -2.301018
v 32.088608 1.045000 -0.663128
v 25.900000 0.910000 0.350000
v 21.779684 1.125000 -2.301018
v 32.088608 1.045000 -0.663128
v 21.779684 0.810000 -2.301018
v 21.779684 1.125000 -2.301018
v 32.088608 1.360000 -0.663128
v 32.088608 1.045000 -0.663128
v 32.088608 1.360000 -0.663128
v 25.900000 1.925000 0.350000
v 38.000000 1.500000 2.000000
v 32.088608 1.045000 -0.663128
v 38.000000 1.185000 2.000000
v 25.900000 0.910000 0.350000
v 32.088608 1.360000 -0.663128
v 38.000000 1.185000 2.000000
v 32.088608 1.045000 -0.663128
v 32.088608 1.360000 -0.663128
v 38.000000 1.500000 2.000000
v 38.000000 1.185000 2.000000
v 38.000000 1.500000 2.000000
v 25.900000 1.925000 0.350000
v 31.591392 1.360000 2.983128
v 38.000000 1.185000 2.000000
v 31.591392 1.045000 2.983128
v 25.900000 0.910000 0.350000
v 38.000000 1.500000 2.000000
v 31.591392 1.045000 2.983128
v 38.000000 1.185000 2.000000
v 38.000000 1.500000 2.000000
v 31.591392 1.360000 2.983128
v 31.591392 1.045000 2.983128
v 31.591392 1.360000 2.983128
v 25.900000 1.925000 0.350000
v 21.220316 1.125000 1.801018
v 31.591392 1.045000 2.983128
v 21.220316 0.810000 1.801018
v 25.900000 0.910000 0.350000
v 31.591392 1.360000 2.983128
v 21.220316 0.810000 1.801018
v 31.591392 1.045000 2.983128
v 31.591392 1.360000 2.983128
v 21.220316 1.125000 1.801018
v 21.220316 0.810000 1.801018
v 21.220316 1.125000 1.801018
v 25.900000 1.925000 0.350000
v 16.000000 1.000000 -1.000000
v 21.220316 0.810000 1.801018
v 16.000000 0.685000 -1.000000
v 25.900000 0.910000 0.350000
v 21.220316 1.125000 1.801018
v 16.000000 0.685000 -1.000000
v 21.220316 0.810000 1.801018
v 21.220316 1.125000 1.801018
v 16.000000 1.000000 -1.000000
v 16.000000 0.685000 -1.000000
vt 0.375000 0.507812
vt 0.375000 0.613281
vt 0.269531 0.566406
vt 0.375000 0.507812
vt 0.269531 0.566406
vt 0.375000 0.613281
vt 0.375000 0.507812
vt 0.269531 0.566406
vt 0.375000 0.507812
vt 0.375000 0.507812
vt 0.269531 0.566406
vt 0.269531 0.566406
vt 0.269531 0.566406
vt 0.375000 0.613281
vt 0.281250 0.676562
vt 0.269531 0.566406
vt 0.281250 0.676562
vt 0.375000 0.613281
vt 0.269531 0.566406
vt 0.281250 0.676562
vt 0.269531 0.566406
vt 0.269531 0.566406
vt 0.281250 0.676562
vt 0.281250 0.676562
vt 0.281250 0.676562
vt 0.375000 0.613281
vt 0.375000 0.742188
vt 0.281250 0.676562
vt 0.375000 0.742188
vt 0.375000 0.613281
vt 0.281250 0.676562
vt 0.375000 0.742188
vt 0.281250 0.676562
vt 0.281250 0.676562
vt 0.375000 0.742188
vt 0.375000 0.742188
vt 0.375000 0.742188
vt 0.375000 0.613281
vt 0.468750 0.676562
vt 0.375000 0.742188
vt 0.468750 0.676562
vt 0.375000 0.613281
vt 0.375000 0.742188
vt 0.468750 0.676562
vt 0.375000 0.742188
vt 0.375000 0.742188
vt 0.468750 0.676562
vt 0.468750 0.676562
vt 0.468750 0.676562
vt 0.375000 0.613281
vt 0.480469 0.566406
vt 0.468750 0.676562
vt 0.480469 0.566406
vt 0.375000 0.613281
vt 0.468750 0.676562
vt 0.480469 0.566406
vt 0.468750 0.676562
vt 0.468750 0.676562
vt 0.480469 0.566406
vt 0.480469 0.566406
vt 0.480469 0.566406
vt 0.375000 0.613281
vt 0.375000 0.507812
vt 0.480469 0.566406
vt 0.375000 0.507812
vt 0.375000 0.613281
vt 0.480469 0.566406
vt 0.375000 0.507812
vt 0.480469 0.566406
vt 0.480469 0.566406
vt 0.375000 0.507812
vt 0.375000 0.507812
vn -0.064936 0.978763 -0.194436
vn -0.064936 0.978763 -0.194436
vn -0.064936 0.978763 -0.194436
vn 0.022307 -0.999747 0.003042
vn 0.022307 -0.999747 0.003042
vn 0.022307 -0.999747 0.003042
vn -0.219607 -0.000000 -0.975588
vn -0.219607 -0.000000 -0.975588
vn -0.219607 -0.000000 -0.975588
vn -0.219607 -0.000000 -0.975588
vn -0.219607 -0.000000 -0.975588
vn -0.219607 -0.000000 -0.975588
vn 0.031470 0.942305 -0.333272
vn 0.031470 0.942305 -0.333272
vn 0.031470 0.942305 -0.333272
vn 0.022307 -0.999747 0.003042
vn 0.022307 -0.999747 0.003042
vn 0.022307 -0.999747 0.003042
vn 0.156913 -0.000000 -0.987612
vn 0.156913 -0.000000 -0.987612
vn 0.156913 -0.000000 -0.987612
vn 0.156913 -0.000000 -0.987612
vn 0.156913 -0.000000 -0.987612
vn 0.156913 -0.000000 -0.987612
vn 0.059510 0.981184 -0.183675
vn 0.059510 0.981184 -0.183675
vn 0.059510 0.981184 -0.183675
vn 0.022307 -0.999747 0.003042
vn 0.022307 -0.999747 0.003042
vn 0.022307 -0.999747 0.003042
vn 0.410750 -0.000000 -0.911748
vn 0.410750 -0.000000 -0.911748
vn 0.410750 -0.000000 -0.911748
vn 0.410750 -0.000000 -0.911748
vn 0.410750 -0.000000 -0.911748
vn 0.410750 -0.000000 -0.911748
vn 0.008158 0.981184 0.192903
vn 0.008158 0.981184 0.192903
vn 0.008158 0.981184 0.192903
vn 0.022307 -0.999747 0.003042
vn 0.022307 -0.999747 0.003042
vn 0.022307 -0.999747 0.003042
vn 0.151633 0.000000 0.988437
vn 0.151633 0.000000 0.988437
vn 0.151633 0.000000 0.988437
vn 0.151633 -0.000000 0.988437
vn 0.151633 -0.000000 0.988437
vn 0.151633 -0.000000 0.988437
vn -0.058912 0.942305 0.329530
vn -0.058912 0.942305 0.329530
vn -0.058912 0.942305 0.329530
vn 0.022307 -0.999747 0.003042
vn 0.022307 -0.999747 0.003042
vn 0.022307 -0.999747 0.003042
vn -0.113248 -0.000000 0.993567
vn -0.113248 -0.000000 0.993567
vn -0.113248 -0.000000 0.993567
vn -0.113248 -0.000000 0.993567
vn -0.113248 -0.000000 0.993567
vn -0.113248 -0.000000 0.993567
vn -0.114625 0.978763 0.169950
vn -0.114625 0.978763 0.169950
vn -0.114625 0.978763 0.169950
vn 0.022307 -0.999747 0.003042
vn 0.022307 -0.999747 0.003042
vn 0.022307 -0.999747 0.003042
vn -0.472801 -0.000000 0.881169
vn -0.472801 -0.000000 0.881169
vn -0.472801 -0.000000 0.881169
vn -0.472801 -0.000000 0.881169
vn -0.472801 -0.000000 0.881169
vn -0.472801 -0.000000 0.881169
f 2545/2545/2545 2546/2546/2546 2547/2547/2547
f 2548/2548/2548 2549/2549/2549 2550/2550/2550
f 2551/2551/2551 2552/2552/2552 2553/2553/2553
f 2554/2554/2554 2555/2555/2555 2556/2556/2556
f 2557/2557/2557 2558/2558/2558 2559/2559/2559
f 2560/2560/2560 2561/2561/2561 2562/2562/2562
f 2563/2563/2563 2564/2564/2564 2565/2565/2565
f 2566/2566/2566 2567/2567/2567 2568/2568/2568
f 2569/2569/2569 2570/2570/2570 2571/2571/2571
f 2572/2572/2572 2573/2573/2573 2574/2574/2574
f 2575/2575/2575 2576/2576/2576 2577/2577/2577
f 2578/2578/2578 2579/2579/2579 2580/2580/2580
f 2581/2581/2581 2582/2582/2582 2583/2583/2583
f 2584/2584/2584 2585/2585/2585 2586/2586/2586
f 2587/2587/2587 2588/2588/2588 2589/2589/2589
f 2590/2590/2590 2591/2591/2591 2592/2592/2592
f 2593/2593/2593 2594/2594/2594 2595/2595/2595
f 2596/2596/2596 2597/2597/2597 2598/2598/2598
f 2599/2599/2599 2600/2600/2600 2601/2601/2601
f 2602/2602/2602 2603/2603/2603 2604/2604/2604
f 2605/2605/2605 2606/2606/2606 2607/2607/2607
f 2608/2608/2608 2609/2609/2609 2610/2610/2610
f 2611/2611/2611 2612/2612/2612 2613/2613/2613
f 2614/2614/2614 2615/2615/2615 2616/2616/2616
o RightWingGoldVein0
usemtl PaintedCrystalBlue
v 16.000000 1.900000 -1.000000
v 22.138000 2.219500 -0.163000
v 19.446481 1.977500 -0.802524
v 16.000000 1.819000 -1.000000
v 19.446481 1.896500 -0.802524
v 22.138000 1.958500 -0.163000
v 16.000000 1.900000 -1.000000
v 19.446481 1.896500 -0.802524
v 16.000000 1.819000 -1.000000
v 16.000000 1.900000 -1.000000
v 19.446481 1.977500 -0.802524
v 19.446481 1.896500 -0.802524
v 19.446481 1.977500 -0.802524
v 22.138000 2.219500 -0.163000
v 25.853227 2.123200 0.101401
v 19.446481 1.896500 -0.802524
v 25.853227 2.042200 0.101401
v 22.138000 1.958500 -0.163000
v 19.446481 1.977500 -0.802524
v 25.853227 2.042200 0.101401
v 19.446481 1.896500 -0.802524
v 19.446481 1.977500 -0.802524
v 25.853227 2.123200 0.101401
v 25.853227 2.042200 0.101401
v 25.853227 2.123200 0.101401
v 22.138000 2.219500 -0.163000
v 29.640000 2.210000 0.860000
v 25.853227 2.042200 0.101401
v 29.640000 2.129000 0.860000
v 22.138000 1.958500 -0.163000
v 25.853227 2.123200 0.101401
v 29.640000 2.129000 0.860000
v 25.853227 2.042200 0.101401
v 25.853227 2.123200 0.101401
v 29.640000 2.210000 0.860000
v 29.640000 2.129000 0.860000
v 29.640000 2.210000 0.860000
v 22.138000 2.219500 -0.163000
v 25.788373 2.123200 0.576999
v 29.640000 2.129000 0.860000
v 25.788373 2.042200 0.576999
v 22.138000 1.958500 -0.163000
v 29.640000 2.210000 0.860000
v 25.788373 2.042200 0.576999
v 29.640000 2.129000 0.860000
v 29.640000 2.210000 0.860000
v 25.788373 2.123200 0.576999
v 25.788373 2.042200 0.576999
v 25.788373 2.123200 0.576999
v 22.138000 2.219500 -0.163000
v 19.373519 1.977500 -0.267476
v 25.788373 2.042200 0.576999
v 19.373519 1.896500 -0.267476
v 22.138000 1.958500 -0.163000
v 25.788373 2.123200 0.576999
v 19.373519 1.896500 -0.267476
v 25.788373 2.042200 0.576999
v 25.788373 2.123200 0.576999
v 19.373519 1.977500 -0.267476
v 19.373519 1.896500 -0.267476
v 19.373519 1.977500 -0.267476
v 22.138000 2.219500 -0.163000
v 16.000000 1.900000 -1.000000
v 19.373519 1.896500 -0.267476
v 16.000000 1.819000 -1.000000
v 22.138000 1.958500 -0.163000
v 19.373519 1.977500 -0.267476
v 16.000000 1.819000 -1.000000
v 19.373519 1.896500 -0.267476
v 19.373519 1.977500 -0.267476
v 16.000000 1.900000 -1.000000
v 16.000000 1.819000 -1.000000
vt 0.625000 0.757812
vt 0.625000 0.863281
vt 0.519531 0.816406
vt 0.625000 0.757812
vt 0.519531 0.816406
vt 0.625000 0.863281
vt 0.625000 0.757812
vt 0.519531 0.816406
vt 0.625000 0.757812
vt 0.625000 0.757812
vt 0.519531 0.816406
vt 0.519531 0.816406
vt 0.519531 0.816406
vt 0.625000 0.863281
vt 0.531250 0.926562
vt 0.519531 0.816406
vt 0.531250 0.926562
vt 0.625000 0.863281
vt 0.519531 0.816406
vt 0.531250 0.926562
vt 0.519531 0.816406
vt 0.519531 0.816406
vt 0.531250 0.926562
vt 0.531250 0.926562
vt 0.531250 0.926562
vt 0.625000 0.863281
vt 0.625000 0.992188
vt 0.531250 0.926562
vt 0.625000 0.992188
vt 0.625000 0.863281
vt 0.531250 0.926562
vt 0.625000 0.992188
vt 0.531250 0.926562
vt 0.531250 0.926562
vt 0.625000 0.992188
vt 0.625000 0.992188
vt 0.625000 0.992188
vt 0.625000 0.863281
vt 0.718750 0.926562
vt 0.625000 0.992188
vt 0.718750 0.926562
vt 0.625000 0.863281
vt 0.625000 0.992188
vt 0.718750 0.926562
vt 0.625000 0.992188
vt 0.625000 0.992188
vt 0.718750 0.926562
vt 0.718750 0.926562
vt 0.718750 0.926562
vt 0.625000 0.863281
vt 0.730469 0.816406
vt 0.718750 0.926562
vt 0.730469 0.816406
vt 0.625000 0.863281
vt 0.718750 0.926562
vt 0.730469 0.816406
vt 0.718750 0.926562
vt 0.718750 0.926562
vt 0.730469 0.816406
vt 0.730469 0.816406
vt 0.730469 0.816406
vt 0.625000 0.863281
vt 0.625000 0.757812
vt 0.730469 0.816406
vt 0.625000 0.757812
vt 0.625000 0.863281
vt 0.730469 0.816406
vt 0.625000 0.757812
vt 0.730469 0.816406
vt 0.730469 0.816406
vt 0.625000 0.757812
vt 0.625000 0.757812
vn -0.000993 0.936654 -0.350255
vn -0.000993 0.936654 -0.350255
vn -0.000993 0.936654 -0.350255
vn 0.022307 -0.999747 0.003042
vn 0.022307 -0.999747 0.003042
vn 0.022307 -0.999747 0.003042
vn 0.057204 -0.000000 -0.998363
vn 0.057204 -0.000000 -0.998363
vn 0.057204 -0.000000 -0.998363
vn 0.057204 -0.000000 -0.998363
vn 0.057204 -0.000000 -0.998363
vn 0.057204 -0.000000 -0.998363
vn 0.061809 0.819225 -0.570131
vn 0.061809 0.819225 -0.570131
vn 0.061809 0.819225 -0.570131
vn 0.022307 -0.999747 0.003042
vn 0.022307 -0.999747 0.003042
vn 0.022307 -0.999747 0.003042
vn 0.139706 -0.000000 -0.990193
vn 0.139706 -0.000000 -0.990193
vn 0.139706 -0.000000 -0.990193
vn 0.139706 -0.000000 -0.990193
vn 0.139706 -0.000000 -0.990193
vn 0.139706 -0.000000 -0.990193
vn 0.049356 0.934218 -0.353272
vn 0.049356 0.934218 -0.353272
vn 0.049356 0.934218 -0.353272
vn 0.022307 -0.999747 0.003042
vn 0.022307 -0.999747 0.003042
vn 0.022307 -0.999747 0.003042
vn 0.196426 -0.000000 -0.980519
vn 0.196426 -0.000000 -0.980519
vn 0.196426 -0.000000 -0.980519
vn 0.196426 -0.000000 -0.980519
vn 0.196426 -0.000000 -0.980519
vn 0.196426 -0.000000 -0.980519
vn -0.047034 0.934218 0.353589
vn -0.047034 0.934218 0.353589
vn -0.047034 0.934218 0.353589
vn 0.022307 -0.999747 0.003042
vn 0.022307 -0.999747 0.003042
vn 0.022307 -0.999747 0.003042
vn -0.073278 -0.000000 0.997312
vn -0.073278 -0.000000 0.997312
vn -0.073278 -0.000000 0.997312
vn -0.073278 -0.000000 0.997312
vn -0.073278 -0.000000 0.997312
vn -0.073278 -0.000000 0.997312
vn -0.093099 0.819225 0.565864
vn -0.093099 0.819225 0.565864
vn -0.093099 0.819225 0.565864
vn 0.022307 -0.999747 0.003042
vn 0.022307 -0.999747 0.003042
vn 0.022307 -0.999747 0.003042
vn -0.130518 -0.000000 0.991446
vn -0.130518 -0.000000 0.991446
vn -0.130518 -0.000000 0.991446
vn -0.130518 -0.000000 0.991446
vn -0.130518 -0.000000 0.991446
vn -0.130518 -0.000000 0.991446
vn -0.094737 0.936654 0.337201
vn -0.094737 0.936654 0.337201
vn -0.094737 0.936654 0.337201
vn 0.022307 -0.999747 0.003042
vn 0.022307 -0.999747 0.003042
vn 0.022307 -0.999747 0.003042
vn -0.212195 -0.000000 0.977227
vn -0.212195 -0.000000 0.977227
vn -0.212195 -0.000000 0.977227
vn -0.212195 -0.000000 0.977227
vn -0.212195 -0.000000 0.977227
vn -0.212195 -0.000000 0.977227
f 2617/2617/2617 2618/2618/2618 2619/2619/2619
f 2620/2620/2620 2621/2621/2621 2622/2622/2622
f 2623/2623/2623 2624/2624/2624 2625/2625/2625
f 2626/2626/2626 2627/2627/2627 2628/2628/2628
f 2629/2629/2629 2630/2630/2630 2631/2631/2631
f 2632/2632/2632 2633/2633/2633 2634/2634/2634
f 2635/2635/2635 2636/2636/2636 2637/2637/2637
f 2638/2638/2638 2639/2639/2639 2640/2640/2640
f 2641/2641/2641 2642/2642/2642 2643/2643/2643
f 2644/2644/2644 2645/2645/2645 2646/2646/2646
f 2647/2647/2647 2648/2648/2648 2649/2649/2649
f 2650/2650/2650 2651/2651/2651 2652/2652/2652
f 2653/2653/2653 2654/2654/2654 2655/2655/2655
f 2656/2656/2656 2657/2657/2657 2658/2658/2658
f 2659/2659/2659 2660/2660/2660 2661/2661/2661
f 2662/2662/2662 2663/2663/2663 2664/2664/2664
f 2665/2665/2665 2666/2666/2666 2667/2667/2667
f 2668/2668/2668 2669/2669/2669 2670/2670/2670
f 2671/2671/2671 2672/2672/2672 2673/2673/2673
f 2674/2674/2674 2675/2675/2675 2676/2676/2676
f 2677/2677/2677 2678/2678/2678 2679/2679/2679
f 2680/2680/2680 2681/2681/2681 2682/2682/2682
f 2683/2683/2683 2684/2684/2684 2685/2685/2685
f 2686/2686/2686 2687/2687/2687 2688/2688/2688
o RightWingFeather1
usemtl PaintedCrystalBlue
v 17.200000 0.950000 0.500000
v 27.460000 1.762500 2.435000
v 23.283632 1.012500 -0.459140
v 17.200000 0.635000 0.500000
v 23.283632 0.697500 -0.459140
v 27.460000 0.747500 2.435000
v 17.200000 0.950000 0.500000
v 23.283632 0.697500 -0.459140
v 17.200000 0.635000 0.500000
v 17.200000 0.950000 0.500000
v 23.283632 1.012500 -0.459140
v 23.283632 0.697500 -0.459140
v 23.283632 1.012500 -0.459140
v 27.460000 1.762500 2.435000
v 33.957006 1.130000 1.787875
v 23.283632 0.697500 -0.459140
v 33.957006 0.815000 1.787875
v 27.460000 0.747500 2.435000
v 23.283632 1.012500 -0.459140
v 33.957006 0.815000 1.787875
v 23.283632 0.697500 -0.459140
v 23.283632 1.012500 -0.459140
v 33.957006 1.130000 1.787875
v 33.957006 0.815000 1.787875
v 33.957006 1.130000 1.787875
v 27.460000 1.762500 2.435000
v 40.000000 1.200000 4.800000
v 33.957006 0.815000 1.787875
v 40.000000 0.885000 4.800000
v 27.460000 0.747500 2.435000
v 33.957006 1.130000 1.787875
v 40.000000 0.885000 4.800000
v 33.957006 0.815000 1.787875
v 33.957006 1.130000 1.787875
v 40.000000 1.200000 4.800000
v 40.000000 0.885000 4.800000
v 40.000000 1.200000 4.800000
v 27.460000 1.762500 2.435000
v 33.274994 1.130000 5.404125
v 40.000000 0.885000 4.800000
v 33.274994 0.815000 5.404125
v 27.460000 0.747500 2.435000
v 40.000000 1.200000 4.800000
v 33.274994 0.815000 5.404125
v 40.000000 0.885000 4.800000
v 40.000000 1.200000 4.800000
v 33.274994 1.130000 5.404125
v 33.274994 0.815000 5.404125
v 33.274994 1.130000 5.404125
v 27.460000 1.762500 2.435000
v 22.516368 1.012500 3.609140
v 33.274994 0.815000 5.404125
v 22.516368 0.697500 3.609140
v 27.460000 0.747500 2.435000
v 33.274994 1.130000 5.404125
v 22.516368 0.697500 3.609140
v 33.274994 0.815000 5.404125
v 33.274994 1.130000 5.404125
v 22.516368 1.012500 3.609140
v 22.516368 0.697500 3.609140
v 22.516368 1.012500 3.609140
v 27.460000 1.762500 2.435000
v 17.200000 0.950000 0.500000
v 22.516368 0.697500 3.609140
v 17.200000 0.635000 0.500000
v 27.460000 0.747500 2.435000
v 22.516368 1.012500 3.609140
v 17.200000 0.635000 0.500000
v 22.516368 0.697500 3.609140
v 22.516368 1.012500 3.609140
v 17.200000 0.950000 0.500000
v 17.200000 0.635000 0.500000
vt 0.125000 0.507812
vt 0.125000 0.613281
vt 0.019531 0.566406
vt 0.125000 0.507812
vt 0.019531 0.566406
vt 0.125000 0.613281
vt 0.125000 0.507812
vt 0.019531 0.566406
vt 0.125000 0.507812
vt 0.125000 0.507812
vt 0.019531 0.566406
vt 0.019531 0.566406
vt 0.019531 0.566406
vt 0.125000 0.613281
vt 0.031250 0.676562
vt 0.019531 0.566406
vt 0.031250 0.676562
vt 0.125000 0.613281
vt 0.019531 0.566406
vt 0.031250 0.676562
vt 0.019531 0.566406
vt 0.019531 0.566406
vt 0.031250 0.676562
vt 0.031250 0.676562
vt 0.031250 0.676562
vt 0.125000 0.613281
vt 0.125000 0.742188
vt 0.031250 0.676562
vt 0.125000 0.742188
vt 0.125000 0.613281
vt 0.031250 0.676562
vt 0.125000 0.742188
vt 0.031250 0.676562
vt 0.031250 0.676562
vt 0.125000 0.742188
vt 0.125000 0.742188
vt 0.125000 0.742188
vt 0.125000 0.613281
vt 0.218750 0.676562
vt 0.125000 0.742188
vt 0.218750 0.676562
vt 0.125000 0.613281
vt 0.125000 0.742188
vt 0.218750 0.676562
vt 0.125000 0.742188
vt 0.125000 0.742188
vt 0.218750 0.676562
vt 0.218750 0.676562
vt 0.218750 0.676562
vt 0.125000 0.613281
vt 0.230469 0.566406
vt 0.218750 0.676562
vt 0.230469 0.566406
vt 0.125000 0.613281
vt 0.218750 0.676562
vt 0.230469 0.566406
vt 0.218750 0.676562
vt 0.218750 0.676562
vt 0.230469 0.566406
vt 0.230469 0.566406
vt 0.230469 0.566406
vt 0.125000 0.613281
vt 0.125000 0.507812
vt 0.230469 0.566406
vt 0.125000 0.507812
vt 0.125000 0.613281
vt 0.230469 0.566406
vt 0.125000 0.507812
vt 0.230469 0.566406
vt 0.230469 0.566406
vt 0.125000 0.507812
vt 0.125000 0.507812
vn -0.040818 0.979945 -0.195045
vn -0.040818 0.979945 -0.195045
vn -0.040818 0.979945 -0.195045
vn 0.010588 -0.999942 0.001997
vn 0.010588 -0.999942 0.001997
vn 0.010588 -0.999942 0.001997
vn -0.155736 -0.000000 -0.987799
vn -0.155736 -0.000000 -0.987799
vn -0.155736 -0.000000 -0.987799
vn -0.155736 -0.000000 -0.987799
vn -0.155736 -0.000000 -0.987799
vn -0.155736 -0.000000 -0.987799
vn 0.058947 0.942391 -0.329278
vn 0.058947 0.942391 -0.329278
vn 0.058947 0.942391 -0.329278
vn 0.010588 -0.999942 0.001997
vn 0.010588 -0.999942 0.001997
vn 0.010588 -0.999942 0.001997
vn 0.206010 -0.000000 -0.978550
vn 0.206010 -0.000000 -0.978550
vn 0.206010 -0.000000 -0.978550
vn 0.206010 -0.000000 -0.978550
vn 0.206010 -0.000000 -0.978550
vn 0.206010 -0.000000 -0.978550
vn 0.077692 0.980838 -0.178661
vn 0.077692 0.980838 -0.178661
vn 0.077692 0.980838 -0.178661
vn 0.010588 -0.999942 0.001997
vn 0.010588 -0.999942 0.001997
vn 0.010588 -0.999942 0.001997
vn 0.446103 -0.000000 -0.894982
vn 0.446103 -0.000000 -0.894982
vn 0.446103 -0.000000 -0.894982
vn 0.446103 -0.000000 -0.894982
vn 0.446103 -0.000000 -0.894982
vn 0.446103 -0.000000 -0.894982
vn 0.007280 0.980838 0.194687
vn 0.007280 0.980838 0.194687
vn 0.007280 0.980838 0.194687
vn 0.010588 -0.999942 0.001997
vn 0.010588 -0.999942 0.001997
vn 0.010588 -0.999942 0.001997
vn 0.089472 0.000000 0.995989
vn 0.089472 0.000000 0.995989
vn 0.089472 0.000000 0.995989
vn 0.089472 -0.000000 0.995989
vn 0.089472 -0.000000 0.995989
vn 0.089472 -0.000000 0.995989
vn -0.065038 0.942391 0.328129
vn -0.065038 0.942391 0.328129
vn -0.065038 0.942391 0.328129
vn 0.010588 -0.999942 0.001997
vn 0.010588 -0.999942 0.001997
vn 0.010588 -0.999942 0.001997
vn -0.164567 -0.000000 0.986366
vn -0.164567 -0.000000 0.986366
vn -0.164567 -0.000000 0.986366
vn -0.164567 -0.000000 0.986366
vn -0.164567 -0.000000 0.986366
vn -0.164567 -0.000000 0.986366
vn -0.109057 0.979945 0.166779
vn -0.109057 0.979945 0.166779
vn -0.109057 0.979945 0.166779
vn 0.010588 -0.999942 0.001997
vn 0.010588 -0.999942 0.001997
vn 0.010588 -0.999942 0.001997
vn -0.504831 -0.000000 0.863218
vn -0.504831 -0.000000 0.863218
vn -0.504831 -0.000000 0.863218
vn -0.504831 -0.000000 0.863218
vn -0.504831 -0.000000 0.863218
vn -0.504831 -0.000000 0.863218
f 2689/2689/2689 2690/2690/2690 2691/2691/2691
f 2692/2692/2692 2693/2693/2693 2694/2694/2694
f 2695/2695/2695 2696/2696/2696 2697/2697/2697
f 2698/2698/2698 2699/2699/2699 2700/2700/2700
f 2701/2701/2701 2702/2702/2702 2703/2703/2703
f 2704/2704/2704 2705/2705/2705 2706/2706/2706
f 2707/2707/2707 2708/2708/2708 2709/2709/2709
f 2710/2710/2710 2711/2711/2711 2712/2712/2712
f 2713/2713/2713 2714/2714/2714 2715/2715/2715
f 2716/2716/2716 2717/2717/2717 2718/2718/2718
f 2719/2719/2719 2720/2720/2720 2721/2721/2721
f 2722/2722/2722 2723/2723/2723 2724/2724/2724
f 2725/2725/2725 2726/2726/2726 2727/2727/2727
f 2728/2728/2728 2729/2729/2729 2730/2730/2730
f 2731/2731/2731 2732/2732/2732 2733/2733/2733
f 2734/2734/2734 2735/2735/2735 2736/2736/2736
f 2737/2737/2737 2738/2738/2738 2739/2739/2739
f 2740/2740/2740 2741/2741/2741 2742/2742/2742
f 2743/2743/2743 2744/2744/2744 2745/2745/2745
f 2746/2746/2746 2747/2747/2747 2748/2748/2748
f 2749/2749/2749 2750/2750/2750 2751/2751/2751
f 2752/2752/2752 2753/2753/2753 2754/2754/2754
f 2755/2755/2755 2756/2756/2756 2757/2757/2757
f 2758/2758/2758 2759/2759/2759 2760/2760/2760
o RightWingGoldVein1
usemtl PaintedCrystalBlue
v 17.200000 1.850000 0.500000
v 23.561200 2.099750 1.699700
v 20.784039 1.888750 0.901177
v 17.200000 1.769000 0.500000
v 20.784039 1.807750 0.901177
v 23.561200 1.838750 1.699700
v 17.200000 1.850000 0.500000
v 20.784039 1.807750 0.901177
v 17.200000 1.769000 0.500000
v 17.200000 1.850000 0.500000
v 20.784039 1.888750 0.901177
v 20.784039 1.807750 0.901177
v 20.784039 1.888750 0.901177
v 23.561200 2.099750 1.699700
v 27.422399 1.961600 2.183678
v 20.784039 1.807750 0.901177
v 27.422399 1.880600 2.183678
v 23.561200 1.838750 1.699700
v 20.784039 1.888750 0.901177
v 27.422399 1.880600 2.183678
v 20.784039 1.807750 0.901177
v 20.784039 1.888750 0.901177
v 27.422399 1.961600 2.183678
v 27.422399 1.880600 2.183678
v 27.422399 1.961600 2.183678
v 23.561200 2.099750 1.699700
v 31.336000 2.005000 3.166000
v 27.422399 1.880600 2.183678
v 31.336000 1.924000 3.166000
v 23.561200 1.838750 1.699700
v 27.422399 1.961600 2.183678
v 31.336000 1.924000 3.166000
v 27.422399 1.880600 2.183678
v 27.422399 1.961600 2.183678
v 31.336000 2.005000 3.166000
v 31.336000 1.924000 3.166000
v 31.336000 2.005000 3.166000
v 23.561200 2.099750 1.699700
v 27.333441 1.961600 2.655362
v 31.336000 1.924000 3.166000
v 27.333441 1.880600 2.655362
v 23.561200 1.838750 1.699700
v 31.336000 2.005000 3.166000
v 27.333441 1.880600 2.655362
v 31.336000 1.924000 3.166000
v 31.336000 2.005000 3.166000
v 27.333441 1.961600 2.655362
v 27.333441 1.880600 2.655362
v 27.333441 1.961600 2.655362
v 23.561200 2.099750 1.699700
v 20.683961 1.888750 1.431823
v 27.333441 1.880600 2.655362
v 20.683961 1.807750 1.431823
v 23.561200 1.838750 1.699700
v 27.333441 1.961600 2.655362
v 20.683961 1.807750 1.431823
v 27.333441 1.880600 2.655362
v 27.333441 1.961600 2.655362
v 20.683961 1.888750 1.431823
v 20.683961 1.807750 1.431823
v 20.683961 1.888750 1.431823
v 23.561200 2.099750 1.699700
v 17.200000 1.850000 0.500000
v 20.683961 1.807750 1.431823
v 17.200000 1.769000 0.500000
v 23.561200 1.838750 1.699700
v 20.683961 1.888750 1.431823
v 17.200000 1.769000 0.500000
v 20.683961 1.807750 1.431823
v 20.683961 1.888750 1.431823
v 17.200000 1.850000 0.500000
v 17.200000 1.769000 0.500000
vt 0.625000 0.757812
vt 0.625000 0.863281
vt 0.519531 0.816406
vt 0.625000 0.757812
vt 0.519531 0.816406
vt 0.625000 0.863281
vt 0.625000 0.757812
vt 0.519531 0.816406
vt 0.625000 0.757812
vt 0.625000 0.757812
vt 0.519531 0.816406
vt 0.519531 0.816406
vt 0.519531 0.816406
vt 0.625000 0.863281
vt 0.531250 0.926562
vt 0.519531 0.816406
vt 0.531250 0.926562
vt 0.625000 0.863281
vt 0.519531 0.816406
vt 0.531250 0.926562
vt 0.519531 0.816406
vt 0.519531 0.816406
vt 0.531250 0.926562
vt 0.531250 0.926562
vt 0.531250 0.926562
vt 0.625000 0.863281
vt 0.625000 0.992188
vt 0.531250 0.926562
vt 0.625000 0.992188
vt 0.625000 0.863281
vt 0.531250 0.926562
vt 0.625000 0.992188
vt 0.531250 0.926562
vt 0.531250 0.926562
vt 0.625000 0.992188
vt 0.625000 0.992188
vt 0.625000 0.992188
vt 0.625000 0.863281
vt 0.718750 0.926562
vt 0.625000 0.992188
vt 0.718750 0.926562
vt 0.625000 0.863281
vt 0.625000 0.992188
vt 0.718750 0.926562
vt 0.625000 0.992188
vt 0.625000 0.992188
vt 0.718750 0.926562
vt 0.718750 0.926562
vt 0.718750 0.926562
vt 0.625000 0.863281
vt 0.730469 0.816406
vt 0.718750 0.926562
vt 0.730469 0.816406
vt 0.625000 0.863281
vt 0.718750 0.926562
vt 0.730469 0.816406
vt 0.718750 0.926562
vt 0.718750 0.926562
vt 0.730469 0.816406
vt 0.730469 0.816406
vt 0.730469 0.816406
vt 0.625000 0.863281
vt 0.625000 0.757812
vt 0.730469 0.816406
vt 0.625000 0.757812
vt 0.625000 0.863281
vt 0.730469 0.816406
vt 0.625000 0.757812
vt 0.730469 0.816406
vt 0.730469 0.816406
vt 0.625000 0.757812
vt 0.625000 0.757812
vn 0.028796 0.937136 -0.347775
vn 0.028796 0.937136 -0.347775
vn 0.028796 0.937136 -0.347775
vn 0.010588 -0.999942 0.001997
vn 0.010588 -0.999942 0.001997
vn 0.010588 -0.999942 0.001997
vn 0.111240 -0.000000 -0.993794
vn 0.111240 -0.000000 -0.993794
vn 0.111240 -0.000000 -0.993794
vn 0.111240 -0.000000 -0.993794
vn 0.111240 -0.000000 -0.993794
vn 0.111240 -0.000000 -0.993794
vn 0.100077 0.819311 -0.564547
vn 0.100077 0.819311 -0.564547
vn 0.100077 0.819311 -0.564547
vn 0.010588 -0.999942 0.001997
vn 0.010588 -0.999942 0.001997
vn 0.010588 -0.999942 0.001997
vn 0.189688 -0.000000 -0.981844
vn 0.189688 -0.000000 -0.981844
vn 0.189688 -0.000000 -0.981844
vn 0.189688 -0.000000 -0.981844
vn 0.189688 -0.000000 -0.981844
vn 0.189688 -0.000000 -0.981844
vn 0.077097 0.934160 -0.348427
vn 0.077097 0.934160 -0.348427
vn 0.077097 0.934160 -0.348427
vn 0.010588 -0.999942 0.001997
vn 0.010588 -0.999942 0.001997
vn 0.010588 -0.999942 0.001997
vn 0.243450 -0.000000 -0.969913
vn 0.243450 -0.000000 -0.969913
vn 0.243450 -0.000000 -0.969913
vn 0.243450 -0.000000 -0.969913
vn 0.243450 -0.000000 -0.969913
vn 0.243450 -0.000000 -0.969913
vn -0.055110 0.934160 0.352574
vn -0.055110 0.934160 0.352574
vn -0.055110 0.934160 0.352574
vn 0.010588 -0.999942 0.001997
vn 0.010588 -0.999942 0.001997
vn 0.010588 -0.999942 0.001997
vn -0.126552 -0.000000 0.991960
vn -0.126552 -0.000000 0.991960
vn -0.126552 -0.000000 0.991960
vn -0.126552 -0.000000 0.991960
vn -0.126552 -0.000000 0.991960
vn -0.126552 -0.000000 0.991960
vn -0.112427 0.819311 0.562218
vn -0.112427 0.819311 0.562218
vn -0.112427 0.819311 0.562218
vn 0.010588 -0.999942 0.001997
vn 0.010588 -0.999942 0.001997
vn 0.010588 -0.999942 0.001997
vn -0.180967 -0.000000 0.983489
vn -0.180967 -0.000000 0.983489
vn -0.180967 -0.000000 0.983489
vn -0.180967 -0.000000 0.983489
vn -0.180967 -0.000000 0.983489
vn -0.180967 -0.000000 0.983489
vn -0.099855 0.937136 0.334374
vn -0.099855 0.937136 0.334374
vn -0.099855 0.937136 0.334374
vn 0.010588 -0.999942 0.001997
vn 0.010588 -0.999942 0.001997
vn 0.010588 -0.999942 0.001997
vn -0.258379 -0.000000 0.966044
vn -0.258379 -0.000000 0.966044
vn -0.258379 -0.000000 0.966044
vn -0.258379 -0.000000 0.966044
vn -0.258379 -0.000000 0.966044
vn -0.258379 -0.000000 0.966044
f 2761/2761/2761 2762/2762/2762 2763/2763/2763
f 2764/2764/2764 2765/2765/2765 2766/2766/2766
f 2767/2767/2767 2768/2768/2768 2769/2769/2769
f 2770/2770/2770 2771/2771/2771 2772/2772/2772
f 2773/2773/2773 2774/2774/2774 2775/2775/2775
f 2776/2776/2776 2777/2777/2777 2778/2778/2778
f 2779/2779/2779 2780/2780/2780 2781/2781/2781
f 2782/2782/2782 2783/2783/2783 2784/2784/2784
f 2785/2785/2785 2786/2786/2786 2787/2787/2787
f 2788/2788/2788 2789/2789/2789 2790/2790/2790
f 2791/2791/2791 2792/2792/2792 2793/2793/2793
f 2794/2794/2794 2795/2795/2795 2796/2796/2796
f 2797/2797/2797 2798/2798/2798 2799/2799/2799
f 2800/2800/2800 2801/2801/2801 2802/2802/2802
f 2803/2803/2803 2804/2804/2804 2805/2805/2805
f 2806/2806/2806 2807/2807/2807 2808/2808/2808
f 2809/2809/2809 2810/2810/2810 2811/2811/2811
f 2812/2812/2812 2813/2813/2813 2814/2814/2814
f 2815/2815/2815 2816/2816/2816 2817/2817/2817
f 2818/2818/2818 2819/2819/2819 2820/2820/2820
f 2821/2821/2821 2822/2822/2822 2823/2823/2823
f 2824/2824/2824 2825/2825/2825 2826/2826/2826
f 2827/2827/2827 2828/2828/2828 2829/2829/2829
f 2830/2830/2830 2831/2831/2831 2832/2832/2832
o RightWingFeather2
usemtl PaintedCrystalBlue
v 18.400000 0.900000 2.000000
v 29.020000 1.600000 4.520000
v 24.777916 0.900000 1.385925
v 18.400000 0.585000 2.000000
v 24.777916 0.585000 1.385925
v 29.020000 0.585000 4.520000
v 18.400000 0.900000 2.000000
v 24.777916 0.585000 1.385925
v 18.400000 0.585000 2.000000
v 18.400000 0.900000 2.000000
v 24.777916 0.900000 1.385925
v 24.777916 0.585000 1.385925
v 24.777916 0.900000 1.385925
v 29.020000 1.600000 4.520000
v 35.816814 0.900000 4.241712
v 24.777916 0.585000 1.385925
v 35.816814 0.585000 4.241712
v 29.020000 0.585000 4.520000
v 24.777916 0.900000 1.385925
v 35.816814 0.585000 4.241712
v 24.777916 0.585000 1.385925
v 24.777916 0.900000 1.385925
v 35.816814 0.900000 4.241712
v 35.816814 0.585000 4.241712
v 35.816814 0.900000 4.241712
v 29.020000 1.600000 4.520000
v 42.000000 0.900000 7.600000
v 35.816814 0.585000 4.241712
v 42.000000 0.585000 7.600000
v 29.020000 0.585000 4.520000
v 35.816814 0.900000 4.241712
v 42.000000 0.585000 7.600000
v 35.816814 0.585000 4.241712
v 35.816814 0.900000 4.241712
v 42.000000 0.900000 7.600000
v 42.000000 0.585000 7.600000
v 42.000000 0.900000 7.600000
v 29.020000 1.600000 4.520000
v 34.967186 0.900000 7.822288
v 42.000000 0.585000 7.600000
v 34.967186 0.585000 7.822288
v 29.020000 0.585000 4.520000
v 42.000000 0.900000 7.600000
v 34.967186 0.585000 7.822288
v 42.000000 0.585000 7.600000
v 42.000000 0.900000 7.600000
v 34.967186 0.900000 7.822288
v 34.967186 0.585000 7.822288
v 34.967186 0.900000 7.822288
v 29.020000 1.600000 4.520000
v 23.822084 0.900000 5.414075
v 34.967186 0.585000 7.822288
v 23.822084 0.585000 5.414075
v 29.020000 0.585000 4.520000
v 34.967186 0.900000 7.822288
v 23.822084 0.585000 5.414075
v 34.967186 0.585000 7.822288
v 34.967186 0.900000 7.822288
v 23.822084 0.900000 5.414075
v 23.822084 0.585000 5.414075
v 23.822084 0.900000 5.414075
v 29.020000 1.600000 4.520000
v 18.400000 0.900000 2.000000
v 23.822084 0.585000 5.414075
v 18.400000 0.585000 2.000000
v 29.020000 0.585000 4.520000
v 23.822084 0.900000 5.414075
v 18.400000 0.585000 2.000000
v 23.822084 0.585000 5.414075
v 23.822084 0.900000 5.414075
v 18.400000 0.900000 2.000000
v 18.400000 0.585000 2.000000
vt 0.375000 0.507812
vt 0.375000 0.613281
vt 0.269531 0.566406
vt 0.375000 0.507812
vt 0.269531 0.566406
vt 0.375000 0.613281
vt 0.375000 0.507812
vt 0.269531 0.566406
vt 0.375000 0.507812
vt 0.375000 0.507812
vt 0.269531 0.566406
vt 0.269531 0.566406
vt 0.269531 0.566406
vt 0.375000 0.613281
vt 0.281250 0.676562
vt 0.269531 0.566406
vt 0.281250 0.676562
vt 0.375000 0.613281
vt 0.269531 0.566406
vt 0.281250 0.676562
vt 0.269531 0.566406
vt 0.269531 0.566406
vt 0.281250 0.676562
vt 0.281250 0.676562
vt 0.281250 0.676562
vt 0.375000 0.613281
vt 0.375000 0.742188
vt 0.281250 0.676562
vt 0.375000 0.742188
vt 0.375000 0.613281
vt 0.281250 0.676562
vt 0.375000 0.742188
vt 0.281250 0.676562
vt 0.281250 0.676562
vt 0.375000 0.742188
vt 0.375000 0.742188
vt 0.375000 0.742188
vt 0.375000 0.613281
vt 0.468750 0.676562
vt 0.375000 0.742188
vt 0.468750 0.676562
vt 0.375000 0.613281
vt 0.375000 0.742188
vt 0.468750 0.676562
vt 0.375000 0.742188
vt 0.375000 0.742188
vt 0.468750 0.676562
vt 0.468750 0.676562
vt 0.468750 0.676562
vt 0.375000 0.613281
vt 0.480469 0.566406
vt 0.468750 0.676562
vt 0.480469 0.566406
vt 0.375000 0.613281
vt 0.468750 0.676562
vt 0.480469 0.566406
vt 0.468750 0.676562
vt 0.468750 0.676562
vt 0.480469 0.566406
vt 0.480469 0.566406
vt 0.480469 0.566406
vt 0.375000 0.613281
vt 0.375000 0.507812
vt 0.480469 0.566406
vt 0.375000 0.507812
vt 0.375000 0.613281
vt 0.480469 0.566406
vt 0.375000 0.507812
vt 0.480469 0.566406
vt 0.480469 0.566406
vt 0.375000 0.507812
vt 0.375000 0.507812
vn -0.018661 0.980860 -0.193818
vn -0.018661 0.980860 -0.193818
vn -0.018661 0.980860 -0.193818
vn 0.000000 -1.000000 0.000000
vn 0.000000 -1.000000 0.000000
vn 0.000000 -1.000000 0.000000
vn -0.095838 -0.000000 -0.995397
vn -0.095838 -0.000000 -0.995397
vn -0.095838 -0.000000 -0.995397
vn -0.095838 -0.000000 -0.995397
vn -0.095838 -0.000000 -0.995397
vn -0.095838 -0.000000 -0.995397
vn 0.083793 0.942374 -0.323897
vn 0.083793 0.942374 -0.323897
vn 0.083793 0.942374 -0.323897
vn 0.000000 -1.000000 0.000000
vn 0.000000 -1.000000 0.000000
vn 0.000000 -1.000000 0.000000
vn 0.250457 -0.000000 -0.968128
vn 0.250457 -0.000000 -0.968128
vn 0.250457 -0.000000 -0.968128
vn 0.250457 -0.000000 -0.968128
vn 0.250457 -0.000000 -0.968128
vn 0.250457 -0.000000 -0.968128
vn 0.093898 0.980456 -0.172883
vn 0.093898 0.980456 -0.172883
vn 0.093898 0.980456 -0.172883
vn 0.000000 -1.000000 0.000000
vn 0.000000 -1.000000 0.000000
vn 0.000000 -1.000000 0.000000
vn 0.477279 -0.000000 -0.878752
vn 0.477279 -0.000000 -0.878752
vn 0.477279 -0.000000 -0.878752
vn 0.477279 -0.000000 -0.878752
vn 0.477279 -0.000000 -0.878752
vn 0.477279 -0.000000 -0.878752
vn 0.006215 0.980456 0.196638
vn 0.006215 0.980456 0.196638
vn 0.006215 0.980456 0.196638
vn -0.000000 -1.000000 0.000000
vn -0.000000 -1.000000 0.000000
vn -0.000000 -1.000000 0.000000
vn 0.031592 0.000000 0.999501
vn 0.031592 0.000000 0.999501
vn 0.031592 0.000000 0.999501
vn 0.031592 -0.000000 0.999501
vn 0.031592 -0.000000 0.999501
vn 0.031592 -0.000000 0.999501
vn -0.070661 0.942374 0.327014
vn -0.070661 0.942374 0.327014
vn -0.070661 0.942374 0.327014
vn 0.000000 -1.000000 0.000000
vn 0.000000 -1.000000 0.000000
vn 0.000000 -1.000000 0.000000
vn -0.211204 -0.000000 0.977442
vn -0.211204 -0.000000 0.977442
vn -0.211204 -0.000000 0.977442
vn -0.211204 -0.000000 0.977442
vn -0.211204 -0.000000 0.977442
vn -0.211204 -0.000000 0.977442
vn -0.103750 0.980860 0.164771
vn -0.103750 0.980860 0.164771
vn -0.103750 0.980860 0.164771
vn 0.000000 -1.000000 -0.000000
vn 0.000000 -1.000000 -0.000000
vn 0.000000 -1.000000 -0.000000
vn -0.532832 -0.000000 0.846221
vn -0.532832 -0.000000 0.846221
vn -0.532832 -0.000000 0.846221
vn -0.532832 -0.000000 0.846221
vn -0.532832 -0.000000 0.846221
vn -0.532832 -0.000000 0.846221
f 2833/2833/2833 2834/2834/2834 2835/2835/2835
f 2836/2836/2836 2837/2837/2837 2838/2838/2838
f 2839/2839/2839 2840/2840/2840 2841/2841/2841
f 2842/2842/2842 2843/2843/2843 2844/2844/2844
f 2845/2845/2845 2846/2846/2846 2847/2847/2847
f 2848/2848/2848 2849/2849/2849 2850/2850/2850
f 2851/2851/2851 2852/2852/2852 2853/2853/2853
f 2854/2854/2854 2855/2855/2855 2856/2856/2856
f 2857/2857/2857 2858/2858/2858 2859/2859/2859
f 2860/2860/2860 2861/2861/2861 2862/2862/2862
f 2863/2863/2863 2864/2864/2864 2865/2865/2865
f 2866/2866/2866 2867/2867/2867 2868/2868/2868
f 2869/2869/2869 2870/2870/2870 2871/2871/2871
f 2872/2872/2872 2873/2873/2873 2874/2874/2874
f 2875/2875/2875 2876/2876/2876 2877/2877/2877
f 2878/2878/2878 2879/2879/2879 2880/2880/2880
f 2881/2881/2881 2882/2882/2882 2883/2883/2883
f 2884/2884/2884 2885/2885/2885 2886/2886/2886
f 2887/2887/2887 2888/2888/2888 2889/2889/2889
f 2890/2890/2890 2891/2891/2891 2892/2892/2892
f 2893/2893/2893 2894/2894/2894 2895/2895/2895
f 2896/2896/2896 2897/2897/2897 2898/2898/2898
f 2899/2899/2899 2900/2900/2900 2901/2901/2901
f 2902/2902/2902 2903/2903/2903 2904/2904/2904
o RightWingGoldVein2
usemtl PaintedCrystalBlue
v 18.400000 1.800000 2.000000
v 24.984400 1.980000 3.562400
v 22.120337 1.800000 2.605295
v 18.400000 1.719000 2.000000
v 22.120337 1.719000 2.605295
v 24.984400 1.719000 3.562400
v 18.400000 1.800000 2.000000
v 22.120337 1.719000 2.605295
v 18.400000 1.719000 2.000000
v 18.400000 1.800000 2.000000
v 22.120337 1.800000 2.605295
v 22.120337 1.719000 2.605295
v 22.120337 1.800000 2.605295
v 24.984400 1.980000 3.562400
v 28.990451 1.800000 4.266324
v 22.120337 1.719000 2.605295
v 28.990451 1.719000 4.266324
v 24.984400 1.719000 3.562400
v 22.120337 1.800000 2.605295
v 28.990451 1.719000 4.266324
v 22.120337 1.719000 2.605295
v 22.120337 1.800000 2.605295
v 28.990451 1.800000 4.266324
v 28.990451 1.719000 4.266324
v 28.990451 1.800000 4.266324
v 24.984400 1.980000 3.562400
v 33.032000 1.800000 5.472000
v 28.990451 1.719000 4.266324
v 33.032000 1.719000 5.472000
v 24.984400 1.719000 3.562400
v 28.990451 1.800000 4.266324
v 33.032000 1.719000 5.472000
v 28.990451 1.719000 4.266324
v 28.990451 1.800000 4.266324
v 33.032000 1.800000 5.472000
v 33.032000 1.719000 5.472000
v 33.032000 1.800000 5.472000
v 24.984400 1.980000 3.562400
v 28.879629 1.800000 4.733356
v 33.032000 1.719000 5.472000
v 28.879629 1.719000 4.733356
v 24.984400 1.719000 3.562400
v 33.032000 1.800000 5.472000
v 28.879629 1.719000 4.733356
v 33.032000 1.719000 5.472000
v 33.032000 1.800000 5.472000
v 28.879629 1.800000 4.733356
v 28.879629 1.719000 4.733356
v 28.879629 1.800000 4.733356
v 24.984400 1.980000 3.562400
v 21.995663 1.800000 3.130705
v 28.879629 1.719000 4.733356
v 21.995663 1.719000 3.130705
v 24.984400 1.719000 3.562400
v 28.879629 1.800000 4.733356
v 21.995663 1.719000 3.130705
v 28.879629 1.719000 4.733356
v 28.879629 1.800000 4.733356
v 21.995663 1.800000 3.130705
v 21.995663 1.719000 3.130705
v 21.995663 1.800000 3.130705
v 24.984400 1.980000 3.562400
v 18.400000 1.800000 2.000000
v 21.995663 1.719000 3.130705
v 18.400000 1.719000 2.000000
v 24.984400 1.719000 3.562400
v 21.995663 1.800000 3.130705
v 18.400000 1.719000 2.000000
v 21.995663 1.719000 3.130705
v 21.995663 1.800000 3.130705
v 18.400000 1.800000 2.000000
v 18.400000 1.719000 2.000000
vt 0.625000 0.757812
vt 0.625000 0.863281
vt 0.519531 0.816406
vt 0.625000 0.757812
vt 0.519531 0.816406
vt 0.625000 0.863281
vt 0.625000 0.757812
vt 0.519531 0.816406
vt 0.625000 0.757812
vt 0.625000 0.757812
vt 0.519531 0.816406
vt 0.519531 0.816406
vt 0.519531 0.816406
vt 0.625000 0.863281
vt 0.531250 0.926562
vt 0.519531 0.816406
vt 0.531250 0.926562
vt 0.625000 0.863281
vt 0.519531 0.816406
vt 0.531250 0.926562
vt 0.519531 0.816406
vt 0.519531 0.816406
vt 0.531250 0.926562
vt 0.531250 0.926562
vt 0.531250 0.926562
vt 0.625000 0.863281
vt 0.625000 0.992188
vt 0.531250 0.926562
vt 0.625000 0.992188
vt 0.625000 0.863281
vt 0.531250 0.926562
vt 0.625000 0.992188
vt 0.531250 0.926562
vt 0.531250 0.926562
vt 0.625000 0.992188
vt 0.625000 0.992188
vt 0.625000 0.992188
vt 0.625000 0.863281
vt 0.718750 0.926562
vt 0.625000 0.992188
vt 0.718750 0.926562
vt 0.625000 0.863281
vt 0.625000 0.992188
vt 0.718750 0.926562
vt 0.625000 0.992188
vt 0.625000 0.992188
vt 0.718750 0.926562
vt 0.718750 0.926562
vt 0.718750 0.926562
vt 0.625000 0.863281
vt 0.730469 0.816406
vt 0.718750 0.926562
vt 0.730469 0.816406
vt 0.625000 0.863281
vt 0.718750 0.926562
vt 0.730469 0.816406
vt 0.718750 0.926562
vt 0.718750 0.926562
vt 0.730469 0.816406
vt 0.730469 0.816406
vt 0.730469 0.816406
vt 0.625000 0.863281
vt 0.625000 0.757812
vt 0.730469 0.816406
vt 0.625000 0.757812
vt 0.625000 0.863281
vt 0.730469 0.816406
vt 0.625000 0.757812
vt 0.730469 0.816406
vt 0.730469 0.816406
vt 0.625000 0.757812
vt 0.625000 0.757812
vn 0.055901 0.937457 -0.343583
vn 0.055901 0.937457 -0.343583
vn 0.055901 0.937457 -0.343583
vn 0.000000 -1.000000 0.000000
vn 0.000000 -1.000000 0.000000
vn 0.000000 -1.000000 0.000000
vn 0.160587 -0.000000 -0.987022
vn 0.160587 -0.000000 -0.987022
vn 0.160587 -0.000000 -0.987022
vn 0.160587 -0.000000 -0.987022
vn 0.160587 -0.000000 -0.987022
vn 0.160587 -0.000000 -0.987022
vn 0.134735 0.819325 -0.557273
vn 0.134735 0.819325 -0.557273
vn 0.134735 0.819325 -0.557273
vn 0.000000 -1.000000 0.000000
vn 0.000000 -1.000000 0.000000
vn 0.000000 -1.000000 0.000000
vn 0.235005 -0.000000 -0.971994
vn 0.235005 -0.000000 -0.971994
vn 0.235005 -0.000000 -0.971994
vn 0.235005 -0.000000 -0.971994
vn 0.235005 -0.000000 -0.971994
vn 0.235005 -0.000000 -0.971994
vn 0.102115 0.934025 -0.342300
vn 0.102115 0.934025 -0.342300
vn 0.102115 0.934025 -0.342300
vn -0.000000 -1.000000 0.000000
vn -0.000000 -1.000000 0.000000
vn -0.000000 -1.000000 0.000000
vn 0.285871 -0.000000 -0.958268
vn 0.285871 -0.000000 -0.958268
vn 0.285871 -0.000000 -0.958268
vn 0.285871 -0.000000 -0.958268
vn 0.285871 -0.000000 -0.958268
vn 0.285871 -0.000000 -0.958268
vn -0.062560 0.934025 0.351686
vn -0.062560 0.934025 0.351686
vn -0.062560 0.934025 0.351686
vn 0.000000 -1.000000 0.000000
vn 0.000000 -1.000000 0.000000
vn 0.000000 -1.000000 0.000000
vn -0.175136 -0.000000 0.984544
vn -0.175136 -0.000000 0.984544
vn -0.175136 -0.000000 0.984544
vn -0.175136 -0.000000 0.984544
vn -0.175136 -0.000000 0.984544
vn -0.175136 -0.000000 0.984544
vn -0.130000 0.819325 0.558396
vn -0.130000 0.819325 0.558396
vn -0.130000 0.819325 0.558396
vn 0.000000 -1.000000 0.000000
vn 0.000000 -1.000000 0.000000
vn 0.000000 -1.000000 0.000000
vn -0.226745 -0.000000 0.973954
vn -0.226745 -0.000000 0.973954
vn -0.226745 -0.000000 0.973954
vn -0.226745 -0.000000 0.973954
vn -0.226745 -0.000000 0.973954
vn -0.226745 -0.000000 0.973954
vn -0.104424 0.937457 0.332069
vn -0.104424 0.937457 0.332069
vn -0.104424 0.937457 0.332069
vn 0.000000 -1.000000 -0.000000
vn 0.000000 -1.000000 -0.000000
vn 0.000000 -1.000000 -0.000000
vn -0.299981 -0.000000 0.953945
vn -0.299981 -0.000000 0.953945
vn -0.299981 -0.000000 0.953945
vn -0.299981 -0.000000 0.953945
vn -0.299981 -0.000000 0.953945
vn -0.299981 -0.000000 0.953945
f 2905/2905/2905 2906/2906/2906 2907/2907/2907
f 2908/2908/2908 2909/2909/2909 2910/2910/2910
f 2911/2911/2911 2912/2912/2912 2913/2913/2913
f 2914/2914/2914 2915/2915/2915 2916/2916/2916
f 2917/2917/2917 2918/2918/2918 2919/2919/2919
f 2920/2920/2920 2921/2921/2921 2922/2922/2922
f 2923/2923/2923 2924/2924/2924 2925/2925/2925
f 2926/2926/2926 2927/2927/2927 2928/2928/2928
f 2929/2929/2929 2930/2930/2930 2931/2931/2931
f 2932/2932/2932 2933/2933/2933 2934/2934/2934
f 2935/2935/2935 2936/2936/2936 2937/2937/2937
f 2938/2938/2938 2939/2939/2939 2940/2940/2940
f 2941/2941/2941 2942/2942/2942 2943/2943/2943
f 2944/2944/2944 2945/2945/2945 2946/2946/2946
f 2947/2947/2947 2948/2948/2948 2949/2949/2949
f 2950/2950/2950 2951/2951/2951 2952/2952/2952
f 2953/2953/2953 2954/2954/2954 2955/2955/2955
f 2956/2956/2956 2957/2957/2957 2958/2958/2958
f 2959/2959/2959 2960/2960/2960 2961/2961/2961
f 2962/2962/2962 2963/2963/2963 2964/2964/2964
f 2965/2965/2965 2966/2966/2966 2967/2967/2967
f 2968/2968/2968 2969/2969/2969 2970/2970/2970
f 2971/2971/2971 2972/2972/2972 2973/2973/2973
f 2974/2974/2974 2975/2975/2975 2976/2976/2976
o RightWingFeather3
usemtl PaintedCrystalBlue
v 19.600000 0.850000 3.500000
v 30.580000 1.437500 6.605000
v 26.263280 0.787500 3.233112
v 19.600000 0.535000 3.500000
v 26.263280 0.472500 3.233112
v 30.580000 0.422500 6.605000
v 19.600000 0.850000 3.500000
v 26.263280 0.472500 3.233112
v 19.600000 0.535000 3.500000
v 19.600000 0.850000 3.500000
v 26.263280 0.787500 3.233112
v 26.263280 0.472500 3.233112
v 26.263280 0.787500 3.233112
v 30.580000 1.437500 6.605000
v 37.668693 0.670000 6.697433
v 26.263280 0.472500 3.233112
v 37.668693 0.355000 6.697433
v 30.580000 0.422500 6.605000
v 26.263280 0.787500 3.233112
v 37.668693 0.355000 6.697433
v 26.263280 0.472500 3.233112
v 26.263280 0.787500 3.233112
v 37.668693 0.670000 6.697433
v 37.668693 0.355000 6.697433
v 37.668693 0.670000 6.697433
v 30.580000 1.437500 6.605000
v 44.000000 0.600000 10.400000
v 37.668693 0.355000 6.697433
v 44.000000 0.285000 10.400000
v 30.580000 0.422500 6.605000
v 37.668693 0.670000 6.697433
v 44.000000 0.285000 10.400000
v 37.668693 0.355000 6.697433
v 37.668693 0.670000 6.697433
v 44.000000 0.600000 10.400000
v 44.000000 0.285000 10.400000
v 44.000000 0.600000 10.400000
v 30.580000 1.437500 6.605000
v 36.667307 0.670000 10.238567
v 44.000000 0.285000 10.400000
v 36.667307 0.355000 10.238567
v 30.580000 0.422500 6.605000
v 44.000000 0.600000 10.400000
v 36.667307 0.355000 10.238567
v 44.000000 0.285000 10.400000
v 44.000000 0.600000 10.400000
v 36.667307 0.670000 10.238567
v 36.667307 0.355000 10.238567
v 36.667307 0.670000 10.238567
v 30.580000 1.437500 6.605000
v 25.136720 0.787500 7.216888
v 36.667307 0.355000 10.238567
v 25.136720 0.472500 7.216888
v 30.580000 0.422500 6.605000
v 36.667307 0.670000 10.238567
v 25.136720 0.472500 7.216888
v 36.667307 0.355000 10.238567
v 36.667307 0.670000 10.238567
v 25.136720 0.787500 7.216888
v 25.136720 0.472500 7.216888
v 25.136720 0.787500 7.216888
v 30.580000 1.437500 6.605000
v 19.600000 0.850000 3.500000
v 25.136720 0.472500 7.216888
v 19.600000 0.535000 3.500000
v 30.580000 0.422500 6.605000
v 25.136720 0.787500 7.216888
v 19.600000 0.535000 3.500000
v 25.136720 0.472500 7.216888
v 25.136720 0.787500 7.216888
v 19.600000 0.850000 3.500000
v 19.600000 0.535000 3.500000
vt 0.125000 0.507812
vt 0.125000 0.613281
vt 0.019531 0.566406
vt 0.125000 0.507812
vt 0.019531 0.566406
vt 0.125000 0.613281
vt 0.125000 0.507812
vt 0.019531 0.566406
vt 0.125000 0.507812
vt 0.125000 0.507812
vt 0.019531 0.566406
vt 0.019531 0.566406
vt 0.019531 0.566406
vt 0.125000 0.613281
vt 0.031250 0.676562
vt 0.019531 0.566406
vt 0.031250 0.676562
vt 0.125000 0.613281
vt 0.019531 0.566406
vt 0.031250 0.676562
vt 0.019531 0.566406
vt 0.019531 0.566406
vt 0.031250 0.676562
vt 0.031250 0.676562
vt 0.031250 0.676562
vt 0.125000 0.613281
vt 0.125000 0.742188
vt 0.031250 0.676562
vt 0.125000 0.742188
vt 0.125000 0.613281
vt 0.031250 0.676562
vt 0.125000 0.742188
vt 0.031250 0.676562
vt 0.031250 0.676562
vt 0.125000 0.742188
vt 0.125000 0.742188
vt 0.125000 0.742188
vt 0.125000 0.613281
vt 0.218750 0.676562
vt 0.125000 0.742188
vt 0.218750 0.676562
vt 0.125000 0.613281
vt 0.125000 0.742188
vt 0.218750 0.676562
vt 0.125000 0.742188
vt 0.125000 0.742188
vt 0.218750 0.676562
vt 0.218750 0.676562
vt 0.218750 0.676562
vt 0.125000 0.613281
vt 0.230469 0.566406
vt 0.218750 0.676562
vt 0.230469 0.566406
vt 0.125000 0.613281
vt 0.218750 0.676562
vt 0.230469 0.566406
vt 0.218750 0.676562
vt 0.218750 0.676562
vt 0.230469 0.566406
vt 0.230469 0.566406
vt 0.230469 0.566406
vt 0.125000 0.613281
vt 0.125000 0.507812
vt 0.230469 0.566406
vt 0.125000 0.507812
vt 0.125000 0.613281
vt 0.230469 0.566406
vt 0.125000 0.507812
vt 0.230469 0.566406
vt 0.230469 0.566406
vt 0.125000 0.507812
vt 0.125000 0.507812
vn 0.001549 0.981551 -0.191196
vn 0.001549 0.981551 -0.191196
vn 0.001549 0.981551 -0.191196
vn -0.009487 -0.999951 -0.002683
vn -0.009487 -0.999951 -0.002683
vn -0.009487 -0.999951 -0.002683
vn -0.040021 -0.000000 -0.999199
vn -0.040021 -0.000000 -0.999199
vn -0.040021 -0.000000 -0.999199
vn -0.040021 -0.000000 -0.999199
vn -0.040021 -0.000000 -0.999199
vn -0.040021 -0.000000 -0.999199
vn 0.106162 0.942279 -0.317553
vn 0.106162 0.942279 -0.317553
vn 0.106162 0.942279 -0.317553
vn -0.009487 -0.999951 -0.002683
vn -0.009487 -0.999951 -0.002683
vn -0.009487 -0.999951 -0.002683
vn 0.290632 -0.000000 -0.956835
vn 0.290632 -0.000000 -0.956835
vn 0.290632 -0.000000 -0.956835
vn 0.290632 -0.000000 -0.956835
vn 0.290632 -0.000000 -0.956835
vn 0.290632 -0.000000 -0.956835
vn 0.108284 0.980055 -0.166635
vn 0.108284 0.980055 -0.166635
vn 0.108284 0.980055 -0.166635
vn -0.009487 -0.999951 -0.002683
vn -0.009487 -0.999951 -0.002683
vn -0.009487 -0.999951 -0.002683
vn 0.504817 -0.000000 -0.863226
vn 0.504817 -0.000000 -0.863226
vn 0.504817 -0.000000 -0.863226
vn 0.504817 -0.000000 -0.863226
vn 0.504817 -0.000000 -0.863226
vn 0.504817 -0.000000 -0.863226
vn 0.004982 0.980055 0.198665
vn 0.004982 0.980055 0.198665
vn 0.004982 0.980055 0.198665
vn -0.009487 -0.999951 -0.002683
vn -0.009487 -0.999951 -0.002683
vn -0.009487 -0.999951 -0.002683
vn -0.022010 -0.000000 0.999758
vn -0.022010 -0.000000 0.999758
vn -0.022010 -0.000000 0.999758
vn -0.022010 -0.000000 0.999758
vn -0.022010 -0.000000 0.999758
vn -0.022010 -0.000000 0.999758
vn -0.075861 0.942279 0.326122
vn -0.075861 0.942279 0.326122
vn -0.075861 0.942279 0.326122
vn -0.009487 -0.999951 -0.002683
vn -0.009487 -0.999951 -0.002683
vn -0.009487 -0.999951 -0.002683
vn -0.253498 -0.000000 0.967336
vn -0.253498 -0.000000 0.967336
vn -0.253498 -0.000000 0.967336
vn -0.253498 -0.000000 0.967336
vn -0.253498 -0.000000 0.967336
vn -0.253498 -0.000000 0.967336
vn -0.098809 0.981551 0.163692
vn -0.098809 0.981551 0.163692
vn -0.098809 0.981551 0.163692
vn -0.009487 -0.999951 -0.002683
vn -0.009487 -0.999951 -0.002683
vn -0.009487 -0.999951 -0.002683
vn -0.557370 -0.000000 0.830264
vn -0.557370 -0.000000 0.830264
vn -0.557370 -0.000000 0.830264
vn -0.557370 -0.000000 0.830264
vn -0.557370 -0.000000 0.830264
vn -0.557370 -0.000000 0.830264
f 2977/2977/2977 2978/2978/2978 2979/2979/2979
f 2980/2980/2980 2981/2981/2981 2982/2982/2982
f 2983/2983/2983 2984/2984/2984 2985/2985/2985
f 2986/2986/2986 2987/2987/2987 2988/2988/2988
f 2989/2989/2989 2990/2990/2990 2991/2991/2991
f 2992/2992/2992 2993/2993/2993 2994/2994/2994
f 2995/2995/2995 2996/2996/2996 2997/2997/2997
f 2998/2998/2998 2999/2999/2999 3000/3000/3000
f 3001/3001/3001 3002/3002/3002 3003/3003/3003
f 3004/3004/3004 3005/3005/3005 3006/3006/3006
f 3007/3007/3007 3008/3008/3008 3009/3009/3009
f 3010/3010/3010 3011/3011/3011 3012/3012/3012
f 3013/3013/3013 3014/3014/3014 3015/3015/3015
f 3016/3016/3016 3017/3017/3017 3018/3018/3018
f 3019/3019/3019 3020/3020/3020 3021/3021/3021
f 3022/3022/3022 3023/3023/3023 3024/3024/3024
f 3025/3025/3025 3026/3026/3026 3027/3027/3027
f 3028/3028/3028 3029/3029/3029 3030/3030/3030
f 3031/3031/3031 3032/3032/3032 3033/3033/3033
f 3034/3034/3034 3035/3035/3035 3036/3036/3036
f 3037/3037/3037 3038/3038/3038 3039/3039/3039
f 3040/3040/3040 3041/3041/3041 3042/3042/3042
f 3043/3043/3043 3044/3044/3044 3045/3045/3045
f 3046/3046/3046 3047/3047/3047 3048/3048/3048
o RightWingGoldVein3
usemtl PaintedCrystalBlue
v 19.600000 1.750000 3.500000
v 26.407600 1.860250 5.425100
v 23.455471 1.711250 4.309689
v 19.600000 1.669000 3.500000
v 23.455471 1.630250 4.309689
v 26.407600 1.599250 5.425100
v 19.600000 1.750000 3.500000
v 23.455471 1.630250 4.309689
v 19.600000 1.669000 3.500000
v 19.600000 1.750000 3.500000
v 23.455471 1.711250 4.309689
v 23.455471 1.630250 4.309689
v 23.455471 1.711250 4.309689
v 26.407600 1.860250 5.425100
v 30.557468 1.638400 6.349217
v 23.455471 1.630250 4.309689
v 30.557468 1.557400 6.349217
v 26.407600 1.599250 5.425100
v 23.455471 1.711250 4.309689
v 30.557468 1.557400 6.349217
v 23.455471 1.630250 4.309689
v 23.455471 1.711250 4.309689
v 30.557468 1.638400 6.349217
v 30.557468 1.557400 6.349217
v 30.557468 1.638400 6.349217
v 26.407600 1.860250 5.425100
v 34.728000 1.595000 7.778000
v 30.557468 1.557400 6.349217
v 34.728000 1.514000 7.778000
v 26.407600 1.599250 5.425100
v 30.557468 1.638400 6.349217
v 34.728000 1.514000 7.778000
v 30.557468 1.557400 6.349217
v 30.557468 1.638400 6.349217
v 34.728000 1.595000 7.778000
v 34.728000 1.514000 7.778000
v 34.728000 1.595000 7.778000
v 26.407600 1.860250 5.425100
v 30.426852 1.638400 6.811103
v 34.728000 1.514000 7.778000
v 30.426852 1.557400 6.811103
v 26.407600 1.599250 5.425100
v 34.728000 1.595000 7.778000
v 30.426852 1.557400 6.811103
v 34.728000 1.514000 7.778000
v 34.728000 1.595000 7.778000
v 30.426852 1.638400 6.811103
v 30.426852 1.557400 6.811103
v 30.426852 1.638400 6.811103
v 26.407600 1.860250 5.425100
v 23.308529 1.711250 4.829311
v 30.426852 1.557400 6.811103
v 23.308529 1.630250 4.829311
v 26.407600 1.599250 5.425100
v 30.426852 1.638400 6.811103
v 23.308529 1.630250 4.829311
v 30.426852 1.557400 6.811103
v 30.426852 1.638400 6.811103
v 23.308529 1.711250 4.829311
v 23.308529 1.630250 4.829311
v 23.308529 1.711250 4.829311
v 26.407600 1.860250 5.425100
v 19.600000 1.750000 3.500000
v 23.308529 1.630250 4.829311
v 19.600000 1.669000 3.500000
v 26.407600 1.599250 5.425100
v 23.308529 1.711250 4.829311
v 19.600000 1.669000 3.500000
v 23.308529 1.630250 4.829311
v 23.308529 1.711250 4.829311
v 19.600000 1.750000 3.500000
v 19.600000 1.669000 3.500000
vt 0.625000 0.757812
vt 0.625000 0.863281
vt 0.519531 0.816406
vt 0.625000 0.757812
vt 0.519531 0.816406
vt 0.625000 0.863281
vt 0.625000 0.757812
vt 0.519531 0.816406
vt 0.625000 0.757812
vt 0.625000 0.757812
vt 0.519531 0.816406
vt 0.519531 0.816406
vt 0.519531 0.816406
vt 0.625000 0.863281
vt 0.531250 0.926562
vt 0.519531 0.816406
vt 0.531250 0.926562
vt 0.625000 0.863281
vt 0.519531 0.816406
vt 0.531250 0.926562
vt 0.519531 0.816406
vt 0.519531 0.816406
vt 0.531250 0.926562
vt 0.531250 0.926562
vt 0.531250 0.926562
vt 0.625000 0.863281
vt 0.625000 0.992188
vt 0.531250 0.926562
vt 0.625000 0.992188
vt 0.625000 0.863281
vt 0.531250 0.926562
vt 0.625000 0.992188
vt 0.531250 0.926562
vt 0.531250 0.926562
vt 0.625000 0.992188
vt 0.625000 0.992188
vt 0.625000 0.992188
vt 0.625000 0.863281
vt 0.718750 0.926562
vt 0.625000 0.992188
vt 0.718750 0.926562
vt 0.625000 0.863281
vt 0.625000 0.992188
vt 0.718750 0.926562
vt 0.625000 0.992188
vt 0.625000 0.992188
vt 0.718750 0.926562
vt 0.718750 0.926562
vt 0.718750 0.926562
vt 0.625000 0.863281
vt 0.730469 0.816406
vt 0.718750 0.926562
vt 0.730469 0.816406
vt 0.625000 0.863281
vt 0.718750 0.926562
vt 0.730469 0.816406
vt 0.718750 0.926562
vt 0.718750 0.926562
vt 0.730469 0.816406
vt 0.730469 0.816406
vt 0.730469 0.816406
vt 0.625000 0.863281
vt 0.625000 0.757812
vt 0.730469 0.816406
vt 0.625000 0.757812
vt 0.625000 0.863281
vt 0.730469 0.816406
vt 0.625000 0.757812
vt 0.730469 0.816406
vt 0.730469 0.816406
vt 0.625000 0.757812
vt 0.625000 0.757812
vn 0.080439 0.937649 -0.338149
vn 0.080439 0.937649 -0.338149
vn 0.080439 0.937649 -0.338149
vn -0.009487 -0.999951 -0.002683
vn -0.009487 -0.999951 -0.002683
vn -0.009487 -0.999951 -0.002683
vn 0.205527 -0.000000 -0.978651
vn 0.205527 -0.000000 -0.978651
vn 0.205527 -0.000000 -0.978651
vn 0.205527 -0.000000 -0.978651
vn 0.205527 -0.000000 -0.978651
vn 0.205527 -0.000000 -0.978651
vn 0.166015 0.819283 -0.548830
vn 0.166015 0.819283 -0.548830
vn 0.166015 0.819283 -0.548830
vn -0.009487 -0.999951 -0.002683
vn -0.009487 -0.999951 -0.002683
vn -0.009487 -0.999951 -0.002683
vn 0.276020 -0.000000 -0.961152
vn 0.276020 -0.000000 -0.961152
vn 0.276020 -0.000000 -0.961152
vn 0.276020 -0.000000 -0.961152
vn 0.276020 -0.000000 -0.961152
vn 0.276020 -0.000000 -0.961152
vn 0.124590 0.933835 -0.335305
vn 0.124590 0.933835 -0.335305
vn 0.124590 0.933835 -0.335305
vn -0.009487 -0.999951 -0.002683
vn -0.009487 -0.999951 -0.002683
vn -0.009487 -0.999951 -0.002683
vn 0.324098 -0.000000 -0.946023
vn 0.324098 -0.000000 -0.946023
vn 0.324098 -0.000000 -0.946023
vn 0.324098 -0.000000 -0.946023
vn 0.324098 -0.000000 -0.946023
vn 0.324098 -0.000000 -0.946023
vn -0.069459 0.933835 0.350896
vn -0.069459 0.933835 0.350896
vn -0.069459 0.933835 0.350896
vn -0.009487 -0.999951 -0.002683
vn -0.009487 -0.999951 -0.002683
vn -0.009487 -0.999951 -0.002683
vn -0.219326 -0.000000 0.975652
vn -0.219326 -0.000000 0.975652
vn -0.219326 -0.000000 0.975652
vn -0.219326 -0.000000 0.975652
vn -0.219326 -0.000000 0.975652
vn -0.219326 -0.000000 0.975652
vn -0.145990 0.819283 0.554493
vn -0.145990 0.819283 0.554493
vn -0.145990 0.819283 0.554493
vn -0.009487 -0.999951 -0.002683
vn -0.009487 -0.999951 -0.002683
vn -0.009487 -0.999951 -0.002683
vn -0.268207 -0.000000 0.963361
vn -0.268207 -0.000000 0.963361
vn -0.268207 -0.000000 0.963361
vn -0.268207 -0.000000 0.963361
vn -0.268207 -0.000000 0.963361
vn -0.268207 -0.000000 0.963361
vn -0.108561 0.937649 0.330196
vn -0.108561 0.937649 0.330196
vn -0.108561 0.937649 0.330196
vn -0.009487 -0.999951 -0.002683
vn -0.009487 -0.999951 -0.002683
vn -0.009487 -0.999951 -0.002683
vn -0.337425 -0.000000 0.941352
vn -0.337425 -0.000000 0.941352
vn -0.337425 -0.000000 0.941352
vn -0.337425 -0.000000 0.941352
vn -0.337425 -0.000000 0.941352
vn -0.337425 -0.000000 0.941352
f 3049/3049/3049 3050/3050/3050 3051/3051/3051
f 3052/3052/3052 3053/3053/3053 3054/3054/3054
f 3055/3055/3055 3056/3056/3056 3057/3057/3057
f 3058/3058/3058 3059/3059/3059 3060/3060/3060
f 3061/3061/3061 3062/3062/3062 3063/3063/3063
f 3064/3064/3064 3065/3065/3065 3066/3066/3066
f 3067/3067/3067 3068/3068/3068 3069/3069/3069
f 3070/3070/3070 3071/3071/3071 3072/3072/3072
f 3073/3073/3073 3074/3074/3074 3075/3075/3075
f 3076/3076/3076 3077/3077/3077 3078/3078/3078
f 3079/3079/3079 3080/3080/3080 3081/3081/3081
f 3082/3082/3082 3083/3083/3083 3084/3084/3084
f 3085/3085/3085 3086/3086/3086 3087/3087/3087
f 3088/3088/3088 3089/3089/3089 3090/3090/3090
f 3091/3091/3091 3092/3092/3092 3093/3093/3093
f 3094/3094/3094 3095/3095/3095 3096/3096/3096
f 3097/3097/3097 3098/3098/3098 3099/3099/3099
f 3100/3100/3100 3101/3101/3101 3102/3102/3102
f 3103/3103/3103 3104/3104/3104 3105/3105/3105
f 3106/3106/3106 3107/3107/3107 3108/3108/3108
f 3109/3109/3109 3110/3110/3110 3111/3111/3111
f 3112/3112/3112 3113/3113/3113 3114/3114/3114
f 3115/3115/3115 3116/3116/3116 3117/3117/3117
f 3118/3118/3118 3119/3119/3119 3120/3120/3120
o RightWingFeather4
usemtl PaintedCrystalBlue
v 20.800000 0.800000 5.000000
v 32.140000 1.275000 8.690000
v 27.740515 0.675000 5.081589
v 20.800000 0.485000 5.000000
v 27.740515 0.360000 5.081589
v 32.140000 0.260000 8.690000
v 20.800000 0.800000 5.000000
v 27.740515 0.360000 5.081589
v 20.800000 0.485000 5.000000
v 20.800000 0.800000 5.000000
v 27.740515 0.675000 5.081589
v 27.740515 0.360000 5.081589
v 27.740515 0.675000 5.081589
v 32.140000 1.275000 8.690000
v 39.513346 0.440000 9.154302
v 27.740515 0.360000 5.081589
v 39.513346 0.125000 9.154302
v 32.140000 0.260000 8.690000
v 27.740515 0.675000 5.081589
v 39.513346 0.125000 9.154302
v 27.740515 0.360000 5.081589
v 27.740515 0.675000 5.081589
v 39.513346 0.440000 9.154302
v 39.513346 0.125000 9.154302
v 39.513346 0.440000 9.154302
v 32.140000 1.275000 8.690000
v 46.000000 0.300000 13.200000
v 39.513346 0.125000 9.154302
v 46.000000 -0.015000 13.200000
v 32.140000 0.260000 8.690000
v 39.513346 0.440000 9.154302
v 46.000000 -0.015000 13.200000
v 39.513346 0.125000 9.154302
v 39.513346 0.440000 9.154302
v 46.000000 0.300000 13.200000
v 46.000000 -0.015000 13.200000
v 46.000000 0.300000 13.200000
v 32.140000 1.275000 8.690000
v 38.374654 0.440000 12.653698
v 46.000000 -0.015000 13.200000
v 38.374654 0.125000 12.653698
v 32.140000 0.260000 8.690000
v 46.000000 0.300000 13.200000
v 38.374654 0.125000 12.653698
v 46.000000 -0.015000 13.200000
v 46.000000 0.300000 13.200000
v 38.374654 0.440000 12.653698
v 38.374654 0.125000 12.653698
v 38.374654 0.440000 12.653698
v 32.140000 1.275000 8.690000
v 26.459485 0.675000 9.018411
v 38.374654 0.125000 12.653698
v 26.459485 0.360000 9.018411
v 32.140000 0.260000 8.690000
v 38.374654 0.440000 12.653698
v 26.459485 0.360000 9.018411
v 38.374654 0.125000 12.653698
v 38.374654 0.440000 12.653698
v 26.459485 0.675000 9.018411
v 26.459485 0.360000 9.018411
v 26.459485 0.675000 9.018411
v 32.140000 1.275000 8.690000
v 20.800000 0.800000 5.000000
v 26.459485 0.360000 9.018411
v 20.800000 0.485000 5.000000
v 32.140000 0.260000 8.690000
v 26.459485 0.675000 9.018411
v 20.800000 0.485000 5.000000
v 26.459485 0.360000 9.018411
v 26.459485 0.675000 9.018411
v 20.800000 0.800000 5.000000
v 20.800000 0.485000 5.000000
vt 0.375000 0.507812
vt 0.375000 0.613281
vt 0.269531 0.566406
vt 0.375000 0.507812
vt 0.269531 0.566406
vt 0.375000 0.613281
vt 0.375000 0.507812
vt 0.269531 0.566406
vt 0.375000 0.507812
vt 0.375000 0.507812
vt 0.269531 0.566406
vt 0.269531 0.566406
vt 0.269531 0.566406
vt 0.375000 0.613281
vt 0.281250 0.676562
vt 0.269531 0.566406
vt 0.281250 0.676562
vt 0.375000 0.613281
vt 0.269531 0.566406
vt 0.281250 0.676562
vt 0.269531 0.566406
vt 0.269531 0.566406
vt 0.281250 0.676562
vt 0.281250 0.676562
vt 0.281250 0.676562
vt 0.375000 0.613281
vt 0.375000 0.742188
vt 0.281250 0.676562
vt 0.375000 0.742188
vt 0.375000 0.613281
vt 0.281250 0.676562
vt 0.375000 0.742188
vt 0.281250 0.676562
vt 0.281250 0.676562
vt 0.375000 0.742188
vt 0.375000 0.742188
vt 0.375000 0.742188
vt 0.375000 0.613281
vt 0.468750 0.676562
vt 0.375000 0.742188
vt 0.468750 0.676562
vt 0.375000 0.613281
vt 0.375000 0.742188
vt 0.468750 0.676562
vt 0.375000 0.742188
vt 0.375000 0.742188
vt 0.468750 0.676562
vt 0.468750 0.676562
vt 0.468750 0.676562
vt 0.375000 0.613281
vt 0.480469 0.566406
vt 0.468750 0.676562
vt 0.480469 0.566406
vt 0.375000 0.613281
vt 0.468750 0.676562
vt 0.480469 0.566406
vt 0.468750 0.676562
vt 0.468750 0.676562
vt 0.480469 0.566406
vt 0.480469 0.566406
vt 0.480469 0.566406
vt 0.375000 0.613281
vt 0.375000 0.507812
vt 0.480469 0.566406
vt 0.375000 0.507812
vt 0.375000 0.613281
vt 0.480469 0.566406
vt 0.375000 0.507812
vt 0.480469 0.566406
vt 0.480469 0.566406
vt 0.375000 0.507812
vt 0.375000 0.507812
vn 0.019892 0.982054 -0.187547
vn 0.019892 0.982054 -0.187547
vn 0.019892 0.982054 -0.187547
vn -0.017938 -0.999822 -0.005837
vn -0.017938 -0.999822 -0.005837
vn -0.017938 -0.999822 -0.005837
vn 0.011755 -0.000000 -0.999931
vn 0.011755 -0.000000 -0.999931
vn 0.011755 -0.000000 -0.999931
vn 0.011755 -0.000000 -0.999931
vn 0.011755 -0.000000 -0.999931
vn 0.011755 -0.000000 -0.999931
vn 0.126249 0.942125 -0.310582
vn 0.126249 0.942125 -0.310582
vn 0.126249 0.942125 -0.310582
vn -0.017938 -0.999822 -0.005837
vn -0.017938 -0.999822 -0.005837
vn -0.017938 -0.999822 -0.005837
vn 0.326931 -0.000000 -0.945048
vn 0.326931 -0.000000 -0.945048
vn 0.326931 -0.000000 -0.945048
vn 0.326931 -0.000000 -0.945048
vn 0.326931 -0.000000 -0.945048
vn 0.326931 -0.000000 -0.945048
vn 0.121025 0.979646 -0.160145
vn 0.121025 0.979646 -0.160145
vn 0.121025 0.979646 -0.160145
vn -0.017938 -0.999822 -0.005837
vn -0.017938 -0.999822 -0.005837
vn -0.017938 -0.999822 -0.005837
vn 0.529203 -0.000000 -0.848495
vn 0.529203 -0.000000 -0.848495
vn 0.529203 -0.000000 -0.848495
vn 0.529203 -0.000000 -0.848495
vn 0.529203 -0.000000 -0.848495
vn 0.529203 -0.000000 -0.848495
vn 0.003607 0.979646 0.200700
vn 0.003607 0.979646 0.200700
vn 0.003607 0.979646 0.200700
vn -0.017938 -0.999822 -0.005837
vn -0.017938 -0.999822 -0.005837
vn -0.017938 -0.999822 -0.005837
vn -0.071460 -0.000000 0.997443
vn -0.071460 -0.000000 0.997443
vn -0.071460 -0.000000 0.997443
vn -0.071460 -0.000000 0.997443
vn -0.071460 -0.000000 0.997443
vn -0.071460 -0.000000 0.997443
vn -0.080699 0.942125 0.325404
vn -0.080699 0.942125 0.325404
vn -0.080699 0.942125 0.325404
vn -0.017938 -0.999822 -0.005837
vn -0.017938 -0.999822 -0.005837
vn -0.017938 -0.999822 -0.005837
vn -0.291818 -0.000000 0.956474
vn -0.291818 -0.000000 0.956474
vn -0.291818 -0.000000 0.956474
vn -0.291818 -0.000000 0.956474
vn -0.291818 -0.000000 0.956474
vn -0.291818 -0.000000 0.956474
vn -0.094286 0.982054 0.163339
vn -0.094286 0.982054 0.163339
vn -0.094286 0.982054 0.163339
vn -0.017938 -0.999822 -0.005837
vn -0.017938 -0.999822 -0.005837
vn -0.017938 -0.999822 -0.005837
vn -0.578939 -0.000000 0.815371
vn -0.578939 -0.000000 0.815371
vn -0.578939 -0.000000 0.815371
vn -0.578939 -0.000000 0.815371
vn -0.578939 -0.000000 0.815371
vn -0.578939 -0.000000 0.815371
f 3121/3121/3121 3122/3122/3122 3123/3123/3123
f 3124/3124/3124 3125/3125/3125 3126/3126/3126
f 3127/3127/3127 3128/3128/3128 3129/3129/3129
f 3130/3130/3130 3131/3131/3131 3132/3132/3132
f 3133/3133/3133 3134/3134/3134 3135/3135/3135
f 3136/3136/3136 3137/3137/3137 3138/3138/3138
f 3139/3139/3139 3140/3140/3140 3141/3141/3141
f 3142/3142/3142 3143/3143/3143 3144/3144/3144
f 3145/3145/3145 3146/3146/3146 3147/3147/3147
f 3148/3148/3148 3149/3149/3149 3150/3150/3150
f 3151/3151/3151 3152/3152/3152 3153/3153/3153
f 3154/3154/3154 3155/3155/3155 3156/3156/3156
f 3157/3157/3157 3158/3158/3158 3159/3159/3159
f 3160/3160/3160 3161/3161/3161 3162/3162/3162
f 3163/3163/3163 3164/3164/3164 3165/3165/3165
f 3166/3166/3166 3167/3167/3167 3168/3168/3168
f 3169/3169/3169 3170/3170/3170 3171/3171/3171
f 3172/3172/3172 3173/3173/3173 3174/3174/3174
f 3175/3175/3175 3176/3176/3176 3177/3177/3177
f 3178/3178/3178 3179/3179/3179 3180/3180/3180
f 3181/3181/3181 3182/3182/3182 3183/3183/3183
f 3184/3184/3184 3185/3185/3185 3186/3186/3186
f 3187/3187/3187 3188/3188/3188 3189/3189/3189
f 3190/3190/3190 3191/3191/3191 3192/3192/3192
o RightWingGoldVein4
usemtl PaintedCrystalBlue
v 20.800000 1.700000 5.000000
v 27.830800 1.740500 7.287800
v 24.789545 1.622500 6.014251
v 20.800000 1.619000 5.000000
v 24.789545 1.541500 6.014251
v 27.830800 1.479500 7.287800
v 20.800000 1.700000 5.000000
v 24.789545 1.541500 6.014251
v 20.800000 1.619000 5.000000
v 20.800000 1.700000 5.000000
v 24.789545 1.622500 6.014251
v 24.789545 1.541500 6.014251
v 24.789545 1.622500 6.014251
v 27.830800 1.740500 7.287800
v 32.123543 1.476800 8.432258
v 24.789545 1.541500 6.014251
v 32.123543 1.395800 8.432258
v 27.830800 1.479500 7.287800
v 24.789545 1.622500 6.014251
v 32.123543 1.395800 8.432258
v 24.789545 1.541500 6.014251
v 24.789545 1.622500 6.014251
v 32.123543 1.476800 8.432258
v 32.123543 1.395800 8.432258
v 32.123543 1.476800 8.432258
v 27.830800 1.740500 7.287800
v 36.424000 1.390000 10.084000
v 32.123543 1.395800 8.432258
v 36.424000 1.309000 10.084000
v 27.830800 1.479500 7.287800
v 32.123543 1.476800 8.432258
v 36.424000 1.309000 10.084000
v 32.123543 1.395800 8.432258
v 32.123543 1.476800 8.432258
v 36.424000 1.390000 10.084000
v 36.424000 1.309000 10.084000
v 36.424000 1.390000 10.084000
v 27.830800 1.740500 7.287800
v 31.975017 1.476800 8.888702
v 36.424000 1.309000 10.084000
v 31.975017 1.395800 8.888702
v 27.830800 1.479500 7.287800
v 36.424000 1.390000 10.084000
v 31.975017 1.395800 8.888702
v 36.424000 1.309000 10.084000
v 36.424000 1.390000 10.084000
v 31.975017 1.476800 8.888702
v 31.975017 1.395800 8.888702
v 31.975017 1.476800 8.888702
v 27.830800 1.740500 7.287800
v 24.622455 1.622500 6.527749
v 31.975017 1.395800 8.888702
v 24.622455 1.541500 6.527749
v 27.830800 1.479500 7.287800
v 31.975017 1.476800 8.888702
v 24.622455 1.541500 6.527749
v 31.975017 1.395800 8.888702
v 31.975017 1.476800 8.888702
v 24.622455 1.622500 6.527749
v 24.622455 1.541500 6.527749
v 24.622455 1.622500 6.527749
v 27.830800 1.740500 7.287800
v 20.800000 1.700000 5.000000
v 24.622455 1.541500 6.527749
v 20.800000 1.619000 5.000000
v 27.830800 1.479500 7.287800
v 24.622455 1.622500 6.527749
v 20.800000 1.619000 5.000000
v 24.622455 1.541500 6.527749
v 24.622455 1.622500 6.527749
v 20.800000 1.700000 5.000000
v 20.800000 1.619000 5.000000
vt 0.625000 0.757812
vt 0.625000 0.863281
vt 0.519531 0.816406
vt 0.625000 0.757812
vt 0.519531 0.816406
vt 0.625000 0.863281
vt 0.625000 0.757812
vt 0.519531 0.816406
vt 0.625000 0.757812
vt 0.625000 0.757812
vt 0.519531 0.816406
vt 0.519531 0.816406
vt 0.519531 0.816406
vt 0.625000 0.863281
vt 0.531250 0.926562
vt 0.519531 0.816406
vt 0.531250 0.926562
vt 0.625000 0.863281
vt 0.519531 0.816406
vt 0.531250 0.926562
vt 0.519531 0.816406
vt 0.519531 0.816406
vt 0.531250 0.926562
vt 0.531250 0.926562
vt 0.531250 0.926562
vt 0.625000 0.863281
vt 0.625000 0.992188
vt 0.531250 0.926562
vt 0.625000 0.992188
vt 0.625000 0.863281
vt 0.531250 0.926562
vt 0.625000 0.992188
vt 0.531250 0.926562
vt 0.531250 0.926562
vt 0.625000 0.992188
vt 0.625000 0.992188
vt 0.625000 0.992188
vt 0.625000 0.863281
vt 0.718750 0.926562
vt 0.625000 0.992188
vt 0.718750 0.926562
vt 0.625000 0.863281
vt 0.625000 0.992188
vt 0.718750 0.926562
vt 0.625000 0.992188
vt 0.625000 0.992188
vt 0.718750 0.926562
vt 0.718750 0.926562
vt 0.718750 0.926562
vt 0.625000 0.863281
vt 0.730469 0.816406
vt 0.718750 0.926562
vt 0.730469 0.816406
vt 0.625000 0.863281
vt 0.718750 0.926562
vt 0.730469 0.816406
vt 0.718750 0.926562
vt 0.718750 0.926562
vt 0.730469 0.816406
vt 0.730469 0.816406
vt 0.730469 0.816406
vt 0.625000 0.863281
vt 0.625000 0.757812
vt 0.730469 0.816406
vt 0.625000 0.757812
vt 0.625000 0.863281
vt 0.730469 0.816406
vt 0.625000 0.757812
vt 0.730469 0.816406
vt 0.730469 0.816406
vt 0.625000 0.757812
vt 0.625000 0.757812
vn 0.102583 0.937736 -0.331854
vn 0.102583 0.937736 -0.331854
vn 0.102583 0.937736 -0.331854
vn -0.017938 -0.999822 -0.005837
vn -0.017938 -0.999822 -0.005837
vn -0.017938 -0.999822 -0.005837
vn 0.246390 -0.000000 -0.969171
vn 0.246390 -0.000000 -0.969171
vn 0.246390 -0.000000 -0.969171
vn 0.246390 -0.000000 -0.969171
vn 0.246390 -0.000000 -0.969171
vn 0.246390 -0.000000 -0.969171
vn 0.194190 0.819199 -0.539632
vn 0.194190 0.819199 -0.539632
vn 0.194190 0.819199 -0.539632
vn -0.017938 -0.999822 -0.005837
vn -0.017938 -0.999822 -0.005837
vn -0.017938 -0.999822 -0.005837
vn 0.313119 -0.000000 -0.949714
vn 0.313119 -0.000000 -0.949714
vn 0.313119 -0.000000 -0.949714
vn 0.313119 -0.000000 -0.949714
vn 0.313119 -0.000000 -0.949714
vn 0.313119 -0.000000 -0.949714
vn 0.144735 0.933606 -0.327769
vn 0.144735 0.933606 -0.327769
vn 0.144735 0.933606 -0.327769
vn -0.017938 -0.999822 -0.005837
vn -0.017938 -0.999822 -0.005837
vn -0.017938 -0.999822 -0.005837
vn 0.358548 -0.000000 -0.933511
vn 0.358548 -0.000000 -0.933511
vn 0.358548 -0.000000 -0.933511
vn 0.358548 -0.000000 -0.933511
vn 0.358548 -0.000000 -0.933511
vn 0.358548 -0.000000 -0.933511
vn -0.075867 0.933606 0.350178
vn -0.075867 0.933606 0.350178
vn -0.075867 0.933606 0.350178
vn -0.017938 -0.999822 -0.005837
vn -0.017938 -0.999822 -0.005837
vn -0.017938 -0.999822 -0.005837
vn -0.259467 -0.000000 0.965752
vn -0.259467 -0.000000 0.965752
vn -0.259467 -0.000000 0.965752
vn -0.259467 -0.000000 0.965752
vn -0.259467 -0.000000 0.965752
vn -0.259467 -0.000000 0.965752
vn -0.160560 0.819199 0.550575
vn -0.160560 0.819199 0.550575
vn -0.160560 0.819199 0.550575
vn -0.017938 -0.999822 -0.005837
vn -0.017938 -0.999822 -0.005837
vn -0.017938 -0.999822 -0.005837
vn -0.305731 -0.000000 0.952118
vn -0.305731 -0.000000 0.952118
vn -0.305731 -0.000000 0.952118
vn -0.305731 -0.000000 0.952118
vn -0.305731 -0.000000 0.952118
vn -0.305731 -0.000000 0.952118
vn -0.112352 0.937736 0.328675
vn -0.112352 0.937736 0.328675
vn -0.112352 0.937736 0.328675
vn -0.017938 -0.999822 -0.005837
vn -0.017938 -0.999822 -0.005837
vn -0.017938 -0.999822 -0.005837
vn -0.371133 -0.000000 0.928580
vn -0.371133 -0.000000 0.928580
vn -0.371133 -0.000000 0.928580
vn -0.371133 -0.000000 0.928580
vn -0.371133 -0.000000 0.928580
vn -0.371133 -0.000000 0.928580
f 3193/3193/3193 3194/3194/3194 3195/3195/3195
f 3196/3196/3196 3197/3197/3197 3198/3198/3198
f 3199/3199/3199 3200/3200/3200 3201/3201/3201
f 3202/3202/3202 3203/3203/3203 3204/3204/3204
f 3205/3205/3205 3206/3206/3206 3207/3207/3207
f 3208/3208/3208 3209/3209/3209 3210/3210/3210
f 3211/3211/3211 3212/3212/3212 3213/3213/3213
f 3214/3214/3214 3215/3215/3215 3216/3216/3216
f 3217/3217/3217 3218/3218/3218 3219/3219/3219
f 3220/3220/3220 3221/3221/3221 3222/3222/3222
f 3223/3223/3223 3224/3224/3224 3225/3225/3225
f 3226/3226/3226 3227/3227/3227 3228/3228/3228
f 3229/3229/3229 3230/3230/3230 3231/3231/3231
f 3232/3232/3232 3233/3233/3233 3234/3234/3234
f 3235/3235/3235 3236/3236/3236 3237/3237/3237
f 3238/3238/3238 3239/3239/3239 3240/3240/3240
f 3241/3241/3241 3242/3242/3242 3243/3243/3243
f 3244/3244/3244 3245/3245/3245 3246/3246/3246
f 3247/3247/3247 3248/3248/3248 3249/3249/3249
f 3250/3250/3250 3251/3251/3251 3252/3252/3252
f 3253/3253/3253 3254/3254/3254 3255/3255/3255
f 3256/3256/3256 3257/3257/3257 3258/3258/3258
f 3259/3259/3259 3260/3260/3260 3261/3261/3261
f 3262/3262/3262 3263/3263/3263 3264/3264/3264
o RightWingFeather5
usemtl PaintedCrystalBlue
v 22.000000 0.750000 6.500000
v 33.700000 1.112500 10.775000
v 29.210409 0.562500 6.930722
v 22.000000 0.435000 6.500000
v 29.210409 0.247500 6.930722
v 33.700000 0.097500 10.775000
v 22.000000 0.750000 6.500000
v 29.210409 0.247500 6.930722
v 22.000000 0.435000 6.500000
v 22.000000 0.750000 6.500000
v 29.210409 0.562500 6.930722
v 29.210409 0.247500 6.930722
v 29.210409 0.562500 6.930722
v 33.700000 1.112500 10.775000
v 41.351475 0.210000 11.611753
v 29.210409 0.247500 6.930722
v 41.351475 -0.105000 11.611753
v 33.700000 0.097500 10.775000
v 29.210409 0.562500 6.930722
v 41.351475 -0.105000 11.611753
v 29.210409 0.247500 6.930722
v 29.210409 0.562500 6.930722
v 41.351475 0.210000 11.611753
v 41.351475 -0.105000 11.611753
v 41.351475 0.210000 11.611753
v 33.700000 1.112500 10.775000
v 48.000000 0.000000 16.000000
v 41.351475 -0.105000 11.611753
v 48.000000 -0.315000 16.000000
v 33.700000 0.097500 10.775000
v 41.351475 0.210000 11.611753
v 48.000000 -0.315000 16.000000
v 41.351475 -0.105000 11.611753
v 41.351475 0.210000 11.611753
v 48.000000 0.000000 16.000000
v 48.000000 -0.315000 16.000000
v 48.000000 0.000000 16.000000
v 33.700000 1.112500 10.775000
v 40.088525 0.210000 15.068247
v 48.000000 -0.315000 16.000000
v 40.088525 -0.105000 15.068247
v 33.700000 0.097500 10.775000
v 48.000000 0.000000 16.000000
v 40.088525 -0.105000 15.068247
v 48.000000 -0.315000 16.000000
v 48.000000 0.000000 16.000000
v 40.088525 0.210000 15.068247
v 40.088525 -0.105000 15.068247
v 40.088525 0.210000 15.068247
v 33.700000 1.112500 10.775000
v 27.789591 0.562500 10.819278
v 40.088525 -0.105000 15.068247
v 27.789591 0.247500 10.819278
v 33.700000 0.097500 10.775000
v 40.088525 0.210000 15.068247
v 27.789591 0.247500 10.819278
v 40.088525 -0.105000 15.068247
v 40.088525 0.210000 15.068247
v 27.789591 0.562500 10.819278
v 27.789591 0.247500 10.819278
v 27.789591 0.562500 10.819278
v 33.700000 1.112500 10.775000
v 22.000000 0.750000 6.500000
v 27.789591 0.247500 10.819278
v 22.000000 0.435000 6.500000
v 33.700000 0.097500 10.775000
v 27.789591 0.562500 10.819278
v 22.000000 0.435000 6.500000
v 27.789591 0.247500 10.819278
v 27.789591 0.562500 10.819278
v 22.000000 0.750000 6.500000
v 22.000000 0.435000 6.500000
vt 0.125000 0.507812
vt 0.125000 0.613281
vt 0.019531 0.566406
vt 0.125000 0.507812
vt 0.019531 0.566406
vt 0.125000 0.613281
vt 0.125000 0.507812
vt 0.019531 0.566406
vt 0.125000 0.507812
vt 0.125000 0.507812
vt 0.019531 0.566406
vt 0.019531 0.566406
vt 0.019531 0.566406
vt 0.125000 0.613281
vt 0.031250 0.676562
vt 0.019531 0.566406
vt 0.031250 0.676562
vt 0.125000 0.613281
vt 0.019531 0.566406
vt 0.031250 0.676562
vt 0.019531 0.566406
vt 0.019531 0.566406
vt 0.031250 0.676562
vt 0.031250 0.676562
vt 0.031250 0.676562
vt 0.125000 0.613281
vt 0.125000 0.742188
vt 0.031250 0.676562
vt 0.125000 0.742188
vt 0.125000 0.613281
vt 0.031250 0.676562
vt 0.125000 0.742188
vt 0.031250 0.676562
vt 0.031250 0.676562
vt 0.125000 0.742188
vt 0.125000 0.742188
vt 0.125000 0.742188
vt 0.125000 0.613281
vt 0.218750 0.676562
vt 0.125000 0.742188
vt 0.218750 0.676562
vt 0.125000 0.613281
vt 0.125000 0.742188
vt 0.218750 0.676562
vt 0.125000 0.742188
vt 0.125000 0.742188
vt 0.218750 0.676562
vt 0.218750 0.676562
vt 0.218750 0.676562
vt 0.125000 0.613281
vt 0.230469 0.566406
vt 0.218750 0.676562
vt 0.230469 0.566406
vt 0.125000 0.613281
vt 0.218750 0.676562
vt 0.230469 0.566406
vt 0.218750 0.676562
vt 0.218750 0.676562
vt 0.230469 0.566406
vt 0.230469 0.566406
vt 0.230469 0.566406
vt 0.125000 0.613281
vt 0.125000 0.507812
vt 0.230469 0.566406
vt 0.125000 0.507812
vt 0.125000 0.613281
vt 0.230469 0.566406
vt 0.125000 0.507812
vt 0.230469 0.566406
vt 0.230469 0.566406
vt 0.125000 0.507812
vt 0.125000 0.507812
vn 0.036488 0.982405 -0.183166
vn 0.036488 0.982405 -0.183166
vn 0.036488 0.982405 -0.183166
vn -0.025439 -0.999633 -0.009295
vn -0.025439 -0.999633 -0.009295
vn -0.025439 -0.999633 -0.009295
vn 0.059630 -0.000000 -0.998221
vn 0.059630 -0.000000 -0.998221
vn 0.059630 -0.000000 -0.998221
vn 0.059630 -0.000000 -0.998221
vn 0.059630 -0.000000 -0.998221
vn 0.059630 -0.000000 -0.998221
vn 0.144264 0.941930 -0.303242
vn 0.144264 0.941930 -0.303242
vn 0.144264 0.941930 -0.303242
vn -0.025439 -0.999633 -0.009295
vn -0.025439 -0.999633 -0.009295
vn -0.025439 -0.999633 -0.009295
vn 0.359742 -0.000000 -0.933052
vn 0.359742 -0.000000 -0.933052
vn 0.359742 -0.000000 -0.933052
vn 0.359742 -0.000000 -0.933052
vn 0.359742 -0.000000 -0.933052
vn 0.359742 -0.000000 -0.933052
vn 0.132298 0.979240 -0.153579
vn 0.132298 0.979240 -0.153579
vn 0.132298 0.979240 -0.153579
vn -0.025439 -0.999633 -0.009295
vn -0.025439 -0.999633 -0.009295
vn -0.025439 -0.999633 -0.009295
vn 0.550862 -0.000000 -0.834597
vn 0.550862 -0.000000 -0.834597
vn 0.550862 -0.000000 -0.834597
vn 0.550862 -0.000000 -0.834597
vn 0.550862 -0.000000 -0.834597
vn 0.550862 -0.000000 -0.834597
vn 0.002121 0.979240 0.202694
vn 0.002121 0.979240 0.202694
vn 0.002121 0.979240 0.202694
vn -0.025439 -0.999633 -0.009295
vn -0.025439 -0.999633 -0.009295
vn -0.025439 -0.999633 -0.009295
vn -0.116964 -0.000000 0.993136
vn -0.116964 -0.000000 0.993136
vn -0.116964 -0.000000 0.993136
vn -0.116964 -0.000000 0.993136
vn -0.116964 -0.000000 0.993136
vn -0.116964 -0.000000 0.993136
vn -0.085219 0.941930 0.324816
vn -0.085219 0.941930 0.324816
vn -0.085219 0.941930 0.324816
vn -0.025439 -0.999633 -0.009295
vn -0.025439 -0.999633 -0.009295
vn -0.025439 -0.999633 -0.009295
vn -0.326537 -0.000000 0.945184
vn -0.326537 -0.000000 0.945184
vn -0.326537 -0.000000 0.945184
vn -0.326537 -0.000000 0.945184
vn -0.326537 -0.000000 0.945184
vn -0.326537 -0.000000 0.945184
vn -0.090194 0.982405 0.163542
vn -0.090194 0.982405 0.163542
vn -0.090194 0.982405 0.163542
vn -0.025439 -0.999633 -0.009295
vn -0.025439 -0.999633 -0.009295
vn -0.025439 -0.999633 -0.009295
vn -0.597968 -0.000000 0.801520
vn -0.597968 -0.000000 0.801520
vn -0.597968 -0.000000 0.801520
vn -0.597968 -0.000000 0.801520
vn -0.597968 -0.000000 0.801520
vn -0.597968 -0.000000 0.801520
f 3265/3265/3265 3266/3266/3266 3267/3267/3267
f 3268/3268/3268 3269/3269/3269 3270/3270/3270
f 3271/3271/3271 3272/3272/3272 3273/3273/3273
f 3274/3274/3274 3275/3275/3275 3276/3276/3276
f 3277/3277/3277 3278/3278/3278 3279/3279/3279
f 3280/3280/3280 3281/3281/3281 3282/3282/3282
f 3283/3283/3283 3284/3284/3284 3285/3285/3285
f 3286/3286/3286 3287/3287/3287 3288/3288/3288
f 3289/3289/3289 3290/3290/3290 3291/3291/3291
f 3292/3292/3292 3293/3293/3293 3294/3294/3294
f 3295/3295/3295 3296/3296/3296 3297/3297/3297
f 3298/3298/3298 3299/3299/3299 3300/3300/3300
f 3301/3301/3301 3302/3302/3302 3303/3303/3303
f 3304/3304/3304 3305/3305/3305 3306/3306/3306
f 3307/3307/3307 3308/3308/3308 3309/3309/3309
f 3310/3310/3310 3311/3311/3311 3312/3312/3312
f 3313/3313/3313 3314/3314/3314 3315/3315/3315
f 3316/3316/3316 3317/3317/3317 3318/3318/3318
f 3319/3319/3319 3320/3320/3320 3321/3321/3321
f 3322/3322/3322 3323/3323/3323 3324/3324/3324
f 3325/3325/3325 3326/3326/3326 3327/3327/3327
f 3328/3328/3328 3329/3329/3329 3330/3330/3330
f 3331/3331/3331 3332/3332/3332 3333/3333/3333
f 3334/3334/3334 3335/3335/3335 3336/3336/3336
o RightWingGoldVein5
usemtl PaintedCrystalBlue
v 22.000000 1.650000 6.500000
v 29.254000 1.620750 9.150500
v 26.122662 1.533750 7.718898
v 22.000000 1.569000 6.500000
v 26.122662 1.452750 7.718898
v 29.254000 1.359750 9.150500
v 22.000000 1.650000 6.500000
v 26.122662 1.452750 7.718898
v 22.000000 1.569000 6.500000
v 22.000000 1.650000 6.500000
v 26.122662 1.533750 7.718898
v 26.122662 1.452750 7.718898
v 26.122662 1.533750 7.718898
v 29.254000 1.620750 9.150500
v 33.688766 1.315200 10.515376
v 26.122662 1.452750 7.718898
v 33.688766 1.234200 10.515376
v 29.254000 1.359750 9.150500
v 26.122662 1.533750 7.718898
v 33.688766 1.234200 10.515376
v 26.122662 1.452750 7.718898
v 26.122662 1.533750 7.718898
v 33.688766 1.315200 10.515376
v 33.688766 1.234200 10.515376
v 33.688766 1.315200 10.515376
v 29.254000 1.620750 9.150500
v 38.120000 1.185000 12.390000
v 33.688766 1.234200 10.515376
v 38.120000 1.104000 12.390000
v 29.254000 1.359750 9.150500
v 33.688766 1.315200 10.515376
v 38.120000 1.104000 12.390000
v 33.688766 1.234200 10.515376
v 33.688766 1.315200 10.515376
v 38.120000 1.185000 12.390000
v 38.120000 1.104000 12.390000
v 38.120000 1.185000 12.390000
v 29.254000 1.620750 9.150500
v 33.524034 1.315200 10.966224
v 38.120000 1.104000 12.390000
v 33.524034 1.234200 10.966224
v 29.254000 1.359750 9.150500
v 38.120000 1.185000 12.390000
v 33.524034 1.234200 10.966224
v 38.120000 1.104000 12.390000
v 38.120000 1.185000 12.390000
v 33.524034 1.315200 10.966224
v 33.524034 1.234200 10.966224
v 33.524034 1.315200 10.966224
v 29.254000 1.620750 9.150500
v 25.937338 1.533750 8.226102
v 33.524034 1.234200 10.966224
v 25.937338 1.452750 8.226102
v 29.254000 1.359750 9.150500
v 33.524034 1.315200 10.966224
v 25.937338 1.452750 8.226102
v 33.524034 1.234200 10.966224
v 33.524034 1.315200 10.966224
v 25.937338 1.533750 8.226102
v 25.937338 1.452750 8.226102
v 25.937338 1.533750 8.226102
v 29.254000 1.620750 9.150500
v 22.000000 1.650000 6.500000
v 25.937338 1.452750 8.226102
v 22.000000 1.569000 6.500000
v 29.254000 1.359750 9.150500
v 25.937338 1.533750 8.226102
v 22.000000 1.569000 6.500000
v 25.937338 1.452750 8.226102
v 25.937338 1.533750 8.226102
v 22.000000 1.650000 6.500000
v 22.000000 1.569000 6.500000
vt 0.625000 0.757812
vt 0.625000 0.863281
vt 0.519531 0.816406
vt 0.625000 0.757812
vt 0.519531 0.816406
vt 0.625000 0.863281
vt 0.625000 0.757812
vt 0.519531 0.816406
vt 0.625000 0.757812
vt 0.625000 0.757812
vt 0.519531 0.816406
vt 0.519531 0.816406
vt 0.519531 0.816406
vt 0.625000 0.863281
vt 0.531250 0.926562
vt 0.519531 0.816406
vt 0.531250 0.926562
vt 0.625000 0.863281
vt 0.519531 0.816406
vt 0.531250 0.926562
vt 0.519531 0.816406
vt 0.519531 0.816406
vt 0.531250 0.926562
vt 0.531250 0.926562
vt 0.531250 0.926562
vt 0.625000 0.863281
vt 0.625000 0.992188
vt 0.531250 0.926562
vt 0.625000 0.992188
vt 0.625000 0.863281
vt 0.531250 0.926562
vt 0.625000 0.992188
vt 0.531250 0.926562
vt 0.531250 0.926562
vt 0.625000 0.992188
vt 0.625000 0.992188
vt 0.625000 0.992188
vt 0.625000 0.863281
vt 0.718750 0.926562
vt 0.625000 0.992188
vt 0.718750 0.926562
vt 0.625000 0.863281
vt 0.625000 0.992188
vt 0.718750 0.926562
vt 0.625000 0.992188
vt 0.625000 0.992188
vt 0.718750 0.926562
vt 0.718750 0.926562
vt 0.718750 0.926562
vt 0.625000 0.863281
vt 0.730469 0.816406
vt 0.718750 0.926562
vt 0.730469 0.816406
vt 0.625000 0.863281
vt 0.718750 0.926562
vt 0.730469 0.816406
vt 0.718750 0.926562
vt 0.718750 0.926562
vt 0.730469 0.816406
vt 0.730469 0.816406
vt 0.730469 0.816406
vt 0.625000 0.863281
vt 0.625000 0.757812
vt 0.730469 0.816406
vt 0.625000 0.757812
vt 0.625000 0.863281
vt 0.730469 0.816406
vt 0.625000 0.757812
vt 0.730469 0.816406
vt 0.730469 0.816406
vt 0.625000 0.757812
vt 0.625000 0.757812
vn 0.122531 0.937743 -0.324999
vn 0.122531 0.937743 -0.324999
vn 0.122531 0.937743 -0.324999
vn -0.025439 -0.999633 -0.009295
vn -0.025439 -0.999633 -0.009295
vn -0.025439 -0.999633 -0.009295
vn 0.283526 -0.000000 -0.958965
vn 0.283526 -0.000000 -0.958965
vn 0.283526 -0.000000 -0.958965
vn 0.283526 -0.000000 -0.958965
vn 0.283526 -0.000000 -0.958965
vn 0.283526 -0.000000 -0.958965
vn 0.219550 0.819085 -0.529998
vn 0.219550 0.819085 -0.529998
vn 0.219550 0.819085 -0.529998
vn -0.025439 -0.999633 -0.009295
vn -0.025439 -0.999633 -0.009295
vn -0.025439 -0.999633 -0.009295
vn 0.346684 -0.000000 -0.937982
vn 0.346684 -0.000000 -0.937982
vn 0.346684 -0.000000 -0.937982
vn 0.346684 -0.000000 -0.937982
vn 0.346684 -0.000000 -0.937982
vn 0.346684 -0.000000 -0.937982
vn 0.162774 0.933351 -0.319939
vn 0.162774 0.933351 -0.319939
vn 0.162774 0.933351 -0.319939
vn -0.025439 -0.999633 -0.009295
vn -0.025439 -0.999633 -0.009295
vn -0.025439 -0.999633 -0.009295
vn 0.389617 -0.000000 -0.920977
vn 0.389617 -0.000000 -0.920977
vn 0.389617 -0.000000 -0.920977
vn 0.389617 -0.000000 -0.920977
vn 0.389617 -0.000000 -0.920977
vn 0.389617 -0.000000 -0.920977
vn -0.081834 0.933351 0.349513
vn -0.081834 0.933351 0.349513
vn -0.081834 0.933351 0.349513
vn -0.025439 -0.999633 -0.009295
vn -0.025439 -0.999633 -0.009295
vn -0.025439 -0.999633 -0.009295
vn -0.295914 -0.000000 0.955215
vn -0.295914 -0.000000 0.955215
vn -0.295914 -0.000000 0.955215
vn -0.295914 -0.000000 0.955215
vn -0.295914 -0.000000 0.955215
vn -0.295914 -0.000000 0.955215
vn -0.173856 0.819085 0.546693
vn -0.173856 0.819085 0.546693
vn -0.173856 0.819085 0.546693
vn -0.025439 -0.999633 -0.009295
vn -0.025439 -0.999633 -0.009295
vn -0.025439 -0.999633 -0.009295
vn -0.339697 -0.000000 0.940535
vn -0.339697 -0.000000 0.940535
vn -0.339697 -0.000000 0.940535
vn -0.339697 -0.000000 0.940535
vn -0.339697 -0.000000 0.940535
vn -0.339697 -0.000000 0.940535
vn -0.115859 0.937743 0.327437
vn -0.115859 0.937743 0.327437
vn -0.115859 0.937743 0.327437
vn -0.025439 -0.999633 -0.009295
vn -0.025439 -0.999633 -0.009295
vn -0.025439 -0.999633 -0.009295
vn -0.401505 -0.000000 0.915857
vn -0.401505 -0.000000 0.915857
vn -0.401505 -0.000000 0.915857
vn -0.401505 -0.000000 0.915857
vn -0.401505 -0.000000 0.915857
vn -0.401505 -0.000000 0.915857
f 3337/3337/3337 3338/3338/3338 3339/3339/3339
f 3340/3340/3340 3341/3341/3341 3342/3342/3342
f 3343/3343/3343 3344/3344/3344 3345/3345/3345
f 3346/3346/3346 3347/3347/3347 3348/3348/3348
f 3349/3349/3349 3350/3350/3350 3351/3351/3351
f 3352/3352/3352 3353/3353/3353 3354/3354/3354
f 3355/3355/3355 3356/3356/3356 3357/3357/3357
f 3358/3358/3358 3359/3359/3359 3360/3360/3360
f 3361/3361/3361 3362/3362/3362 3363/3363/3363
f 3364/3364/3364 3365/3365/3365 3366/3366/3366
f 3367/3367/3367 3368/3368/3368 3369/3369/3369
f 3370/3370/3370 3371/3371/3371 3372/3372/3372
f 3373/3373/3373 3374/3374/3374 3375/3375/3375
f 3376/3376/3376 3377/3377/3377 3378/3378/3378
f 3379/3379/3379 3380/3380/3380 3381/3381/3381
f 3382/3382/3382 3383/3383/3383 3384/3384/3384
f 3385/3385/3385 3386/3386/3386 3387/3387/3387
f 3388/3388/3388 3389/3389/3389 3390/3390/3390
f 3391/3391/3391 3392/3392/3392 3393/3393/3393
f 3394/3394/3394 3395/3395/3395 3396/3396/3396
f 3397/3397/3397 3398/3398/3398 3399/3399/3399
f 3400/3400/3400 3401/3401/3401 3402/3402/3402
f 3403/3403/3403 3404/3404/3404 3405/3405/3405
f 3406/3406/3406 3407/3407/3407 3408/3408/3408
o RightWingFeather6
usemtl PaintedCrystalBlue
v 23.200000 0.700000 8.000000
v 35.260000 0.950000 12.860000
v 30.673717 0.450000 8.780036
v 23.200000 0.385000 8.000000
v 30.673717 0.135000 8.780036
v 35.260000 -0.065000 12.860000
v 23.200000 0.700000 8.000000
v 30.673717 0.135000 8.780036
v 23.200000 0.385000 8.000000
v 23.200000 0.700000 8.000000
v 30.673717 0.450000 8.780036
v 30.673717 0.135000 8.780036
v 30.673717 0.450000 8.780036
v 35.260000 0.950000 12.860000
v 43.183748 -0.020000 14.069365
v 30.673717 0.135000 8.780036
v 43.183748 -0.335000 14.069365
v 35.260000 -0.065000 12.860000
v 30.673717 0.450000 8.780036
v 43.183748 -0.335000 14.069365
v 30.673717 0.135000 8.780036
v 30.673717 0.450000 8.780036
v 43.183748 -0.020000 14.069365
v 43.183748 -0.335000 14.069365
v 43.183748 -0.020000 14.069365
v 35.260000 0.950000 12.860000
v 50.000000 -0.300000 18.800000
v 43.183748 -0.335000 14.069365
v 50.000000 -0.615000 18.800000
v 35.260000 -0.065000 12.860000
v 43.183748 -0.020000 14.069365
v 50.000000 -0.615000 18.800000
v 43.183748 -0.335000 14.069365
v 43.183748 -0.020000 14.069365
v 50.000000 -0.300000 18.800000
v 50.000000 -0.615000 18.800000
v 50.000000 -0.300000 18.800000
v 35.260000 0.950000 12.860000
v 41.808252 -0.020000 17.482635
v 50.000000 -0.615000 18.800000
v 41.808252 -0.335000 17.482635
v 35.260000 -0.065000 12.860000
v 50.000000 -0.300000 18.800000
v 41.808252 -0.335000 17.482635
v 50.000000 -0.615000 18.800000
v 50.000000 -0.300000 18.800000
v 41.808252 -0.020000 17.482635
v 41.808252 -0.335000 17.482635
v 41.808252 -0.020000 17.482635
v 35.260000 0.950000 12.860000
v 29.126283 0.450000 12.619964
v 41.808252 -0.335000 17.482635
v 29.126283 0.135000 12.619964
v 35.260000 -0.065000 12.860000
v 41.808252 -0.020000 17.482635
v 29.126283 0.135000 12.619964
v 41.808252 -0.335000 17.482635
v 41.808252 -0.020000 17.482635
v 29.126283 0.450000 12.619964
v 29.126283 0.135000 12.619964
v 29.126283 0.450000 12.619964
v 35.260000 0.950000 12.860000
v 23.200000 0.700000 8.000000
v 29.126283 0.135000 12.619964
v 23.200000 0.385000 8.000000
v 35.260000 -0.065000 12.860000
v 29.126283 0.450000 12.619964
v 23.200000 0.385000 8.000000
v 29.126283 0.135000 12.619964
v 29.126283 0.450000 12.619964
v 23.200000 0.700000 8.000000
v 23.200000 0.385000 8.000000
vt 0.375000 0.507812
vt 0.375000 0.613281
vt 0.269531 0.566406
vt 0.375000 0.507812
vt 0.269531 0.566406
vt 0.375000 0.613281
vt 0.375000 0.507812
vt 0.269531 0.566406
vt 0.375000 0.507812
vt 0.375000 0.507812
vt 0.269531 0.566406
vt 0.269531 0.566406
vt 0.269531 0.566406
vt 0.375000 0.613281
vt 0.281250 0.676562
vt 0.269531 0.566406
vt 0.281250 0.676562
vt 0.375000 0.613281
vt 0.269531 0.566406
vt 0.281250 0.676562
vt 0.269531 0.566406
vt 0.269531 0.566406
vt 0.281250 0.676562
vt 0.281250 0.676562
vt 0.281250 0.676562
vt 0.375000 0.613281
vt 0.375000 0.742188
vt 0.281250 0.676562
vt 0.375000 0.742188
vt 0.375000 0.613281
vt 0.281250 0.676562
vt 0.375000 0.742188
vt 0.281250 0.676562
vt 0.281250 0.676562
vt 0.375000 0.742188
vt 0.375000 0.742188
vt 0.375000 0.742188
vt 0.375000 0.613281
vt 0.468750 0.676562
vt 0.375000 0.742188
vt 0.468750 0.676562
vt 0.375000 0.613281
vt 0.375000 0.742188
vt 0.468750 0.676562
vt 0.375000 0.742188
vt 0.375000 0.742188
vt 0.468750 0.676562
vt 0.468750 0.676562
vt 0.468750 0.676562
vt 0.375000 0.613281
vt 0.480469 0.566406
vt 0.468750 0.676562
vt 0.480469 0.566406
vt 0.375000 0.613281
vt 0.468750 0.676562
vt 0.480469 0.566406
vt 0.468750 0.676562
vt 0.468750 0.676562
vt 0.480469 0.566406
vt 0.480469 0.566406
vt 0.480469 0.566406
vt 0.375000 0.613281
vt 0.375000 0.507812
vt 0.480469 0.566406
vt 0.375000 0.507812
vt 0.375000 0.613281
vt 0.480469 0.566406
vt 0.375000 0.507812
vt 0.480469 0.566406
vt 0.480469 0.566406
vt 0.375000 0.507812
vt 0.375000 0.507812
vn 0.051478 0.982631 -0.178287
vn 0.051478 0.982631 -0.178287
vn 0.051478 0.982631 -0.178287
vn -0.032081 -0.999402 -0.012928
vn -0.032081 -0.999402 -0.012928
vn -0.032081 -0.999402 -0.012928
vn 0.103807 -0.000000 -0.994597
vn 0.103807 -0.000000 -0.994597
vn 0.103807 -0.000000 -0.994597
vn 0.103807 -0.000000 -0.994597
vn 0.103807 -0.000000 -0.994597
vn 0.103807 -0.000000 -0.994597
vn 0.160417 0.941706 -0.295730
vn 0.160417 0.941706 -0.295730
vn 0.160417 0.941706 -0.295730
vn -0.032081 -0.999402 -0.012928
vn -0.032081 -0.999402 -0.012928
vn -0.032081 -0.999402 -0.012928
vn 0.389429 -0.000000 -0.921056
vn 0.389429 -0.000000 -0.921056
vn 0.389429 -0.000000 -0.921056
vn 0.389429 -0.000000 -0.921056
vn 0.389429 -0.000000 -0.921056
vn 0.389429 -0.000000 -0.921056
vn 0.142272 0.978842 -0.147059
vn 0.142272 0.978842 -0.147059
vn 0.142272 0.978842 -0.147059
vn -0.032081 -0.999402 -0.012928
vn -0.032081 -0.999402 -0.012928
vn -0.032081 -0.999402 -0.012928
vn 0.570162 -0.000000 -0.821532
vn 0.570162 -0.000000 -0.821532
vn 0.570162 -0.000000 -0.821532
vn 0.570162 -0.000000 -0.821532
vn 0.570162 -0.000000 -0.821532
vn 0.570162 -0.000000 -0.821532
vn 0.000552 0.978842 0.204615
vn 0.000552 0.978842 0.204615
vn 0.000552 0.978842 0.204615
vn -0.032081 -0.999402 -0.012928
vn -0.032081 -0.999402 -0.012928
vn -0.032081 -0.999402 -0.012928
vn -0.158776 -0.000000 0.987315
vn -0.158776 -0.000000 0.987315
vn -0.158776 -0.000000 0.987315
vn -0.158776 -0.000000 0.987315
vn -0.158776 -0.000000 0.987315
vn -0.158776 -0.000000 0.987315
vn -0.089457 0.941706 0.324326
vn -0.089457 0.941706 0.324326
vn -0.089457 0.941706 0.324326
vn -0.032081 -0.999402 -0.012928
vn -0.032081 -0.999402 -0.012928
vn -0.032081 -0.999402 -0.012928
vn -0.358016 -0.000000 0.933715
vn -0.358016 -0.000000 0.933715
vn -0.358016 -0.000000 0.933715
vn -0.358016 -0.000000 0.933715
vn -0.358016 -0.000000 0.933715
vn -0.358016 -0.000000 0.933715
vn -0.086525 0.982631 0.164164
vn -0.086525 0.982631 0.164164
vn -0.086525 0.982631 0.164164
vn -0.032081 -0.999402 -0.012928
vn -0.032081 -0.999402 -0.012928
vn -0.032081 -0.999402 -0.012928
vn -0.614822 -0.000000 0.788666
vn -0.614822 -0.000000 0.788666
vn -0.614822 -0.000000 0.788666
vn -0.614822 -0.000000 0.788666
vn -0.614822 -0.000000 0.788666
vn -0.614822 -0.000000 0.788666
f 3409/3409/3409 3410/3410/3410 3411/3411/3411
f 3412/3412/3412 3413/3413/3413 3414/3414/3414
f 3415/3415/3415 3416/3416/3416 3417/3417/3417
f 3418/3418/3418 3419/3419/3419 3420/3420/3420
f 3421/3421/3421 3422/3422/3422 3423/3423/3423
f 3424/3424/3424 3425/3425/3425 3426/3426/3426
f 3427/3427/3427 3428/3428/3428 3429/3429/3429
f 3430/3430/3430 3431/3431/3431 3432/3432/3432
f 3433/3433/3433 3434/3434/3434 3435/3435/3435
f 3436/3436/3436 3437/3437/3437 3438/3438/3438
f 3439/3439/3439 3440/3440/3440 3441/3441/3441
f 3442/3442/3442 3443/3443/3443 3444/3444/3444
f 3445/3445/3445 3446/3446/3446 3447/3447/3447
f 3448/3448/3448 3449/3449/3449 3450/3450/3450
f 3451/3451/3451 3452/3452/3452 3453/3453/3453
f 3454/3454/3454 3455/3455/3455 3456/3456/3456
f 3457/3457/3457 3458/3458/3458 3459/3459/3459
f 3460/3460/3460 3461/3461/3461 3462/3462/3462
f 3463/3463/3463 3464/3464/3464 3465/3465/3465
f 3466/3466/3466 3467/3467/3467 3468/3468/3468
f 3469/3469/3469 3470/3470/3470 3471/3471/3471
f 3472/3472/3472 3473/3473/3473 3474/3474/3474
f 3475/3475/3475 3476/3476/3476 3477/3477/3477
f 3478/3478/3478 3479/3479/3479 3480/3480/3480
o RightWingGoldVein6
usemtl PaintedCrystalBlue
v 23.200000 1.600000 8.000000
v 30.677200 1.501000 11.013200
v 27.454920 1.445000 9.423570
v 23.200000 1.519000 8.000000
v 27.454920 1.364000 9.423570
v 30.677200 1.240000 11.013200
v 23.200000 1.600000 8.000000
v 27.454920 1.364000 9.423570
v 23.200000 1.519000 8.000000
v 23.200000 1.600000 8.000000
v 27.454920 1.445000 9.423570
v 27.454920 1.364000 9.423570
v 27.454920 1.445000 9.423570
v 30.677200 1.501000 11.013200
v 35.253226 1.153600 12.598515
v 27.454920 1.364000 9.423570
v 35.253226 1.072600 12.598515
v 30.677200 1.240000 11.013200
v 27.454920 1.445000 9.423570
v 35.253226 1.072600 12.598515
v 27.454920 1.364000 9.423570
v 27.454920 1.445000 9.423570
v 35.253226 1.153600 12.598515
v 35.253226 1.072600 12.598515
v 35.253226 1.153600 12.598515
v 30.677200 1.501000 11.013200
v 39.816000 0.980000 14.696000
v 35.253226 1.072600 12.598515
v 39.816000 0.899000 14.696000
v 30.677200 1.240000 11.013200
v 35.253226 1.153600 12.598515
v 39.816000 0.899000 14.696000
v 35.253226 1.072600 12.598515
v 35.253226 1.153600 12.598515
v 39.816000 0.980000 14.696000
v 39.816000 0.899000 14.696000
v 39.816000 0.980000 14.696000
v 30.677200 1.501000 11.013200
v 35.073814 1.153600 13.043725
v 39.816000 0.899000 14.696000
v 35.073814 1.072600 13.043725
v 30.677200 1.240000 11.013200
v 39.816000 0.980000 14.696000
v 35.073814 1.072600 13.043725
v 39.816000 0.899000 14.696000
v 39.816000 0.980000 14.696000
v 35.073814 1.153600 13.043725
v 35.073814 1.072600 13.043725
v 35.073814 1.153600 13.043725
v 30.677200 1.501000 11.013200
v 27.253080 1.445000 9.924430
v 35.073814 1.072600 13.043725
v 27.253080 1.364000 9.924430
v 30.677200 1.240000 11.013200
v 35.073814 1.153600 13.043725
v 27.253080 1.364000 9.924430
v 35.073814 1.072600 13.043725
v 35.073814 1.153600 13.043725
v 27.253080 1.445000 9.924430
v 27.253080 1.364000 9.924430
v 27.253080 1.445000 9.924430
v 30.677200 1.501000 11.013200
v 23.200000 1.600000 8.000000
v 27.253080 1.364000 9.924430
v 23.200000 1.519000 8.000000
v 30.677200 1.240000 11.013200
v 27.253080 1.445000 9.924430
v 23.200000 1.519000 8.000000
v 27.253080 1.364000 9.924430
v 27.253080 1.445000 9.924430
v 23.200000 1.600000 8.000000
v 23.200000 1.519000 8.000000
vt 0.625000 0.757812
vt 0.625000 0.863281
vt 0.519531 0.816406
vt 0.625000 0.757812
vt 0.519531 0.816406
vt 0.625000 0.863281
vt 0.625000 0.757812
vt 0.519531 0.816406
vt 0.625000 0.757812
vt 0.625000 0.757812
vt 0.519531 0.816406
vt 0.519531 0.816406
vt 0.519531 0.816406
vt 0.625000 0.863281
vt 0.531250 0.926562
vt 0.519531 0.816406
vt 0.531250 0.926562
vt 0.625000 0.863281
vt 0.519531 0.816406
vt 0.531250 0.926562
vt 0.519531 0.816406
vt 0.519531 0.816406
vt 0.531250 0.926562
vt 0.531250 0.926562
vt 0.531250 0.926562
vt 0.625000 0.863281
vt 0.625000 0.992188
vt 0.531250 0.926562
vt 0.625000 0.992188
vt 0.625000 0.863281
vt 0.531250 0.926562
vt 0.625000 0.992188
vt 0.531250 0.926562
vt 0.531250 0.926562
vt 0.625000 0.992188
vt 0.625000 0.992188
vt 0.625000 0.992188
vt 0.625000 0.863281
vt 0.718750 0.926562
vt 0.625000 0.992188
vt 0.718750 0.926562
vt 0.625000 0.863281
vt 0.625000 0.992188
vt 0.718750 0.926562
vt 0.625000 0.992188
vt 0.625000 0.992188
vt 0.718750 0.926562
vt 0.718750 0.926562
vt 0.718750 0.926562
vt 0.625000 0.863281
vt 0.730469 0.816406
vt 0.718750 0.926562
vt 0.730469 0.816406
vt 0.625000 0.863281
vt 0.718750 0.926562
vt 0.730469 0.816406
vt 0.718750 0.926562
vt 0.718750 0.926562
vt 0.730469 0.816406
vt 0.730469 0.816406
vt 0.730469 0.816406
vt 0.625000 0.863281
vt 0.625000 0.757812
vt 0.730469 0.816406
vt 0.625000 0.757812
vt 0.625000 0.863281
vt 0.730469 0.816406
vt 0.625000 0.757812
vt 0.730469 0.816406
vt 0.730469 0.816406
vt 0.625000 0.757812
vt 0.625000 0.757812
vn 0.140490 0.937687 -0.317815
vn 0.140490 0.937687 -0.317815
vn 0.140490 0.937687 -0.317815
vn -0.032081 -0.999402 -0.012928
vn -0.032081 -0.999402 -0.012928
vn -0.032081 -0.999402 -0.012928
vn 0.317283 -0.000000 -0.948331
vn 0.317283 -0.000000 -0.948331
vn 0.317283 -0.000000 -0.948331
vn 0.317283 -0.000000 -0.948331
vn 0.317283 -0.000000 -0.948331
vn 0.317283 -0.000000 -0.948331
vn 0.242379 0.818949 -0.520168
vn 0.242379 0.818949 -0.520168
vn 0.242379 0.818949 -0.520168
vn -0.032081 -0.999402 -0.012928
vn -0.032081 -0.999402 -0.012928
vn -0.032081 -0.999402 -0.012928
vn 0.377079 -0.000000 -0.926181
vn 0.377079 -0.000000 -0.926181
vn 0.377079 -0.000000 -0.926181
vn 0.377079 -0.000000 -0.926181
vn 0.377079 -0.000000 -0.926181
vn 0.377079 -0.000000 -0.926181
vn 0.178927 0.933081 -0.312003
vn 0.178927 0.933081 -0.312003
vn 0.178927 0.933081 -0.312003
vn -0.032081 -0.999402 -0.012928
vn -0.032081 -0.999402 -0.012928
vn -0.032081 -0.999402 -0.012928
vn 0.417677 -0.000000 -0.908596
vn 0.417677 -0.000000 -0.908596
vn 0.417677 -0.000000 -0.908596
vn 0.417677 -0.000000 -0.908596
vn 0.417677 -0.000000 -0.908596
vn 0.417677 -0.000000 -0.908596
vn -0.087401 0.933081 0.348886
vn -0.087401 0.933081 0.348886
vn -0.087401 0.933081 0.348886
vn -0.032081 -0.999402 -0.012928
vn -0.032081 -0.999402 -0.012928
vn -0.032081 -0.999402 -0.012928
vn -0.329021 -0.000000 0.944322
vn -0.329021 -0.000000 0.944322
vn -0.329021 -0.000000 0.944322
vn -0.329021 -0.000000 0.944322
vn -0.329021 -0.000000 0.944322
vn -0.329021 -0.000000 0.944322
vn -0.186014 0.818949 0.542882
vn -0.186014 0.818949 0.542882
vn -0.186014 0.818949 0.542882
vn -0.032081 -0.999402 -0.012928
vn -0.032081 -0.999402 -0.012928
vn -0.032081 -0.999402 -0.012928
vn -0.370469 -0.000000 0.928845
vn -0.370469 -0.000000 0.928845
vn -0.370469 -0.000000 0.928845
vn -0.370469 -0.000000 0.928845
vn -0.370469 -0.000000 0.928845
vn -0.370469 -0.000000 0.928845
vn -0.119129 0.937687 0.326423
vn -0.119129 0.937687 0.326423
vn -0.119129 0.937687 0.326423
vn -0.032081 -0.999402 -0.012928
vn -0.032081 -0.999402 -0.012928
vn -0.032081 -0.999402 -0.012928
vn -0.428914 -0.000000 0.903345
vn -0.428914 -0.000000 0.903345
vn -0.428914 -0.000000 0.903345
vn -0.428914 -0.000000 0.903345
vn -0.428914 -0.000000 0.903345
vn -0.428914 -0.000000 0.903345
f 3481/3481/3481 3482/3482/3482 3483/3483/3483
f 3484/3484/3484 3485/3485/3485 3486/3486/3486
f 3487/3487/3487 3488/3488/3488 3489/3489/3489
f 3490/3490/3490 3491/3491/3491 3492/3492/3492
f 3493/3493/3493 3494/3494/3494 3495/3495/3495
f 3496/3496/3496 3497/3497/3497 3498/3498/3498
f 3499/3499/3499 3500/3500/3500 3501/3501/3501
f 3502/3502/3502 3503/3503/3503 3504/3504/3504
f 3505/3505/3505 3506/3506/3506 3507/3507/3507
f 3508/3508/3508 3509/3509/3509 3510/3510/3510
f 3511/3511/3511 3512/3512/3512 3513/3513/3513
f 3514/3514/3514 3515/3515/3515 3516/3516/3516
f 3517/3517/3517 3518/3518/3518 3519/3519/3519
f 3520/3520/3520 3521/3521/3521 3522/3522/3522
f 3523/3523/3523 3524/3524/3524 3525/3525/3525
f 3526/3526/3526 3527/3527/3527 3528/3528/3528
f 3529/3529/3529 3530/3530/3530 3531/3531/3531
f 3532/3532/3532 3533/3533/3533 3534/3534/3534
f 3535/3535/3535 3536/3536/3536 3537/3537/3537
f 3538/3538/3538 3539/3539/3539 3540/3540/3540
f 3541/3541/3541 3542/3542/3542 3543/3543/3543
f 3544/3544/3544 3545/3545/3545 3546/3546/3546
f 3547/3547/3547 3548/3548/3548 3549/3549/3549
f 3550/3550/3550 3551/3551/3551 3552/3552/3552
o RightTailFin
usemtl PaintedCrystalBlue
v 1.000000 -1.000000 25.000000
v 6.850000 -0.300000 28.150000
v 5.956759 -1.000000 23.580304
v 1.000000 -1.315000 25.000000
v 5.956759 -1.315000 23.580304
v 6.850000 -1.315000 28.150000
v 1.000000 -1.000000 25.000000
v 5.956759 -1.315000 23.580304
v 1.000000 -1.315000 25.000000
v 1.000000 -1.000000 25.000000
v 5.956759 -1.000000 23.580304
v 5.956759 -1.315000 23.580304
v 5.956759 -1.000000 23.580304
v 6.850000 -0.300000 28.150000
v 11.877119 -1.000000 27.222492
v 5.956759 -1.315000 23.580304
v 11.877119 -1.315000 27.222492
v 6.850000 -1.315000 28.150000
v 5.956759 -1.000000 23.580304
v 11.877119 -1.315000 27.222492
v 5.956759 -1.315000 23.580304
v 5.956759 -1.000000 23.580304
v 11.877119 -1.000000 27.222492
v 11.877119 -1.315000 27.222492
v 11.877119 -1.000000 27.222492
v 6.850000 -0.300000 28.150000
v 14.000000 -1.000000 32.000000
v 11.877119 -1.315000 27.222492
v 14.000000 -1.315000 32.000000
v 6.850000 -1.315000 28.150000
v 11.877119 -1.000000 27.222492
v 14.000000 -1.315000 32.000000
v 11.877119 -1.315000 27.222492
v 11.877119 -1.000000 27.222492
v 14.000000 -1.000000 32.000000
v 14.000000 -1.315000 32.000000
v 14.000000 -1.000000 32.000000
v 6.850000 -0.300000 28.150000
v 8.842881 -1.000000 32.857508
v 14.000000 -1.315000 32.000000
v 8.842881 -1.315000 32.857508
v 6.850000 -1.315000 28.150000
v 14.000000 -1.000000 32.000000
v 8.842881 -1.315000 32.857508
v 14.000000 -1.315000 32.000000
v 14.000000 -1.000000 32.000000
v 8.842881 -1.000000 32.857508
v 8.842881 -1.315000 32.857508
v 8.842881 -1.000000 32.857508
v 6.850000 -0.300000 28.150000
v 2.543241 -1.000000 29.919696
v 8.842881 -1.315000 32.857508
v 2.543241 -1.315000 29.919696
v 6.850000 -1.315000 28.150000
v 8.842881 -1.000000 32.857508
v 2.543241 -1.315000 29.919696
v 8.842881 -1.315000 32.857508
v 8.842881 -1.000000 32.857508
v 2.543241 -1.000000 29.919696
v 2.543241 -1.315000 29.919696
v 2.543241 -1.000000 29.919696
v 6.850000 -0.300000 28.150000
v 1.000000 -1.000000 25.000000
v 2.543241 -1.315000 29.919696
v 1.000000 -1.315000 25.000000
v 6.850000 -1.315000 28.150000
v 2.543241 -1.000000 29.919696
v 1.000000 -1.315000 25.000000
v 2.543241 -1.315000 29.919696
v 2.543241 -1.000000 29.919696
v 1.000000 -1.000000 25.000000
v 1.000000 -1.315000 25.000000
vt 0.375000 0.507812
vt 0.375000 0.613281
vt 0.269531 0.566406
vt 0.375000 0.507812
vt 0.269531 0.566406
vt 0.375000 0.613281
vt 0.375000 0.507812
vt 0.269531 0.566406
vt 0.375000 0.507812
vt 0.375000 0.507812
vt 0.269531 0.566406
vt 0.269531 0.566406
vt 0.269531 0.566406
vt 0.375000 0.613281
vt 0.281250 0.676562
vt 0.269531 0.566406
vt 0.281250 0.676562
vt 0.375000 0.613281
vt 0.269531 0.566406
vt 0.281250 0.676562
vt 0.269531 0.566406
vt 0.269531 0.566406
vt 0.281250 0.676562
vt 0.281250 0.676562
vt 0.281250 0.676562
vt 0.375000 0.613281
vt 0.375000 0.742188
vt 0.281250 0.676562
vt 0.375000 0.742188
vt 0.375000 0.613281
vt 0.281250 0.676562
vt 0.375000 0.742188
vt 0.281250 0.676562
vt 0.281250 0.676562
vt 0.375000 0.742188
vt 0.375000 0.742188
vt 0.375000 0.742188
vt 0.375000 0.613281
vt 0.468750 0.676562
vt 0.375000 0.742188
vt 0.468750 0.676562
vt 0.375000 0.613281
vt 0.375000 0.742188
vt 0.468750 0.676562
vt 0.375000 0.742188
vt 0.375000 0.742188
vt 0.468750 0.676562
vt 0.468750 0.676562
vt 0.468750 0.676562
vt 0.375000 0.613281
vt 0.480469 0.566406
vt 0.468750 0.676562
vt 0.480469 0.566406
vt 0.375000 0.613281
vt 0.468750 0.676562
vt 0.480469 0.566406
vt 0.468750 0.676562
vt 0.468750 0.676562
vt 0.480469 0.566406
vt 0.480469 0.566406
vt 0.480469 0.566406
vt 0.375000 0.613281
vt 0.375000 0.507812
vt 0.480469 0.566406
vt 0.375000 0.507812
vt 0.375000 0.613281
vt 0.480469 0.566406
vt 0.375000 0.507812
vt 0.480469 0.566406
vt 0.480469 0.566406
vt 0.375000 0.507812
vt 0.375000 0.507812
vn -0.041083 0.988806 -0.143438
vn -0.041083 0.988806 -0.143438
vn -0.041083 0.988806 -0.143438
vn 0.000000 -1.000000 0.000000
vn 0.000000 -1.000000 0.000000
vn 0.000000 -1.000000 0.000000
vn -0.275345 -0.000000 -0.961346
vn -0.275345 -0.000000 -0.961346
vn -0.275345 -0.000000 -0.961346
vn -0.275345 -0.000000 -0.961346
vn -0.275345 -0.000000 -0.961346
vn -0.275345 -0.000000 -0.961346
vn 0.104949 0.979737 -0.170593
vn 0.104949 0.979737 -0.170593
vn 0.104949 0.979737 -0.170593
vn 0.000000 -1.000000 0.000000
vn 0.000000 -1.000000 0.000000
vn 0.000000 -1.000000 0.000000
vn 0.523982 -0.000000 -0.851730
vn 0.523982 -0.000000 -0.851730
vn 0.523982 -0.000000 -0.851730
vn 0.523982 -0.000000 -0.851730
vn 0.523982 -0.000000 -0.851730
vn 0.523982 -0.000000 -0.851730
vn 0.127437 0.990229 -0.056626
vn 0.127437 0.990229 -0.056626
vn 0.127437 0.990229 -0.056626
vn 0.000000 -1.000000 0.000000
vn 0.000000 -1.000000 0.000000
vn 0.000000 -1.000000 0.000000
vn 0.913844 -0.000000 -0.406066
vn 0.913844 -0.000000 -0.406066
vn 0.913844 -0.000000 -0.406066
vn 0.913844 -0.000000 -0.406066
vn 0.913844 -0.000000 -0.406066
vn 0.913844 -0.000000 -0.406066
vn 0.022873 0.990229 0.137562
vn 0.022873 0.990229 0.137562
vn 0.022873 0.990229 0.137562
vn -0.000000 -1.000000 0.000000
vn -0.000000 -1.000000 0.000000
vn -0.000000 -1.000000 0.000000
vn 0.164024 0.000000 0.986456
vn 0.164024 0.000000 0.986456
vn 0.164024 0.000000 0.986456
vn 0.164024 -0.000000 0.986456
vn 0.164024 -0.000000 0.986456
vn 0.164024 -0.000000 0.986456
vn -0.084652 0.979737 0.181522
vn -0.084652 0.979737 0.181522
vn -0.084652 0.979737 0.181522
vn 0.000000 -1.000000 0.000000
vn 0.000000 -1.000000 0.000000
vn 0.000000 -1.000000 0.000000
vn -0.422647 -0.000000 0.906294
vn -0.422647 -0.000000 0.906294
vn -0.422647 -0.000000 0.906294
vn -0.422647 -0.000000 0.906294
vn -0.422647 -0.000000 0.906294
vn -0.422647 -0.000000 0.906294
vn -0.142365 0.988806 0.044658
vn -0.142365 0.988806 0.044658
vn -0.142365 0.988806 0.044658
vn 0.000000 -1.000000 -0.000000
vn 0.000000 -1.000000 -0.000000
vn 0.000000 -1.000000 -0.000000
vn -0.954157 -0.000000 0.299306
vn -0.954157 -0.000000 0.299306
vn -0.954157 -0.000000 0.299306
vn -0.954157 -0.000000 0.299306
vn -0.954157 -0.000000 0.299306
vn -0.954157 -0.000000 0.299306
f 3553/3553/3553 3554/3554/3554 3555/3555/3555
f 3556/3556/3556 3557/3557/3557 3558/3558/3558
f 3559/3559/3559 3560/3560/3560 3561/3561/3561
f 3562/3562/3562 3563/3563/3563 3564/3564/3564
f 3565/3565/3565 3566/3566/3566 3567/3567/3567
f 3568/3568/3568 3569/3569/3569 3570/3570/3570
f 3571/3571/3571 3572/3572/3572 3573/3573/3573
f 3574/3574/3574 3575/3575/3575 3576/3576/3576
f 3577/3577/3577 3578/3578/3578 3579/3579/3579
f 3580/3580/3580 3581/3581/3581 3582/3582/3582
f 3583/3583/3583 3584/3584/3584 3585/3585/3585
f 3586/3586/3586 3587/3587/3587 3588/3588/3588
f 3589/3589/3589 3590/3590/3590 3591/3591/3591
f 3592/3592/3592 3593/3593/3593 3594/3594/3594
f 3595/3595/3595 3596/3596/3596 3597/3597/3597
f 3598/3598/3598 3599/3599/3599 3600/3600/3600
f 3601/3601/3601 3602/3602/3602 3603/3603/3603
f 3604/3604/3604 3605/3605/3605 3606/3606/3606
f 3607/3607/3607 3608/3608/3608 3609/3609/3609
f 3610/3610/3610 3611/3611/3611 3612/3612/3612
f 3613/3613/3613 3614/3614/3614 3615/3615/3615
f 3616/3616/3616 3617/3617/3617 3618/3618/3618
f 3619/3619/3619 3620/3620/3620 3621/3621/3621
f 3622/3622/3622 3623/3623/3623 3624/3624/3624
o CrownCrystal0
usemtl PaintedCrystalBlue
v -5.200000 12.600000 -21.000000
v -5.200000 9.100000 -19.750000
v -3.950000 9.100000 -21.000000
v -5.200000 8.050000 -21.000000
v -3.950000 9.100000 -21.000000
v -5.200000 9.100000 -19.750000
v -5.200000 12.600000 -21.000000
v -6.450000 9.100000 -21.000000
v -5.200000 9.100000 -19.750000
v -5.200000 8.050000 -21.000000
v -5.200000 9.100000 -19.750000
v -6.450000 9.100000 -21.000000
v -5.200000 12.600000 -21.000000
v -5.200000 9.100000 -22.250000
v -6.450000 9.100000 -21.000000
v -5.200000 8.050000 -21.000000
v -6.450000 9.100000 -21.000000
v -5.200000 9.100000 -22.250000
v -5.200000 12.600000 -21.000000
v -3.950000 9.100000 -21.000000
v -5.200000 9.100000 -22.250000
v -5.200000 8.050000 -21.000000
v -5.200000 9.100000 -22.250000
v -3.950000 9.100000 -21.000000
vt 0.375000 0.742188
vt 0.492188 0.554688
vt 0.257812 0.554688
vt 0.625000 0.757812
vt 0.507812 0.804688
vt 0.742188 0.804688
vt 0.375000 0.742188
vt 0.492188 0.554688
vt 0.257812 0.554688
vt 0.625000 0.757812
vt 0.507812 0.804688
vt 0.742188 0.804688
vt 0.375000 0.742188
vt 0.492188 0.554688
vt 0.257812 0.554688
vt 0.625000 0.757812
vt 0.507812 0.804688
vt 0.742188 0.804688
vt 0.375000 0.742188
vt 0.492188 0.554688
vt 0.257812 0.554688
vt 0.625000 0.757812
vt 0.507812 0.804688
vt 0.742188 0.804688
vn 0.685583 0.244851 0.685583
vn 0.685583 0.244851 0.685583
vn 0.685583 0.244851 0.685583
vn 0.540957 -0.643996 0.540957
vn 0.540957 -0.643996 0.540957
vn 0.540957 -0.643996 0.540957
vn -0.685583 0.244851 0.685583
vn -0.685583 0.244851 0.685583
vn -0.685583 0.244851 0.685583
vn -0.540957 -0.643996 0.540957
vn -0.540957 -0.643996 0.540957
vn -0.540957 -0.643996 0.540957
vn -0.685583 0.244851 -0.685583
vn -0.685583 0.244851 -0.685583
vn -0.685583 0.244851 -0.685583
vn -0.540957 -0.643996 -0.540957
vn -0.540957 -0.643996 -0.540957
vn -0.540957 -0.643996 -0.540957
vn 0.685583 0.244851 -0.685583
vn 0.685583 0.244851 -0.685583
vn 0.685583 0.244851 -0.685583
vn 0.540957 -0.643996 -0.540957
vn 0.540957 -0.643996 -0.540957
vn 0.540957 -0.643996 -0.540957
f 3625/3625/3625 3626/3626/3626 3627/3627/3627
f 3628/3628/3628 3629/3629/3629 3630/3630/3630
f 3631/3631/3631 3632/3632/3632 3633/3633/3633
f 3634/3634/3634 3635/3635/3635 3636/3636/3636
f 3637/3637/3637 3638/3638/3638 3639/3639/3639
f 3640/3640/3640 3641/3641/3641 3642/3642/3642
f 3643/3643/3643 3644/3644/3644 3645/3645/3645
f 3646/3646/3646 3647/3647/3647 3648/3648/3648
o CrownCrystal1
usemtl PaintedCrystalBlue
v -2.600000 13.600000 -21.000000
v -2.600000 9.100000 -19.750000
v -1.350000 9.100000 -21.000000
v -2.600000 7.750000 -21.000000
v -1.350000 9.100000 -21.000000
v -2.600000 9.100000 -19.750000
v -2.600000 13.600000 -21.000000
v -3.850000 9.100000 -21.000000
v -2.600000 9.100000 -19.750000
v -2.600000 7.750000 -21.000000
v -2.600000 9.100000 -19.750000
v -3.850000 9.100000 -21.000000
v -2.600000 13.600000 -21.000000
v -2.600000 9.100000 -22.250000
v -3.850000 9.100000 -21.000000
v -2.600000 7.750000 -21.000000
v -3.850000 9.100000 -21.000000
v -2.600000 9.100000 -22.250000
v -2.600000 13.600000 -21.000000
v -1.350000 9.100000 -21.000000
v -2.600000 9.100000 -22.250000
v -2.600000 7.750000 -21.000000
v -2.600000 9.100000 -22.250000
v -1.350000 9.100000 -21.000000
vt 0.375000 0.742188
vt 0.492188 0.554688
vt 0.257812 0.554688
vt 0.625000 0.757812
vt 0.507812 0.804688
vt 0.742188 0.804688
vt 0.375000 0.742188
vt 0.492188 0.554688
vt 0.257812 0.554688
vt 0.625000 0.757812
vt 0.507812 0.804688
vt 0.742188 0.804688
vt 0.375000 0.742188
vt 0.492188 0.554688
vt 0.257812 0.554688
vt 0.625000 0.757812
vt 0.507812 0.804688
vt 0.742188 0.804688
vt 0.375000 0.742188
vt 0.492188 0.554688
vt 0.257812 0.554688
vt 0.625000 0.757812
vt 0.507812 0.804688
vt 0.742188 0.804688
vn 0.693849 0.192736 0.693849
vn 0.693849 0.192736 0.693849
vn 0.693849 0.192736 0.693849
vn 0.591588 -0.547766 0.591588
vn 0.591588 -0.547766 0.591588
vn 0.591588 -0.547766 0.591588
vn -0.693849 0.192736 0.693849
vn -0.693849 0.192736 0.693849
vn -0.693849 0.192736 0.693849
vn -0.591588 -0.547766 0.591588
vn -0.591588 -0.547766 0.591588
vn -0.591588 -0.547766 0.591588
vn -0.693849 0.192736 -0.693849
vn -0.693849 0.192736 -0.693849
vn -0.693849 0.192736 -0.693849
vn -0.591588 -0.547766 -0.591588
vn -0.591588 -0.547766 -0.591588
vn -0.591588 -0.547766 -0.591588
vn 0.693849 0.192736 -0.693849
vn 0.693849 0.192736 -0.693849
vn 0.693849 0.192736 -0.693849
vn 0.591588 -0.547766 -0.591588
vn 0.591588 -0.547766 -0.591588
vn 0.591588 -0.547766 -0.591588
f 3649/3649/3649 3650/3650/3650 3651/3651/3651
f 3652/3652/3652 3653/3653/3653 3654/3654/3654
f 3655/3655/3655 3656/3656/3656 3657/3657/3657
f 3658/3658/3658 3659/3659/3659 3660/3660/3660
f 3661/3661/3661 3662/3662/3662 3663/3663/3663
f 3664/3664/3664 3665/3665/3665 3666/3666/3666
f 3667/3667/3667 3668/3668/3668 3669/3669/3669
f 3670/3670/3670 3671/3671/3671 3672/3672/3672
o CrownCrystal2
usemtl PaintedCrystalBlue
v 0.000000 14.600000 -21.000000
v 0.000000 9.100000 -19.750000
v 1.250000 9.100000 -21.000000
v 0.000000 7.450000 -21.000000
v 1.250000 9.100000 -21.000000
v 0.000000 9.100000 -19.750000
v 0.000000 14.600000 -21.000000
v -1.250000 9.100000 -21.000000
v 0.000000 9.100000 -19.750000
v 0.000000 7.450000 -21.000000
v 0.000000 9.100000 -19.750000
v -1.250000 9.100000 -21.000000
v 0.000000 14.600000 -21.000000
v -0.000000 9.100000 -22.250000
v -1.250000 9.100000 -21.000000
v 0.000000 7.450000 -21.000000
v -1.250000 9.100000 -21.000000
v -0.000000 9.100000 -22.250000
v 0.000000 14.600000 -21.000000
v 1.250000 9.100000 -21.000000
v -0.000000 9.100000 -22.250000
v 0.000000 7.450000 -21.000000
v -0.000000 9.100000 -22.250000
v 1.250000 9.100000 -21.000000
vt 0.375000 0.742188
vt 0.492188 0.554688
vt 0.257812 0.554688
vt 0.625000 0.757812
vt 0.507812 0.804688
vt 0.742188 0.804688
vt 0.375000 0.742188
vt 0.492188 0.554688
vt 0.257812 0.554688
vt 0.625000 0.757812
vt 0.507812 0.804688
vt 0.742188 0.804688
vt 0.375000 0.742188
vt 0.492188 0.554688
vt 0.257812 0.554688
vt 0.625000 0.757812
vt 0.507812 0.804688
vt 0.742188 0.804688
vt 0.375000 0.742188
vt 0.492188 0.554688
vt 0.257812 0.554688
vt 0.625000 0.757812
vt 0.507812 0.804688
vt 0.742188 0.804688
vn 0.698149 0.158670 0.698149
vn 0.698149 0.158670 0.698149
vn 0.698149 0.158670 0.698149
vn 0.623308 -0.472203 0.623308
vn 0.623308 -0.472203 0.623308
vn 0.623308 -0.472203 0.623308
vn -0.698149 0.158670 0.698149
vn -0.698149 0.158670 0.698149
vn -0.698149 0.158670 0.698149
vn -0.623308 -0.472203 0.623308
vn -0.623308 -0.472203 0.623308
vn -0.623308 -0.472203 0.623308
vn -0.698149 0.158670 -0.698149
vn -0.698149 0.158670 -0.698149
vn -0.698149 0.158670 -0.698149
vn -0.623308 -0.472203 -0.623308
vn -0.623308 -0.472203 -0.623308
vn -0.623308 -0.472203 -0.623308
vn 0.698149 0.158670 -0.698149
vn 0.698149 0.158670 -0.698149
vn 0.698149 0.158670 -0.698149
vn 0.623308 -0.472203 -0.623308
vn 0.623308 -0.472203 -0.623308
vn 0.623308 -0.472203 -0.623308
f 3673/3673/3673 3674/3674/3674 3675/3675/3675
f 3676/3676/3676 3677/3677/3677 3678/3678/3678
f 3679/3679/3679 3680/3680/3680 3681/3681/3681
f 3682/3682/3682 3683/3683/3683 3684/3684/3684
f 3685/3685/3685 3686/3686/3686 3687/3687/3687
f 3688/3688/3688 3689/3689/3689 3690/3690/3690
f 3691/3691/3691 3692/3692/3692 3693/3693/3693
f 3694/3694/3694 3695/3695/3695 3696/3696/3696
o CrownCrystal3
usemtl PaintedCrystalBlue
v 2.600000 13.600000 -21.000000
v 2.600000 9.100000 -19.750000
v 3.850000 9.100000 -21.000000
v 2.600000 7.750000 -21.000000
v 3.850000 9.100000 -21.000000
v 2.600000 9.100000 -19.750000
v 2.600000 13.600000 -21.000000
v 1.350000 9.100000 -21.000000
v 2.600000 9.100000 -19.750000
v 2.600000 7.750000 -21.000000
v 2.600000 9.100000 -19.750000
v 1.350000 9.100000 -21.000000
v 2.600000 13.600000 -21.000000
v 2.600000 9.100000 -22.250000
v 1.350000 9.100000 -21.000000
v 2.600000 7.750000 -21.000000
v 1.350000 9.100000 -21.000000
v 2.600000 9.100000 -22.250000
v 2.600000 13.600000 -21.000000
v 3.850000 9.100000 -21.000000
v 2.600000 9.100000 -22.250000
v 2.600000 7.750000 -21.000000
v 2.600000 9.100000 -22.250000
v 3.850000 9.100000 -21.000000
vt 0.375000 0.742188
vt 0.492188 0.554688
vt 0.257812 0.554688
vt 0.625000 0.757812
vt 0.507812 0.804688
vt 0.742188 0.804688
vt 0.375000 0.742188
vt 0.492188 0.554688
vt 0.257812 0.554688
vt 0.625000 0.757812
vt 0.507812 0.804688
vt 0.742188 0.804688
vt 0.375000 0.742188
vt 0.492188 0.554688
vt 0.257812 0.554688
vt 0.625000 0.757812
vt 0.507812 0.804688
vt 0.742188 0.804688
vt 0.375000 0.742188
vt 0.492188 0.554688
vt 0.257812 0.554688
vt 0.625000 0.757812
vt 0.507812 0.804688
vt 0.742188 0.804688
vn 0.693849 0.192736 0.693849
vn 0.693849 0.192736 0.693849
vn 0.693849 0.192736 0.693849
vn 0.591588 -0.547766 0.591588
vn 0.591588 -0.547766 0.591588
vn 0.591588 -0.547766 0.591588
vn -0.693849 0.192736 0.693849
vn -0.693849 0.192736 0.693849
vn -0.693849 0.192736 0.693849
vn -0.591588 -0.547766 0.591588
vn -0.591588 -0.547766 0.591588
vn -0.591588 -0.547766 0.591588
vn -0.693849 0.192736 -0.693849
vn -0.693849 0.192736 -0.693849
vn -0.693849 0.192736 -0.693849
vn -0.591588 -0.547766 -0.591588
vn -0.591588 -0.547766 -0.591588
vn -0.591588 -0.547766 -0.591588
vn 0.693849 0.192736 -0.693849
vn 0.693849 0.192736 -0.693849
vn 0.693849 0.192736 -0.693849
vn 0.591588 -0.547766 -0.591588
vn 0.591588 -0.547766 -0.591588
vn 0.591588 -0.547766 -0.591588
f 3697/3697/3697 3698/3698/3698 3699/3699/3699
f 3700/3700/3700 3701/3701/3701 3702/3702/3702
f 3703/3703/3703 3704/3704/3704 3705/3705/3705
f 3706/3706/3706 3707/3707/3707 3708/3708/3708
f 3709/3709/3709 3710/3710/3710 3711/3711/3711
f 3712/3712/3712 3713/3713/3713 3714/3714/3714
f 3715/3715/3715 3716/3716/3716 3717/3717/3717
f 3718/3718/3718 3719/3719/3719 3720/3720/3720
o CrownCrystal4
usemtl PaintedCrystalBlue
v 5.200000 12.600000 -21.000000
v 5.200000 9.100000 -19.750000
v 6.450000 9.100000 -21.000000
v 5.200000 8.050000 -21.000000
v 6.450000 9.100000 -21.000000
v 5.200000 9.100000 -19.750000
v 5.200000 12.600000 -21.000000
v 3.950000 9.100000 -21.000000
v 5.200000 9.100000 -19.750000
v 5.200000 8.050000 -21.000000
v 5.200000 9.100000 -19.750000
v 3.950000 9.100000 -21.000000
v 5.200000 12.600000 -21.000000
v 5.200000 9.100000 -22.250000
v 3.950000 9.100000 -21.000000
v 5.200000 8.050000 -21.000000
v 3.950000 9.100000 -21.000000
v 5.200000 9.100000 -22.250000
v 5.200000 12.600000 -21.000000
v 6.450000 9.100000 -21.000000
v 5.200000 9.100000 -22.250000
v 5.200000 8.050000 -21.000000
v 5.200000 9.100000 -22.250000
v 6.450000 9.100000 -21.000000
vt 0.375000 0.742188
vt 0.492188 0.554688
vt 0.257812 0.554688
vt 0.625000 0.757812
vt 0.507812 0.804688
vt 0.742188 0.804688
vt 0.375000 0.742188
vt 0.492188 0.554688
vt 0.257812 0.554688
vt 0.625000 0.757812
vt 0.507812 0.804688
vt 0.742188 0.804688
vt 0.375000 0.742188
vt 0.492188 0.554688
vt 0.257812 0.554688
vt 0.625000 0.757812
vt 0.507812 0.804688
vt 0.742188 0.804688
vt 0.375000 0.742188
vt 0.492188 0.554688
vt 0.257812 0.554688
vt 0.625000 0.757812
vt 0.507812 0.804688
vt 0.742188 0.804688
vn 0.685583 0.244851 0.685583
vn 0.685583 0.244851 0.685583
vn 0.685583 0.244851 0.685583
vn 0.540957 -0.643996 0.540957
vn 0.540957 -0.643996 0.540957
vn 0.540957 -0.643996 0.540957
vn -0.685583 0.244851 0.685583
vn -0.685583 0.244851 0.685583
vn -0.685583 0.244851 0.685583
vn -0.540957 -0.643996 0.540957
vn -0.540957 -0.643996 0.540957
vn -0.540957 -0.643996 0.540957
vn -0.685583 0.244851 -0.685583
vn -0.685583 0.244851 -0.685583
vn -0.685583 0.244851 -0.685583
vn -0.540957 -0.643996 -0.540957
vn -0.540957 -0.643996 -0.540957
vn -0.540957 -0.643996 -0.540957
vn 0.685583 0.244851 -0.685583
vn 0.685583 0.244851 -0.685583
vn 0.685583 0.244851 -0.685583
vn 0.540957 -0.643996 -0.540957
vn 0.540957 -0.643996 -0.540957
vn 0.540957 -0.643996 -0.540957
f 3721/3721/3721 3722/3722/3722 3723/3723/3723
f 3724/3724/3724 3725/3725/3725 3726/3726/3726
f 3727/3727/3727 3728/3728/3728 3729/3729/3729
f 3730/3730/3730 3731/3731/3731 3732/3732/3732
f 3733/3733/3733 3734/3734/3734 3735/3735/3735
f 3736/3736/3736 3737/3737/3737 3738/3738/3738
f 3739/3739/3739 3740/3740/3740 3741/3741/3741
f 3742/3742/3742 3743/3743/3743 3744/3744/3744
o BackCrystal0
usemtl PaintedCrystalBlue
v 0.000000 11.500000 -10.000000
v 0.000000 8.000000 -8.500000
v 1.500000 8.000000 -10.000000
v 0.000000 6.950000 -10.000000
v 1.500000 8.000000 -10.000000
v 0.000000 8.000000 -8.500000
v 0.000000 11.500000 -10.000000
v -1.500000 8.000000 -10.000000
v 0.000000 8.000000 -8.500000
v 0.000000 6.950000 -10.000000
v 0.000000 8.000000 -8.500000
v -1.500000 8.000000 -10.000000
v 0.000000 11.500000 -10.000000
v -0.000000 8.000000 -11.500000
v -1.500000 8.000000 -10.000000
v 0.000000 6.950000 -10.000000
v -1.500000 8.000000 -10.000000
v -0.000000 8.000000 -11.500000
v 0.000000 11.500000 -10.000000
v 1.500000 8.000000 -10.000000
v -0.000000 8.000000 -11.500000
v 0.000000 6.950000 -10.000000
v -0.000000 8.000000 -11.500000
v 1.500000 8.000000 -10.000000
vt 0.125000 0.742188
vt 0.242188 0.554688
vt 0.007812 0.554688
vt 0.625000 0.757812
vt 0.507812 0.804688
vt 0.742188 0.804688
vt 0.125000 0.742188
vt 0.242188 0.554688
vt 0.007812 0.554688
vt 0.625000 0.757812
vt 0.507812 0.804688
vt 0.742188 0.804688
vt 0.125000 0.742188
vt 0.242188 0.554688
vt 0.007812 0.554688
vt 0.625000 0.757812
vt 0.507812 0.804688
vt 0.742188 0.804688
vt 0.125000 0.742188
vt 0.242188 0.554688
vt 0.007812 0.554688
vt 0.625000 0.757812
vt 0.507812 0.804688
vt 0.742188 0.804688
vn 0.676716 0.290021 0.676716
vn 0.676716 0.290021 0.676716
vn 0.676716 0.290021 0.676716
vn 0.497468 -0.710669 0.497468
vn 0.497468 -0.710669 0.497468
vn 0.497468 -0.710669 0.497468
vn -0.676716 0.290021 0.676716
vn -0.676716 0.290021 0.676716
vn -0.676716 0.290021 0.676716
vn -0.497468 -0.710669 0.497468
vn -0.497468 -0.710669 0.497468
vn -0.497468 -0.710669 0.497468
vn -0.676716 0.290021 -0.676716
vn -0.676716 0.290021 -0.676716
vn -0.676716 0.290021 -0.676716
vn -0.497468 -0.710669 -0.497468
vn -0.497468 -0.710669 -0.497468
vn -0.497468 -0.710669 -0.497468
vn 0.676716 0.290021 -0.676716
vn 0.676716 0.290021 -0.676716
vn 0.676716 0.290021 -0.676716
vn 0.497468 -0.710669 -0.497468
vn 0.497468 -0.710669 -0.497468
vn 0.497468 -0.710669 -0.497468
f 3745/3745/3745 3746/3746/3746 3747/3747/3747
f 3748/3748/3748 3749/3749/3749 3750/3750/3750
f 3751/3751/3751 3752/3752/3752 3753/3753/3753
f 3754/3754/3754 3755/3755/3755 3756/3756/3756
f 3757/3757/3757 3758/3758/3758 3759/3759/3759
f 3760/3760/3760 3761/3761/3761 3762/3762/3762
f 3763/3763/3763 3764/3764/3764 3765/3765/3765
f 3766/3766/3766 3767/3767/3767 3768/3768/3768
o BackCrystal1
usemtl PaintedCrystalBlue
v 0.000000 10.450000 -1.000000
v 0.000000 7.300000 0.500000
v 1.500000 7.300000 -1.000000
v 0.000000 6.355000 -1.000000
v 1.500000 7.300000 -1.000000
v 0.000000 7.300000 0.500000
v 0.000000 10.450000 -1.000000
v -1.500000 7.300000 -1.000000
v 0.000000 7.300000 0.500000
v 0.000000 6.355000 -1.000000
v 0.000000 7.300000 0.500000
v -1.500000 7.300000 -1.000000
v 0.000000 10.450000 -1.000000
v -0.000000 7.300000 -2.500000
v -1.500000 7.300000 -1.000000
v 0.000000 6.355000 -1.000000
v -1.500000 7.300000 -1.000000
v -0.000000 7.300000 -2.500000
v 0.000000 10.450000 -1.000000
v 1.500000 7.300000 -1.000000
v -0.000000 7.300000 -2.500000
v 0.000000 6.355000 -1.000000
v -0.000000 7.300000 -2.500000
v 1.500000 7.300000 -1.000000
vt 0.125000 0.742188
vt 0.242188 0.554688
vt 0.007812 0.554688
vt 0.625000 0.757812
vt 0.507812 0.804688
vt 0.742188 0.804688
vt 0.125000 0.742188
vt 0.242188 0.554688
vt 0.007812 0.554688
vt 0.625000 0.757812
vt 0.507812 0.804688
vt 0.742188 0.804688
vt 0.125000 0.742188
vt 0.242188 0.554688
vt 0.007812 0.554688
vt 0.625000 0.757812
vt 0.507812 0.804688
vt 0.742188 0.804688
vt 0.125000 0.742188
vt 0.242188 0.554688
vt 0.007812 0.554688
vt 0.625000 0.757812
vt 0.507812 0.804688
vt 0.742188 0.804688
vn 0.670137 0.319113 0.670137
vn 0.670137 0.319113 0.670137
vn 0.670137 0.319113 0.670137
vn 0.470385 -0.746643 0.470385
vn 0.470385 -0.746643 0.470385
vn 0.470385 -0.746643 0.470385
vn -0.670137 0.319113 0.670137
vn -0.670137 0.319113 0.670137
vn -0.670137 0.319113 0.670137
vn -0.470385 -0.746643 0.470385
vn -0.470385 -0.746643 0.470385
vn -0.470385 -0.746643 0.470385
vn -0.670137 0.319113 -0.670137
vn -0.670137 0.319113 -0.670137
vn -0.670137 0.319113 -0.670137
vn -0.470385 -0.746643 -0.470385
vn -0.470385 -0.746643 -0.470385
vn -0.470385 -0.746643 -0.470385
vn 0.670137 0.319113 -0.670137
vn 0.670137 0.319113 -0.670137
vn 0.670137 0.319113 -0.670137
vn 0.470385 -0.746643 -0.470385
vn 0.470385 -0.746643 -0.470385
vn 0.470385 -0.746643 -0.470385
f 3769/3769/3769 3770/3770/3770 3771/3771/3771
f 3772/3772/3772 3773/3773/3773 3774/3774/3774
f 3775/3775/3775 3776/3776/3776 3777/3777/3777
f 3778/3778/3778 3779/3779/3779 3780/3780/3780
f 3781/3781/3781 3782/3782/3782 3783/3783/3783
f 3784/3784/3784 3785/3785/3785 3786/3786/3786
f 3787/3787/3787 3788/3788/3788 3789/3789/3789
f 3790/3790/3790 3791/3791/3791 3792/3792/3792
o BackCrystal2
usemtl PaintedCrystalBlue
v 0.000000 9.400000 9.000000
v 0.000000 6.600000 10.500000
v 1.500000 6.600000 9.000000
v 0.000000 5.760000 9.000000
v 1.500000 6.600000 9.000000
v 0.000000 6.600000 10.500000
v 0.000000 9.400000 9.000000
v -1.500000 6.600000 9.000000
v 0.000000 6.600000 10.500000
v 0.000000 5.760000 9.000000
v 0.000000 6.600000 10.500000
v -1.500000 6.600000 9.000000
v 0.000000 9.400000 9.000000
v -0.000000 6.600000 7.500000
v -1.500000 6.600000 9.000000
v 0.000000 5.760000 9.000000
v -1.500000 6.600000 9.000000
v -0.000000 6.600000 7.500000
v 0.000000 9.400000 9.000000
v 1.500000 6.600000 9.000000
v -0.000000 6.600000 7.500000
v 0.000000 5.760000 9.000000
v -0.000000 6.600000 7.500000
v 1.500000 6.600000 9.000000
vt 0.125000 0.742188
vt 0.242188 0.554688
vt 0.007812 0.554688
vt 0.625000 0.757812
vt 0.507812 0.804688
vt 0.742188 0.804688
vt 0.125000 0.742188
vt 0.242188 0.554688
vt 0.007812 0.554688
vt 0.625000 0.757812
vt 0.507812 0.804688
vt 0.742188 0.804688
vt 0.125000 0.742188
vt 0.242188 0.554688
vt 0.007812 0.554688
vt 0.625000 0.757812
vt 0.507812 0.804688
vt 0.742188 0.804688
vt 0.125000 0.742188
vt 0.242188 0.554688
vt 0.007812 0.554688
vt 0.625000 0.757812
vt 0.507812 0.804688
vt 0.742188 0.804688
vn 0.661253 0.354243 0.661253
vn 0.661253 0.354243 0.661253
vn 0.661253 0.354243 0.661253
vn 0.439003 -0.783934 0.439003
vn 0.439003 -0.783934 0.439003
vn 0.439003 -0.783934 0.439003
vn -0.661253 0.354243 0.661253
vn -0.661253 0.354243 0.661253
vn -0.661253 0.354243 0.661253
vn -0.439003 -0.783934 0.439003
vn -0.439003 -0.783934 0.439003
vn -0.439003 -0.783934 0.439003
vn -0.661253 0.354243 -0.661253
vn -0.661253 0.354243 -0.661253
vn -0.661253 0.354243 -0.661253
vn -0.439003 -0.783934 -0.439003
vn -0.439003 -0.783934 -0.439003
vn -0.439003 -0.783934 -0.439003
vn 0.661253 0.354243 -0.661253
vn 0.661253 0.354243 -0.661253
vn 0.661253 0.354243 -0.661253
vn 0.439003 -0.783934 -0.439003
vn 0.439003 -0.783934 -0.439003
vn 0.439003 -0.783934 -0.439003
f 3793/3793/3793 3794/3794/3794 3795/3795/3795
f 3796/3796/3796 3797/3797/3797 3798/3798/3798
f 3799/3799/3799 3800/3800/3800 3801/3801/3801
f 3802/3802/3802 3803/3803/3803 3804/3804/3804
f 3805/3805/3805 3806/3806/3806 3807/3807/3807
f 3808/3808/3808 3809/3809/3809 3810/3810/3810
f 3811/3811/3811 3812/3812/3812 3813/3813/3813
f 3814/3814/3814 3815/3815/3815 3816/3816/3816
o BackCrystal3
usemtl PaintedCrystalBlue
v 0.000000 8.350000 19.000000
v 0.000000 5.900000 20.500000
v 1.500000 5.900000 19.000000
v 0.000000 5.165000 19.000000
v 1.500000 5.900000 19.000000
v 0.000000 5.900000 20.500000
v 0.000000 8.350000 19.000000
v -1.500000 5.900000 19.000000
v 0.000000 5.900000 20.500000
v 0.000000 5.165000 19.000000
v 0.000000 5.900000 20.500000
v -1.500000 5.900000 19.000000
v 0.000000 8.350000 19.000000
v -0.000000 5.900000 17.500000
v -1.500000 5.900000 19.000000
v 0.000000 5.165000 19.000000
v -1.500000 5.900000 19.000000
v -0.000000 5.900000 17.500000
v 0.000000 8.350000 19.000000
v 1.500000 5.900000 19.000000
v -0.000000 5.900000 17.500000
v 0.000000 5.165000 19.000000
v -0.000000 5.900000 17.500000
v 1.500000 5.900000 19.000000
vt 0.125000 0.742188
vt 0.242188 0.554688
vt 0.007812 0.554688
vt 0.625000 0.757812
vt 0.507812 0.804688
vt 0.742188 0.804688
vt 0.125000 0.742188
vt 0.242188 0.554688
vt 0.007812 0.554688
vt 0.625000 0.757812
vt 0.507812 0.804688
vt 0.742188 0.804688
vt 0.125000 0.742188
vt 0.242188 0.554688
vt 0.007812 0.554688
vt 0.625000 0.757812
vt 0.507812 0.804688
vt 0.742188 0.804688
vt 0.125000 0.742188
vt 0.242188 0.554688
vt 0.007812 0.554688
vt 0.625000 0.757812
vt 0.507812 0.804688
vt 0.742188 0.804688
vn 0.648907 0.397290 0.648907
vn 0.648907 0.397290 0.648907
vn 0.648907 0.397290 0.648907
vn 0.402750 -0.821939 0.402750
vn 0.402750 -0.821939 0.402750
vn 0.402750 -0.821939 0.402750
vn -0.648907 0.397290 0.648907
vn -0.648907 0.397290 0.648907
vn -0.648907 0.397290 0.648907
vn -0.402750 -0.821939 0.402750
vn -0.402750 -0.821939 0.402750
vn -0.402750 -0.821939 0.402750
vn -0.648907 0.397290 -0.648907
vn -0.648907 0.397290 -0.648907
vn -0.648907 0.397290 -0.648907
vn -0.402750 -0.821939 -0.402750
vn -0.402750 -0.821939 -0.402750
vn -0.402750 -0.821939 -0.402750
vn 0.648907 0.397290 -0.648907
vn 0.648907 0.397290 -0.648907
vn 0.648907 0.397290 -0.648907
vn 0.402750 -0.821939 -0.402750
vn 0.402750 -0.821939 -0.402750
vn 0.402750 -0.821939 -0.402750
f 3817/3817/3817 3818/3818/3818 3819/3819/3819
f 3820/3820/3820 3821/3821/3821 3822/3822/3822
f 3823/3823/3823 3824/3824/3824 3825/3825/3825
f 3826/3826/3826 3827/3827/3827 3828/3828/3828
f 3829/3829/3829 3830/3830/3830 3831/3831/3831
f 3832/3832/3832 3833/3833/3833 3834/3834/3834
f 3835/3835/3835 3836/3836/3836 3837/3837/3837
f 3838/3838/3838 3839/3839/3839 3840/3840/3840
