mtllib Lion_FormStudy.mtl
s off
o Body
usemtl PaintedTeaFantasy
v 2.507117 6.720467 -4.874950
v 1.772800 8.788734 -4.874950
v 2.486844 9.082450 -2.959791
v 2.507117 6.720467 -4.874950
v 2.486844 9.082450 -2.959791
v 3.516929 6.546362 -2.959791
v 1.772800 8.788734 -4.874950
v 0.000000 9.645438 -4.874950
v 0.000000 10.132933 -2.959791
v 1.772800 8.788734 -4.874950
v 0.000000 10.132933 -2.959791
v 2.486844 9.082450 -2.959791
v 0.000000 9.645438 -4.874950
v -1.772800 8.788734 -4.874950
v -2.486844 9.082450 -2.959791
v 0.000000 9.645438 -4.874950
v -2.486844 9.082450 -2.959791
v 0.000000 10.132933 -2.959791
v -1.772800 8.788734 -4.874950
v -2.507117 6.720467 -4.874950
v -3.516929 6.546362 -2.959791
v -1.772800 8.788734 -4.874950
v -3.516929 6.546362 -2.959791
v -2.486844 9.082450 -2.959791
v -2.507117 6.720467 -4.874950
v -1.772800 4.652201 -4.874950
v -2.486844 4.010274 -2.959791
v -2.507117 6.720467 -4.874950
v -2.486844 4.010274 -2.959791
v -3.516929 6.546362 -2.959791
v -1.772800 4.652201 -4.874950
v -0.000000 3.795497 -4.874950
v -0.000000 2.959791 -2.959791
v -1.772800 4.652201 -4.874950
v -0.000000 2.959791 -2.959791
v -2.486844 4.010274 -2.959791
v -0.000000 3.795497 -4.874950
v 1.772800 4.652201 -4.874950
v 2.486844 4.010274 -2.959791
v -0.000000 3.795497 -4.874950
v 2.486844 4.010274 -2.959791
v -0.000000 2.959791 -2.959791
v 1.772800 4.652201 -4.874950
v 2.507117 6.720467 -4.874950
v 3.516929 6.546362 -2.959791
v 1.772800 4.652201 -4.874950
v 3.516929 6.546362 -2.959791
v 2.486844 4.010274 -2.959791
v 3.516929 6.546362 -2.959791
v 2.486844 9.082450 -2.959791
v 2.191377 7.903783 0.522316
v 3.516929 6.546362 -2.959791
v 2.191377 7.903783 0.522316
v 3.099076 5.884762 0.522316
v 2.486844 9.082450 -2.959791
v 0.000000 10.132933 -2.959791
v 0.000000 8.740090 0.522316
v 2.486844 9.082450 -2.959791
v 0.000000 8.740090 0.522316
v 2.191377 7.903783 0.522316
v 0.000000 10.132933 -2.959791
v -2.486844 9.082450 -2.959791
v -2.191377 7.903783 0.522316
v 0.000000 10.132933 -2.959791
v -2.191377 7.903783 0.522316
v 0.000000 8.740090 0.522316
v -2.486844 9.082450 -2.959791
v -3.516929 6.546362 -2.959791
v -3.099076 5.884762 0.522316
v -2.486844 9.082450 -2.959791
v -3.099076 5.884762 0.522316
v -2.191377 7.903783 0.522316
v -3.516929 6.546362 -2.959791
v -2.486844 4.010274 -2.959791
v -2.191377 3.865740 0.522316
v -3.516929 6.546362 -2.959791
v -2.191377 3.865740 0.522316
v -3.099076 5.884762 0.522316
v -2.486844 4.010274 -2.959791
v -0.000000 2.959791 -2.959791
v -0.000000 3.029433 0.522316
v -2.486844 4.010274 -2.959791
v -0.000000 3.029433 0.522316
v -2.191377 3.865740 0.522316
v -0.000000 2.959791 -2.959791
v 2.486844 4.010274 -2.959791
v 2.191377 3.865740 0.522316
v -0.000000 2.959791 -2.959791
v 2.191377 3.865740 0.522316
v -0.000000 3.029433 0.522316
v 2.486844 4.010274 -2.959791
v 3.516929 6.546362 -2.959791
v 3.099076 5.884762 0.522316
v 2.486844 4.010274 -2.959791
v 3.099076 5.884762 0.522316
v 2.191377 3.865740 0.522316
v 3.099076 5.884762 0.522316
v 2.191377 7.903783 0.522316
v 1.920533 7.616766 4.004424
v 3.099076 5.884762 0.522316
v 1.920533 7.616766 4.004424
v 2.716044 5.745477 4.004424
v 2.191377 7.903783 0.522316
v 0.000000 8.740090 0.522316
v 0.000000 8.391879 4.004424
v 2.191377 7.903783 0.522316
v 0.000000 8.391879 4.004424
v 1.920533 7.616766 4.004424
v 0.000000 8.740090 0.522316
v -2.191377 7.903783 0.522316
v -1.920533 7.616766 4.004424
v 0.000000 8.740090 0.522316
v -1.920533 7.616766 4.004424
v 0.000000 8.391879 4.004424
v -2.191377 7.903783 0.522316
v -3.099076 5.884762 0.522316
v -2.716044 5.745477 4.004424
v -2.191377 7.903783 0.522316
v -2.716044 5.745477 4.004424
v -1.920533 7.616766 4.004424
v -3.099076 5.884762 0.522316
v -2.191377 3.865740 0.522316
v -1.920533 3.874189 4.004424
v -3.099076 5.884762 0.522316
v -1.920533 3.874189 4.004424
v -2.716044 5.745477 4.004424
v -2.191377 3.865740 0.522316
v -0.000000 3.029433 0.522316
v -0.000000 3.099076 4.004424
v -2.191377 3.865740 0.522316
v -0.000000 3.099076 4.004424
v -1.920533 3.874189 4.004424
v -0.000000 3.029433 0.522316
v 2.191377 3.865740 0.522316
v 1.920533 3.874189 4.004424
v -0.000000 3.029433 0.522316
v 1.920533 3.874189 4.004424
v -0.000000 3.099076 4.004424
v 2.191377 3.865740 0.522316
v 3.099076 5.884762 0.522316
v 2.716044 5.745477 4.004424
v 2.191377 3.865740 0.522316
v 2.716044 5.745477 4.004424
v 1.920533 3.874189 4.004424
v 2.716044 5.745477 4.004424
v 1.920533 7.616766 4.004424
v 2.166755 7.913982 6.267793
v 2.716044 5.745477 4.004424
v 2.166755 7.913982 6.267793
v 3.064255 5.919583 6.267793
v 1.920533 7.616766 4.004424
v 0.000000 8.391879 4.004424
v 0.000000 8.740090 6.267793
v 1.920533 7.616766 4.004424
v 0.000000 8.740090 6.267793
v 2.166755 7.913982 6.267793
v 0.000000 8.391879 4.004424
v -1.920533 7.616766 4.004424
v -2.166755 7.913982 6.267793
v 0.000000 8.391879 4.004424
v -2.166755 7.913982 6.267793
v 0.000000 8.740090 6.267793
v -1.920533 7.616766 4.004424
v -2.716044 5.745477 4.004424
v -3.064255 5.919583 6.267793
v -1.920533 7.616766 4.004424
v -3.064255 5.919583 6.267793
v -2.166755 7.913982 6.267793
v -2.716044 5.745477 4.004424
v -1.920533 3.874189 4.004424
v -2.166755 3.925183 6.267793
v -2.716044 5.745477 4.004424
v -2.166755 3.925183 6.267793
v -3.064255 5.919583 6.267793
v -1.920533 3.874189 4.004424
v -0.000000 3.099076 4.004424
v -0.000000 3.099076 6.267793
v -1.920533 3.874189 4.004424
v -0.000000 3.099076 6.267793
v -2.166755 3.925183 6.267793
v -0.000000 3.099076 4.004424
v 1.920533 3.874189 4.004424
v 2.166755 3.925183 6.267793
v -0.000000 3.099076 4.004424
v 2.166755 3.925183 6.267793
v -0.000000 3.099076 6.267793
v 1.920533 3.874189 4.004424
v 2.716044 5.745477 4.004424
v 3.064255 5.919583 6.267793
v 1.920533 3.874189 4.004424
v 3.064255 5.919583 6.267793
v 2.166755 3.925183 6.267793
v 3.064255 5.919583 6.267793
v 2.166755 7.913982 6.267793
v 1.477333 7.302651 7.416889
v 3.064255 5.919583 6.267793
v 1.477333 7.302651 7.416889
v 2.089264 5.849940 7.416889
v 2.166755 7.913982 6.267793
v 0.000000 8.740090 6.267793
v 0.000000 7.904384 7.416889
v 2.166755 7.913982 6.267793
v 0.000000 7.904384 7.416889
v 1.477333 7.302651 7.416889
v 0.000000 8.740090 6.267793
v -2.166755 7.913982 6.267793
v -1.477333 7.302651 7.416889
v 0.000000 8.740090 6.267793
v -1.477333 7.302651 7.416889
v 0.000000 7.904384 7.416889
v -2.166755 7.913982 6.267793
v -3.064255 5.919583 6.267793
v -2.089264 5.849940 7.416889
v -2.166755 7.913982 6.267793
v -2.089264 5.849940 7.416889
v -1.477333 7.302651 7.416889
v -3.064255 5.919583 6.267793
v -2.166755 3.925183 6.267793
v -1.477333 4.397230 7.416889
v -3.064255 5.919583 6.267793
v -1.477333 4.397230 7.416889
v -2.089264 5.849940 7.416889
v -2.166755 3.925183 6.267793
v -0.000000 3.099076 6.267793
v -0.000000 3.795497 7.416889
v -2.166755 3.925183 6.267793
v -0.000000 3.795497 7.416889
v -1.477333 4.397230 7.416889
v -0.000000 3.099076 6.267793
v 2.166755 3.925183 6.267793
v 1.477333 4.397230 7.416889
v -0.000000 3.099076 6.267793
v 1.477333 4.397230 7.416889
v -0.000000 3.795497 7.416889
v 2.166755 3.925183 6.267793
v 3.064255 5.919583 6.267793
v 2.089264 5.849940 7.416889
v 2.166755 3.925183 6.267793
v 2.089264 5.849940 7.416889
v 1.477333 4.397230 7.416889
v 0.000000 6.720467 -4.874950
v 1.772800 8.788734 -4.874950
v 2.507117 6.720467 -4.874950
v 0.000000 6.720467 -4.874950
v 0.000000 9.645438 -4.874950
v 1.772800 8.788734 -4.874950
v 0.000000 6.720467 -4.874950
v -1.772800 8.788734 -4.874950
v 0.000000 9.645438 -4.874950
v 0.000000 6.720467 -4.874950
v -2.507117 6.720467 -4.874950
v -1.772800 8.788734 -4.874950
v 0.000000 6.720467 -4.874950
v -1.772800 4.652201 -4.874950
v -2.507117 6.720467 -4.874950
v 0.000000 6.720467 -4.874950
v -0.000000 3.795497 -4.874950
v -1.772800 4.652201 -4.874950
v 0.000000 6.720467 -4.874950
v 1.772800 4.652201 -4.874950
v -0.000000 3.795497 -4.874950
v 0.000000 6.720467 -4.874950
v 2.507117 6.720467 -4.874950
v 1.772800 4.652201 -4.874950
v 0.000000 5.849940 7.416889
v 2.089264 5.849940 7.416889
v 1.477333 7.302651 7.416889
v 0.000000 5.849940 7.416889
v 1.477333 7.302651 7.416889
v 0.000000 7.904384 7.416889
v 0.000000 5.849940 7.416889
v 0.000000 7.904384 7.416889
v -1.477333 7.302651 7.416889
v 0.000000 5.849940 7.416889
v -1.477333 7.302651 7.416889
v -2.089264 5.849940 7.416889
v 0.000000 5.849940 7.416889
v -2.089264 5.849940 7.416889
v -1.477333 4.397230 7.416889
v 0.000000 5.849940 7.416889
v -1.477333 4.397230 7.416889
v -0.000000 3.795497 7.416889
v 0.000000 5.849940 7.416889
v -0.000000 3.795497 7.416889
v 1.477333 4.397230 7.416889
v 0.000000 5.849940 7.416889
v 1.477333 4.397230 7.416889
v 2.089264 5.849940 7.416889
vt 0.003906 0.996094
vt 0.034180 0.996094
vt 0.034180 0.947656
vt 0.003906 0.996094
vt 0.034180 0.947656
vt 0.003906 0.947656
vt 0.034180 0.996094
vt 0.064453 0.996094
vt 0.064453 0.947656
vt 0.034180 0.996094
vt 0.064453 0.947656
vt 0.034180 0.947656
vt 0.064453 0.996094
vt 0.094727 0.996094
vt 0.094727 0.947656
vt 0.064453 0.996094
vt 0.094727 0.947656
vt 0.064453 0.947656
vt 0.094727 0.996094
vt 0.125000 0.996094
vt 0.125000 0.947656
vt 0.094727 0.996094
vt 0.125000 0.947656
vt 0.094727 0.947656
vt 0.125000 0.996094
vt 0.155273 0.996094
vt 0.155273 0.947656
vt 0.125000 0.996094
vt 0.155273 0.947656
vt 0.125000 0.947656
vt 0.155273 0.746094
vt 0.185547 0.746094
vt 0.185547 0.697656
vt 0.155273 0.746094
vt 0.185547 0.697656
vt 0.155273 0.697656
vt 0.185547 0.746094
vt 0.215820 0.746094
vt 0.215820 0.697656
vt 0.185547 0.746094
vt 0.215820 0.697656
vt 0.185547 0.697656
vt 0.215820 0.996094
vt 0.246094 0.996094
vt 0.246094 0.947656
vt 0.215820 0.996094
vt 0.246094 0.947656
vt 0.215820 0.947656
vt 0.003906 0.947656
vt 0.034180 0.947656
vt 0.034180 0.899219
vt 0.003906 0.947656
vt 0.034180 0.899219
vt 0.003906 0.899219
vt 0.034180 0.947656
vt 0.064453 0.947656
vt 0.064453 0.899219
vt 0.034180 0.947656
vt 0.064453 0.899219
vt 0.034180 0.899219
vt 0.064453 0.947656
vt 0.094727 0.947656
vt 0.094727 0.899219
vt 0.064453 0.947656
vt 0.094727 0.899219
vt 0.064453 0.899219
vt 0.094727 0.947656
vt 0.125000 0.947656
vt 0.125000 0.899219
vt 0.094727 0.947656
vt 0.125000 0.899219
vt 0.094727 0.899219
vt 0.125000 0.947656
vt 0.155273 0.947656
vt 0.155273 0.899219
vt 0.125000 0.947656
vt 0.155273 0.899219
vt 0.125000 0.899219
vt 0.155273 0.697656
vt 0.185547 0.697656
vt 0.185547 0.649219
vt 0.155273 0.697656
vt 0.185547 0.649219
vt 0.155273 0.649219
vt 0.185547 0.697656
vt 0.215820 0.697656
vt 0.215820 0.649219
vt 0.185547 0.697656
vt 0.215820 0.649219
vt 0.185547 0.649219
vt 0.215820 0.947656
vt 0.246094 0.947656
vt 0.246094 0.899219
vt 0.215820 0.947656
vt 0.246094 0.899219
vt 0.215820 0.899219
vt 0.003906 0.899219
vt 0.034180 0.899219
vt 0.034180 0.850781
vt 0.003906 0.899219
vt 0.034180 0.850781
vt 0.003906 0.850781
vt 0.034180 0.899219
vt 0.064453 0.899219
vt 0.064453 0.850781
vt 0.034180 0.899219
vt 0.064453 0.850781
vt 0.034180 0.850781
vt 0.064453 0.899219
vt 0.094727 0.899219
vt 0.094727 0.850781
vt 0.064453 0.899219
vt 0.094727 0.850781
vt 0.064453 0.850781
vt 0.094727 0.899219
vt 0.125000 0.899219
vt 0.125000 0.850781
vt 0.094727 0.899219
vt 0.125000 0.850781
vt 0.094727 0.850781
vt 0.125000 0.899219
vt 0.155273 0.899219
vt 0.155273 0.850781
vt 0.125000 0.899219
vt 0.155273 0.850781
vt 0.125000 0.850781
vt 0.155273 0.649219
vt 0.185547 0.649219
vt 0.185547 0.600781
vt 0.155273 0.649219
vt 0.185547 0.600781
vt 0.155273 0.600781
vt 0.185547 0.649219
vt 0.215820 0.649219
vt 0.215820 0.600781
vt 0.185547 0.649219
vt 0.215820 0.600781
vt 0.185547 0.600781
vt 0.215820 0.899219
vt 0.246094 0.899219
vt 0.246094 0.850781
vt 0.215820 0.899219
vt 0.246094 0.850781
vt 0.215820 0.850781
vt 0.003906 0.850781
vt 0.034180 0.850781
vt 0.034180 0.802344
vt 0.003906 0.850781
vt 0.034180 0.802344
vt 0.003906 0.802344
vt 0.034180 0.850781
vt 0.064453 0.850781
vt 0.064453 0.802344
vt 0.034180 0.850781
vt 0.064453 0.802344
vt 0.034180 0.802344
vt 0.064453 0.850781
vt 0.094727 0.850781
vt 0.094727 0.802344
vt 0.064453 0.850781
vt 0.094727 0.802344
vt 0.064453 0.802344
vt 0.094727 0.850781
vt 0.125000 0.850781
vt 0.125000 0.802344
vt 0.094727 0.850781
vt 0.125000 0.802344
vt 0.094727 0.802344
vt 0.125000 0.850781
vt 0.155273 0.850781
vt 0.155273 0.802344
vt 0.125000 0.850781
vt 0.155273 0.802344
vt 0.125000 0.802344
vt 0.155273 0.600781
vt 0.185547 0.600781
vt 0.185547 0.552344
vt 0.155273 0.600781
vt 0.185547 0.552344
vt 0.155273 0.552344
vt 0.185547 0.600781
vt 0.215820 0.600781
vt 0.215820 0.552344
vt 0.185547 0.600781
vt 0.215820 0.552344
vt 0.185547 0.552344
vt 0.215820 0.850781
vt 0.246094 0.850781
vt 0.246094 0.802344
vt 0.215820 0.850781
vt 0.246094 0.802344
vt 0.215820 0.802344
vt 0.003906 0.802344
vt 0.034180 0.802344
vt 0.034180 0.753906
vt 0.003906 0.802344
vt 0.034180 0.753906
vt 0.003906 0.753906
vt 0.034180 0.802344
vt 0.064453 0.802344
vt 0.064453 0.753906
vt 0.034180 0.802344
vt 0.064453 0.753906
vt 0.034180 0.753906
vt 0.064453 0.802344
vt 0.094727 0.802344
vt 0.094727 0.753906
vt 0.064453 0.802344
vt 0.094727 0.753906
vt 0.064453 0.753906
vt 0.094727 0.802344
vt 0.125000 0.802344
vt 0.125000 0.753906
vt 0.094727 0.802344
vt 0.125000 0.753906
vt 0.094727 0.753906
vt 0.125000 0.802344
vt 0.155273 0.802344
vt 0.155273 0.753906
vt 0.125000 0.802344
vt 0.155273 0.753906
vt 0.125000 0.753906
vt 0.155273 0.552344
vt 0.185547 0.552344
vt 0.185547 0.503906
vt 0.155273 0.552344
vt 0.185547 0.503906
vt 0.155273 0.503906
vt 0.185547 0.552344
vt 0.215820 0.552344
vt 0.215820 0.503906
vt 0.185547 0.552344
vt 0.215820 0.503906
vt 0.185547 0.503906
vt 0.215820 0.802344
vt 0.246094 0.802344
vt 0.246094 0.753906
vt 0.215820 0.802344
vt 0.246094 0.753906
vt 0.215820 0.753906
vt 0.125000 0.625000
vt 0.221875 0.528125
vt 0.028125 0.721875
vt 0.125000 0.625000
vt 0.221875 0.528125
vt 0.028125 0.721875
vt 0.125000 0.625000
vt 0.221875 0.528125
vt 0.028125 0.721875
vt 0.125000 0.625000
vt 0.221875 0.528125
vt 0.028125 0.721875
vt 0.125000 0.625000
vt 0.221875 0.528125
vt 0.028125 0.721875
vt 0.125000 0.625000
vt 0.221875 0.528125
vt 0.028125 0.721875
vt 0.125000 0.625000
vt 0.221875 0.528125
vt 0.028125 0.721875
vt 0.125000 0.625000
vt 0.221875 0.528125
vt 0.028125 0.721875
vt 0.125000 0.875000
vt 0.028125 0.971875
vt 0.221875 0.778125
vt 0.125000 0.875000
vt 0.028125 0.971875
vt 0.221875 0.778125
vt 0.125000 0.875000
vt 0.028125 0.971875
vt 0.221875 0.778125
vt 0.125000 0.875000
vt 0.028125 0.971875
vt 0.221875 0.778125
vt 0.125000 0.875000
vt 0.028125 0.971875
vt 0.221875 0.778125
vt 0.125000 0.875000
vt 0.028125 0.971875
vt 0.221875 0.778125
vt 0.125000 0.875000
vt 0.028125 0.971875
vt 0.221875 0.778125
vt 0.125000 0.875000
vt 0.028125 0.971875
vt 0.221875 0.778125
vn 0.874162 0.310363 -0.373519
vn 0.874162 0.310363 -0.373519
vn 0.874162 0.310363 -0.373519
vn 0.843524 0.342615 -0.413621
vn 0.843524 0.342615 -0.413621
vn 0.843524 0.342615 -0.413621
vn 0.424111 0.877624 -0.223395
vn 0.424111 0.877624 -0.223395
vn 0.424111 0.877624 -0.223395
vn 0.374088 0.885592 -0.275292
vn 0.374088 0.885592 -0.275292
vn 0.374088 0.885592 -0.275292
vn -0.416722 0.862333 -0.287621
vn -0.416722 0.862333 -0.287621
vn -0.416722 0.862333 -0.287621
vn -0.378848 0.896860 -0.228292
vn -0.378848 0.896860 -0.228292
vn -0.378848 0.896860 -0.228292
vn -0.854023 0.303212 -0.422738
vn -0.854023 0.303212 -0.422738
vn -0.854023 0.303212 -0.422738
vn -0.859291 0.349019 -0.373904
vn -0.859291 0.349019 -0.373904
vn -0.859291 0.349019 -0.373904
vn -0.854994 -0.303557 -0.420521
vn -0.854994 -0.303557 -0.420521
vn -0.854994 -0.303557 -0.420521
vn -0.821082 -0.333499 -0.463252
vn -0.821082 -0.333499 -0.463252
vn -0.821082 -0.333499 -0.463252
vn -0.404972 -0.838019 -0.365681
vn -0.404972 -0.838019 -0.365681
vn -0.404972 -0.838019 -0.365681
vn -0.354338 -0.838838 -0.413274
vn -0.354338 -0.838838 -0.413274
vn -0.354338 -0.838838 -0.413274
vn 0.394687 -0.816736 -0.420910
vn 0.394687 -0.816736 -0.420910
vn 0.394687 -0.816736 -0.420910
vn 0.361046 -0.854717 -0.372967
vn 0.361046 -0.854717 -0.372967
vn 0.361046 -0.854717 -0.372967
vn 0.833580 -0.295954 -0.466429
vn 0.833580 -0.295954 -0.466429
vn 0.833580 -0.295954 -0.466429
vn 0.837992 -0.340368 -0.426520
vn 0.837992 -0.340368 -0.426520
vn 0.837992 -0.340368 -0.426520
vn 0.907439 0.368575 0.201759
vn 0.907439 0.368575 0.201759
vn 0.907439 0.368575 0.201759
vn 0.896469 0.403028 0.184152
vn 0.896469 0.403028 0.184152
vn 0.896469 0.403028 0.184152
vn 0.365125 0.864373 0.345749
vn 0.365125 0.864373 0.345749
vn 0.365125 0.864373 0.345749
vn 0.336901 0.882783 0.327402
vn 0.336901 0.882783 0.327402
vn 0.336901 0.882783 0.327402
vn -0.367866 0.870863 0.325995
vn -0.367866 0.870863 0.325995
vn -0.367866 0.870863 0.325995
vn -0.333992 0.875160 0.350064
vn -0.333992 0.875160 0.350064
vn -0.333992 0.875160 0.350064
vn -0.911409 0.370188 0.179705
vn -0.911409 0.370188 0.179705
vn -0.911409 0.370188 0.179705
vn -0.891473 0.400782 0.211306
vn -0.891473 0.400782 0.211306
vn -0.891473 0.400782 0.211306
vn -0.924659 -0.375569 0.062871
vn -0.924659 -0.375569 0.062871
vn -0.924659 -0.375569 0.062871
vn -0.911614 -0.409837 0.031525
vn -0.911614 -0.409837 0.031525
vn -0.911614 -0.409837 0.031525
vn -0.389057 -0.921029 0.018421
vn -0.389057 -0.921029 0.018421
vn -0.389057 -0.921029 0.018421
vn -0.356539 -0.934241 -0.008525
vn -0.356539 -0.934241 -0.008525
vn -0.356539 -0.934241 -0.008525
vn 0.389118 -0.921173 -0.005218
vn 0.389118 -0.921173 -0.005218
vn 0.389118 -0.921173 -0.005218
vn 0.356490 -0.934112 0.018682
vn 0.356490 -0.934112 0.018682
vn 0.356490 -0.934112 0.018682
vn 0.925764 -0.376018 0.039648
vn 0.925764 -0.376018 0.039648
vn 0.925764 -0.376018 0.039648
vn 0.910410 -0.409296 0.060262
vn 0.910410 -0.409296 0.060262
vn 0.910410 -0.409296 0.060262
vn 0.907105 0.407810 0.104171
vn 0.907105 0.407810 0.104171
vn 0.907105 0.407810 0.104171
vn 0.914071 0.388584 0.116091
vn 0.914071 0.388584 0.116091
vn 0.914071 0.388584 0.116091
vn 0.355006 0.930224 0.093022
vn 0.355006 0.930224 0.093022
vn 0.355006 0.930224 0.093022
vn 0.372194 0.922201 0.104964
vn 0.372194 0.922201 0.104964
vn 0.372194 0.922201 0.104964
vn -0.354612 0.929192 0.104172
vn -0.354612 0.929192 0.104172
vn -0.354612 0.929192 0.104172
vn -0.372662 0.923362 0.092336
vn -0.372662 0.923362 0.092336
vn -0.372662 0.923362 0.092336
vn -0.905916 0.407276 0.115942
vn -0.905916 0.407276 0.115942
vn -0.905916 0.407276 0.115942
vn -0.915372 0.389137 0.103274
vn -0.915372 0.389137 0.103274
vn -0.915372 0.389137 0.103274
vn -0.909716 -0.408984 0.071752
vn -0.909716 -0.408984 0.071752
vn -0.909716 -0.408984 0.071752
vn -0.916941 -0.389804 0.085271
vn -0.916941 -0.389804 0.085271
vn -0.916941 -0.389804 0.085271
vn -0.356490 -0.934112 0.018682
vn -0.356490 -0.934112 0.018682
vn -0.356490 -0.934112 0.018682
vn -0.374077 -0.926868 0.031345
vn -0.374077 -0.926868 0.031345
vn -0.374077 -0.926868 0.031345
vn 0.356392 -0.933855 0.029987
vn 0.356392 -0.933855 0.029987
vn 0.356392 -0.933855 0.029987
vn 0.374197 -0.927164 0.018543
vn 0.374197 -0.927164 0.018543
vn 0.374197 -0.927164 0.018543
vn 0.908872 -0.408604 0.083632
vn 0.908872 -0.408604 0.083632
vn 0.908872 -0.408604 0.083632
vn 0.917882 -0.390204 0.072341
vn 0.917882 -0.390204 0.072341
vn 0.917882 -0.390204 0.072341
vn 0.909912 0.386816 -0.149780
vn 0.909912 0.386816 -0.149780
vn 0.909912 0.386816 -0.149780
vn 0.898742 0.404443 -0.169379
vn 0.898742 0.404443 -0.169379
vn 0.898742 0.404443 -0.169379
vn 0.370509 0.918028 -0.141235
vn 0.370509 0.918028 -0.141235
vn 0.370509 0.918028 -0.141235
vn 0.351696 0.922445 -0.159391
vn 0.351696 0.922445 -0.159391
vn 0.351696 0.922445 -0.159391
vn -0.369416 0.915319 -0.160383
vn -0.369416 0.915319 -0.160383
vn -0.369416 0.915319 -0.160383
vn -0.352625 0.924883 -0.142290
vn -0.352625 0.924883 -0.142290
vn -0.352625 0.924883 -0.142290
vn -0.907024 0.385588 -0.169203
vn -0.907024 0.385588 -0.169203
vn -0.907024 0.385588 -0.169203
vn -0.901416 0.405646 -0.151329
vn -0.901416 0.405646 -0.151329
vn -0.901416 0.405646 -0.151329
vn -0.916481 -0.389609 -0.090922
vn -0.916481 -0.389609 -0.090922
vn -0.916481 -0.389609 -0.090922
vn -0.906575 -0.407968 -0.108091
vn -0.906575 -0.407968 -0.108091
vn -0.906575 -0.407968 -0.108091
vn -0.374261 -0.927323 0.000000
vn -0.374261 -0.927323 0.000000
vn -0.374261 -0.927323 0.000000
vn -0.356194 -0.934244 -0.017700
vn -0.356194 -0.934244 -0.017700
vn -0.356194 -0.934244 -0.017700
vn 0.374187 -0.927141 -0.019818
vn 0.374187 -0.927141 -0.019818
vn 0.374187 -0.927141 -0.019818
vn 0.356250 -0.934391 0.000000
vn 0.356250 -0.934391 0.000000
vn 0.356250 -0.934391 0.000000
vn 0.914626 -0.388820 -0.110802
vn 0.914626 -0.388820 -0.110802
vn 0.914626 -0.388820 -0.110802
vn 0.908251 -0.408722 -0.089596
vn 0.908251 -0.408722 -0.089596
vn 0.908251 -0.408722 -0.089596
vn 0.724131 0.325866 0.607821
vn 0.724131 0.325866 0.607821
vn 0.724131 0.325866 0.607821
vn 0.717711 0.302324 0.627289
vn 0.717711 0.302324 0.627289
vn 0.717711 0.302324 0.627289
vn 0.294653 0.772832 0.562059
vn 0.294653 0.772832 0.562059
vn 0.294653 0.772832 0.562059
vn 0.306268 0.751928 0.583785
vn 0.306268 0.751928 0.583785
vn 0.306268 0.751928 0.583785
vn -0.290365 0.761582 0.579380
vn -0.290365 0.761582 0.579380
vn -0.290365 0.761582 0.579380
vn -0.312869 0.768135 0.558643
vn -0.312869 0.768135 0.558643
vn -0.312869 0.768135 0.558643
vn -0.712568 0.320663 0.624037
vn -0.712568 0.320663 0.624037
vn -0.712568 0.320663 0.624037
vn -0.733920 0.309152 0.604802
vn -0.733920 0.309152 0.604802
vn -0.733920 0.309152 0.604802
vn -0.741561 -0.333710 0.582001
vn -0.741561 -0.333710 0.582001
vn -0.741561 -0.333710 0.582001
vn -0.734284 -0.309305 0.604283
vn -0.734284 -0.309305 0.604283
vn -0.734284 -0.309305 0.604283
vn -0.309995 -0.813069 0.492769
vn -0.309995 -0.813069 0.492769
vn -0.309995 -0.813069 0.492769
vn -0.322496 -0.791770 0.518745
vn -0.322496 -0.791770 0.518745
vn -0.322496 -0.791770 0.518745
vn 0.305807 -0.802086 0.512971
vn 0.305807 -0.802086 0.512971
vn 0.305807 -0.802086 0.512971
vn 0.328946 -0.807605 0.489458
vn 0.328946 -0.807605 0.489458
vn 0.328946 -0.807605 0.489458
vn 0.729928 -0.328475 0.599425
vn 0.729928 -0.328475 0.599425
vn 0.729928 -0.328475 0.599425
vn 0.750590 -0.316174 0.580215
vn 0.750590 -0.316174 0.580215
vn 0.750590 -0.316174 0.580215
vn 0.000000 0.000000 -1.000000
vn 0.000000 0.000000 -1.000000
vn 0.000000 0.000000 -1.000000
vn 0.000000 0.000000 -1.000000
vn 0.000000 0.000000 -1.000000
vn 0.000000 0.000000 -1.000000
vn 0.000000 0.000000 -1.000000
vn 0.000000 0.000000 -1.000000
vn 0.000000 0.000000 -1.000000
vn 0.000000 0.000000 -1.000000
vn 0.000000 0.000000 -1.000000
vn 0.000000 0.000000 -1.000000
vn -0.000000 0.000000 -1.000000
vn -0.000000 0.000000 -1.000000
vn -0.000000 0.000000 -1.000000
vn 0.000000 0.000000 -1.000000
vn 0.000000 0.000000 -1.000000
vn 0.000000 0.000000 -1.000000
vn 0.000000 -0.000000 -1.000000
vn 0.000000 -0.000000 -1.000000
vn 0.000000 -0.000000 -1.000000
vn 0.000000 0.000000 -1.000000
vn 0.000000 0.000000 -1.000000
vn 0.000000 0.000000 -1.000000
vn 0.000000 0.000000 1.000000
vn 0.000000 0.000000 1.000000
vn 0.000000 0.000000 1.000000
vn 0.000000 0.000000 1.000000
vn 0.000000 0.000000 1.000000
vn 0.000000 0.000000 1.000000
vn 0.000000 -0.000000 1.000000
vn 0.000000 -0.000000 1.000000
vn 0.000000 -0.000000 1.000000
vn 0.000000 0.000000 1.000000
vn 0.000000 0.000000 1.000000
vn 0.000000 0.000000 1.000000
vn 0.000000 0.000000 1.000000
vn 0.000000 0.000000 1.000000
vn 0.000000 0.000000 1.000000
vn 0.000000 0.000000 1.000000
vn 0.000000 0.000000 1.000000
vn 0.000000 0.000000 1.000000
vn 0.000000 0.000000 1.000000
vn 0.000000 0.000000 1.000000
vn 0.000000 0.000000 1.000000
vn -0.000000 0.000000 1.000000
vn -0.000000 0.000000 1.000000
vn -0.000000 0.000000 1.000000
f 1/1/1 2/2/2 3/3/3
f 4/4/4 5/5/5 6/6/6
f 7/7/7 8/8/8 9/9/9
f 10/10/10 11/11/11 12/12/12
f 13/13/13 14/14/14 15/15/15
f 16/16/16 17/17/17 18/18/18
f 19/19/19 20/20/20 21/21/21
f 22/22/22 23/23/23 24/24/24
f 25/25/25 26/26/26 27/27/27
f 28/28/28 29/29/29 30/30/30
f 31/31/31 32/32/32 33/33/33
f 34/34/34 35/35/35 36/36/36
f 37/37/37 38/38/38 39/39/39
f 40/40/40 41/41/41 42/42/42
f 43/43/43 44/44/44 45/45/45
f 46/46/46 47/47/47 48/48/48
f 49/49/49 50/50/50 51/51/51
f 52/52/52 53/53/53 54/54/54
f 55/55/55 56/56/56 57/57/57
f 58/58/58 59/59/59 60/60/60
f 61/61/61 62/62/62 63/63/63
f 64/64/64 65/65/65 66/66/66
f 67/67/67 68/68/68 69/69/69
f 70/70/70 71/71/71 72/72/72
f 73/73/73 74/74/74 75/75/75
f 76/76/76 77/77/77 78/78/78
f 79/79/79 80/80/80 81/81/81
f 82/82/82 83/83/83 84/84/84
f 85/85/85 86/86/86 87/87/87
f 88/88/88 89/89/89 90/90/90
f 91/91/91 92/92/92 93/93/93
f 94/94/94 95/95/95 96/96/96
f 97/97/97 98/98/98 99/99/99
f 100/100/100 101/101/101 102/102/102
f 103/103/103 104/104/104 105/105/105
f 106/106/106 107/107/107 108/108/108
f 109/109/109 110/110/110 111/111/111
f 112/112/112 113/113/113 114/114/114
f 115/115/115 116/116/116 117/117/117
f 118/118/118 119/119/119 120/120/120
f 121/121/121 122/122/122 123/123/123
f 124/124/124 125/125/125 126/126/126
f 127/127/127 128/128/128 129/129/129
f 130/130/130 131/131/131 132/132/132
f 133/133/133 134/134/134 135/135/135
f 136/136/136 137/137/137 138/138/138
f 139/139/139 140/140/140 141/141/141
f 142/142/142 143/143/143 144/144/144
f 145/145/145 146/146/146 147/147/147
f 148/148/148 149/149/149 150/150/150
f 151/151/151 152/152/152 153/153/153
f 154/154/154 155/155/155 156/156/156
f 157/157/157 158/158/158 159/159/159
f 160/160/160 161/161/161 162/162/162
f 163/163/163 164/164/164 165/165/165
f 166/166/166 167/167/167 168/168/168
f 169/169/169 170/170/170 171/171/171
f 172/172/172 173/173/173 174/174/174
f 175/175/175 176/176/176 177/177/177
f 178/178/178 179/179/179 180/180/180
f 181/181/181 182/182/182 183/183/183
f 184/184/184 185/185/185 186/186/186
f 187/187/187 188/188/188 189/189/189
f 190/190/190 191/191/191 192/192/192
f 193/193/193 194/194/194 195/195/195
f 196/196/196 197/197/197 198/198/198
f 199/199/199 200/200/200 201/201/201
f 202/202/202 203/203/203 204/204/204
f 205/205/205 206/206/206 207/207/207
f 208/208/208 209/209/209 210/210/210
f 211/211/211 212/212/212 213/213/213
f 214/214/214 215/215/215 216/216/216
f 217/217/217 218/218/218 219/219/219
f 220/220/220 221/221/221 222/222/222
f 223/223/223 224/224/224 225/225/225
f 226/226/226 227/227/227 228/228/228
f 229/229/229 230/230/230 231/231/231
f 232/232/232 233/233/233 234/234/234
f 235/235/235 236/236/236 237/237/237
f 238/238/238 239/239/239 240/240/240
f 241/241/241 242/242/242 243/243/243
f 244/244/244 245/245/245 246/246/246
f 247/247/247 248/248/248 249/249/249
f 250/250/250 251/251/251 252/252/252
f 253/253/253 254/254/254 255/255/255
f 256/256/256 257/257/257 258/258/258
f 259/259/259 260/260/260 261/261/261
f 262/262/262 263/263/263 264/264/264
f 265/265/265 266/266/266 267/267/267
f 268/268/268 269/269/269 270/270/270
f 271/271/271 272/272/272 273/273/273
f 274/274/274 275/275/275 276/276/276
f 277/277/277 278/278/278 279/279/279
f 280/280/280 281/281/281 282/282/282
f 283/283/283 284/284/284 285/285/285
f 286/286/286 287/287/287 288/288/288
o Head
usemtl PaintedTeaFantasy
v 2.193728 9.924006 -9.958827
v 1.551200 11.549073 -9.958827
v 2.019022 12.225821 -9.227585
v 2.193728 9.924006 -9.958827
v 2.019022 12.225821 -9.227585
v 2.855328 10.132933 -9.227585
v 1.551200 11.549073 -9.958827
v 0.000000 12.222197 -9.958827
v 0.000000 13.092724 -9.227585
v 1.551200 11.549073 -9.958827
v 0.000000 13.092724 -9.227585
v 2.019022 12.225821 -9.227585
v 0.000000 12.222197 -9.958827
v -1.551200 11.549073 -9.958827
v -2.019022 12.225821 -9.227585
v 0.000000 12.222197 -9.958827
v -2.019022 12.225821 -9.227585
v 0.000000 13.092724 -9.227585
v -1.551200 11.549073 -9.958827
v -2.193728 9.924006 -9.958827
v -2.855328 10.132933 -9.227585
v -1.551200 11.549073 -9.958827
v -2.855328 10.132933 -9.227585
v -2.019022 12.225821 -9.227585
v -2.193728 9.924006 -9.958827
v -1.551200 8.298940 -9.958827
v -2.019022 8.040044 -9.227585
v -2.193728 9.924006 -9.958827
v -2.019022 8.040044 -9.227585
v -2.855328 10.132933 -9.227585
v -1.551200 8.298940 -9.958827
v -0.000000 7.625815 -9.958827
v -0.000000 7.173141 -9.227585
v -1.551200 8.298940 -9.958827
v -0.000000 7.173141 -9.227585
v -2.019022 8.040044 -9.227585
v -0.000000 7.625815 -9.958827
v 1.551200 8.298940 -9.958827
v 2.019022 8.040044 -9.227585
v -0.000000 7.625815 -9.958827
v 2.019022 8.040044 -9.227585
v -0.000000 7.173141 -9.227585
v 1.551200 8.298940 -9.958827
v 2.193728 9.924006 -9.958827
v 2.855328 10.132933 -9.227585
v 1.551200 8.298940 -9.958827
v 2.855328 10.132933 -9.227585
v 2.019022 8.040044 -9.227585
v 2.855328 10.132933 -9.227585
v 2.019022 12.225821 -9.227585
v 2.142133 12.303912 -7.486531
v 2.855328 10.132933 -9.227585
v 2.142133 12.303912 -7.486531
v 3.029433 10.063290 -7.486531
v 2.019022 12.225821 -9.227585
v 0.000000 13.092724 -9.227585
v 0.000000 13.232008 -7.486531
v 2.019022 12.225821 -9.227585
v 0.000000 13.232008 -7.486531
v 2.142133 12.303912 -7.486531
v 0.000000 13.092724 -9.227585
v -2.019022 12.225821 -9.227585
v -2.142133 12.303912 -7.486531
v 0.000000 13.092724 -9.227585
v -2.142133 12.303912 -7.486531
v 0.000000 13.232008 -7.486531
v -2.019022 12.225821 -9.227585
v -2.855328 10.132933 -9.227585
v -3.029433 10.063290 -7.486531
v -2.019022 12.225821 -9.227585
v -3.029433 10.063290 -7.486531
v -2.142133 12.303912 -7.486531
v -2.855328 10.132933 -9.227585
v -2.019022 8.040044 -9.227585
v -2.142133 7.822669 -7.486531
v -2.855328 10.132933 -9.227585
v -2.142133 7.822669 -7.486531
v -3.029433 10.063290 -7.486531
v -2.019022 8.040044 -9.227585
v -0.000000 7.173141 -9.227585
v -0.000000 6.894573 -7.486531
v -2.019022 8.040044 -9.227585
v -0.000000 6.894573 -7.486531
v -2.142133 7.822669 -7.486531
v -0.000000 7.173141 -9.227585
v 2.019022 8.040044 -9.227585
v 2.142133 7.822669 -7.486531
v -0.000000 7.173141 -9.227585
v 2.142133 7.822669 -7.486531
v -0.000000 6.894573 -7.486531
v 2.019022 8.040044 -9.227585
v 2.855328 10.132933 -9.227585
v 3.029433 10.063290 -7.486531
v 2.019022 8.040044 -9.227585
v 3.029433 10.063290 -7.486531
v 2.142133 7.822669 -7.486531
v 3.029433 10.063290 -7.486531
v 2.142133 12.303912 -7.486531
v 1.649689 11.547323 -5.919583
v 3.029433 10.063290 -7.486531
v 1.649689 11.547323 -5.919583
v 2.333012 9.749901 -5.919583
v 2.142133 12.303912 -7.486531
v 0.000000 13.232008 -7.486531
v 0.000000 12.291839 -5.919583
v 2.142133 12.303912 -7.486531
v 0.000000 12.291839 -5.919583
v 1.649689 11.547323 -5.919583
v 0.000000 13.232008 -7.486531
v -2.142133 12.303912 -7.486531
v -1.649689 11.547323 -5.919583
v 0.000000 13.232008 -7.486531
v -1.649689 11.547323 -5.919583
v 0.000000 12.291839 -5.919583
v -2.142133 12.303912 -7.486531
v -3.029433 10.063290 -7.486531
v -2.333012 9.749901 -5.919583
v -2.142133 12.303912 -7.486531
v -2.333012 9.749901 -5.919583
v -1.649689 11.547323 -5.919583
v -3.029433 10.063290 -7.486531
v -2.142133 7.822669 -7.486531
v -1.649689 7.952479 -5.919583
v -3.029433 10.063290 -7.486531
v -1.649689 7.952479 -5.919583
v -2.333012 9.749901 -5.919583
v -2.142133 7.822669 -7.486531
v -0.000000 6.894573 -7.486531
v -0.000000 7.207962 -5.919583
v -2.142133 7.822669 -7.486531
v -0.000000 7.207962 -5.919583
v -1.649689 7.952479 -5.919583
v -0.000000 6.894573 -7.486531
v 2.142133 7.822669 -7.486531
v 1.649689 7.952479 -5.919583
v -0.000000 6.894573 -7.486531
v 1.649689 7.952479 -5.919583
v -0.000000 7.207962 -5.919583
v 2.142133 7.822669 -7.486531
v 3.029433 10.063290 -7.486531
v 2.333012 9.749901 -5.919583
v 2.142133 7.822669 -7.486531
v 2.333012 9.749901 -5.919583
v 1.649689 7.952479 -5.919583
v 0.000000 9.924006 -9.958827
v 1.551200 11.549073 -9.958827
v 2.193728 9.924006 -9.958827
v 0.000000 9.924006 -9.958827
v 0.000000 12.222197 -9.958827
v 1.551200 11.549073 -9.958827
v 0.000000 9.924006 -9.958827
v -1.551200 11.549073 -9.958827
v 0.000000 12.222197 -9.958827
v 0.000000 9.924006 -9.958827
v -2.193728 9.924006 -9.958827
v -1.551200 11.549073 -9.958827
v 0.000000 9.924006 -9.958827
v -1.551200 8.298940 -9.958827
v -2.193728 9.924006 -9.958827
v 0.000000 9.924006 -9.958827
v -0.000000 7.625815 -9.958827
v -1.551200 8.298940 -9.958827
v 0.000000 9.924006 -9.958827
v 1.551200 8.298940 -9.958827
v -0.000000 7.625815 -9.958827
v 0.000000 9.924006 -9.958827
v 2.193728 9.924006 -9.958827
v 1.551200 8.298940 -9.958827
v 0.000000 9.749901 -5.919583
v 2.333012 9.749901 -5.919583
v 1.649689 11.547323 -5.919583
v 0.000000 9.749901 -5.919583
v 1.649689 11.547323 -5.919583
v 0.000000 12.291839 -5.919583
v 0.000000 9.749901 -5.919583
v 0.000000 12.291839 -5.919583
v -1.649689 11.547323 -5.919583
v 0.000000 9.749901 -5.919583
v -1.649689 11.547323 -5.919583
v -2.333012 9.749901 -5.919583
v 0.000000 9.749901 -5.919583
v -2.333012 9.749901 -5.919583
v -1.649689 7.952479 -5.919583
v 0.000000 9.749901 -5.919583
v -1.649689 7.952479 -5.919583
v -0.000000 7.207962 -5.919583
v 0.000000 9.749901 -5.919583
v -0.000000 7.207962 -5.919583
v 1.649689 7.952479 -5.919583
v 0.000000 9.749901 -5.919583
v 1.649689 7.952479 -5.919583
v 2.333012 9.749901 -5.919583
vt 0.003906 0.746094
vt 0.034180 0.746094
vt 0.034180 0.665365
vt 0.003906 0.746094
vt 0.034180 0.665365
vt 0.003906 0.665365
vt 0.034180 0.746094
vt 0.064453 0.746094
vt 0.064453 0.665365
vt 0.034180 0.746094
vt 0.064453 0.665365
vt 0.034180 0.665365
vt 0.064453 0.746094
vt 0.094727 0.746094
vt 0.094727 0.665365
vt 0.064453 0.746094
vt 0.094727 0.665365
vt 0.064453 0.665365
vt 0.094727 0.746094
vt 0.125000 0.746094
vt 0.125000 0.665365
vt 0.094727 0.746094
vt 0.125000 0.665365
vt 0.094727 0.665365
vt 0.125000 0.746094
vt 0.155273 0.746094
vt 0.155273 0.665365
vt 0.125000 0.746094
vt 0.155273 0.665365
vt 0.125000 0.665365
vt 0.155273 0.746094
vt 0.185547 0.746094
vt 0.185547 0.665365
vt 0.155273 0.746094
vt 0.185547 0.665365
vt 0.155273 0.665365
vt 0.185547 0.746094
vt 0.215820 0.746094
vt 0.215820 0.665365
vt 0.185547 0.746094
vt 0.215820 0.665365
vt 0.185547 0.665365
vt 0.215820 0.746094
vt 0.246094 0.746094
vt 0.246094 0.665365
vt 0.215820 0.746094
vt 0.246094 0.665365
vt 0.215820 0.665365
vt 0.003906 0.665365
vt 0.034180 0.665365
vt 0.034180 0.584635
vt 0.003906 0.665365
vt 0.034180 0.584635
vt 0.003906 0.584635
vt 0.034180 0.665365
vt 0.064453 0.665365
vt 0.064453 0.584635
vt 0.034180 0.665365
vt 0.064453 0.584635
vt 0.034180 0.584635
vt 0.064453 0.665365
vt 0.094727 0.665365
vt 0.094727 0.584635
vt 0.064453 0.665365
vt 0.094727 0.584635
vt 0.064453 0.584635
vt 0.094727 0.665365
vt 0.125000 0.665365
vt 0.125000 0.584635
vt 0.094727 0.665365
vt 0.125000 0.584635
vt 0.094727 0.584635
vt 0.125000 0.665365
vt 0.155273 0.665365
vt 0.155273 0.584635
vt 0.125000 0.665365
vt 0.155273 0.584635
vt 0.125000 0.584635
vt 0.155273 0.665365
vt 0.185547 0.665365
vt 0.185547 0.584635
vt 0.155273 0.665365
vt 0.185547 0.584635
vt 0.155273 0.584635
vt 0.185547 0.665365
vt 0.215820 0.665365
vt 0.215820 0.584635
vt 0.185547 0.665365
vt 0.215820 0.584635
vt 0.185547 0.584635
vt 0.215820 0.665365
vt 0.246094 0.665365
vt 0.246094 0.584635
vt 0.215820 0.665365
vt 0.246094 0.584635
vt 0.215820 0.584635
vt 0.003906 0.584635
vt 0.034180 0.584635
vt 0.034180 0.503906
vt 0.003906 0.584635
vt 0.034180 0.503906
vt 0.003906 0.503906
vt 0.034180 0.584635
vt 0.064453 0.584635
vt 0.064453 0.503906
vt 0.034180 0.584635
vt 0.064453 0.503906
vt 0.034180 0.503906
vt 0.064453 0.584635
vt 0.094727 0.584635
vt 0.094727 0.503906
vt 0.064453 0.584635
vt 0.094727 0.503906
vt 0.064453 0.503906
vt 0.094727 0.584635
vt 0.125000 0.584635
vt 0.125000 0.503906
vt 0.094727 0.584635
vt 0.125000 0.503906
vt 0.094727 0.503906
vt 0.125000 0.584635
vt 0.155273 0.584635
vt 0.155273 0.503906
vt 0.125000 0.584635
vt 0.155273 0.503906
vt 0.125000 0.503906
vt 0.155273 0.584635
vt 0.185547 0.584635
vt 0.185547 0.503906
vt 0.155273 0.584635
vt 0.185547 0.503906
vt 0.155273 0.503906
vt 0.185547 0.584635
vt 0.215820 0.584635
vt 0.215820 0.503906
vt 0.185547 0.584635
vt 0.215820 0.503906
vt 0.185547 0.503906
vt 0.215820 0.584635
vt 0.246094 0.584635
vt 0.246094 0.503906
vt 0.215820 0.584635
vt 0.246094 0.503906
vt 0.215820 0.503906
vt 0.125000 0.625000
vt 0.221875 0.528125
vt 0.028125 0.721875
vt 0.125000 0.625000
vt 0.221875 0.528125
vt 0.028125 0.721875
vt 0.125000 0.625000
vt 0.221875 0.528125
vt 0.028125 0.721875
vt 0.125000 0.625000
vt 0.221875 0.528125
vt 0.028125 0.721875
vt 0.125000 0.625000
vt 0.221875 0.528125
vt 0.028125 0.721875
vt 0.125000 0.625000
vt 0.221875 0.528125
vt 0.028125 0.721875
vt 0.125000 0.625000
vt 0.221875 0.528125
vt 0.028125 0.721875
vt 0.125000 0.625000
vt 0.221875 0.528125
vt 0.028125 0.721875
vt 0.125000 0.625000
vt 0.028125 0.721875
vt 0.221875 0.528125
vt 0.125000 0.625000
vt 0.028125 0.721875
vt 0.221875 0.528125
vt 0.125000 0.625000
vt 0.028125 0.721875
vt 0.221875 0.528125
vt 0.125000 0.625000
vt 0.028125 0.721875
vt 0.221875 0.528125
vt 0.125000 0.625000
vt 0.028125 0.721875
vt 0.221875 0.528125
vt 0.125000 0.625000
vt 0.028125 0.721875
vt 0.221875 0.528125
vt 0.125000 0.625000
vt 0.028125 0.721875
vt 0.221875 0.528125
vt 0.125000 0.625000
vt 0.028125 0.721875
vt 0.221875 0.528125
vn 0.679200 0.268546 -0.683060
vn 0.679200 0.268546 -0.683060
vn 0.679200 0.268546 -0.683060
vn 0.674522 0.269535 -0.687292
vn 0.674522 0.269535 -0.687292
vn 0.674522 0.269535 -0.687292
vn 0.268831 0.619515 -0.737517
vn 0.268831 0.619515 -0.737517
vn 0.268831 0.619515 -0.737517
vn 0.265023 0.617241 -0.740795
vn 0.265023 0.617241 -0.740795
vn 0.265023 0.617241 -0.740795
vn -0.267286 0.615955 -0.741052
vn -0.267286 0.615955 -0.741052
vn -0.267286 0.615955 -0.741052
vn -0.266201 0.619984 -0.738076
vn -0.266201 0.619984 -0.738076
vn -0.266201 0.619984 -0.738076
vn -0.675413 0.267049 -0.687388
vn -0.675413 0.267049 -0.687388
vn -0.675413 0.267049 -0.687388
vn -0.677453 0.270706 -0.683942
vn -0.677453 0.270706 -0.683942
vn -0.677453 0.270706 -0.683942
vn -0.752851 -0.297666 -0.587035
vn -0.752851 -0.297666 -0.587035
vn -0.752851 -0.297666 -0.587035
vn -0.748542 -0.299113 -0.591791
vn -0.748542 -0.299113 -0.591791
vn -0.748542 -0.299113 -0.591791
vn -0.346152 -0.797700 -0.493814
vn -0.346152 -0.797700 -0.493814
vn -0.346152 -0.797700 -0.493814
vn -0.341622 -0.795639 -0.500252
vn -0.341622 -0.795639 -0.500252
vn -0.341622 -0.795639 -0.500252
vn 0.344427 -0.793725 -0.501369
vn 0.344427 -0.793725 -0.501369
vn 0.344427 -0.793725 -0.501369
vn 0.342938 -0.798704 -0.494436
vn 0.342938 -0.798704 -0.494436
vn 0.342938 -0.798704 -0.494436
vn 0.748844 -0.296082 -0.592931
vn 0.748844 -0.296082 -0.592931
vn 0.748844 -0.296082 -0.592931
vn 0.751644 -0.300353 -0.587214
vn 0.751644 -0.300353 -0.587214
vn 0.751644 -0.300353 -0.587214
vn 0.925477 0.369815 -0.082028
vn 0.925477 0.369815 -0.082028
vn 0.925477 0.369815 -0.082028
vn 0.926918 0.367066 -0.078009
vn 0.926918 0.367066 -0.078009
vn 0.926918 0.367066 -0.078009
vn 0.393476 0.916407 -0.073313
vn 0.393476 0.916407 -0.073313
vn 0.393476 0.916407 -0.073313
vn 0.396599 0.915388 -0.069101
vn 0.396599 0.915388 -0.069101
vn 0.396599 0.915388 -0.069101
vn -0.393598 0.916693 -0.068948
vn -0.393598 0.916693 -0.068948
vn -0.393598 0.916693 -0.068948
vn -0.396482 0.915119 -0.073209
vn -0.396482 0.915119 -0.073209
vn -0.396482 0.915119 -0.073209
vn -0.925793 0.369942 -0.077782
vn -0.925793 0.369942 -0.077782
vn -0.925793 0.369942 -0.077782
vn -0.926622 0.366948 -0.081981
vn -0.926622 0.366948 -0.081981
vn -0.926622 0.366948 -0.081981
vn -0.922837 -0.368761 -0.111295
vn -0.922837 -0.368761 -0.111295
vn -0.922837 -0.368761 -0.111295
vn -0.924406 -0.366070 -0.107083
vn -0.924406 -0.366070 -0.107083
vn -0.924406 -0.366070 -0.107083
vn -0.390341 -0.909107 -0.145457
vn -0.390341 -0.909107 -0.145457
vn -0.390341 -0.909107 -0.145457
vn -0.393564 -0.908382 -0.141243
vn -0.393564 -0.908382 -0.141243
vn -0.393564 -0.908382 -0.141243
vn 0.390585 -0.909675 -0.141194
vn 0.390585 -0.909675 -0.141194
vn 0.390585 -0.909675 -0.141194
vn 0.393333 -0.907849 -0.145256
vn 0.393333 -0.907849 -0.145256
vn 0.393333 -0.907849 -0.145256
vn 0.923267 -0.368932 -0.107084
vn 0.923267 -0.368932 -0.107084
vn 0.923267 -0.368932 -0.107084
vn 0.924004 -0.365911 -0.111022
vn 0.924004 -0.365911 -0.111022
vn 0.924004 -0.365911 -0.111022
vn 0.841457 0.333222 0.425338
vn 0.841457 0.333222 0.425338
vn 0.841457 0.333222 0.425338
vn 0.840536 0.319546 0.437481
vn 0.840536 0.319546 0.437481
vn 0.840536 0.319546 0.437481
vn 0.348258 0.803813 0.482288
vn 0.348258 0.803813 0.482288
vn 0.348258 0.803813 0.482288
vn 0.357472 0.792081 0.494793
vn 0.357472 0.792081 0.494793
vn 0.357472 0.792081 0.494793
vn -0.345681 0.797864 0.493880
vn -0.345681 0.797864 0.493880
vn -0.345681 0.797864 0.493880
vn -0.360910 0.799699 0.479819
vn -0.360910 0.799699 0.479819
vn -0.360910 0.799699 0.479819
vn -0.835942 0.331038 0.437738
vn -0.835942 0.331038 0.437738
vn -0.835942 0.331038 0.437738
vn -0.847469 0.322181 0.421896
vn -0.847469 0.322181 0.421896
vn -0.847469 0.322181 0.421896
vn -0.884823 -0.350396 0.307101
vn -0.884823 -0.350396 0.307101
vn -0.884823 -0.350396 0.307101
vn -0.883796 -0.335991 0.325600
vn -0.883796 -0.335991 0.325600
vn -0.883796 -0.335991 0.325600
vn -0.391019 -0.902509 0.180502
vn -0.391019 -0.902509 0.180502
vn -0.391019 -0.902509 0.180502
vn -0.402992 -0.892944 0.200622
vn -0.402992 -0.892944 0.200622
vn -0.402992 -0.892944 0.200622
vn 0.389757 -0.899597 0.197014
vn 0.389757 -0.899597 0.197014
vn 0.389757 -0.899597 0.197014
vn 0.404686 -0.896698 0.179340
vn 0.404686 -0.896698 0.179340
vn 0.404686 -0.896698 0.179340
vn 0.880375 -0.348634 0.321551
vn 0.880375 -0.348634 0.321551
vn 0.880375 -0.348634 0.321551
vn 0.889432 -0.338134 0.307533
vn 0.889432 -0.338134 0.307533
vn 0.889432 -0.338134 0.307533
vn 0.000000 0.000000 -1.000000
vn 0.000000 0.000000 -1.000000
vn 0.000000 0.000000 -1.000000
vn 0.000000 0.000000 -1.000000
vn 0.000000 0.000000 -1.000000
vn 0.000000 0.000000 -1.000000
vn 0.000000 0.000000 -1.000000
vn 0.000000 0.000000 -1.000000
vn 0.000000 0.000000 -1.000000
vn 0.000000 0.000000 -1.000000
vn 0.000000 0.000000 -1.000000
vn 0.000000 0.000000 -1.000000
vn -0.000000 0.000000 -1.000000
vn -0.000000 0.000000 -1.000000
vn -0.000000 0.000000 -1.000000
vn 0.000000 0.000000 -1.000000
vn 0.000000 0.000000 -1.000000
vn 0.000000 0.000000 -1.000000
vn 0.000000 -0.000000 -1.000000
vn 0.000000 -0.000000 -1.000000
vn 0.000000 -0.000000 -1.000000
vn 0.000000 0.000000 -1.000000
vn 0.000000 0.000000 -1.000000
vn 0.000000 0.000000 -1.000000
vn 0.000000 0.000000 1.000000
vn 0.000000 0.000000 1.000000
vn 0.000000 0.000000 1.000000
vn 0.000000 0.000000 1.000000
vn 0.000000 0.000000 1.000000
vn 0.000000 0.000000 1.000000
vn 0.000000 -0.000000 1.000000
vn 0.000000 -0.000000 1.000000
vn 0.000000 -0.000000 1.000000
vn 0.000000 0.000000 1.000000
vn 0.000000 0.000000 1.000000
vn 0.000000 0.000000 1.000000
vn 0.000000 0.000000 1.000000
vn 0.000000 0.000000 1.000000
vn 0.000000 0.000000 1.000000
vn 0.000000 0.000000 1.000000
vn 0.000000 0.000000 1.000000
vn 0.000000 0.000000 1.000000
vn 0.000000 0.000000 1.000000
vn 0.000000 0.000000 1.000000
vn 0.000000 0.000000 1.000000
vn -0.000000 0.000000 1.000000
vn -0.000000 0.000000 1.000000
vn -0.000000 0.000000 1.000000
f 289/289/289 290/290/290 291/291/291
f 292/292/292 293/293/293 294/294/294
f 295/295/295 296/296/296 297/297/297
f 298/298/298 299/299/299 300/300/300
f 301/301/301 302/302/302 303/303/303
f 304/304/304 305/305/305 306/306/306
f 307/307/307 308/308/308 309/309/309
f 310/310/310 311/311/311 312/312/312
f 313/313/313 314/314/314 315/315/315
f 316/316/316 317/317/317 318/318/318
f 319/319/319 320/320/320 321/321/321
f 322/322/322 323/323/323 324/324/324
f 325/325/325 326/326/326 327/327/327
f 328/328/328 329/329/329 330/330/330
f 331/331/331 332/332/332 333/333/333
f 334/334/334 335/335/335 336/336/336
f 337/337/337 338/338/338 339/339/339
f 340/340/340 341/341/341 342/342/342
f 343/343/343 344/344/344 345/345/345
f 346/346/346 347/347/347 348/348/348
f 349/349/349 350/350/350 351/351/351
f 352/352/352 353/353/353 354/354/354
f 355/355/355 356/356/356 357/357/357
f 358/358/358 359/359/359 360/360/360
f 361/361/361 362/362/362 363/363/363
f 364/364/364 365/365/365 366/366/366
f 367/367/367 368/368/368 369/369/369
f 370/370/370 371/371/371 372/372/372
f 373/373/373 374/374/374 375/375/375
f 376/376/376 377/377/377 378/378/378
f 379/379/379 380/380/380 381/381/381
f 382/382/382 383/383/383 384/384/384
f 385/385/385 386/386/386 387/387/387
f 388/388/388 389/389/389 390/390/390
f 391/391/391 392/392/392 393/393/393
f 394/394/394 395/395/395 396/396/396
f 397/397/397 398/398/398 399/399/399
f 400/400/400 401/401/401 402/402/402
f 403/403/403 404/404/404 405/405/405
f 406/406/406 407/407/407 408/408/408
f 409/409/409 410/410/410 411/411/411
f 412/412/412 413/413/413 414/414/414
f 415/415/415 416/416/416 417/417/417
f 418/418/418 419/419/419 420/420/420
f 421/421/421 422/422/422 423/423/423
f 424/424/424 425/425/425 426/426/426
f 427/427/427 428/428/428 429/429/429
f 430/430/430 431/431/431 432/432/432
f 433/433/433 434/434/434 435/435/435
f 436/436/436 437/437/437 438/438/438
f 439/439/439 440/440/440 441/441/441
f 442/442/442 443/443/443 444/444/444
f 445/445/445 446/446/446 447/447/447
f 448/448/448 449/449/449 450/450/450
f 451/451/451 452/452/452 453/453/453
f 454/454/454 455/455/455 456/456/456
f 457/457/457 458/458/458 459/459/459
f 460/460/460 461/461/461 462/462/462
f 463/463/463 464/464/464 465/465/465
f 466/466/466 467/467/467 468/468/468
f 469/469/469 470/470/470 471/471/471
f 472/472/472 473/473/473 474/474/474
f 475/475/475 476/476/476 477/477/477
f 478/478/478 479/479/479 480/480/480
o Jaw
usemtl PaintedTeaFantasy
v 1.706233 7.904384 -11.665060
v 1.206489 8.470695 -11.665060
v 1.551200 8.583607 -10.620428
v 1.706233 7.904384 -11.665060
v 1.551200 8.583607 -10.620428
v 2.193728 7.869563 -10.620428
v 1.206489 8.470695 -11.665060
v 0.000000 8.705269 -11.665060
v 0.000000 8.879374 -10.620428
v 1.206489 8.470695 -11.665060
v 0.000000 8.879374 -10.620428
v 1.551200 8.583607 -10.620428
v 0.000000 8.705269 -11.665060
v -1.206489 8.470695 -11.665060
v -1.551200 8.583607 -10.620428
v 0.000000 8.705269 -11.665060
v -1.551200 8.583607 -10.620428
v 0.000000 8.879374 -10.620428
v -1.206489 8.470695 -11.665060
v -1.706233 7.904384 -11.665060
v -2.193728 7.869563 -10.620428
v -1.206489 8.470695 -11.665060
v -2.193728 7.869563 -10.620428
v -1.551200 8.583607 -10.620428
v -1.706233 7.904384 -11.665060
v -1.206489 7.338073 -11.665060
v -1.551200 7.155518 -10.620428
v -1.706233 7.904384 -11.665060
v -1.551200 7.155518 -10.620428
v -2.193728 7.869563 -10.620428
v -1.206489 7.338073 -11.665060
v -0.000000 7.103499 -11.665060
v -0.000000 6.859752 -10.620428
v -1.206489 7.338073 -11.665060
v -0.000000 6.859752 -10.620428
v -1.551200 7.155518 -10.620428
v -0.000000 7.103499 -11.665060
v 1.206489 7.338073 -11.665060
v 1.551200 7.155518 -10.620428
v -0.000000 7.103499 -11.665060
v 1.551200 7.155518 -10.620428
v -0.000000 6.859752 -10.620428
v 1.206489 7.338073 -11.665060
v 1.706233 7.904384 -11.665060
v 2.193728 7.869563 -10.620428
v 1.206489 7.338073 -11.665060
v 2.193728 7.869563 -10.620428
v 1.551200 7.155518 -10.620428
v 2.193728 7.869563 -10.620428
v 1.551200 8.583607 -10.620428
v 1.575822 9.223060 -8.391879
v 2.193728 7.869563 -10.620428
v 1.575822 9.223060 -8.391879
v 2.228549 8.287416 -8.391879
v 1.551200 8.583607 -10.620428
v 0.000000 8.879374 -10.620428
v 0.000000 9.610617 -8.391879
v 1.551200 8.583607 -10.620428
v 0.000000 9.610617 -8.391879
v 1.575822 9.223060 -8.391879
v 0.000000 8.879374 -10.620428
v -1.551200 8.583607 -10.620428
v -1.575822 9.223060 -8.391879
v 0.000000 8.879374 -10.620428
v -1.575822 9.223060 -8.391879
v 0.000000 9.610617 -8.391879
v -1.551200 8.583607 -10.620428
v -2.193728 7.869563 -10.620428
v -2.228549 8.287416 -8.391879
v -1.551200 8.583607 -10.620428
v -2.228549 8.287416 -8.391879
v -1.575822 9.223060 -8.391879
v -2.193728 7.869563 -10.620428
v -1.551200 7.155518 -10.620428
v -1.575822 7.351771 -8.391879
v -2.193728 7.869563 -10.620428
v -1.575822 7.351771 -8.391879
v -2.228549 8.287416 -8.391879
v -1.551200 7.155518 -10.620428
v -0.000000 6.859752 -10.620428
v -0.000000 6.964215 -8.391879
v -1.551200 7.155518 -10.620428
v -0.000000 6.964215 -8.391879
v -1.575822 7.351771 -8.391879
v -0.000000 6.859752 -10.620428
v 1.551200 7.155518 -10.620428
v 1.575822 7.351771 -8.391879
v -0.000000 6.859752 -10.620428
v 1.575822 7.351771 -8.391879
v -0.000000 6.964215 -8.391879
v 1.551200 7.155518 -10.620428
v 2.193728 7.869563 -10.620428
v 2.228549 8.287416 -8.391879
v 1.551200 7.155518 -10.620428
v 2.228549 8.287416 -8.391879
v 1.575822 7.351771 -8.391879
v 0.000000 7.904384 -11.665060
v 1.206489 8.470695 -11.665060
v 1.706233 7.904384 -11.665060
v 0.000000 7.904384 -11.665060
v 0.000000 8.705269 -11.665060
v 1.206489 8.470695 -11.665060
v 0.000000 7.904384 -11.665060
v -1.206489 8.470695 -11.665060
v 0.000000 8.705269 -11.665060
v 0.000000 7.904384 -11.665060
v -1.706233 7.904384 -11.665060
v -1.206489 8.470695 -11.665060
v 0.000000 7.904384 -11.665060
v -1.206489 7.338073 -11.665060
v -1.706233 7.904384 -11.665060
v 0.000000 7.904384 -11.665060
v -0.000000 7.103499 -11.665060
v -1.206489 7.338073 -11.665060
v 0.000000 7.904384 -11.665060
v 1.206489 7.338073 -11.665060
v -0.000000 7.103499 -11.665060
v 0.000000 7.904384 -11.665060
v 1.706233 7.904384 -11.665060
v 1.206489 7.338073 -11.665060
v 0.000000 8.287416 -8.391879
v 2.228549 8.287416 -8.391879
v 1.575822 9.223060 -8.391879
v 0.000000 8.287416 -8.391879
v 1.575822 9.223060 -8.391879
v 0.000000 9.610617 -8.391879
v 0.000000 8.287416 -8.391879
v 0.000000 9.610617 -8.391879
v -1.575822 9.223060 -8.391879
v 0.000000 8.287416 -8.391879
v -1.575822 9.223060 -8.391879
v -2.228549 8.287416 -8.391879
v 0.000000 8.287416 -8.391879
v -2.228549 8.287416 -8.391879
v -1.575822 7.351771 -8.391879
v 0.000000 8.287416 -8.391879
v -1.575822 7.351771 -8.391879
v -0.000000 6.964215 -8.391879
v 0.000000 8.287416 -8.391879
v -0.000000 6.964215 -8.391879
v 1.575822 7.351771 -8.391879
v 0.000000 8.287416 -8.391879
v 1.575822 7.351771 -8.391879
v 2.228549 8.287416 -8.391879
vt 0.003906 0.746094
vt 0.034180 0.746094
vt 0.034180 0.625000
vt 0.003906 0.746094
vt 0.034180 0.625000
vt 0.003906 0.625000
vt 0.034180 0.746094
vt 0.064453 0.746094
vt 0.064453 0.625000
vt 0.034180 0.746094
vt 0.064453 0.625000
vt 0.034180 0.625000
vt 0.064453 0.746094
vt 0.094727 0.746094
vt 0.094727 0.625000
vt 0.064453 0.746094
vt 0.094727 0.625000
vt 0.064453 0.625000
vt 0.094727 0.746094
vt 0.125000 0.746094
vt 0.125000 0.625000
vt 0.094727 0.746094
vt 0.125000 0.625000
vt 0.094727 0.625000
vt 0.125000 0.746094
vt 0.155273 0.746094
vt 0.155273 0.625000
vt 0.125000 0.746094
vt 0.155273 0.625000
vt 0.125000 0.625000
vt 0.155273 0.746094
vt 0.185547 0.746094
vt 0.185547 0.625000
vt 0.155273 0.746094
vt 0.185547 0.625000
vt 0.155273 0.625000
vt 0.185547 0.746094
vt 0.215820 0.746094
vt 0.215820 0.625000
vt 0.185547 0.746094
vt 0.215820 0.625000
vt 0.185547 0.625000
vt 0.215820 0.746094
vt 0.246094 0.746094
vt 0.246094 0.625000
vt 0.215820 0.746094
vt 0.246094 0.625000
vt 0.215820 0.625000
vt 0.003906 0.625000
vt 0.034180 0.625000
vt 0.034180 0.503906
vt 0.003906 0.625000
vt 0.034180 0.503906
vt 0.003906 0.503906
vt 0.034180 0.625000
vt 0.064453 0.625000
vt 0.064453 0.503906
vt 0.034180 0.625000
vt 0.064453 0.503906
vt 0.034180 0.503906
vt 0.064453 0.625000
vt 0.094727 0.625000
vt 0.094727 0.503906
vt 0.064453 0.625000
vt 0.094727 0.503906
vt 0.064453 0.503906
vt 0.094727 0.625000
vt 0.125000 0.625000
vt 0.125000 0.503906
vt 0.094727 0.625000
vt 0.125000 0.503906
vt 0.094727 0.503906
vt 0.125000 0.625000
vt 0.155273 0.625000
vt 0.155273 0.503906
vt 0.125000 0.625000
vt 0.155273 0.503906
vt 0.125000 0.503906
vt 0.155273 0.625000
vt 0.185547 0.625000
vt 0.185547 0.503906
vt 0.155273 0.625000
vt 0.185547 0.503906
vt 0.155273 0.503906
vt 0.185547 0.625000
vt 0.215820 0.625000
vt 0.215820 0.503906
vt 0.185547 0.625000
vt 0.215820 0.503906
vt 0.185547 0.503906
vt 0.215820 0.625000
vt 0.246094 0.625000
vt 0.246094 0.503906
vt 0.215820 0.625000
vt 0.246094 0.503906
vt 0.215820 0.503906
vt 0.125000 0.625000
vt 0.221875 0.528125
vt 0.028125 0.721875
vt 0.125000 0.625000
vt 0.221875 0.528125
vt 0.028125 0.721875
vt 0.125000 0.625000
vt 0.221875 0.528125
vt 0.028125 0.721875
vt 0.125000 0.625000
vt 0.221875 0.528125
vt 0.028125 0.721875
vt 0.125000 0.625000
vt 0.221875 0.528125
vt 0.028125 0.721875
vt 0.125000 0.625000
vt 0.221875 0.528125
vt 0.028125 0.721875
vt 0.125000 0.625000
vt 0.221875 0.528125
vt 0.028125 0.721875
vt 0.125000 0.625000
vt 0.221875 0.528125
vt 0.028125 0.721875
vt 0.125000 0.625000
vt 0.028125 0.721875
vt 0.221875 0.528125
vt 0.125000 0.625000
vt 0.028125 0.721875
vt 0.221875 0.528125
vt 0.125000 0.625000
vt 0.028125 0.721875
vt 0.221875 0.528125
vt 0.125000 0.625000
vt 0.028125 0.721875
vt 0.221875 0.528125
vt 0.125000 0.625000
vt 0.028125 0.721875
vt 0.221875 0.528125
vt 0.125000 0.625000
vt 0.028125 0.721875
vt 0.221875 0.528125
vt 0.125000 0.625000
vt 0.028125 0.721875
vt 0.221875 0.528125
vt 0.125000 0.625000
vt 0.028125 0.721875
vt 0.221875 0.528125
vn 0.714347 0.630379 -0.303859
vn 0.714347 0.630379 -0.303859
vn 0.714347 0.630379 -0.303859
vn 0.707036 0.636222 -0.308743
vn 0.707036 0.636222 -0.308743
vn 0.707036 0.636222 -0.308743
vn 0.188349 0.968740 -0.161457
vn 0.188349 0.968740 -0.161457
vn 0.188349 0.968740 -0.161457
vn 0.184708 0.968731 -0.165659
vn 0.184708 0.968731 -0.165659
vn 0.184708 0.968731 -0.165659
vn -0.188182 0.967881 -0.166713
vn -0.188182 0.967881 -0.166713
vn -0.188182 0.967881 -0.166713
vn -0.184835 0.969398 -0.161566
vn -0.184835 0.969398 -0.161566
vn -0.184835 0.969398 -0.161566
vn -0.712486 0.628737 -0.311535
vn -0.712486 0.628737 -0.311535
vn -0.712486 0.628737 -0.311535
vn -0.708480 0.637521 -0.302695
vn -0.708480 0.637521 -0.302695
vn -0.708480 0.637521 -0.302695
vn -0.704790 -0.621945 -0.341257
vn -0.704790 -0.621945 -0.341257
vn -0.704790 -0.621945 -0.341257
vn -0.697344 -0.627500 -0.346344
vn -0.697344 -0.627500 -0.346344
vn -0.697344 -0.627500 -0.346344
vn -0.186035 -0.956841 -0.223263
vn -0.186035 -0.956841 -0.223263
vn -0.186035 -0.956841 -0.223263
vn -0.182391 -0.956580 -0.227353
vn -0.182391 -0.956580 -0.227353
vn -0.182391 -0.956580 -0.227353
vn 0.185812 -0.955689 -0.228326
vn 0.185812 -0.955689 -0.228326
vn 0.185812 -0.955689 -0.228326
vn 0.182562 -0.957475 -0.223411
vn 0.182562 -0.957475 -0.223411
vn 0.182562 -0.957475 -0.223411
vn 0.702759 -0.620153 -0.348626
vn 0.702759 -0.620153 -0.348626
vn 0.702759 -0.620153 -0.348626
vn 0.698922 -0.628920 -0.340539
vn 0.698922 -0.628920 -0.340539
vn 0.698922 -0.628920 -0.340539
vn 0.728896 0.655892 -0.196253
vn 0.728896 0.655892 -0.196253
vn 0.728896 0.655892 -0.196253
vn 0.814296 0.568071 -0.119237
vn 0.814296 0.568071 -0.119237
vn 0.814296 0.568071 -0.119237
vn 0.178264 0.934938 -0.306777
vn 0.178264 0.934938 -0.306777
vn 0.178264 0.934938 -0.306777
vn 0.229901 0.934789 -0.270766
vn 0.229901 0.934789 -0.270766
vn 0.229901 0.934789 -0.270766
vn -0.180174 0.944953 -0.273133
vn -0.180174 0.944953 -0.273133
vn -0.180174 0.944953 -0.273133
vn -0.227551 0.925231 -0.303592
vn -0.227551 0.925231 -0.303592
vn -0.227551 0.925231 -0.303592
vn -0.736469 0.662707 -0.135765
vn -0.736469 0.662707 -0.135765
vn -0.736469 0.662707 -0.135765
vn -0.808111 0.563757 -0.170691
vn -0.808111 0.563757 -0.170691
vn -0.808111 0.563757 -0.170691
vn -0.742399 -0.668043 0.050627
vn -0.742399 -0.668043 0.050627
vn -0.742399 -0.668043 0.050627
vn -0.816512 -0.569617 0.094045
vn -0.816512 -0.569617 0.094045
vn -0.816512 -0.569617 0.094045
vn -0.187097 -0.981264 0.045997
vn -0.187097 -0.981264 0.045997
vn -0.187097 -0.981264 0.045997
vn -0.238007 -0.967745 0.082593
vn -0.238007 -0.967745 0.082593
vn -0.238007 -0.967745 0.082593
vn 0.186631 -0.978821 0.084136
vn 0.186631 -0.978821 0.084136
vn 0.186631 -0.978821 0.084136
vn 0.238576 -0.970059 0.045472
vn 0.238576 -0.970059 0.045472
vn 0.238576 -0.970059 0.045472
vn 0.738585 -0.664610 0.113074
vn 0.738585 -0.664610 0.113074
vn 0.738585 -0.664610 0.113074
vn 0.819447 -0.571665 0.041289
vn 0.819447 -0.571665 0.041289
vn 0.819447 -0.571665 0.041289
vn 0.000000 0.000000 -1.000000
vn 0.000000 0.000000 -1.000000
vn 0.000000 0.000000 -1.000000
vn 0.000000 0.000000 -1.000000
vn 0.000000 0.000000 -1.000000
vn 0.000000 0.000000 -1.000000
vn 0.000000 0.000000 -1.000000
vn 0.000000 0.000000 -1.000000
vn 0.000000 0.000000 -1.000000
vn 0.000000 0.000000 -1.000000
vn 0.000000 0.000000 -1.000000
vn 0.000000 0.000000 -1.000000
vn -0.000000 0.000000 -1.000000
vn -0.000000 0.000000 -1.000000
vn -0.000000 0.000000 -1.000000
vn 0.000000 0.000000 -1.000000
vn 0.000000 0.000000 -1.000000
vn 0.000000 0.000000 -1.000000
vn 0.000000 -0.000000 -1.000000
vn 0.000000 -0.000000 -1.000000
vn 0.000000 -0.000000 -1.000000
vn 0.000000 0.000000 -1.000000
vn 0.000000 0.000000 -1.000000
vn 0.000000 0.000000 -1.000000
vn 0.000000 0.000000 1.000000
vn 0.000000 0.000000 1.000000
vn 0.000000 0.000000 1.000000
vn 0.000000 0.000000 1.000000
vn 0.000000 0.000000 1.000000
vn 0.000000 0.000000 1.000000
vn 0.000000 -0.000000 1.000000
vn 0.000000 -0.000000 1.000000
vn 0.000000 -0.000000 1.000000
vn 0.000000 0.000000 1.000000
vn 0.000000 0.000000 1.000000
vn 0.000000 0.000000 1.000000
vn 0.000000 0.000000 1.000000
vn 0.000000 0.000000 1.000000
vn 0.000000 0.000000 1.000000
vn 0.000000 0.000000 1.000000
vn 0.000000 0.000000 1.000000
vn 0.000000 0.000000 1.000000
vn 0.000000 0.000000 1.000000
vn 0.000000 0.000000 1.000000
vn 0.000000 0.000000 1.000000
vn -0.000000 0.000000 1.000000
vn -0.000000 0.000000 1.000000
vn -0.000000 0.000000 1.000000
f 481/481/481 482/482/482 483/483/483
f 484/484/484 485/485/485 486/486/486
f 487/487/487 488/488/488 489/489/489
f 490/490/490 491/491/491 492/492/492
f 493/493/493 494/494/494 495/495/495
f 496/496/496 497/497/497 498/498/498
f 499/499/499 500/500/500 501/501/501
f 502/502/502 503/503/503 504/504/504
f 505/505/505 506/506/506 507/507/507
f 508/508/508 509/509/509 510/510/510
f 511/511/511 512/512/512 513/513/513
f 514/514/514 515/515/515 516/516/516
f 517/517/517 518/518/518 519/519/519
f 520/520/520 521/521/521 522/522/522
f 523/523/523 524/524/524 525/525/525
f 526/526/526 527/527/527 528/528/528
f 529/529/529 530/530/530 531/531/531
f 532/532/532 533/533/533 534/534/534
f 535/535/535 536/536/536 537/537/537
f 538/538/538 539/539/539 540/540/540
f 541/541/541 542/542/542 543/543/543
f 544/544/544 545/545/545 546/546/546
f 547/547/547 548/548/548 549/549/549
f 550/550/550 551/551/551 552/552/552
f 553/553/553 554/554/554 555/555/555
f 556/556/556 557/557/557 558/558/558
f 559/559/559 560/560/560 561/561/561
f 562/562/562 563/563/563 564/564/564
f 565/565/565 566/566/566 567/567/567
f 568/568/568 569/569/569 570/570/570
f 571/571/571 572/572/572 573/573/573
f 574/574/574 575/575/575 576/576/576
f 577/577/577 578/578/578 579/579/579
f 580/580/580 581/581/581 582/582/582
f 583/583/583 584/584/584 585/585/585
f 586/586/586 587/587/587 588/588/588
f 589/589/589 590/590/590 591/591/591
f 592/592/592 593/593/593 594/594/594
f 595/595/595 596/596/596 597/597/597
f 598/598/598 599/599/599 600/600/600
f 601/601/601 602/602/602 603/603/603
f 604/604/604 605/605/605 606/606/606
f 607/607/607 608/608/608 609/609/609
f 610/610/610 611/611/611 612/612/612
f 613/613/613 614/614/614 615/615/615
f 616/616/616 617/617/617 618/618/618
f 619/619/619 620/620/620 621/621/621
f 622/622/622 623/623/623 624/624/624
o LeftMuzzle
usemtl PaintedTeaFantasy
v -0.034821 8.600805 -12.187376
v -0.320389 9.117872 -12.187376
v -0.129386 9.419313 -11.630239
v -0.034821 8.600805 -12.187376
v -0.129386 9.419313 -11.630239
v 0.278569 8.705269 -11.630239
v -0.320389 9.117872 -12.187376
v -1.009811 9.332048 -12.187376
v -1.114274 9.715080 -11.630239
v -0.320389 9.117872 -12.187376
v -1.114274 9.715080 -11.630239
v -0.129386 9.419313 -11.630239
v -1.009811 9.332048 -12.187376
v -1.699233 9.117872 -12.187376
v -2.099163 9.419313 -11.630239
v -1.009811 9.332048 -12.187376
v -2.099163 9.419313 -11.630239
v -1.114274 9.715080 -11.630239
v -1.699233 9.117872 -12.187376
v -1.984801 8.600805 -12.187376
v -2.507117 8.705269 -11.630239
v -1.699233 9.117872 -12.187376
v -2.507117 8.705269 -11.630239
v -2.099163 9.419313 -11.630239
v -1.984801 8.600805 -12.187376
v -1.699233 8.083739 -12.187376
v -2.099163 7.991224 -11.630239
v -1.984801 8.600805 -12.187376
v -2.099163 7.991224 -11.630239
v -2.507117 8.705269 -11.630239
v -1.699233 8.083739 -12.187376
v -1.009811 7.869563 -12.187376
v -1.114274 7.695457 -11.630239
v -1.699233 8.083739 -12.187376
v -1.114274 7.695457 -11.630239
v -2.099163 7.991224 -11.630239
v -1.009811 7.869563 -12.187376
v -0.320389 8.083739 -12.187376
v -0.129386 7.991224 -11.630239
v -1.009811 7.869563 -12.187376
v -0.129386 7.991224 -11.630239
v -1.114274 7.695457 -11.630239
v -0.320389 8.083739 -12.187376
v -0.034821 8.600805 -12.187376
v 0.278569 8.705269 -11.630239
v -0.320389 8.083739 -12.187376
v 0.278569 8.705269 -11.630239
v -0.129386 7.991224 -11.630239
v 0.278569 8.705269 -11.630239
v -0.129386 9.419313 -11.630239
v -0.104763 9.573021 -9.854364
v 0.278569 8.705269 -11.630239
v -0.104763 9.573021 -9.854364
v 0.313390 8.809732 -9.854364
v -0.129386 9.419313 -11.630239
v -1.114274 9.715080 -11.630239
v -1.114274 9.889185 -9.854364
v -0.129386 9.419313 -11.630239
v -1.114274 9.889185 -9.854364
v -0.104763 9.573021 -9.854364
v -1.114274 9.715080 -11.630239
v -2.099163 9.419313 -11.630239
v -2.123785 9.573021 -9.854364
v -1.114274 9.715080 -11.630239
v -2.123785 9.573021 -9.854364
v -1.114274 9.889185 -9.854364
v -2.099163 9.419313 -11.630239
v -2.507117 8.705269 -11.630239
v -2.541938 8.809732 -9.854364
v -2.099163 9.419313 -11.630239
v -2.541938 8.809732 -9.854364
v -2.123785 9.573021 -9.854364
v -2.507117 8.705269 -11.630239
v -2.099163 7.991224 -11.630239
v -2.123785 8.046443 -9.854364
v -2.507117 8.705269 -11.630239
v -2.123785 8.046443 -9.854364
v -2.541938 8.809732 -9.854364
v -2.099163 7.991224 -11.630239
v -1.114274 7.695457 -11.630239
v -1.114274 7.730278 -9.854364
v -2.099163 7.991224 -11.630239
v -1.114274 7.730278 -9.854364
v -2.123785 8.046443 -9.854364
v -1.114274 7.695457 -11.630239
v -0.129386 7.991224 -11.630239
v -0.104763 8.046443 -9.854364
v -1.114274 7.695457 -11.630239
v -0.104763 8.046443 -9.854364
v -1.114274 7.730278 -9.854364
v -0.129386 7.991224 -11.630239
v 0.278569 8.705269 -11.630239
v 0.313390 8.809732 -9.854364
v -0.129386 7.991224 -11.630239
v 0.313390 8.809732 -9.854364
v -0.104763 8.046443 -9.854364
v -1.009811 8.600805 -12.187376
v -0.320389 9.117872 -12.187376
v -0.034821 8.600805 -12.187376
v -1.009811 8.600805 -12.187376
v -1.009811 9.332048 -12.187376
v -0.320389 9.117872 -12.187376
v -1.009811 8.600805 -12.187376
v -1.699233 9.117872 -12.187376
v -1.009811 9.332048 -12.187376
v -1.009811 8.600805 -12.187376
v -1.984801 8.600805 -12.187376
v -1.699233 9.117872 -12.187376
v -1.009811 8.600805 -12.187376
v -1.699233 8.083739 -12.187376
v -1.984801 8.600805 -12.187376
v -1.009811 8.600805 -12.187376
v -1.009811 7.869563 -12.187376
v -1.699233 8.083739 -12.187376
v -1.009811 8.600805 -12.187376
v -0.320389 8.083739 -12.187376
v -1.009811 7.869563 -12.187376
v -1.009811 8.600805 -12.187376
v -0.034821 8.600805 -12.187376
v -0.320389 8.083739 -12.187376
v -1.114274 8.809732 -9.854364
v 0.313390 8.809732 -9.854364
v -0.104763 9.573021 -9.854364
v -1.114274 8.809732 -9.854364
v -0.104763 9.573021 -9.854364
v -1.114274 9.889185 -9.854364
v -1.114274 8.809732 -9.854364
v -1.114274 9.889185 -9.854364
v -2.123785 9.573021 -9.854364
v -1.114274 8.809732 -9.854364
v -2.123785 9.573021 -9.854364
v -2.541938 8.809732 -9.854364
v -1.114274 8.809732 -9.854364
v -2.541938 8.809732 -9.854364
v -2.123785 8.046443 -9.854364
v -1.114274 8.809732 -9.854364
v -2.123785 8.046443 -9.854364
v -1.114274 7.730278 -9.854364
v -1.114274 8.809732 -9.854364
v -1.114274 7.730278 -9.854364
v -0.104763 8.046443 -9.854364
v -1.114274 8.809732 -9.854364
v -0.104763 8.046443 -9.854364
v 0.313390 8.809732 -9.854364
vt 0.003906 0.746094
vt 0.034180 0.746094
vt 0.034180 0.625000
vt 0.003906 0.746094
vt 0.034180 0.625000
vt 0.003906 0.625000
vt 0.034180 0.746094
vt 0.064453 0.746094
vt 0.064453 0.625000
vt 0.034180 0.746094
vt 0.064453 0.625000
vt 0.034180 0.625000
vt 0.064453 0.746094
vt 0.094727 0.746094
vt 0.094727 0.625000
vt 0.064453 0.746094
vt 0.094727 0.625000
vt 0.064453 0.625000
vt 0.094727 0.746094
vt 0.125000 0.746094
vt 0.125000 0.625000
vt 0.094727 0.746094
vt 0.125000 0.625000
vt 0.094727 0.625000
vt 0.125000 0.746094
vt 0.155273 0.746094
vt 0.155273 0.625000
vt 0.125000 0.746094
vt 0.155273 0.625000
vt 0.125000 0.625000
vt 0.155273 0.746094
vt 0.185547 0.746094
vt 0.185547 0.625000
vt 0.155273 0.746094
vt 0.185547 0.625000
vt 0.155273 0.625000
vt 0.185547 0.746094
vt 0.215820 0.746094
vt 0.215820 0.625000
vt 0.185547 0.746094
vt 0.215820 0.625000
vt 0.185547 0.625000
vt 0.215820 0.746094
vt 0.246094 0.746094
vt 0.246094 0.625000
vt 0.215820 0.746094
vt 0.246094 0.625000
vt 0.215820 0.625000
vt 0.003906 0.625000
vt 0.034180 0.625000
vt 0.034180 0.503906
vt 0.003906 0.625000
vt 0.034180 0.503906
vt 0.003906 0.503906
vt 0.034180 0.625000
vt 0.064453 0.625000
vt 0.064453 0.503906
vt 0.034180 0.625000
vt 0.064453 0.503906
vt 0.034180 0.503906
vt 0.064453 0.625000
vt 0.094727 0.625000
vt 0.094727 0.503906
vt 0.064453 0.625000
vt 0.094727 0.503906
vt 0.064453 0.503906
vt 0.094727 0.625000
vt 0.125000 0.625000
vt 0.125000 0.503906
vt 0.094727 0.625000
vt 0.125000 0.503906
vt 0.094727 0.503906
vt 0.125000 0.625000
vt 0.155273 0.625000
vt 0.155273 0.503906
vt 0.125000 0.625000
vt 0.155273 0.503906
vt 0.125000 0.503906
vt 0.155273 0.625000
vt 0.185547 0.625000
vt 0.185547 0.503906
vt 0.155273 0.625000
vt 0.185547 0.503906
vt 0.155273 0.503906
vt 0.185547 0.625000
vt 0.215820 0.625000
vt 0.215820 0.503906
vt 0.185547 0.625000
vt 0.215820 0.503906
vt 0.185547 0.503906
vt 0.215820 0.625000
vt 0.246094 0.625000
vt 0.246094 0.503906
vt 0.215820 0.625000
vt 0.246094 0.503906
vt 0.215820 0.503906
vt 0.125000 0.625000
vt 0.221875 0.528125
vt 0.028125 0.721875
vt 0.125000 0.625000
vt 0.221875 0.528125
vt 0.028125 0.721875
vt 0.125000 0.625000
vt 0.221875 0.528125
vt 0.028125 0.721875
vt 0.125000 0.625000
vt 0.221875 0.528125
vt 0.028125 0.721875
vt 0.125000 0.625000
vt 0.221875 0.528125
vt 0.028125 0.721875
vt 0.125000 0.625000
vt 0.221875 0.528125
vt 0.028125 0.721875
vt 0.125000 0.625000
vt 0.221875 0.528125
vt 0.028125 0.721875
vt 0.125000 0.625000
vt 0.221875 0.528125
vt 0.028125 0.721875
vt 0.125000 0.625000
vt 0.028125 0.721875
vt 0.221875 0.528125
vt 0.125000 0.625000
vt 0.028125 0.721875
vt 0.221875 0.528125
vt 0.125000 0.625000
vt 0.028125 0.721875
vt 0.221875 0.528125
vt 0.125000 0.625000
vt 0.028125 0.721875
vt 0.221875 0.528125
vt 0.125000 0.625000
vt 0.028125 0.721875
vt 0.221875 0.528125
vt 0.125000 0.625000
vt 0.028125 0.721875
vt 0.221875 0.528125
vt 0.125000 0.625000
vt 0.028125 0.721875
vt 0.221875 0.528125
vt 0.125000 0.625000
vt 0.028125 0.721875
vt 0.221875 0.528125
vn 0.763219 0.421514 -0.489716
vn 0.763219 0.421514 -0.489716
vn 0.763219 0.421514 -0.489716
vn 0.750626 0.428854 -0.502637
vn 0.750626 0.428854 -0.502637
vn 0.750626 0.428854 -0.502637
vn 0.254292 0.818555 -0.515076
vn 0.254292 0.818555 -0.515076
vn 0.254292 0.818555 -0.515076
vn 0.244796 0.815159 -0.524968
vn 0.244796 0.815159 -0.524968
vn 0.244796 0.815159 -0.524968
vn -0.239659 0.771450 -0.589430
vn -0.239659 0.771450 -0.589430
vn -0.239659 0.771450 -0.589430
vn -0.234254 0.780053 -0.580209
vn -0.234254 0.780053 -0.580209
vn -0.234254 0.780053 -0.580209
vn -0.647007 0.357332 -0.673569
vn -0.647007 0.357332 -0.673569
vn -0.647007 0.357332 -0.673569
vn -0.648062 0.370257 -0.665527
vn -0.648062 0.370257 -0.665527
vn -0.648062 0.370257 -0.665527
vn -0.714218 -0.394452 -0.578187
vn -0.714218 -0.394452 -0.578187
vn -0.714218 -0.394452 -0.578187
vn -0.704306 -0.402390 -0.584838
vn -0.704306 -0.402390 -0.584838
vn -0.704306 -0.402390 -0.584838
vn -0.279663 -0.900220 -0.333755
vn -0.279663 -0.900220 -0.333755
vn -0.279663 -0.900220 -0.333755
vn -0.270138 -0.899545 -0.343285
vn -0.270138 -0.899545 -0.343285
vn -0.270138 -0.899545 -0.343285
vn 0.287108 -0.924186 -0.251893
vn 0.287108 -0.924186 -0.251893
vn 0.287108 -0.924186 -0.251893
vn 0.279330 -0.930155 -0.238299
vn 0.279330 -0.930155 -0.238299
vn 0.279330 -0.930155 -0.238299
vn 0.812270 -0.448604 -0.372789
vn 0.812270 -0.448604 -0.372789
vn 0.812270 -0.448604 -0.372789
vn 0.811641 -0.463714 -0.355256
vn 0.811641 -0.463714 -0.355256
vn 0.811641 -0.463714 -0.355256
vn 0.866971 0.495326 -0.054892
vn 0.866971 0.495326 -0.054892
vn 0.866971 0.495326 -0.054892
vn 0.876113 0.479962 -0.045412
vn 0.876113 0.479962 -0.045412
vn 0.876113 0.479962 -0.045412
vn 0.286356 0.953552 -0.093485
vn 0.286356 0.953552 -0.093485
vn 0.286356 0.953552 -0.093485
vn 0.297753 0.950724 -0.086416
vn 0.297753 0.950724 -0.086416
vn 0.297753 0.950724 -0.086416
vn -0.286536 0.954151 -0.086558
vn -0.286536 0.954151 -0.086558
vn -0.286536 0.954151 -0.086558
vn -0.297572 0.950144 -0.093151
vn -0.297572 0.950144 -0.093151
vn -0.297572 0.950144 -0.093151
vn -0.867355 0.495545 -0.046157
vn -0.867355 0.495545 -0.046157
vn -0.867355 0.495545 -0.046157
vn -0.875754 0.479765 -0.053667
vn -0.875754 0.479765 -0.053667
vn -0.875754 0.479765 -0.053667
vn -0.868275 -0.496071 0.003386
vn -0.868275 -0.496071 0.003386
vn -0.868275 -0.496071 0.003386
vn -0.876964 -0.480428 0.011065
vn -0.876964 -0.480428 0.011065
vn -0.876964 -0.480428 0.011065
vn -0.287565 -0.957577 0.018776
vn -0.287565 -0.957577 0.018776
vn -0.287565 -0.957577 0.018776
vn -0.298774 -0.953983 0.025521
vn -0.298774 -0.953983 0.025521
vn -0.298774 -0.953983 0.025521
vn 0.287520 -0.957427 0.025784
vn 0.287520 -0.957427 0.025784
vn 0.287520 -0.957427 0.025784
vn 0.298819 -0.954126 0.018708
vn 0.298819 -0.954126 0.018708
vn 0.298819 -0.954126 0.018708
vn 0.868216 -0.496037 0.012155
vn 0.868216 -0.496037 0.012155
vn 0.868216 -0.496037 0.012155
vn 0.877015 -0.480456 0.002780
vn 0.877015 -0.480456 0.002780
vn 0.877015 -0.480456 0.002780
vn 0.000000 0.000000 -1.000000
vn 0.000000 0.000000 -1.000000
vn 0.000000 0.000000 -1.000000
vn 0.000000 0.000000 -1.000000
vn 0.000000 0.000000 -1.000000
vn 0.000000 0.000000 -1.000000
vn 0.000000 0.000000 -1.000000
vn 0.000000 0.000000 -1.000000
vn 0.000000 0.000000 -1.000000
vn 0.000000 0.000000 -1.000000
vn 0.000000 0.000000 -1.000000
vn 0.000000 0.000000 -1.000000
vn -0.000000 0.000000 -1.000000
vn -0.000000 0.000000 -1.000000
vn -0.000000 0.000000 -1.000000
vn 0.000000 0.000000 -1.000000
vn 0.000000 0.000000 -1.000000
vn 0.000000 0.000000 -1.000000
vn 0.000000 -0.000000 -1.000000
vn 0.000000 -0.000000 -1.000000
vn 0.000000 -0.000000 -1.000000
vn 0.000000 0.000000 -1.000000
vn 0.000000 0.000000 -1.000000
vn 0.000000 0.000000 -1.000000
vn 0.000000 0.000000 1.000000
vn 0.000000 0.000000 1.000000
vn 0.000000 0.000000 1.000000
vn 0.000000 0.000000 1.000000
vn 0.000000 0.000000 1.000000
vn 0.000000 0.000000 1.000000
vn 0.000000 -0.000000 1.000000
vn 0.000000 -0.000000 1.000000
vn 0.000000 -0.000000 1.000000
vn 0.000000 0.000000 1.000000
vn 0.000000 0.000000 1.000000
vn 0.000000 0.000000 1.000000
vn 0.000000 0.000000 1.000000
vn 0.000000 0.000000 1.000000
vn 0.000000 0.000000 1.000000
vn 0.000000 0.000000 1.000000
vn 0.000000 0.000000 1.000000
vn 0.000000 0.000000 1.000000
vn 0.000000 0.000000 1.000000
vn 0.000000 0.000000 1.000000
vn 0.000000 0.000000 1.000000
vn -0.000000 0.000000 1.000000
vn -0.000000 0.000000 1.000000
vn -0.000000 0.000000 1.000000
f 625/625/625 626/626/626 627/627/627
f 628/628/628 629/629/629 630/630/630
f 631/631/631 632/632/632 633/633/633
f 634/634/634 635/635/635 636/636/636
f 637/637/637 638/638/638 639/639/639
f 640/640/640 641/641/641 642/642/642
f 643/643/643 644/644/644 645/645/645
f 646/646/646 647/647/647 648/648/648
f 649/649/649 650/650/650 651/651/651
f 652/652/652 653/653/653 654/654/654
f 655/655/655 656/656/656 657/657/657
f 658/658/658 659/659/659 660/660/660
f 661/661/661 662/662/662 663/663/663
f 664/664/664 665/665/665 666/666/666
f 667/667/667 668/668/668 669/669/669
f 670/670/670 671/671/671 672/672/672
f 673/673/673 674/674/674 675/675/675
f 676/676/676 677/677/677 678/678/678
f 679/679/679 680/680/680 681/681/681
f 682/682/682 683/683/683 684/684/684
f 685/685/685 686/686/686 687/687/687
f 688/688/688 689/689/689 690/690/690
f 691/691/691 692/692/692 693/693/693
f 694/694/694 695/695/695 696/696/696
f 697/697/697 698/698/698 699/699/699
f 700/700/700 701/701/701 702/702/702
f 703/703/703 704/704/704 705/705/705
f 706/706/706 707/707/707 708/708/708
f 709/709/709 710/710/710 711/711/711
f 712/712/712 713/713/713 714/714/714
f 715/715/715 716/716/716 717/717/717
f 718/718/718 719/719/719 720/720/720
f 721/721/721 722/722/722 723/723/723
f 724/724/724 725/725/725 726/726/726
f 727/727/727 728/728/728 729/729/729
f 730/730/730 731/731/731 732/732/732
f 733/733/733 734/734/734 735/735/735
f 736/736/736 737/737/737 738/738/738
f 739/739/739 740/740/740 741/741/741
f 742/742/742 743/743/743 744/744/744
f 745/745/745 746/746/746 747/747/747
f 748/748/748 749/749/749 750/750/750
f 751/751/751 752/752/752 753/753/753
f 754/754/754 755/755/755 756/756/756
f 757/757/757 758/758/758 759/759/759
f 760/760/760 761/761/761 762/762/762
f 763/763/763 764/764/764 765/765/765
f 766/766/766 767/767/767 768/768/768
o LeftEye
usemtl PaintedTeaFantasy
v -2.122693 10.550786 -10.298681
v -2.855328 10.367975 -9.819543
v -2.587206 10.785828 -9.965791
v -2.122693 10.550786 -10.298681
v -2.587206 10.785828 -9.965791
v -1.667929 10.916407 -10.467215
v -2.122693 10.550786 -10.298681
v -1.667929 10.916407 -10.467215
v -1.323201 10.655249 -10.655249
v -2.122693 10.550786 -10.298681
v -1.323201 10.655249 -10.655249
v -1.667929 10.289627 -10.467215
v -2.122693 10.550786 -10.298681
v -1.667929 10.289627 -10.467215
v -2.472296 10.211280 -10.028469
v -2.122693 10.550786 -10.298681
v -2.472296 10.211280 -10.028469
v -2.855328 10.367975 -9.819543
vt 0.875000 0.875000
vt 0.753906 0.832617
vt 0.796289 0.929492
vt 0.875000 0.875000
vt 0.796289 0.929492
vt 0.941602 0.959766
vt 0.875000 0.875000
vt 0.941602 0.959766
vt 0.996094 0.899219
vt 0.875000 0.875000
vt 0.996094 0.899219
vt 0.941602 0.814453
vt 0.875000 0.875000
vt 0.941602 0.814453
vt 0.814453 0.796289
vt 0.875000 0.875000
vt 0.814453 0.796289
vt 0.753906 0.832617
vn -0.557976 0.068578 -0.827019
vn -0.557976 0.068578 -0.827019
vn -0.557976 0.068578 -0.827019
vn -0.491018 0.222491 -0.842258
vn -0.491018 0.222491 -0.842258
vn -0.491018 0.222491 -0.842258
vn -0.416226 0.101183 -0.903614
vn -0.416226 0.101183 -0.903614
vn -0.416226 0.101183 -0.903614
vn -0.394693 -0.097714 -0.913603
vn -0.394693 -0.097714 -0.913603
vn -0.394693 -0.097714 -0.913603
vn -0.449586 -0.225036 -0.864426
vn -0.449586 -0.225036 -0.864426
vn -0.449586 -0.225036 -0.864426
vn -0.517459 -0.139141 -0.844320
vn -0.517459 -0.139141 -0.844320
vn -0.517459 -0.139141 -0.844320
f 769/769/769 770/770/770 771/771/771
f 772/772/772 773/773/773 774/774/774
f 775/775/775 776/776/776 777/777/777
f 778/778/778 779/779/779 780/780/780
f 781/781/781 782/782/782 783/783/783
f 784/784/784 785/785/785 786/786/786
o LeftBrow
usemtl PaintedTeaFantasy
v -0.772820 10.968638 -10.896923
v -0.815684 10.679402 -10.602467
v -2.271761 10.953660 -10.447411
v -0.772820 10.968638 -10.896923
v -2.271761 10.953660 -10.447411
v -2.362966 11.316849 -10.806348
v -0.815684 10.679402 -10.602467
v -0.741852 10.789880 -10.140346
v -1.976474 11.092386 -9.942604
v -0.815684 10.679402 -10.602467
v -1.976474 11.092386 -9.942604
v -2.271761 10.953660 -10.447411
v -0.741852 10.789880 -10.140346
v -0.653358 11.147396 -10.149196
v -1.885181 11.541312 -9.989554
v -0.741852 10.789880 -10.140346
v -1.885181 11.541312 -9.989554
v -1.976474 11.092386 -9.942604
v -0.653358 11.147396 -10.149196
v -0.672498 11.257875 -10.616786
v -2.124047 11.680038 -10.523378
v -0.653358 11.147396 -10.149196
v -2.124047 11.680038 -10.523378
v -1.885181 11.541312 -9.989554
v -0.672498 11.257875 -10.616786
v -0.772820 10.968638 -10.896923
v -2.362966 11.316849 -10.806348
v -0.672498 11.257875 -10.616786
v -2.362966 11.316849 -10.806348
v -2.124047 11.680038 -10.523378
v -2.362966 11.316849 -10.806348
v -2.271761 10.953660 -10.447411
v -3.212310 11.497680 -9.244018
v -2.362966 11.316849 -10.806348
v -3.212310 11.497680 -9.244018
v -3.270331 11.595418 -9.322847
v -2.271761 10.953660 -10.447411
v -1.976474 11.092386 -9.942604
v -3.094046 11.535012 -9.142479
v -2.271761 10.953660 -10.447411
v -3.094046 11.535012 -9.142479
v -3.212310 11.497680 -9.244018
v -1.976474 11.092386 -9.942604
v -1.885181 11.541312 -9.989554
v -3.078976 11.655823 -9.158553
v -1.976474 11.092386 -9.942604
v -3.078976 11.655823 -9.158553
v -3.094046 11.535012 -9.142479
v -1.885181 11.541312 -9.989554
v -2.124047 11.680038 -10.523378
v -3.187926 11.693156 -9.270027
v -1.885181 11.541312 -9.989554
v -3.187926 11.693156 -9.270027
v -3.078976 11.655823 -9.158553
v -2.124047 11.680038 -10.523378
v -2.362966 11.316849 -10.806348
v -3.270331 11.595418 -9.322847
v -2.124047 11.680038 -10.523378
v -3.270331 11.595418 -9.322847
v -3.187926 11.693156 -9.270027
v -0.731243 10.968638 -10.481143
v -0.772820 10.968638 -10.896923
v -0.815684 10.679402 -10.602467
v -0.731243 10.968638 -10.481143
v -0.815684 10.679402 -10.602467
v -0.741852 10.789880 -10.140346
v -0.731243 10.968638 -10.481143
v -0.741852 10.789880 -10.140346
v -0.653358 11.147396 -10.149196
v -0.731243 10.968638 -10.481143
v -0.653358 11.147396 -10.149196
v -0.672498 11.257875 -10.616786
v -0.731243 10.968638 -10.481143
v -0.672498 11.257875 -10.616786
v -0.772820 10.968638 -10.896923
v -3.168718 11.595418 -9.227585
v -3.270331 11.595418 -9.322847
v -3.212310 11.497680 -9.244018
v -3.168718 11.595418 -9.227585
v -3.212310 11.497680 -9.244018
v -3.094046 11.535012 -9.142479
v -3.168718 11.595418 -9.227585
v -3.094046 11.535012 -9.142479
v -3.078976 11.655823 -9.158553
v -3.168718 11.595418 -9.227585
v -3.078976 11.655823 -9.158553
v -3.187926 11.693156 -9.270027
v -3.168718 11.595418 -9.227585
v -3.187926 11.693156 -9.270027
v -3.270331 11.595418 -9.322847
vt 0.003906 0.746094
vt 0.052344 0.746094
vt 0.052344 0.625000
vt 0.003906 0.746094
vt 0.052344 0.625000
vt 0.003906 0.625000
vt 0.052344 0.746094
vt 0.100781 0.746094
vt 0.100781 0.625000
vt 0.052344 0.746094
vt 0.100781 0.625000
vt 0.052344 0.625000
vt 0.100781 0.746094
vt 0.149219 0.746094
vt 0.149219 0.625000
vt 0.100781 0.746094
vt 0.149219 0.625000
vt 0.100781 0.625000
vt 0.149219 0.746094
vt 0.197656 0.746094
vt 0.197656 0.625000
vt 0.149219 0.746094
vt 0.197656 0.625000
vt 0.149219 0.625000
vt 0.197656 0.746094
vt 0.246094 0.746094
vt 0.246094 0.625000
vt 0.197656 0.746094
vt 0.246094 0.625000
vt 0.197656 0.625000
vt 0.003906 0.625000
vt 0.052344 0.625000
vt 0.052344 0.503906
vt 0.003906 0.625000
vt 0.052344 0.503906
vt 0.003906 0.503906
vt 0.052344 0.625000
vt 0.100781 0.625000
vt 0.100781 0.503906
vt 0.052344 0.625000
vt 0.100781 0.503906
vt 0.052344 0.503906
vt 0.100781 0.625000
vt 0.149219 0.625000
vt 0.149219 0.503906
vt 0.100781 0.625000
vt 0.149219 0.503906
vt 0.100781 0.503906
vt 0.149219 0.625000
vt 0.197656 0.625000
vt 0.197656 0.503906
vt 0.149219 0.625000
vt 0.197656 0.503906
vt 0.149219 0.503906
vt 0.197656 0.625000
vt 0.246094 0.625000
vt 0.246094 0.503906
vt 0.197656 0.625000
vt 0.246094 0.503906
vt 0.197656 0.503906
vt 0.125000 0.625000
vt 0.003906 0.746094
vt 0.246094 0.503906
vt 0.125000 0.625000
vt 0.003906 0.746094
vt 0.246094 0.503906
vt 0.125000 0.625000
vt 0.003906 0.746094
vt 0.246094 0.503906
vt 0.125000 0.625000
vt 0.003906 0.746094
vt 0.246094 0.503906
vt 0.125000 0.625000
vt 0.003906 0.746094
vt 0.246094 0.503906
vt 0.125000 0.625000
vt 0.003906 0.746094
vt 0.246094 0.503906
vt 0.125000 0.625000
vt 0.003906 0.746094
vt 0.246094 0.503906
vt 0.125000 0.625000
vt 0.003906 0.746094
vt 0.246094 0.503906
vt 0.125000 0.625000
vt 0.003906 0.746094
vt 0.246094 0.503906
vt 0.125000 0.625000
vt 0.003906 0.746094
vt 0.246094 0.503906
vn -0.203395 -0.683524 -0.701017
vn -0.203395 -0.683524 -0.701017
vn -0.203395 -0.683524 -0.701017
vn -0.194626 -0.713782 -0.672782
vn -0.194626 -0.713782 -0.672782
vn -0.194626 -0.713782 -0.672782
vn -0.190960 -0.947359 0.256993
vn -0.190960 -0.947359 0.256993
vn -0.190960 -0.947359 0.256993
vn -0.139424 -0.930979 0.337399
vn -0.139424 -0.930979 0.337399
vn -0.139424 -0.930979 0.337399
vn 0.126402 -0.006734 0.991956
vn 0.126402 -0.006734 0.991956
vn 0.126402 -0.006734 0.991956
vn 0.173867 0.067392 0.982460
vn 0.173867 0.067392 0.982460
vn 0.173867 0.067392 0.982460
vn 0.285474 0.935255 0.209290
vn 0.285474 0.935255 0.209290
vn 0.285474 0.935255 0.209290
vn 0.315150 0.943313 0.104124
vn 0.315150 0.943313 0.104124
vn 0.315150 0.943313 0.104124
vn 0.105591 0.672688 -0.732353
vn 0.105591 0.672688 -0.732353
vn 0.105591 0.672688 -0.732353
vn 0.111423 0.564131 -0.818133
vn 0.111423 0.564131 -0.818133
vn 0.111423 0.564131 -0.818133
vn -0.763886 -0.540427 -0.352727
vn -0.763886 -0.540427 -0.352727
vn -0.763886 -0.540427 -0.352727
vn -0.693411 -0.654566 -0.301203
vn -0.693411 -0.654566 -0.301203
vn -0.693411 -0.654566 -0.301203
vn -0.131158 -0.933654 0.333299
vn -0.131158 -0.933654 0.333299
vn -0.131158 -0.933654 0.333299
vn -0.039977 -0.921844 0.385494
vn -0.039977 -0.921844 0.385494
vn -0.039977 -0.921844 0.385494
vn 0.569132 -0.029800 0.821706
vn 0.569132 -0.029800 0.821706
vn 0.569132 -0.029800 0.821706
vn 0.590572 0.033613 0.806285
vn 0.590572 0.033613 0.806285
vn 0.590572 0.033613 0.806285
vn 0.201495 0.966180 0.160922
vn 0.201495 0.966180 0.160922
vn 0.201495 0.966180 0.160922
vn 0.190293 0.971771 0.139462
vn 0.190293 0.971771 0.139462
vn 0.190293 0.971771 0.139462
vn -0.533969 0.709530 -0.459830
vn -0.533969 0.709530 -0.459830
vn -0.533969 0.709530 -0.459830
vn -0.537752 0.704051 -0.463827
vn -0.537752 0.704051 -0.463827
vn -0.537752 0.704051 -0.463827
vn -0.965609 0.241402 0.096561
vn -0.965609 0.241402 0.096561
vn -0.965609 0.241402 0.096561
vn -0.965609 0.241402 0.096561
vn -0.965609 0.241402 0.096561
vn -0.965609 0.241402 0.096561
vn -0.965609 0.241402 0.096561
vn -0.965609 0.241402 0.096561
vn -0.965609 0.241402 0.096561
vn -0.965609 0.241402 0.096561
vn -0.965609 0.241402 0.096561
vn -0.965609 0.241402 0.096561
vn -0.965609 0.241402 0.096561
vn -0.965609 0.241402 0.096561
vn -0.965609 0.241402 0.096561
vn -0.672842 0.179425 0.717698
vn -0.672842 0.179425 0.717698
vn -0.672842 0.179425 0.717698
vn -0.672842 0.179425 0.717698
vn -0.672842 0.179425 0.717698
vn -0.672842 0.179425 0.717698
vn -0.672842 0.179425 0.717698
vn -0.672842 0.179425 0.717698
vn -0.672842 0.179425 0.717698
vn -0.672842 0.179425 0.717698
vn -0.672842 0.179425 0.717698
vn -0.672842 0.179425 0.717698
vn -0.672842 0.179425 0.717698
vn -0.672842 0.179425 0.717698
vn -0.672842 0.179425 0.717698
f 787/787/787 788/788/788 789/789/789
f 790/790/790 791/791/791 792/792/792
f 793/793/793 794/794/794 795/795/795
f 796/796/796 797/797/797 798/798/798
f 799/799/799 800/800/800 801/801/801
f 802/802/802 803/803/803 804/804/804
f 805/805/805 806/806/806 807/807/807
f 808/808/808 809/809/809 810/810/810
f 811/811/811 812/812/812 813/813/813
f 814/814/814 815/815/815 816/816/816
f 817/817/817 818/818/818 819/819/819
f 820/820/820 821/821/821 822/822/822
f 823/823/823 824/824/824 825/825/825
f 826/826/826 827/827/827 828/828/828
f 829/829/829 830/830/830 831/831/831
f 832/832/832 833/833/833 834/834/834
f 835/835/835 836/836/836 837/837/837
f 838/838/838 839/839/839 840/840/840
f 841/841/841 842/842/842 843/843/843
f 844/844/844 845/845/845 846/846/846
f 847/847/847 848/848/848 849/849/849
f 850/850/850 851/851/851 852/852/852
f 853/853/853 854/854/854 855/855/855
f 856/856/856 857/857/857 858/858/858
f 859/859/859 860/860/860 861/861/861
f 862/862/862 863/863/863 864/864/864
f 865/865/865 866/866/866 867/867/867
f 868/868/868 869/869/869 870/870/870
f 871/871/871 872/872/872 873/873/873
f 874/874/874 875/875/875 876/876/876
o LeftEar
usemtl PaintedTeaFantasy
v -1.706233 12.257018 -6.755288
v -1.951005 12.946440 -6.755288
v -1.803272 13.094174 -6.198151
v -1.706233 12.257018 -6.755288
v -1.803272 13.094174 -6.198151
v -1.497306 12.257018 -6.198151
v -1.951005 12.946440 -6.755288
v -2.541938 13.232008 -6.755288
v -2.541938 13.440935 -6.198151
v -1.951005 12.946440 -6.755288
v -2.541938 13.440935 -6.198151
v -1.803272 13.094174 -6.198151
v -2.541938 13.232008 -6.755288
v -3.132872 12.946440 -6.755288
v -3.280605 13.094174 -6.198151
v -2.541938 13.232008 -6.755288
v -3.280605 13.094174 -6.198151
v -2.541938 13.440935 -6.198151
v -3.132872 12.946440 -6.755288
v -3.377644 12.257018 -6.755288
v -3.586571 12.257018 -6.198151
v -3.132872 12.946440 -6.755288
v -3.586571 12.257018 -6.198151
v -3.280605 13.094174 -6.198151
v -3.377644 12.257018 -6.755288
v -3.132872 11.567596 -6.755288
v -3.280605 11.419863 -6.198151
v -3.377644 12.257018 -6.755288
v -3.280605 11.419863 -6.198151
v -3.586571 12.257018 -6.198151
v -3.132872 11.567596 -6.755288
v -2.541938 11.282028 -6.755288
v -2.541938 11.073102 -6.198151
v -3.132872 11.567596 -6.755288
v -2.541938 11.073102 -6.198151
v -3.280605 11.419863 -6.198151
v -2.541938 11.282028 -6.755288
v -1.951005 11.567596 -6.755288
v -1.803272 11.419863 -6.198151
v -2.541938 11.282028 -6.755288
v -1.803272 11.419863 -6.198151
v -2.541938 11.073102 -6.198151
v -1.951005 11.567596 -6.755288
v -1.706233 12.257018 -6.755288
v -1.497306 12.257018 -6.198151
v -1.951005 11.567596 -6.755288
v -1.497306 12.257018 -6.198151
v -1.803272 11.419863 -6.198151
v -1.497306 12.257018 -6.198151
v -1.803272 13.094174 -6.198151
v -1.951005 12.921818 -5.710656
v -1.497306 12.257018 -6.198151
v -1.951005 12.921818 -5.710656
v -1.706233 12.257018 -5.710656
v -1.803272 13.094174 -6.198151
v -2.541938 13.440935 -6.198151
v -2.541938 13.197187 -5.710656
v -1.803272 13.094174 -6.198151
v -2.541938 13.197187 -5.710656
v -1.951005 12.921818 -5.710656
v -2.541938 13.440935 -6.198151
v -3.280605 13.094174 -6.198151
v -3.132872 12.921818 -5.710656
v -2.541938 13.440935 -6.198151
v -3.132872 12.921818 -5.710656
v -2.541938 13.197187 -5.710656
v -3.280605 13.094174 -6.198151
v -3.586571 12.257018 -6.198151
v -3.377644 12.257018 -5.710656
v -3.280605 13.094174 -6.198151
v -3.377644 12.257018 -5.710656
v -3.132872 12.921818 -5.710656
v -3.586571 12.257018 -6.198151
v -3.280605 11.419863 -6.198151
v -3.132872 11.592218 -5.710656
v -3.586571 12.257018 -6.198151
v -3.132872 11.592218 -5.710656
v -3.377644 12.257018 -5.710656
v -3.280605 11.419863 -6.198151
v -2.541938 11.073102 -6.198151
v -2.541938 11.316849 -5.710656
v -3.280605 11.419863 -6.198151
v -2.541938 11.316849 -5.710656
v -3.132872 11.592218 -5.710656
v -2.541938 11.073102 -6.198151
v -1.803272 11.419863 -6.198151
v -1.951005 11.592218 -5.710656
v -2.541938 11.073102 -6.198151
v -1.951005 11.592218 -5.710656
v -2.541938 11.316849 -5.710656
v -1.803272 11.419863 -6.198151
v -1.497306 12.257018 -6.198151
v -1.706233 12.257018 -5.710656
v -1.803272 11.419863 -6.198151
v -1.706233 12.257018 -5.710656
v -1.951005 11.592218 -5.710656
v -2.541938 12.257018 -6.755288
v -1.951005 12.946440 -6.755288
v -1.706233 12.257018 -6.755288
v -2.541938 12.257018 -6.755288
v -2.541938 13.232008 -6.755288
v -1.951005 12.946440 -6.755288
v -2.541938 12.257018 -6.755288
v -3.132872 12.946440 -6.755288
v -2.541938 13.232008 -6.755288
v -2.541938 12.257018 -6.755288
v -3.377644 12.257018 -6.755288
v -3.132872 12.946440 -6.755288
v -2.541938 12.257018 -6.755288
v -3.132872 11.567596 -6.755288
v -3.377644 12.257018 -6.755288
v -2.541938 12.257018 -6.755288
v -2.541938 11.282028 -6.755288
v -3.132872 11.567596 -6.755288
v -2.541938 12.257018 -6.755288
v -1.951005 11.567596 -6.755288
v -2.541938 11.282028 -6.755288
v -2.541938 12.257018 -6.755288
v -1.706233 12.257018 -6.755288
v -1.951005 11.567596 -6.755288
v -2.541938 12.257018 -5.710656
v -1.706233 12.257018 -5.710656
v -1.951005 12.921818 -5.710656
v -2.541938 12.257018 -5.710656
v -1.951005 12.921818 -5.710656
v -2.541938 13.197187 -5.710656
v -2.541938 12.257018 -5.710656
v -2.541938 13.197187 -5.710656
v -3.132872 12.921818 -5.710656
v -2.541938 12.257018 -5.710656
v -3.132872 12.921818 -5.710656
v -3.377644 12.257018 -5.710656
v -2.541938 12.257018 -5.710656
v -3.377644 12.257018 -5.710656
v -3.132872 11.592218 -5.710656
v -2.541938 12.257018 -5.710656
v -3.132872 11.592218 -5.710656
v -2.541938 11.316849 -5.710656
v -2.541938 12.257018 -5.710656
v -2.541938 11.316849 -5.710656
v -1.951005 11.592218 -5.710656
v -2.541938 12.257018 -5.710656
v -1.951005 11.592218 -5.710656
v -1.706233 12.257018 -5.710656
vt 0.003906 0.746094
vt 0.034180 0.746094
vt 0.034180 0.625000
vt 0.003906 0.746094
vt 0.034180 0.625000
vt 0.003906 0.625000
vt 0.034180 0.746094
vt 0.064453 0.746094
vt 0.064453 0.625000
vt 0.034180 0.746094
vt 0.064453 0.625000
vt 0.034180 0.625000
vt 0.064453 0.746094
vt 0.094727 0.746094
vt 0.094727 0.625000
vt 0.064453 0.746094
vt 0.094727 0.625000
vt 0.064453 0.625000
vt 0.094727 0.746094
vt 0.125000 0.746094
vt 0.125000 0.625000
vt 0.094727 0.746094
vt 0.125000 0.625000
vt 0.094727 0.625000
vt 0.125000 0.746094
vt 0.155273 0.746094
vt 0.155273 0.625000
vt 0.125000 0.746094
vt 0.155273 0.625000
vt 0.125000 0.625000
vt 0.155273 0.746094
vt 0.185547 0.746094
vt 0.185547 0.625000
vt 0.155273 0.746094
vt 0.185547 0.625000
vt 0.155273 0.625000
vt 0.185547 0.746094
vt 0.215820 0.746094
vt 0.215820 0.625000
vt 0.185547 0.746094
vt 0.215820 0.625000
vt 0.185547 0.625000
vt 0.215820 0.746094
vt 0.246094 0.746094
vt 0.246094 0.625000
vt 0.215820 0.746094
vt 0.246094 0.625000
vt 0.215820 0.625000
vt 0.003906 0.625000
vt 0.034180 0.625000
vt 0.034180 0.503906
vt 0.003906 0.625000
vt 0.034180 0.503906
vt 0.003906 0.503906
vt 0.034180 0.625000
vt 0.064453 0.625000
vt 0.064453 0.503906
vt 0.034180 0.625000
vt 0.064453 0.503906
vt 0.034180 0.503906
vt 0.064453 0.625000
vt 0.094727 0.625000
vt 0.094727 0.503906
vt 0.064453 0.625000
vt 0.094727 0.503906
vt 0.064453 0.503906
vt 0.094727 0.625000
vt 0.125000 0.625000
vt 0.125000 0.503906
vt 0.094727 0.625000
vt 0.125000 0.503906
vt 0.094727 0.503906
vt 0.125000 0.625000
vt 0.155273 0.625000
vt 0.155273 0.503906
vt 0.125000 0.625000
vt 0.155273 0.503906
vt 0.125000 0.503906
vt 0.155273 0.625000
vt 0.185547 0.625000
vt 0.185547 0.503906
vt 0.155273 0.625000
vt 0.185547 0.503906
vt 0.155273 0.503906
vt 0.185547 0.625000
vt 0.215820 0.625000
vt 0.215820 0.503906
vt 0.185547 0.625000
vt 0.215820 0.503906
vt 0.185547 0.503906
vt 0.215820 0.625000
vt 0.246094 0.625000
vt 0.246094 0.503906
vt 0.215820 0.625000
vt 0.246094 0.503906
vt 0.215820 0.503906
vt 0.125000 0.625000
vt 0.221875 0.528125
vt 0.028125 0.721875
vt 0.125000 0.625000
vt 0.221875 0.528125
vt 0.028125 0.721875
vt 0.125000 0.625000
vt 0.221875 0.528125
vt 0.028125 0.721875
vt 0.125000 0.625000
vt 0.221875 0.528125
vt 0.028125 0.721875
vt 0.125000 0.625000
vt 0.221875 0.528125
vt 0.028125 0.721875
vt 0.125000 0.625000
vt 0.221875 0.528125
vt 0.028125 0.721875
vt 0.125000 0.625000
vt 0.221875 0.528125
vt 0.028125 0.721875
vt 0.125000 0.625000
vt 0.221875 0.528125
vt 0.028125 0.721875
vt 0.125000 0.625000
vt 0.028125 0.721875
vt 0.221875 0.528125
vt 0.125000 0.625000
vt 0.028125 0.721875
vt 0.221875 0.528125
vt 0.125000 0.625000
vt 0.028125 0.721875
vt 0.221875 0.528125
vt 0.125000 0.625000
vt 0.028125 0.721875
vt 0.221875 0.528125
vt 0.125000 0.625000
vt 0.028125 0.721875
vt 0.221875 0.528125
vt 0.125000 0.625000
vt 0.028125 0.721875
vt 0.221875 0.528125
vt 0.125000 0.625000
vt 0.028125 0.721875
vt 0.221875 0.528125
vt 0.125000 0.625000
vt 0.028125 0.721875
vt 0.221875 0.528125
vn 0.892588 0.316905 -0.320715
vn 0.892588 0.316905 -0.320715
vn 0.892588 0.316905 -0.320715
vn 0.885892 0.323778 -0.332209
vn 0.885892 0.323778 -0.332209
vn 0.885892 0.323778 -0.332209
vn 0.412243 0.853065 -0.319899
vn 0.412243 0.853065 -0.319899
vn 0.412243 0.853065 -0.319899
vn 0.400750 0.853673 -0.332629
vn 0.400750 0.853673 -0.332629
vn 0.400750 0.853673 -0.332629
vn -0.410149 0.848733 -0.333812
vn -0.410149 0.848733 -0.333812
vn -0.410149 0.848733 -0.333812
vn -0.402395 0.857178 -0.321442
vn -0.402395 0.857178 -0.321442
vn -0.402395 0.857178 -0.321442
vn -0.888519 0.315460 -0.333195
vn -0.888519 0.315460 -0.333195
vn -0.888519 0.315460 -0.333195
vn -0.889222 0.324995 -0.321968
vn -0.889222 0.324995 -0.321968
vn -0.889222 0.324995 -0.321968
vn -0.892588 -0.316905 -0.320715
vn -0.892588 -0.316905 -0.320715
vn -0.892588 -0.316905 -0.320715
vn -0.885892 -0.323778 -0.332209
vn -0.885892 -0.323778 -0.332209
vn -0.885892 -0.323778 -0.332209
vn -0.412243 -0.853065 -0.319899
vn -0.412243 -0.853065 -0.319899
vn -0.412243 -0.853065 -0.319899
vn -0.400750 -0.853673 -0.332629
vn -0.400750 -0.853673 -0.332629
vn -0.400750 -0.853673 -0.332629
vn 0.410149 -0.848733 -0.333812
vn 0.410149 -0.848733 -0.333812
vn 0.410149 -0.848733 -0.333812
vn 0.402395 -0.857178 -0.321442
vn 0.402395 -0.857178 -0.321442
vn 0.402395 -0.857178 -0.321442
vn 0.888519 -0.315460 -0.333195
vn 0.888519 -0.315460 -0.333195
vn 0.888519 -0.315460 -0.333195
vn 0.889222 -0.324995 -0.321968
vn 0.889222 -0.324995 -0.321968
vn 0.889222 -0.324995 -0.321968
vn 0.870247 0.318060 0.376176
vn 0.870247 0.318060 0.376176
vn 0.870247 0.318060 0.376176
vn 0.870640 0.320561 0.373131
vn 0.870640 0.320561 0.373131
vn 0.870640 0.320561 0.373131
vn 0.387140 0.824681 0.412340
vn 0.387140 0.824681 0.412340
vn 0.387140 0.824681 0.412340
vn 0.385400 0.827055 0.409202
vn 0.385400 0.827055 0.409202
vn 0.385400 0.827055 0.409202
vn -0.387689 0.825852 0.409470
vn -0.387689 0.825852 0.409470
vn -0.387689 0.825852 0.409470
vn -0.384716 0.825588 0.412794
vn -0.384716 0.825588 0.412794
vn -0.384716 0.825588 0.412794
vn -0.871296 0.318444 0.373413
vn -0.871296 0.318444 0.373413
vn -0.871296 0.318444 0.373413
vn -0.869321 0.320075 0.376608
vn -0.869321 0.320075 0.376608
vn -0.869321 0.320075 0.376608
vn -0.870247 -0.318060 0.376176
vn -0.870247 -0.318060 0.376176
vn -0.870247 -0.318060 0.376176
vn -0.870640 -0.320561 0.373131
vn -0.870640 -0.320561 0.373131
vn -0.870640 -0.320561 0.373131
vn -0.387140 -0.824681 0.412340
vn -0.387140 -0.824681 0.412340
vn -0.387140 -0.824681 0.412340
vn -0.385400 -0.827055 0.409202
vn -0.385400 -0.827055 0.409202
vn -0.385400 -0.827055 0.409202
vn 0.387689 -0.825852 0.409470
vn 0.387689 -0.825852 0.409470
vn 0.387689 -0.825852 0.409470
vn 0.384716 -0.825588 0.412794
vn 0.384716 -0.825588 0.412794
vn 0.384716 -0.825588 0.412794
vn 0.871296 -0.318444 0.373413
vn 0.871296 -0.318444 0.373413
vn 0.871296 -0.318444 0.373413
vn 0.869321 -0.320075 0.376608
vn 0.869321 -0.320075 0.376608
vn 0.869321 -0.320075 0.376608
vn 0.000000 0.000000 -1.000000
vn 0.000000 0.000000 -1.000000
vn 0.000000 0.000000 -1.000000
vn 0.000000 0.000000 -1.000000
vn 0.000000 0.000000 -1.000000
vn 0.000000 0.000000 -1.000000
vn 0.000000 0.000000 -1.000000
vn 0.000000 0.000000 -1.000000
vn 0.000000 0.000000 -1.000000
vn 0.000000 0.000000 -1.000000
vn 0.000000 0.000000 -1.000000
vn 0.000000 0.000000 -1.000000
vn -0.000000 0.000000 -1.000000
vn -0.000000 0.000000 -1.000000
vn -0.000000 0.000000 -1.000000
vn 0.000000 -0.000000 -1.000000
vn 0.000000 -0.000000 -1.000000
vn 0.000000 -0.000000 -1.000000
vn 0.000000 0.000000 -1.000000
vn 0.000000 0.000000 -1.000000
vn 0.000000 0.000000 -1.000000
vn 0.000000 0.000000 -1.000000
vn 0.000000 0.000000 -1.000000
vn 0.000000 0.000000 -1.000000
vn 0.000000 0.000000 1.000000
vn 0.000000 0.000000 1.000000
vn 0.000000 0.000000 1.000000
vn 0.000000 0.000000 1.000000
vn 0.000000 0.000000 1.000000
vn 0.000000 0.000000 1.000000
vn 0.000000 -0.000000 1.000000
vn 0.000000 -0.000000 1.000000
vn 0.000000 -0.000000 1.000000
vn 0.000000 0.000000 1.000000
vn 0.000000 0.000000 1.000000
vn 0.000000 0.000000 1.000000
vn 0.000000 0.000000 1.000000
vn 0.000000 0.000000 1.000000
vn 0.000000 0.000000 1.000000
vn 0.000000 0.000000 1.000000
vn 0.000000 0.000000 1.000000
vn 0.000000 0.000000 1.000000
vn 0.000000 0.000000 1.000000
vn 0.000000 0.000000 1.000000
vn 0.000000 0.000000 1.000000
vn -0.000000 0.000000 1.000000
vn -0.000000 0.000000 1.000000
vn -0.000000 0.000000 1.000000
f 877/877/877 878/878/878 879/879/879
f 880/880/880 881/881/881 882/882/882
f 883/883/883 884/884/884 885/885/885
f 886/886/886 887/887/887 888/888/888
f 889/889/889 890/890/890 891/891/891
f 892/892/892 893/893/893 894/894/894
f 895/895/895 896/896/896 897/897/897
f 898/898/898 899/899/899 900/900/900
f 901/901/901 902/902/902 903/903/903
f 904/904/904 905/905/905 906/906/906
f 907/907/907 908/908/908 909/909/909
f 910/910/910 911/911/911 912/912/912
f 913/913/913 914/914/914 915/915/915
f 916/916/916 917/917/917 918/918/918
f 919/919/919 920/920/920 921/921/921
f 922/922/922 923/923/923 924/924/924
f 925/925/925 926/926/926 927/927/927
f 928/928/928 929/929/929 930/930/930
f 931/931/931 932/932/932 933/933/933
f 934/934/934 935/935/935 936/936/936
f 937/937/937 938/938/938 939/939/939
f 940/940/940 941/941/941 942/942/942
f 943/943/943 944/944/944 945/945/945
f 946/946/946 947/947/947 948/948/948
f 949/949/949 950/950/950 951/951/951
f 952/952/952 953/953/953 954/954/954
f 955/955/955 956/956/956 957/957/957
f 958/958/958 959/959/959 960/960/960
f 961/961/961 962/962/962 963/963/963
f 964/964/964 965/965/965 966/966/966
f 967/967/967 968/968/968 969/969/969
f 970/970/970 971/971/971 972/972/972
f 973/973/973 974/974/974 975/975/975
f 976/976/976 977/977/977 978/978/978
f 979/979/979 980/980/980 981/981/981
f 982/982/982 983/983/983 984/984/984
f 985/985/985 986/986/986 987/987/987
f 988/988/988 989/989/989 990/990/990
f 991/991/991 992/992/992 993/993/993
f 994/994/994 995/995/995 996/996/996
f 997/997/997 998/998/998 999/999/999
f 1000/1000/1000 1001/1001/1001 1002/1002/1002
f 1003/1003/1003 1004/1004/1004 1005/1005/1005
f 1006/1006/1006 1007/1007/1007 1008/1008/1008
f 1009/1009/1009 1010/1010/1010 1011/1011/1011
f 1012/1012/1012 1013/1013/1013 1014/1014/1014
f 1015/1015/1015 1016/1016/1016 1017/1017/1017
f 1018/1018/1018 1019/1019/1019 1020/1020/1020
o LeftEarInner
usemtl PaintedTeaFantasy
v -2.019622 12.326660 -6.824931
v -2.172605 12.819105 -6.824931
v -2.147983 12.843727 -6.720467
v -2.019622 12.326660 -6.824931
v -2.147983 12.843727 -6.720467
v -1.984801 12.326660 -6.720467
v -2.172605 12.819105 -6.824931
v -2.541938 13.023082 -6.824931
v -2.541938 13.057903 -6.720467
v -2.172605 12.819105 -6.824931
v -2.541938 13.057903 -6.720467
v -2.147983 12.843727 -6.720467
v -2.541938 13.023082 -6.824931
v -2.911272 12.819105 -6.824931
v -2.935894 12.843727 -6.720467
v -2.541938 13.023082 -6.824931
v -2.935894 12.843727 -6.720467
v -2.541938 13.057903 -6.720467
v -2.911272 12.819105 -6.824931
v -3.064255 12.326660 -6.824931
v -3.099076 12.326660 -6.720467
v -2.911272 12.819105 -6.824931
v -3.099076 12.326660 -6.720467
v -2.935894 12.843727 -6.720467
v -3.064255 12.326660 -6.824931
v -2.911272 11.834216 -6.824931
v -2.935894 11.809594 -6.720467
v -3.064255 12.326660 -6.824931
v -2.935894 11.809594 -6.720467
v -3.099076 12.326660 -6.720467
v -2.911272 11.834216 -6.824931
v -2.541938 11.630239 -6.824931
v -2.541938 11.595418 -6.720467
v -2.911272 11.834216 -6.824931
v -2.541938 11.595418 -6.720467
v -2.935894 11.809594 -6.720467
v -2.541938 11.630239 -6.824931
v -2.172605 11.834216 -6.824931
v -2.147983 11.809594 -6.720467
v -2.541938 11.630239 -6.824931
v -2.147983 11.809594 -6.720467
v -2.541938 11.595418 -6.720467
v -2.172605 11.834216 -6.824931
v -2.019622 12.326660 -6.824931
v -1.984801 12.326660 -6.720467
v -2.172605 11.834216 -6.824931
v -1.984801 12.326660 -6.720467
v -2.147983 11.809594 -6.720467
v -2.541938 12.326660 -6.824931
v -2.172605 12.819105 -6.824931
v -2.019622 12.326660 -6.824931
v -2.541938 12.326660 -6.824931
v -2.541938 13.023082 -6.824931
v -2.172605 12.819105 -6.824931
v -2.541938 12.326660 -6.824931
v -2.911272 12.819105 -6.824931
v -2.541938 13.023082 -6.824931
v -2.541938 12.326660 -6.824931
v -3.064255 12.326660 -6.824931
v -2.911272 12.819105 -6.824931
v -2.541938 12.326660 -6.824931
v -2.911272 11.834216 -6.824931
v -3.064255 12.326660 -6.824931
v -2.541938 12.326660 -6.824931
v -2.541938 11.630239 -6.824931
v -2.911272 11.834216 -6.824931
v -2.541938 12.326660 -6.824931
v -2.172605 11.834216 -6.824931
v -2.541938 11.630239 -6.824931
v -2.541938 12.326660 -6.824931
v -2.019622 12.326660 -6.824931
v -2.172605 11.834216 -6.824931
v -2.541938 12.326660 -6.720467
v -1.984801 12.326660 -6.720467
v -2.147983 12.843727 -6.720467
v -2.541938 12.326660 -6.720467
v -2.147983 12.843727 -6.720467
v -2.541938 13.057903 -6.720467
v -2.541938 12.326660 -6.720467
v -2.541938 13.057903 -6.720467
v -2.935894 12.843727 -6.720467
v -2.541938 12.326660 -6.720467
v -2.935894 12.843727 -6.720467
v -3.099076 12.326660 -6.720467
v -2.541938 12.326660 -6.720467
v -3.099076 12.326660 -6.720467
v -2.935894 11.809594 -6.720467
v -2.541938 12.326660 -6.720467
v -2.935894 11.809594 -6.720467
v -2.541938 11.595418 -6.720467
v -2.541938 12.326660 -6.720467
v -2.541938 11.595418 -6.720467
v -2.147983 11.809594 -6.720467
v -2.541938 12.326660 -6.720467
v -2.147983 11.809594 -6.720467
v -1.984801 12.326660 -6.720467
vt 0.003906 0.496094
vt 0.034180 0.496094
vt 0.034180 0.253906
vt 0.003906 0.496094
vt 0.034180 0.253906
vt 0.003906 0.253906
vt 0.034180 0.496094
vt 0.064453 0.496094
vt 0.064453 0.253906
vt 0.034180 0.496094
vt 0.064453 0.253906
vt 0.034180 0.253906
vt 0.064453 0.496094
vt 0.094727 0.496094
vt 0.094727 0.253906
vt 0.064453 0.496094
vt 0.094727 0.253906
vt 0.064453 0.253906
vt 0.094727 0.496094
vt 0.125000 0.496094
vt 0.125000 0.253906
vt 0.094727 0.496094
vt 0.125000 0.253906
vt 0.094727 0.253906
vt 0.125000 0.496094
vt 0.155273 0.496094
vt 0.155273 0.253906
vt 0.125000 0.496094
vt 0.155273 0.253906
vt 0.125000 0.253906
vt 0.155273 0.496094
vt 0.185547 0.496094
vt 0.185547 0.253906
vt 0.155273 0.496094
vt 0.185547 0.253906
vt 0.155273 0.253906
vt 0.185547 0.496094
vt 0.215820 0.496094
vt 0.215820 0.253906
vt 0.185547 0.496094
vt 0.215820 0.253906
vt 0.185547 0.253906
vt 0.215820 0.496094
vt 0.246094 0.496094
vt 0.246094 0.253906
vt 0.215820 0.496094
vt 0.246094 0.253906
vt 0.215820 0.253906
vt 0.125000 0.375000
vt 0.221875 0.278125
vt 0.028125 0.471875
vt 0.125000 0.375000
vt 0.221875 0.278125
vt 0.028125 0.471875
vt 0.125000 0.375000
vt 0.221875 0.278125
vt 0.028125 0.471875
vt 0.125000 0.375000
vt 0.221875 0.278125
vt 0.028125 0.471875
vt 0.125000 0.375000
vt 0.221875 0.278125
vt 0.028125 0.471875
vt 0.125000 0.375000
vt 0.221875 0.278125
vt 0.028125 0.471875
vt 0.125000 0.375000
vt 0.221875 0.278125
vt 0.028125 0.471875
vt 0.125000 0.375000
vt 0.221875 0.278125
vt 0.028125 0.471875
vt 0.125000 0.375000
vt 0.028125 0.471875
vt 0.221875 0.278125
vt 0.125000 0.375000
vt 0.028125 0.471875
vt 0.221875 0.278125
vt 0.125000 0.375000
vt 0.028125 0.471875
vt 0.221875 0.278125
vt 0.125000 0.375000
vt 0.028125 0.471875
vt 0.221875 0.278125
vt 0.125000 0.375000
vt 0.028125 0.471875
vt 0.221875 0.278125
vt 0.125000 0.375000
vt 0.028125 0.471875
vt 0.221875 0.278125
vt 0.125000 0.375000
vt 0.028125 0.471875
vt 0.221875 0.278125
vt 0.125000 0.375000
vt 0.028125 0.471875
vt 0.221875 0.278125
vn 0.915950 0.284549 -0.282960
vn 0.915950 0.284549 -0.282960
vn 0.915950 0.284549 -0.282960
vn 0.908825 0.286817 -0.302942
vn 0.908825 0.286817 -0.302942
vn 0.908825 0.286817 -0.302942
vn 0.464100 0.840327 -0.280109
vn 0.464100 0.840327 -0.280109
vn 0.464100 0.840327 -0.280109
vn 0.454955 0.836844 -0.304480
vn 0.454955 0.836844 -0.304480
vn 0.454955 0.836844 -0.304480
vn -0.460416 0.833656 -0.305016
vn -0.460416 0.833656 -0.305016
vn -0.460416 0.833656 -0.305016
vn -0.458382 0.843147 -0.281049
vn -0.458382 0.843147 -0.281049
vn -0.458382 0.843147 -0.281049
vn -0.909986 0.282696 -0.303329
vn -0.909986 0.282696 -0.303329
vn -0.909986 0.282696 -0.303329
vn -0.914491 0.288605 -0.283573
vn -0.914491 0.288605 -0.283573
vn -0.914491 0.288605 -0.283573
vn -0.915950 -0.284549 -0.282960
vn -0.915950 -0.284549 -0.282960
vn -0.915950 -0.284549 -0.282960
vn -0.908825 -0.286817 -0.302942
vn -0.908825 -0.286817 -0.302942
vn -0.908825 -0.286817 -0.302942
vn -0.464100 -0.840327 -0.280109
vn -0.464100 -0.840327 -0.280109
vn -0.464100 -0.840327 -0.280109
vn -0.454955 -0.836844 -0.304480
vn -0.454955 -0.836844 -0.304480
vn -0.454955 -0.836844 -0.304480
vn 0.460416 -0.833656 -0.305016
vn 0.460416 -0.833656 -0.305016
vn 0.460416 -0.833656 -0.305016
vn 0.458382 -0.843147 -0.281049
vn 0.458382 -0.843147 -0.281049
vn 0.458382 -0.843147 -0.281049
vn 0.909986 -0.282696 -0.303329
vn 0.909986 -0.282696 -0.303329
vn 0.909986 -0.282696 -0.303329
vn 0.914491 -0.288605 -0.283573
vn 0.914491 -0.288605 -0.283573
vn 0.914491 -0.288605 -0.283573
vn 0.000000 0.000000 -1.000000
vn 0.000000 0.000000 -1.000000
vn 0.000000 0.000000 -1.000000
vn 0.000000 0.000000 -1.000000
vn 0.000000 0.000000 -1.000000
vn 0.000000 0.000000 -1.000000
vn 0.000000 0.000000 -1.000000
vn 0.000000 0.000000 -1.000000
vn 0.000000 0.000000 -1.000000
vn 0.000000 0.000000 -1.000000
vn 0.000000 0.000000 -1.000000
vn 0.000000 0.000000 -1.000000
vn -0.000000 0.000000 -1.000000
vn -0.000000 0.000000 -1.000000
vn -0.000000 0.000000 -1.000000
vn 0.000000 -0.000000 -1.000000
vn 0.000000 -0.000000 -1.000000
vn 0.000000 -0.000000 -1.000000
vn 0.000000 0.000000 -1.000000
vn 0.000000 0.000000 -1.000000
vn 0.000000 0.000000 -1.000000
vn 0.000000 0.000000 -1.000000
vn 0.000000 0.000000 -1.000000
vn 0.000000 0.000000 -1.000000
vn 0.000000 0.000000 1.000000
vn 0.000000 0.000000 1.000000
vn 0.000000 0.000000 1.000000
vn 0.000000 0.000000 1.000000
vn 0.000000 0.000000 1.000000
vn 0.000000 0.000000 1.000000
vn 0.000000 -0.000000 1.000000
vn 0.000000 -0.000000 1.000000
vn 0.000000 -0.000000 1.000000
vn 0.000000 0.000000 1.000000
vn 0.000000 0.000000 1.000000
vn 0.000000 0.000000 1.000000
vn 0.000000 0.000000 1.000000
vn 0.000000 0.000000 1.000000
vn 0.000000 0.000000 1.000000
vn 0.000000 0.000000 1.000000
vn 0.000000 0.000000 1.000000
vn 0.000000 0.000000 1.000000
vn 0.000000 0.000000 1.000000
vn 0.000000 0.000000 1.000000
vn 0.000000 0.000000 1.000000
vn -0.000000 0.000000 1.000000
vn -0.000000 0.000000 1.000000
vn -0.000000 0.000000 1.000000
f 1021/1021/1021 1022/1022/1022 1023/1023/1023
f 1024/1024/1024 1025/1025/1025 1026/1026/1026
f 1027/1027/1027 1028/1028/1028 1029/1029/1029
f 1030/1030/1030 1031/1031/1031 1032/1032/1032
f 1033/1033/1033 1034/1034/1034 1035/1035/1035
f 1036/1036/1036 1037/1037/1037 1038/1038/1038
f 1039/1039/1039 1040/1040/1040 1041/1041/1041
f 1042/1042/1042 1043/1043/1043 1044/1044/1044
f 1045/1045/1045 1046/1046/1046 1047/1047/1047
f 1048/1048/1048 1049/1049/1049 1050/1050/1050
f 1051/1051/1051 1052/1052/1052 1053/1053/1053
f 1054/1054/1054 1055/1055/1055 1056/1056/1056
f 1057/1057/1057 1058/1058/1058 1059/1059/1059
f 1060/1060/1060 1061/1061/1061 1062/1062/1062
f 1063/1063/1063 1064/1064/1064 1065/1065/1065
f 1066/1066/1066 1067/1067/1067 1068/1068/1068
f 1069/1069/1069 1070/1070/1070 1071/1071/1071
f 1072/1072/1072 1073/1073/1073 1074/1074/1074
f 1075/1075/1075 1076/1076/1076 1077/1077/1077
f 1078/1078/1078 1079/1079/1079 1080/1080/1080
f 1081/1081/1081 1082/1082/1082 1083/1083/1083
f 1084/1084/1084 1085/1085/1085 1086/1086/1086
f 1087/1087/1087 1088/1088/1088 1089/1089/1089
f 1090/1090/1090 1091/1091/1091 1092/1092/1092
f 1093/1093/1093 1094/1094/1094 1095/1095/1095
f 1096/1096/1096 1097/1097/1097 1098/1098/1098
f 1099/1099/1099 1100/1100/1100 1101/1101/1101
f 1102/1102/1102 1103/1103/1103 1104/1104/1104
f 1105/1105/1105 1106/1106/1106 1107/1107/1107
f 1108/1108/1108 1109/1109/1109 1110/1110/1110
f 1111/1111/1111 1112/1112/1112 1113/1113/1113
f 1114/1114/1114 1115/1115/1115 1116/1116/1116
o LeftFrontLeg
usemtl PaintedTeaFantasy
v -1.497306 7.068678 -3.412465
v -2.071854 7.068678 -2.145916
v -1.932570 5.536551 -2.115760
v -1.497306 7.068678 -3.412465
v -1.932570 5.536551 -2.115760
v -1.218738 5.536551 -3.412465
v -2.071854 7.068678 -2.145916
v -3.220949 7.068678 -2.145916
v -3.360234 5.536551 -2.115760
v -2.071854 7.068678 -2.145916
v -3.360234 5.536551 -2.115760
v -1.932570 5.536551 -2.115760
v -3.220949 7.068678 -2.145916
v -3.795497 7.068678 -3.412465
v -4.074066 5.536551 -3.412465
v -3.220949 7.068678 -2.145916
v -4.074066 5.536551 -3.412465
v -3.360234 5.536551 -2.115760
v -3.795497 7.068678 -3.412465
v -3.220949 7.068678 -4.679015
v -3.360234 5.536551 -4.709170
v -3.795497 7.068678 -3.412465
v -3.360234 5.536551 -4.709170
v -4.074066 5.536551 -3.412465
v -3.220949 7.068678 -4.679015
v -2.071854 7.068678 -4.679015
v -1.932570 5.536551 -4.709170
v -3.220949 7.068678 -4.679015
v -1.932570 5.536551 -4.709170
v -3.360234 5.536551 -4.709170
v -2.071854 7.068678 -4.679015
v -1.497306 7.068678 -3.412465
v -1.218738 5.536551 -3.412465
v -2.071854 7.068678 -4.679015
v -1.218738 5.536551 -3.412465
v -1.932570 5.536551 -4.709170
v -1.218738 5.536551 -3.412465
v -1.932570 5.536551 -2.115760
v -2.124086 3.377644 -2.189732
v -1.218738 5.536551 -3.412465
v -2.124086 3.377644 -2.189732
v -1.601769 3.377644 -3.064255
v -1.932570 5.536551 -2.115760
v -3.360234 5.536551 -2.115760
v -3.168718 3.377644 -2.189732
v -1.932570 5.536551 -2.115760
v -3.168718 3.377644 -2.189732
v -2.124086 3.377644 -2.189732
v -3.360234 5.536551 -2.115760
v -4.074066 5.536551 -3.412465
v -3.691034 3.377644 -3.064255
v -3.360234 5.536551 -2.115760
v -3.691034 3.377644 -3.064255
v -3.168718 3.377644 -2.189732
v -4.074066 5.536551 -3.412465
v -3.360234 5.536551 -4.709170
v -3.168718 3.377644 -3.938777
v -4.074066 5.536551 -3.412465
v -3.168718 3.377644 -3.938777
v -3.691034 3.377644 -3.064255
v -3.360234 5.536551 -4.709170
v -1.932570 5.536551 -4.709170
v -2.124086 3.377644 -3.938777
v -3.360234 5.536551 -4.709170
v -2.124086 3.377644 -3.938777
v -3.168718 3.377644 -3.938777
v -1.932570 5.536551 -4.709170
v -1.218738 5.536551 -3.412465
v -1.601769 3.377644 -3.064255
v -1.932570 5.536551 -4.709170
v -1.601769 3.377644 -3.064255
v -2.124086 3.377644 -3.938777
v -1.601769 3.377644 -3.064255
v -2.124086 3.377644 -2.189732
v -2.158907 1.497306 -2.577429
v -1.601769 3.377644 -3.064255
v -2.158907 1.497306 -2.577429
v -1.671412 1.497306 -3.482107
v -2.124086 3.377644 -2.189732
v -3.168718 3.377644 -2.189732
v -3.133897 1.497306 -2.577429
v -2.124086 3.377644 -2.189732
v -3.133897 1.497306 -2.577429
v -2.158907 1.497306 -2.577429
v -3.168718 3.377644 -2.189732
v -3.691034 3.377644 -3.064255
v -3.621392 1.497306 -3.482107
v -3.168718 3.377644 -2.189732
v -3.621392 1.497306 -3.482107
v -3.133897 1.497306 -2.577429
v -3.691034 3.377644 -3.064255
v -3.168718 3.377644 -3.938777
v -3.133897 1.497306 -4.386785
v -3.691034 3.377644 -3.064255
v -3.133897 1.497306 -4.386785
v -3.621392 1.497306 -3.482107
v -3.168718 3.377644 -3.938777
v -2.124086 3.377644 -3.938777
v -2.158907 1.497306 -4.386785
v -3.168718 3.377644 -3.938777
v -2.158907 1.497306 -4.386785
v -3.133897 1.497306 -4.386785
v -2.124086 3.377644 -3.938777
v -1.601769 3.377644 -3.064255
v -1.671412 1.497306 -3.482107
v -2.124086 3.377644 -3.938777
v -1.671412 1.497306 -3.482107
v -2.158907 1.497306 -4.386785
v -1.671412 1.497306 -3.482107
v -2.158907 1.497306 -2.577429
v -1.880338 0.487495 -2.420154
v -1.671412 1.497306 -3.482107
v -1.880338 0.487495 -2.420154
v -1.114274 0.487495 -4.108887
v -2.158907 1.497306 -2.577429
v -3.133897 1.497306 -2.577429
v -3.412465 0.487495 -2.420154
v -2.158907 1.497306 -2.577429
v -3.412465 0.487495 -2.420154
v -1.880338 0.487495 -2.420154
v -3.133897 1.497306 -2.577429
v -3.621392 1.497306 -3.482107
v -4.178529 0.487495 -4.108887
v -3.133897 1.497306 -2.577429
v -4.178529 0.487495 -4.108887
v -3.412465 0.487495 -2.420154
v -3.621392 1.497306 -3.482107
v -3.133897 1.497306 -4.386785
v -3.412465 0.487495 -5.797619
v -3.621392 1.497306 -3.482107
v -3.412465 0.487495 -5.797619
v -4.178529 0.487495 -4.108887
v -3.133897 1.497306 -4.386785
v -2.158907 1.497306 -4.386785
v -1.880338 0.487495 -5.797619
v -3.133897 1.497306 -4.386785
v -1.880338 0.487495 -5.797619
v -3.412465 0.487495 -5.797619
v -2.158907 1.497306 -4.386785
v -1.671412 1.497306 -3.482107
v -1.114274 0.487495 -4.108887
v -2.158907 1.497306 -4.386785
v -1.114274 0.487495 -4.108887
v -1.880338 0.487495 -5.797619
v -1.114274 0.487495 -4.108887
v -1.880338 0.487495 -2.420154
v -1.949980 0.000000 -2.610420
v -1.114274 0.487495 -4.108887
v -1.949980 0.000000 -2.610420
v -1.253559 0.000000 -4.178529
v -1.880338 0.487495 -2.420154
v -3.412465 0.487495 -2.420154
v -3.342823 0.000000 -2.610420
v -1.880338 0.487495 -2.420154
v -3.342823 0.000000 -2.610420
v -1.949980 0.000000 -2.610420
v -3.412465 0.487495 -2.420154
v -4.178529 0.487495 -4.108887
v -4.039245 0.000000 -4.178529
v -3.412465 0.487495 -2.420154
v -4.039245 0.000000 -4.178529
v -3.342823 0.000000 -2.610420
v -4.178529 0.487495 -4.108887
v -3.412465 0.487495 -5.797619
v -3.342823 0.000000 -5.746638
v -4.178529 0.487495 -4.108887
v -3.342823 0.000000 -5.746638
v -4.039245 0.000000 -4.178529
v -3.412465 0.487495 -5.797619
v -1.880338 0.487495 -5.797619
v -1.949980 0.000000 -5.746638
v -3.412465 0.487495 -5.797619
v -1.949980 0.000000 -5.746638
v -3.342823 0.000000 -5.746638
v -1.880338 0.487495 -5.797619
v -1.114274 0.487495 -4.108887
v -1.253559 0.000000 -4.178529
v -1.880338 0.487495 -5.797619
v -1.253559 0.000000 -4.178529
v -1.949980 0.000000 -5.746638
v -2.646402 7.068678 -3.412465
v -1.497306 7.068678 -3.412465
v -2.071854 7.068678 -2.145916
v -2.646402 7.068678 -3.412465
v -2.071854 7.068678 -2.145916
v -3.220949 7.068678 -2.145916
v -2.646402 7.068678 -3.412465
v -3.220949 7.068678 -2.145916
v -3.795497 7.068678 -3.412465
v -2.646402 7.068678 -3.412465
v -3.795497 7.068678 -3.412465
v -3.220949 7.068678 -4.679015
v -2.646402 7.068678 -3.412465
v -3.220949 7.068678 -4.679015
v -2.071854 7.068678 -4.679015
v -2.646402 7.068678 -3.412465
v -2.071854 7.068678 -4.679015
v -1.497306 7.068678 -3.412465
v -2.646402 0.000000 -4.178529
v -1.949980 0.000000 -2.610420
v -1.253559 0.000000 -4.178529
v -2.646402 0.000000 -4.178529
v -3.342823 0.000000 -2.610420
v -1.949980 0.000000 -2.610420
v -2.646402 0.000000 -4.178529
v -4.039245 0.000000 -4.178529
v -3.342823 0.000000 -2.610420
v -2.646402 0.000000 -4.178529
v -3.342823 0.000000 -5.746638
v -4.039245 0.000000 -4.178529
v -2.646402 0.000000 -4.178529
v -1.949980 0.000000 -5.746638
v -3.342823 0.000000 -5.746638
v -2.646402 0.000000 -4.178529
v -1.253559 0.000000 -4.178529
v -1.949980 0.000000 -5.746638
vt 0.003906 0.753906
vt 0.246094 0.753906
vt 0.246094 0.996094
vt 0.003906 0.753906
vt 0.246094 0.996094
vt 0.003906 0.996094
vt 0.003906 0.753906
vt 0.246094 0.753906
vt 0.246094 0.996094
vt 0.003906 0.753906
vt 0.246094 0.996094
vt 0.003906 0.996094
vt 0.003906 0.753906
vt 0.246094 0.753906
vt 0.246094 0.996094
vt 0.003906 0.753906
vt 0.246094 0.996094
vt 0.003906 0.996094
vt 0.003906 0.753906
vt 0.246094 0.753906
vt 0.246094 0.996094
vt 0.003906 0.753906
vt 0.246094 0.996094
vt 0.003906 0.996094
vt 0.003906 0.753906
vt 0.246094 0.753906
vt 0.246094 0.996094
vt 0.003906 0.753906
vt 0.246094 0.996094
vt 0.003906 0.996094
vt 0.003906 0.753906
vt 0.246094 0.753906
vt 0.246094 0.996094
vt 0.003906 0.753906
vt 0.246094 0.996094
vt 0.003906 0.996094
vt 0.003906 0.753906
vt 0.246094 0.753906
vt 0.246094 0.996094
vt 0.003906 0.753906
vt 0.246094 0.996094
vt 0.003906 0.996094
vt 0.003906 0.753906
vt 0.246094 0.753906
vt 0.246094 0.996094
vt 0.003906 0.753906
vt 0.246094 0.996094
vt 0.003906 0.996094
vt 0.003906 0.753906
vt 0.246094 0.753906
vt 0.246094 0.996094
vt 0.003906 0.753906
vt 0.246094 0.996094
vt 0.003906 0.996094
vt 0.003906 0.753906
vt 0.246094 0.753906
vt 0.246094 0.996094
vt 0.003906 0.753906
vt 0.246094 0.996094
vt 0.003906 0.996094
vt 0.003906 0.753906
vt 0.246094 0.753906
vt 0.246094 0.996094
vt 0.003906 0.753906
vt 0.246094 0.996094
vt 0.003906 0.996094
vt 0.003906 0.753906
vt 0.246094 0.753906
vt 0.246094 0.996094
vt 0.003906 0.753906
vt 0.246094 0.996094
vt 0.003906 0.996094
vt 0.003906 0.753906
vt 0.246094 0.753906
vt 0.246094 0.996094
vt 0.003906 0.753906
vt 0.246094 0.996094
vt 0.003906 0.996094
vt 0.003906 0.753906
vt 0.246094 0.753906
vt 0.246094 0.996094
vt 0.003906 0.753906
vt 0.246094 0.996094
vt 0.003906 0.996094
vt 0.003906 0.753906
vt 0.246094 0.753906
vt 0.246094 0.996094
vt 0.003906 0.753906
vt 0.246094 0.996094
vt 0.003906 0.996094
vt 0.003906 0.753906
vt 0.246094 0.753906
vt 0.246094 0.996094
vt 0.003906 0.753906
vt 0.246094 0.996094
vt 0.003906 0.996094
vt 0.003906 0.753906
vt 0.246094 0.753906
vt 0.246094 0.996094
vt 0.003906 0.753906
vt 0.246094 0.996094
vt 0.003906 0.996094
vt 0.003906 0.753906
vt 0.246094 0.753906
vt 0.246094 0.996094
vt 0.003906 0.753906
vt 0.246094 0.996094
vt 0.003906 0.996094
vt 0.003906 0.753906
vt 0.246094 0.753906
vt 0.246094 0.996094
vt 0.003906 0.753906
vt 0.246094 0.996094
vt 0.003906 0.996094
vt 0.003906 0.753906
vt 0.246094 0.753906
vt 0.246094 0.996094
vt 0.003906 0.753906
vt 0.246094 0.996094
vt 0.003906 0.996094
vt 0.003906 0.753906
vt 0.246094 0.753906
vt 0.246094 0.996094
vt 0.003906 0.753906
vt 0.246094 0.996094
vt 0.003906 0.996094
vt 0.003906 0.753906
vt 0.246094 0.753906
vt 0.246094 0.996094
vt 0.003906 0.753906
vt 0.246094 0.996094
vt 0.003906 0.996094
vt 0.003906 0.753906
vt 0.246094 0.753906
vt 0.246094 0.996094
vt 0.003906 0.753906
vt 0.246094 0.996094
vt 0.003906 0.996094
vt 0.003906 0.753906
vt 0.246094 0.753906
vt 0.246094 0.996094
vt 0.003906 0.753906
vt 0.246094 0.996094
vt 0.003906 0.996094
vt 0.003906 0.753906
vt 0.246094 0.753906
vt 0.246094 0.996094
vt 0.003906 0.753906
vt 0.246094 0.996094
vt 0.003906 0.996094
vt 0.003906 0.753906
vt 0.246094 0.753906
vt 0.246094 0.996094
vt 0.003906 0.753906
vt 0.246094 0.996094
vt 0.003906 0.996094
vt 0.003906 0.753906
vt 0.246094 0.753906
vt 0.246094 0.996094
vt 0.003906 0.753906
vt 0.246094 0.996094
vt 0.003906 0.996094
vt 0.003906 0.753906
vt 0.246094 0.753906
vt 0.246094 0.996094
vt 0.003906 0.753906
vt 0.246094 0.996094
vt 0.003906 0.996094
vt 0.003906 0.753906
vt 0.246094 0.753906
vt 0.246094 0.996094
vt 0.003906 0.753906
vt 0.246094 0.996094
vt 0.003906 0.996094
vt 0.003906 0.753906
vt 0.246094 0.753906
vt 0.246094 0.996094
vt 0.003906 0.753906
vt 0.246094 0.996094
vt 0.003906 0.996094
vt 0.125000 0.875000
vt 0.003906 0.996094
vt 0.246094 0.753906
vt 0.125000 0.875000
vt 0.003906 0.996094
vt 0.246094 0.753906
vt 0.125000 0.875000
vt 0.003906 0.996094
vt 0.246094 0.753906
vt 0.125000 0.875000
vt 0.003906 0.996094
vt 0.246094 0.753906
vt 0.125000 0.875000
vt 0.003906 0.996094
vt 0.246094 0.753906
vt 0.125000 0.875000
vt 0.003906 0.996094
vt 0.246094 0.753906
vt 0.125000 0.875000
vt 0.246094 0.753906
vt 0.003906 0.996094
vt 0.125000 0.875000
vt 0.246094 0.753906
vt 0.003906 0.996094
vt 0.125000 0.875000
vt 0.246094 0.753906
vt 0.003906 0.996094
vt 0.125000 0.875000
vt 0.246094 0.753906
vt 0.003906 0.996094
vt 0.125000 0.875000
vt 0.246094 0.753906
vt 0.003906 0.996094
vt 0.125000 0.875000
vt 0.246094 0.753906
vt 0.003906 0.996094
vn 0.906939 0.090547 0.411417
vn 0.906939 0.090547 0.411417
vn 0.906939 0.090547 0.411417
vn 0.865127 0.157296 0.476250
vn 0.865127 0.157296 0.476250
vn 0.865127 0.157296 0.476250
vn 0.000000 0.019679 0.999806
vn 0.000000 0.019679 0.999806
vn 0.000000 0.019679 0.999806
vn 0.000000 0.019679 0.999806
vn 0.000000 0.019679 0.999806
vn 0.000000 0.019679 0.999806
vn -0.898447 0.163354 0.407565
vn -0.898447 0.163354 0.407565
vn -0.898447 0.163354 0.407565
vn -0.872573 0.088779 0.480349
vn -0.872573 0.088779 0.480349
vn -0.872573 0.088779 0.480349
vn -0.906939 0.090547 -0.411417
vn -0.906939 0.090547 -0.411417
vn -0.906939 0.090547 -0.411417
vn -0.865127 0.157296 -0.476250
vn -0.865127 0.157296 -0.476250
vn -0.865127 0.157296 -0.476250
vn 0.000000 0.019679 -0.999806
vn 0.000000 0.019679 -0.999806
vn 0.000000 0.019679 -0.999806
vn 0.000000 0.019679 -0.999806
vn 0.000000 0.019679 -0.999806
vn 0.000000 0.019679 -0.999806
vn 0.898447 0.163354 -0.407565
vn 0.898447 0.163354 -0.407565
vn 0.898447 0.163354 -0.407565
vn 0.872573 0.088779 -0.480349
vn 0.872573 0.088779 -0.480349
vn 0.872573 0.088779 -0.480349
vn 0.872168 -0.093821 0.480126
vn 0.872168 -0.093821 0.480126
vn 0.872168 -0.093821 0.480126
vn 0.856457 -0.069448 0.511526
vn 0.856457 -0.069448 0.511526
vn 0.856457 -0.069448 0.511526
vn 0.000000 -0.034244 0.999414
vn 0.000000 -0.034244 0.999414
vn 0.000000 -0.034244 0.999414
vn 0.000000 -0.034244 0.999414
vn 0.000000 -0.034244 0.999414
vn 0.000000 -0.034244 0.999414
vn -0.873403 -0.077409 0.480806
vn -0.873403 -0.077409 0.480806
vn -0.873403 -0.077409 0.480806
vn -0.854783 -0.093320 0.510527
vn -0.854783 -0.093320 0.510527
vn -0.854783 -0.093320 0.510527
vn -0.849916 -0.242355 -0.467876
vn -0.849916 -0.242355 -0.467876
vn -0.849916 -0.242355 -0.467876
vn -0.835758 -0.228790 -0.499164
vn -0.835758 -0.228790 -0.499164
vn -0.835758 -0.228790 -0.499164
vn 0.000000 -0.336087 -0.941831
vn 0.000000 -0.336087 -0.941831
vn 0.000000 -0.336087 -0.941831
vn 0.000000 -0.336087 -0.941831
vn 0.000000 -0.336087 -0.941831
vn 0.000000 -0.336087 -0.941831
vn 0.853140 -0.227114 -0.469651
vn 0.853140 -0.227114 -0.469651
vn 0.853140 -0.227114 -0.469651
vn 0.831078 -0.250851 -0.496369
vn 0.831078 -0.250851 -0.496369
vn 0.831078 -0.250851 -0.496369
vn 0.852249 -0.120733 0.509013
vn 0.852249 -0.120733 0.509013
vn 0.852249 -0.120733 0.509013
vn 0.872058 -0.136724 0.469917
vn 0.872058 -0.136724 0.469917
vn 0.872058 -0.136724 0.469917
vn 0.000000 -0.201937 0.979399
vn 0.000000 -0.201937 0.979399
vn 0.000000 -0.201937 0.979399
vn 0.000000 -0.201937 0.979399
vn 0.000000 -0.201937 0.979399
vn 0.000000 -0.201937 0.979399
vn -0.849554 -0.144221 0.507404
vn -0.849554 -0.144221 0.507404
vn -0.849554 -0.144221 0.507404
vn -0.874648 -0.113375 0.471313
vn -0.874648 -0.113375 0.471313
vn -0.874648 -0.113375 0.471313
vn -0.853722 0.105677 -0.509893
vn -0.853722 0.105677 -0.509893
vn -0.853722 0.105677 -0.509893
vn -0.878000 0.072619 -0.473119
vn -0.878000 0.072619 -0.473119
vn -0.878000 0.072619 -0.473119
vn 0.000000 0.231772 -0.972770
vn 0.000000 0.231772 -0.972770
vn 0.000000 0.231772 -0.972770
vn 0.000000 0.231772 -0.972770
vn 0.000000 0.231772 -0.972770
vn 0.000000 0.231772 -0.972770
vn 0.855647 0.081874 -0.511043
vn 0.855647 0.081874 -0.511043
vn 0.855647 0.081874 -0.511043
vn 0.876235 0.096272 -0.472168
vn 0.876235 0.096272 -0.472168
vn 0.876235 0.096272 -0.472168
vn 0.839235 0.301947 0.452231
vn 0.839235 0.301947 0.452231
vn 0.839235 0.301947 0.452231
vn 0.884309 0.238904 0.401151
vn 0.884309 0.238904 0.401151
vn 0.884309 0.238904 0.401151
vn 0.000000 0.153892 0.988088
vn 0.000000 0.153892 0.988088
vn 0.000000 0.153892 0.988088
vn 0.000000 0.153892 0.988088
vn 0.000000 0.153892 0.988088
vn 0.000000 0.153892 0.988088
vn -0.864652 0.187854 0.465927
vn -0.864652 0.187854 0.465927
vn -0.864652 0.187854 0.465927
vn -0.868465 0.300935 0.393964
vn -0.868465 0.300935 0.393964
vn -0.868465 0.300935 0.393964
vn -0.652518 0.671257 -0.351616
vn -0.652518 0.671257 -0.351616
vn -0.652518 0.671257 -0.351616
vn -0.725447 0.604507 -0.329086
vn -0.725447 0.604507 -0.329086
vn -0.725447 0.604507 -0.329086
vn 0.000000 0.813168 -0.582029
vn 0.000000 0.813168 -0.582029
vn 0.000000 0.813168 -0.582029
vn 0.000000 0.813168 -0.582029
vn 0.000000 0.813168 -0.582029
vn 0.000000 0.813168 -0.582029
vn 0.694093 0.615097 -0.374019
vn 0.694093 0.615097 -0.374019
vn 0.694093 0.615097 -0.374019
vn 0.701304 0.637937 -0.318134
vn 0.701304 0.637937 -0.318134
vn 0.701304 0.637937 -0.318134
vn 0.874331 -0.279704 0.396625
vn 0.874331 -0.279704 0.396625
vn 0.874331 -0.279704 0.396625
vn 0.870668 -0.304002 0.386677
vn 0.870668 -0.304002 0.386677
vn 0.870668 -0.304002 0.386677
vn 0.000000 -0.363582 0.931562
vn 0.000000 -0.363582 0.931562
vn 0.000000 -0.363582 0.931562
vn 0.000000 -0.363582 0.931562
vn 0.000000 -0.363582 0.931562
vn 0.000000 -0.363582 0.931562
vn -0.867552 -0.304093 0.393550
vn -0.867552 -0.304093 0.393550
vn -0.867552 -0.304093 0.393550
vn -0.877999 -0.277616 0.389933
vn -0.877999 -0.277616 0.389933
vn -0.877999 -0.277616 0.389933
vn -0.897305 -0.170755 -0.407047
vn -0.897305 -0.170755 -0.407047
vn -0.897305 -0.170755 -0.407047
vn -0.895631 -0.199071 -0.397764
vn -0.895631 -0.199071 -0.397764
vn -0.895631 -0.199071 -0.397764
vn 0.000000 -0.104011 -0.994576
vn 0.000000 -0.104011 -0.994576
vn 0.000000 -0.104011 -0.994576
vn 0.000000 -0.104011 -0.994576
vn 0.000000 -0.104011 -0.994576
vn 0.000000 -0.104011 -0.994576
vn 0.892792 -0.197226 -0.404999
vn 0.892792 -0.197226 -0.404999
vn 0.892792 -0.197226 -0.404999
vn 0.900545 -0.170475 -0.399946
vn 0.900545 -0.170475 -0.399946
vn 0.900545 -0.170475 -0.399946
vn 0.000000 -1.000000 0.000000
vn 0.000000 -1.000000 0.000000
vn 0.000000 -1.000000 0.000000
vn 0.000000 -1.000000 0.000000
vn 0.000000 -1.000000 0.000000
vn 0.000000 -1.000000 0.000000
vn 0.000000 -1.000000 0.000000
vn 0.000000 -1.000000 0.000000
vn 0.000000 -1.000000 0.000000
vn -0.000000 -1.000000 0.000000
vn -0.000000 -1.000000 0.000000
vn -0.000000 -1.000000 0.000000
vn 0.000000 -1.000000 -0.000000
vn 0.000000 -1.000000 -0.000000
vn 0.000000 -1.000000 -0.000000
vn 0.000000 -1.000000 0.000000
vn 0.000000 -1.000000 0.000000
vn 0.000000 -1.000000 0.000000
vn 0.000000 1.000000 0.000000
vn 0.000000 1.000000 0.000000
vn 0.000000 1.000000 0.000000
vn 0.000000 1.000000 -0.000000
vn 0.000000 1.000000 -0.000000
vn 0.000000 1.000000 -0.000000
vn 0.000000 1.000000 0.000000
vn 0.000000 1.000000 0.000000
vn 0.000000 1.000000 0.000000
vn 0.000000 1.000000 0.000000
vn 0.000000 1.000000 0.000000
vn 0.000000 1.000000 0.000000
vn 0.000000 1.000000 0.000000
vn 0.000000 1.000000 0.000000
vn 0.000000 1.000000 0.000000
vn -0.000000 1.000000 0.000000
vn -0.000000 1.000000 0.000000
vn -0.000000 1.000000 0.000000
f 1117/1117/1117 1118/1118/1118 1119/1119/1119
f 1120/1120/1120 1121/1121/1121 1122/1122/1122
f 1123/1123/1123 1124/1124/1124 1125/1125/1125
f 1126/1126/1126 1127/1127/1127 1128/1128/1128
f 1129/1129/1129 1130/1130/1130 1131/1131/1131
f 1132/1132/1132 1133/1133/1133 1134/1134/1134
f 1135/1135/1135 1136/1136/1136 1137/1137/1137
f 1138/1138/1138 1139/1139/1139 1140/1140/1140
f 1141/1141/1141 1142/1142/1142 1143/1143/1143
f 1144/1144/1144 1145/1145/1145 1146/1146/1146
f 1147/1147/1147 1148/1148/1148 1149/1149/1149
f 1150/1150/1150 1151/1151/1151 1152/1152/1152
f 1153/1153/1153 1154/1154/1154 1155/1155/1155
f 1156/1156/1156 1157/1157/1157 1158/1158/1158
f 1159/1159/1159 1160/1160/1160 1161/1161/1161
f 1162/1162/1162 1163/1163/1163 1164/1164/1164
f 1165/1165/1165 1166/1166/1166 1167/1167/1167
f 1168/1168/1168 1169/1169/1169 1170/1170/1170
f 1171/1171/1171 1172/1172/1172 1173/1173/1173
f 1174/1174/1174 1175/1175/1175 1176/1176/1176
f 1177/1177/1177 1178/1178/1178 1179/1179/1179
f 1180/1180/1180 1181/1181/1181 1182/1182/1182
f 1183/1183/1183 1184/1184/1184 1185/1185/1185
f 1186/1186/1186 1187/1187/1187 1188/1188/1188
f 1189/1189/1189 1190/1190/1190 1191/1191/1191
f 1192/1192/1192 1193/1193/1193 1194/1194/1194
f 1195/1195/1195 1196/1196/1196 1197/1197/1197
f 1198/1198/1198 1199/1199/1199 1200/1200/1200
f 1201/1201/1201 1202/1202/1202 1203/1203/1203
f 1204/1204/1204 1205/1205/1205 1206/1206/1206
f 1207/1207/1207 1208/1208/1208 1209/1209/1209
f 1210/1210/1210 1211/1211/1211 1212/1212/1212
f 1213/1213/1213 1214/1214/1214 1215/1215/1215
f 1216/1216/1216 1217/1217/1217 1218/1218/1218
f 1219/1219/1219 1220/1220/1220 1221/1221/1221
f 1222/1222/1222 1223/1223/1223 1224/1224/1224
f 1225/1225/1225 1226/1226/1226 1227/1227/1227
f 1228/1228/1228 1229/1229/1229 1230/1230/1230
f 1231/1231/1231 1232/1232/1232 1233/1233/1233
f 1234/1234/1234 1235/1235/1235 1236/1236/1236
f 1237/1237/1237 1238/1238/1238 1239/1239/1239
f 1240/1240/1240 1241/1241/1241 1242/1242/1242
f 1243/1243/1243 1244/1244/1244 1245/1245/1245
f 1246/1246/1246 1247/1247/1247 1248/1248/1248
f 1249/1249/1249 1250/1250/1250 1251/1251/1251
f 1252/1252/1252 1253/1253/1253 1254/1254/1254
f 1255/1255/1255 1256/1256/1256 1257/1257/1257
f 1258/1258/1258 1259/1259/1259 1260/1260/1260
f 1261/1261/1261 1262/1262/1262 1263/1263/1263
f 1264/1264/1264 1265/1265/1265 1266/1266/1266
f 1267/1267/1267 1268/1268/1268 1269/1269/1269
f 1270/1270/1270 1271/1271/1271 1272/1272/1272
f 1273/1273/1273 1274/1274/1274 1275/1275/1275
f 1276/1276/1276 1277/1277/1277 1278/1278/1278
f 1279/1279/1279 1280/1280/1280 1281/1281/1281
f 1282/1282/1282 1283/1283/1283 1284/1284/1284
f 1285/1285/1285 1286/1286/1286 1287/1287/1287
f 1288/1288/1288 1289/1289/1289 1290/1290/1290
f 1291/1291/1291 1292/1292/1292 1293/1293/1293
f 1294/1294/1294 1295/1295/1295 1296/1296/1296
f 1297/1297/1297 1298/1298/1298 1299/1299/1299
f 1300/1300/1300 1301/1301/1301 1302/1302/1302
f 1303/1303/1303 1304/1304/1304 1305/1305/1305
f 1306/1306/1306 1307/1307/1307 1308/1308/1308
f 1309/1309/1309 1310/1310/1310 1311/1311/1311
f 1312/1312/1312 1313/1313/1313 1314/1314/1314
f 1315/1315/1315 1316/1316/1316 1317/1317/1317
f 1318/1318/1318 1319/1319/1319 1320/1320/1320
f 1321/1321/1321 1322/1322/1322 1323/1323/1323
f 1324/1324/1324 1325/1325/1325 1326/1326/1326
f 1327/1327/1327 1328/1328/1328 1329/1329/1329
f 1330/1330/1330 1331/1331/1331 1332/1332/1332
o LeftFrontToe-1
usemtl PaintedTeaFantasy
v -3.064255 0.452674 -6.163330
v -3.304862 0.783842 -6.163330
v -3.288722 0.850076 -5.432088
v -3.064255 0.452674 -6.163330
v -3.288722 0.850076 -5.432088
v -3.012023 0.452674 -5.432088
v -3.304862 0.783842 -6.163330
v -3.694174 0.657347 -6.163330
v -3.736430 0.698282 -5.432088
v -3.304862 0.783842 -6.163330
v -3.736430 0.698282 -5.432088
v -3.288722 0.850076 -5.432088
v -3.694174 0.657347 -6.163330
v -3.694174 0.248001 -6.163330
v -3.736430 0.207066 -5.432088
v -3.694174 0.657347 -6.163330
v -3.736430 0.207066 -5.432088
v -3.736430 0.698282 -5.432088
v -3.694174 0.248001 -6.163330
v -3.304862 0.121506 -6.163330
v -3.288722 0.055272 -5.432088
v -3.694174 0.248001 -6.163330
v -3.288722 0.055272 -5.432088
v -3.736430 0.207066 -5.432088
v -3.304862 0.121506 -6.163330
v -3.064255 0.452674 -6.163330
v -3.012023 0.452674 -5.432088
v -3.304862 0.121506 -6.163330
v -3.012023 0.452674 -5.432088
v -3.288722 0.055272 -5.432088
v -3.412465 0.452674 -6.163330
v -3.304862 0.783842 -6.163330
v -3.064255 0.452674 -6.163330
v -3.412465 0.452674 -6.163330
v -3.694174 0.657347 -6.163330
v -3.304862 0.783842 -6.163330
v -3.412465 0.452674 -6.163330
v -3.694174 0.248001 -6.163330
v -3.694174 0.657347 -6.163330
v -3.412465 0.452674 -6.163330
v -3.304862 0.121506 -6.163330
v -3.694174 0.248001 -6.163330
v -3.412465 0.452674 -6.163330
v -3.064255 0.452674 -6.163330
v -3.304862 0.121506 -6.163330
v -3.412465 0.452674 -5.432088
v -3.012023 0.452674 -5.432088
v -3.288722 0.850076 -5.432088
v -3.412465 0.452674 -5.432088
v -3.288722 0.850076 -5.432088
v -3.736430 0.698282 -5.432088
v -3.412465 0.452674 -5.432088
v -3.736430 0.698282 -5.432088
v -3.736430 0.207066 -5.432088
v -3.412465 0.452674 -5.432088
v -3.736430 0.207066 -5.432088
v -3.288722 0.055272 -5.432088
v -3.412465 0.452674 -5.432088
v -3.288722 0.055272 -5.432088
v -3.012023 0.452674 -5.432088
vt 0.003906 0.746094
vt 0.052344 0.746094
vt 0.052344 0.503906
vt 0.003906 0.746094
vt 0.052344 0.503906
vt 0.003906 0.503906
vt 0.052344 0.746094
vt 0.100781 0.746094
vt 0.100781 0.503906
vt 0.052344 0.746094
vt 0.100781 0.503906
vt 0.052344 0.503906
vt 0.100781 0.746094
vt 0.149219 0.746094
vt 0.149219 0.503906
vt 0.100781 0.746094
vt 0.149219 0.503906
vt 0.100781 0.503906
vt 0.149219 0.746094
vt 0.197656 0.746094
vt 0.197656 0.503906
vt 0.149219 0.746094
vt 0.197656 0.503906
vt 0.149219 0.503906
vt 0.197656 0.746094
vt 0.246094 0.746094
vt 0.246094 0.503906
vt 0.197656 0.746094
vt 0.246094 0.503906
vt 0.197656 0.503906
vt 0.125000 0.625000
vt 0.221875 0.528125
vt 0.028125 0.721875
vt 0.125000 0.625000
vt 0.221875 0.528125
vt 0.028125 0.721875
vt 0.125000 0.625000
vt 0.221875 0.528125
vt 0.028125 0.721875
vt 0.125000 0.625000
vt 0.221875 0.528125
vt 0.028125 0.721875
vt 0.125000 0.625000
vt 0.221875 0.528125
vt 0.028125 0.721875
vt 0.125000 0.625000
vt 0.028125 0.721875
vt 0.221875 0.528125
vt 0.125000 0.625000
vt 0.028125 0.721875
vt 0.221875 0.528125
vt 0.125000 0.625000
vt 0.028125 0.721875
vt 0.221875 0.528125
vt 0.125000 0.625000
vt 0.028125 0.721875
vt 0.221875 0.528125
vt 0.125000 0.625000
vt 0.028125 0.721875
vt 0.221875 0.528125
vn 0.806980 0.586305 -0.070918
vn 0.806980 0.586305 -0.070918
vn 0.806980 0.586305 -0.070918
vn 0.819261 0.570427 -0.058519
vn 0.819261 0.570427 -0.058519
vn 0.819261 0.570427 -0.058519
vn -0.308239 0.948662 -0.070918
vn -0.308239 0.948662 -0.070918
vn -0.308239 0.948662 -0.070918
vn -0.320104 0.944129 -0.078451
vn -0.320104 0.944129 -0.078451
vn -0.320104 0.944129 -0.078451
vn -0.998335 -0.000000 -0.057691
vn -0.998335 -0.000000 -0.057691
vn -0.998335 -0.000000 -0.057691
vn -0.998335 0.000000 -0.057691
vn -0.998335 0.000000 -0.057691
vn -0.998335 0.000000 -0.057691
vn -0.308049 -0.948078 -0.079074
vn -0.308049 -0.948078 -0.079074
vn -0.308049 -0.948078 -0.079074
vn -0.320274 -0.944631 -0.071388
vn -0.320274 -0.944631 -0.071388
vn -0.320274 -0.944631 -0.071388
vn 0.807670 -0.586806 -0.057691
vn 0.807670 -0.586806 -0.057691
vn 0.807670 -0.586806 -0.057691
vn 0.818672 -0.570016 -0.069701
vn 0.818672 -0.570016 -0.069701
vn 0.818672 -0.570016 -0.069701
vn 0.000000 0.000000 -1.000000
vn 0.000000 0.000000 -1.000000
vn 0.000000 0.000000 -1.000000
vn 0.000000 0.000000 -1.000000
vn 0.000000 0.000000 -1.000000
vn 0.000000 0.000000 -1.000000
vn -0.000000 0.000000 -1.000000
vn -0.000000 0.000000 -1.000000
vn -0.000000 0.000000 -1.000000
vn 0.000000 -0.000000 -1.000000
vn 0.000000 -0.000000 -1.000000
vn 0.000000 -0.000000 -1.000000
vn 0.000000 0.000000 -1.000000
vn 0.000000 0.000000 -1.000000
vn 0.000000 0.000000 -1.000000
vn 0.000000 0.000000 1.000000
vn 0.000000 0.000000 1.000000
vn 0.000000 0.000000 1.000000
vn 0.000000 -0.000000 1.000000
vn 0.000000 -0.000000 1.000000
vn 0.000000 -0.000000 1.000000
vn 0.000000 0.000000 1.000000
vn 0.000000 0.000000 1.000000
vn 0.000000 0.000000 1.000000
vn 0.000000 0.000000 1.000000
vn 0.000000 0.000000 1.000000
vn 0.000000 0.000000 1.000000
vn -0.000000 0.000000 1.000000
vn -0.000000 0.000000 1.000000
vn -0.000000 0.000000 1.000000
f 1333/1333/1333 1334/1334/1334 1335/1335/1335
f 1336/1336/1336 1337/1337/1337 1338/1338/1338
f 1339/1339/1339 1340/1340/1340 1341/1341/1341
f 1342/1342/1342 1343/1343/1343 1344/1344/1344
f 1345/1345/1345 1346/1346/1346 1347/1347/1347
f 1348/1348/1348 1349/1349/1349 1350/1350/1350
f 1351/1351/1351 1352/1352/1352 1353/1353/1353
f 1354/1354/1354 1355/1355/1355 1356/1356/1356
f 1357/1357/1357 1358/1358/1358 1359/1359/1359
f 1360/1360/1360 1361/1361/1361 1362/1362/1362
f 1363/1363/1363 1364/1364/1364 1365/1365/1365
f 1366/1366/1366 1367/1367/1367 1368/1368/1368
f 1369/1369/1369 1370/1370/1370 1371/1371/1371
f 1372/1372/1372 1373/1373/1373 1374/1374/1374
f 1375/1375/1375 1376/1376/1376 1377/1377/1377
f 1378/1378/1378 1379/1379/1379 1380/1380/1380
f 1381/1381/1381 1382/1382/1382 1383/1383/1383
f 1384/1384/1384 1385/1385/1385 1386/1386/1386
f 1387/1387/1387 1388/1388/1388 1389/1389/1389
f 1390/1390/1390 1391/1391/1391 1392/1392/1392
o LeftFrontToe0
usemtl PaintedTeaFantasy
v -2.298191 0.452674 -6.163330
v -2.538799 0.783842 -6.163330
v -2.522658 0.850076 -5.432088
v -2.298191 0.452674 -6.163330
v -2.522658 0.850076 -5.432088
v -2.245959 0.452674 -5.432088
v -2.538799 0.783842 -6.163330
v -2.928110 0.657347 -6.163330
v -2.970366 0.698282 -5.432088
v -2.538799 0.783842 -6.163330
v -2.970366 0.698282 -5.432088
v -2.522658 0.850076 -5.432088
v -2.928110 0.657347 -6.163330
v -2.928110 0.248001 -6.163330
v -2.970366 0.207066 -5.432088
v -2.928110 0.657347 -6.163330
v -2.970366 0.207066 -5.432088
v -2.970366 0.698282 -5.432088
v -2.928110 0.248001 -6.163330
v -2.538799 0.121506 -6.163330
v -2.522658 0.055272 -5.432088
v -2.928110 0.248001 -6.163330
v -2.522658 0.055272 -5.432088
v -2.970366 0.207066 -5.432088
v -2.538799 0.121506 -6.163330
v -2.298191 0.452674 -6.163330
v -2.245959 0.452674 -5.432088
v -2.538799 0.121506 -6.163330
v -2.245959 0.452674 -5.432088
v -2.522658 0.055272 -5.432088
v -2.646402 0.452674 -6.163330
v -2.538799 0.783842 -6.163330
v -2.298191 0.452674 -6.163330
v -2.646402 0.452674 -6.163330
v -2.928110 0.657347 -6.163330
v -2.538799 0.783842 -6.163330
v -2.646402 0.452674 -6.163330
v -2.928110 0.248001 -6.163330
v -2.928110 0.657347 -6.163330
v -2.646402 0.452674 -6.163330
v -2.538799 0.121506 -6.163330
v -2.928110 0.248001 -6.163330
v -2.646402 0.452674 -6.163330
v -2.298191 0.452674 -6.163330
v -2.538799 0.121506 -6.163330
v -2.646402 0.452674 -5.432088
v -2.245959 0.452674 -5.432088
v -2.522658 0.850076 -5.432088
v -2.646402 0.452674 -5.432088
v -2.522658 0.850076 -5.432088
v -2.970366 0.698282 -5.432088
v -2.646402 0.452674 -5.432088
v -2.970366 0.698282 -5.432088
v -2.970366 0.207066 -5.432088
v -2.646402 0.452674 -5.432088
v -2.970366 0.207066 -5.432088
v -2.522658 0.055272 -5.432088
v -2.646402 0.452674 -5.432088
v -2.522658 0.055272 -5.432088
v -2.245959 0.452674 -5.432088
vt 0.003906 0.746094
vt 0.052344 0.746094
vt 0.052344 0.503906
vt 0.003906 0.746094
vt 0.052344 0.503906
vt 0.003906 0.503906
vt 0.052344 0.746094
vt 0.100781 0.746094
vt 0.100781 0.503906
vt 0.052344 0.746094
vt 0.100781 0.503906
vt 0.052344 0.503906
vt 0.100781 0.746094
vt 0.149219 0.746094
vt 0.149219 0.503906
vt 0.100781 0.746094
vt 0.149219 0.503906
vt 0.100781 0.503906
vt 0.149219 0.746094
vt 0.197656 0.746094
vt 0.197656 0.503906
vt 0.149219 0.746094
vt 0.197656 0.503906
vt 0.149219 0.503906
vt 0.197656 0.746094
vt 0.246094 0.746094
vt 0.246094 0.503906
vt 0.197656 0.746094
vt 0.246094 0.503906
vt 0.197656 0.503906
vt 0.125000 0.625000
vt 0.221875 0.528125
vt 0.028125 0.721875
vt 0.125000 0.625000
vt 0.221875 0.528125
vt 0.028125 0.721875
vt 0.125000 0.625000
vt 0.221875 0.528125
vt 0.028125 0.721875
vt 0.125000 0.625000
vt 0.221875 0.528125
vt 0.028125 0.721875
vt 0.125000 0.625000
vt 0.221875 0.528125
vt 0.028125 0.721875
vt 0.125000 0.625000
vt 0.028125 0.721875
vt 0.221875 0.528125
vt 0.125000 0.625000
vt 0.028125 0.721875
vt 0.221875 0.528125
vt 0.125000 0.625000
vt 0.028125 0.721875
vt 0.221875 0.528125
vt 0.125000 0.625000
vt 0.028125 0.721875
vt 0.221875 0.528125
vt 0.125000 0.625000
vt 0.028125 0.721875
vt 0.221875 0.528125
vn 0.806980 0.586305 -0.070918
vn 0.806980 0.586305 -0.070918
vn 0.806980 0.586305 -0.070918
vn 0.819261 0.570427 -0.058519
vn 0.819261 0.570427 -0.058519
vn 0.819261 0.570427 -0.058519
vn -0.308239 0.948662 -0.070918
vn -0.308239 0.948662 -0.070918
vn -0.308239 0.948662 -0.070918
vn -0.320104 0.944129 -0.078451
vn -0.320104 0.944129 -0.078451
vn -0.320104 0.944129 -0.078451
vn -0.998335 -0.000000 -0.057691
vn -0.998335 -0.000000 -0.057691
vn -0.998335 -0.000000 -0.057691
vn -0.998335 0.000000 -0.057691
vn -0.998335 0.000000 -0.057691
vn -0.998335 0.000000 -0.057691
vn -0.308049 -0.948078 -0.079074
vn -0.308049 -0.948078 -0.079074
vn -0.308049 -0.948078 -0.079074
vn -0.320274 -0.944631 -0.071388
vn -0.320274 -0.944631 -0.071388
vn -0.320274 -0.944631 -0.071388
vn 0.807670 -0.586806 -0.057691
vn 0.807670 -0.586806 -0.057691
vn 0.807670 -0.586806 -0.057691
vn 0.818672 -0.570016 -0.069701
vn 0.818672 -0.570016 -0.069701
vn 0.818672 -0.570016 -0.069701
vn 0.000000 0.000000 -1.000000
vn 0.000000 0.000000 -1.000000
vn 0.000000 0.000000 -1.000000
vn 0.000000 0.000000 -1.000000
vn 0.000000 0.000000 -1.000000
vn 0.000000 0.000000 -1.000000
vn -0.000000 0.000000 -1.000000
vn -0.000000 0.000000 -1.000000
vn -0.000000 0.000000 -1.000000
vn 0.000000 -0.000000 -1.000000
vn 0.000000 -0.000000 -1.000000
vn 0.000000 -0.000000 -1.000000
vn 0.000000 0.000000 -1.000000
vn 0.000000 0.000000 -1.000000
vn 0.000000 0.000000 -1.000000
vn 0.000000 0.000000 1.000000
vn 0.000000 0.000000 1.000000
vn 0.000000 0.000000 1.000000
vn 0.000000 -0.000000 1.000000
vn 0.000000 -0.000000 1.000000
vn 0.000000 -0.000000 1.000000
vn 0.000000 0.000000 1.000000
vn 0.000000 0.000000 1.000000
vn 0.000000 0.000000 1.000000
vn 0.000000 0.000000 1.000000
vn 0.000000 0.000000 1.000000
vn 0.000000 0.000000 1.000000
vn -0.000000 0.000000 1.000000
vn -0.000000 0.000000 1.000000
vn -0.000000 0.000000 1.000000
f 1393/1393/1393 1394/1394/1394 1395/1395/1395
f 1396/1396/1396 1397/1397/1397 1398/1398/1398
f 1399/1399/1399 1400/1400/1400 1401/1401/1401
f 1402/1402/1402 1403/1403/1403 1404/1404/1404
f 1405/1405/1405 1406/1406/1406 1407/1407/1407
f 1408/1408/1408 1409/1409/1409 1410/1410/1410
f 1411/1411/1411 1412/1412/1412 1413/1413/1413
f 1414/1414/1414 1415/1415/1415 1416/1416/1416
f 1417/1417/1417 1418/1418/1418 1419/1419/1419
f 1420/1420/1420 1421/1421/1421 1422/1422/1422
f 1423/1423/1423 1424/1424/1424 1425/1425/1425
f 1426/1426/1426 1427/1427/1427 1428/1428/1428
f 1429/1429/1429 1430/1430/1430 1431/1431/1431
f 1432/1432/1432 1433/1433/1433 1434/1434/1434
f 1435/1435/1435 1436/1436/1436 1437/1437/1437
f 1438/1438/1438 1439/1439/1439 1440/1440/1440
f 1441/1441/1441 1442/1442/1442 1443/1443/1443
f 1444/1444/1444 1445/1445/1445 1446/1446/1446
f 1447/1447/1447 1448/1448/1448 1449/1449/1449
f 1450/1450/1450 1451/1451/1451 1452/1452/1452
o LeftFrontToe1
usemtl PaintedTeaFantasy
v -1.532127 0.452674 -6.163330
v -1.772735 0.783842 -6.163330
v -1.756595 0.850076 -5.432088
v -1.532127 0.452674 -6.163330
v -1.756595 0.850076 -5.432088
v -1.479896 0.452674 -5.432088
v -1.772735 0.783842 -6.163330
v -2.162046 0.657347 -6.163330
v -2.204303 0.698282 -5.432088
v -1.772735 0.783842 -6.163330
v -2.204303 0.698282 -5.432088
v -1.756595 0.850076 -5.432088
v -2.162046 0.657347 -6.163330
v -2.162046 0.248001 -6.163330
v -2.204303 0.207066 -5.432088
v -2.162046 0.657347 -6.163330
v -2.204303 0.207066 -5.432088
v -2.204303 0.698282 -5.432088
v -2.162046 0.248001 -6.163330
v -1.772735 0.121506 -6.163330
v -1.756595 0.055272 -5.432088
v -2.162046 0.248001 -6.163330
v -1.756595 0.055272 -5.432088
v -2.204303 0.207066 -5.432088
v -1.772735 0.121506 -6.163330
v -1.532127 0.452674 -6.163330
v -1.479896 0.452674 -5.432088
v -1.772735 0.121506 -6.163330
v -1.479896 0.452674 -5.432088
v -1.756595 0.055272 -5.432088
v -1.880338 0.452674 -6.163330
v -1.772735 0.783842 -6.163330
v -1.532127 0.452674 -6.163330
v -1.880338 0.452674 -6.163330
v -2.162046 0.657347 -6.163330
v -1.772735 0.783842 -6.163330
v -1.880338 0.452674 -6.163330
v -2.162046 0.248001 -6.163330
v -2.162046 0.657347 -6.163330
v -1.880338 0.452674 -6.163330
v -1.772735 0.121506 -6.163330
v -2.162046 0.248001 -6.163330
v -1.880338 0.452674 -6.163330
v -1.532127 0.452674 -6.163330
v -1.772735 0.121506 -6.163330
v -1.880338 0.452674 -5.432088
v -1.479896 0.452674 -5.432088
v -1.756595 0.850076 -5.432088
v -1.880338 0.452674 -5.432088
v -1.756595 0.850076 -5.432088
v -2.204303 0.698282 -5.432088
v -1.880338 0.452674 -5.432088
v -2.204303 0.698282 -5.432088
v -2.204303 0.207066 -5.432088
v -1.880338 0.452674 -5.432088
v -2.204303 0.207066 -5.432088
v -1.756595 0.055272 -5.432088
v -1.880338 0.452674 -5.432088
v -1.756595 0.055272 -5.432088
v -1.479896 0.452674 -5.432088
vt 0.003906 0.746094
vt 0.052344 0.746094
vt 0.052344 0.503906
vt 0.003906 0.746094
vt 0.052344 0.503906
vt 0.003906 0.503906
vt 0.052344 0.746094
vt 0.100781 0.746094
vt 0.100781 0.503906
vt 0.052344 0.746094
vt 0.100781 0.503906
vt 0.052344 0.503906
vt 0.100781 0.746094
vt 0.149219 0.746094
vt 0.149219 0.503906
vt 0.100781 0.746094
vt 0.149219 0.503906
vt 0.100781 0.503906
vt 0.149219 0.746094
vt 0.197656 0.746094
vt 0.197656 0.503906
vt 0.149219 0.746094
vt 0.197656 0.503906
vt 0.149219 0.503906
vt 0.197656 0.746094
vt 0.246094 0.746094
vt 0.246094 0.503906
vt 0.197656 0.746094
vt 0.246094 0.503906
vt 0.197656 0.503906
vt 0.125000 0.625000
vt 0.221875 0.528125
vt 0.028125 0.721875
vt 0.125000 0.625000
vt 0.221875 0.528125
vt 0.028125 0.721875
vt 0.125000 0.625000
vt 0.221875 0.528125
vt 0.028125 0.721875
vt 0.125000 0.625000
vt 0.221875 0.528125
vt 0.028125 0.721875
vt 0.125000 0.625000
vt 0.221875 0.528125
vt 0.028125 0.721875
vt 0.125000 0.625000
vt 0.028125 0.721875
vt 0.221875 0.528125
vt 0.125000 0.625000
vt 0.028125 0.721875
vt 0.221875 0.528125
vt 0.125000 0.625000
vt 0.028125 0.721875
vt 0.221875 0.528125
vt 0.125000 0.625000
vt 0.028125 0.721875
vt 0.221875 0.528125
vt 0.125000 0.625000
vt 0.028125 0.721875
vt 0.221875 0.528125
vn 0.806980 0.586305 -0.070918
vn 0.806980 0.586305 -0.070918
vn 0.806980 0.586305 -0.070918
vn 0.819261 0.570427 -0.058519
vn 0.819261 0.570427 -0.058519
vn 0.819261 0.570427 -0.058519
vn -0.308239 0.948662 -0.070918
vn -0.308239 0.948662 -0.070918
vn -0.308239 0.948662 -0.070918
vn -0.320104 0.944129 -0.078451
vn -0.320104 0.944129 -0.078451
vn -0.320104 0.944129 -0.078451
vn -0.998335 -0.000000 -0.057691
vn -0.998335 -0.000000 -0.057691
vn -0.998335 -0.000000 -0.057691
vn -0.998335 0.000000 -0.057691
vn -0.998335 0.000000 -0.057691
vn -0.998335 0.000000 -0.057691
vn -0.308049 -0.948078 -0.079074
vn -0.308049 -0.948078 -0.079074
vn -0.308049 -0.948078 -0.079074
vn -0.320274 -0.944631 -0.071388
vn -0.320274 -0.944631 -0.071388
vn -0.320274 -0.944631 -0.071388
vn 0.807670 -0.586806 -0.057691
vn 0.807670 -0.586806 -0.057691
vn 0.807670 -0.586806 -0.057691
vn 0.818672 -0.570016 -0.069701
vn 0.818672 -0.570016 -0.069701
vn 0.818672 -0.570016 -0.069701
vn 0.000000 0.000000 -1.000000
vn 0.000000 0.000000 -1.000000
vn 0.000000 0.000000 -1.000000
vn 0.000000 0.000000 -1.000000
vn 0.000000 0.000000 -1.000000
vn 0.000000 0.000000 -1.000000
vn -0.000000 0.000000 -1.000000
vn -0.000000 0.000000 -1.000000
vn -0.000000 0.000000 -1.000000
vn 0.000000 -0.000000 -1.000000
vn 0.000000 -0.000000 -1.000000
vn 0.000000 -0.000000 -1.000000
vn 0.000000 0.000000 -1.000000
vn 0.000000 0.000000 -1.000000
vn 0.000000 0.000000 -1.000000
vn 0.000000 0.000000 1.000000
vn 0.000000 0.000000 1.000000
vn 0.000000 0.000000 1.000000
vn 0.000000 -0.000000 1.000000
vn 0.000000 -0.000000 1.000000
vn 0.000000 -0.000000 1.000000
vn 0.000000 0.000000 1.000000
vn 0.000000 0.000000 1.000000
vn 0.000000 0.000000 1.000000
vn 0.000000 0.000000 1.000000
vn 0.000000 0.000000 1.000000
vn 0.000000 0.000000 1.000000
vn -0.000000 0.000000 1.000000
vn -0.000000 0.000000 1.000000
vn -0.000000 0.000000 1.000000
f 1453/1453/1453 1454/1454/1454 1455/1455/1455
f 1456/1456/1456 1457/1457/1457 1458/1458/1458
f 1459/1459/1459 1460/1460/1460 1461/1461/1461
f 1462/1462/1462 1463/1463/1463 1464/1464/1464
f 1465/1465/1465 1466/1466/1466 1467/1467/1467
f 1468/1468/1468 1469/1469/1469 1470/1470/1470
f 1471/1471/1471 1472/1472/1472 1473/1473/1473
f 1474/1474/1474 1475/1475/1475 1476/1476/1476
f 1477/1477/1477 1478/1478/1478 1479/1479/1479
f 1480/1480/1480 1481/1481/1481 1482/1482/1482
f 1483/1483/1483 1484/1484/1484 1485/1485/1485
f 1486/1486/1486 1487/1487/1487 1488/1488/1488
f 1489/1489/1489 1490/1490/1490 1491/1491/1491
f 1492/1492/1492 1493/1493/1493 1494/1494/1494
f 1495/1495/1495 1496/1496/1496 1497/1497/1497
f 1498/1498/1498 1499/1499/1499 1500/1500/1500
f 1501/1501/1501 1502/1502/1502 1503/1503/1503
f 1504/1504/1504 1505/1505/1505 1506/1506/1506
f 1507/1507/1507 1508/1508/1508 1509/1509/1509
f 1510/1510/1510 1511/1511/1511 1512/1512/1512
o LeftBackLeg
usemtl PaintedTeaFantasy
v -1.497306 7.068678 5.710656
v -2.071854 7.068678 6.977205
v -1.932570 5.536551 7.007361
v -1.497306 7.068678 5.710656
v -1.932570 5.536551 7.007361
v -1.218738 5.536551 5.710656
v -2.071854 7.068678 6.977205
v -3.220949 7.068678 6.977205
v -3.360234 5.536551 7.007361
v -2.071854 7.068678 6.977205
v -3.360234 5.536551 7.007361
v -1.932570 5.536551 7.007361
v -3.220949 7.068678 6.977205
v -3.795497 7.068678 5.710656
v -4.074066 5.536551 5.710656
v -3.220949 7.068678 6.977205
v -4.074066 5.536551 5.710656
v -3.360234 5.536551 7.007361
v -3.795497 7.068678 5.710656
v -3.220949 7.068678 4.444107
v -3.360234 5.536551 4.413951
v -3.795497 7.068678 5.710656
v -3.360234 5.536551 4.413951
v -4.074066 5.536551 5.710656
v -3.220949 7.068678 4.444107
v -2.071854 7.068678 4.444107
v -1.932570 5.536551 4.413951
v -3.220949 7.068678 4.444107
v -1.932570 5.536551 4.413951
v -3.360234 5.536551 4.413951
v -2.071854 7.068678 4.444107
v -1.497306 7.068678 5.710656
v -1.218738 5.536551 5.710656
v -2.071854 7.068678 4.444107
v -1.218738 5.536551 5.710656
v -1.932570 5.536551 4.413951
v -1.218738 5.536551 5.710656
v -1.932570 5.536551 7.007361
v -2.124086 3.377644 6.933389
v -1.218738 5.536551 5.710656
v -2.124086 3.377644 6.933389
v -1.601769 3.377644 6.058867
v -1.932570 5.536551 7.007361
v -3.360234 5.536551 7.007361
v -3.168718 3.377644 6.933389
v -1.932570 5.536551 7.007361
v -3.168718 3.377644 6.933389
v -2.124086 3.377644 6.933389
v -3.360234 5.536551 7.007361
v -4.074066 5.536551 5.710656
v -3.691034 3.377644 6.058867
v -3.360234 5.536551 7.007361
v -3.691034 3.377644 6.058867
v -3.168718 3.377644 6.933389
v -4.074066 5.536551 5.710656
v -3.360234 5.536551 4.413951
v -3.168718 3.377644 5.184345
v -4.074066 5.536551 5.710656
v -3.168718 3.377644 5.184345
v -3.691034 3.377644 6.058867
v -3.360234 5.536551 4.413951
v -1.932570 5.536551 4.413951
v -2.124086 3.377644 5.184345
v -3.360234 5.536551 4.413951
v -2.124086 3.377644 5.184345
v -3.168718 3.377644 5.184345
v -1.932570 5.536551 4.413951
v -1.218738 5.536551 5.710656
v -1.601769 3.377644 6.058867
v -1.932570 5.536551 4.413951
v -1.601769 3.377644 6.058867
v -2.124086 3.377644 5.184345
v -1.601769 3.377644 6.058867
v -2.124086 3.377644 6.933389
v -2.158907 1.497306 6.545692
v -1.601769 3.377644 6.058867
v -2.158907 1.497306 6.545692
v -1.671412 1.497306 5.641014
v -2.124086 3.377644 6.933389
v -3.168718 3.377644 6.933389
v -3.133897 1.497306 6.545692
v -2.124086 3.377644 6.933389
v -3.133897 1.497306 6.545692
v -2.158907 1.497306 6.545692
v -3.168718 3.377644 6.933389
v -3.691034 3.377644 6.058867
v -3.621392 1.497306 5.641014
v -3.168718 3.377644 6.933389
v -3.621392 1.497306 5.641014
v -3.133897 1.497306 6.545692
v -3.691034 3.377644 6.058867
v -3.168718 3.377644 5.184345
v -3.133897 1.497306 4.736336
v -3.691034 3.377644 6.058867
v -3.133897 1.497306 4.736336
v -3.621392 1.497306 5.641014
v -3.168718 3.377644 5.184345
v -2.124086 3.377644 5.184345
v -2.158907 1.497306 4.736336
v -3.168718 3.377644 5.184345
v -2.158907 1.497306 4.736336
v -3.133897 1.497306 4.736336
v -2.124086 3.377644 5.184345
v -1.601769 3.377644 6.058867
v -1.671412 1.497306 5.641014
v -2.124086 3.377644 5.184345
v -1.671412 1.497306 5.641014
v -2.158907 1.497306 4.736336
v -1.671412 1.497306 5.641014
v -2.158907 1.497306 6.545692
v -1.880338 0.487495 6.702967
v -1.671412 1.497306 5.641014
v -1.880338 0.487495 6.702967
v -1.114274 0.487495 5.014235
v -2.158907 1.497306 6.545692
v -3.133897 1.497306 6.545692
v -3.412465 0.487495 6.702967
v -2.158907 1.497306 6.545692
v -3.412465 0.487495 6.702967
v -1.880338 0.487495 6.702967
v -3.133897 1.497306 6.545692
v -3.621392 1.497306 5.641014
v -4.178529 0.487495 5.014235
v -3.133897 1.497306 6.545692
v -4.178529 0.487495 5.014235
v -3.412465 0.487495 6.702967
v -3.621392 1.497306 5.641014
v -3.133897 1.497306 4.736336
v -3.412465 0.487495 3.325502
v -3.621392 1.497306 5.641014
v -3.412465 0.487495 3.325502
v -4.178529 0.487495 5.014235
v -3.133897 1.497306 4.736336
v -2.158907 1.497306 4.736336
v -1.880338 0.487495 3.325502
v -3.133897 1.497306 4.736336
v -1.880338 0.487495 3.325502
v -3.412465 0.487495 3.325502
v -2.158907 1.497306 4.736336
v -1.671412 1.497306 5.641014
v -1.114274 0.487495 5.014235
v -2.158907 1.497306 4.736336
v -1.114274 0.487495 5.014235
v -1.880338 0.487495 3.325502
v -1.114274 0.487495 5.014235
v -1.880338 0.487495 6.702967
v -1.949980 0.000000 6.512701
v -1.114274 0.487495 5.014235
v -1.949980 0.000000 6.512701
v -1.253559 0.000000 4.944593
v -1.880338 0.487495 6.702967
v -3.412465 0.487495 6.702967
v -3.342823 0.000000 6.512701
v -1.880338 0.487495 6.702967
v -3.342823 0.000000 6.512701
v -1.949980 0.000000 6.512701
v -3.412465 0.487495 6.702967
v -4.178529 0.487495 5.014235
v -4.039245 0.000000 4.944593
v -3.412465 0.487495 6.702967
v -4.039245 0.000000 4.944593
v -3.342823 0.000000 6.512701
v -4.178529 0.487495 5.014235
v -3.412465 0.487495 3.325502
v -3.342823 0.000000 3.376484
v -4.178529 0.487495 5.014235
v -3.342823 0.000000 3.376484
v -4.039245 0.000000 4.944593
v -3.412465 0.487495 3.325502
v -1.880338 0.487495 3.325502
v -1.949980 0.000000 3.376484
v -3.412465 0.487495 3.325502
v -1.949980 0.000000 3.376484
v -3.342823 0.000000 3.376484
v -1.880338 0.487495 3.325502
v -1.114274 0.487495 5.014235
v -1.253559 0.000000 4.944593
v -1.880338 0.487495 3.325502
v -1.253559 0.000000 4.944593
v -1.949980 0.000000 3.376484
v -2.646402 7.068678 5.710656
v -1.497306 7.068678 5.710656
v -2.071854 7.068678 6.977205
v -2.646402 7.068678 5.710656
v -2.071854 7.068678 6.977205
v -3.220949 7.068678 6.977205
v -2.646402 7.068678 5.710656
v -3.220949 7.068678 6.977205
v -3.795497 7.068678 5.710656
v -2.646402 7.068678 5.710656
v -3.795497 7.068678 5.710656
v -3.220949 7.068678 4.444107
v -2.646402 7.068678 5.710656
v -3.220949 7.068678 4.444107
v -2.071854 7.068678 4.444107
v -2.646402 7.068678 5.710656
v -2.071854 7.068678 4.444107
v -1.497306 7.068678 5.710656
v -2.646402 0.000000 4.944593
v -1.949980 0.000000 6.512701
v -1.253559 0.000000 4.944593
v -2.646402 0.000000 4.944593
v -3.342823 0.000000 6.512701
v -1.949980 0.000000 6.512701
v -2.646402 0.000000 4.944593
v -4.039245 0.000000 4.944593
v -3.342823 0.000000 6.512701
v -2.646402 0.000000 4.944593
v -3.342823 0.000000 3.376484
v -4.039245 0.000000 4.944593
v -2.646402 0.000000 4.944593
v -1.949980 0.000000 3.376484
v -3.342823 0.000000 3.376484
v -2.646402 0.000000 4.944593
v -1.253559 0.000000 4.944593
v -1.949980 0.000000 3.376484
vt 0.003906 0.753906
vt 0.246094 0.753906
vt 0.246094 0.996094
vt 0.003906 0.753906
vt 0.246094 0.996094
vt 0.003906 0.996094
vt 0.003906 0.753906
vt 0.246094 0.753906
vt 0.246094 0.996094
vt 0.003906 0.753906
vt 0.246094 0.996094
vt 0.003906 0.996094
vt 0.003906 0.753906
vt 0.246094 0.753906
vt 0.246094 0.996094
vt 0.003906 0.753906
vt 0.246094 0.996094
vt 0.003906 0.996094
vt 0.003906 0.753906
vt 0.246094 0.753906
vt 0.246094 0.996094
vt 0.003906 0.753906
vt 0.246094 0.996094
vt 0.003906 0.996094
vt 0.003906 0.753906
vt 0.246094 0.753906
vt 0.246094 0.996094
vt 0.003906 0.753906
vt 0.246094 0.996094
vt 0.003906 0.996094
vt 0.003906 0.753906
vt 0.246094 0.753906
vt 0.246094 0.996094
vt 0.003906 0.753906
vt 0.246094 0.996094
vt 0.003906 0.996094
vt 0.003906 0.753906
vt 0.246094 0.753906
vt 0.246094 0.996094
vt 0.003906 0.753906
vt 0.246094 0.996094
vt 0.003906 0.996094
vt 0.003906 0.753906
vt 0.246094 0.753906
vt 0.246094 0.996094
vt 0.003906 0.753906
vt 0.246094 0.996094
vt 0.003906 0.996094
vt 0.003906 0.753906
vt 0.246094 0.753906
vt 0.246094 0.996094
vt 0.003906 0.753906
vt 0.246094 0.996094
vt 0.003906 0.996094
vt 0.003906 0.753906
vt 0.246094 0.753906
vt 0.246094 0.996094
vt 0.003906 0.753906
vt 0.246094 0.996094
vt 0.003906 0.996094
vt 0.003906 0.753906
vt 0.246094 0.753906
vt 0.246094 0.996094
vt 0.003906 0.753906
vt 0.246094 0.996094
vt 0.003906 0.996094
vt 0.003906 0.753906
vt 0.246094 0.753906
vt 0.246094 0.996094
vt 0.003906 0.753906
vt 0.246094 0.996094
vt 0.003906 0.996094
vt 0.003906 0.753906
vt 0.246094 0.753906
vt 0.246094 0.996094
vt 0.003906 0.753906
vt 0.246094 0.996094
vt 0.003906 0.996094
vt 0.003906 0.753906
vt 0.246094 0.753906
vt 0.246094 0.996094
vt 0.003906 0.753906
vt 0.246094 0.996094
vt 0.003906 0.996094
vt 0.003906 0.753906
vt 0.246094 0.753906
vt 0.246094 0.996094
vt 0.003906 0.753906
vt 0.246094 0.996094
vt 0.003906 0.996094
vt 0.003906 0.753906
vt 0.246094 0.753906
vt 0.246094 0.996094
vt 0.003906 0.753906
vt 0.246094 0.996094
vt 0.003906 0.996094
vt 0.003906 0.753906
vt 0.246094 0.753906
vt 0.246094 0.996094
vt 0.003906 0.753906
vt 0.246094 0.996094
vt 0.003906 0.996094
vt 0.003906 0.753906
vt 0.246094 0.753906
vt 0.246094 0.996094
vt 0.003906 0.753906
vt 0.246094 0.996094
vt 0.003906 0.996094
vt 0.003906 0.753906
vt 0.246094 0.753906
vt 0.246094 0.996094
vt 0.003906 0.753906
vt 0.246094 0.996094
vt 0.003906 0.996094
vt 0.003906 0.753906
vt 0.246094 0.753906
vt 0.246094 0.996094
vt 0.003906 0.753906
vt 0.246094 0.996094
vt 0.003906 0.996094
vt 0.003906 0.753906
vt 0.246094 0.753906
vt 0.246094 0.996094
vt 0.003906 0.753906
vt 0.246094 0.996094
vt 0.003906 0.996094
vt 0.003906 0.753906
vt 0.246094 0.753906
vt 0.246094 0.996094
vt 0.003906 0.753906
vt 0.246094 0.996094
vt 0.003906 0.996094
vt 0.003906 0.753906
vt 0.246094 0.753906
vt 0.246094 0.996094
vt 0.003906 0.753906
vt 0.246094 0.996094
vt 0.003906 0.996094
vt 0.003906 0.753906
vt 0.246094 0.753906
vt 0.246094 0.996094
vt 0.003906 0.753906
vt 0.246094 0.996094
vt 0.003906 0.996094
vt 0.003906 0.753906
vt 0.246094 0.753906
vt 0.246094 0.996094
vt 0.003906 0.753906
vt 0.246094 0.996094
vt 0.003906 0.996094
vt 0.003906 0.753906
vt 0.246094 0.753906
vt 0.246094 0.996094
vt 0.003906 0.753906
vt 0.246094 0.996094
vt 0.003906 0.996094
vt 0.003906 0.753906
vt 0.246094 0.753906
vt 0.246094 0.996094
vt 0.003906 0.753906
vt 0.246094 0.996094
vt 0.003906 0.996094
vt 0.003906 0.753906
vt 0.246094 0.753906
vt 0.246094 0.996094
vt 0.003906 0.753906
vt 0.246094 0.996094
vt 0.003906 0.996094
vt 0.003906 0.753906
vt 0.246094 0.753906
vt 0.246094 0.996094
vt 0.003906 0.753906
vt 0.246094 0.996094
vt 0.003906 0.996094
vt 0.003906 0.753906
vt 0.246094 0.753906
vt 0.246094 0.996094
vt 0.003906 0.753906
vt 0.246094 0.996094
vt 0.003906 0.996094
vt 0.125000 0.875000
vt 0.003906 0.996094
vt 0.246094 0.753906
vt 0.125000 0.875000
vt 0.003906 0.996094
vt 0.246094 0.753906
vt 0.125000 0.875000
vt 0.003906 0.996094
vt 0.246094 0.753906
vt 0.125000 0.875000
vt 0.003906 0.996094
vt 0.246094 0.753906
vt 0.125000 0.875000
vt 0.003906 0.996094
vt 0.246094 0.753906
vt 0.125000 0.875000
vt 0.003906 0.996094
vt 0.246094 0.753906
vt 0.125000 0.875000
vt 0.246094 0.753906
vt 0.003906 0.996094
vt 0.125000 0.875000
vt 0.246094 0.753906
vt 0.003906 0.996094
vt 0.125000 0.875000
vt 0.246094 0.753906
vt 0.003906 0.996094
vt 0.125000 0.875000
vt 0.246094 0.753906
vt 0.003906 0.996094
vt 0.125000 0.875000
vt 0.246094 0.753906
vt 0.003906 0.996094
vt 0.125000 0.875000
vt 0.246094 0.753906
vt 0.003906 0.996094
vn 0.906939 0.090547 0.411417
vn 0.906939 0.090547 0.411417
vn 0.906939 0.090547 0.411417
vn 0.865127 0.157296 0.476250
vn 0.865127 0.157296 0.476250
vn 0.865127 0.157296 0.476250
vn 0.000000 0.019679 0.999806
vn 0.000000 0.019679 0.999806
vn 0.000000 0.019679 0.999806
vn 0.000000 0.019679 0.999806
vn 0.000000 0.019679 0.999806
vn 0.000000 0.019679 0.999806
vn -0.898447 0.163354 0.407565
vn -0.898447 0.163354 0.407565
vn -0.898447 0.163354 0.407565
vn -0.872573 0.088779 0.480349
vn -0.872573 0.088779 0.480349
vn -0.872573 0.088779 0.480349
vn -0.906939 0.090547 -0.411417
vn -0.906939 0.090547 -0.411417
vn -0.906939 0.090547 -0.411417
vn -0.865127 0.157296 -0.476250
vn -0.865127 0.157296 -0.476250
vn -0.865127 0.157296 -0.476250
vn 0.000000 0.019679 -0.999806
vn 0.000000 0.019679 -0.999806
vn 0.000000 0.019679 -0.999806
vn -0.000000 0.019679 -0.999806
vn -0.000000 0.019679 -0.999806
vn -0.000000 0.019679 -0.999806
vn 0.898447 0.163354 -0.407565
vn 0.898447 0.163354 -0.407565
vn 0.898447 0.163354 -0.407565
vn 0.872573 0.088779 -0.480349
vn 0.872573 0.088779 -0.480349
vn 0.872573 0.088779 -0.480349
vn 0.872168 -0.093821 0.480126
vn 0.872168 -0.093821 0.480126
vn 0.872168 -0.093821 0.480126
vn 0.856457 -0.069448 0.511526
vn 0.856457 -0.069448 0.511526
vn 0.856457 -0.069448 0.511526
vn 0.000000 -0.034244 0.999414
vn 0.000000 -0.034244 0.999414
vn 0.000000 -0.034244 0.999414
vn 0.000000 -0.034244 0.999414
vn 0.000000 -0.034244 0.999414
vn 0.000000 -0.034244 0.999414
vn -0.873403 -0.077409 0.480806
vn -0.873403 -0.077409 0.480806
vn -0.873403 -0.077409 0.480806
vn -0.854783 -0.093320 0.510527
vn -0.854783 -0.093320 0.510527
vn -0.854783 -0.093320 0.510527
vn -0.849916 -0.242355 -0.467876
vn -0.849916 -0.242355 -0.467876
vn -0.849916 -0.242355 -0.467876
vn -0.835758 -0.228790 -0.499164
vn -0.835758 -0.228790 -0.499164
vn -0.835758 -0.228790 -0.499164
vn -0.000000 -0.336087 -0.941831
vn -0.000000 -0.336087 -0.941831
vn -0.000000 -0.336087 -0.941831
vn -0.000000 -0.336087 -0.941831
vn -0.000000 -0.336087 -0.941831
vn -0.000000 -0.336087 -0.941831
vn 0.853140 -0.227114 -0.469651
vn 0.853140 -0.227114 -0.469651
vn 0.853140 -0.227114 -0.469651
vn 0.831078 -0.250851 -0.496369
vn 0.831078 -0.250851 -0.496369
vn 0.831078 -0.250851 -0.496369
vn 0.852249 -0.120733 0.509013
vn 0.852249 -0.120733 0.509013
vn 0.852249 -0.120733 0.509013
vn 0.872058 -0.136724 0.469917
vn 0.872058 -0.136724 0.469917
vn 0.872058 -0.136724 0.469917
vn 0.000000 -0.201937 0.979399
vn 0.000000 -0.201937 0.979399
vn 0.000000 -0.201937 0.979399
vn 0.000000 -0.201937 0.979399
vn 0.000000 -0.201937 0.979399
vn 0.000000 -0.201937 0.979399
vn -0.849554 -0.144221 0.507404
vn -0.849554 -0.144221 0.507404
vn -0.849554 -0.144221 0.507404
vn -0.874648 -0.113375 0.471313
vn -0.874648 -0.113375 0.471313
vn -0.874648 -0.113375 0.471313
vn -0.853722 0.105677 -0.509893
vn -0.853722 0.105677 -0.509893
vn -0.853722 0.105677 -0.509893
vn -0.878000 0.072619 -0.473119
vn -0.878000 0.072619 -0.473119
vn -0.878000 0.072619 -0.473119
vn -0.000000 0.231772 -0.972770
vn -0.000000 0.231772 -0.972770
vn -0.000000 0.231772 -0.972770
vn 0.000000 0.231772 -0.972770
vn 0.000000 0.231772 -0.972770
vn 0.000000 0.231772 -0.972770
vn 0.855647 0.081874 -0.511043
vn 0.855647 0.081874 -0.511043
vn 0.855647 0.081874 -0.511043
vn 0.876235 0.096272 -0.472168
vn 0.876235 0.096272 -0.472168
vn 0.876235 0.096272 -0.472168
vn 0.839235 0.301947 0.452231
vn 0.839235 0.301947 0.452231
vn 0.839235 0.301947 0.452231
vn 0.884309 0.238904 0.401151
vn 0.884309 0.238904 0.401151
vn 0.884309 0.238904 0.401151
vn 0.000000 0.153892 0.988088
vn 0.000000 0.153892 0.988088
vn 0.000000 0.153892 0.988088
vn 0.000000 0.153892 0.988088
vn 0.000000 0.153892 0.988088
vn 0.000000 0.153892 0.988088
vn -0.864652 0.187854 0.465927
vn -0.864652 0.187854 0.465927
vn -0.864652 0.187854 0.465927
vn -0.868465 0.300935 0.393964
vn -0.868465 0.300935 0.393964
vn -0.868465 0.300935 0.393964
vn -0.652518 0.671257 -0.351616
vn -0.652518 0.671257 -0.351616
vn -0.652518 0.671257 -0.351616
vn -0.725447 0.604507 -0.329086
vn -0.725447 0.604507 -0.329086
vn -0.725447 0.604507 -0.329086
vn 0.000000 0.813168 -0.582029
vn 0.000000 0.813168 -0.582029
vn 0.000000 0.813168 -0.582029
vn -0.000000 0.813168 -0.582029
vn -0.000000 0.813168 -0.582029
vn -0.000000 0.813168 -0.582029
vn 0.694093 0.615097 -0.374019
vn 0.694093 0.615097 -0.374019
vn 0.694093 0.615097 -0.374019
vn 0.701304 0.637937 -0.318134
vn 0.701304 0.637937 -0.318134
vn 0.701304 0.637937 -0.318134
vn 0.874331 -0.279704 0.396625
vn 0.874331 -0.279704 0.396625
vn 0.874331 -0.279704 0.396625
vn 0.870668 -0.304002 0.386677
vn 0.870668 -0.304002 0.386677
vn 0.870668 -0.304002 0.386677
vn 0.000000 -0.363582 0.931562
vn 0.000000 -0.363582 0.931562
vn 0.000000 -0.363582 0.931562
vn 0.000000 -0.363582 0.931562
vn 0.000000 -0.363582 0.931562
vn 0.000000 -0.363582 0.931562
vn -0.867552 -0.304093 0.393550
vn -0.867552 -0.304093 0.393550
vn -0.867552 -0.304093 0.393550
vn -0.877999 -0.277616 0.389933
vn -0.877999 -0.277616 0.389933
vn -0.877999 -0.277616 0.389933
vn -0.897305 -0.170755 -0.407047
vn -0.897305 -0.170755 -0.407047
vn -0.897305 -0.170755 -0.407047
vn -0.895631 -0.199071 -0.397764
vn -0.895631 -0.199071 -0.397764
vn -0.895631 -0.199071 -0.397764
vn -0.000000 -0.104011 -0.994576
vn -0.000000 -0.104011 -0.994576
vn -0.000000 -0.104011 -0.994576
vn 0.000000 -0.104011 -0.994576
vn 0.000000 -0.104011 -0.994576
vn 0.000000 -0.104011 -0.994576
vn 0.892792 -0.197226 -0.404999
vn 0.892792 -0.197226 -0.404999
vn 0.892792 -0.197226 -0.404999
vn 0.900545 -0.170475 -0.399946
vn 0.900545 -0.170475 -0.399946
vn 0.900545 -0.170475 -0.399946
vn 0.000000 -1.000000 0.000000
vn 0.000000 -1.000000 0.000000
vn 0.000000 -1.000000 0.000000
vn 0.000000 -1.000000 0.000000
vn 0.000000 -1.000000 0.000000
vn 0.000000 -1.000000 0.000000
vn 0.000000 -1.000000 0.000000
vn 0.000000 -1.000000 0.000000
vn 0.000000 -1.000000 0.000000
vn -0.000000 -1.000000 0.000000
vn -0.000000 -1.000000 0.000000
vn -0.000000 -1.000000 0.000000
vn 0.000000 -1.000000 -0.000000
vn 0.000000 -1.000000 -0.000000
vn 0.000000 -1.000000 -0.000000
vn 0.000000 -1.000000 0.000000
vn 0.000000 -1.000000 0.000000
vn 0.000000 -1.000000 0.000000
vn 0.000000 1.000000 0.000000
vn 0.000000 1.000000 0.000000
vn 0.000000 1.000000 0.000000
vn 0.000000 1.000000 -0.000000
vn 0.000000 1.000000 -0.000000
vn 0.000000 1.000000 -0.000000
vn 0.000000 1.000000 0.000000
vn 0.000000 1.000000 0.000000
vn 0.000000 1.000000 0.000000
vn 0.000000 1.000000 0.000000
vn 0.000000 1.000000 0.000000
vn 0.000000 1.000000 0.000000
vn 0.000000 1.000000 0.000000
vn 0.000000 1.000000 0.000000
vn 0.000000 1.000000 0.000000
vn -0.000000 1.000000 0.000000
vn -0.000000 1.000000 0.000000
vn -0.000000 1.000000 0.000000
f 1513/1513/1513 1514/1514/1514 1515/1515/1515
f 1516/1516/1516 1517/1517/1517 1518/1518/1518
f 1519/1519/1519 1520/1520/1520 1521/1521/1521
f 1522/1522/1522 1523/1523/1523 1524/1524/1524
f 1525/1525/1525 1526/1526/1526 1527/1527/1527
f 1528/1528/1528 1529/1529/1529 1530/1530/1530
f 1531/1531/1531 1532/1532/1532 1533/1533/1533
f 1534/1534/1534 1535/1535/1535 1536/1536/1536
f 1537/1537/1537 1538/1538/1538 1539/1539/1539
f 1540/1540/1540 1541/1541/1541 1542/1542/1542
f 1543/1543/1543 1544/1544/1544 1545/1545/1545
f 1546/1546/1546 1547/1547/1547 1548/1548/1548
f 1549/1549/1549 1550/1550/1550 1551/1551/1551
f 1552/1552/1552 1553/1553/1553 1554/1554/1554
f 1555/1555/1555 1556/1556/1556 1557/1557/1557
f 1558/1558/1558 1559/1559/1559 1560/1560/1560
f 1561/1561/1561 1562/1562/1562 1563/1563/1563
f 1564/1564/1564 1565/1565/1565 1566/1566/1566
f 1567/1567/1567 1568/1568/1568 1569/1569/1569
f 1570/1570/1570 1571/1571/1571 1572/1572/1572
f 1573/1573/1573 1574/1574/1574 1575/1575/1575
f 1576/1576/1576 1577/1577/1577 1578/1578/1578
f 1579/1579/1579 1580/1580/1580 1581/1581/1581
f 1582/1582/1582 1583/1583/1583 1584/1584/1584
f 1585/1585/1585 1586/1586/1586 1587/1587/1587
f 1588/1588/1588 1589/1589/1589 1590/1590/1590
f 1591/1591/1591 1592/1592/1592 1593/1593/1593
f 1594/1594/1594 1595/1595/1595 1596/1596/1596
f 1597/1597/1597 1598/1598/1598 1599/1599/1599
f 1600/1600/1600 1601/1601/1601 1602/1602/1602
f 1603/1603/1603 1604/1604/1604 1605/1605/1605
f 1606/1606/1606 1607/1607/1607 1608/1608/1608
f 1609/1609/1609 1610/1610/1610 1611/1611/1611
f 1612/1612/1612 1613/1613/1613 1614/1614/1614
f 1615/1615/1615 1616/1616/1616 1617/1617/1617
f 1618/1618/1618 1619/1619/1619 1620/1620/1620
f 1621/1621/1621 1622/1622/1622 1623/1623/1623
f 1624/1624/1624 1625/1625/1625 1626/1626/1626
f 1627/1627/1627 1628/1628/1628 1629/1629/1629
f 1630/1630/1630 1631/1631/1631 1632/1632/1632
f 1633/1633/1633 1634/1634/1634 1635/1635/1635
f 1636/1636/1636 1637/1637/1637 1638/1638/1638
f 1639/1639/1639 1640/1640/1640 1641/1641/1641
f 1642/1642/1642 1643/1643/1643 1644/1644/1644
f 1645/1645/1645 1646/1646/1646 1647/1647/1647
f 1648/1648/1648 1649/1649/1649 1650/1650/1650
f 1651/1651/1651 1652/1652/1652 1653/1653/1653
f 1654/1654/1654 1655/1655/1655 1656/1656/1656
f 1657/1657/1657 1658/1658/1658 1659/1659/1659
f 1660/1660/1660 1661/1661/1661 1662/1662/1662
f 1663/1663/1663 1664/1664/1664 1665/1665/1665
f 1666/1666/1666 1667/1667/1667 1668/1668/1668
f 1669/1669/1669 1670/1670/1670 1671/1671/1671
f 1672/1672/1672 1673/1673/1673 1674/1674/1674
f 1675/1675/1675 1676/1676/1676 1677/1677/1677
f 1678/1678/1678 1679/1679/1679 1680/1680/1680
f 1681/1681/1681 1682/1682/1682 1683/1683/1683
f 1684/1684/1684 1685/1685/1685 1686/1686/1686
f 1687/1687/1687 1688/1688/1688 1689/1689/1689
f 1690/1690/1690 1691/1691/1691 1692/1692/1692
f 1693/1693/1693 1694/1694/1694 1695/1695/1695
f 1696/1696/1696 1697/1697/1697 1698/1698/1698
f 1699/1699/1699 1700/1700/1700 1701/1701/1701
f 1702/1702/1702 1703/1703/1703 1704/1704/1704
f 1705/1705/1705 1706/1706/1706 1707/1707/1707
f 1708/1708/1708 1709/1709/1709 1710/1710/1710
f 1711/1711/1711 1712/1712/1712 1713/1713/1713
f 1714/1714/1714 1715/1715/1715 1716/1716/1716
f 1717/1717/1717 1718/1718/1718 1719/1719/1719
f 1720/1720/1720 1721/1721/1721 1722/1722/1722
f 1723/1723/1723 1724/1724/1724 1725/1725/1725
f 1726/1726/1726 1727/1727/1727 1728/1728/1728
o LeftBackToe-1
usemtl PaintedTeaFantasy
v -3.064255 0.452674 2.959791
v -3.304862 0.783842 2.959791
v -3.288722 0.850076 3.691034
v -3.064255 0.452674 2.959791
v -3.288722 0.850076 3.691034
v -3.012023 0.452674 3.691034
v -3.304862 0.783842 2.959791
v -3.694174 0.657347 2.959791
v -3.736430 0.698282 3.691034
v -3.304862 0.783842 2.959791
v -3.736430 0.698282 3.691034
v -3.288722 0.850076 3.691034
v -3.694174 0.657347 2.959791
v -3.694174 0.248001 2.959791
v -3.736430 0.207066 3.691034
v -3.694174 0.657347 2.959791
v -3.736430 0.207066 3.691034
v -3.736430 0.698282 3.691034
v -3.694174 0.248001 2.959791
v -3.304862 0.121506 2.959791
v -3.288722 0.055272 3.691034
v -3.694174 0.248001 2.959791
v -3.288722 0.055272 3.691034
v -3.736430 0.207066 3.691034
v -3.304862 0.121506 2.959791
v -3.064255 0.452674 2.959791
v -3.012023 0.452674 3.691034
v -3.304862 0.121506 2.959791
v -3.012023 0.452674 3.691034
v -3.288722 0.055272 3.691034
v -3.412465 0.452674 2.959791
v -3.304862 0.783842 2.959791
v -3.064255 0.452674 2.959791
v -3.412465 0.452674 2.959791
v -3.694174 0.657347 2.959791
v -3.304862 0.783842 2.959791
v -3.412465 0.452674 2.959791
v -3.694174 0.248001 2.959791
v -3.694174 0.657347 2.959791
v -3.412465 0.452674 2.959791
v -3.304862 0.121506 2.959791
v -3.694174 0.248001 2.959791
v -3.412465 0.452674 2.959791
v -3.064255 0.452674 2.959791
v -3.304862 0.121506 2.959791
v -3.412465 0.452674 3.691034
v -3.012023 0.452674 3.691034
v -3.288722 0.850076 3.691034
v -3.412465 0.452674 3.691034
v -3.288722 0.850076 3.691034
v -3.736430 0.698282 3.691034
v -3.412465 0.452674 3.691034
v -3.736430 0.698282 3.691034
v -3.736430 0.207066 3.691034
v -3.412465 0.452674 3.691034
v -3.736430 0.207066 3.691034
v -3.288722 0.055272 3.691034
v -3.412465 0.452674 3.691034
v -3.288722 0.055272 3.691034
v -3.012023 0.452674 3.691034
vt 0.003906 0.746094
vt 0.052344 0.746094
vt 0.052344 0.503906
vt 0.003906 0.746094
vt 0.052344 0.503906
vt 0.003906 0.503906
vt 0.052344 0.746094
vt 0.100781 0.746094
vt 0.100781 0.503906
vt 0.052344 0.746094
vt 0.100781 0.503906
vt 0.052344 0.503906
vt 0.100781 0.746094
vt 0.149219 0.746094
vt 0.149219 0.503906
vt 0.100781 0.746094
vt 0.149219 0.503906
vt 0.100781 0.503906
vt 0.149219 0.746094
vt 0.197656 0.746094
vt 0.197656 0.503906
vt 0.149219 0.746094
vt 0.197656 0.503906
vt 0.149219 0.503906
vt 0.197656 0.746094
vt 0.246094 0.746094
vt 0.246094 0.503906
vt 0.197656 0.746094
vt 0.246094 0.503906
vt 0.197656 0.503906
vt 0.125000 0.625000
vt 0.221875 0.528125
vt 0.028125 0.721875
vt 0.125000 0.625000
vt 0.221875 0.528125
vt 0.028125 0.721875
vt 0.125000 0.625000
vt 0.221875 0.528125
vt 0.028125 0.721875
vt 0.125000 0.625000
vt 0.221875 0.528125
vt 0.028125 0.721875
vt 0.125000 0.625000
vt 0.221875 0.528125
vt 0.028125 0.721875
vt 0.125000 0.625000
vt 0.028125 0.721875
vt 0.221875 0.528125
vt 0.125000 0.625000
vt 0.028125 0.721875
vt 0.221875 0.528125
vt 0.125000 0.625000
vt 0.028125 0.721875
vt 0.221875 0.528125
vt 0.125000 0.625000
vt 0.028125 0.721875
vt 0.221875 0.528125
vt 0.125000 0.625000
vt 0.028125 0.721875
vt 0.221875 0.528125
vn 0.806980 0.586305 -0.070918
vn 0.806980 0.586305 -0.070918
vn 0.806980 0.586305 -0.070918
vn 0.819261 0.570427 -0.058519
vn 0.819261 0.570427 -0.058519
vn 0.819261 0.570427 -0.058519
vn -0.308239 0.948662 -0.070918
vn -0.308239 0.948662 -0.070918
vn -0.308239 0.948662 -0.070918
vn -0.320104 0.944129 -0.078451
vn -0.320104 0.944129 -0.078451
vn -0.320104 0.944129 -0.078451
vn -0.998335 -0.000000 -0.057691
vn -0.998335 -0.000000 -0.057691
vn -0.998335 -0.000000 -0.057691
vn -0.998335 0.000000 -0.057691
vn -0.998335 0.000000 -0.057691
vn -0.998335 0.000000 -0.057691
vn -0.308049 -0.948078 -0.079074
vn -0.308049 -0.948078 -0.079074
vn -0.308049 -0.948078 -0.079074
vn -0.320274 -0.944631 -0.071388
vn -0.320274 -0.944631 -0.071388
vn -0.320274 -0.944631 -0.071388
vn 0.807670 -0.586806 -0.057691
vn 0.807670 -0.586806 -0.057691
vn 0.807670 -0.586806 -0.057691
vn 0.818672 -0.570016 -0.069701
vn 0.818672 -0.570016 -0.069701
vn 0.818672 -0.570016 -0.069701
vn 0.000000 0.000000 -1.000000
vn 0.000000 0.000000 -1.000000
vn 0.000000 0.000000 -1.000000
vn 0.000000 0.000000 -1.000000
vn 0.000000 0.000000 -1.000000
vn 0.000000 0.000000 -1.000000
vn -0.000000 0.000000 -1.000000
vn -0.000000 0.000000 -1.000000
vn -0.000000 0.000000 -1.000000
vn 0.000000 -0.000000 -1.000000
vn 0.000000 -0.000000 -1.000000
vn 0.000000 -0.000000 -1.000000
vn 0.000000 0.000000 -1.000000
vn 0.000000 0.000000 -1.000000
vn 0.000000 0.000000 -1.000000
vn 0.000000 0.000000 1.000000
vn 0.000000 0.000000 1.000000
vn 0.000000 0.000000 1.000000
vn 0.000000 -0.000000 1.000000
vn 0.000000 -0.000000 1.000000
vn 0.000000 -0.000000 1.000000
vn 0.000000 0.000000 1.000000
vn 0.000000 0.000000 1.000000
vn 0.000000 0.000000 1.000000
vn 0.000000 0.000000 1.000000
vn 0.000000 0.000000 1.000000
vn 0.000000 0.000000 1.000000
vn -0.000000 0.000000 1.000000
vn -0.000000 0.000000 1.000000
vn -0.000000 0.000000 1.000000
f 1729/1729/1729 1730/1730/1730 1731/1731/1731
f 1732/1732/1732 1733/1733/1733 1734/1734/1734
f 1735/1735/1735 1736/1736/1736 1737/1737/1737
f 1738/1738/1738 1739/1739/1739 1740/1740/1740
f 1741/1741/1741 1742/1742/1742 1743/1743/1743
f 1744/1744/1744 1745/1745/1745 1746/1746/1746
f 1747/1747/1747 1748/1748/1748 1749/1749/1749
f 1750/1750/1750 1751/1751/1751 1752/1752/1752
f 1753/1753/1753 1754/1754/1754 1755/1755/1755
f 1756/1756/1756 1757/1757/1757 1758/1758/1758
f 1759/1759/1759 1760/1760/1760 1761/1761/1761
f 1762/1762/1762 1763/1763/1763 1764/1764/1764
f 1765/1765/1765 1766/1766/1766 1767/1767/1767
f 1768/1768/1768 1769/1769/1769 1770/1770/1770
f 1771/1771/1771 1772/1772/1772 1773/1773/1773
f 1774/1774/1774 1775/1775/1775 1776/1776/1776
f 1777/1777/1777 1778/1778/1778 1779/1779/1779
f 1780/1780/1780 1781/1781/1781 1782/1782/1782
f 1783/1783/1783 1784/1784/1784 1785/1785/1785
f 1786/1786/1786 1787/1787/1787 1788/1788/1788
o LeftBackToe0
usemtl PaintedTeaFantasy
v -2.298191 0.452674 2.959791
v -2.538799 0.783842 2.959791
v -2.522658 0.850076 3.691034
v -2.298191 0.452674 2.959791
v -2.522658 0.850076 3.691034
v -2.245959 0.452674 3.691034
v -2.538799 0.783842 2.959791
v -2.928110 0.657347 2.959791
v -2.970366 0.698282 3.691034
v -2.538799 0.783842 2.959791
v -2.970366 0.698282 3.691034
v -2.522658 0.850076 3.691034
v -2.928110 0.657347 2.959791
v -2.928110 0.248001 2.959791
v -2.970366 0.207066 3.691034
v -2.928110 0.657347 2.959791
v -2.970366 0.207066 3.691034
v -2.970366 0.698282 3.691034
v -2.928110 0.248001 2.959791
v -2.538799 0.121506 2.959791
v -2.522658 0.055272 3.691034
v -2.928110 0.248001 2.959791
v -2.522658 0.055272 3.691034
v -2.970366 0.207066 3.691034
v -2.538799 0.121506 2.959791
v -2.298191 0.452674 2.959791
v -2.245959 0.452674 3.691034
v -2.538799 0.121506 2.959791
v -2.245959 0.452674 3.691034
v -2.522658 0.055272 3.691034
v -2.646402 0.452674 2.959791
v -2.538799 0.783842 2.959791
v -2.298191 0.452674 2.959791
v -2.646402 0.452674 2.959791
v -2.928110 0.657347 2.959791
v -2.538799 0.783842 2.959791
v -2.646402 0.452674 2.959791
v -2.928110 0.248001 2.959791
v -2.928110 0.657347 2.959791
v -2.646402 0.452674 2.959791
v -2.538799 0.121506 2.959791
v -2.928110 0.248001 2.959791
v -2.646402 0.452674 2.959791
v -2.298191 0.452674 2.959791
v -2.538799 0.121506 2.959791
v -2.646402 0.452674 3.691034
v -2.245959 0.452674 3.691034
v -2.522658 0.850076 3.691034
v -2.646402 0.452674 3.691034
v -2.522658 0.850076 3.691034
v -2.970366 0.698282 3.691034
v -2.646402 0.452674 3.691034
v -2.970366 0.698282 3.691034
v -2.970366 0.207066 3.691034
v -2.646402 0.452674 3.691034
v -2.970366 0.207066 3.691034
v -2.522658 0.055272 3.691034
v -2.646402 0.452674 3.691034
v -2.522658 0.055272 3.691034
v -2.245959 0.452674 3.691034
vt 0.003906 0.746094
vt 0.052344 0.746094
vt 0.052344 0.503906
vt 0.003906 0.746094
vt 0.052344 0.503906
vt 0.003906 0.503906
vt 0.052344 0.746094
vt 0.100781 0.746094
vt 0.100781 0.503906
vt 0.052344 0.746094
vt 0.100781 0.503906
vt 0.052344 0.503906
vt 0.100781 0.746094
vt 0.149219 0.746094
vt 0.149219 0.503906
vt 0.100781 0.746094
vt 0.149219 0.503906
vt 0.100781 0.503906
vt 0.149219 0.746094
vt 0.197656 0.746094
vt 0.197656 0.503906
vt 0.149219 0.746094
vt 0.197656 0.503906
vt 0.149219 0.503906
vt 0.197656 0.746094
vt 0.246094 0.746094
vt 0.246094 0.503906
vt 0.197656 0.746094
vt 0.246094 0.503906
vt 0.197656 0.503906
vt 0.125000 0.625000
vt 0.221875 0.528125
vt 0.028125 0.721875
vt 0.125000 0.625000
vt 0.221875 0.528125
vt 0.028125 0.721875
vt 0.125000 0.625000
vt 0.221875 0.528125
vt 0.028125 0.721875
vt 0.125000 0.625000
vt 0.221875 0.528125
vt 0.028125 0.721875
vt 0.125000 0.625000
vt 0.221875 0.528125
vt 0.028125 0.721875
vt 0.125000 0.625000
vt 0.028125 0.721875
vt 0.221875 0.528125
vt 0.125000 0.625000
vt 0.028125 0.721875
vt 0.221875 0.528125
vt 0.125000 0.625000
vt 0.028125 0.721875
vt 0.221875 0.528125
vt 0.125000 0.625000
vt 0.028125 0.721875
vt 0.221875 0.528125
vt 0.125000 0.625000
vt 0.028125 0.721875
vt 0.221875 0.528125
vn 0.806980 0.586305 -0.070918
vn 0.806980 0.586305 -0.070918
vn 0.806980 0.586305 -0.070918
vn 0.819261 0.570427 -0.058519
vn 0.819261 0.570427 -0.058519
vn 0.819261 0.570427 -0.058519
vn -0.308239 0.948662 -0.070918
vn -0.308239 0.948662 -0.070918
vn -0.308239 0.948662 -0.070918
vn -0.320104 0.944129 -0.078451
vn -0.320104 0.944129 -0.078451
vn -0.320104 0.944129 -0.078451
vn -0.998335 -0.000000 -0.057691
vn -0.998335 -0.000000 -0.057691
vn -0.998335 -0.000000 -0.057691
vn -0.998335 0.000000 -0.057691
vn -0.998335 0.000000 -0.057691
vn -0.998335 0.000000 -0.057691
vn -0.308049 -0.948078 -0.079074
vn -0.308049 -0.948078 -0.079074
vn -0.308049 -0.948078 -0.079074
vn -0.320274 -0.944631 -0.071388
vn -0.320274 -0.944631 -0.071388
vn -0.320274 -0.944631 -0.071388
vn 0.807670 -0.586806 -0.057691
vn 0.807670 -0.586806 -0.057691
vn 0.807670 -0.586806 -0.057691
vn 0.818672 -0.570016 -0.069701
vn 0.818672 -0.570016 -0.069701
vn 0.818672 -0.570016 -0.069701
vn 0.000000 0.000000 -1.000000
vn 0.000000 0.000000 -1.000000
vn 0.000000 0.000000 -1.000000
vn 0.000000 0.000000 -1.000000
vn 0.000000 0.000000 -1.000000
vn 0.000000 0.000000 -1.000000
vn -0.000000 0.000000 -1.000000
vn -0.000000 0.000000 -1.000000
vn -0.000000 0.000000 -1.000000
vn 0.000000 -0.000000 -1.000000
vn 0.000000 -0.000000 -1.000000
vn 0.000000 -0.000000 -1.000000
vn 0.000000 0.000000 -1.000000
vn 0.000000 0.000000 -1.000000
vn 0.000000 0.000000 -1.000000
vn 0.000000 0.000000 1.000000
vn 0.000000 0.000000 1.000000
vn 0.000000 0.000000 1.000000
vn 0.000000 -0.000000 1.000000
vn 0.000000 -0.000000 1.000000
vn 0.000000 -0.000000 1.000000
vn 0.000000 0.000000 1.000000
vn 0.000000 0.000000 1.000000
vn 0.000000 0.000000 1.000000
vn 0.000000 0.000000 1.000000
vn 0.000000 0.000000 1.000000
vn 0.000000 0.000000 1.000000
vn -0.000000 0.000000 1.000000
vn -0.000000 0.000000 1.000000
vn -0.000000 0.000000 1.000000
f 1789/1789/1789 1790/1790/1790 1791/1791/1791
f 1792/1792/1792 1793/1793/1793 1794/1794/1794
f 1795/1795/1795 1796/1796/1796 1797/1797/1797
f 1798/1798/1798 1799/1799/1799 1800/1800/1800
f 1801/1801/1801 1802/1802/1802 1803/1803/1803
f 1804/1804/1804 1805/1805/1805 1806/1806/1806
f 1807/1807/1807 1808/1808/1808 1809/1809/1809
f 1810/1810/1810 1811/1811/1811 1812/1812/1812
f 1813/1813/1813 1814/1814/1814 1815/1815/1815
f 1816/1816/1816 1817/1817/1817 1818/1818/1818
f 1819/1819/1819 1820/1820/1820 1821/1821/1821
f 1822/1822/1822 1823/1823/1823 1824/1824/1824
f 1825/1825/1825 1826/1826/1826 1827/1827/1827
f 1828/1828/1828 1829/1829/1829 1830/1830/1830
f 1831/1831/1831 1832/1832/1832 1833/1833/1833
f 1834/1834/1834 1835/1835/1835 1836/1836/1836
f 1837/1837/1837 1838/1838/1838 1839/1839/1839
f 1840/1840/1840 1841/1841/1841 1842/1842/1842
f 1843/1843/1843 1844/1844/1844 1845/1845/1845
f 1846/1846/1846 1847/1847/1847 1848/1848/1848
o LeftBackToe1
usemtl PaintedTeaFantasy
v -1.532127 0.452674 2.959791
v -1.772735 0.783842 2.959791
v -1.756595 0.850076 3.691034
v -1.532127 0.452674 2.959791
v -1.756595 0.850076 3.691034
v -1.479896 0.452674 3.691034
v -1.772735 0.783842 2.959791
v -2.162046 0.657347 2.959791
v -2.204303 0.698282 3.691034
v -1.772735 0.783842 2.959791
v -2.204303 0.698282 3.691034
v -1.756595 0.850076 3.691034
v -2.162046 0.657347 2.959791
v -2.162046 0.248001 2.959791
v -2.204303 0.207066 3.691034
v -2.162046 0.657347 2.959791
v -2.204303 0.207066 3.691034
v -2.204303 0.698282 3.691034
v -2.162046 0.248001 2.959791
v -1.772735 0.121506 2.959791
v -1.756595 0.055272 3.691034
v -2.162046 0.248001 2.959791
v -1.756595 0.055272 3.691034
v -2.204303 0.207066 3.691034
v -1.772735 0.121506 2.959791
v -1.532127 0.452674 2.959791
v -1.479896 0.452674 3.691034
v -1.772735 0.121506 2.959791
v -1.479896 0.452674 3.691034
v -1.756595 0.055272 3.691034
v -1.880338 0.452674 2.959791
v -1.772735 0.783842 2.959791
v -1.532127 0.452674 2.959791
v -1.880338 0.452674 2.959791
v -2.162046 0.657347 2.959791
v -1.772735 0.783842 2.959791
v -1.880338 0.452674 2.959791
v -2.162046 0.248001 2.959791
v -2.162046 0.657347 2.959791
v -1.880338 0.452674 2.959791
v -1.772735 0.121506 2.959791
v -2.162046 0.248001 2.959791
v -1.880338 0.452674 2.959791
v -1.532127 0.452674 2.959791
v -1.772735 0.121506 2.959791
v -1.880338 0.452674 3.691034
v -1.479896 0.452674 3.691034
v -1.756595 0.850076 3.691034
v -1.880338 0.452674 3.691034
v -1.756595 0.850076 3.691034
v -2.204303 0.698282 3.691034
v -1.880338 0.452674 3.691034
v -2.204303 0.698282 3.691034
v -2.204303 0.207066 3.691034
v -1.880338 0.452674 3.691034
v -2.204303 0.207066 3.691034
v -1.756595 0.055272 3.691034
v -1.880338 0.452674 3.691034
v -1.756595 0.055272 3.691034
v -1.479896 0.452674 3.691034
vt 0.003906 0.746094
vt 0.052344 0.746094
vt 0.052344 0.503906
vt 0.003906 0.746094
vt 0.052344 0.503906
vt 0.003906 0.503906
vt 0.052344 0.746094
vt 0.100781 0.746094
vt 0.100781 0.503906
vt 0.052344 0.746094
vt 0.100781 0.503906
vt 0.052344 0.503906
vt 0.100781 0.746094
vt 0.149219 0.746094
vt 0.149219 0.503906
vt 0.100781 0.746094
vt 0.149219 0.503906
vt 0.100781 0.503906
vt 0.149219 0.746094
vt 0.197656 0.746094
vt 0.197656 0.503906
vt 0.149219 0.746094
vt 0.197656 0.503906
vt 0.149219 0.503906
vt 0.197656 0.746094
vt 0.246094 0.746094
vt 0.246094 0.503906
vt 0.197656 0.746094
vt 0.246094 0.503906
vt 0.197656 0.503906
vt 0.125000 0.625000
vt 0.221875 0.528125
vt 0.028125 0.721875
vt 0.125000 0.625000
vt 0.221875 0.528125
vt 0.028125 0.721875
vt 0.125000 0.625000
vt 0.221875 0.528125
vt 0.028125 0.721875
vt 0.125000 0.625000
vt 0.221875 0.528125
vt 0.028125 0.721875
vt 0.125000 0.625000
vt 0.221875 0.528125
vt 0.028125 0.721875
vt 0.125000 0.625000
vt 0.028125 0.721875
vt 0.221875 0.528125
vt 0.125000 0.625000
vt 0.028125 0.721875
vt 0.221875 0.528125
vt 0.125000 0.625000
vt 0.028125 0.721875
vt 0.221875 0.528125
vt 0.125000 0.625000
vt 0.028125 0.721875
vt 0.221875 0.528125
vt 0.125000 0.625000
vt 0.028125 0.721875
vt 0.221875 0.528125
vn 0.806980 0.586305 -0.070918
vn 0.806980 0.586305 -0.070918
vn 0.806980 0.586305 -0.070918
vn 0.819261 0.570427 -0.058519
vn 0.819261 0.570427 -0.058519
vn 0.819261 0.570427 -0.058519
vn -0.308239 0.948662 -0.070918
vn -0.308239 0.948662 -0.070918
vn -0.308239 0.948662 -0.070918
vn -0.320104 0.944129 -0.078451
vn -0.320104 0.944129 -0.078451
vn -0.320104 0.944129 -0.078451
vn -0.998335 -0.000000 -0.057691
vn -0.998335 -0.000000 -0.057691
vn -0.998335 -0.000000 -0.057691
vn -0.998335 0.000000 -0.057691
vn -0.998335 0.000000 -0.057691
vn -0.998335 0.000000 -0.057691
vn -0.308049 -0.948078 -0.079074
vn -0.308049 -0.948078 -0.079074
vn -0.308049 -0.948078 -0.079074
vn -0.320274 -0.944631 -0.071388
vn -0.320274 -0.944631 -0.071388
vn -0.320274 -0.944631 -0.071388
vn 0.807670 -0.586806 -0.057691
vn 0.807670 -0.586806 -0.057691
vn 0.807670 -0.586806 -0.057691
vn 0.818672 -0.570016 -0.069701
vn 0.818672 -0.570016 -0.069701
vn 0.818672 -0.570016 -0.069701
vn 0.000000 0.000000 -1.000000
vn 0.000000 0.000000 -1.000000
vn 0.000000 0.000000 -1.000000
vn 0.000000 0.000000 -1.000000
vn 0.000000 0.000000 -1.000000
vn 0.000000 0.000000 -1.000000
vn -0.000000 0.000000 -1.000000
vn -0.000000 0.000000 -1.000000
vn -0.000000 0.000000 -1.000000
vn 0.000000 -0.000000 -1.000000
vn 0.000000 -0.000000 -1.000000
vn 0.000000 -0.000000 -1.000000
vn 0.000000 0.000000 -1.000000
vn 0.000000 0.000000 -1.000000
vn 0.000000 0.000000 -1.000000
vn 0.000000 0.000000 1.000000
vn 0.000000 0.000000 1.000000
vn 0.000000 0.000000 1.000000
vn 0.000000 -0.000000 1.000000
vn 0.000000 -0.000000 1.000000
vn 0.000000 -0.000000 1.000000
vn 0.000000 0.000000 1.000000
vn 0.000000 0.000000 1.000000
vn 0.000000 0.000000 1.000000
vn 0.000000 0.000000 1.000000
vn 0.000000 0.000000 1.000000
vn 0.000000 0.000000 1.000000
vn -0.000000 0.000000 1.000000
vn -0.000000 0.000000 1.000000
vn -0.000000 0.000000 1.000000
f 1849/1849/1849 1850/1850/1850 1851/1851/1851
f 1852/1852/1852 1853/1853/1853 1854/1854/1854
f 1855/1855/1855 1856/1856/1856 1857/1857/1857
f 1858/1858/1858 1859/1859/1859 1860/1860/1860
f 1861/1861/1861 1862/1862/1862 1863/1863/1863
f 1864/1864/1864 1865/1865/1865 1866/1866/1866
f 1867/1867/1867 1868/1868/1868 1869/1869/1869
f 1870/1870/1870 1871/1871/1871 1872/1872/1872
f 1873/1873/1873 1874/1874/1874 1875/1875/1875
f 1876/1876/1876 1877/1877/1877 1878/1878/1878
f 1879/1879/1879 1880/1880/1880 1881/1881/1881
f 1882/1882/1882 1883/1883/1883 1884/1884/1884
f 1885/1885/1885 1886/1886/1886 1887/1887/1887
f 1888/1888/1888 1889/1889/1889 1890/1890/1890
f 1891/1891/1891 1892/1892/1892 1893/1893/1893
f 1894/1894/1894 1895/1895/1895 1896/1896/1896
f 1897/1897/1897 1898/1898/1898 1899/1899/1899
f 1900/1900/1900 1901/1901/1901 1902/1902/1902
f 1903/1903/1903 1904/1904/1904 1905/1905/1905
f 1906/1906/1906 1907/1907/1907 1908/1908/1908
o LeftCheek
usemtl PaintedTeaFantasy
v -2.196424 9.436511 -10.003244
v -1.892811 8.944828 -9.623247
v -3.095783 8.586481 -9.074681
v -2.196424 9.436511 -10.003244
v -3.095783 8.586481 -9.074681
v -3.743181 9.227585 -9.402386
v -1.892811 8.944828 -9.623247
v -1.523840 9.132634 -8.937065
v -2.452935 8.831361 -8.188339
v -1.892811 8.944828 -9.623247
v -2.452935 8.831361 -8.188339
v -3.095783 8.586481 -9.074681
v -1.523840 9.132634 -8.937065
v -1.599415 9.740388 -8.892980
v -2.703031 9.623809 -7.968255
v -1.523840 9.132634 -8.937065
v -2.703031 9.623809 -7.968255
v -2.452935 8.831361 -8.188339
v -1.599415 9.740388 -8.892980
v -2.015095 9.928194 -9.551914
v -3.500447 9.868688 -8.718577
v -1.599415 9.740388 -8.892980
v -3.500447 9.868688 -8.718577
v -2.703031 9.623809 -7.968255
v -2.015095 9.928194 -9.551914
v -2.196424 9.436511 -10.003244
v -3.743181 9.227585 -9.402386
v -2.015095 9.928194 -9.551914
v -3.743181 9.227585 -9.402386
v -3.500447 9.868688 -8.718577
v -3.743181 9.227585 -9.402386
v -3.095783 8.586481 -9.074681
v -3.588101 8.432670 -7.898091
v -3.743181 9.227585 -9.402386
v -3.588101 8.432670 -7.898091
v -3.631187 8.461521 -7.896720
v -3.095783 8.586481 -9.074681
v -2.452935 8.831361 -8.188339
v -3.542900 8.443690 -7.860036
v -3.095783 8.586481 -9.074681
v -3.542900 8.443690 -7.860036
v -3.588101 8.432670 -7.898091
v -2.452935 8.831361 -8.188339
v -2.703031 9.623809 -7.968255
v -3.558050 8.479352 -7.835147
v -2.452935 8.831361 -8.188339
v -3.558050 8.479352 -7.835147
v -3.542900 8.443690 -7.860036
v -2.703031 9.623809 -7.968255
v -3.500447 9.868688 -8.718577
v -3.612614 8.490372 -7.857819
v -2.703031 9.623809 -7.968255
v -3.612614 8.490372 -7.857819
v -3.558050 8.479352 -7.835147
v -3.500447 9.868688 -8.718577
v -3.743181 9.227585 -9.402386
v -3.631187 8.461521 -7.896720
v -3.500447 9.868688 -8.718577
v -3.631187 8.461521 -7.896720
v -3.612614 8.490372 -7.857819
v -1.845517 9.436511 -9.401690
v -2.196424 9.436511 -10.003244
v -1.892811 8.944828 -9.623247
v -1.845517 9.436511 -9.401690
v -1.892811 8.944828 -9.623247
v -1.523840 9.132634 -8.937065
v -1.845517 9.436511 -9.401690
v -1.523840 9.132634 -8.937065
v -1.599415 9.740388 -8.892980
v -1.845517 9.436511 -9.401690
v -1.599415 9.740388 -8.892980
v -2.015095 9.928194 -9.551914
v -1.845517 9.436511 -9.401690
v -2.015095 9.928194 -9.551914
v -2.196424 9.436511 -10.003244
v -3.586571 8.461521 -7.869563
v -3.631187 8.461521 -7.896720
v -3.588101 8.432670 -7.898091
v -3.586571 8.461521 -7.869563
v -3.588101 8.432670 -7.898091
v -3.542900 8.443690 -7.860036
v -3.586571 8.461521 -7.869563
v -3.542900 8.443690 -7.860036
v -3.558050 8.479352 -7.835147
v -3.586571 8.461521 -7.869563
v -3.558050 8.479352 -7.835147
v -3.612614 8.490372 -7.857819
v -3.586571 8.461521 -7.869563
v -3.612614 8.490372 -7.857819
v -3.631187 8.461521 -7.896720
vt 0.003906 0.746094
vt 0.052344 0.746094
vt 0.052344 0.625000
vt 0.003906 0.746094
vt 0.052344 0.625000
vt 0.003906 0.625000
vt 0.052344 0.746094
vt 0.100781 0.746094
vt 0.100781 0.625000
vt 0.052344 0.746094
vt 0.100781 0.625000
vt 0.052344 0.625000
vt 0.100781 0.746094
vt 0.149219 0.746094
vt 0.149219 0.625000
vt 0.100781 0.746094
vt 0.149219 0.625000
vt 0.100781 0.625000
vt 0.149219 0.746094
vt 0.197656 0.746094
vt 0.197656 0.625000
vt 0.149219 0.746094
vt 0.197656 0.625000
vt 0.149219 0.625000
vt 0.197656 0.746094
vt 0.246094 0.746094
vt 0.246094 0.625000
vt 0.197656 0.746094
vt 0.246094 0.625000
vt 0.197656 0.625000
vt 0.003906 0.625000
vt 0.052344 0.625000
vt 0.052344 0.503906
vt 0.003906 0.625000
vt 0.052344 0.503906
vt 0.003906 0.503906
vt 0.052344 0.625000
vt 0.100781 0.625000
vt 0.100781 0.503906
vt 0.052344 0.625000
vt 0.100781 0.503906
vt 0.052344 0.503906
vt 0.100781 0.625000
vt 0.149219 0.625000
vt 0.149219 0.503906
vt 0.100781 0.625000
vt 0.149219 0.503906
vt 0.100781 0.503906
vt 0.149219 0.625000
vt 0.197656 0.625000
vt 0.197656 0.503906
vt 0.149219 0.625000
vt 0.197656 0.503906
vt 0.149219 0.503906
vt 0.197656 0.625000
vt 0.246094 0.625000
vt 0.246094 0.503906
vt 0.197656 0.625000
vt 0.246094 0.503906
vt 0.197656 0.503906
vt 0.125000 0.625000
vt 0.003906 0.746094
vt 0.246094 0.503906
vt 0.125000 0.625000
vt 0.003906 0.746094
vt 0.246094 0.503906
vt 0.125000 0.625000
vt 0.003906 0.746094
vt 0.246094 0.503906
vt 0.125000 0.625000
vt 0.003906 0.746094
vt 0.246094 0.503906
vt 0.125000 0.625000
vt 0.003906 0.746094
vt 0.246094 0.503906
vt 0.125000 0.625000
vt 0.003906 0.746094
vt 0.246094 0.503906
vt 0.125000 0.625000
vt 0.003906 0.746094
vt 0.246094 0.503906
vt 0.125000 0.625000
vt 0.003906 0.746094
vt 0.246094 0.503906
vt 0.125000 0.625000
vt 0.003906 0.746094
vt 0.246094 0.503906
vt 0.125000 0.625000
vt 0.003906 0.746094
vt 0.246094 0.503906
vn -0.140993 -0.658439 -0.739310
vn -0.140993 -0.658439 -0.739310
vn -0.140993 -0.658439 -0.739310
vn -0.214883 -0.607767 -0.764490
vn -0.214883 -0.607767 -0.764490
vn -0.214883 -0.607767 -0.764490
vn 0.354568 -0.932793 0.064646
vn 0.354568 -0.932793 0.064646
vn 0.354568 -0.932793 0.064646
vn 0.303218 -0.951947 0.043086
vn 0.303218 -0.951947 0.043086
vn 0.303218 -0.951947 0.043086
vn 0.640576 0.023982 0.767520
vn 0.640576 0.023982 0.767520
vn 0.640576 0.023982 0.767520
vn 0.630623 -0.016469 0.775915
vn 0.630623 -0.016469 0.775915
vn 0.630623 -0.016469 0.775915
vn 0.085959 0.971122 0.222559
vn 0.085959 0.971122 0.222559
vn 0.085959 0.971122 0.222559
vn 0.086157 0.970502 0.225175
vn 0.086157 0.970502 0.225175
vn 0.086157 0.970502 0.225175
vn -0.338520 0.701012 -0.627683
vn -0.338520 0.701012 -0.627683
vn -0.338520 0.701012 -0.627683
vn -0.350321 0.742126 -0.571424
vn -0.350321 0.742126 -0.571424
vn -0.350321 0.742126 -0.571424
vn -0.570963 -0.748718 -0.336783
vn -0.570963 -0.748718 -0.336783
vn -0.570963 -0.748718 -0.336783
vn -0.528205 -0.772030 -0.353510
vn -0.528205 -0.772030 -0.353510
vn -0.528205 -0.772030 -0.353510
vn 0.338853 -0.940733 0.014143
vn 0.338853 -0.940733 0.014143
vn 0.338853 -0.940733 0.014143
vn 0.253100 -0.967222 -0.020537
vn 0.253100 -0.967222 -0.020537
vn 0.253100 -0.967222 -0.020537
vn 0.343777 -0.149001 0.927155
vn 0.343777 -0.149001 0.927155
vn 0.343777 -0.149001 0.927155
vn 0.393282 -0.407978 0.823943
vn 0.393282 -0.407978 0.823943
vn 0.393282 -0.407978 0.823943
vn -0.516559 0.483400 0.706747
vn -0.516559 0.483400 0.706747
vn -0.516559 0.483400 0.706747
vn -0.304239 0.331177 0.893174
vn -0.304239 0.331177 0.893174
vn -0.304239 0.331177 0.893174
vn -0.967824 0.187759 0.167518
vn -0.967824 0.187759 0.167518
vn -0.967824 0.187759 0.167518
vn -0.933098 0.242039 0.265978
vn -0.933098 0.242039 0.265978
vn -0.933098 0.242039 0.265978
vn -0.854965 -0.142494 0.498729
vn -0.854965 -0.142494 0.498729
vn -0.854965 -0.142494 0.498729
vn -0.854965 -0.142494 0.498729
vn -0.854965 -0.142494 0.498729
vn -0.854965 -0.142494 0.498729
vn -0.854965 -0.142494 0.498729
vn -0.854965 -0.142494 0.498729
vn -0.854965 -0.142494 0.498729
vn -0.854965 -0.142494 0.498729
vn -0.854965 -0.142494 0.498729
vn -0.854965 -0.142494 0.498729
vn -0.854965 -0.142494 0.498729
vn -0.854965 -0.142494 0.498729
vn -0.854965 -0.142494 0.498729
vn -0.402638 -0.632717 0.661477
vn -0.402638 -0.632717 0.661477
vn -0.402638 -0.632717 0.661477
vn -0.402638 -0.632717 0.661477
vn -0.402638 -0.632717 0.661477
vn -0.402638 -0.632717 0.661477
vn -0.402638 -0.632717 0.661477
vn -0.402638 -0.632717 0.661477
vn -0.402638 -0.632717 0.661477
vn -0.402638 -0.632717 0.661477
vn -0.402638 -0.632717 0.661477
vn -0.402638 -0.632717 0.661477
vn -0.402638 -0.632717 0.661477
vn -0.402638 -0.632717 0.661477
vn -0.402638 -0.632717 0.661477
f 1909/1909/1909 1910/1910/1910 1911/1911/1911
f 1912/1912/1912 1913/1913/1913 1914/1914/1914
f 1915/1915/1915 1916/1916/1916 1917/1917/1917
f 1918/1918/1918 1919/1919/1919 1920/1920/1920
f 1921/1921/1921 1922/1922/1922 1923/1923/1923
f 1924/1924/1924 1925/1925/1925 1926/1926/1926
f 1927/1927/1927 1928/1928/1928 1929/1929/1929
f 1930/1930/1930 1931/1931/1931 1932/1932/1932
f 1933/1933/1933 1934/1934/1934 1935/1935/1935
f 1936/1936/1936 1937/1937/1937 1938/1938/1938
f 1939/1939/1939 1940/1940/1940 1941/1941/1941
f 1942/1942/1942 1943/1943/1943 1944/1944/1944
f 1945/1945/1945 1946/1946/1946 1947/1947/1947
f 1948/1948/1948 1949/1949/1949 1950/1950/1950
f 1951/1951/1951 1952/1952/1952 1953/1953/1953
f 1954/1954/1954 1955/1955/1955 1956/1956/1956
f 1957/1957/1957 1958/1958/1958 1959/1959/1959
f 1960/1960/1960 1961/1961/1961 1962/1962/1962
f 1963/1963/1963 1964/1964/1964 1965/1965/1965
f 1966/1966/1966 1967/1967/1967 1968/1968/1968
f 1969/1969/1969 1970/1970/1970 1971/1971/1971
f 1972/1972/1972 1973/1973/1973 1974/1974/1974
f 1975/1975/1975 1976/1976/1976 1977/1977/1977
f 1978/1978/1978 1979/1979/1979 1980/1980/1980
f 1981/1981/1981 1982/1982/1982 1983/1983/1983
f 1984/1984/1984 1985/1985/1985 1986/1986/1986
f 1987/1987/1987 1988/1988/1988 1989/1989/1989
f 1990/1990/1990 1991/1991/1991 1992/1992/1992
f 1993/1993/1993 1994/1994/1994 1995/1995/1995
f 1996/1996/1996 1997/1997/1997 1998/1998/1998
o LeftFrontGoldBand
usemtl PaintedTeaFantasy
v -1.619180 1.323201 -3.516929
v -2.132791 1.810696 -2.551939
v -2.132791 1.323201 -2.551939
v -1.619180 1.323201 -3.516929
v -1.619180 1.810696 -3.516929
v -2.132791 1.810696 -2.551939
v -2.132791 1.323201 -2.551939
v -3.160012 1.810696 -2.551939
v -3.160012 1.323201 -2.551939
v -2.132791 1.323201 -2.551939
v -2.132791 1.810696 -2.551939
v -3.160012 1.810696 -2.551939
v -3.160012 1.323201 -2.551939
v -3.673623 1.810696 -3.516929
v -3.673623 1.323201 -3.516929
v -3.160012 1.323201 -2.551939
v -3.160012 1.810696 -2.551939
v -3.673623 1.810696 -3.516929
v -3.673623 1.323201 -3.516929
v -3.160012 1.810696 -4.481918
v -3.160012 1.323201 -4.481918
v -3.673623 1.323201 -3.516929
v -3.673623 1.810696 -3.516929
v -3.160012 1.810696 -4.481918
v -3.160012 1.323201 -4.481918
v -2.132791 1.810696 -4.481918
v -2.132791 1.323201 -4.481918
v -3.160012 1.323201 -4.481918
v -3.160012 1.810696 -4.481918
v -2.132791 1.810696 -4.481918
v -2.132791 1.323201 -4.481918
v -1.619180 1.810696 -3.516929
v -1.619180 1.323201 -3.516929
v -2.132791 1.323201 -4.481918
v -2.132791 1.810696 -4.481918
v -1.619180 1.810696 -3.516929
v -2.646402 1.323201 -3.516929
v -1.619180 1.323201 -3.516929
v -2.132791 1.323201 -2.551939
v -2.646402 1.323201 -3.516929
v -2.132791 1.323201 -2.551939
v -3.160012 1.323201 -2.551939
v -2.646402 1.323201 -3.516929
v -3.160012 1.323201 -2.551939
v -3.673623 1.323201 -3.516929
v -2.646402 1.323201 -3.516929
v -3.673623 1.323201 -3.516929
v -3.160012 1.323201 -4.481918
v -2.646402 1.323201 -3.516929
v -3.160012 1.323201 -4.481918
v -2.132791 1.323201 -4.481918
v -2.646402 1.323201 -3.516929
v -2.132791 1.323201 -4.481918
v -1.619180 1.323201 -3.516929
v -2.646402 1.810696 -3.516929
v -2.132791 1.810696 -2.551939
v -1.619180 1.810696 -3.516929
v -2.646402 1.810696 -3.516929
v -3.160012 1.810696 -2.551939
v -2.132791 1.810696 -2.551939
v -2.646402 1.810696 -3.516929
v -3.673623 1.810696 -3.516929
v -3.160012 1.810696 -2.551939
v -2.646402 1.810696 -3.516929
v -3.160012 1.810696 -4.481918
v -3.673623 1.810696 -3.516929
v -2.646402 1.810696 -3.516929
v -2.132791 1.810696 -4.481918
v -3.160012 1.810696 -4.481918
v -2.646402 1.810696 -3.516929
v -1.619180 1.810696 -3.516929
v -2.132791 1.810696 -4.481918
vt 0.503906 0.253906
vt 0.746094 0.496094
vt 0.746094 0.253906
vt 0.503906 0.253906
vt 0.503906 0.496094
vt 0.746094 0.496094
vt 0.503906 0.253906
vt 0.746094 0.496094
vt 0.746094 0.253906
vt 0.503906 0.253906
vt 0.503906 0.496094
vt 0.746094 0.496094
vt 0.503906 0.253906
vt 0.746094 0.496094
vt 0.746094 0.253906
vt 0.503906 0.253906
vt 0.503906 0.496094
vt 0.746094 0.496094
vt 0.503906 0.253906
vt 0.746094 0.496094
vt 0.746094 0.253906
vt 0.503906 0.253906
vt 0.503906 0.496094
vt 0.746094 0.496094
vt 0.503906 0.253906
vt 0.746094 0.496094
vt 0.746094 0.253906
vt 0.503906 0.253906
vt 0.503906 0.496094
vt 0.746094 0.496094
vt 0.503906 0.253906
vt 0.746094 0.496094
vt 0.746094 0.253906
vt 0.503906 0.253906
vt 0.503906 0.496094
vt 0.746094 0.496094
vt 0.625000 0.375000
vt 0.503906 0.496094
vt 0.746094 0.253906
vt 0.625000 0.375000
vt 0.503906 0.496094
vt 0.746094 0.253906
vt 0.625000 0.375000
vt 0.503906 0.496094
vt 0.746094 0.253906
vt 0.625000 0.375000
vt 0.503906 0.496094
vt 0.746094 0.253906
vt 0.625000 0.375000
vt 0.503906 0.496094
vt 0.746094 0.253906
vt 0.625000 0.375000
vt 0.503906 0.496094
vt 0.746094 0.253906
vt 0.625000 0.375000
vt 0.746094 0.253906
vt 0.503906 0.496094
vt 0.625000 0.375000
vt 0.746094 0.253906
vt 0.503906 0.496094
vt 0.625000 0.375000
vt 0.746094 0.253906
vt 0.503906 0.496094
vt 0.625000 0.375000
vt 0.746094 0.253906
vt 0.503906 0.496094
vt 0.625000 0.375000
vt 0.746094 0.253906
vt 0.503906 0.496094
vt 0.625000 0.375000
vt 0.746094 0.253906
vt 0.503906 0.496094
vn 0.882752 0.000000 0.469840
vn 0.882752 0.000000 0.469840
vn 0.882752 0.000000 0.469840
vn 0.882752 -0.000000 0.469840
vn 0.882752 -0.000000 0.469840
vn 0.882752 -0.000000 0.469840
vn 0.000000 0.000000 1.000000
vn 0.000000 0.000000 1.000000
vn 0.000000 0.000000 1.000000
vn 0.000000 -0.000000 1.000000
vn 0.000000 -0.000000 1.000000
vn 0.000000 -0.000000 1.000000
vn -0.882752 0.000000 0.469840
vn -0.882752 0.000000 0.469840
vn -0.882752 0.000000 0.469840
vn -0.882752 0.000000 0.469840
vn -0.882752 0.000000 0.469840
vn -0.882752 0.000000 0.469840
vn -0.882752 0.000000 -0.469840
vn -0.882752 0.000000 -0.469840
vn -0.882752 0.000000 -0.469840
vn -0.882752 0.000000 -0.469840
vn -0.882752 0.000000 -0.469840
vn -0.882752 0.000000 -0.469840
vn 0.000000 0.000000 -1.000000
vn 0.000000 0.000000 -1.000000
vn 0.000000 0.000000 -1.000000
vn 0.000000 0.000000 -1.000000
vn 0.000000 0.000000 -1.000000
vn 0.000000 0.000000 -1.000000
vn 0.882752 0.000000 -0.469840
vn 0.882752 0.000000 -0.469840
vn 0.882752 0.000000 -0.469840
vn 0.882752 0.000000 -0.469840
vn 0.882752 0.000000 -0.469840
vn 0.882752 0.000000 -0.469840
vn 0.000000 -1.000000 0.000000
vn 0.000000 -1.000000 0.000000
vn 0.000000 -1.000000 0.000000
vn 0.000000 -1.000000 0.000000
vn 0.000000 -1.000000 0.000000
vn 0.000000 -1.000000 0.000000
vn 0.000000 -1.000000 0.000000
vn 0.000000 -1.000000 0.000000
vn 0.000000 -1.000000 0.000000
vn -0.000000 -1.000000 0.000000
vn -0.000000 -1.000000 0.000000
vn -0.000000 -1.000000 0.000000
vn 0.000000 -1.000000 -0.000000
vn 0.000000 -1.000000 -0.000000
vn 0.000000 -1.000000 -0.000000
vn 0.000000 -1.000000 0.000000
vn 0.000000 -1.000000 0.000000
vn 0.000000 -1.000000 0.000000
vn 0.000000 1.000000 0.000000
vn 0.000000 1.000000 0.000000
vn 0.000000 1.000000 0.000000
vn 0.000000 1.000000 -0.000000
vn 0.000000 1.000000 -0.000000
vn 0.000000 1.000000 -0.000000
vn 0.000000 1.000000 0.000000
vn 0.000000 1.000000 0.000000
vn 0.000000 1.000000 0.000000
vn 0.000000 1.000000 0.000000
vn 0.000000 1.000000 0.000000
vn 0.000000 1.000000 0.000000
vn 0.000000 1.000000 0.000000
vn 0.000000 1.000000 0.000000
vn 0.000000 1.000000 0.000000
vn -0.000000 1.000000 0.000000
vn -0.000000 1.000000 0.000000
vn -0.000000 1.000000 0.000000
f 1999/1999/1999 2000/2000/2000 2001/2001/2001
f 2002/2002/2002 2003/2003/2003 2004/2004/2004
f 2005/2005/2005 2006/2006/2006 2007/2007/2007
f 2008/2008/2008 2009/2009/2009 2010/2010/2010
f 2011/2011/2011 2012/2012/2012 2013/2013/2013
f 2014/2014/2014 2015/2015/2015 2016/2016/2016
f 2017/2017/2017 2018/2018/2018 2019/2019/2019
f 2020/2020/2020 2021/2021/2021 2022/2022/2022
f 2023/2023/2023 2024/2024/2024 2025/2025/2025
f 2026/2026/2026 2027/2027/2027 2028/2028/2028
f 2029/2029/2029 2030/2030/2030 2031/2031/2031
f 2032/2032/2032 2033/2033/2033 2034/2034/2034
f 2035/2035/2035 2036/2036/2036 2037/2037/2037
f 2038/2038/2038 2039/2039/2039 2040/2040/2040
f 2041/2041/2041 2042/2042/2042 2043/2043/2043
f 2044/2044/2044 2045/2045/2045 2046/2046/2046
f 2047/2047/2047 2048/2048/2048 2049/2049/2049
f 2050/2050/2050 2051/2051/2051 2052/2052/2052
f 2053/2053/2053 2054/2054/2054 2055/2055/2055
f 2056/2056/2056 2057/2057/2057 2058/2058/2058
f 2059/2059/2059 2060/2060/2060 2061/2061/2061
f 2062/2062/2062 2063/2063/2063 2064/2064/2064
f 2065/2065/2065 2066/2066/2066 2067/2067/2067
f 2068/2068/2068 2069/2069/2069 2070/2070/2070
o RightMuzzle
usemtl PaintedTeaFantasy
v 1.984801 8.600805 -12.187376
v 1.699233 9.117872 -12.187376
v 2.099163 9.419313 -11.630239
v 1.984801 8.600805 -12.187376
v 2.099163 9.419313 -11.630239
v 2.507117 8.705269 -11.630239
v 1.699233 9.117872 -12.187376
v 1.009811 9.332048 -12.187376
v 1.114274 9.715080 -11.630239
v 1.699233 9.117872 -12.187376
v 1.114274 9.715080 -11.630239
v 2.099163 9.419313 -11.630239
v 1.009811 9.332048 -12.187376
v 0.320389 9.117872 -12.187376
v 0.129386 9.419313 -11.630239
v 1.009811 9.332048 -12.187376
v 0.129386 9.419313 -11.630239
v 1.114274 9.715080 -11.630239
v 0.320389 9.117872 -12.187376
v 0.034821 8.600805 -12.187376
v -0.278569 8.705269 -11.630239
v 0.320389 9.117872 -12.187376
v -0.278569 8.705269 -11.630239
v 0.129386 9.419313 -11.630239
v 0.034821 8.600805 -12.187376
v 0.320389 8.083739 -12.187376
v 0.129386 7.991224 -11.630239
v 0.034821 8.600805 -12.187376
v 0.129386 7.991224 -11.630239
v -0.278569 8.705269 -11.630239
v 0.320389 8.083739 -12.187376
v 1.009811 7.869563 -12.187376
v 1.114274 7.695457 -11.630239
v 0.320389 8.083739 -12.187376
v 1.114274 7.695457 -11.630239
v 0.129386 7.991224 -11.630239
v 1.009811 7.869563 -12.187376
v 1.699233 8.083739 -12.187376
v 2.099163 7.991224 -11.630239
v 1.009811 7.869563 -12.187376
v 2.099163 7.991224 -11.630239
v 1.114274 7.695457 -11.630239
v 1.699233 8.083739 -12.187376
v 1.984801 8.600805 -12.187376
v 2.507117 8.705269 -11.630239
v 1.699233 8.083739 -12.187376
v 2.507117 8.705269 -11.630239
v 2.099163 7.991224 -11.630239
v 2.507117 8.705269 -11.630239
v 2.099163 9.419313 -11.630239
v 2.123785 9.573021 -9.854364
v 2.507117 8.705269 -11.630239
v 2.123785 9.573021 -9.854364
v 2.541938 8.809732 -9.854364
v 2.099163 9.419313 -11.630239
v 1.114274 9.715080 -11.630239
v 1.114274 9.889185 -9.854364
v 2.099163 9.419313 -11.630239
v 1.114274 9.889185 -9.854364
v 2.123785 9.573021 -9.854364
v 1.114274 9.715080 -11.630239
v 0.129386 9.419313 -11.630239
v 0.104763 9.573021 -9.854364
v 1.114274 9.715080 -11.630239
v 0.104763 9.573021 -9.854364
v 1.114274 9.889185 -9.854364
v 0.129386 9.419313 -11.630239
v -0.278569 8.705269 -11.630239
v -0.313390 8.809732 -9.854364
v 0.129386 9.419313 -11.630239
v -0.313390 8.809732 -9.854364
v 0.104763 9.573021 -9.854364
v -0.278569 8.705269 -11.630239
v 0.129386 7.991224 -11.630239
v 0.104763 8.046443 -9.854364
v -0.278569 8.705269 -11.630239
v 0.104763 8.046443 -9.854364
v -0.313390 8.809732 -9.854364
v 0.129386 7.991224 -11.630239
v 1.114274 7.695457 -11.630239
v 1.114274 7.730278 -9.854364
v 0.129386 7.991224 -11.630239
v 1.114274 7.730278 -9.854364
v 0.104763 8.046443 -9.854364
v 1.114274 7.695457 -11.630239
v 2.099163 7.991224 -11.630239
v 2.123785 8.046443 -9.854364
v 1.114274 7.695457 -11.630239
v 2.123785 8.046443 -9.854364
v 1.114274 7.730278 -9.854364
v 2.099163 7.991224 -11.630239
v 2.507117 8.705269 -11.630239
v 2.541938 8.809732 -9.854364
v 2.099163 7.991224 -11.630239
v 2.541938 8.809732 -9.854364
v 2.123785 8.046443 -9.854364
v 1.009811 8.600805 -12.187376
v 1.699233 9.117872 -12.187376
v 1.984801 8.600805 -12.187376
v 1.009811 8.600805 -12.187376
v 1.009811 9.332048 -12.187376
v 1.699233 9.117872 -12.187376
v 1.009811 8.600805 -12.187376
v 0.320389 9.117872 -12.187376
v 1.009811 9.332048 -12.187376
v 1.009811 8.600805 -12.187376
v 0.034821 8.600805 -12.187376
v 0.320389 9.117872 -12.187376
v 1.009811 8.600805 -12.187376
v 0.320389 8.083739 -12.187376
v 0.034821 8.600805 -12.187376
v 1.009811 8.600805 -12.187376
v 1.009811 7.869563 -12.187376
v 0.320389 8.083739 -12.187376
v 1.009811 8.600805 -12.187376
v 1.699233 8.083739 -12.187376
v 1.009811 7.869563 -12.187376
v 1.009811 8.600805 -12.187376
v 1.984801 8.600805 -12.187376
v 1.699233 8.083739 -12.187376
v 1.114274 8.809732 -9.854364
v 2.541938 8.809732 -9.854364
v 2.123785 9.573021 -9.854364
v 1.114274 8.809732 -9.854364
v 2.123785 9.573021 -9.854364
v 1.114274 9.889185 -9.854364
v 1.114274 8.809732 -9.854364
v 1.114274 9.889185 -9.854364
v 0.104763 9.573021 -9.854364
v 1.114274 8.809732 -9.854364
v 0.104763 9.573021 -9.854364
v -0.313390 8.809732 -9.854364
v 1.114274 8.809732 -9.854364
v -0.313390 8.809732 -9.854364
v 0.104763 8.046443 -9.854364
v 1.114274 8.809732 -9.854364
v 0.104763 8.046443 -9.854364
v 1.114274 7.730278 -9.854364
v 1.114274 8.809732 -9.854364
v 1.114274 7.730278 -9.854364
v 2.123785 8.046443 -9.854364
v 1.114274 8.809732 -9.854364
v 2.123785 8.046443 -9.854364
v 2.541938 8.809732 -9.854364
vt 0.003906 0.746094
vt 0.034180 0.746094
vt 0.034180 0.625000
vt 0.003906 0.746094
vt 0.034180 0.625000
vt 0.003906 0.625000
vt 0.034180 0.746094
vt 0.064453 0.746094
vt 0.064453 0.625000
vt 0.034180 0.746094
vt 0.064453 0.625000
vt 0.034180 0.625000
vt 0.064453 0.746094
vt 0.094727 0.746094
vt 0.094727 0.625000
vt 0.064453 0.746094
vt 0.094727 0.625000
vt 0.064453 0.625000
vt 0.094727 0.746094
vt 0.125000 0.746094
vt 0.125000 0.625000
vt 0.094727 0.746094
vt 0.125000 0.625000
vt 0.094727 0.625000
vt 0.125000 0.746094
vt 0.155273 0.746094
vt 0.155273 0.625000
vt 0.125000 0.746094
vt 0.155273 0.625000
vt 0.125000 0.625000
vt 0.155273 0.746094
vt 0.185547 0.746094
vt 0.185547 0.625000
vt 0.155273 0.746094
vt 0.185547 0.625000
vt 0.155273 0.625000
vt 0.185547 0.746094
vt 0.215820 0.746094
vt 0.215820 0.625000
vt 0.185547 0.746094
vt 0.215820 0.625000
vt 0.185547 0.625000
vt 0.215820 0.746094
vt 0.246094 0.746094
vt 0.246094 0.625000
vt 0.215820 0.746094
vt 0.246094 0.625000
vt 0.215820 0.625000
vt 0.003906 0.625000
vt 0.034180 0.625000
vt 0.034180 0.503906
vt 0.003906 0.625000
vt 0.034180 0.503906
vt 0.003906 0.503906
vt 0.034180 0.625000
vt 0.064453 0.625000
vt 0.064453 0.503906
vt 0.034180 0.625000
vt 0.064453 0.503906
vt 0.034180 0.503906
vt 0.064453 0.625000
vt 0.094727 0.625000
vt 0.094727 0.503906
vt 0.064453 0.625000
vt 0.094727 0.503906
vt 0.064453 0.503906
vt 0.094727 0.625000
vt 0.125000 0.625000
vt 0.125000 0.503906
vt 0.094727 0.625000
vt 0.125000 0.503906
vt 0.094727 0.503906
vt 0.125000 0.625000
vt 0.155273 0.625000
vt 0.155273 0.503906
vt 0.125000 0.625000
vt 0.155273 0.503906
vt 0.125000 0.503906
vt 0.155273 0.625000
vt 0.185547 0.625000
vt 0.185547 0.503906
vt 0.155273 0.625000
vt 0.185547 0.503906
vt 0.155273 0.503906
vt 0.185547 0.625000
vt 0.215820 0.625000
vt 0.215820 0.503906
vt 0.185547 0.625000
vt 0.215820 0.503906
vt 0.185547 0.503906
vt 0.215820 0.625000
vt 0.246094 0.625000
vt 0.246094 0.503906
vt 0.215820 0.625000
vt 0.246094 0.503906
vt 0.215820 0.503906
vt 0.125000 0.625000
vt 0.221875 0.528125
vt 0.028125 0.721875
vt 0.125000 0.625000
vt 0.221875 0.528125
vt 0.028125 0.721875
vt 0.125000 0.625000
vt 0.221875 0.528125
vt 0.028125 0.721875
vt 0.125000 0.625000
vt 0.221875 0.528125
vt 0.028125 0.721875
vt 0.125000 0.625000
vt 0.221875 0.528125
vt 0.028125 0.721875
vt 0.125000 0.625000
vt 0.221875 0.528125
vt 0.028125 0.721875
vt 0.125000 0.625000
vt 0.221875 0.528125
vt 0.028125 0.721875
vt 0.125000 0.625000
vt 0.221875 0.528125
vt 0.028125 0.721875
vt 0.125000 0.625000
vt 0.028125 0.721875
vt 0.221875 0.528125
vt 0.125000 0.625000
vt 0.028125 0.721875
vt 0.221875 0.528125
vt 0.125000 0.625000
vt 0.028125 0.721875
vt 0.221875 0.528125
vt 0.125000 0.625000
vt 0.028125 0.721875
vt 0.221875 0.528125
vt 0.125000 0.625000
vt 0.028125 0.721875
vt 0.221875 0.528125
vt 0.125000 0.625000
vt 0.028125 0.721875
vt 0.221875 0.528125
vt 0.125000 0.625000
vt 0.028125 0.721875
vt 0.221875 0.528125
vt 0.125000 0.625000
vt 0.028125 0.721875
vt 0.221875 0.528125
vn 0.653918 0.361149 -0.664803
vn 0.653918 0.361149 -0.664803
vn 0.653918 0.361149 -0.664803
vn 0.643136 0.367442 -0.671835
vn 0.643136 0.367442 -0.671835
vn 0.643136 0.367442 -0.671835
vn 0.241655 0.777874 -0.580099
vn 0.241655 0.777874 -0.580099
vn 0.241655 0.777874 -0.580099
vn 0.232895 0.775530 -0.586782
vn 0.232895 0.775530 -0.586782
vn 0.232895 0.775530 -0.586782
vn -0.252324 0.812219 -0.525958
vn -0.252324 0.812219 -0.525958
vn -0.252324 0.812219 -0.525958
vn -0.246136 0.819621 -0.517339
vn -0.246136 0.819621 -0.517339
vn -0.246136 0.819621 -0.517339
vn -0.756222 0.417650 -0.503684
vn -0.756222 0.417650 -0.503684
vn -0.756222 0.417650 -0.503684
vn -0.755615 0.431705 -0.492623
vn -0.755615 0.431705 -0.492623
vn -0.755615 0.431705 -0.492623
vn -0.818178 -0.451867 -0.355530
vn -0.818178 -0.451867 -0.355530
vn -0.818178 -0.451867 -0.355530
vn -0.807454 -0.461322 -0.367695
vn -0.807454 -0.461322 -0.367695
vn -0.807454 -0.461322 -0.367695
vn -0.288297 -0.928015 -0.235949
vn -0.288297 -0.928015 -0.235949
vn -0.288297 -0.928015 -0.235949
vn -0.278520 -0.927459 -0.249493
vn -0.278520 -0.927459 -0.249493
vn -0.278520 -0.927459 -0.249493
vn 0.278100 -0.895189 -0.348277
vn 0.278100 -0.895189 -0.348277
vn 0.278100 -0.895189 -0.348277
vn 0.271195 -0.903065 -0.333057
vn 0.271195 -0.903065 -0.333057
vn 0.271195 -0.903065 -0.333057
vn 0.707021 -0.390477 -0.589618
vn 0.707021 -0.390477 -0.589618
vn 0.707021 -0.390477 -0.589618
vn 0.709434 -0.405320 -0.576558
vn 0.709434 -0.405320 -0.576558
vn 0.709434 -0.405320 -0.576558
vn 0.866971 0.495326 -0.054892
vn 0.866971 0.495326 -0.054892
vn 0.866971 0.495326 -0.054892
vn 0.876113 0.479962 -0.045412
vn 0.876113 0.479962 -0.045412
vn 0.876113 0.479962 -0.045412
vn 0.286356 0.953552 -0.093485
vn 0.286356 0.953552 -0.093485
vn 0.286356 0.953552 -0.093485
vn 0.297753 0.950724 -0.086416
vn 0.297753 0.950724 -0.086416
vn 0.297753 0.950724 -0.086416
vn -0.286536 0.954151 -0.086558
vn -0.286536 0.954151 -0.086558
vn -0.286536 0.954151 -0.086558
vn -0.297572 0.950144 -0.093151
vn -0.297572 0.950144 -0.093151
vn -0.297572 0.950144 -0.093151
vn -0.867355 0.495545 -0.046157
vn -0.867355 0.495545 -0.046157
vn -0.867355 0.495545 -0.046157
vn -0.875754 0.479765 -0.053667
vn -0.875754 0.479765 -0.053667
vn -0.875754 0.479765 -0.053667
vn -0.868275 -0.496071 0.003386
vn -0.868275 -0.496071 0.003386
vn -0.868275 -0.496071 0.003386
vn -0.876964 -0.480428 0.011065
vn -0.876964 -0.480428 0.011065
vn -0.876964 -0.480428 0.011065
vn -0.287565 -0.957577 0.018776
vn -0.287565 -0.957577 0.018776
vn -0.287565 -0.957577 0.018776
vn -0.298774 -0.953983 0.025521
vn -0.298774 -0.953983 0.025521
vn -0.298774 -0.953983 0.025521
vn 0.287520 -0.957427 0.025784
vn 0.287520 -0.957427 0.025784
vn 0.287520 -0.957427 0.025784
vn 0.298819 -0.954126 0.018708
vn 0.298819 -0.954126 0.018708
vn 0.298819 -0.954126 0.018708
vn 0.868216 -0.496037 0.012155
vn 0.868216 -0.496037 0.012155
vn 0.868216 -0.496037 0.012155
vn 0.877015 -0.480456 0.002780
vn 0.877015 -0.480456 0.002780
vn 0.877015 -0.480456 0.002780
vn 0.000000 0.000000 -1.000000
vn 0.000000 0.000000 -1.000000
vn 0.000000 0.000000 -1.000000
vn 0.000000 0.000000 -1.000000
vn 0.000000 0.000000 -1.000000
vn 0.000000 0.000000 -1.000000
vn 0.000000 0.000000 -1.000000
vn 0.000000 0.000000 -1.000000
vn 0.000000 0.000000 -1.000000
vn 0.000000 0.000000 -1.000000
vn 0.000000 0.000000 -1.000000
vn 0.000000 0.000000 -1.000000
vn -0.000000 0.000000 -1.000000
vn -0.000000 0.000000 -1.000000
vn -0.000000 0.000000 -1.000000
vn 0.000000 0.000000 -1.000000
vn 0.000000 0.000000 -1.000000
vn 0.000000 0.000000 -1.000000
vn 0.000000 -0.000000 -1.000000
vn 0.000000 -0.000000 -1.000000
vn 0.000000 -0.000000 -1.000000
vn 0.000000 0.000000 -1.000000
vn 0.000000 0.000000 -1.000000
vn 0.000000 0.000000 -1.000000
vn 0.000000 0.000000 1.000000
vn 0.000000 0.000000 1.000000
vn 0.000000 0.000000 1.000000
vn 0.000000 0.000000 1.000000
vn 0.000000 0.000000 1.000000
vn 0.000000 0.000000 1.000000
vn 0.000000 -0.000000 1.000000
vn 0.000000 -0.000000 1.000000
vn 0.000000 -0.000000 1.000000
vn 0.000000 0.000000 1.000000
vn 0.000000 0.000000 1.000000
vn 0.000000 0.000000 1.000000
vn 0.000000 0.000000 1.000000
vn 0.000000 0.000000 1.000000
vn 0.000000 0.000000 1.000000
vn 0.000000 0.000000 1.000000
vn 0.000000 0.000000 1.000000
vn 0.000000 0.000000 1.000000
vn 0.000000 0.000000 1.000000
vn 0.000000 0.000000 1.000000
vn 0.000000 0.000000 1.000000
vn -0.000000 0.000000 1.000000
vn -0.000000 0.000000 1.000000
vn -0.000000 0.000000 1.000000
f 2071/2071/2071 2072/2072/2072 2073/2073/2073
f 2074/2074/2074 2075/2075/2075 2076/2076/2076
f 2077/2077/2077 2078/2078/2078 2079/2079/2079
f 2080/2080/2080 2081/2081/2081 2082/2082/2082
f 2083/2083/2083 2084/2084/2084 2085/2085/2085
f 2086/2086/2086 2087/2087/2087 2088/2088/2088
f 2089/2089/2089 2090/2090/2090 2091/2091/2091
f 2092/2092/2092 2093/2093/2093 2094/2094/2094
f 2095/2095/2095 2096/2096/2096 2097/2097/2097
f 2098/2098/2098 2099/2099/2099 2100/2100/2100
f 2101/2101/2101 2102/2102/2102 2103/2103/2103
f 2104/2104/2104 2105/2105/2105 2106/2106/2106
f 2107/2107/2107 2108/2108/2108 2109/2109/2109
f 2110/2110/2110 2111/2111/2111 2112/2112/2112
f 2113/2113/2113 2114/2114/2114 2115/2115/2115
f 2116/2116/2116 2117/2117/2117 2118/2118/2118
f 2119/2119/2119 2120/2120/2120 2121/2121/2121
f 2122/2122/2122 2123/2123/2123 2124/2124/2124
f 2125/2125/2125 2126/2126/2126 2127/2127/2127
f 2128/2128/2128 2129/2129/2129 2130/2130/2130
f 2131/2131/2131 2132/2132/2132 2133/2133/2133
f 2134/2134/2134 2135/2135/2135 2136/2136/2136
f 2137/2137/2137 2138/2138/2138 2139/2139/2139
f 2140/2140/2140 2141/2141/2141 2142/2142/2142
f 2143/2143/2143 2144/2144/2144 2145/2145/2145
f 2146/2146/2146 2147/2147/2147 2148/2148/2148
f 2149/2149/2149 2150/2150/2150 2151/2151/2151
f 2152/2152/2152 2153/2153/2153 2154/2154/2154
f 2155/2155/2155 2156/2156/2156 2157/2157/2157
f 2158/2158/2158 2159/2159/2159 2160/2160/2160
f 2161/2161/2161 2162/2162/2162 2163/2163/2163
f 2164/2164/2164 2165/2165/2165 2166/2166/2166
f 2167/2167/2167 2168/2168/2168 2169/2169/2169
f 2170/2170/2170 2171/2171/2171 2172/2172/2172
f 2173/2173/2173 2174/2174/2174 2175/2175/2175
f 2176/2176/2176 2177/2177/2177 2178/2178/2178
f 2179/2179/2179 2180/2180/2180 2181/2181/2181
f 2182/2182/2182 2183/2183/2183 2184/2184/2184
f 2185/2185/2185 2186/2186/2186 2187/2187/2187
f 2188/2188/2188 2189/2189/2189 2190/2190/2190
f 2191/2191/2191 2192/2192/2192 2193/2193/2193
f 2194/2194/2194 2195/2195/2195 2196/2196/2196
f 2197/2197/2197 2198/2198/2198 2199/2199/2199
f 2200/2200/2200 2201/2201/2201 2202/2202/2202
f 2203/2203/2203 2204/2204/2204 2205/2205/2205
f 2206/2206/2206 2207/2207/2207 2208/2208/2208
f 2209/2209/2209 2210/2210/2210 2211/2211/2211
f 2212/2212/2212 2213/2213/2213 2214/2214/2214
o RightEye
usemtl PaintedTeaFantasy
v 2.122693 10.550786 -10.298681
v 1.323201 10.367975 -10.655249
v 1.591323 10.785828 -10.509000
v 2.122693 10.550786 -10.298681
v 1.591323 10.785828 -10.509000
v 2.510599 10.916407 -10.007577
v 2.122693 10.550786 -10.298681
v 2.510599 10.916407 -10.007577
v 2.855328 10.655249 -9.819543
v 2.122693 10.550786 -10.298681
v 2.855328 10.655249 -9.819543
v 2.510599 10.289627 -10.007577
v 2.122693 10.550786 -10.298681
v 2.510599 10.289627 -10.007577
v 1.706233 10.211280 -10.446322
v 2.122693 10.550786 -10.298681
v 1.706233 10.211280 -10.446322
v 1.323201 10.367975 -10.655249
vt 0.875000 0.875000
vt 0.753906 0.832617
vt 0.796289 0.929492
vt 0.875000 0.875000
vt 0.796289 0.929492
vt 0.941602 0.959766
vt 0.875000 0.875000
vt 0.941602 0.959766
vt 0.996094 0.899219
vt 0.875000 0.875000
vt 0.996094 0.899219
vt 0.941602 0.814453
vt 0.875000 0.875000
vt 0.941602 0.814453
vt 0.814453 0.796289
vt 0.875000 0.875000
vt 0.814453 0.796289
vt 0.753906 0.832617
vn 0.393239 0.068578 -0.916875
vn 0.393239 0.068578 -0.916875
vn 0.393239 0.068578 -0.916875
vn 0.442303 0.222491 -0.868830
vn 0.442303 0.222491 -0.868830
vn 0.442303 0.222491 -0.868830
vn 0.534381 0.101183 -0.839166
vn 0.534381 0.101183 -0.839166
vn 0.534381 0.101183 -0.839166
vn 0.554437 -0.097714 -0.826469
vn 0.554437 -0.097714 -0.826469
vn 0.554437 -0.097714 -0.826469
vn 0.483372 -0.225036 -0.845997
vn 0.483372 -0.225036 -0.845997
vn 0.483372 -0.225036 -0.845997
vn 0.429721 -0.139141 -0.892177
vn 0.429721 -0.139141 -0.892177
vn 0.429721 -0.139141 -0.892177
f 2215/2215/2215 2216/2216/2216 2217/2217/2217
f 2218/2218/2218 2219/2219/2219 2220/2220/2220
f 2221/2221/2221 2222/2222/2222 2223/2223/2223
f 2224/2224/2224 2225/2225/2225 2226/2226/2226
f 2227/2227/2227 2228/2228/2228 2229/2229/2229
f 2230/2230/2230 2231/2231/2231 2232/2232/2232
o RightBrow
usemtl PaintedTeaFantasy
v 0.689665 10.968638 -10.065364
v 0.789987 10.679402 -10.345501
v 2.124125 10.953660 -10.160340
v 0.689665 10.968638 -10.065364
v 2.124125 10.953660 -10.160340
v 1.885205 11.316849 -9.877370
v 0.789987 10.679402 -10.345501
v 0.809127 10.789880 -10.813091
v 2.362990 11.092386 -10.694164
v 0.789987 10.679402 -10.345501
v 2.362990 11.092386 -10.694164
v 2.124125 10.953660 -10.160340
v 0.809127 10.789880 -10.813091
v 0.720633 11.147396 -10.821940
v 2.271698 11.541312 -10.741114
v 0.809127 10.789880 -10.813091
v 2.271698 11.541312 -10.741114
v 2.362990 11.092386 -10.694164
v 0.720633 11.147396 -10.821940
v 0.646801 11.257875 -10.359820
v 1.976410 11.680038 -10.236308
v 0.720633 11.147396 -10.821940
v 1.976410 11.680038 -10.236308
v 2.271698 11.541312 -10.741114
v 0.646801 11.257875 -10.359820
v 0.689665 10.968638 -10.065364
v 1.885205 11.316849 -9.877370
v 0.646801 11.257875 -10.359820
v 1.885205 11.316849 -9.877370
v 1.976410 11.680038 -10.236308
v 1.885205 11.316849 -9.877370
v 2.124125 10.953660 -10.160340
v 3.149509 11.497680 -9.185142
v 1.885205 11.316849 -9.877370
v 3.149509 11.497680 -9.185142
v 3.067105 11.595418 -9.132322
v 2.124125 10.953660 -10.160340
v 2.362990 11.092386 -10.694164
v 3.258459 11.535012 -9.296616
v 2.124125 10.953660 -10.160340
v 3.258459 11.535012 -9.296616
v 3.149509 11.497680 -9.185142
v 2.362990 11.092386 -10.694164
v 2.271698 11.541312 -10.741114
v 3.243389 11.655823 -9.312691
v 2.362990 11.092386 -10.694164
v 3.243389 11.655823 -9.312691
v 3.258459 11.535012 -9.296616
v 2.271698 11.541312 -10.741114
v 1.976410 11.680038 -10.236308
v 3.125126 11.693156 -9.211152
v 2.271698 11.541312 -10.741114
v 3.125126 11.693156 -9.211152
v 3.243389 11.655823 -9.312691
v 1.976410 11.680038 -10.236308
v 1.885205 11.316849 -9.877370
v 3.067105 11.595418 -9.132322
v 1.976410 11.680038 -10.236308
v 3.067105 11.595418 -9.132322
v 3.125126 11.693156 -9.211152
v 0.731243 10.968638 -10.481143
v 0.689665 10.968638 -10.065364
v 0.789987 10.679402 -10.345501
v 0.731243 10.968638 -10.481143
v 0.789987 10.679402 -10.345501
v 0.809127 10.789880 -10.813091
v 0.731243 10.968638 -10.481143
v 0.809127 10.789880 -10.813091
v 0.720633 11.147396 -10.821940
v 0.731243 10.968638 -10.481143
v 0.720633 11.147396 -10.821940
v 0.646801 11.257875 -10.359820
v 0.731243 10.968638 -10.481143
v 0.646801 11.257875 -10.359820
v 0.689665 10.968638 -10.065364
v 3.168718 11.595418 -9.227585
v 3.067105 11.595418 -9.132322
v 3.149509 11.497680 -9.185142
v 3.168718 11.595418 -9.227585
v 3.149509 11.497680 -9.185142
v 3.258459 11.535012 -9.296616
v 3.168718 11.595418 -9.227585
v 3.258459 11.535012 -9.296616
v 3.243389 11.655823 -9.312691
v 3.168718 11.595418 -9.227585
v 3.243389 11.655823 -9.312691
v 3.125126 11.693156 -9.211152
v 3.168718 11.595418 -9.227585
v 3.125126 11.693156 -9.211152
v 3.067105 11.595418 -9.132322
vt 0.003906 0.746094
vt 0.052344 0.746094
vt 0.052344 0.625000
vt 0.003906 0.746094
vt 0.052344 0.625000
vt 0.003906 0.625000
vt 0.052344 0.746094
vt 0.100781 0.746094
vt 0.100781 0.625000
vt 0.052344 0.746094
vt 0.100781 0.625000
vt 0.052344 0.625000
vt 0.100781 0.746094
vt 0.149219 0.746094
vt 0.149219 0.625000
vt 0.100781 0.746094
vt 0.149219 0.625000
vt 0.100781 0.625000
vt 0.149219 0.746094
vt 0.197656 0.746094
vt 0.197656 0.625000
vt 0.149219 0.746094
vt 0.197656 0.625000
vt 0.149219 0.625000
vt 0.197656 0.746094
vt 0.246094 0.746094
vt 0.246094 0.625000
vt 0.197656 0.746094
vt 0.246094 0.625000
vt 0.197656 0.625000
vt 0.003906 0.625000
vt 0.052344 0.625000
vt 0.052344 0.503906
vt 0.003906 0.625000
vt 0.052344 0.503906
vt 0.003906 0.503906
vt 0.052344 0.625000
vt 0.100781 0.625000
vt 0.100781 0.503906
vt 0.052344 0.625000
vt 0.100781 0.503906
vt 0.052344 0.503906
vt 0.100781 0.625000
vt 0.149219 0.625000
vt 0.149219 0.503906
vt 0.100781 0.625000
vt 0.149219 0.503906
vt 0.100781 0.503906
vt 0.149219 0.625000
vt 0.197656 0.625000
vt 0.197656 0.503906
vt 0.149219 0.625000
vt 0.197656 0.503906
vt 0.149219 0.503906
vt 0.197656 0.625000
vt 0.246094 0.625000
vt 0.246094 0.503906
vt 0.197656 0.625000
vt 0.246094 0.503906
vt 0.197656 0.503906
vt 0.125000 0.625000
vt 0.003906 0.746094
vt 0.246094 0.503906
vt 0.125000 0.625000
vt 0.003906 0.746094
vt 0.246094 0.503906
vt 0.125000 0.625000
vt 0.003906 0.746094
vt 0.246094 0.503906
vt 0.125000 0.625000
vt 0.003906 0.746094
vt 0.246094 0.503906
vt 0.125000 0.625000
vt 0.003906 0.746094
vt 0.246094 0.503906
vt 0.125000 0.625000
vt 0.003906 0.746094
vt 0.246094 0.503906
vt 0.125000 0.625000
vt 0.003906 0.746094
vt 0.246094 0.503906
vt 0.125000 0.625000
vt 0.003906 0.746094
vt 0.246094 0.503906
vt 0.125000 0.625000
vt 0.003906 0.746094
vt 0.246094 0.503906
vt 0.125000 0.625000
vt 0.003906 0.746094
vt 0.246094 0.503906
vn 0.040804 -0.687799 0.724753
vn 0.040804 -0.687799 0.724753
vn 0.040804 -0.687799 0.724753
vn 0.046939 -0.594529 0.802703
vn 0.046939 -0.594529 0.802703
vn 0.046939 -0.594529 0.802703
vn 0.202524 -0.954860 -0.217317
vn 0.202524 -0.954860 -0.217317
vn 0.202524 -0.954860 -0.217317
vn 0.219250 -0.963703 -0.152334
vn 0.219250 -0.963703 -0.152334
vn 0.219250 -0.963703 -0.152334
vn 0.054857 -0.011135 -0.998432
vn 0.054857 -0.011135 -0.998432
vn 0.054857 -0.011135 -0.998432
vn 0.092469 -0.084952 -0.992085
vn 0.092469 -0.084952 -0.992085
vn 0.092469 -0.084952 -0.992085
vn -0.269450 0.926000 -0.264427
vn -0.269450 0.926000 -0.264427
vn -0.269450 0.926000 -0.264427
vn -0.210298 0.904293 -0.371523
vn -0.210298 0.904293 -0.371523
vn -0.210298 0.904293 -0.371523
vn -0.300273 0.658264 0.690307
vn -0.300273 0.658264 0.690307
vn -0.300273 0.658264 0.690307
vn -0.285041 0.709031 0.645001
vn -0.285041 0.709031 0.645001
vn -0.285041 0.709031 0.645001
vn -0.266120 -0.695265 0.667673
vn -0.266120 -0.695265 0.667673
vn -0.266120 -0.695265 0.667673
vn -0.298535 -0.636181 0.711443
vn -0.298535 -0.636181 0.711443
vn -0.298535 -0.636181 0.711443
vn 0.468098 -0.883448 -0.020128
vn 0.468098 -0.883448 -0.020128
vn 0.468098 -0.883448 -0.020128
vn 0.401247 -0.911849 0.086784
vn 0.401247 -0.911849 0.086784
vn 0.401247 -0.911849 0.086784
vn 0.818039 0.107257 -0.565073
vn 0.818039 0.107257 -0.565073
vn 0.818039 0.107257 -0.565073
vn 0.836971 0.031712 -0.546327
vn 0.836971 0.031712 -0.546327
vn 0.836971 0.031712 -0.546327
vn 0.149374 0.972292 -0.179819
vn 0.149374 0.972292 -0.179819
vn 0.149374 0.972292 -0.179819
vn 0.151431 0.971771 -0.180915
vn 0.151431 0.971771 -0.180915
vn 0.151431 0.971771 -0.180915
vn -0.503059 0.668127 0.548214
vn -0.503059 0.668127 0.548214
vn -0.503059 0.668127 0.548214
vn -0.476189 0.705754 0.524552
vn -0.476189 0.705754 0.524552
vn -0.476189 0.705754 0.524552
vn 0.965609 0.241402 0.096561
vn 0.965609 0.241402 0.096561
vn 0.965609 0.241402 0.096561
vn 0.965609 0.241402 0.096561
vn 0.965609 0.241402 0.096561
vn 0.965609 0.241402 0.096561
vn 0.965609 0.241402 0.096561
vn 0.965609 0.241402 0.096561
vn 0.965609 0.241402 0.096561
vn 0.965609 0.241402 0.096561
vn 0.965609 0.241402 0.096561
vn 0.965609 0.241402 0.096561
vn 0.965609 0.241402 0.096561
vn 0.965609 0.241402 0.096561
vn 0.965609 0.241402 0.096561
vn 0.672842 0.179425 0.717698
vn 0.672842 0.179425 0.717698
vn 0.672842 0.179425 0.717698
vn 0.672842 0.179425 0.717698
vn 0.672842 0.179425 0.717698
vn 0.672842 0.179425 0.717698
vn 0.672842 0.179425 0.717698
vn 0.672842 0.179425 0.717698
vn 0.672842 0.179425 0.717698
vn 0.672842 0.179425 0.717698
vn 0.672842 0.179425 0.717698
vn 0.672842 0.179425 0.717698
vn 0.672842 0.179425 0.717698
vn 0.672842 0.179425 0.717698
vn 0.672842 0.179425 0.717698
f 2233/2233/2233 2234/2234/2234 2235/2235/2235
f 2236/2236/2236 2237/2237/2237 2238/2238/2238
f 2239/2239/2239 2240/2240/2240 2241/2241/2241
f 2242/2242/2242 2243/2243/2243 2244/2244/2244
f 2245/2245/2245 2246/2246/2246 2247/2247/2247
f 2248/2248/2248 2249/2249/2249 2250/2250/2250
f 2251/2251/2251 2252/2252/2252 2253/2253/2253
f 2254/2254/2254 2255/2255/2255 2256/2256/2256
f 2257/2257/2257 2258/2258/2258 2259/2259/2259
f 2260/2260/2260 2261/2261/2261 2262/2262/2262
f 2263/2263/2263 2264/2264/2264 2265/2265/2265
f 2266/2266/2266 2267/2267/2267 2268/2268/2268
f 2269/2269/2269 2270/2270/2270 2271/2271/2271
f 2272/2272/2272 2273/2273/2273 2274/2274/2274
f 2275/2275/2275 2276/2276/2276 2277/2277/2277
f 2278/2278/2278 2279/2279/2279 2280/2280/2280
f 2281/2281/2281 2282/2282/2282 2283/2283/2283
f 2284/2284/2284 2285/2285/2285 2286/2286/2286
f 2287/2287/2287 2288/2288/2288 2289/2289/2289
f 2290/2290/2290 2291/2291/2291 2292/2292/2292
f 2293/2293/2293 2294/2294/2294 2295/2295/2295
f 2296/2296/2296 2297/2297/2297 2298/2298/2298
f 2299/2299/2299 2300/2300/2300 2301/2301/2301
f 2302/2302/2302 2303/2303/2303 2304/2304/2304
f 2305/2305/2305 2306/2306/2306 2307/2307/2307
f 2308/2308/2308 2309/2309/2309 2310/2310/2310
f 2311/2311/2311 2312/2312/2312 2313/2313/2313
f 2314/2314/2314 2315/2315/2315 2316/2316/2316
f 2317/2317/2317 2318/2318/2318 2319/2319/2319
f 2320/2320/2320 2321/2321/2321 2322/2322/2322
o RightEar
usemtl PaintedTeaFantasy
v 3.377644 12.257018 -6.755288
v 3.132872 12.946440 -6.755288
v 3.280605 13.094174 -6.198151
v 3.377644 12.257018 -6.755288
v 3.280605 13.094174 -6.198151
v 3.586571 12.257018 -6.198151
v 3.132872 12.946440 -6.755288
v 2.541938 13.232008 -6.755288
v 2.541938 13.440935 -6.198151
v 3.132872 12.946440 -6.755288
v 2.541938 13.440935 -6.198151
v 3.280605 13.094174 -6.198151
v 2.541938 13.232008 -6.755288
v 1.951005 12.946440 -6.755288
v 1.803272 13.094174 -6.198151
v 2.541938 13.232008 -6.755288
v 1.803272 13.094174 -6.198151
v 2.541938 13.440935 -6.198151
v 1.951005 12.946440 -6.755288
v 1.706233 12.257018 -6.755288
v 1.497306 12.257018 -6.198151
v 1.951005 12.946440 -6.755288
v 1.497306 12.257018 -6.198151
v 1.803272 13.094174 -6.198151
v 1.706233 12.257018 -6.755288
v 1.951005 11.567596 -6.755288
v 1.803272 11.419863 -6.198151
v 1.706233 12.257018 -6.755288
v 1.803272 11.419863 -6.198151
v 1.497306 12.257018 -6.198151
v 1.951005 11.567596 -6.755288
v 2.541938 11.282028 -6.755288
v 2.541938 11.073102 -6.198151
v 1.951005 11.567596 -6.755288
v 2.541938 11.073102 -6.198151
v 1.803272 11.419863 -6.198151
v 2.541938 11.282028 -6.755288
v 3.132872 11.567596 -6.755288
v 3.280605 11.419863 -6.198151
v 2.541938 11.282028 -6.755288
v 3.280605 11.419863 -6.198151
v 2.541938 11.073102 -6.198151
v 3.132872 11.567596 -6.755288
v 3.377644 12.257018 -6.755288
v 3.586571 12.257018 -6.198151
v 3.132872 11.567596 -6.755288
v 3.586571 12.257018 -6.198151
v 3.280605 11.419863 -6.198151
v 3.586571 12.257018 -6.198151
v 3.280605 13.094174 -6.198151
v 3.132872 12.921818 -5.710656
v 3.586571 12.257018 -6.198151
v 3.132872 12.921818 -5.710656
v 3.377644 12.257018 -5.710656
v 3.280605 13.094174 -6.198151
v 2.541938 13.440935 -6.198151
v 2.541938 13.197187 -5.710656
v 3.280605 13.094174 -6.198151
v 2.541938 13.197187 -5.710656
v 3.132872 12.921818 -5.710656
v 2.541938 13.440935 -6.198151
v 1.803272 13.094174 -6.198151
v 1.951005 12.921818 -5.710656
v 2.541938 13.440935 -6.198151
v 1.951005 12.921818 -5.710656
v 2.541938 13.197187 -5.710656
v 1.803272 13.094174 -6.198151
v 1.497306 12.257018 -6.198151
v 1.706233 12.257018 -5.710656
v 1.803272 13.094174 -6.198151
v 1.706233 12.257018 -5.710656
v 1.951005 12.921818 -5.710656
v 1.497306 12.257018 -6.198151
v 1.803272 11.419863 -6.198151
v 1.951005 11.592218 -5.710656
v 1.497306 12.257018 -6.198151
v 1.951005 11.592218 -5.710656
v 1.706233 12.257018 -5.710656
v 1.803272 11.419863 -6.198151
v 2.541938 11.073102 -6.198151
v 2.541938 11.316849 -5.710656
v 1.803272 11.419863 -6.198151
v 2.541938 11.316849 -5.710656
v 1.951005 11.592218 -5.710656
v 2.541938 11.073102 -6.198151
v 3.280605 11.419863 -6.198151
v 3.132872 11.592218 -5.710656
v 2.541938 11.073102 -6.198151
v 3.132872 11.592218 -5.710656
v 2.541938 11.316849 -5.710656
v 3.280605 11.419863 -6.198151
v 3.586571 12.257018 -6.198151
v 3.377644 12.257018 -5.710656
v 3.280605 11.419863 -6.198151
v 3.377644 12.257018 -5.710656
v 3.132872 11.592218 -5.710656
v 2.541938 12.257018 -6.755288
v 3.132872 12.946440 -6.755288
v 3.377644 12.257018 -6.755288
v 2.541938 12.257018 -6.755288
v 2.541938 13.232008 -6.755288
v 3.132872 12.946440 -6.755288
v 2.541938 12.257018 -6.755288
v 1.951005 12.946440 -6.755288
v 2.541938 13.232008 -6.755288
v 2.541938 12.257018 -6.755288
v 1.706233 12.257018 -6.755288
v 1.951005 12.946440 -6.755288
v 2.541938 12.257018 -6.755288
v 1.951005 11.567596 -6.755288
v 1.706233 12.257018 -6.755288
v 2.541938 12.257018 -6.755288
v 2.541938 11.282028 -6.755288
v 1.951005 11.567596 -6.755288
v 2.541938 12.257018 -6.755288
v 3.132872 11.567596 -6.755288
v 2.541938 11.282028 -6.755288
v 2.541938 12.257018 -6.755288
v 3.377644 12.257018 -6.755288
v 3.132872 11.567596 -6.755288
v 2.541938 12.257018 -5.710656
v 3.377644 12.257018 -5.710656
v 3.132872 12.921818 -5.710656
v 2.541938 12.257018 -5.710656
v 3.132872 12.921818 -5.710656
v 2.541938 13.197187 -5.710656
v 2.541938 12.257018 -5.710656
v 2.541938 13.197187 -5.710656
v 1.951005 12.921818 -5.710656
v 2.541938 12.257018 -5.710656
v 1.951005 12.921818 -5.710656
v 1.706233 12.257018 -5.710656
v 2.541938 12.257018 -5.710656
v 1.706233 12.257018 -5.710656
v 1.951005 11.592218 -5.710656
v 2.541938 12.257018 -5.710656
v 1.951005 11.592218 -5.710656
v 2.541938 11.316849 -5.710656
v 2.541938 12.257018 -5.710656
v 2.541938 11.316849 -5.710656
v 3.132872 11.592218 -5.710656
v 2.541938 12.257018 -5.710656
v 3.132872 11.592218 -5.710656
v 3.377644 12.257018 -5.710656
vt 0.003906 0.746094
vt 0.034180 0.746094
vt 0.034180 0.625000
vt 0.003906 0.746094
vt 0.034180 0.625000
vt 0.003906 0.625000
vt 0.034180 0.746094
vt 0.064453 0.746094
vt 0.064453 0.625000
vt 0.034180 0.746094
vt 0.064453 0.625000
vt 0.034180 0.625000
vt 0.064453 0.746094
vt 0.094727 0.746094
vt 0.094727 0.625000
vt 0.064453 0.746094
vt 0.094727 0.625000
vt 0.064453 0.625000
vt 0.094727 0.746094
vt 0.125000 0.746094
vt 0.125000 0.625000
vt 0.094727 0.746094
vt 0.125000 0.625000
vt 0.094727 0.625000
vt 0.125000 0.746094
vt 0.155273 0.746094
vt 0.155273 0.625000
vt 0.125000 0.746094
vt 0.155273 0.625000
vt 0.125000 0.625000
vt 0.155273 0.746094
vt 0.185547 0.746094
vt 0.185547 0.625000
vt 0.155273 0.746094
vt 0.185547 0.625000
vt 0.155273 0.625000
vt 0.185547 0.746094
vt 0.215820 0.746094
vt 0.215820 0.625000
vt 0.185547 0.746094
vt 0.215820 0.625000
vt 0.185547 0.625000
vt 0.215820 0.746094
vt 0.246094 0.746094
vt 0.246094 0.625000
vt 0.215820 0.746094
vt 0.246094 0.625000
vt 0.215820 0.625000
vt 0.003906 0.625000
vt 0.034180 0.625000
vt 0.034180 0.503906
vt 0.003906 0.625000
vt 0.034180 0.503906
vt 0.003906 0.503906
vt 0.034180 0.625000
vt 0.064453 0.625000
vt 0.064453 0.503906
vt 0.034180 0.625000
vt 0.064453 0.503906
vt 0.034180 0.503906
vt 0.064453 0.625000
vt 0.094727 0.625000
vt 0.094727 0.503906
vt 0.064453 0.625000
vt 0.094727 0.503906
vt 0.064453 0.503906
vt 0.094727 0.625000
vt 0.125000 0.625000
vt 0.125000 0.503906
vt 0.094727 0.625000
vt 0.125000 0.503906
vt 0.094727 0.503906
vt 0.125000 0.625000
vt 0.155273 0.625000
vt 0.155273 0.503906
vt 0.125000 0.625000
vt 0.155273 0.503906
vt 0.125000 0.503906
vt 0.155273 0.625000
vt 0.185547 0.625000
vt 0.185547 0.503906
vt 0.155273 0.625000
vt 0.185547 0.503906
vt 0.155273 0.503906
vt 0.185547 0.625000
vt 0.215820 0.625000
vt 0.215820 0.503906
vt 0.185547 0.625000
vt 0.215820 0.503906
vt 0.185547 0.503906
vt 0.215820 0.625000
vt 0.246094 0.625000
vt 0.246094 0.503906
vt 0.215820 0.625000
vt 0.246094 0.503906
vt 0.215820 0.503906
vt 0.125000 0.625000
vt 0.221875 0.528125
vt 0.028125 0.721875
vt 0.125000 0.625000
vt 0.221875 0.528125
vt 0.028125 0.721875
vt 0.125000 0.625000
vt 0.221875 0.528125
vt 0.028125 0.721875
vt 0.125000 0.625000
vt 0.221875 0.528125
vt 0.028125 0.721875
vt 0.125000 0.625000
vt 0.221875 0.528125
vt 0.028125 0.721875
vt 0.125000 0.625000
vt 0.221875 0.528125
vt 0.028125 0.721875
vt 0.125000 0.625000
vt 0.221875 0.528125
vt 0.028125 0.721875
vt 0.125000 0.625000
vt 0.221875 0.528125
vt 0.028125 0.721875
vt 0.125000 0.625000
vt 0.028125 0.721875
vt 0.221875 0.528125
vt 0.125000 0.625000
vt 0.028125 0.721875
vt 0.221875 0.528125
vt 0.125000 0.625000
vt 0.028125 0.721875
vt 0.221875 0.528125
vt 0.125000 0.625000
vt 0.028125 0.721875
vt 0.221875 0.528125
vt 0.125000 0.625000
vt 0.028125 0.721875
vt 0.221875 0.528125
vt 0.125000 0.625000
vt 0.028125 0.721875
vt 0.221875 0.528125
vt 0.125000 0.625000
vt 0.028125 0.721875
vt 0.221875 0.528125
vt 0.125000 0.625000
vt 0.028125 0.721875
vt 0.221875 0.528125
vn 0.892588 0.316905 -0.320715
vn 0.892588 0.316905 -0.320715
vn 0.892588 0.316905 -0.320715
vn 0.885892 0.323778 -0.332209
vn 0.885892 0.323778 -0.332209
vn 0.885892 0.323778 -0.332209
vn 0.412243 0.853065 -0.319899
vn 0.412243 0.853065 -0.319899
vn 0.412243 0.853065 -0.319899
vn 0.400750 0.853673 -0.332629
vn 0.400750 0.853673 -0.332629
vn 0.400750 0.853673 -0.332629
vn -0.410149 0.848733 -0.333812
vn -0.410149 0.848733 -0.333812
vn -0.410149 0.848733 -0.333812
vn -0.402395 0.857178 -0.321442
vn -0.402395 0.857178 -0.321442
vn -0.402395 0.857178 -0.321442
vn -0.888519 0.315460 -0.333195
vn -0.888519 0.315460 -0.333195
vn -0.888519 0.315460 -0.333195
vn -0.889222 0.324995 -0.321968
vn -0.889222 0.324995 -0.321968
vn -0.889222 0.324995 -0.321968
vn -0.892588 -0.316905 -0.320715
vn -0.892588 -0.316905 -0.320715
vn -0.892588 -0.316905 -0.320715
vn -0.885892 -0.323778 -0.332209
vn -0.885892 -0.323778 -0.332209
vn -0.885892 -0.323778 -0.332209
vn -0.412243 -0.853065 -0.319899
vn -0.412243 -0.853065 -0.319899
vn -0.412243 -0.853065 -0.319899
vn -0.400750 -0.853673 -0.332629
vn -0.400750 -0.853673 -0.332629
vn -0.400750 -0.853673 -0.332629
vn 0.410149 -0.848733 -0.333812
vn 0.410149 -0.848733 -0.333812
vn 0.410149 -0.848733 -0.333812
vn 0.402395 -0.857178 -0.321442
vn 0.402395 -0.857178 -0.321442
vn 0.402395 -0.857178 -0.321442
vn 0.888519 -0.315460 -0.333195
vn 0.888519 -0.315460 -0.333195
vn 0.888519 -0.315460 -0.333195
vn 0.889222 -0.324995 -0.321968
vn 0.889222 -0.324995 -0.321968
vn 0.889222 -0.324995 -0.321968
vn 0.870247 0.318060 0.376176
vn 0.870247 0.318060 0.376176
vn 0.870247 0.318060 0.376176
vn 0.870640 0.320561 0.373131
vn 0.870640 0.320561 0.373131
vn 0.870640 0.320561 0.373131
vn 0.387140 0.824681 0.412340
vn 0.387140 0.824681 0.412340
vn 0.387140 0.824681 0.412340
vn 0.385400 0.827055 0.409202
vn 0.385400 0.827055 0.409202
vn 0.385400 0.827055 0.409202
vn -0.387689 0.825852 0.409470
vn -0.387689 0.825852 0.409470
vn -0.387689 0.825852 0.409470
vn -0.384716 0.825588 0.412794
vn -0.384716 0.825588 0.412794
vn -0.384716 0.825588 0.412794
vn -0.871296 0.318444 0.373413
vn -0.871296 0.318444 0.373413
vn -0.871296 0.318444 0.373413
vn -0.869321 0.320075 0.376608
vn -0.869321 0.320075 0.376608
vn -0.869321 0.320075 0.376608
vn -0.870247 -0.318060 0.376176
vn -0.870247 -0.318060 0.376176
vn -0.870247 -0.318060 0.376176
vn -0.870640 -0.320561 0.373131
vn -0.870640 -0.320561 0.373131
vn -0.870640 -0.320561 0.373131
vn -0.387140 -0.824681 0.412340
vn -0.387140 -0.824681 0.412340
vn -0.387140 -0.824681 0.412340
vn -0.385400 -0.827055 0.409202
vn -0.385400 -0.827055 0.409202
vn -0.385400 -0.827055 0.409202
vn 0.387689 -0.825852 0.409470
vn 0.387689 -0.825852 0.409470
vn 0.387689 -0.825852 0.409470
vn 0.384716 -0.825588 0.412794
vn 0.384716 -0.825588 0.412794
vn 0.384716 -0.825588 0.412794
vn 0.871296 -0.318444 0.373413
vn 0.871296 -0.318444 0.373413
vn 0.871296 -0.318444 0.373413
vn 0.869321 -0.320075 0.376608
vn 0.869321 -0.320075 0.376608
vn 0.869321 -0.320075 0.376608
vn 0.000000 0.000000 -1.000000
vn 0.000000 0.000000 -1.000000
vn 0.000000 0.000000 -1.000000
vn 0.000000 0.000000 -1.000000
vn 0.000000 0.000000 -1.000000
vn 0.000000 0.000000 -1.000000
vn 0.000000 0.000000 -1.000000
vn 0.000000 0.000000 -1.000000
vn 0.000000 0.000000 -1.000000
vn 0.000000 0.000000 -1.000000
vn 0.000000 0.000000 -1.000000
vn 0.000000 0.000000 -1.000000
vn -0.000000 0.000000 -1.000000
vn -0.000000 0.000000 -1.000000
vn -0.000000 0.000000 -1.000000
vn 0.000000 -0.000000 -1.000000
vn 0.000000 -0.000000 -1.000000
vn 0.000000 -0.000000 -1.000000
vn 0.000000 0.000000 -1.000000
vn 0.000000 0.000000 -1.000000
vn 0.000000 0.000000 -1.000000
vn 0.000000 0.000000 -1.000000
vn 0.000000 0.000000 -1.000000
vn 0.000000 0.000000 -1.000000
vn 0.000000 0.000000 1.000000
vn 0.000000 0.000000 1.000000
vn 0.000000 0.000000 1.000000
vn 0.000000 0.000000 1.000000
vn 0.000000 0.000000 1.000000
vn 0.000000 0.000000 1.000000
vn 0.000000 -0.000000 1.000000
vn 0.000000 -0.000000 1.000000
vn 0.000000 -0.000000 1.000000
vn 0.000000 0.000000 1.000000
vn 0.000000 0.000000 1.000000
vn 0.000000 0.000000 1.000000
vn 0.000000 0.000000 1.000000
vn 0.000000 0.000000 1.000000
vn 0.000000 0.000000 1.000000
vn 0.000000 0.000000 1.000000
vn 0.000000 0.000000 1.000000
vn 0.000000 0.000000 1.000000
vn 0.000000 0.000000 1.000000
vn 0.000000 0.000000 1.000000
vn 0.000000 0.000000 1.000000
vn -0.000000 0.000000 1.000000
vn -0.000000 0.000000 1.000000
vn -0.000000 0.000000 1.000000
f 2323/2323/2323 2324/2324/2324 2325/2325/2325
f 2326/2326/2326 2327/2327/2327 2328/2328/2328
f 2329/2329/2329 2330/2330/2330 2331/2331/2331
f 2332/2332/2332 2333/2333/2333 2334/2334/2334
f 2335/2335/2335 2336/2336/2336 2337/2337/2337
f 2338/2338/2338 2339/2339/2339 2340/2340/2340
f 2341/2341/2341 2342/2342/2342 2343/2343/2343
f 2344/2344/2344 2345/2345/2345 2346/2346/2346
f 2347/2347/2347 2348/2348/2348 2349/2349/2349
f 2350/2350/2350 2351/2351/2351 2352/2352/2352
f 2353/2353/2353 2354/2354/2354 2355/2355/2355
f 2356/2356/2356 2357/2357/2357 2358/2358/2358
f 2359/2359/2359 2360/2360/2360 2361/2361/2361
f 2362/2362/2362 2363/2363/2363 2364/2364/2364
f 2365/2365/2365 2366/2366/2366 2367/2367/2367
f 2368/2368/2368 2369/2369/2369 2370/2370/2370
f 2371/2371/2371 2372/2372/2372 2373/2373/2373
f 2374/2374/2374 2375/2375/2375 2376/2376/2376
f 2377/2377/2377 2378/2378/2378 2379/2379/2379
f 2380/2380/2380 2381/2381/2381 2382/2382/2382
f 2383/2383/2383 2384/2384/2384 2385/2385/2385
f 2386/2386/2386 2387/2387/2387 2388/2388/2388
f 2389/2389/2389 2390/2390/2390 2391/2391/2391
f 2392/2392/2392 2393/2393/2393 2394/2394/2394
f 2395/2395/2395 2396/2396/2396 2397/2397/2397
f 2398/2398/2398 2399/2399/2399 2400/2400/2400
f 2401/2401/2401 2402/2402/2402 2403/2403/2403
f 2404/2404/2404 2405/2405/2405 2406/2406/2406
f 2407/2407/2407 2408/2408/2408 2409/2409/2409
f 2410/2410/2410 2411/2411/2411 2412/2412/2412
f 2413/2413/2413 2414/2414/2414 2415/2415/2415
f 2416/2416/2416 2417/2417/2417 2418/2418/2418
f 2419/2419/2419 2420/2420/2420 2421/2421/2421
f 2422/2422/2422 2423/2423/2423 2424/2424/2424
f 2425/2425/2425 2426/2426/2426 2427/2427/2427
f 2428/2428/2428 2429/2429/2429 2430/2430/2430
f 2431/2431/2431 2432/2432/2432 2433/2433/2433
f 2434/2434/2434 2435/2435/2435 2436/2436/2436
f 2437/2437/2437 2438/2438/2438 2439/2439/2439
f 2440/2440/2440 2441/2441/2441 2442/2442/2442
f 2443/2443/2443 2444/2444/2444 2445/2445/2445
f 2446/2446/2446 2447/2447/2447 2448/2448/2448
f 2449/2449/2449 2450/2450/2450 2451/2451/2451
f 2452/2452/2452 2453/2453/2453 2454/2454/2454
f 2455/2455/2455 2456/2456/2456 2457/2457/2457
f 2458/2458/2458 2459/2459/2459 2460/2460/2460
f 2461/2461/2461 2462/2462/2462 2463/2463/2463
f 2464/2464/2464 2465/2465/2465 2466/2466/2466
o RightEarInner
usemtl PaintedTeaFantasy
v 3.064255 12.326660 -6.824931
v 2.911272 12.819105 -6.824931
v 2.935894 12.843727 -6.720467
v 3.064255 12.326660 -6.824931
v 2.935894 12.843727 -6.720467
v 3.099076 12.326660 -6.720467
v 2.911272 12.819105 -6.824931
v 2.541938 13.023082 -6.824931
v 2.541938 13.057903 -6.720467
v 2.911272 12.819105 -6.824931
v 2.541938 13.057903 -6.720467
v 2.935894 12.843727 -6.720467
v 2.541938 13.023082 -6.824931
v 2.172605 12.819105 -6.824931
v 2.147983 12.843727 -6.720467
v 2.541938 13.023082 -6.824931
v 2.147983 12.843727 -6.720467
v 2.541938 13.057903 -6.720467
v 2.172605 12.819105 -6.824931
v 2.019622 12.326660 -6.824931
v 1.984801 12.326660 -6.720467
v 2.172605 12.819105 -6.824931
v 1.984801 12.326660 -6.720467
v 2.147983 12.843727 -6.720467
v 2.019622 12.326660 -6.824931
v 2.172605 11.834216 -6.824931
v 2.147983 11.809594 -6.720467
v 2.019622 12.326660 -6.824931
v 2.147983 11.809594 -6.720467
v 1.984801 12.326660 -6.720467
v 2.172605 11.834216 -6.824931
v 2.541938 11.630239 -6.824931
v 2.541938 11.595418 -6.720467
v 2.172605 11.834216 -6.824931
v 2.541938 11.595418 -6.720467
v 2.147983 11.809594 -6.720467
v 2.541938 11.630239 -6.824931
v 2.911272 11.834216 -6.824931
v 2.935894 11.809594 -6.720467
v 2.541938 11.630239 -6.824931
v 2.935894 11.809594 -6.720467
v 2.541938 11.595418 -6.720467
v 2.911272 11.834216 -6.824931
v 3.064255 12.326660 -6.824931
v 3.099076 12.326660 -6.720467
v 2.911272 11.834216 -6.824931
v 3.099076 12.326660 -6.720467
v 2.935894 11.809594 -6.720467
v 2.541938 12.326660 -6.824931
v 2.911272 12.819105 -6.824931
v 3.064255 12.326660 -6.824931
v 2.541938 12.326660 -6.824931
v 2.541938 13.023082 -6.824931
v 2.911272 12.819105 -6.824931
v 2.541938 12.326660 -6.824931
v 2.172605 12.819105 -6.824931
v 2.541938 13.023082 -6.824931
v 2.541938 12.326660 -6.824931
v 2.019622 12.326660 -6.824931
v 2.172605 12.819105 -6.824931
v 2.541938 12.326660 -6.824931
v 2.172605 11.834216 -6.824931
v 2.019622 12.326660 -6.824931
v 2.541938 12.326660 -6.824931
v 2.541938 11.630239 -6.824931
v 2.172605 11.834216 -6.824931
v 2.541938 12.326660 -6.824931
v 2.911272 11.834216 -6.824931
v 2.541938 11.630239 -6.824931
v 2.541938 12.326660 -6.824931
v 3.064255 12.326660 -6.824931
v 2.911272 11.834216 -6.824931
v 2.541938 12.326660 -6.720467
v 3.099076 12.326660 -6.720467
v 2.935894 12.843727 -6.720467
v 2.541938 12.326660 -6.720467
v 2.935894 12.843727 -6.720467
v 2.541938 13.057903 -6.720467
v 2.541938 12.326660 -6.720467
v 2.541938 13.057903 -6.720467
v 2.147983 12.843727 -6.720467
v 2.541938 12.326660 -6.720467
v 2.147983 12.843727 -6.720467
v 1.984801 12.326660 -6.720467
v 2.541938 12.326660 -6.720467
v 1.984801 12.326660 -6.720467
v 2.147983 11.809594 -6.720467
v 2.541938 12.326660 -6.720467
v 2.147983 11.809594 -6.720467
v 2.541938 11.595418 -6.720467
v 2.541938 12.326660 -6.720467
v 2.541938 11.595418 -6.720467
v 2.935894 11.809594 -6.720467
v 2.541938 12.326660 -6.720467
v 2.935894 11.809594 -6.720467
v 3.099076 12.326660 -6.720467
vt 0.003906 0.496094
vt 0.034180 0.496094
vt 0.034180 0.253906
vt 0.003906 0.496094
vt 0.034180 0.253906
vt 0.003906 0.253906
vt 0.034180 0.496094
vt 0.064453 0.496094
vt 0.064453 0.253906
vt 0.034180 0.496094
vt 0.064453 0.253906
vt 0.034180 0.253906
vt 0.064453 0.496094
vt 0.094727 0.496094
vt 0.094727 0.253906
vt 0.064453 0.496094
vt 0.094727 0.253906
vt 0.064453 0.253906
vt 0.094727 0.496094
vt 0.125000 0.496094
vt 0.125000 0.253906
vt 0.094727 0.496094
vt 0.125000 0.253906
vt 0.094727 0.253906
vt 0.125000 0.496094
vt 0.155273 0.496094
vt 0.155273 0.253906
vt 0.125000 0.496094
vt 0.155273 0.253906
vt 0.125000 0.253906
vt 0.155273 0.496094
vt 0.185547 0.496094
vt 0.185547 0.253906
vt 0.155273 0.496094
vt 0.185547 0.253906
vt 0.155273 0.253906
vt 0.185547 0.496094
vt 0.215820 0.496094
vt 0.215820 0.253906
vt 0.185547 0.496094
vt 0.215820 0.253906
vt 0.185547 0.253906
vt 0.215820 0.496094
vt 0.246094 0.496094
vt 0.246094 0.253906
vt 0.215820 0.496094
vt 0.246094 0.253906
vt 0.215820 0.253906
vt 0.125000 0.375000
vt 0.221875 0.278125
vt 0.028125 0.471875
vt 0.125000 0.375000
vt 0.221875 0.278125
vt 0.028125 0.471875
vt 0.125000 0.375000
vt 0.221875 0.278125
vt 0.028125 0.471875
vt 0.125000 0.375000
vt 0.221875 0.278125
vt 0.028125 0.471875
vt 0.125000 0.375000
vt 0.221875 0.278125
vt 0.028125 0.471875
vt 0.125000 0.375000
vt 0.221875 0.278125
vt 0.028125 0.471875
vt 0.125000 0.375000
vt 0.221875 0.278125
vt 0.028125 0.471875
vt 0.125000 0.375000
vt 0.221875 0.278125
vt 0.028125 0.471875
vt 0.125000 0.375000
vt 0.028125 0.471875
vt 0.221875 0.278125
vt 0.125000 0.375000
vt 0.028125 0.471875
vt 0.221875 0.278125
vt 0.125000 0.375000
vt 0.028125 0.471875
vt 0.221875 0.278125
vt 0.125000 0.375000
vt 0.028125 0.471875
vt 0.221875 0.278125
vt 0.125000 0.375000
vt 0.028125 0.471875
vt 0.221875 0.278125
vt 0.125000 0.375000
vt 0.028125 0.471875
vt 0.221875 0.278125
vt 0.125000 0.375000
vt 0.028125 0.471875
vt 0.221875 0.278125
vt 0.125000 0.375000
vt 0.028125 0.471875
vt 0.221875 0.278125
vn 0.915950 0.284549 -0.282960
vn 0.915950 0.284549 -0.282960
vn 0.915950 0.284549 -0.282960
vn 0.908825 0.286817 -0.302942
vn 0.908825 0.286817 -0.302942
vn 0.908825 0.286817 -0.302942
vn 0.464100 0.840327 -0.280109
vn 0.464100 0.840327 -0.280109
vn 0.464100 0.840327 -0.280109
vn 0.454955 0.836844 -0.304480
vn 0.454955 0.836844 -0.304480
vn 0.454955 0.836844 -0.304480
vn -0.460416 0.833656 -0.305016
vn -0.460416 0.833656 -0.305016
vn -0.460416 0.833656 -0.305016
vn -0.458382 0.843147 -0.281049
vn -0.458382 0.843147 -0.281049
vn -0.458382 0.843147 -0.281049
vn -0.909986 0.282696 -0.303329
vn -0.909986 0.282696 -0.303329
vn -0.909986 0.282696 -0.303329
vn -0.914491 0.288605 -0.283573
vn -0.914491 0.288605 -0.283573
vn -0.914491 0.288605 -0.283573
vn -0.915950 -0.284549 -0.282960
vn -0.915950 -0.284549 -0.282960
vn -0.915950 -0.284549 -0.282960
vn -0.908825 -0.286817 -0.302942
vn -0.908825 -0.286817 -0.302942
vn -0.908825 -0.286817 -0.302942
vn -0.464100 -0.840327 -0.280109
vn -0.464100 -0.840327 -0.280109
vn -0.464100 -0.840327 -0.280109
vn -0.454955 -0.836844 -0.304480
vn -0.454955 -0.836844 -0.304480
vn -0.454955 -0.836844 -0.304480
vn 0.460416 -0.833656 -0.305016
vn 0.460416 -0.833656 -0.305016
vn 0.460416 -0.833656 -0.305016
vn 0.458382 -0.843147 -0.281049
vn 0.458382 -0.843147 -0.281049
vn 0.458382 -0.843147 -0.281049
vn 0.909986 -0.282696 -0.303329
vn 0.909986 -0.282696 -0.303329
vn 0.909986 -0.282696 -0.303329
vn 0.914491 -0.288605 -0.283573
vn 0.914491 -0.288605 -0.283573
vn 0.914491 -0.288605 -0.283573
vn 0.000000 0.000000 -1.000000
vn 0.000000 0.000000 -1.000000
vn 0.000000 0.000000 -1.000000
vn 0.000000 0.000000 -1.000000
vn 0.000000 0.000000 -1.000000
vn 0.000000 0.000000 -1.000000
vn 0.000000 0.000000 -1.000000
vn 0.000000 0.000000 -1.000000
vn 0.000000 0.000000 -1.000000
vn 0.000000 0.000000 -1.000000
vn 0.000000 0.000000 -1.000000
vn 0.000000 0.000000 -1.000000
vn -0.000000 0.000000 -1.000000
vn -0.000000 0.000000 -1.000000
vn -0.000000 0.000000 -1.000000
vn 0.000000 -0.000000 -1.000000
vn 0.000000 -0.000000 -1.000000
vn 0.000000 -0.000000 -1.000000
vn 0.000000 0.000000 -1.000000
vn 0.000000 0.000000 -1.000000
vn 0.000000 0.000000 -1.000000
vn 0.000000 0.000000 -1.000000
vn 0.000000 0.000000 -1.000000
vn 0.000000 0.000000 -1.000000
vn 0.000000 0.000000 1.000000
vn 0.000000 0.000000 1.000000
vn 0.000000 0.000000 1.000000
vn 0.000000 0.000000 1.000000
vn 0.000000 0.000000 1.000000
vn 0.000000 0.000000 1.000000
vn 0.000000 -0.000000 1.000000
vn 0.000000 -0.000000 1.000000
vn 0.000000 -0.000000 1.000000
vn 0.000000 0.000000 1.000000
vn 0.000000 0.000000 1.000000
vn 0.000000 0.000000 1.000000
vn 0.000000 0.000000 1.000000
vn 0.000000 0.000000 1.000000
vn 0.000000 0.000000 1.000000
vn 0.000000 0.000000 1.000000
vn 0.000000 0.000000 1.000000
vn 0.000000 0.000000 1.000000
vn 0.000000 0.000000 1.000000
vn 0.000000 0.000000 1.000000
vn 0.000000 0.000000 1.000000
vn -0.000000 0.000000 1.000000
vn -0.000000 0.000000 1.000000
vn -0.000000 0.000000 1.000000
f 2467/2467/2467 2468/2468/2468 2469/2469/2469
f 2470/2470/2470 2471/2471/2471 2472/2472/2472
f 2473/2473/2473 2474/2474/2474 2475/2475/2475
f 2476/2476/2476 2477/2477/2477 2478/2478/2478
f 2479/2479/2479 2480/2480/2480 2481/2481/2481
f 2482/2482/2482 2483/2483/2483 2484/2484/2484
f 2485/2485/2485 2486/2486/2486 2487/2487/2487
f 2488/2488/2488 2489/2489/2489 2490/2490/2490
f 2491/2491/2491 2492/2492/2492 2493/2493/2493
f 2494/2494/2494 2495/2495/2495 2496/2496/2496
f 2497/2497/2497 2498/2498/2498 2499/2499/2499
f 2500/2500/2500 2501/2501/2501 2502/2502/2502
f 2503/2503/2503 2504/2504/2504 2505/2505/2505
f 2506/2506/2506 2507/2507/2507 2508/2508/2508
f 2509/2509/2509 2510/2510/2510 2511/2511/2511
f 2512/2512/2512 2513/2513/2513 2514/2514/2514
f 2515/2515/2515 2516/2516/2516 2517/2517/2517
f 2518/2518/2518 2519/2519/2519 2520/2520/2520
f 2521/2521/2521 2522/2522/2522 2523/2523/2523
f 2524/2524/2524 2525/2525/2525 2526/2526/2526
f 2527/2527/2527 2528/2528/2528 2529/2529/2529
f 2530/2530/2530 2531/2531/2531 2532/2532/2532
f 2533/2533/2533 2534/2534/2534 2535/2535/2535
f 2536/2536/2536 2537/2537/2537 2538/2538/2538
f 2539/2539/2539 2540/2540/2540 2541/2541/2541
f 2542/2542/2542 2543/2543/2543 2544/2544/2544
f 2545/2545/2545 2546/2546/2546 2547/2547/2547
f 2548/2548/2548 2549/2549/2549 2550/2550/2550
f 2551/2551/2551 2552/2552/2552 2553/2553/2553
f 2554/2554/2554 2555/2555/2555 2556/2556/2556
f 2557/2557/2557 2558/2558/2558 2559/2559/2559
f 2560/2560/2560 2561/2561/2561 2562/2562/2562
o RightFrontLeg
usemtl PaintedTeaFantasy
v 3.795497 7.068678 -3.412465
v 3.220949 7.068678 -2.145916
v 3.360234 5.536551 -2.115760
v 3.795497 7.068678 -3.412465
v 3.360234 5.536551 -2.115760
v 4.074066 5.536551 -3.412465
v 3.220949 7.068678 -2.145916
v 2.071854 7.068678 -2.145916
v 1.932570 5.536551 -2.115760
v 3.220949 7.068678 -2.145916
v 1.932570 5.536551 -2.115760
v 3.360234 5.536551 -2.115760
v 2.071854 7.068678 -2.145916
v 1.497306 7.068678 -3.412465
v 1.218738 5.536551 -3.412465
v 2.071854 7.068678 -2.145916
v 1.218738 5.536551 -3.412465
v 1.932570 5.536551 -2.115760
v 1.497306 7.068678 -3.412465
v 2.071854 7.068678 -4.679015
v 1.932570 5.536551 -4.709170
v 1.497306 7.068678 -3.412465
v 1.932570 5.536551 -4.709170
v 1.218738 5.536551 -3.412465
v 2.071854 7.068678 -4.679015
v 3.220949 7.068678 -4.679015
v 3.360234 5.536551 -4.709170
v 2.071854 7.068678 -4.679015
v 3.360234 5.536551 -4.709170
v 1.932570 5.536551 -4.709170
v 3.220949 7.068678 -4.679015
v 3.795497 7.068678 -3.412465
v 4.074066 5.536551 -3.412465
v 3.220949 7.068678 -4.679015
v 4.074066 5.536551 -3.412465
v 3.360234 5.536551 -4.709170
v 4.074066 5.536551 -3.412465
v 3.360234 5.536551 -2.115760
v 3.168718 3.377644 -2.189732
v 4.074066 5.536551 -3.412465
v 3.168718 3.377644 -2.189732
v 3.691034 3.377644 -3.064255
v 3.360234 5.536551 -2.115760
v 1.932570 5.536551 -2.115760
v 2.124086 3.377644 -2.189732
v 3.360234 5.536551 -2.115760
v 2.124086 3.377644 -2.189732
v 3.168718 3.377644 -2.189732
v 1.932570 5.536551 -2.115760
v 1.218738 5.536551 -3.412465
v 1.601769 3.377644 -3.064255
v 1.932570 5.536551 -2.115760
v 1.601769 3.377644 -3.064255
v 2.124086 3.377644 -2.189732
v 1.218738 5.536551 -3.412465
v 1.932570 5.536551 -4.709170
v 2.124086 3.377644 -3.938777
v 1.218738 5.536551 -3.412465
v 2.124086 3.377644 -3.938777
v 1.601769 3.377644 -3.064255
v 1.932570 5.536551 -4.709170
v 3.360234 5.536551 -4.709170
v 3.168718 3.377644 -3.938777
v 1.932570 5.536551 -4.709170
v 3.168718 3.377644 -3.938777
v 2.124086 3.377644 -3.938777
v 3.360234 5.536551 -4.709170
v 4.074066 5.536551 -3.412465
v 3.691034 3.377644 -3.064255
v 3.360234 5.536551 -4.709170
v 3.691034 3.377644 -3.064255
v 3.168718 3.377644 -3.938777
v 3.691034 3.377644 -3.064255
v 3.168718 3.377644 -2.189732
v 3.133897 1.497306 -2.577429
v 3.691034 3.377644 -3.064255
v 3.133897 1.497306 -2.577429
v 3.621392 1.497306 -3.482107
v 3.168718 3.377644 -2.189732
v 2.124086 3.377644 -2.189732
v 2.158907 1.497306 -2.577429
v 3.168718 3.377644 -2.189732
v 2.158907 1.497306 -2.577429
v 3.133897 1.497306 -2.577429
v 2.124086 3.377644 -2.189732
v 1.601769 3.377644 -3.064255
v 1.671412 1.497306 -3.482107
v 2.124086 3.377644 -2.189732
v 1.671412 1.497306 -3.482107
v 2.158907 1.497306 -2.577429
v 1.601769 3.377644 -3.064255
v 2.124086 3.377644 -3.938777
v 2.158907 1.497306 -4.386785
v 1.601769 3.377644 -3.064255
v 2.158907 1.497306 -4.386785
v 1.671412 1.497306 -3.482107
v 2.124086 3.377644 -3.938777
v 3.168718 3.377644 -3.938777
v 3.133897 1.497306 -4.386785
v 2.124086 3.377644 -3.938777
v 3.133897 1.497306 -4.386785
v 2.158907 1.497306 -4.386785
v 3.168718 3.377644 -3.938777
v 3.691034 3.377644 -3.064255
v 3.621392 1.497306 -3.482107
v 3.168718 3.377644 -3.938777
v 3.621392 1.497306 -3.482107
v 3.133897 1.497306 -4.386785
v 3.621392 1.497306 -3.482107
v 3.133897 1.497306 -2.577429
v 3.412465 0.487495 -2.420154
v 3.621392 1.497306 -3.482107
v 3.412465 0.487495 -2.420154
v 4.178529 0.487495 -4.108887
v 3.133897 1.497306 -2.577429
v 2.158907 1.497306 -2.577429
v 1.880338 0.487495 -2.420154
v 3.133897 1.497306 -2.577429
v 1.880338 0.487495 -2.420154
v 3.412465 0.487495 -2.420154
v 2.158907 1.497306 -2.577429
v 1.671412 1.497306 -3.482107
v 1.114274 0.487495 -4.108887
v 2.158907 1.497306 -2.577429
v 1.114274 0.487495 -4.108887
v 1.880338 0.487495 -2.420154
v 1.671412 1.497306 -3.482107
v 2.158907 1.497306 -4.386785
v 1.880338 0.487495 -5.797619
v 1.671412 1.497306 -3.482107
v 1.880338 0.487495 -5.797619
v 1.114274 0.487495 -4.108887
v 2.158907 1.497306 -4.386785
v 3.133897 1.497306 -4.386785
v 3.412465 0.487495 -5.797619
v 2.158907 1.497306 -4.386785
v 3.412465 0.487495 -5.797619
v 1.880338 0.487495 -5.797619
v 3.133897 1.497306 -4.386785
v 3.621392 1.497306 -3.482107
v 4.178529 0.487495 -4.108887
v 3.133897 1.497306 -4.386785
v 4.178529 0.487495 -4.108887
v 3.412465 0.487495 -5.797619
v 4.178529 0.487495 -4.108887
v 3.412465 0.487495 -2.420154
v 3.342823 0.000000 -2.610420
v 4.178529 0.487495 -4.108887
v 3.342823 0.000000 -2.610420
v 4.039245 0.000000 -4.178529
v 3.412465 0.487495 -2.420154
v 1.880338 0.487495 -2.420154
v 1.949980 0.000000 -2.610420
v 3.412465 0.487495 -2.420154
v 1.949980 0.000000 -2.610420
v 3.342823 0.000000 -2.610420
v 1.880338 0.487495 -2.420154
v 1.114274 0.487495 -4.108887
v 1.253559 0.000000 -4.178529
v 1.880338 0.487495 -2.420154
v 1.253559 0.000000 -4.178529
v 1.949980 0.000000 -2.610420
v 1.114274 0.487495 -4.108887
v 1.880338 0.487495 -5.797619
v 1.949980 0.000000 -5.746638
v 1.114274 0.487495 -4.108887
v 1.949980 0.000000 -5.746638
v 1.253559 0.000000 -4.178529
v 1.880338 0.487495 -5.797619
v 3.412465 0.487495 -5.797619
v 3.342823 0.000000 -5.746638
v 1.880338 0.487495 -5.797619
v 3.342823 0.000000 -5.746638
v 1.949980 0.000000 -5.746638
v 3.412465 0.487495 -5.797619
v 4.178529 0.487495 -4.108887
v 4.039245 0.000000 -4.178529
v 3.412465 0.487495 -5.797619
v 4.039245 0.000000 -4.178529
v 3.342823 0.000000 -5.746638
v 2.646402 7.068678 -3.412465
v 3.795497 7.068678 -3.412465
v 3.220949 7.068678 -2.145916
v 2.646402 7.068678 -3.412465
v 3.220949 7.068678 -2.145916
v 2.071854 7.068678 -2.145916
v 2.646402 7.068678 -3.412465
v 2.071854 7.068678 -2.145916
v 1.497306 7.068678 -3.412465
v 2.646402 7.068678 -3.412465
v 1.497306 7.068678 -3.412465
v 2.071854 7.068678 -4.679015
v 2.646402 7.068678 -3.412465
v 2.071854 7.068678 -4.679015
v 3.220949 7.068678 -4.679015
v 2.646402 7.068678 -3.412465
v 3.220949 7.068678 -4.679015
v 3.795497 7.068678 -3.412465
v 2.646402 0.000000 -4.178529
v 3.342823 0.000000 -2.610420
v 4.039245 0.000000 -4.178529
v 2.646402 0.000000 -4.178529
v 1.949980 0.000000 -2.610420
v 3.342823 0.000000 -2.610420
v 2.646402 0.000000 -4.178529
v 1.253559 0.000000 -4.178529
v 1.949980 0.000000 -2.610420
v 2.646402 0.000000 -4.178529
v 1.949980 0.000000 -5.746638
v 1.253559 0.000000 -4.178529
v 2.646402 0.000000 -4.178529
v 3.342823 0.000000 -5.746638
v 1.949980 0.000000 -5.746638
v 2.646402 0.000000 -4.178529
v 4.039245 0.000000 -4.178529
v 3.342823 0.000000 -5.746638
vt 0.003906 0.753906
vt 0.246094 0.753906
vt 0.246094 0.996094
vt 0.003906 0.753906
vt 0.246094 0.996094
vt 0.003906 0.996094
vt 0.003906 0.753906
vt 0.246094 0.753906
vt 0.246094 0.996094
vt 0.003906 0.753906
vt 0.246094 0.996094
vt 0.003906 0.996094
vt 0.003906 0.753906
vt 0.246094 0.753906
vt 0.246094 0.996094
vt 0.003906 0.753906
vt 0.246094 0.996094
vt 0.003906 0.996094
vt 0.003906 0.753906
vt 0.246094 0.753906
vt 0.246094 0.996094
vt 0.003906 0.753906
vt 0.246094 0.996094
vt 0.003906 0.996094
vt 0.003906 0.753906
vt 0.246094 0.753906
vt 0.246094 0.996094
vt 0.003906 0.753906
vt 0.246094 0.996094
vt 0.003906 0.996094
vt 0.003906 0.753906
vt 0.246094 0.753906
vt 0.246094 0.996094
vt 0.003906 0.753906
vt 0.246094 0.996094
vt 0.003906 0.996094
vt 0.003906 0.753906
vt 0.246094 0.753906
vt 0.246094 0.996094
vt 0.003906 0.753906
vt 0.246094 0.996094
vt 0.003906 0.996094
vt 0.003906 0.753906
vt 0.246094 0.753906
vt 0.246094 0.996094
vt 0.003906 0.753906
vt 0.246094 0.996094
vt 0.003906 0.996094
vt 0.003906 0.753906
vt 0.246094 0.753906
vt 0.246094 0.996094
vt 0.003906 0.753906
vt 0.246094 0.996094
vt 0.003906 0.996094
vt 0.003906 0.753906
vt 0.246094 0.753906
vt 0.246094 0.996094
vt 0.003906 0.753906
vt 0.246094 0.996094
vt 0.003906 0.996094
vt 0.003906 0.753906
vt 0.246094 0.753906
vt 0.246094 0.996094
vt 0.003906 0.753906
vt 0.246094 0.996094
vt 0.003906 0.996094
vt 0.003906 0.753906
vt 0.246094 0.753906
vt 0.246094 0.996094
vt 0.003906 0.753906
vt 0.246094 0.996094
vt 0.003906 0.996094
vt 0.003906 0.753906
vt 0.246094 0.753906
vt 0.246094 0.996094
vt 0.003906 0.753906
vt 0.246094 0.996094
vt 0.003906 0.996094
vt 0.003906 0.753906
vt 0.246094 0.753906
vt 0.246094 0.996094
vt 0.003906 0.753906
vt 0.246094 0.996094
vt 0.003906 0.996094
vt 0.003906 0.753906
vt 0.246094 0.753906
vt 0.246094 0.996094
vt 0.003906 0.753906
vt 0.246094 0.996094
vt 0.003906 0.996094
vt 0.003906 0.753906
vt 0.246094 0.753906
vt 0.246094 0.996094
vt 0.003906 0.753906
vt 0.246094 0.996094
vt 0.003906 0.996094
vt 0.003906 0.753906
vt 0.246094 0.753906
vt 0.246094 0.996094
vt 0.003906 0.753906
vt 0.246094 0.996094
vt 0.003906 0.996094
vt 0.003906 0.753906
vt 0.246094 0.753906
vt 0.246094 0.996094
vt 0.003906 0.753906
vt 0.246094 0.996094
vt 0.003906 0.996094
vt 0.003906 0.753906
vt 0.246094 0.753906
vt 0.246094 0.996094
vt 0.003906 0.753906
vt 0.246094 0.996094
vt 0.003906 0.996094
vt 0.003906 0.753906
vt 0.246094 0.753906
vt 0.246094 0.996094
vt 0.003906 0.753906
vt 0.246094 0.996094
vt 0.003906 0.996094
vt 0.003906 0.753906
vt 0.246094 0.753906
vt 0.246094 0.996094
vt 0.003906 0.753906
vt 0.246094 0.996094
vt 0.003906 0.996094
vt 0.003906 0.753906
vt 0.246094 0.753906
vt 0.246094 0.996094
vt 0.003906 0.753906
vt 0.246094 0.996094
vt 0.003906 0.996094
vt 0.003906 0.753906
vt 0.246094 0.753906
vt 0.246094 0.996094
vt 0.003906 0.753906
vt 0.246094 0.996094
vt 0.003906 0.996094
vt 0.003906 0.753906
vt 0.246094 0.753906
vt 0.246094 0.996094
vt 0.003906 0.753906
vt 0.246094 0.996094
vt 0.003906 0.996094
vt 0.003906 0.753906
vt 0.246094 0.753906
vt 0.246094 0.996094
vt 0.003906 0.753906
vt 0.246094 0.996094
vt 0.003906 0.996094
vt 0.003906 0.753906
vt 0.246094 0.753906
vt 0.246094 0.996094
vt 0.003906 0.753906
vt 0.246094 0.996094
vt 0.003906 0.996094
vt 0.003906 0.753906
vt 0.246094 0.753906
vt 0.246094 0.996094
vt 0.003906 0.753906
vt 0.246094 0.996094
vt 0.003906 0.996094
vt 0.003906 0.753906
vt 0.246094 0.753906
vt 0.246094 0.996094
vt 0.003906 0.753906
vt 0.246094 0.996094
vt 0.003906 0.996094
vt 0.003906 0.753906
vt 0.246094 0.753906
vt 0.246094 0.996094
vt 0.003906 0.753906
vt 0.246094 0.996094
vt 0.003906 0.996094
vt 0.003906 0.753906
vt 0.246094 0.753906
vt 0.246094 0.996094
vt 0.003906 0.753906
vt 0.246094 0.996094
vt 0.003906 0.996094
vt 0.125000 0.875000
vt 0.003906 0.996094
vt 0.246094 0.753906
vt 0.125000 0.875000
vt 0.003906 0.996094
vt 0.246094 0.753906
vt 0.125000 0.875000
vt 0.003906 0.996094
vt 0.246094 0.753906
vt 0.125000 0.875000
vt 0.003906 0.996094
vt 0.246094 0.753906
vt 0.125000 0.875000
vt 0.003906 0.996094
vt 0.246094 0.753906
vt 0.125000 0.875000
vt 0.003906 0.996094
vt 0.246094 0.753906
vt 0.125000 0.875000
vt 0.246094 0.753906
vt 0.003906 0.996094
vt 0.125000 0.875000
vt 0.246094 0.753906
vt 0.003906 0.996094
vt 0.125000 0.875000
vt 0.246094 0.753906
vt 0.003906 0.996094
vt 0.125000 0.875000
vt 0.246094 0.753906
vt 0.003906 0.996094
vt 0.125000 0.875000
vt 0.246094 0.753906
vt 0.003906 0.996094
vt 0.125000 0.875000
vt 0.246094 0.753906
vt 0.003906 0.996094
vn 0.906939 0.090547 0.411417
vn 0.906939 0.090547 0.411417
vn 0.906939 0.090547 0.411417
vn 0.865127 0.157296 0.476250
vn 0.865127 0.157296 0.476250
vn 0.865127 0.157296 0.476250
vn 0.000000 0.019679 0.999806
vn 0.000000 0.019679 0.999806
vn 0.000000 0.019679 0.999806
vn 0.000000 0.019679 0.999806
vn 0.000000 0.019679 0.999806
vn 0.000000 0.019679 0.999806
vn -0.898447 0.163354 0.407565
vn -0.898447 0.163354 0.407565
vn -0.898447 0.163354 0.407565
vn -0.872573 0.088779 0.480349
vn -0.872573 0.088779 0.480349
vn -0.872573 0.088779 0.480349
vn -0.906939 0.090547 -0.411417
vn -0.906939 0.090547 -0.411417
vn -0.906939 0.090547 -0.411417
vn -0.865127 0.157296 -0.476250
vn -0.865127 0.157296 -0.476250
vn -0.865127 0.157296 -0.476250
vn 0.000000 0.019679 -0.999806
vn 0.000000 0.019679 -0.999806
vn 0.000000 0.019679 -0.999806
vn 0.000000 0.019679 -0.999806
vn 0.000000 0.019679 -0.999806
vn 0.000000 0.019679 -0.999806
vn 0.898447 0.163354 -0.407565
vn 0.898447 0.163354 -0.407565
vn 0.898447 0.163354 -0.407565
vn 0.872573 0.088779 -0.480349
vn 0.872573 0.088779 -0.480349
vn 0.872573 0.088779 -0.480349
vn 0.872168 -0.093821 0.480126
vn 0.872168 -0.093821 0.480126
vn 0.872168 -0.093821 0.480126
vn 0.856457 -0.069448 0.511526
vn 0.856457 -0.069448 0.511526
vn 0.856457 -0.069448 0.511526
vn 0.000000 -0.034244 0.999414
vn 0.000000 -0.034244 0.999414
vn 0.000000 -0.034244 0.999414
vn 0.000000 -0.034244 0.999414
vn 0.000000 -0.034244 0.999414
vn 0.000000 -0.034244 0.999414
vn -0.873403 -0.077409 0.480806
vn -0.873403 -0.077409 0.480806
vn -0.873403 -0.077409 0.480806
vn -0.854783 -0.093320 0.510527
vn -0.854783 -0.093320 0.510527
vn -0.854783 -0.093320 0.510527
vn -0.849916 -0.242355 -0.467876
vn -0.849916 -0.242355 -0.467876
vn -0.849916 -0.242355 -0.467876
vn -0.835758 -0.228790 -0.499164
vn -0.835758 -0.228790 -0.499164
vn -0.835758 -0.228790 -0.499164
vn 0.000000 -0.336087 -0.941831
vn 0.000000 -0.336087 -0.941831
vn 0.000000 -0.336087 -0.941831
vn 0.000000 -0.336087 -0.941831
vn 0.000000 -0.336087 -0.941831
vn 0.000000 -0.336087 -0.941831
vn 0.853140 -0.227114 -0.469651
vn 0.853140 -0.227114 -0.469651
vn 0.853140 -0.227114 -0.469651
vn 0.831078 -0.250851 -0.496369
vn 0.831078 -0.250851 -0.496369
vn 0.831078 -0.250851 -0.496369
vn 0.852249 -0.120733 0.509013
vn 0.852249 -0.120733 0.509013
vn 0.852249 -0.120733 0.509013
vn 0.872058 -0.136724 0.469917
vn 0.872058 -0.136724 0.469917
vn 0.872058 -0.136724 0.469917
vn 0.000000 -0.201937 0.979399
vn 0.000000 -0.201937 0.979399
vn 0.000000 -0.201937 0.979399
vn 0.000000 -0.201937 0.979399
vn 0.000000 -0.201937 0.979399
vn 0.000000 -0.201937 0.979399
vn -0.849554 -0.144221 0.507404
vn -0.849554 -0.144221 0.507404
vn -0.849554 -0.144221 0.507404
vn -0.874648 -0.113375 0.471313
vn -0.874648 -0.113375 0.471313
vn -0.874648 -0.113375 0.471313
vn -0.853722 0.105677 -0.509893
vn -0.853722 0.105677 -0.509893
vn -0.853722 0.105677 -0.509893
vn -0.878000 0.072619 -0.473119
vn -0.878000 0.072619 -0.473119
vn -0.878000 0.072619 -0.473119
vn 0.000000 0.231772 -0.972770
vn 0.000000 0.231772 -0.972770
vn 0.000000 0.231772 -0.972770
vn 0.000000 0.231772 -0.972770
vn 0.000000 0.231772 -0.972770
vn 0.000000 0.231772 -0.972770
vn 0.855647 0.081874 -0.511043
vn 0.855647 0.081874 -0.511043
vn 0.855647 0.081874 -0.511043
vn 0.876235 0.096272 -0.472168
vn 0.876235 0.096272 -0.472168
vn 0.876235 0.096272 -0.472168
vn 0.839235 0.301947 0.452231
vn 0.839235 0.301947 0.452231
vn 0.839235 0.301947 0.452231
vn 0.884309 0.238904 0.401151
vn 0.884309 0.238904 0.401151
vn 0.884309 0.238904 0.401151
vn 0.000000 0.153892 0.988088
vn 0.000000 0.153892 0.988088
vn 0.000000 0.153892 0.988088
vn 0.000000 0.153892 0.988088
vn 0.000000 0.153892 0.988088
vn 0.000000 0.153892 0.988088
vn -0.864652 0.187854 0.465927
vn -0.864652 0.187854 0.465927
vn -0.864652 0.187854 0.465927
vn -0.868465 0.300935 0.393964
vn -0.868465 0.300935 0.393964
vn -0.868465 0.300935 0.393964
vn -0.652518 0.671257 -0.351616
vn -0.652518 0.671257 -0.351616
vn -0.652518 0.671257 -0.351616
vn -0.725447 0.604507 -0.329086
vn -0.725447 0.604507 -0.329086
vn -0.725447 0.604507 -0.329086
vn 0.000000 0.813168 -0.582029
vn 0.000000 0.813168 -0.582029
vn 0.000000 0.813168 -0.582029
vn 0.000000 0.813168 -0.582029
vn 0.000000 0.813168 -0.582029
vn 0.000000 0.813168 -0.582029
vn 0.694093 0.615097 -0.374019
vn 0.694093 0.615097 -0.374019
vn 0.694093 0.615097 -0.374019
vn 0.701304 0.637937 -0.318134
vn 0.701304 0.637937 -0.318134
vn 0.701304 0.637937 -0.318134
vn 0.874331 -0.279704 0.396625
vn 0.874331 -0.279704 0.396625
vn 0.874331 -0.279704 0.396625
vn 0.870668 -0.304002 0.386677
vn 0.870668 -0.304002 0.386677
vn 0.870668 -0.304002 0.386677
vn 0.000000 -0.363582 0.931562
vn 0.000000 -0.363582 0.931562
vn 0.000000 -0.363582 0.931562
vn 0.000000 -0.363582 0.931562
vn 0.000000 -0.363582 0.931562
vn 0.000000 -0.363582 0.931562
vn -0.867552 -0.304093 0.393550
vn -0.867552 -0.304093 0.393550
vn -0.867552 -0.304093 0.393550
vn -0.877999 -0.277616 0.389933
vn -0.877999 -0.277616 0.389933
vn -0.877999 -0.277616 0.389933
vn -0.897305 -0.170755 -0.407047
vn -0.897305 -0.170755 -0.407047
vn -0.897305 -0.170755 -0.407047
vn -0.895631 -0.199071 -0.397764
vn -0.895631 -0.199071 -0.397764
vn -0.895631 -0.199071 -0.397764
vn 0.000000 -0.104011 -0.994576
vn 0.000000 -0.104011 -0.994576
vn 0.000000 -0.104011 -0.994576
vn 0.000000 -0.104011 -0.994576
vn 0.000000 -0.104011 -0.994576
vn 0.000000 -0.104011 -0.994576
vn 0.892792 -0.197226 -0.404999
vn 0.892792 -0.197226 -0.404999
vn 0.892792 -0.197226 -0.404999
vn 0.900545 -0.170475 -0.399946
vn 0.900545 -0.170475 -0.399946
vn 0.900545 -0.170475 -0.399946
vn 0.000000 -1.000000 0.000000
vn 0.000000 -1.000000 0.000000
vn 0.000000 -1.000000 0.000000
vn 0.000000 -1.000000 0.000000
vn 0.000000 -1.000000 0.000000
vn 0.000000 -1.000000 0.000000
vn 0.000000 -1.000000 0.000000
vn 0.000000 -1.000000 0.000000
vn 0.000000 -1.000000 0.000000
vn -0.000000 -1.000000 0.000000
vn -0.000000 -1.000000 0.000000
vn -0.000000 -1.000000 0.000000
vn 0.000000 -1.000000 -0.000000
vn 0.000000 -1.000000 -0.000000
vn 0.000000 -1.000000 -0.000000
vn 0.000000 -1.000000 0.000000
vn 0.000000 -1.000000 0.000000
vn 0.000000 -1.000000 0.000000
vn 0.000000 1.000000 0.000000
vn 0.000000 1.000000 0.000000
vn 0.000000 1.000000 0.000000
vn 0.000000 1.000000 -0.000000
vn 0.000000 1.000000 -0.000000
vn 0.000000 1.000000 -0.000000
vn 0.000000 1.000000 0.000000
vn 0.000000 1.000000 0.000000
vn 0.000000 1.000000 0.000000
vn 0.000000 1.000000 0.000000
vn 0.000000 1.000000 0.000000
vn 0.000000 1.000000 0.000000
vn 0.000000 1.000000 0.000000
vn 0.000000 1.000000 0.000000
vn 0.000000 1.000000 0.000000
vn -0.000000 1.000000 0.000000
vn -0.000000 1.000000 0.000000
vn -0.000000 1.000000 0.000000
f 2563/2563/2563 2564/2564/2564 2565/2565/2565
f 2566/2566/2566 2567/2567/2567 2568/2568/2568
f 2569/2569/2569 2570/2570/2570 2571/2571/2571
f 2572/2572/2572 2573/2573/2573 2574/2574/2574
f 2575/2575/2575 2576/2576/2576 2577/2577/2577
f 2578/2578/2578 2579/2579/2579 2580/2580/2580
f 2581/2581/2581 2582/2582/2582 2583/2583/2583
f 2584/2584/2584 2585/2585/2585 2586/2586/2586
f 2587/2587/2587 2588/2588/2588 2589/2589/2589
f 2590/2590/2590 2591/2591/2591 2592/2592/2592
f 2593/2593/2593 2594/2594/2594 2595/2595/2595
f 2596/2596/2596 2597/2597/2597 2598/2598/2598
f 2599/2599/2599 2600/2600/2600 2601/2601/2601
f 2602/2602/2602 2603/2603/2603 2604/2604/2604
f 2605/2605/2605 2606/2606/2606 2607/2607/2607
f 2608/2608/2608 2609/2609/2609 2610/2610/2610
f 2611/2611/2611 2612/2612/2612 2613/2613/2613
f 2614/2614/2614 2615/2615/2615 2616/2616/2616
f 2617/2617/2617 2618/2618/2618 2619/2619/2619
f 2620/2620/2620 2621/2621/2621 2622/2622/2622
f 2623/2623/2623 2624/2624/2624 2625/2625/2625
f 2626/2626/2626 2627/2627/2627 2628/2628/2628
f 2629/2629/2629 2630/2630/2630 2631/2631/2631
f 2632/2632/2632 2633/2633/2633 2634/2634/2634
f 2635/2635/2635 2636/2636/2636 2637/2637/2637
f 2638/2638/2638 2639/2639/2639 2640/2640/2640
f 2641/2641/2641 2642/2642/2642 2643/2643/2643
f 2644/2644/2644 2645/2645/2645 2646/2646/2646
f 2647/2647/2647 2648/2648/2648 2649/2649/2649
f 2650/2650/2650 2651/2651/2651 2652/2652/2652
f 2653/2653/2653 2654/2654/2654 2655/2655/2655
f 2656/2656/2656 2657/2657/2657 2658/2658/2658
f 2659/2659/2659 2660/2660/2660 2661/2661/2661
f 2662/2662/2662 2663/2663/2663 2664/2664/2664
f 2665/2665/2665 2666/2666/2666 2667/2667/2667
f 2668/2668/2668 2669/2669/2669 2670/2670/2670
f 2671/2671/2671 2672/2672/2672 2673/2673/2673
f 2674/2674/2674 2675/2675/2675 2676/2676/2676
f 2677/2677/2677 2678/2678/2678 2679/2679/2679
f 2680/2680/2680 2681/2681/2681 2682/2682/2682
f 2683/2683/2683 2684/2684/2684 2685/2685/2685
f 2686/2686/2686 2687/2687/2687 2688/2688/2688
f 2689/2689/2689 2690/2690/2690 2691/2691/2691
f 2692/2692/2692 2693/2693/2693 2694/2694/2694
f 2695/2695/2695 2696/2696/2696 2697/2697/2697
f 2698/2698/2698 2699/2699/2699 2700/2700/2700
f 2701/2701/2701 2702/2702/2702 2703/2703/2703
f 2704/2704/2704 2705/2705/2705 2706/2706/2706
f 2707/2707/2707 2708/2708/2708 2709/2709/2709
f 2710/2710/2710 2711/2711/2711 2712/2712/2712
f 2713/2713/2713 2714/2714/2714 2715/2715/2715
f 2716/2716/2716 2717/2717/2717 2718/2718/2718
f 2719/2719/2719 2720/2720/2720 2721/2721/2721
f 2722/2722/2722 2723/2723/2723 2724/2724/2724
f 2725/2725/2725 2726/2726/2726 2727/2727/2727
f 2728/2728/2728 2729/2729/2729 2730/2730/2730
f 2731/2731/2731 2732/2732/2732 2733/2733/2733
f 2734/2734/2734 2735/2735/2735 2736/2736/2736
f 2737/2737/2737 2738/2738/2738 2739/2739/2739
f 2740/2740/2740 2741/2741/2741 2742/2742/2742
f 2743/2743/2743 2744/2744/2744 2745/2745/2745
f 2746/2746/2746 2747/2747/2747 2748/2748/2748
f 2749/2749/2749 2750/2750/2750 2751/2751/2751
f 2752/2752/2752 2753/2753/2753 2754/2754/2754
f 2755/2755/2755 2756/2756/2756 2757/2757/2757
f 2758/2758/2758 2759/2759/2759 2760/2760/2760
f 2761/2761/2761 2762/2762/2762 2763/2763/2763
f 2764/2764/2764 2765/2765/2765 2766/2766/2766
f 2767/2767/2767 2768/2768/2768 2769/2769/2769
f 2770/2770/2770 2771/2771/2771 2772/2772/2772
f 2773/2773/2773 2774/2774/2774 2775/2775/2775
f 2776/2776/2776 2777/2777/2777 2778/2778/2778
o RightFrontToe-1
usemtl PaintedTeaFantasy
v 2.228549 0.452674 -6.163330
v 1.987941 0.783842 -6.163330
v 2.004082 0.850076 -5.432088
v 2.228549 0.452674 -6.163330
v 2.004082 0.850076 -5.432088
v 2.280780 0.452674 -5.432088
v 1.987941 0.783842 -6.163330
v 1.598630 0.657347 -6.163330
v 1.556373 0.698282 -5.432088
v 1.987941 0.783842 -6.163330
v 1.556373 0.698282 -5.432088
v 2.004082 0.850076 -5.432088
v 1.598630 0.657347 -6.163330
v 1.598630 0.248001 -6.163330
v 1.556373 0.207066 -5.432088
v 1.598630 0.657347 -6.163330
v 1.556373 0.207066 -5.432088
v 1.556373 0.698282 -5.432088
v 1.598630 0.248001 -6.163330
v 1.987941 0.121506 -6.163330
v 2.004082 0.055272 -5.432088
v 1.598630 0.248001 -6.163330
v 2.004082 0.055272 -5.432088
v 1.556373 0.207066 -5.432088
v 1.987941 0.121506 -6.163330
v 2.228549 0.452674 -6.163330
v 2.280780 0.452674 -5.432088
v 1.987941 0.121506 -6.163330
v 2.280780 0.452674 -5.432088
v 2.004082 0.055272 -5.432088
v 1.880338 0.452674 -6.163330
v 1.987941 0.783842 -6.163330
v 2.228549 0.452674 -6.163330
v 1.880338 0.452674 -6.163330
v 1.598630 0.657347 -6.163330
v 1.987941 0.783842 -6.163330
v 1.880338 0.452674 -6.163330
v 1.598630 0.248001 -6.163330
v 1.598630 0.657347 -6.163330
v 1.880338 0.452674 -6.163330
v 1.987941 0.121506 -6.163330
v 1.598630 0.248001 -6.163330
v 1.880338 0.452674 -6.163330
v 2.228549 0.452674 -6.163330
v 1.987941 0.121506 -6.163330
v 1.880338 0.452674 -5.432088
v 2.280780 0.452674 -5.432088
v 2.004082 0.850076 -5.432088
v 1.880338 0.452674 -5.432088
v 2.004082 0.850076 -5.432088
v 1.556373 0.698282 -5.432088
v 1.880338 0.452674 -5.432088
v 1.556373 0.698282 -5.432088
v 1.556373 0.207066 -5.432088
v 1.880338 0.452674 -5.432088
v 1.556373 0.207066 -5.432088
v 2.004082 0.055272 -5.432088
v 1.880338 0.452674 -5.432088
v 2.004082 0.055272 -5.432088
v 2.280780 0.452674 -5.432088
vt 0.003906 0.746094
vt 0.052344 0.746094
vt 0.052344 0.503906
vt 0.003906 0.746094
vt 0.052344 0.503906
vt 0.003906 0.503906
vt 0.052344 0.746094
vt 0.100781 0.746094
vt 0.100781 0.503906
vt 0.052344 0.746094
vt 0.100781 0.503906
vt 0.052344 0.503906
vt 0.100781 0.746094
vt 0.149219 0.746094
vt 0.149219 0.503906
vt 0.100781 0.746094
vt 0.149219 0.503906
vt 0.100781 0.503906
vt 0.149219 0.746094
vt 0.197656 0.746094
vt 0.197656 0.503906
vt 0.149219 0.746094
vt 0.197656 0.503906
vt 0.149219 0.503906
vt 0.197656 0.746094
vt 0.246094 0.746094
vt 0.246094 0.503906
vt 0.197656 0.746094
vt 0.246094 0.503906
vt 0.197656 0.503906
vt 0.125000 0.625000
vt 0.221875 0.528125
vt 0.028125 0.721875
vt 0.125000 0.625000
vt 0.221875 0.528125
vt 0.028125 0.721875
vt 0.125000 0.625000
vt 0.221875 0.528125
vt 0.028125 0.721875
vt 0.125000 0.625000
vt 0.221875 0.528125
vt 0.028125 0.721875
vt 0.125000 0.625000
vt 0.221875 0.528125
vt 0.028125 0.721875
vt 0.125000 0.625000
vt 0.028125 0.721875
vt 0.221875 0.528125
vt 0.125000 0.625000
vt 0.028125 0.721875
vt 0.221875 0.528125
vt 0.125000 0.625000
vt 0.028125 0.721875
vt 0.221875 0.528125
vt 0.125000 0.625000
vt 0.028125 0.721875
vt 0.221875 0.528125
vt 0.125000 0.625000
vt 0.028125 0.721875
vt 0.221875 0.528125
vn 0.806980 0.586305 -0.070918
vn 0.806980 0.586305 -0.070918
vn 0.806980 0.586305 -0.070918
vn 0.819261 0.570427 -0.058519
vn 0.819261 0.570427 -0.058519
vn 0.819261 0.570427 -0.058519
vn -0.308239 0.948662 -0.070918
vn -0.308239 0.948662 -0.070918
vn -0.308239 0.948662 -0.070918
vn -0.320104 0.944129 -0.078451
vn -0.320104 0.944129 -0.078451
vn -0.320104 0.944129 -0.078451
vn -0.998335 -0.000000 -0.057691
vn -0.998335 -0.000000 -0.057691
vn -0.998335 -0.000000 -0.057691
vn -0.998335 0.000000 -0.057691
vn -0.998335 0.000000 -0.057691
vn -0.998335 0.000000 -0.057691
vn -0.308049 -0.948078 -0.079074
vn -0.308049 -0.948078 -0.079074
vn -0.308049 -0.948078 -0.079074
vn -0.320274 -0.944631 -0.071388
vn -0.320274 -0.944631 -0.071388
vn -0.320274 -0.944631 -0.071388
vn 0.807670 -0.586806 -0.057691
vn 0.807670 -0.586806 -0.057691
vn 0.807670 -0.586806 -0.057691
vn 0.818672 -0.570016 -0.069701
vn 0.818672 -0.570016 -0.069701
vn 0.818672 -0.570016 -0.069701
vn 0.000000 0.000000 -1.000000
vn 0.000000 0.000000 -1.000000
vn 0.000000 0.000000 -1.000000
vn 0.000000 0.000000 -1.000000
vn 0.000000 0.000000 -1.000000
vn 0.000000 0.000000 -1.000000
vn -0.000000 0.000000 -1.000000
vn -0.000000 0.000000 -1.000000
vn -0.000000 0.000000 -1.000000
vn 0.000000 -0.000000 -1.000000
vn 0.000000 -0.000000 -1.000000
vn 0.000000 -0.000000 -1.000000
vn 0.000000 0.000000 -1.000000
vn 0.000000 0.000000 -1.000000
vn 0.000000 0.000000 -1.000000
vn 0.000000 0.000000 1.000000
vn 0.000000 0.000000 1.000000
vn 0.000000 0.000000 1.000000
vn 0.000000 -0.000000 1.000000
vn 0.000000 -0.000000 1.000000
vn 0.000000 -0.000000 1.000000
vn 0.000000 0.000000 1.000000
vn 0.000000 0.000000 1.000000
vn 0.000000 0.000000 1.000000
vn 0.000000 0.000000 1.000000
vn 0.000000 0.000000 1.000000
vn 0.000000 0.000000 1.000000
vn -0.000000 0.000000 1.000000
vn -0.000000 0.000000 1.000000
vn -0.000000 0.000000 1.000000
f 2779/2779/2779 2780/2780/2780 2781/2781/2781
f 2782/2782/2782 2783/2783/2783 2784/2784/2784
f 2785/2785/2785 2786/2786/2786 2787/2787/2787
f 2788/2788/2788 2789/2789/2789 2790/2790/2790
f 2791/2791/2791 2792/2792/2792 2793/2793/2793
f 2794/2794/2794 2795/2795/2795 2796/2796/2796
f 2797/2797/2797 2798/2798/2798 2799/2799/2799
f 2800/2800/2800 2801/2801/2801 2802/2802/2802
f 2803/2803/2803 2804/2804/2804 2805/2805/2805
f 2806/2806/2806 2807/2807/2807 2808/2808/2808
f 2809/2809/2809 2810/2810/2810 2811/2811/2811
f 2812/2812/2812 2813/2813/2813 2814/2814/2814
f 2815/2815/2815 2816/2816/2816 2817/2817/2817
f 2818/2818/2818 2819/2819/2819 2820/2820/2820
f 2821/2821/2821 2822/2822/2822 2823/2823/2823
f 2824/2824/2824 2825/2825/2825 2826/2826/2826
f 2827/2827/2827 2828/2828/2828 2829/2829/2829
f 2830/2830/2830 2831/2831/2831 2832/2832/2832
f 2833/2833/2833 2834/2834/2834 2835/2835/2835
f 2836/2836/2836 2837/2837/2837 2838/2838/2838
o RightFrontToe0
usemtl PaintedTeaFantasy
v 2.994612 0.452674 -6.163330
v 2.754005 0.783842 -6.163330
v 2.770145 0.850076 -5.432088
v 2.994612 0.452674 -6.163330
v 2.770145 0.850076 -5.432088
v 3.046844 0.452674 -5.432088
v 2.754005 0.783842 -6.163330
v 2.364693 0.657347 -6.163330
v 2.322437 0.698282 -5.432088
v 2.754005 0.783842 -6.163330
v 2.322437 0.698282 -5.432088
v 2.770145 0.850076 -5.432088
v 2.364693 0.657347 -6.163330
v 2.364693 0.248001 -6.163330
v 2.322437 0.207066 -5.432088
v 2.364693 0.657347 -6.163330
v 2.322437 0.207066 -5.432088
v 2.322437 0.698282 -5.432088
v 2.364693 0.248001 -6.163330
v 2.754005 0.121506 -6.163330
v 2.770145 0.055272 -5.432088
v 2.364693 0.248001 -6.163330
v 2.770145 0.055272 -5.432088
v 2.322437 0.207066 -5.432088
v 2.754005 0.121506 -6.163330
v 2.994612 0.452674 -6.163330
v 3.046844 0.452674 -5.432088
v 2.754005 0.121506 -6.163330
v 3.046844 0.452674 -5.432088
v 2.770145 0.055272 -5.432088
v 2.646402 0.452674 -6.163330
v 2.754005 0.783842 -6.163330
v 2.994612 0.452674 -6.163330
v 2.646402 0.452674 -6.163330
v 2.364693 0.657347 -6.163330
v 2.754005 0.783842 -6.163330
v 2.646402 0.452674 -6.163330
v 2.364693 0.248001 -6.163330
v 2.364693 0.657347 -6.163330
v 2.646402 0.452674 -6.163330
v 2.754005 0.121506 -6.163330
v 2.364693 0.248001 -6.163330
v 2.646402 0.452674 -6.163330
v 2.994612 0.452674 -6.163330
v 2.754005 0.121506 -6.163330
v 2.646402 0.452674 -5.432088
v 3.046844 0.452674 -5.432088
v 2.770145 0.850076 -5.432088
v 2.646402 0.452674 -5.432088
v 2.770145 0.850076 -5.432088
v 2.322437 0.698282 -5.432088
v 2.646402 0.452674 -5.432088
v 2.322437 0.698282 -5.432088
v 2.322437 0.207066 -5.432088
v 2.646402 0.452674 -5.432088
v 2.322437 0.207066 -5.432088
v 2.770145 0.055272 -5.432088
v 2.646402 0.452674 -5.432088
v 2.770145 0.055272 -5.432088
v 3.046844 0.452674 -5.432088
vt 0.003906 0.746094
vt 0.052344 0.746094
vt 0.052344 0.503906
vt 0.003906 0.746094
vt 0.052344 0.503906
vt 0.003906 0.503906
vt 0.052344 0.746094
vt 0.100781 0.746094
vt 0.100781 0.503906
vt 0.052344 0.746094
vt 0.100781 0.503906
vt 0.052344 0.503906
vt 0.100781 0.746094
vt 0.149219 0.746094
vt 0.149219 0.503906
vt 0.100781 0.746094
vt 0.149219 0.503906
vt 0.100781 0.503906
vt 0.149219 0.746094
vt 0.197656 0.746094
vt 0.197656 0.503906
vt 0.149219 0.746094
vt 0.197656 0.503906
vt 0.149219 0.503906
vt 0.197656 0.746094
vt 0.246094 0.746094
vt 0.246094 0.503906
vt 0.197656 0.746094
vt 0.246094 0.503906
vt 0.197656 0.503906
vt 0.125000 0.625000
vt 0.221875 0.528125
vt 0.028125 0.721875
vt 0.125000 0.625000
vt 0.221875 0.528125
vt 0.028125 0.721875
vt 0.125000 0.625000
vt 0.221875 0.528125
vt 0.028125 0.721875
vt 0.125000 0.625000
vt 0.221875 0.528125
vt 0.028125 0.721875
vt 0.125000 0.625000
vt 0.221875 0.528125
vt 0.028125 0.721875
vt 0.125000 0.625000
vt 0.028125 0.721875
vt 0.221875 0.528125
vt 0.125000 0.625000
vt 0.028125 0.721875
vt 0.221875 0.528125
vt 0.125000 0.625000
vt 0.028125 0.721875
vt 0.221875 0.528125
vt 0.125000 0.625000
vt 0.028125 0.721875
vt 0.221875 0.528125
vt 0.125000 0.625000
vt 0.028125 0.721875
vt 0.221875 0.528125
vn 0.806980 0.586305 -0.070918
vn 0.806980 0.586305 -0.070918
vn 0.806980 0.586305 -0.070918
vn 0.819261 0.570427 -0.058519
vn 0.819261 0.570427 -0.058519
vn 0.819261 0.570427 -0.058519
vn -0.308239 0.948662 -0.070918
vn -0.308239 0.948662 -0.070918
vn -0.308239 0.948662 -0.070918
vn -0.320104 0.944129 -0.078451
vn -0.320104 0.944129 -0.078451
vn -0.320104 0.944129 -0.078451
vn -0.998335 -0.000000 -0.057691
vn -0.998335 -0.000000 -0.057691
vn -0.998335 -0.000000 -0.057691
vn -0.998335 0.000000 -0.057691
vn -0.998335 0.000000 -0.057691
vn -0.998335 0.000000 -0.057691
vn -0.308049 -0.948078 -0.079074
vn -0.308049 -0.948078 -0.079074
vn -0.308049 -0.948078 -0.079074
vn -0.320274 -0.944631 -0.071388
vn -0.320274 -0.944631 -0.071388
vn -0.320274 -0.944631 -0.071388
vn 0.807670 -0.586806 -0.057691
vn 0.807670 -0.586806 -0.057691
vn 0.807670 -0.586806 -0.057691
vn 0.818672 -0.570016 -0.069701
vn 0.818672 -0.570016 -0.069701
vn 0.818672 -0.570016 -0.069701
vn 0.000000 0.000000 -1.000000
vn 0.000000 0.000000 -1.000000
vn 0.000000 0.000000 -1.000000
vn 0.000000 0.000000 -1.000000
vn 0.000000 0.000000 -1.000000
vn 0.000000 0.000000 -1.000000
vn -0.000000 0.000000 -1.000000
vn -0.000000 0.000000 -1.000000
vn -0.000000 0.000000 -1.000000
vn 0.000000 -0.000000 -1.000000
vn 0.000000 -0.000000 -1.000000
vn 0.000000 -0.000000 -1.000000
vn 0.000000 0.000000 -1.000000
vn 0.000000 0.000000 -1.000000
vn 0.000000 0.000000 -1.000000
vn 0.000000 0.000000 1.000000
vn 0.000000 0.000000 1.000000
vn 0.000000 0.000000 1.000000
vn 0.000000 -0.000000 1.000000
vn 0.000000 -0.000000 1.000000
vn 0.000000 -0.000000 1.000000
vn 0.000000 0.000000 1.000000
vn 0.000000 0.000000 1.000000
vn 0.000000 0.000000 1.000000
vn 0.000000 0.000000 1.000000
vn 0.000000 0.000000 1.000000
vn 0.000000 0.000000 1.000000
vn -0.000000 0.000000 1.000000
vn -0.000000 0.000000 1.000000
vn -0.000000 0.000000 1.000000
f 2839/2839/2839 2840/2840/2840 2841/2841/2841
f 2842/2842/2842 2843/2843/2843 2844/2844/2844
f 2845/2845/2845 2846/2846/2846 2847/2847/2847
f 2848/2848/2848 2849/2849/2849 2850/2850/2850
f 2851/2851/2851 2852/2852/2852 2853/2853/2853
f 2854/2854/2854 2855/2855/2855 2856/2856/2856
f 2857/2857/2857 2858/2858/2858 2859/2859/2859
f 2860/2860/2860 2861/2861/2861 2862/2862/2862
f 2863/2863/2863 2864/2864/2864 2865/2865/2865
f 2866/2866/2866 2867/2867/2867 2868/2868/2868
f 2869/2869/2869 2870/2870/2870 2871/2871/2871
f 2872/2872/2872 2873/2873/2873 2874/2874/2874
f 2875/2875/2875 2876/2876/2876 2877/2877/2877
f 2878/2878/2878 2879/2879/2879 2880/2880/2880
f 2881/2881/2881 2882/2882/2882 2883/2883/2883
f 2884/2884/2884 2885/2885/2885 2886/2886/2886
f 2887/2887/2887 2888/2888/2888 2889/2889/2889
f 2890/2890/2890 2891/2891/2891 2892/2892/2892
f 2893/2893/2893 2894/2894/2894 2895/2895/2895
f 2896/2896/2896 2897/2897/2897 2898/2898/2898
o RightFrontToe1
usemtl PaintedTeaFantasy
v 3.760676 0.452674 -6.163330
v 3.520068 0.783842 -6.163330
v 3.536209 0.850076 -5.432088
v 3.760676 0.452674 -6.163330
v 3.536209 0.850076 -5.432088
v 3.812908 0.452674 -5.432088
v 3.520068 0.783842 -6.163330
v 3.130757 0.657347 -6.163330
v 3.088501 0.698282 -5.432088
v 3.520068 0.783842 -6.163330
v 3.088501 0.698282 -5.432088
v 3.536209 0.850076 -5.432088
v 3.130757 0.657347 -6.163330
v 3.130757 0.248001 -6.163330
v 3.088501 0.207066 -5.432088
v 3.130757 0.657347 -6.163330
v 3.088501 0.207066 -5.432088
v 3.088501 0.698282 -5.432088
v 3.130757 0.248001 -6.163330
v 3.520068 0.121506 -6.163330
v 3.536209 0.055272 -5.432088
v 3.130757 0.248001 -6.163330
v 3.536209 0.055272 -5.432088
v 3.088501 0.207066 -5.432088
v 3.520068 0.121506 -6.163330
v 3.760676 0.452674 -6.163330
v 3.812908 0.452674 -5.432088
v 3.520068 0.121506 -6.163330
v 3.812908 0.452674 -5.432088
v 3.536209 0.055272 -5.432088
v 3.412465 0.452674 -6.163330
v 3.520068 0.783842 -6.163330
v 3.760676 0.452674 -6.163330
v 3.412465 0.452674 -6.163330
v 3.130757 0.657347 -6.163330
v 3.520068 0.783842 -6.163330
v 3.412465 0.452674 -6.163330
v 3.130757 0.248001 -6.163330
v 3.130757 0.657347 -6.163330
v 3.412465 0.452674 -6.163330
v 3.520068 0.121506 -6.163330
v 3.130757 0.248001 -6.163330
v 3.412465 0.452674 -6.163330
v 3.760676 0.452674 -6.163330
v 3.520068 0.121506 -6.163330
v 3.412465 0.452674 -5.432088
v 3.812908 0.452674 -5.432088
v 3.536209 0.850076 -5.432088
v 3.412465 0.452674 -5.432088
v 3.536209 0.850076 -5.432088
v 3.088501 0.698282 -5.432088
v 3.412465 0.452674 -5.432088
v 3.088501 0.698282 -5.432088
v 3.088501 0.207066 -5.432088
v 3.412465 0.452674 -5.432088
v 3.088501 0.207066 -5.432088
v 3.536209 0.055272 -5.432088
v 3.412465 0.452674 -5.432088
v 3.536209 0.055272 -5.432088
v 3.812908 0.452674 -5.432088
vt 0.003906 0.746094
vt 0.052344 0.746094
vt 0.052344 0.503906
vt 0.003906 0.746094
vt 0.052344 0.503906
vt 0.003906 0.503906
vt 0.052344 0.746094
vt 0.100781 0.746094
vt 0.100781 0.503906
vt 0.052344 0.746094
vt 0.100781 0.503906
vt 0.052344 0.503906
vt 0.100781 0.746094
vt 0.149219 0.746094
vt 0.149219 0.503906
vt 0.100781 0.746094
vt 0.149219 0.503906
vt 0.100781 0.503906
vt 0.149219 0.746094
vt 0.197656 0.746094
vt 0.197656 0.503906
vt 0.149219 0.746094
vt 0.197656 0.503906
vt 0.149219 0.503906
vt 0.197656 0.746094
vt 0.246094 0.746094
vt 0.246094 0.503906
vt 0.197656 0.746094
vt 0.246094 0.503906
vt 0.197656 0.503906
vt 0.125000 0.625000
vt 0.221875 0.528125
vt 0.028125 0.721875
vt 0.125000 0.625000
vt 0.221875 0.528125
vt 0.028125 0.721875
vt 0.125000 0.625000
vt 0.221875 0.528125
vt 0.028125 0.721875
vt 0.125000 0.625000
vt 0.221875 0.528125
vt 0.028125 0.721875
vt 0.125000 0.625000
vt 0.221875 0.528125
vt 0.028125 0.721875
vt 0.125000 0.625000
vt 0.028125 0.721875
vt 0.221875 0.528125
vt 0.125000 0.625000
vt 0.028125 0.721875
vt 0.221875 0.528125
vt 0.125000 0.625000
vt 0.028125 0.721875
vt 0.221875 0.528125
vt 0.125000 0.625000
vt 0.028125 0.721875
vt 0.221875 0.528125
vt 0.125000 0.625000
vt 0.028125 0.721875
vt 0.221875 0.528125
vn 0.806980 0.586305 -0.070918
vn 0.806980 0.586305 -0.070918
vn 0.806980 0.586305 -0.070918
vn 0.819261 0.570427 -0.058519
vn 0.819261 0.570427 -0.058519
vn 0.819261 0.570427 -0.058519
vn -0.308239 0.948662 -0.070918
vn -0.308239 0.948662 -0.070918
vn -0.308239 0.948662 -0.070918
vn -0.320104 0.944129 -0.078451
vn -0.320104 0.944129 -0.078451
vn -0.320104 0.944129 -0.078451
vn -0.998335 -0.000000 -0.057691
vn -0.998335 -0.000000 -0.057691
vn -0.998335 -0.000000 -0.057691
vn -0.998335 0.000000 -0.057691
vn -0.998335 0.000000 -0.057691
vn -0.998335 0.000000 -0.057691
vn -0.308049 -0.948078 -0.079074
vn -0.308049 -0.948078 -0.079074
vn -0.308049 -0.948078 -0.079074
vn -0.320274 -0.944631 -0.071388
vn -0.320274 -0.944631 -0.071388
vn -0.320274 -0.944631 -0.071388
vn 0.807670 -0.586806 -0.057691
vn 0.807670 -0.586806 -0.057691
vn 0.807670 -0.586806 -0.057691
vn 0.818672 -0.570016 -0.069701
vn 0.818672 -0.570016 -0.069701
vn 0.818672 -0.570016 -0.069701
vn 0.000000 0.000000 -1.000000
vn 0.000000 0.000000 -1.000000
vn 0.000000 0.000000 -1.000000
vn 0.000000 0.000000 -1.000000
vn 0.000000 0.000000 -1.000000
vn 0.000000 0.000000 -1.000000
vn -0.000000 0.000000 -1.000000
vn -0.000000 0.000000 -1.000000
vn -0.000000 0.000000 -1.000000
vn 0.000000 -0.000000 -1.000000
vn 0.000000 -0.000000 -1.000000
vn 0.000000 -0.000000 -1.000000
vn 0.000000 0.000000 -1.000000
vn 0.000000 0.000000 -1.000000
vn 0.000000 0.000000 -1.000000
vn 0.000000 0.000000 1.000000
vn 0.000000 0.000000 1.000000
vn 0.000000 0.000000 1.000000
vn 0.000000 -0.000000 1.000000
vn 0.000000 -0.000000 1.000000
vn 0.000000 -0.000000 1.000000
vn 0.000000 0.000000 1.000000
vn 0.000000 0.000000 1.000000
vn 0.000000 0.000000 1.000000
vn 0.000000 0.000000 1.000000
vn 0.000000 0.000000 1.000000
vn 0.000000 0.000000 1.000000
vn -0.000000 0.000000 1.000000
vn -0.000000 0.000000 1.000000
vn -0.000000 0.000000 1.000000
f 2899/2899/2899 2900/2900/2900 2901/2901/2901
f 2902/2902/2902 2903/2903/2903 2904/2904/2904
f 2905/2905/2905 2906/2906/2906 2907/2907/2907
f 2908/2908/2908 2909/2909/2909 2910/2910/2910
f 2911/2911/2911 2912/2912/2912 2913/2913/2913
f 2914/2914/2914 2915/2915/2915 2916/2916/2916
f 2917/2917/2917 2918/2918/2918 2919/2919/2919
f 2920/2920/2920 2921/2921/2921 2922/2922/2922
f 2923/2923/2923 2924/2924/2924 2925/2925/2925
f 2926/2926/2926 2927/2927/2927 2928/2928/2928
f 2929/2929/2929 2930/2930/2930 2931/2931/2931
f 2932/2932/2932 2933/2933/2933 2934/2934/2934
f 2935/2935/2935 2936/2936/2936 2937/2937/2937
f 2938/2938/2938 2939/2939/2939 2940/2940/2940
f 2941/2941/2941 2942/2942/2942 2943/2943/2943
f 2944/2944/2944 2945/2945/2945 2946/2946/2946
f 2947/2947/2947 2948/2948/2948 2949/2949/2949
f 2950/2950/2950 2951/2951/2951 2952/2952/2952
f 2953/2953/2953 2954/2954/2954 2955/2955/2955
f 2956/2956/2956 2957/2957/2957 2958/2958/2958
o RightBackLeg
usemtl PaintedTeaFantasy
v 3.795497 7.068678 5.710656
v 3.220949 7.068678 6.977205
v 3.360234 5.536551 7.007361
v 3.795497 7.068678 5.710656
v 3.360234 5.536551 7.007361
v 4.074066 5.536551 5.710656
v 3.220949 7.068678 6.977205
v 2.071854 7.068678 6.977205
v 1.932570 5.536551 7.007361
v 3.220949 7.068678 6.977205
v 1.932570 5.536551 7.007361
v 3.360234 5.536551 7.007361
v 2.071854 7.068678 6.977205
v 1.497306 7.068678 5.710656
v 1.218738 5.536551 5.710656
v 2.071854 7.068678 6.977205
v 1.218738 5.536551 5.710656
v 1.932570 5.536551 7.007361
v 1.497306 7.068678 5.710656
v 2.071854 7.068678 4.444107
v 1.932570 5.536551 4.413951
v 1.497306 7.068678 5.710656
v 1.932570 5.536551 4.413951
v 1.218738 5.536551 5.710656
v 2.071854 7.068678 4.444107
v 3.220949 7.068678 4.444107
v 3.360234 5.536551 4.413951
v 2.071854 7.068678 4.444107
v 3.360234 5.536551 4.413951
v 1.932570 5.536551 4.413951
v 3.220949 7.068678 4.444107
v 3.795497 7.068678 5.710656
v 4.074066 5.536551 5.710656
v 3.220949 7.068678 4.444107
v 4.074066 5.536551 5.710656
v 3.360234 5.536551 4.413951
v 4.074066 5.536551 5.710656
v 3.360234 5.536551 7.007361
v 3.168718 3.377644 6.933389
v 4.074066 5.536551 5.710656
v 3.168718 3.377644 6.933389
v 3.691034 3.377644 6.058867
v 3.360234 5.536551 7.007361
v 1.932570 5.536551 7.007361
v 2.124086 3.377644 6.933389
v 3.360234 5.536551 7.007361
v 2.124086 3.377644 6.933389
v 3.168718 3.377644 6.933389
v 1.932570 5.536551 7.007361
v 1.218738 5.536551 5.710656
v 1.601769 3.377644 6.058867
v 1.932570 5.536551 7.007361
v 1.601769 3.377644 6.058867
v 2.124086 3.377644 6.933389
v 1.218738 5.536551 5.710656
v 1.932570 5.536551 4.413951
v 2.124086 3.377644 5.184345
v 1.218738 5.536551 5.710656
v 2.124086 3.377644 5.184345
v 1.601769 3.377644 6.058867
v 1.932570 5.536551 4.413951
v 3.360234 5.536551 4.413951
v 3.168718 3.377644 5.184345
v 1.932570 5.536551 4.413951
v 3.168718 3.377644 5.184345
v 2.124086 3.377644 5.184345
v 3.360234 5.536551 4.413951
v 4.074066 5.536551 5.710656
v 3.691034 3.377644 6.058867
v 3.360234 5.536551 4.413951
v 3.691034 3.377644 6.058867
v 3.168718 3.377644 5.184345
v 3.691034 3.377644 6.058867
v 3.168718 3.377644 6.933389
v 3.133897 1.497306 6.545692
v 3.691034 3.377644 6.058867
v 3.133897 1.497306 6.545692
v 3.621392 1.497306 5.641014
v 3.168718 3.377644 6.933389
v 2.124086 3.377644 6.933389
v 2.158907 1.497306 6.545692
v 3.168718 3.377644 6.933389
v 2.158907 1.497306 6.545692
v 3.133897 1.497306 6.545692
v 2.124086 3.377644 6.933389
v 1.601769 3.377644 6.058867
v 1.671412 1.497306 5.641014
v 2.124086 3.377644 6.933389
v 1.671412 1.497306 5.641014
v 2.158907 1.497306 6.545692
v 1.601769 3.377644 6.058867
v 2.124086 3.377644 5.184345
v 2.158907 1.497306 4.736336
v 1.601769 3.377644 6.058867
v 2.158907 1.497306 4.736336
v 1.671412 1.497306 5.641014
v 2.124086 3.377644 5.184345
v 3.168718 3.377644 5.184345
v 3.133897 1.497306 4.736336
v 2.124086 3.377644 5.184345
v 3.133897 1.497306 4.736336
v 2.158907 1.497306 4.736336
v 3.168718 3.377644 5.184345
v 3.691034 3.377644 6.058867
v 3.621392 1.497306 5.641014
v 3.168718 3.377644 5.184345
v 3.621392 1.497306 5.641014
v 3.133897 1.497306 4.736336
v 3.621392 1.497306 5.641014
v 3.133897 1.497306 6.545692
v 3.412465 0.487495 6.702967
v 3.621392 1.497306 5.641014
v 3.412465 0.487495 6.702967
v 4.178529 0.487495 5.014235
v 3.133897 1.497306 6.545692
v 2.158907 1.497306 6.545692
v 1.880338 0.487495 6.702967
v 3.133897 1.497306 6.545692
v 1.880338 0.487495 6.702967
v 3.412465 0.487495 6.702967
v 2.158907 1.497306 6.545692
v 1.671412 1.497306 5.641014
v 1.114274 0.487495 5.014235
v 2.158907 1.497306 6.545692
v 1.114274 0.487495 5.014235
v 1.880338 0.487495 6.702967
v 1.671412 1.497306 5.641014
v 2.158907 1.497306 4.736336
v 1.880338 0.487495 3.325502
v 1.671412 1.497306 5.641014
v 1.880338 0.487495 3.325502
v 1.114274 0.487495 5.014235
v 2.158907 1.497306 4.736336
v 3.133897 1.497306 4.736336
v 3.412465 0.487495 3.325502
v 2.158907 1.497306 4.736336
v 3.412465 0.487495 3.325502
v 1.880338 0.487495 3.325502
v 3.133897 1.497306 4.736336
v 3.621392 1.497306 5.641014
v 4.178529 0.487495 5.014235
v 3.133897 1.497306 4.736336
v 4.178529 0.487495 5.014235
v 3.412465 0.487495 3.325502
v 4.178529 0.487495 5.014235
v 3.412465 0.487495 6.702967
v 3.342823 0.000000 6.512701
v 4.178529 0.487495 5.014235
v 3.342823 0.000000 6.512701
v 4.039245 0.000000 4.944593
v 3.412465 0.487495 6.702967
v 1.880338 0.487495 6.702967
v 1.949980 0.000000 6.512701
v 3.412465 0.487495 6.702967
v 1.949980 0.000000 6.512701
v 3.342823 0.000000 6.512701
v 1.880338 0.487495 6.702967
v 1.114274 0.487495 5.014235
v 1.253559 0.000000 4.944593
v 1.880338 0.487495 6.702967
v 1.253559 0.000000 4.944593
v 1.949980 0.000000 6.512701
v 1.114274 0.487495 5.014235
v 1.880338 0.487495 3.325502
v 1.949980 0.000000 3.376484
v 1.114274 0.487495 5.014235
v 1.949980 0.000000 3.376484
v 1.253559 0.000000 4.944593
v 1.880338 0.487495 3.325502
v 3.412465 0.487495 3.325502
v 3.342823 0.000000 3.376484
v 1.880338 0.487495 3.325502
v 3.342823 0.000000 3.376484
v 1.949980 0.000000 3.376484
v 3.412465 0.487495 3.325502
v 4.178529 0.487495 5.014235
v 4.039245 0.000000 4.944593
v 3.412465 0.487495 3.325502
v 4.039245 0.000000 4.944593
v 3.342823 0.000000 3.376484
v 2.646402 7.068678 5.710656
v 3.795497 7.068678 5.710656
v 3.220949 7.068678 6.977205
v 2.646402 7.068678 5.710656
v 3.220949 7.068678 6.977205
v 2.071854 7.068678 6.977205
v 2.646402 7.068678 5.710656
v 2.071854 7.068678 6.977205
v 1.497306 7.068678 5.710656
v 2.646402 7.068678 5.710656
v 1.497306 7.068678 5.710656
v 2.071854 7.068678 4.444107
v 2.646402 7.068678 5.710656
v 2.071854 7.068678 4.444107
v 3.220949 7.068678 4.444107
v 2.646402 7.068678 5.710656
v 3.220949 7.068678 4.444107
v 3.795497 7.068678 5.710656
v 2.646402 0.000000 4.944593
v 3.342823 0.000000 6.512701
v 4.039245 0.000000 4.944593
v 2.646402 0.000000 4.944593
v 1.949980 0.000000 6.512701
v 3.342823 0.000000 6.512701
v 2.646402 0.000000 4.944593
v 1.253559 0.000000 4.944593
v 1.949980 0.000000 6.512701
v 2.646402 0.000000 4.944593
v 1.949980 0.000000 3.376484
v 1.253559 0.000000 4.944593
v 2.646402 0.000000 4.944593
v 3.342823 0.000000 3.376484
v 1.949980 0.000000 3.376484
v 2.646402 0.000000 4.944593
v 4.039245 0.000000 4.944593
v 3.342823 0.000000 3.376484
vt 0.003906 0.753906
vt 0.246094 0.753906
vt 0.246094 0.996094
vt 0.003906 0.753906
vt 0.246094 0.996094
vt 0.003906 0.996094
vt 0.003906 0.753906
vt 0.246094 0.753906
vt 0.246094 0.996094
vt 0.003906 0.753906
vt 0.246094 0.996094
vt 0.003906 0.996094
vt 0.003906 0.753906
vt 0.246094 0.753906
vt 0.246094 0.996094
vt 0.003906 0.753906
vt 0.246094 0.996094
vt 0.003906 0.996094
vt 0.003906 0.753906
vt 0.246094 0.753906
vt 0.246094 0.996094
vt 0.003906 0.753906
vt 0.246094 0.996094
vt 0.003906 0.996094
vt 0.003906 0.753906
vt 0.246094 0.753906
vt 0.246094 0.996094
vt 0.003906 0.753906
vt 0.246094 0.996094
vt 0.003906 0.996094
vt 0.003906 0.753906
vt 0.246094 0.753906
vt 0.246094 0.996094
vt 0.003906 0.753906
vt 0.246094 0.996094
vt 0.003906 0.996094
vt 0.003906 0.753906
vt 0.246094 0.753906
vt 0.246094 0.996094
vt 0.003906 0.753906
vt 0.246094 0.996094
vt 0.003906 0.996094
vt 0.003906 0.753906
vt 0.246094 0.753906
vt 0.246094 0.996094
vt 0.003906 0.753906
vt 0.246094 0.996094
vt 0.003906 0.996094
vt 0.003906 0.753906
vt 0.246094 0.753906
vt 0.246094 0.996094
vt 0.003906 0.753906
vt 0.246094 0.996094
vt 0.003906 0.996094
vt 0.003906 0.753906
vt 0.246094 0.753906
vt 0.246094 0.996094
vt 0.003906 0.753906
vt 0.246094 0.996094
vt 0.003906 0.996094
vt 0.003906 0.753906
vt 0.246094 0.753906
vt 0.246094 0.996094
vt 0.003906 0.753906
vt 0.246094 0.996094
vt 0.003906 0.996094
vt 0.003906 0.753906
vt 0.246094 0.753906
vt 0.246094 0.996094
vt 0.003906 0.753906
vt 0.246094 0.996094
vt 0.003906 0.996094
vt 0.003906 0.753906
vt 0.246094 0.753906
vt 0.246094 0.996094
vt 0.003906 0.753906
vt 0.246094 0.996094
vt 0.003906 0.996094
vt 0.003906 0.753906
vt 0.246094 0.753906
vt 0.246094 0.996094
vt 0.003906 0.753906
vt 0.246094 0.996094
vt 0.003906 0.996094
vt 0.003906 0.753906
vt 0.246094 0.753906
vt 0.246094 0.996094
vt 0.003906 0.753906
vt 0.246094 0.996094
vt 0.003906 0.996094
vt 0.003906 0.753906
vt 0.246094 0.753906
vt 0.246094 0.996094
vt 0.003906 0.753906
vt 0.246094 0.996094
vt 0.003906 0.996094
vt 0.003906 0.753906
vt 0.246094 0.753906
vt 0.246094 0.996094
vt 0.003906 0.753906
vt 0.246094 0.996094
vt 0.003906 0.996094
vt 0.003906 0.753906
vt 0.246094 0.753906
vt 0.246094 0.996094
vt 0.003906 0.753906
vt 0.246094 0.996094
vt 0.003906 0.996094
vt 0.003906 0.753906
vt 0.246094 0.753906
vt 0.246094 0.996094
vt 0.003906 0.753906
vt 0.246094 0.996094
vt 0.003906 0.996094
vt 0.003906 0.753906
vt 0.246094 0.753906
vt 0.246094 0.996094
vt 0.003906 0.753906
vt 0.246094 0.996094
vt 0.003906 0.996094
vt 0.003906 0.753906
vt 0.246094 0.753906
vt 0.246094 0.996094
vt 0.003906 0.753906
vt 0.246094 0.996094
vt 0.003906 0.996094
vt 0.003906 0.753906
vt 0.246094 0.753906
vt 0.246094 0.996094
vt 0.003906 0.753906
vt 0.246094 0.996094
vt 0.003906 0.996094
vt 0.003906 0.753906
vt 0.246094 0.753906
vt 0.246094 0.996094
vt 0.003906 0.753906
vt 0.246094 0.996094
vt 0.003906 0.996094
vt 0.003906 0.753906
vt 0.246094 0.753906
vt 0.246094 0.996094
vt 0.003906 0.753906
vt 0.246094 0.996094
vt 0.003906 0.996094
vt 0.003906 0.753906
vt 0.246094 0.753906
vt 0.246094 0.996094
vt 0.003906 0.753906
vt 0.246094 0.996094
vt 0.003906 0.996094
vt 0.003906 0.753906
vt 0.246094 0.753906
vt 0.246094 0.996094
vt 0.003906 0.753906
vt 0.246094 0.996094
vt 0.003906 0.996094
vt 0.003906 0.753906
vt 0.246094 0.753906
vt 0.246094 0.996094
vt 0.003906 0.753906
vt 0.246094 0.996094
vt 0.003906 0.996094
vt 0.003906 0.753906
vt 0.246094 0.753906
vt 0.246094 0.996094
vt 0.003906 0.753906
vt 0.246094 0.996094
vt 0.003906 0.996094
vt 0.003906 0.753906
vt 0.246094 0.753906
vt 0.246094 0.996094
vt 0.003906 0.753906
vt 0.246094 0.996094
vt 0.003906 0.996094
vt 0.003906 0.753906
vt 0.246094 0.753906
vt 0.246094 0.996094
vt 0.003906 0.753906
vt 0.246094 0.996094
vt 0.003906 0.996094
vt 0.125000 0.875000
vt 0.003906 0.996094
vt 0.246094 0.753906
vt 0.125000 0.875000
vt 0.003906 0.996094
vt 0.246094 0.753906
vt 0.125000 0.875000
vt 0.003906 0.996094
vt 0.246094 0.753906
vt 0.125000 0.875000
vt 0.003906 0.996094
vt 0.246094 0.753906
vt 0.125000 0.875000
vt 0.003906 0.996094
vt 0.246094 0.753906
vt 0.125000 0.875000
vt 0.003906 0.996094
vt 0.246094 0.753906
vt 0.125000 0.875000
vt 0.246094 0.753906
vt 0.003906 0.996094
vt 0.125000 0.875000
vt 0.246094 0.753906
vt 0.003906 0.996094
vt 0.125000 0.875000
vt 0.246094 0.753906
vt 0.003906 0.996094
vt 0.125000 0.875000
vt 0.246094 0.753906
vt 0.003906 0.996094
vt 0.125000 0.875000
vt 0.246094 0.753906
vt 0.003906 0.996094
vt 0.125000 0.875000
vt 0.246094 0.753906
vt 0.003906 0.996094
vn 0.906939 0.090547 0.411417
vn 0.906939 0.090547 0.411417
vn 0.906939 0.090547 0.411417
vn 0.865127 0.157296 0.476250
vn 0.865127 0.157296 0.476250
vn 0.865127 0.157296 0.476250
vn 0.000000 0.019679 0.999806
vn 0.000000 0.019679 0.999806
vn 0.000000 0.019679 0.999806
vn 0.000000 0.019679 0.999806
vn 0.000000 0.019679 0.999806
vn 0.000000 0.019679 0.999806
vn -0.898447 0.163354 0.407565
vn -0.898447 0.163354 0.407565
vn -0.898447 0.163354 0.407565
vn -0.872573 0.088779 0.480349
vn -0.872573 0.088779 0.480349
vn -0.872573 0.088779 0.480349
vn -0.906939 0.090547 -0.411417
vn -0.906939 0.090547 -0.411417
vn -0.906939 0.090547 -0.411417
vn -0.865127 0.157296 -0.476250
vn -0.865127 0.157296 -0.476250
vn -0.865127 0.157296 -0.476250
vn 0.000000 0.019679 -0.999806
vn 0.000000 0.019679 -0.999806
vn 0.000000 0.019679 -0.999806
vn -0.000000 0.019679 -0.999806
vn -0.000000 0.019679 -0.999806
vn -0.000000 0.019679 -0.999806
vn 0.898447 0.163354 -0.407565
vn 0.898447 0.163354 -0.407565
vn 0.898447 0.163354 -0.407565
vn 0.872573 0.088779 -0.480349
vn 0.872573 0.088779 -0.480349
vn 0.872573 0.088779 -0.480349
vn 0.872168 -0.093821 0.480126
vn 0.872168 -0.093821 0.480126
vn 0.872168 -0.093821 0.480126
vn 0.856457 -0.069448 0.511526
vn 0.856457 -0.069448 0.511526
vn 0.856457 -0.069448 0.511526
vn 0.000000 -0.034244 0.999414
vn 0.000000 -0.034244 0.999414
vn 0.000000 -0.034244 0.999414
vn 0.000000 -0.034244 0.999414
vn 0.000000 -0.034244 0.999414
vn 0.000000 -0.034244 0.999414
vn -0.873403 -0.077409 0.480806
vn -0.873403 -0.077409 0.480806
vn -0.873403 -0.077409 0.480806
vn -0.854783 -0.093320 0.510527
vn -0.854783 -0.093320 0.510527
vn -0.854783 -0.093320 0.510527
vn -0.849916 -0.242355 -0.467876
vn -0.849916 -0.242355 -0.467876
vn -0.849916 -0.242355 -0.467876
vn -0.835758 -0.228790 -0.499164
vn -0.835758 -0.228790 -0.499164
vn -0.835758 -0.228790 -0.499164
vn -0.000000 -0.336087 -0.941831
vn -0.000000 -0.336087 -0.941831
vn -0.000000 -0.336087 -0.941831
vn -0.000000 -0.336087 -0.941831
vn -0.000000 -0.336087 -0.941831
vn -0.000000 -0.336087 -0.941831
vn 0.853140 -0.227114 -0.469651
vn 0.853140 -0.227114 -0.469651
vn 0.853140 -0.227114 -0.469651
vn 0.831078 -0.250851 -0.496369
vn 0.831078 -0.250851 -0.496369
vn 0.831078 -0.250851 -0.496369
vn 0.852249 -0.120733 0.509013
vn 0.852249 -0.120733 0.509013
vn 0.852249 -0.120733 0.509013
vn 0.872058 -0.136724 0.469917
vn 0.872058 -0.136724 0.469917
vn 0.872058 -0.136724 0.469917
vn 0.000000 -0.201937 0.979399
vn 0.000000 -0.201937 0.979399
vn 0.000000 -0.201937 0.979399
vn 0.000000 -0.201937 0.979399
vn 0.000000 -0.201937 0.979399
vn 0.000000 -0.201937 0.979399
vn -0.849554 -0.144221 0.507404
vn -0.849554 -0.144221 0.507404
vn -0.849554 -0.144221 0.507404
vn -0.874648 -0.113375 0.471313
vn -0.874648 -0.113375 0.471313
vn -0.874648 -0.113375 0.471313
vn -0.853722 0.105677 -0.509893
vn -0.853722 0.105677 -0.509893
vn -0.853722 0.105677 -0.509893
vn -0.878000 0.072619 -0.473119
vn -0.878000 0.072619 -0.473119
vn -0.878000 0.072619 -0.473119
vn -0.000000 0.231772 -0.972770
vn -0.000000 0.231772 -0.972770
vn -0.000000 0.231772 -0.972770
vn 0.000000 0.231772 -0.972770
vn 0.000000 0.231772 -0.972770
vn 0.000000 0.231772 -0.972770
vn 0.855647 0.081874 -0.511043
vn 0.855647 0.081874 -0.511043
vn 0.855647 0.081874 -0.511043
vn 0.876235 0.096272 -0.472168
vn 0.876235 0.096272 -0.472168
vn 0.876235 0.096272 -0.472168
vn 0.839235 0.301947 0.452231
vn 0.839235 0.301947 0.452231
vn 0.839235 0.301947 0.452231
vn 0.884309 0.238904 0.401151
vn 0.884309 0.238904 0.401151
vn 0.884309 0.238904 0.401151
vn 0.000000 0.153892 0.988088
vn 0.000000 0.153892 0.988088
vn 0.000000 0.153892 0.988088
vn 0.000000 0.153892 0.988088
vn 0.000000 0.153892 0.988088
vn 0.000000 0.153892 0.988088
vn -0.864652 0.187854 0.465927
vn -0.864652 0.187854 0.465927
vn -0.864652 0.187854 0.465927
vn -0.868465 0.300935 0.393964
vn -0.868465 0.300935 0.393964
vn -0.868465 0.300935 0.393964
vn -0.652518 0.671257 -0.351616
vn -0.652518 0.671257 -0.351616
vn -0.652518 0.671257 -0.351616
vn -0.725447 0.604507 -0.329086
vn -0.725447 0.604507 -0.329086
vn -0.725447 0.604507 -0.329086
vn 0.000000 0.813168 -0.582029
vn 0.000000 0.813168 -0.582029
vn 0.000000 0.813168 -0.582029
vn -0.000000 0.813168 -0.582029
vn -0.000000 0.813168 -0.582029
vn -0.000000 0.813168 -0.582029
vn 0.694093 0.615097 -0.374019
vn 0.694093 0.615097 -0.374019
vn 0.694093 0.615097 -0.374019
vn 0.701304 0.637937 -0.318134
vn 0.701304 0.637937 -0.318134
vn 0.701304 0.637937 -0.318134
vn 0.874331 -0.279704 0.396625
vn 0.874331 -0.279704 0.396625
vn 0.874331 -0.279704 0.396625
vn 0.870668 -0.304002 0.386677
vn 0.870668 -0.304002 0.386677
vn 0.870668 -0.304002 0.386677
vn 0.000000 -0.363582 0.931562
vn 0.000000 -0.363582 0.931562
vn 0.000000 -0.363582 0.931562
vn 0.000000 -0.363582 0.931562
vn 0.000000 -0.363582 0.931562
vn 0.000000 -0.363582 0.931562
vn -0.867552 -0.304093 0.393550
vn -0.867552 -0.304093 0.393550
vn -0.867552 -0.304093 0.393550
vn -0.877999 -0.277616 0.389933
vn -0.877999 -0.277616 0.389933
vn -0.877999 -0.277616 0.389933
vn -0.897305 -0.170755 -0.407047
vn -0.897305 -0.170755 -0.407047
vn -0.897305 -0.170755 -0.407047
vn -0.895631 -0.199071 -0.397764
vn -0.895631 -0.199071 -0.397764
vn -0.895631 -0.199071 -0.397764
vn -0.000000 -0.104011 -0.994576
vn -0.000000 -0.104011 -0.994576
vn -0.000000 -0.104011 -0.994576
vn 0.000000 -0.104011 -0.994576
vn 0.000000 -0.104011 -0.994576
vn 0.000000 -0.104011 -0.994576
vn 0.892792 -0.197226 -0.404999
vn 0.892792 -0.197226 -0.404999
vn 0.892792 -0.197226 -0.404999
vn 0.900545 -0.170475 -0.399946
vn 0.900545 -0.170475 -0.399946
vn 0.900545 -0.170475 -0.399946
vn 0.000000 -1.000000 0.000000
vn 0.000000 -1.000000 0.000000
vn 0.000000 -1.000000 0.000000
vn 0.000000 -1.000000 0.000000
vn 0.000000 -1.000000 0.000000
vn 0.000000 -1.000000 0.000000
vn 0.000000 -1.000000 0.000000
vn 0.000000 -1.000000 0.000000
vn 0.000000 -1.000000 0.000000
vn -0.000000 -1.000000 0.000000
vn -0.000000 -1.000000 0.000000
vn -0.000000 -1.000000 0.000000
vn 0.000000 -1.000000 -0.000000
vn 0.000000 -1.000000 -0.000000
vn 0.000000 -1.000000 -0.000000
vn 0.000000 -1.000000 0.000000
vn 0.000000 -1.000000 0.000000
vn 0.000000 -1.000000 0.000000
vn 0.000000 1.000000 0.000000
vn 0.000000 1.000000 0.000000
vn 0.000000 1.000000 0.000000
vn 0.000000 1.000000 -0.000000
vn 0.000000 1.000000 -0.000000
vn 0.000000 1.000000 -0.000000
vn 0.000000 1.000000 0.000000
vn 0.000000 1.000000 0.000000
vn 0.000000 1.000000 0.000000
vn 0.000000 1.000000 0.000000
vn 0.000000 1.000000 0.000000
vn 0.000000 1.000000 0.000000
vn 0.000000 1.000000 0.000000
vn 0.000000 1.000000 0.000000
vn 0.000000 1.000000 0.000000
vn -0.000000 1.000000 0.000000
vn -0.000000 1.000000 0.000000
vn -0.000000 1.000000 0.000000
f 2959/2959/2959 2960/2960/2960 2961/2961/2961
f 2962/2962/2962 2963/2963/2963 2964/2964/2964
f 2965/2965/2965 2966/2966/2966 2967/2967/2967
f 2968/2968/2968 2969/2969/2969 2970/2970/2970
f 2971/2971/2971 2972/2972/2972 2973/2973/2973
f 2974/2974/2974 2975/2975/2975 2976/2976/2976
f 2977/2977/2977 2978/2978/2978 2979/2979/2979
f 2980/2980/2980 2981/2981/2981 2982/2982/2982
f 2983/2983/2983 2984/2984/2984 2985/2985/2985
f 2986/2986/2986 2987/2987/2987 2988/2988/2988
f 2989/2989/2989 2990/2990/2990 2991/2991/2991
f 2992/2992/2992 2993/2993/2993 2994/2994/2994
f 2995/2995/2995 2996/2996/2996 2997/2997/2997
f 2998/2998/2998 2999/2999/2999 3000/3000/3000
f 3001/3001/3001 3002/3002/3002 3003/3003/3003
f 3004/3004/3004 3005/3005/3005 3006/3006/3006
f 3007/3007/3007 3008/3008/3008 3009/3009/3009
f 3010/3010/3010 3011/3011/3011 3012/3012/3012
f 3013/3013/3013 3014/3014/3014 3015/3015/3015
f 3016/3016/3016 3017/3017/3017 3018/3018/3018
f 3019/3019/3019 3020/3020/3020 3021/3021/3021
f 3022/3022/3022 3023/3023/3023 3024/3024/3024
f 3025/3025/3025 3026/3026/3026 3027/3027/3027
f 3028/3028/3028 3029/3029/3029 3030/3030/3030
f 3031/3031/3031 3032/3032/3032 3033/3033/3033
f 3034/3034/3034 3035/3035/3035 3036/3036/3036
f 3037/3037/3037 3038/3038/3038 3039/3039/3039
f 3040/3040/3040 3041/3041/3041 3042/3042/3042
f 3043/3043/3043 3044/3044/3044 3045/3045/3045
f 3046/3046/3046 3047/3047/3047 3048/3048/3048
f 3049/3049/3049 3050/3050/3050 3051/3051/3051
f 3052/3052/3052 3053/3053/3053 3054/3054/3054
f 3055/3055/3055 3056/3056/3056 3057/3057/3057
f 3058/3058/3058 3059/3059/3059 3060/3060/3060
f 3061/3061/3061 3062/3062/3062 3063/3063/3063
f 3064/3064/3064 3065/3065/3065 3066/3066/3066
f 3067/3067/3067 3068/3068/3068 3069/3069/3069
f 3070/3070/3070 3071/3071/3071 3072/3072/3072
f 3073/3073/3073 3074/3074/3074 3075/3075/3075
f 3076/3076/3076 3077/3077/3077 3078/3078/3078
f 3079/3079/3079 3080/3080/3080 3081/3081/3081
f 3082/3082/3082 3083/3083/3083 3084/3084/3084
f 3085/3085/3085 3086/3086/3086 3087/3087/3087
f 3088/3088/3088 3089/3089/3089 3090/3090/3090
f 3091/3091/3091 3092/3092/3092 3093/3093/3093
f 3094/3094/3094 3095/3095/3095 3096/3096/3096
f 3097/3097/3097 3098/3098/3098 3099/3099/3099
f 3100/3100/3100 3101/3101/3101 3102/3102/3102
f 3103/3103/3103 3104/3104/3104 3105/3105/3105
f 3106/3106/3106 3107/3107/3107 3108/3108/3108
f 3109/3109/3109 3110/3110/3110 3111/3111/3111
f 3112/3112/3112 3113/3113/3113 3114/3114/3114
f 3115/3115/3115 3116/3116/3116 3117/3117/3117
f 3118/3118/3118 3119/3119/3119 3120/3120/3120
f 3121/3121/3121 3122/3122/3122 3123/3123/3123
f 3124/3124/3124 3125/3125/3125 3126/3126/3126
f 3127/3127/3127 3128/3128/3128 3129/3129/3129
f 3130/3130/3130 3131/3131/3131 3132/3132/3132
f 3133/3133/3133 3134/3134/3134 3135/3135/3135
f 3136/3136/3136 3137/3137/3137 3138/3138/3138
f 3139/3139/3139 3140/3140/3140 3141/3141/3141
f 3142/3142/3142 3143/3143/3143 3144/3144/3144
f 3145/3145/3145 3146/3146/3146 3147/3147/3147
f 3148/3148/3148 3149/3149/3149 3150/3150/3150
f 3151/3151/3151 3152/3152/3152 3153/3153/3153
f 3154/3154/3154 3155/3155/3155 3156/3156/3156
f 3157/3157/3157 3158/3158/3158 3159/3159/3159
f 3160/3160/3160 3161/3161/3161 3162/3162/3162
f 3163/3163/3163 3164/3164/3164 3165/3165/3165
f 3166/3166/3166 3167/3167/3167 3168/3168/3168
f 3169/3169/3169 3170/3170/3170 3171/3171/3171
f 3172/3172/3172 3173/3173/3173 3174/3174/3174
o RightBackToe-1
usemtl PaintedTeaFantasy
v 2.228549 0.452674 2.959791
v 1.987941 0.783842 2.959791
v 2.004082 0.850076 3.691034
v 2.228549 0.452674 2.959791
v 2.004082 0.850076 3.691034
v 2.280780 0.452674 3.691034
v 1.987941 0.783842 2.959791
v 1.598630 0.657347 2.959791
v 1.556373 0.698282 3.691034
v 1.987941 0.783842 2.959791
v 1.556373 0.698282 3.691034
v 2.004082 0.850076 3.691034
v 1.598630 0.657347 2.959791
v 1.598630 0.248001 2.959791
v 1.556373 0.207066 3.691034
v 1.598630 0.657347 2.959791
v 1.556373 0.207066 3.691034
v 1.556373 0.698282 3.691034
v 1.598630 0.248001 2.959791
v 1.987941 0.121506 2.959791
v 2.004082 0.055272 3.691034
v 1.598630 0.248001 2.959791
v 2.004082 0.055272 3.691034
v 1.556373 0.207066 3.691034
v 1.987941 0.121506 2.959791
v 2.228549 0.452674 2.959791
v 2.280780 0.452674 3.691034
v 1.987941 0.121506 2.959791
v 2.280780 0.452674 3.691034
v 2.004082 0.055272 3.691034
v 1.880338 0.452674 2.959791
v 1.987941 0.783842 2.959791
v 2.228549 0.452674 2.959791
v 1.880338 0.452674 2.959791
v 1.598630 0.657347 2.959791
v 1.987941 0.783842 2.959791
v 1.880338 0.452674 2.959791
v 1.598630 0.248001 2.959791
v 1.598630 0.657347 2.959791
v 1.880338 0.452674 2.959791
v 1.987941 0.121506 2.959791
v 1.598630 0.248001 2.959791
v 1.880338 0.452674 2.959791
v 2.228549 0.452674 2.959791
v 1.987941 0.121506 2.959791
v 1.880338 0.452674 3.691034
v 2.280780 0.452674 3.691034
v 2.004082 0.850076 3.691034
v 1.880338 0.452674 3.691034
v 2.004082 0.850076 3.691034
v 1.556373 0.698282 3.691034
v 1.880338 0.452674 3.691034
v 1.556373 0.698282 3.691034
v 1.556373 0.207066 3.691034
v 1.880338 0.452674 3.691034
v 1.556373 0.207066 3.691034
v 2.004082 0.055272 3.691034
v 1.880338 0.452674 3.691034
v 2.004082 0.055272 3.691034
v 2.280780 0.452674 3.691034
vt 0.003906 0.746094
vt 0.052344 0.746094
vt 0.052344 0.503906
vt 0.003906 0.746094
vt 0.052344 0.503906
vt 0.003906 0.503906
vt 0.052344 0.746094
vt 0.100781 0.746094
vt 0.100781 0.503906
vt 0.052344 0.746094
vt 0.100781 0.503906
vt 0.052344 0.503906
vt 0.100781 0.746094
vt 0.149219 0.746094
vt 0.149219 0.503906
vt 0.100781 0.746094
vt 0.149219 0.503906
vt 0.100781 0.503906
vt 0.149219 0.746094
vt 0.197656 0.746094
vt 0.197656 0.503906
vt 0.149219 0.746094
vt 0.197656 0.503906
vt 0.149219 0.503906
vt 0.197656 0.746094
vt 0.246094 0.746094
vt 0.246094 0.503906
vt 0.197656 0.746094
vt 0.246094 0.503906
vt 0.197656 0.503906
vt 0.125000 0.625000
vt 0.221875 0.528125
vt 0.028125 0.721875
vt 0.125000 0.625000
vt 0.221875 0.528125
vt 0.028125 0.721875
vt 0.125000 0.625000
vt 0.221875 0.528125
vt 0.028125 0.721875
vt 0.125000 0.625000
vt 0.221875 0.528125
vt 0.028125 0.721875
vt 0.125000 0.625000
vt 0.221875 0.528125
vt 0.028125 0.721875
vt 0.125000 0.625000
vt 0.028125 0.721875
vt 0.221875 0.528125
vt 0.125000 0.625000
vt 0.028125 0.721875
vt 0.221875 0.528125
vt 0.125000 0.625000
vt 0.028125 0.721875
vt 0.221875 0.528125
vt 0.125000 0.625000
vt 0.028125 0.721875
vt 0.221875 0.528125
vt 0.125000 0.625000
vt 0.028125 0.721875
vt 0.221875 0.528125
vn 0.806980 0.586305 -0.070918
vn 0.806980 0.586305 -0.070918
vn 0.806980 0.586305 -0.070918
vn 0.819261 0.570427 -0.058519
vn 0.819261 0.570427 -0.058519
vn 0.819261 0.570427 -0.058519
vn -0.308239 0.948662 -0.070918
vn -0.308239 0.948662 -0.070918
vn -0.308239 0.948662 -0.070918
vn -0.320104 0.944129 -0.078451
vn -0.320104 0.944129 -0.078451
vn -0.320104 0.944129 -0.078451
vn -0.998335 -0.000000 -0.057691
vn -0.998335 -0.000000 -0.057691
vn -0.998335 -0.000000 -0.057691
vn -0.998335 0.000000 -0.057691
vn -0.998335 0.000000 -0.057691
vn -0.998335 0.000000 -0.057691
vn -0.308049 -0.948078 -0.079074
vn -0.308049 -0.948078 -0.079074
vn -0.308049 -0.948078 -0.079074
vn -0.320274 -0.944631 -0.071388
vn -0.320274 -0.944631 -0.071388
vn -0.320274 -0.944631 -0.071388
vn 0.807670 -0.586806 -0.057691
vn 0.807670 -0.586806 -0.057691
vn 0.807670 -0.586806 -0.057691
vn 0.818672 -0.570016 -0.069701
vn 0.818672 -0.570016 -0.069701
vn 0.818672 -0.570016 -0.069701
vn 0.000000 0.000000 -1.000000
vn 0.000000 0.000000 -1.000000
vn 0.000000 0.000000 -1.000000
vn 0.000000 0.000000 -1.000000
vn 0.000000 0.000000 -1.000000
vn 0.000000 0.000000 -1.000000
vn -0.000000 0.000000 -1.000000
vn -0.000000 0.000000 -1.000000
vn -0.000000 0.000000 -1.000000
vn 0.000000 -0.000000 -1.000000
vn 0.000000 -0.000000 -1.000000
vn 0.000000 -0.000000 -1.000000
vn 0.000000 0.000000 -1.000000
vn 0.000000 0.000000 -1.000000
vn 0.000000 0.000000 -1.000000
vn 0.000000 0.000000 1.000000
vn 0.000000 0.000000 1.000000
vn 0.000000 0.000000 1.000000
vn 0.000000 -0.000000 1.000000
vn 0.000000 -0.000000 1.000000
vn 0.000000 -0.000000 1.000000
vn 0.000000 0.000000 1.000000
vn 0.000000 0.000000 1.000000
vn 0.000000 0.000000 1.000000
vn 0.000000 0.000000 1.000000
vn 0.000000 0.000000 1.000000
vn 0.000000 0.000000 1.000000
vn -0.000000 0.000000 1.000000
vn -0.000000 0.000000 1.000000
vn -0.000000 0.000000 1.000000
f 3175/3175/3175 3176/3176/3176 3177/3177/3177
f 3178/3178/3178 3179/3179/3179 3180/3180/3180
f 3181/3181/3181 3182/3182/3182 3183/3183/3183
f 3184/3184/3184 3185/3185/3185 3186/3186/3186
f 3187/3187/3187 3188/3188/3188 3189/3189/3189
f 3190/3190/3190 3191/3191/3191 3192/3192/3192
f 3193/3193/3193 3194/3194/3194 3195/3195/3195
f 3196/3196/3196 3197/3197/3197 3198/3198/3198
f 3199/3199/3199 3200/3200/3200 3201/3201/3201
f 3202/3202/3202 3203/3203/3203 3204/3204/3204
f 3205/3205/3205 3206/3206/3206 3207/3207/3207
f 3208/3208/3208 3209/3209/3209 3210/3210/3210
f 3211/3211/3211 3212/3212/3212 3213/3213/3213
f 3214/3214/3214 3215/3215/3215 3216/3216/3216
f 3217/3217/3217 3218/3218/3218 3219/3219/3219
f 3220/3220/3220 3221/3221/3221 3222/3222/3222
f 3223/3223/3223 3224/3224/3224 3225/3225/3225
f 3226/3226/3226 3227/3227/3227 3228/3228/3228
f 3229/3229/3229 3230/3230/3230 3231/3231/3231
f 3232/3232/3232 3233/3233/3233 3234/3234/3234
o RightBackToe0
usemtl PaintedTeaFantasy
v 2.994612 0.452674 2.959791
v 2.754005 0.783842 2.959791
v 2.770145 0.850076 3.691034
v 2.994612 0.452674 2.959791
v 2.770145 0.850076 3.691034
v 3.046844 0.452674 3.691034
v 2.754005 0.783842 2.959791
v 2.364693 0.657347 2.959791
v 2.322437 0.698282 3.691034
v 2.754005 0.783842 2.959791
v 2.322437 0.698282 3.691034
v 2.770145 0.850076 3.691034
v 2.364693 0.657347 2.959791
v 2.364693 0.248001 2.959791
v 2.322437 0.207066 3.691034
v 2.364693 0.657347 2.959791
v 2.322437 0.207066 3.691034
v 2.322437 0.698282 3.691034
v 2.364693 0.248001 2.959791
v 2.754005 0.121506 2.959791
v 2.770145 0.055272 3.691034
v 2.364693 0.248001 2.959791
v 2.770145 0.055272 3.691034
v 2.322437 0.207066 3.691034
v 2.754005 0.121506 2.959791
v 2.994612 0.452674 2.959791
v 3.046844 0.452674 3.691034
v 2.754005 0.121506 2.959791
v 3.046844 0.452674 3.691034
v 2.770145 0.055272 3.691034
v 2.646402 0.452674 2.959791
v 2.754005 0.783842 2.959791
v 2.994612 0.452674 2.959791
v 2.646402 0.452674 2.959791
v 2.364693 0.657347 2.959791
v 2.754005 0.783842 2.959791
v 2.646402 0.452674 2.959791
v 2.364693 0.248001 2.959791
v 2.364693 0.657347 2.959791
v 2.646402 0.452674 2.959791
v 2.754005 0.121506 2.959791
v 2.364693 0.248001 2.959791
v 2.646402 0.452674 2.959791
v 2.994612 0.452674 2.959791
v 2.754005 0.121506 2.959791
v 2.646402 0.452674 3.691034
v 3.046844 0.452674 3.691034
v 2.770145 0.850076 3.691034
v 2.646402 0.452674 3.691034
v 2.770145 0.850076 3.691034
v 2.322437 0.698282 3.691034
v 2.646402 0.452674 3.691034
v 2.322437 0.698282 3.691034
v 2.322437 0.207066 3.691034
v 2.646402 0.452674 3.691034
v 2.322437 0.207066 3.691034
v 2.770145 0.055272 3.691034
v 2.646402 0.452674 3.691034
v 2.770145 0.055272 3.691034
v 3.046844 0.452674 3.691034
vt 0.003906 0.746094
vt 0.052344 0.746094
vt 0.052344 0.503906
vt 0.003906 0.746094
vt 0.052344 0.503906
vt 0.003906 0.503906
vt 0.052344 0.746094
vt 0.100781 0.746094
vt 0.100781 0.503906
vt 0.052344 0.746094
vt 0.100781 0.503906
vt 0.052344 0.503906
vt 0.100781 0.746094
vt 0.149219 0.746094
vt 0.149219 0.503906
vt 0.100781 0.746094
vt 0.149219 0.503906
vt 0.100781 0.503906
vt 0.149219 0.746094
vt 0.197656 0.746094
vt 0.197656 0.503906
vt 0.149219 0.746094
vt 0.197656 0.503906
vt 0.149219 0.503906
vt 0.197656 0.746094
vt 0.246094 0.746094
vt 0.246094 0.503906
vt 0.197656 0.746094
vt 0.246094 0.503906
vt 0.197656 0.503906
vt 0.125000 0.625000
vt 0.221875 0.528125
vt 0.028125 0.721875
vt 0.125000 0.625000
vt 0.221875 0.528125
vt 0.028125 0.721875
vt 0.125000 0.625000
vt 0.221875 0.528125
vt 0.028125 0.721875
vt 0.125000 0.625000
vt 0.221875 0.528125
vt 0.028125 0.721875
vt 0.125000 0.625000
vt 0.221875 0.528125
vt 0.028125 0.721875
vt 0.125000 0.625000
vt 0.028125 0.721875
vt 0.221875 0.528125
vt 0.125000 0.625000
vt 0.028125 0.721875
vt 0.221875 0.528125
vt 0.125000 0.625000
vt 0.028125 0.721875
vt 0.221875 0.528125
vt 0.125000 0.625000
vt 0.028125 0.721875
vt 0.221875 0.528125
vt 0.125000 0.625000
vt 0.028125 0.721875
vt 0.221875 0.528125
vn 0.806980 0.586305 -0.070918
vn 0.806980 0.586305 -0.070918
vn 0.806980 0.586305 -0.070918
vn 0.819261 0.570427 -0.058519
vn 0.819261 0.570427 -0.058519
vn 0.819261 0.570427 -0.058519
vn -0.308239 0.948662 -0.070918
vn -0.308239 0.948662 -0.070918
vn -0.308239 0.948662 -0.070918
vn -0.320104 0.944129 -0.078451
vn -0.320104 0.944129 -0.078451
vn -0.320104 0.944129 -0.078451
vn -0.998335 -0.000000 -0.057691
vn -0.998335 -0.000000 -0.057691
vn -0.998335 -0.000000 -0.057691
vn -0.998335 0.000000 -0.057691
vn -0.998335 0.000000 -0.057691
vn -0.998335 0.000000 -0.057691
vn -0.308049 -0.948078 -0.079074
vn -0.308049 -0.948078 -0.079074
vn -0.308049 -0.948078 -0.079074
vn -0.320274 -0.944631 -0.071388
vn -0.320274 -0.944631 -0.071388
vn -0.320274 -0.944631 -0.071388
vn 0.807670 -0.586806 -0.057691
vn 0.807670 -0.586806 -0.057691
vn 0.807670 -0.586806 -0.057691
vn 0.818672 -0.570016 -0.069701
vn 0.818672 -0.570016 -0.069701
vn 0.818672 -0.570016 -0.069701
vn 0.000000 0.000000 -1.000000
vn 0.000000 0.000000 -1.000000
vn 0.000000 0.000000 -1.000000
vn 0.000000 0.000000 -1.000000
vn 0.000000 0.000000 -1.000000
vn 0.000000 0.000000 -1.000000
vn -0.000000 0.000000 -1.000000
vn -0.000000 0.000000 -1.000000
vn -0.000000 0.000000 -1.000000
vn 0.000000 -0.000000 -1.000000
vn 0.000000 -0.000000 -1.000000
vn 0.000000 -0.000000 -1.000000
vn 0.000000 0.000000 -1.000000
vn 0.000000 0.000000 -1.000000
vn 0.000000 0.000000 -1.000000
vn 0.000000 0.000000 1.000000
vn 0.000000 0.000000 1.000000
vn 0.000000 0.000000 1.000000
vn 0.000000 -0.000000 1.000000
vn 0.000000 -0.000000 1.000000
vn 0.000000 -0.000000 1.000000
vn 0.000000 0.000000 1.000000
vn 0.000000 0.000000 1.000000
vn 0.000000 0.000000 1.000000
vn 0.000000 0.000000 1.000000
vn 0.000000 0.000000 1.000000
vn 0.000000 0.000000 1.000000
vn -0.000000 0.000000 1.000000
vn -0.000000 0.000000 1.000000
vn -0.000000 0.000000 1.000000
f 3235/3235/3235 3236/3236/3236 3237/3237/3237
f 3238/3238/3238 3239/3239/3239 3240/3240/3240
f 3241/3241/3241 3242/3242/3242 3243/3243/3243
f 3244/3244/3244 3245/3245/3245 3246/3246/3246
f 3247/3247/3247 3248/3248/3248 3249/3249/3249
f 3250/3250/3250 3251/3251/3251 3252/3252/3252
f 3253/3253/3253 3254/3254/3254 3255/3255/3255
f 3256/3256/3256 3257/3257/3257 3258/3258/3258
f 3259/3259/3259 3260/3260/3260 3261/3261/3261
f 3262/3262/3262 3263/3263/3263 3264/3264/3264
f 3265/3265/3265 3266/3266/3266 3267/3267/3267
f 3268/3268/3268 3269/3269/3269 3270/3270/3270
f 3271/3271/3271 3272/3272/3272 3273/3273/3273
f 3274/3274/3274 3275/3275/3275 3276/3276/3276
f 3277/3277/3277 3278/3278/3278 3279/3279/3279
f 3280/3280/3280 3281/3281/3281 3282/3282/3282
f 3283/3283/3283 3284/3284/3284 3285/3285/3285
f 3286/3286/3286 3287/3287/3287 3288/3288/3288
f 3289/3289/3289 3290/3290/3290 3291/3291/3291
f 3292/3292/3292 3293/3293/3293 3294/3294/3294
o RightBackToe1
usemtl PaintedTeaFantasy
v 3.760676 0.452674 2.959791
v 3.520068 0.783842 2.959791
v 3.536209 0.850076 3.691034
v 3.760676 0.452674 2.959791
v 3.536209 0.850076 3.691034
v 3.812908 0.452674 3.691034
v 3.520068 0.783842 2.959791
v 3.130757 0.657347 2.959791
v 3.088501 0.698282 3.691034
v 3.520068 0.783842 2.959791
v 3.088501 0.698282 3.691034
v 3.536209 0.850076 3.691034
v 3.130757 0.657347 2.959791
v 3.130757 0.248001 2.959791
v 3.088501 0.207066 3.691034
v 3.130757 0.657347 2.959791
v 3.088501 0.207066 3.691034
v 3.088501 0.698282 3.691034
v 3.130757 0.248001 2.959791
v 3.520068 0.121506 2.959791
v 3.536209 0.055272 3.691034
v 3.130757 0.248001 2.959791
v 3.536209 0.055272 3.691034
v 3.088501 0.207066 3.691034
v 3.520068 0.121506 2.959791
v 3.760676 0.452674 2.959791
v 3.812908 0.452674 3.691034
v 3.520068 0.121506 2.959791
v 3.812908 0.452674 3.691034
v 3.536209 0.055272 3.691034
v 3.412465 0.452674 2.959791
v 3.520068 0.783842 2.959791
v 3.760676 0.452674 2.959791
v 3.412465 0.452674 2.959791
v 3.130757 0.657347 2.959791
v 3.520068 0.783842 2.959791
v 3.412465 0.452674 2.959791
v 3.130757 0.248001 2.959791
v 3.130757 0.657347 2.959791
v 3.412465 0.452674 2.959791
v 3.520068 0.121506 2.959791
v 3.130757 0.248001 2.959791
v 3.412465 0.452674 2.959791
v 3.760676 0.452674 2.959791
v 3.520068 0.121506 2.959791
v 3.412465 0.452674 3.691034
v 3.812908 0.452674 3.691034
v 3.536209 0.850076 3.691034
v 3.412465 0.452674 3.691034
v 3.536209 0.850076 3.691034
v 3.088501 0.698282 3.691034
v 3.412465 0.452674 3.691034
v 3.088501 0.698282 3.691034
v 3.088501 0.207066 3.691034
v 3.412465 0.452674 3.691034
v 3.088501 0.207066 3.691034
v 3.536209 0.055272 3.691034
v 3.412465 0.452674 3.691034
v 3.536209 0.055272 3.691034
v 3.812908 0.452674 3.691034
vt 0.003906 0.746094
vt 0.052344 0.746094
vt 0.052344 0.503906
vt 0.003906 0.746094
vt 0.052344 0.503906
vt 0.003906 0.503906
vt 0.052344 0.746094
vt 0.100781 0.746094
vt 0.100781 0.503906
vt 0.052344 0.746094
vt 0.100781 0.503906
vt 0.052344 0.503906
vt 0.100781 0.746094
vt 0.149219 0.746094
vt 0.149219 0.503906
vt 0.100781 0.746094
vt 0.149219 0.503906
vt 0.100781 0.503906
vt 0.149219 0.746094
vt 0.197656 0.746094
vt 0.197656 0.503906
vt 0.149219 0.746094
vt 0.197656 0.503906
vt 0.149219 0.503906
vt 0.197656 0.746094
vt 0.246094 0.746094
vt 0.246094 0.503906
vt 0.197656 0.746094
vt 0.246094 0.503906
vt 0.197656 0.503906
vt 0.125000 0.625000
vt 0.221875 0.528125
vt 0.028125 0.721875
vt 0.125000 0.625000
vt 0.221875 0.528125
vt 0.028125 0.721875
vt 0.125000 0.625000
vt 0.221875 0.528125
vt 0.028125 0.721875
vt 0.125000 0.625000
vt 0.221875 0.528125
vt 0.028125 0.721875
vt 0.125000 0.625000
vt 0.221875 0.528125
vt 0.028125 0.721875
vt 0.125000 0.625000
vt 0.028125 0.721875
vt 0.221875 0.528125
vt 0.125000 0.625000
vt 0.028125 0.721875
vt 0.221875 0.528125
vt 0.125000 0.625000
vt 0.028125 0.721875
vt 0.221875 0.528125
vt 0.125000 0.625000
vt 0.028125 0.721875
vt 0.221875 0.528125
vt 0.125000 0.625000
vt 0.028125 0.721875
vt 0.221875 0.528125
vn 0.806980 0.586305 -0.070918
vn 0.806980 0.586305 -0.070918
vn 0.806980 0.586305 -0.070918
vn 0.819261 0.570427 -0.058519
vn 0.819261 0.570427 -0.058519
vn 0.819261 0.570427 -0.058519
vn -0.308239 0.948662 -0.070918
vn -0.308239 0.948662 -0.070918
vn -0.308239 0.948662 -0.070918
vn -0.320104 0.944129 -0.078451
vn -0.320104 0.944129 -0.078451
vn -0.320104 0.944129 -0.078451
vn -0.998335 -0.000000 -0.057691
vn -0.998335 -0.000000 -0.057691
vn -0.998335 -0.000000 -0.057691
vn -0.998335 0.000000 -0.057691
vn -0.998335 0.000000 -0.057691
vn -0.998335 0.000000 -0.057691
vn -0.308049 -0.948078 -0.079074
vn -0.308049 -0.948078 -0.079074
vn -0.308049 -0.948078 -0.079074
vn -0.320274 -0.944631 -0.071388
vn -0.320274 -0.944631 -0.071388
vn -0.320274 -0.944631 -0.071388
vn 0.807670 -0.586806 -0.057691
vn 0.807670 -0.586806 -0.057691
vn 0.807670 -0.586806 -0.057691
vn 0.818672 -0.570016 -0.069701
vn 0.818672 -0.570016 -0.069701
vn 0.818672 -0.570016 -0.069701
vn 0.000000 0.000000 -1.000000
vn 0.000000 0.000000 -1.000000
vn 0.000000 0.000000 -1.000000
vn 0.000000 0.000000 -1.000000
vn 0.000000 0.000000 -1.000000
vn 0.000000 0.000000 -1.000000
vn -0.000000 0.000000 -1.000000
vn -0.000000 0.000000 -1.000000
vn -0.000000 0.000000 -1.000000
vn 0.000000 -0.000000 -1.000000
vn 0.000000 -0.000000 -1.000000
vn 0.000000 -0.000000 -1.000000
vn 0.000000 0.000000 -1.000000
vn 0.000000 0.000000 -1.000000
vn 0.000000 0.000000 -1.000000
vn 0.000000 0.000000 1.000000
vn 0.000000 0.000000 1.000000
vn 0.000000 0.000000 1.000000
vn 0.000000 -0.000000 1.000000
vn 0.000000 -0.000000 1.000000
vn 0.000000 -0.000000 1.000000
vn 0.000000 0.000000 1.000000
vn 0.000000 0.000000 1.000000
vn 0.000000 0.000000 1.000000
vn 0.000000 0.000000 1.000000
vn 0.000000 0.000000 1.000000
vn 0.000000 0.000000 1.000000
vn -0.000000 0.000000 1.000000
vn -0.000000 0.000000 1.000000
vn -0.000000 0.000000 1.000000
f 3295/3295/3295 3296/3296/3296 3297/3297/3297
f 3298/3298/3298 3299/3299/3299 3300/3300/3300
f 3301/3301/3301 3302/3302/3302 3303/3303/3303
f 3304/3304/3304 3305/3305/3305 3306/3306/3306
f 3307/3307/3307 3308/3308/3308 3309/3309/3309
f 3310/3310/3310 3311/3311/3311 3312/3312/3312
f 3313/3313/3313 3314/3314/3314 3315/3315/3315
f 3316/3316/3316 3317/3317/3317 3318/3318/3318
f 3319/3319/3319 3320/3320/3320 3321/3321/3321
f 3322/3322/3322 3323/3323/3323 3324/3324/3324
f 3325/3325/3325 3326/3326/3326 3327/3327/3327
f 3328/3328/3328 3329/3329/3329 3330/3330/3330
f 3331/3331/3331 3332/3332/3332 3333/3333/3333
f 3334/3334/3334 3335/3335/3335 3336/3336/3336
f 3337/3337/3337 3338/3338/3338 3339/3339/3339
f 3340/3340/3340 3341/3341/3341 3342/3342/3342
f 3343/3343/3343 3344/3344/3344 3345/3345/3345
f 3346/3346/3346 3347/3347/3347 3348/3348/3348
f 3349/3349/3349 3350/3350/3350 3351/3351/3351
f 3352/3352/3352 3353/3353/3353 3354/3354/3354
o RightCheek
usemtl PaintedTeaFantasy
v 1.494610 9.436511 -8.800136
v 1.675939 8.944828 -9.251466
v 2.697704 8.586481 -8.622318
v 1.494610 9.436511 -8.800136
v 2.697704 8.586481 -8.622318
v 2.454970 9.227585 -7.938509
v 1.675939 8.944828 -9.251466
v 2.091619 9.132634 -9.910400
v 3.495120 8.831361 -9.372640
v 1.675939 8.944828 -9.251466
v 3.495120 8.831361 -9.372640
v 2.697704 8.586481 -8.622318
v 2.091619 9.132634 -9.910400
v 2.167194 9.740388 -9.866315
v 3.745216 9.623809 -9.152556
v 2.091619 9.132634 -9.910400
v 3.745216 9.623809 -9.152556
v 3.495120 8.831361 -9.372640
v 2.167194 9.740388 -9.866315
v 1.798223 9.928194 -9.180133
v 3.102368 9.868688 -8.266214
v 2.167194 9.740388 -9.866315
v 3.102368 9.868688 -8.266214
v 3.745216 9.623809 -9.152556
v 1.798223 9.928194 -9.180133
v 1.494610 9.436511 -8.800136
v 2.454970 9.227585 -7.938509
v 1.798223 9.928194 -9.180133
v 2.454970 9.227585 -7.938509
v 3.102368 9.868688 -8.266214
v 2.454970 9.227585 -7.938509
v 2.697704 8.586481 -8.622318
v 3.560527 8.432670 -7.881306
v 2.454970 9.227585 -7.938509
v 3.560527 8.432670 -7.881306
v 3.541954 8.461521 -7.842405
v 2.697704 8.586481 -8.622318
v 3.495120 8.831361 -9.372640
v 3.615091 8.443690 -7.903978
v 2.697704 8.586481 -8.622318
v 3.615091 8.443690 -7.903978
v 3.560527 8.432670 -7.881306
v 3.495120 8.831361 -9.372640
v 3.745216 9.623809 -9.152556
v 3.630241 8.479352 -7.879089
v 3.495120 8.831361 -9.372640
v 3.630241 8.479352 -7.879089
v 3.615091 8.443690 -7.903978
v 3.745216 9.623809 -9.152556
v 3.102368 9.868688 -8.266214
v 3.585040 8.490372 -7.841035
v 3.745216 9.623809 -9.152556
v 3.585040 8.490372 -7.841035
v 3.630241 8.479352 -7.879089
v 3.102368 9.868688 -8.266214
v 2.454970 9.227585 -7.938509
v 3.541954 8.461521 -7.842405
v 3.102368 9.868688 -8.266214
v 3.541954 8.461521 -7.842405
v 3.585040 8.490372 -7.841035
v 1.845517 9.436511 -9.401690
v 1.494610 9.436511 -8.800136
v 1.675939 8.944828 -9.251466
v 1.845517 9.436511 -9.401690
v 1.675939 8.944828 -9.251466
v 2.091619 9.132634 -9.910400
v 1.845517 9.436511 -9.401690
v 2.091619 9.132634 -9.910400
v 2.167194 9.740388 -9.866315
v 1.845517 9.436511 -9.401690
v 2.167194 9.740388 -9.866315
v 1.798223 9.928194 -9.180133
v 1.845517 9.436511 -9.401690
v 1.798223 9.928194 -9.180133
v 1.494610 9.436511 -8.800136
v 3.586571 8.461521 -7.869563
v 3.541954 8.461521 -7.842405
v 3.560527 8.432670 -7.881306
v 3.586571 8.461521 -7.869563
v 3.560527 8.432670 -7.881306
v 3.615091 8.443690 -7.903978
v 3.586571 8.461521 -7.869563
v 3.615091 8.443690 -7.903978
v 3.630241 8.479352 -7.879089
v 3.586571 8.461521 -7.869563
v 3.630241 8.479352 -7.879089
v 3.585040 8.490372 -7.841035
v 3.586571 8.461521 -7.869563
v 3.585040 8.490372 -7.841035
v 3.541954 8.461521 -7.842405
vt 0.003906 0.746094
vt 0.052344 0.746094
vt 0.052344 0.625000
vt 0.003906 0.746094
vt 0.052344 0.625000
vt 0.003906 0.625000
vt 0.052344 0.746094
vt 0.100781 0.746094
vt 0.100781 0.625000
vt 0.052344 0.746094
vt 0.100781 0.625000
vt 0.052344 0.625000
vt 0.100781 0.746094
vt 0.149219 0.746094
vt 0.149219 0.625000
vt 0.100781 0.746094
vt 0.149219 0.625000
vt 0.100781 0.625000
vt 0.149219 0.746094
vt 0.197656 0.746094
vt 0.197656 0.625000
vt 0.149219 0.746094
vt 0.197656 0.625000
vt 0.149219 0.625000
vt 0.197656 0.746094
vt 0.246094 0.746094
vt 0.246094 0.625000
vt 0.197656 0.746094
vt 0.246094 0.625000
vt 0.197656 0.625000
vt 0.003906 0.625000
vt 0.052344 0.625000
vt 0.052344 0.503906
vt 0.003906 0.625000
vt 0.052344 0.503906
vt 0.003906 0.503906
vt 0.052344 0.625000
vt 0.100781 0.625000
vt 0.100781 0.503906
vt 0.052344 0.625000
vt 0.100781 0.503906
vt 0.052344 0.503906
vt 0.100781 0.625000
vt 0.149219 0.625000
vt 0.149219 0.503906
vt 0.100781 0.625000
vt 0.149219 0.503906
vt 0.100781 0.503906
vt 0.149219 0.625000
vt 0.197656 0.625000
vt 0.197656 0.503906
vt 0.149219 0.625000
vt 0.197656 0.503906
vt 0.149219 0.503906
vt 0.197656 0.625000
vt 0.246094 0.625000
vt 0.246094 0.503906
vt 0.197656 0.625000
vt 0.246094 0.503906
vt 0.197656 0.503906
vt 0.125000 0.625000
vt 0.003906 0.746094
vt 0.246094 0.503906
vt 0.125000 0.625000
vt 0.003906 0.746094
vt 0.246094 0.503906
vt 0.125000 0.625000
vt 0.003906 0.746094
vt 0.246094 0.503906
vt 0.125000 0.625000
vt 0.003906 0.746094
vt 0.246094 0.503906
vt 0.125000 0.625000
vt 0.003906 0.746094
vt 0.246094 0.503906
vt 0.125000 0.625000
vt 0.003906 0.746094
vt 0.246094 0.503906
vt 0.125000 0.625000
vt 0.003906 0.746094
vt 0.246094 0.503906
vt 0.125000 0.625000
vt 0.003906 0.746094
vt 0.246094 0.503906
vt 0.125000 0.625000
vt 0.003906 0.746094
vt 0.246094 0.503906
vt 0.125000 0.625000
vt 0.003906 0.746094
vt 0.246094 0.503906
vn -0.546090 -0.666839 0.507061
vn -0.546090 -0.666839 0.507061
vn -0.546090 -0.666839 0.507061
vn -0.558035 -0.694956 0.453467
vn -0.558035 -0.694956 0.453467
vn -0.558035 -0.694956 0.453467
vn -0.080181 -0.944130 -0.319672
vn -0.080181 -0.944130 -0.319672
vn -0.080181 -0.944130 -0.319672
vn -0.083093 -0.917950 -0.387896
vn -0.083093 -0.917950 -0.387896
vn -0.083093 -0.917950 -0.387896
vn 0.412973 0.014702 -0.910625
vn 0.412973 0.014702 -0.910625
vn 0.412973 0.014702 -0.910625
vn 0.379574 0.134423 -0.915344
vn 0.379574 0.134423 -0.915344
vn 0.379574 0.134423 -0.915344
vn 0.167300 0.970148 -0.175567
vn 0.167300 0.970148 -0.175567
vn 0.167300 0.970148 -0.175567
vn 0.146079 0.975651 -0.163606
vn 0.146079 0.975651 -0.163606
vn 0.146079 0.975651 -0.163606
vn -0.385383 0.701385 0.599615
vn -0.385383 0.701385 0.599615
vn -0.385383 0.701385 0.599615
vn -0.388629 0.699185 0.600090
vn -0.388629 0.699185 0.600090
vn -0.388629 0.699185 0.600090
vn -0.530691 -0.704129 0.471773
vn -0.530691 -0.704129 0.471773
vn -0.530691 -0.704129 0.471773
vn -0.567314 -0.767541 0.298389
vn -0.567314 -0.767541 0.298389
vn -0.567314 -0.767541 0.298389
vn 0.052591 -0.964476 -0.258881
vn 0.052591 -0.964476 -0.258881
vn 0.052591 -0.964476 -0.258881
vn 0.074523 -0.955589 -0.285124
vn 0.074523 -0.955589 -0.285124
vn 0.074523 -0.955589 -0.285124
vn 0.954215 -0.260146 -0.147640
vn 0.954215 -0.260146 -0.147640
vn 0.954215 -0.260146 -0.147640
vn 0.943540 -0.293059 -0.154432
vn 0.943540 -0.293059 -0.154432
vn 0.943540 -0.293059 -0.154432
vn 0.786860 0.416131 0.455726
vn 0.786860 0.416131 0.455726
vn 0.786860 0.416131 0.455726
vn 0.608573 0.562085 0.560088
vn 0.608573 0.562085 0.560088
vn 0.608573 0.562085 0.560088
vn 0.148201 0.327358 0.933206
vn 0.148201 0.327358 0.933206
vn 0.148201 0.327358 0.933206
vn -0.184497 0.230143 0.955508
vn -0.184497 0.230143 0.955508
vn -0.184497 0.230143 0.955508
vn 0.854965 -0.142494 0.498729
vn 0.854965 -0.142494 0.498729
vn 0.854965 -0.142494 0.498729
vn 0.854965 -0.142494 0.498729
vn 0.854965 -0.142494 0.498729
vn 0.854965 -0.142494 0.498729
vn 0.854965 -0.142494 0.498729
vn 0.854965 -0.142494 0.498729
vn 0.854965 -0.142494 0.498729
vn 0.854965 -0.142494 0.498729
vn 0.854965 -0.142494 0.498729
vn 0.854965 -0.142494 0.498729
vn 0.854965 -0.142494 0.498729
vn 0.854965 -0.142494 0.498729
vn 0.854965 -0.142494 0.498729
vn 0.402638 -0.632717 0.661477
vn 0.402638 -0.632717 0.661477
vn 0.402638 -0.632717 0.661477
vn 0.402638 -0.632717 0.661477
vn 0.402638 -0.632717 0.661477
vn 0.402638 -0.632717 0.661477
vn 0.402638 -0.632717 0.661477
vn 0.402638 -0.632717 0.661477
vn 0.402638 -0.632717 0.661477
vn 0.402638 -0.632717 0.661477
vn 0.402638 -0.632717 0.661477
vn 0.402638 -0.632717 0.661477
vn 0.402638 -0.632717 0.661477
vn 0.402638 -0.632717 0.661477
vn 0.402638 -0.632717 0.661477
f 3355/3355/3355 3356/3356/3356 3357/3357/3357
f 3358/3358/3358 3359/3359/3359 3360/3360/3360
f 3361/3361/3361 3362/3362/3362 3363/3363/3363
f 3364/3364/3364 3365/3365/3365 3366/3366/3366
f 3367/3367/3367 3368/3368/3368 3369/3369/3369
f 3370/3370/3370 3371/3371/3371 3372/3372/3372
f 3373/3373/3373 3374/3374/3374 3375/3375/3375
f 3376/3376/3376 3377/3377/3377 3378/3378/3378
f 3379/3379/3379 3380/3380/3380 3381/3381/3381
f 3382/3382/3382 3383/3383/3383 3384/3384/3384
f 3385/3385/3385 3386/3386/3386 3387/3387/3387
f 3388/3388/3388 3389/3389/3389 3390/3390/3390
f 3391/3391/3391 3392/3392/3392 3393/3393/3393
f 3394/3394/3394 3395/3395/3395 3396/3396/3396
f 3397/3397/3397 3398/3398/3398 3399/3399/3399
f 3400/3400/3400 3401/3401/3401 3402/3402/3402
f 3403/3403/3403 3404/3404/3404 3405/3405/3405
f 3406/3406/3406 3407/3407/3407 3408/3408/3408
f 3409/3409/3409 3410/3410/3410 3411/3411/3411
f 3412/3412/3412 3413/3413/3413 3414/3414/3414
f 3415/3415/3415 3416/3416/3416 3417/3417/3417
f 3418/3418/3418 3419/3419/3419 3420/3420/3420
f 3421/3421/3421 3422/3422/3422 3423/3423/3423
f 3424/3424/3424 3425/3425/3425 3426/3426/3426
f 3427/3427/3427 3428/3428/3428 3429/3429/3429
f 3430/3430/3430 3431/3431/3431 3432/3432/3432
f 3433/3433/3433 3434/3434/3434 3435/3435/3435
f 3436/3436/3436 3437/3437/3437 3438/3438/3438
f 3439/3439/3439 3440/3440/3440 3441/3441/3441
f 3442/3442/3442 3443/3443/3443 3444/3444/3444
o RightFrontGoldBand
usemtl PaintedTeaFantasy
v 3.673623 1.323201 -3.516929
v 3.160012 1.810696 -2.551939
v 3.160012 1.323201 -2.551939
v 3.673623 1.323201 -3.516929
v 3.673623 1.810696 -3.516929
v 3.160012 1.810696 -2.551939
v 3.160012 1.323201 -2.551939
v 2.132791 1.810696 -2.551939
v 2.132791 1.323201 -2.551939
v 3.160012 1.323201 -2.551939
v 3.160012 1.810696 -2.551939
v 2.132791 1.810696 -2.551939
v 2.132791 1.323201 -2.551939
v 1.619180 1.810696 -3.516929
v 1.619180 1.323201 -3.516929
v 2.132791 1.323201 -2.551939
v 2.132791 1.810696 -2.551939
v 1.619180 1.810696 -3.516929
v 1.619180 1.323201 -3.516929
v 2.132791 1.810696 -4.481918
v 2.132791 1.323201 -4.481918
v 1.619180 1.323201 -3.516929
v 1.619180 1.810696 -3.516929
v 2.132791 1.810696 -4.481918
v 2.132791 1.323201 -4.481918
v 3.160012 1.810696 -4.481918
v 3.160012 1.323201 -4.481918
v 2.132791 1.323201 -4.481918
v 2.132791 1.810696 -4.481918
v 3.160012 1.810696 -4.481918
v 3.160012 1.323201 -4.481918
v 3.673623 1.810696 -3.516929
v 3.673623 1.323201 -3.516929
v 3.160012 1.323201 -4.481918
v 3.160012 1.810696 -4.481918
v 3.673623 1.810696 -3.516929
v 2.646402 1.323201 -3.516929
v 3.673623 1.323201 -3.516929
v 3.160012 1.323201 -2.551939
v 2.646402 1.323201 -3.516929
v 3.160012 1.323201 -2.551939
v 2.132791 1.323201 -2.551939
v 2.646402 1.323201 -3.516929
v 2.132791 1.323201 -2.551939
v 1.619180 1.323201 -3.516929
v 2.646402 1.323201 -3.516929
v 1.619180 1.323201 -3.516929
v 2.132791 1.323201 -4.481918
v 2.646402 1.323201 -3.516929
v 2.132791 1.323201 -4.481918
v 3.160012 1.323201 -4.481918
v 2.646402 1.323201 -3.516929
v 3.160012 1.323201 -4.481918
v 3.673623 1.323201 -3.516929
v 2.646402 1.810696 -3.516929
v 3.160012 1.810696 -2.551939
v 3.673623 1.810696 -3.516929
v 2.646402 1.810696 -3.516929
v 2.132791 1.810696 -2.551939
v 3.160012 1.810696 -2.551939
v 2.646402 1.810696 -3.516929
v 1.619180 1.810696 -3.516929
v 2.132791 1.810696 -2.551939
v 2.646402 1.810696 -3.516929
v 2.132791 1.810696 -4.481918
v 1.619180 1.810696 -3.516929
v 2.646402 1.810696 -3.516929
v 3.160012 1.810696 -4.481918
v 2.132791 1.810696 -4.481918
v 2.646402 1.810696 -3.516929
v 3.673623 1.810696 -3.516929
v 3.160012 1.810696 -4.481918
vt 0.503906 0.253906
vt 0.746094 0.496094
vt 0.746094 0.253906
vt 0.503906 0.253906
vt 0.503906 0.496094
vt 0.746094 0.496094
vt 0.503906 0.253906
vt 0.746094 0.496094
vt 0.746094 0.253906
vt 0.503906 0.253906
vt 0.503906 0.496094
vt 0.746094 0.496094
vt 0.503906 0.253906
vt 0.746094 0.496094
vt 0.746094 0.253906
vt 0.503906 0.253906
vt 0.503906 0.496094
vt 0.746094 0.496094
vt 0.503906 0.253906
vt 0.746094 0.496094
vt 0.746094 0.253906
vt 0.503906 0.253906
vt 0.503906 0.496094
vt 0.746094 0.496094
vt 0.503906 0.253906
vt 0.746094 0.496094
vt 0.746094 0.253906
vt 0.503906 0.253906
vt 0.503906 0.496094
vt 0.746094 0.496094
vt 0.503906 0.253906
vt 0.746094 0.496094
vt 0.746094 0.253906
vt 0.503906 0.253906
vt 0.503906 0.496094
vt 0.746094 0.496094
vt 0.625000 0.375000
vt 0.503906 0.496094
vt 0.746094 0.253906
vt 0.625000 0.375000
vt 0.503906 0.496094
vt 0.746094 0.253906
vt 0.625000 0.375000
vt 0.503906 0.496094
vt 0.746094 0.253906
vt 0.625000 0.375000
vt 0.503906 0.496094
vt 0.746094 0.253906
vt 0.625000 0.375000
vt 0.503906 0.496094
vt 0.746094 0.253906
vt 0.625000 0.375000
vt 0.503906 0.496094
vt 0.746094 0.253906
vt 0.625000 0.375000
vt 0.746094 0.253906
vt 0.503906 0.496094
vt 0.625000 0.375000
vt 0.746094 0.253906
vt 0.503906 0.496094
vt 0.625000 0.375000
vt 0.746094 0.253906
vt 0.503906 0.496094
vt 0.625000 0.375000
vt 0.746094 0.253906
vt 0.503906 0.496094
vt 0.625000 0.375000
vt 0.746094 0.253906
vt 0.503906 0.496094
vt 0.625000 0.375000
vt 0.746094 0.253906
vt 0.503906 0.496094
vn 0.882752 0.000000 0.469840
vn 0.882752 0.000000 0.469840
vn 0.882752 0.000000 0.469840
vn 0.882752 -0.000000 0.469840
vn 0.882752 -0.000000 0.469840
vn 0.882752 -0.000000 0.469840
vn 0.000000 0.000000 1.000000
vn 0.000000 0.000000 1.000000
vn 0.000000 0.000000 1.000000
vn 0.000000 -0.000000 1.000000
vn 0.000000 -0.000000 1.000000
vn 0.000000 -0.000000 1.000000
vn -0.882752 0.000000 0.469840
vn -0.882752 0.000000 0.469840
vn -0.882752 0.000000 0.469840
vn -0.882752 0.000000 0.469840
vn -0.882752 0.000000 0.469840
vn -0.882752 0.000000 0.469840
vn -0.882752 0.000000 -0.469840
vn -0.882752 0.000000 -0.469840
vn -0.882752 0.000000 -0.469840
vn -0.882752 0.000000 -0.469840
vn -0.882752 0.000000 -0.469840
vn -0.882752 0.000000 -0.469840
vn 0.000000 0.000000 -1.000000
vn 0.000000 0.000000 -1.000000
vn 0.000000 0.000000 -1.000000
vn 0.000000 0.000000 -1.000000
vn 0.000000 0.000000 -1.000000
vn 0.000000 0.000000 -1.000000
vn 0.882752 0.000000 -0.469840
vn 0.882752 0.000000 -0.469840
vn 0.882752 0.000000 -0.469840
vn 0.882752 0.000000 -0.469840
vn 0.882752 0.000000 -0.469840
vn 0.882752 0.000000 -0.469840
vn 0.000000 -1.000000 0.000000
vn 0.000000 -1.000000 0.000000
vn 0.000000 -1.000000 0.000000
vn 0.000000 -1.000000 0.000000
vn 0.000000 -1.000000 0.000000
vn 0.000000 -1.000000 0.000000
vn 0.000000 -1.000000 0.000000
vn 0.000000 -1.000000 0.000000
vn 0.000000 -1.000000 0.000000
vn -0.000000 -1.000000 0.000000
vn -0.000000 -1.000000 0.000000
vn -0.000000 -1.000000 0.000000
vn 0.000000 -1.000000 -0.000000
vn 0.000000 -1.000000 -0.000000
vn 0.000000 -1.000000 -0.000000
vn 0.000000 -1.000000 0.000000
vn 0.000000 -1.000000 0.000000
vn 0.000000 -1.000000 0.000000
vn 0.000000 1.000000 0.000000
vn 0.000000 1.000000 0.000000
vn 0.000000 1.000000 0.000000
vn 0.000000 1.000000 -0.000000
vn 0.000000 1.000000 -0.000000
vn 0.000000 1.000000 -0.000000
vn 0.000000 1.000000 0.000000
vn 0.000000 1.000000 0.000000
vn 0.000000 1.000000 0.000000
vn 0.000000 1.000000 0.000000
vn 0.000000 1.000000 0.000000
vn 0.000000 1.000000 0.000000
vn 0.000000 1.000000 0.000000
vn 0.000000 1.000000 0.000000
vn 0.000000 1.000000 0.000000
vn -0.000000 1.000000 0.000000
vn -0.000000 1.000000 0.000000
vn -0.000000 1.000000 0.000000
f 3445/3445/3445 3446/3446/3446 3447/3447/3447
f 3448/3448/3448 3449/3449/3449 3450/3450/3450
f 3451/3451/3451 3452/3452/3452 3453/3453/3453
f 3454/3454/3454 3455/3455/3455 3456/3456/3456
f 3457/3457/3457 3458/3458/3458 3459/3459/3459
f 3460/3460/3460 3461/3461/3461 3462/3462/3462
f 3463/3463/3463 3464/3464/3464 3465/3465/3465
f 3466/3466/3466 3467/3467/3467 3468/3468/3468
f 3469/3469/3469 3470/3470/3470 3471/3471/3471
f 3472/3472/3472 3473/3473/3473 3474/3474/3474
f 3475/3475/3475 3476/3476/3476 3477/3477/3477
f 3478/3478/3478 3479/3479/3479 3480/3480/3480
f 3481/3481/3481 3482/3482/3482 3483/3483/3483
f 3484/3484/3484 3485/3485/3485 3486/3486/3486
f 3487/3487/3487 3488/3488/3488 3489/3489/3489
f 3490/3490/3490 3491/3491/3491 3492/3492/3492
f 3493/3493/3493 3494/3494/3494 3495/3495/3495
f 3496/3496/3496 3497/3497/3497 3498/3498/3498
f 3499/3499/3499 3500/3500/3500 3501/3501/3501
f 3502/3502/3502 3503/3503/3503 3504/3504/3504
f 3505/3505/3505 3506/3506/3506 3507/3507/3507
f 3508/3508/3508 3509/3509/3509 3510/3510/3510
f 3511/3511/3511 3512/3512/3512 3513/3513/3513
f 3514/3514/3514 3515/3515/3515 3516/3516/3516
o Nose
usemtl PaintedTeaFantasy
v 0.800885 9.332048 -12.570408
v 0.400442 9.708997 -12.570408
v 0.504906 9.884185 -12.291839
v 0.800885 9.332048 -12.570408
v 0.504906 9.884185 -12.291839
v 1.009811 9.401690 -12.291839
v 0.400442 9.708997 -12.570408
v -0.400442 9.708997 -12.570408
v -0.504906 9.884185 -12.291839
v 0.400442 9.708997 -12.570408
v -0.504906 9.884185 -12.291839
v 0.504906 9.884185 -12.291839
v -0.400442 9.708997 -12.570408
v -0.800885 9.332048 -12.570408
v -1.009811 9.401690 -12.291839
v -0.400442 9.708997 -12.570408
v -1.009811 9.401690 -12.291839
v -0.504906 9.884185 -12.291839
v -0.800885 9.332048 -12.570408
v -0.400442 8.955099 -12.570408
v -0.504906 8.919195 -12.291839
v -0.800885 9.332048 -12.570408
v -0.504906 8.919195 -12.291839
v -1.009811 9.401690 -12.291839
v -0.400442 8.955099 -12.570408
v 0.400442 8.955099 -12.570408
v 0.504906 8.919195 -12.291839
v -0.400442 8.955099 -12.570408
v 0.504906 8.919195 -12.291839
v -0.504906 8.919195 -12.291839
v 0.400442 8.955099 -12.570408
v 0.800885 9.332048 -12.570408
v 1.009811 9.401690 -12.291839
v 0.400442 8.955099 -12.570408
v 1.009811 9.401690 -12.291839
v 0.504906 8.919195 -12.291839
v 1.009811 9.401690 -12.291839
v 0.504906 9.884185 -12.291839
v 0.417853 9.828538 -11.873986
v 1.009811 9.401690 -12.291839
v 0.417853 9.828538 -11.873986
v 0.835706 9.436511 -11.873986
v 0.504906 9.884185 -12.291839
v -0.504906 9.884185 -12.291839
v -0.417853 9.828538 -11.873986
v 0.504906 9.884185 -12.291839
v -0.417853 9.828538 -11.873986
v 0.417853 9.828538 -11.873986
v -0.504906 9.884185 -12.291839
v -1.009811 9.401690 -12.291839
v -0.835706 9.436511 -11.873986
v -0.504906 9.884185 -12.291839
v -0.835706 9.436511 -11.873986
v -0.417853 9.828538 -11.873986
v -1.009811 9.401690 -12.291839
v -0.504906 8.919195 -12.291839
v -0.417853 9.044484 -11.873986
v -1.009811 9.401690 -12.291839
v -0.417853 9.044484 -11.873986
v -0.835706 9.436511 -11.873986
v -0.504906 8.919195 -12.291839
v 0.504906 8.919195 -12.291839
v 0.417853 9.044484 -11.873986
v -0.504906 8.919195 -12.291839
v 0.417853 9.044484 -11.873986
v -0.417853 9.044484 -11.873986
v 0.504906 8.919195 -12.291839
v 1.009811 9.401690 -12.291839
v 0.835706 9.436511 -11.873986
v 0.504906 8.919195 -12.291839
v 0.835706 9.436511 -11.873986
v 0.417853 9.044484 -11.873986
v 0.000000 9.332048 -12.570408
v 0.400442 9.708997 -12.570408
v 0.800885 9.332048 -12.570408
v 0.000000 9.332048 -12.570408
v -0.400442 9.708997 -12.570408
v 0.400442 9.708997 -12.570408
v 0.000000 9.332048 -12.570408
v -0.800885 9.332048 -12.570408
v -0.400442 9.708997 -12.570408
v 0.000000 9.332048 -12.570408
v -0.400442 8.955099 -12.570408
v -0.800885 9.332048 -12.570408
v 0.000000 9.332048 -12.570408
v 0.400442 8.955099 -12.570408
v -0.400442 8.955099 -12.570408
v 0.000000 9.332048 -12.570408
v 0.800885 9.332048 -12.570408
v 0.400442 8.955099 -12.570408
v 0.000000 9.436511 -11.873986
v 0.835706 9.436511 -11.873986
v 0.417853 9.828538 -11.873986
v 0.000000 9.436511 -11.873986
v 0.417853 9.828538 -11.873986
v -0.417853 9.828538 -11.873986
v 0.000000 9.436511 -11.873986
v -0.417853 9.828538 -11.873986
v -0.835706 9.436511 -11.873986
v 0.000000 9.436511 -11.873986
v -0.835706 9.436511 -11.873986
v -0.417853 9.044484 -11.873986
v 0.000000 9.436511 -11.873986
v -0.417853 9.044484 -11.873986
v 0.417853 9.044484 -11.873986
v 0.000000 9.436511 -11.873986
v 0.417853 9.044484 -11.873986
v 0.835706 9.436511 -11.873986
vt 0.003906 0.496094
vt 0.044271 0.496094
vt 0.044271 0.375000
vt 0.003906 0.496094
vt 0.044271 0.375000
vt 0.003906 0.375000
vt 0.044271 0.496094
vt 0.084635 0.496094
vt 0.084635 0.375000
vt 0.044271 0.496094
vt 0.084635 0.375000
vt 0.044271 0.375000
vt 0.084635 0.496094
vt 0.125000 0.496094
vt 0.125000 0.375000
vt 0.084635 0.496094
vt 0.125000 0.375000
vt 0.084635 0.375000
vt 0.125000 0.496094
vt 0.165365 0.496094
vt 0.165365 0.375000
vt 0.125000 0.496094
vt 0.165365 0.375000
vt 0.125000 0.375000
vt 0.165365 0.496094
vt 0.205729 0.496094
vt 0.205729 0.375000
vt 0.165365 0.496094
vt 0.205729 0.375000
vt 0.165365 0.375000
vt 0.205729 0.496094
vt 0.246094 0.496094
vt 0.246094 0.375000
vt 0.205729 0.496094
vt 0.246094 0.375000
vt 0.205729 0.375000
vt 0.003906 0.375000
vt 0.044271 0.375000
vt 0.044271 0.253906
vt 0.003906 0.375000
vt 0.044271 0.253906
vt 0.003906 0.253906
vt 0.044271 0.375000
vt 0.084635 0.375000
vt 0.084635 0.253906
vt 0.044271 0.375000
vt 0.084635 0.253906
vt 0.044271 0.253906
vt 0.084635 0.375000
vt 0.125000 0.375000
vt 0.125000 0.253906
vt 0.084635 0.375000
vt 0.125000 0.253906
vt 0.084635 0.253906
vt 0.125000 0.375000
vt 0.165365 0.375000
vt 0.165365 0.253906
vt 0.125000 0.375000
vt 0.165365 0.253906
vt 0.125000 0.253906
vt 0.165365 0.375000
vt 0.205729 0.375000
vt 0.205729 0.253906
vt 0.165365 0.375000
vt 0.205729 0.253906
vt 0.165365 0.253906
vt 0.205729 0.375000
vt 0.246094 0.375000
vt 0.246094 0.253906
vt 0.205729 0.375000
vt 0.246094 0.253906
vt 0.205729 0.253906
vt 0.125000 0.375000
vt 0.221875 0.278125
vt 0.028125 0.471875
vt 0.125000 0.375000
vt 0.221875 0.278125
vt 0.028125 0.471875
vt 0.125000 0.375000
vt 0.221875 0.278125
vt 0.028125 0.471875
vt 0.125000 0.375000
vt 0.221875 0.278125
vt 0.028125 0.471875
vt 0.125000 0.375000
vt 0.221875 0.278125
vt 0.028125 0.471875
vt 0.125000 0.375000
vt 0.221875 0.278125
vt 0.028125 0.471875
vt 0.125000 0.375000
vt 0.028125 0.471875
vt 0.221875 0.278125
vt 0.125000 0.375000
vt 0.028125 0.471875
vt 0.221875 0.278125
vt 0.125000 0.375000
vt 0.028125 0.471875
vt 0.221875 0.278125
vt 0.125000 0.375000
vt 0.028125 0.471875
vt 0.221875 0.278125
vt 0.125000 0.375000
vt 0.028125 0.471875
vt 0.221875 0.278125
vt 0.125000 0.375000
vt 0.028125 0.471875
vt 0.221875 0.278125
vn 0.557577 0.592328 -0.581598
vn 0.557577 0.592328 -0.581598
vn 0.557577 0.592328 -0.581598
vn 0.566283 0.592585 -0.572858
vn 0.566283 0.592585 -0.572858
vn 0.566283 0.592585 -0.572858
vn 0.000000 0.846517 -0.532362
vn 0.000000 0.846517 -0.532362
vn 0.000000 0.846517 -0.532362
vn 0.000000 0.846517 -0.532362
vn 0.000000 0.846517 -0.532362
vn 0.000000 0.846517 -0.532362
vn -0.562549 0.597610 -0.571315
vn -0.562549 0.597610 -0.571315
vn -0.562549 0.597610 -0.571315
vn -0.562336 0.588455 -0.580947
vn -0.562336 0.588455 -0.580947
vn -0.562336 0.588455 -0.580947
vn -0.646766 -0.687075 -0.331092
vn -0.646766 -0.687075 -0.331092
vn -0.646766 -0.687075 -0.331092
vn -0.654620 -0.685025 -0.319709
vn -0.654620 -0.685025 -0.319709
vn -0.654620 -0.685025 -0.319709
vn 0.000000 -0.991796 -0.127829
vn 0.000000 -0.991796 -0.127829
vn 0.000000 -0.991796 -0.127829
vn 0.000000 -0.991796 -0.127829
vn 0.000000 -0.991796 -0.127829
vn 0.000000 -0.991796 -0.127829
vn 0.650504 -0.691047 -0.315117
vn 0.650504 -0.691047 -0.315117
vn 0.650504 -0.691047 -0.315117
vn 0.651632 -0.681899 -0.332249
vn 0.651632 -0.681899 -0.332249
vn 0.651632 -0.681899 -0.332249
vn 0.671770 0.702972 0.233569
vn 0.671770 0.702972 0.233569
vn 0.671770 0.702972 0.233569
vn 0.667620 0.711602 0.218875
vn 0.667620 0.711602 0.218875
vn 0.667620 0.711602 0.218875
vn 0.000000 0.991249 0.132008
vn 0.000000 0.991249 0.132008
vn 0.000000 0.991249 0.132008
vn 0.000000 0.991249 0.132008
vn 0.000000 0.991249 0.132008
vn 0.000000 0.991249 0.132008
vn -0.673649 0.704938 0.221942
vn -0.673649 0.704938 0.221942
vn -0.673649 0.704938 0.221942
vn -0.665368 0.709201 0.233065
vn -0.665368 0.709201 0.233065
vn -0.665368 0.709201 0.233065
vn -0.649893 -0.680079 0.339309
vn -0.649893 -0.680079 0.339309
vn -0.649893 -0.680079 0.339309
vn -0.646628 -0.689226 0.326864
vn -0.646628 -0.689226 0.326864
vn -0.646628 -0.689226 0.326864
vn 0.000000 -0.957869 0.287207
vn 0.000000 -0.957869 0.287207
vn 0.000000 -0.957869 0.287207
vn 0.000000 -0.957869 0.287207
vn 0.000000 -0.957869 0.287207
vn 0.000000 -0.957869 0.287207
vn 0.652476 -0.682781 0.328763
vn 0.652476 -0.682781 0.328763
vn 0.652476 -0.682781 0.328763
vn 0.643516 -0.685909 0.339729
vn 0.643516 -0.685909 0.339729
vn 0.643516 -0.685909 0.339729
vn 0.000000 0.000000 -1.000000
vn 0.000000 0.000000 -1.000000
vn 0.000000 0.000000 -1.000000
vn 0.000000 0.000000 -1.000000
vn 0.000000 0.000000 -1.000000
vn 0.000000 0.000000 -1.000000
vn 0.000000 0.000000 -1.000000
vn 0.000000 0.000000 -1.000000
vn 0.000000 0.000000 -1.000000
vn -0.000000 0.000000 -1.000000
vn -0.000000 0.000000 -1.000000
vn -0.000000 0.000000 -1.000000
vn 0.000000 -0.000000 -1.000000
vn 0.000000 -0.000000 -1.000000
vn 0.000000 -0.000000 -1.000000
vn 0.000000 0.000000 -1.000000
vn 0.000000 0.000000 -1.000000
vn 0.000000 0.000000 -1.000000
vn 0.000000 0.000000 1.000000
vn 0.000000 0.000000 1.000000
vn 0.000000 0.000000 1.000000
vn 0.000000 -0.000000 1.000000
vn 0.000000 -0.000000 1.000000
vn 0.000000 -0.000000 1.000000
vn 0.000000 0.000000 1.000000
vn 0.000000 0.000000 1.000000
vn 0.000000 0.000000 1.000000
vn 0.000000 0.000000 1.000000
vn 0.000000 0.000000 1.000000
vn 0.000000 0.000000 1.000000
vn 0.000000 0.000000 1.000000
vn 0.000000 0.000000 1.000000
vn 0.000000 0.000000 1.000000
vn -0.000000 0.000000 1.000000
vn -0.000000 0.000000 1.000000
vn -0.000000 0.000000 1.000000
f 3517/3517/3517 3518/3518/3518 3519/3519/3519
f 3520/3520/3520 3521/3521/3521 3522/3522/3522
f 3523/3523/3523 3524/3524/3524 3525/3525/3525
f 3526/3526/3526 3527/3527/3527 3528/3528/3528
f 3529/3529/3529 3530/3530/3530 3531/3531/3531
f 3532/3532/3532 3533/3533/3533 3534/3534/3534
f 3535/3535/3535 3536/3536/3536 3537/3537/3537
f 3538/3538/3538 3539/3539/3539 3540/3540/3540
f 3541/3541/3541 3542/3542/3542 3543/3543/3543
f 3544/3544/3544 3545/3545/3545 3546/3546/3546
f 3547/3547/3547 3548/3548/3548 3549/3549/3549
f 3550/3550/3550 3551/3551/3551 3552/3552/3552
f 3553/3553/3553 3554/3554/3554 3555/3555/3555
f 3556/3556/3556 3557/3557/3557 3558/3558/3558
f 3559/3559/3559 3560/3560/3560 3561/3561/3561
f 3562/3562/3562 3563/3563/3563 3564/3564/3564
f 3565/3565/3565 3566/3566/3566 3567/3567/3567
f 3568/3568/3568 3569/3569/3569 3570/3570/3570
f 3571/3571/3571 3572/3572/3572 3573/3573/3573
f 3574/3574/3574 3575/3575/3575 3576/3576/3576
f 3577/3577/3577 3578/3578/3578 3579/3579/3579
f 3580/3580/3580 3581/3581/3581 3582/3582/3582
f 3583/3583/3583 3584/3584/3584 3585/3585/3585
f 3586/3586/3586 3587/3587/3587 3588/3588/3588
f 3589/3589/3589 3590/3590/3590 3591/3591/3591
f 3592/3592/3592 3593/3593/3593 3594/3594/3594
f 3595/3595/3595 3596/3596/3596 3597/3597/3597
f 3598/3598/3598 3599/3599/3599 3600/3600/3600
f 3601/3601/3601 3602/3602/3602 3603/3603/3603
f 3604/3604/3604 3605/3605/3605 3606/3606/3606
f 3607/3607/3607 3608/3608/3608 3609/3609/3609
f 3610/3610/3610 3611/3611/3611 3612/3612/3612
f 3613/3613/3613 3614/3614/3614 3615/3615/3615
f 3616/3616/3616 3617/3617/3617 3618/3618/3618
f 3619/3619/3619 3620/3620/3620 3621/3621/3621
f 3622/3622/3622 3623/3623/3623 3624/3624/3624
o MouthCenter
usemtl PaintedTeaFantasy
v -0.080088 8.983837 -12.291839
v -0.024749 8.981120 -12.348901
v -0.022597 8.232048 -12.304960
v -0.080088 8.983837 -12.291839
v -0.022597 8.232048 -12.304960
v -0.073124 8.252595 -12.257018
v -0.024749 8.981120 -12.348901
v 0.064793 8.982158 -12.327105
v 0.059159 8.239896 -12.286648
v -0.024749 8.981120 -12.348901
v 0.059159 8.239896 -12.286648
v -0.022597 8.232048 -12.304960
v 0.064793 8.982158 -12.327105
v 0.064793 8.985517 -12.256573
v 0.059159 8.265293 -12.227389
v 0.064793 8.982158 -12.327105
v 0.059159 8.265293 -12.227389
v 0.059159 8.239896 -12.286648
v 0.064793 8.985517 -12.256573
v -0.024749 8.986554 -12.234777
v -0.022597 8.273141 -12.209076
v 0.064793 8.985517 -12.256573
v -0.022597 8.273141 -12.209076
v 0.059159 8.265293 -12.227389
v -0.024749 8.986554 -12.234777
v -0.080088 8.983837 -12.291839
v -0.073124 8.252595 -12.257018
v -0.024749 8.986554 -12.234777
v -0.073124 8.252595 -12.257018
v -0.022597 8.273141 -12.209076
v -0.073124 8.252595 -12.257018
v -0.022597 8.232048 -12.304960
v -0.012912 7.983702 -11.889988
v -0.073124 8.252595 -12.257018
v -0.012912 7.983702 -11.889988
v -0.041785 8.008847 -11.873986
v -0.022597 8.232048 -12.304960
v 0.059159 8.239896 -12.286648
v 0.033805 7.993306 -11.883876
v -0.022597 8.232048 -12.304960
v 0.033805 7.993306 -11.883876
v -0.012912 7.983702 -11.889988
v 0.059159 8.239896 -12.286648
v 0.059159 8.265293 -12.227389
v 0.033805 8.024388 -11.864097
v 0.059159 8.239896 -12.286648
v 0.033805 8.024388 -11.864097
v 0.033805 7.993306 -11.883876
v 0.059159 8.265293 -12.227389
v -0.022597 8.273141 -12.209076
v -0.012912 8.033993 -11.857985
v 0.059159 8.265293 -12.227389
v -0.012912 8.033993 -11.857985
v 0.033805 8.024388 -11.864097
v -0.022597 8.273141 -12.209076
v -0.073124 8.252595 -12.257018
v -0.041785 8.008847 -11.873986
v -0.022597 8.273141 -12.209076
v -0.041785 8.008847 -11.873986
v -0.012912 8.033993 -11.857985
v 0.000000 8.983837 -12.291839
v -0.080088 8.983837 -12.291839
v -0.024749 8.981120 -12.348901
v 0.000000 8.983837 -12.291839
v -0.024749 8.981120 -12.348901
v 0.064793 8.982158 -12.327105
v 0.000000 8.983837 -12.291839
v 0.064793 8.982158 -12.327105
v 0.064793 8.985517 -12.256573
v 0.000000 8.983837 -12.291839
v 0.064793 8.985517 -12.256573
v -0.024749 8.986554 -12.234777
v 0.000000 8.983837 -12.291839
v -0.024749 8.986554 -12.234777
v -0.080088 8.983837 -12.291839
v 0.000000 8.008847 -11.873986
v -0.041785 8.008847 -11.873986
v -0.012912 7.983702 -11.889988
v 0.000000 8.008847 -11.873986
v -0.012912 7.983702 -11.889988
v 0.033805 7.993306 -11.883876
v 0.000000 8.008847 -11.873986
v 0.033805 7.993306 -11.883876
v 0.033805 8.024388 -11.864097
v 0.000000 8.008847 -11.873986
v 0.033805 8.024388 -11.864097
v -0.012912 8.033993 -11.857985
v 0.000000 8.008847 -11.873986
v -0.012912 8.033993 -11.857985
v -0.041785 8.008847 -11.873986
vt 0.003906 0.496094
vt 0.052344 0.496094
vt 0.052344 0.375000
vt 0.003906 0.496094
vt 0.052344 0.375000
vt 0.003906 0.375000
vt 0.052344 0.496094
vt 0.100781 0.496094
vt 0.100781 0.375000
vt 0.052344 0.496094
vt 0.100781 0.375000
vt 0.052344 0.375000
vt 0.100781 0.496094
vt 0.149219 0.496094
vt 0.149219 0.375000
vt 0.100781 0.496094
vt 0.149219 0.375000
vt 0.100781 0.375000
vt 0.149219 0.496094
vt 0.197656 0.496094
vt 0.197656 0.375000
vt 0.149219 0.496094
vt 0.197656 0.375000
vt 0.149219 0.375000
vt 0.197656 0.496094
vt 0.246094 0.496094
vt 0.246094 0.375000
vt 0.197656 0.496094
vt 0.246094 0.375000
vt 0.197656 0.375000
vt 0.003906 0.375000
vt 0.052344 0.375000
vt 0.052344 0.253906
vt 0.003906 0.375000
vt 0.052344 0.253906
vt 0.003906 0.253906
vt 0.052344 0.375000
vt 0.100781 0.375000
vt 0.100781 0.253906
vt 0.052344 0.375000
vt 0.100781 0.253906
vt 0.052344 0.253906
vt 0.100781 0.375000
vt 0.149219 0.375000
vt 0.149219 0.253906
vt 0.100781 0.375000
vt 0.149219 0.253906
vt 0.100781 0.253906
vt 0.149219 0.375000
vt 0.197656 0.375000
vt 0.197656 0.253906
vt 0.149219 0.375000
vt 0.197656 0.253906
vt 0.149219 0.253906
vt 0.197656 0.375000
vt 0.246094 0.375000
vt 0.246094 0.253906
vt 0.197656 0.375000
vt 0.246094 0.253906
vt 0.197656 0.253906
vt 0.125000 0.375000
vt 0.003906 0.496094
vt 0.246094 0.253906
vt 0.125000 0.375000
vt 0.003906 0.496094
vt 0.246094 0.253906
vt 0.125000 0.375000
vt 0.003906 0.496094
vt 0.246094 0.253906
vt 0.125000 0.375000
vt 0.003906 0.496094
vt 0.246094 0.253906
vt 0.125000 0.375000
vt 0.003906 0.496094
vt 0.246094 0.253906
vt 0.125000 0.375000
vt 0.003906 0.496094
vt 0.246094 0.253906
vt 0.125000 0.375000
vt 0.003906 0.496094
vt 0.246094 0.253906
vt 0.125000 0.375000
vt 0.003906 0.496094
vt 0.246094 0.253906
vt 0.125000 0.375000
vt 0.003906 0.496094
vt 0.246094 0.253906
vt 0.125000 0.375000
vt 0.003906 0.496094
vt 0.246094 0.253906
vn -0.718216 -0.042804 -0.694503
vn -0.718216 -0.042804 -0.694503
vn -0.718216 -0.042804 -0.694503
vn -0.696399 -0.040751 -0.716497
vn -0.696399 -0.040751 -0.716497
vn -0.696399 -0.040751 -0.716497
vn 0.236753 -0.054669 -0.970031
vn 0.236753 -0.054669 -0.970031
vn 0.236753 -0.054669 -0.970031
vn 0.223378 -0.056441 -0.973096
vn 0.223378 -0.056441 -0.973096
vn 0.223378 -0.056441 -0.973096
vn 0.999969 -0.007808 0.000372
vn 0.999969 -0.007808 0.000372
vn 0.999969 -0.007808 0.000372
vn 0.999967 -0.007417 0.003179
vn 0.999967 -0.007417 0.003179
vn 0.999967 -0.007417 0.003179
vn 0.236748 0.035692 0.970915
vn 0.236748 0.035692 0.970915
vn 0.236748 0.035692 0.970915
vn 0.221864 0.037746 0.974347
vn 0.221864 0.037746 0.974347
vn 0.221864 0.037746 0.974347
vn -0.718233 0.026270 0.695307
vn -0.718233 0.026270 0.695307
vn -0.718233 0.026270 0.695307
vn -0.693193 0.023860 0.720357
vn -0.693193 0.023860 0.720357
vn -0.693193 0.023860 0.720357
vn -0.636861 -0.668014 -0.384921
vn -0.636861 -0.668014 -0.384921
vn -0.636861 -0.668014 -0.384921
vn -0.717369 -0.612872 -0.331316
vn -0.717369 -0.612872 -0.331316
vn -0.717369 -0.612872 -0.331316
vn 0.193586 -0.842103 -0.503376
vn 0.193586 -0.842103 -0.503376
vn 0.193586 -0.842103 -0.503376
vn 0.236704 -0.831244 -0.502995
vn 0.236704 -0.831244 -0.502995
vn 0.236704 -0.831244 -0.502995
vn 0.997590 -0.063773 0.027331
vn 0.997590 -0.063773 0.027331
vn 0.997590 -0.063773 0.027331
vn 0.998562 -0.028785 0.045234
vn 0.998562 -0.028785 0.045234
vn 0.998562 -0.028785 0.045234
vn 0.200654 0.812239 0.547728
vn 0.200654 0.812239 0.547728
vn 0.200654 0.812239 0.547728
vn 0.236640 0.802054 0.548371
vn 0.236640 0.802054 0.548371
vn 0.236640 0.802054 0.548371
vn -0.663360 0.605546 0.439622
vn -0.663360 0.605546 0.439622
vn -0.663360 0.605546 0.439622
vn -0.717728 0.566128 0.405419
vn -0.717728 0.566128 0.405419
vn -0.717728 0.566128 0.405419
vn 0.000000 -0.998868 0.047565
vn 0.000000 -0.998868 0.047565
vn 0.000000 -0.998868 0.047565
vn -0.000000 -0.998868 0.047565
vn -0.000000 -0.998868 0.047565
vn -0.000000 -0.998868 0.047565
vn -0.000000 -0.998868 0.047565
vn -0.000000 -0.998868 0.047565
vn -0.000000 -0.998868 0.047565
vn -0.000000 -0.998868 0.047565
vn -0.000000 -0.998868 0.047565
vn -0.000000 -0.998868 0.047565
vn 0.000000 -0.998868 0.047565
vn 0.000000 -0.998868 0.047565
vn 0.000000 -0.998868 0.047565
vn 0.000000 -0.536875 0.843661
vn 0.000000 -0.536875 0.843661
vn 0.000000 -0.536875 0.843661
vn 0.000000 -0.536875 0.843661
vn 0.000000 -0.536875 0.843661
vn 0.000000 -0.536875 0.843661
vn -0.000000 -0.536875 0.843661
vn -0.000000 -0.536875 0.843661
vn -0.000000 -0.536875 0.843661
vn -0.000000 -0.536875 0.843661
vn -0.000000 -0.536875 0.843661
vn -0.000000 -0.536875 0.843661
vn 0.000000 -0.536875 0.843661
vn 0.000000 -0.536875 0.843661
vn 0.000000 -0.536875 0.843661
f 3625/3625/3625 3626/3626/3626 3627/3627/3627
f 3628/3628/3628 3629/3629/3629 3630/3630/3630
f 3631/3631/3631 3632/3632/3632 3633/3633/3633
f 3634/3634/3634 3635/3635/3635 3636/3636/3636
f 3637/3637/3637 3638/3638/3638 3639/3639/3639
f 3640/3640/3640 3641/3641/3641 3642/3642/3642
f 3643/3643/3643 3644/3644/3644 3645/3645/3645
f 3646/3646/3646 3647/3647/3647 3648/3648/3648
f 3649/3649/3649 3650/3650/3650 3651/3651/3651
f 3652/3652/3652 3653/3653/3653 3654/3654/3654
f 3655/3655/3655 3656/3656/3656 3657/3657/3657
f 3658/3658/3658 3659/3659/3659 3660/3660/3660
f 3661/3661/3661 3662/3662/3662 3663/3663/3663
f 3664/3664/3664 3665/3665/3665 3666/3666/3666
f 3667/3667/3667 3668/3668/3668 3669/3669/3669
f 3670/3670/3670 3671/3671/3671 3672/3672/3672
f 3673/3673/3673 3674/3674/3674 3675/3675/3675
f 3676/3676/3676 3677/3677/3677 3678/3678/3678
f 3679/3679/3679 3680/3680/3680 3681/3681/3681
f 3682/3682/3682 3683/3683/3683 3684/3684/3684
f 3685/3685/3685 3686/3686/3686 3687/3687/3687
f 3688/3688/3688 3689/3689/3689 3690/3690/3690
f 3691/3691/3691 3692/3692/3692 3693/3693/3693
f 3694/3694/3694 3695/3695/3695 3696/3696/3696
f 3697/3697/3697 3698/3698/3698 3699/3699/3699
f 3700/3700/3700 3701/3701/3701 3702/3702/3702
f 3703/3703/3703 3704/3704/3704 3705/3705/3705
f 3706/3706/3706 3707/3707/3707 3708/3708/3708
f 3709/3709/3709 3710/3710/3710 3711/3711/3711
f 3712/3712/3712 3713/3713/3713 3714/3714/3714
o Mouth-1
usemtl PaintedTeaFantasy
v -0.008599 8.252595 -12.305324
v 0.011186 8.194632 -12.249317
v -1.022243 7.949245 -12.140391
v -0.008599 8.252595 -12.305324
v -1.022243 7.949245 -12.140391
v -1.047185 8.008847 -12.192482
v 0.011186 8.194632 -12.249317
v 0.015512 8.216772 -12.155831
v -0.980121 7.972011 -12.056989
v 0.011186 8.194632 -12.249317
v -0.980121 7.972011 -12.056989
v -1.022243 7.949245 -12.140391
v 0.015512 8.216772 -12.155831
v -0.001598 8.288418 -12.154061
v -0.979029 8.045683 -12.057534
v 0.015512 8.216772 -12.155831
v -0.979029 8.045683 -12.057534
v -0.980121 7.972011 -12.056989
v -0.001598 8.288418 -12.154061
v -0.016500 8.310558 -12.246453
v -1.020477 8.068449 -12.141274
v -0.001598 8.288418 -12.154061
v -1.020477 8.068449 -12.141274
v -0.979029 8.045683 -12.057534
v -0.016500 8.310558 -12.246453
v -0.008599 8.252595 -12.305324
v -1.047185 8.008847 -12.192482
v -0.016500 8.310558 -12.246453
v -1.047185 8.008847 -12.192482
v -1.020477 8.068449 -12.141274
v -1.047185 8.008847 -12.192482
v -1.022243 7.949245 -12.140391
v -1.894116 8.258374 -11.286700
v -1.047185 8.008847 -12.192482
v -1.894116 8.258374 -11.286700
v -1.909276 8.287416 -11.312171
v -1.022243 7.949245 -12.140391
v -0.980121 7.972011 -12.056989
v -1.859916 8.269467 -11.254772
v -1.022243 7.949245 -12.140391
v -1.859916 8.269467 -11.254772
v -1.894116 8.258374 -11.286700
v -0.980121 7.972011 -12.056989
v -0.979029 8.045683 -12.057534
v -1.853938 8.305364 -11.260511
v -0.980121 7.972011 -12.056989
v -1.853938 8.305364 -11.260511
v -1.859916 8.269467 -11.254772
v -0.979029 8.045683 -12.057534
v -1.020477 8.068449 -12.141274
v -1.884444 8.316457 -11.295986
v -0.979029 8.045683 -12.057534
v -1.884444 8.316457 -11.295986
v -1.853938 8.305364 -11.260511
v -1.020477 8.068449 -12.141274
v -1.047185 8.008847 -12.192482
v -1.909276 8.287416 -11.312171
v -1.020477 8.068449 -12.141274
v -1.909276 8.287416 -11.312171
v -1.884444 8.316457 -11.295986
v 0.000000 8.252595 -12.222197
v -0.008599 8.252595 -12.305324
v 0.011186 8.194632 -12.249317
v 0.000000 8.252595 -12.222197
v 0.011186 8.194632 -12.249317
v 0.015512 8.216772 -12.155831
v 0.000000 8.252595 -12.222197
v 0.015512 8.216772 -12.155831
v -0.001598 8.288418 -12.154061
v 0.000000 8.252595 -12.222197
v -0.001598 8.288418 -12.154061
v -0.016500 8.310558 -12.246453
v 0.000000 8.252595 -12.222197
v -0.016500 8.310558 -12.246453
v -0.008599 8.252595 -12.305324
v -1.880338 8.287416 -11.282028
v -1.909276 8.287416 -11.312171
v -1.894116 8.258374 -11.286700
v -1.880338 8.287416 -11.282028
v -1.894116 8.258374 -11.286700
v -1.859916 8.269467 -11.254772
v -1.880338 8.287416 -11.282028
v -1.859916 8.269467 -11.254772
v -1.853938 8.305364 -11.260511
v -1.880338 8.287416 -11.282028
v -1.853938 8.305364 -11.260511
v -1.884444 8.316457 -11.295986
v -1.880338 8.287416 -11.282028
v -1.884444 8.316457 -11.295986
v -1.909276 8.287416 -11.312171
vt 0.003906 0.496094
vt 0.052344 0.496094
vt 0.052344 0.375000
vt 0.003906 0.496094
vt 0.052344 0.375000
vt 0.003906 0.375000
vt 0.052344 0.496094
vt 0.100781 0.496094
vt 0.100781 0.375000
vt 0.052344 0.496094
vt 0.100781 0.375000
vt 0.052344 0.375000
vt 0.100781 0.496094
vt 0.149219 0.496094
vt 0.149219 0.375000
vt 0.100781 0.496094
vt 0.149219 0.375000
vt 0.100781 0.375000
vt 0.149219 0.496094
vt 0.197656 0.496094
vt 0.197656 0.375000
vt 0.149219 0.496094
vt 0.197656 0.375000
vt 0.149219 0.375000
vt 0.197656 0.496094
vt 0.246094 0.496094
vt 0.246094 0.375000
vt 0.197656 0.496094
vt 0.246094 0.375000
vt 0.197656 0.375000
vt 0.003906 0.375000
vt 0.052344 0.375000
vt 0.052344 0.253906
vt 0.003906 0.375000
vt 0.052344 0.253906
vt 0.003906 0.253906
vt 0.052344 0.375000
vt 0.100781 0.375000
vt 0.100781 0.253906
vt 0.052344 0.375000
vt 0.100781 0.253906
vt 0.052344 0.253906
vt 0.100781 0.375000
vt 0.149219 0.375000
vt 0.149219 0.253906
vt 0.100781 0.375000
vt 0.149219 0.253906
vt 0.100781 0.253906
vt 0.149219 0.375000
vt 0.197656 0.375000
vt 0.197656 0.253906
vt 0.149219 0.375000
vt 0.197656 0.253906
vt 0.149219 0.253906
vt 0.197656 0.375000
vt 0.246094 0.375000
vt 0.246094 0.253906
vt 0.197656 0.375000
vt 0.246094 0.253906
vt 0.197656 0.253906
vt 0.125000 0.375000
vt 0.003906 0.496094
vt 0.246094 0.253906
vt 0.125000 0.375000
vt 0.003906 0.496094
vt 0.246094 0.253906
vt 0.125000 0.375000
vt 0.003906 0.496094
vt 0.246094 0.253906
vt 0.125000 0.375000
vt 0.003906 0.496094
vt 0.246094 0.253906
vt 0.125000 0.375000
vt 0.003906 0.496094
vt 0.246094 0.253906
vt 0.125000 0.375000
vt 0.003906 0.496094
vt 0.246094 0.253906
vt 0.125000 0.375000
vt 0.003906 0.496094
vt 0.246094 0.253906
vt 0.125000 0.375000
vt 0.003906 0.496094
vt 0.246094 0.253906
vt 0.125000 0.375000
vt 0.003906 0.496094
vt 0.246094 0.253906
vt 0.125000 0.375000
vt 0.003906 0.496094
vt 0.246094 0.253906
vn 0.083843 -0.677476 -0.730751
vn 0.083843 -0.677476 -0.730751
vn 0.083843 -0.677476 -0.730751
vn 0.067198 -0.640491 -0.765020
vn 0.067198 -0.640491 -0.765020
vn 0.067198 -0.640491 -0.765020
vn 0.253089 -0.943964 0.211842
vn 0.253089 -0.943964 0.211842
vn 0.253089 -0.943964 0.211842
vn 0.242661 -0.960029 0.139499
vn 0.242661 -0.960029 0.139499
vn 0.242661 -0.960029 0.139499
vn 0.098536 -0.001053 0.995133
vn 0.098536 -0.001053 0.995133
vn 0.098536 -0.001053 0.995133
vn 0.097345 0.005930 0.995233
vn 0.097345 0.005930 0.995233
vn 0.097345 0.005930 0.995233
vn -0.200737 0.944845 0.258791
vn -0.200737 0.944845 0.258791
vn -0.200737 0.944845 0.258791
vn -0.193883 0.918142 0.345578
vn -0.193883 0.918142 0.345578
vn -0.193883 0.918142 0.345578
vn -0.234647 0.676760 -0.697809
vn -0.234647 0.676760 -0.697809
vn -0.234647 0.676760 -0.697809
vn -0.238282 0.692129 -0.681307
vn -0.238282 0.692129 -0.681307
vn -0.238282 0.692129 -0.681307
vn -0.641726 -0.639088 -0.423974
vn -0.641726 -0.639088 -0.423974
vn -0.641726 -0.639088 -0.423974
vn -0.623243 -0.673667 -0.397166
vn -0.623243 -0.673667 -0.397166
vn -0.623243 -0.673667 -0.397166
vn -0.058337 -0.955187 0.290198
vn -0.058337 -0.955187 0.290198
vn -0.058337 -0.955187 0.290198
vn -0.006610 -0.942375 0.334492
vn -0.006610 -0.942375 0.334492
vn -0.006610 -0.942375 0.334492
vn 0.672702 -0.004485 0.739900
vn 0.672702 -0.004485 0.739900
vn 0.672702 -0.004485 0.739900
vn 0.674801 0.005605 0.737979
vn 0.674801 0.005605 0.737979
vn 0.674801 0.005605 0.737979
vn 0.347990 0.933935 0.081663
vn 0.347990 0.933935 0.081663
vn 0.347990 0.933935 0.081663
vn 0.309938 0.950264 0.030617
vn 0.309938 0.950264 0.030617
vn 0.309938 0.950264 0.030617
vn -0.392020 0.694254 -0.603599
vn -0.392020 0.694254 -0.603599
vn -0.392020 0.694254 -0.603599
vn -0.401065 0.683097 -0.610349
vn -0.401065 0.683097 -0.610349
vn -0.401065 0.683097 -0.610349
vn -0.967204 -0.233463 0.100056
vn -0.967204 -0.233463 0.100056
vn -0.967204 -0.233463 0.100056
vn -0.967204 -0.233463 0.100056
vn -0.967204 -0.233463 0.100056
vn -0.967204 -0.233463 0.100056
vn -0.967204 -0.233463 0.100056
vn -0.967204 -0.233463 0.100056
vn -0.967204 -0.233463 0.100056
vn -0.967204 -0.233463 0.100056
vn -0.967204 -0.233463 0.100056
vn -0.967204 -0.233463 0.100056
vn -0.967204 -0.233463 0.100056
vn -0.967204 -0.233463 0.100056
vn -0.967204 -0.233463 0.100056
vn -0.702902 0.224929 0.674786
vn -0.702902 0.224929 0.674786
vn -0.702902 0.224929 0.674786
vn -0.702902 0.224929 0.674786
vn -0.702902 0.224929 0.674786
vn -0.702902 0.224929 0.674786
vn -0.702902 0.224929 0.674786
vn -0.702902 0.224929 0.674786
vn -0.702902 0.224929 0.674786
vn -0.702902 0.224929 0.674786
vn -0.702902 0.224929 0.674786
vn -0.702902 0.224929 0.674786
vn -0.702902 0.224929 0.674786
vn -0.702902 0.224929 0.674786
vn -0.702902 0.224929 0.674786
f 3715/3715/3715 3716/3716/3716 3717/3717/3717
f 3718/3718/3718 3719/3719/3719 3720/3720/3720
f 3721/3721/3721 3722/3722/3722 3723/3723/3723
f 3724/3724/3724 3725/3725/3725 3726/3726/3726
f 3727/3727/3727 3728/3728/3728 3729/3729/3729
f 3730/3730/3730 3731/3731/3731 3732/3732/3732
f 3733/3733/3733 3734/3734/3734 3735/3735/3735
f 3736/3736/3736 3737/3737/3737 3738/3738/3738
f 3739/3739/3739 3740/3740/3740 3741/3741/3741
f 3742/3742/3742 3743/3743/3743 3744/3744/3744
f 3745/3745/3745 3746/3746/3746 3747/3747/3747
f 3748/3748/3748 3749/3749/3749 3750/3750/3750
f 3751/3751/3751 3752/3752/3752 3753/3753/3753
f 3754/3754/3754 3755/3755/3755 3756/3756/3756
f 3757/3757/3757 3758/3758/3758 3759/3759/3759
f 3760/3760/3760 3761/3761/3761 3762/3762/3762
f 3763/3763/3763 3764/3764/3764 3765/3765/3765
f 3766/3766/3766 3767/3767/3767 3768/3768/3768
f 3769/3769/3769 3770/3770/3770 3771/3771/3771
f 3772/3772/3772 3773/3773/3773 3774/3774/3774
f 3775/3775/3775 3776/3776/3776 3777/3777/3777
f 3778/3778/3778 3779/3779/3779 3780/3780/3780
f 3781/3781/3781 3782/3782/3782 3783/3783/3783
f 3784/3784/3784 3785/3785/3785 3786/3786/3786
f 3787/3787/3787 3788/3788/3788 3789/3789/3789
f 3790/3790/3790 3791/3791/3791 3792/3792/3792
f 3793/3793/3793 3794/3794/3794 3795/3795/3795
f 3796/3796/3796 3797/3797/3797 3798/3798/3798
f 3799/3799/3799 3800/3800/3800 3801/3801/3801
f 3802/3802/3802 3803/3803/3803 3804/3804/3804
o Mouth1
usemtl PaintedTeaFantasy
v -0.008599 8.252595 -12.139070
v -0.016500 8.194632 -12.197941
v 0.999145 7.949245 -12.094194
v -0.008599 8.252595 -12.139070
v 0.999145 7.949245 -12.094194
v 0.972437 8.008847 -12.042986
v -0.016500 8.194632 -12.197941
v -0.001598 8.216772 -12.290333
v 1.040593 7.972011 -12.177933
v -0.016500 8.194632 -12.197941
v 1.040593 7.972011 -12.177933
v 0.999145 7.949245 -12.094194
v -0.001598 8.216772 -12.290333
v 0.015512 8.288418 -12.288563
v 1.039502 8.045683 -12.178479
v -0.001598 8.216772 -12.290333
v 1.039502 8.045683 -12.178479
v 1.040593 7.972011 -12.177933
v 0.015512 8.288418 -12.288563
v 0.011186 8.310558 -12.195077
v 0.997379 8.068449 -12.095077
v 0.015512 8.288418 -12.288563
v 0.997379 8.068449 -12.095077
v 1.039502 8.045683 -12.178479
v 0.011186 8.310558 -12.195077
v -0.008599 8.252595 -12.139070
v 0.972437 8.008847 -12.042986
v 0.011186 8.310558 -12.195077
v 0.972437 8.008847 -12.042986
v 0.997379 8.068449 -12.095077
v 0.972437 8.008847 -12.042986
v 0.999145 7.949245 -12.094194
v 1.876232 8.258374 -11.268070
v 0.972437 8.008847 -12.042986
v 1.876232 8.258374 -11.268070
v 1.851400 8.287416 -11.251885
v 0.999145 7.949245 -12.094194
v 1.040593 7.972011 -12.177933
v 1.906738 8.269467 -11.303545
v 0.999145 7.949245 -12.094194
v 1.906738 8.269467 -11.303545
v 1.876232 8.258374 -11.268070
v 1.040593 7.972011 -12.177933
v 1.039502 8.045683 -12.178479
v 1.900760 8.305364 -11.309284
v 1.040593 7.972011 -12.177933
v 1.900760 8.305364 -11.309284
v 1.906738 8.269467 -11.303545
v 1.039502 8.045683 -12.178479
v 0.997379 8.068449 -12.095077
v 1.866560 8.316457 -11.277356
v 1.039502 8.045683 -12.178479
v 1.866560 8.316457 -11.277356
v 1.900760 8.305364 -11.309284
v 0.997379 8.068449 -12.095077
v 0.972437 8.008847 -12.042986
v 1.851400 8.287416 -11.251885
v 0.997379 8.068449 -12.095077
v 1.851400 8.287416 -11.251885
v 1.866560 8.316457 -11.277356
v 0.000000 8.252595 -12.222197
v -0.008599 8.252595 -12.139070
v -0.016500 8.194632 -12.197941
v 0.000000 8.252595 -12.222197
v -0.016500 8.194632 -12.197941
v -0.001598 8.216772 -12.290333
v 0.000000 8.252595 -12.222197
v -0.001598 8.216772 -12.290333
v 0.015512 8.288418 -12.288563
v 0.000000 8.252595 -12.222197
v 0.015512 8.288418 -12.288563
v 0.011186 8.310558 -12.195077
v 0.000000 8.252595 -12.222197
v 0.011186 8.310558 -12.195077
v -0.008599 8.252595 -12.139070
v 1.880338 8.287416 -11.282028
v 1.851400 8.287416 -11.251885
v 1.876232 8.258374 -11.268070
v 1.880338 8.287416 -11.282028
v 1.876232 8.258374 -11.268070
v 1.906738 8.269467 -11.303545
v 1.880338 8.287416 -11.282028
v 1.906738 8.269467 -11.303545
v 1.900760 8.305364 -11.309284
v 1.880338 8.287416 -11.282028
v 1.900760 8.305364 -11.309284
v 1.866560 8.316457 -11.277356
v 1.880338 8.287416 -11.282028
v 1.866560 8.316457 -11.277356
v 1.851400 8.287416 -11.251885
vt 0.003906 0.496094
vt 0.052344 0.496094
vt 0.052344 0.375000
vt 0.003906 0.496094
vt 0.052344 0.375000
vt 0.003906 0.375000
vt 0.052344 0.496094
vt 0.100781 0.496094
vt 0.100781 0.375000
vt 0.052344 0.496094
vt 0.100781 0.375000
vt 0.052344 0.375000
vt 0.100781 0.496094
vt 0.149219 0.496094
vt 0.149219 0.375000
vt 0.100781 0.496094
vt 0.149219 0.375000
vt 0.100781 0.375000
vt 0.149219 0.496094
vt 0.197656 0.496094
vt 0.197656 0.375000
vt 0.149219 0.496094
vt 0.197656 0.375000
vt 0.149219 0.375000
vt 0.197656 0.496094
vt 0.246094 0.496094
vt 0.246094 0.375000
vt 0.197656 0.496094
vt 0.246094 0.375000
vt 0.197656 0.375000
vt 0.003906 0.375000
vt 0.052344 0.375000
vt 0.052344 0.253906
vt 0.003906 0.375000
vt 0.052344 0.253906
vt 0.003906 0.253906
vt 0.052344 0.375000
vt 0.100781 0.375000
vt 0.100781 0.253906
vt 0.052344 0.375000
vt 0.100781 0.253906
vt 0.052344 0.253906
vt 0.100781 0.375000
vt 0.149219 0.375000
vt 0.149219 0.253906
vt 0.100781 0.375000
vt 0.149219 0.253906
vt 0.100781 0.253906
vt 0.149219 0.375000
vt 0.197656 0.375000
vt 0.197656 0.253906
vt 0.149219 0.375000
vt 0.197656 0.253906
vt 0.149219 0.253906
vt 0.197656 0.375000
vt 0.246094 0.375000
vt 0.246094 0.253906
vt 0.197656 0.375000
vt 0.246094 0.253906
vt 0.197656 0.253906
vt 0.125000 0.375000
vt 0.003906 0.496094
vt 0.246094 0.253906
vt 0.125000 0.375000
vt 0.003906 0.496094
vt 0.246094 0.253906
vt 0.125000 0.375000
vt 0.003906 0.496094
vt 0.246094 0.253906
vt 0.125000 0.375000
vt 0.003906 0.496094
vt 0.246094 0.253906
vt 0.125000 0.375000
vt 0.003906 0.496094
vt 0.246094 0.253906
vt 0.125000 0.375000
vt 0.003906 0.496094
vt 0.246094 0.253906
vt 0.125000 0.375000
vt 0.003906 0.496094
vt 0.246094 0.253906
vt 0.125000 0.375000
vt 0.003906 0.496094
vt 0.246094 0.253906
vt 0.125000 0.375000
vt 0.003906 0.496094
vt 0.246094 0.253906
vt 0.125000 0.375000
vt 0.003906 0.496094
vt 0.246094 0.253906
vn -0.234781 -0.676728 0.697795
vn -0.234781 -0.676728 0.697795
vn -0.234781 -0.676728 0.697795
vn -0.238685 -0.692160 0.681134
vn -0.238685 -0.692160 0.681134
vn -0.238685 -0.692160 0.681134
vn -0.194412 -0.946347 -0.258130
vn -0.194412 -0.946347 -0.258130
vn -0.194412 -0.946347 -0.258130
vn -0.187356 -0.920468 -0.342980
vn -0.187356 -0.920468 -0.342980
vn -0.187356 -0.920468 -0.342980
vn 0.106676 -0.000912 -0.994293
vn 0.106676 -0.000912 -0.994293
vn 0.106676 -0.000912 -0.994293
vn 0.105880 -0.005797 -0.994362
vn 0.105880 -0.005797 -0.994362
vn 0.105880 -0.005797 -0.994362
vn 0.253213 0.943934 -0.211829
vn 0.253213 0.943934 -0.211829
vn 0.253213 0.943934 -0.211829
vn 0.242578 0.960043 -0.139545
vn 0.242578 0.960043 -0.139545
vn 0.242578 0.960043 -0.139545
vn 0.095906 0.674545 0.731978
vn 0.095906 0.674545 0.731978
vn 0.095906 0.674545 0.731978
vn 0.078677 0.637160 0.766705
vn 0.078677 0.637160 0.766705
vn 0.078677 0.637160 0.766705
vn -0.347062 -0.695787 0.628831
vn -0.347062 -0.695787 0.628831
vn -0.347062 -0.695787 0.628831
vn -0.366337 -0.671957 0.643638
vn -0.366337 -0.671957 0.643638
vn -0.366337 -0.671957 0.643638
vn 0.380194 -0.922780 -0.062691
vn 0.380194 -0.922780 -0.062691
vn 0.380194 -0.922780 -0.062691
vn 0.336590 -0.941638 -0.005001
vn 0.336590 -0.941638 -0.005001
vn 0.336590 -0.941638 -0.005001
vn 0.709541 0.005292 -0.704644
vn 0.709541 0.005292 -0.704644
vn 0.709541 0.005292 -0.704644
vn 0.709501 0.005496 -0.704683
vn 0.709501 0.005496 -0.704683
vn 0.709501 0.005496 -0.704683
vn -0.018607 0.962111 -0.272022
vn -0.018607 0.962111 -0.272022
vn -0.018607 0.962111 -0.272022
vn 0.022461 0.951588 -0.306553
vn 0.022461 0.951588 -0.306553
vn 0.022461 0.951588 -0.306553
vn -0.611761 0.650009 0.450818
vn -0.611761 0.650009 0.450818
vn -0.611761 0.650009 0.450818
vn -0.594432 0.682818 0.424747
vn -0.594432 0.682818 0.424747
vn -0.594432 0.682818 0.424747
vn 0.967204 -0.233463 0.100056
vn 0.967204 -0.233463 0.100056
vn 0.967204 -0.233463 0.100056
vn 0.967204 -0.233463 0.100056
vn 0.967204 -0.233463 0.100056
vn 0.967204 -0.233463 0.100056
vn 0.967204 -0.233463 0.100056
vn 0.967204 -0.233463 0.100056
vn 0.967204 -0.233463 0.100056
vn 0.967204 -0.233463 0.100056
vn 0.967204 -0.233463 0.100056
vn 0.967204 -0.233463 0.100056
vn 0.967204 -0.233463 0.100056
vn 0.967204 -0.233463 0.100056
vn 0.967204 -0.233463 0.100056
vn 0.702902 0.224929 0.674786
vn 0.702902 0.224929 0.674786
vn 0.702902 0.224929 0.674786
vn 0.702902 0.224929 0.674786
vn 0.702902 0.224929 0.674786
vn 0.702902 0.224929 0.674786
vn 0.702902 0.224929 0.674786
vn 0.702902 0.224929 0.674786
vn 0.702902 0.224929 0.674786
vn 0.702902 0.224929 0.674786
vn 0.702902 0.224929 0.674786
vn 0.702902 0.224929 0.674786
vn 0.702902 0.224929 0.674786
vn 0.702902 0.224929 0.674786
vn 0.702902 0.224929 0.674786
f 3805/3805/3805 3806/3806/3806 3807/3807/3807
f 3808/3808/3808 3809/3809/3809 3810/3810/3810
f 3811/3811/3811 3812/3812/3812 3813/3813/3813
f 3814/3814/3814 3815/3815/3815 3816/3816/3816
f 3817/3817/3817 3818/3818/3818 3819/3819/3819
f 3820/3820/3820 3821/3821/3821 3822/3822/3822
f 3823/3823/3823 3824/3824/3824 3825/3825/3825
f 3826/3826/3826 3827/3827/3827 3828/3828/3828
f 3829/3829/3829 3830/3830/3830 3831/3831/3831
f 3832/3832/3832 3833/3833/3833 3834/3834/3834
f 3835/3835/3835 3836/3836/3836 3837/3837/3837
f 3838/3838/3838 3839/3839/3839 3840/3840/3840
f 3841/3841/3841 3842/3842/3842 3843/3843/3843
f 3844/3844/3844 3845/3845/3845 3846/3846/3846
f 3847/3847/3847 3848/3848/3848 3849/3849/3849
f 3850/3850/3850 3851/3851/3851 3852/3852/3852
f 3853/3853/3853 3854/3854/3854 3855/3855/3855
f 3856/3856/3856 3857/3857/3857 3858/3858/3858
f 3859/3859/3859 3860/3860/3860 3861/3861/3861
f 3862/3862/3862 3863/3863/3863 3864/3864/3864
f 3865/3865/3865 3866/3866/3866 3867/3867/3867
f 3868/3868/3868 3869/3869/3869 3870/3870/3870
f 3871/3871/3871 3872/3872/3872 3873/3873/3873
f 3874/3874/3874 3875/3875/3875 3876/3876/3876
f 3877/3877/3877 3878/3878/3878 3879/3879/3879
f 3880/3880/3880 3881/3881/3881 3882/3882/3882
f 3883/3883/3883 3884/3884/3884 3885/3885/3885
f 3886/3886/3886 3887/3887/3887 3888/3888/3888
f 3889/3889/3889 3890/3890/3890 3891/3891/3891
f 3892/3892/3892 3893/3893/3893 3894/3894/3894
o Mane0_0
usemtl PaintedTeaFantasy
v -1.044632 11.823148 -6.755288
v -0.322809 11.640494 -6.032894
v -0.408892 12.864947 -5.617903
v -1.044632 11.823148 -6.755288
v -0.408892 12.864947 -5.617903
v -1.323201 13.475756 -6.337436
v -0.322809 11.640494 -6.032894
v 0.845125 11.710262 -6.308824
v 1.070492 13.098255 -5.892740
v -0.322809 11.640494 -6.032894
v 1.070492 13.098255 -5.892740
v -0.408892 12.864947 -5.617903
v 0.845125 11.710262 -6.308824
v 0.845125 11.936034 -7.201753
v 1.070492 13.853256 -6.782131
v 0.845125 11.710262 -6.308824
v 1.070492 13.853256 -6.782131
v 1.070492 13.098255 -5.892740
v 0.845125 11.936034 -7.201753
v -0.322809 12.005801 -7.477683
v -0.408892 14.086564 -7.056968
v 0.845125 11.936034 -7.201753
v -0.408892 14.086564 -7.056968
v 1.070492 13.853256 -6.782131
v -0.322809 12.005801 -7.477683
v -1.044632 11.823148 -6.755288
v -1.323201 13.475756 -6.337436
v -0.322809 12.005801 -7.477683
v -1.323201 13.475756 -6.337436
v -0.408892 14.086564 -7.056968
v -1.323201 13.475756 -6.337436
v -0.408892 12.864947 -5.617903
v -0.009684 14.675354 -4.306264
v -1.323201 13.475756 -6.337436
v -0.009684 14.675354 -4.306264
v -0.031339 14.694493 -4.317813
v -0.408892 12.864947 -5.617903
v 1.070492 13.098255 -5.892740
v 0.025354 14.682665 -4.310675
v -0.408892 12.864947 -5.617903
v 0.025354 14.682665 -4.310675
v -0.009684 14.675354 -4.306264
v 1.070492 13.098255 -5.892740
v 1.070492 13.853256 -6.782131
v 0.025354 14.706322 -4.324951
v 1.070492 13.098255 -5.892740
v 0.025354 14.706322 -4.324951
v 0.025354 14.682665 -4.310675
v 1.070492 13.853256 -6.782131
v -0.408892 14.086564 -7.056968
v -0.009684 14.713632 -4.329363
v 1.070492 13.853256 -6.782131
v -0.009684 14.713632 -4.329363
v 0.025354 14.706322 -4.324951
v -0.408892 14.086564 -7.056968
v -1.323201 13.475756 -6.337436
v -0.031339 14.694493 -4.317813
v -0.408892 14.086564 -7.056968
v -0.031339 14.694493 -4.317813
v -0.009684 14.713632 -4.329363
v 0.000000 11.823148 -6.755288
v -1.044632 11.823148 -6.755288
v -0.322809 11.640494 -6.032894
v 0.000000 11.823148 -6.755288
v -0.322809 11.640494 -6.032894
v 0.845125 11.710262 -6.308824
v 0.000000 11.823148 -6.755288
v 0.845125 11.710262 -6.308824
v 0.845125 11.936034 -7.201753
v 0.000000 11.823148 -6.755288
v 0.845125 11.936034 -7.201753
v -0.322809 12.005801 -7.477683
v 0.000000 11.823148 -6.755288
v -0.322809 12.005801 -7.477683
v -1.044632 11.823148 -6.755288
v 0.000000 14.694493 -4.317813
v -0.031339 14.694493 -4.317813
v -0.009684 14.675354 -4.306264
v 0.000000 14.694493 -4.317813
v -0.009684 14.675354 -4.306264
v 0.025354 14.682665 -4.310675
v 0.000000 14.694493 -4.317813
v 0.025354 14.682665 -4.310675
v 0.025354 14.706322 -4.324951
v 0.000000 14.694493 -4.317813
v 0.025354 14.706322 -4.324951
v -0.009684 14.713632 -4.329363
v 0.000000 14.694493 -4.317813
v -0.009684 14.713632 -4.329363
v -0.031339 14.694493 -4.317813
vt 0.003906 0.996094
vt 0.052344 0.996094
vt 0.052344 0.875000
vt 0.003906 0.996094
vt 0.052344 0.875000
vt 0.003906 0.875000
vt 0.052344 0.996094
vt 0.100781 0.996094
vt 0.100781 0.875000
vt 0.052344 0.996094
vt 0.100781 0.875000
vt 0.052344 0.875000
vt 0.100781 0.996094
vt 0.149219 0.996094
vt 0.149219 0.875000
vt 0.100781 0.996094
vt 0.149219 0.875000
vt 0.100781 0.875000
vt 0.149219 0.996094
vt 0.197656 0.996094
vt 0.197656 0.875000
vt 0.149219 0.996094
vt 0.197656 0.875000
vt 0.149219 0.875000
vt 0.197656 0.996094
vt 0.246094 0.996094
vt 0.246094 0.875000
vt 0.197656 0.996094
vt 0.246094 0.875000
vt 0.197656 0.875000
vt 0.003906 0.875000
vt 0.052344 0.875000
vt 0.052344 0.753906
vt 0.003906 0.875000
vt 0.052344 0.753906
vt 0.003906 0.753906
vt 0.052344 0.875000
vt 0.100781 0.875000
vt 0.100781 0.753906
vt 0.052344 0.875000
vt 0.100781 0.753906
vt 0.052344 0.753906
vt 0.100781 0.875000
vt 0.149219 0.875000
vt 0.149219 0.753906
vt 0.100781 0.875000
vt 0.149219 0.753906
vt 0.100781 0.753906
vt 0.149219 0.875000
vt 0.197656 0.875000
vt 0.197656 0.753906
vt 0.149219 0.875000
vt 0.197656 0.753906
vt 0.149219 0.753906
vt 0.197656 0.875000
vt 0.246094 0.875000
vt 0.246094 0.753906
vt 0.197656 0.875000
vt 0.246094 0.753906
vt 0.197656 0.753906
vt 0.125000 0.875000
vt 0.003906 0.996094
vt 0.246094 0.753906
vt 0.125000 0.875000
vt 0.003906 0.996094
vt 0.246094 0.753906
vt 0.125000 0.875000
vt 0.003906 0.996094
vt 0.246094 0.753906
vt 0.125000 0.875000
vt 0.003906 0.996094
vt 0.246094 0.753906
vt 0.125000 0.875000
vt 0.003906 0.996094
vt 0.246094 0.753906
vt 0.125000 0.875000
vt 0.003906 0.996094
vt 0.246094 0.753906
vt 0.125000 0.875000
vt 0.003906 0.996094
vt 0.246094 0.753906
vt 0.125000 0.875000
vt 0.003906 0.996094
vt 0.246094 0.753906
vt 0.125000 0.875000
vt 0.003906 0.996094
vt 0.246094 0.753906
vt 0.125000 0.875000
vt 0.003906 0.996094
vt 0.246094 0.753906
vn -0.714460 -0.269119 0.645850
vn -0.714460 -0.269119 0.645850
vn -0.714460 -0.269119 0.645850
vn -0.702820 -0.283441 0.652461
vn -0.702820 -0.283441 0.652461
vn -0.702820 -0.283441 0.652461
vn 0.236021 -0.314000 0.919618
vn 0.236021 -0.314000 0.919618
vn 0.236021 -0.314000 0.919618
vn 0.219696 -0.299254 0.928537
vn 0.219696 -0.299254 0.928537
vn 0.219696 -0.299254 0.928537
vn 0.993465 -0.110657 -0.027979
vn 0.993465 -0.110657 -0.027979
vn 0.993465 -0.110657 -0.027979
vn 0.985892 -0.127605 -0.108324
vn 0.985892 -0.127605 -0.108324
vn 0.985892 -0.127605 -0.108324
vn 0.236597 0.201950 -0.950388
vn 0.236597 0.201950 -0.950388
vn 0.236597 0.201950 -0.950388
vn 0.207717 0.185782 -0.960385
vn 0.207717 0.185782 -0.960385
vn 0.207717 0.185782 -0.960385
vn -0.713353 0.056376 -0.698534
vn -0.713353 0.056376 -0.698534
vn -0.713353 0.056376 -0.698534
vn -0.662847 0.121949 -0.738757
vn -0.662847 0.121949 -0.738757
vn -0.662847 0.121949 -0.738757
vn -0.706613 -0.306317 0.637861
vn -0.706613 -0.306317 0.637861
vn -0.706613 -0.306317 0.637861
vn -0.668398 -0.365246 0.647951
vn -0.668398 -0.365246 0.647951
vn -0.668398 -0.365246 0.647951
vn 0.236639 -0.603900 0.761122
vn 0.236639 -0.603900 0.761122
vn 0.236639 -0.603900 0.761122
vn 0.222348 -0.603693 0.765582
vn 0.222348 -0.603693 0.765582
vn 0.222348 -0.603693 0.765582
vn 0.906251 0.322277 0.273580
vn 0.906251 0.322277 0.273580
vn 0.906251 0.322277 0.273580
vn 0.901195 0.223929 0.371083
vn 0.901195 0.223929 0.371083
vn 0.901195 0.223929 0.371083
vn 0.195537 0.949128 -0.246820
vn 0.195537 0.949128 -0.246820
vn 0.195537 0.949128 -0.246820
vn 0.226581 0.945950 -0.232034
vn 0.226581 0.945950 -0.232034
vn 0.226581 0.945950 -0.232034
vn -0.602594 0.792627 -0.092857
vn -0.602594 0.792627 -0.092857
vn -0.602594 0.792627 -0.092857
vn -0.680831 0.729276 -0.068013
vn -0.680831 0.729276 -0.068013
vn -0.680831 0.729276 -0.068013
vn 0.000000 0.969490 0.245130
vn 0.000000 0.969490 0.245130
vn 0.000000 0.969490 0.245130
vn -0.000000 0.969490 0.245130
vn -0.000000 0.969490 0.245130
vn -0.000000 0.969490 0.245130
vn -0.000000 0.969490 0.245130
vn -0.000000 0.969490 0.245130
vn -0.000000 0.969490 0.245130
vn 0.000000 0.969490 0.245130
vn 0.000000 0.969490 0.245130
vn 0.000000 0.969490 0.245130
vn 0.000000 0.969490 0.245130
vn 0.000000 0.969490 0.245130
vn 0.000000 0.969490 0.245130
vn 0.000000 0.516665 0.856188
vn 0.000000 0.516665 0.856188
vn 0.000000 0.516665 0.856188
vn 0.000000 0.516665 0.856188
vn 0.000000 0.516665 0.856188
vn 0.000000 0.516665 0.856188
vn 0.000000 0.516665 0.856188
vn 0.000000 0.516665 0.856188
vn 0.000000 0.516665 0.856188
vn -0.000000 0.516665 0.856188
vn -0.000000 0.516665 0.856188
vn -0.000000 0.516665 0.856188
vn 0.000000 0.516665 0.856188
vn 0.000000 0.516665 0.856188
vn 0.000000 0.516665 0.856188
f 3895/3895/3895 3896/3896/3896 3897/3897/3897
f 3898/3898/3898 3899/3899/3899 3900/3900/3900
f 3901/3901/3901 3902/3902/3902 3903/3903/3903
f 3904/3904/3904 3905/3905/3905 3906/3906/3906
f 3907/3907/3907 3908/3908/3908 3909/3909/3909
f 3910/3910/3910 3911/3911/3911 3912/3912/3912
f 3913/3913/3913 3914/3914/3914 3915/3915/3915
f 3916/3916/3916 3917/3917/3917 3918/3918/3918
f 3919/3919/3919 3920/3920/3920 3921/3921/3921
f 3922/3922/3922 3923/3923/3923 3924/3924/3924
f 3925/3925/3925 3926/3926/3926 3927/3927/3927
f 3928/3928/3928 3929/3929/3929 3930/3930/3930
f 3931/3931/3931 3932/3932/3932 3933/3933/3933
f 3934/3934/3934 3935/3935/3935 3936/3936/3936
f 3937/3937/3937 3938/3938/3938 3939/3939/3939
f 3940/3940/3940 3941/3941/3941 3942/3942/3942
f 3943/3943/3943 3944/3944/3944 3945/3945/3945
f 3946/3946/3946 3947/3947/3947 3948/3948/3948
f 3949/3949/3949 3950/3950/3950 3951/3951/3951
f 3952/3952/3952 3953/3953/3953 3954/3954/3954
f 3955/3955/3955 3956/3956/3956 3957/3957/3957
f 3958/3958/3958 3959/3959/3959 3960/3960/3960
f 3961/3961/3961 3962/3962/3962 3963/3963/3963
f 3964/3964/3964 3965/3965/3965 3966/3966/3966
f 3967/3967/3967 3968/3968/3968 3969/3969/3969
f 3970/3970/3970 3971/3971/3971 3972/3972/3972
f 3973/3973/3973 3974/3974/3974 3975/3975/3975
f 3976/3976/3976 3977/3977/3977 3978/3978/3978
f 3979/3979/3979 3980/3980/3980 3981/3981/3981
f 3982/3982/3982 3983/3983/3983 3984/3984/3984
o Mane0_1
usemtl PaintedTeaFantasy
v 1.124889 11.300838 -5.781534
v 1.912026 10.813954 -6.250153
v 2.595815 11.886992 -5.634608
v 1.124889 11.300838 -5.781534
v 2.595815 11.886992 -5.634608
v 1.521352 12.637826 -5.542142
v 1.912026 10.813954 -6.250153
v 2.134068 10.999927 -7.416852
v 3.646877 12.173785 -6.698358
v 1.912026 10.813954 -6.250153
v 3.646877 12.173785 -6.698358
v 2.595815 11.886992 -5.634608
v 2.134068 10.999927 -7.416852
v 1.484161 11.601749 -7.669293
v 3.222005 13.101868 -7.263325
v 2.134068 10.999927 -7.416852
v 3.222005 13.101868 -7.263325
v 3.646877 12.173785 -6.698358
v 1.484161 11.601749 -7.669293
v 0.860454 11.787722 -6.658610
v 1.908358 13.388661 -6.548744
v 1.484161 11.601749 -7.669293
v 1.908358 13.388661 -6.548744
v 3.222005 13.101868 -7.263325
v 0.860454 11.787722 -6.658610
v 1.124889 11.300838 -5.781534
v 1.521352 12.637826 -5.542142
v 0.860454 11.787722 -6.658610
v 1.521352 12.637826 -5.542142
v 1.908358 13.388661 -6.548744
v 1.521352 12.637826 -5.542142
v 2.595815 11.886992 -5.634608
v 3.330367 13.603475 -4.305711
v 1.521352 12.637826 -5.542142
v 3.330367 13.603475 -4.305711
v 3.306828 13.623806 -4.306810
v 2.595815 11.886992 -5.634608
v 3.646877 12.173785 -6.698358
v 3.361928 13.611241 -4.321337
v 2.595815 11.886992 -5.634608
v 3.361928 13.611241 -4.321337
v 3.330367 13.603475 -4.305711
v 3.646877 12.173785 -6.698358
v 3.222005 13.101868 -7.263325
v 3.357895 13.636371 -4.332093
v 3.646877 12.173785 -6.698358
v 3.357895 13.636371 -4.332093
v 3.361928 13.611241 -4.321337
v 3.222005 13.101868 -7.263325
v 1.908358 13.388661 -6.548744
v 3.323842 13.644136 -4.323115
v 3.222005 13.101868 -7.263325
v 3.323842 13.644136 -4.323115
v 3.357895 13.636371 -4.332093
v 1.908358 13.388661 -6.548744
v 1.521352 12.637826 -5.542142
v 3.306828 13.623806 -4.306810
v 1.908358 13.388661 -6.548744
v 3.306828 13.623806 -4.306810
v 3.323842 13.644136 -4.323115
v 1.503120 11.300838 -6.755288
v 1.124889 11.300838 -5.781534
v 1.912026 10.813954 -6.250153
v 1.503120 11.300838 -6.755288
v 1.912026 10.813954 -6.250153
v 2.134068 10.999927 -7.416852
v 1.503120 11.300838 -6.755288
v 2.134068 10.999927 -7.416852
v 1.484161 11.601749 -7.669293
v 1.503120 11.300838 -6.755288
v 1.484161 11.601749 -7.669293
v 0.860454 11.787722 -6.658610
v 1.503120 11.300838 -6.755288
v 0.860454 11.787722 -6.658610
v 1.124889 11.300838 -5.781534
v 3.336172 13.623806 -4.317813
v 3.306828 13.623806 -4.306810
v 3.330367 13.603475 -4.305711
v 3.336172 13.623806 -4.317813
v 3.330367 13.603475 -4.305711
v 3.361928 13.611241 -4.321337
v 3.336172 13.623806 -4.317813
v 3.361928 13.611241 -4.321337
v 3.357895 13.636371 -4.332093
v 3.336172 13.623806 -4.317813
v 3.357895 13.636371 -4.332093
v 3.323842 13.644136 -4.323115
v 3.336172 13.623806 -4.317813
v 3.323842 13.644136 -4.323115
v 3.306828 13.623806 -4.306810
vt 0.003906 0.996094
vt 0.052344 0.996094
vt 0.052344 0.875000
vt 0.003906 0.996094
vt 0.052344 0.875000
vt 0.003906 0.875000
vt 0.052344 0.996094
vt 0.100781 0.996094
vt 0.100781 0.875000
vt 0.052344 0.996094
vt 0.100781 0.875000
vt 0.052344 0.875000
vt 0.100781 0.996094
vt 0.149219 0.996094
vt 0.149219 0.875000
vt 0.100781 0.996094
vt 0.149219 0.875000
vt 0.100781 0.875000
vt 0.149219 0.996094
vt 0.197656 0.996094
vt 0.197656 0.875000
vt 0.149219 0.996094
vt 0.197656 0.875000
vt 0.149219 0.875000
vt 0.197656 0.996094
vt 0.246094 0.996094
vt 0.246094 0.875000
vt 0.197656 0.996094
vt 0.246094 0.875000
vt 0.197656 0.875000
vt 0.003906 0.875000
vt 0.052344 0.875000
vt 0.052344 0.753906
vt 0.003906 0.875000
vt 0.052344 0.753906
vt 0.003906 0.753906
vt 0.052344 0.875000
vt 0.100781 0.875000
vt 0.100781 0.753906
vt 0.052344 0.875000
vt 0.100781 0.753906
vt 0.052344 0.753906
vt 0.100781 0.875000
vt 0.149219 0.875000
vt 0.149219 0.753906
vt 0.100781 0.875000
vt 0.149219 0.753906
vt 0.100781 0.753906
vt 0.149219 0.875000
vt 0.197656 0.875000
vt 0.197656 0.753906
vt 0.149219 0.875000
vt 0.197656 0.753906
vt 0.149219 0.753906
vt 0.197656 0.875000
vt 0.246094 0.875000
vt 0.246094 0.753906
vt 0.197656 0.875000
vt 0.246094 0.753906
vt 0.197656 0.753906
vt 0.125000 0.875000
vt 0.003906 0.996094
vt 0.246094 0.753906
vt 0.125000 0.875000
vt 0.003906 0.996094
vt 0.246094 0.753906
vt 0.125000 0.875000
vt 0.003906 0.996094
vt 0.246094 0.753906
vt 0.125000 0.875000
vt 0.003906 0.996094
vt 0.246094 0.753906
vt 0.125000 0.875000
vt 0.003906 0.996094
vt 0.246094 0.753906
vt 0.125000 0.875000
vt 0.003906 0.996094
vt 0.246094 0.753906
vt 0.125000 0.875000
vt 0.003906 0.996094
vt 0.246094 0.753906
vt 0.125000 0.875000
vt 0.003906 0.996094
vt 0.246094 0.753906
vt 0.125000 0.875000
vt 0.003906 0.996094
vt 0.246094 0.753906
vt 0.125000 0.875000
vt 0.003906 0.996094
vt 0.246094 0.753906
vn 0.140998 -0.558693 0.817301
vn 0.140998 -0.558693 0.817301
vn 0.140998 -0.558693 0.817301
vn -0.031888 -0.166990 0.985443
vn -0.031888 -0.166990 0.985443
vn -0.031888 -0.166990 0.985443
vn 0.615526 -0.788071 -0.008475
vn 0.615526 -0.788071 -0.008475
vn 0.615526 -0.788071 -0.008475
vn 0.621713 -0.648308 0.439510
vn 0.621713 -0.648308 0.439510
vn 0.621713 -0.648308 0.439510
vn 0.293612 -0.082408 -0.952366
vn 0.293612 -0.082408 -0.952366
vn 0.293612 -0.082408 -0.952366
vn 0.557509 -0.230303 -0.797586
vn 0.557509 -0.230303 -0.797586
vn 0.557509 -0.230303 -0.797586
vn -0.697381 0.492225 -0.520937
vn -0.697381 0.492225 -0.520937
vn -0.697381 0.492225 -0.520937
vn -0.299772 0.556901 -0.774595
vn -0.299772 0.556901 -0.774595
vn -0.299772 0.556901 -0.774595
vn -0.902248 0.199056 0.382524
vn -0.902248 0.199056 0.382524
vn -0.902248 0.199056 0.382524
vn -0.836427 0.541822 0.082571
vn -0.836427 0.541822 0.082571
vn -0.836427 0.541822 0.082571
vn -0.284775 -0.507659 0.813133
vn -0.284775 -0.507659 0.813133
vn -0.284775 -0.507659 0.813133
vn -0.371883 -0.384913 0.844716
vn -0.371883 -0.384913 0.844716
vn -0.371883 -0.384913 0.844716
vn 0.631834 -0.627397 0.455148
vn 0.631834 -0.627397 0.455148
vn 0.631834 -0.627397 0.455148
vn 0.457780 -0.658425 0.597423
vn 0.457780 -0.658425 0.597423
vn 0.457780 -0.658425 0.597423
vn 0.927215 0.358512 -0.108359
vn 0.927215 0.358512 -0.108359
vn 0.927215 0.358512 -0.108359
vn 0.985982 0.165894 0.017875
vn 0.985982 0.165894 0.017875
vn 0.985982 0.165894 0.017875
vn 0.113079 0.976401 -0.183996
vn 0.113079 0.976401 -0.183996
vn 0.113079 0.976401 -0.183996
vn 0.172042 0.967671 -0.184428
vn 0.172042 0.967671 -0.184428
vn 0.172042 0.967671 -0.184428
vn -0.613848 0.727449 0.306607
vn -0.613848 0.727449 0.306607
vn -0.613848 0.727449 0.306607
vn -0.601318 0.741638 0.297303
vn -0.601318 0.741638 0.297303
vn -0.601318 0.741638 0.297303
vn 0.609089 0.756993 0.236585
vn 0.609089 0.756993 0.236585
vn 0.609089 0.756993 0.236585
vn 0.609089 0.756993 0.236585
vn 0.609089 0.756993 0.236585
vn 0.609089 0.756993 0.236585
vn 0.609089 0.756993 0.236585
vn 0.609089 0.756993 0.236585
vn 0.609089 0.756993 0.236585
vn 0.609089 0.756993 0.236585
vn 0.609089 0.756993 0.236585
vn 0.609089 0.756993 0.236585
vn 0.609089 0.756993 0.236585
vn 0.609089 0.756993 0.236585
vn 0.609089 0.756993 0.236585
vn 0.319315 0.415743 0.851584
vn 0.319315 0.415743 0.851584
vn 0.319315 0.415743 0.851584
vn 0.319315 0.415743 0.851584
vn 0.319315 0.415743 0.851584
vn 0.319315 0.415743 0.851584
vn 0.319315 0.415743 0.851584
vn 0.319315 0.415743 0.851584
vn 0.319315 0.415743 0.851584
vn 0.319315 0.415743 0.851584
vn 0.319315 0.415743 0.851584
vn 0.319315 0.415743 0.851584
vn 0.319315 0.415743 0.851584
vn 0.319315 0.415743 0.851584
vn 0.319315 0.415743 0.851584
f 3985/3985/3985 3986/3986/3986 3987/3987/3987
f 3988/3988/3988 3989/3989/3989 3990/3990/3990
f 3991/3991/3991 3992/3992/3992 3993/3993/3993
f 3994/3994/3994 3995/3995/3995 3996/3996/3996
f 3997/3997/3997 3998/3998/3998 3999/3999/3999
f 4000/4000/4000 4001/4001/4001 4002/4002/4002
f 4003/4003/4003 4004/4004/4004 4005/4005/4005
f 4006/4006/4006 4007/4007/4007 4008/4008/4008
f 4009/4009/4009 4010/4010/4010 4011/4011/4011
f 4012/4012/4012 4013/4013/4013 4014/4014/4014
f 4015/4015/4015 4016/4016/4016 4017/4017/4017
f 4018/4018/4018 4019/4019/4019 4020/4020/4020
f 4021/4021/4021 4022/4022/4022 4023/4023/4023
f 4024/4024/4024 4025/4025/4025 4026/4026/4026
f 4027/4027/4027 4028/4028/4028 4029/4029/4029
f 4030/4030/4030 4031/4031/4031 4032/4032/4032
f 4033/4033/4033 4034/4034/4034 4035/4035/4035
f 4036/4036/4036 4037/4037/4037 4038/4038/4038
f 4039/4039/4039 4040/4040/4040 4041/4041/4041
f 4042/4042/4042 4043/4043/4043 4044/4044/4044
f 4045/4045/4045 4046/4046/4046 4047/4047/4047
f 4048/4048/4048 4049/4049/4049 4050/4050/4050
f 4051/4051/4051 4052/4052/4052 4053/4053/4053
f 4054/4054/4054 4055/4055/4055 4056/4056/4056
f 4057/4057/4057 4058/4058/4058 4059/4059/4059
f 4060/4060/4060 4061/4061/4061 4062/4062/4062
f 4063/4063/4063 4064/4064/4064 4065/4065/4065
f 4066/4066/4066 4067/4067/4067 4068/4068/4068
f 4069/4069/4069 4070/4070/4070 4071/4071/4071
f 4072/4072/4072 4073/4073/4073 4074/4074/4074
o Mane0_2
usemtl PaintedTeaFantasy
v 2.188252 9.933415 -5.739515
v 2.555518 9.216875 -6.393680
v 4.077308 9.524512 -5.886589
v 2.188252 9.933415 -5.739515
v 4.077308 9.524512 -5.886589
v 3.332590 10.444099 -5.315161
v 2.555518 9.216875 -6.393680
v 2.752222 9.490569 -7.547575
v 4.953879 9.875763 -7.081072
v 2.555518 9.216875 -6.393680
v 4.953879 9.875763 -7.081072
v 4.077308 9.524512 -5.886589
v 2.752222 9.490569 -7.547575
v 2.506527 10.376260 -7.606557
v 4.750912 11.012435 -7.247874
v 2.752222 9.490569 -7.547575
v 4.750912 11.012435 -7.247874
v 4.953879 9.875763 -7.081072
v 2.506527 10.376260 -7.606557
v 2.157974 10.649954 -6.489114
v 3.748901 11.363686 -6.156481
v 2.506527 10.376260 -7.606557
v 3.748901 11.363686 -6.156481
v 4.750912 11.012435 -7.247874
v 2.157974 10.649954 -6.489114
v 2.188252 9.933415 -5.739515
v 3.332590 10.444099 -5.315161
v 2.157974 10.649954 -6.489114
v 3.332590 10.444099 -5.315161
v 3.748901 11.363686 -6.156481
v 3.332590 10.444099 -5.315161
v 4.077308 9.524512 -5.886589
v 5.391586 10.798634 -4.309781
v 3.332590 10.444099 -5.315161
v 5.391586 10.798634 -4.309781
v 5.371247 10.820709 -4.301557
v 4.077308 9.524512 -5.886589
v 4.953879 9.875763 -7.081072
v 5.420844 10.807066 -4.329105
v 4.077308 9.524512 -5.886589
v 5.420844 10.807066 -4.329105
v 5.391586 10.798634 -4.309781
v 4.953879 9.875763 -7.081072
v 4.750912 11.012435 -7.247874
v 5.418588 10.834352 -4.332824
v 4.953879 9.875763 -7.081072
v 5.418588 10.834352 -4.332824
v 5.420844 10.807066 -4.329105
v 4.750912 11.012435 -7.247874
v 3.748901 11.363686 -6.156481
v 5.387935 10.842784 -4.315799
v 4.750912 11.012435 -7.247874
v 5.387935 10.842784 -4.315799
v 5.418588 10.834352 -4.332824
v 3.748901 11.363686 -6.156481
v 3.332590 10.444099 -5.315161
v 5.371247 10.820709 -4.301557
v 3.748901 11.363686 -6.156481
v 5.371247 10.820709 -4.301557
v 5.387935 10.842784 -4.315799
v 2.432098 9.933415 -6.755288
v 2.188252 9.933415 -5.739515
v 2.555518 9.216875 -6.393680
v 2.432098 9.933415 -6.755288
v 2.555518 9.216875 -6.393680
v 2.752222 9.490569 -7.547575
v 2.432098 9.933415 -6.755288
v 2.752222 9.490569 -7.547575
v 2.506527 10.376260 -7.606557
v 2.432098 9.933415 -6.755288
v 2.506527 10.376260 -7.606557
v 2.157974 10.649954 -6.489114
v 2.432098 9.933415 -6.755288
v 2.157974 10.649954 -6.489114
v 2.188252 9.933415 -5.739515
v 5.398040 10.820709 -4.317813
v 5.371247 10.820709 -4.301557
v 5.391586 10.798634 -4.309781
v 5.398040 10.820709 -4.317813
v 5.391586 10.798634 -4.309781
v 5.420844 10.807066 -4.329105
v 5.398040 10.820709 -4.317813
v 5.420844 10.807066 -4.329105
v 5.418588 10.834352 -4.332824
v 5.398040 10.820709 -4.317813
v 5.418588 10.834352 -4.332824
v 5.387935 10.842784 -4.315799
v 5.398040 10.820709 -4.317813
v 5.387935 10.842784 -4.315799
v 5.371247 10.820709 -4.301557
vt 0.003906 0.996094
vt 0.052344 0.996094
vt 0.052344 0.875000
vt 0.003906 0.996094
vt 0.052344 0.875000
vt 0.003906 0.875000
vt 0.052344 0.996094
vt 0.100781 0.996094
vt 0.100781 0.875000
vt 0.052344 0.996094
vt 0.100781 0.875000
vt 0.052344 0.875000
vt 0.100781 0.996094
vt 0.149219 0.996094
vt 0.149219 0.875000
vt 0.100781 0.996094
vt 0.149219 0.875000
vt 0.100781 0.875000
vt 0.149219 0.996094
vt 0.197656 0.996094
vt 0.197656 0.875000
vt 0.149219 0.996094
vt 0.197656 0.875000
vt 0.149219 0.875000
vt 0.197656 0.996094
vt 0.246094 0.996094
vt 0.246094 0.875000
vt 0.197656 0.996094
vt 0.246094 0.875000
vt 0.197656 0.875000
vt 0.003906 0.875000
vt 0.052344 0.875000
vt 0.052344 0.753906
vt 0.003906 0.875000
vt 0.052344 0.753906
vt 0.003906 0.753906
vt 0.052344 0.875000
vt 0.100781 0.875000
vt 0.100781 0.753906
vt 0.052344 0.875000
vt 0.100781 0.753906
vt 0.052344 0.753906
vt 0.100781 0.875000
vt 0.149219 0.875000
vt 0.149219 0.753906
vt 0.100781 0.875000
vt 0.149219 0.753906
vt 0.100781 0.753906
vt 0.149219 0.875000
vt 0.197656 0.875000
vt 0.197656 0.753906
vt 0.149219 0.875000
vt 0.197656 0.753906
vt 0.149219 0.753906
vt 0.197656 0.875000
vt 0.246094 0.875000
vt 0.246094 0.753906
vt 0.197656 0.875000
vt 0.246094 0.753906
vt 0.197656 0.753906
vt 0.125000 0.875000
vt 0.003906 0.996094
vt 0.246094 0.753906
vt 0.125000 0.875000
vt 0.003906 0.996094
vt 0.246094 0.753906
vt 0.125000 0.875000
vt 0.003906 0.996094
vt 0.246094 0.753906
vt 0.125000 0.875000
vt 0.003906 0.996094
vt 0.246094 0.753906
vt 0.125000 0.875000
vt 0.003906 0.996094
vt 0.246094 0.753906
vt 0.125000 0.875000
vt 0.003906 0.996094
vt 0.246094 0.753906
vt 0.125000 0.875000
vt 0.003906 0.996094
vt 0.246094 0.753906
vt 0.125000 0.875000
vt 0.003906 0.996094
vt 0.246094 0.753906
vt 0.125000 0.875000
vt 0.003906 0.996094
vt 0.246094 0.753906
vt 0.125000 0.875000
vt 0.003906 0.996094
vt 0.246094 0.753906
vn -0.095672 -0.697440 0.710228
vn -0.095672 -0.697440 0.710228
vn -0.095672 -0.697440 0.710228
vn -0.056790 -0.559721 0.826733
vn -0.056790 -0.559721 0.826733
vn -0.056790 -0.559721 0.826733
vn 0.208454 -0.959014 -0.191934
vn 0.208454 -0.959014 -0.191934
vn 0.208454 -0.959014 -0.191934
vn 0.232942 -0.965893 -0.113087
vn 0.232942 -0.965893 -0.113087
vn 0.232942 -0.965893 -0.113087
vn 0.163402 -0.020356 -0.986350
vn 0.163402 -0.020356 -0.986350
vn 0.163402 -0.020356 -0.986350
vn 0.223306 -0.102376 -0.969357
vn 0.223306 -0.102376 -0.969357
vn 0.223306 -0.102376 -0.969357
vn -0.331094 0.887451 -0.320637
vn -0.331094 0.887451 -0.320637
vn -0.331094 0.887451 -0.320637
vn -0.177552 0.877533 -0.445434
vn -0.177552 0.877533 -0.445434
vn -0.177552 0.877533 -0.445434
vn -0.500467 0.615640 0.608704
vn -0.500467 0.615640 0.608704
vn -0.500467 0.615640 0.608704
vn -0.433963 0.707162 0.558210
vn -0.433963 0.707162 0.558210
vn -0.433963 0.707162 0.558210
vn -0.242233 -0.645993 0.723890
vn -0.242233 -0.645993 0.723890
vn -0.242233 -0.645993 0.723890
vn -0.286039 -0.554633 0.781386
vn -0.286039 -0.554633 0.781386
vn -0.286039 -0.554633 0.781386
vn 0.564399 -0.806284 0.177088
vn 0.564399 -0.806284 0.177088
vn 0.564399 -0.806284 0.177088
vn 0.445589 -0.840636 0.307866
vn 0.445589 -0.840636 0.307866
vn 0.445589 -0.840636 0.307866
vn 0.966809 0.141407 -0.212803
vn 0.966809 0.141407 -0.212803
vn 0.966809 0.141407 -0.212803
vn 0.981078 0.055864 -0.185379
vn 0.981078 0.055864 -0.185379
vn 0.981078 0.055864 -0.185379
vn 0.317131 0.948278 -0.014032
vn 0.317131 0.948278 -0.014032
vn 0.317131 0.948278 -0.014032
vn 0.264378 0.964418 -0.001637
vn 0.264378 0.964418 -0.001637
vn 0.264378 0.964418 -0.001637
vn -0.414511 0.709292 0.570163
vn -0.414511 0.709292 0.570163
vn -0.414511 0.709292 0.570163
vn -0.427400 0.695627 0.577436
vn -0.427400 0.695627 0.577436
vn -0.427400 0.695627 0.577436
vn 0.935066 0.274341 0.224472
vn 0.935066 0.274341 0.224472
vn 0.935066 0.274341 0.224472
vn 0.935066 0.274341 0.224472
vn 0.935066 0.274341 0.224472
vn 0.935066 0.274341 0.224472
vn 0.935066 0.274341 0.224472
vn 0.935066 0.274341 0.224472
vn 0.935066 0.274341 0.224472
vn 0.935066 0.274341 0.224472
vn 0.935066 0.274341 0.224472
vn 0.935066 0.274341 0.224472
vn 0.935066 0.274341 0.224472
vn 0.935066 0.274341 0.224472
vn 0.935066 0.274341 0.224472
vn 0.512238 0.157440 0.844290
vn 0.512238 0.157440 0.844290
vn 0.512238 0.157440 0.844290
vn 0.512238 0.157440 0.844290
vn 0.512238 0.157440 0.844290
vn 0.512238 0.157440 0.844290
vn 0.512238 0.157440 0.844290
vn 0.512238 0.157440 0.844290
vn 0.512238 0.157440 0.844290
vn 0.512238 0.157440 0.844290
vn 0.512238 0.157440 0.844290
vn 0.512238 0.157440 0.844290
vn 0.512238 0.157440 0.844290
vn 0.512238 0.157440 0.844290
vn 0.512238 0.157440 0.844290
f 4075/4075/4075 4076/4076/4076 4077/4077/4077
f 4078/4078/4078 4079/4079/4079 4080/4080/4080
f 4081/4081/4081 4082/4082/4082 4083/4083/4083
f 4084/4084/4084 4085/4085/4085 4086/4086/4086
f 4087/4087/4087 4088/4088/4088 4089/4089/4089
f 4090/4090/4090 4091/4091/4091 4092/4092/4092
f 4093/4093/4093 4094/4094/4094 4095/4095/4095
f 4096/4096/4096 4097/4097/4097 4098/4098/4098
f 4099/4099/4099 4100/4100/4100 4101/4101/4101
f 4102/4102/4102 4103/4103/4103 4104/4104/4104
f 4105/4105/4105 4106/4106/4106 4107/4107/4107
f 4108/4108/4108 4109/4109/4109 4110/4110/4110
f 4111/4111/4111 4112/4112/4112 4113/4113/4113
f 4114/4114/4114 4115/4115/4115 4116/4116/4116
f 4117/4117/4117 4118/4118/4118 4119/4119/4119
f 4120/4120/4120 4121/4121/4121 4122/4122/4122
f 4123/4123/4123 4124/4124/4124 4125/4125/4125
f 4126/4126/4126 4127/4127/4127 4128/4128/4128
f 4129/4129/4129 4130/4130/4130 4131/4131/4131
f 4132/4132/4132 4133/4133/4133 4134/4134/4134
f 4135/4135/4135 4136/4136/4136 4137/4137/4137
f 4138/4138/4138 4139/4139/4139 4140/4140/4140
f 4141/4141/4141 4142/4142/4142 4143/4143/4143
f 4144/4144/4144 4145/4145/4145 4146/4146/4146
f 4147/4147/4147 4148/4148/4148 4149/4149/4149
f 4150/4150/4150 4151/4151/4151 4152/4152/4152
f 4153/4153/4153 4154/4154/4154 4155/4155/4155
f 4156/4156/4156 4157/4157/4157 4158/4158/4158
f 4159/4159/4159 4160/4160/4160 4161/4161/4161
f 4162/4162/4162 4163/4163/4163 4164/4164/4164
o Mane0_3
usemtl PaintedTeaFantasy
v 2.188252 8.243186 -5.739515
v 2.157974 7.526647 -6.489114
v 3.748901 6.812915 -6.156481
v 2.188252 8.243186 -5.739515
v 3.748901 6.812915 -6.156481
v 3.332590 7.732502 -5.315161
v 2.157974 7.526647 -6.489114
v 2.506527 7.800340 -7.606557
v 4.750912 7.164166 -7.247874
v 2.157974 7.526647 -6.489114
v 4.750912 7.164166 -7.247874
v 3.748901 6.812915 -6.156481
v 2.506527 7.800340 -7.606557
v 2.752222 8.686032 -7.547575
v 4.953879 8.300838 -7.081072
v 2.506527 7.800340 -7.606557
v 4.953879 8.300838 -7.081072
v 4.750912 7.164166 -7.247874
v 2.752222 8.686032 -7.547575
v 2.555518 8.959726 -6.393680
v 4.077308 8.652089 -5.886589
v 2.752222 8.686032 -7.547575
v 4.077308 8.652089 -5.886589
v 4.953879 8.300838 -7.081072
v 2.555518 8.959726 -6.393680
v 2.188252 8.243186 -5.739515
v 3.332590 7.732502 -5.315161
v 2.555518 8.959726 -6.393680
v 3.332590 7.732502 -5.315161
v 4.077308 8.652089 -5.886589
v 3.332590 7.732502 -5.315161
v 3.748901 6.812915 -6.156481
v 5.387935 7.333816 -4.315799
v 3.332590 7.732502 -5.315161
v 5.387935 7.333816 -4.315799
v 5.371247 7.355891 -4.301557
v 3.748901 6.812915 -6.156481
v 4.750912 7.164166 -7.247874
v 5.418588 7.342248 -4.332824
v 3.748901 6.812915 -6.156481
v 5.418588 7.342248 -4.332824
v 5.387935 7.333816 -4.315799
v 4.750912 7.164166 -7.247874
v 4.953879 8.300838 -7.081072
v 5.420844 7.369535 -4.329105
v 4.750912 7.164166 -7.247874
v 5.420844 7.369535 -4.329105
v 5.418588 7.342248 -4.332824
v 4.953879 8.300838 -7.081072
v 4.077308 8.652089 -5.886589
v 5.391586 7.377967 -4.309781
v 4.953879 8.300838 -7.081072
v 5.391586 7.377967 -4.309781
v 5.420844 7.369535 -4.329105
v 4.077308 8.652089 -5.886589
v 3.332590 7.732502 -5.315161
v 5.371247 7.355891 -4.301557
v 4.077308 8.652089 -5.886589
v 5.371247 7.355891 -4.301557
v 5.391586 7.377967 -4.309781
v 2.432098 8.243186 -6.755288
v 2.188252 8.243186 -5.739515
v 2.157974 7.526647 -6.489114
v 2.432098 8.243186 -6.755288
v 2.157974 7.526647 -6.489114
v 2.506527 7.800340 -7.606557
v 2.432098 8.243186 -6.755288
v 2.506527 7.800340 -7.606557
v 2.752222 8.686032 -7.547575
v 2.432098 8.243186 -6.755288
v 2.752222 8.686032 -7.547575
v 2.555518 8.959726 -6.393680
v 2.432098 8.243186 -6.755288
v 2.555518 8.959726 -6.393680
v 2.188252 8.243186 -5.739515
v 5.398040 7.355891 -4.317813
v 5.371247 7.355891 -4.301557
v 5.387935 7.333816 -4.315799
v 5.398040 7.355891 -4.317813
v 5.387935 7.333816 -4.315799
v 5.418588 7.342248 -4.332824
v 5.398040 7.355891 -4.317813
v 5.418588 7.342248 -4.332824
v 5.420844 7.369535 -4.329105
v 5.398040 7.355891 -4.317813
v 5.420844 7.369535 -4.329105
v 5.391586 7.377967 -4.309781
v 5.398040 7.355891 -4.317813
v 5.391586 7.377967 -4.309781
v 5.371247 7.355891 -4.301557
vt 0.003906 0.996094
vt 0.052344 0.996094
vt 0.052344 0.875000
vt 0.003906 0.996094
vt 0.052344 0.875000
vt 0.003906 0.875000
vt 0.052344 0.996094
vt 0.100781 0.996094
vt 0.100781 0.875000
vt 0.052344 0.996094
vt 0.100781 0.875000
vt 0.052344 0.875000
vt 0.100781 0.996094
vt 0.149219 0.996094
vt 0.149219 0.875000
vt 0.100781 0.996094
vt 0.149219 0.875000
vt 0.100781 0.875000
vt 0.149219 0.996094
vt 0.197656 0.996094
vt 0.197656 0.875000
vt 0.149219 0.996094
vt 0.197656 0.875000
vt 0.149219 0.875000
vt 0.197656 0.996094
vt 0.246094 0.996094
vt 0.246094 0.875000
vt 0.197656 0.996094
vt 0.246094 0.875000
vt 0.197656 0.875000
vt 0.003906 0.875000
vt 0.052344 0.875000
vt 0.052344 0.753906
vt 0.003906 0.875000
vt 0.052344 0.753906
vt 0.003906 0.753906
vt 0.052344 0.875000
vt 0.100781 0.875000
vt 0.100781 0.753906
vt 0.052344 0.875000
vt 0.100781 0.753906
vt 0.052344 0.753906
vt 0.100781 0.875000
vt 0.149219 0.875000
vt 0.149219 0.753906
vt 0.100781 0.875000
vt 0.149219 0.753906
vt 0.100781 0.753906
vt 0.149219 0.875000
vt 0.197656 0.875000
vt 0.197656 0.753906
vt 0.149219 0.875000
vt 0.197656 0.753906
vt 0.149219 0.753906
vt 0.197656 0.875000
vt 0.246094 0.875000
vt 0.246094 0.753906
vt 0.197656 0.875000
vt 0.246094 0.753906
vt 0.197656 0.753906
vt 0.125000 0.875000
vt 0.003906 0.996094
vt 0.246094 0.753906
vt 0.125000 0.875000
vt 0.003906 0.996094
vt 0.246094 0.753906
vt 0.125000 0.875000
vt 0.003906 0.996094
vt 0.246094 0.753906
vt 0.125000 0.875000
vt 0.003906 0.996094
vt 0.246094 0.753906
vt 0.125000 0.875000
vt 0.003906 0.996094
vt 0.246094 0.753906
vt 0.125000 0.875000
vt 0.003906 0.996094
vt 0.246094 0.753906
vt 0.125000 0.875000
vt 0.003906 0.996094
vt 0.246094 0.753906
vt 0.125000 0.875000
vt 0.003906 0.996094
vt 0.246094 0.753906
vt 0.125000 0.875000
vt 0.003906 0.996094
vt 0.246094 0.753906
vt 0.125000 0.875000
vt 0.003906 0.996094
vt 0.246094 0.753906
vn -0.422808 -0.646485 0.635051
vn -0.422808 -0.646485 0.635051
vn -0.422808 -0.646485 0.635051
vn -0.501233 -0.696583 0.513359
vn -0.501233 -0.696583 0.513359
vn -0.501233 -0.696583 0.513359
vn -0.216534 -0.930497 -0.295447
vn -0.216534 -0.930497 -0.295447
vn -0.216534 -0.930497 -0.295447
vn -0.262863 -0.821644 -0.505771
vn -0.262863 -0.821644 -0.505771
vn -0.262863 -0.821644 -0.505771
vn 0.208500 0.007289 -0.977995
vn 0.208500 0.007289 -0.977995
vn 0.208500 0.007289 -0.977995
vn 0.187138 0.109834 -0.976174
vn 0.187138 0.109834 -0.976174
vn 0.187138 0.109834 -0.976174
vn 0.252823 0.950187 -0.182277
vn 0.252823 0.950187 -0.182277
vn 0.252823 0.950187 -0.182277
vn 0.199184 0.970042 -0.139080
vn 0.199184 0.970042 -0.139080
vn 0.199184 0.970042 -0.139080
vn 0.022156 0.667849 0.743967
vn 0.022156 0.667849 0.743967
vn 0.022156 0.667849 0.743967
vn -0.140231 0.602025 0.786067
vn -0.140231 0.602025 0.786067
vn -0.140231 0.602025 0.786067
vn -0.414741 -0.709269 0.570024
vn -0.414741 -0.709269 0.570024
vn -0.414741 -0.709269 0.570024
vn -0.419140 -0.694292 0.585047
vn -0.419140 -0.694292 0.585047
vn -0.419140 -0.694292 0.585047
vn 0.316600 -0.948447 -0.014574
vn 0.316600 -0.948447 -0.014574
vn 0.316600 -0.948447 -0.014574
vn 0.277747 -0.960343 0.024451
vn 0.277747 -0.960343 0.024451
vn 0.277747 -0.960343 0.024451
vn 0.966967 -0.141556 -0.211984
vn 0.966967 -0.141556 -0.211984
vn 0.966967 -0.141556 -0.211984
vn 0.974179 -0.050569 -0.220041
vn 0.974179 -0.050569 -0.220041
vn 0.974179 -0.050569 -0.220041
vn 0.565943 0.804858 0.178640
vn 0.565943 0.804858 0.178640
vn 0.565943 0.804858 0.178640
vn 0.406779 0.884059 0.230154
vn 0.406779 0.884059 0.230154
vn 0.406779 0.884059 0.230154
vn -0.241056 0.645537 0.724689
vn -0.241056 0.645537 0.724689
vn -0.241056 0.645537 0.724689
vn -0.329644 0.580955 0.744195
vn -0.329644 0.580955 0.744195
vn -0.329644 0.580955 0.744195
vn 0.935066 -0.274341 0.224472
vn 0.935066 -0.274341 0.224472
vn 0.935066 -0.274341 0.224472
vn 0.935066 -0.274341 0.224472
vn 0.935066 -0.274341 0.224472
vn 0.935066 -0.274341 0.224472
vn 0.935066 -0.274341 0.224472
vn 0.935066 -0.274341 0.224472
vn 0.935066 -0.274341 0.224472
vn 0.935066 -0.274341 0.224472
vn 0.935066 -0.274341 0.224472
vn 0.935066 -0.274341 0.224472
vn 0.935066 -0.274341 0.224472
vn 0.935066 -0.274341 0.224472
vn 0.935066 -0.274341 0.224472
vn 0.512238 -0.157440 0.844290
vn 0.512238 -0.157440 0.844290
vn 0.512238 -0.157440 0.844290
vn 0.512238 -0.157440 0.844290
vn 0.512238 -0.157440 0.844290
vn 0.512238 -0.157440 0.844290
vn 0.512238 -0.157440 0.844290
vn 0.512238 -0.157440 0.844290
vn 0.512238 -0.157440 0.844290
vn 0.512238 -0.157440 0.844290
vn 0.512238 -0.157440 0.844290
vn 0.512238 -0.157440 0.844290
vn 0.512238 -0.157440 0.844290
vn 0.512238 -0.157440 0.844290
vn 0.512238 -0.157440 0.844290
f 4165/4165/4165 4166/4166/4166 4167/4167/4167
f 4168/4168/4168 4169/4169/4169 4170/4170/4170
f 4171/4171/4171 4172/4172/4172 4173/4173/4173
f 4174/4174/4174 4175/4175/4175 4176/4176/4176
f 4177/4177/4177 4178/4178/4178 4179/4179/4179
f 4180/4180/4180 4181/4181/4181 4182/4182/4182
f 4183/4183/4183 4184/4184/4184 4185/4185/4185
f 4186/4186/4186 4187/4187/4187 4188/4188/4188
f 4189/4189/4189 4190/4190/4190 4191/4191/4191
f 4192/4192/4192 4193/4193/4193 4194/4194/4194
f 4195/4195/4195 4196/4196/4196 4197/4197/4197
f 4198/4198/4198 4199/4199/4199 4200/4200/4200
f 4201/4201/4201 4202/4202/4202 4203/4203/4203
f 4204/4204/4204 4205/4205/4205 4206/4206/4206
f 4207/4207/4207 4208/4208/4208 4209/4209/4209
f 4210/4210/4210 4211/4211/4211 4212/4212/4212
f 4213/4213/4213 4214/4214/4214 4215/4215/4215
f 4216/4216/4216 4217/4217/4217 4218/4218/4218
f 4219/4219/4219 4220/4220/4220 4221/4221/4221
f 4222/4222/4222 4223/4223/4223 4224/4224/4224
f 4225/4225/4225 4226/4226/4226 4227/4227/4227
f 4228/4228/4228 4229/4229/4229 4230/4230/4230
f 4231/4231/4231 4232/4232/4232 4233/4233/4233
f 4234/4234/4234 4235/4235/4235 4236/4236/4236
f 4237/4237/4237 4238/4238/4238 4239/4239/4239
f 4240/4240/4240 4241/4241/4241 4242/4242/4242
f 4243/4243/4243 4244/4244/4244 4245/4245/4245
f 4246/4246/4246 4247/4247/4247 4248/4248/4248
f 4249/4249/4249 4250/4250/4250 4251/4251/4251
f 4252/4252/4252 4253/4253/4253 4254/4254/4254
o Mane0_4
usemtl PaintedTeaFantasy
v 1.124889 6.875763 -5.781534
v 0.860454 6.388879 -6.658610
v 1.908358 4.787940 -6.548744
v 1.124889 6.875763 -5.781534
v 1.908358 4.787940 -6.548744
v 1.521352 5.538774 -5.542142
v 0.860454 6.388879 -6.658610
v 1.484161 6.574852 -7.669293
v 3.222005 5.074733 -7.263325
v 0.860454 6.388879 -6.658610
v 3.222005 5.074733 -7.263325
v 1.908358 4.787940 -6.548744
v 1.484161 6.574852 -7.669293
v 2.134068 7.176673 -7.416852
v 3.646877 6.002816 -6.698358
v 1.484161 6.574852 -7.669293
v 3.646877 6.002816 -6.698358
v 3.222005 5.074733 -7.263325
v 2.134068 7.176673 -7.416852
v 1.912026 7.362646 -6.250153
v 2.595815 6.289609 -5.634608
v 2.134068 7.176673 -7.416852
v 2.595815 6.289609 -5.634608
v 3.646877 6.002816 -6.698358
v 1.912026 7.362646 -6.250153
v 1.124889 6.875763 -5.781534
v 1.521352 5.538774 -5.542142
v 1.912026 7.362646 -6.250153
v 1.521352 5.538774 -5.542142
v 2.595815 6.289609 -5.634608
v 1.521352 5.538774 -5.542142
v 1.908358 4.787940 -6.548744
v 3.323842 4.532465 -4.323115
v 1.521352 5.538774 -5.542142
v 3.323842 4.532465 -4.323115
v 3.306828 4.552795 -4.306810
v 1.908358 4.787940 -6.548744
v 3.222005 5.074733 -7.263325
v 3.357895 4.540230 -4.332093
v 1.908358 4.787940 -6.548744
v 3.357895 4.540230 -4.332093
v 3.323842 4.532465 -4.323115
v 3.222005 5.074733 -7.263325
v 3.646877 6.002816 -6.698358
v 3.361928 4.565360 -4.321337
v 3.222005 5.074733 -7.263325
v 3.361928 4.565360 -4.321337
v 3.357895 4.540230 -4.332093
v 3.646877 6.002816 -6.698358
v 2.595815 6.289609 -5.634608
v 3.330367 4.573125 -4.305711
v 3.646877 6.002816 -6.698358
v 3.330367 4.573125 -4.305711
v 3.361928 4.565360 -4.321337
v 2.595815 6.289609 -5.634608
v 1.521352 5.538774 -5.542142
v 3.306828 4.552795 -4.306810
v 2.595815 6.289609 -5.634608
v 3.306828 4.552795 -4.306810
v 3.330367 4.573125 -4.305711
v 1.503120 6.875763 -6.755288
v 1.124889 6.875763 -5.781534
v 0.860454 6.388879 -6.658610
v 1.503120 6.875763 -6.755288
v 0.860454 6.388879 -6.658610
v 1.484161 6.574852 -7.669293
v 1.503120 6.875763 -6.755288
v 1.484161 6.574852 -7.669293
v 2.134068 7.176673 -7.416852
v 1.503120 6.875763 -6.755288
v 2.134068 7.176673 -7.416852
v 1.912026 7.362646 -6.250153
v 1.503120 6.875763 -6.755288
v 1.912026 7.362646 -6.250153
v 1.124889 6.875763 -5.781534
v 3.336172 4.552795 -4.317813
v 3.306828 4.552795 -4.306810
v 3.323842 4.532465 -4.323115
v 3.336172 4.552795 -4.317813
v 3.323842 4.532465 -4.323115
v 3.357895 4.540230 -4.332093
v 3.336172 4.552795 -4.317813
v 3.357895 4.540230 -4.332093
v 3.361928 4.565360 -4.321337
v 3.336172 4.552795 -4.317813
v 3.361928 4.565360 -4.321337
v 3.330367 4.573125 -4.305711
v 3.336172 4.552795 -4.317813
v 3.330367 4.573125 -4.305711
v 3.306828 4.552795 -4.306810
vt 0.003906 0.996094
vt 0.052344 0.996094
vt 0.052344 0.875000
vt 0.003906 0.996094
vt 0.052344 0.875000
vt 0.003906 0.875000
vt 0.052344 0.996094
vt 0.100781 0.996094
vt 0.100781 0.875000
vt 0.052344 0.996094
vt 0.100781 0.875000
vt 0.052344 0.875000
vt 0.100781 0.996094
vt 0.149219 0.996094
vt 0.149219 0.875000
vt 0.100781 0.996094
vt 0.149219 0.875000
vt 0.100781 0.875000
vt 0.149219 0.996094
vt 0.197656 0.996094
vt 0.197656 0.875000
vt 0.149219 0.996094
vt 0.197656 0.875000
vt 0.149219 0.875000
vt 0.197656 0.996094
vt 0.246094 0.996094
vt 0.246094 0.875000
vt 0.197656 0.996094
vt 0.246094 0.875000
vt 0.197656 0.875000
vt 0.003906 0.875000
vt 0.052344 0.875000
vt 0.052344 0.753906
vt 0.003906 0.875000
vt 0.052344 0.753906
vt 0.003906 0.753906
vt 0.052344 0.875000
vt 0.100781 0.875000
vt 0.100781 0.753906
vt 0.052344 0.875000
vt 0.100781 0.753906
vt 0.052344 0.753906
vt 0.100781 0.875000
vt 0.149219 0.875000
vt 0.149219 0.753906
vt 0.100781 0.875000
vt 0.149219 0.753906
vt 0.100781 0.753906
vt 0.149219 0.875000
vt 0.197656 0.875000
vt 0.197656 0.753906
vt 0.149219 0.875000
vt 0.197656 0.753906
vt 0.149219 0.753906
vt 0.197656 0.875000
vt 0.246094 0.875000
vt 0.246094 0.753906
vt 0.197656 0.875000
vt 0.246094 0.753906
vt 0.197656 0.753906
vt 0.125000 0.875000
vt 0.003906 0.996094
vt 0.246094 0.753906
vt 0.125000 0.875000
vt 0.003906 0.996094
vt 0.246094 0.753906
vt 0.125000 0.875000
vt 0.003906 0.996094
vt 0.246094 0.753906
vt 0.125000 0.875000
vt 0.003906 0.996094
vt 0.246094 0.753906
vt 0.125000 0.875000
vt 0.003906 0.996094
vt 0.246094 0.753906
vt 0.125000 0.875000
vt 0.003906 0.996094
vt 0.246094 0.753906
vt 0.125000 0.875000
vt 0.003906 0.996094
vt 0.246094 0.753906
vt 0.125000 0.875000
vt 0.003906 0.996094
vt 0.246094 0.753906
vt 0.125000 0.875000
vt 0.003906 0.996094
vt 0.246094 0.753906
vt 0.125000 0.875000
vt 0.003906 0.996094
vt 0.246094 0.753906
vn -0.748896 -0.457279 0.479635
vn -0.748896 -0.457279 0.479635
vn -0.748896 -0.457279 0.479635
vn -0.942959 -0.303940 -0.135826
vn -0.942959 -0.303940 -0.135826
vn -0.942959 -0.303940 -0.135826
vn -0.519218 -0.724278 -0.453690
vn -0.519218 -0.724278 -0.453690
vn -0.519218 -0.724278 -0.453690
vn -0.398014 -0.319536 -0.859931
vn -0.398014 -0.319536 -0.859931
vn -0.398014 -0.319536 -0.859931
vn 0.398844 -0.046555 -0.915836
vn 0.398844 -0.046555 -0.915836
vn 0.398844 -0.046555 -0.915836
vn 0.455715 0.301259 -0.837596
vn 0.455715 0.301259 -0.837596
vn 0.455715 0.301259 -0.837596
vn 0.823579 0.563235 0.066961
vn 0.823579 0.563235 0.066961
vn 0.823579 0.563235 0.066961
vn 0.503536 0.818406 0.276883
vn 0.503536 0.818406 0.276883
vn 0.503536 0.818406 0.276883
vn 0.365093 0.267905 0.891591
vn 0.365093 0.267905 0.891591
vn 0.365093 0.267905 0.891591
vn -0.195876 0.391051 0.899284
vn -0.195876 0.391051 0.899284
vn -0.195876 0.391051 0.899284
vn -0.613648 -0.727553 0.306761
vn -0.613648 -0.727553 0.306761
vn -0.613648 -0.727553 0.306761
vn -0.607936 -0.739848 0.288166
vn -0.607936 -0.739848 0.288166
vn -0.607936 -0.739848 0.288166
vn 0.113465 -0.976483 -0.183319
vn 0.113465 -0.976483 -0.183319
vn 0.113465 -0.976483 -0.183319
vn 0.163117 -0.963054 -0.214288
vn 0.163117 -0.963054 -0.214288
vn 0.163117 -0.963054 -0.214288
vn 0.927011 -0.359637 -0.106357
vn 0.927011 -0.359637 -0.106357
vn 0.927011 -0.359637 -0.106357
vn 0.989206 -0.129059 -0.069393
vn 0.989206 -0.129059 -0.069393
vn 0.989206 -0.129059 -0.069393
vn 0.633055 0.624767 0.457064
vn 0.633055 0.624767 0.457064
vn 0.633055 0.624767 0.457064
vn 0.433303 0.747261 0.503834
vn 0.433303 0.747261 0.503834
vn 0.433303 0.747261 0.503834
vn -0.283768 0.506361 0.814294
vn -0.283768 0.506361 0.814294
vn -0.283768 0.506361 0.814294
vn -0.416044 0.438647 0.796553
vn -0.416044 0.438647 0.796553
vn -0.416044 0.438647 0.796553
vn 0.609089 -0.756993 0.236585
vn 0.609089 -0.756993 0.236585
vn 0.609089 -0.756993 0.236585
vn 0.609089 -0.756993 0.236585
vn 0.609089 -0.756993 0.236585
vn 0.609089 -0.756993 0.236585
vn 0.609089 -0.756993 0.236585
vn 0.609089 -0.756993 0.236585
vn 0.609089 -0.756993 0.236585
vn 0.609089 -0.756993 0.236585
vn 0.609089 -0.756993 0.236585
vn 0.609089 -0.756993 0.236585
vn 0.609089 -0.756993 0.236585
vn 0.609089 -0.756993 0.236585
vn 0.609089 -0.756993 0.236585
vn 0.319315 -0.415743 0.851584
vn 0.319315 -0.415743 0.851584
vn 0.319315 -0.415743 0.851584
vn 0.319315 -0.415743 0.851584
vn 0.319315 -0.415743 0.851584
vn 0.319315 -0.415743 0.851584
vn 0.319315 -0.415743 0.851584
vn 0.319315 -0.415743 0.851584
vn 0.319315 -0.415743 0.851584
vn 0.319315 -0.415743 0.851584
vn 0.319315 -0.415743 0.851584
vn 0.319315 -0.415743 0.851584
vn 0.319315 -0.415743 0.851584
vn 0.319315 -0.415743 0.851584
vn 0.319315 -0.415743 0.851584
f 4255/4255/4255 4256/4256/4256 4257/4257/4257
f 4258/4258/4258 4259/4259/4259 4260/4260/4260
f 4261/4261/4261 4262/4262/4262 4263/4263/4263
f 4264/4264/4264 4265/4265/4265 4266/4266/4266
f 4267/4267/4267 4268/4268/4268 4269/4269/4269
f 4270/4270/4270 4271/4271/4271 4272/4272/4272
f 4273/4273/4273 4274/4274/4274 4275/4275/4275
f 4276/4276/4276 4277/4277/4277 4278/4278/4278
f 4279/4279/4279 4280/4280/4280 4281/4281/4281
f 4282/4282/4282 4283/4283/4283 4284/4284/4284
f 4285/4285/4285 4286/4286/4286 4287/4287/4287
f 4288/4288/4288 4289/4289/4289 4290/4290/4290
f 4291/4291/4291 4292/4292/4292 4293/4293/4293
f 4294/4294/4294 4295/4295/4295 4296/4296/4296
f 4297/4297/4297 4298/4298/4298 4299/4299/4299
f 4300/4300/4300 4301/4301/4301 4302/4302/4302
f 4303/4303/4303 4304/4304/4304 4305/4305/4305
f 4306/4306/4306 4307/4307/4307 4308/4308/4308
f 4309/4309/4309 4310/4310/4310 4311/4311/4311
f 4312/4312/4312 4313/4313/4313 4314/4314/4314
f 4315/4315/4315 4316/4316/4316 4317/4317/4317
f 4318/4318/4318 4319/4319/4319 4320/4320/4320
f 4321/4321/4321 4322/4322/4322 4323/4323/4323
f 4324/4324/4324 4325/4325/4325 4326/4326/4326
f 4327/4327/4327 4328/4328/4328 4329/4329/4329
f 4330/4330/4330 4331/4331/4331 4332/4332/4332
f 4333/4333/4333 4334/4334/4334 4335/4335/4335
f 4336/4336/4336 4337/4337/4337 4338/4338/4338
f 4339/4339/4339 4340/4340/4340 4341/4341/4341
f 4342/4342/4342 4343/4343/4343 4344/4344/4344
o Mane0_5
usemtl PaintedTeaFantasy
v -1.044632 6.353453 -6.755288
v -0.322809 6.170800 -7.477683
v -0.408892 4.090037 -7.056968
v -1.044632 6.353453 -6.755288
v -0.408892 4.090037 -7.056968
v -1.323201 4.700845 -6.337436
v -0.322809 6.170800 -7.477683
v 0.845125 6.240567 -7.201753
v 1.070492 4.323345 -6.782131
v -0.322809 6.170800 -7.477683
v 1.070492 4.323345 -6.782131
v -0.408892 4.090037 -7.056968
v 0.845125 6.240567 -7.201753
v 0.845125 6.466339 -6.308824
v 1.070492 5.078345 -5.892740
v 0.845125 6.240567 -7.201753
v 1.070492 5.078345 -5.892740
v 1.070492 4.323345 -6.782131
v 0.845125 6.466339 -6.308824
v -0.322809 6.536107 -6.032894
v -0.408892 5.311653 -5.617903
v 0.845125 6.466339 -6.308824
v -0.408892 5.311653 -5.617903
v 1.070492 5.078345 -5.892740
v -0.322809 6.536107 -6.032894
v -1.044632 6.353453 -6.755288
v -1.323201 4.700845 -6.337436
v -0.322809 6.536107 -6.032894
v -1.323201 4.700845 -6.337436
v -0.408892 5.311653 -5.617903
v -1.323201 4.700845 -6.337436
v -0.408892 4.090037 -7.056968
v -0.009684 3.462968 -4.329363
v -1.323201 4.700845 -6.337436
v -0.009684 3.462968 -4.329363
v -0.031339 3.482107 -4.317813
v -0.408892 4.090037 -7.056968
v 1.070492 4.323345 -6.782131
v 0.025354 3.470279 -4.324951
v -0.408892 4.090037 -7.056968
v 0.025354 3.470279 -4.324951
v -0.009684 3.462968 -4.329363
v 1.070492 4.323345 -6.782131
v 1.070492 5.078345 -5.892740
v 0.025354 3.493936 -4.310675
v 1.070492 4.323345 -6.782131
v 0.025354 3.493936 -4.310675
v 0.025354 3.470279 -4.324951
v 1.070492 5.078345 -5.892740
v -0.408892 5.311653 -5.617903
v -0.009684 3.501247 -4.306264
v 1.070492 5.078345 -5.892740
v -0.009684 3.501247 -4.306264
v 0.025354 3.493936 -4.310675
v -0.408892 5.311653 -5.617903
v -1.323201 4.700845 -6.337436
v -0.031339 3.482107 -4.317813
v -0.408892 5.311653 -5.617903
v -0.031339 3.482107 -4.317813
v -0.009684 3.501247 -4.306264
v 0.000000 6.353453 -6.755288
v -1.044632 6.353453 -6.755288
v -0.322809 6.170800 -7.477683
v 0.000000 6.353453 -6.755288
v -0.322809 6.170800 -7.477683
v 0.845125 6.240567 -7.201753
v 0.000000 6.353453 -6.755288
v 0.845125 6.240567 -7.201753
v 0.845125 6.466339 -6.308824
v 0.000000 6.353453 -6.755288
v 0.845125 6.466339 -6.308824
v -0.322809 6.536107 -6.032894
v 0.000000 6.353453 -6.755288
v -0.322809 6.536107 -6.032894
v -1.044632 6.353453 -6.755288
v 0.000000 3.482107 -4.317813
v -0.031339 3.482107 -4.317813
v -0.009684 3.462968 -4.329363
v 0.000000 3.482107 -4.317813
v -0.009684 3.462968 -4.329363
v 0.025354 3.470279 -4.324951
v 0.000000 3.482107 -4.317813
v 0.025354 3.470279 -4.324951
v 0.025354 3.493936 -4.310675
v 0.000000 3.482107 -4.317813
v 0.025354 3.493936 -4.310675
v -0.009684 3.501247 -4.306264
v 0.000000 3.482107 -4.317813
v -0.009684 3.501247 -4.306264
v -0.031339 3.482107 -4.317813
vt 0.003906 0.996094
vt 0.052344 0.996094
vt 0.052344 0.875000
vt 0.003906 0.996094
vt 0.052344 0.875000
vt 0.003906 0.875000
vt 0.052344 0.996094
vt 0.100781 0.996094
vt 0.100781 0.875000
vt 0.052344 0.996094
vt 0.100781 0.875000
vt 0.052344 0.875000
vt 0.100781 0.996094
vt 0.149219 0.996094
vt 0.149219 0.875000
vt 0.100781 0.996094
vt 0.149219 0.875000
vt 0.100781 0.875000
vt 0.149219 0.996094
vt 0.197656 0.996094
vt 0.197656 0.875000
vt 0.149219 0.996094
vt 0.197656 0.875000
vt 0.149219 0.875000
vt 0.197656 0.996094
vt 0.246094 0.996094
vt 0.246094 0.875000
vt 0.197656 0.996094
vt 0.246094 0.875000
vt 0.197656 0.875000
vt 0.003906 0.875000
vt 0.052344 0.875000
vt 0.052344 0.753906
vt 0.003906 0.875000
vt 0.052344 0.753906
vt 0.003906 0.753906
vt 0.052344 0.875000
vt 0.100781 0.875000
vt 0.100781 0.753906
vt 0.052344 0.875000
vt 0.100781 0.753906
vt 0.052344 0.753906
vt 0.100781 0.875000
vt 0.149219 0.875000
vt 0.149219 0.753906
vt 0.100781 0.875000
vt 0.149219 0.753906
vt 0.100781 0.753906
vt 0.149219 0.875000
vt 0.197656 0.875000
vt 0.197656 0.753906
vt 0.149219 0.875000
vt 0.197656 0.753906
vt 0.149219 0.753906
vt 0.197656 0.875000
vt 0.246094 0.875000
vt 0.246094 0.753906
vt 0.197656 0.875000
vt 0.246094 0.753906
vt 0.197656 0.753906
vt 0.125000 0.875000
vt 0.003906 0.996094
vt 0.246094 0.753906
vt 0.125000 0.875000
vt 0.003906 0.996094
vt 0.246094 0.753906
vt 0.125000 0.875000
vt 0.003906 0.996094
vt 0.246094 0.753906
vt 0.125000 0.875000
vt 0.003906 0.996094
vt 0.246094 0.753906
vt 0.125000 0.875000
vt 0.003906 0.996094
vt 0.246094 0.753906
vt 0.125000 0.875000
vt 0.003906 0.996094
vt 0.246094 0.753906
vt 0.125000 0.875000
vt 0.003906 0.996094
vt 0.246094 0.753906
vt 0.125000 0.875000
vt 0.003906 0.996094
vt 0.246094 0.753906
vt 0.125000 0.875000
vt 0.003906 0.996094
vt 0.246094 0.753906
vt 0.125000 0.875000
vt 0.003906 0.996094
vt 0.246094 0.753906
vn -0.716843 -0.109568 -0.688572
vn -0.716843 -0.109568 -0.688572
vn -0.716843 -0.109568 -0.688572
vn -0.649486 -0.081665 -0.755976
vn -0.649486 -0.081665 -0.755976
vn -0.649486 -0.081665 -0.755976
vn 0.236357 -0.181156 -0.954630
vn 0.236357 -0.181156 -0.954630
vn 0.236357 -0.181156 -0.954630
vn 0.209602 -0.202103 -0.956672
vn 0.209602 -0.202103 -0.956672
vn 0.209602 -0.202103 -0.956672
vn 0.988098 0.149132 -0.037707
vn 0.988098 0.149132 -0.037707
vn 0.988098 0.149132 -0.037707
vn 0.991652 0.098303 -0.083449
vn 0.991652 0.098303 -0.083449
vn 0.991652 0.098303 -0.083449
vn 0.236319 0.296950 0.925189
vn 0.236319 0.296950 0.925189
vn 0.236319 0.296950 0.925189
vn 0.220945 0.312795 0.923765
vn 0.220945 0.312795 0.923765
vn 0.220945 0.312795 0.923765
vn -0.713353 0.282415 0.641381
vn -0.713353 0.282415 0.641381
vn -0.713353 0.282415 0.641381
vn -0.700864 0.272663 0.659125
vn -0.700864 0.272663 0.659125
vn -0.700864 0.272663 0.659125
vn -0.603061 -0.792155 -0.093851
vn -0.603061 -0.792155 -0.093851
vn -0.603061 -0.792155 -0.093851
vn -0.668398 -0.743504 -0.021122
vn -0.668398 -0.743504 -0.021122
vn -0.668398 -0.743504 -0.021122
vn 0.195479 -0.949248 -0.246408
vn 0.195479 -0.949248 -0.246408
vn 0.195479 -0.949248 -0.246408
vn 0.227804 -0.941144 -0.249707
vn 0.227804 -0.941144 -0.249707
vn 0.227804 -0.941144 -0.249707
vn 0.905613 -0.323319 0.274464
vn 0.905613 -0.323319 0.274464
vn 0.905613 -0.323319 0.274464
vn 0.925013 -0.196299 0.325296
vn 0.925013 -0.196299 0.325296
vn 0.925013 -0.196299 0.325296
vn 0.236637 0.603718 0.761267
vn 0.236637 0.603718 0.761267
vn 0.236637 0.603718 0.761267
vn 0.223125 0.611127 0.759433
vn 0.223125 0.611127 0.759433
vn 0.223125 0.611127 0.759433
vn -0.706730 0.307075 0.637367
vn -0.706730 0.307075 0.637367
vn -0.706730 0.307075 0.637367
vn -0.658830 0.340671 0.670736
vn -0.658830 0.340671 0.670736
vn -0.658830 0.340671 0.670736
vn 0.000000 -0.969490 0.245130
vn 0.000000 -0.969490 0.245130
vn 0.000000 -0.969490 0.245130
vn -0.000000 -0.969490 0.245130
vn -0.000000 -0.969490 0.245130
vn -0.000000 -0.969490 0.245130
vn 0.000000 -0.969490 0.245130
vn 0.000000 -0.969490 0.245130
vn 0.000000 -0.969490 0.245130
vn 0.000000 -0.969490 0.245130
vn 0.000000 -0.969490 0.245130
vn 0.000000 -0.969490 0.245130
vn 0.000000 -0.969490 0.245130
vn 0.000000 -0.969490 0.245130
vn 0.000000 -0.969490 0.245130
vn 0.000000 -0.516665 0.856188
vn 0.000000 -0.516665 0.856188
vn 0.000000 -0.516665 0.856188
vn 0.000000 -0.516665 0.856188
vn 0.000000 -0.516665 0.856188
vn 0.000000 -0.516665 0.856188
vn 0.000000 -0.516665 0.856188
vn 0.000000 -0.516665 0.856188
vn 0.000000 -0.516665 0.856188
vn -0.000000 -0.516665 0.856188
vn -0.000000 -0.516665 0.856188
vn -0.000000 -0.516665 0.856188
vn 0.000000 -0.516665 0.856188
vn 0.000000 -0.516665 0.856188
vn 0.000000 -0.516665 0.856188
f 4345/4345/4345 4346/4346/4346 4347/4347/4347
f 4348/4348/4348 4349/4349/4349 4350/4350/4350
f 4351/4351/4351 4352/4352/4352 4353/4353/4353
f 4354/4354/4354 4355/4355/4355 4356/4356/4356
f 4357/4357/4357 4358/4358/4358 4359/4359/4359
f 4360/4360/4360 4361/4361/4361 4362/4362/4362
f 4363/4363/4363 4364/4364/4364 4365/4365/4365
f 4366/4366/4366 4367/4367/4367 4368/4368/4368
f 4369/4369/4369 4370/4370/4370 4371/4371/4371
f 4372/4372/4372 4373/4373/4373 4374/4374/4374
f 4375/4375/4375 4376/4376/4376 4377/4377/4377
f 4378/4378/4378 4379/4379/4379 4380/4380/4380
f 4381/4381/4381 4382/4382/4382 4383/4383/4383
f 4384/4384/4384 4385/4385/4385 4386/4386/4386
f 4387/4387/4387 4388/4388/4388 4389/4389/4389
f 4390/4390/4390 4391/4391/4391 4392/4392/4392
f 4393/4393/4393 4394/4394/4394 4395/4395/4395
f 4396/4396/4396 4397/4397/4397 4398/4398/4398
f 4399/4399/4399 4400/4400/4400 4401/4401/4401
f 4402/4402/4402 4403/4403/4403 4404/4404/4404
f 4405/4405/4405 4406/4406/4406 4407/4407/4407
f 4408/4408/4408 4409/4409/4409 4410/4410/4410
f 4411/4411/4411 4412/4412/4412 4413/4413/4413
f 4414/4414/4414 4415/4415/4415 4416/4416/4416
f 4417/4417/4417 4418/4418/4418 4419/4419/4419
f 4420/4420/4420 4421/4421/4421 4422/4422/4422
f 4423/4423/4423 4424/4424/4424 4425/4425/4425
f 4426/4426/4426 4427/4427/4427 4428/4428/4428
f 4429/4429/4429 4430/4430/4430 4431/4431/4431
f 4432/4432/4432 4433/4433/4433 4434/4434/4434
o Mane0_6
usemtl PaintedTeaFantasy
v -1.881350 6.875763 -7.729043
v -1.094213 6.388879 -7.260424
v -2.561948 4.787940 -7.040263
v -1.881350 6.875763 -7.729043
v -2.561948 4.787940 -7.040263
v -3.636411 5.538774 -7.132729
v -1.094213 6.388879 -7.260424
v -0.872171 6.574852 -6.093724
v -1.510886 5.074733 -5.976513
v -1.094213 6.388879 -7.260424
v -1.510886 5.074733 -5.976513
v -2.561948 4.787940 -7.040263
v -0.872171 6.574852 -6.093724
v -1.522078 7.176673 -5.841284
v -1.935758 6.002816 -5.411546
v -0.872171 6.574852 -6.093724
v -1.935758 6.002816 -5.411546
v -1.510886 5.074733 -5.976513
v -1.522078 7.176673 -5.841284
v -2.145785 7.362646 -6.851967
v -3.249405 6.289609 -6.126127
v -1.522078 7.176673 -5.841284
v -3.249405 6.289609 -6.126127
v -1.935758 6.002816 -5.411546
v -2.145785 7.362646 -6.851967
v -1.881350 6.875763 -7.729043
v -3.636411 5.538774 -7.132729
v -2.145785 7.362646 -6.851967
v -3.636411 5.538774 -7.132729
v -3.249405 6.289609 -6.126127
v -3.636411 5.538774 -7.132729
v -2.561948 4.787940 -7.040263
v -3.341977 4.532465 -4.329915
v -3.636411 5.538774 -7.132729
v -3.341977 4.532465 -4.329915
v -3.365516 4.552795 -4.328816
v -2.561948 4.787940 -7.040263
v -1.510886 5.074733 -5.976513
v -3.310416 4.540230 -4.314290
v -2.561948 4.787940 -7.040263
v -3.310416 4.540230 -4.314290
v -3.341977 4.532465 -4.329915
v -1.510886 5.074733 -5.976513
v -1.935758 6.002816 -5.411546
v -3.314449 4.565360 -4.303534
v -1.510886 5.074733 -5.976513
v -3.314449 4.565360 -4.303534
v -3.310416 4.540230 -4.314290
v -1.935758 6.002816 -5.411546
v -3.249405 6.289609 -6.126127
v -3.348503 4.573125 -4.312511
v -1.935758 6.002816 -5.411546
v -3.348503 4.573125 -4.312511
v -3.314449 4.565360 -4.303534
v -3.249405 6.289609 -6.126127
v -3.636411 5.538774 -7.132729
v -3.365516 4.552795 -4.328816
v -3.249405 6.289609 -6.126127
v -3.365516 4.552795 -4.328816
v -3.348503 4.573125 -4.312511
v -1.503120 6.875763 -6.755288
v -1.881350 6.875763 -7.729043
v -1.094213 6.388879 -7.260424
v -1.503120 6.875763 -6.755288
v -1.094213 6.388879 -7.260424
v -0.872171 6.574852 -6.093724
v -1.503120 6.875763 -6.755288
v -0.872171 6.574852 -6.093724
v -1.522078 7.176673 -5.841284
v -1.503120 6.875763 -6.755288
v -1.522078 7.176673 -5.841284
v -2.145785 7.362646 -6.851967
v -1.503120 6.875763 -6.755288
v -2.145785 7.362646 -6.851967
v -1.881350 6.875763 -7.729043
v -3.336172 4.552795 -4.317813
v -3.365516 4.552795 -4.328816
v -3.341977 4.532465 -4.329915
v -3.336172 4.552795 -4.317813
v -3.341977 4.532465 -4.329915
v -3.310416 4.540230 -4.314290
v -3.336172 4.552795 -4.317813
v -3.310416 4.540230 -4.314290
v -3.314449 4.565360 -4.303534
v -3.336172 4.552795 -4.317813
v -3.314449 4.565360 -4.303534
v -3.348503 4.573125 -4.312511
v -3.336172 4.552795 -4.317813
v -3.348503 4.573125 -4.312511
v -3.365516 4.552795 -4.328816
vt 0.003906 0.996094
vt 0.052344 0.996094
vt 0.052344 0.875000
vt 0.003906 0.996094
vt 0.052344 0.875000
vt 0.003906 0.875000
vt 0.052344 0.996094
vt 0.100781 0.996094
vt 0.100781 0.875000
vt 0.052344 0.996094
vt 0.100781 0.875000
vt 0.052344 0.875000
vt 0.100781 0.996094
vt 0.149219 0.996094
vt 0.149219 0.875000
vt 0.100781 0.996094
vt 0.149219 0.875000
vt 0.100781 0.875000
vt 0.149219 0.996094
vt 0.197656 0.996094
vt 0.197656 0.875000
vt 0.149219 0.996094
vt 0.197656 0.875000
vt 0.149219 0.875000
vt 0.197656 0.996094
vt 0.246094 0.996094
vt 0.246094 0.875000
vt 0.197656 0.996094
vt 0.246094 0.875000
vt 0.197656 0.875000
vt 0.003906 0.875000
vt 0.052344 0.875000
vt 0.052344 0.753906
vt 0.003906 0.875000
vt 0.052344 0.753906
vt 0.003906 0.753906
vt 0.052344 0.875000
vt 0.100781 0.875000
vt 0.100781 0.753906
vt 0.052344 0.875000
vt 0.100781 0.753906
vt 0.052344 0.753906
vt 0.100781 0.875000
vt 0.149219 0.875000
vt 0.149219 0.753906
vt 0.100781 0.875000
vt 0.149219 0.753906
vt 0.100781 0.753906
vt 0.149219 0.875000
vt 0.197656 0.875000
vt 0.197656 0.753906
vt 0.149219 0.875000
vt 0.197656 0.753906
vt 0.149219 0.753906
vt 0.197656 0.875000
vt 0.246094 0.875000
vt 0.246094 0.753906
vt 0.197656 0.875000
vt 0.246094 0.753906
vt 0.197656 0.753906
vt 0.125000 0.875000
vt 0.003906 0.996094
vt 0.246094 0.753906
vt 0.125000 0.875000
vt 0.003906 0.996094
vt 0.246094 0.753906
vt 0.125000 0.875000
vt 0.003906 0.996094
vt 0.246094 0.753906
vt 0.125000 0.875000
vt 0.003906 0.996094
vt 0.246094 0.753906
vt 0.125000 0.875000
vt 0.003906 0.996094
vt 0.246094 0.753906
vt 0.125000 0.875000
vt 0.003906 0.996094
vt 0.246094 0.753906
vt 0.125000 0.875000
vt 0.003906 0.996094
vt 0.246094 0.753906
vt 0.125000 0.875000
vt 0.003906 0.996094
vt 0.246094 0.753906
vt 0.125000 0.875000
vt 0.003906 0.996094
vt 0.246094 0.753906
vt 0.125000 0.875000
vt 0.003906 0.996094
vt 0.246094 0.753906
vn 0.286014 -0.383007 -0.878351
vn 0.286014 -0.383007 -0.878351
vn 0.286014 -0.383007 -0.878351
vn -0.112256 -0.278122 -0.953964
vn -0.112256 -0.278122 -0.953964
vn -0.112256 -0.278122 -0.953964
vn 0.911335 -0.396637 -0.110218
vn 0.911335 -0.396637 -0.110218
vn 0.911335 -0.396637 -0.110218
vn 0.627370 -0.636807 -0.448200
vn 0.627370 -0.636807 -0.448200
vn 0.627370 -0.636807 -0.448200
vn 0.475448 0.149809 0.866895
vn 0.475448 0.149809 0.866895
vn 0.475448 0.149809 0.866895
vn 0.601874 -0.195770 0.774223
vn 0.601874 -0.195770 0.774223
vn 0.601874 -0.195770 0.774223
vn -0.467489 0.772058 0.430559
vn -0.467489 0.772058 0.430559
vn -0.467489 0.772058 0.430559
vn -0.357351 0.429545 0.829332
vn -0.357351 0.429545 0.829332
vn -0.357351 0.429545 0.829332
vn -0.623327 0.588670 -0.514714
vn -0.623327 0.588670 -0.514714
vn -0.623327 0.588670 -0.514714
vn -0.745731 0.638675 -0.189685
vn -0.745731 0.638675 -0.189685
vn -0.745731 0.638675 -0.189685
vn -0.543589 -0.806518 -0.232465
vn -0.543589 -0.806518 -0.232465
vn -0.543589 -0.806518 -0.232465
vn -0.646097 -0.737423 -0.196889
vn -0.646097 -0.737423 -0.196889
vn -0.646097 -0.737423 -0.196889
vn 0.274505 -0.961511 -0.012002
vn 0.274505 -0.961511 -0.012002
vn 0.274505 -0.961511 -0.012002
vn 0.248142 -0.968520 -0.019877
vn 0.248142 -0.968520 -0.019877
vn 0.248142 -0.968520 -0.019877
vn 0.692889 -0.116013 0.711650
vn 0.692889 -0.116013 0.711650
vn 0.692889 -0.116013 0.711650
vn 0.695910 -0.185279 0.693817
vn 0.695910 -0.185279 0.693817
vn 0.695910 -0.185279 0.693817
vn -0.206255 0.716273 0.666642
vn -0.206255 0.716273 0.666642
vn -0.206255 0.716273 0.666642
vn -0.055121 0.642198 0.764554
vn -0.055121 0.642198 0.764554
vn -0.055121 0.642198 0.764554
vn -0.951542 0.249560 0.179688
vn -0.951542 0.249560 0.179688
vn -0.951542 0.249560 0.179688
vn -0.837304 0.419196 0.350993
vn -0.837304 0.419196 0.350993
vn -0.837304 0.419196 0.350993
vn -0.609089 -0.756993 0.236585
vn -0.609089 -0.756993 0.236585
vn -0.609089 -0.756993 0.236585
vn -0.609089 -0.756993 0.236585
vn -0.609089 -0.756993 0.236585
vn -0.609089 -0.756993 0.236585
vn -0.609089 -0.756993 0.236585
vn -0.609089 -0.756993 0.236585
vn -0.609089 -0.756993 0.236585
vn -0.609089 -0.756993 0.236585
vn -0.609089 -0.756993 0.236585
vn -0.609089 -0.756993 0.236585
vn -0.609089 -0.756993 0.236585
vn -0.609089 -0.756993 0.236585
vn -0.609089 -0.756993 0.236585
vn -0.319315 -0.415743 0.851584
vn -0.319315 -0.415743 0.851584
vn -0.319315 -0.415743 0.851584
vn -0.319315 -0.415743 0.851584
vn -0.319315 -0.415743 0.851584
vn -0.319315 -0.415743 0.851584
vn -0.319315 -0.415743 0.851584
vn -0.319315 -0.415743 0.851584
vn -0.319315 -0.415743 0.851584
vn -0.319315 -0.415743 0.851584
vn -0.319315 -0.415743 0.851584
vn -0.319315 -0.415743 0.851584
vn -0.319315 -0.415743 0.851584
vn -0.319315 -0.415743 0.851584
vn -0.319315 -0.415743 0.851584
f 4435/4435/4435 4436/4436/4436 4437/4437/4437
f 4438/4438/4438 4439/4439/4439 4440/4440/4440
f 4441/4441/4441 4442/4442/4442 4443/4443/4443
f 4444/4444/4444 4445/4445/4445 4446/4446/4446
f 4447/4447/4447 4448/4448/4448 4449/4449/4449
f 4450/4450/4450 4451/4451/4451 4452/4452/4452
f 4453/4453/4453 4454/4454/4454 4455/4455/4455
f 4456/4456/4456 4457/4457/4457 4458/4458/4458
f 4459/4459/4459 4460/4460/4460 4461/4461/4461
f 4462/4462/4462 4463/4463/4463 4464/4464/4464
f 4465/4465/4465 4466/4466/4466 4467/4467/4467
f 4468/4468/4468 4469/4469/4469 4470/4470/4470
f 4471/4471/4471 4472/4472/4472 4473/4473/4473
f 4474/4474/4474 4475/4475/4475 4476/4476/4476
f 4477/4477/4477 4478/4478/4478 4479/4479/4479
f 4480/4480/4480 4481/4481/4481 4482/4482/4482
f 4483/4483/4483 4484/4484/4484 4485/4485/4485
f 4486/4486/4486 4487/4487/4487 4488/4488/4488
f 4489/4489/4489 4490/4490/4490 4491/4491/4491
f 4492/4492/4492 4493/4493/4493 4494/4494/4494
f 4495/4495/4495 4496/4496/4496 4497/4497/4497
f 4498/4498/4498 4499/4499/4499 4500/4500/4500
f 4501/4501/4501 4502/4502/4502 4503/4503/4503
f 4504/4504/4504 4505/4505/4505 4506/4506/4506
f 4507/4507/4507 4508/4508/4508 4509/4509/4509
f 4510/4510/4510 4511/4511/4511 4512/4512/4512
f 4513/4513/4513 4514/4514/4514 4515/4515/4515
f 4516/4516/4516 4517/4517/4517 4518/4518/4518
f 4519/4519/4519 4520/4520/4520 4521/4521/4521
f 4522/4522/4522 4523/4523/4523 4524/4524/4524
o Mane0_7
usemtl PaintedTeaFantasy
v -2.675945 8.243186 -7.771062
v -2.308679 7.526647 -7.116897
v -4.268128 6.812915 -6.788282
v -2.675945 8.243186 -7.771062
v -4.268128 6.812915 -6.788282
v -5.012846 7.732502 -7.359710
v -2.308679 7.526647 -7.116897
v -2.111975 7.800340 -5.963001
v -3.391557 7.164166 -5.593799
v -2.308679 7.526647 -7.116897
v -3.391557 7.164166 -5.593799
v -4.268128 6.812915 -6.788282
v -2.111975 7.800340 -5.963001
v -2.357670 8.686032 -5.904020
v -3.594524 8.300838 -5.426997
v -2.111975 7.800340 -5.963001
v -3.594524 8.300838 -5.426997
v -3.391557 7.164166 -5.593799
v -2.357670 8.686032 -5.904020
v -2.706223 8.959726 -7.021462
v -4.596535 8.652089 -6.518390
v -2.357670 8.686032 -5.904020
v -4.596535 8.652089 -6.518390
v -3.594524 8.300838 -5.426997
v -2.706223 8.959726 -7.021462
v -2.675945 8.243186 -7.771062
v -5.012846 7.732502 -7.359710
v -2.706223 8.959726 -7.021462
v -5.012846 7.732502 -7.359710
v -4.596535 8.652089 -6.518390
v -5.012846 7.732502 -7.359710
v -4.268128 6.812915 -6.788282
v -5.404494 7.333816 -4.325845
v -5.012846 7.732502 -7.359710
v -5.404494 7.333816 -4.325845
v -5.424833 7.355891 -4.334069
v -4.268128 6.812915 -6.788282
v -3.391557 7.164166 -5.593799
v -5.375235 7.342248 -4.306522
v -4.268128 6.812915 -6.788282
v -5.375235 7.342248 -4.306522
v -5.404494 7.333816 -4.325845
v -3.391557 7.164166 -5.593799
v -3.594524 8.300838 -5.426997
v -5.377492 7.369535 -4.302802
v -3.391557 7.164166 -5.593799
v -5.377492 7.369535 -4.302802
v -5.375235 7.342248 -4.306522
v -3.594524 8.300838 -5.426997
v -4.596535 8.652089 -6.518390
v -5.408145 7.377967 -4.319828
v -3.594524 8.300838 -5.426997
v -5.408145 7.377967 -4.319828
v -5.377492 7.369535 -4.302802
v -4.596535 8.652089 -6.518390
v -5.012846 7.732502 -7.359710
v -5.424833 7.355891 -4.334069
v -4.596535 8.652089 -6.518390
v -5.424833 7.355891 -4.334069
v -5.408145 7.377967 -4.319828
v -2.432098 8.243186 -6.755288
v -2.675945 8.243186 -7.771062
v -2.308679 7.526647 -7.116897
v -2.432098 8.243186 -6.755288
v -2.308679 7.526647 -7.116897
v -2.111975 7.800340 -5.963001
v -2.432098 8.243186 -6.755288
v -2.111975 7.800340 -5.963001
v -2.357670 8.686032 -5.904020
v -2.432098 8.243186 -6.755288
v -2.357670 8.686032 -5.904020
v -2.706223 8.959726 -7.021462
v -2.432098 8.243186 -6.755288
v -2.706223 8.959726 -7.021462
v -2.675945 8.243186 -7.771062
v -5.398040 7.355891 -4.317813
v -5.424833 7.355891 -4.334069
v -5.404494 7.333816 -4.325845
v -5.398040 7.355891 -4.317813
v -5.404494 7.333816 -4.325845
v -5.375235 7.342248 -4.306522
v -5.398040 7.355891 -4.317813
v -5.375235 7.342248 -4.306522
v -5.377492 7.369535 -4.302802
v -5.398040 7.355891 -4.317813
v -5.377492 7.369535 -4.302802
v -5.408145 7.377967 -4.319828
v -5.398040 7.355891 -4.317813
v -5.408145 7.377967 -4.319828
v -5.424833 7.355891 -4.334069
vt 0.003906 0.996094
vt 0.052344 0.996094
vt 0.052344 0.875000
vt 0.003906 0.996094
vt 0.052344 0.875000
vt 0.003906 0.875000
vt 0.052344 0.996094
vt 0.100781 0.996094
vt 0.100781 0.875000
vt 0.052344 0.996094
vt 0.100781 0.875000
vt 0.052344 0.875000
vt 0.100781 0.996094
vt 0.149219 0.996094
vt 0.149219 0.875000
vt 0.100781 0.996094
vt 0.149219 0.875000
vt 0.100781 0.875000
vt 0.149219 0.996094
vt 0.197656 0.996094
vt 0.197656 0.875000
vt 0.149219 0.996094
vt 0.197656 0.875000
vt 0.149219 0.875000
vt 0.197656 0.996094
vt 0.246094 0.996094
vt 0.246094 0.875000
vt 0.197656 0.996094
vt 0.246094 0.875000
vt 0.197656 0.875000
vt 0.003906 0.875000
vt 0.052344 0.875000
vt 0.052344 0.753906
vt 0.003906 0.875000
vt 0.052344 0.753906
vt 0.003906 0.753906
vt 0.052344 0.875000
vt 0.100781 0.875000
vt 0.100781 0.753906
vt 0.052344 0.875000
vt 0.100781 0.753906
vt 0.052344 0.753906
vt 0.100781 0.875000
vt 0.149219 0.875000
vt 0.149219 0.753906
vt 0.100781 0.875000
vt 0.149219 0.753906
vt 0.100781 0.753906
vt 0.149219 0.875000
vt 0.197656 0.875000
vt 0.197656 0.753906
vt 0.149219 0.875000
vt 0.197656 0.753906
vt 0.149219 0.753906
vt 0.197656 0.875000
vt 0.246094 0.875000
vt 0.246094 0.753906
vt 0.197656 0.875000
vt 0.246094 0.753906
vt 0.197656 0.753906
vt 0.125000 0.875000
vt 0.003906 0.996094
vt 0.246094 0.753906
vt 0.125000 0.875000
vt 0.003906 0.996094
vt 0.246094 0.753906
vt 0.125000 0.875000
vt 0.003906 0.996094
vt 0.246094 0.753906
vt 0.125000 0.875000
vt 0.003906 0.996094
vt 0.246094 0.753906
vt 0.125000 0.875000
vt 0.003906 0.996094
vt 0.246094 0.753906
vt 0.125000 0.875000
vt 0.003906 0.996094
vt 0.246094 0.753906
vt 0.125000 0.875000
vt 0.003906 0.996094
vt 0.246094 0.753906
vt 0.125000 0.875000
vt 0.003906 0.996094
vt 0.246094 0.753906
vt 0.125000 0.875000
vt 0.003906 0.996094
vt 0.246094 0.753906
vt 0.125000 0.875000
vt 0.003906 0.996094
vt 0.246094 0.753906
vn 0.105671 -0.640373 -0.760760
vn 0.105671 -0.640373 -0.760760
vn 0.105671 -0.640373 -0.760760
vn -0.028659 -0.544221 -0.838452
vn -0.028659 -0.544221 -0.838452
vn -0.028659 -0.544221 -0.838452
vn 0.470698 -0.873127 0.126858
vn 0.470698 -0.873127 0.126858
vn 0.470698 -0.873127 0.126858
vn 0.345475 -0.938162 0.022350
vn 0.345475 -0.938162 0.022350
vn 0.345475 -0.938162 0.022350
vn 0.350168 0.034804 0.936040
vn 0.350168 0.034804 0.936040
vn 0.350168 0.034804 0.936040
vn 0.314023 -0.082721 0.945805
vn 0.314023 -0.082721 0.945805
vn 0.314023 -0.082721 0.945805
vn -0.086575 0.961068 0.262398
vn -0.086575 0.961068 0.262398
vn -0.086575 0.961068 0.262398
vn -0.125205 0.905140 0.406258
vn -0.125205 0.905140 0.406258
vn -0.125205 0.905140 0.406258
vn -0.269090 0.690752 -0.671157
vn -0.269090 0.690752 -0.671157
vn -0.269090 0.690752 -0.671157
vn -0.286236 0.714081 -0.638872
vn -0.286236 0.714081 -0.638872
vn -0.286236 0.714081 -0.638872
vn -0.706204 -0.684453 -0.181111
vn -0.706204 -0.684453 -0.181111
vn -0.706204 -0.684453 -0.181111
vn -0.688708 -0.702041 -0.181163
vn -0.688708 -0.702041 -0.181163
vn -0.688708 -0.702041 -0.181163
vn 0.066359 -0.969396 0.236364
vn 0.066359 -0.969396 0.236364
vn 0.066359 -0.969396 0.236364
vn 0.109363 -0.961062 0.253771
vn 0.109363 -0.961062 0.253771
vn 0.109363 -0.961062 0.253771
vn 0.542934 -0.026226 0.839366
vn 0.542934 -0.026226 0.839366
vn 0.542934 -0.026226 0.839366
vn 0.538604 -0.069907 0.839654
vn 0.538604 -0.069907 0.839654
vn 0.538604 -0.069907 0.839654
vn -0.175862 0.878501 0.444194
vn -0.175862 0.878501 0.444194
vn -0.175862 0.878501 0.444194
vn -0.081369 0.827100 0.556134
vn -0.081369 0.827100 0.556134
vn -0.081369 0.827100 0.556134
vn -0.886053 0.459216 -0.063490
vn -0.886053 0.459216 -0.063490
vn -0.886053 0.459216 -0.063490
vn -0.809481 0.585738 0.040626
vn -0.809481 0.585738 0.040626
vn -0.809481 0.585738 0.040626
vn -0.935066 -0.274341 0.224472
vn -0.935066 -0.274341 0.224472
vn -0.935066 -0.274341 0.224472
vn -0.935066 -0.274341 0.224472
vn -0.935066 -0.274341 0.224472
vn -0.935066 -0.274341 0.224472
vn -0.935066 -0.274341 0.224472
vn -0.935066 -0.274341 0.224472
vn -0.935066 -0.274341 0.224472
vn -0.935066 -0.274341 0.224472
vn -0.935066 -0.274341 0.224472
vn -0.935066 -0.274341 0.224472
vn -0.935066 -0.274341 0.224472
vn -0.935066 -0.274341 0.224472
vn -0.935066 -0.274341 0.224472
vn -0.512238 -0.157440 0.844290
vn -0.512238 -0.157440 0.844290
vn -0.512238 -0.157440 0.844290
vn -0.512238 -0.157440 0.844290
vn -0.512238 -0.157440 0.844290
vn -0.512238 -0.157440 0.844290
vn -0.512238 -0.157440 0.844290
vn -0.512238 -0.157440 0.844290
vn -0.512238 -0.157440 0.844290
vn -0.512238 -0.157440 0.844290
vn -0.512238 -0.157440 0.844290
vn -0.512238 -0.157440 0.844290
vn -0.512238 -0.157440 0.844290
vn -0.512238 -0.157440 0.844290
vn -0.512238 -0.157440 0.844290
f 4525/4525/4525 4526/4526/4526 4527/4527/4527
f 4528/4528/4528 4529/4529/4529 4530/4530/4530
f 4531/4531/4531 4532/4532/4532 4533/4533/4533
f 4534/4534/4534 4535/4535/4535 4536/4536/4536
f 4537/4537/4537 4538/4538/4538 4539/4539/4539
f 4540/4540/4540 4541/4541/4541 4542/4542/4542
f 4543/4543/4543 4544/4544/4544 4545/4545/4545
f 4546/4546/4546 4547/4547/4547 4548/4548/4548
f 4549/4549/4549 4550/4550/4550 4551/4551/4551
f 4552/4552/4552 4553/4553/4553 4554/4554/4554
f 4555/4555/4555 4556/4556/4556 4557/4557/4557
f 4558/4558/4558 4559/4559/4559 4560/4560/4560
f 4561/4561/4561 4562/4562/4562 4563/4563/4563
f 4564/4564/4564 4565/4565/4565 4566/4566/4566
f 4567/4567/4567 4568/4568/4568 4569/4569/4569
f 4570/4570/4570 4571/4571/4571 4572/4572/4572
f 4573/4573/4573 4574/4574/4574 4575/4575/4575
f 4576/4576/4576 4577/4577/4577 4578/4578/4578
f 4579/4579/4579 4580/4580/4580 4581/4581/4581
f 4582/4582/4582 4583/4583/4583 4584/4584/4584
f 4585/4585/4585 4586/4586/4586 4587/4587/4587
f 4588/4588/4588 4589/4589/4589 4590/4590/4590
f 4591/4591/4591 4592/4592/4592 4593/4593/4593
f 4594/4594/4594 4595/4595/4595 4596/4596/4596
f 4597/4597/4597 4598/4598/4598 4599/4599/4599
f 4600/4600/4600 4601/4601/4601 4602/4602/4602
f 4603/4603/4603 4604/4604/4604 4605/4605/4605
f 4606/4606/4606 4607/4607/4607 4608/4608/4608
f 4609/4609/4609 4610/4610/4610 4611/4611/4611
f 4612/4612/4612 4613/4613/4613 4614/4614/4614
o Mane0_8
usemtl PaintedTeaFantasy
v -2.675945 9.933415 -7.771062
v -2.706223 9.216875 -7.021462
v -4.596535 9.524512 -6.518390
v -2.675945 9.933415 -7.771062
v -4.596535 9.524512 -6.518390
v -5.012846 10.444099 -7.359710
v -2.706223 9.216875 -7.021462
v -2.357670 9.490569 -5.904020
v -3.594524 9.875763 -5.426997
v -2.706223 9.216875 -7.021462
v -3.594524 9.875763 -5.426997
v -4.596535 9.524512 -6.518390
v -2.357670 9.490569 -5.904020
v -2.111975 10.376260 -5.963001
v -3.391557 11.012435 -5.593799
v -2.357670 9.490569 -5.904020
v -3.391557 11.012435 -5.593799
v -3.594524 9.875763 -5.426997
v -2.111975 10.376260 -5.963001
v -2.308679 10.649954 -7.116897
v -4.268128 11.363686 -6.788282
v -2.111975 10.376260 -5.963001
v -4.268128 11.363686 -6.788282
v -3.391557 11.012435 -5.593799
v -2.308679 10.649954 -7.116897
v -2.675945 9.933415 -7.771062
v -5.012846 10.444099 -7.359710
v -2.308679 10.649954 -7.116897
v -5.012846 10.444099 -7.359710
v -4.268128 11.363686 -6.788282
v -5.012846 10.444099 -7.359710
v -4.596535 9.524512 -6.518390
v -5.408145 10.798634 -4.319828
v -5.012846 10.444099 -7.359710
v -5.408145 10.798634 -4.319828
v -5.424833 10.820709 -4.334069
v -4.596535 9.524512 -6.518390
v -3.594524 9.875763 -5.426997
v -5.377492 10.807066 -4.302802
v -4.596535 9.524512 -6.518390
v -5.377492 10.807066 -4.302802
v -5.408145 10.798634 -4.319828
v -3.594524 9.875763 -5.426997
v -3.391557 11.012435 -5.593799
v -5.375235 10.834352 -4.306522
v -3.594524 9.875763 -5.426997
v -5.375235 10.834352 -4.306522
v -5.377492 10.807066 -4.302802
v -3.391557 11.012435 -5.593799
v -4.268128 11.363686 -6.788282
v -5.404494 10.842784 -4.325845
v -3.391557 11.012435 -5.593799
v -5.404494 10.842784 -4.325845
v -5.375235 10.834352 -4.306522
v -4.268128 11.363686 -6.788282
v -5.012846 10.444099 -7.359710
v -5.424833 10.820709 -4.334069
v -4.268128 11.363686 -6.788282
v -5.424833 10.820709 -4.334069
v -5.404494 10.842784 -4.325845
v -2.432098 9.933415 -6.755288
v -2.675945 9.933415 -7.771062
v -2.706223 9.216875 -7.021462
v -2.432098 9.933415 -6.755288
v -2.706223 9.216875 -7.021462
v -2.357670 9.490569 -5.904020
v -2.432098 9.933415 -6.755288
v -2.357670 9.490569 -5.904020
v -2.111975 10.376260 -5.963001
v -2.432098 9.933415 -6.755288
v -2.111975 10.376260 -5.963001
v -2.308679 10.649954 -7.116897
v -2.432098 9.933415 -6.755288
v -2.308679 10.649954 -7.116897
v -2.675945 9.933415 -7.771062
v -5.398040 10.820709 -4.317813
v -5.424833 10.820709 -4.334069
v -5.408145 10.798634 -4.319828
v -5.398040 10.820709 -4.317813
v -5.408145 10.798634 -4.319828
v -5.377492 10.807066 -4.302802
v -5.398040 10.820709 -4.317813
v -5.377492 10.807066 -4.302802
v -5.375235 10.834352 -4.306522
v -5.398040 10.820709 -4.317813
v -5.375235 10.834352 -4.306522
v -5.404494 10.842784 -4.325845
v -5.398040 10.820709 -4.317813
v -5.404494 10.842784 -4.325845
v -5.424833 10.820709 -4.334069
vt 0.003906 0.996094
vt 0.052344 0.996094
vt 0.052344 0.875000
vt 0.003906 0.996094
vt 0.052344 0.875000
vt 0.003906 0.875000
vt 0.052344 0.996094
vt 0.100781 0.996094
vt 0.100781 0.875000
vt 0.052344 0.996094
vt 0.100781 0.875000
vt 0.052344 0.875000
vt 0.100781 0.996094
vt 0.149219 0.996094
vt 0.149219 0.875000
vt 0.100781 0.996094
vt 0.149219 0.875000
vt 0.100781 0.875000
vt 0.149219 0.996094
vt 0.197656 0.996094
vt 0.197656 0.875000
vt 0.149219 0.996094
vt 0.197656 0.875000
vt 0.149219 0.875000
vt 0.197656 0.996094
vt 0.246094 0.996094
vt 0.246094 0.875000
vt 0.197656 0.996094
vt 0.246094 0.875000
vt 0.197656 0.875000
vt 0.003906 0.875000
vt 0.052344 0.875000
vt 0.052344 0.753906
vt 0.003906 0.875000
vt 0.052344 0.753906
vt 0.003906 0.753906
vt 0.052344 0.875000
vt 0.100781 0.875000
vt 0.100781 0.753906
vt 0.052344 0.875000
vt 0.100781 0.753906
vt 0.052344 0.753906
vt 0.100781 0.875000
vt 0.149219 0.875000
vt 0.149219 0.753906
vt 0.100781 0.875000
vt 0.149219 0.753906
vt 0.100781 0.753906
vt 0.149219 0.875000
vt 0.197656 0.875000
vt 0.197656 0.753906
vt 0.149219 0.875000
vt 0.197656 0.753906
vt 0.149219 0.753906
vt 0.197656 0.875000
vt 0.246094 0.875000
vt 0.246094 0.753906
vt 0.197656 0.875000
vt 0.246094 0.753906
vt 0.197656 0.753906
vt 0.125000 0.875000
vt 0.003906 0.996094
vt 0.246094 0.753906
vt 0.125000 0.875000
vt 0.003906 0.996094
vt 0.246094 0.753906
vt 0.125000 0.875000
vt 0.003906 0.996094
vt 0.246094 0.753906
vt 0.125000 0.875000
vt 0.003906 0.996094
vt 0.246094 0.753906
vt 0.125000 0.875000
vt 0.003906 0.996094
vt 0.246094 0.753906
vt 0.125000 0.875000
vt 0.003906 0.996094
vt 0.246094 0.753906
vt 0.125000 0.875000
vt 0.003906 0.996094
vt 0.246094 0.753906
vt 0.125000 0.875000
vt 0.003906 0.996094
vt 0.246094 0.753906
vt 0.125000 0.875000
vt 0.003906 0.996094
vt 0.246094 0.753906
vt 0.125000 0.875000
vt 0.003906 0.996094
vt 0.246094 0.753906
vn -0.289305 -0.686092 -0.667518
vn -0.289305 -0.686092 -0.667518
vn -0.289305 -0.686092 -0.667518
vn -0.269750 -0.713615 -0.646521
vn -0.269750 -0.713615 -0.646521
vn -0.269750 -0.713615 -0.646521
vn -0.182129 -0.940413 0.287144
vn -0.182129 -0.940413 0.287144
vn -0.182129 -0.940413 0.287144
vn -0.057842 -0.933615 0.353577
vn -0.057842 -0.933615 0.353577
vn -0.057842 -0.933615 0.353577
vn 0.271984 -0.011371 0.962235
vn 0.271984 -0.011371 0.962235
vn 0.271984 -0.011371 0.962235
vn 0.377405 0.068136 0.923538
vn 0.377405 0.068136 0.923538
vn 0.377405 0.068136 0.923538
vn 0.361102 0.919302 0.156493
vn 0.361102 0.919302 0.156493
vn 0.361102 0.919302 0.156493
vn 0.432364 0.900164 -0.052587
vn 0.432364 0.900164 -0.052587
vn 0.432364 0.900164 -0.052587
vn 0.015678 0.669754 -0.742417
vn 0.015678 0.669754 -0.742417
vn 0.015678 0.669754 -0.742417
vn 0.039058 0.504384 -0.862596
vn 0.039058 0.504384 -0.862596
vn 0.039058 0.504384 -0.862596
vn -0.886759 -0.458070 -0.061888
vn -0.886759 -0.458070 -0.061888
vn -0.886759 -0.458070 -0.061888
vn -0.787712 -0.615279 -0.030673
vn -0.787712 -0.615279 -0.030673
vn -0.787712 -0.615279 -0.030673
vn -0.177528 -0.877546 0.445416
vn -0.177528 -0.877546 0.445416
vn -0.177528 -0.877546 0.445416
vn -0.033792 -0.870077 0.491757
vn -0.033792 -0.870077 0.491757
vn -0.033792 -0.870077 0.491757
vn 0.542506 0.026343 0.839639
vn 0.542506 0.026343 0.839639
vn 0.542506 0.026343 0.839639
vn 0.556891 0.066792 0.827896
vn 0.556891 0.066792 0.827896
vn 0.556891 0.066792 0.827896
vn 0.066928 0.969454 0.235964
vn 0.066928 0.969454 0.235964
vn 0.066928 0.969454 0.235964
vn 0.093310 0.956582 0.276123
vn 0.093310 0.956582 0.276123
vn 0.093310 0.956582 0.276123
vn -0.706089 0.684508 -0.181348
vn -0.706089 0.684508 -0.181348
vn -0.706089 0.684508 -0.181348
vn -0.692032 0.701320 -0.171003
vn -0.692032 0.701320 -0.171003
vn -0.692032 0.701320 -0.171003
vn -0.935066 0.274341 0.224472
vn -0.935066 0.274341 0.224472
vn -0.935066 0.274341 0.224472
vn -0.935066 0.274341 0.224472
vn -0.935066 0.274341 0.224472
vn -0.935066 0.274341 0.224472
vn -0.935066 0.274341 0.224472
vn -0.935066 0.274341 0.224472
vn -0.935066 0.274341 0.224472
vn -0.935066 0.274341 0.224472
vn -0.935066 0.274341 0.224472
vn -0.935066 0.274341 0.224472
vn -0.935066 0.274341 0.224472
vn -0.935066 0.274341 0.224472
vn -0.935066 0.274341 0.224472
vn -0.512238 0.157440 0.844290
vn -0.512238 0.157440 0.844290
vn -0.512238 0.157440 0.844290
vn -0.512238 0.157440 0.844290
vn -0.512238 0.157440 0.844290
vn -0.512238 0.157440 0.844290
vn -0.512238 0.157440 0.844290
vn -0.512238 0.157440 0.844290
vn -0.512238 0.157440 0.844290
vn -0.512238 0.157440 0.844290
vn -0.512238 0.157440 0.844290
vn -0.512238 0.157440 0.844290
vn -0.512238 0.157440 0.844290
vn -0.512238 0.157440 0.844290
vn -0.512238 0.157440 0.844290
f 4615/4615/4615 4616/4616/4616 4617/4617/4617
f 4618/4618/4618 4619/4619/4619 4620/4620/4620
f 4621/4621/4621 4622/4622/4622 4623/4623/4623
f 4624/4624/4624 4625/4625/4625 4626/4626/4626
f 4627/4627/4627 4628/4628/4628 4629/4629/4629
f 4630/4630/4630 4631/4631/4631 4632/4632/4632
f 4633/4633/4633 4634/4634/4634 4635/4635/4635
f 4636/4636/4636 4637/4637/4637 4638/4638/4638
f 4639/4639/4639 4640/4640/4640 4641/4641/4641
f 4642/4642/4642 4643/4643/4643 4644/4644/4644
f 4645/4645/4645 4646/4646/4646 4647/4647/4647
f 4648/4648/4648 4649/4649/4649 4650/4650/4650
f 4651/4651/4651 4652/4652/4652 4653/4653/4653
f 4654/4654/4654 4655/4655/4655 4656/4656/4656
f 4657/4657/4657 4658/4658/4658 4659/4659/4659
f 4660/4660/4660 4661/4661/4661 4662/4662/4662
f 4663/4663/4663 4664/4664/4664 4665/4665/4665
f 4666/4666/4666 4667/4667/4667 4668/4668/4668
f 4669/4669/4669 4670/4670/4670 4671/4671/4671
f 4672/4672/4672 4673/4673/4673 4674/4674/4674
f 4675/4675/4675 4676/4676/4676 4677/4677/4677
f 4678/4678/4678 4679/4679/4679 4680/4680/4680
f 4681/4681/4681 4682/4682/4682 4683/4683/4683
f 4684/4684/4684 4685/4685/4685 4686/4686/4686
f 4687/4687/4687 4688/4688/4688 4689/4689/4689
f 4690/4690/4690 4691/4691/4691 4692/4692/4692
f 4693/4693/4693 4694/4694/4694 4695/4695/4695
f 4696/4696/4696 4697/4697/4697 4698/4698/4698
f 4699/4699/4699 4700/4700/4700 4701/4701/4701
f 4702/4702/4702 4703/4703/4703 4704/4704/4704
o Mane0_9
usemtl PaintedTeaFantasy
v -1.881350 11.300838 -7.729043
v -2.145785 10.813954 -6.851967
v -3.249405 11.886992 -6.126127
v -1.881350 11.300838 -7.729043
v -3.249405 11.886992 -6.126127
v -3.636411 12.637826 -7.132729
v -2.145785 10.813954 -6.851967
v -1.522078 10.999927 -5.841284
v -1.935758 12.173785 -5.411546
v -2.145785 10.813954 -6.851967
v -1.935758 12.173785 -5.411546
v -3.249405 11.886992 -6.126127
v -1.522078 10.999927 -5.841284
v -0.872171 11.601749 -6.093724
v -1.510886 13.101868 -5.976513
v -1.522078 10.999927 -5.841284
v -1.510886 13.101868 -5.976513
v -1.935758 12.173785 -5.411546
v -0.872171 11.601749 -6.093724
v -1.094213 11.787722 -7.260424
v -2.561948 13.388661 -7.040263
v -0.872171 11.601749 -6.093724
v -2.561948 13.388661 -7.040263
v -1.510886 13.101868 -5.976513
v -1.094213 11.787722 -7.260424
v -1.881350 11.300838 -7.729043
v -3.636411 12.637826 -7.132729
v -1.094213 11.787722 -7.260424
v -3.636411 12.637826 -7.132729
v -2.561948 13.388661 -7.040263
v -3.636411 12.637826 -7.132729
v -3.249405 11.886992 -6.126127
v -3.348503 13.603475 -4.312511
v -3.636411 12.637826 -7.132729
v -3.348503 13.603475 -4.312511
v -3.365516 13.623806 -4.328816
v -3.249405 11.886992 -6.126127
v -1.935758 12.173785 -5.411546
v -3.314449 13.611241 -4.303534
v -3.249405 11.886992 -6.126127
v -3.314449 13.611241 -4.303534
v -3.348503 13.603475 -4.312511
v -1.935758 12.173785 -5.411546
v -1.510886 13.101868 -5.976513
v -3.310416 13.636371 -4.314290
v -1.935758 12.173785 -5.411546
v -3.310416 13.636371 -4.314290
v -3.314449 13.611241 -4.303534
v -1.510886 13.101868 -5.976513
v -2.561948 13.388661 -7.040263
v -3.341977 13.644136 -4.329915
v -1.510886 13.101868 -5.976513
v -3.341977 13.644136 -4.329915
v -3.310416 13.636371 -4.314290
v -2.561948 13.388661 -7.040263
v -3.636411 12.637826 -7.132729
v -3.365516 13.623806 -4.328816
v -2.561948 13.388661 -7.040263
v -3.365516 13.623806 -4.328816
v -3.341977 13.644136 -4.329915
v -1.503120 11.300838 -6.755288
v -1.881350 11.300838 -7.729043
v -2.145785 10.813954 -6.851967
v -1.503120 11.300838 -6.755288
v -2.145785 10.813954 -6.851967
v -1.522078 10.999927 -5.841284
v -1.503120 11.300838 -6.755288
v -1.522078 10.999927 -5.841284
v -0.872171 11.601749 -6.093724
v -1.503120 11.300838 -6.755288
v -0.872171 11.601749 -6.093724
v -1.094213 11.787722 -7.260424
v -1.503120 11.300838 -6.755288
v -1.094213 11.787722 -7.260424
v -1.881350 11.300838 -7.729043
v -3.336172 13.623806 -4.317813
v -3.365516 13.623806 -4.328816
v -3.348503 13.603475 -4.312511
v -3.336172 13.623806 -4.317813
v -3.348503 13.603475 -4.312511
v -3.314449 13.611241 -4.303534
v -3.336172 13.623806 -4.317813
v -3.314449 13.611241 -4.303534
v -3.310416 13.636371 -4.314290
v -3.336172 13.623806 -4.317813
v -3.310416 13.636371 -4.314290
v -3.341977 13.644136 -4.329915
v -3.336172 13.623806 -4.317813
v -3.341977 13.644136 -4.329915
v -3.365516 13.623806 -4.328816
vt 0.003906 0.996094
vt 0.052344 0.996094
vt 0.052344 0.875000
vt 0.003906 0.996094
vt 0.052344 0.875000
vt 0.003906 0.875000
vt 0.052344 0.996094
vt 0.100781 0.996094
vt 0.100781 0.875000
vt 0.052344 0.996094
vt 0.100781 0.875000
vt 0.052344 0.875000
vt 0.100781 0.996094
vt 0.149219 0.996094
vt 0.149219 0.875000
vt 0.100781 0.996094
vt 0.149219 0.875000
vt 0.100781 0.875000
vt 0.149219 0.996094
vt 0.197656 0.996094
vt 0.197656 0.875000
vt 0.149219 0.996094
vt 0.197656 0.875000
vt 0.149219 0.875000
vt 0.197656 0.996094
vt 0.246094 0.996094
vt 0.246094 0.875000
vt 0.197656 0.996094
vt 0.246094 0.875000
vt 0.197656 0.875000
vt 0.003906 0.875000
vt 0.052344 0.875000
vt 0.052344 0.753906
vt 0.003906 0.875000
vt 0.052344 0.753906
vt 0.003906 0.753906
vt 0.052344 0.875000
vt 0.100781 0.875000
vt 0.100781 0.753906
vt 0.052344 0.875000
vt 0.100781 0.753906
vt 0.052344 0.753906
vt 0.100781 0.875000
vt 0.149219 0.875000
vt 0.149219 0.753906
vt 0.100781 0.875000
vt 0.149219 0.753906
vt 0.100781 0.753906
vt 0.149219 0.875000
vt 0.197656 0.875000
vt 0.197656 0.753906
vt 0.149219 0.875000
vt 0.197656 0.753906
vt 0.149219 0.753906
vt 0.197656 0.875000
vt 0.246094 0.875000
vt 0.246094 0.753906
vt 0.197656 0.875000
vt 0.246094 0.753906
vt 0.197656 0.753906
vt 0.125000 0.875000
vt 0.003906 0.996094
vt 0.246094 0.753906
vt 0.125000 0.875000
vt 0.003906 0.996094
vt 0.246094 0.753906
vt 0.125000 0.875000
vt 0.003906 0.996094
vt 0.246094 0.753906
vt 0.125000 0.875000
vt 0.003906 0.996094
vt 0.246094 0.753906
vt 0.125000 0.875000
vt 0.003906 0.996094
vt 0.246094 0.753906
vt 0.125000 0.875000
vt 0.003906 0.996094
vt 0.246094 0.753906
vt 0.125000 0.875000
vt 0.003906 0.996094
vt 0.246094 0.753906
vt 0.125000 0.875000
vt 0.003906 0.996094
vt 0.246094 0.753906
vt 0.125000 0.875000
vt 0.003906 0.996094
vt 0.246094 0.753906
vt 0.125000 0.875000
vt 0.003906 0.996094
vt 0.246094 0.753906
vn -0.753426 -0.451648 -0.477874
vn -0.753426 -0.451648 -0.477874
vn -0.753426 -0.451648 -0.477874
vn -0.640265 -0.713045 -0.285706
vn -0.640265 -0.713045 -0.285706
vn -0.640265 -0.713045 -0.285706
vn -0.721837 -0.447613 0.527820
vn -0.721837 -0.447613 0.527820
vn -0.721837 -0.447613 0.527820
vn -0.222088 -0.692625 0.686256
vn -0.222088 -0.692625 0.686256
vn -0.222088 -0.692625 0.686256
vn 0.313235 0.059311 0.947822
vn 0.313235 0.059311 0.947822
vn 0.313235 0.059311 0.947822
vn 0.768531 0.037002 0.638741
vn 0.768531 0.037002 0.638741
vn 0.768531 0.037002 0.638741
vn 0.734556 0.677805 -0.031755
vn 0.734556 0.677805 -0.031755
vn 0.734556 0.677805 -0.031755
vn 0.711724 0.350597 -0.608712
vn 0.711724 0.350597 -0.608712
vn 0.711724 0.350597 -0.608712
vn 0.144436 0.554986 -0.819225
vn 0.144436 0.554986 -0.819225
vn 0.144436 0.554986 -0.819225
vn -0.006067 0.130774 -0.991394
vn -0.006067 0.130774 -0.991394
vn -0.006067 0.130774 -0.991394
vn -0.951830 -0.246968 0.181732
vn -0.951830 -0.246968 0.181732
vn -0.951830 -0.246968 0.181732
vn -0.832237 -0.492945 0.253746
vn -0.832237 -0.492945 0.253746
vn -0.832237 -0.492945 0.253746
vn -0.207613 -0.714294 0.668342
vn -0.207613 -0.714294 0.668342
vn -0.207613 -0.714294 0.668342
vn -0.015388 -0.726622 0.686865
vn -0.015388 -0.726622 0.686865
vn -0.015388 -0.726622 0.686865
vn 0.692359 0.116519 0.712083
vn 0.692359 0.116519 0.712083
vn 0.692359 0.116519 0.712083
vn 0.719921 0.172235 0.672346
vn 0.719921 0.172235 0.672346
vn 0.719921 0.172235 0.672346
vn 0.274236 0.961591 -0.011714
vn 0.274236 0.961591 -0.011714
vn 0.274236 0.961591 -0.011714
vn 0.254952 0.966330 -0.034720
vn 0.254952 0.966330 -0.034720
vn 0.254952 0.966330 -0.034720
vn -0.543848 0.806725 -0.231137
vn -0.543848 0.806725 -0.231137
vn -0.543848 0.806725 -0.231137
vn -0.639198 0.726433 -0.252432
vn -0.639198 0.726433 -0.252432
vn -0.639198 0.726433 -0.252432
vn -0.609089 0.756993 0.236585
vn -0.609089 0.756993 0.236585
vn -0.609089 0.756993 0.236585
vn -0.609089 0.756993 0.236585
vn -0.609089 0.756993 0.236585
vn -0.609089 0.756993 0.236585
vn -0.609089 0.756993 0.236585
vn -0.609089 0.756993 0.236585
vn -0.609089 0.756993 0.236585
vn -0.609089 0.756993 0.236585
vn -0.609089 0.756993 0.236585
vn -0.609089 0.756993 0.236585
vn -0.609089 0.756993 0.236585
vn -0.609089 0.756993 0.236585
vn -0.609089 0.756993 0.236585
vn -0.319315 0.415743 0.851584
vn -0.319315 0.415743 0.851584
vn -0.319315 0.415743 0.851584
vn -0.319315 0.415743 0.851584
vn -0.319315 0.415743 0.851584
vn -0.319315 0.415743 0.851584
vn -0.319315 0.415743 0.851584
vn -0.319315 0.415743 0.851584
vn -0.319315 0.415743 0.851584
vn -0.319315 0.415743 0.851584
vn -0.319315 0.415743 0.851584
vn -0.319315 0.415743 0.851584
vn -0.319315 0.415743 0.851584
vn -0.319315 0.415743 0.851584
vn -0.319315 0.415743 0.851584
f 4705/4705/4705 4706/4706/4706 4707/4707/4707
f 4708/4708/4708 4709/4709/4709 4710/4710/4710
f 4711/4711/4711 4712/4712/4712 4713/4713/4713
f 4714/4714/4714 4715/4715/4715 4716/4716/4716
f 4717/4717/4717 4718/4718/4718 4719/4719/4719
f 4720/4720/4720 4721/4721/4721 4722/4722/4722
f 4723/4723/4723 4724/4724/4724 4725/4725/4725
f 4726/4726/4726 4727/4727/4727 4728/4728/4728
f 4729/4729/4729 4730/4730/4730 4731/4731/4731
f 4732/4732/4732 4733/4733/4733 4734/4734/4734
f 4735/4735/4735 4736/4736/4736 4737/4737/4737
f 4738/4738/4738 4739/4739/4739 4740/4740/4740
f 4741/4741/4741 4742/4742/4742 4743/4743/4743
f 4744/4744/4744 4745/4745/4745 4746/4746/4746
f 4747/4747/4747 4748/4748/4748 4749/4749/4749
f 4750/4750/4750 4751/4751/4751 4752/4752/4752
f 4753/4753/4753 4754/4754/4754 4755/4755/4755
f 4756/4756/4756 4757/4757/4757 4758/4758/4758
f 4759/4759/4759 4760/4760/4760 4761/4761/4761
f 4762/4762/4762 4763/4763/4763 4764/4764/4764
f 4765/4765/4765 4766/4766/4766 4767/4767/4767
f 4768/4768/4768 4769/4769/4769 4770/4770/4770
f 4771/4771/4771 4772/4772/4772 4773/4773/4773
f 4774/4774/4774 4775/4775/4775 4776/4776/4776
f 4777/4777/4777 4778/4778/4778 4779/4779/4779
f 4780/4780/4780 4781/4781/4781 4782/4782/4782
f 4783/4783/4783 4784/4784/4784 4785/4785/4785
f 4786/4786/4786 4787/4787/4787 4788/4788/4788
f 4789/4789/4789 4790/4790/4790 4791/4791/4791
f 4792/4792/4792 4793/4793/4793 4794/4794/4794
o Mane1_0
usemtl PaintedTeaFantasy
v -0.156017 12.078100 -4.635549
v 0.853265 11.838154 -4.631179
v 0.794255 13.168639 -4.149797
v -0.156017 12.078100 -4.635549
v 0.794255 13.168639 -4.149797
v -0.276435 13.788601 -4.592566
v 0.853265 11.838154 -4.631179
v 1.504577 11.929805 -5.637394
v 2.148006 13.405443 -4.805409
v 0.853265 11.838154 -4.631179
v 2.148006 13.405443 -4.805409
v 0.794255 13.168639 -4.149797
v 1.504577 11.929805 -5.637394
v 0.897827 12.226396 -6.263639
v 1.913980 14.171759 -5.653367
v 1.504577 11.929805 -5.637394
v 1.913980 14.171759 -5.653367
v 2.148006 13.405443 -4.805409
v 0.897827 12.226396 -6.263639
v -0.128476 12.318047 -5.644466
v 0.415593 14.408563 -5.521823
v 0.897827 12.226396 -6.263639
v 0.415593 14.408563 -5.521823
v 1.913980 14.171759 -5.653367
v -0.128476 12.318047 -5.644466
v -0.156017 12.078100 -4.635549
v -0.276435 13.788601 -4.592566
v -0.128476 12.318047 -5.644466
v -0.276435 13.788601 -4.592566
v 0.415593 14.408563 -5.521823
v -0.276435 13.788601 -4.592566
v 0.794255 13.168639 -4.149797
v 1.258833 14.961413 -2.912506
v -0.276435 13.788601 -4.592566
v 1.258833 14.961413 -2.912506
v 1.235882 14.980706 -2.920850
v 0.794255 13.168639 -4.149797
v 2.148006 13.405443 -4.805409
v 1.293000 14.968782 -2.921387
v 0.794255 13.168639 -4.149797
v 1.293000 14.968782 -2.921387
v 1.258833 14.961413 -2.912506
v 2.148006 13.405443 -4.805409
v 1.913980 14.171759 -5.653367
v 1.291165 14.992630 -2.935220
v 2.148006 13.405443 -4.805409
v 1.291165 14.992630 -2.935220
v 1.293000 14.968782 -2.921387
v 1.913980 14.171759 -5.653367
v 0.415593 14.408563 -5.521823
v 1.255864 15.000000 -2.934888
v 1.913980 14.171759 -5.653367
v 1.255864 15.000000 -2.934888
v 1.291165 14.992630 -2.935220
v 0.415593 14.408563 -5.521823
v -0.276435 13.788601 -4.592566
v 1.235882 14.980706 -2.920850
v 0.415593 14.408563 -5.521823
v 1.235882 14.980706 -2.920850
v 1.255864 15.000000 -2.934888
v 0.594235 12.078100 -5.362445
v -0.156017 12.078100 -4.635549
v 0.853265 11.838154 -4.631179
v 0.594235 12.078100 -5.362445
v 0.853265 11.838154 -4.631179
v 1.504577 11.929805 -5.637394
v 0.594235 12.078100 -5.362445
v 1.504577 11.929805 -5.637394
v 0.897827 12.226396 -6.263639
v 0.594235 12.078100 -5.362445
v 0.897827 12.226396 -6.263639
v -0.128476 12.318047 -5.644466
v 0.594235 12.078100 -5.362445
v -0.128476 12.318047 -5.644466
v -0.156017 12.078100 -4.635549
v 1.266949 14.980706 -2.924970
v 1.235882 14.980706 -2.920850
v 1.258833 14.961413 -2.912506
v 1.266949 14.980706 -2.924970
v 1.258833 14.961413 -2.912506
v 1.293000 14.968782 -2.921387
v 1.266949 14.980706 -2.924970
v 1.293000 14.968782 -2.921387
v 1.291165 14.992630 -2.935220
v 1.266949 14.980706 -2.924970
v 1.291165 14.992630 -2.935220
v 1.255864 15.000000 -2.934888
v 1.266949 14.980706 -2.924970
v 1.255864 15.000000 -2.934888
v 1.235882 14.980706 -2.920850
vt 0.003906 0.996094
vt 0.052344 0.996094
vt 0.052344 0.875000
vt 0.003906 0.996094
vt 0.052344 0.875000
vt 0.003906 0.875000
vt 0.052344 0.996094
vt 0.100781 0.996094
vt 0.100781 0.875000
vt 0.052344 0.996094
vt 0.100781 0.875000
vt 0.052344 0.875000
vt 0.100781 0.996094
vt 0.149219 0.996094
vt 0.149219 0.875000
vt 0.100781 0.996094
vt 0.149219 0.875000
vt 0.100781 0.875000
vt 0.149219 0.996094
vt 0.197656 0.996094
vt 0.197656 0.875000
vt 0.149219 0.996094
vt 0.197656 0.875000
vt 0.149219 0.875000
vt 0.197656 0.996094
vt 0.246094 0.996094
vt 0.246094 0.875000
vt 0.197656 0.996094
vt 0.246094 0.875000
vt 0.197656 0.875000
vt 0.003906 0.875000
vt 0.052344 0.875000
vt 0.052344 0.753906
vt 0.003906 0.875000
vt 0.052344 0.753906
vt 0.003906 0.753906
vt 0.052344 0.875000
vt 0.100781 0.875000
vt 0.100781 0.753906
vt 0.052344 0.875000
vt 0.100781 0.753906
vt 0.052344 0.753906
vt 0.100781 0.875000
vt 0.149219 0.875000
vt 0.149219 0.753906
vt 0.100781 0.875000
vt 0.149219 0.753906
vt 0.100781 0.753906
vt 0.149219 0.875000
vt 0.197656 0.875000
vt 0.197656 0.753906
vt 0.149219 0.875000
vt 0.197656 0.753906
vt 0.149219 0.753906
vt 0.197656 0.875000
vt 0.246094 0.875000
vt 0.246094 0.753906
vt 0.197656 0.875000
vt 0.246094 0.753906
vt 0.197656 0.753906
vt 0.125000 0.875000
vt 0.003906 0.996094
vt 0.246094 0.753906
vt 0.125000 0.875000
vt 0.003906 0.996094
vt 0.246094 0.753906
vt 0.125000 0.875000
vt 0.003906 0.996094
vt 0.246094 0.753906
vt 0.125000 0.875000
vt 0.003906 0.996094
vt 0.246094 0.753906
vt 0.125000 0.875000
vt 0.003906 0.996094
vt 0.246094 0.753906
vt 0.125000 0.875000
vt 0.003906 0.996094
vt 0.246094 0.753906
vt 0.125000 0.875000
vt 0.003906 0.996094
vt 0.246094 0.753906
vt 0.125000 0.875000
vt 0.003906 0.996094
vt 0.246094 0.753906
vt 0.125000 0.875000
vt 0.003906 0.996094
vt 0.246094 0.753906
vt 0.125000 0.875000
vt 0.003906 0.996094
vt 0.246094 0.753906
vn -0.085437 -0.342330 0.935687
vn -0.085437 -0.342330 0.935687
vn -0.085437 -0.342330 0.935687
vn -0.406994 -0.051569 0.911974
vn -0.406994 -0.051569 0.911974
vn -0.406994 -0.051569 0.911974
vn 0.722744 -0.550629 0.417670
vn 0.722744 -0.550629 0.417670
vn 0.722744 -0.550629 0.417670
vn 0.457712 -0.284474 0.842363
vn 0.457712 -0.284474 0.842363
vn 0.457712 -0.284474 0.842363
vn 0.680811 -0.129459 -0.720928
vn 0.680811 -0.129459 -0.720928
vn 0.680811 -0.129459 -0.720928
vn 0.901107 -0.167401 -0.399978
vn 0.901107 -0.167401 -0.399978
vn 0.901107 -0.167401 -0.399978
vn -0.496457 0.179037 -0.849398
vn -0.496457 0.179037 -0.849398
vn -0.496457 0.179037 -0.849398
vn -0.033480 0.315035 -0.948489
vn -0.033480 0.315035 -0.948489
vn -0.033480 0.315035 -0.948489
vn -0.996657 -0.069067 -0.043632
vn -0.996657 -0.069067 -0.043632
vn -0.996657 -0.069067 -0.043632
vn -0.848928 0.248309 -0.466544
vn -0.848928 0.248309 -0.466544
vn -0.848928 0.248309 -0.466544
vn -0.533436 -0.382447 0.754440
vn -0.533436 -0.382447 0.754440
vn -0.533436 -0.382447 0.754440
vn -0.561904 -0.342844 0.752809
vn -0.561904 -0.342844 0.752809
vn -0.561904 -0.342844 0.752809
vn 0.433781 -0.586777 0.683759
vn 0.433781 -0.586777 0.683759
vn 0.433781 -0.586777 0.683759
vn 0.319978 -0.592917 0.738961
vn 0.319978 -0.592917 0.738961
vn 0.319978 -0.592917 0.738961
vn 0.918228 0.384681 0.094223
vn 0.918228 0.384681 0.094223
vn 0.918228 0.384681 0.094223
vn 0.944050 0.216795 0.248535
vn 0.944050 0.216795 0.248535
vn 0.944050 0.216795 0.248535
vn 0.128363 0.956911 -0.260468
vn 0.128363 0.956911 -0.260468
vn 0.128363 0.956911 -0.260468
vn 0.196098 0.950244 -0.242038
vn 0.196098 0.950244 -0.242038
vn 0.196098 0.950244 -0.242038
vn -0.641409 0.766459 0.033686
vn -0.641409 0.766459 0.033686
vn -0.641409 0.766459 0.033686
vn -0.674947 0.736106 0.050940
vn -0.674947 0.736106 0.050940
vn -0.674947 0.736106 0.050940
vn 0.224074 0.946733 0.231274
vn 0.224074 0.946733 0.231274
vn 0.224074 0.946733 0.231274
vn 0.224074 0.946733 0.231274
vn 0.224074 0.946733 0.231274
vn 0.224074 0.946733 0.231274
vn 0.224074 0.946733 0.231274
vn 0.224074 0.946733 0.231274
vn 0.224074 0.946733 0.231274
vn 0.224074 0.946733 0.231274
vn 0.224074 0.946733 0.231274
vn 0.224074 0.946733 0.231274
vn 0.224074 0.946733 0.231274
vn 0.224074 0.946733 0.231274
vn 0.224074 0.946733 0.231274
vn 0.113482 0.505032 0.855608
vn 0.113482 0.505032 0.855608
vn 0.113482 0.505032 0.855608
vn 0.113482 0.505032 0.855608
vn 0.113482 0.505032 0.855608
vn 0.113482 0.505032 0.855608
vn 0.113482 0.505032 0.855608
vn 0.113482 0.505032 0.855608
vn 0.113482 0.505032 0.855608
vn 0.113482 0.505032 0.855608
vn 0.113482 0.505032 0.855608
vn 0.113482 0.505032 0.855608
vn 0.113482 0.505032 0.855608
vn 0.113482 0.505032 0.855608
vn 0.113482 0.505032 0.855608
f 4795/4795/4795 4796/4796/4796 4797/4797/4797
f 4798/4798/4798 4799/4799/4799 4800/4800/4800
f 4801/4801/4801 4802/4802/4802 4803/4803/4803
f 4804/4804/4804 4805/4805/4805 4806/4806/4806
f 4807/4807/4807 4808/4808/4808 4809/4809/4809
f 4810/4810/4810 4811/4811/4811 4812/4812/4812
f 4813/4813/4813 4814/4814/4814 4815/4815/4815
f 4816/4816/4816 4817/4817/4817 4818/4818/4818
f 4819/4819/4819 4820/4820/4820 4821/4821/4821
f 4822/4822/4822 4823/4823/4823 4824/4824/4824
f 4825/4825/4825 4826/4826/4826 4827/4827/4827
f 4828/4828/4828 4829/4829/4829 4830/4830/4830
f 4831/4831/4831 4832/4832/4832 4833/4833/4833
f 4834/4834/4834 4835/4835/4835 4836/4836/4836
f 4837/4837/4837 4838/4838/4838 4839/4839/4839
f 4840/4840/4840 4841/4841/4841 4842/4842/4842
f 4843/4843/4843 4844/4844/4844 4845/4845/4845
f 4846/4846/4846 4847/4847/4847 4848/4848/4848
f 4849/4849/4849 4850/4850/4850 4851/4851/4851
f 4852/4852/4852 4853/4853/4853 4854/4854/4854
f 4855/4855/4855 4856/4856/4856 4857/4857/4857
f 4858/4858/4858 4859/4859/4859 4860/4860/4860
f 4861/4861/4861 4862/4862/4862 4863/4863/4863
f 4864/4864/4864 4865/4865/4865 4866/4866/4866
f 4867/4867/4867 4868/4868/4868 4869/4869/4869
f 4870/4870/4870 4871/4871/4871 4872/4872/4872
f 4873/4873/4873 4874/4874/4874 4875/4875/4875
f 4876/4876/4876 4877/4877/4877 4878/4878/4878
f 4879/4879/4879 4880/4880/4880 4881/4881/4881
f 4882/4882/4882 4883/4883/4883 4884/4884/4884
o Mane1_1
usemtl PaintedTeaFantasy
v 1.593438 11.359792 -4.367716
v 2.302497 10.819510 -4.898353
v 3.260844 11.877565 -4.277684
v 1.593438 11.359792 -4.367716
v 3.260844 11.877565 -4.277684
v 2.226079 12.659340 -4.065874
v 2.302497 10.819510 -4.898353
v 2.472526 11.025879 -6.070350
v 4.232778 12.176177 -5.411139
v 2.302497 10.819510 -4.898353
v 4.232778 12.176177 -5.411139
v 3.260844 11.877565 -4.277684
v 2.472526 11.025879 -6.070350
v 1.868551 11.693705 -6.264047
v 3.798700 13.142504 -5.899843
v 2.472526 11.025879 -6.070350
v 3.798700 13.142504 -5.899843
v 4.232778 12.176177 -5.411139
v 1.868551 11.693705 -6.264047
v 1.325245 11.900075 -5.211761
v 2.558492 13.441115 -5.068423
v 1.868551 11.693705 -6.264047
v 2.558492 13.441115 -5.068423
v 3.798700 13.142504 -5.899843
v 1.325245 11.900075 -5.211761
v 1.593438 11.359792 -4.367716
v 2.226079 12.659340 -4.065874
v 1.325245 11.900075 -5.211761
v 2.226079 12.659340 -4.065874
v 2.558492 13.441115 -5.068423
v 2.226079 12.659340 -4.065874
v 3.260844 11.877565 -4.277684
v 4.071913 13.544374 -2.913329
v 2.226079 12.659340 -4.065874
v 4.071913 13.544374 -2.913329
v 4.048650 13.565039 -2.912667
v 3.260844 11.877565 -4.277684
v 4.232778 12.176177 -5.411139
v 4.102859 13.552267 -2.930079
v 3.260844 11.877565 -4.277684
v 4.102859 13.552267 -2.930079
v 4.071913 13.544374 -2.913329
v 4.232778 12.176177 -5.411139
v 3.798700 13.142504 -5.899843
v 4.098723 13.577811 -2.939769
v 4.232778 12.176177 -5.411139
v 4.098723 13.577811 -2.939769
v 4.102859 13.552267 -2.930079
v 3.798700 13.142504 -5.899843
v 2.558492 13.441115 -5.068423
v 4.065220 13.585704 -2.929007
v 3.798700 13.142504 -5.899843
v 4.065220 13.585704 -2.929007
v 4.098723 13.577811 -2.939769
v 2.558492 13.441115 -5.068423
v 2.226079 12.659340 -4.065874
v 4.048650 13.565039 -2.912667
v 2.558492 13.441115 -5.068423
v 4.048650 13.565039 -2.912667
v 4.065220 13.585704 -2.929007
v 1.912451 11.359792 -5.362445
v 1.593438 11.359792 -4.367716
v 2.302497 10.819510 -4.898353
v 1.912451 11.359792 -5.362445
v 2.302497 10.819510 -4.898353
v 2.472526 11.025879 -6.070350
v 1.912451 11.359792 -5.362445
v 2.472526 11.025879 -6.070350
v 1.868551 11.693705 -6.264047
v 1.912451 11.359792 -5.362445
v 1.868551 11.693705 -6.264047
v 1.325245 11.900075 -5.211761
v 1.912451 11.359792 -5.362445
v 1.325245 11.900075 -5.211761
v 1.593438 11.359792 -4.367716
v 4.077473 13.565039 -2.924970
v 4.048650 13.565039 -2.912667
v 4.071913 13.544374 -2.913329
v 4.077473 13.565039 -2.924970
v 4.071913 13.544374 -2.913329
v 4.102859 13.552267 -2.930079
v 4.077473 13.565039 -2.924970
v 4.102859 13.552267 -2.930079
v 4.098723 13.577811 -2.939769
v 4.077473 13.565039 -2.924970
v 4.098723 13.577811 -2.939769
v 4.065220 13.585704 -2.929007
v 4.077473 13.565039 -2.924970
v 4.065220 13.585704 -2.929007
v 4.048650 13.565039 -2.912667
vt 0.003906 0.996094
vt 0.052344 0.996094
vt 0.052344 0.875000
vt 0.003906 0.996094
vt 0.052344 0.875000
vt 0.003906 0.875000
vt 0.052344 0.996094
vt 0.100781 0.996094
vt 0.100781 0.875000
vt 0.052344 0.996094
vt 0.100781 0.875000
vt 0.052344 0.875000
vt 0.100781 0.996094
vt 0.149219 0.996094
vt 0.149219 0.875000
vt 0.100781 0.996094
vt 0.149219 0.875000
vt 0.100781 0.875000
vt 0.149219 0.996094
vt 0.197656 0.996094
vt 0.197656 0.875000
vt 0.149219 0.996094
vt 0.197656 0.875000
vt 0.149219 0.875000
vt 0.197656 0.996094
vt 0.246094 0.996094
vt 0.246094 0.875000
vt 0.197656 0.996094
vt 0.246094 0.875000
vt 0.197656 0.875000
vt 0.003906 0.875000
vt 0.052344 0.875000
vt 0.052344 0.753906
vt 0.003906 0.875000
vt 0.052344 0.753906
vt 0.003906 0.753906
vt 0.052344 0.875000
vt 0.100781 0.875000
vt 0.100781 0.753906
vt 0.052344 0.875000
vt 0.100781 0.753906
vt 0.052344 0.753906
vt 0.100781 0.875000
vt 0.149219 0.875000
vt 0.149219 0.753906
vt 0.100781 0.875000
vt 0.149219 0.753906
vt 0.100781 0.753906
vt 0.149219 0.875000
vt 0.197656 0.875000
vt 0.197656 0.753906
vt 0.149219 0.875000
vt 0.197656 0.753906
vt 0.149219 0.753906
vt 0.197656 0.875000
vt 0.246094 0.875000
vt 0.246094 0.753906
vt 0.197656 0.875000
vt 0.246094 0.753906
vt 0.197656 0.753906
vt 0.125000 0.875000
vt 0.003906 0.996094
vt 0.246094 0.753906
vt 0.125000 0.875000
vt 0.003906 0.996094
vt 0.246094 0.753906
vt 0.125000 0.875000
vt 0.003906 0.996094
vt 0.246094 0.753906
vt 0.125000 0.875000
vt 0.003906 0.996094
vt 0.246094 0.753906
vt 0.125000 0.875000
vt 0.003906 0.996094
vt 0.246094 0.753906
vt 0.125000 0.875000
vt 0.003906 0.996094
vt 0.246094 0.753906
vt 0.125000 0.875000
vt 0.003906 0.996094
vt 0.246094 0.753906
vt 0.125000 0.875000
vt 0.003906 0.996094
vt 0.246094 0.753906
vt 0.125000 0.875000
vt 0.003906 0.996094
vt 0.246094 0.753906
vt 0.125000 0.875000
vt 0.003906 0.996094
vt 0.246094 0.753906
vn 0.141349 -0.593025 0.792680
vn 0.141349 -0.593025 0.792680
vn 0.141349 -0.593025 0.792680
vn 0.020752 -0.235770 0.971587
vn 0.020752 -0.235770 0.971587
vn 0.020752 -0.235770 0.971587
vn 0.562500 -0.824351 -0.063549
vn 0.562500 -0.824351 -0.063549
vn 0.562500 -0.824351 -0.063549
vn 0.600167 -0.732327 0.321708
vn 0.600167 -0.732327 0.321708
vn 0.600167 -0.732327 0.321708
vn 0.234716 -0.068953 -0.969615
vn 0.234716 -0.068953 -0.969615
vn 0.234716 -0.068953 -0.969615
vn 0.466461 -0.223315 -0.855888
vn 0.466461 -0.223315 -0.855888
vn 0.466461 -0.223315 -0.855888
vn -0.671631 0.580326 -0.460580
vn -0.671631 0.580326 -0.460580
vn -0.671631 0.580326 -0.460580
vn -0.329474 0.618311 -0.713539
vn -0.329474 0.618311 -0.713539
vn -0.329474 0.618311 -0.713539
vn -0.836395 0.300731 0.458263
vn -0.836395 0.300731 0.458263
vn -0.836395 0.300731 0.458263
vn -0.772705 0.598773 0.210711
vn -0.772705 0.598773 0.210711
vn -0.772705 0.598773 0.210711
vn -0.243595 -0.540594 0.805245
vn -0.243595 -0.540594 0.805245
vn -0.243595 -0.540594 0.805245
vn -0.336189 -0.405685 0.849939
vn -0.336189 -0.405685 0.849939
vn -0.336189 -0.405685 0.849939
vn 0.655624 -0.645239 0.392205
vn 0.655624 -0.645239 0.392205
vn 0.655624 -0.645239 0.392205
vn 0.474332 -0.684228 0.553933
vn 0.474332 -0.684228 0.553933
vn 0.474332 -0.684228 0.553933
vn 0.927887 0.343686 -0.144590
vn 0.927887 0.343686 -0.144590
vn 0.927887 0.343686 -0.144590
vn 0.988447 0.148451 -0.030578
vn 0.988447 0.148451 -0.030578
vn 0.988447 0.148451 -0.030578
vn 0.129977 0.978896 -0.157696
vn 0.129977 0.978896 -0.157696
vn 0.129977 0.978896 -0.157696
vn 0.177131 0.970972 -0.160744
vn 0.177131 0.970972 -0.160744
vn 0.177131 0.970972 -0.160744
vn -0.589462 0.720089 0.366069
vn -0.589462 0.720089 0.366069
vn -0.589462 0.720089 0.366069
vn -0.573128 0.739213 0.353679
vn -0.573128 0.739213 0.353679
vn -0.573128 0.739213 0.353679
vn 0.690449 0.688658 0.221429
vn 0.690449 0.688658 0.221429
vn 0.690449 0.688658 0.221429
vn 0.690449 0.688658 0.221429
vn 0.690449 0.688658 0.221429
vn 0.690449 0.688658 0.221429
vn 0.690449 0.688658 0.221429
vn 0.690449 0.688658 0.221429
vn 0.690449 0.688658 0.221429
vn 0.690449 0.688658 0.221429
vn 0.690449 0.688658 0.221429
vn 0.690449 0.688658 0.221429
vn 0.690449 0.688658 0.221429
vn 0.690449 0.688658 0.221429
vn 0.690449 0.688658 0.221429
vn 0.362931 0.381288 0.850236
vn 0.362931 0.381288 0.850236
vn 0.362931 0.381288 0.850236
vn 0.362931 0.381288 0.850236
vn 0.362931 0.381288 0.850236
vn 0.362931 0.381288 0.850236
vn 0.362931 0.381288 0.850236
vn 0.362931 0.381288 0.850236
vn 0.362931 0.381288 0.850236
vn 0.362931 0.381288 0.850236
vn 0.362931 0.381288 0.850236
vn 0.362931 0.381288 0.850236
vn 0.362931 0.381288 0.850236
vn 0.362931 0.381288 0.850236
vn 0.362931 0.381288 0.850236
f 4885/4885/4885 4886/4886/4886 4887/4887/4887
f 4888/4888/4888 4889/4889/4889 4890/4890/4890
f 4891/4891/4891 4892/4892/4892 4893/4893/4893
f 4894/4894/4894 4895/4895/4895 4896/4896/4896
f 4897/4897/4897 4898/4898/4898 4899/4899/4899
f 4900/4900/4900 4901/4901/4901 4902/4902/4902
f 4903/4903/4903 4904/4904/4904 4905/4905/4905
f 4906/4906/4906 4907/4907/4907 4908/4908/4908
f 4909/4909/4909 4910/4910/4910 4911/4911/4911
f 4912/4912/4912 4913/4913/4913 4914/4914/4914
f 4915/4915/4915 4916/4916/4916 4917/4917/4917
f 4918/4918/4918 4919/4919/4919 4920/4920/4920
f 4921/4921/4921 4922/4922/4922 4923/4923/4923
f 4924/4924/4924 4925/4925/4925 4926/4926/4926
f 4927/4927/4927 4928/4928/4928 4929/4929/4929
f 4930/4930/4930 4931/4931/4931 4932/4932/4932
f 4933/4933/4933 4934/4934/4934 4935/4935/4935
f 4936/4936/4936 4937/4937/4937 4938/4938/4938
f 4939/4939/4939 4940/4940/4940 4941/4941/4941
f 4942/4942/4942 4943/4943/4943 4944/4944/4944
f 4945/4945/4945 4946/4946/4946 4947/4947/4947
f 4948/4948/4948 4949/4949/4949 4950/4950/4950
f 4951/4951/4951 4952/4952/4952 4953/4953/4953
f 4954/4954/4954 4955/4955/4955 4956/4956/4956
f 4957/4957/4957 4958/4958/4958 4959/4959/4959
f 4960/4960/4960 4961/4961/4961 4962/4962/4962
f 4963/4963/4963 4964/4964/4964 4965/4965/4965
f 4966/4966/4966 4967/4967/4967 4968/4968/4968
f 4969/4969/4969 4970/4970/4970 4971/4971/4971
f 4972/4972/4972 4973/4973/4973 4974/4974/4974
o Mane1_2
usemtl PaintedTeaFantasy
v 2.488302 10.032840 -4.343431
v 2.846168 9.316179 -5.002653
v 4.484525 9.654135 -4.490767
v 2.488302 10.032840 -4.343431
v 4.484525 9.654135 -4.490767
v 3.748526 10.573222 -3.907364
v 2.846168 9.316179 -5.002653
v 3.027225 9.589919 -6.159096
v 5.338813 10.005195 -5.701342
v 2.846168 9.316179 -5.002653
v 5.338813 10.005195 -5.701342
v 4.484525 9.654135 -4.490767
v 3.027225 9.589919 -6.159096
v 2.781259 10.475761 -6.214595
v 5.130793 11.141249 -5.866115
v 3.027225 9.589919 -6.159096
v 5.130793 11.141249 -5.866115
v 5.338813 10.005195 -5.701342
v 2.781259 10.475761 -6.214595
v 2.448186 10.749501 -5.092452
v 4.147942 11.492309 -4.757376
v 2.781259 10.475761 -6.214595
v 4.147942 11.492309 -4.757376
v 5.130793 11.141249 -5.866115
v 2.448186 10.749501 -5.092452
v 2.488302 10.032840 -4.343431
v 3.748526 10.573222 -3.907364
v 2.448186 10.749501 -5.092452
v 3.748526 10.573222 -3.907364
v 4.147942 11.492309 -4.757376
v 3.748526 10.573222 -3.907364
v 4.484525 9.654135 -4.490767
v 5.788988 10.927758 -2.916938
v 3.748526 10.573222 -3.907364
v 5.788988 10.927758 -2.916938
v 5.768648 10.949833 -2.908715
v 4.484525 9.654135 -4.490767
v 5.338813 10.005195 -5.701342
v 5.818246 10.936190 -2.936262
v 4.484525 9.654135 -4.490767
v 5.818246 10.936190 -2.936262
v 5.788988 10.927758 -2.916938
v 5.338813 10.005195 -5.701342
v 5.130793 11.141249 -5.866115
v 5.815990 10.963476 -2.939981
v 5.338813 10.005195 -5.701342
v 5.815990 10.963476 -2.939981
v 5.818246 10.936190 -2.936262
v 5.130793 11.141249 -5.866115
v 4.147942 11.492309 -4.757376
v 5.785337 10.971908 -2.922956
v 5.130793 11.141249 -5.866115
v 5.785337 10.971908 -2.922956
v 5.815990 10.963476 -2.939981
v 4.147942 11.492309 -4.757376
v 3.748526 10.573222 -3.907364
v 5.768648 10.949833 -2.908715
v 4.147942 11.492309 -4.757376
v 5.768648 10.949833 -2.908715
v 5.785337 10.971908 -2.922956
v 2.718228 10.032840 -5.362445
v 2.488302 10.032840 -4.343431
v 2.846168 9.316179 -5.002653
v 2.718228 10.032840 -5.362445
v 2.846168 9.316179 -5.002653
v 3.027225 9.589919 -6.159096
v 2.718228 10.032840 -5.362445
v 3.027225 9.589919 -6.159096
v 2.781259 10.475761 -6.214595
v 2.718228 10.032840 -5.362445
v 2.781259 10.475761 -6.214595
v 2.448186 10.749501 -5.092452
v 2.718228 10.032840 -5.362445
v 2.448186 10.749501 -5.092452
v 2.488302 10.032840 -4.343431
v 5.795442 10.949833 -2.924970
v 5.768648 10.949833 -2.908715
v 5.788988 10.927758 -2.916938
v 5.795442 10.949833 -2.924970
v 5.788988 10.927758 -2.916938
v 5.818246 10.936190 -2.936262
v 5.795442 10.949833 -2.924970
v 5.818246 10.936190 -2.936262
v 5.815990 10.963476 -2.939981
v 5.795442 10.949833 -2.924970
v 5.815990 10.963476 -2.939981
v 5.785337 10.971908 -2.922956
v 5.795442 10.949833 -2.924970
v 5.785337 10.971908 -2.922956
v 5.768648 10.949833 -2.908715
vt 0.003906 0.996094
vt 0.052344 0.996094
vt 0.052344 0.875000
vt 0.003906 0.996094
vt 0.052344 0.875000
vt 0.003906 0.875000
vt 0.052344 0.996094
vt 0.100781 0.996094
vt 0.100781 0.875000
vt 0.052344 0.996094
vt 0.100781 0.875000
vt 0.052344 0.875000
vt 0.100781 0.996094
vt 0.149219 0.996094
vt 0.149219 0.875000
vt 0.100781 0.996094
vt 0.149219 0.875000
vt 0.100781 0.875000
vt 0.149219 0.996094
vt 0.197656 0.996094
vt 0.197656 0.875000
vt 0.149219 0.996094
vt 0.197656 0.875000
vt 0.149219 0.875000
vt 0.197656 0.996094
vt 0.246094 0.996094
vt 0.246094 0.875000
vt 0.197656 0.996094
vt 0.246094 0.875000
vt 0.197656 0.875000
vt 0.003906 0.875000
vt 0.052344 0.875000
vt 0.052344 0.753906
vt 0.003906 0.875000
vt 0.052344 0.753906
vt 0.003906 0.753906
vt 0.052344 0.875000
vt 0.100781 0.875000
vt 0.100781 0.753906
vt 0.052344 0.875000
vt 0.100781 0.753906
vt 0.052344 0.753906
vt 0.100781 0.875000
vt 0.149219 0.875000
vt 0.149219 0.753906
vt 0.100781 0.875000
vt 0.149219 0.753906
vt 0.100781 0.753906
vt 0.149219 0.875000
vt 0.197656 0.875000
vt 0.197656 0.753906
vt 0.149219 0.875000
vt 0.197656 0.753906
vt 0.149219 0.753906
vt 0.197656 0.875000
vt 0.246094 0.875000
vt 0.246094 0.753906
vt 0.197656 0.875000
vt 0.246094 0.753906
vt 0.197656 0.753906
vt 0.125000 0.875000
vt 0.003906 0.996094
vt 0.246094 0.753906
vt 0.125000 0.875000
vt 0.003906 0.996094
vt 0.246094 0.753906
vt 0.125000 0.875000
vt 0.003906 0.996094
vt 0.246094 0.753906
vt 0.125000 0.875000
vt 0.003906 0.996094
vt 0.246094 0.753906
vt 0.125000 0.875000
vt 0.003906 0.996094
vt 0.246094 0.753906
vt 0.125000 0.875000
vt 0.003906 0.996094
vt 0.246094 0.753906
vt 0.125000 0.875000
vt 0.003906 0.996094
vt 0.246094 0.753906
vt 0.125000 0.875000
vt 0.003906 0.996094
vt 0.246094 0.753906
vt 0.125000 0.875000
vt 0.003906 0.996094
vt 0.246094 0.753906
vt 0.125000 0.875000
vt 0.003906 0.996094
vt 0.246094 0.753906
vn -0.079378 -0.696043 0.713599
vn -0.079378 -0.696043 0.713599
vn -0.079378 -0.696043 0.713599
vn -0.045430 -0.561039 0.826542
vn -0.045430 -0.561039 0.826542
vn -0.045430 -0.561039 0.826542
vn 0.210523 -0.958177 -0.193848
vn 0.210523 -0.958177 -0.193848
vn 0.210523 -0.958177 -0.193848
vn 0.234811 -0.965306 -0.114230
vn 0.234811 -0.965306 -0.114230
vn 0.234811 -0.965306 -0.114230
vn 0.152134 -0.019667 -0.988164
vn 0.152134 -0.019667 -0.988164
vn 0.152134 -0.019667 -0.988164
vn 0.210900 -0.102381 -0.972131
vn 0.210900 -0.102381 -0.972131
vn 0.210900 -0.102381 -0.972131
vn -0.327376 0.891009 -0.314528
vn -0.327376 0.891009 -0.314528
vn -0.327376 0.891009 -0.314528
vn -0.183480 0.878629 -0.440847
vn -0.183480 0.878629 -0.440847
vn -0.183480 0.878629 -0.440847
vn -0.480526 0.620658 0.619579
vn -0.480526 0.620658 0.619579
vn -0.480526 0.620658 0.619579
vn -0.421102 0.707686 0.567321
vn -0.421102 0.707686 0.567321
vn -0.421102 0.707686 0.567321
vn -0.237911 -0.649139 0.722508
vn -0.237911 -0.649139 0.722508
vn -0.237911 -0.649139 0.722508
vn -0.283951 -0.553336 0.783066
vn -0.283951 -0.553336 0.783066
vn -0.283951 -0.553336 0.783066
vn 0.571944 -0.802280 0.170957
vn 0.571944 -0.802280 0.170957
vn 0.571944 -0.802280 0.170957
vn 0.446372 -0.839623 0.309492
vn 0.446372 -0.839623 0.309492
vn 0.446372 -0.839623 0.309492
vn 0.965260 0.145243 -0.217205
vn 0.965260 0.145243 -0.217205
vn 0.965260 0.145243 -0.217205
vn 0.980483 0.055369 -0.188647
vn 0.980483 0.055369 -0.188647
vn 0.980483 0.055369 -0.188647
vn 0.319680 0.947380 -0.016586
vn 0.319680 0.947380 -0.016586
vn 0.319680 0.947380 -0.016586
vn 0.263610 0.964624 -0.003124
vn 0.263610 0.964624 -0.003124
vn 0.263610 0.964624 -0.003124
vn -0.414472 0.708439 0.571251
vn -0.414472 0.708439 0.571251
vn -0.414472 0.708439 0.571251
vn -0.426650 0.695509 0.578133
vn -0.426650 0.695509 0.578133
vn -0.426650 0.695509 0.578133
vn 0.938209 0.273770 0.211693
vn 0.938209 0.273770 0.211693
vn 0.938209 0.273770 0.211693
vn 0.938209 0.273770 0.211693
vn 0.938209 0.273770 0.211693
vn 0.938209 0.273770 0.211693
vn 0.938209 0.273770 0.211693
vn 0.938209 0.273770 0.211693
vn 0.938209 0.273770 0.211693
vn 0.938209 0.273770 0.211693
vn 0.938209 0.273770 0.211693
vn 0.938209 0.273770 0.211693
vn 0.938209 0.273770 0.211693
vn 0.938209 0.273770 0.211693
vn 0.938209 0.273770 0.211693
vn 0.512238 0.157440 0.844290
vn 0.512238 0.157440 0.844290
vn 0.512238 0.157440 0.844290
vn 0.512238 0.157440 0.844290
vn 0.512238 0.157440 0.844290
vn 0.512238 0.157440 0.844290
vn 0.512238 0.157440 0.844290
vn 0.512238 0.157440 0.844290
vn 0.512238 0.157440 0.844290
vn 0.512238 0.157440 0.844290
vn 0.512238 0.157440 0.844290
vn 0.512238 0.157440 0.844290
vn 0.512238 0.157440 0.844290
vn 0.512238 0.157440 0.844290
vn 0.512238 0.157440 0.844290
f 4975/4975/4975 4976/4976/4976 4977/4977/4977
f 4978/4978/4978 4979/4979/4979 4980/4980/4980
f 4981/4981/4981 4982/4982/4982 4983/4983/4983
f 4984/4984/4984 4985/4985/4985 4986/4986/4986
f 4987/4987/4987 4988/4988/4988 4989/4989/4989
f 4990/4990/4990 4991/4991/4991 4992/4992/4992
f 4993/4993/4993 4994/4994/4994 4995/4995/4995
f 4996/4996/4996 4997/4997/4997 4998/4998/4998
f 4999/4999/4999 5000/5000/5000 5001/5001/5001
f 5002/5002/5002 5003/5003/5003 5004/5004/5004
f 5005/5005/5005 5006/5006/5006 5007/5007/5007
f 5008/5008/5008 5009/5009/5009 5010/5010/5010
f 5011/5011/5011 5012/5012/5012 5013/5013/5013
f 5014/5014/5014 5015/5015/5015 5016/5016/5016
f 5017/5017/5017 5018/5018/5018 5019/5019/5019
f 5020/5020/5020 5021/5021/5021 5022/5022/5022
f 5023/5023/5023 5024/5024/5024 5025/5025/5025
f 5026/5026/5026 5027/5027/5027 5028/5028/5028
f 5029/5029/5029 5030/5030/5030 5031/5031/5031
f 5032/5032/5032 5033/5033/5033 5034/5034/5034
f 5035/5035/5035 5036/5036/5036 5037/5037/5037
f 5038/5038/5038 5039/5039/5039 5040/5040/5040
f 5041/5041/5041 5042/5042/5042 5043/5043/5043
f 5044/5044/5044 5045/5045/5045 5046/5046/5046
f 5047/5047/5047 5048/5048/5048 5049/5049/5049
f 5050/5050/5050 5051/5051/5051 5052/5052/5052
f 5053/5053/5053 5054/5054/5054 5055/5055/5055
f 5056/5056/5056 5057/5057/5057 5058/5058/5058
f 5059/5059/5059 5060/5060/5060 5061/5061/5061
f 5062/5062/5062 5063/5063/5063 5064/5064/5064
o Mane1_3
usemtl PaintedTeaFantasy
v 2.571803 8.452799 -4.342080
v 2.593075 7.720295 -5.076403
v 4.336669 7.156451 -4.708546
v 2.571803 8.452799 -4.342080
v 4.336669 7.156451 -4.708546
v 3.892915 8.089221 -3.896266
v 2.593075 7.720295 -5.076403
v 2.894309 8.000086 -6.206027
v 5.282950 7.512737 -5.847034
v 2.593075 7.720295 -5.076403
v 5.282950 7.512737 -5.847034
v 4.336669 7.156451 -4.708546
v 2.894309 8.000086 -6.206027
v 3.059209 8.905511 -6.169850
v 5.424029 8.665704 -5.738379
v 2.894309 8.000086 -6.206027
v 5.424029 8.665704 -5.738379
v 5.282950 7.512737 -5.847034
v 3.059209 8.905511 -6.169850
v 2.859889 9.185303 -5.017867
v 4.564941 9.021990 -4.532738
v 3.059209 8.905511 -6.169850
v 4.564941 9.021990 -4.532738
v 5.424029 8.665704 -5.738379
v 2.859889 9.185303 -5.017867
v 2.571803 8.452799 -4.342080
v 3.892915 8.089221 -3.896266
v 2.859889 9.185303 -5.017867
v 3.892915 8.089221 -3.896266
v 4.564941 9.021990 -4.532738
v 3.892915 8.089221 -3.896266
v 4.336669 7.156451 -4.708546
v 5.951058 7.813603 -2.921851
v 3.892915 8.089221 -3.896266
v 5.951058 7.813603 -2.921851
v 5.933939 7.835831 -2.908380
v 4.336669 7.156451 -4.708546
v 5.282950 7.512737 -5.847034
v 5.981262 7.822093 -2.939633
v 4.336669 7.156451 -4.708546
v 5.981262 7.822093 -2.939633
v 5.951058 7.813603 -2.921851
v 5.282950 7.512737 -5.847034
v 5.424029 8.665704 -5.738379
v 5.982810 7.849569 -2.937152
v 5.282950 7.512737 -5.847034
v 5.982810 7.849569 -2.937152
v 5.981262 7.822093 -2.939633
v 5.424029 8.665704 -5.738379
v 4.564941 9.021990 -4.532738
v 5.953563 7.858059 -2.917836
v 5.424029 8.665704 -5.738379
v 5.953563 7.858059 -2.917836
v 5.982810 7.849569 -2.937152
v 4.564941 9.021990 -4.532738
v 3.892915 8.089221 -3.896266
v 5.933939 7.835831 -2.908380
v 4.564941 9.021990 -4.532738
v 5.933939 7.835831 -2.908380
v 5.953563 7.858059 -2.917836
v 2.795657 8.452799 -5.362445
v 2.571803 8.452799 -4.342080
v 2.593075 7.720295 -5.076403
v 2.795657 8.452799 -5.362445
v 2.593075 7.720295 -5.076403
v 2.894309 8.000086 -6.206027
v 2.795657 8.452799 -5.362445
v 2.894309 8.000086 -6.206027
v 3.059209 8.905511 -6.169850
v 2.795657 8.452799 -5.362445
v 3.059209 8.905511 -6.169850
v 2.859889 9.185303 -5.017867
v 2.795657 8.452799 -5.362445
v 2.859889 9.185303 -5.017867
v 2.571803 8.452799 -4.342080
v 5.960526 7.835831 -2.924970
v 5.933939 7.835831 -2.908380
v 5.951058 7.813603 -2.921851
v 5.960526 7.835831 -2.924970
v 5.951058 7.813603 -2.921851
v 5.981262 7.822093 -2.939633
v 5.960526 7.835831 -2.924970
v 5.981262 7.822093 -2.939633
v 5.982810 7.849569 -2.937152
v 5.960526 7.835831 -2.924970
v 5.982810 7.849569 -2.937152
v 5.953563 7.858059 -2.917836
v 5.960526 7.835831 -2.924970
v 5.953563 7.858059 -2.917836
v 5.933939 7.835831 -2.908380
vt 0.003906 0.996094
vt 0.052344 0.996094
vt 0.052344 0.875000
vt 0.003906 0.996094
vt 0.052344 0.875000
vt 0.003906 0.875000
vt 0.052344 0.996094
vt 0.100781 0.996094
vt 0.100781 0.875000
vt 0.052344 0.996094
vt 0.100781 0.875000
vt 0.052344 0.875000
vt 0.100781 0.996094
vt 0.149219 0.996094
vt 0.149219 0.875000
vt 0.100781 0.996094
vt 0.149219 0.875000
vt 0.100781 0.875000
vt 0.149219 0.996094
vt 0.197656 0.996094
vt 0.197656 0.875000
vt 0.149219 0.996094
vt 0.197656 0.875000
vt 0.149219 0.875000
vt 0.197656 0.996094
vt 0.246094 0.996094
vt 0.246094 0.875000
vt 0.197656 0.996094
vt 0.246094 0.875000
vt 0.197656 0.875000
vt 0.003906 0.875000
vt 0.052344 0.875000
vt 0.052344 0.753906
vt 0.003906 0.875000
vt 0.052344 0.753906
vt 0.003906 0.753906
vt 0.052344 0.875000
vt 0.100781 0.875000
vt 0.100781 0.753906
vt 0.052344 0.875000
vt 0.100781 0.753906
vt 0.052344 0.753906
vt 0.100781 0.875000
vt 0.149219 0.875000
vt 0.149219 0.753906
vt 0.100781 0.875000
vt 0.149219 0.753906
vt 0.100781 0.753906
vt 0.149219 0.875000
vt 0.197656 0.875000
vt 0.197656 0.753906
vt 0.149219 0.875000
vt 0.197656 0.753906
vt 0.149219 0.753906
vt 0.197656 0.875000
vt 0.246094 0.875000
vt 0.246094 0.753906
vt 0.197656 0.875000
vt 0.246094 0.753906
vt 0.197656 0.753906
vt 0.125000 0.875000
vt 0.003906 0.996094
vt 0.246094 0.753906
vt 0.125000 0.875000
vt 0.003906 0.996094
vt 0.246094 0.753906
vt 0.125000 0.875000
vt 0.003906 0.996094
vt 0.246094 0.753906
vt 0.125000 0.875000
vt 0.003906 0.996094
vt 0.246094 0.753906
vt 0.125000 0.875000
vt 0.003906 0.996094
vt 0.246094 0.753906
vt 0.125000 0.875000
vt 0.003906 0.996094
vt 0.246094 0.753906
vt 0.125000 0.875000
vt 0.003906 0.996094
vt 0.246094 0.753906
vt 0.125000 0.875000
vt 0.003906 0.996094
vt 0.246094 0.753906
vt 0.125000 0.875000
vt 0.003906 0.996094
vt 0.246094 0.753906
vt 0.125000 0.875000
vt 0.003906 0.996094
vt 0.246094 0.753906
vn -0.354031 -0.667238 0.655329
vn -0.354031 -0.667238 0.655329
vn -0.354031 -0.667238 0.655329
vn -0.393397 -0.703048 0.592420
vn -0.393397 -0.703048 0.592420
vn -0.393397 -0.703048 0.592420
vn -0.152216 -0.949123 -0.275675
vn -0.152216 -0.949123 -0.275675
vn -0.152216 -0.949123 -0.275675
vn -0.192566 -0.879460 -0.435280
vn -0.192566 -0.879460 -0.435280
vn -0.192566 -0.879460 -0.435280
vn 0.180125 0.006496 -0.983622
vn 0.180125 0.006496 -0.983622
vn 0.180125 0.006496 -0.983622
vn 0.162740 0.072816 -0.983978
vn 0.162740 0.072816 -0.983978
vn 0.162740 0.072816 -0.983978
vn 0.151836 0.966187 -0.208395
vn 0.151836 0.966187 -0.208395
vn 0.151836 0.966187 -0.208395
vn 0.133638 0.972236 -0.192087
vn 0.133638 0.972236 -0.192087
vn 0.133638 0.972236 -0.192087
vn -0.054520 0.688570 0.723118
vn -0.054520 0.688570 0.723118
vn -0.054520 0.688570 0.723118
vn -0.155828 0.630893 0.760060
vn -0.155828 0.630893 0.760060
vn -0.155828 0.630893 0.760060
vn -0.378824 -0.703679 0.601106
vn -0.378824 -0.703679 0.601106
vn -0.378824 -0.703679 0.601106
vn -0.386963 -0.677251 0.625772
vn -0.386963 -0.677251 0.625772
vn -0.386963 -0.677251 0.625772
vn 0.364468 -0.931145 0.011537
vn 0.364468 -0.931145 0.011537
vn 0.364468 -0.931145 0.011537
vn 0.308179 -0.948714 0.070481
vn 0.308179 -0.948714 0.070481
vn 0.308179 -0.948714 0.070481
vn 0.970129 -0.097786 -0.222008
vn 0.970129 -0.097786 -0.222008
vn 0.970129 -0.097786 -0.222008
vn 0.972600 -0.034036 -0.229982
vn 0.972600 -0.034036 -0.229982
vn 0.972600 -0.034036 -0.229982
vn 0.537661 0.831912 0.137271
vn 0.537661 0.831912 0.137271
vn 0.537661 0.831912 0.137271
vn 0.385449 0.903705 0.186405
vn 0.385449 0.903705 0.186405
vn 0.385449 0.903705 0.186405
vn -0.257244 0.664245 0.701857
vn -0.257244 0.664245 0.701857
vn -0.257244 0.664245 0.701857
vn -0.335219 0.603666 0.723337
vn -0.335219 0.603666 0.723337
vn -0.335219 0.603666 0.723337
vn 0.960221 -0.183297 0.210659
vn 0.960221 -0.183297 0.210659
vn 0.960221 -0.183297 0.210659
vn 0.960221 -0.183297 0.210659
vn 0.960221 -0.183297 0.210659
vn 0.960221 -0.183297 0.210659
vn 0.960221 -0.183297 0.210659
vn 0.960221 -0.183297 0.210659
vn 0.960221 -0.183297 0.210659
vn 0.960221 -0.183297 0.210659
vn 0.960221 -0.183297 0.210659
vn 0.960221 -0.183297 0.210659
vn 0.960221 -0.183297 0.210659
vn 0.960221 -0.183297 0.210659
vn 0.960221 -0.183297 0.210659
vn 0.526409 -0.105844 0.843617
vn 0.526409 -0.105844 0.843617
vn 0.526409 -0.105844 0.843617
vn 0.526409 -0.105844 0.843617
vn 0.526409 -0.105844 0.843617
vn 0.526409 -0.105844 0.843617
vn 0.526409 -0.105844 0.843617
vn 0.526409 -0.105844 0.843617
vn 0.526409 -0.105844 0.843617
vn 0.526409 -0.105844 0.843617
vn 0.526409 -0.105844 0.843617
vn 0.526409 -0.105844 0.843617
vn 0.526409 -0.105844 0.843617
vn 0.526409 -0.105844 0.843617
vn 0.526409 -0.105844 0.843617
f 5065/5065/5065 5066/5066/5066 5067/5067/5067
f 5068/5068/5068 5069/5069/5069 5070/5070/5070
f 5071/5071/5071 5072/5072/5072 5073/5073/5073
f 5074/5074/5074 5075/5075/5075 5076/5076/5076
f 5077/5077/5077 5078/5078/5078 5079/5079/5079
f 5080/5080/5080 5081/5081/5081 5082/5082/5082
f 5083/5083/5083 5084/5084/5084 5085/5085/5085
f 5086/5086/5086 5087/5087/5087 5088/5088/5088
f 5089/5089/5089 5090/5090/5090 5091/5091/5091
f 5092/5092/5092 5093/5093/5093 5094/5094/5094
f 5095/5095/5095 5096/5096/5096 5097/5097/5097
f 5098/5098/5098 5099/5099/5099 5100/5100/5100
f 5101/5101/5101 5102/5102/5102 5103/5103/5103
f 5104/5104/5104 5105/5105/5105 5106/5106/5106
f 5107/5107/5107 5108/5108/5108 5109/5109/5109
f 5110/5110/5110 5111/5111/5111 5112/5112/5112
f 5113/5113/5113 5114/5114/5114 5115/5115/5115
f 5116/5116/5116 5117/5117/5117 5118/5118/5118
f 5119/5119/5119 5120/5120/5120 5121/5121/5121
f 5122/5122/5122 5123/5123/5123 5124/5124/5124
f 5125/5125/5125 5126/5126/5126 5127/5127/5127
f 5128/5128/5128 5129/5129/5129 5130/5130/5130
f 5131/5131/5131 5132/5132/5132 5133/5133/5133
f 5134/5134/5134 5135/5135/5135 5136/5136/5136
f 5137/5137/5137 5138/5138/5138 5139/5139/5139
f 5140/5140/5140 5141/5141/5141 5142/5142/5142
f 5143/5143/5143 5144/5144/5144 5145/5145/5145
f 5146/5146/5146 5147/5147/5147 5148/5148/5148
f 5149/5149/5149 5150/5150/5150 5151/5151/5151
f 5152/5152/5152 5153/5153/5153 5154/5154/5154
o Mane1_4
usemtl PaintedTeaFantasy
v 1.834183 7.043040 -4.358819
v 1.595244 6.454616 -5.179130
v 2.947424 5.056456 -4.994522
v 1.834183 7.043040 -4.358819
v 2.947424 5.056456 -4.994522
v 2.629046 5.872922 -4.015342
v 1.595244 6.454616 -5.179130
v 2.087018 6.679374 -6.252777
v 4.127619 5.368318 -5.904701
v 1.595244 6.454616 -5.179130
v 4.127619 5.368318 -5.904701
v 2.947424 5.056456 -4.994522
v 2.087018 6.679374 -6.252777
v 2.629889 7.406706 -6.096016
v 4.538640 6.377525 -5.488043
v 2.087018 6.679374 -6.252777
v 4.538640 6.377525 -5.488043
v 4.127619 5.368318 -5.904701
v 2.629889 7.406706 -6.096016
v 2.473629 7.631463 -4.925485
v 3.612471 6.689387 -4.320355
v 2.629889 7.406706 -6.096016
v 3.612471 6.689387 -4.320355
v 4.538640 6.377525 -5.488043
v 2.473629 7.631463 -4.925485
v 1.834183 7.043040 -4.358819
v 2.629046 5.872922 -4.015342
v 2.473629 7.631463 -4.925485
v 2.629046 5.872922 -4.015342
v 3.612471 6.689387 -4.320355
v 2.629046 5.872922 -4.015342
v 2.947424 5.056456 -4.994522
v 4.516460 5.036427 -2.927745
v 2.629046 5.872922 -4.015342
v 4.516460 5.036427 -2.927745
v 4.500175 5.057427 -2.911545
v 2.947424 5.056456 -4.994522
v 4.127619 5.368318 -5.904701
v 4.549374 5.044448 -2.940110
v 2.947424 5.056456 -4.994522
v 4.549374 5.044448 -2.940110
v 4.516460 5.036427 -2.927745
v 4.127619 5.368318 -5.904701
v 4.538640 6.377525 -5.488043
v 4.553431 5.070405 -2.931552
v 4.127619 5.368318 -5.904701
v 4.553431 5.070405 -2.931552
v 4.549374 5.044448 -2.940110
v 4.538640 6.377525 -5.488043
v 3.612471 6.689387 -4.320355
v 4.523024 5.078427 -2.913898
v 4.538640 6.377525 -5.488043
v 4.523024 5.078427 -2.913898
v 4.553431 5.070405 -2.931552
v 3.612471 6.689387 -4.320355
v 2.629046 5.872922 -4.015342
v 4.500175 5.057427 -2.911545
v 3.612471 6.689387 -4.320355
v 4.500175 5.057427 -2.911545
v 4.523024 5.078427 -2.913898
v 2.123992 7.043040 -5.362445
v 1.834183 7.043040 -4.358819
v 1.595244 6.454616 -5.179130
v 2.123992 7.043040 -5.362445
v 1.595244 6.454616 -5.179130
v 2.087018 6.679374 -6.252777
v 2.123992 7.043040 -5.362445
v 2.087018 6.679374 -6.252777
v 2.629889 7.406706 -6.096016
v 2.123992 7.043040 -5.362445
v 2.629889 7.406706 -6.096016
v 2.473629 7.631463 -4.925485
v 2.123992 7.043040 -5.362445
v 2.473629 7.631463 -4.925485
v 1.834183 7.043040 -4.358819
v 4.528493 5.057427 -2.924970
v 4.500175 5.057427 -2.911545
v 4.516460 5.036427 -2.927745
v 4.528493 5.057427 -2.924970
v 4.516460 5.036427 -2.927745
v 4.549374 5.044448 -2.940110
v 4.528493 5.057427 -2.924970
v 4.549374 5.044448 -2.940110
v 4.553431 5.070405 -2.931552
v 4.528493 5.057427 -2.924970
v 4.553431 5.070405 -2.931552
v 4.523024 5.078427 -2.913898
v 4.528493 5.057427 -2.924970
v 4.523024 5.078427 -2.913898
v 4.500175 5.057427 -2.911545
vt 0.003906 0.996094
vt 0.052344 0.996094
vt 0.052344 0.875000
vt 0.003906 0.996094
vt 0.052344 0.875000
vt 0.003906 0.875000
vt 0.052344 0.996094
vt 0.100781 0.996094
vt 0.100781 0.875000
vt 0.052344 0.996094
vt 0.100781 0.875000
vt 0.052344 0.875000
vt 0.100781 0.996094
vt 0.149219 0.996094
vt 0.149219 0.875000
vt 0.100781 0.996094
vt 0.149219 0.875000
vt 0.100781 0.875000
vt 0.149219 0.996094
vt 0.197656 0.996094
vt 0.197656 0.875000
vt 0.149219 0.996094
vt 0.197656 0.875000
vt 0.149219 0.875000
vt 0.197656 0.996094
vt 0.246094 0.996094
vt 0.246094 0.875000
vt 0.197656 0.996094
vt 0.246094 0.875000
vt 0.197656 0.875000
vt 0.003906 0.875000
vt 0.052344 0.875000
vt 0.052344 0.753906
vt 0.003906 0.875000
vt 0.052344 0.753906
vt 0.003906 0.753906
vt 0.052344 0.875000
vt 0.100781 0.875000
vt 0.100781 0.753906
vt 0.052344 0.875000
vt 0.100781 0.753906
vt 0.052344 0.753906
vt 0.100781 0.875000
vt 0.149219 0.875000
vt 0.149219 0.753906
vt 0.100781 0.875000
vt 0.149219 0.753906
vt 0.100781 0.753906
vt 0.149219 0.875000
vt 0.197656 0.875000
vt 0.197656 0.753906
vt 0.149219 0.875000
vt 0.197656 0.753906
vt 0.149219 0.753906
vt 0.197656 0.875000
vt 0.246094 0.875000
vt 0.246094 0.753906
vt 0.197656 0.875000
vt 0.246094 0.753906
vt 0.197656 0.753906
vt 0.125000 0.875000
vt 0.003906 0.996094
vt 0.246094 0.753906
vt 0.125000 0.875000
vt 0.003906 0.996094
vt 0.246094 0.753906
vt 0.125000 0.875000
vt 0.003906 0.996094
vt 0.246094 0.753906
vt 0.125000 0.875000
vt 0.003906 0.996094
vt 0.246094 0.753906
vt 0.125000 0.875000
vt 0.003906 0.996094
vt 0.246094 0.753906
vt 0.125000 0.875000
vt 0.003906 0.996094
vt 0.246094 0.753906
vt 0.125000 0.875000
vt 0.003906 0.996094
vt 0.246094 0.753906
vt 0.125000 0.875000
vt 0.003906 0.996094
vt 0.246094 0.753906
vt 0.125000 0.875000
vt 0.003906 0.996094
vt 0.246094 0.753906
vt 0.125000 0.875000
vt 0.003906 0.996094
vt 0.246094 0.753906
vn -0.628789 -0.533407 0.565775
vn -0.628789 -0.533407 0.565775
vn -0.628789 -0.533407 0.565775
vn -0.837720 -0.521401 0.162374
vn -0.837720 -0.521401 0.162374
vn -0.837720 -0.521401 0.162374
vn -0.454265 -0.807145 -0.377040
vn -0.454265 -0.807145 -0.377040
vn -0.454265 -0.807145 -0.377040
vn -0.433185 -0.516468 -0.738655
vn -0.433185 -0.516468 -0.738655
vn -0.433185 -0.516468 -0.738655
vn 0.296047 -0.015125 -0.955054
vn 0.296047 -0.015125 -0.955054
vn 0.296047 -0.015125 -0.955054
vn 0.316212 0.249141 -0.915390
vn 0.316212 0.249141 -0.915390
vn 0.316212 0.249141 -0.915390
vn 0.654294 0.754055 -0.057443
vn 0.654294 0.754055 -0.057443
vn 0.654294 0.754055 -0.057443
vn 0.443128 0.889181 0.113995
vn 0.443128 0.889181 0.113995
vn 0.443128 0.889181 0.113995
vn 0.315106 0.458044 0.831206
vn 0.315106 0.458044 0.831206
vn 0.315106 0.458044 0.831206
vn -0.098812 0.450492 0.887295
vn -0.098812 0.450492 0.887295
vn -0.098812 0.450492 0.887295
vn -0.558144 -0.717479 0.416773
vn -0.558144 -0.717479 0.416773
vn -0.558144 -0.717479 0.416773
vn -0.552856 -0.733599 0.395199
vn -0.552856 -0.733599 0.395199
vn -0.552856 -0.733599 0.395199
vn 0.158758 -0.978786 -0.129514
vn 0.158758 -0.978786 -0.129514
vn 0.158758 -0.978786 -0.129514
vn 0.181610 -0.972277 -0.147295
vn 0.181610 -0.972277 -0.147295
vn 0.181610 -0.972277 -0.147295
vn 0.935358 -0.312702 -0.165294
vn 0.935358 -0.312702 -0.165294
vn 0.935358 -0.312702 -0.165294
vn 0.983040 -0.103800 -0.151191
vn 0.983040 -0.103800 -0.151191
vn 0.983040 -0.103800 -0.151191
vn 0.657755 0.670837 0.342543
vn 0.657755 0.670837 0.342543
vn 0.657755 0.670837 0.342543
vn 0.445899 0.797997 0.405432
vn 0.445899 0.797997 0.405432
vn 0.445899 0.797997 0.405432
vn -0.222541 0.564890 0.794591
vn -0.222541 0.564890 0.794591
vn -0.222541 0.564890 0.794591
vn -0.365325 0.486432 0.793676
vn -0.365325 0.486432 0.793676
vn -0.365325 0.486432 0.793676
vn 0.758696 -0.613500 0.219083
vn 0.758696 -0.613500 0.219083
vn 0.758696 -0.613500 0.219083
vn 0.758696 -0.613500 0.219083
vn 0.758696 -0.613500 0.219083
vn 0.758696 -0.613500 0.219083
vn 0.758696 -0.613500 0.219083
vn 0.758696 -0.613500 0.219083
vn 0.758696 -0.613500 0.219083
vn 0.758696 -0.613500 0.219083
vn 0.758696 -0.613500 0.219083
vn 0.758696 -0.613500 0.219083
vn 0.758696 -0.613500 0.219083
vn 0.758696 -0.613500 0.219083
vn 0.758696 -0.613500 0.219083
vn 0.402425 -0.342759 0.848864
vn 0.402425 -0.342759 0.848864
vn 0.402425 -0.342759 0.848864
vn 0.402425 -0.342759 0.848864
vn 0.402425 -0.342759 0.848864
vn 0.402425 -0.342759 0.848864
vn 0.402425 -0.342759 0.848864
vn 0.402425 -0.342759 0.848864
vn 0.402425 -0.342759 0.848864
vn 0.402425 -0.342759 0.848864
vn 0.402425 -0.342759 0.848864
vn 0.402425 -0.342759 0.848864
vn 0.402425 -0.342759 0.848864
vn 0.402425 -0.342759 0.848864
vn 0.402425 -0.342759 0.848864
f 5155/5155/5155 5156/5156/5156 5157/5157/5157
f 5158/5158/5158 5159/5159/5159 5160/5160/5160
f 5161/5161/5161 5162/5162/5162 5163/5163/5163
f 5164/5164/5164 5165/5165/5165 5166/5166/5166
f 5167/5167/5167 5168/5168/5168 5169/5169/5169
f 5170/5170/5170 5171/5171/5171 5172/5172/5172
f 5173/5173/5173 5174/5174/5174 5175/5175/5175
f 5176/5176/5176 5177/5177/5177 5178/5178/5178
f 5179/5179/5179 5180/5180/5180 5181/5181/5181
f 5182/5182/5182 5183/5183/5183 5184/5184/5184
f 5185/5185/5185 5186/5186/5186 5187/5187/5187
f 5188/5188/5188 5189/5189/5189 5190/5190/5190
f 5191/5191/5191 5192/5192/5192 5193/5193/5193
f 5194/5194/5194 5195/5195/5195 5196/5196/5196
f 5197/5197/5197 5198/5198/5198 5199/5199/5199
f 5200/5200/5200 5201/5201/5201 5202/5202/5202
f 5203/5203/5203 5204/5204/5204 5205/5205/5205
f 5206/5206/5206 5207/5207/5207 5208/5208/5208
f 5209/5209/5209 5210/5210/5210 5211/5211/5211
f 5212/5212/5212 5213/5213/5213 5214/5214/5214
f 5215/5215/5215 5216/5216/5216 5217/5217/5217
f 5218/5218/5218 5219/5219/5219 5220/5220/5220
f 5221/5221/5221 5222/5222/5222 5223/5223/5223
f 5224/5224/5224 5225/5225/5225 5226/5226/5226
f 5227/5227/5227 5228/5228/5228 5229/5229/5229
f 5230/5230/5230 5231/5231/5231 5232/5232/5232
f 5233/5233/5233 5234/5234/5234 5235/5235/5235
f 5236/5236/5236 5237/5237/5237 5238/5238/5238
f 5239/5239/5239 5240/5240/5240 5241/5241/5241
f 5242/5242/5242 5243/5243/5243 5244/5244/5244
o Mane1_5
usemtl PaintedTeaFantasy
v 0.287357 6.181307 -4.504412
v 0.138979 5.880941 -5.486252
v 0.844785 3.874123 -5.427728
v 0.287357 6.181307 -4.504412
v 0.844785 3.874123 -5.427728
v 0.260713 4.518181 -4.442424
v 0.138979 5.880941 -5.486252
v 1.019097 5.995671 -6.296995
v 2.313505 4.120131 -5.745355
v 0.138979 5.880941 -5.486252
v 2.313505 4.120131 -5.745355
v 0.844785 3.874123 -5.427728
v 1.019097 5.995671 -6.296995
v 1.711418 6.366943 -5.816223
v 2.637151 4.916230 -4.956355
v 1.019097 5.995671 -6.296995
v 2.637151 4.916230 -4.956355
v 2.313505 4.120131 -5.745355
v 1.711418 6.366943 -5.816223
v 1.259178 6.481673 -4.708345
v 1.368456 5.162239 -4.151100
v 1.711418 6.366943 -5.816223
v 1.368456 5.162239 -4.151100
v 2.637151 4.916230 -4.956355
v 1.259178 6.481673 -4.708345
v 0.287357 6.181307 -4.504412
v 0.260713 4.518181 -4.442424
v 1.259178 6.481673 -4.708345
v 0.260713 4.518181 -4.442424
v 1.368456 5.162239 -4.151100
v 0.260713 4.518181 -4.442424
v 0.844785 3.874123 -5.427728
v 1.871430 3.339614 -2.933858
v 0.260713 4.518181 -4.442424
v 1.871430 3.339614 -2.933858
v 1.852306 3.359092 -2.918909
v 0.844785 3.874123 -5.427728
v 2.313505 4.120131 -5.745355
v 1.906617 3.347054 -2.936524
v 0.844785 3.874123 -5.427728
v 1.906617 3.347054 -2.936524
v 1.871430 3.339614 -2.933858
v 2.313505 4.120131 -5.745355
v 2.637151 4.916230 -4.956355
v 1.909239 3.371131 -2.923223
v 2.313505 4.120131 -5.745355
v 1.909239 3.371131 -2.923223
v 1.906617 3.347054 -2.936524
v 2.637151 4.916230 -4.956355
v 1.368456 5.162239 -4.151100
v 1.875673 3.378571 -2.912337
v 2.637151 4.916230 -4.956355
v 1.875673 3.378571 -2.912337
v 1.909239 3.371131 -2.923223
v 1.368456 5.162239 -4.151100
v 0.260713 4.518181 -4.442424
v 1.852306 3.359092 -2.918909
v 1.368456 5.162239 -4.151100
v 1.852306 3.359092 -2.918909
v 1.875673 3.378571 -2.912337
v 0.883206 6.181307 -5.362445
v 0.287357 6.181307 -4.504412
v 0.138979 5.880941 -5.486252
v 0.883206 6.181307 -5.362445
v 0.138979 5.880941 -5.486252
v 1.019097 5.995671 -6.296995
v 0.883206 6.181307 -5.362445
v 1.019097 5.995671 -6.296995
v 1.711418 6.366943 -5.816223
v 0.883206 6.181307 -5.362445
v 1.711418 6.366943 -5.816223
v 1.259178 6.481673 -4.708345
v 0.883206 6.181307 -5.362445
v 1.259178 6.481673 -4.708345
v 0.287357 6.181307 -4.504412
v 1.883053 3.359092 -2.924970
v 1.852306 3.359092 -2.918909
v 1.871430 3.339614 -2.933858
v 1.883053 3.359092 -2.924970
v 1.871430 3.339614 -2.933858
v 1.906617 3.347054 -2.936524
v 1.883053 3.359092 -2.924970
v 1.906617 3.347054 -2.936524
v 1.909239 3.371131 -2.923223
v 1.883053 3.359092 -2.924970
v 1.909239 3.371131 -2.923223
v 1.875673 3.378571 -2.912337
v 1.883053 3.359092 -2.924970
v 1.875673 3.378571 -2.912337
v 1.852306 3.359092 -2.918909
vt 0.003906 0.996094
vt 0.052344 0.996094
vt 0.052344 0.875000
vt 0.003906 0.996094
vt 0.052344 0.875000
vt 0.003906 0.875000
vt 0.052344 0.996094
vt 0.100781 0.996094
vt 0.100781 0.875000
vt 0.052344 0.996094
vt 0.100781 0.875000
vt 0.052344 0.875000
vt 0.100781 0.996094
vt 0.149219 0.996094
vt 0.149219 0.875000
vt 0.100781 0.996094
vt 0.149219 0.875000
vt 0.100781 0.875000
vt 0.149219 0.996094
vt 0.197656 0.996094
vt 0.197656 0.875000
vt 0.149219 0.996094
vt 0.197656 0.875000
vt 0.149219 0.875000
vt 0.197656 0.996094
vt 0.246094 0.996094
vt 0.246094 0.875000
vt 0.197656 0.996094
vt 0.246094 0.875000
vt 0.197656 0.875000
vt 0.003906 0.875000
vt 0.052344 0.875000
vt 0.052344 0.753906
vt 0.003906 0.875000
vt 0.052344 0.753906
vt 0.003906 0.753906
vt 0.052344 0.875000
vt 0.100781 0.875000
vt 0.100781 0.753906
vt 0.052344 0.875000
vt 0.100781 0.753906
vt 0.052344 0.753906
vt 0.100781 0.875000
vt 0.149219 0.875000
vt 0.149219 0.753906
vt 0.100781 0.875000
vt 0.149219 0.753906
vt 0.100781 0.753906
vt 0.149219 0.875000
vt 0.197656 0.875000
vt 0.197656 0.753906
vt 0.149219 0.875000
vt 0.197656 0.753906
vt 0.149219 0.753906
vt 0.197656 0.875000
vt 0.246094 0.875000
vt 0.246094 0.753906
vt 0.197656 0.875000
vt 0.246094 0.753906
vt 0.197656 0.753906
vt 0.125000 0.875000
vt 0.003906 0.996094
vt 0.246094 0.753906
vt 0.125000 0.875000
vt 0.003906 0.996094
vt 0.246094 0.753906
vt 0.125000 0.875000
vt 0.003906 0.996094
vt 0.246094 0.753906
vt 0.125000 0.875000
vt 0.003906 0.996094
vt 0.246094 0.753906
vt 0.125000 0.875000
vt 0.003906 0.996094
vt 0.246094 0.753906
vt 0.125000 0.875000
vt 0.003906 0.996094
vt 0.246094 0.753906
vt 0.125000 0.875000
vt 0.003906 0.996094
vt 0.246094 0.753906
vt 0.125000 0.875000
vt 0.003906 0.996094
vt 0.246094 0.753906
vt 0.125000 0.875000
vt 0.003906 0.996094
vt 0.246094 0.753906
vt 0.125000 0.875000
vt 0.003906 0.996094
vt 0.246094 0.753906
vn -0.918922 -0.316317 0.235639
vn -0.918922 -0.316317 0.235639
vn -0.918922 -0.316317 0.235639
vn -0.861669 -0.005109 -0.507444
vn -0.861669 -0.005109 -0.507444
vn -0.861669 -0.005109 -0.507444
vn -0.524597 -0.552549 -0.647678
vn -0.524597 -0.552549 -0.647678
vn -0.524597 -0.552549 -0.647678
vn -0.194832 -0.096987 -0.976030
vn -0.194832 -0.096987 -0.976030
vn -0.194832 -0.096987 -0.976030
vn 0.599775 -0.088628 -0.795245
vn 0.599775 -0.088628 -0.795245
vn 0.599775 -0.088628 -0.795245
vn 0.721495 0.316859 -0.615667
vn 0.721495 0.316859 -0.615667
vn 0.721495 0.316859 -0.615667
vn 0.910450 0.222629 0.348594
vn 0.910450 0.222629 0.348594
vn 0.910450 0.222629 0.348594
vn 0.491604 0.654305 0.574640
vn 0.491604 0.654305 0.574640
vn 0.491604 0.654305 0.574640
vn 0.195360 0.033403 0.980163
vn 0.195360 0.033403 0.980163
vn 0.195360 0.033403 0.980163
vn -0.412797 0.325141 0.850813
vn -0.412797 0.325141 0.850813
vn -0.412797 0.325141 0.850813
vn -0.650130 -0.752338 0.106390
vn -0.650130 -0.752338 0.106390
vn -0.650130 -0.752338 0.106390
vn -0.658893 -0.741973 0.123843
vn -0.658893 -0.741973 0.123843
vn -0.658893 -0.741973 0.123843
vn 0.107283 -0.962451 -0.249355
vn 0.107283 -0.962451 -0.249355
vn 0.107283 -0.962451 -0.249355
vn 0.178769 -0.944386 -0.276003
vn 0.178769 -0.944386 -0.276003
vn 0.178769 -0.944386 -0.276003
vn 0.916937 -0.398207 0.025665
vn 0.916937 -0.398207 0.025665
vn 0.916937 -0.398207 0.025665
vn 0.982074 -0.161056 0.097936
vn 0.982074 -0.161056 0.097936
vn 0.982074 -0.161056 0.097936
vn 0.512884 0.583288 0.629861
vn 0.512884 0.583288 0.629861
vn 0.512884 0.583288 0.629861
vn 0.358535 0.676939 0.642811
vn 0.358535 0.676939 0.642811
vn 0.358535 0.676939 0.642811
vn -0.450545 0.418123 0.788785
vn -0.450545 0.418123 0.788785
vn -0.450545 0.418123 0.788785
vn -0.528627 0.377650 0.760219
vn -0.528627 0.377650 0.760219
vn -0.528627 0.377650 0.760219
vn 0.331101 -0.915153 0.229928
vn 0.331101 -0.915153 0.229928
vn 0.331101 -0.915153 0.229928
vn 0.331101 -0.915153 0.229928
vn 0.331101 -0.915153 0.229928
vn 0.331101 -0.915153 0.229928
vn 0.331101 -0.915153 0.229928
vn 0.331101 -0.915153 0.229928
vn 0.331101 -0.915153 0.229928
vn 0.331101 -0.915153 0.229928
vn 0.331101 -0.915153 0.229928
vn 0.331101 -0.915153 0.229928
vn 0.331101 -0.915153 0.229928
vn 0.331101 -0.915153 0.229928
vn 0.331101 -0.915153 0.229928
vn 0.168529 -0.490643 0.854908
vn 0.168529 -0.490643 0.854908
vn 0.168529 -0.490643 0.854908
vn 0.168529 -0.490643 0.854908
vn 0.168529 -0.490643 0.854908
vn 0.168529 -0.490643 0.854908
vn 0.168529 -0.490643 0.854908
vn 0.168529 -0.490643 0.854908
vn 0.168529 -0.490643 0.854908
vn 0.168529 -0.490643 0.854908
vn 0.168529 -0.490643 0.854908
vn 0.168529 -0.490643 0.854908
vn 0.168529 -0.490643 0.854908
vn 0.168529 -0.490643 0.854908
vn 0.168529 -0.490643 0.854908
f 5245/5245/5245 5246/5246/5246 5247/5247/5247
f 5248/5248/5248 5249/5249/5249 5250/5250/5250
f 5251/5251/5251 5252/5252/5252 5253/5253/5253
f 5254/5254/5254 5255/5255/5255 5256/5256/5256
f 5257/5257/5257 5258/5258/5258 5259/5259/5259
f 5260/5260/5260 5261/5261/5261 5262/5262/5262
f 5263/5263/5263 5264/5264/5264 5265/5265/5265
f 5266/5266/5266 5267/5267/5267 5268/5268/5268
f 5269/5269/5269 5270/5270/5270 5271/5271/5271
f 5272/5272/5272 5273/5273/5273 5274/5274/5274
f 5275/5275/5275 5276/5276/5276 5277/5277/5277
f 5278/5278/5278 5279/5279/5279 5280/5280/5280
f 5281/5281/5281 5282/5282/5282 5283/5283/5283
f 5284/5284/5284 5285/5285/5285 5286/5286/5286
f 5287/5287/5287 5288/5288/5288 5289/5289/5289
f 5290/5290/5290 5291/5291/5291 5292/5292/5292
f 5293/5293/5293 5294/5294/5294 5295/5295/5295
f 5296/5296/5296 5297/5297/5297 5298/5298/5298
f 5299/5299/5299 5300/5300/5300 5301/5301/5301
f 5302/5302/5302 5303/5303/5303 5304/5304/5304
f 5305/5305/5305 5306/5306/5306 5307/5307/5307
f 5308/5308/5308 5309/5309/5309 5310/5310/5310
f 5311/5311/5311 5312/5312/5312 5313/5313/5313
f 5314/5314/5314 5315/5315/5315 5316/5316/5316
f 5317/5317/5317 5318/5318/5318 5319/5319/5319
f 5320/5320/5320 5321/5321/5321 5322/5322/5322
f 5323/5323/5323 5324/5324/5324 5325/5325/5325
f 5326/5326/5326 5327/5327/5327 5328/5328/5328
f 5329/5329/5329 5330/5330/5330 5331/5331/5331
f 5332/5332/5332 5333/5333/5333 5334/5334/5334
o Mane1_6
usemtl PaintedTeaFantasy
v -1.344488 6.098500 -6.089341
v -0.335205 5.858554 -6.093712
v -1.203904 3.768038 -5.739388
v -1.344488 6.098500 -6.089341
v -1.203904 3.768038 -5.739388
v -2.274594 4.388000 -5.296619
v -0.335205 5.858554 -6.093712
v 0.316107 5.950205 -5.087497
v 0.149846 4.004842 -5.083776
v -0.335205 5.858554 -6.093712
v 0.149846 4.004842 -5.083776
v -1.203904 3.768038 -5.739388
v 0.316107 5.950205 -5.087497
v -0.290643 6.246796 -4.461251
v -0.084180 4.771157 -4.235818
v 0.316107 5.950205 -5.087497
v -0.084180 4.771157 -4.235818
v 0.149846 4.004842 -5.083776
v -0.290643 6.246796 -4.461251
v -1.316947 6.338447 -5.080425
v -1.582567 5.007962 -4.367362
v -0.290643 6.246796 -4.461251
v -1.582567 5.007962 -4.367362
v -0.084180 4.771157 -4.235818
v -1.316947 6.338447 -5.080425
v -1.344488 6.098500 -6.089341
v -2.274594 4.388000 -5.296619
v -1.316947 6.338447 -5.080425
v -2.274594 4.388000 -5.296619
v -1.582567 5.007962 -4.367362
v -2.274594 4.388000 -5.296619
v -1.203904 3.768038 -5.739388
v -1.275065 3.176601 -2.937435
v -2.274594 4.388000 -5.296619
v -1.275065 3.176601 -2.937435
v -1.298016 3.195894 -2.929091
v -1.203904 3.768038 -5.739388
v 0.149846 4.004842 -5.083776
v -1.240898 3.183970 -2.928553
v -1.203904 3.768038 -5.739388
v -1.240898 3.183970 -2.928553
v -1.275065 3.176601 -2.937435
v 0.149846 4.004842 -5.083776
v -0.084180 4.771157 -4.235818
v -1.242733 3.207819 -2.914720
v 0.149846 4.004842 -5.083776
v -1.242733 3.207819 -2.914720
v -1.240898 3.183970 -2.928553
v -0.084180 4.771157 -4.235818
v -1.582567 5.007962 -4.367362
v -1.278034 3.215188 -2.915052
v -0.084180 4.771157 -4.235818
v -1.278034 3.215188 -2.915052
v -1.242733 3.207819 -2.914720
v -1.582567 5.007962 -4.367362
v -2.274594 4.388000 -5.296619
v -1.298016 3.195894 -2.929091
v -1.582567 5.007962 -4.367362
v -1.298016 3.195894 -2.929091
v -1.278034 3.215188 -2.915052
v -0.594235 6.098500 -5.362445
v -1.344488 6.098500 -6.089341
v -0.335205 5.858554 -6.093712
v -0.594235 6.098500 -5.362445
v -0.335205 5.858554 -6.093712
v 0.316107 5.950205 -5.087497
v -0.594235 6.098500 -5.362445
v 0.316107 5.950205 -5.087497
v -0.290643 6.246796 -4.461251
v -0.594235 6.098500 -5.362445
v -0.290643 6.246796 -4.461251
v -1.316947 6.338447 -5.080425
v -0.594235 6.098500 -5.362445
v -1.316947 6.338447 -5.080425
v -1.344488 6.098500 -6.089341
v -1.266949 3.195894 -2.924970
v -1.298016 3.195894 -2.929091
v -1.275065 3.176601 -2.937435
v -1.266949 3.195894 -2.924970
v -1.275065 3.176601 -2.937435
v -1.240898 3.183970 -2.928553
v -1.266949 3.195894 -2.924970
v -1.240898 3.183970 -2.928553
v -1.242733 3.207819 -2.914720
v -1.266949 3.195894 -2.924970
v -1.242733 3.207819 -2.914720
v -1.278034 3.215188 -2.915052
v -1.266949 3.195894 -2.924970
v -1.278034 3.215188 -2.915052
v -1.298016 3.195894 -2.929091
vt 0.003906 0.996094
vt 0.052344 0.996094
vt 0.052344 0.875000
vt 0.003906 0.996094
vt 0.052344 0.875000
vt 0.003906 0.875000
vt 0.052344 0.996094
vt 0.100781 0.996094
vt 0.100781 0.875000
vt 0.052344 0.996094
vt 0.100781 0.875000
vt 0.052344 0.875000
vt 0.100781 0.996094
vt 0.149219 0.996094
vt 0.149219 0.875000
vt 0.100781 0.996094
vt 0.149219 0.875000
vt 0.100781 0.875000
vt 0.149219 0.996094
vt 0.197656 0.996094
vt 0.197656 0.875000
vt 0.149219 0.996094
vt 0.197656 0.875000
vt 0.149219 0.875000
vt 0.197656 0.996094
vt 0.246094 0.996094
vt 0.246094 0.875000
vt 0.197656 0.996094
vt 0.246094 0.875000
vt 0.197656 0.875000
vt 0.003906 0.875000
vt 0.052344 0.875000
vt 0.052344 0.753906
vt 0.003906 0.875000
vt 0.052344 0.753906
vt 0.003906 0.753906
vt 0.052344 0.875000
vt 0.100781 0.875000
vt 0.100781 0.753906
vt 0.052344 0.875000
vt 0.100781 0.753906
vt 0.052344 0.753906
vt 0.100781 0.875000
vt 0.149219 0.875000
vt 0.149219 0.753906
vt 0.100781 0.875000
vt 0.149219 0.753906
vt 0.100781 0.753906
vt 0.149219 0.875000
vt 0.197656 0.875000
vt 0.197656 0.753906
vt 0.149219 0.875000
vt 0.197656 0.753906
vt 0.149219 0.753906
vt 0.197656 0.875000
vt 0.246094 0.875000
vt 0.246094 0.753906
vt 0.197656 0.875000
vt 0.246094 0.753906
vt 0.197656 0.753906
vt 0.125000 0.875000
vt 0.003906 0.996094
vt 0.246094 0.753906
vt 0.125000 0.875000
vt 0.003906 0.996094
vt 0.246094 0.753906
vt 0.125000 0.875000
vt 0.003906 0.996094
vt 0.246094 0.753906
vt 0.125000 0.875000
vt 0.003906 0.996094
vt 0.246094 0.753906
vt 0.125000 0.875000
vt 0.003906 0.996094
vt 0.246094 0.753906
vt 0.125000 0.875000
vt 0.003906 0.996094
vt 0.246094 0.753906
vt 0.125000 0.875000
vt 0.003906 0.996094
vt 0.246094 0.753906
vt 0.125000 0.875000
vt 0.003906 0.996094
vt 0.246094 0.753906
vt 0.125000 0.875000
vt 0.003906 0.996094
vt 0.246094 0.753906
vt 0.125000 0.875000
vt 0.003906 0.996094
vt 0.246094 0.753906
vn -0.040116 -0.150746 -0.987758
vn -0.040116 -0.150746 -0.987758
vn -0.040116 -0.150746 -0.987758
vn -0.454516 -0.159027 -0.876428
vn -0.454516 -0.159027 -0.876428
vn -0.454516 -0.159027 -0.876428
vn 0.840266 -0.072841 -0.537260
vn 0.840266 -0.072841 -0.537260
vn 0.840266 -0.072841 -0.537260
vn 0.457585 -0.330083 -0.825628
vn 0.457585 -0.330083 -0.825628
vn 0.457585 -0.330083 -0.825628
vn 0.749413 0.201219 0.630786
vn 0.749413 0.201219 0.630786
vn 0.749413 0.201219 0.630786
vn 0.940086 -0.079710 0.331488
vn 0.940086 -0.079710 0.331488
vn 0.940086 -0.079710 0.331488
vn -0.416869 0.492629 0.763896
vn -0.416869 0.492629 0.763896
vn -0.416869 0.492629 0.763896
vn -0.064291 0.141910 0.987790
vn -0.064291 0.141910 0.987790
vn -0.064291 0.141910 0.987790
vn -0.891005 0.446549 -0.081879
vn -0.891005 0.446549 -0.081879
vn -0.891005 0.446549 -0.081879
vn -0.845927 0.373104 0.381051
vn -0.845927 0.373104 0.381051
vn -0.845927 0.373104 0.381051
vn -0.548813 -0.814997 -0.185968
vn -0.548813 -0.814997 -0.185968
vn -0.548813 -0.814997 -0.185968
vn -0.661492 -0.743079 -0.101299
vn -0.661492 -0.743079 -0.101299
vn -0.661492 -0.743079 -0.101299
vn 0.259113 -0.946321 -0.193227
vn 0.259113 -0.946321 -0.193227
vn 0.259113 -0.946321 -0.193227
vn 0.254667 -0.947467 -0.193524
vn 0.254667 -0.947467 -0.193524
vn 0.254667 -0.947467 -0.193524
vn 0.854221 -0.245973 0.458044
vn 0.854221 -0.245973 0.458044
vn 0.854221 -0.245973 0.458044
vn 0.856045 -0.208499 0.472985
vn 0.856045 -0.208499 0.472985
vn 0.856045 -0.208499 0.472985
vn 0.032000 0.632418 0.773966
vn 0.032000 0.632418 0.773966
vn 0.032000 0.632418 0.773966
vn 0.115599 0.589753 0.799268
vn 0.115599 0.589753 0.799268
vn 0.115599 0.589753 0.799268
vn -0.848500 0.240791 0.471241
vn -0.848500 0.240791 0.471241
vn -0.848500 0.240791 0.471241
vn -0.739000 0.343812 0.579372
vn -0.739000 0.343812 0.579372
vn -0.739000 0.343812 0.579372
vn -0.224074 -0.946733 0.231274
vn -0.224074 -0.946733 0.231274
vn -0.224074 -0.946733 0.231274
vn -0.224074 -0.946733 0.231274
vn -0.224074 -0.946733 0.231274
vn -0.224074 -0.946733 0.231274
vn -0.224074 -0.946733 0.231274
vn -0.224074 -0.946733 0.231274
vn -0.224074 -0.946733 0.231274
vn -0.224074 -0.946733 0.231274
vn -0.224074 -0.946733 0.231274
vn -0.224074 -0.946733 0.231274
vn -0.224074 -0.946733 0.231274
vn -0.224074 -0.946733 0.231274
vn -0.224074 -0.946733 0.231274
vn -0.113482 -0.505032 0.855608
vn -0.113482 -0.505032 0.855608
vn -0.113482 -0.505032 0.855608
vn -0.113482 -0.505032 0.855608
vn -0.113482 -0.505032 0.855608
vn -0.113482 -0.505032 0.855608
vn -0.113482 -0.505032 0.855608
vn -0.113482 -0.505032 0.855608
vn -0.113482 -0.505032 0.855608
vn -0.113482 -0.505032 0.855608
vn -0.113482 -0.505032 0.855608
vn -0.113482 -0.505032 0.855608
vn -0.113482 -0.505032 0.855608
vn -0.113482 -0.505032 0.855608
vn -0.113482 -0.505032 0.855608
f 5335/5335/5335 5336/5336/5336 5337/5337/5337
f 5338/5338/5338 5339/5339/5339 5340/5340/5340
f 5341/5341/5341 5342/5342/5342 5343/5343/5343
f 5344/5344/5344 5345/5345/5345 5346/5346/5346
f 5347/5347/5347 5348/5348/5348 5349/5349/5349
f 5350/5350/5350 5351/5351/5351 5352/5352/5352
f 5353/5353/5353 5354/5354/5354 5355/5355/5355
f 5356/5356/5356 5357/5357/5357 5358/5358/5358
f 5359/5359/5359 5360/5360/5360 5361/5361/5361
f 5362/5362/5362 5363/5363/5363 5364/5364/5364
f 5365/5365/5365 5366/5366/5366 5367/5367/5367
f 5368/5368/5368 5369/5369/5369 5370/5370/5370
f 5371/5371/5371 5372/5372/5372 5373/5373/5373
f 5374/5374/5374 5375/5375/5375 5376/5376/5376
f 5377/5377/5377 5378/5378/5378 5379/5379/5379
f 5380/5380/5380 5381/5381/5381 5382/5382/5382
f 5383/5383/5383 5384/5384/5384 5385/5385/5385
f 5386/5386/5386 5387/5387/5387 5388/5388/5388
f 5389/5389/5389 5390/5390/5390 5391/5391/5391
f 5392/5392/5392 5393/5393/5393 5394/5394/5394
f 5395/5395/5395 5396/5396/5396 5397/5397/5397
f 5398/5398/5398 5399/5399/5399 5400/5400/5400
f 5401/5401/5401 5402/5402/5402 5403/5403/5403
f 5404/5404/5404 5405/5405/5405 5406/5406/5406
f 5407/5407/5407 5408/5408/5408 5409/5409/5409
f 5410/5410/5410 5411/5411/5411 5412/5412/5412
f 5413/5413/5413 5414/5414/5414 5415/5415/5415
f 5416/5416/5416 5417/5417/5417 5418/5418/5418
f 5419/5419/5419 5420/5420/5420 5421/5421/5421
f 5422/5422/5422 5423/5423/5423 5424/5424/5424
o Mane1_7
usemtl PaintedTeaFantasy
v -2.231464 6.816808 -6.357175
v -1.522406 6.276526 -5.826538
v -3.169913 4.735486 -5.611501
v -2.231464 6.816808 -6.357175
v -3.169913 4.735486 -5.611501
v -4.204678 5.517260 -5.823311
v -1.522406 6.276526 -5.826538
v -1.352377 6.482896 -4.654540
v -2.197980 5.034097 -4.478046
v -1.522406 6.276526 -5.826538
v -2.197980 5.034097 -4.478046
v -3.169913 4.735486 -5.611501
v -1.352377 6.482896 -4.654540
v -1.956352 7.150721 -4.460844
v -2.632057 6.000424 -3.989343
v -1.352377 6.482896 -4.654540
v -2.632057 6.000424 -3.989343
v -2.197980 5.034097 -4.478046
v -1.956352 7.150721 -4.460844
v -2.499657 7.357091 -5.513130
v -3.872265 6.299035 -4.820762
v -1.956352 7.150721 -4.460844
v -3.872265 6.299035 -4.820762
v -2.632057 6.000424 -3.989343
v -2.499657 7.357091 -5.513130
v -2.231464 6.816808 -6.357175
v -4.204678 5.517260 -5.823311
v -2.499657 7.357091 -5.513130
v -4.204678 5.517260 -5.823311
v -3.872265 6.299035 -4.820762
v -4.204678 5.517260 -5.823311
v -3.169913 4.735486 -5.611501
v -4.083034 4.590897 -2.936611
v -4.204678 5.517260 -5.823311
v -4.083034 4.590897 -2.936611
v -4.106296 4.611562 -2.937274
v -3.169913 4.735486 -5.611501
v -2.197980 5.034097 -4.478046
v -4.052087 4.598790 -2.919861
v -3.169913 4.735486 -5.611501
v -4.052087 4.598790 -2.919861
v -4.083034 4.590897 -2.936611
v -2.197980 5.034097 -4.478046
v -2.632057 6.000424 -3.989343
v -4.056223 4.624334 -2.910172
v -2.197980 5.034097 -4.478046
v -4.056223 4.624334 -2.910172
v -4.052087 4.598790 -2.919861
v -2.632057 6.000424 -3.989343
v -3.872265 6.299035 -4.820762
v -4.089726 4.632227 -2.920933
v -2.632057 6.000424 -3.989343
v -4.089726 4.632227 -2.920933
v -4.056223 4.624334 -2.910172
v -3.872265 6.299035 -4.820762
v -4.204678 5.517260 -5.823311
v -4.106296 4.611562 -2.937274
v -3.872265 6.299035 -4.820762
v -4.106296 4.611562 -2.937274
v -4.089726 4.632227 -2.920933
v -1.912451 6.816808 -5.362445
v -2.231464 6.816808 -6.357175
v -1.522406 6.276526 -5.826538
v -1.912451 6.816808 -5.362445
v -1.522406 6.276526 -5.826538
v -1.352377 6.482896 -4.654540
v -1.912451 6.816808 -5.362445
v -1.352377 6.482896 -4.654540
v -1.956352 7.150721 -4.460844
v -1.912451 6.816808 -5.362445
v -1.956352 7.150721 -4.460844
v -2.499657 7.357091 -5.513130
v -1.912451 6.816808 -5.362445
v -2.499657 7.357091 -5.513130
v -2.231464 6.816808 -6.357175
v -4.077473 4.611562 -2.924970
v -4.106296 4.611562 -2.937274
v -4.083034 4.590897 -2.936611
v -4.077473 4.611562 -2.924970
v -4.083034 4.590897 -2.936611
v -4.052087 4.598790 -2.919861
v -4.077473 4.611562 -2.924970
v -4.052087 4.598790 -2.919861
v -4.056223 4.624334 -2.910172
v -4.077473 4.611562 -2.924970
v -4.056223 4.624334 -2.910172
v -4.089726 4.632227 -2.920933
v -4.077473 4.611562 -2.924970
v -4.089726 4.632227 -2.920933
v -4.106296 4.611562 -2.937274
vt 0.003906 0.996094
vt 0.052344 0.996094
vt 0.052344 0.875000
vt 0.003906 0.996094
vt 0.052344 0.875000
vt 0.003906 0.875000
vt 0.052344 0.996094
vt 0.100781 0.996094
vt 0.100781 0.875000
vt 0.052344 0.996094
vt 0.100781 0.875000
vt 0.052344 0.875000
vt 0.100781 0.996094
vt 0.149219 0.996094
vt 0.149219 0.875000
vt 0.100781 0.996094
vt 0.149219 0.875000
vt 0.100781 0.875000
vt 0.149219 0.996094
vt 0.197656 0.996094
vt 0.197656 0.875000
vt 0.149219 0.996094
vt 0.197656 0.875000
vt 0.149219 0.875000
vt 0.197656 0.996094
vt 0.246094 0.996094
vt 0.246094 0.875000
vt 0.197656 0.996094
vt 0.246094 0.875000
vt 0.197656 0.875000
vt 0.003906 0.875000
vt 0.052344 0.875000
vt 0.052344 0.753906
vt 0.003906 0.875000
vt 0.052344 0.753906
vt 0.003906 0.753906
vt 0.052344 0.875000
vt 0.100781 0.875000
vt 0.100781 0.753906
vt 0.052344 0.875000
vt 0.100781 0.753906
vt 0.052344 0.753906
vt 0.100781 0.875000
vt 0.149219 0.875000
vt 0.149219 0.753906
vt 0.100781 0.875000
vt 0.149219 0.753906
vt 0.100781 0.753906
vt 0.149219 0.875000
vt 0.197656 0.875000
vt 0.197656 0.753906
vt 0.149219 0.875000
vt 0.197656 0.753906
vt 0.149219 0.753906
vt 0.197656 0.875000
vt 0.246094 0.875000
vt 0.246094 0.753906
vt 0.197656 0.875000
vt 0.246094 0.753906
vt 0.197656 0.753906
vt 0.125000 0.875000
vt 0.003906 0.996094
vt 0.246094 0.753906
vt 0.125000 0.875000
vt 0.003906 0.996094
vt 0.246094 0.753906
vt 0.125000 0.875000
vt 0.003906 0.996094
vt 0.246094 0.753906
vt 0.125000 0.875000
vt 0.003906 0.996094
vt 0.246094 0.753906
vt 0.125000 0.875000
vt 0.003906 0.996094
vt 0.246094 0.753906
vt 0.125000 0.875000
vt 0.003906 0.996094
vt 0.246094 0.753906
vt 0.125000 0.875000
vt 0.003906 0.996094
vt 0.246094 0.753906
vt 0.125000 0.875000
vt 0.003906 0.996094
vt 0.246094 0.753906
vt 0.125000 0.875000
vt 0.003906 0.996094
vt 0.246094 0.753906
vt 0.125000 0.875000
vt 0.003906 0.996094
vt 0.246094 0.753906
vn 0.299748 -0.438673 -0.847182
vn 0.299748 -0.438673 -0.847182
vn 0.299748 -0.438673 -0.847182
vn -0.046601 -0.318223 -0.946870
vn -0.046601 -0.318223 -0.946870
vn -0.046601 -0.318223 -0.946870
vn 0.861210 -0.506997 -0.035667
vn 0.861210 -0.506997 -0.035667
vn 0.861210 -0.506997 -0.035667
vn 0.617429 -0.707939 -0.342935
vn 0.617429 -0.707939 -0.342935
vn 0.617429 -0.707939 -0.342935
vn 0.421653 0.120682 0.898690
vn 0.421653 0.120682 0.898690
vn 0.421653 0.120682 0.898690
vn 0.509274 -0.195132 0.838190
vn 0.509274 -0.195132 0.838190
vn 0.509274 -0.195132 0.838190
vn -0.434340 0.814776 0.384044
vn -0.434340 0.814776 0.384044
vn -0.434340 0.814776 0.384044
vn -0.378977 0.532769 0.756659
vn -0.378977 0.532769 0.756659
vn -0.378977 0.532769 0.756659
vn -0.554674 0.609523 -0.566408
vn -0.554674 0.609523 -0.566408
vn -0.554674 0.609523 -0.566408
vn -0.672971 0.674749 -0.303025
vn -0.672971 0.674749 -0.303025
vn -0.672971 0.674749 -0.303025
vn -0.555470 -0.798292 -0.232771
vn -0.555470 -0.798292 -0.232771
vn -0.555470 -0.798292 -0.232771
vn -0.646242 -0.734138 -0.208358
vn -0.646242 -0.734138 -0.208358
vn -0.646242 -0.734138 -0.208358
vn 0.256115 -0.966017 0.034881
vn 0.256115 -0.966017 0.034881
vn 0.256115 -0.966017 0.034881
vn 0.233269 -0.972035 0.027088
vn 0.233269 -0.972035 0.027088
vn 0.233269 -0.972035 0.027088
vn 0.653537 -0.086696 0.751913
vn 0.653537 -0.086696 0.751913
vn 0.653537 -0.086696 0.751913
vn 0.657136 -0.171983 0.733890
vn 0.657136 -0.171983 0.733890
vn 0.657136 -0.171983 0.733890
vn -0.239783 0.743214 0.624610
vn -0.239783 0.743214 0.624610
vn -0.239783 0.743214 0.624610
vn -0.081354 0.665826 0.741658
vn -0.081354 0.665826 0.741658
vn -0.081354 0.665826 0.741658
vn -0.958591 0.260752 0.114507
vn -0.958591 0.260752 0.114507
vn -0.958591 0.260752 0.114507
vn -0.845604 0.445505 0.294072
vn -0.845604 0.445505 0.294072
vn -0.845604 0.445505 0.294072
vn -0.690449 -0.688658 0.221429
vn -0.690449 -0.688658 0.221429
vn -0.690449 -0.688658 0.221429
vn -0.690449 -0.688658 0.221429
vn -0.690449 -0.688658 0.221429
vn -0.690449 -0.688658 0.221429
vn -0.690449 -0.688658 0.221429
vn -0.690449 -0.688658 0.221429
vn -0.690449 -0.688658 0.221429
vn -0.690449 -0.688658 0.221429
vn -0.690449 -0.688658 0.221429
vn -0.690449 -0.688658 0.221429
vn -0.690449 -0.688658 0.221429
vn -0.690449 -0.688658 0.221429
vn -0.690449 -0.688658 0.221429
vn -0.362931 -0.381288 0.850236
vn -0.362931 -0.381288 0.850236
vn -0.362931 -0.381288 0.850236
vn -0.362931 -0.381288 0.850236
vn -0.362931 -0.381288 0.850236
vn -0.362931 -0.381288 0.850236
vn -0.362931 -0.381288 0.850236
vn -0.362931 -0.381288 0.850236
vn -0.362931 -0.381288 0.850236
vn -0.362931 -0.381288 0.850236
vn -0.362931 -0.381288 0.850236
vn -0.362931 -0.381288 0.850236
vn -0.362931 -0.381288 0.850236
vn -0.362931 -0.381288 0.850236
vn -0.362931 -0.381288 0.850236
f 5425/5425/5425 5426/5426/5426 5427/5427/5427
f 5428/5428/5428 5429/5429/5429 5430/5430/5430
f 5431/5431/5431 5432/5432/5432 5433/5433/5433
f 5434/5434/5434 5435/5435/5435 5436/5436/5436
f 5437/5437/5437 5438/5438/5438 5439/5439/5439
f 5440/5440/5440 5441/5441/5441 5442/5442/5442
f 5443/5443/5443 5444/5444/5444 5445/5445/5445
f 5446/5446/5446 5447/5447/5447 5448/5448/5448
f 5449/5449/5449 5450/5450/5450 5451/5451/5451
f 5452/5452/5452 5453/5453/5453 5454/5454/5454
f 5455/5455/5455 5456/5456/5456 5457/5457/5457
f 5458/5458/5458 5459/5459/5459 5460/5460/5460
f 5461/5461/5461 5462/5462/5462 5463/5463/5463
f 5464/5464/5464 5465/5465/5465 5466/5466/5466
f 5467/5467/5467 5468/5468/5468 5469/5469/5469
f 5470/5470/5470 5471/5471/5471 5472/5472/5472
f 5473/5473/5473 5474/5474/5474 5475/5475/5475
f 5476/5476/5476 5477/5477/5477 5478/5478/5478
f 5479/5479/5479 5480/5480/5480 5481/5481/5481
f 5482/5482/5482 5483/5483/5483 5484/5484/5484
f 5485/5485/5485 5486/5486/5486 5487/5487/5487
f 5488/5488/5488 5489/5489/5489 5490/5490/5490
f 5491/5491/5491 5492/5492/5492 5493/5493/5493
f 5494/5494/5494 5495/5495/5495 5496/5496/5496
f 5497/5497/5497 5498/5498/5498 5499/5499/5499
f 5500/5500/5500 5501/5501/5501 5502/5502/5502
f 5503/5503/5503 5504/5504/5504 5505/5505/5505
f 5506/5506/5506 5507/5507/5507 5508/5508/5508
f 5509/5509/5509 5510/5510/5510 5511/5511/5511
f 5512/5512/5512 5513/5513/5513 5514/5514/5514
o Mane1_8
usemtl PaintedTeaFantasy
v -2.948154 8.143761 -6.381460
v -2.590288 7.427100 -5.722238
v -4.655714 6.684291 -5.398419
v -2.948154 8.143761 -6.381460
v -4.655714 6.684291 -5.398419
v -5.391714 7.603378 -5.981822
v -2.590288 7.427100 -5.722238
v -2.409231 7.700840 -4.565795
v -3.801426 7.035351 -4.187843
v -2.590288 7.427100 -5.722238
v -3.801426 7.035351 -4.187843
v -4.655714 6.684291 -5.398419
v -2.409231 7.700840 -4.565795
v -2.655197 8.586682 -4.510296
v -4.009446 8.171406 -4.023070
v -2.409231 7.700840 -4.565795
v -4.009446 8.171406 -4.023070
v -3.801426 7.035351 -4.187843
v -2.655197 8.586682 -4.510296
v -2.988270 8.860422 -5.632439
v -4.992298 8.522466 -5.131809
v -2.655197 8.586682 -4.510296
v -4.992298 8.522466 -5.131809
v -4.009446 8.171406 -4.023070
v -2.988270 8.860422 -5.632439
v -2.948154 8.143761 -6.381460
v -5.391714 7.603378 -5.981822
v -2.988270 8.860422 -5.632439
v -5.391714 7.603378 -5.981822
v -4.992298 8.522466 -5.131809
v -5.391714 7.603378 -5.981822
v -4.655714 6.684291 -5.398419
v -5.801896 7.204693 -2.933002
v -5.391714 7.603378 -5.981822
v -5.801896 7.204693 -2.933002
v -5.822235 7.226768 -2.941226
v -4.655714 6.684291 -5.398419
v -3.801426 7.035351 -4.187843
v -5.772637 7.213125 -2.913679
v -4.655714 6.684291 -5.398419
v -5.772637 7.213125 -2.913679
v -5.801896 7.204693 -2.933002
v -3.801426 7.035351 -4.187843
v -4.009446 8.171406 -4.023070
v -5.774894 7.240411 -2.909959
v -3.801426 7.035351 -4.187843
v -5.774894 7.240411 -2.909959
v -5.772637 7.213125 -2.913679
v -4.009446 8.171406 -4.023070
v -4.992298 8.522466 -5.131809
v -5.805547 7.248843 -2.926985
v -4.009446 8.171406 -4.023070
v -5.805547 7.248843 -2.926985
v -5.774894 7.240411 -2.909959
v -4.992298 8.522466 -5.131809
v -5.391714 7.603378 -5.981822
v -5.822235 7.226768 -2.941226
v -4.992298 8.522466 -5.131809
v -5.822235 7.226768 -2.941226
v -5.805547 7.248843 -2.926985
v -2.718228 8.143761 -5.362445
v -2.948154 8.143761 -6.381460
v -2.590288 7.427100 -5.722238
v -2.718228 8.143761 -5.362445
v -2.590288 7.427100 -5.722238
v -2.409231 7.700840 -4.565795
v -2.718228 8.143761 -5.362445
v -2.409231 7.700840 -4.565795
v -2.655197 8.586682 -4.510296
v -2.718228 8.143761 -5.362445
v -2.655197 8.586682 -4.510296
v -2.988270 8.860422 -5.632439
v -2.718228 8.143761 -5.362445
v -2.988270 8.860422 -5.632439
v -2.948154 8.143761 -6.381460
v -5.795442 7.226768 -2.924970
v -5.822235 7.226768 -2.941226
v -5.801896 7.204693 -2.933002
v -5.795442 7.226768 -2.924970
v -5.801896 7.204693 -2.933002
v -5.772637 7.213125 -2.913679
v -5.795442 7.226768 -2.924970
v -5.772637 7.213125 -2.913679
v -5.774894 7.240411 -2.909959
v -5.795442 7.226768 -2.924970
v -5.774894 7.240411 -2.909959
v -5.805547 7.248843 -2.926985
v -5.795442 7.226768 -2.924970
v -5.805547 7.248843 -2.926985
v -5.822235 7.226768 -2.941226
vt 0.003906 0.996094
vt 0.052344 0.996094
vt 0.052344 0.875000
vt 0.003906 0.996094
vt 0.052344 0.875000
vt 0.003906 0.875000
vt 0.052344 0.996094
vt 0.100781 0.996094
vt 0.100781 0.875000
vt 0.052344 0.996094
vt 0.100781 0.875000
vt 0.052344 0.875000
vt 0.100781 0.996094
vt 0.149219 0.996094
vt 0.149219 0.875000
vt 0.100781 0.996094
vt 0.149219 0.875000
vt 0.100781 0.875000
vt 0.149219 0.996094
vt 0.197656 0.996094
vt 0.197656 0.875000
vt 0.149219 0.996094
vt 0.197656 0.875000
vt 0.149219 0.875000
vt 0.197656 0.996094
vt 0.246094 0.996094
vt 0.246094 0.875000
vt 0.197656 0.996094
vt 0.246094 0.875000
vt 0.197656 0.875000
vt 0.003906 0.875000
vt 0.052344 0.875000
vt 0.052344 0.753906
vt 0.003906 0.875000
vt 0.052344 0.753906
vt 0.003906 0.753906
vt 0.052344 0.875000
vt 0.100781 0.875000
vt 0.100781 0.753906
vt 0.052344 0.875000
vt 0.100781 0.753906
vt 0.052344 0.753906
vt 0.100781 0.875000
vt 0.149219 0.875000
vt 0.149219 0.753906
vt 0.100781 0.875000
vt 0.149219 0.753906
vt 0.100781 0.753906
vt 0.149219 0.875000
vt 0.197656 0.875000
vt 0.197656 0.753906
vt 0.149219 0.875000
vt 0.197656 0.753906
vt 0.149219 0.753906
vt 0.197656 0.875000
vt 0.246094 0.875000
vt 0.246094 0.753906
vt 0.197656 0.875000
vt 0.246094 0.753906
vt 0.197656 0.753906
vt 0.125000 0.875000
vt 0.003906 0.996094
vt 0.246094 0.753906
vt 0.125000 0.875000
vt 0.003906 0.996094
vt 0.246094 0.753906
vt 0.125000 0.875000
vt 0.003906 0.996094
vt 0.246094 0.753906
vt 0.125000 0.875000
vt 0.003906 0.996094
vt 0.246094 0.753906
vt 0.125000 0.875000
vt 0.003906 0.996094
vt 0.246094 0.753906
vt 0.125000 0.875000
vt 0.003906 0.996094
vt 0.246094 0.753906
vt 0.125000 0.875000
vt 0.003906 0.996094
vt 0.246094 0.753906
vt 0.125000 0.875000
vt 0.003906 0.996094
vt 0.246094 0.753906
vt 0.125000 0.875000
vt 0.003906 0.996094
vt 0.246094 0.753906
vt 0.125000 0.875000
vt 0.003906 0.996094
vt 0.246094 0.753906
vn 0.111920 -0.641895 -0.758581
vn 0.111920 -0.641895 -0.758581
vn 0.111920 -0.641895 -0.758581
vn -0.016500 -0.545225 -0.838127
vn -0.016500 -0.545225 -0.838127
vn -0.016500 -0.545225 -0.838127
vn 0.457152 -0.878858 0.136460
vn 0.457152 -0.878858 0.136460
vn 0.457152 -0.878858 0.136460
vn 0.342506 -0.939017 0.030607
vn 0.342506 -0.939017 0.030607
vn 0.342506 -0.939017 0.030607
vn 0.329547 0.032387 0.943583
vn 0.329547 0.032387 0.943583
vn 0.329547 0.032387 0.943583
vn 0.297999 -0.083356 0.950920
vn 0.297999 -0.083356 0.950920
vn 0.297999 -0.083356 0.950920
vn -0.096258 0.960045 0.262769
vn -0.096258 0.960045 0.262769
vn -0.096258 0.960045 0.262769
vn -0.132275 0.905203 0.403870
vn -0.132275 0.905203 0.403870
vn -0.132275 0.905203 0.403870
vn -0.262887 0.690057 -0.674324
vn -0.262887 0.690057 -0.674324
vn -0.262887 0.690057 -0.674324
vn -0.280588 0.714586 -0.640809
vn -0.280588 0.714586 -0.640809
vn -0.280588 0.714586 -0.640809
vn -0.706749 -0.683010 -0.184400
vn -0.706749 -0.683010 -0.184400
vn -0.706749 -0.683010 -0.184400
vn -0.687648 -0.702251 -0.184346
vn -0.687648 -0.702251 -0.184346
vn -0.687648 -0.702251 -0.184346
vn 0.064772 -0.969713 0.235502
vn 0.064772 -0.969713 0.235502
vn 0.064772 -0.969713 0.235502
vn 0.109397 -0.961071 0.253723
vn 0.109397 -0.961071 0.253723
vn 0.109397 -0.961071 0.253723
vn 0.541731 -0.022675 0.840246
vn 0.541731 -0.022675 0.840246
vn 0.541731 -0.022675 0.840246
vn 0.537044 -0.070169 0.840631
vn 0.537044 -0.070169 0.840631
vn 0.537044 -0.070169 0.840631
vn -0.182780 0.879023 0.440352
vn -0.182780 0.879023 0.440352
vn -0.182780 0.879023 0.440352
vn -0.083139 0.825357 0.558457
vn -0.083139 0.825357 0.558457
vn -0.083139 0.825357 0.558457
vn -0.889580 0.451377 -0.070049
vn -0.889580 0.451377 -0.070049
vn -0.889580 0.451377 -0.070049
vn -0.809312 0.586015 0.039999
vn -0.809312 0.586015 0.039999
vn -0.809312 0.586015 0.039999
vn -0.938209 -0.273770 0.211693
vn -0.938209 -0.273770 0.211693
vn -0.938209 -0.273770 0.211693
vn -0.938209 -0.273770 0.211693
vn -0.938209 -0.273770 0.211693
vn -0.938209 -0.273770 0.211693
vn -0.938209 -0.273770 0.211693
vn -0.938209 -0.273770 0.211693
vn -0.938209 -0.273770 0.211693
vn -0.938209 -0.273770 0.211693
vn -0.938209 -0.273770 0.211693
vn -0.938209 -0.273770 0.211693
vn -0.938209 -0.273770 0.211693
vn -0.938209 -0.273770 0.211693
vn -0.938209 -0.273770 0.211693
vn -0.512238 -0.157440 0.844290
vn -0.512238 -0.157440 0.844290
vn -0.512238 -0.157440 0.844290
vn -0.512238 -0.157440 0.844290
vn -0.512238 -0.157440 0.844290
vn -0.512238 -0.157440 0.844290
vn -0.512238 -0.157440 0.844290
vn -0.512238 -0.157440 0.844290
vn -0.512238 -0.157440 0.844290
vn -0.512238 -0.157440 0.844290
vn -0.512238 -0.157440 0.844290
vn -0.512238 -0.157440 0.844290
vn -0.512238 -0.157440 0.844290
vn -0.512238 -0.157440 0.844290
vn -0.512238 -0.157440 0.844290
f 5515/5515/5515 5516/5516/5516 5517/5517/5517
f 5518/5518/5518 5519/5519/5519 5520/5520/5520
f 5521/5521/5521 5522/5522/5522 5523/5523/5523
f 5524/5524/5524 5525/5525/5525 5526/5526/5526
f 5527/5527/5527 5528/5528/5528 5529/5529/5529
f 5530/5530/5530 5531/5531/5531 5532/5532/5532
f 5533/5533/5533 5534/5534/5534 5535/5535/5535
f 5536/5536/5536 5537/5537/5537 5538/5538/5538
f 5539/5539/5539 5540/5540/5540 5541/5541/5541
f 5542/5542/5542 5543/5543/5543 5544/5544/5544
f 5545/5545/5545 5546/5546/5546 5547/5547/5547
f 5548/5548/5548 5549/5549/5549 5550/5550/5550
f 5551/5551/5551 5552/5552/5552 5553/5553/5553
f 5554/5554/5554 5555/5555/5555 5556/5556/5556
f 5557/5557/5557 5558/5558/5558 5559/5559/5559
f 5560/5560/5560 5561/5561/5561 5562/5562/5562
f 5563/5563/5563 5564/5564/5564 5565/5565/5565
f 5566/5566/5566 5567/5567/5567 5568/5568/5568
f 5569/5569/5569 5570/5570/5570 5571/5571/5571
f 5572/5572/5572 5573/5573/5573 5574/5574/5574
f 5575/5575/5575 5576/5576/5576 5577/5577/5577
f 5578/5578/5578 5579/5579/5579 5580/5580/5580
f 5581/5581/5581 5582/5582/5582 5583/5583/5583
f 5584/5584/5584 5585/5585/5585 5586/5586/5586
f 5587/5587/5587 5588/5588/5588 5589/5589/5589
f 5590/5590/5590 5591/5591/5591 5592/5592/5592
f 5593/5593/5593 5594/5594/5594 5595/5595/5595
f 5596/5596/5596 5597/5597/5597 5598/5598/5598
f 5599/5599/5599 5600/5600/5600 5601/5601/5601
f 5602/5602/5602 5603/5603/5603 5604/5604/5604
o Mane1_9
usemtl PaintedTeaFantasy
v -3.019511 9.723802 -6.382811
v -2.998239 8.991298 -5.648488
v -5.063933 9.154611 -5.180640
v -3.019511 9.723802 -6.382811
v -5.063933 9.154611 -5.180640
v -5.507686 10.087380 -5.992919
v -2.998239 8.991298 -5.648488
v -2.697005 9.271090 -4.518864
v -4.117652 9.510897 -4.042151
v -2.998239 8.991298 -5.648488
v -4.117652 9.510897 -4.042151
v -5.063933 9.154611 -5.180640
v -2.697005 9.271090 -4.518864
v -2.532105 10.176514 -4.555041
v -3.976572 10.663863 -4.150806
v -2.697005 9.271090 -4.518864
v -3.976572 10.663863 -4.150806
v -4.117652 9.510897 -4.042151
v -2.532105 10.176514 -4.555041
v -2.731425 10.456306 -5.707023
v -4.835661 11.020150 -5.356447
v -2.532105 10.176514 -4.555041
v -4.835661 11.020150 -5.356447
v -3.976572 10.663863 -4.150806
v -2.731425 10.456306 -5.707023
v -3.019511 9.723802 -6.382811
v -5.507686 10.087380 -5.992919
v -2.731425 10.456306 -5.707023
v -5.507686 10.087380 -5.992919
v -4.835661 11.020150 -5.356447
v -5.507686 10.087380 -5.992919
v -5.063933 9.154611 -5.180640
v -5.969995 10.318542 -2.928090
v -5.507686 10.087380 -5.992919
v -5.969995 10.318542 -2.928090
v -5.987114 10.340770 -2.941561
v -5.063933 9.154611 -5.180640
v -4.117652 9.510897 -4.042151
v -5.939791 10.327032 -2.910308
v -5.063933 9.154611 -5.180640
v -5.939791 10.327032 -2.910308
v -5.969995 10.318542 -2.928090
v -4.117652 9.510897 -4.042151
v -3.976572 10.663863 -4.150806
v -5.938242 10.354508 -2.912789
v -4.117652 9.510897 -4.042151
v -5.938242 10.354508 -2.912789
v -5.939791 10.327032 -2.910308
v -3.976572 10.663863 -4.150806
v -4.835661 11.020150 -5.356447
v -5.967490 10.362998 -2.932104
v -3.976572 10.663863 -4.150806
v -5.967490 10.362998 -2.932104
v -5.938242 10.354508 -2.912789
v -4.835661 11.020150 -5.356447
v -5.507686 10.087380 -5.992919
v -5.987114 10.340770 -2.941561
v -4.835661 11.020150 -5.356447
v -5.987114 10.340770 -2.941561
v -5.967490 10.362998 -2.932104
v -2.795657 9.723802 -5.362445
v -3.019511 9.723802 -6.382811
v -2.998239 8.991298 -5.648488
v -2.795657 9.723802 -5.362445
v -2.998239 8.991298 -5.648488
v -2.697005 9.271090 -4.518864
v -2.795657 9.723802 -5.362445
v -2.697005 9.271090 -4.518864
v -2.532105 10.176514 -4.555041
v -2.795657 9.723802 -5.362445
v -2.532105 10.176514 -4.555041
v -2.731425 10.456306 -5.707023
v -2.795657 9.723802 -5.362445
v -2.731425 10.456306 -5.707023
v -3.019511 9.723802 -6.382811
v -5.960526 10.340770 -2.924970
v -5.987114 10.340770 -2.941561
v -5.969995 10.318542 -2.928090
v -5.960526 10.340770 -2.924970
v -5.969995 10.318542 -2.928090
v -5.939791 10.327032 -2.910308
v -5.960526 10.340770 -2.924970
v -5.939791 10.327032 -2.910308
v -5.938242 10.354508 -2.912789
v -5.960526 10.340770 -2.924970
v -5.938242 10.354508 -2.912789
v -5.967490 10.362998 -2.932104
v -5.960526 10.340770 -2.924970
v -5.967490 10.362998 -2.932104
v -5.987114 10.340770 -2.941561
vt 0.003906 0.996094
vt 0.052344 0.996094
vt 0.052344 0.875000
vt 0.003906 0.996094
vt 0.052344 0.875000
vt 0.003906 0.875000
vt 0.052344 0.996094
vt 0.100781 0.996094
vt 0.100781 0.875000
vt 0.052344 0.996094
vt 0.100781 0.875000
vt 0.052344 0.875000
vt 0.100781 0.996094
vt 0.149219 0.996094
vt 0.149219 0.875000
vt 0.100781 0.996094
vt 0.149219 0.875000
vt 0.100781 0.875000
vt 0.149219 0.996094
vt 0.197656 0.996094
vt 0.197656 0.875000
vt 0.149219 0.996094
vt 0.197656 0.875000
vt 0.149219 0.875000
vt 0.197656 0.996094
vt 0.246094 0.996094
vt 0.246094 0.875000
vt 0.197656 0.996094
vt 0.246094 0.875000
vt 0.197656 0.875000
vt 0.003906 0.875000
vt 0.052344 0.875000
vt 0.052344 0.753906
vt 0.003906 0.875000
vt 0.052344 0.753906
vt 0.003906 0.753906
vt 0.052344 0.875000
vt 0.100781 0.875000
vt 0.100781 0.753906
vt 0.052344 0.875000
vt 0.100781 0.753906
vt 0.052344 0.753906
vt 0.100781 0.875000
vt 0.149219 0.875000
vt 0.149219 0.753906
vt 0.100781 0.875000
vt 0.149219 0.753906
vt 0.100781 0.753906
vt 0.149219 0.875000
vt 0.197656 0.875000
vt 0.197656 0.753906
vt 0.149219 0.875000
vt 0.197656 0.753906
vt 0.149219 0.753906
vt 0.197656 0.875000
vt 0.246094 0.875000
vt 0.246094 0.753906
vt 0.197656 0.875000
vt 0.246094 0.753906
vt 0.197656 0.753906
vt 0.125000 0.875000
vt 0.003906 0.996094
vt 0.246094 0.753906
vt 0.125000 0.875000
vt 0.003906 0.996094
vt 0.246094 0.753906
vt 0.125000 0.875000
vt 0.003906 0.996094
vt 0.246094 0.753906
vt 0.125000 0.875000
vt 0.003906 0.996094
vt 0.246094 0.753906
vt 0.125000 0.875000
vt 0.003906 0.996094
vt 0.246094 0.753906
vt 0.125000 0.875000
vt 0.003906 0.996094
vt 0.246094 0.753906
vt 0.125000 0.875000
vt 0.003906 0.996094
vt 0.246094 0.753906
vt 0.125000 0.875000
vt 0.003906 0.996094
vt 0.246094 0.753906
vt 0.125000 0.875000
vt 0.003906 0.996094
vt 0.246094 0.753906
vt 0.125000 0.875000
vt 0.003906 0.996094
vt 0.246094 0.753906
vn -0.210626 -0.695145 -0.687321
vn -0.210626 -0.695145 -0.687321
vn -0.210626 -0.695145 -0.687321
vn -0.209318 -0.696909 -0.685933
vn -0.209318 -0.696909 -0.685933
vn -0.209318 -0.696909 -0.685933
vn -0.075738 -0.962980 0.258713
vn -0.075738 -0.962980 0.258713
vn -0.075738 -0.962980 0.258713
vn -0.006560 -0.952771 0.303619
vn -0.006560 -0.952771 0.303619
vn -0.006560 -0.952771 0.303619
vn 0.266353 -0.009999 0.963824
vn 0.266353 -0.009999 0.963824
vn 0.266353 -0.009999 0.963824
vn 0.325197 0.049205 0.944365
vn 0.325197 0.049205 0.944365
vn 0.325197 0.049205 0.944365
vn 0.282465 0.942243 0.179977
vn 0.282465 0.942243 0.179977
vn 0.282465 0.942243 0.179977
vn 0.330249 0.942899 0.043321
vn 0.330249 0.942899 0.043321
vn 0.330249 0.942899 0.043321
vn -0.015151 0.681214 -0.731927
vn -0.015151 0.681214 -0.731927
vn -0.015151 0.681214 -0.731927
vn 0.011290 0.558036 -0.829740
vn 0.011290 0.558036 -0.829740
vn 0.011290 0.558036 -0.829740
vn -0.865105 -0.492832 -0.093324
vn -0.865105 -0.492832 -0.093324
vn -0.865105 -0.492832 -0.093324
vn -0.769988 -0.634392 -0.068299
vn -0.769988 -0.634392 -0.068299
vn -0.769988 -0.634392 -0.068299
vn -0.150617 -0.900873 0.407114
vn -0.150617 -0.900873 0.407114
vn -0.150617 -0.900873 0.407114
vn -0.016642 -0.890999 0.453700
vn -0.016642 -0.890999 0.453700
vn -0.016642 -0.890999 0.453700
vn 0.531990 0.014690 0.846623
vn 0.531990 0.014690 0.846623
vn 0.531990 0.014690 0.846623
vn 0.541666 0.045276 0.839374
vn 0.541666 0.045276 0.839374
vn 0.541666 0.045276 0.839374
vn 0.019957 0.962586 0.270239
vn 0.019957 0.962586 0.270239
vn 0.019957 0.962586 0.270239
vn 0.057739 0.943198 0.327175
vn 0.057739 0.943198 0.327175
vn 0.057739 0.943198 0.327175
vn -0.740700 0.649881 -0.170345
vn -0.740700 0.649881 -0.170345
vn -0.740700 0.649881 -0.170345
vn -0.710342 0.688774 -0.144929
vn -0.710342 0.688774 -0.144929
vn -0.710342 0.688774 -0.144929
vn -0.960221 0.183297 0.210659
vn -0.960221 0.183297 0.210659
vn -0.960221 0.183297 0.210659
vn -0.960221 0.183297 0.210659
vn -0.960221 0.183297 0.210659
vn -0.960221 0.183297 0.210659
vn -0.960221 0.183297 0.210659
vn -0.960221 0.183297 0.210659
vn -0.960221 0.183297 0.210659
vn -0.960221 0.183297 0.210659
vn -0.960221 0.183297 0.210659
vn -0.960221 0.183297 0.210659
vn -0.960221 0.183297 0.210659
vn -0.960221 0.183297 0.210659
vn -0.960221 0.183297 0.210659
vn -0.526409 0.105844 0.843617
vn -0.526409 0.105844 0.843617
vn -0.526409 0.105844 0.843617
vn -0.526409 0.105844 0.843617
vn -0.526409 0.105844 0.843617
vn -0.526409 0.105844 0.843617
vn -0.526409 0.105844 0.843617
vn -0.526409 0.105844 0.843617
vn -0.526409 0.105844 0.843617
vn -0.526409 0.105844 0.843617
vn -0.526409 0.105844 0.843617
vn -0.526409 0.105844 0.843617
vn -0.526409 0.105844 0.843617
vn -0.526409 0.105844 0.843617
vn -0.526409 0.105844 0.843617
f 5605/5605/5605 5606/5606/5606 5607/5607/5607
f 5608/5608/5608 5609/5609/5609 5610/5610/5610
f 5611/5611/5611 5612/5612/5612 5613/5613/5613
f 5614/5614/5614 5615/5615/5615 5616/5616/5616
f 5617/5617/5617 5618/5618/5618 5619/5619/5619
f 5620/5620/5620 5621/5621/5621 5622/5622/5622
f 5623/5623/5623 5624/5624/5624 5625/5625/5625
f 5626/5626/5626 5627/5627/5627 5628/5628/5628
f 5629/5629/5629 5630/5630/5630 5631/5631/5631
f 5632/5632/5632 5633/5633/5633 5634/5634/5634
f 5635/5635/5635 5636/5636/5636 5637/5637/5637
f 5638/5638/5638 5639/5639/5639 5640/5640/5640
f 5641/5641/5641 5642/5642/5642 5643/5643/5643
f 5644/5644/5644 5645/5645/5645 5646/5646/5646
f 5647/5647/5647 5648/5648/5648 5649/5649/5649
f 5650/5650/5650 5651/5651/5651 5652/5652/5652
f 5653/5653/5653 5654/5654/5654 5655/5655/5655
f 5656/5656/5656 5657/5657/5657 5658/5658/5658
f 5659/5659/5659 5660/5660/5660 5661/5661/5661
f 5662/5662/5662 5663/5663/5663 5664/5664/5664
f 5665/5665/5665 5666/5666/5666 5667/5667/5667
f 5668/5668/5668 5669/5669/5669 5670/5670/5670
f 5671/5671/5671 5672/5672/5672 5673/5673/5673
f 5674/5674/5674 5675/5675/5675 5676/5676/5676
f 5677/5677/5677 5678/5678/5678 5679/5679/5679
f 5680/5680/5680 5681/5681/5681 5682/5682/5682
f 5683/5683/5683 5684/5684/5684 5685/5685/5685
f 5686/5686/5686 5687/5687/5687 5688/5688/5688
f 5689/5689/5689 5690/5690/5690 5691/5691/5691
f 5692/5692/5692 5693/5693/5693 5694/5694/5694
o Mane1_10
usemtl PaintedTeaFantasy
v -2.413802 11.133561 -6.366072
v -2.652741 10.545137 -5.545761
v -4.194656 11.487213 -4.894663
v -2.413802 11.133561 -6.366072
v -4.194656 11.487213 -4.894663
v -4.513034 12.303679 -5.873843
v -2.652741 10.545137 -5.545761
v -2.160967 10.769895 -4.472114
v -3.014461 11.799076 -3.984484
v -2.652741 10.545137 -5.545761
v -3.014461 11.799076 -3.984484
v -4.194656 11.487213 -4.894663
v -2.160967 10.769895 -4.472114
v -1.618096 11.497227 -4.628875
v -2.603440 12.808283 -4.401142
v -2.160967 10.769895 -4.472114
v -2.603440 12.808283 -4.401142
v -3.014461 11.799076 -3.984484
v -1.618096 11.497227 -4.628875
v -1.774356 11.721984 -5.799405
v -3.529609 13.120145 -5.568830
v -1.618096 11.497227 -4.628875
v -3.529609 13.120145 -5.568830
v -2.603440 12.808283 -4.401142
v -1.774356 11.721984 -5.799405
v -2.413802 11.133561 -6.366072
v -4.513034 12.303679 -5.873843
v -1.774356 11.721984 -5.799405
v -4.513034 12.303679 -5.873843
v -3.529609 13.120145 -5.568830
v -4.513034 12.303679 -5.873843
v -4.194656 11.487213 -4.894663
v -4.540526 13.098174 -2.922195
v -4.513034 12.303679 -5.873843
v -4.540526 13.098174 -2.922195
v -4.556811 13.119174 -2.938395
v -4.194656 11.487213 -4.894663
v -3.014461 11.799076 -3.984484
v -4.507612 13.106195 -2.909830
v -4.194656 11.487213 -4.894663
v -4.507612 13.106195 -2.909830
v -4.540526 13.098174 -2.922195
v -3.014461 11.799076 -3.984484
v -2.603440 12.808283 -4.401142
v -4.503555 13.132152 -2.918388
v -3.014461 11.799076 -3.984484
v -4.503555 13.132152 -2.918388
v -4.507612 13.106195 -2.909830
v -2.603440 12.808283 -4.401142
v -3.529609 13.120145 -5.568830
v -4.533961 13.140174 -2.936042
v -2.603440 12.808283 -4.401142
v -4.533961 13.140174 -2.936042
v -4.503555 13.132152 -2.918388
v -3.529609 13.120145 -5.568830
v -4.513034 12.303679 -5.873843
v -4.556811 13.119174 -2.938395
v -3.529609 13.120145 -5.568830
v -4.556811 13.119174 -2.938395
v -4.533961 13.140174 -2.936042
v -2.123992 11.133561 -5.362445
v -2.413802 11.133561 -6.366072
v -2.652741 10.545137 -5.545761
v -2.123992 11.133561 -5.362445
v -2.652741 10.545137 -5.545761
v -2.160967 10.769895 -4.472114
v -2.123992 11.133561 -5.362445
v -2.160967 10.769895 -4.472114
v -1.618096 11.497227 -4.628875
v -2.123992 11.133561 -5.362445
v -1.618096 11.497227 -4.628875
v -1.774356 11.721984 -5.799405
v -2.123992 11.133561 -5.362445
v -1.774356 11.721984 -5.799405
v -2.413802 11.133561 -6.366072
v -4.528493 13.119174 -2.924970
v -4.556811 13.119174 -2.938395
v -4.540526 13.098174 -2.922195
v -4.528493 13.119174 -2.924970
v -4.540526 13.098174 -2.922195
v -4.507612 13.106195 -2.909830
v -4.528493 13.119174 -2.924970
v -4.507612 13.106195 -2.909830
v -4.503555 13.132152 -2.918388
v -4.528493 13.119174 -2.924970
v -4.503555 13.132152 -2.918388
v -4.533961 13.140174 -2.936042
v -4.528493 13.119174 -2.924970
v -4.533961 13.140174 -2.936042
v -4.556811 13.119174 -2.938395
vt 0.003906 0.996094
vt 0.052344 0.996094
vt 0.052344 0.875000
vt 0.003906 0.996094
vt 0.052344 0.875000
vt 0.003906 0.875000
vt 0.052344 0.996094
vt 0.100781 0.996094
vt 0.100781 0.875000
vt 0.052344 0.996094
vt 0.100781 0.875000
vt 0.052344 0.875000
vt 0.100781 0.996094
vt 0.149219 0.996094
vt 0.149219 0.875000
vt 0.100781 0.996094
vt 0.149219 0.875000
vt 0.100781 0.875000
vt 0.149219 0.996094
vt 0.197656 0.996094
vt 0.197656 0.875000
vt 0.149219 0.996094
vt 0.197656 0.875000
vt 0.149219 0.875000
vt 0.197656 0.996094
vt 0.246094 0.996094
vt 0.246094 0.875000
vt 0.197656 0.996094
vt 0.246094 0.875000
vt 0.197656 0.875000
vt 0.003906 0.875000
vt 0.052344 0.875000
vt 0.052344 0.753906
vt 0.003906 0.875000
vt 0.052344 0.753906
vt 0.003906 0.753906
vt 0.052344 0.875000
vt 0.100781 0.875000
vt 0.100781 0.753906
vt 0.052344 0.875000
vt 0.100781 0.753906
vt 0.052344 0.753906
vt 0.100781 0.875000
vt 0.149219 0.875000
vt 0.149219 0.753906
vt 0.100781 0.875000
vt 0.149219 0.753906
vt 0.100781 0.753906
vt 0.149219 0.875000
vt 0.197656 0.875000
vt 0.197656 0.753906
vt 0.149219 0.875000
vt 0.197656 0.753906
vt 0.149219 0.753906
vt 0.197656 0.875000
vt 0.246094 0.875000
vt 0.246094 0.753906
vt 0.197656 0.875000
vt 0.246094 0.753906
vt 0.197656 0.753906
vt 0.125000 0.875000
vt 0.003906 0.996094
vt 0.246094 0.753906
vt 0.125000 0.875000
vt 0.003906 0.996094
vt 0.246094 0.753906
vt 0.125000 0.875000
vt 0.003906 0.996094
vt 0.246094 0.753906
vt 0.125000 0.875000
vt 0.003906 0.996094
vt 0.246094 0.753906
vt 0.125000 0.875000
vt 0.003906 0.996094
vt 0.246094 0.753906
vt 0.125000 0.875000
vt 0.003906 0.996094
vt 0.246094 0.753906
vt 0.125000 0.875000
vt 0.003906 0.996094
vt 0.246094 0.753906
vt 0.125000 0.875000
vt 0.003906 0.996094
vt 0.246094 0.753906
vt 0.125000 0.875000
vt 0.003906 0.996094
vt 0.246094 0.753906
vt 0.125000 0.875000
vt 0.003906 0.996094
vt 0.246094 0.753906
vn -0.589189 -0.565416 -0.577201
vn -0.589189 -0.565416 -0.577201
vn -0.589189 -0.565416 -0.577201
vn -0.513361 -0.733811 -0.444952
vn -0.513361 -0.733811 -0.444952
vn -0.513361 -0.733811 -0.444952
vn -0.593306 -0.689139 0.416023
vn -0.593306 -0.689139 0.416023
vn -0.593306 -0.689139 0.416023
vn -0.236110 -0.783602 0.574647
vn -0.236110 -0.783602 0.574647
vn -0.236110 -0.783602 0.574647
vn 0.251435 0.020888 0.967649
vn 0.251435 0.020888 0.967649
vn 0.251435 0.020888 0.967649
vn 0.579927 0.097725 0.808786
vn 0.579927 0.097725 0.808786
vn 0.579927 0.097725 0.808786
vn 0.626959 0.776305 0.065365
vn 0.626959 0.776305 0.065365
vn 0.626959 0.776305 0.065365
vn 0.699643 0.594634 -0.396119
vn 0.699643 0.594634 -0.396119
vn 0.699643 0.594634 -0.396119
vn 0.148348 0.597604 -0.787949
vn 0.148348 0.597604 -0.787949
vn 0.148348 0.597604 -0.787949
vn 0.081592 0.261056 -0.961869
vn 0.081592 0.261056 -0.961869
vn 0.081592 0.261056 -0.961869
vn -0.954688 -0.289491 0.069030
vn -0.954688 -0.289491 0.069030
vn -0.954688 -0.289491 0.069030
vn -0.831229 -0.538718 0.137265
vn -0.831229 -0.538718 0.137265
vn -0.831229 -0.538718 0.137265
vn -0.250194 -0.769210 0.587978
vn -0.250194 -0.769210 0.587978
vn -0.250194 -0.769210 0.587978
vn -0.046050 -0.777630 0.627034
vn -0.046050 -0.777630 0.627034
vn -0.046050 -0.777630 0.627034
vn 0.621044 0.069383 0.780699
vn 0.621044 0.069383 0.780699
vn 0.621044 0.069383 0.780699
vn 0.656888 0.141495 0.740593
vn 0.656888 0.141495 0.740593
vn 0.656888 0.141495 0.740593
vn 0.226986 0.970672 0.079206
vn 0.226986 0.970672 0.079206
vn 0.226986 0.970672 0.079206
vn 0.218070 0.973645 0.066784
vn 0.218070 0.973645 0.066784
vn 0.218070 0.973645 0.066784
vn -0.579760 0.782785 -0.226111
vn -0.579760 0.782785 -0.226111
vn -0.579760 0.782785 -0.226111
vn -0.641089 0.725578 -0.250082
vn -0.641089 0.725578 -0.250082
vn -0.641089 0.725578 -0.250082
vn -0.758696 0.613500 0.219083
vn -0.758696 0.613500 0.219083
vn -0.758696 0.613500 0.219083
vn -0.758696 0.613500 0.219083
vn -0.758696 0.613500 0.219083
vn -0.758696 0.613500 0.219083
vn -0.758696 0.613500 0.219083
vn -0.758696 0.613500 0.219083
vn -0.758696 0.613500 0.219083
vn -0.758696 0.613500 0.219083
vn -0.758696 0.613500 0.219083
vn -0.758696 0.613500 0.219083
vn -0.758696 0.613500 0.219083
vn -0.758696 0.613500 0.219083
vn -0.758696 0.613500 0.219083
vn -0.402425 0.342759 0.848864
vn -0.402425 0.342759 0.848864
vn -0.402425 0.342759 0.848864
vn -0.402425 0.342759 0.848864
vn -0.402425 0.342759 0.848864
vn -0.402425 0.342759 0.848864
vn -0.402425 0.342759 0.848864
vn -0.402425 0.342759 0.848864
vn -0.402425 0.342759 0.848864
vn -0.402425 0.342759 0.848864
vn -0.402425 0.342759 0.848864
vn -0.402425 0.342759 0.848864
vn -0.402425 0.342759 0.848864
vn -0.402425 0.342759 0.848864
vn -0.402425 0.342759 0.848864
f 5695/5695/5695 5696/5696/5696 5697/5697/5697
f 5698/5698/5698 5699/5699/5699 5700/5700/5700
f 5701/5701/5701 5702/5702/5702 5703/5703/5703
f 5704/5704/5704 5705/5705/5705 5706/5706/5706
f 5707/5707/5707 5708/5708/5708 5709/5709/5709
f 5710/5710/5710 5711/5711/5711 5712/5712/5712
f 5713/5713/5713 5714/5714/5714 5715/5715/5715
f 5716/5716/5716 5717/5717/5717 5718/5718/5718
f 5719/5719/5719 5720/5720/5720 5721/5721/5721
f 5722/5722/5722 5723/5723/5723 5724/5724/5724
f 5725/5725/5725 5726/5726/5726 5727/5727/5727
f 5728/5728/5728 5729/5729/5729 5730/5730/5730
f 5731/5731/5731 5732/5732/5732 5733/5733/5733
f 5734/5734/5734 5735/5735/5735 5736/5736/5736
f 5737/5737/5737 5738/5738/5738 5739/5739/5739
f 5740/5740/5740 5741/5741/5741 5742/5742/5742
f 5743/5743/5743 5744/5744/5744 5745/5745/5745
f 5746/5746/5746 5747/5747/5747 5748/5748/5748
f 5749/5749/5749 5750/5750/5750 5751/5751/5751
f 5752/5752/5752 5753/5753/5753 5754/5754/5754
f 5755/5755/5755 5756/5756/5756 5757/5757/5757
f 5758/5758/5758 5759/5759/5759 5760/5760/5760
f 5761/5761/5761 5762/5762/5762 5763/5763/5763
f 5764/5764/5764 5765/5765/5765 5766/5766/5766
f 5767/5767/5767 5768/5768/5768 5769/5769/5769
f 5770/5770/5770 5771/5771/5771 5772/5772/5772
f 5773/5773/5773 5774/5774/5774 5775/5775/5775
f 5776/5776/5776 5777/5777/5777 5778/5778/5778
f 5779/5779/5779 5780/5780/5780 5781/5781/5781
f 5782/5782/5782 5783/5783/5783 5784/5784/5784
o Mane1_11
usemtl PaintedTeaFantasy
v -1.479054 11.995294 -6.220479
v -1.627433 11.694928 -5.238639
v -2.125058 13.014362 -4.461457
v -1.479054 11.995294 -6.220479
v -2.125058 13.014362 -4.461457
v -2.709131 13.658420 -5.446761
v -1.627433 11.694928 -5.238639
v -0.747315 11.809658 -4.427896
v -0.656339 13.260370 -4.143830
v -1.627433 11.694928 -5.238639
v -0.656339 13.260370 -4.143830
v -2.125058 13.014362 -4.461457
v -0.747315 11.809658 -4.427896
v -0.054993 12.180930 -4.908668
v -0.332693 14.056470 -4.932830
v -0.747315 11.809658 -4.427896
v -0.332693 14.056470 -4.932830
v -0.656339 13.260370 -4.143830
v -0.054993 12.180930 -4.908668
v -0.507233 12.295660 -6.016545
v -1.601388 14.302478 -5.738085
v -0.054993 12.180930 -4.908668
v -1.601388 14.302478 -5.738085
v -0.332693 14.056470 -4.932830
v -0.507233 12.295660 -6.016545
v -1.479054 11.995294 -6.220479
v -2.709131 13.658420 -5.446761
v -0.507233 12.295660 -6.016545
v -2.709131 13.658420 -5.446761
v -1.601388 14.302478 -5.738085
v -2.709131 13.658420 -5.446761
v -2.125058 13.014362 -4.461457
v -1.894676 14.798030 -2.916083
v -2.709131 13.658420 -5.446761
v -1.894676 14.798030 -2.916083
v -1.913800 14.817508 -2.931031
v -2.125058 13.014362 -4.461457
v -0.656339 13.260370 -4.143830
v -1.859489 14.805470 -2.913416
v -2.125058 13.014362 -4.461457
v -1.859489 14.805470 -2.913416
v -1.894676 14.798030 -2.916083
v -0.656339 13.260370 -4.143830
v -0.332693 14.056470 -4.932830
v -1.856867 14.829547 -2.926717
v -0.656339 13.260370 -4.143830
v -1.856867 14.829547 -2.926717
v -1.859489 14.805470 -2.913416
v -0.332693 14.056470 -4.932830
v -1.601388 14.302478 -5.738085
v -1.890433 14.836987 -2.937604
v -0.332693 14.056470 -4.932830
v -1.890433 14.836987 -2.937604
v -1.856867 14.829547 -2.926717
v -1.601388 14.302478 -5.738085
v -2.709131 13.658420 -5.446761
v -1.913800 14.817508 -2.931031
v -1.601388 14.302478 -5.738085
v -1.913800 14.817508 -2.931031
v -1.890433 14.836987 -2.937604
v -0.883206 11.995294 -5.362445
v -1.479054 11.995294 -6.220479
v -1.627433 11.694928 -5.238639
v -0.883206 11.995294 -5.362445
v -1.627433 11.694928 -5.238639
v -0.747315 11.809658 -4.427896
v -0.883206 11.995294 -5.362445
v -0.747315 11.809658 -4.427896
v -0.054993 12.180930 -4.908668
v -0.883206 11.995294 -5.362445
v -0.054993 12.180930 -4.908668
v -0.507233 12.295660 -6.016545
v -0.883206 11.995294 -5.362445
v -0.507233 12.295660 -6.016545
v -1.479054 11.995294 -6.220479
v -1.883053 14.817508 -2.924970
v -1.913800 14.817508 -2.931031
v -1.894676 14.798030 -2.916083
v -1.883053 14.817508 -2.924970
v -1.894676 14.798030 -2.916083
v -1.859489 14.805470 -2.913416
v -1.883053 14.817508 -2.924970
v -1.859489 14.805470 -2.913416
v -1.856867 14.829547 -2.926717
v -1.883053 14.817508 -2.924970
v -1.856867 14.829547 -2.926717
v -1.890433 14.836987 -2.937604
v -1.883053 14.817508 -2.924970
v -1.890433 14.836987 -2.937604
v -1.913800 14.817508 -2.931031
vt 0.003906 0.996094
vt 0.052344 0.996094
vt 0.052344 0.875000
vt 0.003906 0.996094
vt 0.052344 0.875000
vt 0.003906 0.875000
vt 0.052344 0.996094
vt 0.100781 0.996094
vt 0.100781 0.875000
vt 0.052344 0.996094
vt 0.100781 0.875000
vt 0.052344 0.875000
vt 0.100781 0.996094
vt 0.149219 0.996094
vt 0.149219 0.875000
vt 0.100781 0.996094
vt 0.149219 0.875000
vt 0.100781 0.875000
vt 0.149219 0.996094
vt 0.197656 0.996094
vt 0.197656 0.875000
vt 0.149219 0.996094
vt 0.197656 0.875000
vt 0.149219 0.875000
vt 0.197656 0.996094
vt 0.246094 0.996094
vt 0.246094 0.875000
vt 0.197656 0.996094
vt 0.246094 0.875000
vt 0.197656 0.875000
vt 0.003906 0.875000
vt 0.052344 0.875000
vt 0.052344 0.753906
vt 0.003906 0.875000
vt 0.052344 0.753906
vt 0.003906 0.753906
vt 0.052344 0.875000
vt 0.100781 0.875000
vt 0.100781 0.753906
vt 0.052344 0.875000
vt 0.100781 0.753906
vt 0.052344 0.753906
vt 0.100781 0.875000
vt 0.149219 0.875000
vt 0.149219 0.753906
vt 0.100781 0.875000
vt 0.149219 0.753906
vt 0.100781 0.753906
vt 0.149219 0.875000
vt 0.197656 0.875000
vt 0.197656 0.753906
vt 0.149219 0.875000
vt 0.197656 0.753906
vt 0.149219 0.753906
vt 0.197656 0.875000
vt 0.246094 0.875000
vt 0.246094 0.753906
vt 0.197656 0.875000
vt 0.246094 0.753906
vt 0.197656 0.753906
vt 0.125000 0.875000
vt 0.003906 0.996094
vt 0.246094 0.753906
vt 0.125000 0.875000
vt 0.003906 0.996094
vt 0.246094 0.753906
vt 0.125000 0.875000
vt 0.003906 0.996094
vt 0.246094 0.753906
vt 0.125000 0.875000
vt 0.003906 0.996094
vt 0.246094 0.753906
vt 0.125000 0.875000
vt 0.003906 0.996094
vt 0.246094 0.753906
vt 0.125000 0.875000
vt 0.003906 0.996094
vt 0.246094 0.753906
vt 0.125000 0.875000
vt 0.003906 0.996094
vt 0.246094 0.753906
vt 0.125000 0.875000
vt 0.003906 0.996094
vt 0.246094 0.753906
vt 0.125000 0.875000
vt 0.003906 0.996094
vt 0.246094 0.753906
vt 0.125000 0.875000
vt 0.003906 0.996094
vt 0.246094 0.753906
vn -0.948903 -0.231667 -0.214273
vn -0.948903 -0.231667 -0.214273
vn -0.948903 -0.231667 -0.214273
vn -0.787311 -0.613013 0.066000
vn -0.787311 -0.613013 0.066000
vn -0.787311 -0.613013 0.066000
vn -0.666660 -0.102750 0.738246
vn -0.666660 -0.102750 0.738246
vn -0.666660 -0.102750 0.738246
vn -0.093150 -0.531169 0.842130
vn -0.093150 -0.531169 0.842130
vn -0.093150 -0.531169 0.842130
vn 0.535046 0.090042 0.840011
vn 0.535046 0.090042 0.840011
vn 0.535046 0.090042 0.840011
vn 0.954251 -0.113971 0.276435
vn 0.954251 -0.113971 0.276435
vn 0.954251 -0.113971 0.276435
vn 0.824145 0.488993 -0.285780
vn 0.824145 0.488993 -0.285780
vn 0.824145 0.488993 -0.285780
vn 0.544188 0.069804 -0.836054
vn 0.544188 0.069804 -0.836054
vn 0.544188 0.069804 -0.836054
vn 0.047940 0.450253 -0.891613
vn 0.047940 0.450253 -0.891613
vn 0.047940 0.450253 -0.891613
vn -0.252489 -0.003401 -0.967594
vn -0.252489 -0.003401 -0.967594
vn -0.252489 -0.003401 -0.967594
vn -0.895443 -0.219769 0.387149
vn -0.895443 -0.219769 0.387149
vn -0.895443 -0.219769 0.387149
vn -0.785534 -0.428986 0.445991
vn -0.785534 -0.428986 0.445991
vn -0.785534 -0.428986 0.445991
vn -0.055680 -0.648151 0.759473
vn -0.055680 -0.648151 0.759473
vn -0.055680 -0.648151 0.759473
vn 0.082592 -0.658651 0.747902
vn 0.082592 -0.658651 0.747902
vn 0.082592 -0.658651 0.747902
vn 0.815783 0.204517 0.540990
vn 0.815783 0.204517 0.540990
vn 0.815783 0.204517 0.540990
vn 0.817068 0.208061 0.537689
vn 0.817068 0.208061 0.537689
vn 0.817068 0.208061 0.537689
vn 0.280251 0.947820 -0.151978
vn 0.280251 0.947820 -0.151978
vn 0.280251 0.947820 -0.151978
vn 0.264250 0.950168 -0.165389
vn 0.264250 0.950168 -0.165389
vn 0.264250 0.950168 -0.165389
vn -0.532091 0.820301 -0.209726
vn -0.532091 0.820301 -0.209726
vn -0.532091 0.820301 -0.209726
vn -0.660100 0.722377 -0.206006
vn -0.660100 0.722377 -0.206006
vn -0.660100 0.722377 -0.206006
vn -0.331101 0.915153 0.229928
vn -0.331101 0.915153 0.229928
vn -0.331101 0.915153 0.229928
vn -0.331101 0.915153 0.229928
vn -0.331101 0.915153 0.229928
vn -0.331101 0.915153 0.229928
vn -0.331101 0.915153 0.229928
vn -0.331101 0.915153 0.229928
vn -0.331101 0.915153 0.229928
vn -0.331101 0.915153 0.229928
vn -0.331101 0.915153 0.229928
vn -0.331101 0.915153 0.229928
vn -0.331101 0.915153 0.229928
vn -0.331101 0.915153 0.229928
vn -0.331101 0.915153 0.229928
vn -0.168529 0.490643 0.854908
vn -0.168529 0.490643 0.854908
vn -0.168529 0.490643 0.854908
vn -0.168529 0.490643 0.854908
vn -0.168529 0.490643 0.854908
vn -0.168529 0.490643 0.854908
vn -0.168529 0.490643 0.854908
vn -0.168529 0.490643 0.854908
vn -0.168529 0.490643 0.854908
vn -0.168529 0.490643 0.854908
vn -0.168529 0.490643 0.854908
vn -0.168529 0.490643 0.854908
vn -0.168529 0.490643 0.854908
vn -0.168529 0.490643 0.854908
vn -0.168529 0.490643 0.854908
f 5785/5785/5785 5786/5786/5786 5787/5787/5787
f 5788/5788/5788 5789/5789/5789 5790/5790/5790
f 5791/5791/5791 5792/5792/5792 5793/5793/5793
f 5794/5794/5794 5795/5795/5795 5796/5796/5796
f 5797/5797/5797 5798/5798/5798 5799/5799/5799
f 5800/5800/5800 5801/5801/5801 5802/5802/5802
f 5803/5803/5803 5804/5804/5804 5805/5805/5805
f 5806/5806/5806 5807/5807/5807 5808/5808/5808
f 5809/5809/5809 5810/5810/5810 5811/5811/5811
f 5812/5812/5812 5813/5813/5813 5814/5814/5814
f 5815/5815/5815 5816/5816/5816 5817/5817/5817
f 5818/5818/5818 5819/5819/5819 5820/5820/5820
f 5821/5821/5821 5822/5822/5822 5823/5823/5823
f 5824/5824/5824 5825/5825/5825 5826/5826/5826
f 5827/5827/5827 5828/5828/5828 5829/5829/5829
f 5830/5830/5830 5831/5831/5831 5832/5832/5832
f 5833/5833/5833 5834/5834/5834 5835/5835/5835
f 5836/5836/5836 5837/5837/5837 5838/5838/5838
f 5839/5839/5839 5840/5840/5840 5841/5841/5841
f 5842/5842/5842 5843/5843/5843 5844/5844/5844
f 5845/5845/5845 5846/5846/5846 5847/5847/5847
f 5848/5848/5848 5849/5849/5849 5850/5850/5850
f 5851/5851/5851 5852/5852/5852 5853/5853/5853
f 5854/5854/5854 5855/5855/5855 5856/5856/5856
f 5857/5857/5857 5858/5858/5858 5859/5859/5859
f 5860/5860/5860 5861/5861/5861 5862/5862/5862
f 5863/5863/5863 5864/5864/5864 5865/5865/5865
f 5866/5866/5866 5867/5867/5867 5868/5868/5868
f 5869/5869/5869 5870/5870/5870 5871/5871/5871
f 5872/5872/5872 5873/5873/5873 5874/5874/5874
o Mane2_0
usemtl PaintedTeaFantasy
v 0.812617 11.531857 -2.954150
v 1.678744 11.115791 -3.345249
v 2.128835 12.286295 -2.735983
v 0.812617 11.531857 -2.954150
v 2.128835 12.286295 -2.735983
v 1.022744 12.994085 -2.784679
v 1.678744 11.115791 -3.345249
v 1.960827 11.274714 -4.502940
v 3.260338 12.556647 -3.718406
v 1.678744 11.115791 -3.345249
v 3.260338 12.556647 -3.718406
v 2.128835 12.286295 -2.735983
v 1.960827 11.274714 -4.502940
v 1.269036 11.788999 -4.827334
v 2.853554 13.431523 -4.374272
v 1.960827 11.274714 -4.502940
v 2.853554 13.431523 -4.374272
v 3.260338 12.556647 -3.718406
v 1.269036 11.788999 -4.827334
v 0.559403 11.947922 -3.870129
v 1.470645 13.701874 -3.797197
v 1.269036 11.788999 -4.827334
v 1.470645 13.701874 -3.797197
v 2.853554 13.431523 -4.374272
v 0.559403 11.947922 -3.870129
v 0.812617 11.531857 -2.954150
v 1.022744 12.994085 -2.784679
v 0.559403 11.947922 -3.870129
v 1.022744 12.994085 -2.784679
v 1.470645 13.701874 -3.797197
v 1.022744 12.994085 -2.784679
v 2.128835 12.286295 -2.735983
v 2.761610 14.042123 -1.450001
v 1.022744 12.994085 -2.784679
v 2.761610 14.042123 -1.450001
v 2.737949 14.062073 -1.453279
v 2.128835 12.286295 -2.735983
v 3.260338 12.556647 -3.718406
v 2.793971 14.049743 -1.463976
v 2.128835 12.286295 -2.735983
v 2.793971 14.049743 -1.463976
v 2.761610 14.042123 -1.450001
v 3.260338 12.556647 -3.718406
v 2.853554 13.431523 -4.374272
v 2.790309 14.074402 -1.475891
v 3.260338 12.556647 -3.718406
v 2.790309 14.074402 -1.475891
v 2.793971 14.049743 -1.463976
v 2.853554 13.431523 -4.374272
v 1.470645 13.701874 -3.797197
v 2.755685 14.082023 -1.469279
v 2.853554 13.431523 -4.374272
v 2.755685 14.082023 -1.469279
v 2.790309 14.074402 -1.475891
v 1.470645 13.701874 -3.797197
v 1.022744 12.994085 -2.784679
v 2.737949 14.062073 -1.453279
v 1.470645 13.701874 -3.797197
v 2.737949 14.062073 -1.453279
v 2.755685 14.082023 -1.469279
v 1.256126 11.531857 -3.899960
v 0.812617 11.531857 -2.954150
v 1.678744 11.115791 -3.345249
v 1.256126 11.531857 -3.899960
v 1.678744 11.115791 -3.345249
v 1.960827 11.274714 -4.502940
v 1.256126 11.531857 -3.899960
v 1.960827 11.274714 -4.502940
v 1.269036 11.788999 -4.827334
v 1.256126 11.531857 -3.899960
v 1.269036 11.788999 -4.827334
v 0.559403 11.947922 -3.870129
v 1.256126 11.531857 -3.899960
v 0.559403 11.947922 -3.870129
v 0.812617 11.531857 -2.954150
v 2.767905 14.062073 -1.462485
v 2.737949 14.062073 -1.453279
v 2.761610 14.042123 -1.450001
v 2.767905 14.062073 -1.462485
v 2.761610 14.042123 -1.450001
v 2.793971 14.049743 -1.463976
v 2.767905 14.062073 -1.462485
v 2.793971 14.049743 -1.463976
v 2.790309 14.074402 -1.475891
v 2.767905 14.062073 -1.462485
v 2.790309 14.074402 -1.475891
v 2.755685 14.082023 -1.469279
v 2.767905 14.062073 -1.462485
v 2.755685 14.082023 -1.469279
v 2.737949 14.062073 -1.453279
vt 0.003906 0.996094
vt 0.052344 0.996094
vt 0.052344 0.875000
vt 0.003906 0.996094
vt 0.052344 0.875000
vt 0.003906 0.875000
vt 0.052344 0.996094
vt 0.100781 0.996094
vt 0.100781 0.875000
vt 0.052344 0.996094
vt 0.100781 0.875000
vt 0.052344 0.875000
vt 0.100781 0.996094
vt 0.149219 0.996094
vt 0.149219 0.875000
vt 0.100781 0.996094
vt 0.149219 0.875000
vt 0.100781 0.875000
vt 0.149219 0.996094
vt 0.197656 0.996094
vt 0.197656 0.875000
vt 0.149219 0.996094
vt 0.197656 0.875000
vt 0.149219 0.875000
vt 0.197656 0.996094
vt 0.246094 0.996094
vt 0.246094 0.875000
vt 0.197656 0.996094
vt 0.246094 0.875000
vt 0.197656 0.875000
vt 0.003906 0.875000
vt 0.052344 0.875000
vt 0.052344 0.753906
vt 0.003906 0.875000
vt 0.052344 0.753906
vt 0.003906 0.753906
vt 0.052344 0.875000
vt 0.100781 0.875000
vt 0.100781 0.753906
vt 0.052344 0.875000
vt 0.100781 0.753906
vt 0.052344 0.753906
vt 0.100781 0.875000
vt 0.149219 0.875000
vt 0.149219 0.753906
vt 0.100781 0.875000
vt 0.149219 0.753906
vt 0.100781 0.753906
vt 0.149219 0.875000
vt 0.197656 0.875000
vt 0.197656 0.753906
vt 0.149219 0.875000
vt 0.197656 0.753906
vt 0.149219 0.753906
vt 0.197656 0.875000
vt 0.246094 0.875000
vt 0.246094 0.753906
vt 0.197656 0.875000
vt 0.246094 0.753906
vt 0.197656 0.753906
vt 0.125000 0.875000
vt 0.003906 0.996094
vt 0.246094 0.753906
vt 0.125000 0.875000
vt 0.003906 0.996094
vt 0.246094 0.753906
vt 0.125000 0.875000
vt 0.003906 0.996094
vt 0.246094 0.753906
vt 0.125000 0.875000
vt 0.003906 0.996094
vt 0.246094 0.753906
vt 0.125000 0.875000
vt 0.003906 0.996094
vt 0.246094 0.753906
vt 0.125000 0.875000
vt 0.003906 0.996094
vt 0.246094 0.753906
vt 0.125000 0.875000
vt 0.003906 0.996094
vt 0.246094 0.753906
vt 0.125000 0.875000
vt 0.003906 0.996094
vt 0.246094 0.753906
vt 0.125000 0.875000
vt 0.003906 0.996094
vt 0.246094 0.753906
vt 0.125000 0.875000
vt 0.003906 0.996094
vt 0.246094 0.753906
vn 0.145198 -0.500177 0.853663
vn 0.145198 -0.500177 0.853663
vn 0.145198 -0.500177 0.853663
vn -0.107076 -0.099270 0.989283
vn -0.107076 -0.099270 0.989283
vn -0.107076 -0.099270 0.989283
vn 0.680414 -0.729887 0.065594
vn 0.680414 -0.729887 0.065594
vn 0.680414 -0.729887 0.065594
vn 0.622829 -0.536092 0.569815
vn 0.622829 -0.536092 0.569815
vn 0.622829 -0.536092 0.569815
vn 0.363699 -0.095260 -0.926633
vn 0.363699 -0.095260 -0.926633
vn 0.363699 -0.095260 -0.926633
vn 0.659217 -0.230151 -0.715866
vn 0.659217 -0.230151 -0.715866
vn 0.659217 -0.230151 -0.715866
vn -0.706819 0.391711 -0.589042
vn -0.706819 0.391711 -0.589042
vn -0.706819 0.391711 -0.589042
vn -0.256619 0.479094 -0.839414
vn -0.256619 0.479094 -0.839414
vn -0.256619 0.479094 -0.839414
vn -0.946334 0.100387 0.307203
vn -0.946334 0.100387 0.307203
vn -0.946334 0.100387 0.307203
vn -0.884169 0.462187 -0.068038
vn -0.884169 0.462187 -0.068038
vn -0.884169 0.462187 -0.068038
vn -0.338747 -0.473433 0.813088
vn -0.338747 -0.473433 0.813088
vn -0.338747 -0.473433 0.813088
vn -0.420441 -0.361963 0.831993
vn -0.420441 -0.361963 0.831993
vn -0.420441 -0.361963 0.831993
vn 0.599717 -0.604450 0.524385
vn 0.599717 -0.604450 0.524385
vn 0.599717 -0.604450 0.524385
vn 0.428249 -0.629311 0.648513
vn 0.428249 -0.629311 0.648513
vn 0.428249 -0.629311 0.648513
vn 0.922461 0.380696 -0.064312
vn 0.922461 0.380696 -0.064312
vn 0.922461 0.380696 -0.064312
vn 0.979553 0.184366 0.080533
vn 0.979553 0.184366 0.080533
vn 0.979553 0.184366 0.080533
vn 0.100569 0.971604 -0.214178
vn 0.100569 0.971604 -0.214178
vn 0.100569 0.971604 -0.214178
vn 0.171794 0.962544 -0.209750
vn 0.171794 0.962544 -0.209750
vn 0.171794 0.962544 -0.209750
vn -0.637423 0.734847 0.231714
vn -0.637423 0.734847 0.231714
vn -0.637423 0.734847 0.231714
vn -0.630433 0.742379 0.226777
vn -0.630433 0.742379 0.226777
vn -0.630433 0.742379 0.226777
vn 0.505558 0.829585 0.237066
vn 0.505558 0.829585 0.237066
vn 0.505558 0.829585 0.237066
vn 0.505558 0.829585 0.237066
vn 0.505558 0.829585 0.237066
vn 0.505558 0.829585 0.237066
vn 0.505558 0.829585 0.237066
vn 0.505558 0.829585 0.237066
vn 0.505558 0.829585 0.237066
vn 0.505558 0.829585 0.237066
vn 0.505558 0.829585 0.237066
vn 0.505558 0.829585 0.237066
vn 0.505558 0.829585 0.237066
vn 0.505558 0.829585 0.237066
vn 0.505558 0.829585 0.237066
vn 0.262175 0.451117 0.853087
vn 0.262175 0.451117 0.853087
vn 0.262175 0.451117 0.853087
vn 0.262175 0.451117 0.853087
vn 0.262175 0.451117 0.853087
vn 0.262175 0.451117 0.853087
vn 0.262175 0.451117 0.853087
vn 0.262175 0.451117 0.853087
vn 0.262175 0.451117 0.853087
vn 0.262175 0.451117 0.853087
vn 0.262175 0.451117 0.853087
vn 0.262175 0.451117 0.853087
vn 0.262175 0.451117 0.853087
vn 0.262175 0.451117 0.853087
vn 0.262175 0.451117 0.853087
f 5875/5875/5875 5876/5876/5876 5877/5877/5877
f 5878/5878/5878 5879/5879/5879 5880/5880/5880
f 5881/5881/5881 5882/5882/5882 5883/5883/5883
f 5884/5884/5884 5885/5885/5885 5886/5886/5886
f 5887/5887/5887 5888/5888/5888 5889/5889/5889
f 5890/5890/5890 5891/5891/5891 5892/5892/5892
f 5893/5893/5893 5894/5894/5894 5895/5895/5895
f 5896/5896/5896 5897/5897/5897 5898/5898/5898
f 5899/5899/5899 5900/5900/5900 5901/5901/5901
f 5902/5902/5902 5903/5903/5903 5904/5904/5904
f 5905/5905/5905 5906/5906/5906 5907/5907/5907
f 5908/5908/5908 5909/5909/5909 5910/5910/5910
f 5911/5911/5911 5912/5912/5912 5913/5913/5913
f 5914/5914/5914 5915/5915/5915 5916/5916/5916
f 5917/5917/5917 5918/5918/5918 5919/5919/5919
f 5920/5920/5920 5921/5921/5921 5922/5922/5922
f 5923/5923/5923 5924/5924/5924 5925/5925/5925
f 5926/5926/5926 5927/5927/5927 5928/5928/5928
f 5929/5929/5929 5930/5930/5930 5931/5931/5931
f 5932/5932/5932 5933/5933/5933 5934/5934/5934
f 5935/5935/5935 5936/5936/5936 5937/5937/5937
f 5938/5938/5938 5939/5939/5939 5940/5940/5940
f 5941/5941/5941 5942/5942/5942 5943/5943/5943
f 5944/5944/5944 5945/5945/5945 5946/5946/5946
f 5947/5947/5947 5948/5948/5948 5949/5949/5949
f 5950/5950/5950 5951/5951/5951 5952/5952/5952
f 5953/5953/5953 5954/5954/5954 5955/5955/5955
f 5956/5956/5956 5957/5957/5957 5958/5958/5958
f 5959/5959/5959 5960/5960/5960 5961/5961/5961
f 5962/5962/5962 5963/5963/5963 5964/5964/5964
o Mane2_1
usemtl PaintedTeaFantasy
v 2.106207 10.275574 -2.886438
v 2.556366 9.586593 -3.518029
v 3.990086 10.089360 -2.979975
v 2.106207 10.275574 -2.886438
v 3.990086 10.089360 -2.979975
v 3.171023 10.986040 -2.478104
v 2.556366 9.586593 -3.518029
v 2.734114 9.849760 -4.677436
v 4.868320 10.431861 -4.175776
v 2.556366 9.586593 -3.518029
v 4.868320 10.431861 -4.175776
v 3.990086 10.089360 -2.979975
v 2.734114 9.849760 -4.677436
v 2.393810 10.701388 -4.762398
v 4.592036 11.540219 -4.412951
v 2.734114 9.849760 -4.677436
v 4.592036 11.540219 -4.412951
v 4.868320 10.431861 -4.175776
v 2.393810 10.701388 -4.762398
v 2.005742 10.964555 -3.655500
v 3.543048 11.882720 -3.363731
v 2.393810 10.701388 -4.762398
v 3.543048 11.882720 -3.363731
v 4.592036 11.540219 -4.412951
v 2.005742 10.964555 -3.655500
v 2.106207 10.275574 -2.886438
v 3.171023 10.986040 -2.478104
v 2.005742 10.964555 -3.655500
v 3.171023 10.986040 -2.478104
v 3.543048 11.882720 -3.363731
v 3.171023 10.986040 -2.478104
v 3.990086 10.089360 -2.979975
v 5.192703 11.483133 -1.453439
v 3.171023 10.986040 -2.478104
v 5.192703 11.483133 -1.453439
v 5.171521 11.504953 -1.446818
v 3.990086 10.089360 -2.979975
v 4.868320 10.431861 -4.175776
v 5.222122 11.491468 -1.472561
v 3.990086 10.089360 -2.979975
v 5.222122 11.491468 -1.472561
v 5.192703 11.483133 -1.453439
v 4.868320 10.431861 -4.175776
v 4.592036 11.540219 -4.412951
v 5.219121 11.518439 -1.477759
v 4.868320 10.431861 -4.175776
v 5.219121 11.518439 -1.477759
v 5.222122 11.491468 -1.472561
v 4.592036 11.540219 -4.412951
v 3.543048 11.882720 -3.363731
v 5.187849 11.526774 -1.461849
v 4.592036 11.540219 -4.412951
v 5.187849 11.526774 -1.461849
v 5.219121 11.518439 -1.477759
v 3.543048 11.882720 -3.363731
v 3.171023 10.986040 -2.478104
v 5.171521 11.504953 -1.446818
v 3.543048 11.882720 -3.363731
v 5.171521 11.504953 -1.446818
v 5.187849 11.526774 -1.461849
v 2.359248 10.275574 -3.899960
v 2.106207 10.275574 -2.886438
v 2.556366 9.586593 -3.518029
v 2.359248 10.275574 -3.899960
v 2.556366 9.586593 -3.518029
v 2.734114 9.849760 -4.677436
v 2.359248 10.275574 -3.899960
v 2.734114 9.849760 -4.677436
v 2.393810 10.701388 -4.762398
v 2.359248 10.275574 -3.899960
v 2.393810 10.701388 -4.762398
v 2.005742 10.964555 -3.655500
v 2.359248 10.275574 -3.899960
v 2.005742 10.964555 -3.655500
v 2.106207 10.275574 -2.886438
v 5.198663 11.504953 -1.462485
v 5.171521 11.504953 -1.446818
v 5.192703 11.483133 -1.453439
v 5.198663 11.504953 -1.462485
v 5.192703 11.483133 -1.453439
v 5.222122 11.491468 -1.472561
v 5.198663 11.504953 -1.462485
v 5.222122 11.491468 -1.472561
v 5.219121 11.518439 -1.477759
v 5.198663 11.504953 -1.462485
v 5.219121 11.518439 -1.477759
v 5.187849 11.526774 -1.461849
v 5.198663 11.504953 -1.462485
v 5.187849 11.526774 -1.461849
v 5.171521 11.504953 -1.446818
vt 0.003906 0.996094
vt 0.052344 0.996094
vt 0.052344 0.875000
vt 0.003906 0.996094
vt 0.052344 0.875000
vt 0.003906 0.875000
vt 0.052344 0.996094
vt 0.100781 0.996094
vt 0.100781 0.875000
vt 0.052344 0.996094
vt 0.100781 0.875000
vt 0.052344 0.875000
vt 0.100781 0.996094
vt 0.149219 0.996094
vt 0.149219 0.875000
vt 0.100781 0.996094
vt 0.149219 0.875000
vt 0.100781 0.875000
vt 0.149219 0.996094
vt 0.197656 0.996094
vt 0.197656 0.875000
vt 0.149219 0.996094
vt 0.197656 0.875000
vt 0.149219 0.875000
vt 0.197656 0.996094
vt 0.246094 0.996094
vt 0.246094 0.875000
vt 0.197656 0.996094
vt 0.246094 0.875000
vt 0.197656 0.875000
vt 0.003906 0.875000
vt 0.052344 0.875000
vt 0.052344 0.753906
vt 0.003906 0.875000
vt 0.052344 0.753906
vt 0.003906 0.753906
vt 0.052344 0.875000
vt 0.100781 0.875000
vt 0.100781 0.753906
vt 0.052344 0.875000
vt 0.100781 0.753906
vt 0.052344 0.753906
vt 0.100781 0.875000
vt 0.149219 0.875000
vt 0.149219 0.753906
vt 0.100781 0.875000
vt 0.149219 0.753906
vt 0.100781 0.753906
vt 0.149219 0.875000
vt 0.197656 0.875000
vt 0.197656 0.753906
vt 0.149219 0.875000
vt 0.197656 0.753906
vt 0.149219 0.753906
vt 0.197656 0.875000
vt 0.246094 0.875000
vt 0.246094 0.753906
vt 0.197656 0.875000
vt 0.246094 0.753906
vt 0.197656 0.753906
vt 0.125000 0.875000
vt 0.003906 0.996094
vt 0.246094 0.753906
vt 0.125000 0.875000
vt 0.003906 0.996094
vt 0.246094 0.753906
vt 0.125000 0.875000
vt 0.003906 0.996094
vt 0.246094 0.753906
vt 0.125000 0.875000
vt 0.003906 0.996094
vt 0.246094 0.753906
vt 0.125000 0.875000
vt 0.003906 0.996094
vt 0.246094 0.753906
vt 0.125000 0.875000
vt 0.003906 0.996094
vt 0.246094 0.753906
vt 0.125000 0.875000
vt 0.003906 0.996094
vt 0.246094 0.753906
vt 0.125000 0.875000
vt 0.003906 0.996094
vt 0.246094 0.753906
vt 0.125000 0.875000
vt 0.003906 0.996094
vt 0.246094 0.753906
vt 0.125000 0.875000
vt 0.003906 0.996094
vt 0.246094 0.753906
vn -0.031805 -0.686610 0.726330
vn -0.031805 -0.686610 0.726330
vn -0.031805 -0.686610 0.726330
vn -0.005428 -0.492168 0.870483
vn -0.005428 -0.492168 0.870483
vn -0.005428 -0.492168 0.870483
vn 0.295968 -0.940298 -0.168058
vn 0.295968 -0.940298 -0.168058
vn 0.295968 -0.940298 -0.168058
vn 0.337950 -0.940923 -0.021298
vn 0.337950 -0.940923 -0.021298
vn 0.337950 -0.940923 -0.021298
vn 0.168442 -0.030982 -0.985225
vn 0.168442 -0.030982 -0.985225
vn 0.168442 -0.030982 -0.985225
vn 0.262356 -0.138941 -0.954916
vn 0.262356 -0.138941 -0.954916
vn 0.262356 -0.138941 -0.954916
vn -0.430842 0.832245 -0.348917
vn -0.430842 0.832245 -0.348917
vn -0.430842 0.832245 -0.348917
vn -0.235922 0.829288 -0.506578
vn -0.235922 0.829288 -0.506578
vn -0.235922 0.829288 -0.506578
vn -0.594536 0.558736 0.578222
vn -0.594536 0.558736 0.578222
vn -0.594536 0.558736 0.578222
vn -0.512889 0.701504 0.494810
vn -0.512889 0.701504 0.494810
vn -0.512889 0.701504 0.494810
vn -0.225460 -0.624482 0.747790
vn -0.225460 -0.624482 0.747790
vn -0.225460 -0.624482 0.747790
vn -0.281729 -0.518445 0.807368
vn -0.281729 -0.518445 0.807368
vn -0.281729 -0.518445 0.807368
vn 0.601582 -0.767331 0.222042
vn 0.601582 -0.767331 0.222042
vn 0.601582 -0.767331 0.222042
vn 0.466600 -0.804684 0.367109
vn 0.466600 -0.804684 0.367109
vn 0.466600 -0.804684 0.367109
vn 0.959338 0.195590 -0.203505
vn 0.959338 0.195590 -0.203505
vn 0.959338 0.195590 -0.203505
vn 0.984033 0.078701 -0.159641
vn 0.984033 0.078701 -0.159641
vn 0.984033 0.078701 -0.159641
vn 0.265231 0.962931 -0.049162
vn 0.265231 0.962931 -0.049162
vn 0.265231 0.962931 -0.049162
vn 0.236630 0.970632 -0.043352
vn 0.236630 0.970632 -0.043352
vn 0.236630 0.970632 -0.043352
vn -0.458279 0.713544 0.529940
vn -0.458279 0.713544 0.529940
vn -0.458279 0.713544 0.529940
vn -0.460709 0.710835 0.531471
vn -0.460709 0.710835 0.531471
vn -0.460709 0.710835 0.531471
vn 0.897111 0.380824 0.223977
vn 0.897111 0.380824 0.223977
vn 0.897111 0.380824 0.223977
vn 0.897111 0.380824 0.223977
vn 0.897111 0.380824 0.223977
vn 0.897111 0.380824 0.223977
vn 0.897111 0.380824 0.223977
vn 0.897111 0.380824 0.223977
vn 0.897111 0.380824 0.223977
vn 0.897111 0.380824 0.223977
vn 0.897111 0.380824 0.223977
vn 0.897111 0.380824 0.223977
vn 0.897111 0.380824 0.223977
vn 0.897111 0.380824 0.223977
vn 0.897111 0.380824 0.223977
vn 0.487978 0.217213 0.845397
vn 0.487978 0.217213 0.845397
vn 0.487978 0.217213 0.845397
vn 0.487978 0.217213 0.845397
vn 0.487978 0.217213 0.845397
vn 0.487978 0.217213 0.845397
vn 0.487978 0.217213 0.845397
vn 0.487978 0.217213 0.845397
vn 0.487978 0.217213 0.845397
vn 0.487978 0.217213 0.845397
vn 0.487978 0.217213 0.845397
vn 0.487978 0.217213 0.845397
vn 0.487978 0.217213 0.845397
vn 0.487978 0.217213 0.845397
vn 0.487978 0.217213 0.845397
f 5965/5965/5965 5966/5966/5966 5967/5967/5967
f 5968/5968/5968 5969/5969/5969 5970/5970/5970
f 5971/5971/5971 5972/5972/5972 5973/5973/5973
f 5974/5974/5974 5975/5975/5975 5976/5976/5976
f 5977/5977/5977 5978/5978/5978 5979/5979/5979
f 5980/5980/5980 5981/5981/5981 5982/5982/5982
f 5983/5983/5983 5984/5984/5984 5985/5985/5985
f 5986/5986/5986 5987/5987/5987 5988/5988/5988
f 5989/5989/5989 5990/5990/5990 5991/5991/5991
f 5992/5992/5992 5993/5993/5993 5994/5994/5994
f 5995/5995/5995 5996/5996/5996 5997/5997/5997
f 5998/5998/5998 5999/5999/5999 6000/6000/6000
f 6001/6001/6001 6002/6002/6002 6003/6003/6003
f 6004/6004/6004 6005/6005/6005 6006/6006/6006
f 6007/6007/6007 6008/6008/6008 6009/6009/6009
f 6010/6010/6010 6011/6011/6011 6012/6012/6012
f 6013/6013/6013 6014/6014/6014 6015/6015/6015
f 6016/6016/6016 6017/6017/6017 6018/6018/6018
f 6019/6019/6019 6020/6020/6020 6021/6021/6021
f 6022/6022/6022 6023/6023/6023 6024/6024/6024
f 6025/6025/6025 6026/6026/6026 6027/6027/6027
f 6028/6028/6028 6029/6029/6029 6030/6030/6030
f 6031/6031/6031 6032/6032/6032 6033/6033/6033
f 6034/6034/6034 6035/6035/6035 6036/6036/6036
f 6037/6037/6037 6038/6038/6038 6039/6039/6039
f 6040/6040/6040 6041/6041/6041 6042/6042/6042
f 6043/6043/6043 6044/6044/6044 6045/6045/6045
f 6046/6046/6046 6047/6047/6047 6048/6048/6048
f 6049/6049/6049 6050/6050/6050 6051/6051/6051
f 6052/6052/6052 6053/6053/6053 6054/6054/6054
o Mane2_2
usemtl PaintedTeaFantasy
v 2.327088 8.565793 -2.881903
v 2.368760 7.830927 -3.612986
v 4.023556 7.318114 -3.241220
v 2.327088 8.565793 -2.881903
v 4.023556 7.318114 -3.241220
v 3.557421 8.253124 -2.444194
v 2.368760 7.830927 -3.612986
v 2.676402 8.111621 -4.740657
v 4.979728 7.675256 -4.371145
v 2.368760 7.830927 -3.612986
v 4.979728 7.675256 -4.371145
v 4.023556 7.318114 -3.241220
v 2.676402 8.111621 -4.740657
v 2.824864 9.019965 -4.706514
v 5.104539 8.830991 -4.272450
v 2.676402 8.111621 -4.740657
v 5.104539 8.830991 -4.272450
v 4.979728 7.675256 -4.371145
v 2.824864 9.019965 -4.706514
v 2.608976 9.300658 -3.557741
v 4.225506 9.188133 -3.081529
v 2.824864 9.019965 -4.706514
v 4.225506 9.188133 -3.081529
v 5.104539 8.830991 -4.272450
v 2.608976 9.300658 -3.557741
v 2.327088 8.565793 -2.881903
v 3.557421 8.253124 -2.444194
v 2.608976 9.300658 -3.557741
v 3.557421 8.253124 -2.444194
v 4.225506 9.188133 -3.081529
v 3.557421 8.253124 -2.444194
v 4.023556 7.318114 -3.241220
v 5.634371 8.002503 -1.459150
v 3.557421 8.253124 -2.444194
v 5.634371 8.002503 -1.459150
v 5.617153 8.024755 -1.445844
v 4.023556 7.318114 -3.241220
v 4.979728 7.675256 -4.371145
v 5.664494 8.011002 -1.477064
v 4.023556 7.318114 -3.241220
v 5.664494 8.011002 -1.477064
v 5.634371 8.002503 -1.459150
v 4.979728 7.675256 -4.371145
v 5.104539 8.830991 -4.272450
v 5.665893 8.038507 -1.474831
v 4.979728 7.675256 -4.371145
v 5.665893 8.038507 -1.474831
v 5.664494 8.011002 -1.477064
v 5.104539 8.830991 -4.272450
v 4.225506 9.188133 -3.081529
v 5.636635 8.047007 -1.455536
v 5.104539 8.830991 -4.272450
v 5.636635 8.047007 -1.455536
v 5.665893 8.038507 -1.474831
v 4.225506 9.188133 -3.081529
v 3.557421 8.253124 -2.444194
v 5.617153 8.024755 -1.445844
v 4.225506 9.188133 -3.081529
v 5.617153 8.024755 -1.445844
v 5.636635 8.047007 -1.455536
v 2.561218 8.565793 -3.899960
v 2.327088 8.565793 -2.881903
v 2.368760 7.830927 -3.612986
v 2.561218 8.565793 -3.899960
v 2.368760 7.830927 -3.612986
v 2.676402 8.111621 -4.740657
v 2.561218 8.565793 -3.899960
v 2.676402 8.111621 -4.740657
v 2.824864 9.019965 -4.706514
v 2.561218 8.565793 -3.899960
v 2.824864 9.019965 -4.706514
v 2.608976 9.300658 -3.557741
v 2.561218 8.565793 -3.899960
v 2.608976 9.300658 -3.557741
v 2.327088 8.565793 -2.881903
v 5.643709 8.024755 -1.462485
v 5.617153 8.024755 -1.445844
v 5.634371 8.002503 -1.459150
v 5.643709 8.024755 -1.462485
v 5.634371 8.002503 -1.459150
v 5.664494 8.011002 -1.477064
v 5.643709 8.024755 -1.462485
v 5.664494 8.011002 -1.477064
v 5.665893 8.038507 -1.474831
v 5.643709 8.024755 -1.462485
v 5.665893 8.038507 -1.474831
v 5.636635 8.047007 -1.455536
v 5.643709 8.024755 -1.462485
v 5.636635 8.047007 -1.455536
v 5.617153 8.024755 -1.445844
vt 0.003906 0.996094
vt 0.052344 0.996094
vt 0.052344 0.875000
vt 0.003906 0.996094
vt 0.052344 0.875000
vt 0.003906 0.875000
vt 0.052344 0.996094
vt 0.100781 0.996094
vt 0.100781 0.875000
vt 0.052344 0.996094
vt 0.100781 0.875000
vt 0.052344 0.875000
vt 0.100781 0.996094
vt 0.149219 0.996094
vt 0.149219 0.875000
vt 0.100781 0.996094
vt 0.149219 0.875000
vt 0.100781 0.875000
vt 0.149219 0.996094
vt 0.197656 0.996094
vt 0.197656 0.875000
vt 0.149219 0.996094
vt 0.197656 0.875000
vt 0.149219 0.875000
vt 0.197656 0.996094
vt 0.246094 0.996094
vt 0.246094 0.875000
vt 0.197656 0.996094
vt 0.246094 0.875000
vt 0.197656 0.875000
vt 0.003906 0.875000
vt 0.052344 0.875000
vt 0.052344 0.753906
vt 0.003906 0.875000
vt 0.052344 0.753906
vt 0.003906 0.753906
vt 0.052344 0.875000
vt 0.100781 0.875000
vt 0.100781 0.753906
vt 0.052344 0.875000
vt 0.100781 0.753906
vt 0.052344 0.753906
vt 0.100781 0.875000
vt 0.149219 0.875000
vt 0.149219 0.753906
vt 0.100781 0.875000
vt 0.149219 0.753906
vt 0.100781 0.753906
vt 0.149219 0.875000
vt 0.197656 0.875000
vt 0.197656 0.753906
vt 0.149219 0.875000
vt 0.197656 0.753906
vt 0.149219 0.753906
vt 0.197656 0.875000
vt 0.246094 0.875000
vt 0.246094 0.753906
vt 0.197656 0.875000
vt 0.246094 0.753906
vt 0.197656 0.753906
vt 0.125000 0.875000
vt 0.003906 0.996094
vt 0.246094 0.753906
vt 0.125000 0.875000
vt 0.003906 0.996094
vt 0.246094 0.753906
vt 0.125000 0.875000
vt 0.003906 0.996094
vt 0.246094 0.753906
vt 0.125000 0.875000
vt 0.003906 0.996094
vt 0.246094 0.753906
vt 0.125000 0.875000
vt 0.003906 0.996094
vt 0.246094 0.753906
vt 0.125000 0.875000
vt 0.003906 0.996094
vt 0.246094 0.753906
vt 0.125000 0.875000
vt 0.003906 0.996094
vt 0.246094 0.753906
vt 0.125000 0.875000
vt 0.003906 0.996094
vt 0.246094 0.753906
vt 0.125000 0.875000
vt 0.003906 0.996094
vt 0.246094 0.753906
vt 0.125000 0.875000
vt 0.003906 0.996094
vt 0.246094 0.753906
vn -0.354171 -0.669581 0.652859
vn -0.354171 -0.669581 0.652859
vn -0.354171 -0.669581 0.652859
vn -0.390301 -0.702185 0.595484
vn -0.390301 -0.702185 0.595484
vn -0.390301 -0.702185 0.595484
vn -0.136368 -0.951966 -0.274161
vn -0.136368 -0.951966 -0.274161
vn -0.136368 -0.951966 -0.274161
vn -0.177666 -0.885121 -0.430111
vn -0.177666 -0.885121 -0.430111
vn -0.177666 -0.885121 -0.430111
vn 0.187543 0.006268 -0.982236
vn 0.187543 0.006268 -0.982236
vn 0.187543 0.006268 -0.982236
vn 0.170161 0.065587 -0.983231
vn 0.170161 0.065587 -0.983231
vn 0.170161 0.065587 -0.983231
vn 0.129942 0.968541 -0.212235
vn 0.129942 0.968541 -0.212235
vn 0.129942 0.968541 -0.212235
vn 0.119284 0.971805 -0.203387
vn 0.119284 0.971805 -0.203387
vn 0.119284 0.971805 -0.203387
vn -0.079872 0.691191 0.718245
vn -0.079872 0.691191 0.718245
vn -0.079872 0.691191 0.718245
vn -0.176578 0.637409 0.750020
vn -0.176578 0.637409 0.750020
vn -0.176578 0.637409 0.750020
vn -0.372382 -0.702565 0.606410
vn -0.372382 -0.702565 0.606410
vn -0.372382 -0.702565 0.606410
vn -0.381491 -0.673656 0.632972
vn -0.381491 -0.673656 0.632972
vn -0.381491 -0.673656 0.632972
vn 0.370542 -0.928599 0.020055
vn 0.370542 -0.928599 0.020055
vn 0.370542 -0.928599 0.020055
vn 0.314142 -0.946052 0.079370
vn 0.314142 -0.946052 0.079370
vn 0.314142 -0.946052 0.079370
vn 0.971814 -0.086212 -0.219420
vn 0.971814 -0.086212 -0.219420
vn 0.971814 -0.086212 -0.219420
vn 0.973463 -0.031120 -0.226720
vn 0.973463 -0.031120 -0.226720
vn 0.973463 -0.031120 -0.226720
vn 0.524383 0.840723 0.134932
vn 0.524383 0.840723 0.134932
vn 0.524383 0.840723 0.134932
vn 0.382082 0.906411 0.180093
vn 0.382082 0.906411 0.180093
vn 0.382082 0.906411 0.180093
vn -0.264706 0.665100 0.698264
vn -0.264706 0.665100 0.698264
vn -0.264706 0.665100 0.698264
vn -0.336778 0.607999 0.718970
vn -0.336778 0.607999 0.718970
vn -0.336778 0.607999 0.718970
vn 0.961137 -0.165399 0.221040
vn 0.961137 -0.165399 0.221040
vn 0.961137 -0.165399 0.221040
vn 0.961137 -0.165399 0.221040
vn 0.961137 -0.165399 0.221040
vn 0.961137 -0.165399 0.221040
vn 0.961137 -0.165399 0.221040
vn 0.961137 -0.165399 0.221040
vn 0.961137 -0.165399 0.221040
vn 0.961137 -0.165399 0.221040
vn 0.961137 -0.165399 0.221040
vn 0.961137 -0.165399 0.221040
vn 0.961137 -0.165399 0.221040
vn 0.961137 -0.165399 0.221040
vn 0.961137 -0.165399 0.221040
vn 0.528572 -0.095380 0.843513
vn 0.528572 -0.095380 0.843513
vn 0.528572 -0.095380 0.843513
vn 0.528572 -0.095380 0.843513
vn 0.528572 -0.095380 0.843513
vn 0.528572 -0.095380 0.843513
vn 0.528572 -0.095380 0.843513
vn 0.528572 -0.095380 0.843513
vn 0.528572 -0.095380 0.843513
vn 0.528572 -0.095380 0.843513
vn 0.528572 -0.095380 0.843513
vn 0.528572 -0.095380 0.843513
vn 0.528572 -0.095380 0.843513
vn 0.528572 -0.095380 0.843513
vn 0.528572 -0.095380 0.843513
f 6055/6055/6055 6056/6056/6056 6057/6057/6057
f 6058/6058/6058 6059/6059/6059 6060/6060/6060
f 6061/6061/6061 6062/6062/6062 6063/6063/6063
f 6064/6064/6064 6065/6065/6065 6066/6066/6066
f 6067/6067/6067 6068/6068/6068 6069/6069/6069
f 6070/6070/6070 6071/6071/6071 6072/6072/6072
f 6073/6073/6073 6074/6074/6074 6075/6075/6075
f 6076/6076/6076 6077/6077/6077 6078/6078/6078
f 6079/6079/6079 6080/6080/6080 6081/6081/6081
f 6082/6082/6082 6083/6083/6083 6084/6084/6084
f 6085/6085/6085 6086/6086/6086 6087/6087/6087
f 6088/6088/6088 6089/6089/6089 6090/6090/6090
f 6091/6091/6091 6092/6092/6092 6093/6093/6093
f 6094/6094/6094 6095/6095/6095 6096/6096/6096
f 6097/6097/6097 6098/6098/6098 6099/6099/6099
f 6100/6100/6100 6101/6101/6101 6102/6102/6102
f 6103/6103/6103 6104/6104/6104 6105/6105/6105
f 6106/6106/6106 6107/6107/6107 6108/6108/6108
f 6109/6109/6109 6110/6110/6110 6111/6111/6111
f 6112/6112/6112 6113/6113/6113 6114/6114/6114
f 6115/6115/6115 6116/6116/6116 6117/6117/6117
f 6118/6118/6118 6119/6119/6119 6120/6120/6120
f 6121/6121/6121 6122/6122/6122 6123/6123/6123
f 6124/6124/6124 6125/6125/6125 6126/6126/6126
f 6127/6127/6127 6128/6128/6128 6129/6129/6129
f 6130/6130/6130 6131/6131/6131 6132/6132/6132
f 6133/6133/6133 6134/6134/6134 6135/6135/6135
f 6136/6136/6136 6137/6137/6137 6138/6138/6138
f 6139/6139/6139 6140/6140/6140 6141/6141/6141
f 6142/6142/6142 6143/6143/6143 6144/6144/6144
o Mane2_3
usemtl PaintedTeaFantasy
v 1.457521 7.055592 -2.907949
v 1.206842 6.505110 -3.750786
v 2.405035 5.047085 -3.596750
v 1.457521 7.055592 -2.907949
v 2.405035 5.047085 -3.596750
v 2.058391 5.839216 -2.607234
v 1.206842 6.505110 -3.750786
v 1.755005 6.715376 -4.799777
v 3.644509 5.349652 -4.427834
v 1.206842 6.505110 -3.750786
v 3.644509 5.349652 -4.427834
v 2.405035 5.047085 -3.596750
v 1.755005 6.715376 -4.799777
v 2.344467 7.395808 -4.605252
v 4.063903 6.328780 -3.951956
v 1.755005 6.715376 -4.799777
v 4.063903 6.328780 -3.951956
v 3.644509 5.349652 -4.427834
v 2.344467 7.395808 -4.605252
v 2.160612 7.606074 -3.436038
v 3.083628 6.631347 -2.826763
v 2.344467 7.395808 -4.605252
v 3.083628 6.631347 -2.826763
v 4.063903 6.328780 -3.951956
v 2.160612 7.606074 -3.436038
v 1.457521 7.055592 -2.907949
v 2.058391 5.839216 -2.607234
v 2.160612 7.606074 -3.436038
v 2.058391 5.839216 -2.607234
v 3.083628 6.631347 -2.826763
v 2.058391 5.839216 -2.607234
v 2.405035 5.047085 -3.596750
v 3.920830 4.930062 -1.466269
v 2.058391 5.839216 -2.607234
v 3.920830 4.930062 -1.466269
v 3.904330 4.950795 -1.449943
v 2.405035 5.047085 -3.596750
v 3.644509 5.349652 -4.427834
v 3.954218 4.937981 -1.477365
v 2.405035 5.047085 -3.596750
v 3.954218 4.937981 -1.477365
v 3.920830 4.930062 -1.466269
v 3.644509 5.349652 -4.427834
v 4.063903 6.328780 -3.951956
v 3.958352 4.963608 -1.467898
v 3.644509 5.349652 -4.427834
v 3.958352 4.963608 -1.467898
v 3.954218 4.937981 -1.477365
v 4.063903 6.328780 -3.951956
v 3.083628 6.631347 -2.826763
v 3.927520 4.971527 -1.450950
v 4.063903 6.328780 -3.951956
v 3.927520 4.971527 -1.450950
v 3.958352 4.963608 -1.467898
v 3.083628 6.631347 -2.826763
v 2.058391 5.839216 -2.607234
v 3.904330 4.950795 -1.449943
v 3.083628 6.631347 -2.826763
v 3.904330 4.950795 -1.449943
v 3.927520 4.971527 -1.450950
v 1.784890 7.055592 -3.899960
v 1.457521 7.055592 -2.907949
v 1.206842 6.505110 -3.750786
v 1.784890 7.055592 -3.899960
v 1.206842 6.505110 -3.750786
v 1.755005 6.715376 -4.799777
v 1.784890 7.055592 -3.899960
v 1.755005 6.715376 -4.799777
v 2.344467 7.395808 -4.605252
v 1.784890 7.055592 -3.899960
v 2.344467 7.395808 -4.605252
v 2.160612 7.606074 -3.436038
v 1.784890 7.055592 -3.899960
v 2.160612 7.606074 -3.436038
v 1.457521 7.055592 -2.907949
v 3.933050 4.950795 -1.462485
v 3.904330 4.950795 -1.449943
v 3.920830 4.930062 -1.466269
v 3.933050 4.950795 -1.462485
v 3.920830 4.930062 -1.466269
v 3.954218 4.937981 -1.477365
v 3.933050 4.950795 -1.462485
v 3.954218 4.937981 -1.477365
v 3.958352 4.963608 -1.467898
v 3.933050 4.950795 -1.462485
v 3.958352 4.963608 -1.467898
v 3.927520 4.971527 -1.450950
v 3.933050 4.950795 -1.462485
v 3.927520 4.971527 -1.450950
v 3.904330 4.950795 -1.449943
vt 0.003906 0.996094
vt 0.052344 0.996094
vt 0.052344 0.875000
vt 0.003906 0.996094
vt 0.052344 0.875000
vt 0.003906 0.875000
vt 0.052344 0.996094
vt 0.100781 0.996094
vt 0.100781 0.875000
vt 0.052344 0.996094
vt 0.100781 0.875000
vt 0.052344 0.875000
vt 0.100781 0.996094
vt 0.149219 0.996094
vt 0.149219 0.875000
vt 0.100781 0.996094
vt 0.149219 0.875000
vt 0.100781 0.875000
vt 0.149219 0.996094
vt 0.197656 0.996094
vt 0.197656 0.875000
vt 0.149219 0.996094
vt 0.197656 0.875000
vt 0.149219 0.875000
vt 0.197656 0.996094
vt 0.246094 0.996094
vt 0.246094 0.875000
vt 0.197656 0.996094
vt 0.246094 0.875000
vt 0.197656 0.875000
vt 0.003906 0.875000
vt 0.052344 0.875000
vt 0.052344 0.753906
vt 0.003906 0.875000
vt 0.052344 0.753906
vt 0.003906 0.753906
vt 0.052344 0.875000
vt 0.100781 0.875000
vt 0.100781 0.753906
vt 0.052344 0.875000
vt 0.100781 0.753906
vt 0.052344 0.753906
vt 0.100781 0.875000
vt 0.149219 0.875000
vt 0.149219 0.753906
vt 0.100781 0.875000
vt 0.149219 0.753906
vt 0.100781 0.753906
vt 0.149219 0.875000
vt 0.197656 0.875000
vt 0.197656 0.753906
vt 0.149219 0.875000
vt 0.197656 0.753906
vt 0.149219 0.753906
vt 0.197656 0.875000
vt 0.246094 0.875000
vt 0.246094 0.753906
vt 0.197656 0.875000
vt 0.246094 0.753906
vt 0.197656 0.753906
vt 0.125000 0.875000
vt 0.003906 0.996094
vt 0.246094 0.753906
vt 0.125000 0.875000
vt 0.003906 0.996094
vt 0.246094 0.753906
vt 0.125000 0.875000
vt 0.003906 0.996094
vt 0.246094 0.753906
vt 0.125000 0.875000
vt 0.003906 0.996094
vt 0.246094 0.753906
vt 0.125000 0.875000
vt 0.003906 0.996094
vt 0.246094 0.753906
vt 0.125000 0.875000
vt 0.003906 0.996094
vt 0.246094 0.753906
vt 0.125000 0.875000
vt 0.003906 0.996094
vt 0.246094 0.753906
vt 0.125000 0.875000
vt 0.003906 0.996094
vt 0.246094 0.753906
vt 0.125000 0.875000
vt 0.003906 0.996094
vt 0.246094 0.753906
vt 0.125000 0.875000
vt 0.003906 0.996094
vt 0.246094 0.753906
vn -0.681118 -0.503587 0.531487
vn -0.681118 -0.503587 0.531487
vn -0.681118 -0.503587 0.531487
vn -0.899360 -0.435893 0.033882
vn -0.899360 -0.435893 0.033882
vn -0.899360 -0.435893 0.033882
vn -0.481090 -0.776450 -0.407035
vn -0.481090 -0.776450 -0.407035
vn -0.481090 -0.776450 -0.407035
vn -0.426200 -0.434097 -0.793671
vn -0.426200 -0.434097 -0.793671
vn -0.426200 -0.434097 -0.793671
vn 0.340668 -0.026445 -0.939812
vn 0.340668 -0.026445 -0.939812
vn 0.340668 -0.026445 -0.939812
vn 0.371515 0.272265 -0.887608
vn 0.371515 0.272265 -0.887608
vn 0.371515 0.272265 -0.887608
vn 0.728740 0.684737 -0.008548
vn 0.728740 0.684737 -0.008548
vn 0.728740 0.684737 -0.008548
vn 0.469688 0.864989 0.176597
vn 0.469688 0.864989 0.176597
vn 0.469688 0.864989 0.176597
vn 0.344697 0.382235 0.857368
vn 0.344697 0.382235 0.857368
vn 0.344697 0.382235 0.857368
vn -0.138707 0.427142 0.893482
vn -0.138707 0.427142 0.893482
vn -0.138707 0.427142 0.893482
vn -0.581784 -0.722117 0.374264
vn -0.581784 -0.722117 0.374264
vn -0.581784 -0.722117 0.374264
vn -0.576241 -0.736909 0.353429
vn -0.576241 -0.736909 0.353429
vn -0.576241 -0.736909 0.353429
vn 0.137686 -0.978893 -0.151035
vn 0.137686 -0.978893 -0.151035
vn 0.137686 -0.978893 -0.151035
vn 0.171650 -0.969423 -0.175374
vn 0.171650 -0.969423 -0.175374
vn 0.171650 -0.969423 -0.175374
vn 0.933018 -0.330605 -0.142047
vn 0.933018 -0.330605 -0.142047
vn 0.933018 -0.330605 -0.142047
vn 0.986153 -0.114932 -0.119552
vn 0.986153 -0.114932 -0.119552
vn 0.986153 -0.114932 -0.119552
vn 0.649115 0.653186 0.389870
vn 0.649115 0.653186 0.389870
vn 0.649115 0.653186 0.389870
vn 0.444610 0.776881 0.445845
vn 0.444610 0.776881 0.445845
vn 0.444610 0.776881 0.445845
vn -0.244875 0.540086 0.805198
vn -0.244875 0.540086 0.805198
vn -0.244875 0.540086 0.805198
vn -0.382507 0.466566 0.797499
vn -0.382507 0.466566 0.797499
vn -0.382507 0.466566 0.797499
vn 0.701561 -0.673953 0.231518
vn 0.701561 -0.673953 0.231518
vn 0.701561 -0.673953 0.231518
vn 0.701561 -0.673953 0.231518
vn 0.701561 -0.673953 0.231518
vn 0.701561 -0.673953 0.231518
vn 0.701561 -0.673953 0.231518
vn 0.701561 -0.673953 0.231518
vn 0.701561 -0.673953 0.231518
vn 0.701561 -0.673953 0.231518
vn 0.701561 -0.673953 0.231518
vn 0.701561 -0.673953 0.231518
vn 0.701561 -0.673953 0.231518
vn 0.701561 -0.673953 0.231518
vn 0.701561 -0.673953 0.231518
vn 0.371173 -0.373894 0.849961
vn 0.371173 -0.373894 0.849961
vn 0.371173 -0.373894 0.849961
vn 0.371173 -0.373894 0.849961
vn 0.371173 -0.373894 0.849961
vn 0.371173 -0.373894 0.849961
vn 0.371173 -0.373894 0.849961
vn 0.371173 -0.373894 0.849961
vn 0.371173 -0.373894 0.849961
vn 0.371173 -0.373894 0.849961
vn 0.371173 -0.373894 0.849961
vn 0.371173 -0.373894 0.849961
vn 0.371173 -0.373894 0.849961
vn 0.371173 -0.373894 0.849961
vn 0.371173 -0.373894 0.849961
f 6145/6145/6145 6146/6146/6146 6147/6147/6147
f 6148/6148/6148 6149/6149/6149 6150/6150/6150
f 6151/6151/6151 6152/6152/6152 6153/6153/6153
f 6154/6154/6154 6155/6155/6155 6156/6156/6156
f 6157/6157/6157 6158/6158/6158 6159/6159/6159
f 6160/6160/6160 6161/6161/6161 6162/6162/6162
f 6163/6163/6163 6164/6164/6164 6165/6165/6165
f 6166/6166/6166 6167/6167/6167 6168/6168/6168
f 6169/6169/6169 6170/6170/6170 6171/6171/6171
f 6172/6172/6172 6173/6173/6173 6174/6174/6174
f 6175/6175/6175 6176/6176/6176 6177/6177/6177
f 6178/6178/6178 6179/6179/6179 6180/6180/6180
f 6181/6181/6181 6182/6182/6182 6183/6183/6183
f 6184/6184/6184 6185/6185/6185 6186/6186/6186
f 6187/6187/6187 6188/6188/6188 6189/6189/6189
f 6190/6190/6190 6191/6191/6191 6192/6192/6192
f 6193/6193/6193 6194/6194/6194 6195/6195/6195
f 6196/6196/6196 6197/6197/6197 6198/6198/6198
f 6199/6199/6199 6200/6200/6200 6201/6201/6201
f 6202/6202/6202 6203/6203/6203 6204/6204/6204
f 6205/6205/6205 6206/6206/6206 6207/6207/6207
f 6208/6208/6208 6209/6209/6209 6210/6210/6210
f 6211/6211/6211 6212/6212/6212 6213/6213/6213
f 6214/6214/6214 6215/6215/6215 6216/6216/6216
f 6217/6217/6217 6218/6218/6218 6219/6219/6219
f 6220/6220/6220 6221/6221/6221 6222/6222/6222
f 6223/6223/6223 6224/6224/6224 6225/6225/6225
f 6226/6226/6226 6227/6227/6227 6228/6228/6228
f 6229/6229/6229 6230/6230/6230 6231/6231/6231
f 6232/6232/6232 6233/6233/6233 6234/6234/6234
o Mane2_4
usemtl PaintedTeaFantasy
v -0.586668 6.321817 -3.393164
v -0.302796 6.115170 -4.369359
v 0.041067 4.050153 -4.122767
v -0.586668 6.321817 -3.393164
v 0.041067 4.050153 -4.122767
v -0.747682 4.666348 -3.271325
v -0.302796 6.115170 -4.369359
v 0.851149 6.194102 -4.696862
v 1.545060 4.285519 -4.088839
v -0.302796 6.115170 -4.369359
v 1.545060 4.285519 -4.088839
v 0.041067 4.050153 -4.122767
v 0.851149 6.194102 -4.696862
v 1.280453 6.449531 -3.923073
v 1.685830 5.047178 -3.216428
v 0.851149 6.194102 -4.696862
v 1.685830 5.047178 -3.216428
v 1.545060 4.285519 -4.088839
v 1.280453 6.449531 -3.923073
v 0.391833 6.528463 -3.117344
v 0.268838 5.282544 -2.711177
v 1.280453 6.449531 -3.923073
v 0.268838 5.282544 -2.711177
v 1.685830 5.047178 -3.216428
v 0.391833 6.528463 -3.117344
v -0.586668 6.321817 -3.393164
v -0.747682 4.666348 -3.271325
v 0.391833 6.528463 -3.117344
v -0.747682 4.666348 -3.271325
v 0.268838 5.282544 -2.711177
v -0.747682 4.666348 -3.271325
v 0.041067 4.050153 -4.122767
v 0.709533 3.438026 -1.473132
v -0.747682 4.666348 -3.271325
v 0.709533 3.438026 -1.473132
v 0.688860 3.457221 -1.459987
v 0.041067 4.050153 -4.122767
v 1.545060 4.285519 -4.088839
v 0.744808 3.445358 -1.471563
v 0.041067 4.050153 -4.122767
v 0.744808 3.445358 -1.471563
v 0.709533 3.438026 -1.473132
v 1.545060 4.285519 -4.088839
v 1.685830 5.047178 -3.216428
v 0.745937 3.469084 -1.457448
v 1.545060 4.285519 -4.088839
v 0.745937 3.469084 -1.457448
v 0.744808 3.445358 -1.471563
v 1.685830 5.047178 -3.216428
v 0.268838 5.282544 -2.711177
v 0.711359 3.476416 -1.450294
v 1.685830 5.047178 -3.216428
v 0.711359 3.476416 -1.450294
v 0.745937 3.469084 -1.457448
v 0.268838 5.282544 -2.711177
v -0.747682 4.666348 -3.271325
v 0.688860 3.457221 -1.459987
v 0.268838 5.282544 -2.711177
v 0.688860 3.457221 -1.459987
v 0.711359 3.476416 -1.450294
v 0.326794 6.321817 -3.899960
v -0.586668 6.321817 -3.393164
v -0.302796 6.115170 -4.369359
v 0.326794 6.321817 -3.899960
v -0.302796 6.115170 -4.369359
v 0.851149 6.194102 -4.696862
v 0.326794 6.321817 -3.899960
v 0.851149 6.194102 -4.696862
v 1.280453 6.449531 -3.923073
v 0.326794 6.321817 -3.899960
v 1.280453 6.449531 -3.923073
v 0.391833 6.528463 -3.117344
v 0.326794 6.321817 -3.899960
v 0.391833 6.528463 -3.117344
v -0.586668 6.321817 -3.393164
v 0.720099 3.457221 -1.462485
v 0.688860 3.457221 -1.459987
v 0.709533 3.438026 -1.473132
v 0.720099 3.457221 -1.462485
v 0.709533 3.438026 -1.473132
v 0.744808 3.445358 -1.471563
v 0.720099 3.457221 -1.462485
v 0.744808 3.445358 -1.471563
v 0.745937 3.469084 -1.457448
v 0.720099 3.457221 -1.462485
v 0.745937 3.469084 -1.457448
v 0.711359 3.476416 -1.450294
v 0.720099 3.457221 -1.462485
v 0.711359 3.476416 -1.450294
v 0.688860 3.457221 -1.459987
vt 0.003906 0.996094
vt 0.052344 0.996094
vt 0.052344 0.875000
vt 0.003906 0.996094
vt 0.052344 0.875000
vt 0.003906 0.875000
vt 0.052344 0.996094
vt 0.100781 0.996094
vt 0.100781 0.875000
vt 0.052344 0.996094
vt 0.100781 0.875000
vt 0.052344 0.875000
vt 0.100781 0.996094
vt 0.149219 0.996094
vt 0.149219 0.875000
vt 0.100781 0.996094
vt 0.149219 0.875000
vt 0.100781 0.875000
vt 0.149219 0.996094
vt 0.197656 0.996094
vt 0.197656 0.875000
vt 0.149219 0.996094
vt 0.197656 0.875000
vt 0.149219 0.875000
vt 0.197656 0.996094
vt 0.246094 0.996094
vt 0.246094 0.875000
vt 0.197656 0.996094
vt 0.246094 0.875000
vt 0.197656 0.875000
vt 0.003906 0.875000
vt 0.052344 0.875000
vt 0.052344 0.753906
vt 0.003906 0.875000
vt 0.052344 0.753906
vt 0.003906 0.753906
vt 0.052344 0.875000
vt 0.100781 0.875000
vt 0.100781 0.753906
vt 0.052344 0.875000
vt 0.100781 0.753906
vt 0.052344 0.753906
vt 0.100781 0.875000
vt 0.149219 0.875000
vt 0.149219 0.753906
vt 0.100781 0.875000
vt 0.149219 0.753906
vt 0.100781 0.753906
vt 0.149219 0.875000
vt 0.197656 0.875000
vt 0.197656 0.753906
vt 0.149219 0.875000
vt 0.197656 0.753906
vt 0.149219 0.753906
vt 0.197656 0.875000
vt 0.246094 0.875000
vt 0.246094 0.753906
vt 0.197656 0.875000
vt 0.246094 0.753906
vt 0.197656 0.753906
vt 0.125000 0.875000
vt 0.003906 0.996094
vt 0.246094 0.753906
vt 0.125000 0.875000
vt 0.003906 0.996094
vt 0.246094 0.753906
vt 0.125000 0.875000
vt 0.003906 0.996094
vt 0.246094 0.753906
vt 0.125000 0.875000
vt 0.003906 0.996094
vt 0.246094 0.753906
vt 0.125000 0.875000
vt 0.003906 0.996094
vt 0.246094 0.753906
vt 0.125000 0.875000
vt 0.003906 0.996094
vt 0.246094 0.753906
vt 0.125000 0.875000
vt 0.003906 0.996094
vt 0.246094 0.753906
vt 0.125000 0.875000
vt 0.003906 0.996094
vt 0.246094 0.753906
vt 0.125000 0.875000
vt 0.003906 0.996094
vt 0.246094 0.753906
vt 0.125000 0.875000
vt 0.003906 0.996094
vt 0.246094 0.753906
vn -0.953181 -0.187092 -0.237575
vn -0.953181 -0.187092 -0.237575
vn -0.953181 -0.187092 -0.237575
vn -0.726175 0.020052 -0.687217
vn -0.726175 0.020052 -0.687217
vn -0.726175 0.020052 -0.687217
vn -0.230082 -0.370350 -0.899946
vn -0.230082 -0.370350 -0.899946
vn -0.230082 -0.370350 -0.899946
vn 0.039914 -0.111922 -0.992915
vn 0.039914 -0.111922 -0.992915
vn 0.039914 -0.111922 -0.992915
vn 0.873414 0.007115 -0.486926
vn 0.873414 0.007115 -0.486926
vn 0.873414 0.007115 -0.486926
vn 0.912882 0.222962 -0.341957
vn 0.912882 0.222962 -0.341957
vn 0.912882 0.222962 -0.341957
vn 0.670219 0.169394 0.722574
vn 0.670219 0.169394 0.722574
vn 0.670219 0.169394 0.722574
vn 0.363307 0.500873 0.785579
vn 0.363307 0.500873 0.785579
vn 0.363307 0.500873 0.785579
vn -0.289155 0.098206 0.952232
vn -0.289155 0.098206 0.952232
vn -0.289155 0.098206 0.952232
vn -0.593895 0.301760 0.745808
vn -0.593895 0.301760 0.745808
vn -0.593895 0.301760 0.745808
vn -0.629295 -0.776890 -0.020717
vn -0.629295 -0.776890 -0.020717
vn -0.629295 -0.776890 -0.020717
vn -0.668341 -0.743077 0.034021
vn -0.668341 -0.743077 0.034021
vn -0.668341 -0.743077 0.034021
vn 0.155043 -0.953446 -0.258656
vn 0.155043 -0.953446 -0.258656
vn 0.155043 -0.953446 -0.258656
vn 0.207448 -0.940367 -0.269583
vn 0.207448 -0.940367 -0.269583
vn 0.207448 -0.940367 -0.269583
vn 0.917669 -0.360645 0.166789
vn 0.917669 -0.360645 0.166789
vn 0.917669 -0.360645 0.166789
vn 0.954934 -0.183981 0.232919
vn 0.954934 -0.183981 0.232919
vn 0.954934 -0.183981 0.232919
vn 0.356127 0.591989 0.722996
vn 0.356127 0.591989 0.722996
vn 0.356127 0.591989 0.722996
vn 0.283306 0.633655 0.719874
vn 0.283306 0.633655 0.719874
vn 0.283306 0.633655 0.719874
vn -0.605905 0.350207 0.714307
vn -0.605905 0.350207 0.714307
vn -0.605905 0.350207 0.714307
vn -0.606264 0.349988 0.714109
vn -0.606264 0.349988 0.714109
vn -0.606264 0.349988 0.714109
vn 0.134545 -0.960775 0.242507
vn 0.134545 -0.960775 0.242507
vn 0.134545 -0.960775 0.242507
vn 0.134545 -0.960775 0.242507
vn 0.134545 -0.960775 0.242507
vn 0.134545 -0.960775 0.242507
vn 0.134545 -0.960775 0.242507
vn 0.134545 -0.960775 0.242507
vn 0.134545 -0.960775 0.242507
vn 0.134545 -0.960775 0.242507
vn 0.134545 -0.960775 0.242507
vn 0.134545 -0.960775 0.242507
vn 0.134545 -0.960775 0.242507
vn 0.134545 -0.960775 0.242507
vn 0.134545 -0.960775 0.242507
vn 0.068439 -0.512465 0.855977
vn 0.068439 -0.512465 0.855977
vn 0.068439 -0.512465 0.855977
vn 0.068439 -0.512465 0.855977
vn 0.068439 -0.512465 0.855977
vn 0.068439 -0.512465 0.855977
vn 0.068439 -0.512465 0.855977
vn 0.068439 -0.512465 0.855977
vn 0.068439 -0.512465 0.855977
vn 0.068439 -0.512465 0.855977
vn 0.068439 -0.512465 0.855977
vn 0.068439 -0.512465 0.855977
vn 0.068439 -0.512465 0.855977
vn 0.068439 -0.512465 0.855977
vn 0.068439 -0.512465 0.855977
f 6235/6235/6235 6236/6236/6236 6237/6237/6237
f 6238/6238/6238 6239/6239/6239 6240/6240/6240
f 6241/6241/6241 6242/6242/6242 6243/6243/6243
f 6244/6244/6244 6245/6245/6245 6246/6246/6246
f 6247/6247/6247 6248/6248/6248 6249/6249/6249
f 6250/6250/6250 6251/6251/6251 6252/6252/6252
f 6253/6253/6253 6254/6254/6254 6255/6255/6255
f 6256/6256/6256 6257/6257/6257 6258/6258/6258
f 6259/6259/6259 6260/6260/6260 6261/6261/6261
f 6262/6262/6262 6263/6263/6263 6264/6264/6264
f 6265/6265/6265 6266/6266/6266 6267/6267/6267
f 6268/6268/6268 6269/6269/6269 6270/6270/6270
f 6271/6271/6271 6272/6272/6272 6273/6273/6273
f 6274/6274/6274 6275/6275/6275 6276/6276/6276
f 6277/6277/6277 6278/6278/6278 6279/6279/6279
f 6280/6280/6280 6281/6281/6281 6282/6282/6282
f 6283/6283/6283 6284/6284/6284 6285/6285/6285
f 6286/6286/6286 6287/6287/6287 6288/6288/6288
f 6289/6289/6289 6290/6290/6290 6291/6291/6291
f 6292/6292/6292 6293/6293/6293 6294/6294/6294
f 6295/6295/6295 6296/6296/6296 6297/6297/6297
f 6298/6298/6298 6299/6299/6299 6300/6300/6300
f 6301/6301/6301 6302/6302/6302 6303/6303/6303
f 6304/6304/6304 6305/6305/6305 6306/6306/6306
f 6307/6307/6307 6308/6308/6308 6309/6309/6309
f 6310/6310/6310 6311/6311/6311 6312/6312/6312
f 6313/6313/6313 6314/6314/6314 6315/6315/6315
f 6316/6316/6316 6317/6317/6317 6318/6318/6318
f 6319/6319/6319 6320/6320/6320 6321/6321/6321
f 6322/6322/6322 6323/6323/6323 6324/6324/6324
o Mane2_5
usemtl PaintedTeaFantasy
v -1.699634 6.644744 -4.845770
v -0.833507 6.228679 -4.454672
v -2.165611 4.474727 -4.228232
v -1.699634 6.644744 -4.845770
v -2.165611 4.474727 -4.228232
v -3.271703 5.182516 -4.179536
v -0.833507 6.228679 -4.454672
v -0.551424 6.387602 -3.296981
v -1.034108 4.745078 -3.245809
v -0.833507 6.228679 -4.454672
v -1.034108 4.745078 -3.245809
v -2.165611 4.474727 -4.228232
v -0.551424 6.387602 -3.296981
v -1.243215 6.901887 -2.972587
v -1.440892 5.619954 -2.589943
v -0.551424 6.387602 -3.296981
v -1.440892 5.619954 -2.589943
v -1.034108 4.745078 -3.245809
v -1.243215 6.901887 -2.972587
v -1.952848 7.060809 -3.929791
v -2.823801 5.890306 -3.167018
v -1.243215 6.901887 -2.972587
v -2.823801 5.890306 -3.167018
v -1.440892 5.619954 -2.589943
v -1.952848 7.060809 -3.929791
v -1.699634 6.644744 -4.845770
v -3.271703 5.182516 -4.179536
v -1.952848 7.060809 -3.929791
v -3.271703 5.182516 -4.179536
v -2.823801 5.890306 -3.167018
v -3.271703 5.182516 -4.179536
v -2.165611 4.474727 -4.228232
v -2.774199 4.094578 -1.474969
v -3.271703 5.182516 -4.179536
v -2.774199 4.094578 -1.474969
v -2.797861 4.114528 -1.471691
v -2.165611 4.474727 -4.228232
v -1.034108 4.745078 -3.245809
v -2.741839 4.102198 -1.460994
v -2.165611 4.474727 -4.228232
v -2.741839 4.102198 -1.460994
v -2.774199 4.094578 -1.474969
v -1.034108 4.745078 -3.245809
v -1.440892 5.619954 -2.589943
v -2.745501 4.126858 -1.449080
v -1.034108 4.745078 -3.245809
v -2.745501 4.126858 -1.449080
v -2.741839 4.102198 -1.460994
v -1.440892 5.619954 -2.589943
v -2.823801 5.890306 -3.167018
v -2.780124 4.134478 -1.455691
v -1.440892 5.619954 -2.589943
v -2.780124 4.134478 -1.455691
v -2.745501 4.126858 -1.449080
v -2.823801 5.890306 -3.167018
v -3.271703 5.182516 -4.179536
v -2.797861 4.114528 -1.471691
v -2.823801 5.890306 -3.167018
v -2.797861 4.114528 -1.471691
v -2.780124 4.134478 -1.455691
v -1.256126 6.644744 -3.899960
v -1.699634 6.644744 -4.845770
v -0.833507 6.228679 -4.454672
v -1.256126 6.644744 -3.899960
v -0.833507 6.228679 -4.454672
v -0.551424 6.387602 -3.296981
v -1.256126 6.644744 -3.899960
v -0.551424 6.387602 -3.296981
v -1.243215 6.901887 -2.972587
v -1.256126 6.644744 -3.899960
v -1.243215 6.901887 -2.972587
v -1.952848 7.060809 -3.929791
v -1.256126 6.644744 -3.899960
v -1.952848 7.060809 -3.929791
v -1.699634 6.644744 -4.845770
v -2.767905 4.114528 -1.462485
v -2.797861 4.114528 -1.471691
v -2.774199 4.094578 -1.474969
v -2.767905 4.114528 -1.462485
v -2.774199 4.094578 -1.474969
v -2.741839 4.102198 -1.460994
v -2.767905 4.114528 -1.462485
v -2.741839 4.102198 -1.460994
v -2.745501 4.126858 -1.449080
v -2.767905 4.114528 -1.462485
v -2.745501 4.126858 -1.449080
v -2.780124 4.134478 -1.455691
v -2.767905 4.114528 -1.462485
v -2.780124 4.134478 -1.455691
v -2.797861 4.114528 -1.471691
vt 0.003906 0.996094
vt 0.052344 0.996094
vt 0.052344 0.875000
vt 0.003906 0.996094
vt 0.052344 0.875000
vt 0.003906 0.875000
vt 0.052344 0.996094
vt 0.100781 0.996094
vt 0.100781 0.875000
vt 0.052344 0.996094
vt 0.100781 0.875000
vt 0.052344 0.875000
vt 0.100781 0.996094
vt 0.149219 0.996094
vt 0.149219 0.875000
vt 0.100781 0.996094
vt 0.149219 0.875000
vt 0.100781 0.875000
vt 0.149219 0.996094
vt 0.197656 0.996094
vt 0.197656 0.875000
vt 0.149219 0.996094
vt 0.197656 0.875000
vt 0.149219 0.875000
vt 0.197656 0.996094
vt 0.246094 0.996094
vt 0.246094 0.875000
vt 0.197656 0.996094
vt 0.246094 0.875000
vt 0.197656 0.875000
vt 0.003906 0.875000
vt 0.052344 0.875000
vt 0.052344 0.753906
vt 0.003906 0.875000
vt 0.052344 0.753906
vt 0.003906 0.753906
vt 0.052344 0.875000
vt 0.100781 0.875000
vt 0.100781 0.753906
vt 0.052344 0.875000
vt 0.100781 0.753906
vt 0.052344 0.753906
vt 0.100781 0.875000
vt 0.149219 0.875000
vt 0.149219 0.753906
vt 0.100781 0.875000
vt 0.149219 0.753906
vt 0.100781 0.753906
vt 0.149219 0.875000
vt 0.197656 0.875000
vt 0.197656 0.753906
vt 0.149219 0.875000
vt 0.197656 0.753906
vt 0.149219 0.753906
vt 0.197656 0.875000
vt 0.246094 0.875000
vt 0.246094 0.753906
vt 0.197656 0.875000
vt 0.246094 0.753906
vt 0.197656 0.753906
vt 0.125000 0.875000
vt 0.003906 0.996094
vt 0.246094 0.753906
vt 0.125000 0.875000
vt 0.003906 0.996094
vt 0.246094 0.753906
vt 0.125000 0.875000
vt 0.003906 0.996094
vt 0.246094 0.753906
vt 0.125000 0.875000
vt 0.003906 0.996094
vt 0.246094 0.753906
vt 0.125000 0.875000
vt 0.003906 0.996094
vt 0.246094 0.753906
vt 0.125000 0.875000
vt 0.003906 0.996094
vt 0.246094 0.753906
vt 0.125000 0.875000
vt 0.003906 0.996094
vt 0.246094 0.753906
vt 0.125000 0.875000
vt 0.003906 0.996094
vt 0.246094 0.753906
vt 0.125000 0.875000
vt 0.003906 0.996094
vt 0.246094 0.753906
vt 0.125000 0.875000
vt 0.003906 0.996094
vt 0.246094 0.753906
vn 0.260420 -0.315587 -0.912461
vn 0.260420 -0.315587 -0.912461
vn 0.260420 -0.315587 -0.912461
vn -0.189726 -0.230836 -0.954316
vn -0.189726 -0.230836 -0.954316
vn -0.189726 -0.230836 -0.954316
vn 0.940267 -0.282244 -0.190360
vn 0.940267 -0.282244 -0.190360
vn 0.940267 -0.282244 -0.190360
vn 0.620412 -0.544116 -0.564824
vn 0.620412 -0.544116 -0.564824
vn 0.620412 -0.544116 -0.564824
vn 0.519134 0.169970 0.837621
vn 0.519134 0.169970 0.837621
vn 0.519134 0.169970 0.837621
vn 0.704655 -0.185740 0.684807
vn 0.704655 -0.185740 0.684807
vn 0.704655 -0.185740 0.684807
vn -0.510698 0.702764 0.495289
vn -0.510698 0.702764 0.495289
vn -0.510698 0.702764 0.495289
vn -0.312215 0.315608 0.896054
vn -0.312215 0.315608 0.896054
vn -0.312215 0.315608 0.896054
vn -0.703606 0.553322 -0.445840
vn -0.703606 0.553322 -0.445840
vn -0.703606 0.553322 -0.445840
vn -0.814894 0.577972 -0.043546
vn -0.814894 0.577972 -0.043546
vn -0.814894 0.577972 -0.043546
vn -0.531702 -0.815084 -0.230069
vn -0.531702 -0.815084 -0.230069
vn -0.531702 -0.815084 -0.230069
vn -0.648587 -0.739951 -0.178345
vn -0.648587 -0.739951 -0.178345
vn -0.648587 -0.739951 -0.178345
vn 0.287840 -0.955215 -0.068654
vn 0.287840 -0.955215 -0.068654
vn 0.287840 -0.955215 -0.068654
vn 0.259372 -0.962813 -0.075605
vn 0.259372 -0.962813 -0.075605
vn 0.259372 -0.962813 -0.075605
vn 0.740981 -0.146730 0.655300
vn 0.740981 -0.146730 0.655300
vn 0.740981 -0.146730 0.655300
vn 0.742891 -0.198570 0.639283
vn 0.742891 -0.198570 0.639283
vn 0.742891 -0.198570 0.639283
vn -0.161490 0.686749 0.708729
vn -0.161490 0.686749 0.708729
vn -0.161490 0.686749 0.708729
vn -0.015054 0.615345 0.788114
vn -0.015054 0.615345 0.788114
vn -0.015054 0.615345 0.788114
vn -0.939281 0.229678 0.254950
vn -0.939281 0.229678 0.254950
vn -0.939281 0.229678 0.254950
vn -0.818777 0.390140 0.421183
vn -0.818777 0.390140 0.421183
vn -0.818777 0.390140 0.421183
vn -0.505558 -0.829585 0.237066
vn -0.505558 -0.829585 0.237066
vn -0.505558 -0.829585 0.237066
vn -0.505558 -0.829585 0.237066
vn -0.505558 -0.829585 0.237066
vn -0.505558 -0.829585 0.237066
vn -0.505558 -0.829585 0.237066
vn -0.505558 -0.829585 0.237066
vn -0.505558 -0.829585 0.237066
vn -0.505558 -0.829585 0.237066
vn -0.505558 -0.829585 0.237066
vn -0.505558 -0.829585 0.237066
vn -0.505558 -0.829585 0.237066
vn -0.505558 -0.829585 0.237066
vn -0.505558 -0.829585 0.237066
vn -0.262175 -0.451117 0.853087
vn -0.262175 -0.451117 0.853087
vn -0.262175 -0.451117 0.853087
vn -0.262175 -0.451117 0.853087
vn -0.262175 -0.451117 0.853087
vn -0.262175 -0.451117 0.853087
vn -0.262175 -0.451117 0.853087
vn -0.262175 -0.451117 0.853087
vn -0.262175 -0.451117 0.853087
vn -0.262175 -0.451117 0.853087
vn -0.262175 -0.451117 0.853087
vn -0.262175 -0.451117 0.853087
vn -0.262175 -0.451117 0.853087
vn -0.262175 -0.451117 0.853087
vn -0.262175 -0.451117 0.853087
f 6325/6325/6325 6326/6326/6326 6327/6327/6327
f 6328/6328/6328 6329/6329/6329 6330/6330/6330
f 6331/6331/6331 6332/6332/6332 6333/6333/6333
f 6334/6334/6334 6335/6335/6335 6336/6336/6336
f 6337/6337/6337 6338/6338/6338 6339/6339/6339
f 6340/6340/6340 6341/6341/6341 6342/6342/6342
f 6343/6343/6343 6344/6344/6344 6345/6345/6345
f 6346/6346/6346 6347/6347/6347 6348/6348/6348
f 6349/6349/6349 6350/6350/6350 6351/6351/6351
f 6352/6352/6352 6353/6353/6353 6354/6354/6354
f 6355/6355/6355 6356/6356/6356 6357/6357/6357
f 6358/6358/6358 6359/6359/6359 6360/6360/6360
f 6361/6361/6361 6362/6362/6362 6363/6363/6363
f 6364/6364/6364 6365/6365/6365 6366/6366/6366
f 6367/6367/6367 6368/6368/6368 6369/6369/6369
f 6370/6370/6370 6371/6371/6371 6372/6372/6372
f 6373/6373/6373 6374/6374/6374 6375/6375/6375
f 6376/6376/6376 6377/6377/6377 6378/6378/6378
f 6379/6379/6379 6380/6380/6380 6381/6381/6381
f 6382/6382/6382 6383/6383/6383 6384/6384/6384
f 6385/6385/6385 6386/6386/6386 6387/6387/6387
f 6388/6388/6388 6389/6389/6389 6390/6390/6390
f 6391/6391/6391 6392/6392/6392 6393/6393/6393
f 6394/6394/6394 6395/6395/6395 6396/6396/6396
f 6397/6397/6397 6398/6398/6398 6399/6399/6399
f 6400/6400/6400 6401/6401/6401 6402/6402/6402
f 6403/6403/6403 6404/6404/6404 6405/6405/6405
f 6406/6406/6406 6407/6407/6407 6408/6408/6408
f 6409/6409/6409 6410/6410/6410 6411/6411/6411
f 6412/6412/6412 6413/6413/6413 6414/6414/6414
o Mane2_6
usemtl PaintedTeaFantasy
v -2.612289 7.901027 -4.913482
v -2.162130 7.212046 -4.281891
v -4.075719 6.293880 -3.984240
v -2.612289 7.901027 -4.913482
v -4.075719 6.293880 -3.984240
v -4.894782 7.190561 -4.486111
v -2.162130 7.212046 -4.281891
v -1.984382 7.475213 -3.122485
v -3.197485 6.636382 -2.788438
v -2.162130 7.212046 -4.281891
v -3.197485 6.636382 -2.788438
v -4.075719 6.293880 -3.984240
v -1.984382 7.475213 -3.122485
v -2.324685 8.326841 -3.037523
v -3.473769 7.744739 -2.551264
v -1.984382 7.475213 -3.122485
v -3.473769 7.744739 -2.551264
v -3.197485 6.636382 -2.788438
v -2.324685 8.326841 -3.037523
v -2.712753 8.590008 -4.144420
v -4.522757 8.087241 -3.600484
v -2.324685 8.326841 -3.037523
v -4.522757 8.087241 -3.600484
v -3.473769 7.744739 -2.551264
v -2.712753 8.590008 -4.144420
v -2.612289 7.901027 -4.913482
v -4.894782 7.190561 -4.486111
v -2.712753 8.590008 -4.144420
v -4.894782 7.190561 -4.486111
v -4.522757 8.087241 -3.600484
v -4.894782 7.190561 -4.486111
v -4.075719 6.293880 -3.984240
v -5.204623 6.649827 -1.471532
v -4.894782 7.190561 -4.486111
v -5.204623 6.649827 -1.471532
v -5.225805 6.671647 -1.478152
v -4.075719 6.293880 -3.984240
v -3.197485 6.636382 -2.788438
v -5.175205 6.658162 -1.452409
v -4.075719 6.293880 -3.984240
v -5.175205 6.658162 -1.452409
v -5.204623 6.649827 -1.471532
v -3.197485 6.636382 -2.788438
v -3.473769 7.744739 -2.551264
v -5.178205 6.685133 -1.447211
v -3.197485 6.636382 -2.788438
v -5.178205 6.685133 -1.447211
v -5.175205 6.658162 -1.452409
v -3.473769 7.744739 -2.551264
v -4.522757 8.087241 -3.600484
v -5.209478 6.693467 -1.463121
v -3.473769 7.744739 -2.551264
v -5.209478 6.693467 -1.463121
v -5.178205 6.685133 -1.447211
v -4.522757 8.087241 -3.600484
v -4.894782 7.190561 -4.486111
v -5.225805 6.671647 -1.478152
v -4.522757 8.087241 -3.600484
v -5.225805 6.671647 -1.478152
v -5.209478 6.693467 -1.463121
v -2.359248 7.901027 -3.899960
v -2.612289 7.901027 -4.913482
v -2.162130 7.212046 -4.281891
v -2.359248 7.901027 -3.899960
v -2.162130 7.212046 -4.281891
v -1.984382 7.475213 -3.122485
v -2.359248 7.901027 -3.899960
v -1.984382 7.475213 -3.122485
v -2.324685 8.326841 -3.037523
v -2.359248 7.901027 -3.899960
v -2.324685 8.326841 -3.037523
v -2.712753 8.590008 -4.144420
v -2.359248 7.901027 -3.899960
v -2.712753 8.590008 -4.144420
v -2.612289 7.901027 -4.913482
v -5.198663 6.671647 -1.462485
v -5.225805 6.671647 -1.478152
v -5.204623 6.649827 -1.471532
v -5.198663 6.671647 -1.462485
v -5.204623 6.649827 -1.471532
v -5.175205 6.658162 -1.452409
v -5.198663 6.671647 -1.462485
v -5.175205 6.658162 -1.452409
v -5.178205 6.685133 -1.447211
v -5.198663 6.671647 -1.462485
v -5.178205 6.685133 -1.447211
v -5.209478 6.693467 -1.463121
v -5.198663 6.671647 -1.462485
v -5.209478 6.693467 -1.463121
v -5.225805 6.671647 -1.478152
vt 0.003906 0.996094
vt 0.052344 0.996094
vt 0.052344 0.875000
vt 0.003906 0.996094
vt 0.052344 0.875000
vt 0.003906 0.875000
vt 0.052344 0.996094
vt 0.100781 0.996094
vt 0.100781 0.875000
vt 0.052344 0.996094
vt 0.100781 0.875000
vt 0.052344 0.875000
vt 0.100781 0.996094
vt 0.149219 0.996094
vt 0.149219 0.875000
vt 0.100781 0.996094
vt 0.149219 0.875000
vt 0.100781 0.875000
vt 0.149219 0.996094
vt 0.197656 0.996094
vt 0.197656 0.875000
vt 0.149219 0.996094
vt 0.197656 0.875000
vt 0.149219 0.875000
vt 0.197656 0.996094
vt 0.246094 0.996094
vt 0.246094 0.875000
vt 0.197656 0.996094
vt 0.246094 0.875000
vt 0.197656 0.875000
vt 0.003906 0.875000
vt 0.052344 0.875000
vt 0.052344 0.753906
vt 0.003906 0.875000
vt 0.052344 0.753906
vt 0.003906 0.753906
vt 0.052344 0.875000
vt 0.100781 0.875000
vt 0.100781 0.753906
vt 0.052344 0.875000
vt 0.100781 0.753906
vt 0.052344 0.753906
vt 0.100781 0.875000
vt 0.149219 0.875000
vt 0.149219 0.753906
vt 0.100781 0.875000
vt 0.149219 0.753906
vt 0.100781 0.753906
vt 0.149219 0.875000
vt 0.197656 0.875000
vt 0.197656 0.753906
vt 0.149219 0.875000
vt 0.197656 0.753906
vt 0.149219 0.753906
vt 0.197656 0.875000
vt 0.246094 0.875000
vt 0.246094 0.753906
vt 0.197656 0.875000
vt 0.246094 0.753906
vt 0.197656 0.753906
vt 0.125000 0.875000
vt 0.003906 0.996094
vt 0.246094 0.753906
vt 0.125000 0.875000
vt 0.003906 0.996094
vt 0.246094 0.753906
vt 0.125000 0.875000
vt 0.003906 0.996094
vt 0.246094 0.753906
vt 0.125000 0.875000
vt 0.003906 0.996094
vt 0.246094 0.753906
vt 0.125000 0.875000
vt 0.003906 0.996094
vt 0.246094 0.753906
vt 0.125000 0.875000
vt 0.003906 0.996094
vt 0.246094 0.753906
vt 0.125000 0.875000
vt 0.003906 0.996094
vt 0.246094 0.753906
vt 0.125000 0.875000
vt 0.003906 0.996094
vt 0.246094 0.753906
vt 0.125000 0.875000
vt 0.003906 0.996094
vt 0.246094 0.753906
vt 0.125000 0.875000
vt 0.003906 0.996094
vt 0.246094 0.753906
vn 0.168609 -0.603940 -0.778992
vn 0.168609 -0.603940 -0.778992
vn 0.168609 -0.603940 -0.778992
vn -0.008812 -0.494502 -0.869132
vn -0.008812 -0.494502 -0.869132
vn -0.008812 -0.494502 -0.869132
vn 0.583563 -0.806652 0.093631
vn 0.583563 -0.806652 0.093631
vn 0.583563 -0.806652 0.093631
vn 0.425199 -0.903518 -0.053494
vn 0.425199 -0.903518 -0.053494
vn 0.425199 -0.903518 -0.053494
vn 0.366016 0.053570 0.929065
vn 0.366016 0.053570 0.929065
vn 0.366016 0.053570 0.929065
vn 0.337343 -0.115822 0.934230
vn 0.337343 -0.115822 0.934230
vn 0.337343 -0.115822 0.934230
vn -0.175844 0.942070 0.285628
vn -0.175844 0.942070 0.285628
vn -0.175844 0.942070 0.285628
vn -0.218069 0.842276 0.492968
vn -0.218069 0.842276 0.492968
vn -0.218069 0.842276 0.492968
vn -0.333886 0.679984 -0.652795
vn -0.333886 0.679984 -0.652795
vn -0.333886 0.679984 -0.652795
vn -0.374953 0.725529 -0.577077
vn -0.374953 0.725529 -0.577077
vn -0.374953 0.725529 -0.577077
vn -0.666255 -0.719105 -0.197466
vn -0.666255 -0.719105 -0.197466
vn -0.666255 -0.719105 -0.197466
vn -0.672899 -0.713005 -0.197055
vn -0.672899 -0.713005 -0.197055
vn -0.672899 -0.713005 -0.197055
vn 0.118820 -0.974221 0.191771
vn 0.118820 -0.974221 0.191771
vn 0.118820 -0.974221 0.191771
vn 0.143404 -0.968896 0.201681
vn 0.143404 -0.968896 0.201681
vn 0.143404 -0.968896 0.201681
vn 0.559657 -0.037645 0.827869
vn 0.559657 -0.037645 0.827869
vn 0.559657 -0.037645 0.827869
vn 0.556398 -0.097144 0.825218
vn 0.556398 -0.097144 0.825218
vn 0.556398 -0.097144 0.825218
vn -0.209169 0.848500 0.486102
vn -0.209169 0.848500 0.486102
vn -0.209169 0.848500 0.486102
vn -0.098029 0.789275 0.606164
vn -0.098029 0.789275 0.606164
vn -0.098029 0.789275 0.606164
vn -0.912410 0.408176 -0.029994
vn -0.912410 0.408176 -0.029994
vn -0.912410 0.408176 -0.029994
vn -0.827364 0.553549 0.095142
vn -0.827364 0.553549 0.095142
vn -0.827364 0.553549 0.095142
vn -0.897111 -0.380824 0.223977
vn -0.897111 -0.380824 0.223977
vn -0.897111 -0.380824 0.223977
vn -0.897111 -0.380824 0.223977
vn -0.897111 -0.380824 0.223977
vn -0.897111 -0.380824 0.223977
vn -0.897111 -0.380824 0.223977
vn -0.897111 -0.380824 0.223977
vn -0.897111 -0.380824 0.223977
vn -0.897111 -0.380824 0.223977
vn -0.897111 -0.380824 0.223977
vn -0.897111 -0.380824 0.223977
vn -0.897111 -0.380824 0.223977
vn -0.897111 -0.380824 0.223977
vn -0.897111 -0.380824 0.223977
vn -0.487978 -0.217213 0.845397
vn -0.487978 -0.217213 0.845397
vn -0.487978 -0.217213 0.845397
vn -0.487978 -0.217213 0.845397
vn -0.487978 -0.217213 0.845397
vn -0.487978 -0.217213 0.845397
vn -0.487978 -0.217213 0.845397
vn -0.487978 -0.217213 0.845397
vn -0.487978 -0.217213 0.845397
vn -0.487978 -0.217213 0.845397
vn -0.487978 -0.217213 0.845397
vn -0.487978 -0.217213 0.845397
vn -0.487978 -0.217213 0.845397
vn -0.487978 -0.217213 0.845397
vn -0.487978 -0.217213 0.845397
f 6415/6415/6415 6416/6416/6416 6417/6417/6417
f 6418/6418/6418 6419/6419/6419 6420/6420/6420
f 6421/6421/6421 6422/6422/6422 6423/6423/6423
f 6424/6424/6424 6425/6425/6425 6426/6426/6426
f 6427/6427/6427 6428/6428/6428 6429/6429/6429
f 6430/6430/6430 6431/6431/6431 6432/6432/6432
f 6433/6433/6433 6434/6434/6434 6435/6435/6435
f 6436/6436/6436 6437/6437/6437 6438/6438/6438
f 6439/6439/6439 6440/6440/6440 6441/6441/6441
f 6442/6442/6442 6443/6443/6443 6444/6444/6444
f 6445/6445/6445 6446/6446/6446 6447/6447/6447
f 6448/6448/6448 6449/6449/6449 6450/6450/6450
f 6451/6451/6451 6452/6452/6452 6453/6453/6453
f 6454/6454/6454 6455/6455/6455 6456/6456/6456
f 6457/6457/6457 6458/6458/6458 6459/6459/6459
f 6460/6460/6460 6461/6461/6461 6462/6462/6462
f 6463/6463/6463 6464/6464/6464 6465/6465/6465
f 6466/6466/6466 6467/6467/6467 6468/6468/6468
f 6469/6469/6469 6470/6470/6470 6471/6471/6471
f 6472/6472/6472 6473/6473/6473 6474/6474/6474
f 6475/6475/6475 6476/6476/6476 6477/6477/6477
f 6478/6478/6478 6479/6479/6479 6480/6480/6480
f 6481/6481/6481 6482/6482/6482 6483/6483/6483
f 6484/6484/6484 6485/6485/6485 6486/6486/6486
f 6487/6487/6487 6488/6488/6488 6489/6489/6489
f 6490/6490/6490 6491/6491/6491 6492/6492/6492
f 6493/6493/6493 6494/6494/6494 6495/6495/6495
f 6496/6496/6496 6497/6497/6497 6498/6498/6498
f 6499/6499/6499 6500/6500/6500 6501/6501/6501
f 6502/6502/6502 6503/6503/6503 6504/6504/6504
o Mane2_7
usemtl PaintedTeaFantasy
v -2.795348 9.610808 -4.918017
v -2.753676 8.875942 -4.186935
v -4.732744 8.988468 -3.722995
v -2.795348 9.610808 -4.918017
v -4.732744 8.988468 -3.722995
v -5.198879 9.923477 -4.520021
v -2.753676 8.875942 -4.186935
v -2.446034 9.156636 -3.059264
v -3.776572 9.345610 -2.593070
v -2.753676 8.875942 -4.186935
v -3.776572 9.345610 -2.593070
v -4.732744 8.988468 -3.722995
v -2.446034 9.156636 -3.059264
v -2.297572 10.064980 -3.093406
v -3.651761 10.501345 -2.691765
v -2.446034 9.156636 -3.059264
v -3.651761 10.501345 -2.691765
v -3.776572 9.345610 -2.593070
v -2.297572 10.064980 -3.093406
v -2.513460 10.345673 -4.242179
v -4.530794 10.858486 -3.882686
v -2.297572 10.064980 -3.093406
v -4.530794 10.858486 -3.882686
v -3.651761 10.501345 -2.691765
v -2.513460 10.345673 -4.242179
v -2.795348 9.610808 -4.918017
v -5.198879 9.923477 -4.520021
v -2.513460 10.345673 -4.242179
v -5.198879 9.923477 -4.520021
v -4.530794 10.858486 -3.882686
v -5.198879 9.923477 -4.520021
v -4.732744 8.988468 -3.722995
v -5.653047 10.129594 -1.465821
v -5.198879 9.923477 -4.520021
v -5.653047 10.129594 -1.465821
v -5.670265 10.151846 -1.479126
v -4.732744 8.988468 -3.722995
v -3.776572 9.345610 -2.593070
v -5.622925 10.138093 -1.447906
v -4.732744 8.988468 -3.722995
v -5.622925 10.138093 -1.447906
v -5.653047 10.129594 -1.465821
v -3.776572 9.345610 -2.593070
v -3.651761 10.501345 -2.691765
v -5.621525 10.165598 -1.450139
v -3.776572 9.345610 -2.593070
v -5.621525 10.165598 -1.450139
v -5.622925 10.138093 -1.447906
v -3.651761 10.501345 -2.691765
v -4.530794 10.858486 -3.882686
v -5.650783 10.174098 -1.469434
v -3.651761 10.501345 -2.691765
v -5.650783 10.174098 -1.469434
v -5.621525 10.165598 -1.450139
v -4.530794 10.858486 -3.882686
v -5.198879 9.923477 -4.520021
v -5.670265 10.151846 -1.479126
v -4.530794 10.858486 -3.882686
v -5.670265 10.151846 -1.479126
v -5.650783 10.174098 -1.469434
v -2.561218 9.610808 -3.899960
v -2.795348 9.610808 -4.918017
v -2.753676 8.875942 -4.186935
v -2.561218 9.610808 -3.899960
v -2.753676 8.875942 -4.186935
v -2.446034 9.156636 -3.059264
v -2.561218 9.610808 -3.899960
v -2.446034 9.156636 -3.059264
v -2.297572 10.064980 -3.093406
v -2.561218 9.610808 -3.899960
v -2.297572 10.064980 -3.093406
v -2.513460 10.345673 -4.242179
v -2.561218 9.610808 -3.899960
v -2.513460 10.345673 -4.242179
v -2.795348 9.610808 -4.918017
v -5.643709 10.151846 -1.462485
v -5.670265 10.151846 -1.479126
v -5.653047 10.129594 -1.465821
v -5.643709 10.151846 -1.462485
v -5.653047 10.129594 -1.465821
v -5.622925 10.138093 -1.447906
v -5.643709 10.151846 -1.462485
v -5.622925 10.138093 -1.447906
v -5.621525 10.165598 -1.450139
v -5.643709 10.151846 -1.462485
v -5.621525 10.165598 -1.450139
v -5.650783 10.174098 -1.469434
v -5.643709 10.151846 -1.462485
v -5.650783 10.174098 -1.469434
v -5.670265 10.151846 -1.479126
vt 0.003906 0.996094
vt 0.052344 0.996094
vt 0.052344 0.875000
vt 0.003906 0.996094
vt 0.052344 0.875000
vt 0.003906 0.875000
vt 0.052344 0.996094
vt 0.100781 0.996094
vt 0.100781 0.875000
vt 0.052344 0.996094
vt 0.100781 0.875000
vt 0.052344 0.875000
vt 0.100781 0.996094
vt 0.149219 0.996094
vt 0.149219 0.875000
vt 0.100781 0.996094
vt 0.149219 0.875000
vt 0.100781 0.875000
vt 0.149219 0.996094
vt 0.197656 0.996094
vt 0.197656 0.875000
vt 0.149219 0.996094
vt 0.197656 0.875000
vt 0.149219 0.875000
vt 0.197656 0.996094
vt 0.246094 0.996094
vt 0.246094 0.875000
vt 0.197656 0.996094
vt 0.246094 0.875000
vt 0.197656 0.875000
vt 0.003906 0.875000
vt 0.052344 0.875000
vt 0.052344 0.753906
vt 0.003906 0.875000
vt 0.052344 0.753906
vt 0.003906 0.753906
vt 0.052344 0.875000
vt 0.100781 0.875000
vt 0.100781 0.753906
vt 0.052344 0.875000
vt 0.100781 0.753906
vt 0.052344 0.753906
vt 0.100781 0.875000
vt 0.149219 0.875000
vt 0.149219 0.753906
vt 0.100781 0.875000
vt 0.149219 0.753906
vt 0.100781 0.753906
vt 0.149219 0.875000
vt 0.197656 0.875000
vt 0.197656 0.753906
vt 0.149219 0.875000
vt 0.197656 0.753906
vt 0.149219 0.753906
vt 0.197656 0.875000
vt 0.246094 0.875000
vt 0.246094 0.753906
vt 0.197656 0.875000
vt 0.246094 0.753906
vt 0.197656 0.753906
vt 0.125000 0.875000
vt 0.003906 0.996094
vt 0.246094 0.753906
vt 0.125000 0.875000
vt 0.003906 0.996094
vt 0.246094 0.753906
vt 0.125000 0.875000
vt 0.003906 0.996094
vt 0.246094 0.753906
vt 0.125000 0.875000
vt 0.003906 0.996094
vt 0.246094 0.753906
vt 0.125000 0.875000
vt 0.003906 0.996094
vt 0.246094 0.753906
vt 0.125000 0.875000
vt 0.003906 0.996094
vt 0.246094 0.753906
vt 0.125000 0.875000
vt 0.003906 0.996094
vt 0.246094 0.753906
vt 0.125000 0.875000
vt 0.003906 0.996094
vt 0.246094 0.753906
vt 0.125000 0.875000
vt 0.003906 0.996094
vt 0.246094 0.753906
vt 0.125000 0.875000
vt 0.003906 0.996094
vt 0.246094 0.753906
vn -0.201060 -0.696584 -0.688728
vn -0.201060 -0.696584 -0.688728
vn -0.201060 -0.696584 -0.688728
vn -0.204651 -0.692078 -0.692203
vn -0.204651 -0.692078 -0.692203
vn -0.204651 -0.692078 -0.692203
vn -0.048334 -0.966085 0.253659
vn -0.048334 -0.966085 0.253659
vn -0.048334 -0.966085 0.253659
vn 0.013761 -0.956702 0.290745
vn 0.013761 -0.956702 0.290745
vn 0.013761 -0.956702 0.290745
vn 0.281394 -0.009924 0.959541
vn 0.281394 -0.009924 0.959541
vn 0.281394 -0.009924 0.959541
vn 0.335917 0.044068 0.940860
vn 0.335917 0.044068 0.940860
vn 0.335917 0.044068 0.940860
vn 0.272327 0.945259 0.179788
vn 0.272327 0.945259 0.179788
vn 0.272327 0.945259 0.179788
vn 0.319263 0.946441 0.048173
vn 0.319263 0.946441 0.048173
vn 0.319263 0.946441 0.048173
vn -0.031929 0.683190 -0.729542
vn -0.031929 0.683190 -0.729542
vn -0.031929 0.683190 -0.729542
vn -0.003441 0.564908 -0.825147
vn -0.003441 0.564908 -0.825147
vn -0.003441 0.564908 -0.825147
vn -0.857037 -0.506748 -0.093245
vn -0.857037 -0.506748 -0.093245
vn -0.857037 -0.506748 -0.093245
vn -0.767826 -0.636688 -0.071210
vn -0.767826 -0.636688 -0.071210
vn -0.767826 -0.636688 -0.071210
vn -0.138340 -0.904678 0.403014
vn -0.138340 -0.904678 0.403014
vn -0.138340 -0.904678 0.403014
vn -0.013324 -0.894533 0.446803
vn -0.013324 -0.894533 0.446803
vn -0.013324 -0.894533 0.446803
vn 0.531361 0.014948 0.847014
vn 0.531361 0.014948 0.847014
vn 0.531361 0.014948 0.847014
vn 0.539248 0.040860 0.841155
vn 0.539248 0.040860 0.841155
vn 0.539248 0.040860 0.841155
vn 0.013014 0.960377 0.278399
vn 0.013014 0.960377 0.278399
vn 0.013014 0.960377 0.278399
vn 0.051553 0.940420 0.336084
vn 0.051553 0.940420 0.336084
vn 0.051553 0.940420 0.336084
vn -0.746264 0.645098 -0.164129
vn -0.746264 0.645098 -0.164129
vn -0.746264 0.645098 -0.164129
vn -0.714850 0.685664 -0.137310
vn -0.714850 0.685664 -0.137310
vn -0.714850 0.685664 -0.137310
vn -0.961137 0.165399 0.221040
vn -0.961137 0.165399 0.221040
vn -0.961137 0.165399 0.221040
vn -0.961137 0.165399 0.221040
vn -0.961137 0.165399 0.221040
vn -0.961137 0.165399 0.221040
vn -0.961137 0.165399 0.221040
vn -0.961137 0.165399 0.221040
vn -0.961137 0.165399 0.221040
vn -0.961137 0.165399 0.221040
vn -0.961137 0.165399 0.221040
vn -0.961137 0.165399 0.221040
vn -0.961137 0.165399 0.221040
vn -0.961137 0.165399 0.221040
vn -0.961137 0.165399 0.221040
vn -0.528572 0.095380 0.843513
vn -0.528572 0.095380 0.843513
vn -0.528572 0.095380 0.843513
vn -0.528572 0.095380 0.843513
vn -0.528572 0.095380 0.843513
vn -0.528572 0.095380 0.843513
vn -0.528572 0.095380 0.843513
vn -0.528572 0.095380 0.843513
vn -0.528572 0.095380 0.843513
vn -0.528572 0.095380 0.843513
vn -0.528572 0.095380 0.843513
vn -0.528572 0.095380 0.843513
vn -0.528572 0.095380 0.843513
vn -0.528572 0.095380 0.843513
vn -0.528572 0.095380 0.843513
f 6505/6505/6505 6506/6506/6506 6507/6507/6507
f 6508/6508/6508 6509/6509/6509 6510/6510/6510
f 6511/6511/6511 6512/6512/6512 6513/6513/6513
f 6514/6514/6514 6515/6515/6515 6516/6516/6516
f 6517/6517/6517 6518/6518/6518 6519/6519/6519
f 6520/6520/6520 6521/6521/6521 6522/6522/6522
f 6523/6523/6523 6524/6524/6524 6525/6525/6525
f 6526/6526/6526 6527/6527/6527 6528/6528/6528
f 6529/6529/6529 6530/6530/6530 6531/6531/6531
f 6532/6532/6532 6533/6533/6533 6534/6534/6534
f 6535/6535/6535 6536/6536/6536 6537/6537/6537
f 6538/6538/6538 6539/6539/6539 6540/6540/6540
f 6541/6541/6541 6542/6542/6542 6543/6543/6543
f 6544/6544/6544 6545/6545/6545 6546/6546/6546
f 6547/6547/6547 6548/6548/6548 6549/6549/6549
f 6550/6550/6550 6551/6551/6551 6552/6552/6552
f 6553/6553/6553 6554/6554/6554 6555/6555/6555
f 6556/6556/6556 6557/6557/6557 6558/6558/6558
f 6559/6559/6559 6560/6560/6560 6561/6561/6561
f 6562/6562/6562 6563/6563/6563 6564/6564/6564
f 6565/6565/6565 6566/6566/6566 6567/6567/6567
f 6568/6568/6568 6569/6569/6569 6570/6570/6570
f 6571/6571/6571 6572/6572/6572 6573/6573/6573
f 6574/6574/6574 6575/6575/6575 6576/6576/6576
f 6577/6577/6577 6578/6578/6578 6579/6579/6579
f 6580/6580/6580 6581/6581/6581 6582/6582/6582
f 6583/6583/6583 6584/6584/6584 6585/6585/6585
f 6586/6586/6586 6587/6587/6587 6588/6588/6588
f 6589/6589/6589 6590/6590/6590 6591/6591/6591
f 6592/6592/6592 6593/6593/6593 6594/6594/6594
o Mane2_8
usemtl PaintedTeaFantasy
v -2.112258 11.121009 -4.891972
v -2.362937 10.570527 -4.049135
v -3.697152 11.545254 -3.367465
v -2.112258 11.121009 -4.891972
v -3.697152 11.545254 -3.367465
v -4.043795 12.337385 -4.356981
v -2.362937 10.570527 -4.049135
v -1.814774 10.780792 -3.000144
v -2.457677 11.847821 -2.536381
v -2.362937 10.570527 -4.049135
v -2.457677 11.847821 -2.536381
v -3.697152 11.545254 -3.367465
v -1.814774 10.780792 -3.000144
v -1.225312 11.461225 -3.194669
v -2.038284 12.826948 -3.012259
v -1.814774 10.780792 -3.000144
v -2.038284 12.826948 -3.012259
v -2.457677 11.847821 -2.536381
v -1.225312 11.461225 -3.194669
v -1.409167 11.671490 -4.363883
v -3.018558 13.129516 -4.137451
v -1.225312 11.461225 -3.194669
v -3.018558 13.129516 -4.137451
v -2.038284 12.826948 -3.012259
v -1.409167 11.671490 -4.363883
v -2.112258 11.121009 -4.891972
v -4.043795 12.337385 -4.356981
v -1.409167 11.671490 -4.363883
v -4.043795 12.337385 -4.356981
v -3.018558 13.129516 -4.137451
v -4.043795 12.337385 -4.356981
v -3.697152 11.545254 -3.367465
v -3.945270 13.205074 -1.458701
v -4.043795 12.337385 -4.356981
v -3.945270 13.205074 -1.458701
v -3.961770 13.225806 -1.475027
v -3.697152 11.545254 -3.367465
v -2.457677 11.847821 -2.536381
v -3.911882 13.212993 -1.447605
v -3.697152 11.545254 -3.367465
v -3.911882 13.212993 -1.447605
v -3.945270 13.205074 -1.458701
v -2.457677 11.847821 -2.536381
v -2.038284 12.826948 -3.012259
v -3.907748 13.238620 -1.457072
v -2.457677 11.847821 -2.536381
v -3.907748 13.238620 -1.457072
v -3.911882 13.212993 -1.447605
v -2.038284 12.826948 -3.012259
v -3.018558 13.129516 -4.137451
v -3.938580 13.246539 -1.474020
v -2.038284 12.826948 -3.012259
v -3.938580 13.246539 -1.474020
v -3.907748 13.238620 -1.457072
v -3.018558 13.129516 -4.137451
v -4.043795 12.337385 -4.356981
v -3.961770 13.225806 -1.475027
v -3.018558 13.129516 -4.137451
v -3.961770 13.225806 -1.475027
v -3.938580 13.246539 -1.474020
v -1.784890 11.121009 -3.899960
v -2.112258 11.121009 -4.891972
v -2.362937 10.570527 -4.049135
v -1.784890 11.121009 -3.899960
v -2.362937 10.570527 -4.049135
v -1.814774 10.780792 -3.000144
v -1.784890 11.121009 -3.899960
v -1.814774 10.780792 -3.000144
v -1.225312 11.461225 -3.194669
v -1.784890 11.121009 -3.899960
v -1.225312 11.461225 -3.194669
v -1.409167 11.671490 -4.363883
v -1.784890 11.121009 -3.899960
v -1.409167 11.671490 -4.363883
v -2.112258 11.121009 -4.891972
v -3.933050 13.225806 -1.462485
v -3.961770 13.225806 -1.475027
v -3.945270 13.205074 -1.458701
v -3.933050 13.225806 -1.462485
v -3.945270 13.205074 -1.458701
v -3.911882 13.212993 -1.447605
v -3.933050 13.225806 -1.462485
v -3.911882 13.212993 -1.447605
v -3.907748 13.238620 -1.457072
v -3.933050 13.225806 -1.462485
v -3.907748 13.238620 -1.457072
v -3.938580 13.246539 -1.474020
v -3.933050 13.225806 -1.462485
v -3.938580 13.246539 -1.474020
v -3.961770 13.225806 -1.475027
vt 0.003906 0.996094
vt 0.052344 0.996094
vt 0.052344 0.875000
vt 0.003906 0.996094
vt 0.052344 0.875000
vt 0.003906 0.875000
vt 0.052344 0.996094
vt 0.100781 0.996094
vt 0.100781 0.875000
vt 0.052344 0.996094
vt 0.100781 0.875000
vt 0.052344 0.875000
vt 0.100781 0.996094
vt 0.149219 0.996094
vt 0.149219 0.875000
vt 0.100781 0.996094
vt 0.149219 0.875000
vt 0.100781 0.875000
vt 0.149219 0.996094
vt 0.197656 0.996094
vt 0.197656 0.875000
vt 0.149219 0.996094
vt 0.197656 0.875000
vt 0.149219 0.875000
vt 0.197656 0.996094
vt 0.246094 0.996094
vt 0.246094 0.875000
vt 0.197656 0.996094
vt 0.246094 0.875000
vt 0.197656 0.875000
vt 0.003906 0.875000
vt 0.052344 0.875000
vt 0.052344 0.753906
vt 0.003906 0.875000
vt 0.052344 0.753906
vt 0.003906 0.753906
vt 0.052344 0.875000
vt 0.100781 0.875000
vt 0.100781 0.753906
vt 0.052344 0.875000
vt 0.100781 0.753906
vt 0.052344 0.753906
vt 0.100781 0.875000
vt 0.149219 0.875000
vt 0.149219 0.753906
vt 0.100781 0.875000
vt 0.149219 0.753906
vt 0.100781 0.753906
vt 0.149219 0.875000
vt 0.197656 0.875000
vt 0.197656 0.753906
vt 0.149219 0.875000
vt 0.197656 0.753906
vt 0.149219 0.753906
vt 0.197656 0.875000
vt 0.246094 0.875000
vt 0.246094 0.753906
vt 0.197656 0.875000
vt 0.246094 0.753906
vt 0.197656 0.753906
vt 0.125000 0.875000
vt 0.003906 0.996094
vt 0.246094 0.753906
vt 0.125000 0.875000
vt 0.003906 0.996094
vt 0.246094 0.753906
vt 0.125000 0.875000
vt 0.003906 0.996094
vt 0.246094 0.753906
vt 0.125000 0.875000
vt 0.003906 0.996094
vt 0.246094 0.753906
vt 0.125000 0.875000
vt 0.003906 0.996094
vt 0.246094 0.753906
vt 0.125000 0.875000
vt 0.003906 0.996094
vt 0.246094 0.753906
vt 0.125000 0.875000
vt 0.003906 0.996094
vt 0.246094 0.753906
vt 0.125000 0.875000
vt 0.003906 0.996094
vt 0.246094 0.753906
vt 0.125000 0.875000
vt 0.003906 0.996094
vt 0.246094 0.753906
vt 0.125000 0.875000
vt 0.003906 0.996094
vt 0.246094 0.753906
vn -0.658828 -0.524982 -0.538832
vn -0.658828 -0.524982 -0.538832
vn -0.658828 -0.524982 -0.538832
vn -0.565793 -0.728963 -0.385346
vn -0.565793 -0.728963 -0.385346
vn -0.565793 -0.728963 -0.385346
vn -0.656167 -0.596333 0.462420
vn -0.656167 -0.596333 0.462420
vn -0.656167 -0.596333 0.462420
vn -0.231903 -0.750347 0.619032
vn -0.231903 -0.750347 0.619032
vn -0.231903 -0.750347 0.619032
vn 0.275672 0.035800 0.960585
vn 0.275672 0.035800 0.960585
vn 0.275672 0.035800 0.960585
vn 0.664141 0.076950 0.743637
vn 0.664141 0.076950 0.743637
vn 0.664141 0.076950 0.743637
vn 0.673237 0.738933 0.027022
vn 0.673237 0.738933 0.027022
vn 0.673237 0.738933 0.027022
vn 0.717373 0.492804 -0.492463
vn 0.717373 0.492804 -0.492463
vn 0.717373 0.492804 -0.492463
vn 0.145053 0.582196 -0.800005
vn 0.145053 0.582196 -0.800005
vn 0.145053 0.582196 -0.800005
vn 0.049646 0.206556 -0.977174
vn 0.049646 0.206556 -0.977174
vn 0.049646 0.206556 -0.977174
vn -0.954709 -0.274565 0.114654
vn -0.954709 -0.274565 0.114654
vn -0.954709 -0.274565 0.114654
vn -0.834527 -0.519383 0.183862
vn -0.834527 -0.519383 0.183862
vn -0.834527 -0.519383 0.183862
vn -0.235007 -0.746655 0.622317
vn -0.235007 -0.746655 0.622317
vn -0.235007 -0.746655 0.622317
vn -0.037578 -0.756481 0.652935
vn -0.037578 -0.756481 0.652935
vn -0.037578 -0.756481 0.652935
vn 0.648543 0.089586 0.755888
vn 0.648543 0.089586 0.755888
vn 0.648543 0.089586 0.755888
vn 0.681011 0.154567 0.715774
vn 0.681011 0.154567 0.715774
vn 0.681011 0.154567 0.715774
vn 0.248799 0.967581 0.043429
vn 0.248799 0.967581 0.043429
vn 0.248799 0.967581 0.043429
vn 0.235379 0.971562 0.025765
vn 0.235379 0.971562 0.025765
vn 0.235379 0.971562 0.025765
vn -0.564105 0.793445 -0.228540
vn -0.564105 0.793445 -0.228540
vn -0.564105 0.793445 -0.228540
vn -0.638777 0.726751 -0.252582
vn -0.638777 0.726751 -0.252582
vn -0.638777 0.726751 -0.252582
vn -0.701561 0.673953 0.231518
vn -0.701561 0.673953 0.231518
vn -0.701561 0.673953 0.231518
vn -0.701561 0.673953 0.231518
vn -0.701561 0.673953 0.231518
vn -0.701561 0.673953 0.231518
vn -0.701561 0.673953 0.231518
vn -0.701561 0.673953 0.231518
vn -0.701561 0.673953 0.231518
vn -0.701561 0.673953 0.231518
vn -0.701561 0.673953 0.231518
vn -0.701561 0.673953 0.231518
vn -0.701561 0.673953 0.231518
vn -0.701561 0.673953 0.231518
vn -0.701561 0.673953 0.231518
vn -0.371173 0.373894 0.849961
vn -0.371173 0.373894 0.849961
vn -0.371173 0.373894 0.849961
vn -0.371173 0.373894 0.849961
vn -0.371173 0.373894 0.849961
vn -0.371173 0.373894 0.849961
vn -0.371173 0.373894 0.849961
vn -0.371173 0.373894 0.849961
vn -0.371173 0.373894 0.849961
vn -0.371173 0.373894 0.849961
vn -0.371173 0.373894 0.849961
vn -0.371173 0.373894 0.849961
vn -0.371173 0.373894 0.849961
vn -0.371173 0.373894 0.849961
vn -0.371173 0.373894 0.849961
f 6595/6595/6595 6596/6596/6596 6597/6597/6597
f 6598/6598/6598 6599/6599/6599 6600/6600/6600
f 6601/6601/6601 6602/6602/6602 6603/6603/6603
f 6604/6604/6604 6605/6605/6605 6606/6606/6606
f 6607/6607/6607 6608/6608/6608 6609/6609/6609
f 6610/6610/6610 6611/6611/6611 6612/6612/6612
f 6613/6613/6613 6614/6614/6614 6615/6615/6615
f 6616/6616/6616 6617/6617/6617 6618/6618/6618
f 6619/6619/6619 6620/6620/6620 6621/6621/6621
f 6622/6622/6622 6623/6623/6623 6624/6624/6624
f 6625/6625/6625 6626/6626/6626 6627/6627/6627
f 6628/6628/6628 6629/6629/6629 6630/6630/6630
f 6631/6631/6631 6632/6632/6632 6633/6633/6633
f 6634/6634/6634 6635/6635/6635 6636/6636/6636
f 6637/6637/6637 6638/6638/6638 6639/6639/6639
f 6640/6640/6640 6641/6641/6641 6642/6642/6642
f 6643/6643/6643 6644/6644/6644 6645/6645/6645
f 6646/6646/6646 6647/6647/6647 6648/6648/6648
f 6649/6649/6649 6650/6650/6650 6651/6651/6651
f 6652/6652/6652 6653/6653/6653 6654/6654/6654
f 6655/6655/6655 6656/6656/6656 6657/6657/6657
f 6658/6658/6658 6659/6659/6659 6660/6660/6660
f 6661/6661/6661 6662/6662/6662 6663/6663/6663
f 6664/6664/6664 6665/6665/6665 6666/6666/6666
f 6667/6667/6667 6668/6668/6668 6669/6669/6669
f 6670/6670/6670 6671/6671/6671 6672/6672/6672
f 6673/6673/6673 6674/6674/6674 6675/6675/6675
f 6676/6676/6676 6677/6677/6677 6678/6678/6678
f 6679/6679/6679 6680/6680/6680 6681/6681/6681
f 6682/6682/6682 6683/6683/6683 6684/6684/6684
o Mane2_9
usemtl PaintedTeaFantasy
v -1.240257 11.854784 -4.406757
v -0.956384 11.648138 -3.430561
v -1.076178 12.894057 -2.841447
v -1.240257 11.854784 -4.406757
v -1.076178 12.894057 -2.841447
v -1.864927 13.510252 -3.692890
v -0.956384 11.648138 -3.430561
v 0.197560 11.727070 -3.103059
v 0.427815 13.129423 -2.875376
v -0.956384 11.648138 -3.430561
v 0.427815 13.129423 -2.875376
v -1.076178 12.894057 -2.841447
v 0.197560 11.727070 -3.103059
v 0.626865 11.982499 -3.876847
v 0.568585 13.891082 -3.747787
v 0.197560 11.727070 -3.103059
v 0.568585 13.891082 -3.747787
v 0.427815 13.129423 -2.875376
v 0.626865 11.982499 -3.876847
v -0.261755 12.061430 -4.682577
v -0.848407 14.126448 -4.253038
v 0.626865 11.982499 -3.876847
v -0.848407 14.126448 -4.253038
v 0.568585 13.891082 -3.747787
v -0.261755 12.061430 -4.682577
v -1.240257 11.854784 -4.406757
v -1.864927 13.510252 -3.692890
v -0.261755 12.061430 -4.682577
v -1.864927 13.510252 -3.692890
v -0.848407 14.126448 -4.253038
v -1.864927 13.510252 -3.692890
v -1.076178 12.894057 -2.841447
v -0.730666 14.700184 -1.451838
v -1.864927 13.510252 -3.692890
v -0.730666 14.700184 -1.451838
v -0.751339 14.719380 -1.464983
v -1.076178 12.894057 -2.841447
v 0.427815 13.129423 -2.875376
v -0.695390 14.707516 -1.453407
v -1.076178 12.894057 -2.841447
v -0.695390 14.707516 -1.453407
v -0.730666 14.700184 -1.451838
v 0.427815 13.129423 -2.875376
v 0.568585 13.891082 -3.747787
v -0.694262 14.731243 -1.467522
v 0.427815 13.129423 -2.875376
v -0.694262 14.731243 -1.467522
v -0.695390 14.707516 -1.453407
v 0.568585 13.891082 -3.747787
v -0.848407 14.126448 -4.253038
v -0.728840 14.738575 -1.474676
v 0.568585 13.891082 -3.747787
v -0.728840 14.738575 -1.474676
v -0.694262 14.731243 -1.467522
v -0.848407 14.126448 -4.253038
v -1.864927 13.510252 -3.692890
v -0.751339 14.719380 -1.464983
v -0.848407 14.126448 -4.253038
v -0.751339 14.719380 -1.464983
v -0.728840 14.738575 -1.474676
v -0.326794 11.854784 -3.899960
v -1.240257 11.854784 -4.406757
v -0.956384 11.648138 -3.430561
v -0.326794 11.854784 -3.899960
v -0.956384 11.648138 -3.430561
v 0.197560 11.727070 -3.103059
v -0.326794 11.854784 -3.899960
v 0.197560 11.727070 -3.103059
v 0.626865 11.982499 -3.876847
v -0.326794 11.854784 -3.899960
v 0.626865 11.982499 -3.876847
v -0.261755 12.061430 -4.682577
v -0.326794 11.854784 -3.899960
v -0.261755 12.061430 -4.682577
v -1.240257 11.854784 -4.406757
v -0.720099 14.719380 -1.462485
v -0.751339 14.719380 -1.464983
v -0.730666 14.700184 -1.451838
v -0.720099 14.719380 -1.462485
v -0.730666 14.700184 -1.451838
v -0.695390 14.707516 -1.453407
v -0.720099 14.719380 -1.462485
v -0.695390 14.707516 -1.453407
v -0.694262 14.731243 -1.467522
v -0.720099 14.719380 -1.462485
v -0.694262 14.731243 -1.467522
v -0.728840 14.738575 -1.474676
v -0.720099 14.719380 -1.462485
v -0.728840 14.738575 -1.474676
v -0.751339 14.719380 -1.464983
vt 0.003906 0.996094
vt 0.052344 0.996094
vt 0.052344 0.875000
vt 0.003906 0.996094
vt 0.052344 0.875000
vt 0.003906 0.875000
vt 0.052344 0.996094
vt 0.100781 0.996094
vt 0.100781 0.875000
vt 0.052344 0.996094
vt 0.100781 0.875000
vt 0.052344 0.875000
vt 0.100781 0.996094
vt 0.149219 0.996094
vt 0.149219 0.875000
vt 0.100781 0.996094
vt 0.149219 0.875000
vt 0.100781 0.875000
vt 0.149219 0.996094
vt 0.197656 0.996094
vt 0.197656 0.875000
vt 0.149219 0.996094
vt 0.197656 0.875000
vt 0.149219 0.875000
vt 0.197656 0.996094
vt 0.246094 0.996094
vt 0.246094 0.875000
vt 0.197656 0.996094
vt 0.246094 0.875000
vt 0.197656 0.875000
vt 0.003906 0.875000
vt 0.052344 0.875000
vt 0.052344 0.753906
vt 0.003906 0.875000
vt 0.052344 0.753906
vt 0.003906 0.753906
vt 0.052344 0.875000
vt 0.100781 0.875000
vt 0.100781 0.753906
vt 0.052344 0.875000
vt 0.100781 0.753906
vt 0.052344 0.753906
vt 0.100781 0.875000
vt 0.149219 0.875000
vt 0.149219 0.753906
vt 0.100781 0.875000
vt 0.149219 0.753906
vt 0.100781 0.753906
vt 0.149219 0.875000
vt 0.197656 0.875000
vt 0.197656 0.753906
vt 0.149219 0.875000
vt 0.197656 0.753906
vt 0.149219 0.753906
vt 0.197656 0.875000
vt 0.246094 0.875000
vt 0.246094 0.753906
vt 0.197656 0.875000
vt 0.246094 0.753906
vt 0.197656 0.753906
vt 0.125000 0.875000
vt 0.003906 0.996094
vt 0.246094 0.753906
vt 0.125000 0.875000
vt 0.003906 0.996094
vt 0.246094 0.753906
vt 0.125000 0.875000
vt 0.003906 0.996094
vt 0.246094 0.753906
vt 0.125000 0.875000
vt 0.003906 0.996094
vt 0.246094 0.753906
vt 0.125000 0.875000
vt 0.003906 0.996094
vt 0.246094 0.753906
vt 0.125000 0.875000
vt 0.003906 0.996094
vt 0.246094 0.753906
vt 0.125000 0.875000
vt 0.003906 0.996094
vt 0.246094 0.753906
vt 0.125000 0.875000
vt 0.003906 0.996094
vt 0.246094 0.753906
vt 0.125000 0.875000
vt 0.003906 0.996094
vt 0.246094 0.753906
vt 0.125000 0.875000
vt 0.003906 0.996094
vt 0.246094 0.753906
vn -0.951069 -0.201996 0.233806
vn -0.951069 -0.201996 0.233806
vn -0.951069 -0.201996 0.233806
vn -0.790960 -0.468281 0.393821
vn -0.790960 -0.468281 0.393821
vn -0.790960 -0.468281 0.393821
vn -0.264199 -0.112148 0.957926
vn -0.264199 -0.112148 0.957926
vn -0.264199 -0.112148 0.957926
vn 0.085978 -0.419108 0.903856
vn 0.085978 -0.419108 0.903856
vn 0.085978 -0.419108 0.903856
vn 0.875255 -0.005977 0.483626
vn 0.875255 -0.005977 0.483626
vn 0.875255 -0.005977 0.483626
vn 0.986261 -0.164462 0.015557
vn 0.986261 -0.164462 0.015557
vn 0.986261 -0.164462 0.015557
vn 0.650493 0.327356 -0.685344
vn 0.650493 0.327356 -0.685344
vn 0.650493 0.327356 -0.685344
vn 0.345793 0.073812 -0.935403
vn 0.345793 0.073812 -0.935403
vn 0.345793 0.073812 -0.935403
vn -0.314040 0.273543 -0.909150
vn -0.314040 0.273543 -0.909150
vn -0.314040 0.273543 -0.909150
vn -0.499838 0.037986 -0.865285
vn -0.499838 0.037986 -0.865285
vn -0.499838 0.037986 -0.865285
vn -0.795557 -0.266462 0.544138
vn -0.795557 -0.266462 0.544138
vn -0.795557 -0.266462 0.544138
vn -0.723231 -0.387374 0.571732
vn -0.723231 -0.387374 0.571732
vn -0.723231 -0.387374 0.571732
vn 0.114377 -0.618847 0.777140
vn 0.114377 -0.618847 0.777140
vn 0.114377 -0.618847 0.777140
vn 0.163185 -0.621035 0.766607
vn 0.163185 -0.621035 0.766607
vn 0.163185 -0.621035 0.766607
vn 0.880042 0.278196 0.384880
vn 0.880042 0.278196 0.384880
vn 0.880042 0.278196 0.384880
vn 0.869615 0.221219 0.441397
vn 0.869615 0.221219 0.441397
vn 0.869615 0.221219 0.441397
vn 0.235300 0.946982 -0.218765
vn 0.235300 0.946982 -0.218765
vn 0.235300 0.946982 -0.218765
vn 0.244652 0.945919 -0.213031
vn 0.244652 0.945919 -0.213031
vn 0.244652 0.945919 -0.213031
vn -0.572108 0.806064 -0.151506
vn -0.572108 0.806064 -0.151506
vn -0.572108 0.806064 -0.151506
vn -0.675487 0.725676 -0.130811
vn -0.675487 0.725676 -0.130811
vn -0.675487 0.725676 -0.130811
vn -0.134545 0.960775 0.242507
vn -0.134545 0.960775 0.242507
vn -0.134545 0.960775 0.242507
vn -0.134545 0.960775 0.242507
vn -0.134545 0.960775 0.242507
vn -0.134545 0.960775 0.242507
vn -0.134545 0.960775 0.242507
vn -0.134545 0.960775 0.242507
vn -0.134545 0.960775 0.242507
vn -0.134545 0.960775 0.242507
vn -0.134545 0.960775 0.242507
vn -0.134545 0.960775 0.242507
vn -0.134545 0.960775 0.242507
vn -0.134545 0.960775 0.242507
vn -0.134545 0.960775 0.242507
vn -0.068439 0.512465 0.855977
vn -0.068439 0.512465 0.855977
vn -0.068439 0.512465 0.855977
vn -0.068439 0.512465 0.855977
vn -0.068439 0.512465 0.855977
vn -0.068439 0.512465 0.855977
vn -0.068439 0.512465 0.855977
vn -0.068439 0.512465 0.855977
vn -0.068439 0.512465 0.855977
vn -0.068439 0.512465 0.855977
vn -0.068439 0.512465 0.855977
vn -0.068439 0.512465 0.855977
vn -0.068439 0.512465 0.855977
vn -0.068439 0.512465 0.855977
vn -0.068439 0.512465 0.855977
f 6685/6685/6685 6686/6686/6686 6687/6687/6687
f 6688/6688/6688 6689/6689/6689 6690/6690/6690
f 6691/6691/6691 6692/6692/6692 6693/6693/6693
f 6694/6694/6694 6695/6695/6695 6696/6696/6696
f 6697/6697/6697 6698/6698/6698 6699/6699/6699
f 6700/6700/6700 6701/6701/6701 6702/6702/6702
f 6703/6703/6703 6704/6704/6704 6705/6705/6705
f 6706/6706/6706 6707/6707/6707 6708/6708/6708
f 6709/6709/6709 6710/6710/6710 6711/6711/6711
f 6712/6712/6712 6713/6713/6713 6714/6714/6714
f 6715/6715/6715 6716/6716/6716 6717/6717/6717
f 6718/6718/6718 6719/6719/6719 6720/6720/6720
f 6721/6721/6721 6722/6722/6722 6723/6723/6723
f 6724/6724/6724 6725/6725/6725 6726/6726/6726
f 6727/6727/6727 6728/6728/6728 6729/6729/6729
f 6730/6730/6730 6731/6731/6731 6732/6732/6732
f 6733/6733/6733 6734/6734/6734 6735/6735/6735
f 6736/6736/6736 6737/6737/6737 6738/6738/6738
f 6739/6739/6739 6740/6740/6740 6741/6741/6741
f 6742/6742/6742 6743/6743/6743 6744/6744/6744
f 6745/6745/6745 6746/6746/6746 6747/6747/6747
f 6748/6748/6748 6749/6749/6749 6750/6750/6750
f 6751/6751/6751 6752/6752/6752 6753/6753/6753
f 6754/6754/6754 6755/6755/6755 6756/6756/6756
f 6757/6757/6757 6758/6758/6758 6759/6759/6759
f 6760/6760/6760 6761/6761/6761 6762/6762/6762
f 6763/6763/6763 6764/6764/6764 6765/6765/6765
f 6766/6766/6766 6767/6767/6767 6768/6768/6768
f 6769/6769/6769 6770/6770/6770 6771/6771/6771
f 6772/6772/6772 6773/6773/6773 6774/6774/6774
o GoldShoulder-1
usemtl PaintedTeaFantasy
v -3.642807 9.924006 -4.083633
v -3.525856 9.676601 -3.872220
v -4.499026 9.712937 -3.269445
v -3.642807 9.924006 -4.083633
v -4.499026 9.712937 -3.269445
v -4.795872 10.028469 -3.389514
v -3.525856 9.676601 -3.872220
v -3.300324 9.771101 -3.554778
v -4.096115 9.833459 -2.962052
v -3.525856 9.676601 -3.872220
v -4.096115 9.833459 -2.962052
v -4.499026 9.712937 -3.269445
v -3.300324 9.771101 -3.554778
v -3.277889 10.076911 -3.570002
v -4.143948 10.223479 -2.892143
v -3.300324 9.771101 -3.554778
v -4.143948 10.223479 -2.892143
v -4.096115 9.833459 -2.962052
v -3.277889 10.076911 -3.570002
v -3.489555 10.171412 -3.896852
v -4.576421 10.344002 -3.156329
v -3.277889 10.076911 -3.570002
v -4.576421 10.344002 -3.156329
v -4.143948 10.223479 -2.892143
v -3.489555 10.171412 -3.896852
v -3.642807 9.924006 -4.083633
v -4.795872 10.028469 -3.389514
v -3.489555 10.171412 -3.896852
v -4.795872 10.028469 -3.389514
v -4.576421 10.344002 -3.156329
v -4.795872 10.028469 -3.389514
v -4.499026 9.712937 -3.269445
v -4.811289 9.383604 -1.820994
v -4.795872 10.028469 -3.389514
v -4.811289 9.383604 -1.820994
v -4.832067 9.401690 -1.818442
v -4.499026 9.712937 -3.269445
v -4.096115 9.833459 -2.962052
v -4.782246 9.390512 -1.809315
v -4.499026 9.712937 -3.269445
v -4.782246 9.390512 -1.809315
v -4.811289 9.383604 -1.820994
v -4.096115 9.833459 -2.962052
v -4.143948 10.223479 -2.892143
v -4.785075 9.412868 -1.799544
v -4.096115 9.833459 -2.962052
v -4.785075 9.412868 -1.799544
v -4.782246 9.390512 -1.809315
v -4.143948 10.223479 -2.892143
v -4.576421 10.344002 -3.156329
v -4.815865 9.419776 -1.805185
v -4.143948 10.223479 -2.892143
v -4.815865 9.419776 -1.805185
v -4.785075 9.412868 -1.799544
v -4.576421 10.344002 -3.156329
v -4.795872 10.028469 -3.389514
v -4.832067 9.401690 -1.818442
v -4.576421 10.344002 -3.156329
v -4.832067 9.401690 -1.818442
v -4.815865 9.419776 -1.805185
v -3.447286 9.924006 -3.795497
v -3.642807 9.924006 -4.083633
v -3.525856 9.676601 -3.872220
v -3.447286 9.924006 -3.795497
v -3.525856 9.676601 -3.872220
v -3.300324 9.771101 -3.554778
v -3.447286 9.924006 -3.795497
v -3.300324 9.771101 -3.554778
v -3.277889 10.076911 -3.570002
v -3.447286 9.924006 -3.795497
v -3.277889 10.076911 -3.570002
v -3.489555 10.171412 -3.896852
v -3.447286 9.924006 -3.795497
v -3.489555 10.171412 -3.896852
v -3.642807 9.924006 -4.083633
v -4.805308 9.401690 -1.810696
v -4.832067 9.401690 -1.818442
v -4.811289 9.383604 -1.820994
v -4.805308 9.401690 -1.810696
v -4.811289 9.383604 -1.820994
v -4.782246 9.390512 -1.809315
v -4.805308 9.401690 -1.810696
v -4.782246 9.390512 -1.809315
v -4.785075 9.412868 -1.799544
v -4.805308 9.401690 -1.810696
v -4.785075 9.412868 -1.799544
v -4.815865 9.419776 -1.805185
v -4.805308 9.401690 -1.810696
v -4.815865 9.419776 -1.805185
v -4.832067 9.401690 -1.818442
vt 0.503906 0.496094
vt 0.552344 0.496094
vt 0.552344 0.375000
vt 0.503906 0.496094
vt 0.552344 0.375000
vt 0.503906 0.375000
vt 0.552344 0.496094
vt 0.600781 0.496094
vt 0.600781 0.375000
vt 0.552344 0.496094
vt 0.600781 0.375000
vt 0.552344 0.375000
vt 0.600781 0.496094
vt 0.649219 0.496094
vt 0.649219 0.375000
vt 0.600781 0.496094
vt 0.649219 0.375000
vt 0.600781 0.375000
vt 0.649219 0.496094
vt 0.697656 0.496094
vt 0.697656 0.375000
vt 0.649219 0.496094
vt 0.697656 0.375000
vt 0.649219 0.375000
vt 0.697656 0.496094
vt 0.746094 0.496094
vt 0.746094 0.375000
vt 0.697656 0.496094
vt 0.746094 0.375000
vt 0.697656 0.375000
vt 0.503906 0.375000
vt 0.552344 0.375000
vt 0.552344 0.253906
vt 0.503906 0.375000
vt 0.552344 0.253906
vt 0.503906 0.253906
vt 0.552344 0.375000
vt 0.600781 0.375000
vt 0.600781 0.253906
vt 0.552344 0.375000
vt 0.600781 0.253906
vt 0.552344 0.253906
vt 0.600781 0.375000
vt 0.649219 0.375000
vt 0.649219 0.253906
vt 0.600781 0.375000
vt 0.649219 0.253906
vt 0.600781 0.253906
vt 0.649219 0.375000
vt 0.697656 0.375000
vt 0.697656 0.253906
vt 0.649219 0.375000
vt 0.697656 0.253906
vt 0.649219 0.253906
vt 0.697656 0.375000
vt 0.746094 0.375000
vt 0.746094 0.253906
vt 0.697656 0.375000
vt 0.746094 0.253906
vt 0.697656 0.253906
vt 0.625000 0.375000
vt 0.503906 0.496094
vt 0.746094 0.253906
vt 0.625000 0.375000
vt 0.503906 0.496094
vt 0.746094 0.253906
vt 0.625000 0.375000
vt 0.503906 0.496094
vt 0.746094 0.253906
vt 0.625000 0.375000
vt 0.503906 0.496094
vt 0.746094 0.253906
vt 0.625000 0.375000
vt 0.503906 0.496094
vt 0.746094 0.253906
vt 0.625000 0.375000
vt 0.503906 0.496094
vt 0.746094 0.253906
vt 0.625000 0.375000
vt 0.503906 0.496094
vt 0.746094 0.253906
vt 0.625000 0.375000
vt 0.503906 0.496094
vt 0.746094 0.253906
vt 0.625000 0.375000
vt 0.503906 0.496094
vt 0.746094 0.253906
vt 0.625000 0.375000
vt 0.503906 0.496094
vt 0.746094 0.253906
vn -0.395962 -0.697519 -0.597228
vn -0.395962 -0.697519 -0.597228
vn -0.395962 -0.697519 -0.597228
vn -0.435231 -0.647498 -0.625556
vn -0.435231 -0.647498 -0.625556
vn -0.435231 -0.647498 -0.625556
vn 0.090971 -0.970284 0.224216
vn 0.090971 -0.970284 0.224216
vn 0.090971 -0.970284 0.224216
vn 0.109546 -0.965783 0.235079
vn 0.109546 -0.965783 0.235079
vn 0.109546 -0.965783 0.235079
vn 0.615715 -0.005945 0.787947
vn 0.615715 -0.005945 0.787947
vn 0.615715 -0.005945 0.787947
vn 0.592228 -0.071233 0.802616
vn 0.592228 -0.071233 0.802616
vn 0.592228 -0.071233 0.802616
vn 0.237804 0.963299 0.124513
vn 0.237804 0.963299 0.124513
vn 0.237804 0.963299 0.124513
vn 0.224146 0.971564 0.076304
vn 0.224146 0.971564 0.076304
vn 0.224146 0.971564 0.076304
vn -0.326416 0.689954 -0.646077
vn -0.326416 0.689954 -0.646077
vn -0.326416 0.689954 -0.646077
vn -0.324416 0.697677 -0.638749
vn -0.324416 0.697677 -0.638749
vn -0.324416 0.697677 -0.638749
vn -0.635673 -0.711755 -0.298872
vn -0.635673 -0.711755 -0.298872
vn -0.635673 -0.711755 -0.298872
vn -0.647680 -0.702422 -0.295153
vn -0.647680 -0.702422 -0.295153
vn -0.647680 -0.702422 -0.295153
vn 0.374017 -0.918235 -0.130216
vn 0.374017 -0.918235 -0.130216
vn 0.374017 -0.918235 -0.130216
vn 0.286580 -0.945721 -0.153245
vn 0.286580 -0.945721 -0.153245
vn 0.286580 -0.945721 -0.153245
vn 0.858089 0.013225 0.513330
vn 0.858089 0.013225 0.513330
vn 0.858089 0.013225 0.513330
vn 0.871388 -0.099699 0.480357
vn 0.871388 -0.099699 0.480357
vn 0.871388 -0.099699 0.480357
vn -0.104154 0.829392 0.548873
vn -0.104154 0.829392 0.548873
vn -0.104154 0.829392 0.548873
vn 0.062579 0.783612 0.618091
vn 0.062579 0.783612 0.618091
vn 0.062579 0.783612 0.618091
vn -0.863412 0.475117 0.169656
vn -0.863412 0.475117 0.169656
vn -0.863412 0.475117 0.169656
vn -0.802995 0.548577 0.232941
vn -0.802995 0.548577 0.232941
vn -0.802995 0.548577 0.232941
vn -0.824243 0.088312 0.559308
vn -0.824243 0.088312 0.559308
vn -0.824243 0.088312 0.559308
vn -0.824243 0.088312 0.559308
vn -0.824243 0.088312 0.559308
vn -0.824243 0.088312 0.559308
vn -0.824243 0.088312 0.559308
vn -0.824243 0.088312 0.559308
vn -0.824243 0.088312 0.559308
vn -0.824243 0.088312 0.559308
vn -0.824243 0.088312 0.559308
vn -0.824243 0.088312 0.559308
vn -0.824243 0.088312 0.559308
vn -0.824243 0.088312 0.559308
vn -0.824243 0.088312 0.559308
vn -0.253091 -0.414149 0.874314
vn -0.253091 -0.414149 0.874314
vn -0.253091 -0.414149 0.874314
vn -0.253091 -0.414149 0.874314
vn -0.253091 -0.414149 0.874314
vn -0.253091 -0.414149 0.874314
vn -0.253091 -0.414149 0.874314
vn -0.253091 -0.414149 0.874314
vn -0.253091 -0.414149 0.874314
vn -0.253091 -0.414149 0.874314
vn -0.253091 -0.414149 0.874314
vn -0.253091 -0.414149 0.874314
vn -0.253091 -0.414149 0.874314
vn -0.253091 -0.414149 0.874314
vn -0.253091 -0.414149 0.874314
f 6775/6775/6775 6776/6776/6776 6777/6777/6777
f 6778/6778/6778 6779/6779/6779 6780/6780/6780
f 6781/6781/6781 6782/6782/6782 6783/6783/6783
f 6784/6784/6784 6785/6785/6785 6786/6786/6786
f 6787/6787/6787 6788/6788/6788 6789/6789/6789
f 6790/6790/6790 6791/6791/6791 6792/6792/6792
f 6793/6793/6793 6794/6794/6794 6795/6795/6795
f 6796/6796/6796 6797/6797/6797 6798/6798/6798
f 6799/6799/6799 6800/6800/6800 6801/6801/6801
f 6802/6802/6802 6803/6803/6803 6804/6804/6804
f 6805/6805/6805 6806/6806/6806 6807/6807/6807
f 6808/6808/6808 6809/6809/6809 6810/6810/6810
f 6811/6811/6811 6812/6812/6812 6813/6813/6813
f 6814/6814/6814 6815/6815/6815 6816/6816/6816
f 6817/6817/6817 6818/6818/6818 6819/6819/6819
f 6820/6820/6820 6821/6821/6821 6822/6822/6822
f 6823/6823/6823 6824/6824/6824 6825/6825/6825
f 6826/6826/6826 6827/6827/6827 6828/6828/6828
f 6829/6829/6829 6830/6830/6830 6831/6831/6831
f 6832/6832/6832 6833/6833/6833 6834/6834/6834
f 6835/6835/6835 6836/6836/6836 6837/6837/6837
f 6838/6838/6838 6839/6839/6839 6840/6840/6840
f 6841/6841/6841 6842/6842/6842 6843/6843/6843
f 6844/6844/6844 6845/6845/6845 6846/6846/6846
f 6847/6847/6847 6848/6848/6848 6849/6849/6849
f 6850/6850/6850 6851/6851/6851 6852/6852/6852
f 6853/6853/6853 6854/6854/6854 6855/6855/6855
f 6856/6856/6856 6857/6857/6857 6858/6858/6858
f 6859/6859/6859 6860/6860/6860 6861/6861/6861
f 6862/6862/6862 6863/6863/6863 6864/6864/6864
o GoldShoulder1
usemtl PaintedTeaFantasy
v 3.251766 9.924006 -3.507361
v 3.405017 9.676601 -3.694142
v 4.268132 9.712937 -3.111464
v 3.251766 9.924006 -3.507361
v 4.268132 9.712937 -3.111464
v 4.048681 10.028469 -2.878279
v 3.405017 9.676601 -3.694142
v 3.616684 9.771101 -4.020992
v 4.700605 9.833459 -3.375650
v 3.405017 9.676601 -3.694142
v 4.700605 9.833459 -3.375650
v 4.268132 9.712937 -3.111464
v 3.616684 9.771101 -4.020992
v 3.594249 10.076911 -4.036216
v 4.748438 10.223479 -3.305741
v 3.616684 9.771101 -4.020992
v 4.748438 10.223479 -3.305741
v 4.700605 9.833459 -3.375650
v 3.594249 10.076911 -4.036216
v 3.368717 10.171412 -3.718774
v 4.345527 10.344002 -2.998349
v 3.594249 10.076911 -4.036216
v 4.345527 10.344002 -2.998349
v 4.748438 10.223479 -3.305741
v 3.368717 10.171412 -3.718774
v 3.251766 9.924006 -3.507361
v 4.048681 10.028469 -2.878279
v 3.368717 10.171412 -3.718774
v 4.048681 10.028469 -2.878279
v 4.345527 10.344002 -2.998349
v 4.048681 10.028469 -2.878279
v 4.268132 9.712937 -3.111464
v 4.794751 9.383604 -1.816207
v 4.048681 10.028469 -2.878279
v 4.794751 9.383604 -1.816207
v 4.778550 9.401690 -1.802950
v 4.268132 9.712937 -3.111464
v 4.700605 9.833459 -3.375650
v 4.825542 9.390512 -1.821848
v 4.268132 9.712937 -3.111464
v 4.825542 9.390512 -1.821848
v 4.794751 9.383604 -1.816207
v 4.700605 9.833459 -3.375650
v 4.748438 10.223479 -3.305741
v 4.828370 9.412868 -1.812077
v 4.700605 9.833459 -3.375650
v 4.828370 9.412868 -1.812077
v 4.825542 9.390512 -1.821848
v 4.748438 10.223479 -3.305741
v 4.345527 10.344002 -2.998349
v 4.799328 9.419776 -1.800398
v 4.748438 10.223479 -3.305741
v 4.799328 9.419776 -1.800398
v 4.828370 9.412868 -1.812077
v 4.345527 10.344002 -2.998349
v 4.048681 10.028469 -2.878279
v 4.778550 9.401690 -1.802950
v 4.345527 10.344002 -2.998349
v 4.778550 9.401690 -1.802950
v 4.799328 9.419776 -1.800398
v 3.447286 9.924006 -3.795497
v 3.251766 9.924006 -3.507361
v 3.405017 9.676601 -3.694142
v 3.447286 9.924006 -3.795497
v 3.405017 9.676601 -3.694142
v 3.616684 9.771101 -4.020992
v 3.447286 9.924006 -3.795497
v 3.616684 9.771101 -4.020992
v 3.594249 10.076911 -4.036216
v 3.447286 9.924006 -3.795497
v 3.594249 10.076911 -4.036216
v 3.368717 10.171412 -3.718774
v 3.447286 9.924006 -3.795497
v 3.368717 10.171412 -3.718774
v 3.251766 9.924006 -3.507361
v 4.805308 9.401690 -1.810696
v 4.778550 9.401690 -1.802950
v 4.794751 9.383604 -1.816207
v 4.805308 9.401690 -1.810696
v 4.794751 9.383604 -1.816207
v 4.825542 9.390512 -1.821848
v 4.805308 9.401690 -1.810696
v 4.825542 9.390512 -1.821848
v 4.828370 9.412868 -1.812077
v 4.805308 9.401690 -1.810696
v 4.828370 9.412868 -1.812077
v 4.799328 9.419776 -1.800398
v 4.805308 9.401690 -1.810696
v 4.799328 9.419776 -1.800398
v 4.778550 9.401690 -1.802950
vt 0.503906 0.496094
vt 0.552344 0.496094
vt 0.552344 0.375000
vt 0.503906 0.496094
vt 0.552344 0.375000
vt 0.503906 0.375000
vt 0.552344 0.496094
vt 0.600781 0.496094
vt 0.600781 0.375000
vt 0.552344 0.496094
vt 0.600781 0.375000
vt 0.552344 0.375000
vt 0.600781 0.496094
vt 0.649219 0.496094
vt 0.649219 0.375000
vt 0.600781 0.496094
vt 0.649219 0.375000
vt 0.600781 0.375000
vt 0.649219 0.496094
vt 0.697656 0.496094
vt 0.697656 0.375000
vt 0.649219 0.496094
vt 0.697656 0.375000
vt 0.649219 0.375000
vt 0.697656 0.496094
vt 0.746094 0.496094
vt 0.746094 0.375000
vt 0.697656 0.496094
vt 0.746094 0.375000
vt 0.697656 0.375000
vt 0.503906 0.375000
vt 0.552344 0.375000
vt 0.552344 0.253906
vt 0.503906 0.375000
vt 0.552344 0.253906
vt 0.503906 0.253906
vt 0.552344 0.375000
vt 0.600781 0.375000
vt 0.600781 0.253906
vt 0.552344 0.375000
vt 0.600781 0.253906
vt 0.552344 0.253906
vt 0.600781 0.375000
vt 0.649219 0.375000
vt 0.649219 0.253906
vt 0.600781 0.375000
vt 0.649219 0.253906
vt 0.600781 0.253906
vt 0.649219 0.375000
vt 0.697656 0.375000
vt 0.697656 0.253906
vt 0.649219 0.375000
vt 0.697656 0.253906
vt 0.649219 0.253906
vt 0.697656 0.375000
vt 0.746094 0.375000
vt 0.746094 0.253906
vt 0.697656 0.375000
vt 0.746094 0.253906
vt 0.697656 0.253906
vt 0.625000 0.375000
vt 0.503906 0.496094
vt 0.746094 0.253906
vt 0.625000 0.375000
vt 0.503906 0.496094
vt 0.746094 0.253906
vt 0.625000 0.375000
vt 0.503906 0.496094
vt 0.746094 0.253906
vt 0.625000 0.375000
vt 0.503906 0.496094
vt 0.746094 0.253906
vt 0.625000 0.375000
vt 0.503906 0.496094
vt 0.746094 0.253906
vt 0.625000 0.375000
vt 0.503906 0.496094
vt 0.746094 0.253906
vt 0.625000 0.375000
vt 0.503906 0.496094
vt 0.746094 0.253906
vt 0.625000 0.375000
vt 0.503906 0.496094
vt 0.746094 0.253906
vt 0.625000 0.375000
vt 0.503906 0.496094
vt 0.746094 0.253906
vt 0.625000 0.375000
vt 0.503906 0.496094
vt 0.746094 0.253906
vn -0.381536 -0.695768 0.608553
vn -0.381536 -0.695768 0.608553
vn -0.381536 -0.695768 0.608553
vn -0.379541 -0.705917 0.598021
vn -0.379541 -0.705917 0.598021
vn -0.379541 -0.705917 0.598021
vn 0.160959 -0.971048 -0.176518
vn 0.160959 -0.971048 -0.176518
vn 0.160959 -0.971048 -0.176518
vn 0.161408 -0.970599 -0.178565
vn 0.161408 -0.970599 -0.178565
vn 0.161408 -0.970599 -0.178565
vn 0.535037 -0.002805 -0.844824
vn 0.535037 -0.002805 -0.844824
vn 0.535037 -0.002805 -0.844824
vn 0.505509 0.091783 -0.857926
vn 0.505509 0.091783 -0.857926
vn 0.505509 0.091783 -0.857926
vn 0.027095 0.963181 -0.267484
vn 0.027095 0.963181 -0.267484
vn 0.027095 0.963181 -0.267484
vn 0.063210 0.954512 -0.291395
vn 0.063210 0.954512 -0.291395
vn 0.063210 0.954512 -0.291395
vn -0.503932 0.686331 0.524407
vn -0.503932 0.686331 0.524407
vn -0.503932 0.686331 0.524407
vn -0.509271 0.679889 0.527631
vn -0.509271 0.679889 0.527631
vn -0.509271 0.679889 0.527631
vn -0.758022 -0.635539 0.146601
vn -0.758022 -0.635539 0.146601
vn -0.758022 -0.635539 0.146601
vn -0.713366 -0.696406 0.078274
vn -0.713366 -0.696406 0.078274
vn -0.713366 -0.696406 0.078274
vn 0.095188 -0.955276 -0.279977
vn 0.095188 -0.955276 -0.279977
vn 0.095188 -0.955276 -0.279977
vn 0.155596 -0.940406 -0.302369
vn 0.155596 -0.940406 -0.302369
vn 0.155596 -0.940406 -0.302369
vn 0.988893 -0.101883 -0.108212
vn 0.988893 -0.101883 -0.108212
vn 0.988893 -0.101883 -0.108212
vn 0.991447 -0.080556 -0.102684
vn 0.991447 -0.080556 -0.102684
vn 0.991447 -0.080556 -0.102684
vn 0.522846 0.759183 0.387652
vn 0.522846 0.759183 0.387652
vn 0.522846 0.759183 0.387652
vn 0.368452 0.825201 0.428119
vn 0.368452 0.825201 0.428119
vn 0.368452 0.825201 0.428119
vn -0.413079 0.636475 0.651357
vn -0.413079 0.636475 0.651357
vn -0.413079 0.636475 0.651357
vn -0.552369 0.545640 0.630210
vn -0.552369 0.545640 0.630210
vn -0.552369 0.545640 0.630210
vn 0.824243 0.088312 0.559308
vn 0.824243 0.088312 0.559308
vn 0.824243 0.088312 0.559308
vn 0.824243 0.088312 0.559308
vn 0.824243 0.088312 0.559308
vn 0.824243 0.088312 0.559308
vn 0.824243 0.088312 0.559308
vn 0.824243 0.088312 0.559308
vn 0.824243 0.088312 0.559308
vn 0.824243 0.088312 0.559308
vn 0.824243 0.088312 0.559308
vn 0.824243 0.088312 0.559308
vn 0.824243 0.088312 0.559308
vn 0.824243 0.088312 0.559308
vn 0.824243 0.088312 0.559308
vn 0.253091 -0.414149 0.874314
vn 0.253091 -0.414149 0.874314
vn 0.253091 -0.414149 0.874314
vn 0.253091 -0.414149 0.874314
vn 0.253091 -0.414149 0.874314
vn 0.253091 -0.414149 0.874314
vn 0.253091 -0.414149 0.874314
vn 0.253091 -0.414149 0.874314
vn 0.253091 -0.414149 0.874314
vn 0.253091 -0.414149 0.874314
vn 0.253091 -0.414149 0.874314
vn 0.253091 -0.414149 0.874314
vn 0.253091 -0.414149 0.874314
vn 0.253091 -0.414149 0.874314
vn 0.253091 -0.414149 0.874314
f 6865/6865/6865 6866/6866/6866 6867/6867/6867
f 6868/6868/6868 6869/6869/6869 6870/6870/6870
f 6871/6871/6871 6872/6872/6872 6873/6873/6873
f 6874/6874/6874 6875/6875/6875 6876/6876/6876
f 6877/6877/6877 6878/6878/6878 6879/6879/6879
f 6880/6880/6880 6881/6881/6881 6882/6882/6882
f 6883/6883/6883 6884/6884/6884 6885/6885/6885
f 6886/6886/6886 6887/6887/6887 6888/6888/6888
f 6889/6889/6889 6890/6890/6890 6891/6891/6891
f 6892/6892/6892 6893/6893/6893 6894/6894/6894
f 6895/6895/6895 6896/6896/6896 6897/6897/6897
f 6898/6898/6898 6899/6899/6899 6900/6900/6900
f 6901/6901/6901 6902/6902/6902 6903/6903/6903
f 6904/6904/6904 6905/6905/6905 6906/6906/6906
f 6907/6907/6907 6908/6908/6908 6909/6909/6909
f 6910/6910/6910 6911/6911/6911 6912/6912/6912
f 6913/6913/6913 6914/6914/6914 6915/6915/6915
f 6916/6916/6916 6917/6917/6917 6918/6918/6918
f 6919/6919/6919 6920/6920/6920 6921/6921/6921
f 6922/6922/6922 6923/6923/6923 6924/6924/6924
f 6925/6925/6925 6926/6926/6926 6927/6927/6927
f 6928/6928/6928 6929/6929/6929 6930/6930/6930
f 6931/6931/6931 6932/6932/6932 6933/6933/6933
f 6934/6934/6934 6935/6935/6935 6936/6936/6936
f 6937/6937/6937 6938/6938/6938 6939/6939/6939
f 6940/6940/6940 6941/6941/6941 6942/6942/6942
f 6943/6943/6943 6944/6944/6944 6945/6945/6945
f 6946/6946/6946 6947/6947/6947 6948/6948/6948
f 6949/6949/6949 6950/6950/6950 6951/6951/6951
f 6952/6952/6952 6953/6953/6953 6954/6954/6954
o Tail
usemtl PaintedTeaFantasy
v -0.347675 6.163330 7.404924
v -0.149790 5.773332 7.181237
v 1.089061 5.382848 9.018910
v -0.347675 6.163330 7.404924
v 1.089061 5.382848 9.018910
v 0.876956 5.745477 9.175197
v -0.149790 5.773332 7.181237
v 0.255099 5.922298 6.946362
v 1.432253 5.521360 8.766032
v -0.149790 5.773332 7.181237
v 1.432253 5.521360 8.766032
v 1.089061 5.382848 9.018910
v 0.255099 5.922298 6.946362
v 0.307450 6.404362 7.024888
v 1.432253 5.969594 8.766032
v 0.255099 5.922298 6.946362
v 1.432253 5.969594 8.766032
v 1.432253 5.521360 8.766032
v 0.307450 6.404362 7.024888
v -0.065085 6.553328 7.308295
v 1.089061 6.108106 9.018910
v 0.307450 6.404362 7.024888
v 1.089061 6.108106 9.018910
v 1.432253 5.969594 8.766032
v -0.065085 6.553328 7.308295
v -0.347675 6.163330 7.404924
v 0.876956 5.745477 9.175197
v -0.065085 6.553328 7.308295
v 0.876956 5.745477 9.175197
v 1.089061 6.108106 9.018910
v 0.876956 5.745477 9.175197
v 1.089061 5.382848 9.018910
v 2.440395 5.869581 10.661534
v 0.876956 5.745477 9.175197
v 2.440395 5.869581 10.661534
v 2.162586 6.163330 10.689167
v 1.089061 5.382848 9.018910
v 1.432253 5.521360 8.766032
v 2.714169 5.981783 10.384607
v 1.089061 5.382848 9.018910
v 2.714169 5.981783 10.384607
v 2.440395 5.869581 10.661534
v 1.432253 5.521360 8.766032
v 1.432253 5.969594 8.766032
v 2.605561 6.344877 10.241090
v 1.432253 5.521360 8.766032
v 2.605561 6.344877 10.241090
v 2.714169 5.981783 10.384607
v 1.432253 5.969594 8.766032
v 1.089061 6.108106 9.018910
v 2.264664 6.457079 10.429318
v 1.432253 5.969594 8.766032
v 2.264664 6.457079 10.429318
v 2.605561 6.344877 10.241090
v 1.089061 6.108106 9.018910
v 0.876956 5.745477 9.175197
v 2.162586 6.163330 10.689167
v 1.089061 6.108106 9.018910
v 2.162586 6.163330 10.689167
v 2.264664 6.457079 10.429318
v 2.162586 6.163330 10.689167
v 2.440395 5.869581 10.661534
v 3.100942 7.178690 11.781645
v 2.162586 6.163330 10.689167
v 3.100942 7.178690 11.781645
v 2.835309 7.347247 11.602011
v 2.440395 5.869581 10.661534
v 2.714169 5.981783 10.384607
v 3.412117 7.243073 11.607676
v 2.440395 5.869581 10.661534
v 3.412117 7.243073 11.607676
v 3.100942 7.178690 11.781645
v 2.714169 5.981783 10.384607
v 2.605561 6.344877 10.241090
v 3.338802 7.451420 11.320524
v 2.714169 5.981783 10.384607
v 3.338802 7.451420 11.320524
v 3.412117 7.243073 11.607676
v 2.605561 6.344877 10.241090
v 2.264664 6.457079 10.429318
v 2.982314 7.515803 11.317022
v 2.605561 6.344877 10.241090
v 2.982314 7.515803 11.317022
v 3.338802 7.451420 11.320524
v 2.264664 6.457079 10.429318
v 2.162586 6.163330 10.689167
v 2.835309 7.347247 11.602011
v 2.264664 6.457079 10.429318
v 2.835309 7.347247 11.602011
v 2.982314 7.515803 11.317022
v 2.835309 7.347247 11.602011
v 3.100942 7.178690 11.781645
v 2.682478 8.443811 12.287926
v 2.835309 7.347247 11.602011
v 2.682478 8.443811 12.287926
v 2.609575 8.565984 12.002086
v 3.100942 7.178690 11.781645
v 3.412117 7.243073 11.607676
v 2.994254 8.490477 12.338567
v 3.100942 7.178690 11.781645
v 2.994254 8.490477 12.338567
v 2.682478 8.443811 12.287926
v 3.412117 7.243073 11.607676
v 3.338802 7.451420 11.320524
v 3.114039 8.641492 12.084024
v 3.412117 7.243073 11.607676
v 3.114039 8.641492 12.084024
v 2.994254 8.490477 12.338567
v 3.338802 7.451420 11.320524
v 2.982314 7.515803 11.317022
v 2.876294 8.688158 11.876067
v 3.338802 7.451420 11.320524
v 2.876294 8.688158 11.876067
v 3.114039 8.641492 12.084024
v 2.982314 7.515803 11.317022
v 2.835309 7.347247 11.602011
v 2.609575 8.565984 12.002086
v 2.982314 7.515803 11.317022
v 2.609575 8.565984 12.002086
v 2.876294 8.688158 11.876067
v 0.000000 6.163330 7.173141
v -0.347675 6.163330 7.404924
v -0.149790 5.773332 7.181237
v 0.000000 6.163330 7.173141
v -0.149790 5.773332 7.181237
v 0.255099 5.922298 6.946362
v 0.000000 6.163330 7.173141
v 0.255099 5.922298 6.946362
v 0.307450 6.404362 7.024888
v 0.000000 6.163330 7.173141
v 0.307450 6.404362 7.024888
v -0.065085 6.553328 7.308295
v 0.000000 6.163330 7.173141
v -0.065085 6.553328 7.308295
v -0.347675 6.163330 7.404924
v 2.855328 8.565984 12.117734
v 2.609575 8.565984 12.002086
v 2.682478 8.443811 12.287926
v 2.855328 8.565984 12.117734
v 2.682478 8.443811 12.287926
v 2.994254 8.490477 12.338567
v 2.855328 8.565984 12.117734
v 2.994254 8.490477 12.338567
v 3.114039 8.641492 12.084024
v 2.855328 8.565984 12.117734
v 3.114039 8.641492 12.084024
v 2.876294 8.688158 11.876067
v 2.855328 8.565984 12.117734
v 2.876294 8.688158 11.876067
v 2.609575 8.565984 12.002086
vt 0.003906 0.753906
vt 0.052344 0.753906
vt 0.052344 0.814453
vt 0.003906 0.753906
vt 0.052344 0.814453
vt 0.003906 0.814453
vt 0.052344 0.753906
vt 0.100781 0.753906
vt 0.100781 0.814453
vt 0.052344 0.753906
vt 0.100781 0.814453
vt 0.052344 0.814453
vt 0.100781 0.753906
vt 0.149219 0.753906
vt 0.149219 0.814453
vt 0.100781 0.753906
vt 0.149219 0.814453
vt 0.100781 0.814453
vt 0.149219 0.753906
vt 0.197656 0.753906
vt 0.197656 0.814453
vt 0.149219 0.753906
vt 0.197656 0.814453
vt 0.149219 0.814453
vt 0.197656 0.753906
vt 0.246094 0.753906
vt 0.246094 0.814453
vt 0.197656 0.753906
vt 0.246094 0.814453
vt 0.197656 0.814453
vt 0.003906 0.814453
vt 0.052344 0.814453
vt 0.052344 0.875000
vt 0.003906 0.814453
vt 0.052344 0.875000
vt 0.003906 0.875000
vt 0.052344 0.814453
vt 0.100781 0.814453
vt 0.100781 0.875000
vt 0.052344 0.814453
vt 0.100781 0.875000
vt 0.052344 0.875000
vt 0.100781 0.814453
vt 0.149219 0.814453
vt 0.149219 0.875000
vt 0.100781 0.814453
vt 0.149219 0.875000
vt 0.100781 0.875000
vt 0.149219 0.814453
vt 0.197656 0.814453
vt 0.197656 0.875000
vt 0.149219 0.814453
vt 0.197656 0.875000
vt 0.149219 0.875000
vt 0.197656 0.814453
vt 0.246094 0.814453
vt 0.246094 0.875000
vt 0.197656 0.814453
vt 0.246094 0.875000
vt 0.197656 0.875000
vt 0.003906 0.875000
vt 0.052344 0.875000
vt 0.052344 0.935547
vt 0.003906 0.875000
vt 0.052344 0.935547
vt 0.003906 0.935547
vt 0.052344 0.875000
vt 0.100781 0.875000
vt 0.100781 0.935547
vt 0.052344 0.875000
vt 0.100781 0.935547
vt 0.052344 0.935547
vt 0.100781 0.875000
vt 0.149219 0.875000
vt 0.149219 0.935547
vt 0.100781 0.875000
vt 0.149219 0.935547
vt 0.100781 0.935547
vt 0.149219 0.875000
vt 0.197656 0.875000
vt 0.197656 0.935547
vt 0.149219 0.875000
vt 0.197656 0.935547
vt 0.149219 0.935547
vt 0.197656 0.875000
vt 0.246094 0.875000
vt 0.246094 0.935547
vt 0.197656 0.875000
vt 0.246094 0.935547
vt 0.197656 0.935547
vt 0.003906 0.935547
vt 0.052344 0.935547
vt 0.052344 0.996094
vt 0.003906 0.935547
vt 0.052344 0.996094
vt 0.003906 0.996094
vt 0.052344 0.935547
vt 0.100781 0.935547
vt 0.100781 0.996094
vt 0.052344 0.935547
vt 0.100781 0.996094
vt 0.052344 0.996094
vt 0.100781 0.935547
vt 0.149219 0.935547
vt 0.149219 0.996094
vt 0.100781 0.935547
vt 0.149219 0.996094
vt 0.100781 0.996094
vt 0.149219 0.935547
vt 0.197656 0.935547
vt 0.197656 0.996094
vt 0.149219 0.935547
vt 0.197656 0.996094
vt 0.149219 0.996094
vt 0.197656 0.935547
vt 0.246094 0.935547
vt 0.246094 0.996094
vt 0.197656 0.935547
vt 0.246094 0.996094
vt 0.197656 0.996094
vt 0.125000 0.875000
vt 0.003906 0.996094
vt 0.246094 0.753906
vt 0.125000 0.875000
vt 0.003906 0.996094
vt 0.246094 0.753906
vt 0.125000 0.875000
vt 0.003906 0.996094
vt 0.246094 0.753906
vt 0.125000 0.875000
vt 0.003906 0.996094
vt 0.246094 0.753906
vt 0.125000 0.875000
vt 0.003906 0.996094
vt 0.246094 0.753906
vt 0.125000 0.875000
vt 0.003906 0.996094
vt 0.246094 0.753906
vt 0.125000 0.875000
vt 0.003906 0.996094
vt 0.246094 0.753906
vt 0.125000 0.875000
vt 0.003906 0.996094
vt 0.246094 0.753906
vt 0.125000 0.875000
vt 0.003906 0.996094
vt 0.246094 0.753906
vt 0.125000 0.875000
vt 0.003906 0.996094
vt 0.246094 0.753906
vn -0.727407 -0.579695 0.367197
vn -0.727407 -0.579695 0.367197
vn -0.727407 -0.579695 0.367197
vn -0.726429 -0.582243 0.365094
vn -0.726429 -0.582243 0.365094
vn -0.726429 -0.582243 0.365094
vn 0.163403 -0.935949 -0.311929
vn 0.163403 -0.935949 -0.311929
vn 0.163403 -0.935949 -0.311929
vn 0.155120 -0.939867 -0.304284
vn 0.155120 -0.939867 -0.304284
vn 0.155120 -0.939867 -0.304284
vn 0.839658 -0.002714 -0.543108
vn 0.839658 -0.002714 -0.543108
vn 0.839658 -0.002714 -0.543108
vn 0.839629 -0.000000 -0.543160
vn 0.839629 -0.000000 -0.543160
vn 0.839629 -0.000000 -0.543160
vn 0.367440 0.930029 -0.005852
vn 0.367440 0.930029 -0.005852
vn 0.367440 0.930029 -0.005852
vn 0.369854 0.929064 -0.006941
vn 0.369854 0.929064 -0.006941
vn 0.369854 0.929064 -0.006941
vn -0.603525 0.574343 0.553071
vn -0.603525 0.574343 0.553071
vn -0.603525 0.574343 0.553071
vn -0.593352 0.585241 0.552653
vn -0.593352 0.585241 0.552653
vn -0.593352 0.585241 0.552653
vn -0.537320 -0.578697 0.613512
vn -0.537320 -0.578697 0.613512
vn -0.537320 -0.578697 0.613512
vn -0.541702 -0.570388 0.617427
vn -0.541702 -0.570388 0.617427
vn -0.541702 -0.570388 0.617427
vn 0.361021 -0.932328 -0.020718
vn 0.361021 -0.932328 -0.020718
vn 0.361021 -0.932328 -0.020718
vn 0.361069 -0.932307 -0.020784
vn 0.361069 -0.932307 -0.020784
vn 0.361069 -0.932307 -0.020784
vn 0.782610 -0.000000 -0.622513
vn 0.782610 -0.000000 -0.622513
vn 0.782610 -0.000000 -0.622513
vn 0.785239 -0.009834 -0.619114
vn 0.785239 -0.009834 -0.619114
vn 0.785239 -0.009834 -0.619114
vn 0.127857 0.932661 -0.337337
vn 0.127857 0.932661 -0.337337
vn 0.127857 0.932661 -0.337337
vn 0.122460 0.934196 -0.335085
vn 0.122460 0.934196 -0.335085
vn 0.122460 0.934196 -0.335085
vn -0.690075 0.586429 0.424143
vn -0.690075 0.586429 0.424143
vn -0.690075 0.586429 0.424143
vn -0.679112 0.604428 0.416502
vn -0.679112 0.604428 0.416502
vn -0.679112 0.604428 0.416502
vn -0.411969 -0.463417 0.784555
vn -0.411969 -0.463417 0.784555
vn -0.411969 -0.463417 0.784555
vn -0.635919 -0.211033 0.742342
vn -0.635919 -0.211033 0.742342
vn -0.635919 -0.211033 0.742342
vn 0.635060 -0.689373 0.348516
vn 0.635060 -0.689373 0.348516
vn 0.635060 -0.689373 0.348516
vn 0.453179 -0.700437 0.551376
vn 0.453179 -0.700437 0.551376
vn 0.453179 -0.700437 0.551376
vn 0.818477 0.017837 -0.574262
vn 0.818477 0.017837 -0.574262
vn 0.818477 0.017837 -0.574262
vn 0.920236 -0.165175 -0.354799
vn 0.920236 -0.165175 -0.354799
vn 0.920236 -0.165175 -0.354799
vn -0.158325 0.695212 -0.701152
vn -0.158325 0.695212 -0.701152
vn -0.158325 0.695212 -0.701152
vn 0.124634 0.649291 -0.750259
vn 0.124634 0.649291 -0.750259
vn 0.124634 0.649291 -0.750259
vn -0.900063 0.418915 0.119990
vn -0.900063 0.418915 0.119990
vn -0.900063 0.418915 0.119990
vn -0.801451 0.594882 -0.061569
vn -0.801451 0.594882 -0.061569
vn -0.801451 0.594882 -0.061569
vn -0.678637 -0.455155 0.576442
vn -0.678637 -0.455155 0.576442
vn -0.678637 -0.455155 0.576442
vn -0.962511 -0.227009 0.148458
vn -0.962511 -0.227009 0.148458
vn -0.962511 -0.227009 0.148458
vn 0.512046 -0.300054 0.804846
vn 0.512046 -0.300054 0.804846
vn 0.512046 -0.300054 0.804846
vn -0.089306 -0.395375 0.914168
vn -0.089306 -0.395375 0.914168
vn -0.089306 -0.395375 0.914168
vn 0.969264 0.233251 -0.078233
vn 0.969264 0.233251 -0.078233
vn 0.969264 0.233251 -0.078233
vn 0.894922 0.039350 0.444485
vn 0.894922 0.039350 0.444485
vn 0.894922 0.039350 0.444485
vn 0.087401 0.435205 -0.896079
vn 0.087401 0.435205 -0.896079
vn 0.087401 0.435205 -0.896079
vn 0.623046 0.502328 -0.599566
vn 0.623046 0.502328 -0.599566
vn 0.623046 0.502328 -0.599566
vn -0.885810 -0.011785 -0.463898
vn -0.885810 -0.011785 -0.463898
vn -0.885810 -0.011785 -0.463898
vn -0.522219 0.328135 -0.787156
vn -0.522219 0.328135 -0.787156
vn -0.522219 0.328135 -0.787156
vn 0.544366 -0.192129 0.816549
vn 0.544366 -0.192129 0.816549
vn 0.544366 -0.192129 0.816549
vn 0.544366 -0.192129 0.816549
vn 0.544366 -0.192129 0.816549
vn 0.544366 -0.192129 0.816549
vn 0.544366 -0.192129 0.816549
vn 0.544366 -0.192129 0.816549
vn 0.544366 -0.192129 0.816549
vn 0.544366 -0.192129 0.816549
vn 0.544366 -0.192129 0.816549
vn 0.544366 -0.192129 0.816549
vn 0.544366 -0.192129 0.816549
vn 0.544366 -0.192129 0.816549
vn 0.544366 -0.192129 0.816549
vn -0.201389 0.881078 0.427952
vn -0.201389 0.881078 0.427952
vn -0.201389 0.881078 0.427952
vn -0.201389 0.881078 0.427952
vn -0.201389 0.881078 0.427952
vn -0.201389 0.881078 0.427952
vn -0.201389 0.881078 0.427952
vn -0.201389 0.881078 0.427952
vn -0.201389 0.881078 0.427952
vn -0.201389 0.881078 0.427952
vn -0.201389 0.881078 0.427952
vn -0.201389 0.881078 0.427952
vn -0.201389 0.881078 0.427952
vn -0.201389 0.881078 0.427952
vn -0.201389 0.881078 0.427952
f 6955/6955/6955 6956/6956/6956 6957/6957/6957
f 6958/6958/6958 6959/6959/6959 6960/6960/6960
f 6961/6961/6961 6962/6962/6962 6963/6963/6963
f 6964/6964/6964 6965/6965/6965 6966/6966/6966
f 6967/6967/6967 6968/6968/6968 6969/6969/6969
f 6970/6970/6970 6971/6971/6971 6972/6972/6972
f 6973/6973/6973 6974/6974/6974 6975/6975/6975
f 6976/6976/6976 6977/6977/6977 6978/6978/6978
f 6979/6979/6979 6980/6980/6980 6981/6981/6981
f 6982/6982/6982 6983/6983/6983 6984/6984/6984
f 6985/6985/6985 6986/6986/6986 6987/6987/6987
f 6988/6988/6988 6989/6989/6989 6990/6990/6990
f 6991/6991/6991 6992/6992/6992 6993/6993/6993
f 6994/6994/6994 6995/6995/6995 6996/6996/6996
f 6997/6997/6997 6998/6998/6998 6999/6999/6999
f 7000/7000/7000 7001/7001/7001 7002/7002/7002
f 7003/7003/7003 7004/7004/7004 7005/7005/7005
f 7006/7006/7006 7007/7007/7007 7008/7008/7008
f 7009/7009/7009 7010/7010/7010 7011/7011/7011
f 7012/7012/7012 7013/7013/7013 7014/7014/7014
f 7015/7015/7015 7016/7016/7016 7017/7017/7017
f 7018/7018/7018 7019/7019/7019 7020/7020/7020
f 7021/7021/7021 7022/7022/7022 7023/7023/7023
f 7024/7024/7024 7025/7025/7025 7026/7026/7026
f 7027/7027/7027 7028/7028/7028 7029/7029/7029
f 7030/7030/7030 7031/7031/7031 7032/7032/7032
f 7033/7033/7033 7034/7034/7034 7035/7035/7035
f 7036/7036/7036 7037/7037/7037 7038/7038/7038
f 7039/7039/7039 7040/7040/7040 7041/7041/7041
f 7042/7042/7042 7043/7043/7043 7044/7044/7044
f 7045/7045/7045 7046/7046/7046 7047/7047/7047
f 7048/7048/7048 7049/7049/7049 7050/7050/7050
f 7051/7051/7051 7052/7052/7052 7053/7053/7053
f 7054/7054/7054 7055/7055/7055 7056/7056/7056
f 7057/7057/7057 7058/7058/7058 7059/7059/7059
f 7060/7060/7060 7061/7061/7061 7062/7062/7062
f 7063/7063/7063 7064/7064/7064 7065/7065/7065
f 7066/7066/7066 7067/7067/7067 7068/7068/7068
f 7069/7069/7069 7070/7070/7070 7071/7071/7071
f 7072/7072/7072 7073/7073/7073 7074/7074/7074
f 7075/7075/7075 7076/7076/7076 7077/7077/7077
f 7078/7078/7078 7079/7079/7079 7080/7080/7080
f 7081/7081/7081 7082/7082/7082 7083/7083/7083
f 7084/7084/7084 7085/7085/7085 7086/7086/7086
f 7087/7087/7087 7088/7088/7088 7089/7089/7089
f 7090/7090/7090 7091/7091/7091 7092/7092/7092
f 7093/7093/7093 7094/7094/7094 7095/7095/7095
f 7096/7096/7096 7097/7097/7097 7098/7098/7098
f 7099/7099/7099 7100/7100/7100 7101/7101/7101
f 7102/7102/7102 7103/7103/7103 7104/7104/7104
o TailTuft
usemtl PaintedTeaFantasy
v 2.263370 7.974026 11.734702
v 2.672403 7.840502 12.135273
v 1.998994 8.993331 12.128745
v 2.263370 7.974026 11.734702
v 1.998994 8.993331 12.128745
v 2.394238 9.123121 11.103336
v 2.672403 7.840502 12.135273
v 3.334232 7.891504 11.982269
v 2.787174 9.042906 13.138937
v 2.672403 7.840502 12.135273
v 2.787174 9.042906 13.138937
v 1.998994 8.993331 12.128745
v 3.334232 7.891504 11.982269
v 3.334232 8.056548 11.487135
v 3.669541 9.203337 12.737861
v 3.334232 7.891504 11.982269
v 3.669541 9.203337 12.737861
v 2.787174 9.042906 13.138937
v 3.334232 8.056548 11.487135
v 2.672403 8.107550 11.334131
v 3.426693 9.252912 11.479790
v 3.334232 8.056548 11.487135
v 3.426693 9.252912 11.479790
v 3.669541 9.203337 12.737861
v 2.672403 8.107550 11.334131
v 2.263370 7.974026 11.734702
v 2.394238 9.123121 11.103336
v 2.672403 8.107550 11.334131
v 2.394238 9.123121 11.103336
v 3.426693 9.252912 11.479790
v 2.394238 9.123121 11.103336
v 1.998994 8.993331 12.128745
v 2.453510 10.507055 11.883852
v 2.394238 9.123121 11.103336
v 2.453510 10.507055 11.883852
v 2.492305 10.515964 11.872124
v 1.998994 8.993331 12.128745
v 2.787174 9.042906 13.138937
v 2.440677 10.510458 11.930067
v 1.998994 8.993331 12.128745
v 2.440677 10.510458 11.930067
v 2.453510 10.507055 11.883852
v 2.787174 9.042906 13.138937
v 3.669541 9.203337 12.737861
v 2.471541 10.521471 11.946902
v 2.787174 9.042906 13.138937
v 2.471541 10.521471 11.946902
v 2.440677 10.510458 11.930067
v 3.669541 9.203337 12.737861
v 3.426693 9.252912 11.479790
v 2.503449 10.524874 11.911091
v 3.669541 9.203337 12.737861
v 2.503449 10.524874 11.911091
v 2.471541 10.521471 11.946902
v 3.426693 9.252912 11.479790
v 2.394238 9.123121 11.103336
v 2.492305 10.515964 11.872124
v 3.426693 9.252912 11.479790
v 2.492305 10.515964 11.872124
v 2.503449 10.524874 11.911091
v 2.855328 7.974026 11.734702
v 2.263370 7.974026 11.734702
v 2.672403 7.840502 12.135273
v 2.855328 7.974026 11.734702
v 2.672403 7.840502 12.135273
v 3.334232 7.891504 11.982269
v 2.855328 7.974026 11.734702
v 3.334232 7.891504 11.982269
v 3.334232 8.056548 11.487135
v 2.855328 7.974026 11.734702
v 3.334232 8.056548 11.487135
v 2.672403 8.107550 11.334131
v 2.855328 7.974026 11.734702
v 2.672403 8.107550 11.334131
v 2.263370 7.974026 11.734702
v 2.472296 10.515964 11.908807
v 2.492305 10.515964 11.872124
v 2.453510 10.507055 11.883852
v 2.472296 10.515964 11.908807
v 2.453510 10.507055 11.883852
v 2.440677 10.510458 11.930067
v 2.472296 10.515964 11.908807
v 2.440677 10.510458 11.930067
v 2.471541 10.521471 11.946902
v 2.472296 10.515964 11.908807
v 2.471541 10.521471 11.946902
v 2.503449 10.524874 11.911091
v 2.472296 10.515964 11.908807
v 2.503449 10.524874 11.911091
v 2.492305 10.515964 11.872124
vt 0.003906 0.996094
vt 0.052344 0.996094
vt 0.052344 0.875000
vt 0.003906 0.996094
vt 0.052344 0.875000
vt 0.003906 0.875000
vt 0.052344 0.996094
vt 0.100781 0.996094
vt 0.100781 0.875000
vt 0.052344 0.996094
vt 0.100781 0.875000
vt 0.052344 0.875000
vt 0.100781 0.996094
vt 0.149219 0.996094
vt 0.149219 0.875000
vt 0.100781 0.996094
vt 0.149219 0.875000
vt 0.100781 0.875000
vt 0.149219 0.996094
vt 0.197656 0.996094
vt 0.197656 0.875000
vt 0.149219 0.996094
vt 0.197656 0.875000
vt 0.149219 0.875000
vt 0.197656 0.996094
vt 0.246094 0.996094
vt 0.246094 0.875000
vt 0.197656 0.996094
vt 0.246094 0.875000
vt 0.197656 0.875000
vt 0.003906 0.875000
vt 0.052344 0.875000
vt 0.052344 0.753906
vt 0.003906 0.875000
vt 0.052344 0.753906
vt 0.003906 0.753906
vt 0.052344 0.875000
vt 0.100781 0.875000
vt 0.100781 0.753906
vt 0.052344 0.875000
vt 0.100781 0.753906
vt 0.052344 0.753906
vt 0.100781 0.875000
vt 0.149219 0.875000
vt 0.149219 0.753906
vt 0.100781 0.875000
vt 0.149219 0.753906
vt 0.100781 0.753906
vt 0.149219 0.875000
vt 0.197656 0.875000
vt 0.197656 0.753906
vt 0.149219 0.875000
vt 0.197656 0.753906
vt 0.149219 0.753906
vt 0.197656 0.875000
vt 0.246094 0.875000
vt 0.246094 0.753906
vt 0.197656 0.875000
vt 0.246094 0.753906
vt 0.197656 0.753906
vt 0.125000 0.875000
vt 0.003906 0.996094
vt 0.246094 0.753906
vt 0.125000 0.875000
vt 0.003906 0.996094
vt 0.246094 0.753906
vt 0.125000 0.875000
vt 0.003906 0.996094
vt 0.246094 0.753906
vt 0.125000 0.875000
vt 0.003906 0.996094
vt 0.246094 0.753906
vt 0.125000 0.875000
vt 0.003906 0.996094
vt 0.246094 0.753906
vt 0.125000 0.875000
vt 0.003906 0.996094
vt 0.246094 0.753906
vt 0.125000 0.875000
vt 0.003906 0.996094
vt 0.246094 0.753906
vt 0.125000 0.875000
vt 0.003906 0.996094
vt 0.246094 0.753906
vt 0.125000 0.875000
vt 0.003906 0.996094
vt 0.246094 0.753906
vt 0.125000 0.875000
vt 0.003906 0.996094
vt 0.246094 0.753906
vn -0.703371 -0.407567 0.582373
vn -0.703371 -0.407567 0.582373
vn -0.703371 -0.407567 0.582373
vn -0.924466 -0.097266 -0.368647
vn -0.924466 -0.097266 -0.368647
vn -0.924466 -0.097266 -0.368647
vn 0.219848 -0.637414 0.738492
vn 0.219848 -0.637414 0.738492
vn 0.219848 -0.637414 0.738492
vn -0.708911 -0.410854 0.573275
vn -0.708911 -0.410854 0.573275
vn -0.708911 -0.410854 0.573275
vn 0.975394 -0.209157 -0.069719
vn 0.975394 -0.209157 -0.069719
vn 0.975394 -0.209157 -0.069719
vn 0.428803 -0.530697 0.731088
vn 0.428803 -0.530697 0.731088
vn 0.428803 -0.530697 0.731088
vn 0.223481 -0.023254 -0.974431
vn 0.223481 -0.023254 -0.974431
vn 0.223481 -0.023254 -0.974431
vn 0.978407 -0.076794 -0.191890
vn 0.978407 -0.076794 -0.191890
vn 0.978407 -0.076794 -0.191890
vn -0.603206 -0.330210 -0.726019
vn -0.603206 -0.330210 -0.726019
vn -0.603206 -0.330210 -0.726019
vn 0.352970 -0.114356 -0.928620
vn 0.352970 -0.114356 -0.928620
vn 0.352970 -0.114356 -0.928620
vn -0.918705 0.223134 -0.325872
vn -0.918705 0.223134 -0.325872
vn -0.918705 0.223134 -0.325872
vn -0.352610 0.471102 -0.808535
vn -0.352610 0.471102 -0.808535
vn -0.352610 0.471102 -0.808535
vn -0.759865 0.296952 0.578295
vn -0.759865 0.296952 0.578295
vn -0.759865 0.296952 0.578295
vn -0.931919 0.235154 -0.276096
vn -0.931919 0.235154 -0.276096
vn -0.931919 0.235154 -0.276096
vn 0.218318 0.640321 0.736428
vn 0.218318 0.640321 0.736428
vn 0.218318 0.640321 0.736428
vn -0.546030 0.452076 0.705322
vn -0.546030 0.452076 0.705322
vn -0.546030 0.452076 0.705322
vn 0.781805 0.610482 -0.126857
vn 0.781805 0.610482 -0.126857
vn 0.781805 0.610482 -0.126857
vn 0.475773 0.728323 0.493138
vn 0.475773 0.728323 0.493138
vn 0.475773 0.728323 0.493138
vn 0.254426 0.453539 -0.854149
vn 0.254426 0.453539 -0.854149
vn 0.254426 0.453539 -0.854149
vn 0.700893 0.625172 -0.343378
vn 0.700893 0.625172 -0.343378
vn 0.700893 0.625172 -0.343378
vn 0.000000 0.948683 0.316228
vn 0.000000 0.948683 0.316228
vn 0.000000 0.948683 0.316228
vn -0.000000 0.948683 0.316228
vn -0.000000 0.948683 0.316228
vn -0.000000 0.948683 0.316228
vn 0.000000 0.948683 0.316228
vn 0.000000 0.948683 0.316228
vn 0.000000 0.948683 0.316228
vn 0.000000 0.948683 0.316228
vn 0.000000 0.948683 0.316228
vn 0.000000 0.948683 0.316228
vn 0.000000 0.948683 0.316228
vn 0.000000 0.948683 0.316228
vn 0.000000 0.948683 0.316228
vn -0.262426 0.954276 -0.143141
vn -0.262426 0.954276 -0.143141
vn -0.262426 0.954276 -0.143141
vn -0.262426 0.954276 -0.143141
vn -0.262426 0.954276 -0.143141
vn -0.262426 0.954276 -0.143141
vn -0.262426 0.954276 -0.143141
vn -0.262426 0.954276 -0.143141
vn -0.262426 0.954276 -0.143141
vn -0.262426 0.954276 -0.143141
vn -0.262426 0.954276 -0.143141
vn -0.262426 0.954276 -0.143141
vn -0.262426 0.954276 -0.143141
vn -0.262426 0.954276 -0.143141
vn -0.262426 0.954276 -0.143141
f 7105/7105/7105 7106/7106/7106 7107/7107/7107
f 7108/7108/7108 7109/7109/7109 7110/7110/7110
f 7111/7111/7111 7112/7112/7112 7113/7113/7113
f 7114/7114/7114 7115/7115/7115 7116/7116/7116
f 7117/7117/7117 7118/7118/7118 7119/7119/7119
f 7120/7120/7120 7121/7121/7121 7122/7122/7122
f 7123/7123/7123 7124/7124/7124 7125/7125/7125
f 7126/7126/7126 7127/7127/7127 7128/7128/7128
f 7129/7129/7129 7130/7130/7130 7131/7131/7131
f 7132/7132/7132 7133/7133/7133 7134/7134/7134
f 7135/7135/7135 7136/7136/7136 7137/7137/7137
f 7138/7138/7138 7139/7139/7139 7140/7140/7140
f 7141/7141/7141 7142/7142/7142 7143/7143/7143
f 7144/7144/7144 7145/7145/7145 7146/7146/7146
f 7147/7147/7147 7148/7148/7148 7149/7149/7149
f 7150/7150/7150 7151/7151/7151 7152/7152/7152
f 7153/7153/7153 7154/7154/7154 7155/7155/7155
f 7156/7156/7156 7157/7157/7157 7158/7158/7158
f 7159/7159/7159 7160/7160/7160 7161/7161/7161
f 7162/7162/7162 7163/7163/7163 7164/7164/7164
f 7165/7165/7165 7166/7166/7166 7167/7167/7167
f 7168/7168/7168 7169/7169/7169 7170/7170/7170
f 7171/7171/7171 7172/7172/7172 7173/7173/7173
f 7174/7174/7174 7175/7175/7175 7176/7176/7176
f 7177/7177/7177 7178/7178/7178 7179/7179/7179
f 7180/7180/7180 7181/7181/7181 7182/7182/7182
f 7183/7183/7183 7184/7184/7184 7185/7185/7185
f 7186/7186/7186 7187/7187/7187 7188/7188/7188
f 7189/7189/7189 7190/7190/7190 7191/7191/7191
f 7192/7192/7192 7193/7193/7193 7194/7194/7194
