mtllib Vinefang_S9_FacetedReview.mtl
s off
o Body
usemtl PaintedVinefangFantasy
v 3.658780 2.616519 -3.540487
v 2.587148 4.619320 -3.540487
v 3.593262 5.240221 -1.166278
v 3.658780 2.616519 -3.540487
v 3.593262 5.240221 -1.166278
v 5.081639 3.031249 -1.166278
v 2.587148 4.619320 -3.540487
v 0.000000 5.448908 -3.540487
v 0.000000 6.155207 -1.166278
v 2.587148 4.619320 -3.540487
v 0.000000 6.155207 -1.166278
v 3.593262 5.240221 -1.166278
v 0.000000 5.448908 -3.540487
v -2.587148 4.619320 -3.540487
v -3.593262 5.240221 -1.166278
v 0.000000 5.448908 -3.540487
v -3.593262 5.240221 -1.166278
v 0.000000 6.155207 -1.166278
v -2.587148 4.619320 -3.540487
v -3.658780 2.616519 -3.540487
v -5.081639 3.031249 -1.166278
v -2.587148 4.619320 -3.540487
v -5.081639 3.031249 -1.166278
v -3.593262 5.240221 -1.166278
v -3.658780 2.616519 -3.540487
v -2.587148 0.613717 -3.540487
v -3.593262 0.822276 -1.166278
v -3.658780 2.616519 -3.540487
v -3.593262 0.822276 -1.166278
v -5.081639 3.031249 -1.166278
v -2.587148 0.613717 -3.540487
v -0.000000 -0.215871 -3.540487
v -0.000000 -0.092710 -1.166278
v -2.587148 0.613717 -3.540487
v -0.000000 -0.092710 -1.166278
v -3.593262 0.822276 -1.166278
v -0.000000 -0.215871 -3.540487
v 2.587148 0.613717 -3.540487
v 3.593262 0.822276 -1.166278
v -0.000000 -0.215871 -3.540487
v 3.593262 0.822276 -1.166278
v -0.000000 -0.092710 -1.166278
v 2.587148 0.613717 -3.540487
v 3.658780 2.616519 -3.540487
v 5.081639 3.031249 -1.166278
v 2.587148 0.613717 -3.540487
v 5.081639 3.031249 -1.166278
v 3.593262 0.822276 -1.166278
v 5.081639 3.031249 -1.166278
v 3.593262 5.240221 -1.166278
v 2.802744 3.225580 3.207264
v 5.081639 3.031249 -1.166278
v 2.802744 3.225580 3.207264
v 3.963679 1.546761 3.207264
v 3.593262 5.240221 -1.166278
v 0.000000 6.155207 -1.166278
v 0.000000 3.920970 3.207264
v 3.593262 5.240221 -1.166278
v 0.000000 3.920970 3.207264
v 2.802744 3.225580 3.207264
v 0.000000 6.155207 -1.166278
v -3.593262 5.240221 -1.166278
v -2.802744 3.225580 3.207264
v 0.000000 6.155207 -1.166278
v -2.802744 3.225580 3.207264
v 0.000000 3.920970 3.207264
v -3.593262 5.240221 -1.166278
v -5.081639 3.031249 -1.166278
v -3.963679 1.546761 3.207264
v -3.593262 5.240221 -1.166278
v -3.963679 1.546761 3.207264
v -2.802744 3.225580 3.207264
v -5.081639 3.031249 -1.166278
v -3.593262 0.822276 -1.166278
v -2.802744 -0.132058 3.207264
v -5.081639 3.031249 -1.166278
v -2.802744 -0.132058 3.207264
v -3.963679 1.546761 3.207264
v -3.593262 0.822276 -1.166278
v -0.000000 -0.092710 -1.166278
v -0.000000 -0.827447 3.207264
v -3.593262 0.822276 -1.166278
v -0.000000 -0.827447 3.207264
v -2.802744 -0.132058 3.207264
v -0.000000 -0.092710 -1.166278
v 3.593262 0.822276 -1.166278
v 2.802744 -0.132058 3.207264
v -0.000000 -0.092710 -1.166278
v 2.802744 -0.132058 3.207264
v -0.000000 -0.827447 3.207264
v 3.593262 0.822276 -1.166278
v 5.081639 3.031249 -1.166278
v 3.963679 1.546761 3.207264
v 3.593262 0.822276 -1.166278
v 3.963679 1.546761 3.207264
v 2.802744 -0.132058 3.207264
v 3.963679 1.546761 3.207264
v 2.802744 3.225580 3.207264
v 2.407485 3.343489 6.664445
v 3.963679 1.546761 3.207264
v 2.407485 3.343489 6.664445
v 3.404698 1.458499 6.664445
v 2.802744 3.225580 3.207264
v 0.000000 3.920970 3.207264
v 0.000000 4.124277 6.664445
v 2.802744 3.225580 3.207264
v 0.000000 4.124277 6.664445
v 2.407485 3.343489 6.664445
v 0.000000 3.920970 3.207264
v -2.802744 3.225580 3.207264
v -2.407485 3.343489 6.664445
v 0.000000 3.920970 3.207264
v -2.407485 3.343489 6.664445
v 0.000000 4.124277 6.664445
v -2.802744 3.225580 3.207264
v -3.963679 1.546761 3.207264
v -3.404698 1.458499 6.664445
v -2.802744 3.225580 3.207264
v -3.404698 1.458499 6.664445
v -2.407485 3.343489 6.664445
v -3.963679 1.546761 3.207264
v -2.802744 -0.132058 3.207264
v -2.407485 -0.426490 6.664445
v -3.963679 1.546761 3.207264
v -2.407485 -0.426490 6.664445
v -3.404698 1.458499 6.664445
v -2.802744 -0.132058 3.207264
v -0.000000 -0.827447 3.207264
v -0.000000 -1.207279 6.664445
v -2.802744 -0.132058 3.207264
v -0.000000 -1.207279 6.664445
v -2.407485 -0.426490 6.664445
v -0.000000 -0.827447 3.207264
v 2.802744 -0.132058 3.207264
v 2.407485 -0.426490 6.664445
v -0.000000 -0.827447 3.207264
v 2.407485 -0.426490 6.664445
v -0.000000 -1.207279 6.664445
v 2.802744 -0.132058 3.207264
v 3.963679 1.546761 3.207264
v 3.404698 1.458499 6.664445
v 2.802744 -0.132058 3.207264
v 3.404698 1.458499 6.664445
v 2.407485 -0.426490 6.664445
v 0.000000 2.616519 -3.540487
v 2.587148 4.619320 -3.540487
v 3.658780 2.616519 -3.540487
v 0.000000 2.616519 -3.540487
v 0.000000 5.448908 -3.540487
v 2.587148 4.619320 -3.540487
v 0.000000 2.616519 -3.540487
v -2.587148 4.619320 -3.540487
v 0.000000 5.448908 -3.540487
v 0.000000 2.616519 -3.540487
v -3.658780 2.616519 -3.540487
v -2.587148 4.619320 -3.540487
v 0.000000 2.616519 -3.540487
v -2.587148 0.613717 -3.540487
v -3.658780 2.616519 -3.540487
v 0.000000 2.616519 -3.540487
v -0.000000 -0.215871 -3.540487
v -2.587148 0.613717 -3.540487
v 0.000000 2.616519 -3.540487
v 2.587148 0.613717 -3.540487
v -0.000000 -0.215871 -3.540487
v 0.000000 2.616519 -3.540487
v 3.658780 2.616519 -3.540487
v 2.587148 0.613717 -3.540487
v 0.000000 1.458499 6.664445
v 3.404698 1.458499 6.664445
v 2.407485 3.343489 6.664445
v 0.000000 1.458499 6.664445
v 2.407485 3.343489 6.664445
v 0.000000 4.124277 6.664445
v 0.000000 1.458499 6.664445
v 0.000000 4.124277 6.664445
v -2.407485 3.343489 6.664445
v 0.000000 1.458499 6.664445
v -2.407485 3.343489 6.664445
v -3.404698 1.458499 6.664445
v 0.000000 1.458499 6.664445
v -3.404698 1.458499 6.664445
v -2.407485 -0.426490 6.664445
v 0.000000 1.458499 6.664445
v -2.407485 -0.426490 6.664445
v -0.000000 -1.207279 6.664445
v 0.000000 1.458499 6.664445
v -0.000000 -1.207279 6.664445
v 2.407485 -0.426490 6.664445
v 0.000000 1.458499 6.664445
v 2.407485 -0.426490 6.664445
v 3.404698 1.458499 6.664445
vt 0.003906 0.996094
vt 0.034180 0.996094
vt 0.034180 0.915365
vt 0.003906 0.996094
vt 0.034180 0.915365
vt 0.003906 0.915365
vt 0.034180 0.996094
vt 0.064453 0.996094
vt 0.064453 0.915365
vt 0.034180 0.996094
vt 0.064453 0.915365
vt 0.034180 0.915365
vt 0.064453 0.996094
vt 0.094727 0.996094
vt 0.094727 0.915365
vt 0.064453 0.996094
vt 0.094727 0.915365
vt 0.064453 0.915365
vt 0.094727 0.996094
vt 0.125000 0.996094
vt 0.125000 0.915365
vt 0.094727 0.996094
vt 0.125000 0.915365
vt 0.094727 0.915365
vt 0.125000 0.996094
vt 0.155273 0.996094
vt 0.155273 0.915365
vt 0.125000 0.996094
vt 0.155273 0.915365
vt 0.125000 0.915365
vt 0.155273 0.746094
vt 0.185547 0.746094
vt 0.185547 0.665365
vt 0.155273 0.746094
vt 0.185547 0.665365
vt 0.155273 0.665365
vt 0.185547 0.746094
vt 0.215820 0.746094
vt 0.215820 0.665365
vt 0.185547 0.746094
vt 0.215820 0.665365
vt 0.185547 0.665365
vt 0.215820 0.996094
vt 0.246094 0.996094
vt 0.246094 0.915365
vt 0.215820 0.996094
vt 0.246094 0.915365
vt 0.215820 0.915365
vt 0.003906 0.915365
vt 0.034180 0.915365
vt 0.034180 0.834635
vt 0.003906 0.915365
vt 0.034180 0.834635
vt 0.003906 0.834635
vt 0.034180 0.915365
vt 0.064453 0.915365
vt 0.064453 0.834635
vt 0.034180 0.915365
vt 0.064453 0.834635
vt 0.034180 0.834635
vt 0.064453 0.915365
vt 0.094727 0.915365
vt 0.094727 0.834635
vt 0.064453 0.915365
vt 0.094727 0.834635
vt 0.064453 0.834635
vt 0.094727 0.915365
vt 0.125000 0.915365
vt 0.125000 0.834635
vt 0.094727 0.915365
vt 0.125000 0.834635
vt 0.094727 0.834635
vt 0.125000 0.915365
vt 0.155273 0.915365
vt 0.155273 0.834635
vt 0.125000 0.915365
vt 0.155273 0.834635
vt 0.125000 0.834635
vt 0.155273 0.665365
vt 0.185547 0.665365
vt 0.185547 0.584635
vt 0.155273 0.665365
vt 0.185547 0.584635
vt 0.155273 0.584635
vt 0.185547 0.665365
vt 0.215820 0.665365
vt 0.215820 0.584635
vt 0.185547 0.665365
vt 0.215820 0.584635
vt 0.185547 0.584635
vt 0.215820 0.915365
vt 0.246094 0.915365
vt 0.246094 0.834635
vt 0.215820 0.915365
vt 0.246094 0.834635
vt 0.215820 0.834635
vt 0.003906 0.834635
vt 0.034180 0.834635
vt 0.034180 0.753906
vt 0.003906 0.834635
vt 0.034180 0.753906
vt 0.003906 0.753906
vt 0.034180 0.834635
vt 0.064453 0.834635
vt 0.064453 0.753906
vt 0.034180 0.834635
vt 0.064453 0.753906
vt 0.034180 0.753906
vt 0.064453 0.834635
vt 0.094727 0.834635
vt 0.094727 0.753906
vt 0.064453 0.834635
vt 0.094727 0.753906
vt 0.064453 0.753906
vt 0.094727 0.834635
vt 0.125000 0.834635
vt 0.125000 0.753906
vt 0.094727 0.834635
vt 0.125000 0.753906
vt 0.094727 0.753906
vt 0.125000 0.834635
vt 0.155273 0.834635
vt 0.155273 0.753906
vt 0.125000 0.834635
vt 0.155273 0.753906
vt 0.125000 0.753906
vt 0.155273 0.584635
vt 0.185547 0.584635
vt 0.185547 0.503906
vt 0.155273 0.584635
vt 0.185547 0.503906
vt 0.155273 0.503906
vt 0.185547 0.584635
vt 0.215820 0.584635
vt 0.215820 0.503906
vt 0.185547 0.584635
vt 0.215820 0.503906
vt 0.185547 0.503906
vt 0.215820 0.834635
vt 0.246094 0.834635
vt 0.246094 0.753906
vt 0.215820 0.834635
vt 0.246094 0.753906
vt 0.215820 0.753906
vt 0.125000 0.625000
vt 0.221875 0.528125
vt 0.028125 0.721875
vt 0.125000 0.625000
vt 0.221875 0.528125
vt 0.028125 0.721875
vt 0.125000 0.625000
vt 0.221875 0.528125
vt 0.028125 0.721875
vt 0.125000 0.625000
vt 0.221875 0.528125
vt 0.028125 0.721875
vt 0.125000 0.625000
vt 0.221875 0.528125
vt 0.028125 0.721875
vt 0.125000 0.625000
vt 0.221875 0.528125
vt 0.028125 0.721875
vt 0.125000 0.625000
vt 0.221875 0.528125
vt 0.028125 0.721875
vt 0.125000 0.625000
vt 0.221875 0.528125
vt 0.028125 0.721875
vt 0.125000 0.875000
vt 0.028125 0.971875
vt 0.221875 0.778125
vt 0.125000 0.875000
vt 0.028125 0.971875
vt 0.221875 0.778125
vt 0.125000 0.875000
vt 0.028125 0.971875
vt 0.221875 0.778125
vt 0.125000 0.875000
vt 0.028125 0.971875
vt 0.221875 0.778125
vt 0.125000 0.875000
vt 0.028125 0.971875
vt 0.221875 0.778125
vt 0.125000 0.875000
vt 0.028125 0.971875
vt 0.221875 0.778125
vt 0.125000 0.875000
vt 0.028125 0.971875
vt 0.221875 0.778125
vt 0.125000 0.875000
vt 0.028125 0.971875
vt 0.221875 0.778125
vn 0.789570 0.422473 -0.445079
vn 0.789570 0.422473 -0.445079
vn 0.789570 0.422473 -0.445079
vn 0.712819 0.480289 -0.511089
vn 0.712819 0.480289 -0.511089
vn 0.712819 0.480289 -0.511089
vn 0.293783 0.916190 -0.272556
vn 0.293783 0.916190 -0.272556
vn 0.293783 0.916190 -0.272556
vn 0.232325 0.912370 -0.337054
vn 0.232325 0.912370 -0.337054
vn 0.232325 0.912370 -0.337054
vn -0.285579 0.890606 -0.353930
vn -0.285579 0.890606 -0.353930
vn -0.285579 0.890606 -0.353930
vn -0.237108 0.931153 -0.277007
vn -0.237108 0.931153 -0.277007
vn -0.237108 0.931153 -0.277007
vn -0.752450 0.402611 -0.521271
vn -0.752450 0.402611 -0.521271
vn -0.752450 0.402611 -0.521271
vn -0.742482 0.500275 -0.445472
vn -0.742482 0.500275 -0.445472
vn -0.742482 0.500275 -0.445472
vn -0.836755 -0.447719 -0.315260
vn -0.836755 -0.447719 -0.315260
vn -0.836755 -0.447719 -0.315260
vn -0.770159 -0.518924 -0.370909
vn -0.770159 -0.518924 -0.370909
vn -0.770159 -0.518924 -0.370909
vn -0.304971 -0.951083 0.049337
vn -0.304971 -0.951083 0.049337
vn -0.304971 -0.951083 0.049337
vn -0.246718 -0.968892 -0.019440
vn -0.246718 -0.968892 -0.019440
vn -0.246718 -0.968892 -0.019440
vn 0.305024 -0.951248 -0.045698
vn 0.305024 -0.951248 -0.045698
vn 0.305024 -0.951248 -0.045698
vn 0.246454 -0.967853 0.050207
vn 0.246454 -0.967853 0.050207
vn 0.246454 -0.967853 0.050207
vn 0.805258 -0.430866 -0.407325
vn 0.805258 -0.430866 -0.407325
vn 0.805258 -0.430866 -0.407325
vn 0.793824 -0.534868 -0.289412
vn 0.793824 -0.534868 -0.289412
vn 0.793824 -0.534868 -0.289412
vn 0.768052 0.517503 0.377210
vn 0.768052 0.517503 0.377210
vn 0.768052 0.517503 0.377210
vn 0.762797 0.527488 0.374028
vn 0.762797 0.527488 0.374028
vn 0.762797 0.527488 0.374028
vn 0.221149 0.868478 0.443665
vn 0.221149 0.868478 0.443665
vn 0.221149 0.868478 0.443665
vn 0.216192 0.871353 0.440459
vn 0.216192 0.871353 0.440459
vn 0.216192 0.871353 0.440459
vn -0.221505 0.869876 0.440739
vn -0.221505 0.869876 0.440739
vn -0.221505 0.869876 0.440739
vn -0.215746 0.869556 0.444215
vn -0.215746 0.869556 0.444215
vn -0.215746 0.869556 0.444215
vn -0.769560 0.518520 0.372713
vn -0.769560 0.518520 0.372713
vn -0.769560 0.518520 0.372713
vn -0.760838 0.526133 0.379881
vn -0.760838 0.526133 0.379881
vn -0.760838 0.526133 0.379881
vn -0.828991 -0.558563 0.027958
vn -0.828991 -0.558563 0.027958
vn -0.828991 -0.558563 0.027958
vn -0.822374 -0.568687 0.017188
vn -0.822374 -0.568687 0.017188
vn -0.822374 -0.568687 0.017188
vn -0.243558 -0.956483 -0.160685
vn -0.243558 -0.956483 -0.160685
vn -0.243558 -0.956483 -0.160685
vn -0.237471 -0.957119 -0.165926
vn -0.237471 -0.957119 -0.165926
vn -0.237471 -0.957119 -0.165926
vn 0.243400 -0.955861 -0.164580
vn 0.243400 -0.955861 -0.164580
vn 0.243400 -0.955861 -0.164580
vn 0.237670 -0.957922 -0.160927
vn 0.237670 -0.957922 -0.160927
vn 0.237670 -0.957922 -0.160927
vn 0.829108 -0.558643 0.022319
vn 0.829108 -0.558643 0.022319
vn 0.829108 -0.558643 0.022319
vn 0.822248 -0.568600 0.024549
vn 0.822248 -0.568600 0.024549
vn 0.822248 -0.568600 0.024549
vn 0.820214 0.567194 0.074431
vn 0.820214 0.567194 0.074431
vn 0.820214 0.567194 0.074431
vn 0.873516 0.462115 0.153034
vn 0.873516 0.462115 0.153034
vn 0.873516 0.462115 0.153034
vn 0.240418 0.968995 -0.056984
vn 0.240418 0.968995 -0.056984
vn 0.240418 0.968995 -0.056984
vn 0.308497 0.951221 0.002829
vn 0.308497 0.951221 0.002829
vn 0.308497 0.951221 0.002829
vn -0.240805 0.970557 -0.005570
vn -0.240805 0.970557 -0.005570
vn -0.240805 0.970557 -0.005570
vn -0.308017 0.949740 -0.055852
vn -0.308017 0.949740 -0.055852
vn -0.308017 0.949740 -0.055852
vn -0.813691 0.562683 0.145928
vn -0.813691 0.562683 0.145928
vn -0.813691 0.562683 0.145928
vn -0.880744 0.465938 0.084804
vn -0.880744 0.465938 0.084804
vn -0.880744 0.465938 0.084804
vn -0.821642 -0.568181 0.045549
vn -0.821642 -0.568181 0.045549
vn -0.821642 -0.568181 0.045549
vn -0.876442 -0.463663 0.129872
vn -0.876442 -0.463663 0.129872
vn -0.876442 -0.463663 0.129872
vn -0.239451 -0.965101 -0.106033
vn -0.239451 -0.965101 -0.106033
vn -0.239451 -0.965101 -0.106033
vn -0.308176 -0.950231 -0.045693
vn -0.308176 -0.950231 -0.045693
vn -0.308176 -0.950231 -0.045693
vn 0.240444 -0.969101 -0.055044
vn 0.240444 -0.969101 -0.055044
vn 0.240444 -0.969101 -0.055044
vn 0.306827 -0.946072 -0.103942
vn 0.306827 -0.946072 -0.103942
vn 0.306827 -0.946072 -0.103942
vn 0.816784 -0.564822 0.117643
vn 0.816784 -0.564822 0.117643
vn 0.816784 -0.564822 0.117643
vn 0.882275 -0.466749 0.061119
vn 0.882275 -0.466749 0.061119
vn 0.882275 -0.466749 0.061119
vn 0.000000 0.000000 -1.000000
vn 0.000000 0.000000 -1.000000
vn 0.000000 0.000000 -1.000000
vn 0.000000 0.000000 -1.000000
vn 0.000000 0.000000 -1.000000
vn 0.000000 0.000000 -1.000000
vn 0.000000 0.000000 -1.000000
vn 0.000000 0.000000 -1.000000
vn 0.000000 0.000000 -1.000000
vn 0.000000 0.000000 -1.000000
vn 0.000000 0.000000 -1.000000
vn 0.000000 0.000000 -1.000000
vn -0.000000 0.000000 -1.000000
vn -0.000000 0.000000 -1.000000
vn -0.000000 0.000000 -1.000000
vn 0.000000 0.000000 -1.000000
vn 0.000000 0.000000 -1.000000
vn 0.000000 0.000000 -1.000000
vn 0.000000 -0.000000 -1.000000
vn 0.000000 -0.000000 -1.000000
vn 0.000000 -0.000000 -1.000000
vn 0.000000 0.000000 -1.000000
vn 0.000000 0.000000 -1.000000
vn 0.000000 0.000000 -1.000000
vn 0.000000 0.000000 1.000000
vn 0.000000 0.000000 1.000000
vn 0.000000 0.000000 1.000000
vn 0.000000 0.000000 1.000000
vn 0.000000 0.000000 1.000000
vn 0.000000 0.000000 1.000000
vn 0.000000 -0.000000 1.000000
vn 0.000000 -0.000000 1.000000
vn 0.000000 -0.000000 1.000000
vn 0.000000 0.000000 1.000000
vn 0.000000 0.000000 1.000000
vn 0.000000 0.000000 1.000000
vn 0.000000 0.000000 1.000000
vn 0.000000 0.000000 1.000000
vn 0.000000 0.000000 1.000000
vn 0.000000 0.000000 1.000000
vn 0.000000 0.000000 1.000000
vn 0.000000 0.000000 1.000000
vn 0.000000 0.000000 1.000000
vn 0.000000 0.000000 1.000000
vn 0.000000 0.000000 1.000000
vn -0.000000 0.000000 1.000000
vn -0.000000 0.000000 1.000000
vn -0.000000 0.000000 1.000000
f 1/1/1 2/2/2 3/3/3
f 4/4/4 5/5/5 6/6/6
f 7/7/7 8/8/8 9/9/9
f 10/10/10 11/11/11 12/12/12
f 13/13/13 14/14/14 15/15/15
f 16/16/16 17/17/17 18/18/18
f 19/19/19 20/20/20 21/21/21
f 22/22/22 23/23/23 24/24/24
f 25/25/25 26/26/26 27/27/27
f 28/28/28 29/29/29 30/30/30
f 31/31/31 32/32/32 33/33/33
f 34/34/34 35/35/35 36/36/36
f 37/37/37 38/38/38 39/39/39
f 40/40/40 41/41/41 42/42/42
f 43/43/43 44/44/44 45/45/45
f 46/46/46 47/47/47 48/48/48
f 49/49/49 50/50/50 51/51/51
f 52/52/52 53/53/53 54/54/54
f 55/55/55 56/56/56 57/57/57
f 58/58/58 59/59/59 60/60/60
f 61/61/61 62/62/62 63/63/63
f 64/64/64 65/65/65 66/66/66
f 67/67/67 68/68/68 69/69/69
f 70/70/70 71/71/71 72/72/72
f 73/73/73 74/74/74 75/75/75
f 76/76/76 77/77/77 78/78/78
f 79/79/79 80/80/80 81/81/81
f 82/82/82 83/83/83 84/84/84
f 85/85/85 86/86/86 87/87/87
f 88/88/88 89/89/89 90/90/90
f 91/91/91 92/92/92 93/93/93
f 94/94/94 95/95/95 96/96/96
f 97/97/97 98/98/98 99/99/99
f 100/100/100 101/101/101 102/102/102
f 103/103/103 104/104/104 105/105/105
f 106/106/106 107/107/107 108/108/108
f 109/109/109 110/110/110 111/111/111
f 112/112/112 113/113/113 114/114/114
f 115/115/115 116/116/116 117/117/117
f 118/118/118 119/119/119 120/120/120
f 121/121/121 122/122/122 123/123/123
f 124/124/124 125/125/125 126/126/126
f 127/127/127 128/128/128 129/129/129
f 130/130/130 131/131/131 132/132/132
f 133/133/133 134/134/134 135/135/135
f 136/136/136 137/137/137 138/138/138
f 139/139/139 140/140/140 141/141/141
f 142/142/142 143/143/143 144/144/144
f 145/145/145 146/146/146 147/147/147
f 148/148/148 149/149/149 150/150/150
f 151/151/151 152/152/152 153/153/153
f 154/154/154 155/155/155 156/156/156
f 157/157/157 158/158/158 159/159/159
f 160/160/160 161/161/161 162/162/162
f 163/163/163 164/164/164 165/165/165
f 166/166/166 167/167/167 168/168/168
f 169/169/169 170/170/170 171/171/171
f 172/172/172 173/173/173 174/174/174
f 175/175/175 176/176/176 177/177/177
f 178/178/178 179/179/179 180/180/180
f 181/181/181 182/182/182 183/183/183
f 184/184/184 185/185/185 186/186/186
f 187/187/187 188/188/188 189/189/189
f 190/190/190 191/191/191 192/192/192
o Neck
usemtl PaintedVinefangFantasy
v 1.732756 5.706431 -6.956015
v 1.225243 7.473609 -6.956015
v 2.694946 6.459649 -4.665112
v 1.732756 5.706431 -6.956015
v 2.694946 6.459649 -4.665112
v 3.811230 4.456848 -4.665112
v 1.225243 7.473609 -6.956015
v 0.000000 8.205598 -6.956015
v 0.000000 7.289237 -4.665112
v 1.225243 7.473609 -6.956015
v 0.000000 7.289237 -4.665112
v 2.694946 6.459649 -4.665112
v 0.000000 8.205598 -6.956015
v -1.225243 7.473609 -6.956015
v -2.694946 6.459649 -4.665112
v 0.000000 8.205598 -6.956015
v -2.694946 6.459649 -4.665112
v 0.000000 7.289237 -4.665112
v -1.225243 7.473609 -6.956015
v -1.732756 5.706431 -6.956015
v -3.811230 4.456848 -4.665112
v -1.225243 7.473609 -6.956015
v -3.811230 4.456848 -4.665112
v -2.694946 6.459649 -4.665112
v -1.732756 5.706431 -6.956015
v -1.225243 3.939253 -6.956015
v -2.694946 2.454046 -4.665112
v -1.732756 5.706431 -6.956015
v -2.694946 2.454046 -4.665112
v -3.811230 4.456848 -4.665112
v -1.225243 3.939253 -6.956015
v -0.000000 3.207264 -6.956015
v -0.000000 1.624459 -4.665112
v -1.225243 3.939253 -6.956015
v -0.000000 1.624459 -4.665112
v -2.694946 2.454046 -4.665112
v -0.000000 3.207264 -6.956015
v 1.225243 3.939253 -6.956015
v 2.694946 2.454046 -4.665112
v -0.000000 3.207264 -6.956015
v 2.694946 2.454046 -4.665112
v -0.000000 1.624459 -4.665112
v 1.225243 3.939253 -6.956015
v 1.732756 5.706431 -6.956015
v 3.811230 4.456848 -4.665112
v 1.225243 3.939253 -6.956015
v 3.811230 4.456848 -4.665112
v 2.694946 2.454046 -4.665112
v 3.811230 4.456848 -4.665112
v 2.694946 6.459649 -4.665112
v 3.090205 5.055655 -2.374209
v 3.811230 4.456848 -4.665112
v 3.090205 5.055655 -2.374209
v 4.370210 3.082306 -2.374209
v 2.694946 6.459649 -4.665112
v 0.000000 7.289237 -4.665112
v 0.000000 5.873042 -2.374209
v 2.694946 6.459649 -4.665112
v 0.000000 5.873042 -2.374209
v 3.090205 5.055655 -2.374209
v 0.000000 7.289237 -4.665112
v -2.694946 6.459649 -4.665112
v -3.090205 5.055655 -2.374209
v 0.000000 7.289237 -4.665112
v -3.090205 5.055655 -2.374209
v 0.000000 5.873042 -2.374209
v -2.694946 6.459649 -4.665112
v -3.811230 4.456848 -4.665112
v -4.370210 3.082306 -2.374209
v -2.694946 6.459649 -4.665112
v -4.370210 3.082306 -2.374209
v -3.090205 5.055655 -2.374209
v -3.811230 4.456848 -4.665112
v -2.694946 2.454046 -4.665112
v -3.090205 1.108957 -2.374209
v -3.811230 4.456848 -4.665112
v -3.090205 1.108957 -2.374209
v -4.370210 3.082306 -2.374209
v -2.694946 2.454046 -4.665112
v -0.000000 1.624459 -4.665112
v -0.000000 0.291569 -2.374209
v -2.694946 2.454046 -4.665112
v -0.000000 0.291569 -2.374209
v -3.090205 1.108957 -2.374209
v -0.000000 1.624459 -4.665112
v 2.694946 2.454046 -4.665112
v 3.090205 1.108957 -2.374209
v -0.000000 1.624459 -4.665112
v 3.090205 1.108957 -2.374209
v -0.000000 0.291569 -2.374209
v 2.694946 2.454046 -4.665112
v 3.811230 4.456848 -4.665112
v 4.370210 3.082306 -2.374209
v 2.694946 2.454046 -4.665112
v 4.370210 3.082306 -2.374209
v 3.090205 1.108957 -2.374209
v 0.000000 5.706431 -6.956015
v 1.225243 7.473609 -6.956015
v 1.732756 5.706431 -6.956015
v 0.000000 5.706431 -6.956015
v 0.000000 8.205598 -6.956015
v 1.225243 7.473609 -6.956015
v 0.000000 5.706431 -6.956015
v -1.225243 7.473609 -6.956015
v 0.000000 8.205598 -6.956015
v 0.000000 5.706431 -6.956015
v -1.732756 5.706431 -6.956015
v -1.225243 7.473609 -6.956015
v 0.000000 5.706431 -6.956015
v -1.225243 3.939253 -6.956015
v -1.732756 5.706431 -6.956015
v 0.000000 5.706431 -6.956015
v -0.000000 3.207264 -6.956015
v -1.225243 3.939253 -6.956015
v 0.000000 5.706431 -6.956015
v 1.225243 3.939253 -6.956015
v -0.000000 3.207264 -6.956015
v 0.000000 5.706431 -6.956015
v 1.732756 5.706431 -6.956015
v 1.225243 3.939253 -6.956015
v 0.000000 3.082306 -2.374209
v 4.370210 3.082306 -2.374209
v 3.090205 5.055655 -2.374209
v 0.000000 3.082306 -2.374209
v 3.090205 5.055655 -2.374209
v 0.000000 5.873042 -2.374209
v 0.000000 3.082306 -2.374209
v 0.000000 5.873042 -2.374209
v -3.090205 5.055655 -2.374209
v 0.000000 3.082306 -2.374209
v -3.090205 5.055655 -2.374209
v -4.370210 3.082306 -2.374209
v 0.000000 3.082306 -2.374209
v -4.370210 3.082306 -2.374209
v -3.090205 1.108957 -2.374209
v 0.000000 3.082306 -2.374209
v -3.090205 1.108957 -2.374209
v -0.000000 0.291569 -2.374209
v 0.000000 3.082306 -2.374209
v -0.000000 0.291569 -2.374209
v 3.090205 1.108957 -2.374209
v 0.000000 3.082306 -2.374209
v 3.090205 1.108957 -2.374209
v 4.370210 3.082306 -2.374209
vt 0.003906 0.996094
vt 0.034180 0.996094
vt 0.034180 0.875000
vt 0.003906 0.996094
vt 0.034180 0.875000
vt 0.003906 0.875000
vt 0.034180 0.996094
vt 0.064453 0.996094
vt 0.064453 0.875000
vt 0.034180 0.996094
vt 0.064453 0.875000
vt 0.034180 0.875000
vt 0.064453 0.996094
vt 0.094727 0.996094
vt 0.094727 0.875000
vt 0.064453 0.996094
vt 0.094727 0.875000
vt 0.064453 0.875000
vt 0.094727 0.996094
vt 0.125000 0.996094
vt 0.125000 0.875000
vt 0.094727 0.996094
vt 0.125000 0.875000
vt 0.094727 0.875000
vt 0.125000 0.996094
vt 0.155273 0.996094
vt 0.155273 0.875000
vt 0.125000 0.996094
vt 0.155273 0.875000
vt 0.125000 0.875000
vt 0.155273 0.996094
vt 0.185547 0.996094
vt 0.185547 0.875000
vt 0.155273 0.996094
vt 0.185547 0.875000
vt 0.155273 0.875000
vt 0.185547 0.996094
vt 0.215820 0.996094
vt 0.215820 0.875000
vt 0.185547 0.996094
vt 0.215820 0.875000
vt 0.185547 0.875000
vt 0.215820 0.996094
vt 0.246094 0.996094
vt 0.246094 0.875000
vt 0.215820 0.996094
vt 0.246094 0.875000
vt 0.215820 0.875000
vt 0.003906 0.875000
vt 0.034180 0.875000
vt 0.034180 0.753906
vt 0.003906 0.875000
vt 0.034180 0.753906
vt 0.003906 0.753906
vt 0.034180 0.875000
vt 0.064453 0.875000
vt 0.064453 0.753906
vt 0.034180 0.875000
vt 0.064453 0.753906
vt 0.034180 0.753906
vt 0.064453 0.875000
vt 0.094727 0.875000
vt 0.094727 0.753906
vt 0.064453 0.875000
vt 0.094727 0.753906
vt 0.064453 0.753906
vt 0.094727 0.875000
vt 0.125000 0.875000
vt 0.125000 0.753906
vt 0.094727 0.875000
vt 0.125000 0.753906
vt 0.094727 0.753906
vt 0.125000 0.875000
vt 0.155273 0.875000
vt 0.155273 0.753906
vt 0.125000 0.875000
vt 0.155273 0.753906
vt 0.125000 0.753906
vt 0.155273 0.875000
vt 0.185547 0.875000
vt 0.185547 0.753906
vt 0.155273 0.875000
vt 0.185547 0.753906
vt 0.155273 0.753906
vt 0.185547 0.875000
vt 0.215820 0.875000
vt 0.215820 0.753906
vt 0.185547 0.875000
vt 0.215820 0.753906
vt 0.185547 0.753906
vt 0.215820 0.875000
vt 0.246094 0.875000
vt 0.246094 0.753906
vt 0.215820 0.875000
vt 0.246094 0.753906
vt 0.215820 0.753906
vt 0.125000 0.875000
vt 0.221875 0.778125
vt 0.028125 0.971875
vt 0.125000 0.875000
vt 0.221875 0.778125
vt 0.028125 0.971875
vt 0.125000 0.875000
vt 0.221875 0.778125
vt 0.028125 0.971875
vt 0.125000 0.875000
vt 0.221875 0.778125
vt 0.028125 0.971875
vt 0.125000 0.875000
vt 0.221875 0.778125
vt 0.028125 0.971875
vt 0.125000 0.875000
vt 0.221875 0.778125
vt 0.028125 0.971875
vt 0.125000 0.875000
vt 0.221875 0.778125
vt 0.028125 0.971875
vt 0.125000 0.875000
vt 0.221875 0.778125
vt 0.028125 0.971875
vt 0.125000 0.875000
vt 0.028125 0.971875
vt 0.221875 0.778125
vt 0.125000 0.875000
vt 0.028125 0.971875
vt 0.221875 0.778125
vt 0.125000 0.875000
vt 0.028125 0.971875
vt 0.221875 0.778125
vt 0.125000 0.875000
vt 0.028125 0.971875
vt 0.221875 0.778125
vt 0.125000 0.875000
vt 0.028125 0.971875
vt 0.221875 0.778125
vt 0.125000 0.875000
vt 0.028125 0.971875
vt 0.221875 0.778125
vt 0.125000 0.875000
vt 0.028125 0.971875
vt 0.221875 0.778125
vt 0.125000 0.875000
vt 0.028125 0.971875
vt 0.221875 0.778125
vn 0.861585 0.247437 -0.443224
vn 0.861585 0.247437 -0.443224
vn 0.861585 0.247437 -0.443224
vn 0.772766 0.430710 -0.466177
vn 0.772766 0.430710 -0.466177
vn 0.772766 0.430710 -0.466177
vn 0.485067 0.811932 0.324773
vn 0.485067 0.811932 0.324773
vn 0.485067 0.811932 0.324773
vn 0.286451 0.930548 0.228093
vn 0.286451 0.930548 0.228093
vn 0.286451 0.930548 0.228093
vn -0.512204 0.857356 0.050869
vn -0.512204 0.857356 0.050869
vn -0.512204 0.857356 0.050869
vn -0.274810 0.892729 0.357092
vn -0.274810 0.892729 0.357092
vn -0.274810 0.892729 0.357092
vn -0.779465 0.223853 -0.585085
vn -0.779465 0.223853 -0.585085
vn -0.779465 0.223853 -0.585085
vn -0.825754 0.460243 -0.326048
vn -0.825754 0.460243 -0.326048
vn -0.825754 0.460243 -0.326048
vn -0.752155 -0.216010 -0.622577
vn -0.752155 -0.216010 -0.622577
vn -0.752155 -0.216010 -0.622577
vn -0.599990 -0.334411 -0.726761
vn -0.599990 -0.334411 -0.726761
vn -0.599990 -0.334411 -0.726761
vn -0.441114 -0.738360 -0.510140
vn -0.441114 -0.738360 -0.510140
vn -0.441114 -0.738360 -0.510140
vn -0.228801 -0.743269 -0.628651
vn -0.228801 -0.743269 -0.628651
vn -0.228801 -0.743269 -0.628651
vn 0.383954 -0.642683 -0.662977
vn 0.383954 -0.642683 -0.662977
vn 0.383954 -0.642683 -0.662977
vn 0.245510 -0.797550 -0.551034
vn 0.245510 -0.797550 -0.551034
vn 0.245510 -0.797550 -0.551034
vn 0.672003 -0.192991 -0.714958
vn 0.672003 -0.192991 -0.714958
vn 0.672003 -0.192991 -0.714958
vn 0.657040 -0.366208 -0.658931
vn 0.657040 -0.366208 -0.658931
vn 0.657040 -0.366208 -0.658931
vn 0.864117 0.481625 0.146077
vn 0.864117 0.481625 0.146077
vn 0.864117 0.481625 0.146077
vn 0.832807 0.540197 0.120913
vn 0.832807 0.540197 0.120913
vn 0.832807 0.540197 0.120913
vn 0.253300 0.822855 0.508674
vn 0.253300 0.822855 0.508674
vn 0.253300 0.822855 0.508674
vn 0.224216 0.847670 0.480815
vn 0.224216 0.847670 0.480815
vn 0.224216 0.847670 0.480815
vn -0.259418 0.842728 0.471713
vn -0.259418 0.842728 0.471713
vn -0.259418 0.842728 0.471713
vn -0.219503 0.829850 0.512998
vn -0.219503 0.829850 0.512998
vn -0.219503 0.829850 0.512998
vn -0.870775 0.485336 0.078733
vn -0.870775 0.485336 0.078733
vn -0.870775 0.485336 0.078733
vn -0.824404 0.534746 0.185485
vn -0.824404 0.534746 0.185485
vn -0.824404 0.534746 0.185485
vn -0.800529 -0.446183 -0.400092
vn -0.800529 -0.446183 -0.400092
vn -0.800529 -0.446183 -0.400092
vn -0.740910 -0.480588 -0.469135
vn -0.740910 -0.480588 -0.469135
vn -0.740910 -0.480588 -0.469135
vn -0.257127 -0.835287 -0.485985
vn -0.257127 -0.835287 -0.485985
vn -0.257127 -0.835287 -0.485985
vn -0.218136 -0.824681 -0.521842
vn -0.218136 -0.824681 -0.521842
vn -0.218136 -0.824681 -0.521842
vn 0.250951 -0.815224 -0.521951
vn 0.250951 -0.815224 -0.521951
vn 0.250951 -0.815224 -0.521951
vn 0.222877 -0.842607 -0.490244
vn 0.222877 -0.842607 -0.490244
vn 0.222877 -0.842607 -0.490244
vn 0.779630 -0.434535 -0.450951
vn 0.779630 -0.434535 -0.450951
vn 0.779630 -0.434535 -0.450951
vn 0.760952 -0.493588 -0.421097
vn 0.760952 -0.493588 -0.421097
vn 0.760952 -0.493588 -0.421097
vn 0.000000 0.000000 -1.000000
vn 0.000000 0.000000 -1.000000
vn 0.000000 0.000000 -1.000000
vn 0.000000 0.000000 -1.000000
vn 0.000000 0.000000 -1.000000
vn 0.000000 0.000000 -1.000000
vn 0.000000 0.000000 -1.000000
vn 0.000000 0.000000 -1.000000
vn 0.000000 0.000000 -1.000000
vn 0.000000 0.000000 -1.000000
vn 0.000000 0.000000 -1.000000
vn 0.000000 0.000000 -1.000000
vn -0.000000 0.000000 -1.000000
vn -0.000000 0.000000 -1.000000
vn -0.000000 0.000000 -1.000000
vn 0.000000 0.000000 -1.000000
vn 0.000000 0.000000 -1.000000
vn 0.000000 0.000000 -1.000000
vn 0.000000 -0.000000 -1.000000
vn 0.000000 -0.000000 -1.000000
vn 0.000000 -0.000000 -1.000000
vn 0.000000 0.000000 -1.000000
vn 0.000000 0.000000 -1.000000
vn 0.000000 0.000000 -1.000000
vn 0.000000 0.000000 1.000000
vn 0.000000 0.000000 1.000000
vn 0.000000 0.000000 1.000000
vn 0.000000 0.000000 1.000000
vn 0.000000 0.000000 1.000000
vn 0.000000 0.000000 1.000000
vn 0.000000 -0.000000 1.000000
vn 0.000000 -0.000000 1.000000
vn 0.000000 -0.000000 1.000000
vn 0.000000 0.000000 1.000000
vn 0.000000 0.000000 1.000000
vn 0.000000 0.000000 1.000000
vn 0.000000 0.000000 1.000000
vn 0.000000 0.000000 1.000000
vn 0.000000 0.000000 1.000000
vn 0.000000 0.000000 1.000000
vn 0.000000 0.000000 1.000000
vn 0.000000 0.000000 1.000000
vn 0.000000 0.000000 1.000000
vn 0.000000 0.000000 1.000000
vn 0.000000 0.000000 1.000000
vn -0.000000 0.000000 1.000000
vn -0.000000 0.000000 1.000000
vn -0.000000 0.000000 1.000000
f 193/193/193 194/194/194 195/195/195
f 196/196/196 197/197/197 198/198/198
f 199/199/199 200/200/200 201/201/201
f 202/202/202 203/203/203 204/204/204
f 205/205/205 206/206/206 207/207/207
f 208/208/208 209/209/209 210/210/210
f 211/211/211 212/212/212 213/213/213
f 214/214/214 215/215/215 216/216/216
f 217/217/217 218/218/218 219/219/219
f 220/220/220 221/221/221 222/222/222
f 223/223/223 224/224/224 225/225/225
f 226/226/226 227/227/227 228/228/228
f 229/229/229 230/230/230 231/231/231
f 232/232/232 233/233/233 234/234/234
f 235/235/235 236/236/236 237/237/237
f 238/238/238 239/239/239 240/240/240
f 241/241/241 242/242/242 243/243/243
f 244/244/244 245/245/245 246/246/246
f 247/247/247 248/248/248 249/249/249
f 250/250/250 251/251/251 252/252/252
f 253/253/253 254/254/254 255/255/255
f 256/256/256 257/257/257 258/258/258
f 259/259/259 260/260/260 261/261/261
f 262/262/262 263/263/263 264/264/264
f 265/265/265 266/266/266 267/267/267
f 268/268/268 269/269/269 270/270/270
f 271/271/271 272/272/272 273/273/273
f 274/274/274 275/275/275 276/276/276
f 277/277/277 278/278/278 279/279/279
f 280/280/280 281/281/281 282/282/282
f 283/283/283 284/284/284 285/285/285
f 286/286/286 287/287/287 288/288/288
f 289/289/289 290/290/290 291/291/291
f 292/292/292 293/293/293 294/294/294
f 295/295/295 296/296/296 297/297/297
f 298/298/298 299/299/299 300/300/300
f 301/301/301 302/302/302 303/303/303
f 304/304/304 305/305/305 306/306/306
f 307/307/307 308/308/308 309/309/309
f 310/310/310 311/311/311 312/312/312
f 313/313/313 314/314/314 315/315/315
f 316/316/316 317/317/317 318/318/318
f 319/319/319 320/320/320 321/321/321
f 322/322/322 323/323/323 324/324/324
f 325/325/325 326/326/326 327/327/327
f 328/328/328 329/329/329 330/330/330
f 331/331/331 332/332/332 333/333/333
f 334/334/334 335/335/335 336/336/336
o Head
usemtl PaintedVinefangFantasy
v 2.079307 5.706431 -8.747084
v 1.470292 7.063624 -8.747084
v 1.884990 7.966296 -7.789070
v 2.079307 5.706431 -8.747084
v 1.884990 7.966296 -7.789070
v 2.665778 6.081306 -7.789070
v 1.470292 7.063624 -8.747084
v 0.000000 7.625791 -8.747084
v 0.000000 8.747084 -7.789070
v 1.470292 7.063624 -8.747084
v 0.000000 8.747084 -7.789070
v 1.884990 7.966296 -7.789070
v 0.000000 7.625791 -8.747084
v -1.470292 7.063624 -8.747084
v -1.884990 7.966296 -7.789070
v 0.000000 7.625791 -8.747084
v -1.884990 7.966296 -7.789070
v 0.000000 8.747084 -7.789070
v -1.470292 7.063624 -8.747084
v -2.079307 5.706431 -8.747084
v -2.665778 6.081306 -7.789070
v -1.470292 7.063624 -8.747084
v -2.665778 6.081306 -7.789070
v -1.884990 7.966296 -7.789070
v -2.079307 5.706431 -8.747084
v -1.470292 4.349239 -8.747084
v -1.884990 4.196316 -7.789070
v -2.079307 5.706431 -8.747084
v -1.884990 4.196316 -7.789070
v -2.665778 6.081306 -7.789070
v -1.470292 4.349239 -8.747084
v -0.000000 3.787071 -8.747084
v -0.000000 3.415528 -7.789070
v -1.470292 4.349239 -8.747084
v -0.000000 3.415528 -7.789070
v -1.884990 4.196316 -7.789070
v -0.000000 3.787071 -8.747084
v 1.470292 4.349239 -8.747084
v 1.884990 4.196316 -7.789070
v -0.000000 3.787071 -8.747084
v 1.884990 4.196316 -7.789070
v -0.000000 3.415528 -7.789070
v 1.470292 4.349239 -8.747084
v 2.079307 5.706431 -8.747084
v 2.665778 6.081306 -7.789070
v 1.470292 4.349239 -8.747084
v 2.665778 6.081306 -7.789070
v 1.884990 4.196316 -7.789070
v 2.665778 6.081306 -7.789070
v 1.884990 7.966296 -7.789070
v 1.451442 7.324484 -6.039653
v 2.665778 6.081306 -7.789070
v 1.451442 7.324484 -6.039653
v 2.052649 5.873042 -6.039653
v 1.884990 7.966296 -7.789070
v 0.000000 8.747084 -7.789070
v 0.000000 7.925691 -6.039653
v 1.884990 7.966296 -7.789070
v 0.000000 7.925691 -6.039653
v 1.451442 7.324484 -6.039653
v 0.000000 8.747084 -7.789070
v -1.884990 7.966296 -7.789070
v -1.451442 7.324484 -6.039653
v 0.000000 8.747084 -7.789070
v -1.451442 7.324484 -6.039653
v 0.000000 7.925691 -6.039653
v -1.884990 7.966296 -7.789070
v -2.665778 6.081306 -7.789070
v -2.052649 5.873042 -6.039653
v -1.884990 7.966296 -7.789070
v -2.052649 5.873042 -6.039653
v -1.451442 7.324484 -6.039653
v -2.665778 6.081306 -7.789070
v -1.884990 4.196316 -7.789070
v -1.451442 4.421600 -6.039653
v -2.665778 6.081306 -7.789070
v -1.451442 4.421600 -6.039653
v -2.052649 5.873042 -6.039653
v -1.884990 4.196316 -7.789070
v -0.000000 3.415528 -7.789070
v -0.000000 3.820393 -6.039653
v -1.884990 4.196316 -7.789070
v -0.000000 3.820393 -6.039653
v -1.451442 4.421600 -6.039653
v -0.000000 3.415528 -7.789070
v 1.884990 4.196316 -7.789070
v 1.451442 4.421600 -6.039653
v -0.000000 3.415528 -7.789070
v 1.451442 4.421600 -6.039653
v -0.000000 3.820393 -6.039653
v 1.884990 4.196316 -7.789070
v 2.665778 6.081306 -7.789070
v 2.052649 5.873042 -6.039653
v 1.884990 4.196316 -7.789070
v 2.052649 5.873042 -6.039653
v 1.451442 4.421600 -6.039653
v 0.000000 5.706431 -8.747084
v 1.470292 7.063624 -8.747084
v 2.079307 5.706431 -8.747084
v 0.000000 5.706431 -8.747084
v 0.000000 7.625791 -8.747084
v 1.470292 7.063624 -8.747084
v 0.000000 5.706431 -8.747084
v -1.470292 7.063624 -8.747084
v 0.000000 7.625791 -8.747084
v 0.000000 5.706431 -8.747084
v -2.079307 5.706431 -8.747084
v -1.470292 7.063624 -8.747084
v 0.000000 5.706431 -8.747084
v -1.470292 4.349239 -8.747084
v -2.079307 5.706431 -8.747084
v 0.000000 5.706431 -8.747084
v -0.000000 3.787071 -8.747084
v -1.470292 4.349239 -8.747084
v 0.000000 5.706431 -8.747084
v 1.470292 4.349239 -8.747084
v -0.000000 3.787071 -8.747084
v 0.000000 5.706431 -8.747084
v 2.079307 5.706431 -8.747084
v 1.470292 4.349239 -8.747084
v 0.000000 5.873042 -6.039653
v 2.052649 5.873042 -6.039653
v 1.451442 7.324484 -6.039653
v 0.000000 5.873042 -6.039653
v 1.451442 7.324484 -6.039653
v 0.000000 7.925691 -6.039653
v 0.000000 5.873042 -6.039653
v 0.000000 7.925691 -6.039653
v -1.451442 7.324484 -6.039653
v 0.000000 5.873042 -6.039653
v -1.451442 7.324484 -6.039653
v -2.052649 5.873042 -6.039653
v 0.000000 5.873042 -6.039653
v -2.052649 5.873042 -6.039653
v -1.451442 4.421600 -6.039653
v 0.000000 5.873042 -6.039653
v -1.451442 4.421600 -6.039653
v -0.000000 3.820393 -6.039653
v 0.000000 5.873042 -6.039653
v -0.000000 3.820393 -6.039653
v 1.451442 4.421600 -6.039653
v 0.000000 5.873042 -6.039653
v 1.451442 4.421600 -6.039653
v 2.052649 5.873042 -6.039653
vt 0.003906 0.996094
vt 0.034180 0.996094
vt 0.034180 0.875000
vt 0.003906 0.996094
vt 0.034180 0.875000
vt 0.003906 0.875000
vt 0.034180 0.996094
vt 0.064453 0.996094
vt 0.064453 0.875000
vt 0.034180 0.996094
vt 0.064453 0.875000
vt 0.034180 0.875000
vt 0.064453 0.996094
vt 0.094727 0.996094
vt 0.094727 0.875000
vt 0.064453 0.996094
vt 0.094727 0.875000
vt 0.064453 0.875000
vt 0.094727 0.996094
vt 0.125000 0.996094
vt 0.125000 0.875000
vt 0.094727 0.996094
vt 0.125000 0.875000
vt 0.094727 0.875000
vt 0.125000 0.996094
vt 0.155273 0.996094
vt 0.155273 0.875000
vt 0.125000 0.996094
vt 0.155273 0.875000
vt 0.125000 0.875000
vt 0.155273 0.996094
vt 0.185547 0.996094
vt 0.185547 0.875000
vt 0.155273 0.996094
vt 0.185547 0.875000
vt 0.155273 0.875000
vt 0.185547 0.996094
vt 0.215820 0.996094
vt 0.215820 0.875000
vt 0.185547 0.996094
vt 0.215820 0.875000
vt 0.185547 0.875000
vt 0.215820 0.996094
vt 0.246094 0.996094
vt 0.246094 0.875000
vt 0.215820 0.996094
vt 0.246094 0.875000
vt 0.215820 0.875000
vt 0.003906 0.875000
vt 0.034180 0.875000
vt 0.034180 0.753906
vt 0.003906 0.875000
vt 0.034180 0.753906
vt 0.003906 0.753906
vt 0.034180 0.875000
vt 0.064453 0.875000
vt 0.064453 0.753906
vt 0.034180 0.875000
vt 0.064453 0.753906
vt 0.034180 0.753906
vt 0.064453 0.875000
vt 0.094727 0.875000
vt 0.094727 0.753906
vt 0.064453 0.875000
vt 0.094727 0.753906
vt 0.064453 0.753906
vt 0.094727 0.875000
vt 0.125000 0.875000
vt 0.125000 0.753906
vt 0.094727 0.875000
vt 0.125000 0.753906
vt 0.094727 0.753906
vt 0.125000 0.875000
vt 0.155273 0.875000
vt 0.155273 0.753906
vt 0.125000 0.875000
vt 0.155273 0.753906
vt 0.125000 0.753906
vt 0.155273 0.875000
vt 0.185547 0.875000
vt 0.185547 0.753906
vt 0.155273 0.875000
vt 0.185547 0.753906
vt 0.155273 0.753906
vt 0.185547 0.875000
vt 0.215820 0.875000
vt 0.215820 0.753906
vt 0.185547 0.875000
vt 0.215820 0.753906
vt 0.185547 0.753906
vt 0.215820 0.875000
vt 0.246094 0.875000
vt 0.246094 0.753906
vt 0.215820 0.875000
vt 0.246094 0.753906
vt 0.215820 0.753906
vt 0.125000 0.875000
vt 0.221875 0.778125
vt 0.028125 0.971875
vt 0.125000 0.875000
vt 0.221875 0.778125
vt 0.028125 0.971875
vt 0.125000 0.875000
vt 0.221875 0.778125
vt 0.028125 0.971875
vt 0.125000 0.875000
vt 0.221875 0.778125
vt 0.028125 0.971875
vt 0.125000 0.875000
vt 0.221875 0.778125
vt 0.028125 0.971875
vt 0.125000 0.875000
vt 0.221875 0.778125
vt 0.028125 0.971875
vt 0.125000 0.875000
vt 0.221875 0.778125
vt 0.028125 0.971875
vt 0.125000 0.875000
vt 0.221875 0.778125
vt 0.028125 0.971875
vt 0.125000 0.875000
vt 0.028125 0.971875
vt 0.221875 0.778125
vt 0.125000 0.875000
vt 0.028125 0.971875
vt 0.221875 0.778125
vt 0.125000 0.875000
vt 0.028125 0.971875
vt 0.221875 0.778125
vt 0.125000 0.875000
vt 0.028125 0.971875
vt 0.221875 0.778125
vt 0.125000 0.875000
vt 0.028125 0.971875
vt 0.221875 0.778125
vt 0.125000 0.875000
vt 0.028125 0.971875
vt 0.221875 0.778125
vt 0.125000 0.875000
vt 0.028125 0.971875
vt 0.221875 0.778125
vt 0.125000 0.875000
vt 0.028125 0.971875
vt 0.221875 0.778125
vn 0.719154 0.322707 -0.615367
vn 0.719154 0.322707 -0.615367
vn 0.719154 0.322707 -0.615367
vn 0.751424 0.311250 -0.581795
vn 0.751424 0.311250 -0.581795
vn 0.751424 0.311250 -0.581795
vn 0.241045 0.630428 -0.737874
vn 0.241045 0.630428 -0.737874
vn 0.241045 0.630428 -0.737874
vn 0.265750 0.641578 -0.719552
vn 0.265750 0.641578 -0.719552
vn 0.265750 0.641578 -0.719552
vn -0.248192 0.649120 -0.719058
vn -0.248192 0.649120 -0.719058
vn -0.248192 0.649120 -0.719058
vn -0.259824 0.627272 -0.734181
vn -0.259824 0.627272 -0.734181
vn -0.259824 0.627272 -0.734181
vn -0.740856 0.332445 -0.583620
vn -0.740856 0.332445 -0.583620
vn -0.740856 0.332445 -0.583620
vn -0.735381 0.304605 -0.605335
vn -0.735381 0.304605 -0.605335
vn -0.735381 0.304605 -0.605335
vn -0.828776 -0.371898 -0.418118
vn -0.828776 -0.371898 -0.418118
vn -0.828776 -0.371898 -0.418118
vn -0.853065 -0.353351 -0.383956
vn -0.853065 -0.353351 -0.383956
vn -0.853065 -0.353351 -0.383956
vn -0.335783 -0.878207 -0.340591
vn -0.335783 -0.878207 -0.340591
vn -0.335783 -0.878207 -0.340591
vn -0.365198 -0.881667 -0.298820
vn -0.365198 -0.881667 -0.298820
vn -0.365198 -0.881667 -0.298820
vn 0.341725 -0.893747 -0.290587
vn 0.341725 -0.893747 -0.290587
vn 0.341725 -0.893747 -0.290587
vn 0.360256 -0.869736 -0.337306
vn 0.360256 -0.869736 -0.337306
vn 0.360256 -0.869736 -0.337306
vn 0.847590 -0.380340 -0.370044
vn 0.847590 -0.380340 -0.370044
vn 0.847590 -0.380340 -0.370044
vn 0.839015 -0.347531 -0.418661
vn 0.839015 -0.347531 -0.418661
vn 0.839015 -0.347531 -0.418661
vn 0.866653 0.358979 0.346477
vn 0.866653 0.358979 0.346477
vn 0.866653 0.358979 0.346477
vn 0.866653 0.358979 0.346477
vn 0.866653 0.358979 0.346477
vn 0.866653 0.358979 0.346477
vn 0.351076 0.847572 0.397955
vn 0.351076 0.847572 0.397955
vn 0.351076 0.847572 0.397955
vn 0.351076 0.847572 0.397955
vn 0.351076 0.847572 0.397955
vn 0.351076 0.847572 0.397955
vn -0.351076 0.847572 0.397955
vn -0.351076 0.847572 0.397955
vn -0.351076 0.847572 0.397955
vn -0.351076 0.847572 0.397955
vn -0.351076 0.847572 0.397955
vn -0.351076 0.847572 0.397955
vn -0.866653 0.358979 0.346477
vn -0.866653 0.358979 0.346477
vn -0.866653 0.358979 0.346477
vn -0.866653 0.358979 0.346477
vn -0.866653 0.358979 0.346477
vn -0.866653 0.358979 0.346477
vn -0.890068 -0.368678 0.268057
vn -0.890068 -0.368678 0.268057
vn -0.890068 -0.368678 0.268057
vn -0.890068 -0.368678 0.268057
vn -0.890068 -0.368678 0.268057
vn -0.890068 -0.368678 0.268057
vn -0.374225 -0.903459 0.209086
vn -0.374225 -0.903459 0.209086
vn -0.374225 -0.903459 0.209086
vn -0.374225 -0.903459 0.209086
vn -0.374225 -0.903459 0.209086
vn -0.374225 -0.903459 0.209086
vn 0.374225 -0.903459 0.209086
vn 0.374225 -0.903459 0.209086
vn 0.374225 -0.903459 0.209086
vn 0.374225 -0.903459 0.209086
vn 0.374225 -0.903459 0.209086
vn 0.374225 -0.903459 0.209086
vn 0.890068 -0.368678 0.268057
vn 0.890068 -0.368678 0.268057
vn 0.890068 -0.368678 0.268057
vn 0.890068 -0.368678 0.268057
vn 0.890068 -0.368678 0.268057
vn 0.890068 -0.368678 0.268057
vn 0.000000 0.000000 -1.000000
vn 0.000000 0.000000 -1.000000
vn 0.000000 0.000000 -1.000000
vn 0.000000 0.000000 -1.000000
vn 0.000000 0.000000 -1.000000
vn 0.000000 0.000000 -1.000000
vn 0.000000 0.000000 -1.000000
vn 0.000000 0.000000 -1.000000
vn 0.000000 0.000000 -1.000000
vn 0.000000 0.000000 -1.000000
vn 0.000000 0.000000 -1.000000
vn 0.000000 0.000000 -1.000000
vn -0.000000 0.000000 -1.000000
vn -0.000000 0.000000 -1.000000
vn -0.000000 0.000000 -1.000000
vn 0.000000 0.000000 -1.000000
vn 0.000000 0.000000 -1.000000
vn 0.000000 0.000000 -1.000000
vn 0.000000 -0.000000 -1.000000
vn 0.000000 -0.000000 -1.000000
vn 0.000000 -0.000000 -1.000000
vn 0.000000 0.000000 -1.000000
vn 0.000000 0.000000 -1.000000
vn 0.000000 0.000000 -1.000000
vn 0.000000 0.000000 1.000000
vn 0.000000 0.000000 1.000000
vn 0.000000 0.000000 1.000000
vn 0.000000 0.000000 1.000000
vn 0.000000 0.000000 1.000000
vn 0.000000 0.000000 1.000000
vn 0.000000 -0.000000 1.000000
vn 0.000000 -0.000000 1.000000
vn 0.000000 -0.000000 1.000000
vn 0.000000 0.000000 1.000000
vn 0.000000 0.000000 1.000000
vn 0.000000 0.000000 1.000000
vn 0.000000 0.000000 1.000000
vn 0.000000 0.000000 1.000000
vn 0.000000 0.000000 1.000000
vn 0.000000 0.000000 1.000000
vn 0.000000 0.000000 1.000000
vn 0.000000 0.000000 1.000000
vn 0.000000 0.000000 1.000000
vn 0.000000 0.000000 1.000000
vn 0.000000 0.000000 1.000000
vn -0.000000 0.000000 1.000000
vn -0.000000 0.000000 1.000000
vn -0.000000 0.000000 1.000000
f 337/337/337 338/338/338 339/339/339
f 340/340/340 341/341/341 342/342/342
f 343/343/343 344/344/344 345/345/345
f 346/346/346 347/347/347 348/348/348
f 349/349/349 350/350/350 351/351/351
f 352/352/352 353/353/353 354/354/354
f 355/355/355 356/356/356 357/357/357
f 358/358/358 359/359/359 360/360/360
f 361/361/361 362/362/362 363/363/363
f 364/364/364 365/365/365 366/366/366
f 367/367/367 368/368/368 369/369/369
f 370/370/370 371/371/371 372/372/372
f 373/373/373 374/374/374 375/375/375
f 376/376/376 377/377/377 378/378/378
f 379/379/379 380/380/380 381/381/381
f 382/382/382 383/383/383 384/384/384
f 385/385/385 386/386/386 387/387/387
f 388/388/388 389/389/389 390/390/390
f 391/391/391 392/392/392 393/393/393
f 394/394/394 395/395/395 396/396/396
f 397/397/397 398/398/398 399/399/399
f 400/400/400 401/401/401 402/402/402
f 403/403/403 404/404/404 405/405/405
f 406/406/406 407/407/407 408/408/408
f 409/409/409 410/410/410 411/411/411
f 412/412/412 413/413/413 414/414/414
f 415/415/415 416/416/416 417/417/417
f 418/418/418 419/419/419 420/420/420
f 421/421/421 422/422/422 423/423/423
f 424/424/424 425/425/425 426/426/426
f 427/427/427 428/428/428 429/429/429
f 430/430/430 431/431/431 432/432/432
f 433/433/433 434/434/434 435/435/435
f 436/436/436 437/437/437 438/438/438
f 439/439/439 440/440/440 441/441/441
f 442/442/442 443/443/443 444/444/444
f 445/445/445 446/446/446 447/447/447
f 448/448/448 449/449/449 450/450/450
f 451/451/451 452/452/452 453/453/453
f 454/454/454 455/455/455 456/456/456
f 457/457/457 458/458/458 459/459/459
f 460/460/460 461/461/461 462/462/462
f 463/463/463 464/464/464 465/465/465
f 466/466/466 467/467/467 468/468/468
f 469/469/469 470/470/470 471/471/471
f 472/472/472 473/473/473 474/474/474
f 475/475/475 476/476/476 477/477/477
f 478/478/478 479/479/479 480/480/480
o Muzzle
usemtl PaintedVinefangFantasy
v 1.759414 4.873376 -8.330556
v 0.904795 5.384183 -11.679440
v 1.244093 5.786417 -8.330556
v 1.759414 4.873376 -8.330556
v 1.279573 4.706764 -11.679440
v 0.904795 5.384183 -11.679440
v 1.244093 5.786417 -8.330556
v 0.000000 5.664778 -11.679440
v 0.000000 6.164612 -8.330556
v 1.244093 5.786417 -8.330556
v 0.904795 5.384183 -11.679440
v 0.000000 5.664778 -11.679440
v 0.000000 6.164612 -8.330556
v -0.904795 5.384183 -11.679440
v -1.244093 5.786417 -8.330556
v 0.000000 6.164612 -8.330556
v 0.000000 5.664778 -11.679440
v -0.904795 5.384183 -11.679440
v -1.244093 5.786417 -8.330556
v -1.279573 4.706764 -11.679440
v -1.759414 4.873376 -8.330556
v -1.244093 5.786417 -8.330556
v -0.904795 5.384183 -11.679440
v -1.279573 4.706764 -11.679440
v -1.759414 4.873376 -8.330556
v -0.904795 4.029346 -11.679440
v -1.244093 3.960334 -8.330556
v -1.759414 4.873376 -8.330556
v -1.279573 4.706764 -11.679440
v -0.904795 4.029346 -11.679440
v -1.244093 3.960334 -8.330556
v -0.000000 3.748750 -11.679440
v -0.000000 3.582139 -8.330556
v -1.244093 3.960334 -8.330556
v -0.904795 4.029346 -11.679440
v -0.000000 3.748750 -11.679440
v -0.000000 3.582139 -8.330556
v 0.904795 4.029346 -11.679440
v 1.244093 3.960334 -8.330556
v -0.000000 3.582139 -8.330556
v -0.000000 3.748750 -11.679440
v 0.904795 4.029346 -11.679440
v 1.244093 3.960334 -8.330556
v 1.279573 4.706764 -11.679440
v 1.759414 4.873376 -8.330556
v 1.244093 3.960334 -8.330556
v 0.904795 4.029346 -11.679440
v 1.279573 4.706764 -11.679440
v 1.279573 4.706764 -11.679440
v 0.546647 5.219665 -12.220926
v 0.904795 5.384183 -11.679440
v 1.279573 4.706764 -11.679440
v 0.773076 4.748417 -12.220926
v 0.546647 5.219665 -12.220926
v 0.904795 5.384183 -11.679440
v 0.000000 5.414862 -12.220926
v 0.000000 5.664778 -11.679440
v 0.904795 5.384183 -11.679440
v 0.546647 5.219665 -12.220926
v 0.000000 5.414862 -12.220926
v 0.000000 5.664778 -11.679440
v -0.546647 5.219665 -12.220926
v -0.904795 5.384183 -11.679440
v 0.000000 5.664778 -11.679440
v 0.000000 5.414862 -12.220926
v -0.546647 5.219665 -12.220926
v -0.904795 5.384183 -11.679440
v -0.773076 4.748417 -12.220926
v -1.279573 4.706764 -11.679440
v -0.904795 5.384183 -11.679440
v -0.546647 5.219665 -12.220926
v -0.773076 4.748417 -12.220926
v -1.279573 4.706764 -11.679440
v -0.546647 4.277170 -12.220926
v -0.904795 4.029346 -11.679440
v -1.279573 4.706764 -11.679440
v -0.773076 4.748417 -12.220926
v -0.546647 4.277170 -12.220926
v -0.904795 4.029346 -11.679440
v -0.000000 4.081973 -12.220926
v -0.000000 3.748750 -11.679440
v -0.904795 4.029346 -11.679440
v -0.546647 4.277170 -12.220926
v -0.000000 4.081973 -12.220926
v -0.000000 3.748750 -11.679440
v 0.546647 4.277170 -12.220926
v 0.904795 4.029346 -11.679440
v -0.000000 3.748750 -11.679440
v -0.000000 4.081973 -12.220926
v 0.546647 4.277170 -12.220926
v 0.904795 4.029346 -11.679440
v 0.773076 4.748417 -12.220926
v 1.279573 4.706764 -11.679440
v 0.904795 4.029346 -11.679440
v 0.546647 4.277170 -12.220926
v 0.773076 4.748417 -12.220926
v 0.000000 4.873376 -8.330556
v 1.244093 5.786417 -8.330556
v 1.759414 4.873376 -8.330556
v 0.000000 4.873376 -8.330556
v 0.000000 6.164612 -8.330556
v 1.244093 5.786417 -8.330556
v 0.000000 4.873376 -8.330556
v -1.244093 5.786417 -8.330556
v 0.000000 6.164612 -8.330556
v 0.000000 4.873376 -8.330556
v -1.759414 4.873376 -8.330556
v -1.244093 5.786417 -8.330556
v 0.000000 4.873376 -8.330556
v -1.244093 3.960334 -8.330556
v -1.759414 4.873376 -8.330556
v 0.000000 4.873376 -8.330556
v -0.000000 3.582139 -8.330556
v -1.244093 3.960334 -8.330556
v 0.000000 4.873376 -8.330556
v 1.244093 3.960334 -8.330556
v -0.000000 3.582139 -8.330556
v 0.000000 4.873376 -8.330556
v 1.759414 4.873376 -8.330556
v 1.244093 3.960334 -8.330556
v 0.000000 4.748417 -12.220926
v 0.773076 4.748417 -12.220926
v 0.546647 5.219665 -12.220926
v 0.000000 4.748417 -12.220926
v 0.546647 5.219665 -12.220926
v 0.000000 5.414862 -12.220926
v 0.000000 4.748417 -12.220926
v 0.000000 5.414862 -12.220926
v -0.546647 5.219665 -12.220926
v 0.000000 4.748417 -12.220926
v -0.546647 5.219665 -12.220926
v -0.773076 4.748417 -12.220926
v 0.000000 4.748417 -12.220926
v -0.773076 4.748417 -12.220926
v -0.546647 4.277170 -12.220926
v 0.000000 4.748417 -12.220926
v -0.546647 4.277170 -12.220926
v -0.000000 4.081973 -12.220926
v 0.000000 4.748417 -12.220926
v -0.000000 4.081973 -12.220926
v 0.546647 4.277170 -12.220926
v 0.000000 4.748417 -12.220926
v 0.546647 4.277170 -12.220926
v 0.773076 4.748417 -12.220926
vt 0.003906 0.746094
vt 0.034180 0.625000
vt 0.034180 0.746094
vt 0.003906 0.746094
vt 0.003906 0.625000
vt 0.034180 0.625000
vt 0.034180 0.746094
vt 0.064453 0.625000
vt 0.064453 0.746094
vt 0.034180 0.746094
vt 0.034180 0.625000
vt 0.064453 0.625000
vt 0.064453 0.746094
vt 0.094727 0.625000
vt 0.094727 0.746094
vt 0.064453 0.746094
vt 0.064453 0.625000
vt 0.094727 0.625000
vt 0.094727 0.746094
vt 0.125000 0.625000
vt 0.125000 0.746094
vt 0.094727 0.746094
vt 0.094727 0.625000
vt 0.125000 0.625000
vt 0.125000 0.746094
vt 0.155273 0.625000
vt 0.155273 0.746094
vt 0.125000 0.746094
vt 0.125000 0.625000
vt 0.155273 0.625000
vt 0.155273 0.746094
vt 0.185547 0.625000
vt 0.185547 0.746094
vt 0.155273 0.746094
vt 0.155273 0.625000
vt 0.185547 0.625000
vt 0.185547 0.746094
vt 0.215820 0.625000
vt 0.215820 0.746094
vt 0.185547 0.746094
vt 0.185547 0.625000
vt 0.215820 0.625000
vt 0.215820 0.746094
vt 0.246094 0.625000
vt 0.246094 0.746094
vt 0.215820 0.746094
vt 0.215820 0.625000
vt 0.246094 0.625000
vt 0.003906 0.625000
vt 0.034180 0.503906
vt 0.034180 0.625000
vt 0.003906 0.625000
vt 0.003906 0.503906
vt 0.034180 0.503906
vt 0.034180 0.625000
vt 0.064453 0.503906
vt 0.064453 0.625000
vt 0.034180 0.625000
vt 0.034180 0.503906
vt 0.064453 0.503906
vt 0.064453 0.625000
vt 0.094727 0.503906
vt 0.094727 0.625000
vt 0.064453 0.625000
vt 0.064453 0.503906
vt 0.094727 0.503906
vt 0.094727 0.625000
vt 0.125000 0.503906
vt 0.125000 0.625000
vt 0.094727 0.625000
vt 0.094727 0.503906
vt 0.125000 0.503906
vt 0.125000 0.625000
vt 0.155273 0.503906
vt 0.155273 0.625000
vt 0.125000 0.625000
vt 0.125000 0.503906
vt 0.155273 0.503906
vt 0.155273 0.625000
vt 0.185547 0.503906
vt 0.185547 0.625000
vt 0.155273 0.625000
vt 0.155273 0.503906
vt 0.185547 0.503906
vt 0.185547 0.625000
vt 0.215820 0.503906
vt 0.215820 0.625000
vt 0.185547 0.625000
vt 0.185547 0.503906
vt 0.215820 0.503906
vt 0.215820 0.625000
vt 0.246094 0.503906
vt 0.246094 0.625000
vt 0.215820 0.625000
vt 0.215820 0.503906
vt 0.246094 0.503906
vt 0.125000 0.625000
vt 0.221875 0.528125
vt 0.028125 0.721875
vt 0.125000 0.625000
vt 0.221875 0.528125
vt 0.028125 0.721875
vt 0.125000 0.625000
vt 0.221875 0.528125
vt 0.028125 0.721875
vt 0.125000 0.625000
vt 0.221875 0.528125
vt 0.028125 0.721875
vt 0.125000 0.625000
vt 0.221875 0.528125
vt 0.028125 0.721875
vt 0.125000 0.625000
vt 0.221875 0.528125
vt 0.028125 0.721875
vt 0.125000 0.625000
vt 0.221875 0.528125
vt 0.028125 0.721875
vt 0.125000 0.625000
vt 0.221875 0.528125
vt 0.028125 0.721875
vt 0.125000 0.625000
vt 0.028125 0.721875
vt 0.221875 0.528125
vt 0.125000 0.625000
vt 0.028125 0.721875
vt 0.221875 0.528125
vt 0.125000 0.625000
vt 0.028125 0.721875
vt 0.221875 0.528125
vt 0.125000 0.625000
vt 0.028125 0.721875
vt 0.221875 0.528125
vt 0.125000 0.625000
vt 0.028125 0.721875
vt 0.221875 0.528125
vt 0.125000 0.625000
vt 0.028125 0.721875
vt 0.221875 0.528125
vt 0.125000 0.625000
vt 0.028125 0.721875
vt 0.221875 0.528125
vt 0.125000 0.625000
vt 0.028125 0.721875
vt 0.221875 0.528125
vn 0.861575 0.486272 -0.145698
vn 0.861575 0.486272 -0.145698
vn 0.861575 0.486272 -0.145698
vn 0.865402 0.478779 -0.147818
vn 0.865402 0.478779 -0.147818
vn 0.865402 0.478779 -0.147818
vn 0.287929 0.947160 -0.141367
vn 0.287929 0.947160 -0.141367
vn 0.287929 0.947160 -0.141367
vn 0.293150 0.945276 -0.143238
vn 0.293150 0.945276 -0.143238
vn 0.293150 0.945276 -0.143238
vn -0.287865 0.946949 -0.142904
vn -0.287865 0.946949 -0.142904
vn -0.287865 0.946949 -0.142904
vn -0.293239 0.945565 -0.141129
vn -0.293239 0.945565 -0.141129
vn -0.293239 0.945565 -0.141129
vn -0.861329 0.486134 -0.147600
vn -0.861329 0.486134 -0.147600
vn -0.861329 0.486134 -0.147600
vn -0.865736 0.478964 -0.145242
vn -0.865736 0.478964 -0.145242
vn -0.865736 0.478964 -0.145242
vn -0.866685 -0.489157 -0.097890
vn -0.866685 -0.489157 -0.097890
vn -0.866685 -0.489157 -0.097890
vn -0.870560 -0.481633 -0.100775
vn -0.870560 -0.481633 -0.100775
vn -0.870560 -0.481633 -0.100775
vn -0.290521 -0.955687 -0.047547
vn -0.290521 -0.955687 -0.047547
vn -0.290521 -0.955687 -0.047547
vn -0.295839 -0.953948 -0.049632
vn -0.295839 -0.953948 -0.049632
vn -0.295839 -0.953948 -0.049632
vn 0.290499 -0.955613 -0.049125
vn 0.290499 -0.955613 -0.049125
vn 0.290499 -0.955613 -0.049125
vn 0.295870 -0.954048 -0.047465
vn 0.295870 -0.954048 -0.047465
vn 0.295870 -0.954048 -0.047465
vn 0.866518 -0.489062 -0.099826
vn 0.866518 -0.489062 -0.099826
vn 0.866518 -0.489062 -0.099826
vn 0.870789 -0.481760 -0.098153
vn 0.870789 -0.481760 -0.098153
vn 0.870789 -0.481760 -0.098153
vn 0.708141 0.391776 -0.587408
vn 0.708141 0.391776 -0.587408
vn 0.708141 0.391776 -0.587408
vn 0.700478 0.336571 -0.629326
vn 0.700478 0.336571 -0.629326
vn 0.700478 0.336571 -0.629326
vn 0.271037 0.873973 -0.403372
vn 0.271037 0.873973 -0.403372
vn 0.271037 0.873973 -0.403372
vn 0.299749 0.839444 -0.453304
vn 0.299749 0.839444 -0.453304
vn 0.299749 0.839444 -0.453304
vn -0.266397 0.859010 -0.437190
vn -0.266397 0.859010 -0.437190
vn -0.266397 0.859010 -0.437190
vn -0.308410 0.863699 -0.398631
vn -0.308410 0.863699 -0.398631
vn -0.308410 0.863699 -0.398631
vn -0.689537 0.381483 -0.615637
vn -0.689537 0.381483 -0.615637
vn -0.689537 0.381483 -0.615637
vn -0.728789 0.350174 -0.588426
vn -0.728789 0.350174 -0.588426
vn -0.728789 0.350174 -0.588426
vn -0.683169 -0.377960 -0.624841
vn -0.683169 -0.377960 -0.624841
vn -0.683169 -0.377960 -0.624841
vn -0.677857 -0.325702 -0.659111
vn -0.677857 -0.325702 -0.659111
vn -0.677857 -0.325702 -0.659111
vn -0.255360 -0.823422 -0.506721
vn -0.255360 -0.823422 -0.506721
vn -0.255360 -0.823422 -0.506721
vn -0.281512 -0.788371 -0.547013
vn -0.281512 -0.788371 -0.547013
vn -0.281512 -0.788371 -0.547013
vn 0.250271 -0.807011 -0.534881
vn 0.250271 -0.807011 -0.534881
vn 0.250271 -0.807011 -0.534881
vn 0.290954 -0.814813 -0.501423
vn 0.290954 -0.814813 -0.501423
vn 0.290954 -0.814813 -0.501423
vn 0.664830 -0.367814 -0.650165
vn 0.664830 -0.367814 -0.650165
vn 0.664830 -0.367814 -0.650165
vn 0.705767 -0.339113 -0.622009
vn 0.705767 -0.339113 -0.622009
vn 0.705767 -0.339113 -0.622009
vn 0.000000 0.000000 -1.000000
vn 0.000000 0.000000 -1.000000
vn 0.000000 0.000000 -1.000000
vn 0.000000 0.000000 -1.000000
vn 0.000000 0.000000 -1.000000
vn 0.000000 0.000000 -1.000000
vn 0.000000 0.000000 -1.000000
vn 0.000000 0.000000 -1.000000
vn 0.000000 0.000000 -1.000000
vn 0.000000 0.000000 -1.000000
vn 0.000000 0.000000 -1.000000
vn 0.000000 0.000000 -1.000000
vn -0.000000 0.000000 -1.000000
vn -0.000000 0.000000 -1.000000
vn -0.000000 0.000000 -1.000000
vn 0.000000 0.000000 -1.000000
vn 0.000000 0.000000 -1.000000
vn 0.000000 0.000000 -1.000000
vn 0.000000 -0.000000 -1.000000
vn 0.000000 -0.000000 -1.000000
vn 0.000000 -0.000000 -1.000000
vn 0.000000 0.000000 -1.000000
vn 0.000000 0.000000 -1.000000
vn 0.000000 0.000000 -1.000000
vn 0.000000 0.000000 1.000000
vn 0.000000 0.000000 1.000000
vn 0.000000 0.000000 1.000000
vn 0.000000 0.000000 1.000000
vn 0.000000 0.000000 1.000000
vn 0.000000 0.000000 1.000000
vn 0.000000 -0.000000 1.000000
vn 0.000000 -0.000000 1.000000
vn 0.000000 -0.000000 1.000000
vn 0.000000 0.000000 1.000000
vn 0.000000 0.000000 1.000000
vn 0.000000 0.000000 1.000000
vn 0.000000 0.000000 1.000000
vn 0.000000 0.000000 1.000000
vn 0.000000 0.000000 1.000000
vn 0.000000 0.000000 1.000000
vn 0.000000 0.000000 1.000000
vn 0.000000 0.000000 1.000000
vn 0.000000 0.000000 1.000000
vn 0.000000 0.000000 1.000000
vn 0.000000 0.000000 1.000000
vn -0.000000 0.000000 1.000000
vn -0.000000 0.000000 1.000000
vn -0.000000 0.000000 1.000000
f 481/481/481 482/482/482 483/483/483
f 484/484/484 485/485/485 486/486/486
f 487/487/487 488/488/488 489/489/489
f 490/490/490 491/491/491 492/492/492
f 493/493/493 494/494/494 495/495/495
f 496/496/496 497/497/497 498/498/498
f 499/499/499 500/500/500 501/501/501
f 502/502/502 503/503/503 504/504/504
f 505/505/505 506/506/506 507/507/507
f 508/508/508 509/509/509 510/510/510
f 511/511/511 512/512/512 513/513/513
f 514/514/514 515/515/515 516/516/516
f 517/517/517 518/518/518 519/519/519
f 520/520/520 521/521/521 522/522/522
f 523/523/523 524/524/524 525/525/525
f 526/526/526 527/527/527 528/528/528
f 529/529/529 530/530/530 531/531/531
f 532/532/532 533/533/533 534/534/534
f 535/535/535 536/536/536 537/537/537
f 538/538/538 539/539/539 540/540/540
f 541/541/541 542/542/542 543/543/543
f 544/544/544 545/545/545 546/546/546
f 547/547/547 548/548/548 549/549/549
f 550/550/550 551/551/551 552/552/552
f 553/553/553 554/554/554 555/555/555
f 556/556/556 557/557/557 558/558/558
f 559/559/559 560/560/560 561/561/561
f 562/562/562 563/563/563 564/564/564
f 565/565/565 566/566/566 567/567/567
f 568/568/568 569/569/569 570/570/570
f 571/571/571 572/572/572 573/573/573
f 574/574/574 575/575/575 576/576/576
f 577/577/577 578/578/578 579/579/579
f 580/580/580 581/581/581 582/582/582
f 583/583/583 584/584/584 585/585/585
f 586/586/586 587/587/587 588/588/588
f 589/589/589 590/590/590 591/591/591
f 592/592/592 593/593/593 594/594/594
f 595/595/595 596/596/596 597/597/597
f 598/598/598 599/599/599 600/600/600
f 601/601/601 602/602/602 603/603/603
f 604/604/604 605/605/605 606/606/606
f 607/607/607 608/608/608 609/609/609
f 610/610/610 611/611/611 612/612/612
f 613/613/613 614/614/614 615/615/615
f 616/616/616 617/617/617 618/618/618
f 619/619/619 620/620/620 621/621/621
f 622/622/622 623/623/623 624/624/624
o Nose
usemtl PaintedVinefangFantasy
v 0.719760 5.039987 -12.450017
v 0.359880 5.508927 -12.450017
v 0.359880 5.508927 -12.116794
v 0.719760 5.039987 -12.450017
v 0.359880 5.508927 -12.116794
v 0.719760 5.039987 -12.116794
v 0.359880 5.508927 -12.450017
v -0.359880 5.508927 -12.450017
v -0.359880 5.508927 -12.116794
v 0.359880 5.508927 -12.450017
v -0.359880 5.508927 -12.116794
v 0.359880 5.508927 -12.116794
v -0.359880 5.508927 -12.450017
v -0.719760 5.039987 -12.450017
v -0.719760 5.039987 -12.116794
v -0.359880 5.508927 -12.450017
v -0.719760 5.039987 -12.116794
v -0.359880 5.508927 -12.116794
v -0.719760 5.039987 -12.450017
v -0.359880 4.571046 -12.450017
v -0.359880 4.571046 -12.116794
v -0.719760 5.039987 -12.450017
v -0.359880 4.571046 -12.116794
v -0.719760 5.039987 -12.116794
v -0.359880 4.571046 -12.450017
v 0.359880 4.571046 -12.450017
v 0.359880 4.571046 -12.116794
v -0.359880 4.571046 -12.450017
v 0.359880 4.571046 -12.116794
v -0.359880 4.571046 -12.116794
v 0.359880 4.571046 -12.450017
v 0.719760 5.039987 -12.450017
v 0.719760 5.039987 -12.116794
v 0.359880 4.571046 -12.450017
v 0.719760 5.039987 -12.116794
v 0.359880 4.571046 -12.116794
v 0.000000 5.039987 -12.450017
v 0.359880 5.508927 -12.450017
v 0.719760 5.039987 -12.450017
v 0.000000 5.039987 -12.450017
v -0.359880 5.508927 -12.450017
v 0.359880 5.508927 -12.450017
v 0.000000 5.039987 -12.450017
v -0.719760 5.039987 -12.450017
v -0.359880 5.508927 -12.450017
v 0.000000 5.039987 -12.450017
v -0.359880 4.571046 -12.450017
v -0.719760 5.039987 -12.450017
v 0.000000 5.039987 -12.450017
v 0.359880 4.571046 -12.450017
v -0.359880 4.571046 -12.450017
v 0.000000 5.039987 -12.450017
v 0.719760 5.039987 -12.450017
v 0.359880 4.571046 -12.450017
v 0.000000 5.039987 -12.116794
v 0.719760 5.039987 -12.116794
v 0.359880 5.508927 -12.116794
v 0.000000 5.039987 -12.116794
v 0.359880 5.508927 -12.116794
v -0.359880 5.508927 -12.116794
v 0.000000 5.039987 -12.116794
v -0.359880 5.508927 -12.116794
v -0.719760 5.039987 -12.116794
v 0.000000 5.039987 -12.116794
v -0.719760 5.039987 -12.116794
v -0.359880 4.571046 -12.116794
v 0.000000 5.039987 -12.116794
v -0.359880 4.571046 -12.116794
v 0.359880 4.571046 -12.116794
v 0.000000 5.039987 -12.116794
v 0.359880 4.571046 -12.116794
v 0.719760 5.039987 -12.116794
vt 0.003906 0.496094
vt 0.044271 0.496094
vt 0.044271 0.253906
vt 0.003906 0.496094
vt 0.044271 0.253906
vt 0.003906 0.253906
vt 0.044271 0.496094
vt 0.084635 0.496094
vt 0.084635 0.253906
vt 0.044271 0.496094
vt 0.084635 0.253906
vt 0.044271 0.253906
vt 0.084635 0.496094
vt 0.125000 0.496094
vt 0.125000 0.253906
vt 0.084635 0.496094
vt 0.125000 0.253906
vt 0.084635 0.253906
vt 0.125000 0.496094
vt 0.165365 0.496094
vt 0.165365 0.253906
vt 0.125000 0.496094
vt 0.165365 0.253906
vt 0.125000 0.253906
vt 0.165365 0.496094
vt 0.205729 0.496094
vt 0.205729 0.253906
vt 0.165365 0.496094
vt 0.205729 0.253906
vt 0.165365 0.253906
vt 0.205729 0.496094
vt 0.246094 0.496094
vt 0.246094 0.253906
vt 0.205729 0.496094
vt 0.246094 0.253906
vt 0.205729 0.253906
vt 0.125000 0.375000
vt 0.221875 0.278125
vt 0.028125 0.471875
vt 0.125000 0.375000
vt 0.221875 0.278125
vt 0.028125 0.471875
vt 0.125000 0.375000
vt 0.221875 0.278125
vt 0.028125 0.471875
vt 0.125000 0.375000
vt 0.221875 0.278125
vt 0.028125 0.471875
vt 0.125000 0.375000
vt 0.221875 0.278125
vt 0.028125 0.471875
vt 0.125000 0.375000
vt 0.221875 0.278125
vt 0.028125 0.471875
vt 0.125000 0.375000
vt 0.028125 0.471875
vt 0.221875 0.278125
vt 0.125000 0.375000
vt 0.028125 0.471875
vt 0.221875 0.278125
vt 0.125000 0.375000
vt 0.028125 0.471875
vt 0.221875 0.278125
vt 0.125000 0.375000
vt 0.028125 0.471875
vt 0.221875 0.278125
vt 0.125000 0.375000
vt 0.028125 0.471875
vt 0.221875 0.278125
vt 0.125000 0.375000
vt 0.028125 0.471875
vt 0.221875 0.278125
vn 0.793313 0.608814 0.000000
vn 0.793313 0.608814 0.000000
vn 0.793313 0.608814 0.000000
vn 0.793313 0.608814 -0.000000
vn 0.793313 0.608814 -0.000000
vn 0.793313 0.608814 -0.000000
vn 0.000000 1.000000 0.000000
vn 0.000000 1.000000 0.000000
vn 0.000000 1.000000 0.000000
vn 0.000000 1.000000 -0.000000
vn 0.000000 1.000000 -0.000000
vn 0.000000 1.000000 -0.000000
vn -0.793313 0.608814 0.000000
vn -0.793313 0.608814 0.000000
vn -0.793313 0.608814 0.000000
vn -0.793313 0.608814 0.000000
vn -0.793313 0.608814 0.000000
vn -0.793313 0.608814 0.000000
vn -0.793313 -0.608814 0.000000
vn -0.793313 -0.608814 0.000000
vn -0.793313 -0.608814 0.000000
vn -0.793313 -0.608814 0.000000
vn -0.793313 -0.608814 0.000000
vn -0.793313 -0.608814 0.000000
vn -0.000000 -1.000000 0.000000
vn -0.000000 -1.000000 0.000000
vn -0.000000 -1.000000 0.000000
vn -0.000000 -1.000000 0.000000
vn -0.000000 -1.000000 0.000000
vn -0.000000 -1.000000 0.000000
vn 0.793313 -0.608814 0.000000
vn 0.793313 -0.608814 0.000000
vn 0.793313 -0.608814 0.000000
vn 0.793313 -0.608814 0.000000
vn 0.793313 -0.608814 0.000000
vn 0.793313 -0.608814 0.000000
vn 0.000000 0.000000 -1.000000
vn 0.000000 0.000000 -1.000000
vn 0.000000 0.000000 -1.000000
vn 0.000000 0.000000 -1.000000
vn 0.000000 0.000000 -1.000000
vn 0.000000 0.000000 -1.000000
vn 0.000000 0.000000 -1.000000
vn 0.000000 0.000000 -1.000000
vn 0.000000 0.000000 -1.000000
vn -0.000000 0.000000 -1.000000
vn -0.000000 0.000000 -1.000000
vn -0.000000 0.000000 -1.000000
vn 0.000000 -0.000000 -1.000000
vn 0.000000 -0.000000 -1.000000
vn 0.000000 -0.000000 -1.000000
vn 0.000000 0.000000 -1.000000
vn 0.000000 0.000000 -1.000000
vn 0.000000 0.000000 -1.000000
vn 0.000000 0.000000 1.000000
vn 0.000000 0.000000 1.000000
vn 0.000000 0.000000 1.000000
vn 0.000000 -0.000000 1.000000
vn 0.000000 -0.000000 1.000000
vn 0.000000 -0.000000 1.000000
vn 0.000000 0.000000 1.000000
vn 0.000000 0.000000 1.000000
vn 0.000000 0.000000 1.000000
vn 0.000000 0.000000 1.000000
vn 0.000000 0.000000 1.000000
vn 0.000000 0.000000 1.000000
vn 0.000000 0.000000 1.000000
vn 0.000000 0.000000 1.000000
vn 0.000000 0.000000 1.000000
vn -0.000000 0.000000 1.000000
vn -0.000000 0.000000 1.000000
vn -0.000000 0.000000 1.000000
f 625/625/625 626/626/626 627/627/627
f 628/628/628 629/629/629 630/630/630
f 631/631/631 632/632/632 633/633/633
f 634/634/634 635/635/635 636/636/636
f 637/637/637 638/638/638 639/639/639
f 640/640/640 641/641/641 642/642/642
f 643/643/643 644/644/644 645/645/645
f 646/646/646 647/647/647 648/648/648
f 649/649/649 650/650/650 651/651/651
f 652/652/652 653/653/653 654/654/654
f 655/655/655 656/656/656 657/657/657
f 658/658/658 659/659/659 660/660/660
f 661/661/661 662/662/662 663/663/663
f 664/664/664 665/665/665 666/666/666
f 667/667/667 668/668/668 669/669/669
f 670/670/670 671/671/671 672/672/672
f 673/673/673 674/674/674 675/675/675
f 676/676/676 677/677/677 678/678/678
f 679/679/679 680/680/680 681/681/681
f 682/682/682 683/683/683 684/684/684
f 685/685/685 686/686/686 687/687/687
f 688/688/688 689/689/689 690/690/690
f 691/691/691 692/692/692 693/693/693
f 694/694/694 695/695/695 696/696/696
o LeftEye
usemtl PaintedVinefangFantasy
v -0.583139 6.589470 -9.092802
v -2.040986 6.020910 -8.655448
v -2.165945 6.806065 -8.617961
v -0.583139 6.589470 -9.092802
v -0.708097 6.047984 -9.055315
v -2.040986 6.020910 -8.655448
vt 0.753906 0.996094
vt 0.996094 0.753906
vt 0.996094 0.996094
vt 0.753906 0.996094
vt 0.753906 0.753906
vt 0.996094 0.753906
vn -0.287348 -0.000000 -0.957826
vn -0.287348 -0.000000 -0.957826
vn -0.287348 -0.000000 -0.957826
vn -0.287348 -0.000000 -0.957826
vn -0.287348 -0.000000 -0.957826
vn -0.287348 -0.000000 -0.957826
f 697/697/697 698/698/698 699/699/699
f 700/700/700 701/701/701 702/702/702
o LeftBrow
usemtl PaintedVinefangFantasy
v -0.583139 6.706098 -8.926191
v -1.280277 6.938477 -8.717921
v -1.390687 6.645986 -8.863190
v -1.390687 6.645986 -8.863190
v -1.280277 6.938477 -8.717921
v -2.158161 7.231105 -8.786189
v -2.158161 7.231105 -8.786189
v -1.280277 6.938477 -8.717921
v -1.193111 7.238716 -8.863190
v -1.193111 7.238716 -8.863190
v -1.280277 6.938477 -8.717921
v -0.583139 6.706098 -8.926191
v -0.588950 6.708035 -8.998826
v -1.396498 6.647923 -8.935825
v -1.297710 6.944288 -8.935825
v -1.396498 6.647923 -8.935825
v -2.163972 7.233042 -8.858824
v -1.297710 6.944288 -8.935825
v -2.163972 7.233042 -8.858824
v -1.198921 7.240653 -8.935825
v -1.297710 6.944288 -8.935825
v -1.198921 7.240653 -8.935825
v -0.588950 6.708035 -8.998826
v -1.297710 6.944288 -8.935825
v -0.583139 6.706098 -8.926191
v -1.396498 6.647923 -8.935825
v -0.588950 6.708035 -8.998826
v -0.583139 6.706098 -8.926191
v -1.390687 6.645986 -8.863190
v -1.396498 6.647923 -8.935825
v -1.390687 6.645986 -8.863190
v -2.163972 7.233042 -8.858824
v -1.396498 6.647923 -8.935825
v -1.390687 6.645986 -8.863190
v -2.158161 7.231105 -8.786189
v -2.163972 7.233042 -8.858824
v -2.158161 7.231105 -8.786189
v -1.198921 7.240653 -8.935825
v -2.163972 7.233042 -8.858824
v -2.158161 7.231105 -8.786189
v -1.193111 7.238716 -8.863190
v -1.198921 7.240653 -8.935825
v -1.193111 7.238716 -8.863190
v -0.588950 6.708035 -8.998826
v -1.198921 7.240653 -8.935825
v -1.193111 7.238716 -8.863190
v -0.583139 6.706098 -8.926191
v -0.588950 6.708035 -8.998826
vt 0.125000 0.753906
vt 0.125000 0.862891
vt 0.003906 0.862891
vt 0.003906 0.862891
vt 0.125000 0.862891
vt 0.125000 0.996094
vt 0.125000 0.996094
vt 0.125000 0.862891
vt 0.246094 0.862891
vt 0.246094 0.862891
vt 0.125000 0.862891
vt 0.125000 0.753906
vt 0.125000 0.753906
vt 0.003906 0.862891
vt 0.125000 0.862891
vt 0.003906 0.862891
vt 0.125000 0.996094
vt 0.125000 0.862891
vt 0.125000 0.996094
vt 0.246094 0.862891
vt 0.125000 0.862891
vt 0.246094 0.862891
vt 0.125000 0.753906
vt 0.125000 0.862891
vt 0.125000 0.753906
vt 0.003906 0.862891
vt 0.125000 0.753906
vt 0.125000 0.753906
vt 0.003906 0.862891
vt 0.003906 0.862891
vt 0.003906 0.862891
vt 0.125000 0.996094
vt 0.003906 0.862891
vt 0.003906 0.862891
vt 0.125000 0.996094
vt 0.125000 0.996094
vt 0.125000 0.996094
vt 0.246094 0.862891
vt 0.125000 0.996094
vt 0.125000 0.996094
vt 0.246094 0.862891
vt 0.246094 0.862891
vt 0.246094 0.862891
vt 0.125000 0.753906
vt 0.246094 0.862891
vt 0.246094 0.862891
vt 0.125000 0.753906
vt 0.125000 0.753906
vn 0.103485 -0.473493 0.874697
vn 0.103485 -0.473493 0.874697
vn 0.103485 -0.473493 0.874697
vn -0.195750 -0.375949 0.905729
vn -0.195750 -0.375949 0.905729
vn -0.195750 -0.375949 0.905729
vn 0.068970 0.418209 0.905729
vn 0.068970 0.418209 0.905729
vn 0.068970 0.418209 0.905729
vn 0.366884 0.316703 0.874697
vn 0.366884 0.316703 0.874697
vn 0.366884 0.316703 0.874697
vn -0.079717 0.026572 -0.996463
vn -0.079717 0.026572 -0.996463
vn -0.079717 0.026572 -0.996463
vn -0.079717 0.026572 -0.996463
vn -0.079717 0.026572 -0.996463
vn -0.079717 0.026572 -0.996463
vn -0.079717 0.026572 -0.996463
vn -0.079717 0.026572 -0.996463
vn -0.079717 0.026572 -0.996463
vn -0.079717 0.026572 -0.996463
vn -0.079717 0.026572 -0.996463
vn -0.079717 0.026572 -0.996463
vn 0.071685 -0.996904 -0.032319
vn 0.071685 -0.996904 -0.032319
vn 0.071685 -0.996904 -0.032319
vn 0.071685 -0.996904 -0.032319
vn 0.071685 -0.996904 -0.032319
vn 0.071685 -0.996904 -0.032319
vn -0.604346 -0.796261 0.027114
vn -0.604346 -0.796261 0.027114
vn -0.604346 -0.796261 0.027114
vn -0.604346 -0.796261 0.027114
vn -0.604346 -0.796261 0.027114
vn -0.604346 -0.796261 0.027114
vn -0.005720 0.999616 0.027114
vn -0.005720 0.999616 0.027114
vn -0.005720 0.999616 0.027114
vn -0.005720 0.999616 0.027114
vn -0.005720 0.999616 0.027114
vn -0.005720 0.999616 0.027114
vn 0.655490 0.754512 -0.032319
vn 0.655490 0.754512 -0.032319
vn 0.655490 0.754512 -0.032319
vn 0.655490 0.754512 -0.032319
vn 0.655490 0.754512 -0.032319
vn 0.655490 0.754512 -0.032319
f 703/703/703 704/704/704 705/705/705
f 706/706/706 707/707/707 708/708/708
f 709/709/709 710/710/710 711/711/711
f 712/712/712 713/713/713 714/714/714
f 715/715/715 716/716/716 717/717/717
f 718/718/718 719/719/719 720/720/720
f 721/721/721 722/722/722 723/723/723
f 724/724/724 725/725/725 726/726/726
f 727/727/727 728/728/728 729/729/729
f 730/730/730 731/731/731 732/732/732
f 733/733/733 734/734/734 735/735/735
f 736/736/736 737/737/737 738/738/738
f 739/739/739 740/740/740 741/741/741
f 742/742/742 743/743/743 744/744/744
f 745/745/745 746/746/746 747/747/747
f 748/748/748 749/749/749 750/750/750
o LeftEar
usemtl PaintedVinefangFantasy
v -1.047984 7.252582 -7.289237
v -2.797401 7.085971 -6.997667
v -2.422526 10.709763 -6.789404
v -1.047984 7.252582 -6.497834
v -2.422526 10.709763 -5.998001
v -2.797401 7.085971 -6.206265
v -1.047984 7.252582 -7.289237
v -2.797401 7.085971 -6.206265
v -2.797401 7.085971 -6.997667
v -1.047984 7.252582 -7.289237
v -1.047984 7.252582 -6.497834
v -2.797401 7.085971 -6.206265
v -2.797401 7.085971 -6.997667
v -2.422526 10.709763 -5.998001
v -2.422526 10.709763 -6.789404
v -2.797401 7.085971 -6.997667
v -2.797401 7.085971 -6.206265
v -2.422526 10.709763 -5.998001
v -2.422526 10.709763 -6.789404
v -1.047984 7.252582 -6.497834
v -1.047984 7.252582 -7.289237
v -2.422526 10.709763 -6.789404
v -2.422526 10.709763 -5.998001
v -1.047984 7.252582 -6.497834
vt 0.003906 0.753906
vt 0.246094 0.753906
vt 0.125000 0.996094
vt 0.003906 0.753906
vt 0.125000 0.996094
vt 0.246094 0.753906
vt 0.003906 0.996094
vt 0.246094 0.753906
vt 0.246094 0.996094
vt 0.003906 0.996094
vt 0.003906 0.753906
vt 0.246094 0.753906
vt 0.003906 0.996094
vt 0.246094 0.753906
vt 0.246094 0.996094
vt 0.003906 0.996094
vt 0.003906 0.753906
vt 0.246094 0.753906
vt 0.003906 0.996094
vt 0.246094 0.753906
vt 0.246094 0.996094
vt 0.003906 0.996094
vt 0.003906 0.753906
vt 0.246094 0.753906
vn -0.170812 0.074136 -0.982511
vn -0.170812 0.074136 -0.982511
vn -0.170812 0.074136 -0.982511
vn 0.170812 -0.074136 0.982511
vn 0.170812 -0.074136 0.982511
vn 0.170812 -0.074136 0.982511
vn 0.094809 -0.995495 0.000000
vn 0.094809 -0.995495 0.000000
vn 0.094809 -0.995495 0.000000
vn 0.094809 -0.995495 0.000000
vn 0.094809 -0.995495 0.000000
vn 0.094809 -0.995495 0.000000
vn -0.994692 0.102899 0.000000
vn -0.994692 0.102899 0.000000
vn -0.994692 0.102899 0.000000
vn -0.994692 0.102899 0.000000
vn -0.994692 0.102899 0.000000
vn -0.994692 0.102899 0.000000
vn 0.929247 0.369460 0.000000
vn 0.929247 0.369460 0.000000
vn 0.929247 0.369460 0.000000
vn 0.929247 0.369460 -0.000000
vn 0.929247 0.369460 -0.000000
vn 0.929247 0.369460 -0.000000
f 751/751/751 752/752/752 753/753/753
f 754/754/754 755/755/755 756/756/756
f 757/757/757 758/758/758 759/759/759
f 760/760/760 761/761/761 762/762/762
f 763/763/763 764/764/764 765/765/765
f 766/766/766 767/767/767 768/768/768
f 769/769/769 770/770/770 771/771/771
f 772/772/772 773/773/773 774/774/774
o LeftEarPink
usemtl PaintedVinefangFantasy
v -1.332889 7.544152 -7.243419
v -2.452516 7.437521 -7.056814
v -2.212596 9.756748 -6.923525
vt 0.753906 0.503906
vt 0.996094 0.503906
vt 0.875000 0.746094
vn -0.170812 0.074136 -0.982511
vn -0.170812 0.074136 -0.982511
vn -0.170812 0.074136 -0.982511
f 775/775/775 776/776/776 777/777/777
o LeftFrontLeg
usemtl PaintedVinefangFantasy
v -1.829390 -4.290237 -3.207264
v -2.693269 -3.498834 -1.775130
v -2.540820 -4.290237 -1.836514
v -1.829390 -4.290237 -3.207264
v -2.134289 -3.498834 -2.749084
v -2.693269 -3.498834 -1.775130
v -2.540820 -4.290237 -1.836514
v -3.811230 -3.498834 -1.775130
v -3.963679 -4.290237 -1.836514
v -2.540820 -4.290237 -1.836514
v -2.693269 -3.498834 -1.775130
v -3.811230 -3.498834 -1.775130
v -3.963679 -4.290237 -1.836514
v -4.370210 -3.498834 -2.749084
v -4.675108 -4.290237 -3.207264
v -3.963679 -4.290237 -1.836514
v -3.811230 -3.498834 -1.775130
v -4.370210 -3.498834 -2.749084
v -4.675108 -4.290237 -3.207264
v -3.811230 -3.498834 -3.723038
v -3.963679 -4.290237 -4.578014
v -4.675108 -4.290237 -3.207264
v -4.370210 -3.498834 -2.749084
v -3.811230 -3.498834 -3.723038
v -3.963679 -4.290237 -4.578014
v -2.693269 -3.498834 -3.723038
v -2.540820 -4.290237 -4.578014
v -3.963679 -4.290237 -4.578014
v -3.811230 -3.498834 -3.723038
v -2.693269 -3.498834 -3.723038
v -2.540820 -4.290237 -4.578014
v -2.134289 -3.498834 -2.749084
v -1.829390 -4.290237 -3.207264
v -2.540820 -4.290237 -4.578014
v -2.693269 -3.498834 -3.723038
v -2.134289 -3.498834 -2.749084
v -2.134289 -3.498834 -2.749084
v -2.794902 -1.666111 -1.189000
v -2.693269 -3.498834 -1.775130
v -2.134289 -3.498834 -2.749084
v -2.337554 -1.666111 -1.874375
v -2.794902 -1.666111 -1.189000
v -2.693269 -3.498834 -1.775130
v -3.709597 -1.666111 -1.189000
v -3.811230 -3.498834 -1.775130
v -2.693269 -3.498834 -1.775130
v -2.794902 -1.666111 -1.189000
v -3.709597 -1.666111 -1.189000
v -3.811230 -3.498834 -1.775130
v -4.166944 -1.666111 -1.874375
v -4.370210 -3.498834 -2.749084
v -3.811230 -3.498834 -1.775130
v -3.709597 -1.666111 -1.189000
v -4.166944 -1.666111 -1.874375
v -4.370210 -3.498834 -2.749084
v -3.709597 -1.666111 -2.559750
v -3.811230 -3.498834 -3.723038
v -4.370210 -3.498834 -2.749084
v -4.166944 -1.666111 -1.874375
v -3.709597 -1.666111 -2.559750
v -3.811230 -3.498834 -3.723038
v -2.794902 -1.666111 -2.559750
v -2.693269 -3.498834 -3.723038
v -3.811230 -3.498834 -3.723038
v -3.709597 -1.666111 -2.559750
v -2.794902 -1.666111 -2.559750
v -2.693269 -3.498834 -3.723038
v -2.337554 -1.666111 -1.874375
v -2.134289 -3.498834 -2.749084
v -2.693269 -3.498834 -3.723038
v -2.794902 -1.666111 -2.559750
v -2.337554 -1.666111 -1.874375
v -2.337554 -1.666111 -1.874375
v -2.744085 -0.249917 -1.472399
v -2.794902 -1.666111 -1.189000
v -2.337554 -1.666111 -1.874375
v -2.235921 -0.249917 -2.374209
v -2.744085 -0.249917 -1.472399
v -2.794902 -1.666111 -1.189000
v -3.760413 -0.249917 -1.472399
v -3.709597 -1.666111 -1.189000
v -2.794902 -1.666111 -1.189000
v -2.744085 -0.249917 -1.472399
v -3.760413 -0.249917 -1.472399
v -3.709597 -1.666111 -1.189000
v -4.268577 -0.249917 -2.374209
v -4.166944 -1.666111 -1.874375
v -3.709597 -1.666111 -1.189000
v -3.760413 -0.249917 -1.472399
v -4.268577 -0.249917 -2.374209
v -4.166944 -1.666111 -1.874375
v -3.760413 -0.249917 -3.276018
v -3.709597 -1.666111 -2.559750
v -4.166944 -1.666111 -1.874375
v -4.268577 -0.249917 -2.374209
v -3.760413 -0.249917 -3.276018
v -3.709597 -1.666111 -2.559750
v -2.744085 -0.249917 -3.276018
v -2.794902 -1.666111 -2.559750
v -3.709597 -1.666111 -2.559750
v -3.760413 -0.249917 -3.276018
v -2.744085 -0.249917 -3.276018
v -2.794902 -1.666111 -2.559750
v -2.235921 -0.249917 -2.374209
v -2.337554 -1.666111 -1.874375
v -2.794902 -1.666111 -2.559750
v -2.744085 -0.249917 -3.276018
v -2.235921 -0.249917 -2.374209
v -2.235921 -0.249917 -2.374209
v -1.991596 2.207597 -1.039531
v -2.744085 -0.249917 -1.472399
v -2.235921 -0.249917 -2.374209
v -1.127717 2.207597 -2.374209
v -1.991596 2.207597 -1.039531
v -2.744085 -0.249917 -1.472399
v -3.719354 2.207597 -1.039531
v -3.760413 -0.249917 -1.472399
v -2.744085 -0.249917 -1.472399
v -1.991596 2.207597 -1.039531
v -3.719354 2.207597 -1.039531
v -3.760413 -0.249917 -1.472399
v -4.583232 2.207597 -2.374209
v -4.268577 -0.249917 -2.374209
v -3.760413 -0.249917 -1.472399
v -3.719354 2.207597 -1.039531
v -4.583232 2.207597 -2.374209
v -4.268577 -0.249917 -2.374209
v -3.719354 2.207597 -3.708886
v -3.760413 -0.249917 -3.276018
v -4.268577 -0.249917 -2.374209
v -4.583232 2.207597 -2.374209
v -3.719354 2.207597 -3.708886
v -3.760413 -0.249917 -3.276018
v -1.991596 2.207597 -3.708886
v -2.744085 -0.249917 -3.276018
v -3.760413 -0.249917 -3.276018
v -3.719354 2.207597 -3.708886
v -1.991596 2.207597 -3.708886
v -2.744085 -0.249917 -3.276018
v -1.127717 2.207597 -2.374209
v -2.235921 -0.249917 -2.374209
v -2.744085 -0.249917 -3.276018
v -1.991596 2.207597 -3.708886
v -1.127717 2.207597 -2.374209
v -3.252249 -4.290237 -3.207264
v -1.829390 -4.290237 -3.207264
v -2.540820 -4.290237 -1.836514
v -3.252249 -4.290237 -3.207264
v -2.540820 -4.290237 -1.836514
v -3.963679 -4.290237 -1.836514
v -3.252249 -4.290237 -3.207264
v -3.963679 -4.290237 -1.836514
v -4.675108 -4.290237 -3.207264
v -3.252249 -4.290237 -3.207264
v -4.675108 -4.290237 -3.207264
v -3.963679 -4.290237 -4.578014
v -3.252249 -4.290237 -3.207264
v -3.963679 -4.290237 -4.578014
v -2.540820 -4.290237 -4.578014
v -3.252249 -4.290237 -3.207264
v -2.540820 -4.290237 -4.578014
v -1.829390 -4.290237 -3.207264
v -2.855475 2.207597 -2.374209
v -1.991596 2.207597 -1.039531
v -1.127717 2.207597 -2.374209
v -2.855475 2.207597 -2.374209
v -3.719354 2.207597 -1.039531
v -1.991596 2.207597 -1.039531
v -2.855475 2.207597 -2.374209
v -4.583232 2.207597 -2.374209
v -3.719354 2.207597 -1.039531
v -2.855475 2.207597 -2.374209
v -3.719354 2.207597 -3.708886
v -4.583232 2.207597 -2.374209
v -2.855475 2.207597 -2.374209
v -1.991596 2.207597 -3.708886
v -3.719354 2.207597 -3.708886
v -2.855475 2.207597 -2.374209
v -1.127717 2.207597 -2.374209
v -1.991596 2.207597 -3.708886
vt 0.003906 0.503906
vt 0.246094 0.746094
vt 0.246094 0.503906
vt 0.003906 0.503906
vt 0.003906 0.746094
vt 0.246094 0.746094
vt 0.003906 0.503906
vt 0.246094 0.746094
vt 0.246094 0.503906
vt 0.003906 0.503906
vt 0.003906 0.746094
vt 0.246094 0.746094
vt 0.003906 0.503906
vt 0.246094 0.746094
vt 0.246094 0.503906
vt 0.003906 0.503906
vt 0.003906 0.746094
vt 0.246094 0.746094
vt 0.003906 0.503906
vt 0.246094 0.746094
vt 0.246094 0.503906
vt 0.003906 0.503906
vt 0.003906 0.746094
vt 0.246094 0.746094
vt 0.003906 0.503906
vt 0.246094 0.746094
vt 0.246094 0.503906
vt 0.003906 0.503906
vt 0.003906 0.746094
vt 0.246094 0.746094
vt 0.003906 0.503906
vt 0.246094 0.746094
vt 0.246094 0.503906
vt 0.003906 0.503906
vt 0.003906 0.746094
vt 0.246094 0.746094
vt 0.003906 0.503906
vt 0.246094 0.746094
vt 0.246094 0.503906
vt 0.003906 0.503906
vt 0.003906 0.746094
vt 0.246094 0.746094
vt 0.003906 0.503906
vt 0.246094 0.746094
vt 0.246094 0.503906
vt 0.003906 0.503906
vt 0.003906 0.746094
vt 0.246094 0.746094
vt 0.003906 0.503906
vt 0.246094 0.746094
vt 0.246094 0.503906
vt 0.003906 0.503906
vt 0.003906 0.746094
vt 0.246094 0.746094
vt 0.003906 0.503906
vt 0.246094 0.746094
vt 0.246094 0.503906
vt 0.003906 0.503906
vt 0.003906 0.746094
vt 0.246094 0.746094
vt 0.003906 0.503906
vt 0.246094 0.746094
vt 0.246094 0.503906
vt 0.003906 0.503906
vt 0.003906 0.746094
vt 0.246094 0.746094
vt 0.003906 0.503906
vt 0.246094 0.746094
vt 0.246094 0.503906
vt 0.003906 0.503906
vt 0.003906 0.746094
vt 0.246094 0.746094
vt 0.003906 0.503906
vt 0.246094 0.746094
vt 0.246094 0.503906
vt 0.003906 0.503906
vt 0.003906 0.746094
vt 0.246094 0.746094
vt 0.003906 0.503906
vt 0.246094 0.746094
vt 0.246094 0.503906
vt 0.003906 0.503906
vt 0.003906 0.746094
vt 0.246094 0.746094
vt 0.003906 0.503906
vt 0.246094 0.746094
vt 0.246094 0.503906
vt 0.003906 0.503906
vt 0.003906 0.746094
vt 0.246094 0.746094
vt 0.003906 0.503906
vt 0.246094 0.746094
vt 0.246094 0.503906
vt 0.003906 0.503906
vt 0.003906 0.746094
vt 0.246094 0.746094
vt 0.003906 0.503906
vt 0.246094 0.746094
vt 0.246094 0.503906
vt 0.003906 0.503906
vt 0.003906 0.746094
vt 0.246094 0.746094
vt 0.003906 0.503906
vt 0.246094 0.746094
vt 0.246094 0.503906
vt 0.003906 0.503906
vt 0.003906 0.746094
vt 0.246094 0.746094
vt 0.003906 0.503906
vt 0.246094 0.746094
vt 0.246094 0.503906
vt 0.003906 0.503906
vt 0.003906 0.746094
vt 0.246094 0.746094
vt 0.003906 0.503906
vt 0.246094 0.746094
vt 0.246094 0.503906
vt 0.003906 0.503906
vt 0.003906 0.746094
vt 0.246094 0.746094
vt 0.003906 0.503906
vt 0.246094 0.746094
vt 0.246094 0.503906
vt 0.003906 0.503906
vt 0.003906 0.746094
vt 0.246094 0.746094
vt 0.003906 0.503906
vt 0.246094 0.746094
vt 0.246094 0.503906
vt 0.003906 0.503906
vt 0.003906 0.746094
vt 0.246094 0.746094
vt 0.003906 0.503906
vt 0.246094 0.746094
vt 0.246094 0.503906
vt 0.003906 0.503906
vt 0.003906 0.746094
vt 0.246094 0.746094
vt 0.003906 0.503906
vt 0.246094 0.746094
vt 0.246094 0.503906
vt 0.003906 0.503906
vt 0.003906 0.746094
vt 0.246094 0.746094
vt 0.125000 0.625000
vt 0.003906 0.746094
vt 0.246094 0.503906
vt 0.125000 0.625000
vt 0.003906 0.746094
vt 0.246094 0.503906
vt 0.125000 0.625000
vt 0.003906 0.746094
vt 0.246094 0.503906
vt 0.125000 0.625000
vt 0.003906 0.746094
vt 0.246094 0.503906
vt 0.125000 0.625000
vt 0.003906 0.746094
vt 0.246094 0.503906
vt 0.125000 0.625000
vt 0.003906 0.746094
vt 0.246094 0.503906
vt 0.125000 0.625000
vt 0.246094 0.503906
vt 0.003906 0.746094
vt 0.125000 0.625000
vt 0.246094 0.503906
vt 0.003906 0.746094
vt 0.125000 0.625000
vt 0.246094 0.503906
vt 0.003906 0.746094
vt 0.125000 0.625000
vt 0.246094 0.503906
vt 0.003906 0.746094
vt 0.125000 0.625000
vt 0.246094 0.503906
vt 0.003906 0.746094
vt 0.125000 0.625000
vt 0.246094 0.503906
vt 0.003906 0.746094
vn 0.879569 0.134025 0.456503
vn 0.879569 0.134025 0.456503
vn 0.879569 0.134025 0.456503
vn 0.866393 0.045909 0.497248
vn 0.866393 0.045909 0.497248
vn 0.866393 0.045909 0.497248
vn 0.000000 -0.077332 0.997005
vn 0.000000 -0.077332 0.997005
vn 0.000000 -0.077332 0.997005
vn 0.000000 -0.077332 0.997005
vn 0.000000 -0.077332 0.997005
vn 0.000000 -0.077332 0.997005
vn -0.885075 0.075041 0.459360
vn -0.885075 0.075041 0.459360
vn -0.885075 0.075041 0.459360
vn -0.860239 0.127414 0.493716
vn -0.860239 0.127414 0.493716
vn -0.860239 0.127414 0.493716
vn -0.737836 0.555835 -0.382943
vn -0.737836 0.555835 -0.382943
vn -0.737836 0.555835 -0.382943
vn -0.736359 0.528365 -0.422618
vn -0.736359 0.528365 -0.422618
vn -0.736359 0.528365 -0.422618
vn -0.000000 0.733864 -0.679296
vn -0.000000 0.733864 -0.679296
vn -0.000000 0.733864 -0.679296
vn 0.000000 0.733864 -0.679296
vn 0.000000 0.733864 -0.679296
vn 0.000000 0.733864 -0.679296
vn 0.758183 0.519917 -0.393503
vn 0.758183 0.519917 -0.393503
vn 0.758183 0.519917 -0.393503
vn 0.708914 0.576109 -0.406866
vn 0.708914 0.576109 -0.406866
vn 0.708914 0.576109 -0.406866
vn 0.862004 -0.110419 0.494729
vn 0.862004 -0.110419 0.494729
vn 0.862004 -0.110419 0.494729
vn 0.819681 -0.170143 0.546969
vn 0.819681 -0.170143 0.546969
vn 0.819681 -0.170143 0.546969
vn 0.000000 -0.304615 0.952476
vn 0.000000 -0.304615 0.952476
vn 0.000000 -0.304615 0.952476
vn 0.000000 -0.304615 0.952476
vn 0.000000 -0.304615 0.952476
vn 0.000000 -0.304615 0.952476
vn -0.858767 -0.139989 0.492871
vn -0.858767 -0.139989 0.492871
vn -0.858767 -0.139989 0.492871
vn -0.824721 -0.130269 0.550332
vn -0.824721 -0.130269 0.550332
vn -0.824721 -0.130269 0.550332
vn -0.814982 0.342085 -0.467742
vn -0.814982 0.342085 -0.467742
vn -0.814982 0.342085 -0.467742
vn -0.783342 0.336360 -0.522721
vn -0.783342 0.336360 -0.522721
vn -0.783342 0.336360 -0.522721
vn 0.000000 0.535895 -0.844285
vn 0.000000 0.535895 -0.844285
vn 0.000000 0.535895 -0.844285
vn -0.000000 0.535895 -0.844285
vn -0.000000 0.535895 -0.844285
vn -0.000000 0.535895 -0.844285
vn 0.822693 0.316597 -0.472167
vn 0.822693 0.316597 -0.472167
vn 0.822693 0.316597 -0.472167
vn 0.772729 0.370144 -0.515639
vn 0.772729 0.370144 -0.515639
vn 0.772729 0.370144 -0.515639
vn 0.829078 0.080961 0.553240
vn 0.829078 0.080961 0.553240
vn 0.829078 0.080961 0.553240
vn 0.865912 0.110071 0.487936
vn 0.865912 0.110071 0.487936
vn 0.865912 0.110071 0.487936
vn 0.000000 0.196223 0.980559
vn 0.000000 0.196223 0.980559
vn 0.000000 0.196223 0.980559
vn 0.000000 0.196223 0.980559
vn 0.000000 0.196223 0.980559
vn 0.000000 0.196223 0.980559
vn -0.824198 0.134964 0.549984
vn -0.824198 0.134964 0.549984
vn -0.824198 0.134964 0.549984
vn -0.869258 0.066829 0.489821
vn -0.869258 0.066829 0.489821
vn -0.869258 0.066829 0.489821
vn -0.794378 -0.296605 -0.530085
vn -0.794378 -0.296605 -0.530085
vn -0.794378 -0.296605 -0.530085
vn -0.847953 -0.229494 -0.477816
vn -0.847953 -0.229494 -0.477816
vn -0.847953 -0.229494 -0.477816
vn -0.000000 -0.451327 -0.892358
vn -0.000000 -0.451327 -0.892358
vn -0.000000 -0.451327 -0.892358
vn -0.000000 -0.451327 -0.892358
vn -0.000000 -0.451327 -0.892358
vn -0.000000 -0.451327 -0.892358
vn 0.805900 -0.247638 -0.537774
vn 0.805900 -0.247638 -0.537774
vn 0.805900 -0.247638 -0.537774
vn 0.839037 -0.269230 -0.472792
vn 0.839037 -0.269230 -0.472792
vn 0.839037 -0.269230 -0.472792
vn 0.821463 -0.333065 0.462889
vn 0.821463 -0.333065 0.462889
vn 0.821463 -0.333065 0.462889
vn 0.785119 -0.354046 0.508173
vn 0.785119 -0.354046 0.508173
vn 0.785119 -0.354046 0.508173
vn 0.000000 -0.173470 0.984839
vn 0.000000 -0.173470 0.984839
vn 0.000000 -0.173470 0.984839
vn 0.000000 -0.173470 0.984839
vn 0.000000 -0.173470 0.984839
vn 0.000000 -0.173470 0.984839
vn -0.865835 -0.110860 0.487893
vn -0.865835 -0.110860 0.487893
vn -0.865835 -0.110860 0.487893
vn -0.836708 -0.081412 0.541565
vn -0.836708 -0.081412 0.541565
vn -0.836708 -0.081412 0.541565
vn -0.868961 -0.071730 -0.489654
vn -0.868961 -0.071730 -0.489654
vn -0.868961 -0.071730 -0.489654
vn -0.834687 -0.106872 -0.540256
vn -0.834687 -0.106872 -0.540256
vn -0.834687 -0.106872 -0.540256
vn -0.000000 -0.173470 -0.984839
vn -0.000000 -0.173470 -0.984839
vn -0.000000 -0.173470 -0.984839
vn -0.000000 -0.173470 -0.984839
vn -0.000000 -0.173470 -0.984839
vn -0.000000 -0.173470 -0.984839
vn 0.810873 -0.365659 -0.456922
vn 0.810873 -0.365659 -0.456922
vn 0.810873 -0.365659 -0.456922
vn 0.791680 -0.332670 -0.512420
vn 0.791680 -0.332670 -0.512420
vn 0.791680 -0.332670 -0.512420
vn 0.000000 -1.000000 0.000000
vn 0.000000 -1.000000 0.000000
vn 0.000000 -1.000000 0.000000
vn 0.000000 -1.000000 0.000000
vn 0.000000 -1.000000 0.000000
vn 0.000000 -1.000000 0.000000
vn 0.000000 -1.000000 0.000000
vn 0.000000 -1.000000 0.000000
vn 0.000000 -1.000000 0.000000
vn -0.000000 -1.000000 0.000000
vn -0.000000 -1.000000 0.000000
vn -0.000000 -1.000000 0.000000
vn 0.000000 -1.000000 -0.000000
vn 0.000000 -1.000000 -0.000000
vn 0.000000 -1.000000 -0.000000
vn 0.000000 -1.000000 0.000000
vn 0.000000 -1.000000 0.000000
vn 0.000000 -1.000000 0.000000
vn 0.000000 1.000000 0.000000
vn 0.000000 1.000000 0.000000
vn 0.000000 1.000000 0.000000
vn 0.000000 1.000000 -0.000000
vn 0.000000 1.000000 -0.000000
vn 0.000000 1.000000 -0.000000
vn 0.000000 1.000000 0.000000
vn 0.000000 1.000000 0.000000
vn 0.000000 1.000000 0.000000
vn 0.000000 1.000000 0.000000
vn 0.000000 1.000000 0.000000
vn 0.000000 1.000000 0.000000
vn 0.000000 1.000000 0.000000
vn 0.000000 1.000000 0.000000
vn 0.000000 1.000000 0.000000
vn -0.000000 1.000000 0.000000
vn -0.000000 1.000000 0.000000
vn -0.000000 1.000000 0.000000
f 778/778/778 779/779/779 780/780/780
f 781/781/781 782/782/782 783/783/783
f 784/784/784 785/785/785 786/786/786
f 787/787/787 788/788/788 789/789/789
f 790/790/790 791/791/791 792/792/792
f 793/793/793 794/794/794 795/795/795
f 796/796/796 797/797/797 798/798/798
f 799/799/799 800/800/800 801/801/801
f 802/802/802 803/803/803 804/804/804
f 805/805/805 806/806/806 807/807/807
f 808/808/808 809/809/809 810/810/810
f 811/811/811 812/812/812 813/813/813
f 814/814/814 815/815/815 816/816/816
f 817/817/817 818/818/818 819/819/819
f 820/820/820 821/821/821 822/822/822
f 823/823/823 824/824/824 825/825/825
f 826/826/826 827/827/827 828/828/828
f 829/829/829 830/830/830 831/831/831
f 832/832/832 833/833/833 834/834/834
f 835/835/835 836/836/836 837/837/837
f 838/838/838 839/839/839 840/840/840
f 841/841/841 842/842/842 843/843/843
f 844/844/844 845/845/845 846/846/846
f 847/847/847 848/848/848 849/849/849
f 850/850/850 851/851/851 852/852/852
f 853/853/853 854/854/854 855/855/855
f 856/856/856 857/857/857 858/858/858
f 859/859/859 860/860/860 861/861/861
f 862/862/862 863/863/863 864/864/864
f 865/865/865 866/866/866 867/867/867
f 868/868/868 869/869/869 870/870/870
f 871/871/871 872/872/872 873/873/873
f 874/874/874 875/875/875 876/876/876
f 877/877/877 878/878/878 879/879/879
f 880/880/880 881/881/881 882/882/882
f 883/883/883 884/884/884 885/885/885
f 886/886/886 887/887/887 888/888/888
f 889/889/889 890/890/890 891/891/891
f 892/892/892 893/893/893 894/894/894
f 895/895/895 896/896/896 897/897/897
f 898/898/898 899/899/899 900/900/900
f 901/901/901 902/902/902 903/903/903
f 904/904/904 905/905/905 906/906/906
f 907/907/907 908/908/908 909/909/909
f 910/910/910 911/911/911 912/912/912
f 913/913/913 914/914/914 915/915/915
f 916/916/916 917/917/917 918/918/918
f 919/919/919 920/920/920 921/921/921
f 922/922/922 923/923/923 924/924/924
f 925/925/925 926/926/926 927/927/927
f 928/928/928 929/929/929 930/930/930
f 931/931/931 932/932/932 933/933/933
f 934/934/934 935/935/935 936/936/936
f 937/937/937 938/938/938 939/939/939
f 940/940/940 941/941/941 942/942/942
f 943/943/943 944/944/944 945/945/945
f 946/946/946 947/947/947 948/948/948
f 949/949/949 950/950/950 951/951/951
f 952/952/952 953/953/953 954/954/954
f 955/955/955 956/956/956 957/957/957
o LeftFrontClaw-1
usemtl PaintedVinefangFantasy
v -3.724842 -3.998667 -4.873376
v -3.912862 -3.807064 -4.873376
v -3.912862 -3.769577 -4.081973
v -3.724842 -3.998667 -4.873376
v -3.912862 -3.769577 -4.081973
v -3.658780 -3.998667 -4.081973
v -3.912862 -3.807064 -4.873376
v -4.100883 -3.998667 -4.873376
v -4.166944 -3.998667 -4.081973
v -3.912862 -3.807064 -4.873376
v -4.166944 -3.998667 -4.081973
v -3.912862 -3.769577 -4.081973
v -4.100883 -3.998667 -4.873376
v -3.912862 -4.190270 -4.873376
v -3.912862 -4.227757 -4.081973
v -4.100883 -3.998667 -4.873376
v -3.912862 -4.227757 -4.081973
v -4.166944 -3.998667 -4.081973
v -3.912862 -4.190270 -4.873376
v -3.724842 -3.998667 -4.873376
v -3.658780 -3.998667 -4.081973
v -3.912862 -4.190270 -4.873376
v -3.658780 -3.998667 -4.081973
v -3.912862 -4.227757 -4.081973
v -3.912862 -3.998667 -4.873376
v -3.912862 -3.807064 -4.873376
v -3.724842 -3.998667 -4.873376
v -3.912862 -3.998667 -4.873376
v -4.100883 -3.998667 -4.873376
v -3.912862 -3.807064 -4.873376
v -3.912862 -3.998667 -4.873376
v -3.912862 -4.190270 -4.873376
v -4.100883 -3.998667 -4.873376
v -3.912862 -3.998667 -4.873376
v -3.724842 -3.998667 -4.873376
v -3.912862 -4.190270 -4.873376
v -3.912862 -3.998667 -4.081973
v -3.658780 -3.998667 -4.081973
v -3.912862 -3.769577 -4.081973
v -3.912862 -3.998667 -4.081973
v -3.912862 -3.769577 -4.081973
v -4.166944 -3.998667 -4.081973
v -3.912862 -3.998667 -4.081973
v -4.166944 -3.998667 -4.081973
v -3.912862 -4.227757 -4.081973
v -3.912862 -3.998667 -4.081973
v -3.912862 -4.227757 -4.081973
v -3.658780 -3.998667 -4.081973
vt 0.003906 0.496094
vt 0.064453 0.496094
vt 0.064453 0.253906
vt 0.003906 0.496094
vt 0.064453 0.253906
vt 0.003906 0.253906
vt 0.064453 0.496094
vt 0.125000 0.496094
vt 0.125000 0.253906
vt 0.064453 0.496094
vt 0.125000 0.253906
vt 0.064453 0.253906
vt 0.125000 0.496094
vt 0.185547 0.496094
vt 0.185547 0.253906
vt 0.125000 0.496094
vt 0.185547 0.253906
vt 0.125000 0.253906
vt 0.185547 0.496094
vt 0.246094 0.496094
vt 0.246094 0.253906
vt 0.185547 0.496094
vt 0.246094 0.253906
vt 0.185547 0.253906
vt 0.125000 0.375000
vt 0.221875 0.278125
vt 0.028125 0.471875
vt 0.125000 0.375000
vt 0.221875 0.278125
vt 0.028125 0.471875
vt 0.125000 0.375000
vt 0.221875 0.278125
vt 0.028125 0.471875
vt 0.125000 0.375000
vt 0.221875 0.278125
vt 0.028125 0.471875
vt 0.125000 0.375000
vt 0.028125 0.471875
vt 0.221875 0.278125
vt 0.125000 0.375000
vt 0.028125 0.471875
vt 0.221875 0.278125
vt 0.125000 0.375000
vt 0.028125 0.471875
vt 0.221875 0.278125
vt 0.125000 0.375000
vt 0.028125 0.471875
vt 0.221875 0.278125
vn 0.713355 0.700018 -0.033159
vn 0.713355 0.700018 -0.033159
vn 0.713355 0.700018 -0.033159
vn 0.668593 0.741531 -0.055810
vn 0.668593 0.741531 -0.055810
vn 0.668593 0.741531 -0.055810
vn -0.712484 0.699164 -0.059474
vn -0.712484 0.699164 -0.059474
vn -0.712484 0.699164 -0.059474
vn -0.669223 0.742229 -0.035158
vn -0.669223 0.742229 -0.035158
vn -0.669223 0.742229 -0.035158
vn -0.713355 -0.700018 -0.033159
vn -0.713355 -0.700018 -0.033159
vn -0.713355 -0.700018 -0.033159
vn -0.668593 -0.741531 -0.055810
vn -0.668593 -0.741531 -0.055810
vn -0.668593 -0.741531 -0.055810
vn 0.712484 -0.699164 -0.059474
vn 0.712484 -0.699164 -0.059474
vn 0.712484 -0.699164 -0.059474
vn 0.669223 -0.742229 -0.035158
vn 0.669223 -0.742229 -0.035158
vn 0.669223 -0.742229 -0.035158
vn 0.000000 0.000000 -1.000000
vn 0.000000 0.000000 -1.000000
vn 0.000000 0.000000 -1.000000
vn 0.000000 0.000000 -1.000000
vn 0.000000 0.000000 -1.000000
vn 0.000000 0.000000 -1.000000
vn -0.000000 -0.000000 -1.000000
vn -0.000000 -0.000000 -1.000000
vn -0.000000 -0.000000 -1.000000
vn 0.000000 0.000000 -1.000000
vn 0.000000 0.000000 -1.000000
vn 0.000000 0.000000 -1.000000
vn 0.000000 0.000000 1.000000
vn 0.000000 0.000000 1.000000
vn 0.000000 0.000000 1.000000
vn 0.000000 -0.000000 1.000000
vn 0.000000 -0.000000 1.000000
vn 0.000000 -0.000000 1.000000
vn 0.000000 0.000000 1.000000
vn 0.000000 0.000000 1.000000
vn 0.000000 0.000000 1.000000
vn -0.000000 0.000000 1.000000
vn -0.000000 0.000000 1.000000
vn -0.000000 0.000000 1.000000
f 958/958/958 959/959/959 960/960/960
f 961/961/961 962/962/962 963/963/963
f 964/964/964 965/965/965 966/966/966
f 967/967/967 968/968/968 969/969/969
f 970/970/970 971/971/971 972/972/972
f 973/973/973 974/974/974 975/975/975
f 976/976/976 977/977/977 978/978/978
f 979/979/979 980/980/980 981/981/981
f 982/982/982 983/983/983 984/984/984
f 985/985/985 986/986/986 987/987/987
f 988/988/988 989/989/989 990/990/990
f 991/991/991 992/992/992 993/993/993
f 994/994/994 995/995/995 996/996/996
f 997/997/997 998/998/998 999/999/999
f 1000/1000/1000 1001/1001/1001 1002/1002/1002
f 1003/1003/1003 1004/1004/1004 1005/1005/1005
o LeftFrontClaw0
usemtl PaintedVinefangFantasy
v -3.064229 -3.998667 -4.873376
v -3.252249 -3.807064 -4.873376
v -3.252249 -3.769577 -4.081973
v -3.064229 -3.998667 -4.873376
v -3.252249 -3.769577 -4.081973
v -2.998167 -3.998667 -4.081973
v -3.252249 -3.807064 -4.873376
v -3.440270 -3.998667 -4.873376
v -3.506331 -3.998667 -4.081973
v -3.252249 -3.807064 -4.873376
v -3.506331 -3.998667 -4.081973
v -3.252249 -3.769577 -4.081973
v -3.440270 -3.998667 -4.873376
v -3.252249 -4.190270 -4.873376
v -3.252249 -4.227757 -4.081973
v -3.440270 -3.998667 -4.873376
v -3.252249 -4.227757 -4.081973
v -3.506331 -3.998667 -4.081973
v -3.252249 -4.190270 -4.873376
v -3.064229 -3.998667 -4.873376
v -2.998167 -3.998667 -4.081973
v -3.252249 -4.190270 -4.873376
v -2.998167 -3.998667 -4.081973
v -3.252249 -4.227757 -4.081973
v -3.252249 -3.998667 -4.873376
v -3.252249 -3.807064 -4.873376
v -3.064229 -3.998667 -4.873376
v -3.252249 -3.998667 -4.873376
v -3.440270 -3.998667 -4.873376
v -3.252249 -3.807064 -4.873376
v -3.252249 -3.998667 -4.873376
v -3.252249 -4.190270 -4.873376
v -3.440270 -3.998667 -4.873376
v -3.252249 -3.998667 -4.873376
v -3.064229 -3.998667 -4.873376
v -3.252249 -4.190270 -4.873376
v -3.252249 -3.998667 -4.081973
v -2.998167 -3.998667 -4.081973
v -3.252249 -3.769577 -4.081973
v -3.252249 -3.998667 -4.081973
v -3.252249 -3.769577 -4.081973
v -3.506331 -3.998667 -4.081973
v -3.252249 -3.998667 -4.081973
v -3.506331 -3.998667 -4.081973
v -3.252249 -4.227757 -4.081973
v -3.252249 -3.998667 -4.081973
v -3.252249 -4.227757 -4.081973
v -2.998167 -3.998667 -4.081973
vt 0.003906 0.496094
vt 0.064453 0.496094
vt 0.064453 0.253906
vt 0.003906 0.496094
vt 0.064453 0.253906
vt 0.003906 0.253906
vt 0.064453 0.496094
vt 0.125000 0.496094
vt 0.125000 0.253906
vt 0.064453 0.496094
vt 0.125000 0.253906
vt 0.064453 0.253906
vt 0.125000 0.496094
vt 0.185547 0.496094
vt 0.185547 0.253906
vt 0.125000 0.496094
vt 0.185547 0.253906
vt 0.125000 0.253906
vt 0.185547 0.496094
vt 0.246094 0.496094
vt 0.246094 0.253906
vt 0.185547 0.496094
vt 0.246094 0.253906
vt 0.185547 0.253906
vt 0.125000 0.375000
vt 0.221875 0.278125
vt 0.028125 0.471875
vt 0.125000 0.375000
vt 0.221875 0.278125
vt 0.028125 0.471875
vt 0.125000 0.375000
vt 0.221875 0.278125
vt 0.028125 0.471875
vt 0.125000 0.375000
vt 0.221875 0.278125
vt 0.028125 0.471875
vt 0.125000 0.375000
vt 0.028125 0.471875
vt 0.221875 0.278125
vt 0.125000 0.375000
vt 0.028125 0.471875
vt 0.221875 0.278125
vt 0.125000 0.375000
vt 0.028125 0.471875
vt 0.221875 0.278125
vt 0.125000 0.375000
vt 0.028125 0.471875
vt 0.221875 0.278125
vn 0.713355 0.700018 -0.033159
vn 0.713355 0.700018 -0.033159
vn 0.713355 0.700018 -0.033159
vn 0.668593 0.741531 -0.055810
vn 0.668593 0.741531 -0.055810
vn 0.668593 0.741531 -0.055810
vn -0.712484 0.699164 -0.059474
vn -0.712484 0.699164 -0.059474
vn -0.712484 0.699164 -0.059474
vn -0.669223 0.742229 -0.035158
vn -0.669223 0.742229 -0.035158
vn -0.669223 0.742229 -0.035158
vn -0.713355 -0.700018 -0.033159
vn -0.713355 -0.700018 -0.033159
vn -0.713355 -0.700018 -0.033159
vn -0.668593 -0.741531 -0.055810
vn -0.668593 -0.741531 -0.055810
vn -0.668593 -0.741531 -0.055810
vn 0.712484 -0.699164 -0.059474
vn 0.712484 -0.699164 -0.059474
vn 0.712484 -0.699164 -0.059474
vn 0.669223 -0.742229 -0.035158
vn 0.669223 -0.742229 -0.035158
vn 0.669223 -0.742229 -0.035158
vn 0.000000 0.000000 -1.000000
vn 0.000000 0.000000 -1.000000
vn 0.000000 0.000000 -1.000000
vn 0.000000 0.000000 -1.000000
vn 0.000000 0.000000 -1.000000
vn 0.000000 0.000000 -1.000000
vn -0.000000 -0.000000 -1.000000
vn -0.000000 -0.000000 -1.000000
vn -0.000000 -0.000000 -1.000000
vn 0.000000 0.000000 -1.000000
vn 0.000000 0.000000 -1.000000
vn 0.000000 0.000000 -1.000000
vn 0.000000 0.000000 1.000000
vn 0.000000 0.000000 1.000000
vn 0.000000 0.000000 1.000000
vn 0.000000 -0.000000 1.000000
vn 0.000000 -0.000000 1.000000
vn 0.000000 -0.000000 1.000000
vn 0.000000 0.000000 1.000000
vn 0.000000 0.000000 1.000000
vn 0.000000 0.000000 1.000000
vn -0.000000 0.000000 1.000000
vn -0.000000 0.000000 1.000000
vn -0.000000 0.000000 1.000000
f 1006/1006/1006 1007/1007/1007 1008/1008/1008
f 1009/1009/1009 1010/1010/1010 1011/1011/1011
f 1012/1012/1012 1013/1013/1013 1014/1014/1014
f 1015/1015/1015 1016/1016/1016 1017/1017/1017
f 1018/1018/1018 1019/1019/1019 1020/1020/1020
f 1021/1021/1021 1022/1022/1022 1023/1023/1023
f 1024/1024/1024 1025/1025/1025 1026/1026/1026
f 1027/1027/1027 1028/1028/1028 1029/1029/1029
f 1030/1030/1030 1031/1031/1031 1032/1032/1032
f 1033/1033/1033 1034/1034/1034 1035/1035/1035
f 1036/1036/1036 1037/1037/1037 1038/1038/1038
f 1039/1039/1039 1040/1040/1040 1041/1041/1041
f 1042/1042/1042 1043/1043/1043 1044/1044/1044
f 1045/1045/1045 1046/1046/1046 1047/1047/1047
f 1048/1048/1048 1049/1049/1049 1050/1050/1050
f 1051/1051/1051 1052/1052/1052 1053/1053/1053
o LeftFrontClaw1
usemtl PaintedVinefangFantasy
v -2.403615 -3.998667 -4.873376
v -2.591636 -3.807064 -4.873376
v -2.591636 -3.769577 -4.081973
v -2.403615 -3.998667 -4.873376
v -2.591636 -3.769577 -4.081973
v -2.337554 -3.998667 -4.081973
v -2.591636 -3.807064 -4.873376
v -2.779657 -3.998667 -4.873376
v -2.845718 -3.998667 -4.081973
v -2.591636 -3.807064 -4.873376
v -2.845718 -3.998667 -4.081973
v -2.591636 -3.769577 -4.081973
v -2.779657 -3.998667 -4.873376
v -2.591636 -4.190270 -4.873376
v -2.591636 -4.227757 -4.081973
v -2.779657 -3.998667 -4.873376
v -2.591636 -4.227757 -4.081973
v -2.845718 -3.998667 -4.081973
v -2.591636 -4.190270 -4.873376
v -2.403615 -3.998667 -4.873376
v -2.337554 -3.998667 -4.081973
v -2.591636 -4.190270 -4.873376
v -2.337554 -3.998667 -4.081973
v -2.591636 -4.227757 -4.081973
v -2.591636 -3.998667 -4.873376
v -2.591636 -3.807064 -4.873376
v -2.403615 -3.998667 -4.873376
v -2.591636 -3.998667 -4.873376
v -2.779657 -3.998667 -4.873376
v -2.591636 -3.807064 -4.873376
v -2.591636 -3.998667 -4.873376
v -2.591636 -4.190270 -4.873376
v -2.779657 -3.998667 -4.873376
v -2.591636 -3.998667 -4.873376
v -2.403615 -3.998667 -4.873376
v -2.591636 -4.190270 -4.873376
v -2.591636 -3.998667 -4.081973
v -2.337554 -3.998667 -4.081973
v -2.591636 -3.769577 -4.081973
v -2.591636 -3.998667 -4.081973
v -2.591636 -3.769577 -4.081973
v -2.845718 -3.998667 -4.081973
v -2.591636 -3.998667 -4.081973
v -2.845718 -3.998667 -4.081973
v -2.591636 -4.227757 -4.081973
v -2.591636 -3.998667 -4.081973
v -2.591636 -4.227757 -4.081973
v -2.337554 -3.998667 -4.081973
vt 0.003906 0.496094
vt 0.064453 0.496094
vt 0.064453 0.253906
vt 0.003906 0.496094
vt 0.064453 0.253906
vt 0.003906 0.253906
vt 0.064453 0.496094
vt 0.125000 0.496094
vt 0.125000 0.253906
vt 0.064453 0.496094
vt 0.125000 0.253906
vt 0.064453 0.253906
vt 0.125000 0.496094
vt 0.185547 0.496094
vt 0.185547 0.253906
vt 0.125000 0.496094
vt 0.185547 0.253906
vt 0.125000 0.253906
vt 0.185547 0.496094
vt 0.246094 0.496094
vt 0.246094 0.253906
vt 0.185547 0.496094
vt 0.246094 0.253906
vt 0.185547 0.253906
vt 0.125000 0.375000
vt 0.221875 0.278125
vt 0.028125 0.471875
vt 0.125000 0.375000
vt 0.221875 0.278125
vt 0.028125 0.471875
vt 0.125000 0.375000
vt 0.221875 0.278125
vt 0.028125 0.471875
vt 0.125000 0.375000
vt 0.221875 0.278125
vt 0.028125 0.471875
vt 0.125000 0.375000
vt 0.028125 0.471875
vt 0.221875 0.278125
vt 0.125000 0.375000
vt 0.028125 0.471875
vt 0.221875 0.278125
vt 0.125000 0.375000
vt 0.028125 0.471875
vt 0.221875 0.278125
vt 0.125000 0.375000
vt 0.028125 0.471875
vt 0.221875 0.278125
vn 0.713355 0.700018 -0.033159
vn 0.713355 0.700018 -0.033159
vn 0.713355 0.700018 -0.033159
vn 0.668593 0.741531 -0.055810
vn 0.668593 0.741531 -0.055810
vn 0.668593 0.741531 -0.055810
vn -0.712484 0.699164 -0.059474
vn -0.712484 0.699164 -0.059474
vn -0.712484 0.699164 -0.059474
vn -0.669223 0.742229 -0.035158
vn -0.669223 0.742229 -0.035158
vn -0.669223 0.742229 -0.035158
vn -0.713355 -0.700018 -0.033159
vn -0.713355 -0.700018 -0.033159
vn -0.713355 -0.700018 -0.033159
vn -0.668593 -0.741531 -0.055810
vn -0.668593 -0.741531 -0.055810
vn -0.668593 -0.741531 -0.055810
vn 0.712484 -0.699164 -0.059474
vn 0.712484 -0.699164 -0.059474
vn 0.712484 -0.699164 -0.059474
vn 0.669223 -0.742229 -0.035158
vn 0.669223 -0.742229 -0.035158
vn 0.669223 -0.742229 -0.035158
vn 0.000000 0.000000 -1.000000
vn 0.000000 0.000000 -1.000000
vn 0.000000 0.000000 -1.000000
vn 0.000000 0.000000 -1.000000
vn 0.000000 0.000000 -1.000000
vn 0.000000 0.000000 -1.000000
vn -0.000000 -0.000000 -1.000000
vn -0.000000 -0.000000 -1.000000
vn -0.000000 -0.000000 -1.000000
vn 0.000000 0.000000 -1.000000
vn 0.000000 0.000000 -1.000000
vn 0.000000 0.000000 -1.000000
vn 0.000000 0.000000 1.000000
vn 0.000000 0.000000 1.000000
vn 0.000000 0.000000 1.000000
vn 0.000000 -0.000000 1.000000
vn 0.000000 -0.000000 1.000000
vn 0.000000 -0.000000 1.000000
vn 0.000000 0.000000 1.000000
vn 0.000000 0.000000 1.000000
vn 0.000000 0.000000 1.000000
vn -0.000000 0.000000 1.000000
vn -0.000000 0.000000 1.000000
vn -0.000000 0.000000 1.000000
f 1054/1054/1054 1055/1055/1055 1056/1056/1056
f 1057/1057/1057 1058/1058/1058 1059/1059/1059
f 1060/1060/1060 1061/1061/1061 1062/1062/1062
f 1063/1063/1063 1064/1064/1064 1065/1065/1065
f 1066/1066/1066 1067/1067/1067 1068/1068/1068
f 1069/1069/1069 1070/1070/1070 1071/1071/1071
f 1072/1072/1072 1073/1073/1073 1074/1074/1074
f 1075/1075/1075 1076/1076/1076 1077/1077/1077
f 1078/1078/1078 1079/1079/1079 1080/1080/1080
f 1081/1081/1081 1082/1082/1082 1083/1083/1083
f 1084/1084/1084 1085/1085/1085 1086/1086/1086
f 1087/1087/1087 1088/1088/1088 1089/1089/1089
f 1090/1090/1090 1091/1091/1091 1092/1092/1092
f 1093/1093/1093 1094/1094/1094 1095/1095/1095
f 1096/1096/1096 1097/1097/1097 1098/1098/1098
f 1099/1099/1099 1100/1100/1100 1101/1101/1101
o LeftBackLeg
usemtl PaintedVinefangFantasy
v -1.829390 -4.290237 4.498500
v -2.693269 -3.498834 5.930635
v -2.540820 -4.290237 5.869250
v -1.829390 -4.290237 4.498500
v -2.134289 -3.498834 4.956681
v -2.693269 -3.498834 5.930635
v -2.540820 -4.290237 5.869250
v -3.811230 -3.498834 5.930635
v -3.963679 -4.290237 5.869250
v -2.540820 -4.290237 5.869250
v -2.693269 -3.498834 5.930635
v -3.811230 -3.498834 5.930635
v -3.963679 -4.290237 5.869250
v -4.370210 -3.498834 4.956681
v -4.675108 -4.290237 4.498500
v -3.963679 -4.290237 5.869250
v -3.811230 -3.498834 5.930635
v -4.370210 -3.498834 4.956681
v -4.675108 -4.290237 4.498500
v -3.811230 -3.498834 3.982727
v -3.963679 -4.290237 3.127751
v -4.675108 -4.290237 4.498500
v -4.370210 -3.498834 4.956681
v -3.811230 -3.498834 3.982727
v -3.963679 -4.290237 3.127751
v -2.693269 -3.498834 3.982727
v -2.540820 -4.290237 3.127751
v -3.963679 -4.290237 3.127751
v -3.811230 -3.498834 3.982727
v -2.693269 -3.498834 3.982727
v -2.540820 -4.290237 3.127751
v -2.134289 -3.498834 4.956681
v -1.829390 -4.290237 4.498500
v -2.540820 -4.290237 3.127751
v -2.693269 -3.498834 3.982727
v -2.134289 -3.498834 4.956681
v -2.134289 -3.498834 4.956681
v -2.794902 -1.666111 6.516765
v -2.693269 -3.498834 5.930635
v -2.134289 -3.498834 4.956681
v -2.337554 -1.666111 5.831390
v -2.794902 -1.666111 6.516765
v -2.693269 -3.498834 5.930635
v -3.709597 -1.666111 6.516765
v -3.811230 -3.498834 5.930635
v -2.693269 -3.498834 5.930635
v -2.794902 -1.666111 6.516765
v -3.709597 -1.666111 6.516765
v -3.811230 -3.498834 5.930635
v -4.166944 -1.666111 5.831390
v -4.370210 -3.498834 4.956681
v -3.811230 -3.498834 5.930635
v -3.709597 -1.666111 6.516765
v -4.166944 -1.666111 5.831390
v -4.370210 -3.498834 4.956681
v -3.709597 -1.666111 5.146015
v -3.811230 -3.498834 3.982727
v -4.370210 -3.498834 4.956681
v -4.166944 -1.666111 5.831390
v -3.709597 -1.666111 5.146015
v -3.811230 -3.498834 3.982727
v -2.794902 -1.666111 5.146015
v -2.693269 -3.498834 3.982727
v -3.811230 -3.498834 3.982727
v -3.709597 -1.666111 5.146015
v -2.794902 -1.666111 5.146015
v -2.693269 -3.498834 3.982727
v -2.337554 -1.666111 5.831390
v -2.134289 -3.498834 4.956681
v -2.693269 -3.498834 3.982727
v -2.794902 -1.666111 5.146015
v -2.337554 -1.666111 5.831390
v -2.337554 -1.666111 5.831390
v -2.744085 -0.249917 7.149727
v -2.794902 -1.666111 6.516765
v -2.337554 -1.666111 5.831390
v -2.235921 -0.249917 6.247917
v -2.744085 -0.249917 7.149727
v -2.794902 -1.666111 6.516765
v -3.760413 -0.249917 7.149727
v -3.709597 -1.666111 6.516765
v -2.794902 -1.666111 6.516765
v -2.744085 -0.249917 7.149727
v -3.760413 -0.249917 7.149727
v -3.709597 -1.666111 6.516765
v -4.268577 -0.249917 6.247917
v -4.166944 -1.666111 5.831390
v -3.709597 -1.666111 6.516765
v -3.760413 -0.249917 7.149727
v -4.268577 -0.249917 6.247917
v -4.166944 -1.666111 5.831390
v -3.760413 -0.249917 5.346108
v -3.709597 -1.666111 5.146015
v -4.166944 -1.666111 5.831390
v -4.268577 -0.249917 6.247917
v -3.760413 -0.249917 5.346108
v -3.709597 -1.666111 5.146015
v -2.744085 -0.249917 5.346108
v -2.794902 -1.666111 5.146015
v -3.709597 -1.666111 5.146015
v -3.760413 -0.249917 5.346108
v -2.744085 -0.249917 5.346108
v -2.794902 -1.666111 5.146015
v -2.235921 -0.249917 6.247917
v -2.337554 -1.666111 5.831390
v -2.794902 -1.666111 5.146015
v -2.744085 -0.249917 5.346108
v -2.235921 -0.249917 6.247917
v -2.235921 -0.249917 6.247917
v -1.991596 2.207597 6.666234
v -2.744085 -0.249917 7.149727
v -2.235921 -0.249917 6.247917
v -1.127717 2.207597 5.331556
v -1.991596 2.207597 6.666234
v -2.744085 -0.249917 7.149727
v -3.719354 2.207597 6.666234
v -3.760413 -0.249917 7.149727
v -2.744085 -0.249917 7.149727
v -1.991596 2.207597 6.666234
v -3.719354 2.207597 6.666234
v -3.760413 -0.249917 7.149727
v -4.583232 2.207597 5.331556
v -4.268577 -0.249917 6.247917
v -3.760413 -0.249917 7.149727
v -3.719354 2.207597 6.666234
v -4.583232 2.207597 5.331556
v -4.268577 -0.249917 6.247917
v -3.719354 2.207597 3.996879
v -3.760413 -0.249917 5.346108
v -4.268577 -0.249917 6.247917
v -4.583232 2.207597 5.331556
v -3.719354 2.207597 3.996879
v -3.760413 -0.249917 5.346108
v -1.991596 2.207597 3.996879
v -2.744085 -0.249917 5.346108
v -3.760413 -0.249917 5.346108
v -3.719354 2.207597 3.996879
v -1.991596 2.207597 3.996879
v -2.744085 -0.249917 5.346108
v -1.127717 2.207597 5.331556
v -2.235921 -0.249917 6.247917
v -2.744085 -0.249917 5.346108
v -1.991596 2.207597 3.996879
v -1.127717 2.207597 5.331556
v -3.252249 -4.290237 4.498500
v -1.829390 -4.290237 4.498500
v -2.540820 -4.290237 5.869250
v -3.252249 -4.290237 4.498500
v -2.540820 -4.290237 5.869250
v -3.963679 -4.290237 5.869250
v -3.252249 -4.290237 4.498500
v -3.963679 -4.290237 5.869250
v -4.675108 -4.290237 4.498500
v -3.252249 -4.290237 4.498500
v -4.675108 -4.290237 4.498500
v -3.963679 -4.290237 3.127751
v -3.252249 -4.290237 4.498500
v -3.963679 -4.290237 3.127751
v -2.540820 -4.290237 3.127751
v -3.252249 -4.290237 4.498500
v -2.540820 -4.290237 3.127751
v -1.829390 -4.290237 4.498500
v -2.855475 2.207597 5.331556
v -1.991596 2.207597 6.666234
v -1.127717 2.207597 5.331556
v -2.855475 2.207597 5.331556
v -3.719354 2.207597 6.666234
v -1.991596 2.207597 6.666234
v -2.855475 2.207597 5.331556
v -4.583232 2.207597 5.331556
v -3.719354 2.207597 6.666234
v -2.855475 2.207597 5.331556
v -3.719354 2.207597 3.996879
v -4.583232 2.207597 5.331556
v -2.855475 2.207597 5.331556
v -1.991596 2.207597 3.996879
v -3.719354 2.207597 3.996879
v -2.855475 2.207597 5.331556
v -1.127717 2.207597 5.331556
v -1.991596 2.207597 3.996879
vt 0.003906 0.503906
vt 0.246094 0.746094
vt 0.246094 0.503906
vt 0.003906 0.503906
vt 0.003906 0.746094
vt 0.246094 0.746094
vt 0.003906 0.503906
vt 0.246094 0.746094
vt 0.246094 0.503906
vt 0.003906 0.503906
vt 0.003906 0.746094
vt 0.246094 0.746094
vt 0.003906 0.503906
vt 0.246094 0.746094
vt 0.246094 0.503906
vt 0.003906 0.503906
vt 0.003906 0.746094
vt 0.246094 0.746094
vt 0.003906 0.503906
vt 0.246094 0.746094
vt 0.246094 0.503906
vt 0.003906 0.503906
vt 0.003906 0.746094
vt 0.246094 0.746094
vt 0.003906 0.503906
vt 0.246094 0.746094
vt 0.246094 0.503906
vt 0.003906 0.503906
vt 0.003906 0.746094
vt 0.246094 0.746094
vt 0.003906 0.503906
vt 0.246094 0.746094
vt 0.246094 0.503906
vt 0.003906 0.503906
vt 0.003906 0.746094
vt 0.246094 0.746094
vt 0.003906 0.503906
vt 0.246094 0.746094
vt 0.246094 0.503906
vt 0.003906 0.503906
vt 0.003906 0.746094
vt 0.246094 0.746094
vt 0.003906 0.503906
vt 0.246094 0.746094
vt 0.246094 0.503906
vt 0.003906 0.503906
vt 0.003906 0.746094
vt 0.246094 0.746094
vt 0.003906 0.503906
vt 0.246094 0.746094
vt 0.246094 0.503906
vt 0.003906 0.503906
vt 0.003906 0.746094
vt 0.246094 0.746094
vt 0.003906 0.503906
vt 0.246094 0.746094
vt 0.246094 0.503906
vt 0.003906 0.503906
vt 0.003906 0.746094
vt 0.246094 0.746094
vt 0.003906 0.503906
vt 0.246094 0.746094
vt 0.246094 0.503906
vt 0.003906 0.503906
vt 0.003906 0.746094
vt 0.246094 0.746094
vt 0.003906 0.503906
vt 0.246094 0.746094
vt 0.246094 0.503906
vt 0.003906 0.503906
vt 0.003906 0.746094
vt 0.246094 0.746094
vt 0.003906 0.503906
vt 0.246094 0.746094
vt 0.246094 0.503906
vt 0.003906 0.503906
vt 0.003906 0.746094
vt 0.246094 0.746094
vt 0.003906 0.503906
vt 0.246094 0.746094
vt 0.246094 0.503906
vt 0.003906 0.503906
vt 0.003906 0.746094
vt 0.246094 0.746094
vt 0.003906 0.503906
vt 0.246094 0.746094
vt 0.246094 0.503906
vt 0.003906 0.503906
vt 0.003906 0.746094
vt 0.246094 0.746094
vt 0.003906 0.503906
vt 0.246094 0.746094
vt 0.246094 0.503906
vt 0.003906 0.503906
vt 0.003906 0.746094
vt 0.246094 0.746094
vt 0.003906 0.503906
vt 0.246094 0.746094
vt 0.246094 0.503906
vt 0.003906 0.503906
vt 0.003906 0.746094
vt 0.246094 0.746094
vt 0.003906 0.503906
vt 0.246094 0.746094
vt 0.246094 0.503906
vt 0.003906 0.503906
vt 0.003906 0.746094
vt 0.246094 0.746094
vt 0.003906 0.503906
vt 0.246094 0.746094
vt 0.246094 0.503906
vt 0.003906 0.503906
vt 0.003906 0.746094
vt 0.246094 0.746094
vt 0.003906 0.503906
vt 0.246094 0.746094
vt 0.246094 0.503906
vt 0.003906 0.503906
vt 0.003906 0.746094
vt 0.246094 0.746094
vt 0.003906 0.503906
vt 0.246094 0.746094
vt 0.246094 0.503906
vt 0.003906 0.503906
vt 0.003906 0.746094
vt 0.246094 0.746094
vt 0.003906 0.503906
vt 0.246094 0.746094
vt 0.246094 0.503906
vt 0.003906 0.503906
vt 0.003906 0.746094
vt 0.246094 0.746094
vt 0.003906 0.503906
vt 0.246094 0.746094
vt 0.246094 0.503906
vt 0.003906 0.503906
vt 0.003906 0.746094
vt 0.246094 0.746094
vt 0.003906 0.503906
vt 0.246094 0.746094
vt 0.246094 0.503906
vt 0.003906 0.503906
vt 0.003906 0.746094
vt 0.246094 0.746094
vt 0.125000 0.625000
vt 0.003906 0.746094
vt 0.246094 0.503906
vt 0.125000 0.625000
vt 0.003906 0.746094
vt 0.246094 0.503906
vt 0.125000 0.625000
vt 0.003906 0.746094
vt 0.246094 0.503906
vt 0.125000 0.625000
vt 0.003906 0.746094
vt 0.246094 0.503906
vt 0.125000 0.625000
vt 0.003906 0.746094
vt 0.246094 0.503906
vt 0.125000 0.625000
vt 0.003906 0.746094
vt 0.246094 0.503906
vt 0.125000 0.625000
vt 0.246094 0.503906
vt 0.003906 0.746094
vt 0.125000 0.625000
vt 0.246094 0.503906
vt 0.003906 0.746094
vt 0.125000 0.625000
vt 0.246094 0.503906
vt 0.003906 0.746094
vt 0.125000 0.625000
vt 0.246094 0.503906
vt 0.003906 0.746094
vt 0.125000 0.625000
vt 0.246094 0.503906
vt 0.003906 0.746094
vt 0.125000 0.625000
vt 0.246094 0.503906
vt 0.003906 0.746094
vn 0.879569 0.134025 0.456503
vn 0.879569 0.134025 0.456503
vn 0.879569 0.134025 0.456503
vn 0.866393 0.045909 0.497248
vn 0.866393 0.045909 0.497248
vn 0.866393 0.045909 0.497248
vn 0.000000 -0.077332 0.997005
vn 0.000000 -0.077332 0.997005
vn 0.000000 -0.077332 0.997005
vn 0.000000 -0.077332 0.997005
vn 0.000000 -0.077332 0.997005
vn 0.000000 -0.077332 0.997005
vn -0.885075 0.075041 0.459360
vn -0.885075 0.075041 0.459360
vn -0.885075 0.075041 0.459360
vn -0.860239 0.127414 0.493716
vn -0.860239 0.127414 0.493716
vn -0.860239 0.127414 0.493716
vn -0.737836 0.555835 -0.382943
vn -0.737836 0.555835 -0.382943
vn -0.737836 0.555835 -0.382943
vn -0.736359 0.528365 -0.422618
vn -0.736359 0.528365 -0.422618
vn -0.736359 0.528365 -0.422618
vn -0.000000 0.733864 -0.679296
vn -0.000000 0.733864 -0.679296
vn -0.000000 0.733864 -0.679296
vn 0.000000 0.733864 -0.679296
vn 0.000000 0.733864 -0.679296
vn 0.000000 0.733864 -0.679296
vn 0.758183 0.519917 -0.393503
vn 0.758183 0.519917 -0.393503
vn 0.758183 0.519917 -0.393503
vn 0.708914 0.576109 -0.406866
vn 0.708914 0.576109 -0.406866
vn 0.708914 0.576109 -0.406866
vn 0.862004 -0.110419 0.494729
vn 0.862004 -0.110419 0.494729
vn 0.862004 -0.110419 0.494729
vn 0.819681 -0.170143 0.546969
vn 0.819681 -0.170143 0.546969
vn 0.819681 -0.170143 0.546969
vn 0.000000 -0.304615 0.952476
vn 0.000000 -0.304615 0.952476
vn 0.000000 -0.304615 0.952476
vn 0.000000 -0.304615 0.952476
vn 0.000000 -0.304615 0.952476
vn 0.000000 -0.304615 0.952476
vn -0.858767 -0.139989 0.492871
vn -0.858767 -0.139989 0.492871
vn -0.858767 -0.139989 0.492871
vn -0.824721 -0.130269 0.550332
vn -0.824721 -0.130269 0.550332
vn -0.824721 -0.130269 0.550332
vn -0.814982 0.342085 -0.467742
vn -0.814982 0.342085 -0.467742
vn -0.814982 0.342085 -0.467742
vn -0.783342 0.336360 -0.522721
vn -0.783342 0.336360 -0.522721
vn -0.783342 0.336360 -0.522721
vn 0.000000 0.535895 -0.844285
vn 0.000000 0.535895 -0.844285
vn 0.000000 0.535895 -0.844285
vn 0.000000 0.535895 -0.844285
vn 0.000000 0.535895 -0.844285
vn 0.000000 0.535895 -0.844285
vn 0.822693 0.316597 -0.472167
vn 0.822693 0.316597 -0.472167
vn 0.822693 0.316597 -0.472167
vn 0.772729 0.370144 -0.515639
vn 0.772729 0.370144 -0.515639
vn 0.772729 0.370144 -0.515639
vn 0.801431 -0.267780 0.534791
vn 0.801431 -0.267780 0.534791
vn 0.801431 -0.267780 0.534791
vn 0.853135 -0.202618 0.480736
vn 0.853135 -0.202618 0.480736
vn 0.853135 -0.202618 0.480736
vn 0.000000 -0.408044 0.912962
vn 0.000000 -0.408044 0.912962
vn 0.000000 -0.408044 0.912962
vn 0.000000 -0.408044 0.912962
vn 0.000000 -0.408044 0.912962
vn 0.000000 -0.408044 0.912962
vn -0.811876 -0.217606 0.541761
vn -0.811876 -0.217606 0.541761
vn -0.811876 -0.217606 0.541761
vn -0.845059 -0.243152 0.476186
vn -0.845059 -0.243152 0.476186
vn -0.845059 -0.243152 0.476186
vn -0.830829 0.048520 -0.554408
vn -0.830829 0.048520 -0.554408
vn -0.830829 0.048520 -0.554408
vn -0.868300 0.081593 -0.489282
vn -0.868300 0.081593 -0.489282
vn -0.868300 0.081593 -0.489282
vn 0.000000 0.139900 -0.990166
vn 0.000000 0.139900 -0.990166
vn 0.000000 0.139900 -0.990166
vn 0.000000 0.139900 -0.990166
vn 0.000000 0.139900 -0.990166
vn 0.000000 0.139900 -0.990166
vn 0.827384 0.103008 -0.552110
vn 0.827384 0.103008 -0.552110
vn 0.827384 0.103008 -0.552110
vn 0.870574 0.038073 -0.490563
vn 0.870574 0.038073 -0.490563
vn 0.870574 0.038073 -0.490563
vn 0.858857 -0.167767 0.483961
vn 0.858857 -0.167767 0.483961
vn 0.858857 -0.167767 0.483961
vn 0.826793 -0.173292 0.535147
vn 0.826793 -0.173292 0.535147
vn 0.826793 -0.173292 0.535147
vn 0.000000 0.193040 0.981191
vn 0.000000 0.193040 0.981191
vn 0.000000 0.193040 0.981191
vn 0.000000 0.193040 0.981191
vn 0.000000 0.193040 0.981191
vn 0.000000 0.193040 0.981191
vn -0.868986 0.071325 0.489669
vn -0.868986 0.071325 0.489669
vn -0.868986 0.071325 0.489669
vn -0.833423 0.120054 0.539438
vn -0.833423 0.120054 0.539438
vn -0.833423 0.120054 0.539438
vn -0.844197 -0.247065 -0.475700
vn -0.844197 -0.247065 -0.475700
vn -0.844197 -0.247065 -0.475700
vn -0.801827 -0.296185 -0.518988
vn -0.801827 -0.296185 -0.518988
vn -0.801827 -0.296185 -0.518988
vn 0.000000 -0.481261 -0.876578
vn 0.000000 -0.481261 -0.876578
vn 0.000000 -0.481261 -0.876578
vn 0.000000 -0.481261 -0.876578
vn 0.000000 -0.481261 -0.876578
vn 0.000000 -0.481261 -0.876578
vn 0.754953 -0.499070 -0.425411
vn 0.754953 -0.499070 -0.425411
vn 0.754953 -0.499070 -0.425411
vn 0.733907 -0.485522 -0.475026
vn 0.733907 -0.485522 -0.475026
vn 0.733907 -0.485522 -0.475026
vn 0.000000 -1.000000 0.000000
vn 0.000000 -1.000000 0.000000
vn 0.000000 -1.000000 0.000000
vn 0.000000 -1.000000 0.000000
vn 0.000000 -1.000000 0.000000
vn 0.000000 -1.000000 0.000000
vn 0.000000 -1.000000 0.000000
vn 0.000000 -1.000000 0.000000
vn 0.000000 -1.000000 0.000000
vn -0.000000 -1.000000 0.000000
vn -0.000000 -1.000000 0.000000
vn -0.000000 -1.000000 0.000000
vn 0.000000 -1.000000 -0.000000
vn 0.000000 -1.000000 -0.000000
vn 0.000000 -1.000000 -0.000000
vn 0.000000 -1.000000 0.000000
vn 0.000000 -1.000000 0.000000
vn 0.000000 -1.000000 0.000000
vn 0.000000 1.000000 0.000000
vn 0.000000 1.000000 0.000000
vn 0.000000 1.000000 0.000000
vn 0.000000 1.000000 -0.000000
vn 0.000000 1.000000 -0.000000
vn 0.000000 1.000000 -0.000000
vn 0.000000 1.000000 0.000000
vn 0.000000 1.000000 0.000000
vn 0.000000 1.000000 0.000000
vn 0.000000 1.000000 0.000000
vn 0.000000 1.000000 0.000000
vn 0.000000 1.000000 0.000000
vn 0.000000 1.000000 0.000000
vn 0.000000 1.000000 0.000000
vn 0.000000 1.000000 0.000000
vn -0.000000 1.000000 0.000000
vn -0.000000 1.000000 0.000000
vn -0.000000 1.000000 0.000000
f 1102/1102/1102 1103/1103/1103 1104/1104/1104
f 1105/1105/1105 1106/1106/1106 1107/1107/1107
f 1108/1108/1108 1109/1109/1109 1110/1110/1110
f 1111/1111/1111 1112/1112/1112 1113/1113/1113
f 1114/1114/1114 1115/1115/1115 1116/1116/1116
f 1117/1117/1117 1118/1118/1118 1119/1119/1119
f 1120/1120/1120 1121/1121/1121 1122/1122/1122
f 1123/1123/1123 1124/1124/1124 1125/1125/1125
f 1126/1126/1126 1127/1127/1127 1128/1128/1128
f 1129/1129/1129 1130/1130/1130 1131/1131/1131
f 1132/1132/1132 1133/1133/1133 1134/1134/1134
f 1135/1135/1135 1136/1136/1136 1137/1137/1137
f 1138/1138/1138 1139/1139/1139 1140/1140/1140
f 1141/1141/1141 1142/1142/1142 1143/1143/1143
f 1144/1144/1144 1145/1145/1145 1146/1146/1146
f 1147/1147/1147 1148/1148/1148 1149/1149/1149
f 1150/1150/1150 1151/1151/1151 1152/1152/1152
f 1153/1153/1153 1154/1154/1154 1155/1155/1155
f 1156/1156/1156 1157/1157/1157 1158/1158/1158
f 1159/1159/1159 1160/1160/1160 1161/1161/1161
f 1162/1162/1162 1163/1163/1163 1164/1164/1164
f 1165/1165/1165 1166/1166/1166 1167/1167/1167
f 1168/1168/1168 1169/1169/1169 1170/1170/1170
f 1171/1171/1171 1172/1172/1172 1173/1173/1173
f 1174/1174/1174 1175/1175/1175 1176/1176/1176
f 1177/1177/1177 1178/1178/1178 1179/1179/1179
f 1180/1180/1180 1181/1181/1181 1182/1182/1182
f 1183/1183/1183 1184/1184/1184 1185/1185/1185
f 1186/1186/1186 1187/1187/1187 1188/1188/1188
f 1189/1189/1189 1190/1190/1190 1191/1191/1191
f 1192/1192/1192 1193/1193/1193 1194/1194/1194
f 1195/1195/1195 1196/1196/1196 1197/1197/1197
f 1198/1198/1198 1199/1199/1199 1200/1200/1200
f 1201/1201/1201 1202/1202/1202 1203/1203/1203
f 1204/1204/1204 1205/1205/1205 1206/1206/1206
f 1207/1207/1207 1208/1208/1208 1209/1209/1209
f 1210/1210/1210 1211/1211/1211 1212/1212/1212
f 1213/1213/1213 1214/1214/1214 1215/1215/1215
f 1216/1216/1216 1217/1217/1217 1218/1218/1218
f 1219/1219/1219 1220/1220/1220 1221/1221/1221
f 1222/1222/1222 1223/1223/1223 1224/1224/1224
f 1225/1225/1225 1226/1226/1226 1227/1227/1227
f 1228/1228/1228 1229/1229/1229 1230/1230/1230
f 1231/1231/1231 1232/1232/1232 1233/1233/1233
f 1234/1234/1234 1235/1235/1235 1236/1236/1236
f 1237/1237/1237 1238/1238/1238 1239/1239/1239
f 1240/1240/1240 1241/1241/1241 1242/1242/1242
f 1243/1243/1243 1244/1244/1244 1245/1245/1245
f 1246/1246/1246 1247/1247/1247 1248/1248/1248
f 1249/1249/1249 1250/1250/1250 1251/1251/1251
f 1252/1252/1252 1253/1253/1253 1254/1254/1254
f 1255/1255/1255 1256/1256/1256 1257/1257/1257
f 1258/1258/1258 1259/1259/1259 1260/1260/1260
f 1261/1261/1261 1262/1262/1262 1263/1263/1263
f 1264/1264/1264 1265/1265/1265 1266/1266/1266
f 1267/1267/1267 1268/1268/1268 1269/1269/1269
f 1270/1270/1270 1271/1271/1271 1272/1272/1272
f 1273/1273/1273 1274/1274/1274 1275/1275/1275
f 1276/1276/1276 1277/1277/1277 1278/1278/1278
f 1279/1279/1279 1280/1280/1280 1281/1281/1281
o LeftBackClaw-1
usemtl PaintedVinefangFantasy
v -3.724842 -3.998667 2.832389
v -3.912862 -3.807064 2.832389
v -3.912862 -3.769577 3.623792
v -3.724842 -3.998667 2.832389
v -3.912862 -3.769577 3.623792
v -3.658780 -3.998667 3.623792
v -3.912862 -3.807064 2.832389
v -4.100883 -3.998667 2.832389
v -4.166944 -3.998667 3.623792
v -3.912862 -3.807064 2.832389
v -4.166944 -3.998667 3.623792
v -3.912862 -3.769577 3.623792
v -4.100883 -3.998667 2.832389
v -3.912862 -4.190270 2.832389
v -3.912862 -4.227757 3.623792
v -4.100883 -3.998667 2.832389
v -3.912862 -4.227757 3.623792
v -4.166944 -3.998667 3.623792
v -3.912862 -4.190270 2.832389
v -3.724842 -3.998667 2.832389
v -3.658780 -3.998667 3.623792
v -3.912862 -4.190270 2.832389
v -3.658780 -3.998667 3.623792
v -3.912862 -4.227757 3.623792
v -3.912862 -3.998667 2.832389
v -3.912862 -3.807064 2.832389
v -3.724842 -3.998667 2.832389
v -3.912862 -3.998667 2.832389
v -4.100883 -3.998667 2.832389
v -3.912862 -3.807064 2.832389
v -3.912862 -3.998667 2.832389
v -3.912862 -4.190270 2.832389
v -4.100883 -3.998667 2.832389
v -3.912862 -3.998667 2.832389
v -3.724842 -3.998667 2.832389
v -3.912862 -4.190270 2.832389
v -3.912862 -3.998667 3.623792
v -3.658780 -3.998667 3.623792
v -3.912862 -3.769577 3.623792
v -3.912862 -3.998667 3.623792
v -3.912862 -3.769577 3.623792
v -4.166944 -3.998667 3.623792
v -3.912862 -3.998667 3.623792
v -4.166944 -3.998667 3.623792
v -3.912862 -4.227757 3.623792
v -3.912862 -3.998667 3.623792
v -3.912862 -4.227757 3.623792
v -3.658780 -3.998667 3.623792
vt 0.003906 0.496094
vt 0.064453 0.496094
vt 0.064453 0.253906
vt 0.003906 0.496094
vt 0.064453 0.253906
vt 0.003906 0.253906
vt 0.064453 0.496094
vt 0.125000 0.496094
vt 0.125000 0.253906
vt 0.064453 0.496094
vt 0.125000 0.253906
vt 0.064453 0.253906
vt 0.125000 0.496094
vt 0.185547 0.496094
vt 0.185547 0.253906
vt 0.125000 0.496094
vt 0.185547 0.253906
vt 0.125000 0.253906
vt 0.185547 0.496094
vt 0.246094 0.496094
vt 0.246094 0.253906
vt 0.185547 0.496094
vt 0.246094 0.253906
vt 0.185547 0.253906
vt 0.125000 0.375000
vt 0.221875 0.278125
vt 0.028125 0.471875
vt 0.125000 0.375000
vt 0.221875 0.278125
vt 0.028125 0.471875
vt 0.125000 0.375000
vt 0.221875 0.278125
vt 0.028125 0.471875
vt 0.125000 0.375000
vt 0.221875 0.278125
vt 0.028125 0.471875
vt 0.125000 0.375000
vt 0.028125 0.471875
vt 0.221875 0.278125
vt 0.125000 0.375000
vt 0.028125 0.471875
vt 0.221875 0.278125
vt 0.125000 0.375000
vt 0.028125 0.471875
vt 0.221875 0.278125
vt 0.125000 0.375000
vt 0.028125 0.471875
vt 0.221875 0.278125
vn 0.713355 0.700018 -0.033159
vn 0.713355 0.700018 -0.033159
vn 0.713355 0.700018 -0.033159
vn 0.668593 0.741531 -0.055810
vn 0.668593 0.741531 -0.055810
vn 0.668593 0.741531 -0.055810
vn -0.712484 0.699164 -0.059474
vn -0.712484 0.699164 -0.059474
vn -0.712484 0.699164 -0.059474
vn -0.669223 0.742229 -0.035158
vn -0.669223 0.742229 -0.035158
vn -0.669223 0.742229 -0.035158
vn -0.713355 -0.700018 -0.033159
vn -0.713355 -0.700018 -0.033159
vn -0.713355 -0.700018 -0.033159
vn -0.668593 -0.741531 -0.055810
vn -0.668593 -0.741531 -0.055810
vn -0.668593 -0.741531 -0.055810
vn 0.712484 -0.699164 -0.059474
vn 0.712484 -0.699164 -0.059474
vn 0.712484 -0.699164 -0.059474
vn 0.669223 -0.742229 -0.035158
vn 0.669223 -0.742229 -0.035158
vn 0.669223 -0.742229 -0.035158
vn 0.000000 0.000000 -1.000000
vn 0.000000 0.000000 -1.000000
vn 0.000000 0.000000 -1.000000
vn 0.000000 0.000000 -1.000000
vn 0.000000 0.000000 -1.000000
vn 0.000000 0.000000 -1.000000
vn -0.000000 -0.000000 -1.000000
vn -0.000000 -0.000000 -1.000000
vn -0.000000 -0.000000 -1.000000
vn 0.000000 0.000000 -1.000000
vn 0.000000 0.000000 -1.000000
vn 0.000000 0.000000 -1.000000
vn 0.000000 0.000000 1.000000
vn 0.000000 0.000000 1.000000
vn 0.000000 0.000000 1.000000
vn 0.000000 -0.000000 1.000000
vn 0.000000 -0.000000 1.000000
vn 0.000000 -0.000000 1.000000
vn 0.000000 0.000000 1.000000
vn 0.000000 0.000000 1.000000
vn 0.000000 0.000000 1.000000
vn -0.000000 0.000000 1.000000
vn -0.000000 0.000000 1.000000
vn -0.000000 0.000000 1.000000
f 1282/1282/1282 1283/1283/1283 1284/1284/1284
f 1285/1285/1285 1286/1286/1286 1287/1287/1287
f 1288/1288/1288 1289/1289/1289 1290/1290/1290
f 1291/1291/1291 1292/1292/1292 1293/1293/1293
f 1294/1294/1294 1295/1295/1295 1296/1296/1296
f 1297/1297/1297 1298/1298/1298 1299/1299/1299
f 1300/1300/1300 1301/1301/1301 1302/1302/1302
f 1303/1303/1303 1304/1304/1304 1305/1305/1305
f 1306/1306/1306 1307/1307/1307 1308/1308/1308
f 1309/1309/1309 1310/1310/1310 1311/1311/1311
f 1312/1312/1312 1313/1313/1313 1314/1314/1314
f 1315/1315/1315 1316/1316/1316 1317/1317/1317
f 1318/1318/1318 1319/1319/1319 1320/1320/1320
f 1321/1321/1321 1322/1322/1322 1323/1323/1323
f 1324/1324/1324 1325/1325/1325 1326/1326/1326
f 1327/1327/1327 1328/1328/1328 1329/1329/1329
o LeftBackClaw0
usemtl PaintedVinefangFantasy
v -3.064229 -3.998667 2.832389
v -3.252249 -3.807064 2.832389
v -3.252249 -3.769577 3.623792
v -3.064229 -3.998667 2.832389
v -3.252249 -3.769577 3.623792
v -2.998167 -3.998667 3.623792
v -3.252249 -3.807064 2.832389
v -3.440270 -3.998667 2.832389
v -3.506331 -3.998667 3.623792
v -3.252249 -3.807064 2.832389
v -3.506331 -3.998667 3.623792
v -3.252249 -3.769577 3.623792
v -3.440270 -3.998667 2.832389
v -3.252249 -4.190270 2.832389
v -3.252249 -4.227757 3.623792
v -3.440270 -3.998667 2.832389
v -3.252249 -4.227757 3.623792
v -3.506331 -3.998667 3.623792
v -3.252249 -4.190270 2.832389
v -3.064229 -3.998667 2.832389
v -2.998167 -3.998667 3.623792
v -3.252249 -4.190270 2.832389
v -2.998167 -3.998667 3.623792
v -3.252249 -4.227757 3.623792
v -3.252249 -3.998667 2.832389
v -3.252249 -3.807064 2.832389
v -3.064229 -3.998667 2.832389
v -3.252249 -3.998667 2.832389
v -3.440270 -3.998667 2.832389
v -3.252249 -3.807064 2.832389
v -3.252249 -3.998667 2.832389
v -3.252249 -4.190270 2.832389
v -3.440270 -3.998667 2.832389
v -3.252249 -3.998667 2.832389
v -3.064229 -3.998667 2.832389
v -3.252249 -4.190270 2.832389
v -3.252249 -3.998667 3.623792
v -2.998167 -3.998667 3.623792
v -3.252249 -3.769577 3.623792
v -3.252249 -3.998667 3.623792
v -3.252249 -3.769577 3.623792
v -3.506331 -3.998667 3.623792
v -3.252249 -3.998667 3.623792
v -3.506331 -3.998667 3.623792
v -3.252249 -4.227757 3.623792
v -3.252249 -3.998667 3.623792
v -3.252249 -4.227757 3.623792
v -2.998167 -3.998667 3.623792
vt 0.003906 0.496094
vt 0.064453 0.496094
vt 0.064453 0.253906
vt 0.003906 0.496094
vt 0.064453 0.253906
vt 0.003906 0.253906
vt 0.064453 0.496094
vt 0.125000 0.496094
vt 0.125000 0.253906
vt 0.064453 0.496094
vt 0.125000 0.253906
vt 0.064453 0.253906
vt 0.125000 0.496094
vt 0.185547 0.496094
vt 0.185547 0.253906
vt 0.125000 0.496094
vt 0.185547 0.253906
vt 0.125000 0.253906
vt 0.185547 0.496094
vt 0.246094 0.496094
vt 0.246094 0.253906
vt 0.185547 0.496094
vt 0.246094 0.253906
vt 0.185547 0.253906
vt 0.125000 0.375000
vt 0.221875 0.278125
vt 0.028125 0.471875
vt 0.125000 0.375000
vt 0.221875 0.278125
vt 0.028125 0.471875
vt 0.125000 0.375000
vt 0.221875 0.278125
vt 0.028125 0.471875
vt 0.125000 0.375000
vt 0.221875 0.278125
vt 0.028125 0.471875
vt 0.125000 0.375000
vt 0.028125 0.471875
vt 0.221875 0.278125
vt 0.125000 0.375000
vt 0.028125 0.471875
vt 0.221875 0.278125
vt 0.125000 0.375000
vt 0.028125 0.471875
vt 0.221875 0.278125
vt 0.125000 0.375000
vt 0.028125 0.471875
vt 0.221875 0.278125
vn 0.713355 0.700018 -0.033159
vn 0.713355 0.700018 -0.033159
vn 0.713355 0.700018 -0.033159
vn 0.668593 0.741531 -0.055810
vn 0.668593 0.741531 -0.055810
vn 0.668593 0.741531 -0.055810
vn -0.712484 0.699164 -0.059474
vn -0.712484 0.699164 -0.059474
vn -0.712484 0.699164 -0.059474
vn -0.669223 0.742229 -0.035158
vn -0.669223 0.742229 -0.035158
vn -0.669223 0.742229 -0.035158
vn -0.713355 -0.700018 -0.033159
vn -0.713355 -0.700018 -0.033159
vn -0.713355 -0.700018 -0.033159
vn -0.668593 -0.741531 -0.055810
vn -0.668593 -0.741531 -0.055810
vn -0.668593 -0.741531 -0.055810
vn 0.712484 -0.699164 -0.059474
vn 0.712484 -0.699164 -0.059474
vn 0.712484 -0.699164 -0.059474
vn 0.669223 -0.742229 -0.035158
vn 0.669223 -0.742229 -0.035158
vn 0.669223 -0.742229 -0.035158
vn 0.000000 0.000000 -1.000000
vn 0.000000 0.000000 -1.000000
vn 0.000000 0.000000 -1.000000
vn 0.000000 0.000000 -1.000000
vn 0.000000 0.000000 -1.000000
vn 0.000000 0.000000 -1.000000
vn -0.000000 -0.000000 -1.000000
vn -0.000000 -0.000000 -1.000000
vn -0.000000 -0.000000 -1.000000
vn 0.000000 0.000000 -1.000000
vn 0.000000 0.000000 -1.000000
vn 0.000000 0.000000 -1.000000
vn 0.000000 0.000000 1.000000
vn 0.000000 0.000000 1.000000
vn 0.000000 0.000000 1.000000
vn 0.000000 -0.000000 1.000000
vn 0.000000 -0.000000 1.000000
vn 0.000000 -0.000000 1.000000
vn 0.000000 0.000000 1.000000
vn 0.000000 0.000000 1.000000
vn 0.000000 0.000000 1.000000
vn -0.000000 0.000000 1.000000
vn -0.000000 0.000000 1.000000
vn -0.000000 0.000000 1.000000
f 1330/1330/1330 1331/1331/1331 1332/1332/1332
f 1333/1333/1333 1334/1334/1334 1335/1335/1335
f 1336/1336/1336 1337/1337/1337 1338/1338/1338
f 1339/1339/1339 1340/1340/1340 1341/1341/1341
f 1342/1342/1342 1343/1343/1343 1344/1344/1344
f 1345/1345/1345 1346/1346/1346 1347/1347/1347
f 1348/1348/1348 1349/1349/1349 1350/1350/1350
f 1351/1351/1351 1352/1352/1352 1353/1353/1353
f 1354/1354/1354 1355/1355/1355 1356/1356/1356
f 1357/1357/1357 1358/1358/1358 1359/1359/1359
f 1360/1360/1360 1361/1361/1361 1362/1362/1362
f 1363/1363/1363 1364/1364/1364 1365/1365/1365
f 1366/1366/1366 1367/1367/1367 1368/1368/1368
f 1369/1369/1369 1370/1370/1370 1371/1371/1371
f 1372/1372/1372 1373/1373/1373 1374/1374/1374
f 1375/1375/1375 1376/1376/1376 1377/1377/1377
o LeftBackClaw1
usemtl PaintedVinefangFantasy
v -2.403615 -3.998667 2.832389
v -2.591636 -3.807064 2.832389
v -2.591636 -3.769577 3.623792
v -2.403615 -3.998667 2.832389
v -2.591636 -3.769577 3.623792
v -2.337554 -3.998667 3.623792
v -2.591636 -3.807064 2.832389
v -2.779657 -3.998667 2.832389
v -2.845718 -3.998667 3.623792
v -2.591636 -3.807064 2.832389
v -2.845718 -3.998667 3.623792
v -2.591636 -3.769577 3.623792
v -2.779657 -3.998667 2.832389
v -2.591636 -4.190270 2.832389
v -2.591636 -4.227757 3.623792
v -2.779657 -3.998667 2.832389
v -2.591636 -4.227757 3.623792
v -2.845718 -3.998667 3.623792
v -2.591636 -4.190270 2.832389
v -2.403615 -3.998667 2.832389
v -2.337554 -3.998667 3.623792
v -2.591636 -4.190270 2.832389
v -2.337554 -3.998667 3.623792
v -2.591636 -4.227757 3.623792
v -2.591636 -3.998667 2.832389
v -2.591636 -3.807064 2.832389
v -2.403615 -3.998667 2.832389
v -2.591636 -3.998667 2.832389
v -2.779657 -3.998667 2.832389
v -2.591636 -3.807064 2.832389
v -2.591636 -3.998667 2.832389
v -2.591636 -4.190270 2.832389
v -2.779657 -3.998667 2.832389
v -2.591636 -3.998667 2.832389
v -2.403615 -3.998667 2.832389
v -2.591636 -4.190270 2.832389
v -2.591636 -3.998667 3.623792
v -2.337554 -3.998667 3.623792
v -2.591636 -3.769577 3.623792
v -2.591636 -3.998667 3.623792
v -2.591636 -3.769577 3.623792
v -2.845718 -3.998667 3.623792
v -2.591636 -3.998667 3.623792
v -2.845718 -3.998667 3.623792
v -2.591636 -4.227757 3.623792
v -2.591636 -3.998667 3.623792
v -2.591636 -4.227757 3.623792
v -2.337554 -3.998667 3.623792
vt 0.003906 0.496094
vt 0.064453 0.496094
vt 0.064453 0.253906
vt 0.003906 0.496094
vt 0.064453 0.253906
vt 0.003906 0.253906
vt 0.064453 0.496094
vt 0.125000 0.496094
vt 0.125000 0.253906
vt 0.064453 0.496094
vt 0.125000 0.253906
vt 0.064453 0.253906
vt 0.125000 0.496094
vt 0.185547 0.496094
vt 0.185547 0.253906
vt 0.125000 0.496094
vt 0.185547 0.253906
vt 0.125000 0.253906
vt 0.185547 0.496094
vt 0.246094 0.496094
vt 0.246094 0.253906
vt 0.185547 0.496094
vt 0.246094 0.253906
vt 0.185547 0.253906
vt 0.125000 0.375000
vt 0.221875 0.278125
vt 0.028125 0.471875
vt 0.125000 0.375000
vt 0.221875 0.278125
vt 0.028125 0.471875
vt 0.125000 0.375000
vt 0.221875 0.278125
vt 0.028125 0.471875
vt 0.125000 0.375000
vt 0.221875 0.278125
vt 0.028125 0.471875
vt 0.125000 0.375000
vt 0.028125 0.471875
vt 0.221875 0.278125
vt 0.125000 0.375000
vt 0.028125 0.471875
vt 0.221875 0.278125
vt 0.125000 0.375000
vt 0.028125 0.471875
vt 0.221875 0.278125
vt 0.125000 0.375000
vt 0.028125 0.471875
vt 0.221875 0.278125
vn 0.713355 0.700018 -0.033159
vn 0.713355 0.700018 -0.033159
vn 0.713355 0.700018 -0.033159
vn 0.668593 0.741531 -0.055810
vn 0.668593 0.741531 -0.055810
vn 0.668593 0.741531 -0.055810
vn -0.712484 0.699164 -0.059474
vn -0.712484 0.699164 -0.059474
vn -0.712484 0.699164 -0.059474
vn -0.669223 0.742229 -0.035158
vn -0.669223 0.742229 -0.035158
vn -0.669223 0.742229 -0.035158
vn -0.713355 -0.700018 -0.033159
vn -0.713355 -0.700018 -0.033159
vn -0.713355 -0.700018 -0.033159
vn -0.668593 -0.741531 -0.055810
vn -0.668593 -0.741531 -0.055810
vn -0.668593 -0.741531 -0.055810
vn 0.712484 -0.699164 -0.059474
vn 0.712484 -0.699164 -0.059474
vn 0.712484 -0.699164 -0.059474
vn 0.669223 -0.742229 -0.035158
vn 0.669223 -0.742229 -0.035158
vn 0.669223 -0.742229 -0.035158
vn 0.000000 0.000000 -1.000000
vn 0.000000 0.000000 -1.000000
vn 0.000000 0.000000 -1.000000
vn 0.000000 0.000000 -1.000000
vn 0.000000 0.000000 -1.000000
vn 0.000000 0.000000 -1.000000
vn -0.000000 -0.000000 -1.000000
vn -0.000000 -0.000000 -1.000000
vn -0.000000 -0.000000 -1.000000
vn 0.000000 0.000000 -1.000000
vn 0.000000 0.000000 -1.000000
vn 0.000000 0.000000 -1.000000
vn 0.000000 0.000000 1.000000
vn 0.000000 0.000000 1.000000
vn 0.000000 0.000000 1.000000
vn 0.000000 -0.000000 1.000000
vn 0.000000 -0.000000 1.000000
vn 0.000000 -0.000000 1.000000
vn 0.000000 0.000000 1.000000
vn 0.000000 0.000000 1.000000
vn 0.000000 0.000000 1.000000
vn -0.000000 0.000000 1.000000
vn -0.000000 0.000000 1.000000
vn -0.000000 0.000000 1.000000
f 1378/1378/1378 1379/1379/1379 1380/1380/1380
f 1381/1381/1381 1382/1382/1382 1383/1383/1383
f 1384/1384/1384 1385/1385/1385 1386/1386/1386
f 1387/1387/1387 1388/1388/1388 1389/1389/1389
f 1390/1390/1390 1391/1391/1391 1392/1392/1392
f 1393/1393/1393 1394/1394/1394 1395/1395/1395
f 1396/1396/1396 1397/1397/1397 1398/1398/1398
f 1399/1399/1399 1400/1400/1400 1401/1401/1401
f 1402/1402/1402 1403/1403/1403 1404/1404/1404
f 1405/1405/1405 1406/1406/1406 1407/1407/1407
f 1408/1408/1408 1409/1409/1409 1410/1410/1410
f 1411/1411/1411 1412/1412/1412 1413/1413/1413
f 1414/1414/1414 1415/1415/1415 1416/1416/1416
f 1417/1417/1417 1418/1418/1418 1419/1419/1419
f 1420/1420/1420 1421/1421/1421 1422/1422/1422
f 1423/1423/1423 1424/1424/1424 1425/1425/1425
o LeftMouthLine
usemtl PaintedVinefangFantasy
v -1.092969 4.206931 -8.497168
v -0.826391 4.081973 -11.846051
v -0.826391 3.977841 -11.846051
v -1.092969 4.206931 -8.497168
v -0.826391 3.977841 -11.846051
v -1.092969 4.102799 -8.497168
vt 0.003906 0.496094
vt 0.246094 0.496094
vt 0.246094 0.253906
vt 0.003906 0.496094
vt 0.246094 0.253906
vt 0.003906 0.253906
vn -0.996847 0.000000 -0.079351
vn -0.996847 0.000000 -0.079351
vn -0.996847 0.000000 -0.079351
vn -0.996847 -0.000000 -0.079351
vn -0.996847 -0.000000 -0.079351
vn -0.996847 -0.000000 -0.079351
f 1426/1426/1426 1427/1427/1427 1428/1428/1428
f 1429/1429/1429 1430/1430/1430 1431/1431/1431
o LeftFang
usemtl PaintedVinefangFantasy
v -1.170443 4.248584 -9.371876
v -0.962179 4.248584 -9.371876
v -1.066311 4.248584 -8.872043
v -1.170443 4.248584 -9.371876
v -1.066311 3.123959 -9.121959
v -0.962179 4.248584 -9.371876
v -0.962179 4.248584 -9.371876
v -1.066311 3.123959 -9.121959
v -1.066311 4.248584 -8.872043
v -1.066311 4.248584 -8.872043
v -1.066311 3.123959 -9.121959
v -1.170443 4.248584 -9.371876
vt 0.253906 0.496094
vt 0.496094 0.496094
vt 0.375000 0.253906
vt 0.253906 0.496094
vt 0.496094 0.496094
vt 0.375000 0.253906
vt 0.253906 0.496094
vt 0.496094 0.496094
vt 0.375000 0.253906
vt 0.253906 0.496094
vt 0.496094 0.496094
vt 0.375000 0.253906
vn 0.000000 -1.000000 0.000000
vn 0.000000 -1.000000 0.000000
vn 0.000000 -1.000000 0.000000
vn -0.000000 0.216930 0.976187
vn -0.000000 0.216930 0.976187
vn -0.000000 0.216930 0.976187
vn -0.977976 0.045277 -0.203745
vn -0.977976 0.045277 -0.203745
vn -0.977976 0.045277 -0.203745
vn 0.977976 0.045277 -0.203745
vn 0.977976 0.045277 -0.203745
vn 0.977976 0.045277 -0.203745
f 1432/1432/1432 1433/1433/1433 1434/1434/1434
f 1435/1435/1435 1436/1436/1436 1437/1437/1437
f 1438/1438/1438 1439/1439/1439 1440/1440/1440
f 1441/1441/1441 1442/1442/1442 1443/1443/1443
o LeftCheekFur
usemtl PaintedVinefangFantasy
v -1.492836 5.289903 -6.789404
v -1.775182 5.070301 -5.837007
v -1.600396 4.467489 -6.013448
v -1.600396 4.467489 -6.013448
v -1.775182 5.070301 -5.837007
v -2.527443 4.485209 -5.065057
v -2.527443 4.485209 -5.065057
v -1.775182 5.070301 -5.837007
v -2.316422 5.388093 -6.013448
v -2.316422 5.388093 -6.013448
v -1.775182 5.070301 -5.837007
v -1.492836 5.289903 -6.789404
v -1.584449 5.218648 -6.877624
v -1.692010 4.396234 -6.101668
v -2.050023 4.856536 -6.101668
v -1.692010 4.396234 -6.101668
v -2.619057 4.413953 -5.153278
v -2.050023 4.856536 -6.101668
v -2.619057 4.413953 -5.153278
v -2.408035 5.316838 -6.101668
v -2.050023 4.856536 -6.101668
v -2.408035 5.316838 -6.101668
v -1.584449 5.218648 -6.877624
v -2.050023 4.856536 -6.101668
v -1.492836 5.289903 -6.789404
v -1.692010 4.396234 -6.101668
v -1.584449 5.218648 -6.877624
v -1.492836 5.289903 -6.789404
v -1.600396 4.467489 -6.013448
v -1.692010 4.396234 -6.101668
v -1.600396 4.467489 -6.013448
v -2.619057 4.413953 -5.153278
v -1.692010 4.396234 -6.101668
v -1.600396 4.467489 -6.013448
v -2.527443 4.485209 -5.065057
v -2.619057 4.413953 -5.153278
v -2.527443 4.485209 -5.065057
v -2.408035 5.316838 -6.101668
v -2.619057 4.413953 -5.153278
v -2.527443 4.485209 -5.065057
v -2.316422 5.388093 -6.013448
v -2.408035 5.316838 -6.101668
v -2.316422 5.388093 -6.013448
v -1.584449 5.218648 -6.877624
v -2.408035 5.316838 -6.101668
v -2.316422 5.388093 -6.013448
v -1.492836 5.289903 -6.789404
v -1.584449 5.218648 -6.877624
vt 0.125000 0.503906
vt 0.125000 0.612891
vt 0.003906 0.612891
vt 0.003906 0.612891
vt 0.125000 0.612891
vt 0.125000 0.746094
vt 0.125000 0.746094
vt 0.125000 0.612891
vt 0.246094 0.612891
vt 0.246094 0.612891
vt 0.125000 0.612891
vt 0.125000 0.503906
vt 0.125000 0.503906
vt 0.003906 0.612891
vt 0.125000 0.612891
vt 0.003906 0.612891
vt 0.125000 0.746094
vt 0.125000 0.612891
vt 0.125000 0.746094
vt 0.246094 0.612891
vt 0.125000 0.612891
vt 0.246094 0.612891
vt 0.125000 0.503906
vt 0.125000 0.612891
vt 0.125000 0.503906
vt 0.003906 0.612891
vt 0.125000 0.503906
vt 0.125000 0.503906
vt 0.003906 0.612891
vt 0.003906 0.612891
vt 0.003906 0.612891
vt 0.125000 0.746094
vt 0.003906 0.612891
vt 0.003906 0.612891
vt 0.125000 0.746094
vt 0.125000 0.746094
vt 0.125000 0.746094
vt 0.246094 0.612891
vt 0.125000 0.746094
vt 0.125000 0.746094
vt 0.246094 0.612891
vt 0.246094 0.612891
vt 0.246094 0.612891
vt 0.125000 0.503906
vt 0.246094 0.612891
vt 0.246094 0.612891
vt 0.125000 0.503906
vt 0.125000 0.503906
vn 0.931670 0.177327 0.317090
vn 0.931670 0.177327 0.317090
vn 0.931670 0.177327 0.317090
vn 0.715131 0.002762 0.698985
vn 0.715131 0.002762 0.698985
vn 0.715131 0.002762 0.698985
vn 0.178709 0.692447 0.698985
vn 0.178709 0.692447 0.698985
vn 0.178709 0.692447 0.698985
vn 0.401205 0.859354 0.317090
vn 0.401205 0.859354 0.317090
vn 0.401205 0.859354 0.317090
vn -0.628417 -0.488769 -0.605142
vn -0.628417 -0.488769 -0.605142
vn -0.628417 -0.488769 -0.605142
vn -0.628417 -0.488769 -0.605142
vn -0.628417 -0.488769 -0.605142
vn -0.628417 -0.488769 -0.605142
vn -0.628417 -0.488769 -0.605142
vn -0.628417 -0.488769 -0.605142
vn -0.628417 -0.488769 -0.605142
vn -0.628417 -0.488769 -0.605142
vn -0.628417 -0.488769 -0.605142
vn -0.628417 -0.488769 -0.605142
vn 0.772091 -0.486629 -0.408740
vn 0.772091 -0.486629 -0.408740
vn 0.772091 -0.486629 -0.408740
vn 0.772091 -0.486629 -0.408740
vn 0.772091 -0.486629 -0.408740
vn 0.772091 -0.486629 -0.408740
vn 0.341406 -0.872311 0.350021
vn 0.341406 -0.872311 0.350021
vn 0.341406 -0.872311 0.350021
vn 0.341406 -0.872311 0.350021
vn 0.341406 -0.872311 0.350021
vn 0.341406 -0.872311 0.350021
vn -0.761432 0.545624 0.350021
vn -0.761432 0.545624 0.350021
vn -0.761432 0.545624 0.350021
vn -0.761432 0.545624 0.350021
vn -0.761432 0.545624 0.350021
vn -0.761432 0.545624 0.350021
vn -0.281603 0.868120 -0.408740
vn -0.281603 0.868120 -0.408740
vn -0.281603 0.868120 -0.408740
vn -0.281603 0.868120 -0.408740
vn -0.281603 0.868120 -0.408740
vn -0.281603 0.868120 -0.408740
f 1444/1444/1444 1445/1445/1445 1446/1446/1446
f 1447/1447/1447 1448/1448/1448 1449/1449/1449
f 1450/1450/1450 1451/1451/1451 1452/1452/1452
f 1453/1453/1453 1454/1454/1454 1455/1455/1455
f 1456/1456/1456 1457/1457/1457 1458/1458/1458
f 1459/1459/1459 1460/1460/1460 1461/1461/1461
f 1462/1462/1462 1463/1463/1463 1464/1464/1464
f 1465/1465/1465 1466/1466/1466 1467/1467/1467
f 1468/1468/1468 1469/1469/1469 1470/1470/1470
f 1471/1471/1471 1472/1472/1472 1473/1473/1473
f 1474/1474/1474 1475/1475/1475 1476/1476/1476
f 1477/1477/1477 1478/1478/1478 1479/1479/1479
f 1480/1480/1480 1481/1481/1481 1482/1482/1482
f 1483/1483/1483 1484/1484/1484 1485/1485/1485
f 1486/1486/1486 1487/1487/1487 1488/1488/1488
f 1489/1489/1489 1490/1490/1490 1491/1491/1491
o LeftNeckMane0
usemtl PaintedVinefangFantasy
v -1.981515 7.705765 -6.318668
v -1.717259 7.156424 -5.759357
v -2.939303 7.400651 -4.665253
v -1.981515 7.705765 -6.318668
v -2.939303 7.400651 -4.665253
v -3.463391 8.320143 -5.527368
v -1.717259 7.156424 -5.759357
v -0.979380 7.366253 -5.184467
v -1.663056 7.751866 -3.799345
v -1.717259 7.156424 -5.759357
v -1.663056 7.751866 -3.799345
v -2.939303 7.400651 -4.665253
v -0.979380 7.366253 -5.184467
v -0.787601 8.045276 -5.388477
v -1.398379 8.888421 -4.126300
v -0.979380 7.366253 -5.184467
v -1.398379 8.888421 -4.126300
v -1.663056 7.751866 -3.799345
v -0.787601 8.045276 -5.388477
v -1.406954 8.255106 -6.089451
v -2.511047 9.239635 -5.194276
v -0.787601 8.045276 -5.388477
v -2.511047 9.239635 -5.194276
v -1.398379 8.888421 -4.126300
v -1.406954 8.255106 -6.089451
v -1.981515 7.705765 -6.318668
v -3.463391 8.320143 -5.527368
v -1.406954 8.255106 -6.089451
v -3.463391 8.320143 -5.527368
v -2.511047 9.239635 -5.194276
v -3.463391 8.320143 -5.527368
v -2.939303 7.400651 -4.665253
v -4.158477 7.620059 -3.140528
v -3.463391 8.320143 -5.527368
v -4.158477 7.620059 -3.140528
v -5.196307 8.955348 -4.012636
v -2.939303 7.400651 -4.665253
v -1.663056 7.751866 -3.799345
v -2.209042 8.130094 -2.245522
v -2.939303 7.400651 -4.665253
v -2.209042 8.130094 -2.245522
v -4.158477 7.620059 -3.140528
v -1.663056 7.751866 -3.799345
v -1.398379 8.888421 -4.126300
v -2.042056 9.780602 -2.564485
v -1.663056 7.751866 -3.799345
v -2.042056 9.780602 -2.564485
v -2.209042 8.130094 -2.245522
v -1.398379 8.888421 -4.126300
v -2.511047 9.239635 -5.194276
v -3.888287 10.290638 -3.656622
v -1.398379 8.888421 -4.126300
v -3.888287 10.290638 -3.656622
v -2.042056 9.780602 -2.564485
v -2.511047 9.239635 -5.194276
v -3.463391 8.320143 -5.527368
v -5.196307 8.955348 -4.012636
v -2.511047 9.239635 -5.194276
v -5.196307 8.955348 -4.012636
v -3.888287 10.290638 -3.656622
v -5.196307 8.955348 -4.012636
v -4.158477 7.620059 -3.140528
v -4.565220 7.821498 -1.607429
v -5.196307 8.955348 -4.012636
v -4.565220 7.821498 -1.607429
v -5.757935 9.082910 -1.884775
v -4.158477 7.620059 -3.140528
v -2.209042 8.130094 -2.245522
v -2.614731 8.303314 -1.270871
v -4.158477 7.620059 -3.140528
v -2.614731 8.303314 -1.270871
v -4.565220 7.821498 -1.607429
v -2.209042 8.130094 -2.245522
v -2.042056 9.780602 -2.564485
v -2.601979 9.862505 -1.340213
v -2.209042 8.130094 -2.245522
v -2.601979 9.862505 -1.340213
v -2.614731 8.303314 -1.270871
v -2.042056 9.780602 -2.564485
v -3.888287 10.290638 -3.656622
v -4.544586 10.344322 -1.719626
v -2.042056 9.780602 -2.564485
v -4.544586 10.344322 -1.719626
v -2.601979 9.862505 -1.340213
v -3.888287 10.290638 -3.656622
v -5.196307 8.955348 -4.012636
v -5.757935 9.082910 -1.884775
v -3.888287 10.290638 -3.656622
v -5.757935 9.082910 -1.884775
v -4.544586 10.344322 -1.719626
v -5.757935 9.082910 -1.884775
v -4.565220 7.821498 -1.607429
v -4.664208 7.965117 0.585805
v -5.757935 9.082910 -1.884775
v -4.664208 7.965117 0.585805
v -5.788421 9.121959 0.565210
v -4.565220 7.821498 -1.607429
v -2.614731 8.303314 -1.270871
v -2.850491 8.406991 0.487590
v -4.565220 7.821498 -1.607429
v -2.850491 8.406991 0.487590
v -4.664208 7.965117 0.585805
v -2.614731 8.303314 -1.270871
v -2.601979 9.862505 -1.340213
v -2.853766 9.836928 0.406295
v -2.614731 8.303314 -1.270871
v -2.853766 9.836928 0.406295
v -2.850491 8.406991 0.487590
v -2.601979 9.862505 -1.340213
v -4.544586 10.344322 -1.719626
v -4.669506 10.278802 0.454267
v -2.601979 9.862505 -1.340213
v -4.669506 10.278802 0.454267
v -2.853766 9.836928 0.406295
v -4.544586 10.344322 -1.719626
v -5.757935 9.082910 -1.884775
v -5.788421 9.121959 0.565210
v -4.544586 10.344322 -1.719626
v -5.788421 9.121959 0.565210
v -4.669506 10.278802 0.454267
v -5.788421 9.121959 0.565210
v -4.664208 7.965117 0.585805
v -4.041168 8.807864 4.138253
v -5.788421 9.121959 0.565210
v -4.041168 8.807864 4.138253
v -4.621159 9.403116 4.162387
v -4.664208 7.965117 0.585805
v -2.850491 8.406991 0.487590
v -3.114629 9.035230 4.003962
v -4.664208 7.965117 0.585805
v -3.114629 9.035230 4.003962
v -4.041168 8.807864 4.138253
v -2.850491 8.406991 0.487590
v -2.853766 9.836928 0.406295
v -3.121986 9.771002 3.945100
v -2.850491 8.406991 0.487590
v -3.121986 9.771002 3.945100
v -3.114629 9.035230 4.003962
v -2.853766 9.836928 0.406295
v -4.669506 10.278802 0.454267
v -4.053073 9.998368 4.043013
v -2.853766 9.836928 0.406295
v -4.053073 9.998368 4.043013
v -3.121986 9.771002 3.945100
v -4.669506 10.278802 0.454267
v -5.788421 9.121959 0.565210
v -4.621159 9.403116 4.162387
v -4.669506 10.278802 0.454267
v -4.621159 9.403116 4.162387
v -4.053073 9.998368 4.043013
v -4.621159 9.403116 4.162387
v -4.041168 8.807864 4.138253
v -3.347073 9.627915 7.169448
v -4.621159 9.403116 4.162387
v -3.347073 9.627915 7.169448
v -3.381671 9.663446 7.171574
v -4.041168 8.807864 4.138253
v -3.114629 9.035230 4.003962
v -3.291952 9.641486 7.160178
v -4.041168 8.807864 4.138253
v -3.291952 9.641486 7.160178
v -3.347073 9.627915 7.169448
v -3.114629 9.035230 4.003962
v -3.121986 9.771002 3.945100
v -3.292484 9.685405 7.156575
v -3.114629 9.035230 4.003962
v -3.292484 9.685405 7.156575
v -3.291952 9.641486 7.160178
v -3.121986 9.771002 3.945100
v -4.053073 9.998368 4.043013
v -3.347933 9.698976 7.163618
v -3.121986 9.771002 3.945100
v -3.347933 9.698976 7.163618
v -3.292484 9.685405 7.156575
v -4.053073 9.998368 4.043013
v -4.621159 9.403116 4.162387
v -3.381671 9.663446 7.171574
v -4.053073 9.998368 4.043013
v -3.381671 9.663446 7.171574
v -3.347933 9.698976 7.163618
v -1.374542 7.705765 -5.748084
v -1.981515 7.705765 -6.318668
v -1.717259 7.156424 -5.759357
v -1.374542 7.705765 -5.748084
v -1.717259 7.156424 -5.759357
v -0.979380 7.366253 -5.184467
v -1.374542 7.705765 -5.748084
v -0.979380 7.366253 -5.184467
v -0.787601 8.045276 -5.388477
v -1.374542 7.705765 -5.748084
v -0.787601 8.045276 -5.388477
v -1.406954 8.255106 -6.089451
v -1.374542 7.705765 -5.748084
v -1.406954 8.255106 -6.089451
v -1.981515 7.705765 -6.318668
v -3.332223 9.663446 7.164279
v -3.381671 9.663446 7.171574
v -3.347073 9.627915 7.169448
v -3.332223 9.663446 7.164279
v -3.347073 9.627915 7.169448
v -3.291952 9.641486 7.160178
v -3.332223 9.663446 7.164279
v -3.291952 9.641486 7.160178
v -3.292484 9.685405 7.156575
v -3.332223 9.663446 7.164279
v -3.292484 9.685405 7.156575
v -3.347933 9.698976 7.163618
v -3.332223 9.663446 7.164279
v -3.347933 9.698976 7.163618
v -3.381671 9.663446 7.171574
vt 0.003906 0.746094
vt 0.052344 0.746094
vt 0.052344 0.705729
vt 0.003906 0.746094
vt 0.052344 0.705729
vt 0.003906 0.705729
vt 0.052344 0.746094
vt 0.100781 0.746094
vt 0.100781 0.705729
vt 0.052344 0.746094
vt 0.100781 0.705729
vt 0.052344 0.705729
vt 0.100781 0.746094
vt 0.149219 0.746094
vt 0.149219 0.705729
vt 0.100781 0.746094
vt 0.149219 0.705729
vt 0.100781 0.705729
vt 0.149219 0.746094
vt 0.197656 0.746094
vt 0.197656 0.705729
vt 0.149219 0.746094
vt 0.197656 0.705729
vt 0.149219 0.705729
vt 0.197656 0.746094
vt 0.246094 0.746094
vt 0.246094 0.705729
vt 0.197656 0.746094
vt 0.246094 0.705729
vt 0.197656 0.705729
vt 0.003906 0.705729
vt 0.052344 0.705729
vt 0.052344 0.665365
vt 0.003906 0.705729
vt 0.052344 0.665365
vt 0.003906 0.665365
vt 0.052344 0.705729
vt 0.100781 0.705729
vt 0.100781 0.665365
vt 0.052344 0.705729
vt 0.100781 0.665365
vt 0.052344 0.665365
vt 0.100781 0.705729
vt 0.149219 0.705729
vt 0.149219 0.665365
vt 0.100781 0.705729
vt 0.149219 0.665365
vt 0.100781 0.665365
vt 0.149219 0.705729
vt 0.197656 0.705729
vt 0.197656 0.665365
vt 0.149219 0.705729
vt 0.197656 0.665365
vt 0.149219 0.665365
vt 0.197656 0.705729
vt 0.246094 0.705729
vt 0.246094 0.665365
vt 0.197656 0.705729
vt 0.246094 0.665365
vt 0.197656 0.665365
vt 0.003906 0.665365
vt 0.052344 0.665365
vt 0.052344 0.625000
vt 0.003906 0.665365
vt 0.052344 0.625000
vt 0.003906 0.625000
vt 0.052344 0.665365
vt 0.100781 0.665365
vt 0.100781 0.625000
vt 0.052344 0.665365
vt 0.100781 0.625000
vt 0.052344 0.625000
vt 0.100781 0.665365
vt 0.149219 0.665365
vt 0.149219 0.625000
vt 0.100781 0.665365
vt 0.149219 0.625000
vt 0.100781 0.625000
vt 0.149219 0.665365
vt 0.197656 0.665365
vt 0.197656 0.625000
vt 0.149219 0.665365
vt 0.197656 0.625000
vt 0.149219 0.625000
vt 0.197656 0.665365
vt 0.246094 0.665365
vt 0.246094 0.625000
vt 0.197656 0.665365
vt 0.246094 0.625000
vt 0.197656 0.625000
vt 0.003906 0.625000
vt 0.052344 0.625000
vt 0.052344 0.584635
vt 0.003906 0.625000
vt 0.052344 0.584635
vt 0.003906 0.584635
vt 0.052344 0.625000
vt 0.100781 0.625000
vt 0.100781 0.584635
vt 0.052344 0.625000
vt 0.100781 0.584635
vt 0.052344 0.584635
vt 0.100781 0.625000
vt 0.149219 0.625000
vt 0.149219 0.584635
vt 0.100781 0.625000
vt 0.149219 0.584635
vt 0.100781 0.584635
vt 0.149219 0.625000
vt 0.197656 0.625000
vt 0.197656 0.584635
vt 0.149219 0.625000
vt 0.197656 0.584635
vt 0.149219 0.584635
vt 0.197656 0.625000
vt 0.246094 0.625000
vt 0.246094 0.584635
vt 0.197656 0.625000
vt 0.246094 0.584635
vt 0.197656 0.584635
vt 0.003906 0.584635
vt 0.052344 0.584635
vt 0.052344 0.544271
vt 0.003906 0.584635
vt 0.052344 0.544271
vt 0.003906 0.544271
vt 0.052344 0.584635
vt 0.100781 0.584635
vt 0.100781 0.544271
vt 0.052344 0.584635
vt 0.100781 0.544271
vt 0.052344 0.544271
vt 0.100781 0.584635
vt 0.149219 0.584635
vt 0.149219 0.544271
vt 0.100781 0.584635
vt 0.149219 0.544271
vt 0.100781 0.544271
vt 0.149219 0.584635
vt 0.197656 0.584635
vt 0.197656 0.544271
vt 0.149219 0.584635
vt 0.197656 0.544271
vt 0.149219 0.544271
vt 0.197656 0.584635
vt 0.246094 0.584635
vt 0.246094 0.544271
vt 0.197656 0.584635
vt 0.246094 0.544271
vt 0.197656 0.544271
vt 0.003906 0.544271
vt 0.052344 0.544271
vt 0.052344 0.503906
vt 0.003906 0.544271
vt 0.052344 0.503906
vt 0.003906 0.503906
vt 0.052344 0.544271
vt 0.100781 0.544271
vt 0.100781 0.503906
vt 0.052344 0.544271
vt 0.100781 0.503906
vt 0.052344 0.503906
vt 0.100781 0.544271
vt 0.149219 0.544271
vt 0.149219 0.503906
vt 0.100781 0.544271
vt 0.149219 0.503906
vt 0.100781 0.503906
vt 0.149219 0.544271
vt 0.197656 0.544271
vt 0.197656 0.503906
vt 0.149219 0.544271
vt 0.197656 0.503906
vt 0.149219 0.503906
vt 0.197656 0.544271
vt 0.246094 0.544271
vt 0.246094 0.503906
vt 0.197656 0.544271
vt 0.246094 0.503906
vt 0.197656 0.503906
vt 0.125000 0.625000
vt 0.003906 0.746094
vt 0.246094 0.503906
vt 0.125000 0.625000
vt 0.003906 0.746094
vt 0.246094 0.503906
vt 0.125000 0.625000
vt 0.003906 0.746094
vt 0.246094 0.503906
vt 0.125000 0.625000
vt 0.003906 0.746094
vt 0.246094 0.503906
vt 0.125000 0.625000
vt 0.003906 0.746094
vt 0.246094 0.503906
vt 0.125000 0.625000
vt 0.003906 0.746094
vt 0.246094 0.503906
vt 0.125000 0.625000
vt 0.003906 0.746094
vt 0.246094 0.503906
vt 0.125000 0.625000
vt 0.003906 0.746094
vt 0.246094 0.503906
vt 0.125000 0.625000
vt 0.003906 0.746094
vt 0.246094 0.503906
vt 0.125000 0.625000
vt 0.003906 0.746094
vt 0.246094 0.503906
vn -0.541109 -0.713492 -0.445118
vn -0.541109 -0.713492 -0.445118
vn -0.541109 -0.713492 -0.445118
vn -0.534774 -0.719800 -0.442612
vn -0.534774 -0.719800 -0.442612
vn -0.534774 -0.719800 -0.442612
vn 0.046591 -0.956140 0.289182
vn 0.046591 -0.956140 0.289182
vn 0.046591 -0.956140 0.289182
vn 0.067240 -0.955171 0.288317
vn 0.067240 -0.955171 0.288317
vn 0.067240 -0.955171 0.288317
vn 0.868155 -0.099089 0.486300
vn 0.868155 -0.099089 0.486300
vn 0.868155 -0.099089 0.486300
vn 0.885830 -0.074540 0.457984
vn 0.885830 -0.074540 0.457984
vn 0.885830 -0.074540 0.457984
vn 0.536467 0.811681 -0.231033
vn 0.536467 0.811681 -0.231033
vn 0.536467 0.811681 -0.231033
vn 0.524678 0.803045 -0.282545
vn 0.524678 0.803045 -0.282545
vn 0.524678 0.803045 -0.282545
vn -0.203794 0.550853 -0.809339
vn -0.203794 0.550853 -0.809339
vn -0.203794 0.550853 -0.809339
vn -0.210230 0.518084 -0.829091
vn -0.210230 0.518084 -0.829091
vn -0.210230 0.518084 -0.829091
vn -0.602818 -0.700954 -0.381148
vn -0.602818 -0.700954 -0.381148
vn -0.602818 -0.700954 -0.381148
vn -0.592924 -0.709538 -0.380784
vn -0.592924 -0.709538 -0.380784
vn -0.592924 -0.709538 -0.380784
vn 0.085370 -0.960774 0.263867
vn 0.085370 -0.960774 0.263867
vn 0.085370 -0.960774 0.263867
vn 0.137196 -0.959070 0.247712
vn 0.137196 -0.959070 0.247712
vn 0.137196 -0.959070 0.247712
vn 0.902084 -0.088569 0.422375
vn 0.902084 -0.088569 0.422375
vn 0.902084 -0.088569 0.422375
vn 0.940732 -0.029890 0.337832
vn 0.940732 -0.029890 0.337832
vn 0.940732 -0.029890 0.337832
vn 0.454877 0.870566 -0.187618
vn 0.454877 0.870566 -0.187618
vn 0.454877 0.870566 -0.187618
vn 0.420487 0.851546 -0.313146
vn 0.420487 0.851546 -0.313146
vn 0.420487 0.851546 -0.313146
vn -0.367917 0.629110 -0.684731
vn -0.367917 0.629110 -0.684731
vn -0.367917 0.629110 -0.684731
vn -0.381154 0.567881 -0.729543
vn -0.381154 0.567881 -0.729543
vn -0.381154 0.567881 -0.729543
vn -0.747667 -0.654499 -0.112365
vn -0.747667 -0.654499 -0.112365
vn -0.747667 -0.654499 -0.112365
vn -0.703081 -0.696414 -0.143823
vn -0.703081 -0.696414 -0.143823
vn -0.703081 -0.696414 -0.143823
vn 0.145395 -0.961914 0.231476
vn 0.145395 -0.961914 0.231476
vn 0.145395 -0.961914 0.231476
vn 0.206290 -0.961590 0.181077
vn 0.206290 -0.961590 0.181077
vn 0.206290 -0.961590 0.181077
vn 0.909052 -0.011477 0.416524
vn 0.909052 -0.011477 0.416524
vn 0.909052 -0.011477 0.416524
vn 0.923771 0.009470 0.382828
vn 0.923771 0.009470 0.382828
vn 0.923771 0.009470 0.382828
vn 0.236517 0.970167 0.053249
vn 0.236517 0.970167 0.053249
vn 0.236517 0.970167 0.053249
vn 0.232880 0.971619 0.041507
vn 0.232880 0.971619 0.041507
vn 0.232880 0.971619 0.041507
vn -0.667257 0.711966 -0.218797
vn -0.667257 0.711966 -0.218797
vn -0.667257 0.711966 -0.218797
vn -0.681282 0.688042 -0.249904
vn -0.681282 0.688042 -0.249904
vn -0.681282 0.688042 -0.249904
vn -0.727883 -0.685595 0.012043
vn -0.727883 -0.685595 0.012043
vn -0.727883 -0.685595 0.012043
vn -0.717166 -0.696899 0.002184
vn -0.717166 -0.696899 0.002184
vn -0.717166 -0.696899 0.002184
vn 0.224669 -0.970513 0.087342
vn 0.224669 -0.970513 0.087342
vn 0.224669 -0.970513 0.087342
vn 0.239845 -0.967971 0.074210
vn 0.239845 -0.967971 0.074210
vn 0.239845 -0.967971 0.074210
vn 0.989769 -0.001751 0.142665
vn 0.989769 -0.001751 0.142665
vn 0.989769 -0.001751 0.142665
vn 0.991160 0.009792 0.132309
vn 0.991160 0.009792 0.132309
vn 0.991160 0.009792 0.132309
vn 0.232657 0.971623 0.042653
vn 0.232657 0.971623 0.042653
vn 0.232657 0.971623 0.042653
vn 0.237387 0.970207 0.048432
vn 0.237387 0.970207 0.048432
vn 0.237387 0.970207 0.048432
vn -0.719248 0.694464 -0.020018
vn -0.719248 0.694464 -0.020018
vn -0.719248 0.694464 -0.020018
vn -0.719620 0.694067 -0.020433
vn -0.719620 0.694067 -0.020433
vn -0.719620 0.694067 -0.020433
vn -0.691080 -0.666614 0.279345
vn -0.691080 -0.666614 0.279345
vn -0.691080 -0.666614 0.279345
vn -0.683116 -0.676734 0.274561
vn -0.683116 -0.676734 0.274561
vn -0.683116 -0.676734 0.274561
vn 0.242085 -0.951820 0.188238
vn 0.242085 -0.951820 0.188238
vn 0.242085 -0.951820 0.188238
vn 0.258933 -0.949027 0.179725
vn 0.258933 -0.949027 0.179725
vn 0.258933 -0.949027 0.179725
vn 0.997109 0.006587 0.075698
vn 0.997109 0.006587 0.075698
vn 0.997109 0.006587 0.075698
vn 0.997273 0.015741 0.072099
vn 0.997273 0.015741 0.072099
vn 0.997273 0.015741 0.072099
vn 0.237187 0.970829 0.035122
vn 0.237187 0.970829 0.035122
vn 0.237187 0.970829 0.035122
vn 0.240669 0.969928 0.036311
vn 0.240669 0.969928 0.036311
vn 0.240669 0.969928 0.036311
vn -0.699638 0.693276 0.172842
vn -0.699638 0.693276 0.172842
vn -0.699638 0.693276 0.172842
vn -0.694753 0.697915 0.173874
vn -0.694753 0.697915 0.173874
vn -0.694753 0.697915 0.173874
vn -0.668572 -0.664932 0.332981
vn -0.668572 -0.664932 0.332981
vn -0.668572 -0.664932 0.332981
vn -0.665794 -0.668179 0.332047
vn -0.665794 -0.668179 0.332047
vn -0.665794 -0.668179 0.332047
vn 0.260420 -0.945347 0.196216
vn 0.260420 -0.945347 0.196216
vn 0.260420 -0.945347 0.196216
vn 0.265252 -0.944310 0.194732
vn 0.265252 -0.944310 0.194732
vn 0.265252 -0.944310 0.194732
vn 0.998472 0.014256 0.053389
vn 0.998472 0.014256 0.053389
vn 0.998472 0.014256 0.053389
vn 0.998463 0.016427 0.052941
vn 0.998463 0.016427 0.052941
vn 0.998463 0.016427 0.052941
vn 0.240877 0.969787 0.038612
vn 0.240877 0.969787 0.038612
vn 0.240877 0.969787 0.038612
vn 0.242197 0.969455 0.038698
vn 0.242197 0.969455 0.038698
vn 0.242197 0.969455 0.038698
vn -0.682991 0.696160 0.221099
vn -0.682991 0.696160 0.221099
vn -0.682991 0.696160 0.221099
vn -0.682049 0.697114 0.220999
vn -0.682049 0.697114 0.220999
vn -0.682049 0.697114 0.220999
vn -0.633207 0.381216 0.673590
vn -0.633207 0.381216 0.673590
vn -0.633207 0.381216 0.673590
vn -0.633207 0.381216 0.673590
vn -0.633207 0.381216 0.673590
vn -0.633207 0.381216 0.673590
vn -0.633207 0.381216 0.673590
vn -0.633207 0.381216 0.673590
vn -0.633207 0.381216 0.673590
vn -0.633207 0.381216 0.673590
vn -0.633207 0.381216 0.673590
vn -0.633207 0.381216 0.673590
vn -0.633207 0.381216 0.673590
vn -0.633207 0.381216 0.673590
vn -0.633207 0.381216 0.673590
vn 0.145448 0.082641 0.985908
vn 0.145448 0.082641 0.985908
vn 0.145448 0.082641 0.985908
vn 0.145448 0.082641 0.985908
vn 0.145448 0.082641 0.985908
vn 0.145448 0.082641 0.985908
vn 0.145448 0.082641 0.985908
vn 0.145448 0.082641 0.985908
vn 0.145448 0.082641 0.985908
vn 0.145448 0.082641 0.985908
vn 0.145448 0.082641 0.985908
vn 0.145448 0.082641 0.985908
vn 0.145448 0.082641 0.985908
vn 0.145448 0.082641 0.985908
vn 0.145448 0.082641 0.985908
f 1492/1492/1492 1493/1493/1493 1494/1494/1494
f 1495/1495/1495 1496/1496/1496 1497/1497/1497
f 1498/1498/1498 1499/1499/1499 1500/1500/1500
f 1501/1501/1501 1502/1502/1502 1503/1503/1503
f 1504/1504/1504 1505/1505/1505 1506/1506/1506
f 1507/1507/1507 1508/1508/1508 1509/1509/1509
f 1510/1510/1510 1511/1511/1511 1512/1512/1512
f 1513/1513/1513 1514/1514/1514 1515/1515/1515
f 1516/1516/1516 1517/1517/1517 1518/1518/1518
f 1519/1519/1519 1520/1520/1520 1521/1521/1521
f 1522/1522/1522 1523/1523/1523 1524/1524/1524
f 1525/1525/1525 1526/1526/1526 1527/1527/1527
f 1528/1528/1528 1529/1529/1529 1530/1530/1530
f 1531/1531/1531 1532/1532/1532 1533/1533/1533
f 1534/1534/1534 1535/1535/1535 1536/1536/1536
f 1537/1537/1537 1538/1538/1538 1539/1539/1539
f 1540/1540/1540 1541/1541/1541 1542/1542/1542
f 1543/1543/1543 1544/1544/1544 1545/1545/1545
f 1546/1546/1546 1547/1547/1547 1548/1548/1548
f 1549/1549/1549 1550/1550/1550 1551/1551/1551
f 1552/1552/1552 1553/1553/1553 1554/1554/1554
f 1555/1555/1555 1556/1556/1556 1557/1557/1557
f 1558/1558/1558 1559/1559/1559 1560/1560/1560
f 1561/1561/1561 1562/1562/1562 1563/1563/1563
f 1564/1564/1564 1565/1565/1565 1566/1566/1566
f 1567/1567/1567 1568/1568/1568 1569/1569/1569
f 1570/1570/1570 1571/1571/1571 1572/1572/1572
f 1573/1573/1573 1574/1574/1574 1575/1575/1575
f 1576/1576/1576 1577/1577/1577 1578/1578/1578
f 1579/1579/1579 1580/1580/1580 1581/1581/1581
f 1582/1582/1582 1583/1583/1583 1584/1584/1584
f 1585/1585/1585 1586/1586/1586 1587/1587/1587
f 1588/1588/1588 1589/1589/1589 1590/1590/1590
f 1591/1591/1591 1592/1592/1592 1593/1593/1593
f 1594/1594/1594 1595/1595/1595 1596/1596/1596
f 1597/1597/1597 1598/1598/1598 1599/1599/1599
f 1600/1600/1600 1601/1601/1601 1602/1602/1602
f 1603/1603/1603 1604/1604/1604 1605/1605/1605
f 1606/1606/1606 1607/1607/1607 1608/1608/1608
f 1609/1609/1609 1610/1610/1610 1611/1611/1611
f 1612/1612/1612 1613/1613/1613 1614/1614/1614
f 1615/1615/1615 1616/1616/1616 1617/1617/1617
f 1618/1618/1618 1619/1619/1619 1620/1620/1620
f 1621/1621/1621 1622/1622/1622 1623/1623/1623
f 1624/1624/1624 1625/1625/1625 1626/1626/1626
f 1627/1627/1627 1628/1628/1628 1629/1629/1629
f 1630/1630/1630 1631/1631/1631 1632/1632/1632
f 1633/1633/1633 1634/1634/1634 1635/1635/1635
f 1636/1636/1636 1637/1637/1637 1638/1638/1638
f 1639/1639/1639 1640/1640/1640 1641/1641/1641
f 1642/1642/1642 1643/1643/1643 1644/1644/1644
f 1645/1645/1645 1646/1646/1646 1647/1647/1647
f 1648/1648/1648 1649/1649/1649 1650/1650/1650
f 1651/1651/1651 1652/1652/1652 1653/1653/1653
f 1654/1654/1654 1655/1655/1655 1656/1656/1656
f 1657/1657/1657 1658/1658/1658 1659/1659/1659
f 1660/1660/1660 1661/1661/1661 1662/1662/1662
f 1663/1663/1663 1664/1664/1664 1665/1665/1665
f 1666/1666/1666 1667/1667/1667 1668/1668/1668
f 1669/1669/1669 1670/1670/1670 1671/1671/1671
f 1672/1672/1672 1673/1673/1673 1674/1674/1674
f 1675/1675/1675 1676/1676/1676 1677/1677/1677
f 1678/1678/1678 1679/1679/1679 1680/1680/1680
f 1681/1681/1681 1682/1682/1682 1683/1683/1683
f 1684/1684/1684 1685/1685/1685 1686/1686/1686
f 1687/1687/1687 1688/1688/1688 1689/1689/1689
f 1690/1690/1690 1691/1691/1691 1692/1692/1692
f 1693/1693/1693 1694/1694/1694 1695/1695/1695
f 1696/1696/1696 1697/1697/1697 1698/1698/1698
f 1699/1699/1699 1700/1700/1700 1701/1701/1701
o LeftNeckMane1
usemtl PaintedVinefangFantasy
v -1.948272 6.914362 -6.352083
v -1.696473 6.354637 -5.797339
v -3.036932 6.544321 -4.721380
v -1.948272 6.914362 -6.352083
v -3.036932 6.544321 -4.721380
v -3.536662 7.476154 -5.584707
v -1.696473 6.354637 -5.797339
v -0.999776 6.568433 -5.174526
v -1.819213 6.900250 -3.776695
v -1.696473 6.354637 -5.797339
v -1.819213 6.900250 -3.776695
v -3.036932 6.544321 -4.721380
v -0.999776 6.568433 -5.174526
v -0.820992 7.260291 -5.344350
v -1.566351 8.052058 -4.056173
v -0.999776 6.568433 -5.174526
v -1.566351 8.052058 -4.056173
v -1.819213 6.900250 -3.776695
v -0.820992 7.260291 -5.344350
v -1.407195 7.474086 -6.072121
v -2.627793 8.407986 -5.173586
v -0.820992 7.260291 -5.344350
v -2.627793 8.407986 -5.173586
v -1.566351 8.052058 -4.056173
v -1.407195 7.474086 -6.072121
v -1.948272 6.914362 -6.352083
v -3.536662 7.476154 -5.584707
v -1.407195 7.474086 -6.072121
v -3.536662 7.476154 -5.584707
v -2.627793 8.407986 -5.173586
v -3.536662 7.476154 -5.584707
v -3.036932 6.544321 -4.721380
v -4.400661 6.733713 -3.163627
v -3.536662 7.476154 -5.584707
v -4.400661 6.733713 -3.163627
v -5.433406 8.072309 -4.036702
v -3.036932 6.544321 -4.721380
v -1.819213 6.900250 -3.776695
v -2.466998 7.245011 -2.235732
v -3.036932 6.544321 -4.721380
v -2.466998 7.245011 -2.235732
v -4.400661 6.733713 -3.163627
v -1.819213 6.900250 -3.776695
v -1.566351 8.052058 -4.056173
v -2.304673 8.899607 -2.535336
v -1.819213 6.900250 -3.776695
v -2.304673 8.899607 -2.535336
v -2.466998 7.245011 -2.235732
v -1.566351 8.052058 -4.056173
v -2.627793 8.407986 -5.173586
v -4.138014 9.410906 -3.648397
v -1.566351 8.052058 -4.056173
v -4.138014 9.410906 -3.648397
v -2.304673 8.899607 -2.535336
v -2.627793 8.407986 -5.173586
v -3.536662 7.476154 -5.584707
v -5.433406 8.072309 -4.036702
v -2.627793 8.407986 -5.173586
v -5.433406 8.072309 -4.036702
v -4.138014 9.410906 -3.648397
v -5.433406 8.072309 -4.036702
v -4.400661 6.733713 -3.163627
v -4.860718 6.990118 -1.374420
v -5.433406 8.072309 -4.036702
v -4.860718 6.990118 -1.374420
v -6.043242 8.249334 -1.701014
v -4.400661 6.733713 -3.163627
v -2.466998 7.245011 -2.235732
v -2.911394 7.471095 -1.030005
v -4.400661 6.733713 -3.163627
v -2.911394 7.471095 -1.030005
v -4.860718 6.990118 -1.374420
v -2.466998 7.245011 -2.235732
v -2.304673 8.899607 -2.535336
v -2.889170 9.027572 -1.143740
v -2.466998 7.245011 -2.235732
v -2.889170 9.027572 -1.143740
v -2.911394 7.471095 -1.030005
v -2.304673 8.899607 -2.535336
v -4.138014 9.410906 -3.648397
v -4.824758 9.508549 -1.558447
v -2.304673 8.899607 -2.535336
v -4.824758 9.508549 -1.558447
v -2.889170 9.027572 -1.143740
v -4.138014 9.410906 -3.648397
v -5.433406 8.072309 -4.036702
v -6.043242 8.249334 -1.701014
v -4.138014 9.410906 -3.648397
v -6.043242 8.249334 -1.701014
v -4.824758 9.508549 -1.558447
v -6.043242 8.249334 -1.701014
v -4.860718 6.990118 -1.374420
v -4.950530 7.194169 0.645996
v -6.043242 8.249334 -1.701014
v -4.950530 7.194169 0.645996
v -6.078012 8.347218 0.603241
v -4.860718 6.990118 -1.374420
v -2.911394 7.471095 -1.030005
v -3.140796 7.634594 0.486759
v -4.860718 6.990118 -1.374420
v -3.140796 7.634594 0.486759
v -4.950530 7.194169 0.645996
v -2.911394 7.471095 -1.030005
v -2.889170 9.027572 -1.143740
v -3.149801 9.059841 0.345591
v -2.911394 7.471095 -1.030005
v -3.149801 9.059841 0.345591
v -3.140796 7.634594 0.486759
v -2.889170 9.027572 -1.143740
v -4.824758 9.508549 -1.558447
v -4.965100 9.500266 0.417581
v -2.889170 9.027572 -1.143740
v -4.965100 9.500266 0.417581
v -3.149801 9.059841 0.345591
v -4.824758 9.508549 -1.558447
v -6.043242 8.249334 -1.701014
v -6.078012 8.347218 0.603241
v -4.824758 9.508549 -1.558447
v -6.078012 8.347218 0.603241
v -4.965100 9.500266 0.417581
v -6.078012 8.347218 0.603241
v -4.950530 7.194169 0.645996
v -4.292563 8.036137 2.583445
v -6.078012 8.347218 0.603241
v -4.292563 8.036137 2.583445
v -4.874796 8.626812 2.641792
v -4.950530 7.194169 0.645996
v -3.140796 7.634594 0.486759
v -3.394118 8.261755 2.318688
v -4.950530 7.194169 0.645996
v -3.394118 8.261755 2.318688
v -4.292563 8.036137 2.583445
v -3.140796 7.634594 0.486759
v -3.149801 9.059841 0.345591
v -3.421080 8.991869 2.213404
v -3.140796 7.634594 0.486759
v -3.421080 8.991869 2.213404
v -3.394118 8.261755 2.318688
v -3.149801 9.059841 0.345591
v -4.965100 9.500266 0.417581
v -4.336190 9.217487 2.413094
v -3.149801 9.059841 0.345591
v -4.336190 9.217487 2.413094
v -3.421080 8.991869 2.213404
v -4.965100 9.500266 0.417581
v -6.078012 8.347218 0.603241
v -4.874796 8.626812 2.641792
v -4.965100 9.500266 0.417581
v -4.874796 8.626812 2.641792
v -4.336190 9.217487 2.413094
v -4.874796 8.626812 2.641792
v -4.292563 8.036137 2.583445
v -3.595114 8.836824 3.925411
v -4.874796 8.626812 2.641792
v -3.595114 8.836824 3.925411
v -3.629673 8.872043 3.930816
v -4.292563 8.036137 2.583445
v -3.394118 8.261755 2.318688
v -3.542624 8.850276 3.906117
v -4.292563 8.036137 2.583445
v -3.542624 8.850276 3.906117
v -3.595114 8.836824 3.925411
v -3.394118 8.261755 2.318688
v -3.421080 8.991869 2.213404
v -3.544743 8.893809 3.899599
v -3.394118 8.261755 2.318688
v -3.544743 8.893809 3.899599
v -3.542624 8.850276 3.906117
v -3.421080 8.991869 2.213404
v -4.336190 9.217487 2.413094
v -3.598543 8.907262 3.914864
v -3.421080 8.991869 2.213404
v -3.598543 8.907262 3.914864
v -3.544743 8.893809 3.899599
v -4.336190 9.217487 2.413094
v -4.874796 8.626812 2.641792
v -3.629673 8.872043 3.930816
v -4.336190 9.217487 2.413094
v -3.629673 8.872043 3.930816
v -3.598543 8.907262 3.914864
v -1.374542 6.914362 -5.748084
v -1.948272 6.914362 -6.352083
v -1.696473 6.354637 -5.797339
v -1.374542 6.914362 -5.748084
v -1.696473 6.354637 -5.797339
v -0.999776 6.568433 -5.174526
v -1.374542 6.914362 -5.748084
v -0.999776 6.568433 -5.174526
v -0.820992 7.260291 -5.344350
v -1.374542 6.914362 -5.748084
v -0.820992 7.260291 -5.344350
v -1.407195 7.474086 -6.072121
v -1.374542 6.914362 -5.748084
v -1.407195 7.474086 -6.072121
v -1.948272 6.914362 -6.352083
v -3.582139 8.872043 3.915362
v -3.629673 8.872043 3.930816
v -3.595114 8.836824 3.925411
v -3.582139 8.872043 3.915362
v -3.595114 8.836824 3.925411
v -3.542624 8.850276 3.906117
v -3.582139 8.872043 3.915362
v -3.542624 8.850276 3.906117
v -3.544743 8.893809 3.899599
v -3.582139 8.872043 3.915362
v -3.544743 8.893809 3.899599
v -3.598543 8.907262 3.914864
v -3.582139 8.872043 3.915362
v -3.598543 8.907262 3.914864
v -3.629673 8.872043 3.930816
vt 0.003906 0.746094
vt 0.052344 0.746094
vt 0.052344 0.705729
vt 0.003906 0.746094
vt 0.052344 0.705729
vt 0.003906 0.705729
vt 0.052344 0.746094
vt 0.100781 0.746094
vt 0.100781 0.705729
vt 0.052344 0.746094
vt 0.100781 0.705729
vt 0.052344 0.705729
vt 0.100781 0.746094
vt 0.149219 0.746094
vt 0.149219 0.705729
vt 0.100781 0.746094
vt 0.149219 0.705729
vt 0.100781 0.705729
vt 0.149219 0.746094
vt 0.197656 0.746094
vt 0.197656 0.705729
vt 0.149219 0.746094
vt 0.197656 0.705729
vt 0.149219 0.705729
vt 0.197656 0.746094
vt 0.246094 0.746094
vt 0.246094 0.705729
vt 0.197656 0.746094
vt 0.246094 0.705729
vt 0.197656 0.705729
vt 0.003906 0.705729
vt 0.052344 0.705729
vt 0.052344 0.665365
vt 0.003906 0.705729
vt 0.052344 0.665365
vt 0.003906 0.665365
vt 0.052344 0.705729
vt 0.100781 0.705729
vt 0.100781 0.665365
vt 0.052344 0.705729
vt 0.100781 0.665365
vt 0.052344 0.665365
vt 0.100781 0.705729
vt 0.149219 0.705729
vt 0.149219 0.665365
vt 0.100781 0.705729
vt 0.149219 0.665365
vt 0.100781 0.665365
vt 0.149219 0.705729
vt 0.197656 0.705729
vt 0.197656 0.665365
vt 0.149219 0.705729
vt 0.197656 0.665365
vt 0.149219 0.665365
vt 0.197656 0.705729
vt 0.246094 0.705729
vt 0.246094 0.665365
vt 0.197656 0.705729
vt 0.246094 0.665365
vt 0.197656 0.665365
vt 0.003906 0.665365
vt 0.052344 0.665365
vt 0.052344 0.625000
vt 0.003906 0.665365
vt 0.052344 0.625000
vt 0.003906 0.625000
vt 0.052344 0.665365
vt 0.100781 0.665365
vt 0.100781 0.625000
vt 0.052344 0.665365
vt 0.100781 0.625000
vt 0.052344 0.625000
vt 0.100781 0.665365
vt 0.149219 0.665365
vt 0.149219 0.625000
vt 0.100781 0.665365
vt 0.149219 0.625000
vt 0.100781 0.625000
vt 0.149219 0.665365
vt 0.197656 0.665365
vt 0.197656 0.625000
vt 0.149219 0.665365
vt 0.197656 0.625000
vt 0.149219 0.625000
vt 0.197656 0.665365
vt 0.246094 0.665365
vt 0.246094 0.625000
vt 0.197656 0.665365
vt 0.246094 0.625000
vt 0.197656 0.625000
vt 0.003906 0.625000
vt 0.052344 0.625000
vt 0.052344 0.584635
vt 0.003906 0.625000
vt 0.052344 0.584635
vt 0.003906 0.584635
vt 0.052344 0.625000
vt 0.100781 0.625000
vt 0.100781 0.584635
vt 0.052344 0.625000
vt 0.100781 0.584635
vt 0.052344 0.584635
vt 0.100781 0.625000
vt 0.149219 0.625000
vt 0.149219 0.584635
vt 0.100781 0.625000
vt 0.149219 0.584635
vt 0.100781 0.584635
vt 0.149219 0.625000
vt 0.197656 0.625000
vt 0.197656 0.584635
vt 0.149219 0.625000
vt 0.197656 0.584635
vt 0.149219 0.584635
vt 0.197656 0.625000
vt 0.246094 0.625000
vt 0.246094 0.584635
vt 0.197656 0.625000
vt 0.246094 0.584635
vt 0.197656 0.584635
vt 0.003906 0.584635
vt 0.052344 0.584635
vt 0.052344 0.544271
vt 0.003906 0.584635
vt 0.052344 0.544271
vt 0.003906 0.544271
vt 0.052344 0.584635
vt 0.100781 0.584635
vt 0.100781 0.544271
vt 0.052344 0.584635
vt 0.100781 0.544271
vt 0.052344 0.544271
vt 0.100781 0.584635
vt 0.149219 0.584635
vt 0.149219 0.544271
vt 0.100781 0.584635
vt 0.149219 0.544271
vt 0.100781 0.544271
vt 0.149219 0.584635
vt 0.197656 0.584635
vt 0.197656 0.544271
vt 0.149219 0.584635
vt 0.197656 0.544271
vt 0.149219 0.544271
vt 0.197656 0.584635
vt 0.246094 0.584635
vt 0.246094 0.544271
vt 0.197656 0.584635
vt 0.246094 0.544271
vt 0.197656 0.544271
vt 0.003906 0.544271
vt 0.052344 0.544271
vt 0.052344 0.503906
vt 0.003906 0.544271
vt 0.052344 0.503906
vt 0.003906 0.503906
vt 0.052344 0.544271
vt 0.100781 0.544271
vt 0.100781 0.503906
vt 0.052344 0.544271
vt 0.100781 0.503906
vt 0.052344 0.503906
vt 0.100781 0.544271
vt 0.149219 0.544271
vt 0.149219 0.503906
vt 0.100781 0.544271
vt 0.149219 0.503906
vt 0.100781 0.503906
vt 0.149219 0.544271
vt 0.197656 0.544271
vt 0.197656 0.503906
vt 0.149219 0.544271
vt 0.197656 0.503906
vt 0.149219 0.503906
vt 0.197656 0.544271
vt 0.246094 0.544271
vt 0.246094 0.503906
vt 0.197656 0.544271
vt 0.246094 0.503906
vt 0.197656 0.503906
vt 0.125000 0.625000
vt 0.003906 0.746094
vt 0.246094 0.503906
vt 0.125000 0.625000
vt 0.003906 0.746094
vt 0.246094 0.503906
vt 0.125000 0.625000
vt 0.003906 0.746094
vt 0.246094 0.503906
vt 0.125000 0.625000
vt 0.003906 0.746094
vt 0.246094 0.503906
vt 0.125000 0.625000
vt 0.003906 0.746094
vt 0.246094 0.503906
vt 0.125000 0.625000
vt 0.003906 0.746094
vt 0.246094 0.503906
vt 0.125000 0.625000
vt 0.003906 0.746094
vt 0.246094 0.503906
vt 0.125000 0.625000
vt 0.003906 0.746094
vt 0.246094 0.503906
vt 0.125000 0.625000
vt 0.003906 0.746094
vt 0.246094 0.503906
vt 0.125000 0.625000
vt 0.003906 0.746094
vt 0.246094 0.503906
vn -0.497361 -0.713237 -0.493887
vn -0.497361 -0.713237 -0.493887
vn -0.497361 -0.713237 -0.493887
vn -0.491656 -0.718911 -0.491366
vn -0.491656 -0.718911 -0.491366
vn -0.491656 -0.718911 -0.491366
vn 0.059802 -0.962776 0.263600
vn 0.059802 -0.962776 0.263600
vn 0.059802 -0.962776 0.263600
vn 0.076040 -0.961457 0.264231
vn 0.076040 -0.961457 0.264231
vn 0.076040 -0.961457 0.264231
vn 0.838941 -0.084839 0.537569
vn 0.838941 -0.084839 0.537569
vn 0.838941 -0.084839 0.537569
vn 0.854471 -0.062447 0.515732
vn 0.854471 -0.062447 0.515732
vn 0.854471 -0.062447 0.515732
vn 0.516899 0.839022 -0.169873
vn 0.516899 0.839022 -0.169873
vn 0.516899 0.839022 -0.169873
vn 0.508569 0.833032 -0.217750
vn 0.508569 0.833032 -0.217750
vn 0.508569 0.833032 -0.217750
vn -0.182024 0.574946 -0.797687
vn -0.182024 0.574946 -0.797687
vn -0.182024 0.574946 -0.797687
vn -0.186814 0.543319 -0.818477
vn -0.186814 0.543319 -0.818477
vn -0.186814 0.543319 -0.818477
vn -0.577664 -0.699533 -0.420665
vn -0.577664 -0.699533 -0.420665
vn -0.577664 -0.699533 -0.420665
vn -0.565574 -0.709997 -0.419559
vn -0.565574 -0.709997 -0.419559
vn -0.565574 -0.709997 -0.419559
vn 0.086295 -0.963891 0.251929
vn 0.086295 -0.963891 0.251929
vn 0.086295 -0.963891 0.251929
vn 0.139452 -0.960974 0.238918
vn 0.139452 -0.960974 0.238918
vn 0.139452 -0.960974 0.238918
vn 0.878851 -0.078762 0.470550
vn 0.878851 -0.078762 0.470550
vn 0.878851 -0.078762 0.470550
vn 0.920122 -0.019442 0.391148
vn 0.920122 -0.019442 0.391148
vn 0.920122 -0.019442 0.391148
vn 0.444954 0.884390 -0.140962
vn 0.444954 0.884390 -0.140962
vn 0.444954 0.884390 -0.140962
vn 0.412837 0.865988 -0.282188
vn 0.412837 0.865988 -0.282188
vn 0.412837 0.865988 -0.282188
vn -0.352352 0.643481 -0.679544
vn -0.352352 0.643481 -0.679544
vn -0.352352 0.643481 -0.679544
vn -0.366502 0.568361 -0.736642
vn -0.366502 0.568361 -0.736642
vn -0.366502 0.568361 -0.736642
vn -0.754693 -0.648233 -0.101157
vn -0.754693 -0.648233 -0.101157
vn -0.754693 -0.648233 -0.101157
vn -0.705405 -0.696520 -0.131388
vn -0.705405 -0.696520 -0.131388
vn -0.705405 -0.696520 -0.131388
vn 0.142590 -0.961982 0.232935
vn 0.142590 -0.961982 0.232935
vn 0.142590 -0.961982 0.232935
vn 0.203430 -0.960487 0.189952
vn 0.203430 -0.960487 0.189952
vn 0.203430 -0.960487 0.189952
vn 0.921135 -0.019979 0.388731
vn 0.921135 -0.019979 0.388731
vn 0.921135 -0.019979 0.388731
vn 0.938944 0.011721 0.343870
vn 0.938944 0.011721 0.343870
vn 0.938944 0.011721 0.343870
vn 0.247978 0.968087 0.036254
vn 0.247978 0.968087 0.036254
vn 0.247978 0.968087 0.036254
vn 0.238910 0.970979 0.011060
vn 0.238910 0.970979 0.011060
vn 0.238910 0.970979 0.011060
vn -0.665890 0.710451 -0.227706
vn -0.665890 0.710451 -0.227706
vn -0.665890 0.710451 -0.227706
vn -0.680143 0.687080 -0.255591
vn -0.680143 0.687080 -0.255591
vn -0.680143 0.687080 -0.255591
vn -0.733126 -0.679139 0.036000
vn -0.733126 -0.679139 0.036000
vn -0.733126 -0.679139 0.036000
vn -0.715212 -0.698653 0.018886
vn -0.715212 -0.698653 0.018886
vn -0.715212 -0.698653 0.018886
vn 0.214477 -0.967117 0.136688
vn 0.214477 -0.967117 0.136688
vn 0.214477 -0.967117 0.136688
vn 0.244051 -0.963710 0.108178
vn 0.244051 -0.963710 0.108178
vn 0.244051 -0.963710 0.108178
vn 0.985024 -0.001466 0.172410
vn 0.985024 -0.001466 0.172410
vn 0.985024 -0.001466 0.172410
vn 0.988870 0.020839 0.147315
vn 0.988870 0.020839 0.147315
vn 0.988870 0.020839 0.147315
vn 0.236886 0.971313 0.020896
vn 0.236886 0.971313 0.020896
vn 0.236886 0.971313 0.020896
vn 0.236491 0.971421 0.020338
vn 0.236491 0.971421 0.020338
vn 0.236491 0.971421 0.020338
vn -0.715756 0.697180 -0.040416
vn -0.715756 0.697180 -0.040416
vn -0.715756 0.697180 -0.040416
vn -0.722560 0.689610 -0.048427
vn -0.722560 0.689610 -0.048427
vn -0.722560 0.689610 -0.048427
vn -0.636479 -0.604608 0.478899
vn -0.636479 -0.604608 0.478899
vn -0.636479 -0.604608 0.478899
vn -0.613036 -0.648806 0.450819
vn -0.613036 -0.648806 0.450819
vn -0.613036 -0.648806 0.450819
vn 0.250497 -0.904790 0.344394
vn 0.250497 -0.904790 0.344394
vn 0.250497 -0.904790 0.344394
vn 0.312113 -0.905496 0.287511
vn 0.312113 -0.905496 0.287511
vn 0.312113 -0.905496 0.287511
vn 0.989301 0.020556 0.144433
vn 0.989301 0.020556 0.144433
vn 0.989301 0.020556 0.144433
vn 0.991474 0.053732 0.118707
vn 0.991474 0.053732 0.118707
vn 0.991474 0.053732 0.118707
vn 0.237657 0.969339 0.062462
vn 0.237657 0.969339 0.062462
vn 0.237657 0.969339 0.062462
vn 0.253527 0.964650 0.071927
vn 0.253527 0.964650 0.071927
vn 0.253527 0.964650 0.071927
vn -0.662746 0.687480 0.296883
vn -0.662746 0.687480 0.296883
vn -0.662746 0.687480 0.296883
vn -0.643135 0.703520 0.302386
vn -0.643135 0.703520 0.302386
vn -0.643135 0.703520 0.302386
vn -0.527028 -0.580780 0.620432
vn -0.527028 -0.580780 0.620432
vn -0.527028 -0.580780 0.620432
vn -0.515474 -0.599765 0.612020
vn -0.515474 -0.599765 0.612020
vn -0.515474 -0.599765 0.612020
vn 0.324816 -0.876488 0.355335
vn 0.324816 -0.876488 0.355335
vn 0.324816 -0.876488 0.355335
vn 0.348766 -0.873416 0.339864
vn 0.348766 -0.873416 0.339864
vn 0.348766 -0.873416 0.339864
vn 0.995979 0.047714 0.075818
vn 0.995979 0.047714 0.075818
vn 0.995979 0.047714 0.075818
vn 0.995706 0.059136 0.071226
vn 0.995706 0.059136 0.071226
vn 0.995706 0.059136 0.071226
vn 0.253999 0.964335 0.074445
vn 0.253999 0.964335 0.074445
vn 0.253999 0.964335 0.074445
vn 0.261912 0.962160 0.075162
vn 0.261912 0.962160 0.075162
vn 0.261912 0.962160 0.075162
vn -0.579372 0.693871 0.427634
vn -0.579372 0.693871 0.427634
vn -0.579372 0.693871 0.427634
vn -0.573311 0.699788 0.426159
vn -0.573311 0.699788 0.426159
vn -0.573311 0.699788 0.426159
vn -0.682960 0.335724 0.648734
vn -0.682960 0.335724 0.648734
vn -0.682960 0.335724 0.648734
vn -0.682960 0.335724 0.648734
vn -0.682960 0.335724 0.648734
vn -0.682960 0.335724 0.648734
vn -0.682960 0.335724 0.648734
vn -0.682960 0.335724 0.648734
vn -0.682960 0.335724 0.648734
vn -0.682960 0.335724 0.648734
vn -0.682960 0.335724 0.648734
vn -0.682960 0.335724 0.648734
vn -0.682960 0.335724 0.648734
vn -0.682960 0.335724 0.648734
vn -0.682960 0.335724 0.648734
vn 0.305437 0.155525 0.939425
vn 0.305437 0.155525 0.939425
vn 0.305437 0.155525 0.939425
vn 0.305437 0.155525 0.939425
vn 0.305437 0.155525 0.939425
vn 0.305437 0.155525 0.939425
vn 0.305437 0.155525 0.939425
vn 0.305437 0.155525 0.939425
vn 0.305437 0.155525 0.939425
vn 0.305437 0.155525 0.939425
vn 0.305437 0.155525 0.939425
vn 0.305437 0.155525 0.939425
vn 0.305437 0.155525 0.939425
vn 0.305437 0.155525 0.939425
vn 0.305437 0.155525 0.939425
f 1702/1702/1702 1703/1703/1703 1704/1704/1704
f 1705/1705/1705 1706/1706/1706 1707/1707/1707
f 1708/1708/1708 1709/1709/1709 1710/1710/1710
f 1711/1711/1711 1712/1712/1712 1713/1713/1713
f 1714/1714/1714 1715/1715/1715 1716/1716/1716
f 1717/1717/1717 1718/1718/1718 1719/1719/1719
f 1720/1720/1720 1721/1721/1721 1722/1722/1722
f 1723/1723/1723 1724/1724/1724 1725/1725/1725
f 1726/1726/1726 1727/1727/1727 1728/1728/1728
f 1729/1729/1729 1730/1730/1730 1731/1731/1731
f 1732/1732/1732 1733/1733/1733 1734/1734/1734
f 1735/1735/1735 1736/1736/1736 1737/1737/1737
f 1738/1738/1738 1739/1739/1739 1740/1740/1740
f 1741/1741/1741 1742/1742/1742 1743/1743/1743
f 1744/1744/1744 1745/1745/1745 1746/1746/1746
f 1747/1747/1747 1748/1748/1748 1749/1749/1749
f 1750/1750/1750 1751/1751/1751 1752/1752/1752
f 1753/1753/1753 1754/1754/1754 1755/1755/1755
f 1756/1756/1756 1757/1757/1757 1758/1758/1758
f 1759/1759/1759 1760/1760/1760 1761/1761/1761
f 1762/1762/1762 1763/1763/1763 1764/1764/1764
f 1765/1765/1765 1766/1766/1766 1767/1767/1767
f 1768/1768/1768 1769/1769/1769 1770/1770/1770
f 1771/1771/1771 1772/1772/1772 1773/1773/1773
f 1774/1774/1774 1775/1775/1775 1776/1776/1776
f 1777/1777/1777 1778/1778/1778 1779/1779/1779
f 1780/1780/1780 1781/1781/1781 1782/1782/1782
f 1783/1783/1783 1784/1784/1784 1785/1785/1785
f 1786/1786/1786 1787/1787/1787 1788/1788/1788
f 1789/1789/1789 1790/1790/1790 1791/1791/1791
f 1792/1792/1792 1793/1793/1793 1794/1794/1794
f 1795/1795/1795 1796/1796/1796 1797/1797/1797
f 1798/1798/1798 1799/1799/1799 1800/1800/1800
f 1801/1801/1801 1802/1802/1802 1803/1803/1803
f 1804/1804/1804 1805/1805/1805 1806/1806/1806
f 1807/1807/1807 1808/1808/1808 1809/1809/1809
f 1810/1810/1810 1811/1811/1811 1812/1812/1812
f 1813/1813/1813 1814/1814/1814 1815/1815/1815
f 1816/1816/1816 1817/1817/1817 1818/1818/1818
f 1819/1819/1819 1820/1820/1820 1821/1821/1821
f 1822/1822/1822 1823/1823/1823 1824/1824/1824
f 1825/1825/1825 1826/1826/1826 1827/1827/1827
f 1828/1828/1828 1829/1829/1829 1830/1830/1830
f 1831/1831/1831 1832/1832/1832 1833/1833/1833
f 1834/1834/1834 1835/1835/1835 1836/1836/1836
f 1837/1837/1837 1838/1838/1838 1839/1839/1839
f 1840/1840/1840 1841/1841/1841 1842/1842/1842
f 1843/1843/1843 1844/1844/1844 1845/1845/1845
f 1846/1846/1846 1847/1847/1847 1848/1848/1848
f 1849/1849/1849 1850/1850/1850 1851/1851/1851
f 1852/1852/1852 1853/1853/1853 1854/1854/1854
f 1855/1855/1855 1856/1856/1856 1857/1857/1857
f 1858/1858/1858 1859/1859/1859 1860/1860/1860
f 1861/1861/1861 1862/1862/1862 1863/1863/1863
f 1864/1864/1864 1865/1865/1865 1866/1866/1866
f 1867/1867/1867 1868/1868/1868 1869/1869/1869
f 1870/1870/1870 1871/1871/1871 1872/1872/1872
f 1873/1873/1873 1874/1874/1874 1875/1875/1875
f 1876/1876/1876 1877/1877/1877 1878/1878/1878
f 1879/1879/1879 1880/1880/1880 1881/1881/1881
f 1882/1882/1882 1883/1883/1883 1884/1884/1884
f 1885/1885/1885 1886/1886/1886 1887/1887/1887
f 1888/1888/1888 1889/1889/1889 1890/1890/1890
f 1891/1891/1891 1892/1892/1892 1893/1893/1893
f 1894/1894/1894 1895/1895/1895 1896/1896/1896
f 1897/1897/1897 1898/1898/1898 1899/1899/1899
f 1900/1900/1900 1901/1901/1901 1902/1902/1902
f 1903/1903/1903 1904/1904/1904 1905/1905/1905
f 1906/1906/1906 1907/1907/1907 1908/1908/1908
f 1909/1909/1909 1910/1910/1910 1911/1911/1911
o LeftNeckMane2
usemtl PaintedVinefangFantasy
v -1.917009 6.122959 -6.380311
v -1.673909 5.554666 -5.830420
v -3.131549 5.689842 -4.771401
v -1.917009 6.122959 -6.380311
v -3.131549 5.689842 -4.771401
v -3.611693 6.632164 -5.634456
v -1.673909 5.554666 -5.830420
v -1.017094 5.771734 -5.166743
v -1.971749 6.049777 -3.757860
v -1.673909 5.554666 -5.830420
v -1.971749 6.049777 -3.757860
v -3.131549 5.689842 -4.771401
v -1.017094 5.771734 -5.166743
v -0.854260 6.474184 -5.306459
v -1.735096 7.214552 -3.994512
v -1.017094 5.771734 -5.166743
v -1.735096 7.214552 -3.994512
v -1.971749 6.049777 -3.757860
v -0.854260 6.474184 -5.306459
v -1.410437 6.691253 -6.056486
v -2.748637 7.574487 -5.154313
v -0.854260 6.474184 -5.306459
v -2.748637 7.574487 -5.154313
v -1.735096 7.214552 -3.994512
v -1.410437 6.691253 -6.056486
v -1.917009 6.122959 -6.380311
v -3.611693 6.632164 -5.634456
v -1.410437 6.691253 -6.056486
v -3.611693 6.632164 -5.634456
v -2.748637 7.574487 -5.154313
v -3.611693 6.632164 -5.634456
v -3.131549 5.689842 -4.771401
v -4.649843 5.851583 -3.194423
v -3.611693 6.632164 -5.634456
v -4.649843 5.851583 -3.194423
v -5.632524 7.189270 -4.124796
v -3.131549 5.689842 -4.771401
v -1.971749 6.049777 -3.757860
v -2.767259 6.362534 -2.166671
v -3.131549 5.689842 -4.771401
v -2.767259 6.362534 -2.166671
v -4.649843 5.851583 -3.194423
v -1.971749 6.049777 -3.757860
v -1.735096 7.214552 -3.994512
v -2.586439 8.016006 -2.461858
v -1.971749 6.049777 -3.757860
v -2.586439 8.016006 -2.461858
v -2.767259 6.362534 -2.166671
v -1.735096 7.214552 -3.994512
v -2.748637 7.574487 -5.154313
v -4.357270 8.526957 -3.672046
v -1.735096 7.214552 -3.994512
v -4.357270 8.526957 -3.672046
v -2.586439 8.016006 -2.461858
v -2.748637 7.574487 -5.154313
v -3.611693 6.632164 -5.634456
v -5.632524 7.189270 -4.124796
v -2.748637 7.574487 -5.154313
v -5.632524 7.189270 -4.124796
v -4.357270 8.526957 -3.672046
v -5.632524 7.189270 -4.124796
v -4.649843 5.851583 -3.194423
v -5.156864 6.159772 -1.454332
v -5.632524 7.189270 -4.124796
v -5.156864 6.159772 -1.454332
v -6.328352 7.415757 -1.829525
v -4.649843 5.851583 -3.194423
v -2.767259 6.362534 -2.166671
v -3.208654 6.639516 -1.101985
v -4.649843 5.851583 -3.194423
v -3.208654 6.639516 -1.101985
v -5.156864 6.159772 -1.454332
v -2.767259 6.362534 -2.166671
v -2.586439 8.016006 -2.461858
v -3.176082 8.191999 -1.259417
v -2.767259 6.362534 -2.166671
v -3.176082 8.191999 -1.259417
v -3.208654 6.639516 -1.101985
v -2.586439 8.016006 -2.461858
v -4.357270 8.526957 -3.672046
v -5.104161 8.671742 -1.709061
v -2.586439 8.016006 -2.461858
v -5.104161 8.671742 -1.709061
v -3.176082 8.191999 -1.259417
v -4.357270 8.526957 -3.672046
v -5.632524 7.189270 -4.124796
v -6.328352 7.415757 -1.829525
v -4.357270 8.526957 -3.672046
v -6.328352 7.415757 -1.829525
v -5.104161 8.671742 -1.709061
v -6.328352 7.415757 -1.829525
v -5.156864 6.159772 -1.454332
v -5.244031 6.418512 0.631521
v -6.328352 7.415757 -1.829525
v -5.244031 6.418512 0.631521
v -6.370519 7.572476 0.587300
v -5.156864 6.159772 -1.454332
v -3.208654 6.639516 -1.101985
v -3.432621 6.859287 0.493754
v -5.156864 6.159772 -1.454332
v -3.432621 6.859287 0.493754
v -5.244031 6.418512 0.631521
v -3.208654 6.639516 -1.101985
v -3.176082 8.191999 -1.259417
v -3.439597 8.285665 0.364389
v -3.208654 6.639516 -1.101985
v -3.439597 8.285665 0.364389
v -3.432621 6.859287 0.493754
v -3.176082 8.191999 -1.259417
v -5.104161 8.671742 -1.709061
v -5.255318 8.726440 0.422203
v -3.176082 8.191999 -1.259417
v -5.255318 8.726440 0.422203
v -3.439597 8.285665 0.364389
v -5.104161 8.671742 -1.709061
v -6.328352 7.415757 -1.829525
v -6.370519 7.572476 0.587300
v -5.104161 8.671742 -1.709061
v -6.370519 7.572476 0.587300
v -5.255318 8.726440 0.422203
v -6.370519 7.572476 0.587300
v -5.244031 6.418512 0.631521
v -4.581774 7.256107 3.410685
v -6.370519 7.572476 0.587300
v -4.581774 7.256107 3.410685
v -5.161443 7.850508 3.455048
v -5.244031 6.418512 0.631521
v -3.432621 6.859287 0.493754
v -3.663968 7.483148 3.225510
v -5.244031 6.418512 0.631521
v -3.663968 7.483148 3.225510
v -4.581774 7.256107 3.410685
v -3.432621 6.859287 0.493754
v -3.439597 8.285665 0.364389
v -3.676402 8.217868 3.155430
v -3.432621 6.859287 0.493754
v -3.676402 8.217868 3.155430
v -3.663968 7.483148 3.225510
v -3.439597 8.285665 0.364389
v -5.255318 8.726440 0.422203
v -4.601892 8.444909 3.297292
v -3.439597 8.285665 0.364389
v -4.601892 8.444909 3.297292
v -3.676402 8.217868 3.155430
v -5.255318 8.726440 0.422203
v -6.370519 7.572476 0.587300
v -5.161443 7.850508 3.455048
v -5.255318 8.726440 0.422203
v -5.161443 7.850508 3.455048
v -4.601892 8.444909 3.297292
v -5.161443 7.850508 3.455048
v -4.581774 7.256107 3.410685
v -3.846448 8.045149 5.671330
v -5.161443 7.850508 3.455048
v -3.846448 8.045149 5.671330
v -3.880929 8.080640 5.675255
v -4.581774 7.256107 3.410685
v -3.663968 7.483148 3.225510
v -3.792078 8.058705 5.658351
v -4.581774 7.256107 3.410685
v -3.792078 8.058705 5.658351
v -3.846448 8.045149 5.671330
v -3.663968 7.483148 3.225510
v -3.676402 8.217868 3.155430
v -3.792956 8.102575 5.654254
v -3.663968 7.483148 3.225510
v -3.792956 8.102575 5.654254
v -3.792078 8.058705 5.658351
v -3.676402 8.217868 3.155430
v -4.601892 8.444909 3.297292
v -3.847869 8.116131 5.664701
v -3.676402 8.217868 3.155430
v -3.847869 8.116131 5.664701
v -3.792956 8.102575 5.654254
v -4.601892 8.444909 3.297292
v -5.161443 7.850508 3.455048
v -3.880929 8.080640 5.675255
v -4.601892 8.444909 3.297292
v -3.880929 8.080640 5.675255
v -3.847869 8.116131 5.664701
v -1.374542 6.122959 -5.748084
v -1.917009 6.122959 -6.380311
v -1.673909 5.554666 -5.830420
v -1.374542 6.122959 -5.748084
v -1.673909 5.554666 -5.830420
v -1.017094 5.771734 -5.166743
v -1.374542 6.122959 -5.748084
v -1.017094 5.771734 -5.166743
v -0.854260 6.474184 -5.306459
v -1.374542 6.122959 -5.748084
v -0.854260 6.474184 -5.306459
v -1.410437 6.691253 -6.056486
v -1.374542 6.122959 -5.748084
v -1.410437 6.691253 -6.056486
v -1.917009 6.122959 -6.380311
v -3.832056 8.080640 5.664778
v -3.880929 8.080640 5.675255
v -3.846448 8.045149 5.671330
v -3.832056 8.080640 5.664778
v -3.846448 8.045149 5.671330
v -3.792078 8.058705 5.658351
v -3.832056 8.080640 5.664778
v -3.792078 8.058705 5.658351
v -3.792956 8.102575 5.654254
v -3.832056 8.080640 5.664778
v -3.792956 8.102575 5.654254
v -3.847869 8.116131 5.664701
v -3.832056 8.080640 5.664778
v -3.847869 8.116131 5.664701
v -3.880929 8.080640 5.675255
vt 0.003906 0.996094
vt 0.052344 0.996094
vt 0.052344 0.955729
vt 0.003906 0.996094
vt 0.052344 0.955729
vt 0.003906 0.955729
vt 0.052344 0.996094
vt 0.100781 0.996094
vt 0.100781 0.955729
vt 0.052344 0.996094
vt 0.100781 0.955729
vt 0.052344 0.955729
vt 0.100781 0.996094
vt 0.149219 0.996094
vt 0.149219 0.955729
vt 0.100781 0.996094
vt 0.149219 0.955729
vt 0.100781 0.955729
vt 0.149219 0.996094
vt 0.197656 0.996094
vt 0.197656 0.955729
vt 0.149219 0.996094
vt 0.197656 0.955729
vt 0.149219 0.955729
vt 0.197656 0.996094
vt 0.246094 0.996094
vt 0.246094 0.955729
vt 0.197656 0.996094
vt 0.246094 0.955729
vt 0.197656 0.955729
vt 0.003906 0.955729
vt 0.052344 0.955729
vt 0.052344 0.915365
vt 0.003906 0.955729
vt 0.052344 0.915365
vt 0.003906 0.915365
vt 0.052344 0.955729
vt 0.100781 0.955729
vt 0.100781 0.915365
vt 0.052344 0.955729
vt 0.100781 0.915365
vt 0.052344 0.915365
vt 0.100781 0.955729
vt 0.149219 0.955729
vt 0.149219 0.915365
vt 0.100781 0.955729
vt 0.149219 0.915365
vt 0.100781 0.915365
vt 0.149219 0.955729
vt 0.197656 0.955729
vt 0.197656 0.915365
vt 0.149219 0.955729
vt 0.197656 0.915365
vt 0.149219 0.915365
vt 0.197656 0.955729
vt 0.246094 0.955729
vt 0.246094 0.915365
vt 0.197656 0.955729
vt 0.246094 0.915365
vt 0.197656 0.915365
vt 0.003906 0.915365
vt 0.052344 0.915365
vt 0.052344 0.875000
vt 0.003906 0.915365
vt 0.052344 0.875000
vt 0.003906 0.875000
vt 0.052344 0.915365
vt 0.100781 0.915365
vt 0.100781 0.875000
vt 0.052344 0.915365
vt 0.100781 0.875000
vt 0.052344 0.875000
vt 0.100781 0.915365
vt 0.149219 0.915365
vt 0.149219 0.875000
vt 0.100781 0.915365
vt 0.149219 0.875000
vt 0.100781 0.875000
vt 0.149219 0.915365
vt 0.197656 0.915365
vt 0.197656 0.875000
vt 0.149219 0.915365
vt 0.197656 0.875000
vt 0.149219 0.875000
vt 0.197656 0.915365
vt 0.246094 0.915365
vt 0.246094 0.875000
vt 0.197656 0.915365
vt 0.246094 0.875000
vt 0.197656 0.875000
vt 0.003906 0.875000
vt 0.052344 0.875000
vt 0.052344 0.834635
vt 0.003906 0.875000
vt 0.052344 0.834635
vt 0.003906 0.834635
vt 0.052344 0.875000
vt 0.100781 0.875000
vt 0.100781 0.834635
vt 0.052344 0.875000
vt 0.100781 0.834635
vt 0.052344 0.834635
vt 0.100781 0.875000
vt 0.149219 0.875000
vt 0.149219 0.834635
vt 0.100781 0.875000
vt 0.149219 0.834635
vt 0.100781 0.834635
vt 0.149219 0.875000
vt 0.197656 0.875000
vt 0.197656 0.834635
vt 0.149219 0.875000
vt 0.197656 0.834635
vt 0.149219 0.834635
vt 0.197656 0.875000
vt 0.246094 0.875000
vt 0.246094 0.834635
vt 0.197656 0.875000
vt 0.246094 0.834635
vt 0.197656 0.834635
vt 0.003906 0.834635
vt 0.052344 0.834635
vt 0.052344 0.794271
vt 0.003906 0.834635
vt 0.052344 0.794271
vt 0.003906 0.794271
vt 0.052344 0.834635
vt 0.100781 0.834635
vt 0.100781 0.794271
vt 0.052344 0.834635
vt 0.100781 0.794271
vt 0.052344 0.794271
vt 0.100781 0.834635
vt 0.149219 0.834635
vt 0.149219 0.794271
vt 0.100781 0.834635
vt 0.149219 0.794271
vt 0.100781 0.794271
vt 0.149219 0.834635
vt 0.197656 0.834635
vt 0.197656 0.794271
vt 0.149219 0.834635
vt 0.197656 0.794271
vt 0.149219 0.794271
vt 0.197656 0.834635
vt 0.246094 0.834635
vt 0.246094 0.794271
vt 0.197656 0.834635
vt 0.246094 0.794271
vt 0.197656 0.794271
vt 0.003906 0.794271
vt 0.052344 0.794271
vt 0.052344 0.753906
vt 0.003906 0.794271
vt 0.052344 0.753906
vt 0.003906 0.753906
vt 0.052344 0.794271
vt 0.100781 0.794271
vt 0.100781 0.753906
vt 0.052344 0.794271
vt 0.100781 0.753906
vt 0.052344 0.753906
vt 0.100781 0.794271
vt 0.149219 0.794271
vt 0.149219 0.753906
vt 0.100781 0.794271
vt 0.149219 0.753906
vt 0.100781 0.753906
vt 0.149219 0.794271
vt 0.197656 0.794271
vt 0.197656 0.753906
vt 0.149219 0.794271
vt 0.197656 0.753906
vt 0.149219 0.753906
vt 0.197656 0.794271
vt 0.246094 0.794271
vt 0.246094 0.753906
vt 0.197656 0.794271
vt 0.246094 0.753906
vt 0.197656 0.753906
vt 0.125000 0.875000
vt 0.003906 0.996094
vt 0.246094 0.753906
vt 0.125000 0.875000
vt 0.003906 0.996094
vt 0.246094 0.753906
vt 0.125000 0.875000
vt 0.003906 0.996094
vt 0.246094 0.753906
vt 0.125000 0.875000
vt 0.003906 0.996094
vt 0.246094 0.753906
vt 0.125000 0.875000
vt 0.003906 0.996094
vt 0.246094 0.753906
vt 0.125000 0.875000
vt 0.003906 0.996094
vt 0.246094 0.753906
vt 0.125000 0.875000
vt 0.003906 0.996094
vt 0.246094 0.753906
vt 0.125000 0.875000
vt 0.003906 0.996094
vt 0.246094 0.753906
vt 0.125000 0.875000
vt 0.003906 0.996094
vt 0.246094 0.753906
vt 0.125000 0.875000
vt 0.003906 0.996094
vt 0.246094 0.753906
vn -0.454685 -0.712114 -0.534935
vn -0.454685 -0.712114 -0.534935
vn -0.454685 -0.712114 -0.534935
vn -0.449818 -0.716964 -0.532566
vn -0.449818 -0.716964 -0.532566
vn -0.449818 -0.716964 -0.532566
vn 0.075266 -0.967375 0.241911
vn 0.075266 -0.967375 0.241911
vn 0.075266 -0.967375 0.241911
vn 0.087180 -0.966025 0.243301
vn 0.087180 -0.966025 0.243301
vn 0.087180 -0.966025 0.243301
vn 0.808976 -0.071475 0.583480
vn 0.808976 -0.071475 0.583480
vn 0.808976 -0.071475 0.583480
vn 0.821967 -0.051767 0.567178
vn 0.821967 -0.051767 0.567178
vn 0.821967 -0.051767 0.567178
vn 0.491988 0.862963 -0.115077
vn 0.491988 0.862963 -0.115077
vn 0.491988 0.862963 -0.115077
vn 0.486373 0.859280 -0.158366
vn 0.486373 0.859280 -0.158366
vn 0.486373 0.859280 -0.158366
vn -0.166591 0.596070 -0.785461
vn -0.166591 0.596070 -0.785461
vn -0.166591 0.596070 -0.785461
vn -0.169814 0.566429 -0.806425
vn -0.169814 0.566429 -0.806425
vn -0.169814 0.566429 -0.806425
vn -0.549616 -0.699032 -0.457467
vn -0.549616 -0.699032 -0.457467
vn -0.549616 -0.699032 -0.457467
vn -0.536181 -0.710671 -0.455474
vn -0.536181 -0.710671 -0.455474
vn -0.536181 -0.710671 -0.455474
vn 0.093266 -0.967092 0.236716
vn 0.093266 -0.967092 0.236716
vn 0.093266 -0.967092 0.236716
vn 0.136070 -0.963668 0.229845
vn 0.136070 -0.963668 0.229845
vn 0.136070 -0.963668 0.229845
vn 0.856089 -0.069894 0.512080
vn 0.856089 -0.069894 0.512080
vn 0.856089 -0.069894 0.512080
vn 0.892944 -0.017344 0.449834
vn 0.892944 -0.017344 0.449834
vn 0.892944 -0.017344 0.449834
vn 0.435091 0.894520 -0.102615
vn 0.435091 0.894520 -0.102615
vn 0.435091 0.894520 -0.102615
vn 0.412481 0.881037 -0.231590
vn 0.412481 0.881037 -0.231590
vn 0.412481 0.881037 -0.231590
vn -0.330834 0.651075 -0.683118
vn -0.330834 0.651075 -0.683118
vn -0.330834 0.651075 -0.683118
vn -0.341874 0.576975 -0.741770
vn -0.341874 0.576975 -0.741770
vn -0.341874 0.576975 -0.741770
vn -0.763167 -0.636843 -0.109577
vn -0.763167 -0.636843 -0.109577
vn -0.763167 -0.636843 -0.109577
vn -0.701851 -0.697630 -0.143932
vn -0.701851 -0.697630 -0.143932
vn -0.701851 -0.697630 -0.143932
vn 0.100437 -0.951957 0.289294
vn 0.100437 -0.951957 0.289294
vn 0.100437 -0.951957 0.289294
vn 0.194262 -0.954637 0.225680
vn 0.194262 -0.954637 0.225680
vn 0.194262 -0.954637 0.225680
vn 0.896590 -0.019060 0.442452
vn 0.896590 -0.019060 0.442452
vn 0.896590 -0.019060 0.442452
vn 0.925332 0.018987 0.378682
vn 0.925332 0.018987 0.378682
vn 0.925332 0.018987 0.378682
vn 0.259664 0.965304 0.027600
vn 0.259664 0.965304 0.027600
vn 0.259664 0.965304 0.027600
vn 0.246050 0.969026 -0.021173
vn 0.246050 0.969026 -0.021173
vn 0.246050 0.969026 -0.021173
vn -0.650633 0.710763 -0.267379
vn -0.650633 0.710763 -0.267379
vn -0.650633 0.710763 -0.267379
vn -0.667457 0.679727 -0.304094
vn -0.667457 0.679727 -0.304094
vn -0.667457 0.679727 -0.304094
vn -0.738054 -0.672688 0.052601
vn -0.738054 -0.672688 0.052601
vn -0.738054 -0.672688 0.052601
vn -0.715817 -0.697519 0.032741
vn -0.715817 -0.697519 0.032741
vn -0.715817 -0.697519 0.032741
vn 0.208211 -0.964563 0.162066
vn 0.208211 -0.964563 0.162066
vn 0.208211 -0.964563 0.162066
vn 0.243727 -0.961171 0.129414
vn 0.243727 -0.961171 0.129414
vn 0.243727 -0.961171 0.129414
vn 0.987036 -0.004440 0.160435
vn 0.987036 -0.004440 0.160435
vn 0.987036 -0.004440 0.160435
vn 0.990471 0.017237 0.136642
vn 0.990471 0.017237 0.136642
vn 0.990471 0.017237 0.136642
vn 0.243130 0.969964 -0.007650
vn 0.243130 0.969964 -0.007650
vn 0.243130 0.969964 -0.007650
vn 0.235329 0.971752 -0.017864
vn 0.235329 0.971752 -0.017864
vn 0.235329 0.971752 -0.017864
vn -0.712139 0.699655 -0.057794
vn -0.712139 0.699655 -0.057794
vn -0.712139 0.699655 -0.057794
vn -0.722279 0.688162 -0.068888
vn -0.722279 0.688162 -0.068888
vn -0.722279 0.688162 -0.068888
vn -0.675569 -0.645856 0.355634
vn -0.675569 -0.645856 0.355634
vn -0.675569 -0.645856 0.355634
vn -0.659588 -0.668835 0.342934
vn -0.659588 -0.668835 0.342934
vn -0.659588 -0.668835 0.342934
vn 0.246657 -0.940036 0.235568
vn 0.246657 -0.940036 0.235568
vn 0.246657 -0.940036 0.235568
vn 0.275400 -0.936599 0.216650
vn 0.275400 -0.936599 0.216650
vn 0.275400 -0.936599 0.216650
vn 0.996316 0.012567 0.084837
vn 0.996316 0.012567 0.084837
vn 0.996316 0.012567 0.084837
vn 0.996590 0.024385 0.078830
vn 0.996590 0.024385 0.078830
vn 0.996590 0.024385 0.078830
vn 0.236942 0.970650 0.041197
vn 0.236942 0.970650 0.041197
vn 0.236942 0.970650 0.041197
vn 0.244416 0.968659 0.044267
vn 0.244416 0.968659 0.044267
vn 0.244416 0.968659 0.044267
vn -0.685167 0.693857 0.221604
vn -0.685167 0.693857 0.221604
vn -0.685167 0.693857 0.221604
vn -0.679595 0.698906 0.222890
vn -0.679595 0.698906 0.222890
vn -0.679595 0.698906 0.222890
vn -0.629909 -0.646429 0.430517
vn -0.629909 -0.646429 0.430517
vn -0.629909 -0.646429 0.430517
vn -0.624205 -0.653741 0.427775
vn -0.624205 -0.653741 0.427775
vn -0.624205 -0.653741 0.427775
vn 0.277826 -0.931446 0.234990
vn 0.277826 -0.931446 0.234990
vn 0.277826 -0.931446 0.234990
vn 0.286967 -0.929638 0.231132
vn 0.286967 -0.929638 0.231132
vn 0.286967 -0.929638 0.231132
vn 0.998638 0.021437 0.047569
vn 0.998638 0.021437 0.047569
vn 0.998638 0.021437 0.047569
vn 0.998606 0.024364 0.046821
vn 0.998606 0.024364 0.046821
vn 0.998606 0.024364 0.046821
vn 0.245975 0.967655 0.056041
vn 0.245975 0.967655 0.056041
vn 0.245975 0.967655 0.056041
vn 0.249368 0.966775 0.056237
vn 0.249368 0.966775 0.056237
vn 0.249368 0.966775 0.056237
vn -0.652050 0.694525 0.304083
vn -0.652050 0.694525 0.304083
vn -0.652050 0.694525 0.304083
vn -0.650392 0.696186 0.303835
vn -0.650392 0.696186 0.303835
vn -0.650392 0.696186 0.303835
vn -0.725822 0.292121 0.622774
vn -0.725822 0.292121 0.622774
vn -0.725822 0.292121 0.622774
vn -0.725822 0.292121 0.622774
vn -0.725822 0.292121 0.622774
vn -0.725822 0.292121 0.622774
vn -0.725822 0.292121 0.622774
vn -0.725822 0.292121 0.622774
vn -0.725822 0.292121 0.622774
vn -0.725822 0.292121 0.622774
vn -0.725822 0.292121 0.622774
vn -0.725822 0.292121 0.622774
vn -0.725822 0.292121 0.622774
vn -0.725822 0.292121 0.622774
vn -0.725822 0.292121 0.622774
vn 0.208653 0.095077 0.973357
vn 0.208653 0.095077 0.973357
vn 0.208653 0.095077 0.973357
vn 0.208653 0.095077 0.973357
vn 0.208653 0.095077 0.973357
vn 0.208653 0.095077 0.973357
vn 0.208653 0.095077 0.973357
vn 0.208653 0.095077 0.973357
vn 0.208653 0.095077 0.973357
vn 0.208653 0.095077 0.973357
vn 0.208653 0.095077 0.973357
vn 0.208653 0.095077 0.973357
vn 0.208653 0.095077 0.973357
vn 0.208653 0.095077 0.973357
vn 0.208653 0.095077 0.973357
f 1912/1912/1912 1913/1913/1913 1914/1914/1914
f 1915/1915/1915 1916/1916/1916 1917/1917/1917
f 1918/1918/1918 1919/1919/1919 1920/1920/1920
f 1921/1921/1921 1922/1922/1922 1923/1923/1923
f 1924/1924/1924 1925/1925/1925 1926/1926/1926
f 1927/1927/1927 1928/1928/1928 1929/1929/1929
f 1930/1930/1930 1931/1931/1931 1932/1932/1932
f 1933/1933/1933 1934/1934/1934 1935/1935/1935
f 1936/1936/1936 1937/1937/1937 1938/1938/1938
f 1939/1939/1939 1940/1940/1940 1941/1941/1941
f 1942/1942/1942 1943/1943/1943 1944/1944/1944
f 1945/1945/1945 1946/1946/1946 1947/1947/1947
f 1948/1948/1948 1949/1949/1949 1950/1950/1950
f 1951/1951/1951 1952/1952/1952 1953/1953/1953
f 1954/1954/1954 1955/1955/1955 1956/1956/1956
f 1957/1957/1957 1958/1958/1958 1959/1959/1959
f 1960/1960/1960 1961/1961/1961 1962/1962/1962
f 1963/1963/1963 1964/1964/1964 1965/1965/1965
f 1966/1966/1966 1967/1967/1967 1968/1968/1968
f 1969/1969/1969 1970/1970/1970 1971/1971/1971
f 1972/1972/1972 1973/1973/1973 1974/1974/1974
f 1975/1975/1975 1976/1976/1976 1977/1977/1977
f 1978/1978/1978 1979/1979/1979 1980/1980/1980
f 1981/1981/1981 1982/1982/1982 1983/1983/1983
f 1984/1984/1984 1985/1985/1985 1986/1986/1986
f 1987/1987/1987 1988/1988/1988 1989/1989/1989
f 1990/1990/1990 1991/1991/1991 1992/1992/1992
f 1993/1993/1993 1994/1994/1994 1995/1995/1995
f 1996/1996/1996 1997/1997/1997 1998/1998/1998
f 1999/1999/1999 2000/2000/2000 2001/2001/2001
f 2002/2002/2002 2003/2003/2003 2004/2004/2004
f 2005/2005/2005 2006/2006/2006 2007/2007/2007
f 2008/2008/2008 2009/2009/2009 2010/2010/2010
f 2011/2011/2011 2012/2012/2012 2013/2013/2013
f 2014/2014/2014 2015/2015/2015 2016/2016/2016
f 2017/2017/2017 2018/2018/2018 2019/2019/2019
f 2020/2020/2020 2021/2021/2021 2022/2022/2022
f 2023/2023/2023 2024/2024/2024 2025/2025/2025
f 2026/2026/2026 2027/2027/2027 2028/2028/2028
f 2029/2029/2029 2030/2030/2030 2031/2031/2031
f 2032/2032/2032 2033/2033/2033 2034/2034/2034
f 2035/2035/2035 2036/2036/2036 2037/2037/2037
f 2038/2038/2038 2039/2039/2039 2040/2040/2040
f 2041/2041/2041 2042/2042/2042 2043/2043/2043
f 2044/2044/2044 2045/2045/2045 2046/2046/2046
f 2047/2047/2047 2048/2048/2048 2049/2049/2049
f 2050/2050/2050 2051/2051/2051 2052/2052/2052
f 2053/2053/2053 2054/2054/2054 2055/2055/2055
f 2056/2056/2056 2057/2057/2057 2058/2058/2058
f 2059/2059/2059 2060/2060/2060 2061/2061/2061
f 2062/2062/2062 2063/2063/2063 2064/2064/2064
f 2065/2065/2065 2066/2066/2066 2067/2067/2067
f 2068/2068/2068 2069/2069/2069 2070/2070/2070
f 2071/2071/2071 2072/2072/2072 2073/2073/2073
f 2074/2074/2074 2075/2075/2075 2076/2076/2076
f 2077/2077/2077 2078/2078/2078 2079/2079/2079
f 2080/2080/2080 2081/2081/2081 2082/2082/2082
f 2083/2083/2083 2084/2084/2084 2085/2085/2085
f 2086/2086/2086 2087/2087/2087 2088/2088/2088
f 2089/2089/2089 2090/2090/2090 2091/2091/2091
f 2092/2092/2092 2093/2093/2093 2094/2094/2094
f 2095/2095/2095 2096/2096/2096 2097/2097/2097
f 2098/2098/2098 2099/2099/2099 2100/2100/2100
f 2101/2101/2101 2102/2102/2102 2103/2103/2103
f 2104/2104/2104 2105/2105/2105 2106/2106/2106
f 2107/2107/2107 2108/2108/2108 2109/2109/2109
f 2110/2110/2110 2111/2111/2111 2112/2112/2112
f 2113/2113/2113 2114/2114/2114 2115/2115/2115
f 2116/2116/2116 2117/2117/2117 2118/2118/2118
f 2119/2119/2119 2120/2120/2120 2121/2121/2121
o LeftNeckMane3
usemtl PaintedVinefangFantasy
v -1.887861 5.331556 -6.404197
v -1.650585 4.756350 -5.858970
v -3.224401 4.837098 -4.815580
v -1.887861 5.331556 -6.404197
v -3.224401 4.837098 -4.815580
v -3.688912 5.788175 -5.677588
v -1.650585 4.756350 -5.858970
v -1.031826 4.976059 -5.160502
v -2.121006 5.200377 -3.742033
v -1.650585 4.756350 -5.858970
v -2.121006 5.200377 -3.742033
v -3.224401 4.837098 -4.815580
v -1.031826 4.976059 -5.160502
v -0.886689 5.687053 -5.274052
v -1.903582 6.375973 -3.940551
v -1.031826 4.976059 -5.160502
v -1.903582 6.375973 -3.940551
v -2.121006 5.200377 -3.742033
v -0.886689 5.687053 -5.274052
v -1.415748 5.906762 -6.042698
v -2.872600 6.739252 -5.136790
v -0.886689 5.687053 -5.274052
v -2.872600 6.739252 -5.136790
v -1.903582 6.375973 -3.940551
v -1.415748 5.906762 -6.042698
v -1.887861 5.331556 -6.404197
v -3.688912 5.788175 -5.677588
v -1.415748 5.906762 -6.042698
v -3.688912 5.788175 -5.677588
v -2.872600 6.739252 -5.136790
v -3.688912 5.788175 -5.677588
v -3.224401 4.837098 -4.815580
v -4.891995 4.965911 -3.213211
v -3.688912 5.788175 -5.677588
v -4.891995 4.965911 -3.213211
v -5.870199 6.306231 -4.144512
v -3.224401 4.837098 -4.815580
v -2.121006 5.200377 -3.742033
v -3.024619 5.477868 -2.158567
v -3.224401 4.837098 -4.815580
v -3.024619 5.477868 -2.158567
v -4.891995 4.965911 -3.213211
v -2.121006 5.200377 -3.742033
v -1.903582 6.375973 -3.940551
v -2.848721 7.134595 -2.438061
v -2.121006 5.200377 -3.742033
v -2.848721 7.134595 -2.438061
v -3.024619 5.477868 -2.158567
v -1.903582 6.375973 -3.940551
v -2.872600 6.739252 -5.136790
v -4.607386 7.646551 -3.665442
v -1.903582 6.375973 -3.940551
v -4.607386 7.646551 -3.665442
v -2.848721 7.134595 -2.438061
v -2.872600 6.739252 -5.136790
v -3.688912 5.788175 -5.677588
v -5.870199 6.306231 -4.144512
v -2.872600 6.739252 -5.136790
v -5.870199 6.306231 -4.144512
v -4.607386 7.646551 -3.665442
v -5.870199 6.306231 -4.144512
v -4.891995 4.965911 -3.213211
v -5.453618 5.330422 -1.245903
v -5.870199 6.306231 -4.144512
v -5.453618 5.330422 -1.245903
v -6.613269 6.582181 -1.668939
v -4.891995 4.965911 -3.213211
v -3.024619 5.477868 -2.158567
v -3.506482 5.808551 -0.885516
v -4.891995 4.965911 -3.213211
v -3.506482 5.808551 -0.885516
v -5.453618 5.330422 -1.245903
v -3.024619 5.477868 -2.158567
v -2.848721 7.134595 -2.438061
v -3.462737 7.355811 -1.085821
v -3.024619 5.477868 -2.158567
v -3.462737 7.355811 -1.085821
v -3.506482 5.808551 -0.885516
v -2.848721 7.134595 -2.438061
v -4.607386 7.646551 -3.665442
v -5.382837 7.833940 -1.570003
v -2.848721 7.134595 -2.438061
v -5.382837 7.833940 -1.570003
v -3.462737 7.355811 -1.085821
v -4.607386 7.646551 -3.665442
v -5.870199 6.306231 -4.144512
v -6.613269 6.582181 -1.668939
v -4.607386 7.646551 -3.665442
v -6.613269 6.582181 -1.668939
v -5.382837 7.833940 -1.570003
v -6.613269 6.582181 -1.668939
v -5.453618 5.330422 -1.245903
v -5.524829 5.652690 0.719851
v -6.613269 6.582181 -1.668939
v -5.524829 5.652690 0.719851
v -6.658413 6.797734 0.639697
v -5.453618 5.330422 -1.245903
v -3.506482 5.808551 -0.885516
v -3.721210 6.090058 0.495948
v -5.453618 5.330422 -1.245903
v -3.721210 6.090058 0.495948
v -5.524829 5.652690 0.719851
v -3.506482 5.808551 -0.885516
v -3.462737 7.355811 -1.085821
v -3.740095 7.505411 0.277414
v -3.506482 5.808551 -0.885516
v -3.740095 7.505411 0.277414
v -3.721210 6.090058 0.495948
v -3.462737 7.355811 -1.085821
v -5.382837 7.833940 -1.570003
v -5.555387 7.942779 0.366256
v -3.462737 7.355811 -1.085821
v -5.555387 7.942779 0.366256
v -3.740095 7.505411 0.277414
v -5.382837 7.833940 -1.570003
v -6.613269 6.582181 -1.668939
v -6.658413 6.797734 0.639697
v -5.382837 7.833940 -1.570003
v -6.658413 6.797734 0.639697
v -5.555387 7.942779 0.366256
v -6.658413 6.797734 0.639697
v -5.524829 5.652690 0.719851
v -4.804392 6.488387 2.078563
v -6.658413 6.797734 0.639697
v -4.804392 6.488387 2.078563
v -5.382846 7.074204 2.194777
v -5.524829 5.652690 0.719851
v -3.721210 6.090058 0.495948
v -3.957907 6.712149 1.676571
v -5.524829 5.652690 0.719851
v -3.957907 6.712149 1.676571
v -4.804392 6.488387 2.078563
v -3.721210 6.090058 0.495948
v -3.740095 7.505411 0.277414
v -4.013203 7.436260 1.544340
v -3.721210 6.090058 0.495948
v -4.013203 7.436260 1.544340
v -3.957907 6.712149 1.676571
v -3.740095 7.505411 0.277414
v -5.555387 7.942779 0.366256
v -4.893864 7.660022 1.864609
v -3.740095 7.505411 0.277414
v -4.893864 7.660022 1.864609
v -4.013203 7.436260 1.544340
v -5.555387 7.942779 0.366256
v -6.658413 6.797734 0.639697
v -5.382846 7.074204 2.194777
v -5.555387 7.942779 0.366256
v -5.382846 7.074204 2.194777
v -4.893864 7.660022 1.864609
v -5.382846 7.074204 2.194777
v -4.804392 6.488387 2.078563
v -4.091829 7.254296 2.804580
v -5.382846 7.074204 2.194777
v -4.091829 7.254296 2.804580
v -4.125302 7.289237 2.815654
v -4.804392 6.488387 2.078563
v -3.957907 6.712149 1.676571
v -4.044735 7.267642 2.774375
v -4.804392 6.488387 2.078563
v -4.044735 7.267642 2.774375
v -4.091829 7.254296 2.804580
v -3.957907 6.712149 1.676571
v -4.013203 7.436260 1.544340
v -4.049102 7.310832 2.766780
v -3.957907 6.712149 1.676571
v -4.049102 7.310832 2.766780
v -4.044735 7.267642 2.774375
v -4.013203 7.436260 1.544340
v -4.893864 7.660022 1.864609
v -4.098896 7.324178 2.792292
v -4.013203 7.436260 1.544340
v -4.098896 7.324178 2.792292
v -4.049102 7.310832 2.766780
v -4.893864 7.660022 1.864609
v -5.382846 7.074204 2.194777
v -4.125302 7.289237 2.815654
v -4.893864 7.660022 1.864609
v -4.125302 7.289237 2.815654
v -4.098896 7.324178 2.792292
v -1.374542 5.331556 -5.748084
v -1.887861 5.331556 -6.404197
v -1.650585 4.756350 -5.858970
v -1.374542 5.331556 -5.748084
v -1.650585 4.756350 -5.858970
v -1.031826 4.976059 -5.160502
v -1.374542 5.331556 -5.748084
v -1.031826 4.976059 -5.160502
v -0.886689 5.687053 -5.274052
v -1.374542 5.331556 -5.748084
v -0.886689 5.687053 -5.274052
v -1.415748 5.906762 -6.042698
v -1.374542 5.331556 -5.748084
v -1.415748 5.906762 -6.042698
v -1.887861 5.331556 -6.404197
v -4.081973 7.289237 2.790736
v -4.125302 7.289237 2.815654
v -4.091829 7.254296 2.804580
v -4.081973 7.289237 2.790736
v -4.091829 7.254296 2.804580
v -4.044735 7.267642 2.774375
v -4.081973 7.289237 2.790736
v -4.044735 7.267642 2.774375
v -4.049102 7.310832 2.766780
v -4.081973 7.289237 2.790736
v -4.049102 7.310832 2.766780
v -4.098896 7.324178 2.792292
v -4.081973 7.289237 2.790736
v -4.098896 7.324178 2.792292
v -4.125302 7.289237 2.815654
vt 0.003906 0.746094
vt 0.052344 0.746094
vt 0.052344 0.705729
vt 0.003906 0.746094
vt 0.052344 0.705729
vt 0.003906 0.705729
vt 0.052344 0.746094
vt 0.100781 0.746094
vt 0.100781 0.705729
vt 0.052344 0.746094
vt 0.100781 0.705729
vt 0.052344 0.705729
vt 0.100781 0.746094
vt 0.149219 0.746094
vt 0.149219 0.705729
vt 0.100781 0.746094
vt 0.149219 0.705729
vt 0.100781 0.705729
vt 0.149219 0.746094
vt 0.197656 0.746094
vt 0.197656 0.705729
vt 0.149219 0.746094
vt 0.197656 0.705729
vt 0.149219 0.705729
vt 0.197656 0.746094
vt 0.246094 0.746094
vt 0.246094 0.705729
vt 0.197656 0.746094
vt 0.246094 0.705729
vt 0.197656 0.705729
vt 0.003906 0.705729
vt 0.052344 0.705729
vt 0.052344 0.665365
vt 0.003906 0.705729
vt 0.052344 0.665365
vt 0.003906 0.665365
vt 0.052344 0.705729
vt 0.100781 0.705729
vt 0.100781 0.665365
vt 0.052344 0.705729
vt 0.100781 0.665365
vt 0.052344 0.665365
vt 0.100781 0.705729
vt 0.149219 0.705729
vt 0.149219 0.665365
vt 0.100781 0.705729
vt 0.149219 0.665365
vt 0.100781 0.665365
vt 0.149219 0.705729
vt 0.197656 0.705729
vt 0.197656 0.665365
vt 0.149219 0.705729
vt 0.197656 0.665365
vt 0.149219 0.665365
vt 0.197656 0.705729
vt 0.246094 0.705729
vt 0.246094 0.665365
vt 0.197656 0.705729
vt 0.246094 0.665365
vt 0.197656 0.665365
vt 0.003906 0.665365
vt 0.052344 0.665365
vt 0.052344 0.625000
vt 0.003906 0.665365
vt 0.052344 0.625000
vt 0.003906 0.625000
vt 0.052344 0.665365
vt 0.100781 0.665365
vt 0.100781 0.625000
vt 0.052344 0.665365
vt 0.100781 0.625000
vt 0.052344 0.625000
vt 0.100781 0.665365
vt 0.149219 0.665365
vt 0.149219 0.625000
vt 0.100781 0.665365
vt 0.149219 0.625000
vt 0.100781 0.625000
vt 0.149219 0.665365
vt 0.197656 0.665365
vt 0.197656 0.625000
vt 0.149219 0.665365
vt 0.197656 0.625000
vt 0.149219 0.625000
vt 0.197656 0.665365
vt 0.246094 0.665365
vt 0.246094 0.625000
vt 0.197656 0.665365
vt 0.246094 0.625000
vt 0.197656 0.625000
vt 0.003906 0.625000
vt 0.052344 0.625000
vt 0.052344 0.584635
vt 0.003906 0.625000
vt 0.052344 0.584635
vt 0.003906 0.584635
vt 0.052344 0.625000
vt 0.100781 0.625000
vt 0.100781 0.584635
vt 0.052344 0.625000
vt 0.100781 0.584635
vt 0.052344 0.584635
vt 0.100781 0.625000
vt 0.149219 0.625000
vt 0.149219 0.584635
vt 0.100781 0.625000
vt 0.149219 0.584635
vt 0.100781 0.584635
vt 0.149219 0.625000
vt 0.197656 0.625000
vt 0.197656 0.584635
vt 0.149219 0.625000
vt 0.197656 0.584635
vt 0.149219 0.584635
vt 0.197656 0.625000
vt 0.246094 0.625000
vt 0.246094 0.584635
vt 0.197656 0.625000
vt 0.246094 0.584635
vt 0.197656 0.584635
vt 0.003906 0.584635
vt 0.052344 0.584635
vt 0.052344 0.544271
vt 0.003906 0.584635
vt 0.052344 0.544271
vt 0.003906 0.544271
vt 0.052344 0.584635
vt 0.100781 0.584635
vt 0.100781 0.544271
vt 0.052344 0.584635
vt 0.100781 0.544271
vt 0.052344 0.544271
vt 0.100781 0.584635
vt 0.149219 0.584635
vt 0.149219 0.544271
vt 0.100781 0.584635
vt 0.149219 0.544271
vt 0.100781 0.544271
vt 0.149219 0.584635
vt 0.197656 0.584635
vt 0.197656 0.544271
vt 0.149219 0.584635
vt 0.197656 0.544271
vt 0.149219 0.544271
vt 0.197656 0.584635
vt 0.246094 0.584635
vt 0.246094 0.544271
vt 0.197656 0.584635
vt 0.246094 0.544271
vt 0.197656 0.544271
vt 0.003906 0.544271
vt 0.052344 0.544271
vt 0.052344 0.503906
vt 0.003906 0.544271
vt 0.052344 0.503906
vt 0.003906 0.503906
vt 0.052344 0.544271
vt 0.100781 0.544271
vt 0.100781 0.503906
vt 0.052344 0.544271
vt 0.100781 0.503906
vt 0.052344 0.503906
vt 0.100781 0.544271
vt 0.149219 0.544271
vt 0.149219 0.503906
vt 0.100781 0.544271
vt 0.149219 0.503906
vt 0.100781 0.503906
vt 0.149219 0.544271
vt 0.197656 0.544271
vt 0.197656 0.503906
vt 0.149219 0.544271
vt 0.197656 0.503906
vt 0.149219 0.503906
vt 0.197656 0.544271
vt 0.246094 0.544271
vt 0.246094 0.503906
vt 0.197656 0.544271
vt 0.246094 0.503906
vt 0.197656 0.503906
vt 0.125000 0.625000
vt 0.003906 0.746094
vt 0.246094 0.503906
vt 0.125000 0.625000
vt 0.003906 0.746094
vt 0.246094 0.503906
vt 0.125000 0.625000
vt 0.003906 0.746094
vt 0.246094 0.503906
vt 0.125000 0.625000
vt 0.003906 0.746094
vt 0.246094 0.503906
vt 0.125000 0.625000
vt 0.003906 0.746094
vt 0.246094 0.503906
vt 0.125000 0.625000
vt 0.003906 0.746094
vt 0.246094 0.503906
vt 0.125000 0.625000
vt 0.003906 0.746094
vt 0.246094 0.503906
vt 0.125000 0.625000
vt 0.003906 0.746094
vt 0.246094 0.503906
vt 0.125000 0.625000
vt 0.003906 0.746094
vt 0.246094 0.503906
vt 0.125000 0.625000
vt 0.003906 0.746094
vt 0.246094 0.503906
vn -0.413874 -0.710355 -0.569301
vn -0.413874 -0.710355 -0.569301
vn -0.413874 -0.710355 -0.569301
vn -0.409930 -0.714303 -0.567211
vn -0.409930 -0.714303 -0.567211
vn -0.409930 -0.714303 -0.567211
vn 0.091774 -0.970279 0.223909
vn 0.091774 -0.970279 0.223909
vn 0.091774 -0.970279 0.223909
vn 0.099736 -0.969139 0.225440
vn 0.099736 -0.969139 0.225440
vn 0.099736 -0.969139 0.225440
vn 0.778786 -0.059241 0.624487
vn 0.778786 -0.059241 0.624487
vn 0.778786 -0.059241 0.624487
vn 0.789177 -0.042494 0.612694
vn 0.789177 -0.042494 0.612694
vn 0.789177 -0.042494 0.612694
vn 0.463548 0.883573 -0.066501
vn 0.463548 0.883573 -0.066501
vn 0.463548 0.883573 -0.066501
vn 0.459934 0.881747 -0.104799
vn 0.459934 0.881747 -0.104799
vn 0.459934 0.881747 -0.104799
vn -0.156273 0.614333 -0.773417
vn -0.156273 0.614333 -0.773417
vn -0.156273 0.614333 -0.773417
vn -0.158142 0.587148 -0.793882
vn -0.158142 0.587148 -0.793882
vn -0.158142 0.587148 -0.793882
vn -0.523283 -0.698279 -0.488449
vn -0.523283 -0.698279 -0.488449
vn -0.523283 -0.698279 -0.488449
vn -0.510037 -0.709811 -0.485830
vn -0.510037 -0.709811 -0.485830
vn -0.510037 -0.709811 -0.485830
vn 0.098906 -0.969033 0.226257
vn 0.098906 -0.969033 0.226257
vn 0.098906 -0.969033 0.226257
vn 0.139035 -0.965020 0.222272
vn 0.139035 -0.965020 0.222272
vn 0.139035 -0.965020 0.222272
vn 0.830918 -0.060274 0.553121
vn 0.830918 -0.060274 0.553121
vn 0.830918 -0.060274 0.553121
vn 0.867872 -0.008346 0.496718
vn 0.867872 -0.008346 0.496718
vn 0.867872 -0.008346 0.496718
vn 0.419045 0.905678 -0.064409
vn 0.419045 0.905678 -0.064409
vn 0.419045 0.905678 -0.064409
vn 0.399966 0.894439 -0.200013
vn 0.399966 0.894439 -0.200013
vn 0.399966 0.894439 -0.200013
vn -0.320171 0.660804 -0.678843
vn -0.320171 0.660804 -0.678843
vn -0.320171 0.660804 -0.678843
vn -0.330476 0.578041 -0.746093
vn -0.330476 0.578041 -0.746093
vn -0.330476 0.578041 -0.746093
vn -0.768337 -0.631820 -0.102277
vn -0.768337 -0.631820 -0.102277
vn -0.768337 -0.631820 -0.102277
vn -0.704090 -0.697431 -0.133598
vn -0.704090 -0.697431 -0.133598
vn -0.704090 -0.697431 -0.133598
vn 0.100087 -0.953147 0.285470
vn 0.100087 -0.953147 0.285470
vn 0.100087 -0.953147 0.285470
vn 0.191399 -0.953851 0.231374
vn 0.191399 -0.953851 0.231374
vn 0.191399 -0.953851 0.231374
vn 0.908600 -0.026144 0.416848
vn 0.908600 -0.026144 0.416848
vn 0.908600 -0.026144 0.416848
vn 0.936686 0.018785 0.349666
vn 0.936686 0.018785 0.349666
vn 0.936686 0.018785 0.349666
vn 0.270455 0.962631 0.014001
vn 0.270455 0.962631 0.014001
vn 0.270455 0.962631 0.014001
vn 0.251794 0.966788 -0.043826
vn 0.251794 0.966788 -0.043826
vn 0.251794 0.966788 -0.043826
vn -0.649194 0.709573 -0.273958
vn -0.649194 0.709573 -0.273958
vn -0.649194 0.709573 -0.273958
vn -0.666379 0.679318 -0.307354
vn -0.666379 0.679318 -0.307354
vn -0.666379 0.679318 -0.307354
vn -0.744733 -0.662354 0.081608
vn -0.744733 -0.662354 0.081608
vn -0.744733 -0.662354 0.081608
vn -0.711511 -0.700784 0.051518
vn -0.711511 -0.700784 0.051518
vn -0.711511 -0.700784 0.051518
vn 0.192966 -0.955147 0.224628
vn 0.192966 -0.955147 0.224628
vn 0.192966 -0.955147 0.224628
vn 0.251767 -0.953541 0.165445
vn 0.251767 -0.953541 0.165445
vn 0.251767 -0.953541 0.165445
vn 0.979882 -0.001868 0.199567
vn 0.979882 -0.001868 0.199567
vn 0.979882 -0.001868 0.199567
vn 0.988583 0.035790 0.146367
vn 0.988583 0.035790 0.146367
vn 0.988583 0.035790 0.146367
vn 0.249148 0.967930 -0.032205
vn 0.249148 0.967930 -0.032205
vn 0.249148 0.967930 -0.032205
vn 0.231061 0.971115 -0.059558
vn 0.231061 0.971115 -0.059558
vn 0.231061 0.971115 -0.059558
vn -0.707762 0.701977 -0.079382
vn -0.707762 0.701977 -0.079382
vn -0.707762 0.701977 -0.079382
vn -0.728543 0.677214 -0.102991
vn -0.728543 0.677214 -0.102991
vn -0.728543 0.677214 -0.102991
vn -0.574742 -0.525051 0.627689
vn -0.574742 -0.525051 0.627689
vn -0.574742 -0.525051 0.627689
vn -0.535533 -0.638462 0.552785
vn -0.535533 -0.638462 0.552785
vn -0.535533 -0.638462 0.552785
vn 0.262404 -0.831007 0.490481
vn 0.262404 -0.831007 0.490481
vn 0.262404 -0.831007 0.490481
vn 0.383778 -0.863382 0.327544
vn 0.383778 -0.863382 0.327544
vn 0.383778 -0.863382 0.327544
vn 0.975996 0.045895 0.212898
vn 0.975996 0.045895 0.212898
vn 0.975996 0.045895 0.212898
vn 0.984379 0.101449 0.143898
vn 0.984379 0.101449 0.143898
vn 0.984379 0.101449 0.143898
vn 0.237127 0.968339 0.078045
vn 0.237127 0.968339 0.078045
vn 0.237127 0.968339 0.078045
vn 0.283091 0.952412 0.113009
vn 0.283091 0.952412 0.113009
vn 0.283091 0.952412 0.113009
vn -0.617322 0.686447 0.384323
vn -0.617322 0.686447 0.384323
vn -0.617322 0.686447 0.384323
vn -0.585262 0.709622 0.392307
vn -0.585262 0.709622 0.392307
vn -0.585262 0.709622 0.392307
vn -0.319739 -0.478012 0.818090
vn -0.319739 -0.478012 0.818090
vn -0.319739 -0.478012 0.818090
vn -0.298264 -0.536023 0.789758
vn -0.298264 -0.536023 0.789758
vn -0.298264 -0.536023 0.789758
vn 0.417847 -0.796906 0.436286
vn 0.417847 -0.796906 0.436286
vn 0.417847 -0.796906 0.436286
vn 0.469543 -0.796983 0.379931
vn 0.469543 -0.796983 0.379931
vn 0.469543 -0.796983 0.379931
vn 0.995839 0.082941 0.037754
vn 0.995839 0.082941 0.037754
vn 0.995839 0.082941 0.037754
vn 0.994144 0.105012 0.025493
vn 0.994144 0.105012 0.025493
vn 0.994144 0.105012 0.025493
vn 0.280584 0.954074 0.104954
vn 0.280584 0.954074 0.104954
vn 0.280584 0.954074 0.104954
vn 0.307771 0.945531 0.106054
vn 0.307771 0.945531 0.106054
vn 0.307771 0.945531 0.106054
vn -0.413642 0.683950 0.600927
vn -0.413642 0.683950 0.600927
vn -0.413642 0.683950 0.600927
vn -0.398477 0.698537 0.594358
vn -0.398477 0.698537 0.594358
vn -0.398477 0.698537 0.594358
vn -0.762407 0.250893 0.596480
vn -0.762407 0.250893 0.596480
vn -0.762407 0.250893 0.596480
vn -0.762407 0.250893 0.596480
vn -0.762407 0.250893 0.596480
vn -0.762407 0.250893 0.596480
vn -0.762407 0.250893 0.596480
vn -0.762407 0.250893 0.596480
vn -0.762407 0.250893 0.596480
vn -0.762407 0.250893 0.596480
vn -0.762407 0.250893 0.596480
vn -0.762407 0.250893 0.596480
vn -0.762407 0.250893 0.596480
vn -0.762407 0.250893 0.596480
vn -0.762407 0.250893 0.596480
vn 0.488567 0.198796 0.849578
vn 0.488567 0.198796 0.849578
vn 0.488567 0.198796 0.849578
vn 0.488567 0.198796 0.849578
vn 0.488567 0.198796 0.849578
vn 0.488567 0.198796 0.849578
vn 0.488567 0.198796 0.849578
vn 0.488567 0.198796 0.849578
vn 0.488567 0.198796 0.849578
vn 0.488567 0.198796 0.849578
vn 0.488567 0.198796 0.849578
vn 0.488567 0.198796 0.849578
vn 0.488567 0.198796 0.849578
vn 0.488567 0.198796 0.849578
vn 0.488567 0.198796 0.849578
f 2122/2122/2122 2123/2123/2123 2124/2124/2124
f 2125/2125/2125 2126/2126/2126 2127/2127/2127
f 2128/2128/2128 2129/2129/2129 2130/2130/2130
f 2131/2131/2131 2132/2132/2132 2133/2133/2133
f 2134/2134/2134 2135/2135/2135 2136/2136/2136
f 2137/2137/2137 2138/2138/2138 2139/2139/2139
f 2140/2140/2140 2141/2141/2141 2142/2142/2142
f 2143/2143/2143 2144/2144/2144 2145/2145/2145
f 2146/2146/2146 2147/2147/2147 2148/2148/2148
f 2149/2149/2149 2150/2150/2150 2151/2151/2151
f 2152/2152/2152 2153/2153/2153 2154/2154/2154
f 2155/2155/2155 2156/2156/2156 2157/2157/2157
f 2158/2158/2158 2159/2159/2159 2160/2160/2160
f 2161/2161/2161 2162/2162/2162 2163/2163/2163
f 2164/2164/2164 2165/2165/2165 2166/2166/2166
f 2167/2167/2167 2168/2168/2168 2169/2169/2169
f 2170/2170/2170 2171/2171/2171 2172/2172/2172
f 2173/2173/2173 2174/2174/2174 2175/2175/2175
f 2176/2176/2176 2177/2177/2177 2178/2178/2178
f 2179/2179/2179 2180/2180/2180 2181/2181/2181
f 2182/2182/2182 2183/2183/2183 2184/2184/2184
f 2185/2185/2185 2186/2186/2186 2187/2187/2187
f 2188/2188/2188 2189/2189/2189 2190/2190/2190
f 2191/2191/2191 2192/2192/2192 2193/2193/2193
f 2194/2194/2194 2195/2195/2195 2196/2196/2196
f 2197/2197/2197 2198/2198/2198 2199/2199/2199
f 2200/2200/2200 2201/2201/2201 2202/2202/2202
f 2203/2203/2203 2204/2204/2204 2205/2205/2205
f 2206/2206/2206 2207/2207/2207 2208/2208/2208
f 2209/2209/2209 2210/2210/2210 2211/2211/2211
f 2212/2212/2212 2213/2213/2213 2214/2214/2214
f 2215/2215/2215 2216/2216/2216 2217/2217/2217
f 2218/2218/2218 2219/2219/2219 2220/2220/2220
f 2221/2221/2221 2222/2222/2222 2223/2223/2223
f 2224/2224/2224 2225/2225/2225 2226/2226/2226
f 2227/2227/2227 2228/2228/2228 2229/2229/2229
f 2230/2230/2230 2231/2231/2231 2232/2232/2232
f 2233/2233/2233 2234/2234/2234 2235/2235/2235
f 2236/2236/2236 2237/2237/2237 2238/2238/2238
f 2239/2239/2239 2240/2240/2240 2241/2241/2241
f 2242/2242/2242 2243/2243/2243 2244/2244/2244
f 2245/2245/2245 2246/2246/2246 2247/2247/2247
f 2248/2248/2248 2249/2249/2249 2250/2250/2250
f 2251/2251/2251 2252/2252/2252 2253/2253/2253
f 2254/2254/2254 2255/2255/2255 2256/2256/2256
f 2257/2257/2257 2258/2258/2258 2259/2259/2259
f 2260/2260/2260 2261/2261/2261 2262/2262/2262
f 2263/2263/2263 2264/2264/2264 2265/2265/2265
f 2266/2266/2266 2267/2267/2267 2268/2268/2268
f 2269/2269/2269 2270/2270/2270 2271/2271/2271
f 2272/2272/2272 2273/2273/2273 2274/2274/2274
f 2275/2275/2275 2276/2276/2276 2277/2277/2277
f 2278/2278/2278 2279/2279/2279 2280/2280/2280
f 2281/2281/2281 2282/2282/2282 2283/2283/2283
f 2284/2284/2284 2285/2285/2285 2286/2286/2286
f 2287/2287/2287 2288/2288/2288 2289/2289/2289
f 2290/2290/2290 2291/2291/2291 2292/2292/2292
f 2293/2293/2293 2294/2294/2294 2295/2295/2295
f 2296/2296/2296 2297/2297/2297 2298/2298/2298
f 2299/2299/2299 2300/2300/2300 2301/2301/2301
f 2302/2302/2302 2303/2303/2303 2304/2304/2304
f 2305/2305/2305 2306/2306/2306 2307/2307/2307
f 2308/2308/2308 2309/2309/2309 2310/2310/2310
f 2311/2311/2311 2312/2312/2312 2313/2313/2313
f 2314/2314/2314 2315/2315/2315 2316/2316/2316
f 2317/2317/2317 2318/2318/2318 2319/2319/2319
f 2320/2320/2320 2321/2321/2321 2322/2322/2322
f 2323/2323/2323 2324/2324/2324 2325/2325/2325
f 2326/2326/2326 2327/2327/2327 2328/2328/2328
f 2329/2329/2329 2330/2330/2330 2331/2331/2331
o LeftNeckMane4
usemtl PaintedVinefangFantasy
v -1.860839 4.540153 -6.424469
v -1.627247 3.959488 -5.883454
v -3.316467 3.985924 -4.854345
v -1.860839 4.540153 -6.424469
v -3.316467 3.985924 -4.854345
v -3.768550 4.944185 -5.715002
v -1.627247 3.959488 -5.883454
v -1.044425 4.181282 -5.155363
v -2.267359 4.351947 -3.728577
v -1.627247 3.959488 -5.883454
v -2.267359 4.351947 -3.728577
v -3.316467 3.985924 -4.854345
v -1.044425 4.181282 -5.155363
v -0.917813 4.899024 -5.246392
v -2.071057 5.536424 -3.893470
v -1.044425 4.181282 -5.155363
v -2.071057 5.536424 -3.893470
v -2.267359 4.351947 -3.728577
v -0.917813 4.899024 -5.246392
v -1.422385 5.120819 -6.030742
v -2.998844 5.902447 -5.121148
v -0.917813 4.899024 -5.246392
v -2.998844 5.902447 -5.121148
v -2.071057 5.536424 -3.893470
v -1.422385 5.120819 -6.030742
v -1.860839 4.540153 -6.424469
v -3.768550 4.944185 -5.715002
v -1.422385 5.120819 -6.030742
v -3.768550 4.944185 -5.715002
v -2.998844 5.902447 -5.121148
v -3.768550 4.944185 -5.715002
v -3.316467 3.985924 -4.854345
v -5.138286 4.083337 -3.241701
v -3.768550 4.944185 -5.715002
v -5.138286 4.083337 -3.241701
v -6.069928 5.423192 -4.220216
v -3.316467 3.985924 -4.854345
v -2.267359 4.351947 -3.728577
v -3.322482 4.595116 -2.100470
v -3.316467 3.985924 -4.854345
v -3.322482 4.595116 -2.100470
v -5.138286 4.083337 -3.241701
v -2.267359 4.351947 -3.728577
v -2.071057 5.536424 -3.893470
v -3.131896 6.251269 -2.373665
v -2.267359 4.351947 -3.728577
v -3.131896 6.251269 -2.373665
v -3.322482 4.595116 -2.100470
v -2.071057 5.536424 -3.893470
v -2.998844 5.902447 -5.121148
v -4.829911 6.763048 -3.683740
v -2.071057 5.536424 -3.893470
v -4.829911 6.763048 -3.683740
v -3.131896 6.251269 -2.373665
v -2.998844 5.902447 -5.121148
v -3.768550 4.944185 -5.715002
v -6.069928 5.423192 -4.220216
v -2.998844 5.902447 -5.121148
v -6.069928 5.423192 -4.220216
v -4.829911 6.763048 -3.683740
v -6.069928 5.423192 -4.220216
v -5.138286 4.083337 -3.241701
v -5.750936 4.502018 -1.308935
v -6.069928 5.423192 -4.220216
v -5.750936 4.502018 -1.308935
v -6.897998 5.748605 -1.778959
v -5.138286 4.083337 -3.241701
v -3.322482 4.595116 -2.100470
v -3.804847 4.978172 -0.940370
v -5.138286 4.083337 -3.241701
v -3.804847 4.978172 -0.940370
v -5.750936 4.502018 -1.308935
v -3.322482 4.595116 -2.100470
v -3.131896 6.251269 -2.373665
v -3.749160 6.519038 -1.182609
v -3.322482 4.595116 -2.100470
v -3.749160 6.519038 -1.182609
v -3.804847 4.978172 -0.940370
v -3.131896 6.251269 -2.373665
v -4.829911 6.763048 -3.683740
v -5.660833 6.995191 -1.700885
v -3.131896 6.251269 -2.373665
v -5.660833 6.995191 -1.700885
v -3.749160 6.519038 -1.182609
v -4.829911 6.763048 -3.683740
v -6.069928 5.423192 -4.220216
v -6.897998 5.748605 -1.778959
v -4.829911 6.763048 -3.683740
v -6.897998 5.748605 -1.778959
v -5.660833 6.995191 -1.700885
v -6.897998 5.748605 -1.778959
v -5.750936 4.502018 -1.308935
v -5.820801 4.875086 0.693634
v -6.897998 5.748605 -1.778959
v -5.820801 4.875086 0.693634
v -6.951756 6.022992 0.617377
v -5.750936 4.502018 -1.308935
v -3.804847 4.978172 -0.940370
v -4.013726 5.313547 0.502065
v -5.750936 4.502018 -1.308935
v -4.013726 5.313547 0.502065
v -5.820801 4.875086 0.693634
v -3.804847 4.978172 -0.940370
v -3.749160 6.519038 -1.182609
v -4.027848 6.732437 0.307412
v -3.804847 4.978172 -0.940370
v -4.027848 6.732437 0.307412
v -4.013726 5.313547 0.502065
v -3.749160 6.519038 -1.182609
v -5.660833 6.995191 -1.700885
v -5.843650 7.170898 0.378679
v -3.749160 6.519038 -1.182609
v -5.843650 7.170898 0.378679
v -4.027848 6.732437 0.307412
v -5.660833 6.995191 -1.700885
v -6.897998 5.748605 -1.778959
v -6.951756 6.022992 0.617377
v -5.660833 6.995191 -1.700885
v -6.951756 6.022992 0.617377
v -5.843650 7.170898 0.378679
v -6.951756 6.022992 0.617377
v -5.820801 4.875086 0.693634
v -5.115076 5.705140 2.737455
v -6.951756 6.022992 0.617377
v -5.115076 5.705140 2.737455
v -5.692741 6.297901 2.816416
v -5.820801 4.875086 0.693634
v -4.013726 5.313547 0.502065
v -4.217780 5.931555 2.469497
v -5.820801 4.875086 0.693634
v -4.217780 5.931555 2.469497
v -5.115076 5.705140 2.737455
v -4.013726 5.313547 0.502065
v -4.027848 6.732437 0.307412
v -4.240886 6.664247 2.382851
v -4.013726 5.313547 0.502065
v -4.240886 6.664247 2.382851
v -4.217780 5.931555 2.469497
v -4.027848 6.732437 0.307412
v -5.843650 7.170898 0.378679
v -5.152462 6.890661 2.597259
v -4.027848 6.732437 0.307412
v -5.152462 6.890661 2.597259
v -4.240886 6.664247 2.382851
v -5.843650 7.170898 0.378679
v -6.951756 6.022992 0.617377
v -5.692741 6.297901 2.816416
v -5.843650 7.170898 0.378679
v -5.692741 6.297901 2.816416
v -5.152462 6.890661 2.597259
v -5.692741 6.297901 2.816416
v -5.115076 5.705140 2.737455
v -4.345241 6.462415 4.257353
v -5.692741 6.297901 2.816416
v -4.345241 6.462415 4.257353
v -4.379285 6.497834 4.264457
v -5.115076 5.705140 2.737455
v -4.217780 5.931555 2.469497
v -4.292746 6.475944 4.238130
v -5.115076 5.705140 2.737455
v -4.292746 6.475944 4.238130
v -4.345241 6.462415 4.257353
v -4.217780 5.931555 2.469497
v -4.240886 6.664247 2.382851
v -4.294345 6.519724 4.233354
v -4.217780 5.931555 2.469497
v -4.294345 6.519724 4.233354
v -4.292746 6.475944 4.238130
v -4.240886 6.664247 2.382851
v -5.152462 6.890661 2.597259
v -4.347830 6.533253 4.249625
v -4.240886 6.664247 2.382851
v -4.347830 6.533253 4.249625
v -4.294345 6.519724 4.233354
v -5.152462 6.890661 2.597259
v -5.692741 6.297901 2.816416
v -4.379285 6.497834 4.264457
v -5.152462 6.890661 2.597259
v -4.379285 6.497834 4.264457
v -4.347830 6.533253 4.249625
v -1.374542 4.540153 -5.748084
v -1.860839 4.540153 -6.424469
v -1.627247 3.959488 -5.883454
v -1.374542 4.540153 -5.748084
v -1.627247 3.959488 -5.883454
v -1.044425 4.181282 -5.155363
v -1.374542 4.540153 -5.748084
v -1.044425 4.181282 -5.155363
v -0.917813 4.899024 -5.246392
v -1.374542 4.540153 -5.748084
v -0.917813 4.899024 -5.246392
v -1.422385 5.120819 -6.030742
v -1.374542 4.540153 -5.748084
v -1.422385 5.120819 -6.030742
v -1.860839 4.540153 -6.424469
v -4.331889 6.497834 4.248584
v -4.379285 6.497834 4.264457
v -4.345241 6.462415 4.257353
v -4.331889 6.497834 4.248584
v -4.345241 6.462415 4.257353
v -4.292746 6.475944 4.238130
v -4.331889 6.497834 4.248584
v -4.292746 6.475944 4.238130
v -4.294345 6.519724 4.233354
v -4.331889 6.497834 4.248584
v -4.294345 6.519724 4.233354
v -4.347830 6.533253 4.249625
v -4.331889 6.497834 4.248584
v -4.347830 6.533253 4.249625
v -4.379285 6.497834 4.264457
vt 0.003906 0.746094
vt 0.052344 0.746094
vt 0.052344 0.705729
vt 0.003906 0.746094
vt 0.052344 0.705729
vt 0.003906 0.705729
vt 0.052344 0.746094
vt 0.100781 0.746094
vt 0.100781 0.705729
vt 0.052344 0.746094
vt 0.100781 0.705729
vt 0.052344 0.705729
vt 0.100781 0.746094
vt 0.149219 0.746094
vt 0.149219 0.705729
vt 0.100781 0.746094
vt 0.149219 0.705729
vt 0.100781 0.705729
vt 0.149219 0.746094
vt 0.197656 0.746094
vt 0.197656 0.705729
vt 0.149219 0.746094
vt 0.197656 0.705729
vt 0.149219 0.705729
vt 0.197656 0.746094
vt 0.246094 0.746094
vt 0.246094 0.705729
vt 0.197656 0.746094
vt 0.246094 0.705729
vt 0.197656 0.705729
vt 0.003906 0.705729
vt 0.052344 0.705729
vt 0.052344 0.665365
vt 0.003906 0.705729
vt 0.052344 0.665365
vt 0.003906 0.665365
vt 0.052344 0.705729
vt 0.100781 0.705729
vt 0.100781 0.665365
vt 0.052344 0.705729
vt 0.100781 0.665365
vt 0.052344 0.665365
vt 0.100781 0.705729
vt 0.149219 0.705729
vt 0.149219 0.665365
vt 0.100781 0.705729
vt 0.149219 0.665365
vt 0.100781 0.665365
vt 0.149219 0.705729
vt 0.197656 0.705729
vt 0.197656 0.665365
vt 0.149219 0.705729
vt 0.197656 0.665365
vt 0.149219 0.665365
vt 0.197656 0.705729
vt 0.246094 0.705729
vt 0.246094 0.665365
vt 0.197656 0.705729
vt 0.246094 0.665365
vt 0.197656 0.665365
vt 0.003906 0.665365
vt 0.052344 0.665365
vt 0.052344 0.625000
vt 0.003906 0.665365
vt 0.052344 0.625000
vt 0.003906 0.625000
vt 0.052344 0.665365
vt 0.100781 0.665365
vt 0.100781 0.625000
vt 0.052344 0.665365
vt 0.100781 0.625000
vt 0.052344 0.625000
vt 0.100781 0.665365
vt 0.149219 0.665365
vt 0.149219 0.625000
vt 0.100781 0.665365
vt 0.149219 0.625000
vt 0.100781 0.625000
vt 0.149219 0.665365
vt 0.197656 0.665365
vt 0.197656 0.625000
vt 0.149219 0.665365
vt 0.197656 0.625000
vt 0.149219 0.625000
vt 0.197656 0.665365
vt 0.246094 0.665365
vt 0.246094 0.625000
vt 0.197656 0.665365
vt 0.246094 0.625000
vt 0.197656 0.625000
vt 0.003906 0.625000
vt 0.052344 0.625000
vt 0.052344 0.584635
vt 0.003906 0.625000
vt 0.052344 0.584635
vt 0.003906 0.584635
vt 0.052344 0.625000
vt 0.100781 0.625000
vt 0.100781 0.584635
vt 0.052344 0.625000
vt 0.100781 0.584635
vt 0.052344 0.584635
vt 0.100781 0.625000
vt 0.149219 0.625000
vt 0.149219 0.584635
vt 0.100781 0.625000
vt 0.149219 0.584635
vt 0.100781 0.584635
vt 0.149219 0.625000
vt 0.197656 0.625000
vt 0.197656 0.584635
vt 0.149219 0.625000
vt 0.197656 0.584635
vt 0.149219 0.584635
vt 0.197656 0.625000
vt 0.246094 0.625000
vt 0.246094 0.584635
vt 0.197656 0.625000
vt 0.246094 0.584635
vt 0.197656 0.584635
vt 0.003906 0.584635
vt 0.052344 0.584635
vt 0.052344 0.544271
vt 0.003906 0.584635
vt 0.052344 0.544271
vt 0.003906 0.544271
vt 0.052344 0.584635
vt 0.100781 0.584635
vt 0.100781 0.544271
vt 0.052344 0.584635
vt 0.100781 0.544271
vt 0.052344 0.544271
vt 0.100781 0.584635
vt 0.149219 0.584635
vt 0.149219 0.544271
vt 0.100781 0.584635
vt 0.149219 0.544271
vt 0.100781 0.544271
vt 0.149219 0.584635
vt 0.197656 0.584635
vt 0.197656 0.544271
vt 0.149219 0.584635
vt 0.197656 0.544271
vt 0.149219 0.544271
vt 0.197656 0.584635
vt 0.246094 0.584635
vt 0.246094 0.544271
vt 0.197656 0.584635
vt 0.246094 0.544271
vt 0.197656 0.544271
vt 0.003906 0.544271
vt 0.052344 0.544271
vt 0.052344 0.503906
vt 0.003906 0.544271
vt 0.052344 0.503906
vt 0.003906 0.503906
vt 0.052344 0.544271
vt 0.100781 0.544271
vt 0.100781 0.503906
vt 0.052344 0.544271
vt 0.100781 0.503906
vt 0.052344 0.503906
vt 0.100781 0.544271
vt 0.149219 0.544271
vt 0.149219 0.503906
vt 0.100781 0.544271
vt 0.149219 0.503906
vt 0.100781 0.503906
vt 0.149219 0.544271
vt 0.197656 0.544271
vt 0.197656 0.503906
vt 0.149219 0.544271
vt 0.197656 0.503906
vt 0.149219 0.503906
vt 0.197656 0.544271
vt 0.246094 0.544271
vt 0.246094 0.503906
vt 0.197656 0.544271
vt 0.246094 0.503906
vt 0.197656 0.503906
vt 0.125000 0.625000
vt 0.003906 0.746094
vt 0.246094 0.503906
vt 0.125000 0.625000
vt 0.003906 0.746094
vt 0.246094 0.503906
vt 0.125000 0.625000
vt 0.003906 0.746094
vt 0.246094 0.503906
vt 0.125000 0.625000
vt 0.003906 0.746094
vt 0.246094 0.503906
vt 0.125000 0.625000
vt 0.003906 0.746094
vt 0.246094 0.503906
vt 0.125000 0.625000
vt 0.003906 0.746094
vt 0.246094 0.503906
vt 0.125000 0.625000
vt 0.003906 0.746094
vt 0.246094 0.503906
vt 0.125000 0.625000
vt 0.003906 0.746094
vt 0.246094 0.503906
vt 0.125000 0.625000
vt 0.003906 0.746094
vt 0.246094 0.503906
vt 0.125000 0.625000
vt 0.003906 0.746094
vt 0.246094 0.503906
vn -0.375388 -0.708164 -0.597986
vn -0.375388 -0.708164 -0.597986
vn -0.375388 -0.708164 -0.597986
vn -0.372372 -0.711204 -0.596262
vn -0.372372 -0.711204 -0.596262
vn -0.372372 -0.711204 -0.596262
vn 0.108469 -0.971835 0.209217
vn 0.108469 -0.971835 0.209217
vn 0.108469 -0.971835 0.209217
vn 0.112996 -0.971059 0.210421
vn 0.112996 -0.971059 0.210421
vn 0.112996 -0.971059 0.210421
vn 0.748809 -0.048255 0.661027
vn 0.748809 -0.048255 0.661027
vn 0.748809 -0.048255 0.661027
vn 0.756765 -0.034544 0.652774
vn 0.756765 -0.034544 0.652774
vn 0.756765 -0.034544 0.652774
vn 0.433039 0.901062 -0.023776
vn 0.433039 0.901062 -0.023776
vn 0.433039 0.901062 -0.023776
vn 0.430826 0.900628 -0.057070
vn 0.430826 0.900628 -0.057070
vn 0.430826 0.900628 -0.057070
vn -0.149977 0.629943 -0.762023
vn -0.149977 0.629943 -0.762023
vn -0.149977 0.629943 -0.762023
vn -0.150752 0.605406 -0.781510
vn -0.150752 0.605406 -0.781510
vn -0.150752 0.605406 -0.781510
vn -0.495138 -0.698106 -0.517192
vn -0.495138 -0.698106 -0.517192
vn -0.495138 -0.698106 -0.517192
vn -0.481509 -0.710042 -0.513799
vn -0.481509 -0.710042 -0.513799
vn -0.481509 -0.710042 -0.513799
vn 0.107985 -0.970636 0.214953
vn 0.107985 -0.970636 0.214953
vn 0.107985 -0.970636 0.214953
vn 0.137913 -0.967002 0.214214
vn 0.137913 -0.967002 0.214214
vn 0.137913 -0.967002 0.214214
vn 0.807259 -0.051942 0.587907
vn 0.807259 -0.051942 0.587907
vn 0.807259 -0.051942 0.587907
vn 0.838709 -0.006691 0.544540
vn 0.838709 -0.006691 0.544540
vn 0.838709 -0.006691 0.544540
vn 0.403971 0.914186 -0.032733
vn 0.403971 0.914186 -0.032733
vn 0.403971 0.914186 -0.032733
vn 0.391712 0.907227 -0.153298
vn 0.391712 0.907227 -0.153298
vn 0.391712 0.907227 -0.153298
vn -0.303779 0.666135 -0.681163
vn -0.303779 0.666135 -0.681163
vn -0.303779 0.666135 -0.681163
vn -0.310892 0.587022 -0.747496
vn -0.310892 0.587022 -0.747496
vn -0.310892 0.587022 -0.747496
vn -0.775918 -0.620911 -0.111448
vn -0.775918 -0.620911 -0.111448
vn -0.775918 -0.620911 -0.111448
vn -0.700429 -0.698959 -0.144415
vn -0.700429 -0.698959 -0.144415
vn -0.700429 -0.698959 -0.144415
vn 0.055448 -0.941021 0.333773
vn 0.055448 -0.941021 0.333773
vn 0.055448 -0.941021 0.333773
vn 0.182025 -0.947485 0.262945
vn 0.182025 -0.947485 0.262945
vn 0.182025 -0.947485 0.262945
vn 0.885238 -0.025256 0.464452
vn 0.885238 -0.025256 0.464452
vn 0.885238 -0.025256 0.464452
vn 0.926040 0.025730 0.376548
vn 0.926040 0.025730 0.376548
vn 0.926040 0.025730 0.376548
vn 0.283838 0.958849 0.006686
vn 0.283838 0.958849 0.006686
vn 0.283838 0.958849 0.006686
vn 0.261459 0.961832 -0.080735
vn 0.261459 0.961832 -0.080735
vn 0.261459 0.961832 -0.080735
vn -0.632998 0.709677 -0.309310
vn -0.632998 0.709677 -0.309310
vn -0.632998 0.709677 -0.309310
vn -0.653184 0.670305 -0.352195
vn -0.653184 0.670305 -0.352195
vn -0.653184 0.670305 -0.352195
vn -0.750214 -0.654232 0.095707
vn -0.750214 -0.654232 0.095707
vn -0.750214 -0.654232 0.095707
vn -0.713009 -0.698232 0.063954
vn -0.713009 -0.698232 0.063954
vn -0.713009 -0.698232 0.063954
vn 0.185677 -0.950811 0.247958
vn 0.185677 -0.950811 0.247958
vn 0.185677 -0.950811 0.247958
vn 0.250243 -0.950198 0.185747
vn 0.250243 -0.950198 0.185747
vn 0.250243 -0.950198 0.185747
vn 0.982766 -0.006474 0.184740
vn 0.982766 -0.006474 0.184740
vn 0.982766 -0.006474 0.184740
vn 0.990194 0.028614 0.136737
vn 0.990194 0.028614 0.136737
vn 0.990194 0.028614 0.136737
vn 0.256300 0.964796 -0.058986
vn 0.256300 0.964796 -0.058986
vn 0.256300 0.964796 -0.058986
vn 0.230097 0.968454 -0.095665
vn 0.230097 0.968454 -0.095665
vn 0.230097 0.968454 -0.095665
vn -0.703452 0.704174 -0.096411
vn -0.703452 0.704174 -0.096411
vn -0.703452 0.704174 -0.096411
vn -0.726637 0.676278 -0.121020
vn -0.726637 0.676278 -0.121020
vn -0.726637 0.676278 -0.121020
vn -0.644846 -0.604231 0.468059
vn -0.644846 -0.604231 0.468059
vn -0.644846 -0.604231 0.468059
vn -0.615399 -0.657613 0.434545
vn -0.615399 -0.657613 0.434545
vn -0.615399 -0.657613 0.434545
vn 0.255170 -0.914576 0.313751
vn 0.255170 -0.914576 0.313751
vn 0.255170 -0.914576 0.313751
vn 0.309392 -0.913505 0.264168
vn 0.309392 -0.913505 0.264168
vn 0.309392 -0.913505 0.264168
vn 0.994406 0.024008 0.102862
vn 0.994406 0.024008 0.102862
vn 0.994406 0.024008 0.102862
vn 0.995055 0.042023 0.090003
vn 0.995055 0.042023 0.090003
vn 0.995055 0.042023 0.090003
vn 0.236258 0.970455 0.048977
vn 0.236258 0.970455 0.048977
vn 0.236258 0.970455 0.048977
vn 0.253421 0.965631 0.057740
vn 0.253421 0.965631 0.057740
vn 0.253421 0.965631 0.057740
vn -0.657808 0.695242 0.289701
vn -0.657808 0.695242 0.289701
vn -0.657808 0.695242 0.289701
vn -0.650926 0.701011 0.291341
vn -0.650926 0.701011 0.291341
vn -0.650926 0.701011 0.291341
vn -0.544355 -0.607543 0.578420
vn -0.544355 -0.607543 0.578420
vn -0.544355 -0.607543 0.578420
vn -0.532565 -0.626120 0.569516
vn -0.532565 -0.626120 0.569516
vn -0.532565 -0.626120 0.569516
vn 0.314938 -0.903278 0.291380
vn 0.314938 -0.903278 0.291380
vn 0.314938 -0.903278 0.291380
vn 0.334233 -0.900181 0.279217
vn 0.334233 -0.900181 0.279217
vn 0.334233 -0.900181 0.279217
vn 0.998879 0.035238 0.031609
vn 0.998879 0.035238 0.031609
vn 0.998879 0.035238 0.031609
vn 0.998756 0.039773 0.030091
vn 0.998756 0.039773 0.030091
vn 0.998756 0.039773 0.030091
vn 0.258434 0.962513 0.082346
vn 0.258434 0.962513 0.082346
vn 0.258434 0.962513 0.082346
vn 0.267961 0.959873 0.082706
vn 0.267961 0.959873 0.082706
vn 0.267961 0.959873 0.082706
vn -0.581270 0.689541 0.432039
vn -0.581270 0.689541 0.432039
vn -0.581270 0.689541 0.432039
vn -0.577406 0.693339 0.431142
vn -0.577406 0.693339 0.431142
vn -0.577406 0.693339 0.431142
vn -0.793422 0.212309 0.570443
vn -0.793422 0.212309 0.570443
vn -0.793422 0.212309 0.570443
vn -0.793422 0.212309 0.570443
vn -0.793422 0.212309 0.570443
vn -0.793422 0.212309 0.570443
vn -0.793422 0.212309 0.570443
vn -0.793422 0.212309 0.570443
vn -0.793422 0.212309 0.570443
vn -0.793422 0.212309 0.570443
vn -0.793422 0.212309 0.570443
vn -0.793422 0.212309 0.570443
vn -0.793422 0.212309 0.570443
vn -0.793422 0.212309 0.570443
vn -0.793422 0.212309 0.570443
vn 0.315495 0.114292 0.942019
vn 0.315495 0.114292 0.942019
vn 0.315495 0.114292 0.942019
vn 0.315495 0.114292 0.942019
vn 0.315495 0.114292 0.942019
vn 0.315495 0.114292 0.942019
vn 0.315495 0.114292 0.942019
vn 0.315495 0.114292 0.942019
vn 0.315495 0.114292 0.942019
vn 0.315495 0.114292 0.942019
vn 0.315495 0.114292 0.942019
vn 0.315495 0.114292 0.942019
vn 0.315495 0.114292 0.942019
vn 0.315495 0.114292 0.942019
vn 0.315495 0.114292 0.942019
f 2332/2332/2332 2333/2333/2333 2334/2334/2334
f 2335/2335/2335 2336/2336/2336 2337/2337/2337
f 2338/2338/2338 2339/2339/2339 2340/2340/2340
f 2341/2341/2341 2342/2342/2342 2343/2343/2343
f 2344/2344/2344 2345/2345/2345 2346/2346/2346
f 2347/2347/2347 2348/2348/2348 2349/2349/2349
f 2350/2350/2350 2351/2351/2351 2352/2352/2352
f 2353/2353/2353 2354/2354/2354 2355/2355/2355
f 2356/2356/2356 2357/2357/2357 2358/2358/2358
f 2359/2359/2359 2360/2360/2360 2361/2361/2361
f 2362/2362/2362 2363/2363/2363 2364/2364/2364
f 2365/2365/2365 2366/2366/2366 2367/2367/2367
f 2368/2368/2368 2369/2369/2369 2370/2370/2370
f 2371/2371/2371 2372/2372/2372 2373/2373/2373
f 2374/2374/2374 2375/2375/2375 2376/2376/2376
f 2377/2377/2377 2378/2378/2378 2379/2379/2379
f 2380/2380/2380 2381/2381/2381 2382/2382/2382
f 2383/2383/2383 2384/2384/2384 2385/2385/2385
f 2386/2386/2386 2387/2387/2387 2388/2388/2388
f 2389/2389/2389 2390/2390/2390 2391/2391/2391
f 2392/2392/2392 2393/2393/2393 2394/2394/2394
f 2395/2395/2395 2396/2396/2396 2397/2397/2397
f 2398/2398/2398 2399/2399/2399 2400/2400/2400
f 2401/2401/2401 2402/2402/2402 2403/2403/2403
f 2404/2404/2404 2405/2405/2405 2406/2406/2406
f 2407/2407/2407 2408/2408/2408 2409/2409/2409
f 2410/2410/2410 2411/2411/2411 2412/2412/2412
f 2413/2413/2413 2414/2414/2414 2415/2415/2415
f 2416/2416/2416 2417/2417/2417 2418/2418/2418
f 2419/2419/2419 2420/2420/2420 2421/2421/2421
f 2422/2422/2422 2423/2423/2423 2424/2424/2424
f 2425/2425/2425 2426/2426/2426 2427/2427/2427
f 2428/2428/2428 2429/2429/2429 2430/2430/2430
f 2431/2431/2431 2432/2432/2432 2433/2433/2433
f 2434/2434/2434 2435/2435/2435 2436/2436/2436
f 2437/2437/2437 2438/2438/2438 2439/2439/2439
f 2440/2440/2440 2441/2441/2441 2442/2442/2442
f 2443/2443/2443 2444/2444/2444 2445/2445/2445
f 2446/2446/2446 2447/2447/2447 2448/2448/2448
f 2449/2449/2449 2450/2450/2450 2451/2451/2451
f 2452/2452/2452 2453/2453/2453 2454/2454/2454
f 2455/2455/2455 2456/2456/2456 2457/2457/2457
f 2458/2458/2458 2459/2459/2459 2460/2460/2460
f 2461/2461/2461 2462/2462/2462 2463/2463/2463
f 2464/2464/2464 2465/2465/2465 2466/2466/2466
f 2467/2467/2467 2468/2468/2468 2469/2469/2469
f 2470/2470/2470 2471/2471/2471 2472/2472/2472
f 2473/2473/2473 2474/2474/2474 2475/2475/2475
f 2476/2476/2476 2477/2477/2477 2478/2478/2478
f 2479/2479/2479 2480/2480/2480 2481/2481/2481
f 2482/2482/2482 2483/2483/2483 2484/2484/2484
f 2485/2485/2485 2486/2486/2486 2487/2487/2487
f 2488/2488/2488 2489/2489/2489 2490/2490/2490
f 2491/2491/2491 2492/2492/2492 2493/2493/2493
f 2494/2494/2494 2495/2495/2495 2496/2496/2496
f 2497/2497/2497 2498/2498/2498 2499/2499/2499
f 2500/2500/2500 2501/2501/2501 2502/2502/2502
f 2503/2503/2503 2504/2504/2504 2505/2505/2505
f 2506/2506/2506 2507/2507/2507 2508/2508/2508
f 2509/2509/2509 2510/2510/2510 2511/2511/2511
f 2512/2512/2512 2513/2513/2513 2514/2514/2514
f 2515/2515/2515 2516/2516/2516 2517/2517/2517
f 2518/2518/2518 2519/2519/2519 2520/2520/2520
f 2521/2521/2521 2522/2522/2522 2523/2523/2523
f 2524/2524/2524 2525/2525/2525 2526/2526/2526
f 2527/2527/2527 2528/2528/2528 2529/2529/2529
f 2530/2530/2530 2531/2531/2531 2532/2532/2532
f 2533/2533/2533 2534/2534/2534 2535/2535/2535
f 2536/2536/2536 2537/2537/2537 2538/2538/2538
f 2539/2539/2539 2540/2540/2540 2541/2541/2541
o LeftNeckMane5
usemtl PaintedVinefangFantasy
v -1.835872 3.748750 -6.441738
v -1.604413 3.163863 -5.904366
v -3.408487 3.136132 -4.888201
v -1.835872 3.748750 -6.441738
v -3.408487 3.136132 -4.888201
v -3.850697 4.100196 -5.747506
v -1.604413 3.163863 -5.904366
v -1.055280 3.387270 -5.151017
v -2.411173 3.504371 -3.716996
v -1.604413 3.163863 -5.904366
v -2.411173 3.504371 -3.716996
v -3.408487 3.136132 -4.888201
v -1.055280 3.387270 -5.151017
v -0.947356 4.110230 -5.222794
v -2.237009 4.696020 -3.852457
v -1.055280 3.387270 -5.151017
v -2.237009 4.696020 -3.852457
v -2.411173 3.504371 -3.716996
v -0.947356 4.110230 -5.222794
v -1.429788 4.333637 -6.020504
v -3.126684 5.064260 -5.107381
v -0.947356 4.110230 -5.222794
v -3.126684 5.064260 -5.107381
v -2.237009 4.696020 -3.852457
v -1.429788 4.333637 -6.020504
v -1.835872 3.748750 -6.441738
v -3.850697 4.100196 -5.747506
v -1.429788 4.333637 -6.020504
v -3.850697 4.100196 -5.747506
v -3.126684 5.064260 -5.107381
v -3.850697 4.100196 -5.747506
v -3.408487 3.136132 -4.888201
v -5.380700 3.198215 -3.257456
v -3.850697 4.100196 -5.747506
v -5.380700 3.198215 -3.257456
v -6.307473 4.540153 -4.237739
v -3.408487 3.136132 -4.888201
v -2.411173 3.504371 -3.716996
v -3.580133 3.710790 -2.092684
v -3.408487 3.136132 -4.888201
v -3.580133 3.710790 -2.092684
v -5.380700 3.198215 -3.257456
v -2.411173 3.504371 -3.716996
v -2.237009 4.696020 -3.852457
v -3.394095 5.369517 -2.353099
v -2.411173 3.504371 -3.716996
v -3.394095 5.369517 -2.353099
v -3.580133 3.710790 -2.092684
v -2.237009 4.696020 -3.852457
v -3.126684 5.064260 -5.107381
v -5.079684 5.882091 -3.678815
v -2.237009 4.696020 -3.852457
v -5.079684 5.882091 -3.678815
v -3.394095 5.369517 -2.353099
v -3.126684 5.064260 -5.107381
v -3.850697 4.100196 -5.747506
v -6.307473 4.540153 -4.237739
v -3.126684 5.064260 -5.107381
v -6.307473 4.540153 -4.237739
v -5.079684 5.882091 -3.678815
v -6.307473 4.540153 -4.237739
v -5.380700 3.198215 -3.257456
v -6.048773 3.674508 -1.125456
v -6.307473 4.540153 -4.237739
v -6.048773 3.674508 -1.125456
v -7.182543 4.915028 -1.641525
v -5.380700 3.198215 -3.257456
v -3.580133 3.710790 -2.092684
v -4.103717 4.148345 -0.748548
v -5.380700 3.198215 -3.257456
v -4.103717 4.148345 -0.748548
v -6.048773 3.674508 -1.125456
v -3.580133 3.710790 -2.092684
v -3.394095 5.369517 -2.353099
v -4.035376 5.681712 -1.031675
v -3.580133 3.710790 -2.092684
v -4.035376 5.681712 -1.031675
v -4.103717 4.148345 -0.748548
v -3.394095 5.369517 -2.353099
v -5.079684 5.882091 -3.678815
v -5.938195 6.155549 -1.583565
v -3.394095 5.369517 -2.353099
v -5.938195 6.155549 -1.583565
v -4.035376 5.681712 -1.031675
v -5.079684 5.882091 -3.678815
v -6.307473 4.540153 -4.237739
v -7.182543 4.915028 -1.641525
v -5.079684 5.882091 -3.678815
v -7.182543 4.915028 -1.641525
v -5.938195 6.155549 -1.583565
v -7.182543 4.915028 -1.641525
v -6.048773 3.674508 -1.125456
v -6.090691 4.119946 0.820642
v -7.182543 4.915028 -1.641525
v -6.090691 4.119946 0.820642
v -7.236357 5.248251 0.690488
v -6.048773 3.674508 -1.125456
v -4.103717 4.148345 -0.748548
v -4.298865 4.550920 0.507449
v -6.048773 3.674508 -1.125456
v -4.298865 4.550920 0.507449
v -6.090691 4.119946 0.820642
v -4.103717 4.148345 -0.748548
v -4.035376 5.681712 -1.031675
v -4.337123 5.945581 0.183732
v -4.103717 4.148345 -0.748548
v -4.337123 5.945581 0.183732
v -4.298865 4.550920 0.507449
v -4.035376 5.681712 -1.031675
v -5.938195 6.155549 -1.583565
v -6.152593 6.376556 0.296856
v -4.035376 5.681712 -1.031675
v -6.152593 6.376556 0.296856
v -4.337123 5.945581 0.183732
v -5.938195 6.155549 -1.583565
v -7.182543 4.915028 -1.641525
v -7.236357 5.248251 0.690488
v -5.938195 6.155549 -1.583565
v -7.236357 5.248251 0.690488
v -6.152593 6.376556 0.296856
v -7.236357 5.248251 0.690488
v -6.090691 4.119946 0.820642
v -5.252231 4.946783 1.641124
v -7.236357 5.248251 0.690488
v -5.252231 4.946783 1.641124
v -5.800306 5.521597 1.887088
v -6.090691 4.119946 0.820642
v -4.298865 4.550920 0.507449
v -4.572737 5.166342 0.994373
v -6.090691 4.119946 0.820642
v -4.572737 5.166342 0.994373
v -5.252231 4.946783 1.641124
v -4.298865 4.550920 0.507449
v -4.337123 5.945581 0.183732
v -4.700861 5.876852 0.840624
v -4.298865 4.550920 0.507449
v -4.700861 5.876852 0.840624
v -4.572737 5.166342 0.994373
v -4.337123 5.945581 0.183732
v -6.152593 6.376556 0.296856
v -5.459541 6.096411 1.392352
v -4.337123 5.945581 0.183732
v -5.459541 6.096411 1.392352
v -4.700861 5.876852 0.840624
v -6.152593 6.376556 0.296856
v -7.236357 5.248251 0.690488
v -5.800306 5.521597 1.887088
v -6.152593 6.376556 0.296856
v -5.800306 5.521597 1.887088
v -5.459541 6.096411 1.392352
v -5.800306 5.521597 1.887088
v -5.252231 4.946783 1.641124
v -4.583112 5.671961 1.767299
v -5.800306 5.521597 1.887088
v -4.583112 5.671961 1.767299
v -4.610257 5.706431 1.790513
v -5.252231 4.946783 1.641124
v -4.572737 5.166342 0.994373
v -4.554162 5.685127 1.719373
v -5.252231 4.946783 1.641124
v -4.554162 5.685127 1.719373
v -4.583112 5.671961 1.767299
v -4.572737 5.166342 0.994373
v -4.700861 5.876852 0.840624
v -4.563415 5.727735 1.712966
v -4.572737 5.166342 0.994373
v -4.563415 5.727735 1.712966
v -4.554162 5.685127 1.719373
v -4.700861 5.876852 0.840624
v -5.459541 6.096411 1.392352
v -4.598084 5.740902 1.756933
v -4.700861 5.876852 0.840624
v -4.598084 5.740902 1.756933
v -4.563415 5.727735 1.712966
v -5.459541 6.096411 1.392352
v -5.800306 5.521597 1.887088
v -4.610257 5.706431 1.790513
v -5.459541 6.096411 1.392352
v -4.610257 5.706431 1.790513
v -4.598084 5.740902 1.756933
v -1.374542 3.748750 -5.748084
v -1.835872 3.748750 -6.441738
v -1.604413 3.163863 -5.904366
v -1.374542 3.748750 -5.748084
v -1.604413 3.163863 -5.904366
v -1.055280 3.387270 -5.151017
v -1.374542 3.748750 -5.748084
v -1.055280 3.387270 -5.151017
v -0.947356 4.110230 -5.222794
v -1.374542 3.748750 -5.748084
v -0.947356 4.110230 -5.222794
v -1.429788 4.333637 -6.020504
v -1.374542 3.748750 -5.748084
v -1.429788 4.333637 -6.020504
v -1.835872 3.748750 -6.441738
v -4.581806 5.706431 1.749417
v -4.610257 5.706431 1.790513
v -4.583112 5.671961 1.767299
v -4.581806 5.706431 1.749417
v -4.583112 5.671961 1.767299
v -4.554162 5.685127 1.719373
v -4.581806 5.706431 1.749417
v -4.554162 5.685127 1.719373
v -4.563415 5.727735 1.712966
v -4.581806 5.706431 1.749417
v -4.563415 5.727735 1.712966
v -4.598084 5.740902 1.756933
v -4.581806 5.706431 1.749417
v -4.598084 5.740902 1.756933
v -4.610257 5.706431 1.790513
vt 0.003906 0.996094
vt 0.052344 0.996094
vt 0.052344 0.955729
vt 0.003906 0.996094
vt 0.052344 0.955729
vt 0.003906 0.955729
vt 0.052344 0.996094
vt 0.100781 0.996094
vt 0.100781 0.955729
vt 0.052344 0.996094
vt 0.100781 0.955729
vt 0.052344 0.955729
vt 0.100781 0.996094
vt 0.149219 0.996094
vt 0.149219 0.955729
vt 0.100781 0.996094
vt 0.149219 0.955729
vt 0.100781 0.955729
vt 0.149219 0.996094
vt 0.197656 0.996094
vt 0.197656 0.955729
vt 0.149219 0.996094
vt 0.197656 0.955729
vt 0.149219 0.955729
vt 0.197656 0.996094
vt 0.246094 0.996094
vt 0.246094 0.955729
vt 0.197656 0.996094
vt 0.246094 0.955729
vt 0.197656 0.955729
vt 0.003906 0.955729
vt 0.052344 0.955729
vt 0.052344 0.915365
vt 0.003906 0.955729
vt 0.052344 0.915365
vt 0.003906 0.915365
vt 0.052344 0.955729
vt 0.100781 0.955729
vt 0.100781 0.915365
vt 0.052344 0.955729
vt 0.100781 0.915365
vt 0.052344 0.915365
vt 0.100781 0.955729
vt 0.149219 0.955729
vt 0.149219 0.915365
vt 0.100781 0.955729
vt 0.149219 0.915365
vt 0.100781 0.915365
vt 0.149219 0.955729
vt 0.197656 0.955729
vt 0.197656 0.915365
vt 0.149219 0.955729
vt 0.197656 0.915365
vt 0.149219 0.915365
vt 0.197656 0.955729
vt 0.246094 0.955729
vt 0.246094 0.915365
vt 0.197656 0.955729
vt 0.246094 0.915365
vt 0.197656 0.915365
vt 0.003906 0.915365
vt 0.052344 0.915365
vt 0.052344 0.875000
vt 0.003906 0.915365
vt 0.052344 0.875000
vt 0.003906 0.875000
vt 0.052344 0.915365
vt 0.100781 0.915365
vt 0.100781 0.875000
vt 0.052344 0.915365
vt 0.100781 0.875000
vt 0.052344 0.875000
vt 0.100781 0.915365
vt 0.149219 0.915365
vt 0.149219 0.875000
vt 0.100781 0.915365
vt 0.149219 0.875000
vt 0.100781 0.875000
vt 0.149219 0.915365
vt 0.197656 0.915365
vt 0.197656 0.875000
vt 0.149219 0.915365
vt 0.197656 0.875000
vt 0.149219 0.875000
vt 0.197656 0.915365
vt 0.246094 0.915365
vt 0.246094 0.875000
vt 0.197656 0.915365
vt 0.246094 0.875000
vt 0.197656 0.875000
vt 0.003906 0.875000
vt 0.052344 0.875000
vt 0.052344 0.834635
vt 0.003906 0.875000
vt 0.052344 0.834635
vt 0.003906 0.834635
vt 0.052344 0.875000
vt 0.100781 0.875000
vt 0.100781 0.834635
vt 0.052344 0.875000
vt 0.100781 0.834635
vt 0.052344 0.834635
vt 0.100781 0.875000
vt 0.149219 0.875000
vt 0.149219 0.834635
vt 0.100781 0.875000
vt 0.149219 0.834635
vt 0.100781 0.834635
vt 0.149219 0.875000
vt 0.197656 0.875000
vt 0.197656 0.834635
vt 0.149219 0.875000
vt 0.197656 0.834635
vt 0.149219 0.834635
vt 0.197656 0.875000
vt 0.246094 0.875000
vt 0.246094 0.834635
vt 0.197656 0.875000
vt 0.246094 0.834635
vt 0.197656 0.834635
vt 0.003906 0.834635
vt 0.052344 0.834635
vt 0.052344 0.794271
vt 0.003906 0.834635
vt 0.052344 0.794271
vt 0.003906 0.794271
vt 0.052344 0.834635
vt 0.100781 0.834635
vt 0.100781 0.794271
vt 0.052344 0.834635
vt 0.100781 0.794271
vt 0.052344 0.794271
vt 0.100781 0.834635
vt 0.149219 0.834635
vt 0.149219 0.794271
vt 0.100781 0.834635
vt 0.149219 0.794271
vt 0.100781 0.794271
vt 0.149219 0.834635
vt 0.197656 0.834635
vt 0.197656 0.794271
vt 0.149219 0.834635
vt 0.197656 0.794271
vt 0.149219 0.794271
vt 0.197656 0.834635
vt 0.246094 0.834635
vt 0.246094 0.794271
vt 0.197656 0.834635
vt 0.246094 0.794271
vt 0.197656 0.794271
vt 0.003906 0.794271
vt 0.052344 0.794271
vt 0.052344 0.753906
vt 0.003906 0.794271
vt 0.052344 0.753906
vt 0.003906 0.753906
vt 0.052344 0.794271
vt 0.100781 0.794271
vt 0.100781 0.753906
vt 0.052344 0.794271
vt 0.100781 0.753906
vt 0.052344 0.753906
vt 0.100781 0.794271
vt 0.149219 0.794271
vt 0.149219 0.753906
vt 0.100781 0.794271
vt 0.149219 0.753906
vt 0.100781 0.753906
vt 0.149219 0.794271
vt 0.197656 0.794271
vt 0.197656 0.753906
vt 0.149219 0.794271
vt 0.197656 0.753906
vt 0.149219 0.753906
vt 0.197656 0.794271
vt 0.246094 0.794271
vt 0.246094 0.753906
vt 0.197656 0.794271
vt 0.246094 0.753906
vt 0.197656 0.753906
vt 0.125000 0.875000
vt 0.003906 0.996094
vt 0.246094 0.753906
vt 0.125000 0.875000
vt 0.003906 0.996094
vt 0.246094 0.753906
vt 0.125000 0.875000
vt 0.003906 0.996094
vt 0.246094 0.753906
vt 0.125000 0.875000
vt 0.003906 0.996094
vt 0.246094 0.753906
vt 0.125000 0.875000
vt 0.003906 0.996094
vt 0.246094 0.753906
vt 0.125000 0.875000
vt 0.003906 0.996094
vt 0.246094 0.753906
vt 0.125000 0.875000
vt 0.003906 0.996094
vt 0.246094 0.753906
vt 0.125000 0.875000
vt 0.003906 0.996094
vt 0.246094 0.753906
vt 0.125000 0.875000
vt 0.003906 0.996094
vt 0.246094 0.753906
vt 0.125000 0.875000
vt 0.003906 0.996094
vt 0.246094 0.753906
vn -0.339443 -0.705706 -0.621898
vn -0.339443 -0.705706 -0.621898
vn -0.339443 -0.705706 -0.621898
vn -0.337307 -0.707877 -0.620592
vn -0.337307 -0.707877 -0.620592
vn -0.337307 -0.707877 -0.620592
vn 0.124788 -0.972350 0.197391
vn 0.124788 -0.972350 0.197391
vn 0.124788 -0.972350 0.197391
vn 0.126439 -0.972023 0.197949
vn 0.126439 -0.972023 0.197949
vn 0.126439 -0.972023 0.197949
vn 0.719405 -0.038539 0.693521
vn 0.719405 -0.038539 0.693521
vn 0.719405 -0.038539 0.693521
vn 0.725209 -0.027787 0.687968
vn 0.725209 -0.027787 0.687968
vn 0.725209 -0.027787 0.687968
vn 0.401588 0.915720 0.013588
vn 0.401588 0.915720 0.013588
vn 0.401588 0.915720 0.013588
vn 0.400312 0.916257 -0.014938
vn 0.400312 0.916257 -0.014938
vn 0.400312 0.916257 -0.014938
vn -0.146766 0.643156 -0.751539
vn -0.146766 0.643156 -0.751539
vn -0.146766 0.643156 -0.751539
vn -0.146708 0.621273 -0.769738
vn -0.146708 0.621273 -0.769738
vn -0.146708 0.621273 -0.769738
vn -0.469433 -0.697689 -0.541168
vn -0.469433 -0.697689 -0.541168
vn -0.469433 -0.697689 -0.541168
vn -0.457235 -0.708479 -0.537582
vn -0.457235 -0.708479 -0.537582
vn -0.457235 -0.708479 -0.537582
vn 0.115830 -0.971499 0.206817
vn 0.115830 -0.971499 0.206817
vn 0.115830 -0.971499 0.206817
vn 0.141226 -0.967955 0.207648
vn 0.141226 -0.967955 0.207648
vn 0.141226 -0.967955 0.207648
vn 0.781392 -0.043437 0.622527
vn 0.781392 -0.043437 0.622527
vn 0.781392 -0.043437 0.622527
vn 0.811703 0.000659 0.584070
vn 0.811703 0.000659 0.584070
vn 0.811703 0.000659 0.584070
vn 0.384955 0.922933 -0.002091
vn 0.384955 0.922933 -0.002091
vn 0.384955 0.922933 -0.002091
vn 0.375770 0.918565 -0.122621
vn 0.375770 0.918565 -0.122621
vn 0.375770 0.918565 -0.122621
vn -0.296222 0.672680 -0.678052
vn -0.296222 0.672680 -0.678052
vn -0.296222 0.672680 -0.678052
vn -0.302008 0.588640 -0.749863
vn -0.302008 0.588640 -0.749863
vn -0.302008 0.588640 -0.749863
vn -0.780008 -0.616611 -0.106667
vn -0.780008 -0.616611 -0.106667
vn -0.780008 -0.616611 -0.106667
vn -0.702499 -0.698587 -0.135910
vn -0.702499 -0.698587 -0.135910
vn -0.702499 -0.698587 -0.135910
vn 0.055795 -0.942804 0.328644
vn 0.055795 -0.942804 0.328644
vn 0.055795 -0.942804 0.328644
vn 0.178808 -0.946808 0.267549
vn 0.178808 -0.946808 0.267549
vn 0.178808 -0.946808 0.267549
vn 0.896317 -0.031085 0.442323
vn 0.896317 -0.031085 0.442323
vn 0.896317 -0.031085 0.442323
vn 0.934160 0.024106 0.356038
vn 0.934160 0.024106 0.356038
vn 0.934160 0.024106 0.356038
vn 0.294011 0.955792 -0.004275
vn 0.294011 0.955792 -0.004275
vn 0.294011 0.955792 -0.004275
vn 0.266901 0.958830 -0.097004
vn 0.266901 0.958830 -0.097004
vn 0.266901 0.958830 -0.097004
vn -0.631196 0.708740 -0.315086
vn -0.631196 0.708740 -0.315086
vn -0.631196 0.708740 -0.315086
vn -0.651812 0.670389 -0.354569
vn -0.651812 0.670389 -0.354569
vn -0.651812 0.670389 -0.354569
vn -0.758219 -0.638927 0.129911
vn -0.758219 -0.638927 0.129911
vn -0.758219 -0.638927 0.129911
vn -0.704035 -0.705120 0.084508
vn -0.704035 -0.705120 0.084508
vn -0.704035 -0.705120 0.084508
vn 0.164155 -0.931663 0.324124
vn 0.164155 -0.931663 0.324124
vn 0.164155 -0.931663 0.324124
vn 0.264372 -0.938855 0.220587
vn 0.264372 -0.938855 0.220587
vn 0.264372 -0.938855 0.220587
vn 0.970596 0.001187 0.240710
vn 0.970596 0.001187 0.240710
vn 0.970596 0.001187 0.240710
vn 0.989127 0.058456 0.134947
vn 0.989127 0.058456 0.134947
vn 0.989127 0.058456 0.134947
vn 0.263389 0.961119 -0.082930
vn 0.263389 0.961119 -0.082930
vn 0.263389 0.961119 -0.082930
vn 0.219049 0.963361 -0.154767
vn 0.219049 0.963361 -0.154767
vn 0.219049 0.963361 -0.154767
vn -0.698429 0.706050 -0.117005
vn -0.698429 0.706050 -0.117005
vn -0.698429 0.706050 -0.117005
vn -0.739258 0.653860 -0.161135
vn -0.739258 0.653860 -0.161135
vn -0.739258 0.653860 -0.161135
vn -0.447064 -0.359457 0.819100
vn -0.447064 -0.359457 0.819100
vn -0.447064 -0.359457 0.819100
vn -0.404444 -0.657603 0.635597
vn -0.404444 -0.657603 0.635597
vn -0.404444 -0.657603 0.635597
vn 0.267140 -0.522013 0.810024
vn 0.267140 -0.522013 0.810024
vn 0.267140 -0.522013 0.810024
vn 0.523727 -0.805688 0.276726
vn 0.523727 -0.805688 0.276726
vn 0.523727 -0.805688 0.276726
vn 0.860356 0.137519 0.490791
vn 0.860356 0.137519 0.490791
vn 0.860356 0.137519 0.490791
vn 0.942701 0.223583 0.247639
vn 0.942701 0.223583 0.247639
vn 0.942701 0.223583 0.247639
vn 0.235642 0.966868 0.098175
vn 0.235642 0.966868 0.098175
vn 0.235642 0.966868 0.098175
vn 0.488170 0.797824 0.353788
vn 0.488170 0.797824 0.353788
vn 0.488170 0.797824 0.353788
vn -0.537854 0.687057 0.488535
vn -0.537854 0.687057 0.488535
vn -0.537854 0.687057 0.488535
vn -0.491605 0.716907 0.494338
vn -0.491605 0.716907 0.494338
vn -0.491605 0.716907 0.494338
vn 0.128590 -0.283972 0.950171
vn 0.128590 -0.283972 0.950171
vn 0.128590 -0.283972 0.950171
vn 0.143926 -0.472292 0.869612
vn 0.143926 -0.472292 0.869612
vn 0.143926 -0.472292 0.869612
vn 0.627868 -0.640485 0.442223
vn 0.627868 -0.640485 0.442223
vn 0.627868 -0.640485 0.442223
vn 0.694358 -0.681101 0.232310
vn 0.694358 -0.681101 0.232310
vn 0.694358 -0.681101 0.232310
vn 0.980403 0.148874 -0.129023
vn 0.980403 0.148874 -0.129023
vn 0.980403 0.148874 -0.129023
vn 0.969546 0.186737 -0.158463
vn 0.969546 0.186737 -0.158463
vn 0.969546 0.186737 -0.158463
vn 0.343072 0.933961 0.100089
vn 0.343072 0.933961 0.100089
vn 0.343072 0.933961 0.100089
vn 0.443695 0.892360 0.082630
vn 0.443695 0.892360 0.082630
vn 0.443695 0.892360 0.082630
vn -0.043070 0.666279 0.744458
vn -0.043070 0.666279 0.744458
vn -0.043070 0.666279 0.744458
vn -0.013210 0.700116 0.713907
vn -0.013210 0.700116 0.713907
vn -0.013210 0.700116 0.713907
vn -0.819595 0.176468 0.545090
vn -0.819595 0.176468 0.545090
vn -0.819595 0.176468 0.545090
vn -0.819595 0.176468 0.545090
vn -0.819595 0.176468 0.545090
vn -0.819595 0.176468 0.545090
vn -0.819595 0.176468 0.545090
vn -0.819595 0.176468 0.545090
vn -0.819595 0.176468 0.545090
vn -0.819595 0.176468 0.545090
vn -0.819595 0.176468 0.545090
vn -0.819595 0.176468 0.545090
vn -0.819595 0.176468 0.545090
vn -0.819595 0.176468 0.545090
vn -0.819595 0.176468 0.545090
vn 0.794928 0.255384 0.550335
vn 0.794928 0.255384 0.550335
vn 0.794928 0.255384 0.550335
vn 0.794928 0.255384 0.550335
vn 0.794928 0.255384 0.550335
vn 0.794928 0.255384 0.550335
vn 0.794928 0.255384 0.550335
vn 0.794928 0.255384 0.550335
vn 0.794928 0.255384 0.550335
vn 0.794928 0.255384 0.550335
vn 0.794928 0.255384 0.550335
vn 0.794928 0.255384 0.550335
vn 0.794928 0.255384 0.550335
vn 0.794928 0.255384 0.550335
vn 0.794928 0.255384 0.550335
f 2542/2542/2542 2543/2543/2543 2544/2544/2544
f 2545/2545/2545 2546/2546/2546 2547/2547/2547
f 2548/2548/2548 2549/2549/2549 2550/2550/2550
f 2551/2551/2551 2552/2552/2552 2553/2553/2553
f 2554/2554/2554 2555/2555/2555 2556/2556/2556
f 2557/2557/2557 2558/2558/2558 2559/2559/2559
f 2560/2560/2560 2561/2561/2561 2562/2562/2562
f 2563/2563/2563 2564/2564/2564 2565/2565/2565
f 2566/2566/2566 2567/2567/2567 2568/2568/2568
f 2569/2569/2569 2570/2570/2570 2571/2571/2571
f 2572/2572/2572 2573/2573/2573 2574/2574/2574
f 2575/2575/2575 2576/2576/2576 2577/2577/2577
f 2578/2578/2578 2579/2579/2579 2580/2580/2580
f 2581/2581/2581 2582/2582/2582 2583/2583/2583
f 2584/2584/2584 2585/2585/2585 2586/2586/2586
f 2587/2587/2587 2588/2588/2588 2589/2589/2589
f 2590/2590/2590 2591/2591/2591 2592/2592/2592
f 2593/2593/2593 2594/2594/2594 2595/2595/2595
f 2596/2596/2596 2597/2597/2597 2598/2598/2598
f 2599/2599/2599 2600/2600/2600 2601/2601/2601
f 2602/2602/2602 2603/2603/2603 2604/2604/2604
f 2605/2605/2605 2606/2606/2606 2607/2607/2607
f 2608/2608/2608 2609/2609/2609 2610/2610/2610
f 2611/2611/2611 2612/2612/2612 2613/2613/2613
f 2614/2614/2614 2615/2615/2615 2616/2616/2616
f 2617/2617/2617 2618/2618/2618 2619/2619/2619
f 2620/2620/2620 2621/2621/2621 2622/2622/2622
f 2623/2623/2623 2624/2624/2624 2625/2625/2625
f 2626/2626/2626 2627/2627/2627 2628/2628/2628
f 2629/2629/2629 2630/2630/2630 2631/2631/2631
f 2632/2632/2632 2633/2633/2633 2634/2634/2634
f 2635/2635/2635 2636/2636/2636 2637/2637/2637
f 2638/2638/2638 2639/2639/2639 2640/2640/2640
f 2641/2641/2641 2642/2642/2642 2643/2643/2643
f 2644/2644/2644 2645/2645/2645 2646/2646/2646
f 2647/2647/2647 2648/2648/2648 2649/2649/2649
f 2650/2650/2650 2651/2651/2651 2652/2652/2652
f 2653/2653/2653 2654/2654/2654 2655/2655/2655
f 2656/2656/2656 2657/2657/2657 2658/2658/2658
f 2659/2659/2659 2660/2660/2660 2661/2661/2661
f 2662/2662/2662 2663/2663/2663 2664/2664/2664
f 2665/2665/2665 2666/2666/2666 2667/2667/2667
f 2668/2668/2668 2669/2669/2669 2670/2670/2670
f 2671/2671/2671 2672/2672/2672 2673/2673/2673
f 2674/2674/2674 2675/2675/2675 2676/2676/2676
f 2677/2677/2677 2678/2678/2678 2679/2679/2679
f 2680/2680/2680 2681/2681/2681 2682/2682/2682
f 2683/2683/2683 2684/2684/2684 2685/2685/2685
f 2686/2686/2686 2687/2687/2687 2688/2688/2688
f 2689/2689/2689 2690/2690/2690 2691/2691/2691
f 2692/2692/2692 2693/2693/2693 2694/2694/2694
f 2695/2695/2695 2696/2696/2696 2697/2697/2697
f 2698/2698/2698 2699/2699/2699 2700/2700/2700
f 2701/2701/2701 2702/2702/2702 2703/2703/2703
f 2704/2704/2704 2705/2705/2705 2706/2706/2706
f 2707/2707/2707 2708/2708/2708 2709/2709/2709
f 2710/2710/2710 2711/2711/2711 2712/2712/2712
f 2713/2713/2713 2714/2714/2714 2715/2715/2715
f 2716/2716/2716 2717/2717/2717 2718/2718/2718
f 2719/2719/2719 2720/2720/2720 2721/2721/2721
f 2722/2722/2722 2723/2723/2723 2724/2724/2724
f 2725/2725/2725 2726/2726/2726 2727/2727/2727
f 2728/2728/2728 2729/2729/2729 2730/2730/2730
f 2731/2731/2731 2732/2732/2732 2733/2733/2733
f 2734/2734/2734 2735/2735/2735 2736/2736/2736
f 2737/2737/2737 2738/2738/2738 2739/2739/2739
f 2740/2740/2740 2741/2741/2741 2742/2742/2742
f 2743/2743/2743 2744/2744/2744 2745/2745/2745
f 2746/2746/2746 2747/2747/2747 2748/2748/2748
f 2749/2749/2749 2750/2750/2750 2751/2751/2751
o LeftDorsalFern0
usemtl PaintedVinefangFantasy
v -0.999667 4.206931 0.416528
v -1.900476 4.943957 1.791374
v -2.658331 4.380026 1.494918
v -2.658331 4.380026 1.494918
v -1.900476 4.943957 1.791374
v -3.396089 6.167640 2.812950
v -3.396089 6.167640 2.812950
v -1.900476 4.943957 1.791374
v -1.497782 5.798474 1.494918
v -1.497782 5.798474 1.494918
v -1.900476 4.943957 1.791374
v -0.999667 4.206931 0.416528
v -1.088457 4.279578 0.268300
v -2.747121 4.452672 1.346689
v -2.166847 5.161897 1.346689
v -2.747121 4.452672 1.346689
v -3.484879 6.240286 2.664722
v -2.166847 5.161897 1.346689
v -3.484879 6.240286 2.664722
v -1.586572 5.871121 1.346689
v -2.166847 5.161897 1.346689
v -1.586572 5.871121 1.346689
v -1.088457 4.279578 0.268300
v -2.166847 5.161897 1.346689
v -0.999667 4.206931 0.416528
v -2.747121 4.452672 1.346689
v -1.088457 4.279578 0.268300
v -0.999667 4.206931 0.416528
v -2.658331 4.380026 1.494918
v -2.747121 4.452672 1.346689
v -2.658331 4.380026 1.494918
v -3.484879 6.240286 2.664722
v -2.747121 4.452672 1.346689
v -2.658331 4.380026 1.494918
v -3.396089 6.167640 2.812950
v -3.484879 6.240286 2.664722
v -3.396089 6.167640 2.812950
v -1.586572 5.871121 1.346689
v -3.484879 6.240286 2.664722
v -3.396089 6.167640 2.812950
v -1.497782 5.798474 1.494918
v -1.586572 5.871121 1.346689
v -1.497782 5.798474 1.494918
v -1.088457 4.279578 0.268300
v -1.586572 5.871121 1.346689
v -1.497782 5.798474 1.494918
v -0.999667 4.206931 0.416528
v -1.088457 4.279578 0.268300
vt 0.375000 0.503906
vt 0.375000 0.612891
vt 0.253906 0.612891
vt 0.253906 0.612891
vt 0.375000 0.612891
vt 0.375000 0.746094
vt 0.375000 0.746094
vt 0.375000 0.612891
vt 0.496094 0.612891
vt 0.496094 0.612891
vt 0.375000 0.612891
vt 0.375000 0.503906
vt 0.375000 0.503906
vt 0.253906 0.612891
vt 0.375000 0.612891
vt 0.253906 0.612891
vt 0.375000 0.746094
vt 0.375000 0.612891
vt 0.375000 0.746094
vt 0.496094 0.612891
vt 0.375000 0.612891
vt 0.496094 0.612891
vt 0.375000 0.503906
vt 0.375000 0.612891
vt 0.375000 0.503906
vt 0.253906 0.612891
vt 0.375000 0.503906
vt 0.375000 0.503906
vt 0.253906 0.612891
vt 0.253906 0.612891
vt 0.253906 0.612891
vt 0.375000 0.746094
vt 0.253906 0.612891
vt 0.253906 0.612891
vt 0.375000 0.746094
vt 0.375000 0.746094
vt 0.375000 0.746094
vt 0.496094 0.612891
vt 0.375000 0.746094
vt 0.375000 0.746094
vt 0.496094 0.612891
vt 0.496094 0.612891
vt 0.496094 0.612891
vt 0.375000 0.503906
vt 0.496094 0.612891
vt 0.496094 0.612891
vt 0.375000 0.503906
vt 0.375000 0.503906
vn 0.313186 -0.736242 0.599886
vn 0.313186 -0.736242 0.599886
vn 0.313186 -0.736242 0.599886
vn 0.098783 -0.563810 0.819975
vn 0.098783 -0.563810 0.819975
vn 0.098783 -0.563810 0.819975
vn 0.572207 0.014818 0.819975
vn 0.572207 0.014818 0.819975
vn 0.572207 0.014818 0.819975
vn 0.783680 -0.161194 0.599886
vn 0.783680 -0.161194 0.599886
vn 0.783680 -0.161194 0.599886
vn -0.473705 0.387577 -0.790814
vn -0.473705 0.387577 -0.790814
vn -0.473705 0.387577 -0.790814
vn -0.473705 0.387577 -0.790814
vn -0.473705 0.387577 -0.790814
vn -0.473705 0.387577 -0.790814
vn -0.473705 0.387577 -0.790814
vn -0.473705 0.387577 -0.790814
vn -0.473705 0.387577 -0.790814
vn -0.473705 0.387577 -0.790814
vn -0.473705 0.387577 -0.790814
vn -0.473705 0.387577 -0.790814
vn -0.279383 -0.917708 -0.282414
vn -0.279383 -0.917708 -0.282414
vn -0.279383 -0.917708 -0.282414
vn -0.279383 -0.917708 -0.282414
vn -0.279383 -0.917708 -0.282414
vn -0.279383 -0.917708 -0.282414
vn -0.822331 -0.516080 0.239654
vn -0.822331 -0.516080 0.239654
vn -0.822331 -0.516080 0.239654
vn -0.822331 -0.516080 0.239654
vn -0.822331 -0.516080 0.239654
vn -0.822331 -0.516080 0.239654
vn 0.343023 0.908241 0.239654
vn 0.343023 0.908241 0.239654
vn 0.343023 0.908241 0.239654
vn 0.343023 0.908241 0.239654
vn 0.343023 0.908241 0.239654
vn 0.343023 0.908241 0.239654
vn 0.844212 0.455575 -0.282414
vn 0.844212 0.455575 -0.282414
vn 0.844212 0.455575 -0.282414
vn 0.844212 0.455575 -0.282414
vn 0.844212 0.455575 -0.282414
vn 0.844212 0.455575 -0.282414
f 2752/2752/2752 2753/2753/2753 2754/2754/2754
f 2755/2755/2755 2756/2756/2756 2757/2757/2757
f 2758/2758/2758 2759/2759/2759 2760/2760/2760
f 2761/2761/2761 2762/2762/2762 2763/2763/2763
f 2764/2764/2764 2765/2765/2765 2766/2766/2766
f 2767/2767/2767 2768/2768/2768 2769/2769/2769
f 2770/2770/2770 2771/2771/2771 2772/2772/2772
f 2773/2773/2773 2774/2774/2774 2775/2775/2775
f 2776/2776/2776 2777/2777/2777 2778/2778/2778
f 2779/2779/2779 2780/2780/2780 2781/2781/2781
f 2782/2782/2782 2783/2783/2783 2784/2784/2784
f 2785/2785/2785 2786/2786/2786 2787/2787/2787
f 2788/2788/2788 2789/2789/2789 2790/2790/2790
f 2791/2791/2791 2792/2792/2792 2793/2793/2793
f 2794/2794/2794 2795/2795/2795 2796/2796/2796
f 2797/2797/2797 2798/2798/2798 2799/2799/2799
o LeftDorsalFern1
usemtl PaintedVinefangFantasy
v -0.999667 4.206931 2.082639
v -1.900476 4.943957 3.457485
v -2.658331 4.380026 3.161029
v -2.658331 4.380026 3.161029
v -1.900476 4.943957 3.457485
v -3.396089 6.167640 4.479061
v -3.396089 6.167640 4.479061
v -1.900476 4.943957 3.457485
v -1.497782 5.798474 3.161029
v -1.497782 5.798474 3.161029
v -1.900476 4.943957 3.457485
v -0.999667 4.206931 2.082639
v -1.088457 4.279578 1.934411
v -2.747121 4.452672 3.012801
v -2.166847 5.161897 3.012801
v -2.747121 4.452672 3.012801
v -3.484879 6.240286 4.330833
v -2.166847 5.161897 3.012801
v -3.484879 6.240286 4.330833
v -1.586572 5.871121 3.012801
v -2.166847 5.161897 3.012801
v -1.586572 5.871121 3.012801
v -1.088457 4.279578 1.934411
v -2.166847 5.161897 3.012801
v -0.999667 4.206931 2.082639
v -2.747121 4.452672 3.012801
v -1.088457 4.279578 1.934411
v -0.999667 4.206931 2.082639
v -2.658331 4.380026 3.161029
v -2.747121 4.452672 3.012801
v -2.658331 4.380026 3.161029
v -3.484879 6.240286 4.330833
v -2.747121 4.452672 3.012801
v -2.658331 4.380026 3.161029
v -3.396089 6.167640 4.479061
v -3.484879 6.240286 4.330833
v -3.396089 6.167640 4.479061
v -1.586572 5.871121 3.012801
v -3.484879 6.240286 4.330833
v -3.396089 6.167640 4.479061
v -1.497782 5.798474 3.161029
v -1.586572 5.871121 3.012801
v -1.497782 5.798474 3.161029
v -1.088457 4.279578 1.934411
v -1.586572 5.871121 3.012801
v -1.497782 5.798474 3.161029
v -0.999667 4.206931 2.082639
v -1.088457 4.279578 1.934411
vt 0.375000 0.503906
vt 0.375000 0.612891
vt 0.253906 0.612891
vt 0.253906 0.612891
vt 0.375000 0.612891
vt 0.375000 0.746094
vt 0.375000 0.746094
vt 0.375000 0.612891
vt 0.496094 0.612891
vt 0.496094 0.612891
vt 0.375000 0.612891
vt 0.375000 0.503906
vt 0.375000 0.503906
vt 0.253906 0.612891
vt 0.375000 0.612891
vt 0.253906 0.612891
vt 0.375000 0.746094
vt 0.375000 0.612891
vt 0.375000 0.746094
vt 0.496094 0.612891
vt 0.375000 0.612891
vt 0.496094 0.612891
vt 0.375000 0.503906
vt 0.375000 0.612891
vt 0.375000 0.503906
vt 0.253906 0.612891
vt 0.375000 0.503906
vt 0.375000 0.503906
vt 0.253906 0.612891
vt 0.253906 0.612891
vt 0.253906 0.612891
vt 0.375000 0.746094
vt 0.253906 0.612891
vt 0.253906 0.612891
vt 0.375000 0.746094
vt 0.375000 0.746094
vt 0.375000 0.746094
vt 0.496094 0.612891
vt 0.375000 0.746094
vt 0.375000 0.746094
vt 0.496094 0.612891
vt 0.496094 0.612891
vt 0.496094 0.612891
vt 0.375000 0.503906
vt 0.496094 0.612891
vt 0.496094 0.612891
vt 0.375000 0.503906
vt 0.375000 0.503906
vn 0.313186 -0.736242 0.599886
vn 0.313186 -0.736242 0.599886
vn 0.313186 -0.736242 0.599886
vn 0.098783 -0.563810 0.819975
vn 0.098783 -0.563810 0.819975
vn 0.098783 -0.563810 0.819975
vn 0.572207 0.014818 0.819975
vn 0.572207 0.014818 0.819975
vn 0.572207 0.014818 0.819975
vn 0.783680 -0.161194 0.599886
vn 0.783680 -0.161194 0.599886
vn 0.783680 -0.161194 0.599886
vn -0.473705 0.387577 -0.790814
vn -0.473705 0.387577 -0.790814
vn -0.473705 0.387577 -0.790814
vn -0.473705 0.387577 -0.790814
vn -0.473705 0.387577 -0.790814
vn -0.473705 0.387577 -0.790814
vn -0.473705 0.387577 -0.790814
vn -0.473705 0.387577 -0.790814
vn -0.473705 0.387577 -0.790814
vn -0.473705 0.387577 -0.790814
vn -0.473705 0.387577 -0.790814
vn -0.473705 0.387577 -0.790814
vn -0.279383 -0.917708 -0.282414
vn -0.279383 -0.917708 -0.282414
vn -0.279383 -0.917708 -0.282414
vn -0.279383 -0.917708 -0.282414
vn -0.279383 -0.917708 -0.282414
vn -0.279383 -0.917708 -0.282414
vn -0.822331 -0.516080 0.239654
vn -0.822331 -0.516080 0.239654
vn -0.822331 -0.516080 0.239654
vn -0.822331 -0.516080 0.239654
vn -0.822331 -0.516080 0.239654
vn -0.822331 -0.516080 0.239654
vn 0.343023 0.908241 0.239654
vn 0.343023 0.908241 0.239654
vn 0.343023 0.908241 0.239654
vn 0.343023 0.908241 0.239654
vn 0.343023 0.908241 0.239654
vn 0.343023 0.908241 0.239654
vn 0.844212 0.455575 -0.282414
vn 0.844212 0.455575 -0.282414
vn 0.844212 0.455575 -0.282414
vn 0.844212 0.455575 -0.282414
vn 0.844212 0.455575 -0.282414
vn 0.844212 0.455575 -0.282414
f 2800/2800/2800 2801/2801/2801 2802/2802/2802
f 2803/2803/2803 2804/2804/2804 2805/2805/2805
f 2806/2806/2806 2807/2807/2807 2808/2808/2808
f 2809/2809/2809 2810/2810/2810 2811/2811/2811
f 2812/2812/2812 2813/2813/2813 2814/2814/2814
f 2815/2815/2815 2816/2816/2816 2817/2817/2817
f 2818/2818/2818 2819/2819/2819 2820/2820/2820
f 2821/2821/2821 2822/2822/2822 2823/2823/2823
f 2824/2824/2824 2825/2825/2825 2826/2826/2826
f 2827/2827/2827 2828/2828/2828 2829/2829/2829
f 2830/2830/2830 2831/2831/2831 2832/2832/2832
f 2833/2833/2833 2834/2834/2834 2835/2835/2835
f 2836/2836/2836 2837/2837/2837 2838/2838/2838
f 2839/2839/2839 2840/2840/2840 2841/2841/2841
f 2842/2842/2842 2843/2843/2843 2844/2844/2844
f 2845/2845/2845 2846/2846/2846 2847/2847/2847
o LeftDorsalFern2
usemtl PaintedVinefangFantasy
v -0.999667 4.206931 3.748750
v -1.900476 4.943957 5.123597
v -2.658331 4.380026 4.827140
v -2.658331 4.380026 4.827140
v -1.900476 4.943957 5.123597
v -3.396089 6.167640 6.145172
v -3.396089 6.167640 6.145172
v -1.900476 4.943957 5.123597
v -1.497782 5.798474 4.827140
v -1.497782 5.798474 4.827140
v -1.900476 4.943957 5.123597
v -0.999667 4.206931 3.748750
v -1.088457 4.279578 3.600522
v -2.747121 4.452672 4.678912
v -2.166847 5.161897 4.678912
v -2.747121 4.452672 4.678912
v -3.484879 6.240286 5.996944
v -2.166847 5.161897 4.678912
v -3.484879 6.240286 5.996944
v -1.586572 5.871121 4.678912
v -2.166847 5.161897 4.678912
v -1.586572 5.871121 4.678912
v -1.088457 4.279578 3.600522
v -2.166847 5.161897 4.678912
v -0.999667 4.206931 3.748750
v -2.747121 4.452672 4.678912
v -1.088457 4.279578 3.600522
v -0.999667 4.206931 3.748750
v -2.658331 4.380026 4.827140
v -2.747121 4.452672 4.678912
v -2.658331 4.380026 4.827140
v -3.484879 6.240286 5.996944
v -2.747121 4.452672 4.678912
v -2.658331 4.380026 4.827140
v -3.396089 6.167640 6.145172
v -3.484879 6.240286 5.996944
v -3.396089 6.167640 6.145172
v -1.586572 5.871121 4.678912
v -3.484879 6.240286 5.996944
v -3.396089 6.167640 6.145172
v -1.497782 5.798474 4.827140
v -1.586572 5.871121 4.678912
v -1.497782 5.798474 4.827140
v -1.088457 4.279578 3.600522
v -1.586572 5.871121 4.678912
v -1.497782 5.798474 4.827140
v -0.999667 4.206931 3.748750
v -1.088457 4.279578 3.600522
vt 0.375000 0.503906
vt 0.375000 0.612891
vt 0.253906 0.612891
vt 0.253906 0.612891
vt 0.375000 0.612891
vt 0.375000 0.746094
vt 0.375000 0.746094
vt 0.375000 0.612891
vt 0.496094 0.612891
vt 0.496094 0.612891
vt 0.375000 0.612891
vt 0.375000 0.503906
vt 0.375000 0.503906
vt 0.253906 0.612891
vt 0.375000 0.612891
vt 0.253906 0.612891
vt 0.375000 0.746094
vt 0.375000 0.612891
vt 0.375000 0.746094
vt 0.496094 0.612891
vt 0.375000 0.612891
vt 0.496094 0.612891
vt 0.375000 0.503906
vt 0.375000 0.612891
vt 0.375000 0.503906
vt 0.253906 0.612891
vt 0.375000 0.503906
vt 0.375000 0.503906
vt 0.253906 0.612891
vt 0.253906 0.612891
vt 0.253906 0.612891
vt 0.375000 0.746094
vt 0.253906 0.612891
vt 0.253906 0.612891
vt 0.375000 0.746094
vt 0.375000 0.746094
vt 0.375000 0.746094
vt 0.496094 0.612891
vt 0.375000 0.746094
vt 0.375000 0.746094
vt 0.496094 0.612891
vt 0.496094 0.612891
vt 0.496094 0.612891
vt 0.375000 0.503906
vt 0.496094 0.612891
vt 0.496094 0.612891
vt 0.375000 0.503906
vt 0.375000 0.503906
vn 0.313186 -0.736242 0.599886
vn 0.313186 -0.736242 0.599886
vn 0.313186 -0.736242 0.599886
vn 0.098783 -0.563810 0.819975
vn 0.098783 -0.563810 0.819975
vn 0.098783 -0.563810 0.819975
vn 0.572207 0.014818 0.819975
vn 0.572207 0.014818 0.819975
vn 0.572207 0.014818 0.819975
vn 0.783680 -0.161194 0.599886
vn 0.783680 -0.161194 0.599886
vn 0.783680 -0.161194 0.599886
vn -0.473705 0.387577 -0.790814
vn -0.473705 0.387577 -0.790814
vn -0.473705 0.387577 -0.790814
vn -0.473705 0.387577 -0.790814
vn -0.473705 0.387577 -0.790814
vn -0.473705 0.387577 -0.790814
vn -0.473705 0.387577 -0.790814
vn -0.473705 0.387577 -0.790814
vn -0.473705 0.387577 -0.790814
vn -0.473705 0.387577 -0.790814
vn -0.473705 0.387577 -0.790814
vn -0.473705 0.387577 -0.790814
vn -0.279383 -0.917708 -0.282414
vn -0.279383 -0.917708 -0.282414
vn -0.279383 -0.917708 -0.282414
vn -0.279383 -0.917708 -0.282414
vn -0.279383 -0.917708 -0.282414
vn -0.279383 -0.917708 -0.282414
vn -0.822331 -0.516080 0.239654
vn -0.822331 -0.516080 0.239654
vn -0.822331 -0.516080 0.239654
vn -0.822331 -0.516080 0.239654
vn -0.822331 -0.516080 0.239654
vn -0.822331 -0.516080 0.239654
vn 0.343023 0.908241 0.239654
vn 0.343023 0.908241 0.239654
vn 0.343023 0.908241 0.239654
vn 0.343023 0.908241 0.239654
vn 0.343023 0.908241 0.239654
vn 0.343023 0.908241 0.239654
vn 0.844212 0.455575 -0.282414
vn 0.844212 0.455575 -0.282414
vn 0.844212 0.455575 -0.282414
vn 0.844212 0.455575 -0.282414
vn 0.844212 0.455575 -0.282414
vn 0.844212 0.455575 -0.282414
f 2848/2848/2848 2849/2849/2849 2850/2850/2850
f 2851/2851/2851 2852/2852/2852 2853/2853/2853
f 2854/2854/2854 2855/2855/2855 2856/2856/2856
f 2857/2857/2857 2858/2858/2858 2859/2859/2859
f 2860/2860/2860 2861/2861/2861 2862/2862/2862
f 2863/2863/2863 2864/2864/2864 2865/2865/2865
f 2866/2866/2866 2867/2867/2867 2868/2868/2868
f 2869/2869/2869 2870/2870/2870 2871/2871/2871
f 2872/2872/2872 2873/2873/2873 2874/2874/2874
f 2875/2875/2875 2876/2876/2876 2877/2877/2877
f 2878/2878/2878 2879/2879/2879 2880/2880/2880
f 2881/2881/2881 2882/2882/2882 2883/2883/2883
f 2884/2884/2884 2885/2885/2885 2886/2886/2886
f 2887/2887/2887 2888/2888/2888 2889/2889/2889
f 2890/2890/2890 2891/2891/2891 2892/2892/2892
f 2893/2893/2893 2894/2894/2894 2895/2895/2895
o LeftWristLeaf
usemtl PaintedVinefangFantasy
v -3.252249 -0.833056 -2.207597
v -3.416770 -0.776648 -1.290172
v -3.831417 -1.294978 -1.400741
v -3.831417 -1.294978 -1.400741
v -3.416770 -0.776648 -1.290172
v -4.088989 -0.546173 -0.414583
v -4.088989 -0.546173 -0.414583
v -3.416770 -0.776648 -1.290172
v -3.426147 -0.112939 -1.400741
v -3.426147 -0.112939 -1.400741
v -3.416770 -0.776648 -1.290172
v -3.252249 -0.833056 -2.207597
v -3.358255 -0.796711 -2.262882
v -3.937423 -1.258633 -1.456026
v -3.734788 -0.667614 -1.456026
v -3.937423 -1.258633 -1.456026
v -4.194995 -0.509829 -0.469868
v -3.734788 -0.667614 -1.456026
v -4.194995 -0.509829 -0.469868
v -3.532153 -0.076595 -1.456026
v -3.734788 -0.667614 -1.456026
v -3.532153 -0.076595 -1.456026
v -3.358255 -0.796711 -2.262882
v -3.734788 -0.667614 -1.456026
v -3.252249 -0.833056 -2.207597
v -3.937423 -1.258633 -1.456026
v -3.358255 -0.796711 -2.262882
v -3.252249 -0.833056 -2.207597
v -3.831417 -1.294978 -1.400741
v -3.937423 -1.258633 -1.456026
v -3.831417 -1.294978 -1.400741
v -4.194995 -0.509829 -0.469868
v -3.937423 -1.258633 -1.456026
v -3.831417 -1.294978 -1.400741
v -4.088989 -0.546173 -0.414583
v -4.194995 -0.509829 -0.469868
v -4.088989 -0.546173 -0.414583
v -3.532153 -0.076595 -1.456026
v -4.194995 -0.509829 -0.469868
v -4.088989 -0.546173 -0.414583
v -3.426147 -0.112939 -1.400741
v -3.532153 -0.076595 -1.456026
v -3.426147 -0.112939 -1.400741
v -3.358255 -0.796711 -2.262882
v -3.532153 -0.076595 -1.456026
v -3.426147 -0.112939 -1.400741
v -3.252249 -0.833056 -2.207597
v -3.358255 -0.796711 -2.262882
vt 0.375000 0.503906
vt 0.375000 0.612891
vt 0.253906 0.612891
vt 0.253906 0.612891
vt 0.375000 0.612891
vt 0.375000 0.746094
vt 0.375000 0.746094
vt 0.375000 0.612891
vt 0.496094 0.612891
vt 0.496094 0.612891
vt 0.375000 0.612891
vt 0.375000 0.503906
vt 0.375000 0.503906
vt 0.253906 0.612891
vt 0.375000 0.612891
vt 0.253906 0.612891
vt 0.375000 0.746094
vt 0.375000 0.612891
vt 0.375000 0.746094
vt 0.496094 0.612891
vt 0.375000 0.612891
vt 0.496094 0.612891
vt 0.375000 0.503906
vt 0.375000 0.612891
vt 0.375000 0.503906
vt 0.253906 0.612891
vt 0.375000 0.503906
vt 0.375000 0.503906
vt 0.253906 0.612891
vt 0.253906 0.612891
vt 0.253906 0.612891
vt 0.375000 0.746094
vt 0.253906 0.612891
vt 0.253906 0.612891
vt 0.375000 0.746094
vt 0.375000 0.746094
vt 0.375000 0.746094
vt 0.496094 0.612891
vt 0.375000 0.746094
vt 0.375000 0.746094
vt 0.496094 0.612891
vt 0.496094 0.612891
vt 0.496094 0.612891
vt 0.375000 0.503906
vt 0.496094 0.612891
vt 0.496094 0.612891
vt 0.375000 0.503906
vt 0.375000 0.503906
vn 0.750580 -0.637514 0.173798
vn 0.750580 -0.637514 0.173798
vn 0.750580 -0.637514 0.173798
vn 0.566417 -0.578353 0.587093
vn 0.566417 -0.578353 0.587093
vn 0.566417 -0.578353 0.587093
vn 0.802129 0.109138 0.587093
vn 0.802129 0.109138 0.587093
vn 0.802129 0.109138 0.587093
vn 0.983849 0.042853 0.173798
vn 0.983849 0.042853 0.173798
vn 0.983849 0.042853 0.173798
vn -0.848330 0.290856 -0.442424
vn -0.848330 0.290856 -0.442424
vn -0.848330 0.290856 -0.442424
vn -0.848330 0.290856 -0.442424
vn -0.848330 0.290856 -0.442424
vn -0.848330 0.290856 -0.442424
vn -0.848330 0.290856 -0.442424
vn -0.848330 0.290856 -0.442424
vn -0.848330 0.290856 -0.442424
vn -0.848330 0.290856 -0.442424
vn -0.848330 0.290856 -0.442424
vn -0.848330 0.290856 -0.442424
vn -0.027674 -0.858817 -0.511534
vn -0.027674 -0.858817 -0.511534
vn -0.027674 -0.858817 -0.511534
vn -0.027674 -0.858817 -0.511534
vn -0.027674 -0.858817 -0.511534
vn -0.027674 -0.858817 -0.511534
vn -0.488733 -0.751574 0.443031
vn -0.488733 -0.751574 0.443031
vn -0.488733 -0.751574 0.443031
vn -0.488733 -0.751574 0.443031
vn -0.488733 -0.751574 0.443031
vn -0.488733 -0.751574 0.443031
vn 0.075238 0.893344 0.443031
vn 0.075238 0.893344 0.443031
vn 0.075238 0.893344 0.443031
vn 0.075238 0.893344 0.443031
vn 0.075238 0.893344 0.443031
vn 0.075238 0.893344 0.443031
vn 0.505106 0.695126 -0.511534
vn 0.505106 0.695126 -0.511534
vn 0.505106 0.695126 -0.511534
vn 0.505106 0.695126 -0.511534
vn 0.505106 0.695126 -0.511534
vn 0.505106 0.695126 -0.511534
f 2896/2896/2896 2897/2897/2897 2898/2898/2898
f 2899/2899/2899 2900/2900/2900 2901/2901/2901
f 2902/2902/2902 2903/2903/2903 2904/2904/2904
f 2905/2905/2905 2906/2906/2906 2907/2907/2907
f 2908/2908/2908 2909/2909/2909 2910/2910/2910
f 2911/2911/2911 2912/2912/2912 2913/2913/2913
f 2914/2914/2914 2915/2915/2915 2916/2916/2916
f 2917/2917/2917 2918/2918/2918 2919/2919/2919
f 2920/2920/2920 2921/2921/2921 2922/2922/2922
f 2923/2923/2923 2924/2924/2924 2925/2925/2925
f 2926/2926/2926 2927/2927/2927 2928/2928/2928
f 2929/2929/2929 2930/2930/2930 2931/2931/2931
f 2932/2932/2932 2933/2933/2933 2934/2934/2934
f 2935/2935/2935 2936/2936/2936 2937/2937/2937
f 2938/2938/2938 2939/2939/2939 2940/2940/2940
f 2941/2941/2941 2942/2942/2942 2943/2943/2943
o RightEye
usemtl PaintedVinefangFantasy
v 0.583139 6.589470 -9.092802
v 2.165945 6.806065 -8.617961
v 2.040986 6.020910 -8.655448
v 0.583139 6.589470 -9.092802
v 2.040986 6.020910 -8.655448
v 0.708097 6.047984 -9.055315
vt 0.753906 0.996094
vt 0.996094 0.996094
vt 0.996094 0.753906
vt 0.753906 0.996094
vt 0.996094 0.753906
vt 0.753906 0.753906
vn 0.287348 -0.000000 -0.957826
vn 0.287348 -0.000000 -0.957826
vn 0.287348 -0.000000 -0.957826
vn 0.287348 -0.000000 -0.957826
vn 0.287348 -0.000000 -0.957826
vn 0.287348 -0.000000 -0.957826
f 2944/2944/2944 2945/2945/2945 2946/2946/2946
f 2947/2947/2947 2948/2948/2948 2949/2949/2949
o RightBrow
usemtl PaintedVinefangFantasy
v 0.583139 6.706098 -8.926191
v 1.280277 6.938477 -8.717921
v 1.193111 7.238716 -8.863190
v 1.193111 7.238716 -8.863190
v 1.280277 6.938477 -8.717921
v 2.158161 7.231105 -8.786189
v 2.158161 7.231105 -8.786189
v 1.280277 6.938477 -8.717921
v 1.390687 6.645986 -8.863190
v 1.390687 6.645986 -8.863190
v 1.280277 6.938477 -8.717921
v 0.583139 6.706098 -8.926191
v 0.588950 6.708035 -8.998826
v 1.198921 7.240653 -8.935825
v 1.297710 6.944288 -8.935825
v 1.198921 7.240653 -8.935825
v 2.163972 7.233042 -8.858824
v 1.297710 6.944288 -8.935825
v 2.163972 7.233042 -8.858824
v 1.396498 6.647923 -8.935825
v 1.297710 6.944288 -8.935825
v 1.396498 6.647923 -8.935825
v 0.588950 6.708035 -8.998826
v 1.297710 6.944288 -8.935825
v 0.583139 6.706098 -8.926191
v 1.198921 7.240653 -8.935825
v 0.588950 6.708035 -8.998826
v 0.583139 6.706098 -8.926191
v 1.193111 7.238716 -8.863190
v 1.198921 7.240653 -8.935825
v 1.193111 7.238716 -8.863190
v 2.163972 7.233042 -8.858824
v 1.198921 7.240653 -8.935825
v 1.193111 7.238716 -8.863190
v 2.158161 7.231105 -8.786189
v 2.163972 7.233042 -8.858824
v 2.158161 7.231105 -8.786189
v 1.396498 6.647923 -8.935825
v 2.163972 7.233042 -8.858824
v 2.158161 7.231105 -8.786189
v 1.390687 6.645986 -8.863190
v 1.396498 6.647923 -8.935825
v 1.390687 6.645986 -8.863190
v 0.588950 6.708035 -8.998826
v 1.396498 6.647923 -8.935825
v 1.390687 6.645986 -8.863190
v 0.583139 6.706098 -8.926191
v 0.588950 6.708035 -8.998826
vt 0.125000 0.753906
vt 0.125000 0.862891
vt 0.003906 0.862891
vt 0.003906 0.862891
vt 0.125000 0.862891
vt 0.125000 0.996094
vt 0.125000 0.996094
vt 0.125000 0.862891
vt 0.246094 0.862891
vt 0.246094 0.862891
vt 0.125000 0.862891
vt 0.125000 0.753906
vt 0.125000 0.753906
vt 0.003906 0.862891
vt 0.125000 0.862891
vt 0.003906 0.862891
vt 0.125000 0.996094
vt 0.125000 0.862891
vt 0.125000 0.996094
vt 0.246094 0.862891
vt 0.125000 0.862891
vt 0.246094 0.862891
vt 0.125000 0.753906
vt 0.125000 0.862891
vt 0.125000 0.753906
vt 0.003906 0.862891
vt 0.125000 0.753906
vt 0.125000 0.753906
vt 0.003906 0.862891
vt 0.003906 0.862891
vt 0.003906 0.862891
vt 0.125000 0.996094
vt 0.003906 0.862891
vt 0.003906 0.862891
vt 0.125000 0.996094
vt 0.125000 0.996094
vt 0.125000 0.996094
vt 0.246094 0.862891
vt 0.125000 0.996094
vt 0.125000 0.996094
vt 0.246094 0.862891
vt 0.246094 0.862891
vt 0.246094 0.862891
vt 0.125000 0.753906
vt 0.246094 0.862891
vt 0.246094 0.862891
vt 0.125000 0.753906
vt 0.125000 0.753906
vn -0.366884 0.316703 0.874697
vn -0.366884 0.316703 0.874697
vn -0.366884 0.316703 0.874697
vn -0.068970 0.418209 0.905729
vn -0.068970 0.418209 0.905729
vn -0.068970 0.418209 0.905729
vn 0.195750 -0.375949 0.905729
vn 0.195750 -0.375949 0.905729
vn 0.195750 -0.375949 0.905729
vn -0.103485 -0.473493 0.874697
vn -0.103485 -0.473493 0.874697
vn -0.103485 -0.473493 0.874697
vn 0.079717 0.026572 -0.996463
vn 0.079717 0.026572 -0.996463
vn 0.079717 0.026572 -0.996463
vn 0.079717 0.026572 -0.996463
vn 0.079717 0.026572 -0.996463
vn 0.079717 0.026572 -0.996463
vn 0.079717 0.026572 -0.996463
vn 0.079717 0.026572 -0.996463
vn 0.079717 0.026572 -0.996463
vn 0.079717 0.026572 -0.996463
vn 0.079717 0.026572 -0.996463
vn 0.079717 0.026572 -0.996463
vn -0.655490 0.754512 -0.032319
vn -0.655490 0.754512 -0.032319
vn -0.655490 0.754512 -0.032319
vn -0.655490 0.754512 -0.032319
vn -0.655490 0.754512 -0.032319
vn -0.655490 0.754512 -0.032319
vn 0.005720 0.999616 0.027114
vn 0.005720 0.999616 0.027114
vn 0.005720 0.999616 0.027114
vn 0.005720 0.999616 0.027114
vn 0.005720 0.999616 0.027114
vn 0.005720 0.999616 0.027114
vn 0.604346 -0.796261 0.027114
vn 0.604346 -0.796261 0.027114
vn 0.604346 -0.796261 0.027114
vn 0.604346 -0.796261 0.027114
vn 0.604346 -0.796261 0.027114
vn 0.604346 -0.796261 0.027114
vn -0.071685 -0.996904 -0.032319
vn -0.071685 -0.996904 -0.032319
vn -0.071685 -0.996904 -0.032319
vn -0.071685 -0.996904 -0.032319
vn -0.071685 -0.996904 -0.032319
vn -0.071685 -0.996904 -0.032319
f 2950/2950/2950 2951/2951/2951 2952/2952/2952
f 2953/2953/2953 2954/2954/2954 2955/2955/2955
f 2956/2956/2956 2957/2957/2957 2958/2958/2958
f 2959/2959/2959 2960/2960/2960 2961/2961/2961
f 2962/2962/2962 2963/2963/2963 2964/2964/2964
f 2965/2965/2965 2966/2966/2966 2967/2967/2967
f 2968/2968/2968 2969/2969/2969 2970/2970/2970
f 2971/2971/2971 2972/2972/2972 2973/2973/2973
f 2974/2974/2974 2975/2975/2975 2976/2976/2976
f 2977/2977/2977 2978/2978/2978 2979/2979/2979
f 2980/2980/2980 2981/2981/2981 2982/2982/2982
f 2983/2983/2983 2984/2984/2984 2985/2985/2985
f 2986/2986/2986 2987/2987/2987 2988/2988/2988
f 2989/2989/2989 2990/2990/2990 2991/2991/2991
f 2992/2992/2992 2993/2993/2993 2994/2994/2994
f 2995/2995/2995 2996/2996/2996 2997/2997/2997
o RightEar
usemtl PaintedVinefangFantasy
v 1.047984 7.252582 -7.289237
v 2.422526 10.709763 -6.789404
v 2.797401 7.085971 -6.997667
v 1.047984 7.252582 -6.497834
v 2.797401 7.085971 -6.206265
v 2.422526 10.709763 -5.998001
v 1.047984 7.252582 -7.289237
v 2.797401 7.085971 -6.997667
v 2.797401 7.085971 -6.206265
v 1.047984 7.252582 -7.289237
v 2.797401 7.085971 -6.206265
v 1.047984 7.252582 -6.497834
v 2.797401 7.085971 -6.997667
v 2.422526 10.709763 -6.789404
v 2.422526 10.709763 -5.998001
v 2.797401 7.085971 -6.997667
v 2.422526 10.709763 -5.998001
v 2.797401 7.085971 -6.206265
v 2.422526 10.709763 -6.789404
v 1.047984 7.252582 -7.289237
v 1.047984 7.252582 -6.497834
v 2.422526 10.709763 -6.789404
v 1.047984 7.252582 -6.497834
v 2.422526 10.709763 -5.998001
vt 0.003906 0.753906
vt 0.125000 0.996094
vt 0.246094 0.753906
vt 0.003906 0.753906
vt 0.246094 0.753906
vt 0.125000 0.996094
vt 0.003906 0.996094
vt 0.246094 0.996094
vt 0.246094 0.753906
vt 0.003906 0.996094
vt 0.246094 0.753906
vt 0.003906 0.753906
vt 0.003906 0.996094
vt 0.246094 0.996094
vt 0.246094 0.753906
vt 0.003906 0.996094
vt 0.246094 0.753906
vt 0.003906 0.753906
vt 0.003906 0.996094
vt 0.246094 0.996094
vt 0.246094 0.753906
vt 0.003906 0.996094
vt 0.246094 0.753906
vt 0.003906 0.753906
vn 0.170812 0.074136 -0.982511
vn 0.170812 0.074136 -0.982511
vn 0.170812 0.074136 -0.982511
vn -0.170812 -0.074136 0.982511
vn -0.170812 -0.074136 0.982511
vn -0.170812 -0.074136 0.982511
vn -0.094809 -0.995495 0.000000
vn -0.094809 -0.995495 0.000000
vn -0.094809 -0.995495 0.000000
vn -0.094809 -0.995495 0.000000
vn -0.094809 -0.995495 0.000000
vn -0.094809 -0.995495 0.000000
vn 0.994692 0.102899 0.000000
vn 0.994692 0.102899 0.000000
vn 0.994692 0.102899 0.000000
vn 0.994692 0.102899 -0.000000
vn 0.994692 0.102899 -0.000000
vn 0.994692 0.102899 -0.000000
vn -0.929247 0.369460 0.000000
vn -0.929247 0.369460 0.000000
vn -0.929247 0.369460 0.000000
vn -0.929247 0.369460 0.000000
vn -0.929247 0.369460 0.000000
vn -0.929247 0.369460 0.000000
f 2998/2998/2998 2999/2999/2999 3000/3000/3000
f 3001/3001/3001 3002/3002/3002 3003/3003/3003
f 3004/3004/3004 3005/3005/3005 3006/3006/3006
f 3007/3007/3007 3008/3008/3008 3009/3009/3009
f 3010/3010/3010 3011/3011/3011 3012/3012/3012
f 3013/3013/3013 3014/3014/3014 3015/3015/3015
f 3016/3016/3016 3017/3017/3017 3018/3018/3018
f 3019/3019/3019 3020/3020/3020 3021/3021/3021
o RightEarPink
usemtl PaintedVinefangFantasy
v 1.332889 7.544152 -7.243419
v 2.212596 9.756748 -6.923525
v 2.452516 7.437521 -7.056814
vt 0.753906 0.503906
vt 0.875000 0.746094
vt 0.996094 0.503906
vn 0.170812 0.074136 -0.982511
vn 0.170812 0.074136 -0.982511
vn 0.170812 0.074136 -0.982511
f 3022/3022/3022 3023/3023/3023 3024/3024/3024
o RightFrontLeg
usemtl PaintedVinefangFantasy
v 4.675108 -4.290237 -3.207264
v 3.811230 -3.498834 -1.775130
v 3.963679 -4.290237 -1.836514
v 4.675108 -4.290237 -3.207264
v 4.370210 -3.498834 -2.749084
v 3.811230 -3.498834 -1.775130
v 3.963679 -4.290237 -1.836514
v 2.693269 -3.498834 -1.775130
v 2.540820 -4.290237 -1.836514
v 3.963679 -4.290237 -1.836514
v 3.811230 -3.498834 -1.775130
v 2.693269 -3.498834 -1.775130
v 2.540820 -4.290237 -1.836514
v 2.134289 -3.498834 -2.749084
v 1.829390 -4.290237 -3.207264
v 2.540820 -4.290237 -1.836514
v 2.693269 -3.498834 -1.775130
v 2.134289 -3.498834 -2.749084
v 1.829390 -4.290237 -3.207264
v 2.693269 -3.498834 -3.723038
v 2.540820 -4.290237 -4.578014
v 1.829390 -4.290237 -3.207264
v 2.134289 -3.498834 -2.749084
v 2.693269 -3.498834 -3.723038
v 2.540820 -4.290237 -4.578014
v 3.811230 -3.498834 -3.723038
v 3.963679 -4.290237 -4.578014
v 2.540820 -4.290237 -4.578014
v 2.693269 -3.498834 -3.723038
v 3.811230 -3.498834 -3.723038
v 3.963679 -4.290237 -4.578014
v 4.370210 -3.498834 -2.749084
v 4.675108 -4.290237 -3.207264
v 3.963679 -4.290237 -4.578014
v 3.811230 -3.498834 -3.723038
v 4.370210 -3.498834 -2.749084
v 4.370210 -3.498834 -2.749084
v 3.709597 -1.666111 -1.189000
v 3.811230 -3.498834 -1.775130
v 4.370210 -3.498834 -2.749084
v 4.166944 -1.666111 -1.874375
v 3.709597 -1.666111 -1.189000
v 3.811230 -3.498834 -1.775130
v 2.794902 -1.666111 -1.189000
v 2.693269 -3.498834 -1.775130
v 3.811230 -3.498834 -1.775130
v 3.709597 -1.666111 -1.189000
v 2.794902 -1.666111 -1.189000
v 2.693269 -3.498834 -1.775130
v 2.337554 -1.666111 -1.874375
v 2.134289 -3.498834 -2.749084
v 2.693269 -3.498834 -1.775130
v 2.794902 -1.666111 -1.189000
v 2.337554 -1.666111 -1.874375
v 2.134289 -3.498834 -2.749084
v 2.794902 -1.666111 -2.559750
v 2.693269 -3.498834 -3.723038
v 2.134289 -3.498834 -2.749084
v 2.337554 -1.666111 -1.874375
v 2.794902 -1.666111 -2.559750
v 2.693269 -3.498834 -3.723038
v 3.709597 -1.666111 -2.559750
v 3.811230 -3.498834 -3.723038
v 2.693269 -3.498834 -3.723038
v 2.794902 -1.666111 -2.559750
v 3.709597 -1.666111 -2.559750
v 3.811230 -3.498834 -3.723038
v 4.166944 -1.666111 -1.874375
v 4.370210 -3.498834 -2.749084
v 3.811230 -3.498834 -3.723038
v 3.709597 -1.666111 -2.559750
v 4.166944 -1.666111 -1.874375
v 4.166944 -1.666111 -1.874375
v 3.760413 -0.249917 -1.472399
v 3.709597 -1.666111 -1.189000
v 4.166944 -1.666111 -1.874375
v 4.268577 -0.249917 -2.374209
v 3.760413 -0.249917 -1.472399
v 3.709597 -1.666111 -1.189000
v 2.744085 -0.249917 -1.472399
v 2.794902 -1.666111 -1.189000
v 3.709597 -1.666111 -1.189000
v 3.760413 -0.249917 -1.472399
v 2.744085 -0.249917 -1.472399
v 2.794902 -1.666111 -1.189000
v 2.235921 -0.249917 -2.374209
v 2.337554 -1.666111 -1.874375
v 2.794902 -1.666111 -1.189000
v 2.744085 -0.249917 -1.472399
v 2.235921 -0.249917 -2.374209
v 2.337554 -1.666111 -1.874375
v 2.744085 -0.249917 -3.276018
v 2.794902 -1.666111 -2.559750
v 2.337554 -1.666111 -1.874375
v 2.235921 -0.249917 -2.374209
v 2.744085 -0.249917 -3.276018
v 2.794902 -1.666111 -2.559750
v 3.760413 -0.249917 -3.276018
v 3.709597 -1.666111 -2.559750
v 2.794902 -1.666111 -2.559750
v 2.744085 -0.249917 -3.276018
v 3.760413 -0.249917 -3.276018
v 3.709597 -1.666111 -2.559750
v 4.268577 -0.249917 -2.374209
v 4.166944 -1.666111 -1.874375
v 3.709597 -1.666111 -2.559750
v 3.760413 -0.249917 -3.276018
v 4.268577 -0.249917 -2.374209
v 4.268577 -0.249917 -2.374209
v 3.719354 2.207597 -1.039531
v 3.760413 -0.249917 -1.472399
v 4.268577 -0.249917 -2.374209
v 4.583232 2.207597 -2.374209
v 3.719354 2.207597 -1.039531
v 3.760413 -0.249917 -1.472399
v 1.991596 2.207597 -1.039531
v 2.744085 -0.249917 -1.472399
v 3.760413 -0.249917 -1.472399
v 3.719354 2.207597 -1.039531
v 1.991596 2.207597 -1.039531
v 2.744085 -0.249917 -1.472399
v 1.127717 2.207597 -2.374209
v 2.235921 -0.249917 -2.374209
v 2.744085 -0.249917 -1.472399
v 1.991596 2.207597 -1.039531
v 1.127717 2.207597 -2.374209
v 2.235921 -0.249917 -2.374209
v 1.991596 2.207597 -3.708886
v 2.744085 -0.249917 -3.276018
v 2.235921 -0.249917 -2.374209
v 1.127717 2.207597 -2.374209
v 1.991596 2.207597 -3.708886
v 2.744085 -0.249917 -3.276018
v 3.719354 2.207597 -3.708886
v 3.760413 -0.249917 -3.276018
v 2.744085 -0.249917 -3.276018
v 1.991596 2.207597 -3.708886
v 3.719354 2.207597 -3.708886
v 3.760413 -0.249917 -3.276018
v 4.583232 2.207597 -2.374209
v 4.268577 -0.249917 -2.374209
v 3.760413 -0.249917 -3.276018
v 3.719354 2.207597 -3.708886
v 4.583232 2.207597 -2.374209
v 3.252249 -4.290237 -3.207264
v 4.675108 -4.290237 -3.207264
v 3.963679 -4.290237 -1.836514
v 3.252249 -4.290237 -3.207264
v 3.963679 -4.290237 -1.836514
v 2.540820 -4.290237 -1.836514
v 3.252249 -4.290237 -3.207264
v 2.540820 -4.290237 -1.836514
v 1.829390 -4.290237 -3.207264
v 3.252249 -4.290237 -3.207264
v 1.829390 -4.290237 -3.207264
v 2.540820 -4.290237 -4.578014
v 3.252249 -4.290237 -3.207264
v 2.540820 -4.290237 -4.578014
v 3.963679 -4.290237 -4.578014
v 3.252249 -4.290237 -3.207264
v 3.963679 -4.290237 -4.578014
v 4.675108 -4.290237 -3.207264
v 2.855475 2.207597 -2.374209
v 3.719354 2.207597 -1.039531
v 4.583232 2.207597 -2.374209
v 2.855475 2.207597 -2.374209
v 1.991596 2.207597 -1.039531
v 3.719354 2.207597 -1.039531
v 2.855475 2.207597 -2.374209
v 1.127717 2.207597 -2.374209
v 1.991596 2.207597 -1.039531
v 2.855475 2.207597 -2.374209
v 1.991596 2.207597 -3.708886
v 1.127717 2.207597 -2.374209
v 2.855475 2.207597 -2.374209
v 3.719354 2.207597 -3.708886
v 1.991596 2.207597 -3.708886
v 2.855475 2.207597 -2.374209
v 4.583232 2.207597 -2.374209
v 3.719354 2.207597 -3.708886
vt 0.003906 0.503906
vt 0.246094 0.746094
vt 0.246094 0.503906
vt 0.003906 0.503906
vt 0.003906 0.746094
vt 0.246094 0.746094
vt 0.003906 0.503906
vt 0.246094 0.746094
vt 0.246094 0.503906
vt 0.003906 0.503906
vt 0.003906 0.746094
vt 0.246094 0.746094
vt 0.003906 0.503906
vt 0.246094 0.746094
vt 0.246094 0.503906
vt 0.003906 0.503906
vt 0.003906 0.746094
vt 0.246094 0.746094
vt 0.003906 0.503906
vt 0.246094 0.746094
vt 0.246094 0.503906
vt 0.003906 0.503906
vt 0.003906 0.746094
vt 0.246094 0.746094
vt 0.003906 0.503906
vt 0.246094 0.746094
vt 0.246094 0.503906
vt 0.003906 0.503906
vt 0.003906 0.746094
vt 0.246094 0.746094
vt 0.003906 0.503906
vt 0.246094 0.746094
vt 0.246094 0.503906
vt 0.003906 0.503906
vt 0.003906 0.746094
vt 0.246094 0.746094
vt 0.003906 0.503906
vt 0.246094 0.746094
vt 0.246094 0.503906
vt 0.003906 0.503906
vt 0.003906 0.746094
vt 0.246094 0.746094
vt 0.003906 0.503906
vt 0.246094 0.746094
vt 0.246094 0.503906
vt 0.003906 0.503906
vt 0.003906 0.746094
vt 0.246094 0.746094
vt 0.003906 0.503906
vt 0.246094 0.746094
vt 0.246094 0.503906
vt 0.003906 0.503906
vt 0.003906 0.746094
vt 0.246094 0.746094
vt 0.003906 0.503906
vt 0.246094 0.746094
vt 0.246094 0.503906
vt 0.003906 0.503906
vt 0.003906 0.746094
vt 0.246094 0.746094
vt 0.003906 0.503906
vt 0.246094 0.746094
vt 0.246094 0.503906
vt 0.003906 0.503906
vt 0.003906 0.746094
vt 0.246094 0.746094
vt 0.003906 0.503906
vt 0.246094 0.746094
vt 0.246094 0.503906
vt 0.003906 0.503906
vt 0.003906 0.746094
vt 0.246094 0.746094
vt 0.003906 0.503906
vt 0.246094 0.746094
vt 0.246094 0.503906
vt 0.003906 0.503906
vt 0.003906 0.746094
vt 0.246094 0.746094
vt 0.003906 0.503906
vt 0.246094 0.746094
vt 0.246094 0.503906
vt 0.003906 0.503906
vt 0.003906 0.746094
vt 0.246094 0.746094
vt 0.003906 0.503906
vt 0.246094 0.746094
vt 0.246094 0.503906
vt 0.003906 0.503906
vt 0.003906 0.746094
vt 0.246094 0.746094
vt 0.003906 0.503906
vt 0.246094 0.746094
vt 0.246094 0.503906
vt 0.003906 0.503906
vt 0.003906 0.746094
vt 0.246094 0.746094
vt 0.003906 0.503906
vt 0.246094 0.746094
vt 0.246094 0.503906
vt 0.003906 0.503906
vt 0.003906 0.746094
vt 0.246094 0.746094
vt 0.003906 0.503906
vt 0.246094 0.746094
vt 0.246094 0.503906
vt 0.003906 0.503906
vt 0.003906 0.746094
vt 0.246094 0.746094
vt 0.003906 0.503906
vt 0.246094 0.746094
vt 0.246094 0.503906
vt 0.003906 0.503906
vt 0.003906 0.746094
vt 0.246094 0.746094
vt 0.003906 0.503906
vt 0.246094 0.746094
vt 0.246094 0.503906
vt 0.003906 0.503906
vt 0.003906 0.746094
vt 0.246094 0.746094
vt 0.003906 0.503906
vt 0.246094 0.746094
vt 0.246094 0.503906
vt 0.003906 0.503906
vt 0.003906 0.746094
vt 0.246094 0.746094
vt 0.003906 0.503906
vt 0.246094 0.746094
vt 0.246094 0.503906
vt 0.003906 0.503906
vt 0.003906 0.746094
vt 0.246094 0.746094
vt 0.003906 0.503906
vt 0.246094 0.746094
vt 0.246094 0.503906
vt 0.003906 0.503906
vt 0.003906 0.746094
vt 0.246094 0.746094
vt 0.003906 0.503906
vt 0.246094 0.746094
vt 0.246094 0.503906
vt 0.003906 0.503906
vt 0.003906 0.746094
vt 0.246094 0.746094
vt 0.125000 0.625000
vt 0.003906 0.746094
vt 0.246094 0.503906
vt 0.125000 0.625000
vt 0.003906 0.746094
vt 0.246094 0.503906
vt 0.125000 0.625000
vt 0.003906 0.746094
vt 0.246094 0.503906
vt 0.125000 0.625000
vt 0.003906 0.746094
vt 0.246094 0.503906
vt 0.125000 0.625000
vt 0.003906 0.746094
vt 0.246094 0.503906
vt 0.125000 0.625000
vt 0.003906 0.746094
vt 0.246094 0.503906
vt 0.125000 0.625000
vt 0.246094 0.503906
vt 0.003906 0.746094
vt 0.125000 0.625000
vt 0.246094 0.503906
vt 0.003906 0.746094
vt 0.125000 0.625000
vt 0.246094 0.503906
vt 0.003906 0.746094
vt 0.125000 0.625000
vt 0.246094 0.503906
vt 0.003906 0.746094
vt 0.125000 0.625000
vt 0.246094 0.503906
vt 0.003906 0.746094
vt 0.125000 0.625000
vt 0.246094 0.503906
vt 0.003906 0.746094
vn 0.879569 0.134025 0.456503
vn 0.879569 0.134025 0.456503
vn 0.879569 0.134025 0.456503
vn 0.866393 0.045909 0.497248
vn 0.866393 0.045909 0.497248
vn 0.866393 0.045909 0.497248
vn 0.000000 -0.077332 0.997005
vn 0.000000 -0.077332 0.997005
vn 0.000000 -0.077332 0.997005
vn 0.000000 -0.077332 0.997005
vn 0.000000 -0.077332 0.997005
vn 0.000000 -0.077332 0.997005
vn -0.885075 0.075041 0.459360
vn -0.885075 0.075041 0.459360
vn -0.885075 0.075041 0.459360
vn -0.860239 0.127414 0.493716
vn -0.860239 0.127414 0.493716
vn -0.860239 0.127414 0.493716
vn -0.737836 0.555835 -0.382943
vn -0.737836 0.555835 -0.382943
vn -0.737836 0.555835 -0.382943
vn -0.736359 0.528365 -0.422618
vn -0.736359 0.528365 -0.422618
vn -0.736359 0.528365 -0.422618
vn -0.000000 0.733864 -0.679296
vn -0.000000 0.733864 -0.679296
vn -0.000000 0.733864 -0.679296
vn 0.000000 0.733864 -0.679296
vn 0.000000 0.733864 -0.679296
vn 0.000000 0.733864 -0.679296
vn 0.758183 0.519917 -0.393503
vn 0.758183 0.519917 -0.393503
vn 0.758183 0.519917 -0.393503
vn 0.708914 0.576109 -0.406866
vn 0.708914 0.576109 -0.406866
vn 0.708914 0.576109 -0.406866
vn 0.862004 -0.110419 0.494729
vn 0.862004 -0.110419 0.494729
vn 0.862004 -0.110419 0.494729
vn 0.819681 -0.170143 0.546969
vn 0.819681 -0.170143 0.546969
vn 0.819681 -0.170143 0.546969
vn 0.000000 -0.304615 0.952476
vn 0.000000 -0.304615 0.952476
vn 0.000000 -0.304615 0.952476
vn 0.000000 -0.304615 0.952476
vn 0.000000 -0.304615 0.952476
vn 0.000000 -0.304615 0.952476
vn -0.858767 -0.139989 0.492871
vn -0.858767 -0.139989 0.492871
vn -0.858767 -0.139989 0.492871
vn -0.824721 -0.130269 0.550332
vn -0.824721 -0.130269 0.550332
vn -0.824721 -0.130269 0.550332
vn -0.814982 0.342085 -0.467742
vn -0.814982 0.342085 -0.467742
vn -0.814982 0.342085 -0.467742
vn -0.783342 0.336360 -0.522721
vn -0.783342 0.336360 -0.522721
vn -0.783342 0.336360 -0.522721
vn 0.000000 0.535895 -0.844285
vn 0.000000 0.535895 -0.844285
vn 0.000000 0.535895 -0.844285
vn -0.000000 0.535895 -0.844285
vn -0.000000 0.535895 -0.844285
vn -0.000000 0.535895 -0.844285
vn 0.822693 0.316597 -0.472167
vn 0.822693 0.316597 -0.472167
vn 0.822693 0.316597 -0.472167
vn 0.772729 0.370144 -0.515639
vn 0.772729 0.370144 -0.515639
vn 0.772729 0.370144 -0.515639
vn 0.829078 0.080961 0.553240
vn 0.829078 0.080961 0.553240
vn 0.829078 0.080961 0.553240
vn 0.865912 0.110071 0.487936
vn 0.865912 0.110071 0.487936
vn 0.865912 0.110071 0.487936
vn 0.000000 0.196223 0.980559
vn 0.000000 0.196223 0.980559
vn 0.000000 0.196223 0.980559
vn 0.000000 0.196223 0.980559
vn 0.000000 0.196223 0.980559
vn 0.000000 0.196223 0.980559
vn -0.824198 0.134964 0.549984
vn -0.824198 0.134964 0.549984
vn -0.824198 0.134964 0.549984
vn -0.869258 0.066829 0.489821
vn -0.869258 0.066829 0.489821
vn -0.869258 0.066829 0.489821
vn -0.794378 -0.296605 -0.530085
vn -0.794378 -0.296605 -0.530085
vn -0.794378 -0.296605 -0.530085
vn -0.847953 -0.229494 -0.477816
vn -0.847953 -0.229494 -0.477816
vn -0.847953 -0.229494 -0.477816
vn -0.000000 -0.451327 -0.892358
vn -0.000000 -0.451327 -0.892358
vn -0.000000 -0.451327 -0.892358
vn -0.000000 -0.451327 -0.892358
vn -0.000000 -0.451327 -0.892358
vn -0.000000 -0.451327 -0.892358
vn 0.805900 -0.247638 -0.537774
vn 0.805900 -0.247638 -0.537774
vn 0.805900 -0.247638 -0.537774
vn 0.839037 -0.269230 -0.472792
vn 0.839037 -0.269230 -0.472792
vn 0.839037 -0.269230 -0.472792
vn 0.868961 -0.071730 0.489654
vn 0.868961 -0.071730 0.489654
vn 0.868961 -0.071730 0.489654
vn 0.834687 -0.106872 0.540256
vn 0.834687 -0.106872 0.540256
vn 0.834687 -0.106872 0.540256
vn 0.000000 -0.173470 0.984839
vn 0.000000 -0.173470 0.984839
vn 0.000000 -0.173470 0.984839
vn 0.000000 -0.173470 0.984839
vn 0.000000 -0.173470 0.984839
vn 0.000000 -0.173470 0.984839
vn -0.810873 -0.365659 0.456922
vn -0.810873 -0.365659 0.456922
vn -0.810873 -0.365659 0.456922
vn -0.791680 -0.332670 0.512420
vn -0.791680 -0.332670 0.512420
vn -0.791680 -0.332670 0.512420
vn -0.821463 -0.333065 -0.462889
vn -0.821463 -0.333065 -0.462889
vn -0.821463 -0.333065 -0.462889
vn -0.785119 -0.354046 -0.508173
vn -0.785119 -0.354046 -0.508173
vn -0.785119 -0.354046 -0.508173
vn -0.000000 -0.173470 -0.984839
vn -0.000000 -0.173470 -0.984839
vn -0.000000 -0.173470 -0.984839
vn -0.000000 -0.173470 -0.984839
vn -0.000000 -0.173470 -0.984839
vn -0.000000 -0.173470 -0.984839
vn 0.865835 -0.110860 -0.487893
vn 0.865835 -0.110860 -0.487893
vn 0.865835 -0.110860 -0.487893
vn 0.836708 -0.081412 -0.541565
vn 0.836708 -0.081412 -0.541565
vn 0.836708 -0.081412 -0.541565
vn 0.000000 -1.000000 0.000000
vn 0.000000 -1.000000 0.000000
vn 0.000000 -1.000000 0.000000
vn 0.000000 -1.000000 0.000000
vn 0.000000 -1.000000 0.000000
vn 0.000000 -1.000000 0.000000
vn 0.000000 -1.000000 0.000000
vn 0.000000 -1.000000 0.000000
vn 0.000000 -1.000000 0.000000
vn -0.000000 -1.000000 0.000000
vn -0.000000 -1.000000 0.000000
vn -0.000000 -1.000000 0.000000
vn 0.000000 -1.000000 -0.000000
vn 0.000000 -1.000000 -0.000000
vn 0.000000 -1.000000 -0.000000
vn 0.000000 -1.000000 0.000000
vn 0.000000 -1.000000 0.000000
vn 0.000000 -1.000000 0.000000
vn 0.000000 1.000000 0.000000
vn 0.000000 1.000000 0.000000
vn 0.000000 1.000000 0.000000
vn 0.000000 1.000000 -0.000000
vn 0.000000 1.000000 -0.000000
vn 0.000000 1.000000 -0.000000
vn 0.000000 1.000000 0.000000
vn 0.000000 1.000000 0.000000
vn 0.000000 1.000000 0.000000
vn 0.000000 1.000000 0.000000
vn 0.000000 1.000000 0.000000
vn 0.000000 1.000000 0.000000
vn 0.000000 1.000000 0.000000
vn 0.000000 1.000000 0.000000
vn 0.000000 1.000000 0.000000
vn -0.000000 1.000000 0.000000
vn -0.000000 1.000000 0.000000
vn -0.000000 1.000000 0.000000
f 3025/3025/3025 3026/3026/3026 3027/3027/3027
f 3028/3028/3028 3029/3029/3029 3030/3030/3030
f 3031/3031/3031 3032/3032/3032 3033/3033/3033
f 3034/3034/3034 3035/3035/3035 3036/3036/3036
f 3037/3037/3037 3038/3038/3038 3039/3039/3039
f 3040/3040/3040 3041/3041/3041 3042/3042/3042
f 3043/3043/3043 3044/3044/3044 3045/3045/3045
f 3046/3046/3046 3047/3047/3047 3048/3048/3048
f 3049/3049/3049 3050/3050/3050 3051/3051/3051
f 3052/3052/3052 3053/3053/3053 3054/3054/3054
f 3055/3055/3055 3056/3056/3056 3057/3057/3057
f 3058/3058/3058 3059/3059/3059 3060/3060/3060
f 3061/3061/3061 3062/3062/3062 3063/3063/3063
f 3064/3064/3064 3065/3065/3065 3066/3066/3066
f 3067/3067/3067 3068/3068/3068 3069/3069/3069
f 3070/3070/3070 3071/3071/3071 3072/3072/3072
f 3073/3073/3073 3074/3074/3074 3075/3075/3075
f 3076/3076/3076 3077/3077/3077 3078/3078/3078
f 3079/3079/3079 3080/3080/3080 3081/3081/3081
f 3082/3082/3082 3083/3083/3083 3084/3084/3084
f 3085/3085/3085 3086/3086/3086 3087/3087/3087
f 3088/3088/3088 3089/3089/3089 3090/3090/3090
f 3091/3091/3091 3092/3092/3092 3093/3093/3093
f 3094/3094/3094 3095/3095/3095 3096/3096/3096
f 3097/3097/3097 3098/3098/3098 3099/3099/3099
f 3100/3100/3100 3101/3101/3101 3102/3102/3102
f 3103/3103/3103 3104/3104/3104 3105/3105/3105
f 3106/3106/3106 3107/3107/3107 3108/3108/3108
f 3109/3109/3109 3110/3110/3110 3111/3111/3111
f 3112/3112/3112 3113/3113/3113 3114/3114/3114
f 3115/3115/3115 3116/3116/3116 3117/3117/3117
f 3118/3118/3118 3119/3119/3119 3120/3120/3120
f 3121/3121/3121 3122/3122/3122 3123/3123/3123
f 3124/3124/3124 3125/3125/3125 3126/3126/3126
f 3127/3127/3127 3128/3128/3128 3129/3129/3129
f 3130/3130/3130 3131/3131/3131 3132/3132/3132
f 3133/3133/3133 3134/3134/3134 3135/3135/3135
f 3136/3136/3136 3137/3137/3137 3138/3138/3138
f 3139/3139/3139 3140/3140/3140 3141/3141/3141
f 3142/3142/3142 3143/3143/3143 3144/3144/3144
f 3145/3145/3145 3146/3146/3146 3147/3147/3147
f 3148/3148/3148 3149/3149/3149 3150/3150/3150
f 3151/3151/3151 3152/3152/3152 3153/3153/3153
f 3154/3154/3154 3155/3155/3155 3156/3156/3156
f 3157/3157/3157 3158/3158/3158 3159/3159/3159
f 3160/3160/3160 3161/3161/3161 3162/3162/3162
f 3163/3163/3163 3164/3164/3164 3165/3165/3165
f 3166/3166/3166 3167/3167/3167 3168/3168/3168
f 3169/3169/3169 3170/3170/3170 3171/3171/3171
f 3172/3172/3172 3173/3173/3173 3174/3174/3174
f 3175/3175/3175 3176/3176/3176 3177/3177/3177
f 3178/3178/3178 3179/3179/3179 3180/3180/3180
f 3181/3181/3181 3182/3182/3182 3183/3183/3183
f 3184/3184/3184 3185/3185/3185 3186/3186/3186
f 3187/3187/3187 3188/3188/3188 3189/3189/3189
f 3190/3190/3190 3191/3191/3191 3192/3192/3192
f 3193/3193/3193 3194/3194/3194 3195/3195/3195
f 3196/3196/3196 3197/3197/3197 3198/3198/3198
f 3199/3199/3199 3200/3200/3200 3201/3201/3201
f 3202/3202/3202 3203/3203/3203 3204/3204/3204
o RightFrontClaw-1
usemtl PaintedVinefangFantasy
v 2.779657 -3.998667 -4.873376
v 2.591636 -3.807064 -4.873376
v 2.591636 -3.769577 -4.081973
v 2.779657 -3.998667 -4.873376
v 2.591636 -3.769577 -4.081973
v 2.845718 -3.998667 -4.081973
v 2.591636 -3.807064 -4.873376
v 2.403615 -3.998667 -4.873376
v 2.337554 -3.998667 -4.081973
v 2.591636 -3.807064 -4.873376
v 2.337554 -3.998667 -4.081973
v 2.591636 -3.769577 -4.081973
v 2.403615 -3.998667 -4.873376
v 2.591636 -4.190270 -4.873376
v 2.591636 -4.227757 -4.081973
v 2.403615 -3.998667 -4.873376
v 2.591636 -4.227757 -4.081973
v 2.337554 -3.998667 -4.081973
v 2.591636 -4.190270 -4.873376
v 2.779657 -3.998667 -4.873376
v 2.845718 -3.998667 -4.081973
v 2.591636 -4.190270 -4.873376
v 2.845718 -3.998667 -4.081973
v 2.591636 -4.227757 -4.081973
v 2.591636 -3.998667 -4.873376
v 2.591636 -3.807064 -4.873376
v 2.779657 -3.998667 -4.873376
v 2.591636 -3.998667 -4.873376
v 2.403615 -3.998667 -4.873376
v 2.591636 -3.807064 -4.873376
v 2.591636 -3.998667 -4.873376
v 2.591636 -4.190270 -4.873376
v 2.403615 -3.998667 -4.873376
v 2.591636 -3.998667 -4.873376
v 2.779657 -3.998667 -4.873376
v 2.591636 -4.190270 -4.873376
v 2.591636 -3.998667 -4.081973
v 2.845718 -3.998667 -4.081973
v 2.591636 -3.769577 -4.081973
v 2.591636 -3.998667 -4.081973
v 2.591636 -3.769577 -4.081973
v 2.337554 -3.998667 -4.081973
v 2.591636 -3.998667 -4.081973
v 2.337554 -3.998667 -4.081973
v 2.591636 -4.227757 -4.081973
v 2.591636 -3.998667 -4.081973
v 2.591636 -4.227757 -4.081973
v 2.845718 -3.998667 -4.081973
vt 0.003906 0.496094
vt 0.064453 0.496094
vt 0.064453 0.253906
vt 0.003906 0.496094
vt 0.064453 0.253906
vt 0.003906 0.253906
vt 0.064453 0.496094
vt 0.125000 0.496094
vt 0.125000 0.253906
vt 0.064453 0.496094
vt 0.125000 0.253906
vt 0.064453 0.253906
vt 0.125000 0.496094
vt 0.185547 0.496094
vt 0.185547 0.253906
vt 0.125000 0.496094
vt 0.185547 0.253906
vt 0.125000 0.253906
vt 0.185547 0.496094
vt 0.246094 0.496094
vt 0.246094 0.253906
vt 0.185547 0.496094
vt 0.246094 0.253906
vt 0.185547 0.253906
vt 0.125000 0.375000
vt 0.221875 0.278125
vt 0.028125 0.471875
vt 0.125000 0.375000
vt 0.221875 0.278125
vt 0.028125 0.471875
vt 0.125000 0.375000
vt 0.221875 0.278125
vt 0.028125 0.471875
vt 0.125000 0.375000
vt 0.221875 0.278125
vt 0.028125 0.471875
vt 0.125000 0.375000
vt 0.028125 0.471875
vt 0.221875 0.278125
vt 0.125000 0.375000
vt 0.028125 0.471875
vt 0.221875 0.278125
vt 0.125000 0.375000
vt 0.028125 0.471875
vt 0.221875 0.278125
vt 0.125000 0.375000
vt 0.028125 0.471875
vt 0.221875 0.278125
vn 0.713355 0.700018 -0.033159
vn 0.713355 0.700018 -0.033159
vn 0.713355 0.700018 -0.033159
vn 0.668593 0.741531 -0.055810
vn 0.668593 0.741531 -0.055810
vn 0.668593 0.741531 -0.055810
vn -0.712484 0.699164 -0.059474
vn -0.712484 0.699164 -0.059474
vn -0.712484 0.699164 -0.059474
vn -0.669223 0.742229 -0.035158
vn -0.669223 0.742229 -0.035158
vn -0.669223 0.742229 -0.035158
vn -0.713355 -0.700018 -0.033159
vn -0.713355 -0.700018 -0.033159
vn -0.713355 -0.700018 -0.033159
vn -0.668593 -0.741531 -0.055810
vn -0.668593 -0.741531 -0.055810
vn -0.668593 -0.741531 -0.055810
vn 0.712484 -0.699164 -0.059474
vn 0.712484 -0.699164 -0.059474
vn 0.712484 -0.699164 -0.059474
vn 0.669223 -0.742229 -0.035158
vn 0.669223 -0.742229 -0.035158
vn 0.669223 -0.742229 -0.035158
vn 0.000000 0.000000 -1.000000
vn 0.000000 0.000000 -1.000000
vn 0.000000 0.000000 -1.000000
vn 0.000000 0.000000 -1.000000
vn 0.000000 0.000000 -1.000000
vn 0.000000 0.000000 -1.000000
vn -0.000000 -0.000000 -1.000000
vn -0.000000 -0.000000 -1.000000
vn -0.000000 -0.000000 -1.000000
vn 0.000000 0.000000 -1.000000
vn 0.000000 0.000000 -1.000000
vn 0.000000 0.000000 -1.000000
vn 0.000000 0.000000 1.000000
vn 0.000000 0.000000 1.000000
vn 0.000000 0.000000 1.000000
vn 0.000000 -0.000000 1.000000
vn 0.000000 -0.000000 1.000000
vn 0.000000 -0.000000 1.000000
vn 0.000000 0.000000 1.000000
vn 0.000000 0.000000 1.000000
vn 0.000000 0.000000 1.000000
vn -0.000000 0.000000 1.000000
vn -0.000000 0.000000 1.000000
vn -0.000000 0.000000 1.000000
f 3205/3205/3205 3206/3206/3206 3207/3207/3207
f 3208/3208/3208 3209/3209/3209 3210/3210/3210
f 3211/3211/3211 3212/3212/3212 3213/3213/3213
f 3214/3214/3214 3215/3215/3215 3216/3216/3216
f 3217/3217/3217 3218/3218/3218 3219/3219/3219
f 3220/3220/3220 3221/3221/3221 3222/3222/3222
f 3223/3223/3223 3224/3224/3224 3225/3225/3225
f 3226/3226/3226 3227/3227/3227 3228/3228/3228
f 3229/3229/3229 3230/3230/3230 3231/3231/3231
f 3232/3232/3232 3233/3233/3233 3234/3234/3234
f 3235/3235/3235 3236/3236/3236 3237/3237/3237
f 3238/3238/3238 3239/3239/3239 3240/3240/3240
f 3241/3241/3241 3242/3242/3242 3243/3243/3243
f 3244/3244/3244 3245/3245/3245 3246/3246/3246
f 3247/3247/3247 3248/3248/3248 3249/3249/3249
f 3250/3250/3250 3251/3251/3251 3252/3252/3252
o RightFrontClaw0
usemtl PaintedVinefangFantasy
v 3.440270 -3.998667 -4.873376
v 3.252249 -3.807064 -4.873376
v 3.252249 -3.769577 -4.081973
v 3.440270 -3.998667 -4.873376
v 3.252249 -3.769577 -4.081973
v 3.506331 -3.998667 -4.081973
v 3.252249 -3.807064 -4.873376
v 3.064229 -3.998667 -4.873376
v 2.998167 -3.998667 -4.081973
v 3.252249 -3.807064 -4.873376
v 2.998167 -3.998667 -4.081973
v 3.252249 -3.769577 -4.081973
v 3.064229 -3.998667 -4.873376
v 3.252249 -4.190270 -4.873376
v 3.252249 -4.227757 -4.081973
v 3.064229 -3.998667 -4.873376
v 3.252249 -4.227757 -4.081973
v 2.998167 -3.998667 -4.081973
v 3.252249 -4.190270 -4.873376
v 3.440270 -3.998667 -4.873376
v 3.506331 -3.998667 -4.081973
v 3.252249 -4.190270 -4.873376
v 3.506331 -3.998667 -4.081973
v 3.252249 -4.227757 -4.081973
v 3.252249 -3.998667 -4.873376
v 3.252249 -3.807064 -4.873376
v 3.440270 -3.998667 -4.873376
v 3.252249 -3.998667 -4.873376
v 3.064229 -3.998667 -4.873376
v 3.252249 -3.807064 -4.873376
v 3.252249 -3.998667 -4.873376
v 3.252249 -4.190270 -4.873376
v 3.064229 -3.998667 -4.873376
v 3.252249 -3.998667 -4.873376
v 3.440270 -3.998667 -4.873376
v 3.252249 -4.190270 -4.873376
v 3.252249 -3.998667 -4.081973
v 3.506331 -3.998667 -4.081973
v 3.252249 -3.769577 -4.081973
v 3.252249 -3.998667 -4.081973
v 3.252249 -3.769577 -4.081973
v 2.998167 -3.998667 -4.081973
v 3.252249 -3.998667 -4.081973
v 2.998167 -3.998667 -4.081973
v 3.252249 -4.227757 -4.081973
v 3.252249 -3.998667 -4.081973
v 3.252249 -4.227757 -4.081973
v 3.506331 -3.998667 -4.081973
vt 0.003906 0.496094
vt 0.064453 0.496094
vt 0.064453 0.253906
vt 0.003906 0.496094
vt 0.064453 0.253906
vt 0.003906 0.253906
vt 0.064453 0.496094
vt 0.125000 0.496094
vt 0.125000 0.253906
vt 0.064453 0.496094
vt 0.125000 0.253906
vt 0.064453 0.253906
vt 0.125000 0.496094
vt 0.185547 0.496094
vt 0.185547 0.253906
vt 0.125000 0.496094
vt 0.185547 0.253906
vt 0.125000 0.253906
vt 0.185547 0.496094
vt 0.246094 0.496094
vt 0.246094 0.253906
vt 0.185547 0.496094
vt 0.246094 0.253906
vt 0.185547 0.253906
vt 0.125000 0.375000
vt 0.221875 0.278125
vt 0.028125 0.471875
vt 0.125000 0.375000
vt 0.221875 0.278125
vt 0.028125 0.471875
vt 0.125000 0.375000
vt 0.221875 0.278125
vt 0.028125 0.471875
vt 0.125000 0.375000
vt 0.221875 0.278125
vt 0.028125 0.471875
vt 0.125000 0.375000
vt 0.028125 0.471875
vt 0.221875 0.278125
vt 0.125000 0.375000
vt 0.028125 0.471875
vt 0.221875 0.278125
vt 0.125000 0.375000
vt 0.028125 0.471875
vt 0.221875 0.278125
vt 0.125000 0.375000
vt 0.028125 0.471875
vt 0.221875 0.278125
vn 0.713355 0.700018 -0.033159
vn 0.713355 0.700018 -0.033159
vn 0.713355 0.700018 -0.033159
vn 0.668593 0.741531 -0.055810
vn 0.668593 0.741531 -0.055810
vn 0.668593 0.741531 -0.055810
vn -0.712484 0.699164 -0.059474
vn -0.712484 0.699164 -0.059474
vn -0.712484 0.699164 -0.059474
vn -0.669223 0.742229 -0.035158
vn -0.669223 0.742229 -0.035158
vn -0.669223 0.742229 -0.035158
vn -0.713355 -0.700018 -0.033159
vn -0.713355 -0.700018 -0.033159
vn -0.713355 -0.700018 -0.033159
vn -0.668593 -0.741531 -0.055810
vn -0.668593 -0.741531 -0.055810
vn -0.668593 -0.741531 -0.055810
vn 0.712484 -0.699164 -0.059474
vn 0.712484 -0.699164 -0.059474
vn 0.712484 -0.699164 -0.059474
vn 0.669223 -0.742229 -0.035158
vn 0.669223 -0.742229 -0.035158
vn 0.669223 -0.742229 -0.035158
vn 0.000000 0.000000 -1.000000
vn 0.000000 0.000000 -1.000000
vn 0.000000 0.000000 -1.000000
vn 0.000000 0.000000 -1.000000
vn 0.000000 0.000000 -1.000000
vn 0.000000 0.000000 -1.000000
vn -0.000000 -0.000000 -1.000000
vn -0.000000 -0.000000 -1.000000
vn -0.000000 -0.000000 -1.000000
vn 0.000000 0.000000 -1.000000
vn 0.000000 0.000000 -1.000000
vn 0.000000 0.000000 -1.000000
vn 0.000000 0.000000 1.000000
vn 0.000000 0.000000 1.000000
vn 0.000000 0.000000 1.000000
vn 0.000000 -0.000000 1.000000
vn 0.000000 -0.000000 1.000000
vn 0.000000 -0.000000 1.000000
vn 0.000000 0.000000 1.000000
vn 0.000000 0.000000 1.000000
vn 0.000000 0.000000 1.000000
vn -0.000000 0.000000 1.000000
vn -0.000000 0.000000 1.000000
vn -0.000000 0.000000 1.000000
f 3253/3253/3253 3254/3254/3254 3255/3255/3255
f 3256/3256/3256 3257/3257/3257 3258/3258/3258
f 3259/3259/3259 3260/3260/3260 3261/3261/3261
f 3262/3262/3262 3263/3263/3263 3264/3264/3264
f 3265/3265/3265 3266/3266/3266 3267/3267/3267
f 3268/3268/3268 3269/3269/3269 3270/3270/3270
f 3271/3271/3271 3272/3272/3272 3273/3273/3273
f 3274/3274/3274 3275/3275/3275 3276/3276/3276
f 3277/3277/3277 3278/3278/3278 3279/3279/3279
f 3280/3280/3280 3281/3281/3281 3282/3282/3282
f 3283/3283/3283 3284/3284/3284 3285/3285/3285
f 3286/3286/3286 3287/3287/3287 3288/3288/3288
f 3289/3289/3289 3290/3290/3290 3291/3291/3291
f 3292/3292/3292 3293/3293/3293 3294/3294/3294
f 3295/3295/3295 3296/3296/3296 3297/3297/3297
f 3298/3298/3298 3299/3299/3299 3300/3300/3300
o RightFrontClaw1
usemtl PaintedVinefangFantasy
v 4.100883 -3.998667 -4.873376
v 3.912862 -3.807064 -4.873376
v 3.912862 -3.769577 -4.081973
v 4.100883 -3.998667 -4.873376
v 3.912862 -3.769577 -4.081973
v 4.166944 -3.998667 -4.081973
v 3.912862 -3.807064 -4.873376
v 3.724842 -3.998667 -4.873376
v 3.658780 -3.998667 -4.081973
v 3.912862 -3.807064 -4.873376
v 3.658780 -3.998667 -4.081973
v 3.912862 -3.769577 -4.081973
v 3.724842 -3.998667 -4.873376
v 3.912862 -4.190270 -4.873376
v 3.912862 -4.227757 -4.081973
v 3.724842 -3.998667 -4.873376
v 3.912862 -4.227757 -4.081973
v 3.658780 -3.998667 -4.081973
v 3.912862 -4.190270 -4.873376
v 4.100883 -3.998667 -4.873376
v 4.166944 -3.998667 -4.081973
v 3.912862 -4.190270 -4.873376
v 4.166944 -3.998667 -4.081973
v 3.912862 -4.227757 -4.081973
v 3.912862 -3.998667 -4.873376
v 3.912862 -3.807064 -4.873376
v 4.100883 -3.998667 -4.873376
v 3.912862 -3.998667 -4.873376
v 3.724842 -3.998667 -4.873376
v 3.912862 -3.807064 -4.873376
v 3.912862 -3.998667 -4.873376
v 3.912862 -4.190270 -4.873376
v 3.724842 -3.998667 -4.873376
v 3.912862 -3.998667 -4.873376
v 4.100883 -3.998667 -4.873376
v 3.912862 -4.190270 -4.873376
v 3.912862 -3.998667 -4.081973
v 4.166944 -3.998667 -4.081973
v 3.912862 -3.769577 -4.081973
v 3.912862 -3.998667 -4.081973
v 3.912862 -3.769577 -4.081973
v 3.658780 -3.998667 -4.081973
v 3.912862 -3.998667 -4.081973
v 3.658780 -3.998667 -4.081973
v 3.912862 -4.227757 -4.081973
v 3.912862 -3.998667 -4.081973
v 3.912862 -4.227757 -4.081973
v 4.166944 -3.998667 -4.081973
vt 0.003906 0.496094
vt 0.064453 0.496094
vt 0.064453 0.253906
vt 0.003906 0.496094
vt 0.064453 0.253906
vt 0.003906 0.253906
vt 0.064453 0.496094
vt 0.125000 0.496094
vt 0.125000 0.253906
vt 0.064453 0.496094
vt 0.125000 0.253906
vt 0.064453 0.253906
vt 0.125000 0.496094
vt 0.185547 0.496094
vt 0.185547 0.253906
vt 0.125000 0.496094
vt 0.185547 0.253906
vt 0.125000 0.253906
vt 0.185547 0.496094
vt 0.246094 0.496094
vt 0.246094 0.253906
vt 0.185547 0.496094
vt 0.246094 0.253906
vt 0.185547 0.253906
vt 0.125000 0.375000
vt 0.221875 0.278125
vt 0.028125 0.471875
vt 0.125000 0.375000
vt 0.221875 0.278125
vt 0.028125 0.471875
vt 0.125000 0.375000
vt 0.221875 0.278125
vt 0.028125 0.471875
vt 0.125000 0.375000
vt 0.221875 0.278125
vt 0.028125 0.471875
vt 0.125000 0.375000
vt 0.028125 0.471875
vt 0.221875 0.278125
vt 0.125000 0.375000
vt 0.028125 0.471875
vt 0.221875 0.278125
vt 0.125000 0.375000
vt 0.028125 0.471875
vt 0.221875 0.278125
vt 0.125000 0.375000
vt 0.028125 0.471875
vt 0.221875 0.278125
vn 0.713355 0.700018 -0.033159
vn 0.713355 0.700018 -0.033159
vn 0.713355 0.700018 -0.033159
vn 0.668593 0.741531 -0.055810
vn 0.668593 0.741531 -0.055810
vn 0.668593 0.741531 -0.055810
vn -0.712484 0.699164 -0.059474
vn -0.712484 0.699164 -0.059474
vn -0.712484 0.699164 -0.059474
vn -0.669223 0.742229 -0.035158
vn -0.669223 0.742229 -0.035158
vn -0.669223 0.742229 -0.035158
vn -0.713355 -0.700018 -0.033159
vn -0.713355 -0.700018 -0.033159
vn -0.713355 -0.700018 -0.033159
vn -0.668593 -0.741531 -0.055810
vn -0.668593 -0.741531 -0.055810
vn -0.668593 -0.741531 -0.055810
vn 0.712484 -0.699164 -0.059474
vn 0.712484 -0.699164 -0.059474
vn 0.712484 -0.699164 -0.059474
vn 0.669223 -0.742229 -0.035158
vn 0.669223 -0.742229 -0.035158
vn 0.669223 -0.742229 -0.035158
vn 0.000000 0.000000 -1.000000
vn 0.000000 0.000000 -1.000000
vn 0.000000 0.000000 -1.000000
vn 0.000000 0.000000 -1.000000
vn 0.000000 0.000000 -1.000000
vn 0.000000 0.000000 -1.000000
vn -0.000000 -0.000000 -1.000000
vn -0.000000 -0.000000 -1.000000
vn -0.000000 -0.000000 -1.000000
vn 0.000000 0.000000 -1.000000
vn 0.000000 0.000000 -1.000000
vn 0.000000 0.000000 -1.000000
vn 0.000000 0.000000 1.000000
vn 0.000000 0.000000 1.000000
vn 0.000000 0.000000 1.000000
vn 0.000000 -0.000000 1.000000
vn 0.000000 -0.000000 1.000000
vn 0.000000 -0.000000 1.000000
vn 0.000000 0.000000 1.000000
vn 0.000000 0.000000 1.000000
vn 0.000000 0.000000 1.000000
vn -0.000000 0.000000 1.000000
vn -0.000000 0.000000 1.000000
vn -0.000000 0.000000 1.000000
f 3301/3301/3301 3302/3302/3302 3303/3303/3303
f 3304/3304/3304 3305/3305/3305 3306/3306/3306
f 3307/3307/3307 3308/3308/3308 3309/3309/3309
f 3310/3310/3310 3311/3311/3311 3312/3312/3312
f 3313/3313/3313 3314/3314/3314 3315/3315/3315
f 3316/3316/3316 3317/3317/3317 3318/3318/3318
f 3319/3319/3319 3320/3320/3320 3321/3321/3321
f 3322/3322/3322 3323/3323/3323 3324/3324/3324
f 3325/3325/3325 3326/3326/3326 3327/3327/3327
f 3328/3328/3328 3329/3329/3329 3330/3330/3330
f 3331/3331/3331 3332/3332/3332 3333/3333/3333
f 3334/3334/3334 3335/3335/3335 3336/3336/3336
f 3337/3337/3337 3338/3338/3338 3339/3339/3339
f 3340/3340/3340 3341/3341/3341 3342/3342/3342
f 3343/3343/3343 3344/3344/3344 3345/3345/3345
f 3346/3346/3346 3347/3347/3347 3348/3348/3348
o RightBackLeg
usemtl PaintedVinefangFantasy
v 4.675108 -4.290237 4.498500
v 3.811230 -3.498834 5.930635
v 3.963679 -4.290237 5.869250
v 4.675108 -4.290237 4.498500
v 4.370210 -3.498834 4.956681
v 3.811230 -3.498834 5.930635
v 3.963679 -4.290237 5.869250
v 2.693269 -3.498834 5.930635
v 2.540820 -4.290237 5.869250
v 3.963679 -4.290237 5.869250
v 3.811230 -3.498834 5.930635
v 2.693269 -3.498834 5.930635
v 2.540820 -4.290237 5.869250
v 2.134289 -3.498834 4.956681
v 1.829390 -4.290237 4.498500
v 2.540820 -4.290237 5.869250
v 2.693269 -3.498834 5.930635
v 2.134289 -3.498834 4.956681
v 1.829390 -4.290237 4.498500
v 2.693269 -3.498834 3.982727
v 2.540820 -4.290237 3.127751
v 1.829390 -4.290237 4.498500
v 2.134289 -3.498834 4.956681
v 2.693269 -3.498834 3.982727
v 2.540820 -4.290237 3.127751
v 3.811230 -3.498834 3.982727
v 3.963679 -4.290237 3.127751
v 2.540820 -4.290237 3.127751
v 2.693269 -3.498834 3.982727
v 3.811230 -3.498834 3.982727
v 3.963679 -4.290237 3.127751
v 4.370210 -3.498834 4.956681
v 4.675108 -4.290237 4.498500
v 3.963679 -4.290237 3.127751
v 3.811230 -3.498834 3.982727
v 4.370210 -3.498834 4.956681
v 4.370210 -3.498834 4.956681
v 3.709597 -1.666111 6.516765
v 3.811230 -3.498834 5.930635
v 4.370210 -3.498834 4.956681
v 4.166944 -1.666111 5.831390
v 3.709597 -1.666111 6.516765
v 3.811230 -3.498834 5.930635
v 2.794902 -1.666111 6.516765
v 2.693269 -3.498834 5.930635
v 3.811230 -3.498834 5.930635
v 3.709597 -1.666111 6.516765
v 2.794902 -1.666111 6.516765
v 2.693269 -3.498834 5.930635
v 2.337554 -1.666111 5.831390
v 2.134289 -3.498834 4.956681
v 2.693269 -3.498834 5.930635
v 2.794902 -1.666111 6.516765
v 2.337554 -1.666111 5.831390
v 2.134289 -3.498834 4.956681
v 2.794902 -1.666111 5.146015
v 2.693269 -3.498834 3.982727
v 2.134289 -3.498834 4.956681
v 2.337554 -1.666111 5.831390
v 2.794902 -1.666111 5.146015
v 2.693269 -3.498834 3.982727
v 3.709597 -1.666111 5.146015
v 3.811230 -3.498834 3.982727
v 2.693269 -3.498834 3.982727
v 2.794902 -1.666111 5.146015
v 3.709597 -1.666111 5.146015
v 3.811230 -3.498834 3.982727
v 4.166944 -1.666111 5.831390
v 4.370210 -3.498834 4.956681
v 3.811230 -3.498834 3.982727
v 3.709597 -1.666111 5.146015
v 4.166944 -1.666111 5.831390
v 4.166944 -1.666111 5.831390
v 3.760413 -0.249917 7.149727
v 3.709597 -1.666111 6.516765
v 4.166944 -1.666111 5.831390
v 4.268577 -0.249917 6.247917
v 3.760413 -0.249917 7.149727
v 3.709597 -1.666111 6.516765
v 2.744085 -0.249917 7.149727
v 2.794902 -1.666111 6.516765
v 3.709597 -1.666111 6.516765
v 3.760413 -0.249917 7.149727
v 2.744085 -0.249917 7.149727
v 2.794902 -1.666111 6.516765
v 2.235921 -0.249917 6.247917
v 2.337554 -1.666111 5.831390
v 2.794902 -1.666111 6.516765
v 2.744085 -0.249917 7.149727
v 2.235921 -0.249917 6.247917
v 2.337554 -1.666111 5.831390
v 2.744085 -0.249917 5.346108
v 2.794902 -1.666111 5.146015
v 2.337554 -1.666111 5.831390
v 2.235921 -0.249917 6.247917
v 2.744085 -0.249917 5.346108
v 2.794902 -1.666111 5.146015
v 3.760413 -0.249917 5.346108
v 3.709597 -1.666111 5.146015
v 2.794902 -1.666111 5.146015
v 2.744085 -0.249917 5.346108
v 3.760413 -0.249917 5.346108
v 3.709597 -1.666111 5.146015
v 4.268577 -0.249917 6.247917
v 4.166944 -1.666111 5.831390
v 3.709597 -1.666111 5.146015
v 3.760413 -0.249917 5.346108
v 4.268577 -0.249917 6.247917
v 4.268577 -0.249917 6.247917
v 3.719354 2.207597 6.666234
v 3.760413 -0.249917 7.149727
v 4.268577 -0.249917 6.247917
v 4.583232 2.207597 5.331556
v 3.719354 2.207597 6.666234
v 3.760413 -0.249917 7.149727
v 1.991596 2.207597 6.666234
v 2.744085 -0.249917 7.149727
v 3.760413 -0.249917 7.149727
v 3.719354 2.207597 6.666234
v 1.991596 2.207597 6.666234
v 2.744085 -0.249917 7.149727
v 1.127717 2.207597 5.331556
v 2.235921 -0.249917 6.247917
v 2.744085 -0.249917 7.149727
v 1.991596 2.207597 6.666234
v 1.127717 2.207597 5.331556
v 2.235921 -0.249917 6.247917
v 1.991596 2.207597 3.996879
v 2.744085 -0.249917 5.346108
v 2.235921 -0.249917 6.247917
v 1.127717 2.207597 5.331556
v 1.991596 2.207597 3.996879
v 2.744085 -0.249917 5.346108
v 3.719354 2.207597 3.996879
v 3.760413 -0.249917 5.346108
v 2.744085 -0.249917 5.346108
v 1.991596 2.207597 3.996879
v 3.719354 2.207597 3.996879
v 3.760413 -0.249917 5.346108
v 4.583232 2.207597 5.331556
v 4.268577 -0.249917 6.247917
v 3.760413 -0.249917 5.346108
v 3.719354 2.207597 3.996879
v 4.583232 2.207597 5.331556
v 3.252249 -4.290237 4.498500
v 4.675108 -4.290237 4.498500
v 3.963679 -4.290237 5.869250
v 3.252249 -4.290237 4.498500
v 3.963679 -4.290237 5.869250
v 2.540820 -4.290237 5.869250
v 3.252249 -4.290237 4.498500
v 2.540820 -4.290237 5.869250
v 1.829390 -4.290237 4.498500
v 3.252249 -4.290237 4.498500
v 1.829390 -4.290237 4.498500
v 2.540820 -4.290237 3.127751
v 3.252249 -4.290237 4.498500
v 2.540820 -4.290237 3.127751
v 3.963679 -4.290237 3.127751
v 3.252249 -4.290237 4.498500
v 3.963679 -4.290237 3.127751
v 4.675108 -4.290237 4.498500
v 2.855475 2.207597 5.331556
v 3.719354 2.207597 6.666234
v 4.583232 2.207597 5.331556
v 2.855475 2.207597 5.331556
v 1.991596 2.207597 6.666234
v 3.719354 2.207597 6.666234
v 2.855475 2.207597 5.331556
v 1.127717 2.207597 5.331556
v 1.991596 2.207597 6.666234
v 2.855475 2.207597 5.331556
v 1.991596 2.207597 3.996879
v 1.127717 2.207597 5.331556
v 2.855475 2.207597 5.331556
v 3.719354 2.207597 3.996879
v 1.991596 2.207597 3.996879
v 2.855475 2.207597 5.331556
v 4.583232 2.207597 5.331556
v 3.719354 2.207597 3.996879
vt 0.003906 0.503906
vt 0.246094 0.746094
vt 0.246094 0.503906
vt 0.003906 0.503906
vt 0.003906 0.746094
vt 0.246094 0.746094
vt 0.003906 0.503906
vt 0.246094 0.746094
vt 0.246094 0.503906
vt 0.003906 0.503906
vt 0.003906 0.746094
vt 0.246094 0.746094
vt 0.003906 0.503906
vt 0.246094 0.746094
vt 0.246094 0.503906
vt 0.003906 0.503906
vt 0.003906 0.746094
vt 0.246094 0.746094
vt 0.003906 0.503906
vt 0.246094 0.746094
vt 0.246094 0.503906
vt 0.003906 0.503906
vt 0.003906 0.746094
vt 0.246094 0.746094
vt 0.003906 0.503906
vt 0.246094 0.746094
vt 0.246094 0.503906
vt 0.003906 0.503906
vt 0.003906 0.746094
vt 0.246094 0.746094
vt 0.003906 0.503906
vt 0.246094 0.746094
vt 0.246094 0.503906
vt 0.003906 0.503906
vt 0.003906 0.746094
vt 0.246094 0.746094
vt 0.003906 0.503906
vt 0.246094 0.746094
vt 0.246094 0.503906
vt 0.003906 0.503906
vt 0.003906 0.746094
vt 0.246094 0.746094
vt 0.003906 0.503906
vt 0.246094 0.746094
vt 0.246094 0.503906
vt 0.003906 0.503906
vt 0.003906 0.746094
vt 0.246094 0.746094
vt 0.003906 0.503906
vt 0.246094 0.746094
vt 0.246094 0.503906
vt 0.003906 0.503906
vt 0.003906 0.746094
vt 0.246094 0.746094
vt 0.003906 0.503906
vt 0.246094 0.746094
vt 0.246094 0.503906
vt 0.003906 0.503906
vt 0.003906 0.746094
vt 0.246094 0.746094
vt 0.003906 0.503906
vt 0.246094 0.746094
vt 0.246094 0.503906
vt 0.003906 0.503906
vt 0.003906 0.746094
vt 0.246094 0.746094
vt 0.003906 0.503906
vt 0.246094 0.746094
vt 0.246094 0.503906
vt 0.003906 0.503906
vt 0.003906 0.746094
vt 0.246094 0.746094
vt 0.003906 0.503906
vt 0.246094 0.746094
vt 0.246094 0.503906
vt 0.003906 0.503906
vt 0.003906 0.746094
vt 0.246094 0.746094
vt 0.003906 0.503906
vt 0.246094 0.746094
vt 0.246094 0.503906
vt 0.003906 0.503906
vt 0.003906 0.746094
vt 0.246094 0.746094
vt 0.003906 0.503906
vt 0.246094 0.746094
vt 0.246094 0.503906
vt 0.003906 0.503906
vt 0.003906 0.746094
vt 0.246094 0.746094
vt 0.003906 0.503906
vt 0.246094 0.746094
vt 0.246094 0.503906
vt 0.003906 0.503906
vt 0.003906 0.746094
vt 0.246094 0.746094
vt 0.003906 0.503906
vt 0.246094 0.746094
vt 0.246094 0.503906
vt 0.003906 0.503906
vt 0.003906 0.746094
vt 0.246094 0.746094
vt 0.003906 0.503906
vt 0.246094 0.746094
vt 0.246094 0.503906
vt 0.003906 0.503906
vt 0.003906 0.746094
vt 0.246094 0.746094
vt 0.003906 0.503906
vt 0.246094 0.746094
vt 0.246094 0.503906
vt 0.003906 0.503906
vt 0.003906 0.746094
vt 0.246094 0.746094
vt 0.003906 0.503906
vt 0.246094 0.746094
vt 0.246094 0.503906
vt 0.003906 0.503906
vt 0.003906 0.746094
vt 0.246094 0.746094
vt 0.003906 0.503906
vt 0.246094 0.746094
vt 0.246094 0.503906
vt 0.003906 0.503906
vt 0.003906 0.746094
vt 0.246094 0.746094
vt 0.003906 0.503906
vt 0.246094 0.746094
vt 0.246094 0.503906
vt 0.003906 0.503906
vt 0.003906 0.746094
vt 0.246094 0.746094
vt 0.003906 0.503906
vt 0.246094 0.746094
vt 0.246094 0.503906
vt 0.003906 0.503906
vt 0.003906 0.746094
vt 0.246094 0.746094
vt 0.003906 0.503906
vt 0.246094 0.746094
vt 0.246094 0.503906
vt 0.003906 0.503906
vt 0.003906 0.746094
vt 0.246094 0.746094
vt 0.125000 0.625000
vt 0.003906 0.746094
vt 0.246094 0.503906
vt 0.125000 0.625000
vt 0.003906 0.746094
vt 0.246094 0.503906
vt 0.125000 0.625000
vt 0.003906 0.746094
vt 0.246094 0.503906
vt 0.125000 0.625000
vt 0.003906 0.746094
vt 0.246094 0.503906
vt 0.125000 0.625000
vt 0.003906 0.746094
vt 0.246094 0.503906
vt 0.125000 0.625000
vt 0.003906 0.746094
vt 0.246094 0.503906
vt 0.125000 0.625000
vt 0.246094 0.503906
vt 0.003906 0.746094
vt 0.125000 0.625000
vt 0.246094 0.503906
vt 0.003906 0.746094
vt 0.125000 0.625000
vt 0.246094 0.503906
vt 0.003906 0.746094
vt 0.125000 0.625000
vt 0.246094 0.503906
vt 0.003906 0.746094
vt 0.125000 0.625000
vt 0.246094 0.503906
vt 0.003906 0.746094
vt 0.125000 0.625000
vt 0.246094 0.503906
vt 0.003906 0.746094
vn 0.879569 0.134025 0.456503
vn 0.879569 0.134025 0.456503
vn 0.879569 0.134025 0.456503
vn 0.866393 0.045909 0.497248
vn 0.866393 0.045909 0.497248
vn 0.866393 0.045909 0.497248
vn 0.000000 -0.077332 0.997005
vn 0.000000 -0.077332 0.997005
vn 0.000000 -0.077332 0.997005
vn 0.000000 -0.077332 0.997005
vn 0.000000 -0.077332 0.997005
vn 0.000000 -0.077332 0.997005
vn -0.885075 0.075041 0.459360
vn -0.885075 0.075041 0.459360
vn -0.885075 0.075041 0.459360
vn -0.860239 0.127414 0.493716
vn -0.860239 0.127414 0.493716
vn -0.860239 0.127414 0.493716
vn -0.737836 0.555835 -0.382943
vn -0.737836 0.555835 -0.382943
vn -0.737836 0.555835 -0.382943
vn -0.736359 0.528365 -0.422618
vn -0.736359 0.528365 -0.422618
vn -0.736359 0.528365 -0.422618
vn -0.000000 0.733864 -0.679296
vn -0.000000 0.733864 -0.679296
vn -0.000000 0.733864 -0.679296
vn 0.000000 0.733864 -0.679296
vn 0.000000 0.733864 -0.679296
vn 0.000000 0.733864 -0.679296
vn 0.758183 0.519917 -0.393503
vn 0.758183 0.519917 -0.393503
vn 0.758183 0.519917 -0.393503
vn 0.708914 0.576109 -0.406866
vn 0.708914 0.576109 -0.406866
vn 0.708914 0.576109 -0.406866
vn 0.862004 -0.110419 0.494729
vn 0.862004 -0.110419 0.494729
vn 0.862004 -0.110419 0.494729
vn 0.819681 -0.170143 0.546969
vn 0.819681 -0.170143 0.546969
vn 0.819681 -0.170143 0.546969
vn 0.000000 -0.304615 0.952476
vn 0.000000 -0.304615 0.952476
vn 0.000000 -0.304615 0.952476
vn 0.000000 -0.304615 0.952476
vn 0.000000 -0.304615 0.952476
vn 0.000000 -0.304615 0.952476
vn -0.858767 -0.139989 0.492871
vn -0.858767 -0.139989 0.492871
vn -0.858767 -0.139989 0.492871
vn -0.824721 -0.130269 0.550332
vn -0.824721 -0.130269 0.550332
vn -0.824721 -0.130269 0.550332
vn -0.814982 0.342085 -0.467742
vn -0.814982 0.342085 -0.467742
vn -0.814982 0.342085 -0.467742
vn -0.783342 0.336360 -0.522721
vn -0.783342 0.336360 -0.522721
vn -0.783342 0.336360 -0.522721
vn 0.000000 0.535895 -0.844285
vn 0.000000 0.535895 -0.844285
vn 0.000000 0.535895 -0.844285
vn 0.000000 0.535895 -0.844285
vn 0.000000 0.535895 -0.844285
vn 0.000000 0.535895 -0.844285
vn 0.822693 0.316597 -0.472167
vn 0.822693 0.316597 -0.472167
vn 0.822693 0.316597 -0.472167
vn 0.772729 0.370144 -0.515639
vn 0.772729 0.370144 -0.515639
vn 0.772729 0.370144 -0.515639
vn 0.801431 -0.267780 0.534791
vn 0.801431 -0.267780 0.534791
vn 0.801431 -0.267780 0.534791
vn 0.853135 -0.202618 0.480736
vn 0.853135 -0.202618 0.480736
vn 0.853135 -0.202618 0.480736
vn 0.000000 -0.408044 0.912962
vn 0.000000 -0.408044 0.912962
vn 0.000000 -0.408044 0.912962
vn 0.000000 -0.408044 0.912962
vn 0.000000 -0.408044 0.912962
vn 0.000000 -0.408044 0.912962
vn -0.811876 -0.217606 0.541761
vn -0.811876 -0.217606 0.541761
vn -0.811876 -0.217606 0.541761
vn -0.845059 -0.243152 0.476186
vn -0.845059 -0.243152 0.476186
vn -0.845059 -0.243152 0.476186
vn -0.830829 0.048520 -0.554408
vn -0.830829 0.048520 -0.554408
vn -0.830829 0.048520 -0.554408
vn -0.868300 0.081593 -0.489282
vn -0.868300 0.081593 -0.489282
vn -0.868300 0.081593 -0.489282
vn 0.000000 0.139900 -0.990166
vn 0.000000 0.139900 -0.990166
vn 0.000000 0.139900 -0.990166
vn 0.000000 0.139900 -0.990166
vn 0.000000 0.139900 -0.990166
vn 0.000000 0.139900 -0.990166
vn 0.827384 0.103008 -0.552110
vn 0.827384 0.103008 -0.552110
vn 0.827384 0.103008 -0.552110
vn 0.870574 0.038073 -0.490563
vn 0.870574 0.038073 -0.490563
vn 0.870574 0.038073 -0.490563
vn 0.865874 0.110459 0.487915
vn 0.865874 0.110459 0.487915
vn 0.865874 0.110459 0.487915
vn 0.835722 0.094697 0.540926
vn 0.835722 0.094697 0.540926
vn 0.835722 0.094697 0.540926
vn 0.000000 0.193040 0.981191
vn 0.000000 0.193040 0.981191
vn 0.000000 0.193040 0.981191
vn 0.000000 0.193040 0.981191
vn 0.000000 0.193040 0.981191
vn 0.000000 0.193040 0.981191
vn -0.852640 -0.205340 0.480458
vn -0.852640 -0.205340 0.480458
vn -0.852640 -0.205340 0.480458
vn -0.830188 -0.148486 0.537345
vn -0.830188 -0.148486 0.537345
vn -0.830188 -0.148486 0.537345
vn -0.767767 -0.472614 -0.432632
vn -0.767767 -0.472614 -0.432632
vn -0.767767 -0.472614 -0.432632
vn -0.725818 -0.502480 -0.469790
vn -0.725818 -0.502480 -0.469790
vn -0.725818 -0.502480 -0.469790
vn 0.000000 -0.481261 -0.876578
vn 0.000000 -0.481261 -0.876578
vn 0.000000 -0.481261 -0.876578
vn 0.000000 -0.481261 -0.876578
vn 0.000000 -0.481261 -0.876578
vn 0.000000 -0.481261 -0.876578
vn 0.835695 -0.282594 -0.470909
vn 0.835695 -0.282594 -0.470909
vn 0.835695 -0.282594 -0.470909
vn 0.807496 -0.273459 -0.522657
vn 0.807496 -0.273459 -0.522657
vn 0.807496 -0.273459 -0.522657
vn 0.000000 -1.000000 0.000000
vn 0.000000 -1.000000 0.000000
vn 0.000000 -1.000000 0.000000
vn 0.000000 -1.000000 0.000000
vn 0.000000 -1.000000 0.000000
vn 0.000000 -1.000000 0.000000
vn 0.000000 -1.000000 0.000000
vn 0.000000 -1.000000 0.000000
vn 0.000000 -1.000000 0.000000
vn -0.000000 -1.000000 0.000000
vn -0.000000 -1.000000 0.000000
vn -0.000000 -1.000000 0.000000
vn 0.000000 -1.000000 -0.000000
vn 0.000000 -1.000000 -0.000000
vn 0.000000 -1.000000 -0.000000
vn 0.000000 -1.000000 0.000000
vn 0.000000 -1.000000 0.000000
vn 0.000000 -1.000000 0.000000
vn 0.000000 1.000000 0.000000
vn 0.000000 1.000000 0.000000
vn 0.000000 1.000000 0.000000
vn 0.000000 1.000000 -0.000000
vn 0.000000 1.000000 -0.000000
vn 0.000000 1.000000 -0.000000
vn 0.000000 1.000000 0.000000
vn 0.000000 1.000000 0.000000
vn 0.000000 1.000000 0.000000
vn 0.000000 1.000000 0.000000
vn 0.000000 1.000000 0.000000
vn 0.000000 1.000000 0.000000
vn 0.000000 1.000000 0.000000
vn 0.000000 1.000000 0.000000
vn 0.000000 1.000000 0.000000
vn -0.000000 1.000000 0.000000
vn -0.000000 1.000000 0.000000
vn -0.000000 1.000000 0.000000
f 3349/3349/3349 3350/3350/3350 3351/3351/3351
f 3352/3352/3352 3353/3353/3353 3354/3354/3354
f 3355/3355/3355 3356/3356/3356 3357/3357/3357
f 3358/3358/3358 3359/3359/3359 3360/3360/3360
f 3361/3361/3361 3362/3362/3362 3363/3363/3363
f 3364/3364/3364 3365/3365/3365 3366/3366/3366
f 3367/3367/3367 3368/3368/3368 3369/3369/3369
f 3370/3370/3370 3371/3371/3371 3372/3372/3372
f 3373/3373/3373 3374/3374/3374 3375/3375/3375
f 3376/3376/3376 3377/3377/3377 3378/3378/3378
f 3379/3379/3379 3380/3380/3380 3381/3381/3381
f 3382/3382/3382 3383/3383/3383 3384/3384/3384
f 3385/3385/3385 3386/3386/3386 3387/3387/3387
f 3388/3388/3388 3389/3389/3389 3390/3390/3390
f 3391/3391/3391 3392/3392/3392 3393/3393/3393
f 3394/3394/3394 3395/3395/3395 3396/3396/3396
f 3397/3397/3397 3398/3398/3398 3399/3399/3399
f 3400/3400/3400 3401/3401/3401 3402/3402/3402
f 3403/3403/3403 3404/3404/3404 3405/3405/3405
f 3406/3406/3406 3407/3407/3407 3408/3408/3408
f 3409/3409/3409 3410/3410/3410 3411/3411/3411
f 3412/3412/3412 3413/3413/3413 3414/3414/3414
f 3415/3415/3415 3416/3416/3416 3417/3417/3417
f 3418/3418/3418 3419/3419/3419 3420/3420/3420
f 3421/3421/3421 3422/3422/3422 3423/3423/3423
f 3424/3424/3424 3425/3425/3425 3426/3426/3426
f 3427/3427/3427 3428/3428/3428 3429/3429/3429
f 3430/3430/3430 3431/3431/3431 3432/3432/3432
f 3433/3433/3433 3434/3434/3434 3435/3435/3435
f 3436/3436/3436 3437/3437/3437 3438/3438/3438
f 3439/3439/3439 3440/3440/3440 3441/3441/3441
f 3442/3442/3442 3443/3443/3443 3444/3444/3444
f 3445/3445/3445 3446/3446/3446 3447/3447/3447
f 3448/3448/3448 3449/3449/3449 3450/3450/3450
f 3451/3451/3451 3452/3452/3452 3453/3453/3453
f 3454/3454/3454 3455/3455/3455 3456/3456/3456
f 3457/3457/3457 3458/3458/3458 3459/3459/3459
f 3460/3460/3460 3461/3461/3461 3462/3462/3462
f 3463/3463/3463 3464/3464/3464 3465/3465/3465
f 3466/3466/3466 3467/3467/3467 3468/3468/3468
f 3469/3469/3469 3470/3470/3470 3471/3471/3471
f 3472/3472/3472 3473/3473/3473 3474/3474/3474
f 3475/3475/3475 3476/3476/3476 3477/3477/3477
f 3478/3478/3478 3479/3479/3479 3480/3480/3480
f 3481/3481/3481 3482/3482/3482 3483/3483/3483
f 3484/3484/3484 3485/3485/3485 3486/3486/3486
f 3487/3487/3487 3488/3488/3488 3489/3489/3489
f 3490/3490/3490 3491/3491/3491 3492/3492/3492
f 3493/3493/3493 3494/3494/3494 3495/3495/3495
f 3496/3496/3496 3497/3497/3497 3498/3498/3498
f 3499/3499/3499 3500/3500/3500 3501/3501/3501
f 3502/3502/3502 3503/3503/3503 3504/3504/3504
f 3505/3505/3505 3506/3506/3506 3507/3507/3507
f 3508/3508/3508 3509/3509/3509 3510/3510/3510
f 3511/3511/3511 3512/3512/3512 3513/3513/3513
f 3514/3514/3514 3515/3515/3515 3516/3516/3516
f 3517/3517/3517 3518/3518/3518 3519/3519/3519
f 3520/3520/3520 3521/3521/3521 3522/3522/3522
f 3523/3523/3523 3524/3524/3524 3525/3525/3525
f 3526/3526/3526 3527/3527/3527 3528/3528/3528
o RightBackClaw-1
usemtl PaintedVinefangFantasy
v 2.779657 -3.998667 2.832389
v 2.591636 -3.807064 2.832389
v 2.591636 -3.769577 3.623792
v 2.779657 -3.998667 2.832389
v 2.591636 -3.769577 3.623792
v 2.845718 -3.998667 3.623792
v 2.591636 -3.807064 2.832389
v 2.403615 -3.998667 2.832389
v 2.337554 -3.998667 3.623792
v 2.591636 -3.807064 2.832389
v 2.337554 -3.998667 3.623792
v 2.591636 -3.769577 3.623792
v 2.403615 -3.998667 2.832389
v 2.591636 -4.190270 2.832389
v 2.591636 -4.227757 3.623792
v 2.403615 -3.998667 2.832389
v 2.591636 -4.227757 3.623792
v 2.337554 -3.998667 3.623792
v 2.591636 -4.190270 2.832389
v 2.779657 -3.998667 2.832389
v 2.845718 -3.998667 3.623792
v 2.591636 -4.190270 2.832389
v 2.845718 -3.998667 3.623792
v 2.591636 -4.227757 3.623792
v 2.591636 -3.998667 2.832389
v 2.591636 -3.807064 2.832389
v 2.779657 -3.998667 2.832389
v 2.591636 -3.998667 2.832389
v 2.403615 -3.998667 2.832389
v 2.591636 -3.807064 2.832389
v 2.591636 -3.998667 2.832389
v 2.591636 -4.190270 2.832389
v 2.403615 -3.998667 2.832389
v 2.591636 -3.998667 2.832389
v 2.779657 -3.998667 2.832389
v 2.591636 -4.190270 2.832389
v 2.591636 -3.998667 3.623792
v 2.845718 -3.998667 3.623792
v 2.591636 -3.769577 3.623792
v 2.591636 -3.998667 3.623792
v 2.591636 -3.769577 3.623792
v 2.337554 -3.998667 3.623792
v 2.591636 -3.998667 3.623792
v 2.337554 -3.998667 3.623792
v 2.591636 -4.227757 3.623792
v 2.591636 -3.998667 3.623792
v 2.591636 -4.227757 3.623792
v 2.845718 -3.998667 3.623792
vt 0.003906 0.496094
vt 0.064453 0.496094
vt 0.064453 0.253906
vt 0.003906 0.496094
vt 0.064453 0.253906
vt 0.003906 0.253906
vt 0.064453 0.496094
vt 0.125000 0.496094
vt 0.125000 0.253906
vt 0.064453 0.496094
vt 0.125000 0.253906
vt 0.064453 0.253906
vt 0.125000 0.496094
vt 0.185547 0.496094
vt 0.185547 0.253906
vt 0.125000 0.496094
vt 0.185547 0.253906
vt 0.125000 0.253906
vt 0.185547 0.496094
vt 0.246094 0.496094
vt 0.246094 0.253906
vt 0.185547 0.496094
vt 0.246094 0.253906
vt 0.185547 0.253906
vt 0.125000 0.375000
vt 0.221875 0.278125
vt 0.028125 0.471875
vt 0.125000 0.375000
vt 0.221875 0.278125
vt 0.028125 0.471875
vt 0.125000 0.375000
vt 0.221875 0.278125
vt 0.028125 0.471875
vt 0.125000 0.375000
vt 0.221875 0.278125
vt 0.028125 0.471875
vt 0.125000 0.375000
vt 0.028125 0.471875
vt 0.221875 0.278125
vt 0.125000 0.375000
vt 0.028125 0.471875
vt 0.221875 0.278125
vt 0.125000 0.375000
vt 0.028125 0.471875
vt 0.221875 0.278125
vt 0.125000 0.375000
vt 0.028125 0.471875
vt 0.221875 0.278125
vn 0.713355 0.700018 -0.033159
vn 0.713355 0.700018 -0.033159
vn 0.713355 0.700018 -0.033159
vn 0.668593 0.741531 -0.055810
vn 0.668593 0.741531 -0.055810
vn 0.668593 0.741531 -0.055810
vn -0.712484 0.699164 -0.059474
vn -0.712484 0.699164 -0.059474
vn -0.712484 0.699164 -0.059474
vn -0.669223 0.742229 -0.035158
vn -0.669223 0.742229 -0.035158
vn -0.669223 0.742229 -0.035158
vn -0.713355 -0.700018 -0.033159
vn -0.713355 -0.700018 -0.033159
vn -0.713355 -0.700018 -0.033159
vn -0.668593 -0.741531 -0.055810
vn -0.668593 -0.741531 -0.055810
vn -0.668593 -0.741531 -0.055810
vn 0.712484 -0.699164 -0.059474
vn 0.712484 -0.699164 -0.059474
vn 0.712484 -0.699164 -0.059474
vn 0.669223 -0.742229 -0.035158
vn 0.669223 -0.742229 -0.035158
vn 0.669223 -0.742229 -0.035158
vn 0.000000 0.000000 -1.000000
vn 0.000000 0.000000 -1.000000
vn 0.000000 0.000000 -1.000000
vn 0.000000 0.000000 -1.000000
vn 0.000000 0.000000 -1.000000
vn 0.000000 0.000000 -1.000000
vn -0.000000 -0.000000 -1.000000
vn -0.000000 -0.000000 -1.000000
vn -0.000000 -0.000000 -1.000000
vn 0.000000 0.000000 -1.000000
vn 0.000000 0.000000 -1.000000
vn 0.000000 0.000000 -1.000000
vn 0.000000 0.000000 1.000000
vn 0.000000 0.000000 1.000000
vn 0.000000 0.000000 1.000000
vn 0.000000 -0.000000 1.000000
vn 0.000000 -0.000000 1.000000
vn 0.000000 -0.000000 1.000000
vn 0.000000 0.000000 1.000000
vn 0.000000 0.000000 1.000000
vn 0.000000 0.000000 1.000000
vn -0.000000 0.000000 1.000000
vn -0.000000 0.000000 1.000000
vn -0.000000 0.000000 1.000000
f 3529/3529/3529 3530/3530/3530 3531/3531/3531
f 3532/3532/3532 3533/3533/3533 3534/3534/3534
f 3535/3535/3535 3536/3536/3536 3537/3537/3537
f 3538/3538/3538 3539/3539/3539 3540/3540/3540
f 3541/3541/3541 3542/3542/3542 3543/3543/3543
f 3544/3544/3544 3545/3545/3545 3546/3546/3546
f 3547/3547/3547 3548/3548/3548 3549/3549/3549
f 3550/3550/3550 3551/3551/3551 3552/3552/3552
f 3553/3553/3553 3554/3554/3554 3555/3555/3555
f 3556/3556/3556 3557/3557/3557 3558/3558/3558
f 3559/3559/3559 3560/3560/3560 3561/3561/3561
f 3562/3562/3562 3563/3563/3563 3564/3564/3564
f 3565/3565/3565 3566/3566/3566 3567/3567/3567
f 3568/3568/3568 3569/3569/3569 3570/3570/3570
f 3571/3571/3571 3572/3572/3572 3573/3573/3573
f 3574/3574/3574 3575/3575/3575 3576/3576/3576
o RightBackClaw0
usemtl PaintedVinefangFantasy
v 3.440270 -3.998667 2.832389
v 3.252249 -3.807064 2.832389
v 3.252249 -3.769577 3.623792
v 3.440270 -3.998667 2.832389
v 3.252249 -3.769577 3.623792
v 3.506331 -3.998667 3.623792
v 3.252249 -3.807064 2.832389
v 3.064229 -3.998667 2.832389
v 2.998167 -3.998667 3.623792
v 3.252249 -3.807064 2.832389
v 2.998167 -3.998667 3.623792
v 3.252249 -3.769577 3.623792
v 3.064229 -3.998667 2.832389
v 3.252249 -4.190270 2.832389
v 3.252249 -4.227757 3.623792
v 3.064229 -3.998667 2.832389
v 3.252249 -4.227757 3.623792
v 2.998167 -3.998667 3.623792
v 3.252249 -4.190270 2.832389
v 3.440270 -3.998667 2.832389
v 3.506331 -3.998667 3.623792
v 3.252249 -4.190270 2.832389
v 3.506331 -3.998667 3.623792
v 3.252249 -4.227757 3.623792
v 3.252249 -3.998667 2.832389
v 3.252249 -3.807064 2.832389
v 3.440270 -3.998667 2.832389
v 3.252249 -3.998667 2.832389
v 3.064229 -3.998667 2.832389
v 3.252249 -3.807064 2.832389
v 3.252249 -3.998667 2.832389
v 3.252249 -4.190270 2.832389
v 3.064229 -3.998667 2.832389
v 3.252249 -3.998667 2.832389
v 3.440270 -3.998667 2.832389
v 3.252249 -4.190270 2.832389
v 3.252249 -3.998667 3.623792
v 3.506331 -3.998667 3.623792
v 3.252249 -3.769577 3.623792
v 3.252249 -3.998667 3.623792
v 3.252249 -3.769577 3.623792
v 2.998167 -3.998667 3.623792
v 3.252249 -3.998667 3.623792
v 2.998167 -3.998667 3.623792
v 3.252249 -4.227757 3.623792
v 3.252249 -3.998667 3.623792
v 3.252249 -4.227757 3.623792
v 3.506331 -3.998667 3.623792
vt 0.003906 0.496094
vt 0.064453 0.496094
vt 0.064453 0.253906
vt 0.003906 0.496094
vt 0.064453 0.253906
vt 0.003906 0.253906
vt 0.064453 0.496094
vt 0.125000 0.496094
vt 0.125000 0.253906
vt 0.064453 0.496094
vt 0.125000 0.253906
vt 0.064453 0.253906
vt 0.125000 0.496094
vt 0.185547 0.496094
vt 0.185547 0.253906
vt 0.125000 0.496094
vt 0.185547 0.253906
vt 0.125000 0.253906
vt 0.185547 0.496094
vt 0.246094 0.496094
vt 0.246094 0.253906
vt 0.185547 0.496094
vt 0.246094 0.253906
vt 0.185547 0.253906
vt 0.125000 0.375000
vt 0.221875 0.278125
vt 0.028125 0.471875
vt 0.125000 0.375000
vt 0.221875 0.278125
vt 0.028125 0.471875
vt 0.125000 0.375000
vt 0.221875 0.278125
vt 0.028125 0.471875
vt 0.125000 0.375000
vt 0.221875 0.278125
vt 0.028125 0.471875
vt 0.125000 0.375000
vt 0.028125 0.471875
vt 0.221875 0.278125
vt 0.125000 0.375000
vt 0.028125 0.471875
vt 0.221875 0.278125
vt 0.125000 0.375000
vt 0.028125 0.471875
vt 0.221875 0.278125
vt 0.125000 0.375000
vt 0.028125 0.471875
vt 0.221875 0.278125
vn 0.713355 0.700018 -0.033159
vn 0.713355 0.700018 -0.033159
vn 0.713355 0.700018 -0.033159
vn 0.668593 0.741531 -0.055810
vn 0.668593 0.741531 -0.055810
vn 0.668593 0.741531 -0.055810
vn -0.712484 0.699164 -0.059474
vn -0.712484 0.699164 -0.059474
vn -0.712484 0.699164 -0.059474
vn -0.669223 0.742229 -0.035158
vn -0.669223 0.742229 -0.035158
vn -0.669223 0.742229 -0.035158
vn -0.713355 -0.700018 -0.033159
vn -0.713355 -0.700018 -0.033159
vn -0.713355 -0.700018 -0.033159
vn -0.668593 -0.741531 -0.055810
vn -0.668593 -0.741531 -0.055810
vn -0.668593 -0.741531 -0.055810
vn 0.712484 -0.699164 -0.059474
vn 0.712484 -0.699164 -0.059474
vn 0.712484 -0.699164 -0.059474
vn 0.669223 -0.742229 -0.035158
vn 0.669223 -0.742229 -0.035158
vn 0.669223 -0.742229 -0.035158
vn 0.000000 0.000000 -1.000000
vn 0.000000 0.000000 -1.000000
vn 0.000000 0.000000 -1.000000
vn 0.000000 0.000000 -1.000000
vn 0.000000 0.000000 -1.000000
vn 0.000000 0.000000 -1.000000
vn -0.000000 -0.000000 -1.000000
vn -0.000000 -0.000000 -1.000000
vn -0.000000 -0.000000 -1.000000
vn 0.000000 0.000000 -1.000000
vn 0.000000 0.000000 -1.000000
vn 0.000000 0.000000 -1.000000
vn 0.000000 0.000000 1.000000
vn 0.000000 0.000000 1.000000
vn 0.000000 0.000000 1.000000
vn 0.000000 -0.000000 1.000000
vn 0.000000 -0.000000 1.000000
vn 0.000000 -0.000000 1.000000
vn 0.000000 0.000000 1.000000
vn 0.000000 0.000000 1.000000
vn 0.000000 0.000000 1.000000
vn -0.000000 0.000000 1.000000
vn -0.000000 0.000000 1.000000
vn -0.000000 0.000000 1.000000
f 3577/3577/3577 3578/3578/3578 3579/3579/3579
f 3580/3580/3580 3581/3581/3581 3582/3582/3582
f 3583/3583/3583 3584/3584/3584 3585/3585/3585
f 3586/3586/3586 3587/3587/3587 3588/3588/3588
f 3589/3589/3589 3590/3590/3590 3591/3591/3591
f 3592/3592/3592 3593/3593/3593 3594/3594/3594
f 3595/3595/3595 3596/3596/3596 3597/3597/3597
f 3598/3598/3598 3599/3599/3599 3600/3600/3600
f 3601/3601/3601 3602/3602/3602 3603/3603/3603
f 3604/3604/3604 3605/3605/3605 3606/3606/3606
f 3607/3607/3607 3608/3608/3608 3609/3609/3609
f 3610/3610/3610 3611/3611/3611 3612/3612/3612
f 3613/3613/3613 3614/3614/3614 3615/3615/3615
f 3616/3616/3616 3617/3617/3617 3618/3618/3618
f 3619/3619/3619 3620/3620/3620 3621/3621/3621
f 3622/3622/3622 3623/3623/3623 3624/3624/3624
o RightBackClaw1
usemtl PaintedVinefangFantasy
v 4.100883 -3.998667 2.832389
v 3.912862 -3.807064 2.832389
v 3.912862 -3.769577 3.623792
v 4.100883 -3.998667 2.832389
v 3.912862 -3.769577 3.623792
v 4.166944 -3.998667 3.623792
v 3.912862 -3.807064 2.832389
v 3.724842 -3.998667 2.832389
v 3.658780 -3.998667 3.623792
v 3.912862 -3.807064 2.832389
v 3.658780 -3.998667 3.623792
v 3.912862 -3.769577 3.623792
v 3.724842 -3.998667 2.832389
v 3.912862 -4.190270 2.832389
v 3.912862 -4.227757 3.623792
v 3.724842 -3.998667 2.832389
v 3.912862 -4.227757 3.623792
v 3.658780 -3.998667 3.623792
v 3.912862 -4.190270 2.832389
v 4.100883 -3.998667 2.832389
v 4.166944 -3.998667 3.623792
v 3.912862 -4.190270 2.832389
v 4.166944 -3.998667 3.623792
v 3.912862 -4.227757 3.623792
v 3.912862 -3.998667 2.832389
v 3.912862 -3.807064 2.832389
v 4.100883 -3.998667 2.832389
v 3.912862 -3.998667 2.832389
v 3.724842 -3.998667 2.832389
v 3.912862 -3.807064 2.832389
v 3.912862 -3.998667 2.832389
v 3.912862 -4.190270 2.832389
v 3.724842 -3.998667 2.832389
v 3.912862 -3.998667 2.832389
v 4.100883 -3.998667 2.832389
v 3.912862 -4.190270 2.832389
v 3.912862 -3.998667 3.623792
v 4.166944 -3.998667 3.623792
v 3.912862 -3.769577 3.623792
v 3.912862 -3.998667 3.623792
v 3.912862 -3.769577 3.623792
v 3.658780 -3.998667 3.623792
v 3.912862 -3.998667 3.623792
v 3.658780 -3.998667 3.623792
v 3.912862 -4.227757 3.623792
v 3.912862 -3.998667 3.623792
v 3.912862 -4.227757 3.623792
v 4.166944 -3.998667 3.623792
vt 0.003906 0.496094
vt 0.064453 0.496094
vt 0.064453 0.253906
vt 0.003906 0.496094
vt 0.064453 0.253906
vt 0.003906 0.253906
vt 0.064453 0.496094
vt 0.125000 0.496094
vt 0.125000 0.253906
vt 0.064453 0.496094
vt 0.125000 0.253906
vt 0.064453 0.253906
vt 0.125000 0.496094
vt 0.185547 0.496094
vt 0.185547 0.253906
vt 0.125000 0.496094
vt 0.185547 0.253906
vt 0.125000 0.253906
vt 0.185547 0.496094
vt 0.246094 0.496094
vt 0.246094 0.253906
vt 0.185547 0.496094
vt 0.246094 0.253906
vt 0.185547 0.253906
vt 0.125000 0.375000
vt 0.221875 0.278125
vt 0.028125 0.471875
vt 0.125000 0.375000
vt 0.221875 0.278125
vt 0.028125 0.471875
vt 0.125000 0.375000
vt 0.221875 0.278125
vt 0.028125 0.471875
vt 0.125000 0.375000
vt 0.221875 0.278125
vt 0.028125 0.471875
vt 0.125000 0.375000
vt 0.028125 0.471875
vt 0.221875 0.278125
vt 0.125000 0.375000
vt 0.028125 0.471875
vt 0.221875 0.278125
vt 0.125000 0.375000
vt 0.028125 0.471875
vt 0.221875 0.278125
vt 0.125000 0.375000
vt 0.028125 0.471875
vt 0.221875 0.278125
vn 0.713355 0.700018 -0.033159
vn 0.713355 0.700018 -0.033159
vn 0.713355 0.700018 -0.033159
vn 0.668593 0.741531 -0.055810
vn 0.668593 0.741531 -0.055810
vn 0.668593 0.741531 -0.055810
vn -0.712484 0.699164 -0.059474
vn -0.712484 0.699164 -0.059474
vn -0.712484 0.699164 -0.059474
vn -0.669223 0.742229 -0.035158
vn -0.669223 0.742229 -0.035158
vn -0.669223 0.742229 -0.035158
vn -0.713355 -0.700018 -0.033159
vn -0.713355 -0.700018 -0.033159
vn -0.713355 -0.700018 -0.033159
vn -0.668593 -0.741531 -0.055810
vn -0.668593 -0.741531 -0.055810
vn -0.668593 -0.741531 -0.055810
vn 0.712484 -0.699164 -0.059474
vn 0.712484 -0.699164 -0.059474
vn 0.712484 -0.699164 -0.059474
vn 0.669223 -0.742229 -0.035158
vn 0.669223 -0.742229 -0.035158
vn 0.669223 -0.742229 -0.035158
vn 0.000000 0.000000 -1.000000
vn 0.000000 0.000000 -1.000000
vn 0.000000 0.000000 -1.000000
vn 0.000000 0.000000 -1.000000
vn 0.000000 0.000000 -1.000000
vn 0.000000 0.000000 -1.000000
vn -0.000000 -0.000000 -1.000000
vn -0.000000 -0.000000 -1.000000
vn -0.000000 -0.000000 -1.000000
vn 0.000000 0.000000 -1.000000
vn 0.000000 0.000000 -1.000000
vn 0.000000 0.000000 -1.000000
vn 0.000000 0.000000 1.000000
vn 0.000000 0.000000 1.000000
vn 0.000000 0.000000 1.000000
vn 0.000000 -0.000000 1.000000
vn 0.000000 -0.000000 1.000000
vn 0.000000 -0.000000 1.000000
vn 0.000000 0.000000 1.000000
vn 0.000000 0.000000 1.000000
vn 0.000000 0.000000 1.000000
vn -0.000000 0.000000 1.000000
vn -0.000000 0.000000 1.000000
vn -0.000000 0.000000 1.000000
f 3625/3625/3625 3626/3626/3626 3627/3627/3627
f 3628/3628/3628 3629/3629/3629 3630/3630/3630
f 3631/3631/3631 3632/3632/3632 3633/3633/3633
f 3634/3634/3634 3635/3635/3635 3636/3636/3636
f 3637/3637/3637 3638/3638/3638 3639/3639/3639
f 3640/3640/3640 3641/3641/3641 3642/3642/3642
f 3643/3643/3643 3644/3644/3644 3645/3645/3645
f 3646/3646/3646 3647/3647/3647 3648/3648/3648
f 3649/3649/3649 3650/3650/3650 3651/3651/3651
f 3652/3652/3652 3653/3653/3653 3654/3654/3654
f 3655/3655/3655 3656/3656/3656 3657/3657/3657
f 3658/3658/3658 3659/3659/3659 3660/3660/3660
f 3661/3661/3661 3662/3662/3662 3663/3663/3663
f 3664/3664/3664 3665/3665/3665 3666/3666/3666
f 3667/3667/3667 3668/3668/3668 3669/3669/3669
f 3670/3670/3670 3671/3671/3671 3672/3672/3672
o RightMouthLine
usemtl PaintedVinefangFantasy
v 1.092969 4.206931 -8.497168
v 0.826391 3.977841 -11.846051
v 0.826391 4.081973 -11.846051
v 1.092969 4.206931 -8.497168
v 1.092969 4.102799 -8.497168
v 0.826391 3.977841 -11.846051
vt 0.003906 0.496094
vt 0.246094 0.253906
vt 0.246094 0.496094
vt 0.003906 0.496094
vt 0.003906 0.253906
vt 0.246094 0.253906
vn 0.996847 0.000000 -0.079351
vn 0.996847 0.000000 -0.079351
vn 0.996847 0.000000 -0.079351
vn 0.996847 0.000000 -0.079351
vn 0.996847 0.000000 -0.079351
vn 0.996847 0.000000 -0.079351
f 3673/3673/3673 3674/3674/3674 3675/3675/3675
f 3676/3676/3676 3677/3677/3677 3678/3678/3678
o RightFang
usemtl PaintedVinefangFantasy
v 0.962179 4.248584 -9.371876
v 1.170443 4.248584 -9.371876
v 1.066311 4.248584 -8.872043
v 0.962179 4.248584 -9.371876
v 1.066311 3.123959 -9.121959
v 1.170443 4.248584 -9.371876
v 1.170443 4.248584 -9.371876
v 1.066311 3.123959 -9.121959
v 1.066311 4.248584 -8.872043
v 1.066311 4.248584 -8.872043
v 1.066311 3.123959 -9.121959
v 0.962179 4.248584 -9.371876
vt 0.253906 0.496094
vt 0.496094 0.496094
vt 0.375000 0.253906
vt 0.253906 0.496094
vt 0.496094 0.496094
vt 0.375000 0.253906
vt 0.253906 0.496094
vt 0.496094 0.496094
vt 0.375000 0.253906
vt 0.253906 0.496094
vt 0.496094 0.496094
vt 0.375000 0.253906
vn 0.000000 -1.000000 0.000000
vn 0.000000 -1.000000 0.000000
vn 0.000000 -1.000000 0.000000
vn -0.000000 0.216930 0.976187
vn -0.000000 0.216930 0.976187
vn -0.000000 0.216930 0.976187
vn -0.977976 0.045277 -0.203745
vn -0.977976 0.045277 -0.203745
vn -0.977976 0.045277 -0.203745
vn 0.977976 0.045277 -0.203745
vn 0.977976 0.045277 -0.203745
vn 0.977976 0.045277 -0.203745
f 3679/3679/3679 3680/3680/3680 3681/3681/3681
f 3682/3682/3682 3683/3683/3683 3684/3684/3684
f 3685/3685/3685 3686/3686/3686 3687/3687/3687
f 3688/3688/3688 3689/3689/3689 3690/3690/3690
o RightCheekFur
usemtl PaintedVinefangFantasy
v 1.492836 5.289903 -6.789404
v 1.775182 5.070301 -5.837007
v 2.316422 5.388093 -6.013448
v 2.316422 5.388093 -6.013448
v 1.775182 5.070301 -5.837007
v 2.527443 4.485209 -5.065057
v 2.527443 4.485209 -5.065057
v 1.775182 5.070301 -5.837007
v 1.600396 4.467489 -6.013448
v 1.600396 4.467489 -6.013448
v 1.775182 5.070301 -5.837007
v 1.492836 5.289903 -6.789404
v 1.584449 5.218648 -6.877624
v 2.408035 5.316838 -6.101668
v 2.050023 4.856536 -6.101668
v 2.408035 5.316838 -6.101668
v 2.619057 4.413953 -5.153278
v 2.050023 4.856536 -6.101668
v 2.619057 4.413953 -5.153278
v 1.692010 4.396234 -6.101668
v 2.050023 4.856536 -6.101668
v 1.692010 4.396234 -6.101668
v 1.584449 5.218648 -6.877624
v 2.050023 4.856536 -6.101668
v 1.492836 5.289903 -6.789404
v 2.408035 5.316838 -6.101668
v 1.584449 5.218648 -6.877624
v 1.492836 5.289903 -6.789404
v 2.316422 5.388093 -6.013448
v 2.408035 5.316838 -6.101668
v 2.316422 5.388093 -6.013448
v 2.619057 4.413953 -5.153278
v 2.408035 5.316838 -6.101668
v 2.316422 5.388093 -6.013448
v 2.527443 4.485209 -5.065057
v 2.619057 4.413953 -5.153278
v 2.527443 4.485209 -5.065057
v 1.692010 4.396234 -6.101668
v 2.619057 4.413953 -5.153278
v 2.527443 4.485209 -5.065057
v 1.600396 4.467489 -6.013448
v 1.692010 4.396234 -6.101668
v 1.600396 4.467489 -6.013448
v 1.584449 5.218648 -6.877624
v 1.692010 4.396234 -6.101668
v 1.600396 4.467489 -6.013448
v 1.492836 5.289903 -6.789404
v 1.584449 5.218648 -6.877624
vt 0.125000 0.503906
vt 0.125000 0.612891
vt 0.003906 0.612891
vt 0.003906 0.612891
vt 0.125000 0.612891
vt 0.125000 0.746094
vt 0.125000 0.746094
vt 0.125000 0.612891
vt 0.246094 0.612891
vt 0.246094 0.612891
vt 0.125000 0.612891
vt 0.125000 0.503906
vt 0.125000 0.503906
vt 0.003906 0.612891
vt 0.125000 0.612891
vt 0.003906 0.612891
vt 0.125000 0.746094
vt 0.125000 0.612891
vt 0.125000 0.746094
vt 0.246094 0.612891
vt 0.125000 0.612891
vt 0.246094 0.612891
vt 0.125000 0.503906
vt 0.125000 0.612891
vt 0.125000 0.503906
vt 0.003906 0.612891
vt 0.125000 0.503906
vt 0.125000 0.503906
vt 0.003906 0.612891
vt 0.003906 0.612891
vt 0.003906 0.612891
vt 0.125000 0.746094
vt 0.003906 0.612891
vt 0.003906 0.612891
vt 0.125000 0.746094
vt 0.125000 0.746094
vt 0.125000 0.746094
vt 0.246094 0.612891
vt 0.125000 0.746094
vt 0.125000 0.746094
vt 0.246094 0.612891
vt 0.246094 0.612891
vt 0.246094 0.612891
vt 0.125000 0.503906
vt 0.246094 0.612891
vt 0.246094 0.612891
vt 0.125000 0.503906
vt 0.125000 0.503906
vn -0.401205 0.859354 0.317090
vn -0.401205 0.859354 0.317090
vn -0.401205 0.859354 0.317090
vn -0.178709 0.692447 0.698985
vn -0.178709 0.692447 0.698985
vn -0.178709 0.692447 0.698985
vn -0.715131 0.002762 0.698985
vn -0.715131 0.002762 0.698985
vn -0.715131 0.002762 0.698985
vn -0.931670 0.177327 0.317090
vn -0.931670 0.177327 0.317090
vn -0.931670 0.177327 0.317090
vn 0.628417 -0.488769 -0.605142
vn 0.628417 -0.488769 -0.605142
vn 0.628417 -0.488769 -0.605142
vn 0.628417 -0.488769 -0.605142
vn 0.628417 -0.488769 -0.605142
vn 0.628417 -0.488769 -0.605142
vn 0.628417 -0.488769 -0.605142
vn 0.628417 -0.488769 -0.605142
vn 0.628417 -0.488769 -0.605142
vn 0.628417 -0.488769 -0.605142
vn 0.628417 -0.488769 -0.605142
vn 0.628417 -0.488769 -0.605142
vn 0.281603 0.868120 -0.408740
vn 0.281603 0.868120 -0.408740
vn 0.281603 0.868120 -0.408740
vn 0.281603 0.868120 -0.408740
vn 0.281603 0.868120 -0.408740
vn 0.281603 0.868120 -0.408740
vn 0.761432 0.545624 0.350021
vn 0.761432 0.545624 0.350021
vn 0.761432 0.545624 0.350021
vn 0.761432 0.545624 0.350021
vn 0.761432 0.545624 0.350021
vn 0.761432 0.545624 0.350021
vn -0.341406 -0.872311 0.350021
vn -0.341406 -0.872311 0.350021
vn -0.341406 -0.872311 0.350021
vn -0.341406 -0.872311 0.350021
vn -0.341406 -0.872311 0.350021
vn -0.341406 -0.872311 0.350021
vn -0.772091 -0.486629 -0.408740
vn -0.772091 -0.486629 -0.408740
vn -0.772091 -0.486629 -0.408740
vn -0.772091 -0.486629 -0.408740
vn -0.772091 -0.486629 -0.408740
vn -0.772091 -0.486629 -0.408740
f 3691/3691/3691 3692/3692/3692 3693/3693/3693
f 3694/3694/3694 3695/3695/3695 3696/3696/3696
f 3697/3697/3697 3698/3698/3698 3699/3699/3699
f 3700/3700/3700 3701/3701/3701 3702/3702/3702
f 3703/3703/3703 3704/3704/3704 3705/3705/3705
f 3706/3706/3706 3707/3707/3707 3708/3708/3708
f 3709/3709/3709 3710/3710/3710 3711/3711/3711
f 3712/3712/3712 3713/3713/3713 3714/3714/3714
f 3715/3715/3715 3716/3716/3716 3717/3717/3717
f 3718/3718/3718 3719/3719/3719 3720/3720/3720
f 3721/3721/3721 3722/3722/3722 3723/3723/3723
f 3724/3724/3724 3725/3725/3725 3726/3726/3726
f 3727/3727/3727 3728/3728/3728 3729/3729/3729
f 3730/3730/3730 3731/3731/3731 3732/3732/3732
f 3733/3733/3733 3734/3734/3734 3735/3735/3735
f 3736/3736/3736 3737/3737/3737 3738/3738/3738
o RightNeckMane0
usemtl PaintedVinefangFantasy
v 0.767569 7.705765 -5.177500
v 1.342129 7.156424 -5.406717
v 2.279023 7.400651 -4.130741
v 0.767569 7.705765 -5.177500
v 2.279023 7.400651 -4.130741
v 1.326679 8.320143 -3.797649
v 1.342129 7.156424 -5.406717
v 1.961483 7.366253 -6.107691
v 3.391691 7.751866 -5.198717
v 1.342129 7.156424 -5.406717
v 3.391691 7.751866 -5.198717
v 2.279023 7.400651 -4.130741
v 1.961483 7.366253 -6.107691
v 1.769704 8.045276 -6.311701
v 3.127014 8.888421 -5.525671
v 1.961483 7.366253 -6.107691
v 3.127014 8.888421 -5.525671
v 3.391691 7.751866 -5.198717
v 1.769704 8.045276 -6.311701
v 1.031825 8.255106 -5.736811
v 1.850767 9.239635 -4.659763
v 1.769704 8.045276 -6.311701
v 1.850767 9.239635 -4.659763
v 3.127014 8.888421 -5.525671
v 1.031825 8.255106 -5.736811
v 0.767569 7.705765 -5.177500
v 1.326679 8.320143 -3.797649
v 1.031825 8.255106 -5.736811
v 1.326679 8.320143 -3.797649
v 1.850767 9.239635 -4.659763
v 1.326679 8.320143 -3.797649
v 2.279023 7.400651 -4.130741
v 3.109381 7.620059 -2.591296
v 1.326679 8.320143 -3.797649
v 3.109381 7.620059 -2.591296
v 1.801360 8.955348 -2.235281
v 2.279023 7.400651 -4.130741
v 3.391691 7.751866 -5.198717
v 4.955612 8.130094 -3.683432
v 2.279023 7.400651 -4.130741
v 4.955612 8.130094 -3.683432
v 3.109381 7.620059 -2.591296
v 3.391691 7.751866 -5.198717
v 3.127014 8.888421 -5.525671
v 4.788625 9.780602 -4.002395
v 3.391691 7.751866 -5.198717
v 4.788625 9.780602 -4.002395
v 4.955612 8.130094 -3.683432
v 3.127014 8.888421 -5.525671
v 1.850767 9.239635 -4.659763
v 2.839191 10.290638 -3.107389
v 3.127014 8.888421 -5.525671
v 2.839191 10.290638 -3.107389
v 4.788625 9.780602 -4.002395
v 1.850767 9.239635 -4.659763
v 1.326679 8.320143 -3.797649
v 1.801360 8.955348 -2.235281
v 1.850767 9.239635 -4.659763
v 1.801360 8.955348 -2.235281
v 2.839191 10.290638 -3.107389
v 1.801360 8.955348 -2.235281
v 3.109381 7.620059 -2.591296
v 3.489195 7.821498 -1.409539
v 1.801360 8.955348 -2.235281
v 3.489195 7.821498 -1.409539
v 2.275845 9.082910 -1.244390
v 3.109381 7.620059 -2.591296
v 4.955612 8.130094 -3.683432
v 5.431802 8.303314 -1.788953
v 3.109381 7.620059 -2.591296
v 5.431802 8.303314 -1.788953
v 3.489195 7.821498 -1.409539
v 4.955612 8.130094 -3.683432
v 4.788625 9.780602 -4.002395
v 5.419049 9.862505 -1.858294
v 4.955612 8.130094 -3.683432
v 5.419049 9.862505 -1.858294
v 5.431802 8.303314 -1.788953
v 4.788625 9.780602 -4.002395
v 2.839191 10.290638 -3.107389
v 3.468561 10.344322 -1.521736
v 4.788625 9.780602 -4.002395
v 3.468561 10.344322 -1.521736
v 5.419049 9.862505 -1.858294
v 2.839191 10.290638 -3.107389
v 1.801360 8.955348 -2.235281
v 2.275845 9.082910 -1.244390
v 2.839191 10.290638 -3.107389
v 2.275845 9.082910 -1.244390
v 3.468561 10.344322 -1.521736
v 2.275845 9.082910 -1.244390
v 3.489195 7.821498 -1.409539
v 3.661051 7.965117 0.545400
v 2.275845 9.082910 -1.244390
v 3.661051 7.965117 0.545400
v 2.542136 9.121959 0.434457
v 3.489195 7.821498 -1.409539
v 5.431802 8.303314 -1.788953
v 5.476791 8.406991 0.593372
v 3.489195 7.821498 -1.409539
v 5.476791 8.406991 0.593372
v 3.661051 7.965117 0.545400
v 5.431802 8.303314 -1.788953
v 5.419049 9.862505 -1.858294
v 5.480065 9.836928 0.512077
v 5.431802 8.303314 -1.788953
v 5.480065 9.836928 0.512077
v 5.476791 8.406991 0.593372
v 5.419049 9.862505 -1.858294
v 3.468561 10.344322 -1.521736
v 3.666349 10.278802 0.413862
v 5.419049 9.862505 -1.858294
v 3.666349 10.278802 0.413862
v 5.480065 9.836928 0.512077
v 3.468561 10.344322 -1.521736
v 2.275845 9.082910 -1.244390
v 2.542136 9.121959 0.434457
v 3.468561 10.344322 -1.521736
v 2.542136 9.121959 0.434457
v 3.666349 10.278802 0.413862
v 2.542136 9.121959 0.434457
v 3.661051 7.965117 0.545400
v 3.527733 8.807864 4.074073
v 2.542136 9.121959 0.434457
v 3.527733 8.807864 4.074073
v 2.959647 9.403116 3.954699
v 3.661051 7.965117 0.545400
v 5.476791 8.406991 0.593372
v 4.458820 9.035230 4.171986
v 3.661051 7.965117 0.545400
v 4.458820 9.035230 4.171986
v 3.527733 8.807864 4.074073
v 5.476791 8.406991 0.593372
v 5.480065 9.836928 0.512077
v 4.466178 9.771002 4.113124
v 5.476791 8.406991 0.593372
v 4.466178 9.771002 4.113124
v 4.458820 9.035230 4.171986
v 5.480065 9.836928 0.512077
v 3.666349 10.278802 0.413862
v 3.539638 9.998368 3.978833
v 5.480065 9.836928 0.512077
v 3.539638 9.998368 3.978833
v 4.466178 9.771002 4.113124
v 3.666349 10.278802 0.413862
v 2.542136 9.121959 0.434457
v 2.959647 9.403116 3.954699
v 3.666349 10.278802 0.413862
v 2.959647 9.403116 3.954699
v 3.539638 9.998368 3.978833
v 2.959647 9.403116 3.954699
v 3.527733 8.807864 4.074073
v 3.316512 9.627915 7.164939
v 2.959647 9.403116 3.954699
v 3.316512 9.627915 7.164939
v 3.282774 9.663446 7.156984
v 3.527733 8.807864 4.074073
v 4.458820 9.035230 4.171986
v 3.371961 9.641486 7.171982
v 3.527733 8.807864 4.074073
v 3.371961 9.641486 7.171982
v 3.316512 9.627915 7.164939
v 4.458820 9.035230 4.171986
v 4.466178 9.771002 4.113124
v 3.372493 9.685405 7.168379
v 4.458820 9.035230 4.171986
v 3.372493 9.685405 7.168379
v 3.371961 9.641486 7.171982
v 4.466178 9.771002 4.113124
v 3.539638 9.998368 3.978833
v 3.317372 9.698976 7.159109
v 4.466178 9.771002 4.113124
v 3.317372 9.698976 7.159109
v 3.372493 9.685405 7.168379
v 3.539638 9.998368 3.978833
v 2.959647 9.403116 3.954699
v 3.282774 9.663446 7.156984
v 3.539638 9.998368 3.978833
v 3.282774 9.663446 7.156984
v 3.317372 9.698976 7.159109
v 1.374542 7.705765 -5.748084
v 0.767569 7.705765 -5.177500
v 1.342129 7.156424 -5.406717
v 1.374542 7.705765 -5.748084
v 1.342129 7.156424 -5.406717
v 1.961483 7.366253 -6.107691
v 1.374542 7.705765 -5.748084
v 1.961483 7.366253 -6.107691
v 1.769704 8.045276 -6.311701
v 1.374542 7.705765 -5.748084
v 1.769704 8.045276 -6.311701
v 1.031825 8.255106 -5.736811
v 1.374542 7.705765 -5.748084
v 1.031825 8.255106 -5.736811
v 0.767569 7.705765 -5.177500
v 3.332223 9.663446 7.164279
v 3.282774 9.663446 7.156984
v 3.316512 9.627915 7.164939
v 3.332223 9.663446 7.164279
v 3.316512 9.627915 7.164939
v 3.371961 9.641486 7.171982
v 3.332223 9.663446 7.164279
v 3.371961 9.641486 7.171982
v 3.372493 9.685405 7.168379
v 3.332223 9.663446 7.164279
v 3.372493 9.685405 7.168379
v 3.317372 9.698976 7.159109
v 3.332223 9.663446 7.164279
v 3.317372 9.698976 7.159109
v 3.282774 9.663446 7.156984
vt 0.003906 0.746094
vt 0.052344 0.746094
vt 0.052344 0.705729
vt 0.003906 0.746094
vt 0.052344 0.705729
vt 0.003906 0.705729
vt 0.052344 0.746094
vt 0.100781 0.746094
vt 0.100781 0.705729
vt 0.052344 0.746094
vt 0.100781 0.705729
vt 0.052344 0.705729
vt 0.100781 0.746094
vt 0.149219 0.746094
vt 0.149219 0.705729
vt 0.100781 0.746094
vt 0.149219 0.705729
vt 0.100781 0.705729
vt 0.149219 0.746094
vt 0.197656 0.746094
vt 0.197656 0.705729
vt 0.149219 0.746094
vt 0.197656 0.705729
vt 0.149219 0.705729
vt 0.197656 0.746094
vt 0.246094 0.746094
vt 0.246094 0.705729
vt 0.197656 0.746094
vt 0.246094 0.705729
vt 0.197656 0.705729
vt 0.003906 0.705729
vt 0.052344 0.705729
vt 0.052344 0.665365
vt 0.003906 0.705729
vt 0.052344 0.665365
vt 0.003906 0.665365
vt 0.052344 0.705729
vt 0.100781 0.705729
vt 0.100781 0.665365
vt 0.052344 0.705729
vt 0.100781 0.665365
vt 0.052344 0.665365
vt 0.100781 0.705729
vt 0.149219 0.705729
vt 0.149219 0.665365
vt 0.100781 0.705729
vt 0.149219 0.665365
vt 0.100781 0.665365
vt 0.149219 0.705729
vt 0.197656 0.705729
vt 0.197656 0.665365
vt 0.149219 0.705729
vt 0.197656 0.665365
vt 0.149219 0.665365
vt 0.197656 0.705729
vt 0.246094 0.705729
vt 0.246094 0.665365
vt 0.197656 0.705729
vt 0.246094 0.665365
vt 0.197656 0.665365
vt 0.003906 0.665365
vt 0.052344 0.665365
vt 0.052344 0.625000
vt 0.003906 0.665365
vt 0.052344 0.625000
vt 0.003906 0.625000
vt 0.052344 0.665365
vt 0.100781 0.665365
vt 0.100781 0.625000
vt 0.052344 0.665365
vt 0.100781 0.625000
vt 0.052344 0.625000
vt 0.100781 0.665365
vt 0.149219 0.665365
vt 0.149219 0.625000
vt 0.100781 0.665365
vt 0.149219 0.625000
vt 0.100781 0.625000
vt 0.149219 0.665365
vt 0.197656 0.665365
vt 0.197656 0.625000
vt 0.149219 0.665365
vt 0.197656 0.625000
vt 0.149219 0.625000
vt 0.197656 0.665365
vt 0.246094 0.665365
vt 0.246094 0.625000
vt 0.197656 0.665365
vt 0.246094 0.625000
vt 0.197656 0.625000
vt 0.003906 0.625000
vt 0.052344 0.625000
vt 0.052344 0.584635
vt 0.003906 0.625000
vt 0.052344 0.584635
vt 0.003906 0.584635
vt 0.052344 0.625000
vt 0.100781 0.625000
vt 0.100781 0.584635
vt 0.052344 0.625000
vt 0.100781 0.584635
vt 0.052344 0.584635
vt 0.100781 0.625000
vt 0.149219 0.625000
vt 0.149219 0.584635
vt 0.100781 0.625000
vt 0.149219 0.584635
vt 0.100781 0.584635
vt 0.149219 0.625000
vt 0.197656 0.625000
vt 0.197656 0.584635
vt 0.149219 0.625000
vt 0.197656 0.584635
vt 0.149219 0.584635
vt 0.197656 0.625000
vt 0.246094 0.625000
vt 0.246094 0.584635
vt 0.197656 0.625000
vt 0.246094 0.584635
vt 0.197656 0.584635
vt 0.003906 0.584635
vt 0.052344 0.584635
vt 0.052344 0.544271
vt 0.003906 0.584635
vt 0.052344 0.544271
vt 0.003906 0.544271
vt 0.052344 0.584635
vt 0.100781 0.584635
vt 0.100781 0.544271
vt 0.052344 0.584635
vt 0.100781 0.544271
vt 0.052344 0.544271
vt 0.100781 0.584635
vt 0.149219 0.584635
vt 0.149219 0.544271
vt 0.100781 0.584635
vt 0.149219 0.544271
vt 0.100781 0.544271
vt 0.149219 0.584635
vt 0.197656 0.584635
vt 0.197656 0.544271
vt 0.149219 0.584635
vt 0.197656 0.544271
vt 0.149219 0.544271
vt 0.197656 0.584635
vt 0.246094 0.584635
vt 0.246094 0.544271
vt 0.197656 0.584635
vt 0.246094 0.544271
vt 0.197656 0.544271
vt 0.003906 0.544271
vt 0.052344 0.544271
vt 0.052344 0.503906
vt 0.003906 0.544271
vt 0.052344 0.503906
vt 0.003906 0.503906
vt 0.052344 0.544271
vt 0.100781 0.544271
vt 0.100781 0.503906
vt 0.052344 0.544271
vt 0.100781 0.503906
vt 0.052344 0.503906
vt 0.100781 0.544271
vt 0.149219 0.544271
vt 0.149219 0.503906
vt 0.100781 0.544271
vt 0.149219 0.503906
vt 0.100781 0.503906
vt 0.149219 0.544271
vt 0.197656 0.544271
vt 0.197656 0.503906
vt 0.149219 0.544271
vt 0.197656 0.503906
vt 0.149219 0.503906
vt 0.197656 0.544271
vt 0.246094 0.544271
vt 0.246094 0.503906
vt 0.197656 0.544271
vt 0.246094 0.503906
vt 0.197656 0.503906
vt 0.125000 0.625000
vt 0.003906 0.746094
vt 0.246094 0.503906
vt 0.125000 0.625000
vt 0.003906 0.746094
vt 0.246094 0.503906
vt 0.125000 0.625000
vt 0.003906 0.746094
vt 0.246094 0.503906
vt 0.125000 0.625000
vt 0.003906 0.746094
vt 0.246094 0.503906
vt 0.125000 0.625000
vt 0.003906 0.746094
vt 0.246094 0.503906
vt 0.125000 0.625000
vt 0.003906 0.746094
vt 0.246094 0.503906
vt 0.125000 0.625000
vt 0.003906 0.746094
vt 0.246094 0.503906
vt 0.125000 0.625000
vt 0.003906 0.746094
vt 0.246094 0.503906
vt 0.125000 0.625000
vt 0.003906 0.746094
vt 0.246094 0.503906
vt 0.125000 0.625000
vt 0.003906 0.746094
vt 0.246094 0.503906
vn -0.488460 -0.717868 0.496058
vn -0.488460 -0.717868 0.496058
vn -0.488460 -0.717868 0.496058
vn -0.496603 -0.700174 0.512974
vn -0.496603 -0.700174 0.512974
vn -0.496603 -0.700174 0.512974
vn 0.282299 -0.958593 -0.037516
vn 0.282299 -0.958593 -0.037516
vn 0.282299 -0.958593 -0.037516
vn 0.281040 -0.959427 -0.022717
vn 0.281040 -0.959427 -0.022717
vn 0.281040 -0.959427 -0.022717
vn 0.543261 -0.097115 -0.833928
vn 0.543261 -0.097115 -0.833928
vn 0.543261 -0.097115 -0.833928
vn 0.553892 -0.108481 -0.825491
vn 0.553892 -0.108481 -0.825491
vn 0.553892 -0.108481 -0.825491
vn -0.214005 0.796560 -0.565415
vn -0.214005 0.796560 -0.565415
vn -0.214005 0.796560 -0.565415
vn -0.167320 0.802834 -0.572243
vn -0.167320 0.802834 -0.572243
vn -0.167320 0.802834 -0.572243
vn -0.846569 0.520519 0.111265
vn -0.846569 0.520519 0.111265
vn -0.846569 0.520519 0.111265
vn -0.818179 0.565211 0.105450
vn -0.818179 0.565211 0.105450
vn -0.818179 0.565211 0.105450
vn -0.558150 -0.724561 0.404326
vn -0.558150 -0.724561 0.404326
vn -0.558150 -0.724561 0.404326
vn -0.574008 -0.682797 0.451998
vn -0.574008 -0.682797 0.451998
vn -0.574008 -0.682797 0.451998
vn 0.268485 -0.962580 -0.036834
vn 0.268485 -0.962580 -0.036834
vn 0.268485 -0.962580 -0.036834
vn 0.263672 -0.964601 -0.004743
vn 0.263672 -0.964601 -0.004743
vn 0.263672 -0.964601 -0.004743
vn 0.688783 -0.047699 -0.723397
vn 0.688783 -0.047699 -0.723397
vn 0.688783 -0.047699 -0.723397
vn 0.702511 -0.065867 -0.708618
vn 0.702511 -0.065867 -0.708618
vn 0.702511 -0.065867 -0.708618
vn -0.109842 0.854128 -0.508331
vn -0.109842 0.854128 -0.508331
vn -0.109842 0.854128 -0.508331
vn -0.004189 0.864867 -0.501983
vn -0.004189 0.864867 -0.501983
vn -0.004189 0.864867 -0.501983
vn -0.849481 0.525753 0.044337
vn -0.849481 0.525753 0.044337
vn -0.849481 0.525753 0.044337
vn -0.769171 0.636319 0.058938
vn -0.769171 0.636319 0.058938
vn -0.769171 0.636319 0.058938
vn -0.631548 -0.704800 0.323116
vn -0.631548 -0.704800 0.323116
vn -0.631548 -0.704800 0.323116
vn -0.637335 -0.664202 0.390691
vn -0.637335 -0.664202 0.390691
vn -0.637335 -0.664202 0.390691
vn 0.276336 -0.960885 0.018399
vn 0.276336 -0.960885 0.018399
vn 0.276336 -0.960885 0.018399
vn 0.255022 -0.963430 0.082260
vn 0.255022 -0.963430 0.082260
vn 0.255022 -0.963430 0.082260
vn 0.958098 0.042182 -0.283318
vn 0.958098 0.042182 -0.283318
vn 0.958098 0.042182 -0.283318
vn 0.969891 -0.002898 -0.243523
vn 0.969891 -0.002898 -0.243523
vn 0.969891 -0.002898 -0.243523
vn 0.202476 0.972711 -0.113298
vn 0.202476 0.972711 -0.113298
vn 0.202476 0.972711 -0.113298
vn 0.221888 0.969693 -0.102283
vn 0.221888 0.969693 -0.102283
vn 0.221888 0.969693 -0.102283
vn -0.684707 0.688432 0.239245
vn -0.684707 0.688432 0.239245
vn -0.684707 0.688432 0.239245
vn -0.676946 0.693991 0.245195
vn -0.676946 0.693991 0.245195
vn -0.676946 0.693991 0.245195
vn -0.708587 -0.696442 0.113455
vn -0.708587 -0.696442 0.113455
vn -0.708587 -0.696442 0.113455
vn -0.718897 -0.682869 0.129911
vn -0.718897 -0.682869 0.129911
vn -0.718897 -0.682869 0.129911
vn 0.247449 -0.968176 0.037461
vn 0.247449 -0.968176 0.037461
vn 0.247449 -0.968176 0.037461
vn 0.234889 -0.970701 0.050663
vn 0.234889 -0.970701 0.050663
vn 0.234889 -0.970701 0.050663
vn 0.999646 0.007035 -0.025656
vn 0.999646 0.007035 -0.025656
vn 0.999646 0.007035 -0.025656
vn 0.999819 -0.003355 -0.018735
vn 0.999819 -0.003355 -0.018735
vn 0.999819 -0.003355 -0.018735
vn 0.241142 0.970455 0.008209
vn 0.241142 0.970455 0.008209
vn 0.241142 0.970455 0.008209
vn 0.236479 0.971627 0.004397
vn 0.236479 0.971627 0.004397
vn 0.236479 0.971627 0.004397
vn -0.712483 0.694974 0.096846
vn -0.712483 0.694974 0.096846
vn -0.712483 0.694974 0.096846
vn -0.712953 0.694559 0.096363
vn -0.712953 0.694559 0.096363
vn -0.712953 0.694559 0.096363
vn -0.718612 -0.682035 0.135739
vn -0.718612 -0.682035 0.135739
vn -0.718612 -0.682035 0.135739
vn -0.730169 -0.668767 0.140014
vn -0.730169 -0.668767 0.140014
vn -0.730169 -0.668767 0.140014
vn 0.224371 -0.946957 0.230066
vn 0.224371 -0.946957 0.230066
vn 0.224371 -0.946957 0.230066
vn 0.207243 -0.949731 0.234653
vn 0.207243 -0.949731 0.234653
vn 0.207243 -0.949731 0.234653
vn 0.962428 0.013215 0.271217
vn 0.962428 0.013215 0.271217
vn 0.962428 0.013215 0.271217
vn 0.962329 0.012106 0.271618
vn 0.962329 0.012106 0.271618
vn 0.962329 0.012106 0.271618
vn 0.231540 0.969152 0.084467
vn 0.231540 0.969152 0.084467
vn 0.231540 0.969152 0.084467
vn 0.226371 0.970625 0.081505
vn 0.226371 0.970625 0.081505
vn 0.226371 0.970625 0.081505
vn -0.716579 0.696889 0.029329
vn -0.716579 0.696889 0.029329
vn -0.716579 0.696889 0.029329
vn -0.716515 0.696954 0.029358
vn -0.716515 0.696954 0.029358
vn -0.716515 0.696954 0.029358
vn -0.730167 -0.671141 0.128166
vn -0.730167 -0.671141 0.128166
vn -0.730167 -0.671141 0.128166
vn -0.733359 -0.667630 0.128275
vn -0.733359 -0.667630 0.128275
vn -0.733359 -0.667630 0.128275
vn 0.202527 -0.943035 0.263947
vn 0.202527 -0.943035 0.263947
vn 0.202527 -0.943035 0.263947
vn 0.197543 -0.944083 0.263978
vn 0.197543 -0.944083 0.263978
vn 0.197543 -0.944083 0.263978
vn 0.941194 0.017581 0.337410
vn 0.941194 0.017581 0.337410
vn 0.941194 0.017581 0.337410
vn 0.941126 0.016311 0.337661
vn 0.941126 0.016311 0.337661
vn 0.941126 0.016311 0.337661
vn 0.222336 0.969106 0.106770
vn 0.222336 0.969106 0.106770
vn 0.222336 0.969106 0.106770
vn 0.220846 0.969507 0.106218
vn 0.220846 0.969507 0.106218
vn 0.220846 0.969507 0.106218
vn -0.716457 0.697456 0.015594
vn -0.716457 0.697456 0.015594
vn -0.716457 0.697456 0.015594
vn -0.716828 0.697077 0.015525
vn -0.716828 0.697077 0.015525
vn -0.716828 0.697077 0.015525
vn 0.633207 0.381216 0.673590
vn 0.633207 0.381216 0.673590
vn 0.633207 0.381216 0.673590
vn 0.633207 0.381216 0.673590
vn 0.633207 0.381216 0.673590
vn 0.633207 0.381216 0.673590
vn 0.633207 0.381216 0.673590
vn 0.633207 0.381216 0.673590
vn 0.633207 0.381216 0.673590
vn 0.633207 0.381216 0.673590
vn 0.633207 0.381216 0.673590
vn 0.633207 0.381216 0.673590
vn 0.633207 0.381216 0.673590
vn 0.633207 0.381216 0.673590
vn 0.633207 0.381216 0.673590
vn -0.145448 0.082641 0.985908
vn -0.145448 0.082641 0.985908
vn -0.145448 0.082641 0.985908
vn -0.145448 0.082641 0.985908
vn -0.145448 0.082641 0.985908
vn -0.145448 0.082641 0.985908
vn -0.145448 0.082641 0.985908
vn -0.145448 0.082641 0.985908
vn -0.145448 0.082641 0.985908
vn -0.145448 0.082641 0.985908
vn -0.145448 0.082641 0.985908
vn -0.145448 0.082641 0.985908
vn -0.145448 0.082641 0.985908
vn -0.145448 0.082641 0.985908
vn -0.145448 0.082641 0.985908
f 3739/3739/3739 3740/3740/3740 3741/3741/3741
f 3742/3742/3742 3743/3743/3743 3744/3744/3744
f 3745/3745/3745 3746/3746/3746 3747/3747/3747
f 3748/3748/3748 3749/3749/3749 3750/3750/3750
f 3751/3751/3751 3752/3752/3752 3753/3753/3753
f 3754/3754/3754 3755/3755/3755 3756/3756/3756
f 3757/3757/3757 3758/3758/3758 3759/3759/3759
f 3760/3760/3760 3761/3761/3761 3762/3762/3762
f 3763/3763/3763 3764/3764/3764 3765/3765/3765
f 3766/3766/3766 3767/3767/3767 3768/3768/3768
f 3769/3769/3769 3770/3770/3770 3771/3771/3771
f 3772/3772/3772 3773/3773/3773 3774/3774/3774
f 3775/3775/3775 3776/3776/3776 3777/3777/3777
f 3778/3778/3778 3779/3779/3779 3780/3780/3780
f 3781/3781/3781 3782/3782/3782 3783/3783/3783
f 3784/3784/3784 3785/3785/3785 3786/3786/3786
f 3787/3787/3787 3788/3788/3788 3789/3789/3789
f 3790/3790/3790 3791/3791/3791 3792/3792/3792
f 3793/3793/3793 3794/3794/3794 3795/3795/3795
f 3796/3796/3796 3797/3797/3797 3798/3798/3798
f 3799/3799/3799 3800/3800/3800 3801/3801/3801
f 3802/3802/3802 3803/3803/3803 3804/3804/3804
f 3805/3805/3805 3806/3806/3806 3807/3807/3807
f 3808/3808/3808 3809/3809/3809 3810/3810/3810
f 3811/3811/3811 3812/3812/3812 3813/3813/3813
f 3814/3814/3814 3815/3815/3815 3816/3816/3816
f 3817/3817/3817 3818/3818/3818 3819/3819/3819
f 3820/3820/3820 3821/3821/3821 3822/3822/3822
f 3823/3823/3823 3824/3824/3824 3825/3825/3825
f 3826/3826/3826 3827/3827/3827 3828/3828/3828
f 3829/3829/3829 3830/3830/3830 3831/3831/3831
f 3832/3832/3832 3833/3833/3833 3834/3834/3834
f 3835/3835/3835 3836/3836/3836 3837/3837/3837
f 3838/3838/3838 3839/3839/3839 3840/3840/3840
f 3841/3841/3841 3842/3842/3842 3843/3843/3843
f 3844/3844/3844 3845/3845/3845 3846/3846/3846
f 3847/3847/3847 3848/3848/3848 3849/3849/3849
f 3850/3850/3850 3851/3851/3851 3852/3852/3852
f 3853/3853/3853 3854/3854/3854 3855/3855/3855
f 3856/3856/3856 3857/3857/3857 3858/3858/3858
f 3859/3859/3859 3860/3860/3860 3861/3861/3861
f 3862/3862/3862 3863/3863/3863 3864/3864/3864
f 3865/3865/3865 3866/3866/3866 3867/3867/3867
f 3868/3868/3868 3869/3869/3869 3870/3870/3870
f 3871/3871/3871 3872/3872/3872 3873/3873/3873
f 3874/3874/3874 3875/3875/3875 3876/3876/3876
f 3877/3877/3877 3878/3878/3878 3879/3879/3879
f 3880/3880/3880 3881/3881/3881 3882/3882/3882
f 3883/3883/3883 3884/3884/3884 3885/3885/3885
f 3886/3886/3886 3887/3887/3887 3888/3888/3888
f 3889/3889/3889 3890/3890/3890 3891/3891/3891
f 3892/3892/3892 3893/3893/3893 3894/3894/3894
f 3895/3895/3895 3896/3896/3896 3897/3897/3897
f 3898/3898/3898 3899/3899/3899 3900/3900/3900
f 3901/3901/3901 3902/3902/3902 3903/3903/3903
f 3904/3904/3904 3905/3905/3905 3906/3906/3906
f 3907/3907/3907 3908/3908/3908 3909/3909/3909
f 3910/3910/3910 3911/3911/3911 3912/3912/3912
f 3913/3913/3913 3914/3914/3914 3915/3915/3915
f 3916/3916/3916 3917/3917/3917 3918/3918/3918
f 3919/3919/3919 3920/3920/3920 3921/3921/3921
f 3922/3922/3922 3923/3923/3923 3924/3924/3924
f 3925/3925/3925 3926/3926/3926 3927/3927/3927
f 3928/3928/3928 3929/3929/3929 3930/3930/3930
f 3931/3931/3931 3932/3932/3932 3933/3933/3933
f 3934/3934/3934 3935/3935/3935 3936/3936/3936
f 3937/3937/3937 3938/3938/3938 3939/3939/3939
f 3940/3940/3940 3941/3941/3941 3942/3942/3942
f 3943/3943/3943 3944/3944/3944 3945/3945/3945
f 3946/3946/3946 3947/3947/3947 3948/3948/3948
o RightNeckMane1
usemtl PaintedVinefangFantasy
v 0.800811 6.914362 -5.144085
v 1.341889 6.354637 -5.424047
v 2.406987 6.544321 -4.151430
v 0.800811 6.914362 -5.144085
v 2.406987 6.544321 -4.151430
v 1.498118 7.476154 -3.740310
v 1.341889 6.354637 -5.424047
v 1.928091 6.568433 -6.151817
v 3.468429 6.900250 -5.268843
v 1.341889 6.354637 -5.424047
v 3.468429 6.900250 -5.268843
v 2.406987 6.544321 -4.151430
v 1.928091 6.568433 -6.151817
v 1.749308 7.260291 -6.321642
v 3.215568 8.052058 -5.548322
v 1.928091 6.568433 -6.151817
v 3.215568 8.052058 -5.548322
v 3.468429 6.900250 -5.268843
v 1.749308 7.260291 -6.321642
v 1.052610 7.474086 -5.698829
v 1.997848 8.407986 -4.603636
v 1.749308 7.260291 -6.321642
v 1.997848 8.407986 -4.603636
v 3.215568 8.052058 -5.548322
v 1.052610 7.474086 -5.698829
v 0.800811 6.914362 -5.144085
v 1.498118 7.476154 -3.740310
v 1.052610 7.474086 -5.698829
v 1.498118 7.476154 -3.740310
v 1.997848 8.407986 -4.603636
v 1.498118 7.476154 -3.740310
v 2.406987 6.544321 -4.151430
v 3.359487 6.733713 -2.599521
v 1.498118 7.476154 -3.740310
v 3.359487 6.733713 -2.599521
v 2.064095 8.072309 -2.211216
v 2.406987 6.544321 -4.151430
v 3.468429 6.900250 -5.268843
v 5.192828 7.245011 -3.712581
v 2.406987 6.544321 -4.151430
v 5.192828 7.245011 -3.712581
v 3.359487 6.733713 -2.599521
v 3.468429 6.900250 -5.268843
v 3.215568 8.052058 -5.548322
v 5.030503 8.899607 -4.012185
v 3.468429 6.900250 -5.268843
v 5.030503 8.899607 -4.012185
v 5.192828 7.245011 -3.712581
v 3.215568 8.052058 -5.548322
v 1.997848 8.407986 -4.603636
v 3.096840 9.410906 -3.084290
v 3.215568 8.052058 -5.548322
v 3.096840 9.410906 -3.084290
v 5.030503 8.899607 -4.012185
v 1.997848 8.407986 -4.603636
v 1.498118 7.476154 -3.740310
v 2.064095 8.072309 -2.211216
v 1.997848 8.407986 -4.603636
v 2.064095 8.072309 -2.211216
v 3.096840 9.410906 -3.084290
v 2.064095 8.072309 -2.211216
v 3.359487 6.733713 -2.599521
v 3.786954 6.990118 -1.164604
v 2.064095 8.072309 -2.211216
v 3.786954 6.990118 -1.164604
v 2.568471 8.249334 -1.022036
v 3.359487 6.733713 -2.599521
v 5.192828 7.245011 -3.712581
v 5.722543 7.471095 -1.579310
v 3.359487 6.733713 -2.599521
v 5.722543 7.471095 -1.579310
v 3.786954 6.990118 -1.164604
v 5.192828 7.245011 -3.712581
v 5.030503 8.899607 -4.012185
v 5.700319 9.027572 -1.693045
v 5.192828 7.245011 -3.712581
v 5.700319 9.027572 -1.693045
v 5.722543 7.471095 -1.579310
v 5.030503 8.899607 -4.012185
v 3.096840 9.410906 -3.084290
v 3.750995 9.508549 -1.348631
v 5.030503 8.899607 -4.012185
v 3.750995 9.508549 -1.348631
v 5.700319 9.027572 -1.693045
v 3.096840 9.410906 -3.084290
v 2.064095 8.072309 -2.211216
v 2.568471 8.249334 -1.022036
v 3.096840 9.410906 -3.084290
v 2.568471 8.249334 -1.022036
v 3.750995 9.508549 -1.348631
v 2.568471 8.249334 -1.022036
v 3.786954 6.990118 -1.164604
v 3.948596 7.194169 0.582086
v 2.568471 8.249334 -1.022036
v 3.948596 7.194169 0.582086
v 2.835684 8.347218 0.396426
v 3.786954 6.990118 -1.164604
v 5.722543 7.471095 -1.579310
v 5.763895 7.634594 0.654076
v 3.786954 6.990118 -1.164604
v 5.763895 7.634594 0.654076
v 3.948596 7.194169 0.582086
v 5.722543 7.471095 -1.579310
v 5.700319 9.027572 -1.693045
v 5.772899 9.059841 0.512908
v 5.722543 7.471095 -1.579310
v 5.772899 9.059841 0.512908
v 5.763895 7.634594 0.654076
v 5.700319 9.027572 -1.693045
v 3.750995 9.508549 -1.348631
v 3.963165 9.500266 0.353671
v 5.700319 9.027572 -1.693045
v 3.963165 9.500266 0.353671
v 5.772899 9.059841 0.512908
v 3.750995 9.508549 -1.348631
v 2.568471 8.249334 -1.022036
v 2.835684 8.347218 0.396426
v 3.750995 9.508549 -1.348631
v 2.835684 8.347218 0.396426
v 3.963165 9.500266 0.353671
v 2.835684 8.347218 0.396426
v 3.948596 7.194169 0.582086
v 3.791309 8.036137 2.455075
v 2.835684 8.347218 0.396426
v 3.791309 8.036137 2.455075
v 3.252703 8.626812 2.226377
v 3.948596 7.194169 0.582086
v 5.763895 7.634594 0.654076
v 4.706419 8.261755 2.654765
v 3.948596 7.194169 0.582086
v 4.706419 8.261755 2.654765
v 3.791309 8.036137 2.455075
v 5.763895 7.634594 0.654076
v 5.772899 9.059841 0.512908
v 4.733381 8.991869 2.549481
v 5.763895 7.634594 0.654076
v 4.733381 8.991869 2.549481
v 4.706419 8.261755 2.654765
v 5.772899 9.059841 0.512908
v 3.963165 9.500266 0.353671
v 3.834936 9.217487 2.284724
v 5.772899 9.059841 0.512908
v 3.834936 9.217487 2.284724
v 4.733381 8.991869 2.549481
v 3.963165 9.500266 0.353671
v 2.835684 8.347218 0.396426
v 3.252703 8.626812 2.226377
v 3.963165 9.500266 0.353671
v 3.252703 8.626812 2.226377
v 3.834936 9.217487 2.284724
v 3.252703 8.626812 2.226377
v 3.791309 8.036137 2.455075
v 3.565736 8.836824 3.915859
v 3.252703 8.626812 2.226377
v 3.565736 8.836824 3.915859
v 3.534605 8.872043 3.899907
v 3.791309 8.036137 2.455075
v 4.706419 8.261755 2.654765
v 3.619536 8.850276 3.931124
v 3.791309 8.036137 2.455075
v 3.619536 8.850276 3.931124
v 3.565736 8.836824 3.915859
v 4.706419 8.261755 2.654765
v 4.733381 8.991869 2.549481
v 3.621655 8.893809 3.924606
v 4.706419 8.261755 2.654765
v 3.621655 8.893809 3.924606
v 3.619536 8.850276 3.931124
v 4.733381 8.991869 2.549481
v 3.834936 9.217487 2.284724
v 3.569165 8.907262 3.905313
v 4.733381 8.991869 2.549481
v 3.569165 8.907262 3.905313
v 3.621655 8.893809 3.924606
v 3.834936 9.217487 2.284724
v 3.252703 8.626812 2.226377
v 3.534605 8.872043 3.899907
v 3.834936 9.217487 2.284724
v 3.534605 8.872043 3.899907
v 3.569165 8.907262 3.905313
v 1.374542 6.914362 -5.748084
v 0.800811 6.914362 -5.144085
v 1.341889 6.354637 -5.424047
v 1.374542 6.914362 -5.748084
v 1.341889 6.354637 -5.424047
v 1.928091 6.568433 -6.151817
v 1.374542 6.914362 -5.748084
v 1.928091 6.568433 -6.151817
v 1.749308 7.260291 -6.321642
v 1.374542 6.914362 -5.748084
v 1.749308 7.260291 -6.321642
v 1.052610 7.474086 -5.698829
v 1.374542 6.914362 -5.748084
v 1.052610 7.474086 -5.698829
v 0.800811 6.914362 -5.144085
v 3.582139 8.872043 3.915362
v 3.534605 8.872043 3.899907
v 3.565736 8.836824 3.915859
v 3.582139 8.872043 3.915362
v 3.565736 8.836824 3.915859
v 3.619536 8.850276 3.931124
v 3.582139 8.872043 3.915362
v 3.619536 8.850276 3.931124
v 3.621655 8.893809 3.924606
v 3.582139 8.872043 3.915362
v 3.621655 8.893809 3.924606
v 3.569165 8.907262 3.905313
v 3.582139 8.872043 3.915362
v 3.569165 8.907262 3.905313
v 3.534605 8.872043 3.899907
vt 0.003906 0.746094
vt 0.052344 0.746094
vt 0.052344 0.705729
vt 0.003906 0.746094
vt 0.052344 0.705729
vt 0.003906 0.705729
vt 0.052344 0.746094
vt 0.100781 0.746094
vt 0.100781 0.705729
vt 0.052344 0.746094
vt 0.100781 0.705729
vt 0.052344 0.705729
vt 0.100781 0.746094
vt 0.149219 0.746094
vt 0.149219 0.705729
vt 0.100781 0.746094
vt 0.149219 0.705729
vt 0.100781 0.705729
vt 0.149219 0.746094
vt 0.197656 0.746094
vt 0.197656 0.705729
vt 0.149219 0.746094
vt 0.197656 0.705729
vt 0.149219 0.705729
vt 0.197656 0.746094
vt 0.246094 0.746094
vt 0.246094 0.705729
vt 0.197656 0.746094
vt 0.246094 0.705729
vt 0.197656 0.705729
vt 0.003906 0.705729
vt 0.052344 0.705729
vt 0.052344 0.665365
vt 0.003906 0.705729
vt 0.052344 0.665365
vt 0.003906 0.665365
vt 0.052344 0.705729
vt 0.100781 0.705729
vt 0.100781 0.665365
vt 0.052344 0.705729
vt 0.100781 0.665365
vt 0.052344 0.665365
vt 0.100781 0.705729
vt 0.149219 0.705729
vt 0.149219 0.665365
vt 0.100781 0.705729
vt 0.149219 0.665365
vt 0.100781 0.665365
vt 0.149219 0.705729
vt 0.197656 0.705729
vt 0.197656 0.665365
vt 0.149219 0.705729
vt 0.197656 0.665365
vt 0.149219 0.665365
vt 0.197656 0.705729
vt 0.246094 0.705729
vt 0.246094 0.665365
vt 0.197656 0.705729
vt 0.246094 0.665365
vt 0.197656 0.665365
vt 0.003906 0.665365
vt 0.052344 0.665365
vt 0.052344 0.625000
vt 0.003906 0.665365
vt 0.052344 0.625000
vt 0.003906 0.625000
vt 0.052344 0.665365
vt 0.100781 0.665365
vt 0.100781 0.625000
vt 0.052344 0.665365
vt 0.100781 0.625000
vt 0.052344 0.625000
vt 0.100781 0.665365
vt 0.149219 0.665365
vt 0.149219 0.625000
vt 0.100781 0.665365
vt 0.149219 0.625000
vt 0.100781 0.625000
vt 0.149219 0.665365
vt 0.197656 0.665365
vt 0.197656 0.625000
vt 0.149219 0.665365
vt 0.197656 0.625000
vt 0.149219 0.625000
vt 0.197656 0.665365
vt 0.246094 0.665365
vt 0.246094 0.625000
vt 0.197656 0.665365
vt 0.246094 0.625000
vt 0.197656 0.625000
vt 0.003906 0.625000
vt 0.052344 0.625000
vt 0.052344 0.584635
vt 0.003906 0.625000
vt 0.052344 0.584635
vt 0.003906 0.584635
vt 0.052344 0.625000
vt 0.100781 0.625000
vt 0.100781 0.584635
vt 0.052344 0.625000
vt 0.100781 0.584635
vt 0.052344 0.584635
vt 0.100781 0.625000
vt 0.149219 0.625000
vt 0.149219 0.584635
vt 0.100781 0.625000
vt 0.149219 0.584635
vt 0.100781 0.584635
vt 0.149219 0.625000
vt 0.197656 0.625000
vt 0.197656 0.584635
vt 0.149219 0.625000
vt 0.197656 0.584635
vt 0.149219 0.584635
vt 0.197656 0.625000
vt 0.246094 0.625000
vt 0.246094 0.584635
vt 0.197656 0.625000
vt 0.246094 0.584635
vt 0.197656 0.584635
vt 0.003906 0.584635
vt 0.052344 0.584635
vt 0.052344 0.544271
vt 0.003906 0.584635
vt 0.052344 0.544271
vt 0.003906 0.544271
vt 0.052344 0.584635
vt 0.100781 0.584635
vt 0.100781 0.544271
vt 0.052344 0.584635
vt 0.100781 0.544271
vt 0.052344 0.544271
vt 0.100781 0.584635
vt 0.149219 0.584635
vt 0.149219 0.544271
vt 0.100781 0.584635
vt 0.149219 0.544271
vt 0.100781 0.544271
vt 0.149219 0.584635
vt 0.197656 0.584635
vt 0.197656 0.544271
vt 0.149219 0.584635
vt 0.197656 0.544271
vt 0.149219 0.544271
vt 0.197656 0.584635
vt 0.246094 0.584635
vt 0.246094 0.544271
vt 0.197656 0.584635
vt 0.246094 0.544271
vt 0.197656 0.544271
vt 0.003906 0.544271
vt 0.052344 0.544271
vt 0.052344 0.503906
vt 0.003906 0.544271
vt 0.052344 0.503906
vt 0.003906 0.503906
vt 0.052344 0.544271
vt 0.100781 0.544271
vt 0.100781 0.503906
vt 0.052344 0.544271
vt 0.100781 0.503906
vt 0.052344 0.503906
vt 0.100781 0.544271
vt 0.149219 0.544271
vt 0.149219 0.503906
vt 0.100781 0.544271
vt 0.149219 0.503906
vt 0.100781 0.503906
vt 0.149219 0.544271
vt 0.197656 0.544271
vt 0.197656 0.503906
vt 0.149219 0.544271
vt 0.197656 0.503906
vt 0.149219 0.503906
vt 0.197656 0.544271
vt 0.246094 0.544271
vt 0.246094 0.503906
vt 0.197656 0.544271
vt 0.246094 0.503906
vt 0.197656 0.503906
vt 0.125000 0.625000
vt 0.003906 0.746094
vt 0.246094 0.503906
vt 0.125000 0.625000
vt 0.003906 0.746094
vt 0.246094 0.503906
vt 0.125000 0.625000
vt 0.003906 0.746094
vt 0.246094 0.503906
vt 0.125000 0.625000
vt 0.003906 0.746094
vt 0.246094 0.503906
vt 0.125000 0.625000
vt 0.003906 0.746094
vt 0.246094 0.503906
vt 0.125000 0.625000
vt 0.003906 0.746094
vt 0.246094 0.503906
vt 0.125000 0.625000
vt 0.003906 0.746094
vt 0.246094 0.503906
vt 0.125000 0.625000
vt 0.003906 0.746094
vt 0.246094 0.503906
vt 0.125000 0.625000
vt 0.003906 0.746094
vt 0.246094 0.503906
vt 0.125000 0.625000
vt 0.003906 0.746094
vt 0.246094 0.503906
vn -0.478671 -0.716522 0.507415
vn -0.478671 -0.716522 0.507415
vn -0.478671 -0.716522 0.507415
vn -0.484221 -0.702436 0.521646
vn -0.484221 -0.702436 0.521646
vn -0.484221 -0.702436 0.521646
vn 0.253168 -0.964165 -0.079320
vn 0.253168 -0.964165 -0.079320
vn 0.253168 -0.964165 -0.079320
vn 0.252577 -0.965218 -0.067524
vn 0.252577 -0.965218 -0.067524
vn 0.252577 -0.965218 -0.067524
vn 0.499450 -0.082621 -0.862394
vn 0.499450 -0.082621 -0.862394
vn 0.499450 -0.082621 -0.862394
vn 0.510430 -0.095311 -0.854621
vn 0.510430 -0.095311 -0.854621
vn 0.510430 -0.095311 -0.854621
vn -0.212463 0.826458 -0.521370
vn -0.212463 0.826458 -0.521370
vn -0.212463 0.826458 -0.521370
vn -0.168766 0.830699 -0.530525
vn -0.168766 0.830699 -0.530525
vn -0.168766 0.830699 -0.530525
vn -0.814730 0.549620 0.184748
vn -0.814730 0.549620 0.184748
vn -0.814730 0.549620 0.184748
vn -0.788512 0.588472 0.178743
vn -0.788512 0.588472 0.178743
vn -0.788512 0.588472 0.178743
vn -0.547628 -0.721259 0.424133
vn -0.547628 -0.721259 0.424133
vn -0.547628 -0.721259 0.424133
vn -0.560806 -0.679803 0.472614
vn -0.560806 -0.679803 0.472614
vn -0.560806 -0.679803 0.472614
vn 0.253264 -0.965086 -0.066829
vn 0.253264 -0.965086 -0.066829
vn 0.253264 -0.965086 -0.066829
vn 0.248904 -0.967908 -0.034646
vn 0.248904 -0.967908 -0.034646
vn 0.248904 -0.967908 -0.034646
vn 0.656067 -0.038852 -0.753702
vn 0.656067 -0.038852 -0.753702
vn 0.656067 -0.038852 -0.753702
vn 0.675807 -0.066619 -0.734062
vn 0.675807 -0.066619 -0.734062
vn 0.675807 -0.066619 -0.734062
vn -0.122018 0.866630 -0.483802
vn -0.122018 0.866630 -0.483802
vn -0.122018 0.866630 -0.483802
vn -0.000191 0.875667 -0.482916
vn -0.000191 0.875667 -0.482916
vn -0.000191 0.875667 -0.482916
vn -0.835893 0.539908 0.098900
vn -0.835893 0.539908 0.098900
vn -0.835893 0.539908 0.098900
vn -0.750008 0.651838 0.112226
vn -0.750008 0.651838 0.112226
vn -0.750008 0.651838 0.112226
vn -0.634667 -0.705603 0.315154
vn -0.634667 -0.705603 0.315154
vn -0.634667 -0.705603 0.315154
vn -0.645327 -0.666678 0.372951
vn -0.645327 -0.666678 0.372951
vn -0.645327 -0.666678 0.372951
vn 0.285690 -0.957834 0.030571
vn 0.285690 -0.957834 0.030571
vn 0.285690 -0.957834 0.030571
vn 0.259113 -0.961206 0.094567
vn 0.259113 -0.961206 0.094567
vn 0.259113 -0.961206 0.094567
vn 0.959180 0.043503 -0.279431
vn 0.959180 0.043503 -0.279431
vn 0.959180 0.043503 -0.279431
vn 0.970612 -0.003724 -0.240619
vn 0.970612 -0.003724 -0.240619
vn 0.970612 -0.003724 -0.240619
vn 0.195485 0.972268 -0.128374
vn 0.195485 0.972268 -0.128374
vn 0.195485 0.972268 -0.128374
vn 0.218463 0.968859 -0.116556
vn 0.218463 0.968859 -0.116556
vn 0.218463 0.968859 -0.116556
vn -0.708482 0.676875 0.199733
vn -0.708482 0.676875 0.199733
vn -0.708482 0.676875 0.199733
vn -0.682571 0.697544 0.218013
vn -0.682571 0.697544 0.218013
vn -0.682571 0.697544 0.218013
vn -0.702561 -0.696407 0.146371
vn -0.702561 -0.696407 0.146371
vn -0.702561 -0.696407 0.146371
vn -0.721979 -0.667530 0.182072
vn -0.721979 -0.667530 0.182072
vn -0.721979 -0.667530 0.182072
vn 0.253917 -0.964976 0.065941
vn 0.253917 -0.964976 0.065941
vn 0.253917 -0.964976 0.065941
vn 0.231347 -0.968536 0.091737
vn 0.231347 -0.968536 0.091737
vn 0.231347 -0.968536 0.091737
vn 0.999383 0.011854 -0.033055
vn 0.999383 0.011854 -0.033055
vn 0.999383 0.011854 -0.033055
vn 0.999807 -0.008092 -0.017919
vn 0.999807 -0.008092 -0.017919
vn 0.999807 -0.008092 -0.017919
vn 0.235383 0.971591 -0.024610
vn 0.235383 0.971591 -0.024610
vn 0.235383 0.971591 -0.024610
vn 0.238236 0.970957 -0.022042
vn 0.238236 0.970957 -0.022042
vn 0.238236 0.970957 -0.022042
vn -0.714875 0.693846 0.086789
vn -0.714875 0.693846 0.086789
vn -0.714875 0.693846 0.086789
vn -0.710256 0.697916 0.091920
vn -0.710256 0.697916 0.091920
vn -0.710256 0.697916 0.091920
vn -0.718069 -0.655348 0.234299
vn -0.718069 -0.655348 0.234299
vn -0.718069 -0.655348 0.234299
vn -0.761413 -0.592086 0.263978
vn -0.761413 -0.592086 0.263978
vn -0.761413 -0.592086 0.263978
vn 0.202633 -0.898748 0.388835
vn 0.202633 -0.898748 0.388835
vn 0.202633 -0.898748 0.388835
vn 0.131208 -0.900029 0.415610
vn 0.131208 -0.900029 0.415610
vn 0.131208 -0.900029 0.415610
vn 0.889454 0.039479 0.455317
vn 0.889454 0.039479 0.455317
vn 0.889454 0.039479 0.455317
vn 0.887893 0.033376 0.458839
vn 0.887893 0.033376 0.458839
vn 0.887893 0.033376 0.458839
vn 0.220630 0.962858 0.155650
vn 0.220630 0.962858 0.155650
vn 0.220630 0.962858 0.155650
vn 0.203359 0.969590 0.136160
vn 0.203359 0.969590 0.136160
vn 0.203359 0.969590 0.136160
vn -0.712850 0.699106 0.055633
vn -0.712850 0.699106 0.055633
vn -0.712850 0.699106 0.055633
vn -0.713809 0.698190 0.054842
vn -0.713809 0.698190 0.054842
vn -0.713809 0.698190 0.054842
vn -0.761689 -0.610519 0.217019
vn -0.761689 -0.610519 0.217019
vn -0.761689 -0.610519 0.217019
vn -0.778106 -0.589303 0.217424
vn -0.778106 -0.589303 0.217424
vn -0.778106 -0.589303 0.217424
vn 0.106494 -0.865363 0.489699
vn 0.106494 -0.865363 0.489699
vn 0.106494 -0.865363 0.489699
vn 0.078697 -0.869019 0.488480
vn 0.078697 -0.869019 0.488480
vn 0.078697 -0.869019 0.488480
vn 0.773965 0.062287 0.630158
vn 0.773965 0.062287 0.630158
vn 0.773965 0.062287 0.630158
vn 0.772937 0.056987 0.631918
vn 0.772937 0.056987 0.631918
vn 0.772937 0.056987 0.631918
vn 0.178414 0.960593 0.213143
vn 0.178414 0.960593 0.213143
vn 0.178414 0.960593 0.213143
vn 0.170867 0.963340 0.206834
vn 0.170867 0.963340 0.206834
vn 0.170867 0.963340 0.206834
vn -0.712928 0.701023 0.017367
vn -0.712928 0.701023 0.017367
vn -0.712928 0.701023 0.017367
vn -0.714927 0.699003 0.016563
vn -0.714927 0.699003 0.016563
vn -0.714927 0.699003 0.016563
vn 0.682960 0.335724 0.648734
vn 0.682960 0.335724 0.648734
vn 0.682960 0.335724 0.648734
vn 0.682960 0.335724 0.648734
vn 0.682960 0.335724 0.648734
vn 0.682960 0.335724 0.648734
vn 0.682960 0.335724 0.648734
vn 0.682960 0.335724 0.648734
vn 0.682960 0.335724 0.648734
vn 0.682960 0.335724 0.648734
vn 0.682960 0.335724 0.648734
vn 0.682960 0.335724 0.648734
vn 0.682960 0.335724 0.648734
vn 0.682960 0.335724 0.648734
vn 0.682960 0.335724 0.648734
vn -0.305437 0.155525 0.939425
vn -0.305437 0.155525 0.939425
vn -0.305437 0.155525 0.939425
vn -0.305437 0.155525 0.939425
vn -0.305437 0.155525 0.939425
vn -0.305437 0.155525 0.939425
vn -0.305437 0.155525 0.939425
vn -0.305437 0.155525 0.939425
vn -0.305437 0.155525 0.939425
vn -0.305437 0.155525 0.939425
vn -0.305437 0.155525 0.939425
vn -0.305437 0.155525 0.939425
vn -0.305437 0.155525 0.939425
vn -0.305437 0.155525 0.939425
vn -0.305437 0.155525 0.939425
f 3949/3949/3949 3950/3950/3950 3951/3951/3951
f 3952/3952/3952 3953/3953/3953 3954/3954/3954
f 3955/3955/3955 3956/3956/3956 3957/3957/3957
f 3958/3958/3958 3959/3959/3959 3960/3960/3960
f 3961/3961/3961 3962/3962/3962 3963/3963/3963
f 3964/3964/3964 3965/3965/3965 3966/3966/3966
f 3967/3967/3967 3968/3968/3968 3969/3969/3969
f 3970/3970/3970 3971/3971/3971 3972/3972/3972
f 3973/3973/3973 3974/3974/3974 3975/3975/3975
f 3976/3976/3976 3977/3977/3977 3978/3978/3978
f 3979/3979/3979 3980/3980/3980 3981/3981/3981
f 3982/3982/3982 3983/3983/3983 3984/3984/3984
f 3985/3985/3985 3986/3986/3986 3987/3987/3987
f 3988/3988/3988 3989/3989/3989 3990/3990/3990
f 3991/3991/3991 3992/3992/3992 3993/3993/3993
f 3994/3994/3994 3995/3995/3995 3996/3996/3996
f 3997/3997/3997 3998/3998/3998 3999/3999/3999
f 4000/4000/4000 4001/4001/4001 4002/4002/4002
f 4003/4003/4003 4004/4004/4004 4005/4005/4005
f 4006/4006/4006 4007/4007/4007 4008/4008/4008
f 4009/4009/4009 4010/4010/4010 4011/4011/4011
f 4012/4012/4012 4013/4013/4013 4014/4014/4014
f 4015/4015/4015 4016/4016/4016 4017/4017/4017
f 4018/4018/4018 4019/4019/4019 4020/4020/4020
f 4021/4021/4021 4022/4022/4022 4023/4023/4023
f 4024/4024/4024 4025/4025/4025 4026/4026/4026
f 4027/4027/4027 4028/4028/4028 4029/4029/4029
f 4030/4030/4030 4031/4031/4031 4032/4032/4032
f 4033/4033/4033 4034/4034/4034 4035/4035/4035
f 4036/4036/4036 4037/4037/4037 4038/4038/4038
f 4039/4039/4039 4040/4040/4040 4041/4041/4041
f 4042/4042/4042 4043/4043/4043 4044/4044/4044
f 4045/4045/4045 4046/4046/4046 4047/4047/4047
f 4048/4048/4048 4049/4049/4049 4050/4050/4050
f 4051/4051/4051 4052/4052/4052 4053/4053/4053
f 4054/4054/4054 4055/4055/4055 4056/4056/4056
f 4057/4057/4057 4058/4058/4058 4059/4059/4059
f 4060/4060/4060 4061/4061/4061 4062/4062/4062
f 4063/4063/4063 4064/4064/4064 4065/4065/4065
f 4066/4066/4066 4067/4067/4067 4068/4068/4068
f 4069/4069/4069 4070/4070/4070 4071/4071/4071
f 4072/4072/4072 4073/4073/4073 4074/4074/4074
f 4075/4075/4075 4076/4076/4076 4077/4077/4077
f 4078/4078/4078 4079/4079/4079 4080/4080/4080
f 4081/4081/4081 4082/4082/4082 4083/4083/4083
f 4084/4084/4084 4085/4085/4085 4086/4086/4086
f 4087/4087/4087 4088/4088/4088 4089/4089/4089
f 4090/4090/4090 4091/4091/4091 4092/4092/4092
f 4093/4093/4093 4094/4094/4094 4095/4095/4095
f 4096/4096/4096 4097/4097/4097 4098/4098/4098
f 4099/4099/4099 4100/4100/4100 4101/4101/4101
f 4102/4102/4102 4103/4103/4103 4104/4104/4104
f 4105/4105/4105 4106/4106/4106 4107/4107/4107
f 4108/4108/4108 4109/4109/4109 4110/4110/4110
f 4111/4111/4111 4112/4112/4112 4113/4113/4113
f 4114/4114/4114 4115/4115/4115 4116/4116/4116
f 4117/4117/4117 4118/4118/4118 4119/4119/4119
f 4120/4120/4120 4121/4121/4121 4122/4122/4122
f 4123/4123/4123 4124/4124/4124 4125/4125/4125
f 4126/4126/4126 4127/4127/4127 4128/4128/4128
f 4129/4129/4129 4130/4130/4130 4131/4131/4131
f 4132/4132/4132 4133/4133/4133 4134/4134/4134
f 4135/4135/4135 4136/4136/4136 4137/4137/4137
f 4138/4138/4138 4139/4139/4139 4140/4140/4140
f 4141/4141/4141 4142/4142/4142 4143/4143/4143
f 4144/4144/4144 4145/4145/4145 4146/4146/4146
f 4147/4147/4147 4148/4148/4148 4149/4149/4149
f 4150/4150/4150 4151/4151/4151 4152/4152/4152
f 4153/4153/4153 4154/4154/4154 4155/4155/4155
f 4156/4156/4156 4157/4157/4157 4158/4158/4158
o RightNeckMane2
usemtl PaintedVinefangFantasy
v 0.832075 6.122959 -5.115857
v 1.338646 5.554666 -5.439682
v 2.530853 5.689842 -4.170704
v 0.832075 6.122959 -5.115857
v 2.530853 5.689842 -4.170704
v 1.667797 6.632164 -3.690560
v 1.338646 5.554666 -5.439682
v 1.894824 5.771734 -6.189709
v 3.544394 6.049777 -5.330504
v 1.338646 5.554666 -5.439682
v 3.544394 6.049777 -5.330504
v 2.530853 5.689842 -4.170704
v 1.894824 5.771734 -6.189709
v 1.731989 6.474184 -6.329425
v 3.307741 7.214552 -5.567157
v 1.894824 5.771734 -6.189709
v 3.307741 7.214552 -5.567157
v 3.544394 6.049777 -5.330504
v 1.731989 6.474184 -6.329425
v 1.075175 6.691253 -5.665748
v 2.147941 7.574487 -4.553616
v 1.731989 6.474184 -6.329425
v 2.147941 7.574487 -4.553616
v 3.307741 7.214552 -5.567157
v 1.075175 6.691253 -5.665748
v 0.832075 6.122959 -5.115857
v 1.667797 6.632164 -3.690560
v 1.075175 6.691253 -5.665748
v 1.667797 6.632164 -3.690560
v 2.147941 7.574487 -4.553616
v 1.667797 6.632164 -3.690560
v 2.530853 5.689842 -4.170704
v 3.640064 5.851583 -2.575872
v 1.667797 6.632164 -3.690560
v 3.640064 5.851583 -2.575872
v 2.364810 7.189270 -2.123121
v 2.530853 5.689842 -4.170704
v 3.544394 6.049777 -5.330504
v 5.410895 6.362534 -3.786060
v 2.530853 5.689842 -4.170704
v 5.410895 6.362534 -3.786060
v 3.640064 5.851583 -2.575872
v 3.544394 6.049777 -5.330504
v 3.307741 7.214552 -5.567157
v 5.230075 8.016006 -4.081246
v 3.544394 6.049777 -5.330504
v 5.230075 8.016006 -4.081246
v 5.410895 6.362534 -3.786060
v 3.307741 7.214552 -5.567157
v 2.147941 7.574487 -4.553616
v 3.347491 8.526957 -3.053494
v 3.307741 7.214552 -5.567157
v 3.347491 8.526957 -3.053494
v 5.230075 8.016006 -4.081246
v 2.147941 7.574487 -4.553616
v 1.667797 6.632164 -3.690560
v 2.364810 7.189270 -2.123121
v 2.147941 7.574487 -4.553616
v 2.364810 7.189270 -2.123121
v 3.347491 8.526957 -3.053494
v 2.364810 7.189270 -2.123121
v 3.640064 5.851583 -2.575872
v 4.085484 6.159772 -1.232667
v 2.364810 7.189270 -2.123121
v 4.085484 6.159772 -1.232667
v 2.861293 7.415757 -1.112203
v 3.640064 5.851583 -2.575872
v 5.410895 6.362534 -3.786060
v 6.013563 6.639516 -1.682311
v 3.640064 5.851583 -2.575872
v 6.013563 6.639516 -1.682311
v 4.085484 6.159772 -1.232667
v 5.410895 6.362534 -3.786060
v 5.230075 8.016006 -4.081246
v 5.980991 8.191999 -1.839743
v 5.410895 6.362534 -3.786060
v 5.980991 8.191999 -1.839743
v 6.013563 6.639516 -1.682311
v 5.230075 8.016006 -4.081246
v 3.347491 8.526957 -3.053494
v 4.032781 8.671742 -1.487396
v 5.230075 8.016006 -4.081246
v 4.032781 8.671742 -1.487396
v 5.980991 8.191999 -1.839743
v 3.347491 8.526957 -3.053494
v 2.364810 7.189270 -2.123121
v 2.861293 7.415757 -1.112203
v 3.347491 8.526957 -3.053494
v 2.861293 7.415757 -1.112203
v 4.032781 8.671742 -1.487396
v 2.861293 7.415757 -1.112203
v 4.085484 6.159772 -1.232667
v 4.241517 6.418512 0.577463
v 2.861293 7.415757 -1.112203
v 4.241517 6.418512 0.577463
v 3.126315 7.572476 0.412367
v 4.085484 6.159772 -1.232667
v 6.013563 6.639516 -1.682311
v 6.057238 6.859287 0.635278
v 4.085484 6.159772 -1.232667
v 6.057238 6.859287 0.635278
v 4.241517 6.418512 0.577463
v 6.013563 6.639516 -1.682311
v 5.980991 8.191999 -1.839743
v 6.064213 8.285665 0.505913
v 6.013563 6.639516 -1.682311
v 6.064213 8.285665 0.505913
v 6.057238 6.859287 0.635278
v 5.980991 8.191999 -1.839743
v 4.032781 8.671742 -1.487396
v 4.252803 8.726440 0.368146
v 5.980991 8.191999 -1.839743
v 4.252803 8.726440 0.368146
v 6.064213 8.285665 0.505913
v 4.032781 8.671742 -1.487396
v 2.861293 7.415757 -1.112203
v 3.126315 7.572476 0.412367
v 4.032781 8.671742 -1.487396
v 3.126315 7.572476 0.412367
v 4.252803 8.726440 0.368146
v 3.126315 7.572476 0.412367
v 4.241517 6.418512 0.577463
v 4.072300 7.256107 3.320294
v 3.126315 7.572476 0.412367
v 4.072300 7.256107 3.320294
v 3.512749 7.850508 3.162538
v 4.241517 6.418512 0.577463
v 6.057238 6.859287 0.635278
v 4.997790 7.483148 3.462156
v 4.241517 6.418512 0.577463
v 4.997790 7.483148 3.462156
v 4.072300 7.256107 3.320294
v 6.057238 6.859287 0.635278
v 6.064213 8.285665 0.505913
v 5.010224 8.217868 3.392075
v 6.057238 6.859287 0.635278
v 5.010224 8.217868 3.392075
v 4.997790 7.483148 3.462156
v 6.064213 8.285665 0.505913
v 4.252803 8.726440 0.368146
v 4.092418 8.444909 3.206901
v 6.064213 8.285665 0.505913
v 4.092418 8.444909 3.206901
v 5.010224 8.217868 3.392075
v 4.252803 8.726440 0.368146
v 3.126315 7.572476 0.412367
v 3.512749 7.850508 3.162538
v 4.252803 8.726440 0.368146
v 3.512749 7.850508 3.162538
v 4.092418 8.444909 3.206901
v 3.512749 7.850508 3.162538
v 4.072300 7.256107 3.320294
v 3.816243 8.045149 5.664855
v 3.512749 7.850508 3.162538
v 3.816243 8.045149 5.664855
v 3.783183 8.080640 5.654302
v 4.072300 7.256107 3.320294
v 4.997790 7.483148 3.462156
v 3.871156 8.058705 5.675303
v 4.072300 7.256107 3.320294
v 3.871156 8.058705 5.675303
v 3.816243 8.045149 5.664855
v 4.997790 7.483148 3.462156
v 5.010224 8.217868 3.392075
v 3.872034 8.102575 5.671206
v 4.997790 7.483148 3.462156
v 3.872034 8.102575 5.671206
v 3.871156 8.058705 5.675303
v 5.010224 8.217868 3.392075
v 4.092418 8.444909 3.206901
v 3.817664 8.116131 5.658226
v 5.010224 8.217868 3.392075
v 3.817664 8.116131 5.658226
v 3.872034 8.102575 5.671206
v 4.092418 8.444909 3.206901
v 3.512749 7.850508 3.162538
v 3.783183 8.080640 5.654302
v 4.092418 8.444909 3.206901
v 3.783183 8.080640 5.654302
v 3.817664 8.116131 5.658226
v 1.374542 6.122959 -5.748084
v 0.832075 6.122959 -5.115857
v 1.338646 5.554666 -5.439682
v 1.374542 6.122959 -5.748084
v 1.338646 5.554666 -5.439682
v 1.894824 5.771734 -6.189709
v 1.374542 6.122959 -5.748084
v 1.894824 5.771734 -6.189709
v 1.731989 6.474184 -6.329425
v 1.374542 6.122959 -5.748084
v 1.731989 6.474184 -6.329425
v 1.075175 6.691253 -5.665748
v 1.374542 6.122959 -5.748084
v 1.075175 6.691253 -5.665748
v 0.832075 6.122959 -5.115857
v 3.832056 8.080640 5.664778
v 3.783183 8.080640 5.654302
v 3.816243 8.045149 5.664855
v 3.832056 8.080640 5.664778
v 3.816243 8.045149 5.664855
v 3.871156 8.058705 5.675303
v 3.832056 8.080640 5.664778
v 3.871156 8.058705 5.675303
v 3.872034 8.102575 5.671206
v 3.832056 8.080640 5.664778
v 3.872034 8.102575 5.671206
v 3.817664 8.116131 5.658226
v 3.832056 8.080640 5.664778
v 3.817664 8.116131 5.658226
v 3.783183 8.080640 5.654302
vt 0.003906 0.996094
vt 0.052344 0.996094
vt 0.052344 0.955729
vt 0.003906 0.996094
vt 0.052344 0.955729
vt 0.003906 0.955729
vt 0.052344 0.996094
vt 0.100781 0.996094
vt 0.100781 0.955729
vt 0.052344 0.996094
vt 0.100781 0.955729
vt 0.052344 0.955729
vt 0.100781 0.996094
vt 0.149219 0.996094
vt 0.149219 0.955729
vt 0.100781 0.996094
vt 0.149219 0.955729
vt 0.100781 0.955729
vt 0.149219 0.996094
vt 0.197656 0.996094
vt 0.197656 0.955729
vt 0.149219 0.996094
vt 0.197656 0.955729
vt 0.149219 0.955729
vt 0.197656 0.996094
vt 0.246094 0.996094
vt 0.246094 0.955729
vt 0.197656 0.996094
vt 0.246094 0.955729
vt 0.197656 0.955729
vt 0.003906 0.955729
vt 0.052344 0.955729
vt 0.052344 0.915365
vt 0.003906 0.955729
vt 0.052344 0.915365
vt 0.003906 0.915365
vt 0.052344 0.955729
vt 0.100781 0.955729
vt 0.100781 0.915365
vt 0.052344 0.955729
vt 0.100781 0.915365
vt 0.052344 0.915365
vt 0.100781 0.955729
vt 0.149219 0.955729
vt 0.149219 0.915365
vt 0.100781 0.955729
vt 0.149219 0.915365
vt 0.100781 0.915365
vt 0.149219 0.955729
vt 0.197656 0.955729
vt 0.197656 0.915365
vt 0.149219 0.955729
vt 0.197656 0.915365
vt 0.149219 0.915365
vt 0.197656 0.955729
vt 0.246094 0.955729
vt 0.246094 0.915365
vt 0.197656 0.955729
vt 0.246094 0.915365
vt 0.197656 0.915365
vt 0.003906 0.915365
vt 0.052344 0.915365
vt 0.052344 0.875000
vt 0.003906 0.915365
vt 0.052344 0.875000
vt 0.003906 0.875000
vt 0.052344 0.915365
vt 0.100781 0.915365
vt 0.100781 0.875000
vt 0.052344 0.915365
vt 0.100781 0.875000
vt 0.052344 0.875000
vt 0.100781 0.915365
vt 0.149219 0.915365
vt 0.149219 0.875000
vt 0.100781 0.915365
vt 0.149219 0.875000
vt 0.100781 0.875000
vt 0.149219 0.915365
vt 0.197656 0.915365
vt 0.197656 0.875000
vt 0.149219 0.915365
vt 0.197656 0.875000
vt 0.149219 0.875000
vt 0.197656 0.915365
vt 0.246094 0.915365
vt 0.246094 0.875000
vt 0.197656 0.915365
vt 0.246094 0.875000
vt 0.197656 0.875000
vt 0.003906 0.875000
vt 0.052344 0.875000
vt 0.052344 0.834635
vt 0.003906 0.875000
vt 0.052344 0.834635
vt 0.003906 0.834635
vt 0.052344 0.875000
vt 0.100781 0.875000
vt 0.100781 0.834635
vt 0.052344 0.875000
vt 0.100781 0.834635
vt 0.052344 0.834635
vt 0.100781 0.875000
vt 0.149219 0.875000
vt 0.149219 0.834635
vt 0.100781 0.875000
vt 0.149219 0.834635
vt 0.100781 0.834635
vt 0.149219 0.875000
vt 0.197656 0.875000
vt 0.197656 0.834635
vt 0.149219 0.875000
vt 0.197656 0.834635
vt 0.149219 0.834635
vt 0.197656 0.875000
vt 0.246094 0.875000
vt 0.246094 0.834635
vt 0.197656 0.875000
vt 0.246094 0.834635
vt 0.197656 0.834635
vt 0.003906 0.834635
vt 0.052344 0.834635
vt 0.052344 0.794271
vt 0.003906 0.834635
vt 0.052344 0.794271
vt 0.003906 0.794271
vt 0.052344 0.834635
vt 0.100781 0.834635
vt 0.100781 0.794271
vt 0.052344 0.834635
vt 0.100781 0.794271
vt 0.052344 0.794271
vt 0.100781 0.834635
vt 0.149219 0.834635
vt 0.149219 0.794271
vt 0.100781 0.834635
vt 0.149219 0.794271
vt 0.100781 0.794271
vt 0.149219 0.834635
vt 0.197656 0.834635
vt 0.197656 0.794271
vt 0.149219 0.834635
vt 0.197656 0.794271
vt 0.149219 0.794271
vt 0.197656 0.834635
vt 0.246094 0.834635
vt 0.246094 0.794271
vt 0.197656 0.834635
vt 0.246094 0.794271
vt 0.197656 0.794271
vt 0.003906 0.794271
vt 0.052344 0.794271
vt 0.052344 0.753906
vt 0.003906 0.794271
vt 0.052344 0.753906
vt 0.003906 0.753906
vt 0.052344 0.794271
vt 0.100781 0.794271
vt 0.100781 0.753906
vt 0.052344 0.794271
vt 0.100781 0.753906
vt 0.052344 0.753906
vt 0.100781 0.794271
vt 0.149219 0.794271
vt 0.149219 0.753906
vt 0.100781 0.794271
vt 0.149219 0.753906
vt 0.100781 0.753906
vt 0.149219 0.794271
vt 0.197656 0.794271
vt 0.197656 0.753906
vt 0.149219 0.794271
vt 0.197656 0.753906
vt 0.149219 0.753906
vt 0.197656 0.794271
vt 0.246094 0.794271
vt 0.246094 0.753906
vt 0.197656 0.794271
vt 0.246094 0.753906
vt 0.197656 0.753906
vt 0.125000 0.875000
vt 0.003906 0.996094
vt 0.246094 0.753906
vt 0.125000 0.875000
vt 0.003906 0.996094
vt 0.246094 0.753906
vt 0.125000 0.875000
vt 0.003906 0.996094
vt 0.246094 0.753906
vt 0.125000 0.875000
vt 0.003906 0.996094
vt 0.246094 0.753906
vt 0.125000 0.875000
vt 0.003906 0.996094
vt 0.246094 0.753906
vt 0.125000 0.875000
vt 0.003906 0.996094
vt 0.246094 0.753906
vt 0.125000 0.875000
vt 0.003906 0.996094
vt 0.246094 0.753906
vt 0.125000 0.875000
vt 0.003906 0.996094
vt 0.246094 0.753906
vt 0.125000 0.875000
vt 0.003906 0.996094
vt 0.246094 0.753906
vt 0.125000 0.875000
vt 0.003906 0.996094
vt 0.246094 0.753906
vn -0.470358 -0.714445 0.518008
vn -0.470358 -0.714445 0.518008
vn -0.470358 -0.714445 0.518008
vn -0.473911 -0.703741 0.529298
vn -0.473911 -0.703741 0.529298
vn -0.473911 -0.703741 0.529298
vn 0.222973 -0.968039 -0.114820
vn 0.222973 -0.968039 -0.114820
vn 0.222973 -0.968039 -0.114820
vn 0.222774 -0.969083 -0.106067
vn 0.222774 -0.969083 -0.106067
vn 0.222774 -0.969083 -0.106067
vn 0.460600 -0.069234 -0.884903
vn 0.460600 -0.069234 -0.884903
vn 0.460600 -0.069234 -0.884903
vn 0.471299 -0.082650 -0.878092
vn 0.471299 -0.082650 -0.878092
vn 0.471299 -0.082650 -0.878092
vn -0.203853 0.852865 -0.480692
vn -0.203853 0.852865 -0.480692
vn -0.203853 0.852865 -0.480692
vn -0.164090 0.855278 -0.491501
vn -0.164090 0.855278 -0.491501
vn -0.164090 0.855278 -0.491501
vn -0.778349 0.575585 0.250750
vn -0.778349 0.575585 0.250750
vn -0.778349 0.575585 0.250750
vn -0.754766 0.608660 0.244664
vn -0.754766 0.608660 0.244664
vn -0.754766 0.608660 0.244664
vn -0.535645 -0.717486 0.445308
vn -0.535645 -0.717486 0.445308
vn -0.535645 -0.717486 0.445308
vn -0.544917 -0.683750 0.485336
vn -0.544917 -0.683750 0.485336
vn -0.544917 -0.683750 0.485336
vn 0.238116 -0.966872 -0.091973
vn 0.238116 -0.966872 -0.091973
vn 0.238116 -0.966872 -0.091973
vn 0.235219 -0.969750 -0.065247
vn 0.235219 -0.969750 -0.065247
vn 0.235219 -0.969750 -0.065247
vn 0.619893 -0.033338 -0.783978
vn 0.619893 -0.033338 -0.783978
vn 0.619893 -0.033338 -0.783978
vn 0.642658 -0.065990 -0.763306
vn 0.642658 -0.065990 -0.763306
vn 0.642658 -0.065990 -0.763306
vn -0.126682 0.880129 -0.457520
vn -0.126682 0.880129 -0.457520
vn -0.126682 0.880129 -0.457520
vn -0.011973 0.886465 -0.462642
vn -0.011973 0.886465 -0.462642
vn -0.011973 0.886465 -0.462642
vn -0.811660 0.561390 0.161400
vn -0.811660 0.561390 0.161400
vn -0.811660 0.561390 0.161400
vn -0.734200 0.657382 0.169702
vn -0.734200 0.657382 0.169702
vn -0.734200 0.657382 0.169702
vn -0.609632 -0.704295 0.363755
vn -0.609632 -0.704295 0.363755
vn -0.609632 -0.704295 0.363755
vn -0.618258 -0.645602 0.448280
vn -0.618258 -0.645602 0.448280
vn -0.618258 -0.645602 0.448280
vn 0.301555 -0.952649 0.039039
vn 0.301555 -0.952649 0.039039
vn 0.301555 -0.952649 0.039039
vn 0.267889 -0.954612 0.130195
vn 0.267889 -0.954612 0.130195
vn 0.267889 -0.954612 0.130195
vn 0.946094 0.046232 -0.320576
vn 0.946094 0.046232 -0.320576
vn 0.946094 0.046232 -0.320576
vn 0.961569 -0.007657 -0.274456
vn 0.961569 -0.007657 -0.274456
vn 0.961569 -0.007657 -0.274456
vn 0.173145 0.970888 -0.165523
vn 0.173145 0.970888 -0.165523
vn 0.173145 0.970888 -0.165523
vn 0.211424 0.966323 -0.146699
vn 0.211424 0.966323 -0.146699
vn 0.211424 0.966323 -0.146699
vn -0.716709 0.667330 0.202481
vn -0.716709 0.667330 0.202481
vn -0.716709 0.667330 0.202481
vn -0.676072 0.699640 0.231153
vn -0.676072 0.699640 0.231153
vn -0.676072 0.699640 0.231153
vn -0.699193 -0.696828 0.159875
vn -0.699193 -0.696828 0.159875
vn -0.699193 -0.696828 0.159875
vn -0.719171 -0.667314 0.193613
vn -0.719171 -0.667314 0.193613
vn -0.719171 -0.667314 0.193613
vn 0.259467 -0.961886 0.086324
vn 0.259467 -0.961886 0.086324
vn 0.259467 -0.961886 0.086324
vn 0.230696 -0.965824 0.118169
vn 0.230696 -0.965824 0.118169
vn 0.230696 -0.965824 0.118169
vn 0.999197 0.017299 -0.036142
vn 0.999197 0.017299 -0.036142
vn 0.999197 0.017299 -0.036142
vn 0.999813 -0.006542 -0.018221
vn 0.999813 -0.006542 -0.018221
vn 0.999813 -0.006542 -0.018221
vn 0.229202 0.971777 -0.055824
vn 0.229202 0.971777 -0.055824
vn 0.229202 0.971777 -0.055824
vn 0.239559 0.969733 -0.047223
vn 0.239559 0.969733 -0.047223
vn 0.239559 0.969733 -0.047223
vn -0.721998 0.689737 0.054606
vn -0.721998 0.689737 0.054606
vn -0.721998 0.689737 0.054606
vn -0.712884 0.698361 0.063944
vn -0.712884 0.698361 0.063944
vn -0.712884 0.698361 0.063944
vn -0.721097 -0.673802 0.161275
vn -0.721097 -0.673802 0.161275
vn -0.721097 -0.673802 0.161275
vn -0.739650 -0.651227 0.169767
vn -0.739650 -0.651227 0.169767
vn -0.739650 -0.651227 0.169767
vn 0.217308 -0.932860 0.287314
vn 0.217308 -0.932860 0.287314
vn 0.217308 -0.932860 0.287314
vn 0.184222 -0.936798 0.297441
vn 0.184222 -0.936798 0.297441
vn 0.184222 -0.936798 0.297441
vn 0.938792 0.026559 0.343459
vn 0.938792 0.026559 0.343459
vn 0.938792 0.026559 0.343459
vn 0.937506 0.017285 0.347541
vn 0.937506 0.017285 0.347541
vn 0.937506 0.017285 0.347541
vn 0.227209 0.967748 0.108812
vn 0.227209 0.967748 0.108812
vn 0.227209 0.967748 0.108812
vn 0.219256 0.970230 0.102861
vn 0.219256 0.970230 0.102861
vn 0.219256 0.970230 0.102861
vn -0.714686 0.698811 0.029775
vn -0.714686 0.698811 0.029775
vn -0.714686 0.698811 0.029775
vn -0.716696 0.696798 0.028612
vn -0.716696 0.696798 0.028612
vn -0.716696 0.696798 0.028612
vn -0.739256 -0.658522 0.140883
vn -0.739256 -0.658522 0.140883
vn -0.739256 -0.658522 0.140883
vn -0.744981 -0.651999 0.141070
vn -0.744981 -0.651999 0.141070
vn -0.744981 -0.651999 0.141070
vn 0.176662 -0.926947 0.330997
vn 0.176662 -0.926947 0.330997
vn 0.176662 -0.926947 0.330997
vn 0.166390 -0.928919 0.330792
vn 0.166390 -0.928919 0.330792
vn 0.166390 -0.928919 0.330792
vn 0.893744 0.027581 0.447728
vn 0.893744 0.027581 0.447728
vn 0.893744 0.027581 0.447728
vn 0.893426 0.024005 0.448568
vn 0.893426 0.024005 0.448568
vn 0.893426 0.024005 0.448568
vn 0.208133 0.966076 0.152901
vn 0.208133 0.966076 0.152901
vn 0.208133 0.966076 0.152901
vn 0.204992 0.967001 0.151289
vn 0.204992 0.967001 0.151289
vn 0.204992 0.967001 0.151289
vn -0.716356 0.697608 0.013318
vn -0.716356 0.697608 0.013318
vn -0.716356 0.697608 0.013318
vn -0.717894 0.696033 0.012889
vn -0.717894 0.696033 0.012889
vn -0.717894 0.696033 0.012889
vn 0.725822 0.292121 0.622774
vn 0.725822 0.292121 0.622774
vn 0.725822 0.292121 0.622774
vn 0.725822 0.292121 0.622774
vn 0.725822 0.292121 0.622774
vn 0.725822 0.292121 0.622774
vn 0.725822 0.292121 0.622774
vn 0.725822 0.292121 0.622774
vn 0.725822 0.292121 0.622774
vn 0.725822 0.292121 0.622774
vn 0.725822 0.292121 0.622774
vn 0.725822 0.292121 0.622774
vn 0.725822 0.292121 0.622774
vn 0.725822 0.292121 0.622774
vn 0.725822 0.292121 0.622774
vn -0.208653 0.095077 0.973357
vn -0.208653 0.095077 0.973357
vn -0.208653 0.095077 0.973357
vn -0.208653 0.095077 0.973357
vn -0.208653 0.095077 0.973357
vn -0.208653 0.095077 0.973357
vn -0.208653 0.095077 0.973357
vn -0.208653 0.095077 0.973357
vn -0.208653 0.095077 0.973357
vn -0.208653 0.095077 0.973357
vn -0.208653 0.095077 0.973357
vn -0.208653 0.095077 0.973357
vn -0.208653 0.095077 0.973357
vn -0.208653 0.095077 0.973357
vn -0.208653 0.095077 0.973357
f 4159/4159/4159 4160/4160/4160 4161/4161/4161
f 4162/4162/4162 4163/4163/4163 4164/4164/4164
f 4165/4165/4165 4166/4166/4166 4167/4167/4167
f 4168/4168/4168 4169/4169/4169 4170/4170/4170
f 4171/4171/4171 4172/4172/4172 4173/4173/4173
f 4174/4174/4174 4175/4175/4175 4176/4176/4176
f 4177/4177/4177 4178/4178/4178 4179/4179/4179
f 4180/4180/4180 4181/4181/4181 4182/4182/4182
f 4183/4183/4183 4184/4184/4184 4185/4185/4185
f 4186/4186/4186 4187/4187/4187 4188/4188/4188
f 4189/4189/4189 4190/4190/4190 4191/4191/4191
f 4192/4192/4192 4193/4193/4193 4194/4194/4194
f 4195/4195/4195 4196/4196/4196 4197/4197/4197
f 4198/4198/4198 4199/4199/4199 4200/4200/4200
f 4201/4201/4201 4202/4202/4202 4203/4203/4203
f 4204/4204/4204 4205/4205/4205 4206/4206/4206
f 4207/4207/4207 4208/4208/4208 4209/4209/4209
f 4210/4210/4210 4211/4211/4211 4212/4212/4212
f 4213/4213/4213 4214/4214/4214 4215/4215/4215
f 4216/4216/4216 4217/4217/4217 4218/4218/4218
f 4219/4219/4219 4220/4220/4220 4221/4221/4221
f 4222/4222/4222 4223/4223/4223 4224/4224/4224
f 4225/4225/4225 4226/4226/4226 4227/4227/4227
f 4228/4228/4228 4229/4229/4229 4230/4230/4230
f 4231/4231/4231 4232/4232/4232 4233/4233/4233
f 4234/4234/4234 4235/4235/4235 4236/4236/4236
f 4237/4237/4237 4238/4238/4238 4239/4239/4239
f 4240/4240/4240 4241/4241/4241 4242/4242/4242
f 4243/4243/4243 4244/4244/4244 4245/4245/4245
f 4246/4246/4246 4247/4247/4247 4248/4248/4248
f 4249/4249/4249 4250/4250/4250 4251/4251/4251
f 4252/4252/4252 4253/4253/4253 4254/4254/4254
f 4255/4255/4255 4256/4256/4256 4257/4257/4257
f 4258/4258/4258 4259/4259/4259 4260/4260/4260
f 4261/4261/4261 4262/4262/4262 4263/4263/4263
f 4264/4264/4264 4265/4265/4265 4266/4266/4266
f 4267/4267/4267 4268/4268/4268 4269/4269/4269
f 4270/4270/4270 4271/4271/4271 4272/4272/4272
f 4273/4273/4273 4274/4274/4274 4275/4275/4275
f 4276/4276/4276 4277/4277/4277 4278/4278/4278
f 4279/4279/4279 4280/4280/4280 4281/4281/4281
f 4282/4282/4282 4283/4283/4283 4284/4284/4284
f 4285/4285/4285 4286/4286/4286 4287/4287/4287
f 4288/4288/4288 4289/4289/4289 4290/4290/4290
f 4291/4291/4291 4292/4292/4292 4293/4293/4293
f 4294/4294/4294 4295/4295/4295 4296/4296/4296
f 4297/4297/4297 4298/4298/4298 4299/4299/4299
f 4300/4300/4300 4301/4301/4301 4302/4302/4302
f 4303/4303/4303 4304/4304/4304 4305/4305/4305
f 4306/4306/4306 4307/4307/4307 4308/4308/4308
f 4309/4309/4309 4310/4310/4310 4311/4311/4311
f 4312/4312/4312 4313/4313/4313 4314/4314/4314
f 4315/4315/4315 4316/4316/4316 4317/4317/4317
f 4318/4318/4318 4319/4319/4319 4320/4320/4320
f 4321/4321/4321 4322/4322/4322 4323/4323/4323
f 4324/4324/4324 4325/4325/4325 4326/4326/4326
f 4327/4327/4327 4328/4328/4328 4329/4329/4329
f 4330/4330/4330 4331/4331/4331 4332/4332/4332
f 4333/4333/4333 4334/4334/4334 4335/4335/4335
f 4336/4336/4336 4337/4337/4337 4338/4338/4338
f 4339/4339/4339 4340/4340/4340 4341/4341/4341
f 4342/4342/4342 4343/4343/4343 4344/4344/4344
f 4345/4345/4345 4346/4346/4346 4347/4347/4347
f 4348/4348/4348 4349/4349/4349 4350/4350/4350
f 4351/4351/4351 4352/4352/4352 4353/4353/4353
f 4354/4354/4354 4355/4355/4355 4356/4356/4356
f 4357/4357/4357 4358/4358/4358 4359/4359/4359
f 4360/4360/4360 4361/4361/4361 4362/4362/4362
f 4363/4363/4363 4364/4364/4364 4365/4365/4365
f 4366/4366/4366 4367/4367/4367 4368/4368/4368
o RightNeckMane3
usemtl PaintedVinefangFantasy
v 0.861222 5.331556 -5.091971
v 1.333336 4.756350 -5.453470
v 2.651600 4.837098 -4.188227
v 0.861222 5.331556 -5.091971
v 2.651600 4.837098 -4.188227
v 1.835289 5.788175 -3.647429
v 1.333336 4.756350 -5.453470
v 1.862395 4.976059 -6.222116
v 3.620619 5.200377 -5.384466
v 1.333336 4.756350 -5.453470
v 3.620619 5.200377 -5.384466
v 2.651600 4.837098 -4.188227
v 1.862395 4.976059 -6.222116
v 1.717258 5.687053 -6.335666
v 3.403194 6.375973 -5.582984
v 1.862395 4.976059 -6.222116
v 3.403194 6.375973 -5.582984
v 3.620619 5.200377 -5.384466
v 1.717258 5.687053 -6.335666
v 1.098499 5.906762 -5.637198
v 2.299799 6.739252 -4.509436
v 1.717258 5.687053 -6.335666
v 2.299799 6.739252 -4.509436
v 3.403194 6.375973 -5.582984
v 1.098499 5.906762 -5.637198
v 0.861222 5.331556 -5.091971
v 1.835289 5.788175 -3.647429
v 1.098499 5.906762 -5.637198
v 1.835289 5.788175 -3.647429
v 2.299799 6.739252 -4.509436
v 1.835289 5.788175 -3.647429
v 2.651600 4.837098 -4.188227
v 3.889782 4.965911 -2.582475
v 1.835289 5.788175 -3.647429
v 3.889782 4.965911 -2.582475
v 2.626969 6.306231 -2.103406
v 2.651600 4.837098 -4.188227
v 3.620619 5.200377 -5.384466
v 5.648447 5.477868 -3.809856
v 2.651600 4.837098 -4.188227
v 5.648447 5.477868 -3.809856
v 3.889782 4.965911 -2.582475
v 3.620619 5.200377 -5.384466
v 3.403194 6.375973 -5.582984
v 5.472549 7.134595 -4.089350
v 3.620619 5.200377 -5.384466
v 5.472549 7.134595 -4.089350
v 5.648447 5.477868 -3.809856
v 3.403194 6.375973 -5.582984
v 2.299799 6.739252 -4.509436
v 3.605173 7.646551 -3.034706
v 3.403194 6.375973 -5.582984
v 3.605173 7.646551 -3.034706
v 5.472549 7.134595 -4.089350
v 2.299799 6.739252 -4.509436
v 1.835289 5.788175 -3.647429
v 2.626969 6.306231 -2.103406
v 2.299799 6.739252 -4.509436
v 2.626969 6.306231 -2.103406
v 3.605173 7.646551 -3.034706
v 2.626969 6.306231 -2.103406
v 3.889782 4.965911 -2.582475
v 4.384740 5.330422 -1.012470
v 2.626969 6.306231 -2.103406
v 4.384740 5.330422 -1.012470
v 3.154308 6.582181 -0.913534
v 3.889782 4.965911 -2.582475
v 5.648447 5.477868 -3.809856
v 6.304840 5.808551 -1.496652
v 3.889782 4.965911 -2.582475
v 6.304840 5.808551 -1.496652
v 4.384740 5.330422 -1.012470
v 5.648447 5.477868 -3.809856
v 5.472549 7.134595 -4.089350
v 6.261095 7.355811 -1.696956
v 5.648447 5.477868 -3.809856
v 6.261095 7.355811 -1.696956
v 6.304840 5.808551 -1.496652
v 5.472549 7.134595 -4.089350
v 3.605173 7.646551 -3.034706
v 4.313960 7.833940 -1.336570
v 5.472549 7.134595 -4.089350
v 4.313960 7.833940 -1.336570
v 6.261095 7.355811 -1.696956
v 3.605173 7.646551 -3.034706
v 2.626969 6.306231 -2.103406
v 3.154308 6.582181 -0.913534
v 3.605173 7.646551 -3.034706
v 3.154308 6.582181 -0.913534
v 4.313960 7.833940 -1.336570
v 3.154308 6.582181 -0.913534
v 4.384740 5.330422 -1.012470
v 4.524587 5.652690 0.633411
v 3.154308 6.582181 -0.913534
v 4.524587 5.652690 0.633411
v 3.421560 6.797734 0.359969
v 4.384740 5.330422 -1.012470
v 6.304840 5.808551 -1.496652
v 6.339878 6.090058 0.722253
v 4.384740 5.330422 -1.012470
v 6.339878 6.090058 0.722253
v 4.524587 5.652690 0.633411
v 6.304840 5.808551 -1.496652
v 6.261095 7.355811 -1.696956
v 6.358764 7.505411 0.503719
v 6.304840 5.808551 -1.496652
v 6.358764 7.505411 0.503719
v 6.339878 6.090058 0.722253
v 6.261095 7.355811 -1.696956
v 4.313960 7.833940 -1.336570
v 4.555144 7.942779 0.279815
v 6.261095 7.355811 -1.696956
v 4.555144 7.942779 0.279815
v 6.358764 7.505411 0.503719
v 4.313960 7.833940 -1.336570
v 3.154308 6.582181 -0.913534
v 3.421560 6.797734 0.359969
v 4.313960 7.833940 -1.336570
v 3.421560 6.797734 0.359969
v 4.555144 7.942779 0.279815
v 3.421560 6.797734 0.359969
v 4.524587 5.652690 0.633411
v 4.327021 6.488387 1.878935
v 3.421560 6.797734 0.359969
v 4.327021 6.488387 1.878935
v 3.838039 7.074204 1.548767
v 4.524587 5.652690 0.633411
v 6.339878 6.090058 0.722253
v 5.207681 6.712149 2.199204
v 4.524587 5.652690 0.633411
v 5.207681 6.712149 2.199204
v 4.327021 6.488387 1.878935
v 6.339878 6.090058 0.722253
v 6.358764 7.505411 0.503719
v 5.262978 7.436260 2.066973
v 6.339878 6.090058 0.722253
v 5.262978 7.436260 2.066973
v 5.207681 6.712149 2.199204
v 6.358764 7.505411 0.503719
v 4.555144 7.942779 0.279815
v 4.416492 7.660022 1.664981
v 6.358764 7.505411 0.503719
v 4.416492 7.660022 1.664981
v 5.262978 7.436260 2.066973
v 4.555144 7.942779 0.279815
v 3.421560 6.797734 0.359969
v 3.838039 7.074204 1.548767
v 4.555144 7.942779 0.279815
v 3.838039 7.074204 1.548767
v 4.416492 7.660022 1.664981
v 3.838039 7.074204 1.548767
v 4.327021 6.488387 1.878935
v 4.065050 7.254296 2.789181
v 3.838039 7.074204 1.548767
v 4.065050 7.254296 2.789181
v 4.038643 7.289237 2.765819
v 4.327021 6.488387 1.878935
v 5.207681 6.712149 2.199204
v 4.114843 7.267642 2.814692
v 4.327021 6.488387 1.878935
v 4.114843 7.267642 2.814692
v 4.065050 7.254296 2.789181
v 5.207681 6.712149 2.199204
v 5.262978 7.436260 2.066973
v 4.119211 7.310832 2.807098
v 5.207681 6.712149 2.199204
v 4.119211 7.310832 2.807098
v 4.114843 7.267642 2.814692
v 5.262978 7.436260 2.066973
v 4.416492 7.660022 1.664981
v 4.072116 7.324178 2.776892
v 5.262978 7.436260 2.066973
v 4.072116 7.324178 2.776892
v 4.119211 7.310832 2.807098
v 4.416492 7.660022 1.664981
v 3.838039 7.074204 1.548767
v 4.038643 7.289237 2.765819
v 4.416492 7.660022 1.664981
v 4.038643 7.289237 2.765819
v 4.072116 7.324178 2.776892
v 1.374542 5.331556 -5.748084
v 0.861222 5.331556 -5.091971
v 1.333336 4.756350 -5.453470
v 1.374542 5.331556 -5.748084
v 1.333336 4.756350 -5.453470
v 1.862395 4.976059 -6.222116
v 1.374542 5.331556 -5.748084
v 1.862395 4.976059 -6.222116
v 1.717258 5.687053 -6.335666
v 1.374542 5.331556 -5.748084
v 1.717258 5.687053 -6.335666
v 1.098499 5.906762 -5.637198
v 1.374542 5.331556 -5.748084
v 1.098499 5.906762 -5.637198
v 0.861222 5.331556 -5.091971
v 4.081973 7.289237 2.790736
v 4.038643 7.289237 2.765819
v 4.065050 7.254296 2.789181
v 4.081973 7.289237 2.790736
v 4.065050 7.254296 2.789181
v 4.114843 7.267642 2.814692
v 4.081973 7.289237 2.790736
v 4.114843 7.267642 2.814692
v 4.119211 7.310832 2.807098
v 4.081973 7.289237 2.790736
v 4.119211 7.310832 2.807098
v 4.072116 7.324178 2.776892
v 4.081973 7.289237 2.790736
v 4.072116 7.324178 2.776892
v 4.038643 7.289237 2.765819
vt 0.003906 0.746094
vt 0.052344 0.746094
vt 0.052344 0.705729
vt 0.003906 0.746094
vt 0.052344 0.705729
vt 0.003906 0.705729
vt 0.052344 0.746094
vt 0.100781 0.746094
vt 0.100781 0.705729
vt 0.052344 0.746094
vt 0.100781 0.705729
vt 0.052344 0.705729
vt 0.100781 0.746094
vt 0.149219 0.746094
vt 0.149219 0.705729
vt 0.100781 0.746094
vt 0.149219 0.705729
vt 0.100781 0.705729
vt 0.149219 0.746094
vt 0.197656 0.746094
vt 0.197656 0.705729
vt 0.149219 0.746094
vt 0.197656 0.705729
vt 0.149219 0.705729
vt 0.197656 0.746094
vt 0.246094 0.746094
vt 0.246094 0.705729
vt 0.197656 0.746094
vt 0.246094 0.705729
vt 0.197656 0.705729
vt 0.003906 0.705729
vt 0.052344 0.705729
vt 0.052344 0.665365
vt 0.003906 0.705729
vt 0.052344 0.665365
vt 0.003906 0.665365
vt 0.052344 0.705729
vt 0.100781 0.705729
vt 0.100781 0.665365
vt 0.052344 0.705729
vt 0.100781 0.665365
vt 0.052344 0.665365
vt 0.100781 0.705729
vt 0.149219 0.705729
vt 0.149219 0.665365
vt 0.100781 0.705729
vt 0.149219 0.665365
vt 0.100781 0.665365
vt 0.149219 0.705729
vt 0.197656 0.705729
vt 0.197656 0.665365
vt 0.149219 0.705729
vt 0.197656 0.665365
vt 0.149219 0.665365
vt 0.197656 0.705729
vt 0.246094 0.705729
vt 0.246094 0.665365
vt 0.197656 0.705729
vt 0.246094 0.665365
vt 0.197656 0.665365
vt 0.003906 0.665365
vt 0.052344 0.665365
vt 0.052344 0.625000
vt 0.003906 0.665365
vt 0.052344 0.625000
vt 0.003906 0.625000
vt 0.052344 0.665365
vt 0.100781 0.665365
vt 0.100781 0.625000
vt 0.052344 0.665365
vt 0.100781 0.625000
vt 0.052344 0.625000
vt 0.100781 0.665365
vt 0.149219 0.665365
vt 0.149219 0.625000
vt 0.100781 0.665365
vt 0.149219 0.625000
vt 0.100781 0.625000
vt 0.149219 0.665365
vt 0.197656 0.665365
vt 0.197656 0.625000
vt 0.149219 0.665365
vt 0.197656 0.625000
vt 0.149219 0.625000
vt 0.197656 0.665365
vt 0.246094 0.665365
vt 0.246094 0.625000
vt 0.197656 0.665365
vt 0.246094 0.625000
vt 0.197656 0.625000
vt 0.003906 0.625000
vt 0.052344 0.625000
vt 0.052344 0.584635
vt 0.003906 0.625000
vt 0.052344 0.584635
vt 0.003906 0.584635
vt 0.052344 0.625000
vt 0.100781 0.625000
vt 0.100781 0.584635
vt 0.052344 0.625000
vt 0.100781 0.584635
vt 0.052344 0.584635
vt 0.100781 0.625000
vt 0.149219 0.625000
vt 0.149219 0.584635
vt 0.100781 0.625000
vt 0.149219 0.584635
vt 0.100781 0.584635
vt 0.149219 0.625000
vt 0.197656 0.625000
vt 0.197656 0.584635
vt 0.149219 0.625000
vt 0.197656 0.584635
vt 0.149219 0.584635
vt 0.197656 0.625000
vt 0.246094 0.625000
vt 0.246094 0.584635
vt 0.197656 0.625000
vt 0.246094 0.584635
vt 0.197656 0.584635
vt 0.003906 0.584635
vt 0.052344 0.584635
vt 0.052344 0.544271
vt 0.003906 0.584635
vt 0.052344 0.544271
vt 0.003906 0.544271
vt 0.052344 0.584635
vt 0.100781 0.584635
vt 0.100781 0.544271
vt 0.052344 0.584635
vt 0.100781 0.544271
vt 0.052344 0.544271
vt 0.100781 0.584635
vt 0.149219 0.584635
vt 0.149219 0.544271
vt 0.100781 0.584635
vt 0.149219 0.544271
vt 0.100781 0.544271
vt 0.149219 0.584635
vt 0.197656 0.584635
vt 0.197656 0.544271
vt 0.149219 0.584635
vt 0.197656 0.544271
vt 0.149219 0.544271
vt 0.197656 0.584635
vt 0.246094 0.584635
vt 0.246094 0.544271
vt 0.197656 0.584635
vt 0.246094 0.544271
vt 0.197656 0.544271
vt 0.003906 0.544271
vt 0.052344 0.544271
vt 0.052344 0.503906
vt 0.003906 0.544271
vt 0.052344 0.503906
vt 0.003906 0.503906
vt 0.052344 0.544271
vt 0.100781 0.544271
vt 0.100781 0.503906
vt 0.052344 0.544271
vt 0.100781 0.503906
vt 0.052344 0.503906
vt 0.100781 0.544271
vt 0.149219 0.544271
vt 0.149219 0.503906
vt 0.100781 0.544271
vt 0.149219 0.503906
vt 0.100781 0.503906
vt 0.149219 0.544271
vt 0.197656 0.544271
vt 0.197656 0.503906
vt 0.149219 0.544271
vt 0.197656 0.503906
vt 0.149219 0.503906
vt 0.197656 0.544271
vt 0.246094 0.544271
vt 0.246094 0.503906
vt 0.197656 0.544271
vt 0.246094 0.503906
vt 0.197656 0.503906
vt 0.125000 0.625000
vt 0.003906 0.746094
vt 0.246094 0.503906
vt 0.125000 0.625000
vt 0.003906 0.746094
vt 0.246094 0.503906
vt 0.125000 0.625000
vt 0.003906 0.746094
vt 0.246094 0.503906
vt 0.125000 0.625000
vt 0.003906 0.746094
vt 0.246094 0.503906
vt 0.125000 0.625000
vt 0.003906 0.746094
vt 0.246094 0.503906
vt 0.125000 0.625000
vt 0.003906 0.746094
vt 0.246094 0.503906
vt 0.125000 0.625000
vt 0.003906 0.746094
vt 0.246094 0.503906
vt 0.125000 0.625000
vt 0.003906 0.746094
vt 0.246094 0.503906
vt 0.125000 0.625000
vt 0.003906 0.746094
vt 0.246094 0.503906
vt 0.125000 0.625000
vt 0.003906 0.746094
vt 0.246094 0.503906
vn -0.463106 -0.711903 0.527946
vn -0.463106 -0.711903 0.527946
vn -0.463106 -0.711903 0.527946
vn -0.465210 -0.704242 0.536305
vn -0.465210 -0.704242 0.536305
vn -0.465210 -0.704242 0.536305
vn 0.192770 -0.970512 -0.144727
vn 0.192770 -0.970512 -0.144727
vn 0.192770 -0.970512 -0.144727
vn 0.192760 -0.971373 -0.138845
vn 0.192760 -0.971373 -0.138845
vn 0.192760 -0.971373 -0.138845
vn 0.426374 -0.057136 -0.902741
vn 0.426374 -0.057136 -0.902741
vn 0.426374 -0.057136 -0.902741
vn 0.436367 -0.070764 -0.896982
vn 0.436367 -0.070764 -0.896982
vn 0.436367 -0.070764 -0.896982
vn -0.190128 0.875682 -0.443884
vn -0.190128 0.875682 -0.443884
vn -0.190128 0.875682 -0.443884
vn -0.154756 0.876584 -0.455687
vn -0.154756 0.876584 -0.455687
vn -0.154756 0.876584 -0.455687
vn -0.739225 0.598190 0.309378
vn -0.739225 0.598190 0.309378
vn -0.739225 0.598190 0.309378
vn -0.718511 0.625872 0.303358
vn -0.718511 0.625872 0.303358
vn -0.718511 0.625872 0.303358
vn -0.525536 -0.714064 0.462519
vn -0.525536 -0.714064 0.462519
vn -0.525536 -0.714064 0.462519
vn -0.532825 -0.681378 0.501818
vn -0.532825 -0.681378 0.501818
vn -0.532825 -0.681378 0.501818
vn 0.221530 -0.968392 -0.114634
vn 0.221530 -0.968392 -0.114634
vn 0.221530 -0.968392 -0.114634
vn 0.219205 -0.971416 -0.091100
vn 0.219205 -0.971416 -0.091100
vn 0.219205 -0.971416 -0.091100
vn 0.591466 -0.026696 -0.805888
vn 0.591466 -0.026696 -0.805888
vn 0.591466 -0.026696 -0.805888
vn 0.617621 -0.066630 -0.783648
vn 0.617621 -0.066630 -0.783648
vn 0.617621 -0.066630 -0.783648
vn -0.129015 0.891493 -0.434275
vn -0.129015 0.891493 -0.434275
vn -0.129015 0.891493 -0.434275
vn -0.006374 0.895110 -0.445799
vn -0.006374 0.895110 -0.445799
vn -0.006374 0.895110 -0.445799
vn -0.789157 0.576769 0.211112
vn -0.789157 0.576769 0.211112
vn -0.789157 0.576769 0.211112
vn -0.710498 0.669378 0.217083
vn -0.710498 0.669378 0.217083
vn -0.710498 0.669378 0.217083
vn -0.612871 -0.704994 0.356893
vn -0.612871 -0.704994 0.356893
vn -0.612871 -0.704994 0.356893
vn -0.627111 -0.650313 0.428747
vn -0.627111 -0.650313 0.428747
vn -0.627111 -0.650313 0.428747
vn 0.309816 -0.949592 0.047835
vn 0.309816 -0.949592 0.047835
vn 0.309816 -0.949592 0.047835
vn 0.271473 -0.952840 0.135638
vn 0.271473 -0.952840 0.135638
vn 0.271473 -0.952840 0.135638
vn 0.947378 0.047170 -0.316623
vn 0.947378 0.047170 -0.316623
vn 0.947378 0.047170 -0.316623
vn 0.962288 -0.007995 -0.271915
vn 0.962288 -0.007995 -0.271915
vn 0.962288 -0.007995 -0.271915
vn 0.166309 0.970154 -0.176472
vn 0.166309 0.970154 -0.176472
vn 0.166309 0.970154 -0.176472
vn 0.207847 0.965354 -0.157770
vn 0.207847 0.965354 -0.157770
vn 0.207847 0.965354 -0.157770
vn -0.734333 0.656310 0.173240
vn -0.734333 0.656310 0.173240
vn -0.734333 0.656310 0.173240
vn -0.681780 0.701618 0.207145
vn -0.681780 0.701618 0.207145
vn -0.681780 0.701618 0.207145
vn -0.691730 -0.695351 0.194926
vn -0.691730 -0.695351 0.194926
vn -0.691730 -0.695351 0.194926
vn -0.725697 -0.636954 0.260103
vn -0.725697 -0.636954 0.260103
vn -0.725697 -0.636954 0.260103
vn 0.267677 -0.956366 0.117105
vn 0.267677 -0.956366 0.117105
vn 0.267677 -0.956366 0.117105
vn 0.223036 -0.960044 0.169028
vn 0.223036 -0.960044 0.169028
vn 0.223036 -0.960044 0.169028
vn 0.998700 0.022301 -0.045839
vn 0.998700 0.022301 -0.045839
vn 0.998700 0.022301 -0.045839
vn 0.999785 -0.015475 -0.013824
vn 0.999785 -0.015475 -0.013824
vn 0.999785 -0.015475 -0.013824
vn 0.220140 0.970513 -0.098197
vn 0.220140 0.970513 -0.098197
vn 0.220140 0.970513 -0.098197
vn 0.243938 0.966765 -0.076546
vn 0.243938 0.966765 -0.076546
vn 0.243938 0.966765 -0.076546
vn -0.726917 0.685756 0.036477
vn -0.726917 0.685756 0.036477
vn -0.726917 0.685756 0.036477
vn -0.707416 0.704404 0.058124
vn -0.707416 0.704404 0.058124
vn -0.707416 0.704404 0.058124
vn -0.721437 -0.622542 0.303266
vn -0.721437 -0.622542 0.303266
vn -0.721437 -0.622542 0.303266
vn -0.803444 -0.452662 0.386748
vn -0.803444 -0.452662 0.386748
vn -0.803444 -0.452662 0.386748
vn 0.180368 -0.849371 0.496021
vn 0.180368 -0.849371 0.496021
vn 0.180368 -0.849371 0.496021
vn 0.007906 -0.829794 0.558013
vn 0.007906 -0.829794 0.558013
vn 0.007906 -0.829794 0.558013
vn 0.814754 0.077841 0.574557
vn 0.814754 0.077841 0.574557
vn 0.814754 0.077841 0.574557
vn 0.802288 0.047397 0.595052
vn 0.802288 0.047397 0.595052
vn 0.802288 0.047397 0.595052
vn 0.204795 0.954808 0.215406
vn 0.204795 0.954808 0.215406
vn 0.204795 0.954808 0.215406
vn 0.177072 0.969922 0.167026
vn 0.177072 0.969922 0.167026
vn 0.177072 0.969922 0.167026
vn -0.705259 0.704034 0.083345
vn -0.705259 0.704034 0.083345
vn -0.705259 0.704034 0.083345
vn -0.716723 0.693847 0.069894
vn -0.716723 0.693847 0.069894
vn -0.716723 0.693847 0.069894
vn -0.806782 -0.545562 0.226859
vn -0.806782 -0.545562 0.226859
vn -0.806782 -0.545562 0.226859
vn -0.843792 -0.487156 0.225153
vn -0.843792 -0.487156 0.225153
vn -0.843792 -0.487156 0.225153
vn -0.034769 -0.771838 0.634867
vn -0.034769 -0.771838 0.634867
vn -0.034769 -0.771838 0.634867
vn -0.110271 -0.775906 0.621136
vn -0.110271 -0.775906 0.621136
vn -0.110271 -0.775906 0.621136
vn 0.531056 0.112802 0.839795
vn 0.531056 0.112802 0.839795
vn 0.531056 0.112802 0.839795
vn 0.524940 0.095636 0.845749
vn 0.524940 0.095636 0.845749
vn 0.524940 0.095636 0.845749
vn 0.099457 0.943596 0.315809
vn 0.099457 0.943596 0.315809
vn 0.099457 0.943596 0.315809
vn 0.083626 0.953135 0.290760
vn 0.083626 0.953135 0.290760
vn 0.083626 0.953135 0.290760
vn -0.710843 0.703315 -0.007097
vn -0.710843 0.703315 -0.007097
vn -0.710843 0.703315 -0.007097
vn -0.719926 0.693922 -0.013378
vn -0.719926 0.693922 -0.013378
vn -0.719926 0.693922 -0.013378
vn 0.762407 0.250893 0.596480
vn 0.762407 0.250893 0.596480
vn 0.762407 0.250893 0.596480
vn 0.762407 0.250893 0.596480
vn 0.762407 0.250893 0.596480
vn 0.762407 0.250893 0.596480
vn 0.762407 0.250893 0.596480
vn 0.762407 0.250893 0.596480
vn 0.762407 0.250893 0.596480
vn 0.762407 0.250893 0.596480
vn 0.762407 0.250893 0.596480
vn 0.762407 0.250893 0.596480
vn 0.762407 0.250893 0.596480
vn 0.762407 0.250893 0.596480
vn 0.762407 0.250893 0.596480
vn -0.488567 0.198796 0.849578
vn -0.488567 0.198796 0.849578
vn -0.488567 0.198796 0.849578
vn -0.488567 0.198796 0.849578
vn -0.488567 0.198796 0.849578
vn -0.488567 0.198796 0.849578
vn -0.488567 0.198796 0.849578
vn -0.488567 0.198796 0.849578
vn -0.488567 0.198796 0.849578
vn -0.488567 0.198796 0.849578
vn -0.488567 0.198796 0.849578
vn -0.488567 0.198796 0.849578
vn -0.488567 0.198796 0.849578
vn -0.488567 0.198796 0.849578
vn -0.488567 0.198796 0.849578
f 4369/4369/4369 4370/4370/4370 4371/4371/4371
f 4372/4372/4372 4373/4373/4373 4374/4374/4374
f 4375/4375/4375 4376/4376/4376 4377/4377/4377
f 4378/4378/4378 4379/4379/4379 4380/4380/4380
f 4381/4381/4381 4382/4382/4382 4383/4383/4383
f 4384/4384/4384 4385/4385/4385 4386/4386/4386
f 4387/4387/4387 4388/4388/4388 4389/4389/4389
f 4390/4390/4390 4391/4391/4391 4392/4392/4392
f 4393/4393/4393 4394/4394/4394 4395/4395/4395
f 4396/4396/4396 4397/4397/4397 4398/4398/4398
f 4399/4399/4399 4400/4400/4400 4401/4401/4401
f 4402/4402/4402 4403/4403/4403 4404/4404/4404
f 4405/4405/4405 4406/4406/4406 4407/4407/4407
f 4408/4408/4408 4409/4409/4409 4410/4410/4410
f 4411/4411/4411 4412/4412/4412 4413/4413/4413
f 4414/4414/4414 4415/4415/4415 4416/4416/4416
f 4417/4417/4417 4418/4418/4418 4419/4419/4419
f 4420/4420/4420 4421/4421/4421 4422/4422/4422
f 4423/4423/4423 4424/4424/4424 4425/4425/4425
f 4426/4426/4426 4427/4427/4427 4428/4428/4428
f 4429/4429/4429 4430/4430/4430 4431/4431/4431
f 4432/4432/4432 4433/4433/4433 4434/4434/4434
f 4435/4435/4435 4436/4436/4436 4437/4437/4437
f 4438/4438/4438 4439/4439/4439 4440/4440/4440
f 4441/4441/4441 4442/4442/4442 4443/4443/4443
f 4444/4444/4444 4445/4445/4445 4446/4446/4446
f 4447/4447/4447 4448/4448/4448 4449/4449/4449
f 4450/4450/4450 4451/4451/4451 4452/4452/4452
f 4453/4453/4453 4454/4454/4454 4455/4455/4455
f 4456/4456/4456 4457/4457/4457 4458/4458/4458
f 4459/4459/4459 4460/4460/4460 4461/4461/4461
f 4462/4462/4462 4463/4463/4463 4464/4464/4464
f 4465/4465/4465 4466/4466/4466 4467/4467/4467
f 4468/4468/4468 4469/4469/4469 4470/4470/4470
f 4471/4471/4471 4472/4472/4472 4473/4473/4473
f 4474/4474/4474 4475/4475/4475 4476/4476/4476
f 4477/4477/4477 4478/4478/4478 4479/4479/4479
f 4480/4480/4480 4481/4481/4481 4482/4482/4482
f 4483/4483/4483 4484/4484/4484 4485/4485/4485
f 4486/4486/4486 4487/4487/4487 4488/4488/4488
f 4489/4489/4489 4490/4490/4490 4491/4491/4491
f 4492/4492/4492 4493/4493/4493 4494/4494/4494
f 4495/4495/4495 4496/4496/4496 4497/4497/4497
f 4498/4498/4498 4499/4499/4499 4500/4500/4500
f 4501/4501/4501 4502/4502/4502 4503/4503/4503
f 4504/4504/4504 4505/4505/4505 4506/4506/4506
f 4507/4507/4507 4508/4508/4508 4509/4509/4509
f 4510/4510/4510 4511/4511/4511 4512/4512/4512
f 4513/4513/4513 4514/4514/4514 4515/4515/4515
f 4516/4516/4516 4517/4517/4517 4518/4518/4518
f 4519/4519/4519 4520/4520/4520 4521/4521/4521
f 4522/4522/4522 4523/4523/4523 4524/4524/4524
f 4525/4525/4525 4526/4526/4526 4527/4527/4527
f 4528/4528/4528 4529/4529/4529 4530/4530/4530
f 4531/4531/4531 4532/4532/4532 4533/4533/4533
f 4534/4534/4534 4535/4535/4535 4536/4536/4536
f 4537/4537/4537 4538/4538/4538 4539/4539/4539
f 4540/4540/4540 4541/4541/4541 4542/4542/4542
f 4543/4543/4543 4544/4544/4544 4545/4545/4545
f 4546/4546/4546 4547/4547/4547 4548/4548/4548
f 4549/4549/4549 4550/4550/4550 4551/4551/4551
f 4552/4552/4552 4553/4553/4553 4554/4554/4554
f 4555/4555/4555 4556/4556/4556 4557/4557/4557
f 4558/4558/4558 4559/4559/4559 4560/4560/4560
f 4561/4561/4561 4562/4562/4562 4563/4563/4563
f 4564/4564/4564 4565/4565/4565 4566/4566/4566
f 4567/4567/4567 4568/4568/4568 4569/4569/4569
f 4570/4570/4570 4571/4571/4571 4572/4572/4572
f 4573/4573/4573 4574/4574/4574 4575/4575/4575
f 4576/4576/4576 4577/4577/4577 4578/4578/4578
o RightNeckMane4
usemtl PaintedVinefangFantasy
v 0.888244 4.540153 -5.071699
v 1.326698 3.959488 -5.465425
v 2.770066 3.985924 -4.203868
v 0.888244 4.540153 -5.071699
v 2.770066 3.985924 -4.203868
v 2.000361 4.944185 -3.610015
v 1.326698 3.959488 -5.465425
v 1.831270 4.181282 -6.249776
v 3.697853 4.351947 -5.431547
v 1.326698 3.959488 -5.465425
v 3.697853 4.351947 -5.431547
v 2.770066 3.985924 -4.203868
v 1.831270 4.181282 -6.249776
v 1.704659 4.899024 -6.340805
v 3.501552 5.536424 -5.596440
v 1.831270 4.181282 -6.249776
v 3.501552 5.536424 -5.596440
v 3.697853 4.351947 -5.431547
v 1.704659 4.899024 -6.340805
v 1.121837 5.120819 -5.612714
v 2.452444 5.902447 -4.470672
v 1.704659 4.899024 -6.340805
v 2.452444 5.902447 -4.470672
v 3.501552 5.536424 -5.596440
v 1.121837 5.120819 -5.612714
v 0.888244 4.540153 -5.071699
v 2.000361 4.944185 -3.610015
v 1.121837 5.120819 -5.612714
v 2.000361 4.944185 -3.610015
v 2.452444 5.902447 -4.470672
v 2.000361 4.944185 -3.610015
v 2.770066 3.985924 -4.203868
v 4.167090 4.083337 -2.564177
v 2.000361 4.944185 -3.610015
v 4.167090 4.083337 -2.564177
v 2.927073 5.423192 -2.027701
v 2.770066 3.985924 -4.203868
v 3.697853 4.351947 -5.431547
v 5.865105 4.595116 -3.874252
v 2.770066 3.985924 -4.203868
v 5.865105 4.595116 -3.874252
v 4.167090 4.083337 -2.564177
v 3.697853 4.351947 -5.431547
v 3.501552 5.536424 -5.596440
v 5.674519 6.251269 -4.147447
v 3.697853 4.351947 -5.431547
v 5.674519 6.251269 -4.147447
v 5.865105 4.595116 -3.874252
v 3.501552 5.536424 -5.596440
v 2.452444 5.902447 -4.470672
v 3.858715 6.763048 -3.006216
v 3.501552 5.536424 -5.596440
v 3.858715 6.763048 -3.006216
v 5.674519 6.251269 -4.147447
v 2.452444 5.902447 -4.470672
v 2.000361 4.944185 -3.610015
v 2.927073 5.423192 -2.027701
v 2.452444 5.902447 -4.470672
v 2.927073 5.423192 -2.027701
v 3.858715 6.763048 -3.006216
v 2.927073 5.423192 -2.027701
v 4.167090 4.083337 -2.564177
v 4.684677 4.502018 -1.063818
v 2.927073 5.423192 -2.027701
v 4.684677 4.502018 -1.063818
v 3.447512 5.748605 -0.985744
v 4.167090 4.083337 -2.564177
v 5.865105 4.595116 -3.874252
v 6.596349 4.978172 -1.582095
v 4.167090 4.083337 -2.564177
v 6.596349 4.978172 -1.582095
v 4.684677 4.502018 -1.063818
v 5.865105 4.595116 -3.874252
v 5.674519 6.251269 -4.147447
v 6.540662 6.519038 -1.824333
v 5.865105 4.595116 -3.874252
v 6.540662 6.519038 -1.824333
v 6.596349 4.978172 -1.582095
v 5.674519 6.251269 -4.147447
v 3.858715 6.763048 -3.006216
v 4.594574 6.995191 -1.455768
v 5.674519 6.251269 -4.147447
v 4.594574 6.995191 -1.455768
v 6.540662 6.519038 -1.824333
v 3.858715 6.763048 -3.006216
v 2.927073 5.423192 -2.027701
v 3.447512 5.748605 -0.985744
v 3.858715 6.763048 -3.006216
v 3.447512 5.748605 -0.985744
v 4.594574 6.995191 -1.455768
v 3.447512 5.748605 -0.985744
v 4.684677 4.502018 -1.063818
v 4.819462 4.875086 0.620987
v 3.447512 5.748605 -0.985744
v 4.819462 4.875086 0.620987
v 3.711356 6.022992 0.382289
v 4.684677 4.502018 -1.063818
v 6.596349 4.978172 -1.582095
v 6.635265 5.313547 0.692255
v 4.684677 4.502018 -1.063818
v 6.635265 5.313547 0.692255
v 4.819462 4.875086 0.620987
v 6.596349 4.978172 -1.582095
v 6.540662 6.519038 -1.824333
v 6.649387 6.732437 0.497602
v 6.596349 4.978172 -1.582095
v 6.649387 6.732437 0.497602
v 6.635265 5.313547 0.692255
v 6.540662 6.519038 -1.824333
v 4.594574 6.995191 -1.455768
v 4.842312 7.170898 0.306033
v 6.540662 6.519038 -1.824333
v 4.842312 7.170898 0.306033
v 6.649387 6.732437 0.497602
v 4.594574 6.995191 -1.455768
v 3.447512 5.748605 -0.985744
v 3.711356 6.022992 0.382289
v 4.594574 6.995191 -1.455768
v 3.711356 6.022992 0.382289
v 4.842312 7.170898 0.306033
v 3.711356 6.022992 0.382289
v 4.819462 4.875086 0.620987
v 4.615116 5.705140 2.604132
v 3.711356 6.022992 0.382289
v 4.615116 5.705140 2.604132
v 4.074837 6.297901 2.384975
v 4.819462 4.875086 0.620987
v 6.635265 5.313547 0.692255
v 5.526692 5.931555 2.818540
v 4.819462 4.875086 0.620987
v 5.526692 5.931555 2.818540
v 4.615116 5.705140 2.604132
v 6.635265 5.313547 0.692255
v 6.649387 6.732437 0.497602
v 5.549798 6.664247 2.731894
v 6.635265 5.313547 0.692255
v 5.549798 6.664247 2.731894
v 5.526692 5.931555 2.818540
v 6.649387 6.732437 0.497602
v 4.842312 7.170898 0.306033
v 4.652502 6.890661 2.463936
v 6.649387 6.732437 0.497602
v 4.652502 6.890661 2.463936
v 5.549798 6.664247 2.731894
v 4.842312 7.170898 0.306033
v 3.711356 6.022992 0.382289
v 4.074837 6.297901 2.384975
v 4.842312 7.170898 0.306033
v 4.074837 6.297901 2.384975
v 4.652502 6.890661 2.463936
v 4.074837 6.297901 2.384975
v 4.615116 5.705140 2.604132
v 4.315949 6.462415 4.247543
v 4.074837 6.297901 2.384975
v 4.315949 6.462415 4.247543
v 4.284494 6.497834 4.232710
v 4.615116 5.705140 2.604132
v 5.526692 5.931555 2.818540
v 4.369434 6.475944 4.263814
v 4.615116 5.705140 2.604132
v 4.369434 6.475944 4.263814
v 4.315949 6.462415 4.247543
v 5.526692 5.931555 2.818540
v 5.549798 6.664247 2.731894
v 4.371033 6.519724 4.259038
v 5.526692 5.931555 2.818540
v 4.371033 6.519724 4.259038
v 4.369434 6.475944 4.263814
v 5.549798 6.664247 2.731894
v 4.652502 6.890661 2.463936
v 4.318537 6.533253 4.239815
v 5.549798 6.664247 2.731894
v 4.318537 6.533253 4.239815
v 4.371033 6.519724 4.259038
v 4.652502 6.890661 2.463936
v 4.074837 6.297901 2.384975
v 4.284494 6.497834 4.232710
v 4.652502 6.890661 2.463936
v 4.284494 6.497834 4.232710
v 4.318537 6.533253 4.239815
v 1.374542 4.540153 -5.748084
v 0.888244 4.540153 -5.071699
v 1.326698 3.959488 -5.465425
v 1.374542 4.540153 -5.748084
v 1.326698 3.959488 -5.465425
v 1.831270 4.181282 -6.249776
v 1.374542 4.540153 -5.748084
v 1.831270 4.181282 -6.249776
v 1.704659 4.899024 -6.340805
v 1.374542 4.540153 -5.748084
v 1.704659 4.899024 -6.340805
v 1.121837 5.120819 -5.612714
v 1.374542 4.540153 -5.748084
v 1.121837 5.120819 -5.612714
v 0.888244 4.540153 -5.071699
v 4.331889 6.497834 4.248584
v 4.284494 6.497834 4.232710
v 4.315949 6.462415 4.247543
v 4.331889 6.497834 4.248584
v 4.315949 6.462415 4.247543
v 4.369434 6.475944 4.263814
v 4.331889 6.497834 4.248584
v 4.369434 6.475944 4.263814
v 4.371033 6.519724 4.259038
v 4.331889 6.497834 4.248584
v 4.371033 6.519724 4.259038
v 4.318537 6.533253 4.239815
v 4.331889 6.497834 4.248584
v 4.318537 6.533253 4.239815
v 4.284494 6.497834 4.232710
vt 0.003906 0.746094
vt 0.052344 0.746094
vt 0.052344 0.705729
vt 0.003906 0.746094
vt 0.052344 0.705729
vt 0.003906 0.705729
vt 0.052344 0.746094
vt 0.100781 0.746094
vt 0.100781 0.705729
vt 0.052344 0.746094
vt 0.100781 0.705729
vt 0.052344 0.705729
vt 0.100781 0.746094
vt 0.149219 0.746094
vt 0.149219 0.705729
vt 0.100781 0.746094
vt 0.149219 0.705729
vt 0.100781 0.705729
vt 0.149219 0.746094
vt 0.197656 0.746094
vt 0.197656 0.705729
vt 0.149219 0.746094
vt 0.197656 0.705729
vt 0.149219 0.705729
vt 0.197656 0.746094
vt 0.246094 0.746094
vt 0.246094 0.705729
vt 0.197656 0.746094
vt 0.246094 0.705729
vt 0.197656 0.705729
vt 0.003906 0.705729
vt 0.052344 0.705729
vt 0.052344 0.665365
vt 0.003906 0.705729
vt 0.052344 0.665365
vt 0.003906 0.665365
vt 0.052344 0.705729
vt 0.100781 0.705729
vt 0.100781 0.665365
vt 0.052344 0.705729
vt 0.100781 0.665365
vt 0.052344 0.665365
vt 0.100781 0.705729
vt 0.149219 0.705729
vt 0.149219 0.665365
vt 0.100781 0.705729
vt 0.149219 0.665365
vt 0.100781 0.665365
vt 0.149219 0.705729
vt 0.197656 0.705729
vt 0.197656 0.665365
vt 0.149219 0.705729
vt 0.197656 0.665365
vt 0.149219 0.665365
vt 0.197656 0.705729
vt 0.246094 0.705729
vt 0.246094 0.665365
vt 0.197656 0.705729
vt 0.246094 0.665365
vt 0.197656 0.665365
vt 0.003906 0.665365
vt 0.052344 0.665365
vt 0.052344 0.625000
vt 0.003906 0.665365
vt 0.052344 0.625000
vt 0.003906 0.625000
vt 0.052344 0.665365
vt 0.100781 0.665365
vt 0.100781 0.625000
vt 0.052344 0.665365
vt 0.100781 0.625000
vt 0.052344 0.625000
vt 0.100781 0.665365
vt 0.149219 0.665365
vt 0.149219 0.625000
vt 0.100781 0.665365
vt 0.149219 0.625000
vt 0.100781 0.625000
vt 0.149219 0.665365
vt 0.197656 0.665365
vt 0.197656 0.625000
vt 0.149219 0.665365
vt 0.197656 0.625000
vt 0.149219 0.625000
vt 0.197656 0.665365
vt 0.246094 0.665365
vt 0.246094 0.625000
vt 0.197656 0.665365
vt 0.246094 0.625000
vt 0.197656 0.625000
vt 0.003906 0.625000
vt 0.052344 0.625000
vt 0.052344 0.584635
vt 0.003906 0.625000
vt 0.052344 0.584635
vt 0.003906 0.584635
vt 0.052344 0.625000
vt 0.100781 0.625000
vt 0.100781 0.584635
vt 0.052344 0.625000
vt 0.100781 0.584635
vt 0.052344 0.584635
vt 0.100781 0.625000
vt 0.149219 0.625000
vt 0.149219 0.584635
vt 0.100781 0.625000
vt 0.149219 0.584635
vt 0.100781 0.584635
vt 0.149219 0.625000
vt 0.197656 0.625000
vt 0.197656 0.584635
vt 0.149219 0.625000
vt 0.197656 0.584635
vt 0.149219 0.584635
vt 0.197656 0.625000
vt 0.246094 0.625000
vt 0.246094 0.584635
vt 0.197656 0.625000
vt 0.246094 0.584635
vt 0.197656 0.584635
vt 0.003906 0.584635
vt 0.052344 0.584635
vt 0.052344 0.544271
vt 0.003906 0.584635
vt 0.052344 0.544271
vt 0.003906 0.544271
vt 0.052344 0.584635
vt 0.100781 0.584635
vt 0.100781 0.544271
vt 0.052344 0.584635
vt 0.100781 0.544271
vt 0.052344 0.544271
vt 0.100781 0.584635
vt 0.149219 0.584635
vt 0.149219 0.544271
vt 0.100781 0.584635
vt 0.149219 0.544271
vt 0.100781 0.544271
vt 0.149219 0.584635
vt 0.197656 0.584635
vt 0.197656 0.544271
vt 0.149219 0.584635
vt 0.197656 0.544271
vt 0.149219 0.544271
vt 0.197656 0.584635
vt 0.246094 0.584635
vt 0.246094 0.544271
vt 0.197656 0.584635
vt 0.246094 0.544271
vt 0.197656 0.544271
vt 0.003906 0.544271
vt 0.052344 0.544271
vt 0.052344 0.503906
vt 0.003906 0.544271
vt 0.052344 0.503906
vt 0.003906 0.503906
vt 0.052344 0.544271
vt 0.100781 0.544271
vt 0.100781 0.503906
vt 0.052344 0.544271
vt 0.100781 0.503906
vt 0.052344 0.503906
vt 0.100781 0.544271
vt 0.149219 0.544271
vt 0.149219 0.503906
vt 0.100781 0.544271
vt 0.149219 0.503906
vt 0.100781 0.503906
vt 0.149219 0.544271
vt 0.197656 0.544271
vt 0.197656 0.503906
vt 0.149219 0.544271
vt 0.197656 0.503906
vt 0.149219 0.503906
vt 0.197656 0.544271
vt 0.246094 0.544271
vt 0.246094 0.503906
vt 0.197656 0.544271
vt 0.246094 0.503906
vt 0.197656 0.503906
vt 0.125000 0.625000
vt 0.003906 0.746094
vt 0.246094 0.503906
vt 0.125000 0.625000
vt 0.003906 0.746094
vt 0.246094 0.503906
vt 0.125000 0.625000
vt 0.003906 0.746094
vt 0.246094 0.503906
vt 0.125000 0.625000
vt 0.003906 0.746094
vt 0.246094 0.503906
vt 0.125000 0.625000
vt 0.003906 0.746094
vt 0.246094 0.503906
vt 0.125000 0.625000
vt 0.003906 0.746094
vt 0.246094 0.503906
vt 0.125000 0.625000
vt 0.003906 0.746094
vt 0.246094 0.503906
vt 0.125000 0.625000
vt 0.003906 0.746094
vt 0.246094 0.503906
vt 0.125000 0.625000
vt 0.003906 0.746094
vt 0.246094 0.503906
vt 0.125000 0.625000
vt 0.003906 0.746094
vt 0.246094 0.503906
vn -0.456620 -0.709100 0.537285
vn -0.456620 -0.709100 0.537285
vn -0.456620 -0.709100 0.537285
vn -0.457730 -0.704100 0.542886
vn -0.457730 -0.704100 0.542886
vn -0.457730 -0.704100 0.542886
vn 0.163282 -0.971861 -0.169778
vn 0.163282 -0.971861 -0.169778
vn 0.163282 -0.971861 -0.169778
vn 0.163328 -0.972422 -0.166489
vn 0.163328 -0.972422 -0.166489
vn 0.163328 -0.972422 -0.166489
vn 0.396301 -0.046385 -0.916948
vn 0.396301 -0.046385 -0.916948
vn 0.396301 -0.046385 -0.916948
vn 0.405341 -0.059814 -0.912207
vn 0.405341 -0.059814 -0.912207
vn 0.405341 -0.059814 -0.912207
vn -0.172939 0.895042 -0.411086
vn -0.172939 0.895042 -0.411086
vn -0.172939 0.895042 -0.411086
vn -0.142049 0.894785 -0.423299
vn -0.142049 0.894785 -0.423299
vn -0.142049 0.894785 -0.423299
vn -0.698832 0.617495 0.361018
vn -0.698832 0.617495 0.361018
vn -0.698832 0.617495 0.361018
vn -0.681026 0.640330 0.355221
vn -0.681026 0.640330 0.355221
vn -0.681026 0.640330 0.355221
vn -0.514152 -0.710620 0.480277
vn -0.514152 -0.710620 0.480277
vn -0.514152 -0.710620 0.480277
vn -0.518958 -0.685015 0.511309
vn -0.518958 -0.685015 0.511309
vn -0.518958 -0.685015 0.511309
vn 0.205105 -0.969516 -0.134051
vn 0.205105 -0.969516 -0.134051
vn 0.205105 -0.969516 -0.134051
vn 0.203681 -0.972167 -0.115781
vn 0.203681 -0.972167 -0.115781
vn 0.203681 -0.972167 -0.115781
vn 0.559775 -0.022544 -0.828338
vn 0.559775 -0.022544 -0.828338
vn 0.559775 -0.022544 -0.828338
vn 0.587117 -0.065531 -0.806845
vn 0.587117 -0.065531 -0.806845
vn 0.587117 -0.065531 -0.806845
vn -0.125317 0.903230 -0.410453
vn -0.125317 0.903230 -0.410453
vn -0.125317 0.903230 -0.410453
vn -0.013137 0.904403 -0.426477
vn -0.013137 0.904403 -0.426477
vn -0.013137 0.904403 -0.426477
vn -0.758827 0.595294 0.264211
vn -0.758827 0.595294 0.264211
vn -0.758827 0.595294 0.264211
vn -0.689416 0.673715 0.266110
vn -0.689416 0.673715 0.266110
vn -0.689416 0.673715 0.266110
vn -0.587730 -0.703749 0.399137
vn -0.587730 -0.703749 0.399137
vn -0.587730 -0.703749 0.399137
vn -0.600644 -0.627161 0.495879
vn -0.600644 -0.627161 0.495879
vn -0.600644 -0.627161 0.495879
vn 0.325948 -0.943859 0.053750
vn 0.325948 -0.943859 0.053750
vn 0.325948 -0.943859 0.053750
vn 0.280677 -0.945175 0.166928
vn 0.280677 -0.945175 0.166928
vn 0.280677 -0.945175 0.166928
vn 0.933997 0.049105 -0.353889
vn 0.933997 0.049105 -0.353889
vn 0.933997 0.049105 -0.353889
vn 0.953242 -0.013016 -0.301928
vn 0.953242 -0.013016 -0.301928
vn 0.953242 -0.013016 -0.301928
vn 0.139891 0.967373 -0.211235
vn 0.139891 0.967373 -0.211235
vn 0.139891 0.967373 -0.211235
vn 0.200240 0.962018 -0.185542
vn 0.200240 0.962018 -0.185542
vn 0.200240 0.962018 -0.185542
vn -0.745770 0.643765 0.171445
vn -0.745770 0.643765 0.171445
vn -0.745770 0.643765 0.171445
vn -0.676658 0.703981 0.215744
vn -0.676658 0.703981 0.215744
vn -0.676658 0.703981 0.215744
vn -0.687534 -0.695427 0.208992
vn -0.687534 -0.695427 0.208992
vn -0.687534 -0.695427 0.208992
vn -0.720467 -0.639905 0.267298
vn -0.720467 -0.639905 0.267298
vn -0.720467 -0.639905 0.267298
vn 0.273945 -0.952122 0.135713
vn 0.273945 -0.952122 0.135713
vn 0.273945 -0.952122 0.135713
vn 0.223088 -0.955360 0.193699
vn 0.223088 -0.955360 0.193699
vn 0.223088 -0.955360 0.193699
vn 0.998380 0.028323 -0.049352
vn 0.998380 0.028323 -0.049352
vn 0.998380 0.028323 -0.049352
vn 0.999810 -0.012054 -0.015330
vn 0.999810 -0.012054 -0.015330
vn 0.999810 -0.012054 -0.015330
vn 0.213066 0.968803 -0.126581
vn 0.213066 0.968803 -0.126581
vn 0.213066 0.968803 -0.126581
vn 0.244618 0.964439 -0.100092
vn 0.244618 0.964439 -0.100092
vn 0.244618 0.964439 -0.100092
vn -0.734793 0.678268 0.005674
vn -0.734793 0.678268 0.005674
vn -0.734793 0.678268 0.005674
vn -0.711033 0.702522 0.029919
vn -0.711033 0.702522 0.029919
vn -0.711033 0.702522 0.029919
vn -0.725346 -0.658432 0.200849
vn -0.725346 -0.658432 0.200849
vn -0.725346 -0.658432 0.200849
vn -0.760092 -0.610792 0.221797
vn -0.760092 -0.610792 0.221797
vn -0.760092 -0.610792 0.221797
vn 0.204325 -0.906306 0.369947
vn 0.204325 -0.906306 0.369947
vn 0.204325 -0.906306 0.369947
vn 0.133104 -0.909290 0.394303
vn 0.133104 -0.909290 0.394303
vn 0.133104 -0.909290 0.394303
vn 0.895400 0.051758 0.442244
vn 0.895400 0.051758 0.442244
vn 0.895400 0.051758 0.442244
vn 0.889489 0.025901 0.456221
vn 0.889489 0.025901 0.456221
vn 0.889489 0.025901 0.456221
vn 0.218817 0.964997 0.144567
vn 0.218817 0.964997 0.144567
vn 0.218817 0.964997 0.144567
vn 0.205656 0.969842 0.130811
vn 0.205656 0.969842 0.130811
vn 0.205656 0.969842 0.130811
vn -0.710885 0.702553 0.032584
vn -0.710885 0.702553 0.032584
vn -0.710885 0.702553 0.032584
vn -0.717712 0.695807 0.027231
vn -0.717712 0.695807 0.027231
vn -0.717712 0.695807 0.027231
vn -0.757941 -0.633860 0.154103
vn -0.757941 -0.633860 0.154103
vn -0.757941 -0.633860 0.154103
vn -0.769951 -0.619152 0.154359
vn -0.769951 -0.619152 0.154359
vn -0.769951 -0.619152 0.154359
vn 0.120136 -0.893478 0.432740
vn 0.120136 -0.893478 0.432740
vn 0.120136 -0.893478 0.432740
vn 0.095873 -0.897284 0.430917
vn 0.095873 -0.897284 0.430917
vn 0.095873 -0.897284 0.430917
vn 0.788526 0.047643 0.613153
vn 0.788526 0.047643 0.613153
vn 0.788526 0.047643 0.613153
vn 0.787029 0.038414 0.615719
vn 0.787029 0.038414 0.615719
vn 0.787029 0.038414 0.615719
vn 0.174445 0.958451 0.225700
vn 0.174445 0.958451 0.225700
vn 0.174445 0.958451 0.225700
vn 0.167138 0.961083 0.219963
vn 0.167138 0.961083 0.219963
vn 0.167138 0.961083 0.219963
vn -0.716543 0.697519 0.005829
vn -0.716543 0.697519 0.005829
vn -0.716543 0.697519 0.005829
vn -0.721335 0.692576 0.003735
vn -0.721335 0.692576 0.003735
vn -0.721335 0.692576 0.003735
vn 0.793422 0.212309 0.570443
vn 0.793422 0.212309 0.570443
vn 0.793422 0.212309 0.570443
vn 0.793422 0.212309 0.570443
vn 0.793422 0.212309 0.570443
vn 0.793422 0.212309 0.570443
vn 0.793422 0.212309 0.570443
vn 0.793422 0.212309 0.570443
vn 0.793422 0.212309 0.570443
vn 0.793422 0.212309 0.570443
vn 0.793422 0.212309 0.570443
vn 0.793422 0.212309 0.570443
vn 0.793422 0.212309 0.570443
vn 0.793422 0.212309 0.570443
vn 0.793422 0.212309 0.570443
vn -0.315495 0.114292 0.942019
vn -0.315495 0.114292 0.942019
vn -0.315495 0.114292 0.942019
vn -0.315495 0.114292 0.942019
vn -0.315495 0.114292 0.942019
vn -0.315495 0.114292 0.942019
vn -0.315495 0.114292 0.942019
vn -0.315495 0.114292 0.942019
vn -0.315495 0.114292 0.942019
vn -0.315495 0.114292 0.942019
vn -0.315495 0.114292 0.942019
vn -0.315495 0.114292 0.942019
vn -0.315495 0.114292 0.942019
vn -0.315495 0.114292 0.942019
vn -0.315495 0.114292 0.942019
f 4579/4579/4579 4580/4580/4580 4581/4581/4581
f 4582/4582/4582 4583/4583/4583 4584/4584/4584
f 4585/4585/4585 4586/4586/4586 4587/4587/4587
f 4588/4588/4588 4589/4589/4589 4590/4590/4590
f 4591/4591/4591 4592/4592/4592 4593/4593/4593
f 4594/4594/4594 4595/4595/4595 4596/4596/4596
f 4597/4597/4597 4598/4598/4598 4599/4599/4599
f 4600/4600/4600 4601/4601/4601 4602/4602/4602
f 4603/4603/4603 4604/4604/4604 4605/4605/4605
f 4606/4606/4606 4607/4607/4607 4608/4608/4608
f 4609/4609/4609 4610/4610/4610 4611/4611/4611
f 4612/4612/4612 4613/4613/4613 4614/4614/4614
f 4615/4615/4615 4616/4616/4616 4617/4617/4617
f 4618/4618/4618 4619/4619/4619 4620/4620/4620
f 4621/4621/4621 4622/4622/4622 4623/4623/4623
f 4624/4624/4624 4625/4625/4625 4626/4626/4626
f 4627/4627/4627 4628/4628/4628 4629/4629/4629
f 4630/4630/4630 4631/4631/4631 4632/4632/4632
f 4633/4633/4633 4634/4634/4634 4635/4635/4635
f 4636/4636/4636 4637/4637/4637 4638/4638/4638
f 4639/4639/4639 4640/4640/4640 4641/4641/4641
f 4642/4642/4642 4643/4643/4643 4644/4644/4644
f 4645/4645/4645 4646/4646/4646 4647/4647/4647
f 4648/4648/4648 4649/4649/4649 4650/4650/4650
f 4651/4651/4651 4652/4652/4652 4653/4653/4653
f 4654/4654/4654 4655/4655/4655 4656/4656/4656
f 4657/4657/4657 4658/4658/4658 4659/4659/4659
f 4660/4660/4660 4661/4661/4661 4662/4662/4662
f 4663/4663/4663 4664/4664/4664 4665/4665/4665
f 4666/4666/4666 4667/4667/4667 4668/4668/4668
f 4669/4669/4669 4670/4670/4670 4671/4671/4671
f 4672/4672/4672 4673/4673/4673 4674/4674/4674
f 4675/4675/4675 4676/4676/4676 4677/4677/4677
f 4678/4678/4678 4679/4679/4679 4680/4680/4680
f 4681/4681/4681 4682/4682/4682 4683/4683/4683
f 4684/4684/4684 4685/4685/4685 4686/4686/4686
f 4687/4687/4687 4688/4688/4688 4689/4689/4689
f 4690/4690/4690 4691/4691/4691 4692/4692/4692
f 4693/4693/4693 4694/4694/4694 4695/4695/4695
f 4696/4696/4696 4697/4697/4697 4698/4698/4698
f 4699/4699/4699 4700/4700/4700 4701/4701/4701
f 4702/4702/4702 4703/4703/4703 4704/4704/4704
f 4705/4705/4705 4706/4706/4706 4707/4707/4707
f 4708/4708/4708 4709/4709/4709 4710/4710/4710
f 4711/4711/4711 4712/4712/4712 4713/4713/4713
f 4714/4714/4714 4715/4715/4715 4716/4716/4716
f 4717/4717/4717 4718/4718/4718 4719/4719/4719
f 4720/4720/4720 4721/4721/4721 4722/4722/4722
f 4723/4723/4723 4724/4724/4724 4725/4725/4725
f 4726/4726/4726 4727/4727/4727 4728/4728/4728
f 4729/4729/4729 4730/4730/4730 4731/4731/4731
f 4732/4732/4732 4733/4733/4733 4734/4734/4734
f 4735/4735/4735 4736/4736/4736 4737/4737/4737
f 4738/4738/4738 4739/4739/4739 4740/4740/4740
f 4741/4741/4741 4742/4742/4742 4743/4743/4743
f 4744/4744/4744 4745/4745/4745 4746/4746/4746
f 4747/4747/4747 4748/4748/4748 4749/4749/4749
f 4750/4750/4750 4751/4751/4751 4752/4752/4752
f 4753/4753/4753 4754/4754/4754 4755/4755/4755
f 4756/4756/4756 4757/4757/4757 4758/4758/4758
f 4759/4759/4759 4760/4760/4760 4761/4761/4761
f 4762/4762/4762 4763/4763/4763 4764/4764/4764
f 4765/4765/4765 4766/4766/4766 4767/4767/4767
f 4768/4768/4768 4769/4769/4769 4770/4770/4770
f 4771/4771/4771 4772/4772/4772 4773/4773/4773
f 4774/4774/4774 4775/4775/4775 4776/4776/4776
f 4777/4777/4777 4778/4778/4778 4779/4779/4779
f 4780/4780/4780 4781/4781/4781 4782/4782/4782
f 4783/4783/4783 4784/4784/4784 4785/4785/4785
f 4786/4786/4786 4787/4787/4787 4788/4788/4788
o RightNeckMane5
usemtl PaintedVinefangFantasy
v 0.913212 3.748750 -5.054430
v 1.319296 3.163863 -5.475664
v 2.886936 3.136132 -4.217635
v 0.913212 3.748750 -5.054430
v 2.886936 3.136132 -4.217635
v 2.162923 4.100196 -3.577511
v 1.319296 3.163863 -5.475664
v 1.801728 3.387270 -6.273373
v 3.776611 3.504371 -5.472559
v 1.319296 3.163863 -5.475664
v 3.776611 3.504371 -5.472559
v 2.886936 3.136132 -4.217635
v 1.801728 3.387270 -6.273373
v 1.693803 4.110230 -6.345151
v 3.602447 4.696020 -5.608020
v 1.801728 3.387270 -6.273373
v 3.602447 4.696020 -5.608020
v 3.776611 3.504371 -5.472559
v 1.693803 4.110230 -6.345151
v 1.144671 4.333637 -5.591802
v 2.605133 5.064260 -4.436816
v 1.693803 4.110230 -6.345151
v 2.605133 5.064260 -4.436816
v 3.602447 4.696020 -5.608020
v 1.144671 4.333637 -5.591802
v 0.913212 3.748750 -5.054430
v 2.162923 4.100196 -3.577511
v 1.144671 4.333637 -5.591802
v 2.162923 4.100196 -3.577511
v 2.605133 5.064260 -4.436816
v 2.162923 4.100196 -3.577511
v 2.886936 3.136132 -4.217635
v 4.417151 3.198215 -2.569102
v 2.162923 4.100196 -3.577511
v 4.417151 3.198215 -2.569102
v 3.189361 4.540153 -2.010178
v 2.886936 3.136132 -4.217635
v 3.776611 3.504371 -5.472559
v 6.102740 3.710790 -3.894819
v 2.886936 3.136132 -4.217635
v 6.102740 3.710790 -3.894819
v 4.417151 3.198215 -2.569102
v 3.776611 3.504371 -5.472559
v 3.602447 4.696020 -5.608020
v 5.916701 5.369517 -4.155233
v 3.776611 3.504371 -5.472559
v 5.916701 5.369517 -4.155233
v 6.102740 3.710790 -3.894819
v 3.602447 4.696020 -5.608020
v 2.605133 5.064260 -4.436816
v 4.116134 5.882091 -2.990461
v 3.602447 4.696020 -5.608020
v 4.116134 5.882091 -2.990461
v 5.916701 5.369517 -4.155233
v 2.605133 5.064260 -4.436816
v 2.162923 4.100196 -3.577511
v 3.189361 4.540153 -2.010178
v 2.605133 5.064260 -4.436816
v 3.189361 4.540153 -2.010178
v 4.116134 5.882091 -2.990461
v 3.189361 4.540153 -2.010178
v 4.417151 3.198215 -2.569102
v 4.985247 3.674508 -0.868742
v 3.189361 4.540153 -2.010178
v 4.985247 3.674508 -0.868742
v 3.740899 4.915028 -0.810783
v 4.417151 3.198215 -2.569102
v 6.102740 3.710790 -3.894819
v 6.888066 4.148345 -1.420632
v 4.417151 3.198215 -2.569102
v 6.888066 4.148345 -1.420632
v 4.985247 3.674508 -0.868742
v 6.102740 3.710790 -3.894819
v 5.916701 5.369517 -4.155233
v 6.819725 5.681712 -1.703760
v 6.102740 3.710790 -3.894819
v 6.819725 5.681712 -1.703760
v 6.888066 4.148345 -1.420632
v 5.916701 5.369517 -4.155233
v 4.116134 5.882091 -2.990461
v 4.874669 6.155549 -1.326852
v 5.916701 5.369517 -4.155233
v 4.874669 6.155549 -1.326852
v 6.819725 5.681712 -1.703760
v 4.116134 5.882091 -2.990461
v 3.189361 4.540153 -2.010178
v 3.740899 4.915028 -0.810783
v 4.116134 5.882091 -2.990461
v 3.740899 4.915028 -0.810783
v 4.874669 6.155549 -1.326852
v 3.740899 4.915028 -0.810783
v 4.985247 3.674508 -0.868742
v 5.093659 4.119946 0.702811
v 3.740899 4.915028 -0.810783
v 5.093659 4.119946 0.702811
v 4.009894 5.248251 0.309179
v 4.985247 3.674508 -0.868742
v 6.888066 4.148345 -1.420632
v 6.909129 4.550920 0.815935
v 4.985247 3.674508 -0.868742
v 6.909129 4.550920 0.815935
v 5.093659 4.119946 0.702811
v 6.888066 4.148345 -1.420632
v 6.819725 5.681712 -1.703760
v 6.947386 5.945581 0.492218
v 6.888066 4.148345 -1.420632
v 6.947386 5.945581 0.492218
v 6.909129 4.550920 0.815935
v 6.819725 5.681712 -1.703760
v 4.874669 6.155549 -1.326852
v 5.155561 6.376556 0.179025
v 6.819725 5.681712 -1.703760
v 5.155561 6.376556 0.179025
v 6.947386 5.945581 0.492218
v 4.874669 6.155549 -1.326852
v 3.740899 4.915028 -0.810783
v 4.009894 5.248251 0.309179
v 4.874669 6.155549 -1.326852
v 4.009894 5.248251 0.309179
v 5.155561 6.376556 0.179025
v 4.009894 5.248251 0.309179
v 5.093659 4.119946 0.702811
v 4.854729 4.946783 1.309873
v 4.009894 5.248251 0.309179
v 4.854729 4.946783 1.309873
v 4.513964 5.521597 0.815136
v 5.093659 4.119946 0.702811
v 6.909129 4.550920 0.815935
v 5.613409 5.166342 1.861600
v 5.093659 4.119946 0.702811
v 5.613409 5.166342 1.861600
v 4.854729 4.946783 1.309873
v 6.909129 4.550920 0.815935
v 6.947386 5.945581 0.492218
v 5.741534 5.876852 1.707851
v 6.909129 4.550920 0.815935
v 5.741534 5.876852 1.707851
v 5.613409 5.166342 1.861600
v 6.947386 5.945581 0.492218
v 5.155561 6.376556 0.179025
v 5.062039 6.096411 1.061100
v 6.947386 5.945581 0.492218
v 5.062039 6.096411 1.061100
v 5.741534 5.876852 1.707851
v 5.155561 6.376556 0.179025
v 4.009894 5.248251 0.309179
v 4.513964 5.521597 0.815136
v 5.155561 6.376556 0.179025
v 4.513964 5.521597 0.815136
v 5.062039 6.096411 1.061100
v 4.513964 5.521597 0.815136
v 4.854729 4.946783 1.309873
v 4.565528 5.671961 1.741900
v 4.513964 5.521597 0.815136
v 4.565528 5.671961 1.741900
v 4.553355 5.706431 1.708321
v 4.854729 4.946783 1.309873
v 5.613409 5.166342 1.861600
v 4.600197 5.685127 1.785867
v 4.854729 4.946783 1.309873
v 4.600197 5.685127 1.785867
v 4.565528 5.671961 1.741900
v 5.613409 5.166342 1.861600
v 5.741534 5.876852 1.707851
v 4.609450 5.727735 1.779461
v 5.613409 5.166342 1.861600
v 4.609450 5.727735 1.779461
v 4.600197 5.685127 1.785867
v 5.741534 5.876852 1.707851
v 5.062039 6.096411 1.061100
v 4.580500 5.740902 1.731535
v 5.741534 5.876852 1.707851
v 4.580500 5.740902 1.731535
v 4.609450 5.727735 1.779461
v 5.062039 6.096411 1.061100
v 4.513964 5.521597 0.815136
v 4.553355 5.706431 1.708321
v 5.062039 6.096411 1.061100
v 4.553355 5.706431 1.708321
v 4.580500 5.740902 1.731535
v 1.374542 3.748750 -5.748084
v 0.913212 3.748750 -5.054430
v 1.319296 3.163863 -5.475664
v 1.374542 3.748750 -5.748084
v 1.319296 3.163863 -5.475664
v 1.801728 3.387270 -6.273373
v 1.374542 3.748750 -5.748084
v 1.801728 3.387270 -6.273373
v 1.693803 4.110230 -6.345151
v 1.374542 3.748750 -5.748084
v 1.693803 4.110230 -6.345151
v 1.144671 4.333637 -5.591802
v 1.374542 3.748750 -5.748084
v 1.144671 4.333637 -5.591802
v 0.913212 3.748750 -5.054430
v 4.581806 5.706431 1.749417
v 4.553355 5.706431 1.708321
v 4.565528 5.671961 1.741900
v 4.581806 5.706431 1.749417
v 4.565528 5.671961 1.741900
v 4.600197 5.685127 1.785867
v 4.581806 5.706431 1.749417
v 4.600197 5.685127 1.785867
v 4.609450 5.727735 1.779461
v 4.581806 5.706431 1.749417
v 4.609450 5.727735 1.779461
v 4.580500 5.740902 1.731535
v 4.581806 5.706431 1.749417
v 4.580500 5.740902 1.731535
v 4.553355 5.706431 1.708321
vt 0.003906 0.996094
vt 0.052344 0.996094
vt 0.052344 0.955729
vt 0.003906 0.996094
vt 0.052344 0.955729
vt 0.003906 0.955729
vt 0.052344 0.996094
vt 0.100781 0.996094
vt 0.100781 0.955729
vt 0.052344 0.996094
vt 0.100781 0.955729
vt 0.052344 0.955729
vt 0.100781 0.996094
vt 0.149219 0.996094
vt 0.149219 0.955729
vt 0.100781 0.996094
vt 0.149219 0.955729
vt 0.100781 0.955729
vt 0.149219 0.996094
vt 0.197656 0.996094
vt 0.197656 0.955729
vt 0.149219 0.996094
vt 0.197656 0.955729
vt 0.149219 0.955729
vt 0.197656 0.996094
vt 0.246094 0.996094
vt 0.246094 0.955729
vt 0.197656 0.996094
vt 0.246094 0.955729
vt 0.197656 0.955729
vt 0.003906 0.955729
vt 0.052344 0.955729
vt 0.052344 0.915365
vt 0.003906 0.955729
vt 0.052344 0.915365
vt 0.003906 0.915365
vt 0.052344 0.955729
vt 0.100781 0.955729
vt 0.100781 0.915365
vt 0.052344 0.955729
vt 0.100781 0.915365
vt 0.052344 0.915365
vt 0.100781 0.955729
vt 0.149219 0.955729
vt 0.149219 0.915365
vt 0.100781 0.955729
vt 0.149219 0.915365
vt 0.100781 0.915365
vt 0.149219 0.955729
vt 0.197656 0.955729
vt 0.197656 0.915365
vt 0.149219 0.955729
vt 0.197656 0.915365
vt 0.149219 0.915365
vt 0.197656 0.955729
vt 0.246094 0.955729
vt 0.246094 0.915365
vt 0.197656 0.955729
vt 0.246094 0.915365
vt 0.197656 0.915365
vt 0.003906 0.915365
vt 0.052344 0.915365
vt 0.052344 0.875000
vt 0.003906 0.915365
vt 0.052344 0.875000
vt 0.003906 0.875000
vt 0.052344 0.915365
vt 0.100781 0.915365
vt 0.100781 0.875000
vt 0.052344 0.915365
vt 0.100781 0.875000
vt 0.052344 0.875000
vt 0.100781 0.915365
vt 0.149219 0.915365
vt 0.149219 0.875000
vt 0.100781 0.915365
vt 0.149219 0.875000
vt 0.100781 0.875000
vt 0.149219 0.915365
vt 0.197656 0.915365
vt 0.197656 0.875000
vt 0.149219 0.915365
vt 0.197656 0.875000
vt 0.149219 0.875000
vt 0.197656 0.915365
vt 0.246094 0.915365
vt 0.246094 0.875000
vt 0.197656 0.915365
vt 0.246094 0.875000
vt 0.197656 0.875000
vt 0.003906 0.875000
vt 0.052344 0.875000
vt 0.052344 0.834635
vt 0.003906 0.875000
vt 0.052344 0.834635
vt 0.003906 0.834635
vt 0.052344 0.875000
vt 0.100781 0.875000
vt 0.100781 0.834635
vt 0.052344 0.875000
vt 0.100781 0.834635
vt 0.052344 0.834635
vt 0.100781 0.875000
vt 0.149219 0.875000
vt 0.149219 0.834635
vt 0.100781 0.875000
vt 0.149219 0.834635
vt 0.100781 0.834635
vt 0.149219 0.875000
vt 0.197656 0.875000
vt 0.197656 0.834635
vt 0.149219 0.875000
vt 0.197656 0.834635
vt 0.149219 0.834635
vt 0.197656 0.875000
vt 0.246094 0.875000
vt 0.246094 0.834635
vt 0.197656 0.875000
vt 0.246094 0.834635
vt 0.197656 0.834635
vt 0.003906 0.834635
vt 0.052344 0.834635
vt 0.052344 0.794271
vt 0.003906 0.834635
vt 0.052344 0.794271
vt 0.003906 0.794271
vt 0.052344 0.834635
vt 0.100781 0.834635
vt 0.100781 0.794271
vt 0.052344 0.834635
vt 0.100781 0.794271
vt 0.052344 0.794271
vt 0.100781 0.834635
vt 0.149219 0.834635
vt 0.149219 0.794271
vt 0.100781 0.834635
vt 0.149219 0.794271
vt 0.100781 0.794271
vt 0.149219 0.834635
vt 0.197656 0.834635
vt 0.197656 0.794271
vt 0.149219 0.834635
vt 0.197656 0.794271
vt 0.149219 0.794271
vt 0.197656 0.834635
vt 0.246094 0.834635
vt 0.246094 0.794271
vt 0.197656 0.834635
vt 0.246094 0.794271
vt 0.197656 0.794271
vt 0.003906 0.794271
vt 0.052344 0.794271
vt 0.052344 0.753906
vt 0.003906 0.794271
vt 0.052344 0.753906
vt 0.003906 0.753906
vt 0.052344 0.794271
vt 0.100781 0.794271
vt 0.100781 0.753906
vt 0.052344 0.794271
vt 0.100781 0.753906
vt 0.052344 0.753906
vt 0.100781 0.794271
vt 0.149219 0.794271
vt 0.149219 0.753906
vt 0.100781 0.794271
vt 0.149219 0.753906
vt 0.100781 0.753906
vt 0.149219 0.794271
vt 0.197656 0.794271
vt 0.197656 0.753906
vt 0.149219 0.794271
vt 0.197656 0.753906
vt 0.149219 0.753906
vt 0.197656 0.794271
vt 0.246094 0.794271
vt 0.246094 0.753906
vt 0.197656 0.794271
vt 0.246094 0.753906
vt 0.197656 0.753906
vt 0.125000 0.875000
vt 0.003906 0.996094
vt 0.246094 0.753906
vt 0.125000 0.875000
vt 0.003906 0.996094
vt 0.246094 0.753906
vt 0.125000 0.875000
vt 0.003906 0.996094
vt 0.246094 0.753906
vt 0.125000 0.875000
vt 0.003906 0.996094
vt 0.246094 0.753906
vt 0.125000 0.875000
vt 0.003906 0.996094
vt 0.246094 0.753906
vt 0.125000 0.875000
vt 0.003906 0.996094
vt 0.246094 0.753906
vt 0.125000 0.875000
vt 0.003906 0.996094
vt 0.246094 0.753906
vt 0.125000 0.875000
vt 0.003906 0.996094
vt 0.246094 0.753906
vt 0.125000 0.875000
vt 0.003906 0.996094
vt 0.246094 0.753906
vt 0.125000 0.875000
vt 0.003906 0.996094
vt 0.246094 0.753906
vn -0.450699 -0.706184 0.546053
vn -0.450699 -0.706184 0.546053
vn -0.450699 -0.706184 0.546053
vn -0.451173 -0.703467 0.549161
vn -0.451173 -0.703467 0.549161
vn -0.451173 -0.703467 0.549161
vn 0.134976 -0.972328 -0.190681
vn 0.134976 -0.972328 -0.190681
vn 0.134976 -0.972328 -0.190681
vn 0.135001 -0.972524 -0.189664
vn 0.135001 -0.972524 -0.189664
vn 0.135001 -0.972524 -0.189664
vn 0.369875 -0.036953 -0.928346
vn 0.369875 -0.036953 -0.928346
vn 0.369875 -0.036953 -0.928346
vn 0.377850 -0.049871 -0.924523
vn 0.377850 -0.049871 -0.924523
vn 0.377850 -0.049871 -0.924523
vn -0.153606 0.911227 -0.382193
vn -0.153606 0.911227 -0.382193
vn -0.153606 0.911227 -0.382193
vn -0.127040 0.910142 -0.394337
vn -0.127040 0.910142 -0.394337
vn -0.127040 0.910142 -0.394337
vn -0.658301 0.633736 0.406226
vn -0.658301 0.633736 0.406226
vn -0.658301 0.633736 0.406226
vn -0.643301 0.652323 0.400797
vn -0.643301 0.652323 0.400797
vn -0.643301 0.652323 0.400797
vn -0.504487 -0.707492 0.494923
vn -0.504487 -0.707492 0.494923
vn -0.504487 -0.707492 0.494923
vn -0.508014 -0.683253 0.524488
vn -0.508014 -0.683253 0.524488
vn -0.508014 -0.683253 0.524488
vn 0.188568 -0.970373 -0.151058
vn 0.188568 -0.970373 -0.151058
vn 0.188568 -0.970373 -0.151058
vn 0.187601 -0.972572 -0.137509
vn 0.187601 -0.972572 -0.137509
vn 0.187601 -0.972572 -0.137509
vn 0.535295 -0.017761 -0.844478
vn 0.535295 -0.017761 -0.844478
vn 0.535295 -0.017761 -0.844478
vn 0.564110 -0.065949 -0.823062
vn 0.564110 -0.065949 -0.823062
vn 0.564110 -0.065949 -0.823062
vn -0.120852 0.912880 -0.389929
vn -0.120852 0.912880 -0.389929
vn -0.120852 0.912880 -0.389929
vn -0.006830 0.911337 -0.411605
vn -0.006830 0.911337 -0.411605
vn -0.006830 0.911337 -0.411605
vn -0.730816 0.609358 0.307558
vn -0.730816 0.609358 0.307558
vn -0.730816 0.609358 0.307558
vn -0.663316 0.682429 0.307089
vn -0.663316 0.682429 0.307089
vn -0.663316 0.682429 0.307089
vn -0.590208 -0.704304 0.394475
vn -0.590208 -0.704304 0.394475
vn -0.590208 -0.704304 0.394475
vn -0.608915 -0.633121 0.477892
vn -0.608915 -0.633121 0.477892
vn -0.608915 -0.633121 0.477892
vn 0.333639 -0.940759 0.060472
vn 0.333639 -0.940759 0.060472
vn 0.333639 -0.940759 0.060472
vn 0.284134 -0.943699 0.169412
vn 0.284134 -0.943699 0.169412
vn 0.284134 -0.943699 0.169412
vn 0.935123 0.049806 -0.350804
vn 0.935123 0.049806 -0.350804
vn 0.935123 0.049806 -0.350804
vn 0.953717 -0.012965 -0.300425
vn 0.953717 -0.012965 -0.300425
vn 0.953717 -0.012965 -0.300425
vn 0.133103 0.966478 -0.219555
vn 0.133103 0.966478 -0.219555
vn 0.133103 0.966478 -0.219555
vn 0.196377 0.960999 -0.194721
vn 0.196377 0.960999 -0.194721
vn 0.196377 0.960999 -0.194721
vn -0.758557 0.633946 0.150678
vn -0.758557 0.633946 0.150678
vn -0.758557 0.633946 0.150678
vn -0.682160 0.704665 0.195206
vn -0.682160 0.704665 0.195206
vn -0.682160 0.704665 0.195206
vn -0.679124 -0.692580 0.243152
vn -0.679124 -0.692580 0.243152
vn -0.679124 -0.692580 0.243152
vn -0.733640 -0.582720 0.349584
vn -0.733640 -0.582720 0.349584
vn -0.733640 -0.582720 0.349584
vn 0.283648 -0.944224 0.167286
vn 0.283648 -0.944224 0.167286
vn 0.283648 -0.944224 0.167286
vn 0.208461 -0.944642 0.253367
vn 0.208461 -0.944642 0.253367
vn 0.208461 -0.944642 0.253367
vn 0.997532 0.033019 -0.061958
vn 0.997532 0.033019 -0.061958
vn 0.997532 0.033019 -0.061958
vn 0.999587 -0.028418 -0.004298
vn 0.999587 -0.028418 -0.004298
vn 0.999587 -0.028418 -0.004298
vn 0.200055 0.963351 -0.178700
vn 0.200055 0.963351 -0.178700
vn 0.200055 0.963351 -0.178700
vn 0.253280 0.958630 -0.129914
vn 0.253280 0.958630 -0.129914
vn 0.253280 0.958630 -0.129914
vn -0.742320 0.669718 -0.020969
vn -0.742320 0.669718 -0.020969
vn -0.742320 0.669718 -0.020969
vn -0.699963 0.713712 0.025818
vn -0.699963 0.713712 0.025818
vn -0.699963 0.713712 0.025818
vn -0.718272 -0.534543 0.445364
vn -0.718272 -0.534543 0.445364
vn -0.718272 -0.534543 0.445364
vn -0.737160 0.133168 0.662466
vn -0.737160 0.133168 0.662466
vn -0.737160 0.133168 0.662466
vn 0.142649 -0.765572 0.627336
vn 0.142649 -0.765572 0.627336
vn 0.142649 -0.765572 0.627336
vn -0.337150 -0.618527 0.709756
vn -0.337150 -0.618527 0.709756
vn -0.337150 -0.618527 0.709756
vn 0.698534 0.143555 0.701030
vn 0.698534 0.143555 0.701030
vn 0.698534 0.143555 0.701030
vn 0.641499 0.049968 0.765495
vn 0.641499 0.049968 0.765495
vn 0.641499 0.049968 0.765495
vn 0.169644 0.933941 0.314603
vn 0.169644 0.933941 0.314603
vn 0.169644 0.933941 0.314603
vn 0.134748 0.972754 0.188662
vn 0.134748 0.972754 0.188662
vn 0.134748 0.972754 0.188662
vn -0.657993 0.700106 0.277303
vn -0.657993 0.700106 0.277303
vn -0.657993 0.700106 0.277303
vn -0.744680 0.654832 0.129019
vn -0.744680 0.654832 0.129019
vn -0.744680 0.654832 0.129019
vn -0.895721 -0.428304 0.119327
vn -0.895721 -0.428304 0.119327
vn -0.895721 -0.428304 0.119327
vn -0.963971 -0.248842 0.094008
vn -0.963971 -0.248842 0.094008
vn -0.963971 -0.248842 0.094008
vn -0.356226 -0.589946 0.724614
vn -0.356226 -0.589946 0.724614
vn -0.356226 -0.589946 0.724614
vn -0.547270 -0.578556 0.604788
vn -0.547270 -0.578556 0.604788
vn -0.547270 -0.578556 0.604788
vn 0.034817 0.205368 0.978065
vn 0.034817 0.205368 0.978065
vn 0.034817 0.205368 0.978065
vn 0.001992 0.148258 0.988947
vn 0.001992 0.148258 0.988947
vn 0.001992 0.148258 0.988947
vn -0.097783 0.906599 0.410507
vn -0.097783 0.906599 0.410507
vn -0.097783 0.906599 0.410507
vn -0.103669 0.941312 0.321223
vn -0.103669 0.941312 0.321223
vn -0.103669 0.941312 0.321223
vn -0.693422 0.711042 -0.116561
vn -0.693422 0.711042 -0.116561
vn -0.693422 0.711042 -0.116561
vn -0.720472 0.674864 -0.159620
vn -0.720472 0.674864 -0.159620
vn -0.720472 0.674864 -0.159620
vn 0.819595 0.176468 0.545090
vn 0.819595 0.176468 0.545090
vn 0.819595 0.176468 0.545090
vn 0.819595 0.176468 0.545090
vn 0.819595 0.176468 0.545090
vn 0.819595 0.176468 0.545090
vn 0.819595 0.176468 0.545090
vn 0.819595 0.176468 0.545090
vn 0.819595 0.176468 0.545090
vn 0.819595 0.176468 0.545090
vn 0.819595 0.176468 0.545090
vn 0.819595 0.176468 0.545090
vn 0.819595 0.176468 0.545090
vn 0.819595 0.176468 0.545090
vn 0.819595 0.176468 0.545090
vn -0.794928 0.255384 0.550335
vn -0.794928 0.255384 0.550335
vn -0.794928 0.255384 0.550335
vn -0.794928 0.255384 0.550335
vn -0.794928 0.255384 0.550335
vn -0.794928 0.255384 0.550335
vn -0.794928 0.255384 0.550335
vn -0.794928 0.255384 0.550335
vn -0.794928 0.255384 0.550335
vn -0.794928 0.255384 0.550335
vn -0.794928 0.255384 0.550335
vn -0.794928 0.255384 0.550335
vn -0.794928 0.255384 0.550335
vn -0.794928 0.255384 0.550335
vn -0.794928 0.255384 0.550335
f 4789/4789/4789 4790/4790/4790 4791/4791/4791
f 4792/4792/4792 4793/4793/4793 4794/4794/4794
f 4795/4795/4795 4796/4796/4796 4797/4797/4797
f 4798/4798/4798 4799/4799/4799 4800/4800/4800
f 4801/4801/4801 4802/4802/4802 4803/4803/4803
f 4804/4804/4804 4805/4805/4805 4806/4806/4806
f 4807/4807/4807 4808/4808/4808 4809/4809/4809
f 4810/4810/4810 4811/4811/4811 4812/4812/4812
f 4813/4813/4813 4814/4814/4814 4815/4815/4815
f 4816/4816/4816 4817/4817/4817 4818/4818/4818
f 4819/4819/4819 4820/4820/4820 4821/4821/4821
f 4822/4822/4822 4823/4823/4823 4824/4824/4824
f 4825/4825/4825 4826/4826/4826 4827/4827/4827
f 4828/4828/4828 4829/4829/4829 4830/4830/4830
f 4831/4831/4831 4832/4832/4832 4833/4833/4833
f 4834/4834/4834 4835/4835/4835 4836/4836/4836
f 4837/4837/4837 4838/4838/4838 4839/4839/4839
f 4840/4840/4840 4841/4841/4841 4842/4842/4842
f 4843/4843/4843 4844/4844/4844 4845/4845/4845
f 4846/4846/4846 4847/4847/4847 4848/4848/4848
f 4849/4849/4849 4850/4850/4850 4851/4851/4851
f 4852/4852/4852 4853/4853/4853 4854/4854/4854
f 4855/4855/4855 4856/4856/4856 4857/4857/4857
f 4858/4858/4858 4859/4859/4859 4860/4860/4860
f 4861/4861/4861 4862/4862/4862 4863/4863/4863
f 4864/4864/4864 4865/4865/4865 4866/4866/4866
f 4867/4867/4867 4868/4868/4868 4869/4869/4869
f 4870/4870/4870 4871/4871/4871 4872/4872/4872
f 4873/4873/4873 4874/4874/4874 4875/4875/4875
f 4876/4876/4876 4877/4877/4877 4878/4878/4878
f 4879/4879/4879 4880/4880/4880 4881/4881/4881
f 4882/4882/4882 4883/4883/4883 4884/4884/4884
f 4885/4885/4885 4886/4886/4886 4887/4887/4887
f 4888/4888/4888 4889/4889/4889 4890/4890/4890
f 4891/4891/4891 4892/4892/4892 4893/4893/4893
f 4894/4894/4894 4895/4895/4895 4896/4896/4896
f 4897/4897/4897 4898/4898/4898 4899/4899/4899
f 4900/4900/4900 4901/4901/4901 4902/4902/4902
f 4903/4903/4903 4904/4904/4904 4905/4905/4905
f 4906/4906/4906 4907/4907/4907 4908/4908/4908
f 4909/4909/4909 4910/4910/4910 4911/4911/4911
f 4912/4912/4912 4913/4913/4913 4914/4914/4914
f 4915/4915/4915 4916/4916/4916 4917/4917/4917
f 4918/4918/4918 4919/4919/4919 4920/4920/4920
f 4921/4921/4921 4922/4922/4922 4923/4923/4923
f 4924/4924/4924 4925/4925/4925 4926/4926/4926
f 4927/4927/4927 4928/4928/4928 4929/4929/4929
f 4930/4930/4930 4931/4931/4931 4932/4932/4932
f 4933/4933/4933 4934/4934/4934 4935/4935/4935
f 4936/4936/4936 4937/4937/4937 4938/4938/4938
f 4939/4939/4939 4940/4940/4940 4941/4941/4941
f 4942/4942/4942 4943/4943/4943 4944/4944/4944
f 4945/4945/4945 4946/4946/4946 4947/4947/4947
f 4948/4948/4948 4949/4949/4949 4950/4950/4950
f 4951/4951/4951 4952/4952/4952 4953/4953/4953
f 4954/4954/4954 4955/4955/4955 4956/4956/4956
f 4957/4957/4957 4958/4958/4958 4959/4959/4959
f 4960/4960/4960 4961/4961/4961 4962/4962/4962
f 4963/4963/4963 4964/4964/4964 4965/4965/4965
f 4966/4966/4966 4967/4967/4967 4968/4968/4968
f 4969/4969/4969 4970/4970/4970 4971/4971/4971
f 4972/4972/4972 4973/4973/4973 4974/4974/4974
f 4975/4975/4975 4976/4976/4976 4977/4977/4977
f 4978/4978/4978 4979/4979/4979 4980/4980/4980
f 4981/4981/4981 4982/4982/4982 4983/4983/4983
f 4984/4984/4984 4985/4985/4985 4986/4986/4986
f 4987/4987/4987 4988/4988/4988 4989/4989/4989
f 4990/4990/4990 4991/4991/4991 4992/4992/4992
f 4993/4993/4993 4994/4994/4994 4995/4995/4995
f 4996/4996/4996 4997/4997/4997 4998/4998/4998
o RightDorsalFern0
usemtl PaintedVinefangFantasy
v 0.999667 4.206931 0.416528
v 1.900476 4.943957 1.791374
v 1.497782 5.798474 1.494918
v 1.497782 5.798474 1.494918
v 1.900476 4.943957 1.791374
v 3.396089 6.167640 2.812950
v 3.396089 6.167640 2.812950
v 1.900476 4.943957 1.791374
v 2.658331 4.380026 1.494918
v 2.658331 4.380026 1.494918
v 1.900476 4.943957 1.791374
v 0.999667 4.206931 0.416528
v 1.088457 4.279578 0.268300
v 1.586572 5.871121 1.346689
v 2.166847 5.161897 1.346689
v 1.586572 5.871121 1.346689
v 3.484879 6.240286 2.664722
v 2.166847 5.161897 1.346689
v 3.484879 6.240286 2.664722
v 2.747121 4.452672 1.346689
v 2.166847 5.161897 1.346689
v 2.747121 4.452672 1.346689
v 1.088457 4.279578 0.268300
v 2.166847 5.161897 1.346689
v 0.999667 4.206931 0.416528
v 1.586572 5.871121 1.346689
v 1.088457 4.279578 0.268300
v 0.999667 4.206931 0.416528
v 1.497782 5.798474 1.494918
v 1.586572 5.871121 1.346689
v 1.497782 5.798474 1.494918
v 3.484879 6.240286 2.664722
v 1.586572 5.871121 1.346689
v 1.497782 5.798474 1.494918
v 3.396089 6.167640 2.812950
v 3.484879 6.240286 2.664722
v 3.396089 6.167640 2.812950
v 2.747121 4.452672 1.346689
v 3.484879 6.240286 2.664722
v 3.396089 6.167640 2.812950
v 2.658331 4.380026 1.494918
v 2.747121 4.452672 1.346689
v 2.658331 4.380026 1.494918
v 1.088457 4.279578 0.268300
v 2.747121 4.452672 1.346689
v 2.658331 4.380026 1.494918
v 0.999667 4.206931 0.416528
v 1.088457 4.279578 0.268300
vt 0.375000 0.503906
vt 0.375000 0.612891
vt 0.253906 0.612891
vt 0.253906 0.612891
vt 0.375000 0.612891
vt 0.375000 0.746094
vt 0.375000 0.746094
vt 0.375000 0.612891
vt 0.496094 0.612891
vt 0.496094 0.612891
vt 0.375000 0.612891
vt 0.375000 0.503906
vt 0.375000 0.503906
vt 0.253906 0.612891
vt 0.375000 0.612891
vt 0.253906 0.612891
vt 0.375000 0.746094
vt 0.375000 0.612891
vt 0.375000 0.746094
vt 0.496094 0.612891
vt 0.375000 0.612891
vt 0.496094 0.612891
vt 0.375000 0.503906
vt 0.375000 0.612891
vt 0.375000 0.503906
vt 0.253906 0.612891
vt 0.375000 0.503906
vt 0.375000 0.503906
vt 0.253906 0.612891
vt 0.253906 0.612891
vt 0.253906 0.612891
vt 0.375000 0.746094
vt 0.253906 0.612891
vt 0.253906 0.612891
vt 0.375000 0.746094
vt 0.375000 0.746094
vt 0.375000 0.746094
vt 0.496094 0.612891
vt 0.375000 0.746094
vt 0.375000 0.746094
vt 0.496094 0.612891
vt 0.496094 0.612891
vt 0.496094 0.612891
vt 0.375000 0.503906
vt 0.496094 0.612891
vt 0.496094 0.612891
vt 0.375000 0.503906
vt 0.375000 0.503906
vn -0.783680 -0.161194 0.599886
vn -0.783680 -0.161194 0.599886
vn -0.783680 -0.161194 0.599886
vn -0.572207 0.014818 0.819975
vn -0.572207 0.014818 0.819975
vn -0.572207 0.014818 0.819975
vn -0.098783 -0.563810 0.819975
vn -0.098783 -0.563810 0.819975
vn -0.098783 -0.563810 0.819975
vn -0.313186 -0.736242 0.599886
vn -0.313186 -0.736242 0.599886
vn -0.313186 -0.736242 0.599886
vn 0.473705 0.387577 -0.790814
vn 0.473705 0.387577 -0.790814
vn 0.473705 0.387577 -0.790814
vn 0.473705 0.387577 -0.790814
vn 0.473705 0.387577 -0.790814
vn 0.473705 0.387577 -0.790814
vn 0.473705 0.387577 -0.790814
vn 0.473705 0.387577 -0.790814
vn 0.473705 0.387577 -0.790814
vn 0.473705 0.387577 -0.790814
vn 0.473705 0.387577 -0.790814
vn 0.473705 0.387577 -0.790814
vn -0.844212 0.455575 -0.282414
vn -0.844212 0.455575 -0.282414
vn -0.844212 0.455575 -0.282414
vn -0.844212 0.455575 -0.282414
vn -0.844212 0.455575 -0.282414
vn -0.844212 0.455575 -0.282414
vn -0.343023 0.908241 0.239654
vn -0.343023 0.908241 0.239654
vn -0.343023 0.908241 0.239654
vn -0.343023 0.908241 0.239654
vn -0.343023 0.908241 0.239654
vn -0.343023 0.908241 0.239654
vn 0.822331 -0.516080 0.239654
vn 0.822331 -0.516080 0.239654
vn 0.822331 -0.516080 0.239654
vn 0.822331 -0.516080 0.239654
vn 0.822331 -0.516080 0.239654
vn 0.822331 -0.516080 0.239654
vn 0.279383 -0.917708 -0.282414
vn 0.279383 -0.917708 -0.282414
vn 0.279383 -0.917708 -0.282414
vn 0.279383 -0.917708 -0.282414
vn 0.279383 -0.917708 -0.282414
vn 0.279383 -0.917708 -0.282414
f 4999/4999/4999 5000/5000/5000 5001/5001/5001
f 5002/5002/5002 5003/5003/5003 5004/5004/5004
f 5005/5005/5005 5006/5006/5006 5007/5007/5007
f 5008/5008/5008 5009/5009/5009 5010/5010/5010
f 5011/5011/5011 5012/5012/5012 5013/5013/5013
f 5014/5014/5014 5015/5015/5015 5016/5016/5016
f 5017/5017/5017 5018/5018/5018 5019/5019/5019
f 5020/5020/5020 5021/5021/5021 5022/5022/5022
f 5023/5023/5023 5024/5024/5024 5025/5025/5025
f 5026/5026/5026 5027/5027/5027 5028/5028/5028
f 5029/5029/5029 5030/5030/5030 5031/5031/5031
f 5032/5032/5032 5033/5033/5033 5034/5034/5034
f 5035/5035/5035 5036/5036/5036 5037/5037/5037
f 5038/5038/5038 5039/5039/5039 5040/5040/5040
f 5041/5041/5041 5042/5042/5042 5043/5043/5043
f 5044/5044/5044 5045/5045/5045 5046/5046/5046
o RightDorsalFern1
usemtl PaintedVinefangFantasy
v 0.999667 4.206931 2.082639
v 1.900476 4.943957 3.457485
v 1.497782 5.798474 3.161029
v 1.497782 5.798474 3.161029
v 1.900476 4.943957 3.457485
v 3.396089 6.167640 4.479061
v 3.396089 6.167640 4.479061
v 1.900476 4.943957 3.457485
v 2.658331 4.380026 3.161029
v 2.658331 4.380026 3.161029
v 1.900476 4.943957 3.457485
v 0.999667 4.206931 2.082639
v 1.088457 4.279578 1.934411
v 1.586572 5.871121 3.012801
v 2.166847 5.161897 3.012801
v 1.586572 5.871121 3.012801
v 3.484879 6.240286 4.330833
v 2.166847 5.161897 3.012801
v 3.484879 6.240286 4.330833
v 2.747121 4.452672 3.012801
v 2.166847 5.161897 3.012801
v 2.747121 4.452672 3.012801
v 1.088457 4.279578 1.934411
v 2.166847 5.161897 3.012801
v 0.999667 4.206931 2.082639
v 1.586572 5.871121 3.012801
v 1.088457 4.279578 1.934411
v 0.999667 4.206931 2.082639
v 1.497782 5.798474 3.161029
v 1.586572 5.871121 3.012801
v 1.497782 5.798474 3.161029
v 3.484879 6.240286 4.330833
v 1.586572 5.871121 3.012801
v 1.497782 5.798474 3.161029
v 3.396089 6.167640 4.479061
v 3.484879 6.240286 4.330833
v 3.396089 6.167640 4.479061
v 2.747121 4.452672 3.012801
v 3.484879 6.240286 4.330833
v 3.396089 6.167640 4.479061
v 2.658331 4.380026 3.161029
v 2.747121 4.452672 3.012801
v 2.658331 4.380026 3.161029
v 1.088457 4.279578 1.934411
v 2.747121 4.452672 3.012801
v 2.658331 4.380026 3.161029
v 0.999667 4.206931 2.082639
v 1.088457 4.279578 1.934411
vt 0.375000 0.503906
vt 0.375000 0.612891
vt 0.253906 0.612891
vt 0.253906 0.612891
vt 0.375000 0.612891
vt 0.375000 0.746094
vt 0.375000 0.746094
vt 0.375000 0.612891
vt 0.496094 0.612891
vt 0.496094 0.612891
vt 0.375000 0.612891
vt 0.375000 0.503906
vt 0.375000 0.503906
vt 0.253906 0.612891
vt 0.375000 0.612891
vt 0.253906 0.612891
vt 0.375000 0.746094
vt 0.375000 0.612891
vt 0.375000 0.746094
vt 0.496094 0.612891
vt 0.375000 0.612891
vt 0.496094 0.612891
vt 0.375000 0.503906
vt 0.375000 0.612891
vt 0.375000 0.503906
vt 0.253906 0.612891
vt 0.375000 0.503906
vt 0.375000 0.503906
vt 0.253906 0.612891
vt 0.253906 0.612891
vt 0.253906 0.612891
vt 0.375000 0.746094
vt 0.253906 0.612891
vt 0.253906 0.612891
vt 0.375000 0.746094
vt 0.375000 0.746094
vt 0.375000 0.746094
vt 0.496094 0.612891
vt 0.375000 0.746094
vt 0.375000 0.746094
vt 0.496094 0.612891
vt 0.496094 0.612891
vt 0.496094 0.612891
vt 0.375000 0.503906
vt 0.496094 0.612891
vt 0.496094 0.612891
vt 0.375000 0.503906
vt 0.375000 0.503906
vn -0.783680 -0.161194 0.599886
vn -0.783680 -0.161194 0.599886
vn -0.783680 -0.161194 0.599886
vn -0.572207 0.014818 0.819975
vn -0.572207 0.014818 0.819975
vn -0.572207 0.014818 0.819975
vn -0.098783 -0.563810 0.819975
vn -0.098783 -0.563810 0.819975
vn -0.098783 -0.563810 0.819975
vn -0.313186 -0.736242 0.599886
vn -0.313186 -0.736242 0.599886
vn -0.313186 -0.736242 0.599886
vn 0.473705 0.387577 -0.790814
vn 0.473705 0.387577 -0.790814
vn 0.473705 0.387577 -0.790814
vn 0.473705 0.387577 -0.790814
vn 0.473705 0.387577 -0.790814
vn 0.473705 0.387577 -0.790814
vn 0.473705 0.387577 -0.790814
vn 0.473705 0.387577 -0.790814
vn 0.473705 0.387577 -0.790814
vn 0.473705 0.387577 -0.790814
vn 0.473705 0.387577 -0.790814
vn 0.473705 0.387577 -0.790814
vn -0.844212 0.455575 -0.282414
vn -0.844212 0.455575 -0.282414
vn -0.844212 0.455575 -0.282414
vn -0.844212 0.455575 -0.282414
vn -0.844212 0.455575 -0.282414
vn -0.844212 0.455575 -0.282414
vn -0.343023 0.908241 0.239654
vn -0.343023 0.908241 0.239654
vn -0.343023 0.908241 0.239654
vn -0.343023 0.908241 0.239654
vn -0.343023 0.908241 0.239654
vn -0.343023 0.908241 0.239654
vn 0.822331 -0.516080 0.239654
vn 0.822331 -0.516080 0.239654
vn 0.822331 -0.516080 0.239654
vn 0.822331 -0.516080 0.239654
vn 0.822331 -0.516080 0.239654
vn 0.822331 -0.516080 0.239654
vn 0.279383 -0.917708 -0.282414
vn 0.279383 -0.917708 -0.282414
vn 0.279383 -0.917708 -0.282414
vn 0.279383 -0.917708 -0.282414
vn 0.279383 -0.917708 -0.282414
vn 0.279383 -0.917708 -0.282414
f 5047/5047/5047 5048/5048/5048 5049/5049/5049
f 5050/5050/5050 5051/5051/5051 5052/5052/5052
f 5053/5053/5053 5054/5054/5054 5055/5055/5055
f 5056/5056/5056 5057/5057/5057 5058/5058/5058
f 5059/5059/5059 5060/5060/5060 5061/5061/5061
f 5062/5062/5062 5063/5063/5063 5064/5064/5064
f 5065/5065/5065 5066/5066/5066 5067/5067/5067
f 5068/5068/5068 5069/5069/5069 5070/5070/5070
f 5071/5071/5071 5072/5072/5072 5073/5073/5073
f 5074/5074/5074 5075/5075/5075 5076/5076/5076
f 5077/5077/5077 5078/5078/5078 5079/5079/5079
f 5080/5080/5080 5081/5081/5081 5082/5082/5082
f 5083/5083/5083 5084/5084/5084 5085/5085/5085
f 5086/5086/5086 5087/5087/5087 5088/5088/5088
f 5089/5089/5089 5090/5090/5090 5091/5091/5091
f 5092/5092/5092 5093/5093/5093 5094/5094/5094
o RightDorsalFern2
usemtl PaintedVinefangFantasy
v 0.999667 4.206931 3.748750
v 1.900476 4.943957 5.123597
v 1.497782 5.798474 4.827140
v 1.497782 5.798474 4.827140
v 1.900476 4.943957 5.123597
v 3.396089 6.167640 6.145172
v 3.396089 6.167640 6.145172
v 1.900476 4.943957 5.123597
v 2.658331 4.380026 4.827140
v 2.658331 4.380026 4.827140
v 1.900476 4.943957 5.123597
v 0.999667 4.206931 3.748750
v 1.088457 4.279578 3.600522
v 1.586572 5.871121 4.678912
v 2.166847 5.161897 4.678912
v 1.586572 5.871121 4.678912
v 3.484879 6.240286 5.996944
v 2.166847 5.161897 4.678912
v 3.484879 6.240286 5.996944
v 2.747121 4.452672 4.678912
v 2.166847 5.161897 4.678912
v 2.747121 4.452672 4.678912
v 1.088457 4.279578 3.600522
v 2.166847 5.161897 4.678912
v 0.999667 4.206931 3.748750
v 1.586572 5.871121 4.678912
v 1.088457 4.279578 3.600522
v 0.999667 4.206931 3.748750
v 1.497782 5.798474 4.827140
v 1.586572 5.871121 4.678912
v 1.497782 5.798474 4.827140
v 3.484879 6.240286 5.996944
v 1.586572 5.871121 4.678912
v 1.497782 5.798474 4.827140
v 3.396089 6.167640 6.145172
v 3.484879 6.240286 5.996944
v 3.396089 6.167640 6.145172
v 2.747121 4.452672 4.678912
v 3.484879 6.240286 5.996944
v 3.396089 6.167640 6.145172
v 2.658331 4.380026 4.827140
v 2.747121 4.452672 4.678912
v 2.658331 4.380026 4.827140
v 1.088457 4.279578 3.600522
v 2.747121 4.452672 4.678912
v 2.658331 4.380026 4.827140
v 0.999667 4.206931 3.748750
v 1.088457 4.279578 3.600522
vt 0.375000 0.503906
vt 0.375000 0.612891
vt 0.253906 0.612891
vt 0.253906 0.612891
vt 0.375000 0.612891
vt 0.375000 0.746094
vt 0.375000 0.746094
vt 0.375000 0.612891
vt 0.496094 0.612891
vt 0.496094 0.612891
vt 0.375000 0.612891
vt 0.375000 0.503906
vt 0.375000 0.503906
vt 0.253906 0.612891
vt 0.375000 0.612891
vt 0.253906 0.612891
vt 0.375000 0.746094
vt 0.375000 0.612891
vt 0.375000 0.746094
vt 0.496094 0.612891
vt 0.375000 0.612891
vt 0.496094 0.612891
vt 0.375000 0.503906
vt 0.375000 0.612891
vt 0.375000 0.503906
vt 0.253906 0.612891
vt 0.375000 0.503906
vt 0.375000 0.503906
vt 0.253906 0.612891
vt 0.253906 0.612891
vt 0.253906 0.612891
vt 0.375000 0.746094
vt 0.253906 0.612891
vt 0.253906 0.612891
vt 0.375000 0.746094
vt 0.375000 0.746094
vt 0.375000 0.746094
vt 0.496094 0.612891
vt 0.375000 0.746094
vt 0.375000 0.746094
vt 0.496094 0.612891
vt 0.496094 0.612891
vt 0.496094 0.612891
vt 0.375000 0.503906
vt 0.496094 0.612891
vt 0.496094 0.612891
vt 0.375000 0.503906
vt 0.375000 0.503906
vn -0.783680 -0.161194 0.599886
vn -0.783680 -0.161194 0.599886
vn -0.783680 -0.161194 0.599886
vn -0.572207 0.014818 0.819975
vn -0.572207 0.014818 0.819975
vn -0.572207 0.014818 0.819975
vn -0.098783 -0.563810 0.819975
vn -0.098783 -0.563810 0.819975
vn -0.098783 -0.563810 0.819975
vn -0.313186 -0.736242 0.599886
vn -0.313186 -0.736242 0.599886
vn -0.313186 -0.736242 0.599886
vn 0.473705 0.387577 -0.790814
vn 0.473705 0.387577 -0.790814
vn 0.473705 0.387577 -0.790814
vn 0.473705 0.387577 -0.790814
vn 0.473705 0.387577 -0.790814
vn 0.473705 0.387577 -0.790814
vn 0.473705 0.387577 -0.790814
vn 0.473705 0.387577 -0.790814
vn 0.473705 0.387577 -0.790814
vn 0.473705 0.387577 -0.790814
vn 0.473705 0.387577 -0.790814
vn 0.473705 0.387577 -0.790814
vn -0.844212 0.455575 -0.282414
vn -0.844212 0.455575 -0.282414
vn -0.844212 0.455575 -0.282414
vn -0.844212 0.455575 -0.282414
vn -0.844212 0.455575 -0.282414
vn -0.844212 0.455575 -0.282414
vn -0.343023 0.908241 0.239654
vn -0.343023 0.908241 0.239654
vn -0.343023 0.908241 0.239654
vn -0.343023 0.908241 0.239654
vn -0.343023 0.908241 0.239654
vn -0.343023 0.908241 0.239654
vn 0.822331 -0.516080 0.239654
vn 0.822331 -0.516080 0.239654
vn 0.822331 -0.516080 0.239654
vn 0.822331 -0.516080 0.239654
vn 0.822331 -0.516080 0.239654
vn 0.822331 -0.516080 0.239654
vn 0.279383 -0.917708 -0.282414
vn 0.279383 -0.917708 -0.282414
vn 0.279383 -0.917708 -0.282414
vn 0.279383 -0.917708 -0.282414
vn 0.279383 -0.917708 -0.282414
vn 0.279383 -0.917708 -0.282414
f 5095/5095/5095 5096/5096/5096 5097/5097/5097
f 5098/5098/5098 5099/5099/5099 5100/5100/5100
f 5101/5101/5101 5102/5102/5102 5103/5103/5103
f 5104/5104/5104 5105/5105/5105 5106/5106/5106
f 5107/5107/5107 5108/5108/5108 5109/5109/5109
f 5110/5110/5110 5111/5111/5111 5112/5112/5112
f 5113/5113/5113 5114/5114/5114 5115/5115/5115
f 5116/5116/5116 5117/5117/5117 5118/5118/5118
f 5119/5119/5119 5120/5120/5120 5121/5121/5121
f 5122/5122/5122 5123/5123/5123 5124/5124/5124
f 5125/5125/5125 5126/5126/5126 5127/5127/5127
f 5128/5128/5128 5129/5129/5129 5130/5130/5130
f 5131/5131/5131 5132/5132/5132 5133/5133/5133
f 5134/5134/5134 5135/5135/5135 5136/5136/5136
f 5137/5137/5137 5138/5138/5138 5139/5139/5139
f 5140/5140/5140 5141/5141/5141 5142/5142/5142
o RightWristLeaf
usemtl PaintedVinefangFantasy
v 3.252249 -0.833056 -2.207597
v 3.416770 -0.776648 -1.290172
v 3.426147 -0.112939 -1.400741
v 3.426147 -0.112939 -1.400741
v 3.416770 -0.776648 -1.290172
v 4.088989 -0.546173 -0.414583
v 4.088989 -0.546173 -0.414583
v 3.416770 -0.776648 -1.290172
v 3.831417 -1.294978 -1.400741
v 3.831417 -1.294978 -1.400741
v 3.416770 -0.776648 -1.290172
v 3.252249 -0.833056 -2.207597
v 3.358255 -0.796711 -2.262882
v 3.532153 -0.076595 -1.456026
v 3.734788 -0.667614 -1.456026
v 3.532153 -0.076595 -1.456026
v 4.194995 -0.509829 -0.469868
v 3.734788 -0.667614 -1.456026
v 4.194995 -0.509829 -0.469868
v 3.937423 -1.258633 -1.456026
v 3.734788 -0.667614 -1.456026
v 3.937423 -1.258633 -1.456026
v 3.358255 -0.796711 -2.262882
v 3.734788 -0.667614 -1.456026
v 3.252249 -0.833056 -2.207597
v 3.532153 -0.076595 -1.456026
v 3.358255 -0.796711 -2.262882
v 3.252249 -0.833056 -2.207597
v 3.426147 -0.112939 -1.400741
v 3.532153 -0.076595 -1.456026
v 3.426147 -0.112939 -1.400741
v 4.194995 -0.509829 -0.469868
v 3.532153 -0.076595 -1.456026
v 3.426147 -0.112939 -1.400741
v 4.088989 -0.546173 -0.414583
v 4.194995 -0.509829 -0.469868
v 4.088989 -0.546173 -0.414583
v 3.937423 -1.258633 -1.456026
v 4.194995 -0.509829 -0.469868
v 4.088989 -0.546173 -0.414583
v 3.831417 -1.294978 -1.400741
v 3.937423 -1.258633 -1.456026
v 3.831417 -1.294978 -1.400741
v 3.358255 -0.796711 -2.262882
v 3.937423 -1.258633 -1.456026
v 3.831417 -1.294978 -1.400741
v 3.252249 -0.833056 -2.207597
v 3.358255 -0.796711 -2.262882
vt 0.375000 0.503906
vt 0.375000 0.612891
vt 0.253906 0.612891
vt 0.253906 0.612891
vt 0.375000 0.612891
vt 0.375000 0.746094
vt 0.375000 0.746094
vt 0.375000 0.612891
vt 0.496094 0.612891
vt 0.496094 0.612891
vt 0.375000 0.612891
vt 0.375000 0.503906
vt 0.375000 0.503906
vt 0.253906 0.612891
vt 0.375000 0.612891
vt 0.253906 0.612891
vt 0.375000 0.746094
vt 0.375000 0.612891
vt 0.375000 0.746094
vt 0.496094 0.612891
vt 0.375000 0.612891
vt 0.496094 0.612891
vt 0.375000 0.503906
vt 0.375000 0.612891
vt 0.375000 0.503906
vt 0.253906 0.612891
vt 0.375000 0.503906
vt 0.375000 0.503906
vt 0.253906 0.612891
vt 0.253906 0.612891
vt 0.253906 0.612891
vt 0.375000 0.746094
vt 0.253906 0.612891
vt 0.253906 0.612891
vt 0.375000 0.746094
vt 0.375000 0.746094
vt 0.375000 0.746094
vt 0.496094 0.612891
vt 0.375000 0.746094
vt 0.375000 0.746094
vt 0.496094 0.612891
vt 0.496094 0.612891
vt 0.496094 0.612891
vt 0.375000 0.503906
vt 0.496094 0.612891
vt 0.496094 0.612891
vt 0.375000 0.503906
vt 0.375000 0.503906
vn -0.983849 0.042853 0.173798
vn -0.983849 0.042853 0.173798
vn -0.983849 0.042853 0.173798
vn -0.802129 0.109138 0.587093
vn -0.802129 0.109138 0.587093
vn -0.802129 0.109138 0.587093
vn -0.566417 -0.578353 0.587093
vn -0.566417 -0.578353 0.587093
vn -0.566417 -0.578353 0.587093
vn -0.750580 -0.637514 0.173798
vn -0.750580 -0.637514 0.173798
vn -0.750580 -0.637514 0.173798
vn 0.848330 0.290856 -0.442424
vn 0.848330 0.290856 -0.442424
vn 0.848330 0.290856 -0.442424
vn 0.848330 0.290856 -0.442424
vn 0.848330 0.290856 -0.442424
vn 0.848330 0.290856 -0.442424
vn 0.848330 0.290856 -0.442424
vn 0.848330 0.290856 -0.442424
vn 0.848330 0.290856 -0.442424
vn 0.848330 0.290856 -0.442424
vn 0.848330 0.290856 -0.442424
vn 0.848330 0.290856 -0.442424
vn -0.505106 0.695126 -0.511534
vn -0.505106 0.695126 -0.511534
vn -0.505106 0.695126 -0.511534
vn -0.505106 0.695126 -0.511534
vn -0.505106 0.695126 -0.511534
vn -0.505106 0.695126 -0.511534
vn -0.075238 0.893344 0.443031
vn -0.075238 0.893344 0.443031
vn -0.075238 0.893344 0.443031
vn -0.075238 0.893344 0.443031
vn -0.075238 0.893344 0.443031
vn -0.075238 0.893344 0.443031
vn 0.488733 -0.751574 0.443031
vn 0.488733 -0.751574 0.443031
vn 0.488733 -0.751574 0.443031
vn 0.488733 -0.751574 0.443031
vn 0.488733 -0.751574 0.443031
vn 0.488733 -0.751574 0.443031
vn 0.027674 -0.858817 -0.511534
vn 0.027674 -0.858817 -0.511534
vn 0.027674 -0.858817 -0.511534
vn 0.027674 -0.858817 -0.511534
vn 0.027674 -0.858817 -0.511534
vn 0.027674 -0.858817 -0.511534
f 5143/5143/5143 5144/5144/5144 5145/5145/5145
f 5146/5146/5146 5147/5147/5147 5148/5148/5148
f 5149/5149/5149 5150/5150/5150 5151/5151/5151
f 5152/5152/5152 5153/5153/5153 5154/5154/5154
f 5155/5155/5155 5156/5156/5156 5157/5157/5157
f 5158/5158/5158 5159/5159/5159 5160/5160/5160
f 5161/5161/5161 5162/5162/5162 5163/5163/5163
f 5164/5164/5164 5165/5165/5165 5166/5166/5166
f 5167/5167/5167 5168/5168/5168 5169/5169/5169
f 5170/5170/5170 5171/5171/5171 5172/5172/5172
f 5173/5173/5173 5174/5174/5174 5175/5175/5175
f 5176/5176/5176 5177/5177/5177 5178/5178/5178
f 5179/5179/5179 5180/5180/5180 5181/5181/5181
f 5182/5182/5182 5183/5183/5183 5184/5184/5184
f 5185/5185/5185 5186/5186/5186 5187/5187/5187
f 5188/5188/5188 5189/5189/5189 5190/5190/5190
o Tail
usemtl PaintedVinefangFantasy
v -0.517794 1.999334 5.115100
v -0.149039 1.614919 5.041483
v -0.002124 1.512948 5.798280
v -0.517794 1.999334 5.115100
v -0.002124 1.512948 5.798280
v -0.554908 2.069623 5.845672
v -0.149039 1.614919 5.041483
v 0.425683 1.761752 4.850673
v 0.845007 1.725579 5.540311
v -0.149039 1.614919 5.041483
v 0.845007 1.725579 5.540311
v -0.002124 1.512948 5.798280
v 0.425683 1.761752 4.850673
v 0.412126 2.236915 4.806362
v 0.815778 2.413666 5.428268
v 0.425683 1.761752 4.850673
v 0.815778 2.413666 5.428268
v 0.845007 1.725579 5.540311
v 0.412126 2.236915 4.806362
v -0.170975 2.383748 4.969787
v -0.049417 2.626297 5.616992
v 0.412126 2.236915 4.806362
v -0.049417 2.626297 5.616992
v 0.815778 2.413666 5.428268
v -0.170975 2.383748 4.969787
v -0.517794 1.999334 5.115100
v -0.554908 2.069623 5.845672
v -0.170975 2.383748 4.969787
v -0.554908 2.069623 5.845672
v -0.049417 2.626297 5.616992
v -0.554908 2.069623 5.845672
v -0.002124 1.512948 5.798280
v 0.223615 1.619088 7.137121
v -0.554908 2.069623 5.845672
v 0.223615 1.619088 7.137121
v -0.522171 2.332556 7.072341
v -0.002124 1.512948 5.798280
v 0.845007 1.725579 5.540311
v 1.351126 1.891609 6.836492
v -0.002124 1.512948 5.798280
v 1.351126 1.891609 6.836492
v 0.223615 1.619088 7.137121
v 0.845007 1.725579 5.540311
v 0.815778 2.413666 5.428268
v 1.302179 2.773503 6.585914
v 0.845007 1.725579 5.540311
v 1.302179 2.773503 6.585914
v 1.351126 1.891609 6.836492
v 0.815778 2.413666 5.428268
v -0.049417 2.626297 5.616992
v 0.144418 3.046023 6.731676
v 0.815778 2.413666 5.428268
v 0.144418 3.046023 6.731676
v 1.302179 2.773503 6.585914
v -0.049417 2.626297 5.616992
v -0.554908 2.069623 5.845672
v -0.522171 2.332556 7.072341
v -0.049417 2.626297 5.616992
v -0.522171 2.332556 7.072341
v 0.144418 3.046023 6.731676
v -0.522171 2.332556 7.072341
v 0.223615 1.619088 7.137121
v 0.469341 2.088587 9.334818
v -0.522171 2.332556 7.072341
v 0.469341 2.088587 9.334818
v -0.547600 3.040653 9.141381
v 0.223615 1.619088 7.137121
v 1.351126 1.891609 6.836492
v 2.017705 2.452244 8.979556
v 0.223615 1.619088 7.137121
v 2.017705 2.452244 8.979556
v 0.469341 2.088587 9.334818
v 1.351126 1.891609 6.836492
v 1.302179 2.773503 6.585914
v 1.957705 3.629062 8.566556
v 1.351126 1.891609 6.836492
v 1.957705 3.629062 8.566556
v 2.017705 2.452244 8.979556
v 1.302179 2.773503 6.585914
v 0.144418 3.046023 6.731676
v 0.372259 3.992719 8.666569
v 1.302179 2.773503 6.585914
v 0.372259 3.992719 8.666569
v 1.957705 3.629062 8.566556
v 0.144418 3.046023 6.731676
v -0.522171 2.332556 7.072341
v -0.547600 3.040653 9.141381
v 0.144418 3.046023 6.731676
v -0.547600 3.040653 9.141381
v 0.372259 3.992719 8.666569
v -0.547600 3.040653 9.141381
v 0.469341 2.088587 9.334818
v 0.599216 2.674783 11.647703
v -0.547600 3.040653 9.141381
v 0.599216 2.674783 11.647703
v -0.663083 3.873709 11.283041
v 0.469341 2.088587 9.334818
v 2.017705 2.452244 8.979556
v 2.587613 3.132732 11.356838
v 0.469341 2.088587 9.334818
v 2.587613 3.132732 11.356838
v 0.599216 2.674783 11.647703
v 2.017705 2.452244 8.979556
v 1.957705 3.629062 8.566556
v 2.554210 4.614686 10.812411
v 2.017705 2.452244 8.979556
v 2.554210 4.614686 10.812411
v 2.587613 3.132732 11.356838
v 1.957705 3.629062 8.566556
v 0.372259 3.992719 8.666569
v 0.545170 5.072635 10.766802
v 1.957705 3.629062 8.566556
v 0.545170 5.072635 10.766802
v 2.554210 4.614686 10.812411
v 0.372259 3.992719 8.666569
v -0.547600 3.040653 9.141381
v -0.663083 3.873709 11.283041
v 0.372259 3.992719 8.666569
v -0.663083 3.873709 11.283041
v 0.545170 5.072635 10.766802
v -0.663083 3.873709 11.283041
v 0.599216 2.674783 11.647703
v 0.616514 3.553533 13.437026
v -0.663083 3.873709 11.283041
v 0.616514 3.553533 13.437026
v -0.411967 4.558376 12.976468
v 0.599216 2.674783 11.647703
v 2.587613 3.132732 11.356838
v 2.322003 3.937349 13.367690
v 0.599216 2.674783 11.647703
v 2.322003 3.937349 13.367690
v 0.616514 3.553533 13.437026
v 2.587613 3.132732 11.356838
v 2.554210 4.614686 10.812411
v 2.347573 5.179404 12.864281
v 2.587613 3.132732 11.356838
v 2.347573 5.179404 12.864281
v 2.322003 3.937349 13.367690
v 2.554210 4.614686 10.812411
v 0.545170 5.072635 10.766802
v 0.657887 5.563220 12.622492
v 2.554210 4.614686 10.812411
v 0.657887 5.563220 12.622492
v 2.347573 5.179404 12.864281
v 0.545170 5.072635 10.766802
v -0.663083 3.873709 11.283041
v -0.411967 4.558376 12.976468
v 0.545170 5.072635 10.766802
v -0.411967 4.558376 12.976468
v 0.657887 5.563220 12.622492
v -0.411967 4.558376 12.976468
v 0.616514 3.553533 13.437026
v 0.476693 4.485029 14.890806
v -0.411967 4.558376 12.976468
v 0.476693 4.485029 14.890806
v -0.267270 5.206598 14.208285
v 0.616514 3.553533 13.437026
v 2.322003 3.937349 13.367690
v 1.885825 4.760644 14.969007
v 0.616514 3.553533 13.437026
v 1.885825 4.760644 14.969007
v 0.476693 4.485029 14.890806
v 2.322003 3.937349 13.367690
v 2.347573 5.179404 12.864281
v 2.012754 5.652552 14.334816
v 2.322003 3.937349 13.367690
v 2.012754 5.652552 14.334816
v 1.885825 4.760644 14.969007
v 2.347573 5.179404 12.864281
v 0.657887 5.563220 12.622492
v 0.682067 5.928167 13.864664
v 2.347573 5.179404 12.864281
v 0.682067 5.928167 13.864664
v 2.012754 5.652552 14.334816
v 0.657887 5.563220 12.622492
v -0.411967 4.558376 12.976468
v -0.267270 5.206598 14.208285
v 0.657887 5.563220 12.622492
v -0.267270 5.206598 14.208285
v 0.682067 5.928167 13.864664
v -0.267270 5.206598 14.208285
v 0.476693 4.485029 14.890806
v 0.303175 5.704945 15.063151
v -0.267270 5.206598 14.208285
v 0.303175 5.704945 15.063151
v 0.249290 5.914695 14.442118
v 0.476693 4.485029 14.890806
v 1.885825 4.760644 14.969007
v 0.959821 5.785062 15.441600
v 0.476693 4.485029 14.890806
v 0.959821 5.785062 15.441600
v 0.303175 5.704945 15.063151
v 1.885825 4.760644 14.969007
v 2.012754 5.652552 14.334816
v 1.311765 6.044328 15.054461
v 1.885825 4.760644 14.969007
v 1.311765 6.044328 15.054461
v 0.959821 5.785062 15.441600
v 2.012754 5.652552 14.334816
v 0.682067 5.928167 13.864664
v 0.872633 6.124445 14.436748
v 2.012754 5.652552 14.334816
v 0.872633 6.124445 14.436748
v 1.311765 6.044328 15.054461
v 0.682067 5.928167 13.864664
v -0.267270 5.206598 14.208285
v 0.249290 5.914695 14.442118
v 0.682067 5.928167 13.864664
v 0.249290 5.914695 14.442118
v 0.872633 6.124445 14.436748
v 0.249290 5.914695 14.442118
v 0.303175 5.704945 15.063151
v 0.488867 6.437708 14.894761
v 0.249290 5.914695 14.442118
v 0.488867 6.437708 14.894761
v 0.532428 6.456181 14.837270
v 0.303175 5.704945 15.063151
v 0.959821 5.785062 15.441600
v 0.518024 6.444764 14.975655
v 0.303175 5.704945 15.063151
v 0.518024 6.444764 14.975655
v 0.488867 6.437708 14.894761
v 0.959821 5.785062 15.441600
v 1.311765 6.044328 15.054461
v 0.579605 6.467598 14.968160
v 0.959821 5.785062 15.441600
v 0.579605 6.467598 14.968160
v 0.518024 6.444764 14.975655
v 1.311765 6.044328 15.054461
v 0.872633 6.124445 14.436748
v 0.588507 6.474654 14.882634
v 1.311765 6.044328 15.054461
v 0.588507 6.474654 14.882634
v 0.579605 6.467598 14.968160
v 0.872633 6.124445 14.436748
v 0.249290 5.914695 14.442118
v 0.532428 6.456181 14.837270
v 0.872633 6.124445 14.436748
v 0.532428 6.456181 14.837270
v 0.588507 6.474654 14.882634
v 0.000000 1.999334 4.956681
v -0.517794 1.999334 5.115100
v -0.149039 1.614919 5.041483
v 0.000000 1.999334 4.956681
v -0.149039 1.614919 5.041483
v 0.425683 1.761752 4.850673
v 0.000000 1.999334 4.956681
v 0.425683 1.761752 4.850673
v 0.412126 2.236915 4.806362
v 0.000000 1.999334 4.956681
v 0.412126 2.236915 4.806362
v -0.170975 2.383748 4.969787
v 0.000000 1.999334 4.956681
v -0.170975 2.383748 4.969787
v -0.517794 1.999334 5.115100
v 0.541486 6.456181 14.911696
v 0.532428 6.456181 14.837270
v 0.488867 6.437708 14.894761
v 0.541486 6.456181 14.911696
v 0.488867 6.437708 14.894761
v 0.518024 6.444764 14.975655
v 0.541486 6.456181 14.911696
v 0.518024 6.444764 14.975655
v 0.579605 6.467598 14.968160
v 0.541486 6.456181 14.911696
v 0.579605 6.467598 14.968160
v 0.588507 6.474654 14.882634
v 0.541486 6.456181 14.911696
v 0.588507 6.474654 14.882634
v 0.532428 6.456181 14.837270
vt 0.003906 0.746094
vt 0.052344 0.746094
vt 0.052344 0.715820
vt 0.003906 0.746094
vt 0.052344 0.715820
vt 0.003906 0.715820
vt 0.052344 0.746094
vt 0.100781 0.746094
vt 0.100781 0.715820
vt 0.052344 0.746094
vt 0.100781 0.715820
vt 0.052344 0.715820
vt 0.100781 0.746094
vt 0.149219 0.746094
vt 0.149219 0.715820
vt 0.100781 0.746094
vt 0.149219 0.715820
vt 0.100781 0.715820
vt 0.149219 0.746094
vt 0.197656 0.746094
vt 0.197656 0.715820
vt 0.149219 0.746094
vt 0.197656 0.715820
vt 0.149219 0.715820
vt 0.197656 0.746094
vt 0.246094 0.746094
vt 0.246094 0.715820
vt 0.197656 0.746094
vt 0.246094 0.715820
vt 0.197656 0.715820
vt 0.003906 0.715820
vt 0.052344 0.715820
vt 0.052344 0.685547
vt 0.003906 0.715820
vt 0.052344 0.685547
vt 0.003906 0.685547
vt 0.052344 0.715820
vt 0.100781 0.715820
vt 0.100781 0.685547
vt 0.052344 0.715820
vt 0.100781 0.685547
vt 0.052344 0.685547
vt 0.100781 0.715820
vt 0.149219 0.715820
vt 0.149219 0.685547
vt 0.100781 0.715820
vt 0.149219 0.685547
vt 0.100781 0.685547
vt 0.149219 0.715820
vt 0.197656 0.715820
vt 0.197656 0.685547
vt 0.149219 0.715820
vt 0.197656 0.685547
vt 0.149219 0.685547
vt 0.197656 0.715820
vt 0.246094 0.715820
vt 0.246094 0.685547
vt 0.197656 0.715820
vt 0.246094 0.685547
vt 0.197656 0.685547
vt 0.003906 0.685547
vt 0.052344 0.685547
vt 0.052344 0.655273
vt 0.003906 0.685547
vt 0.052344 0.655273
vt 0.003906 0.655273
vt 0.052344 0.685547
vt 0.100781 0.685547
vt 0.100781 0.655273
vt 0.052344 0.685547
vt 0.100781 0.655273
vt 0.052344 0.655273
vt 0.100781 0.685547
vt 0.149219 0.685547
vt 0.149219 0.655273
vt 0.100781 0.685547
vt 0.149219 0.655273
vt 0.100781 0.655273
vt 0.149219 0.685547
vt 0.197656 0.685547
vt 0.197656 0.655273
vt 0.149219 0.685547
vt 0.197656 0.655273
vt 0.149219 0.655273
vt 0.197656 0.685547
vt 0.246094 0.685547
vt 0.246094 0.655273
vt 0.197656 0.685547
vt 0.246094 0.655273
vt 0.197656 0.655273
vt 0.003906 0.655273
vt 0.052344 0.655273
vt 0.052344 0.625000
vt 0.003906 0.655273
vt 0.052344 0.625000
vt 0.003906 0.625000
vt 0.052344 0.655273
vt 0.100781 0.655273
vt 0.100781 0.625000
vt 0.052344 0.655273
vt 0.100781 0.625000
vt 0.052344 0.625000
vt 0.100781 0.655273
vt 0.149219 0.655273
vt 0.149219 0.625000
vt 0.100781 0.655273
vt 0.149219 0.625000
vt 0.100781 0.625000
vt 0.149219 0.655273
vt 0.197656 0.655273
vt 0.197656 0.625000
vt 0.149219 0.655273
vt 0.197656 0.625000
vt 0.149219 0.625000
vt 0.197656 0.655273
vt 0.246094 0.655273
vt 0.246094 0.625000
vt 0.197656 0.655273
vt 0.246094 0.625000
vt 0.197656 0.625000
vt 0.003906 0.625000
vt 0.052344 0.625000
vt 0.052344 0.594727
vt 0.003906 0.625000
vt 0.052344 0.594727
vt 0.003906 0.594727
vt 0.052344 0.625000
vt 0.100781 0.625000
vt 0.100781 0.594727
vt 0.052344 0.625000
vt 0.100781 0.594727
vt 0.052344 0.594727
vt 0.100781 0.625000
vt 0.149219 0.625000
vt 0.149219 0.594727
vt 0.100781 0.625000
vt 0.149219 0.594727
vt 0.100781 0.594727
vt 0.149219 0.625000
vt 0.197656 0.625000
vt 0.197656 0.594727
vt 0.149219 0.625000
vt 0.197656 0.594727
vt 0.149219 0.594727
vt 0.197656 0.625000
vt 0.246094 0.625000
vt 0.246094 0.594727
vt 0.197656 0.625000
vt 0.246094 0.594727
vt 0.197656 0.594727
vt 0.003906 0.594727
vt 0.052344 0.594727
vt 0.052344 0.564453
vt 0.003906 0.594727
vt 0.052344 0.564453
vt 0.003906 0.564453
vt 0.052344 0.594727
vt 0.100781 0.594727
vt 0.100781 0.564453
vt 0.052344 0.594727
vt 0.100781 0.564453
vt 0.052344 0.564453
vt 0.100781 0.594727
vt 0.149219 0.594727
vt 0.149219 0.564453
vt 0.100781 0.594727
vt 0.149219 0.564453
vt 0.100781 0.564453
vt 0.149219 0.594727
vt 0.197656 0.594727
vt 0.197656 0.564453
vt 0.149219 0.594727
vt 0.197656 0.564453
vt 0.149219 0.564453
vt 0.197656 0.594727
vt 0.246094 0.594727
vt 0.246094 0.564453
vt 0.197656 0.594727
vt 0.246094 0.564453
vt 0.197656 0.564453
vt 0.003906 0.564453
vt 0.052344 0.564453
vt 0.052344 0.534180
vt 0.003906 0.564453
vt 0.052344 0.534180
vt 0.003906 0.534180
vt 0.052344 0.564453
vt 0.100781 0.564453
vt 0.100781 0.534180
vt 0.052344 0.564453
vt 0.100781 0.534180
vt 0.052344 0.534180
vt 0.100781 0.564453
vt 0.149219 0.564453
vt 0.149219 0.534180
vt 0.100781 0.564453
vt 0.149219 0.534180
vt 0.100781 0.534180
vt 0.149219 0.564453
vt 0.197656 0.564453
vt 0.197656 0.534180
vt 0.149219 0.564453
vt 0.197656 0.534180
vt 0.149219 0.534180
vt 0.197656 0.564453
vt 0.246094 0.564453
vt 0.246094 0.534180
vt 0.197656 0.564453
vt 0.246094 0.534180
vt 0.197656 0.534180
vt 0.003906 0.534180
vt 0.052344 0.534180
vt 0.052344 0.503906
vt 0.003906 0.534180
vt 0.052344 0.503906
vt 0.003906 0.503906
vt 0.052344 0.534180
vt 0.100781 0.534180
vt 0.100781 0.503906
vt 0.052344 0.534180
vt 0.100781 0.503906
vt 0.052344 0.503906
vt 0.100781 0.534180
vt 0.149219 0.534180
vt 0.149219 0.503906
vt 0.100781 0.534180
vt 0.149219 0.503906
vt 0.100781 0.503906
vt 0.149219 0.534180
vt 0.197656 0.534180
vt 0.197656 0.503906
vt 0.149219 0.534180
vt 0.197656 0.503906
vt 0.149219 0.503906
vt 0.197656 0.534180
vt 0.246094 0.534180
vt 0.246094 0.503906
vt 0.197656 0.534180
vt 0.246094 0.503906
vt 0.197656 0.503906
vt 0.125000 0.625000
vt 0.003906 0.746094
vt 0.246094 0.503906
vt 0.125000 0.625000
vt 0.003906 0.746094
vt 0.246094 0.503906
vt 0.125000 0.625000
vt 0.003906 0.746094
vt 0.246094 0.503906
vt 0.125000 0.625000
vt 0.003906 0.746094
vt 0.246094 0.503906
vt 0.125000 0.625000
vt 0.003906 0.746094
vt 0.246094 0.503906
vt 0.125000 0.625000
vt 0.003906 0.746094
vt 0.246094 0.503906
vt 0.125000 0.625000
vt 0.003906 0.746094
vt 0.246094 0.503906
vt 0.125000 0.625000
vt 0.003906 0.746094
vt 0.246094 0.503906
vt 0.125000 0.625000
vt 0.003906 0.746094
vt 0.246094 0.503906
vt 0.125000 0.625000
vt 0.003906 0.746094
vt 0.246094 0.503906
vn -0.716562 -0.696050 0.045319
vn -0.716562 -0.696050 0.045319
vn -0.716562 -0.696050 0.045319
vn -0.707860 -0.705631 0.031930
vn -0.707860 -0.705631 0.031930
vn -0.707860 -0.705631 0.031930
vn 0.191573 -0.967130 -0.167212
vn 0.191573 -0.967130 -0.167212
vn 0.191573 -0.967130 -0.167212
vn 0.191717 -0.967048 -0.167518
vn 0.191717 -0.967048 -0.167518
vn 0.191717 -0.967048 -0.167518
vn 0.841906 -0.026242 -0.538986
vn 0.841906 -0.026242 -0.538986
vn 0.841906 -0.026242 -0.538986
vn 0.852306 -0.048596 -0.520781
vn 0.852306 -0.048596 -0.520781
vn 0.852306 -0.048596 -0.520781
vn 0.128353 0.920494 -0.369076
vn 0.128353 0.920494 -0.369076
vn 0.128353 0.920494 -0.369076
vn 0.148379 0.921749 -0.358277
vn 0.148379 0.921749 -0.358277
vn 0.148379 0.921749 -0.358277
vn -0.757325 0.645250 -0.100553
vn -0.757325 0.645250 -0.100553
vn -0.757325 0.645250 -0.100553
vn -0.756710 0.646058 -0.099994
vn -0.756710 0.646058 -0.099994
vn -0.756710 0.646058 -0.099994
vn -0.691610 -0.701438 0.172219
vn -0.691610 -0.701438 0.172219
vn -0.691610 -0.701438 0.172219
vn -0.688926 -0.704748 0.169446
vn -0.688926 -0.704748 0.169446
vn -0.688926 -0.704748 0.169446
vn 0.250813 -0.967686 0.026017
vn 0.250813 -0.967686 0.026017
vn 0.250813 -0.967686 0.026017
vn 0.243777 -0.969173 0.035731
vn 0.243777 -0.969173 0.035731
vn 0.243777 -0.969173 0.035731
vn 0.924201 -0.022817 -0.381224
vn 0.924201 -0.022817 -0.381224
vn 0.924201 -0.022817 -0.381224
vn 0.932495 -0.049887 -0.357721
vn 0.932495 -0.049887 -0.357721
vn 0.932495 -0.049887 -0.357721
vn 0.144634 0.917457 -0.370612
vn 0.144634 0.917457 -0.370612
vn 0.144634 0.917457 -0.370612
vn 0.171140 0.918174 -0.357307
vn 0.171140 0.918174 -0.357307
vn 0.171140 0.918174 -0.357307
vn -0.758697 0.640830 -0.117112
vn -0.758697 0.640830 -0.117112
vn -0.758697 0.640830 -0.117112
vn -0.752435 0.648819 -0.113466
vn -0.752435 0.648819 -0.113466
vn -0.752435 0.648819 -0.113466
vn -0.683712 -0.694275 0.224766
vn -0.683712 -0.694275 0.224766
vn -0.683712 -0.694275 0.224766
vn -0.688239 -0.688950 0.227324
vn -0.688239 -0.688950 0.227324
vn -0.688239 -0.688950 0.227324
vn 0.272690 -0.948155 0.163224
vn 0.272690 -0.948155 0.163224
vn 0.272690 -0.948155 0.163224
vn 0.262711 -0.949166 0.173398
vn 0.262711 -0.949166 0.173398
vn 0.262711 -0.949166 0.173398
vn 0.952977 -0.032711 -0.301273
vn 0.952977 -0.032711 -0.301273
vn 0.952977 -0.032711 -0.301273
vn 0.957340 -0.051009 -0.284427
vn 0.957340 -0.051009 -0.284427
vn 0.957340 -0.051009 -0.284427
vn 0.150841 0.880842 -0.448737
vn 0.150841 0.880842 -0.448737
vn 0.150841 0.880842 -0.448737
vn 0.174544 0.881581 -0.438576
vn 0.174544 0.881581 -0.438576
vn 0.174544 0.881581 -0.438576
vn -0.762871 0.608788 -0.217724
vn -0.762871 0.608788 -0.217724
vn -0.762871 0.608788 -0.217724
vn -0.753741 0.620981 -0.215075
vn -0.753741 0.620981 -0.215075
vn -0.753741 0.620981 -0.215075
vn -0.688980 -0.692412 0.214178
vn -0.688980 -0.692412 0.214178
vn -0.688980 -0.692412 0.214178
vn -0.704414 -0.673517 0.223999
vn -0.704414 -0.673517 0.223999
vn -0.704414 -0.673517 0.223999
vn 0.268146 -0.941281 0.205155
vn 0.268146 -0.941281 0.205155
vn 0.268146 -0.941281 0.205155
vn 0.249791 -0.941870 0.224689
vn 0.249791 -0.941870 0.224689
vn 0.249791 -0.941870 0.224689
vn 0.969636 -0.035481 -0.241967
vn 0.969636 -0.035481 -0.241967
vn 0.969636 -0.035481 -0.241967
vn 0.974446 -0.057780 -0.217065
vn 0.974446 -0.057780 -0.217065
vn 0.974446 -0.057780 -0.217065
vn 0.170550 0.870513 -0.461649
vn 0.170550 0.870513 -0.461649
vn 0.170550 0.870513 -0.461649
vn 0.209143 0.873794 -0.439025
vn 0.209143 0.873794 -0.439025
vn 0.209143 0.873794 -0.439025
vn -0.756275 0.594942 -0.272198
vn -0.756275 0.594942 -0.272198
vn -0.756275 0.594942 -0.272198
vn -0.733853 0.626802 -0.261877
vn -0.733853 0.626802 -0.261877
vn -0.733853 0.626802 -0.261877
vn -0.699378 -0.638861 0.320510
vn -0.699378 -0.638861 0.320510
vn -0.699378 -0.638861 0.320510
vn -0.730336 -0.588773 0.346347
vn -0.730336 -0.588773 0.346347
vn -0.730336 -0.588773 0.346347
vn 0.260384 -0.884053 0.388136
vn 0.260384 -0.884053 0.388136
vn 0.260384 -0.884053 0.388136
vn 0.214901 -0.877446 0.428843
vn 0.214901 -0.877446 0.428843
vn 0.214901 -0.877446 0.428843
vn 0.994895 0.053793 0.085387
vn 0.994895 0.053793 0.085387
vn 0.994895 0.053793 0.085387
vn 0.992396 0.028135 0.119825
vn 0.992396 0.028135 0.119825
vn 0.992396 0.028135 0.119825
vn 0.220138 0.939683 -0.261793
vn 0.220138 0.939683 -0.261793
vn 0.220138 0.939683 -0.261793
vn 0.247073 0.940339 -0.233919
vn 0.247073 0.940339 -0.233919
vn 0.247073 0.940339 -0.233919
vn -0.728975 0.665359 -0.160912
vn -0.728975 0.665359 -0.160912
vn -0.728975 0.665359 -0.160912
vn -0.702218 0.697699 -0.141796
vn -0.702218 0.697699 -0.141796
vn -0.702218 0.697699 -0.141796
vn -0.731630 -0.603777 0.316498
vn -0.731630 -0.603777 0.316498
vn -0.731630 -0.603777 0.316498
vn -0.797720 -0.489962 0.351539
vn -0.797720 -0.489962 0.351539
vn -0.797720 -0.489962 0.351539
vn 0.210160 -0.845022 0.491701
vn 0.210160 -0.845022 0.491701
vn 0.210160 -0.845022 0.491701
vn 0.131934 -0.828816 0.543745
vn 0.131934 -0.828816 0.543745
vn 0.131934 -0.828816 0.543745
vn 0.977303 0.061985 0.202574
vn 0.977303 0.061985 0.202574
vn 0.977303 0.061985 0.202574
vn 0.968800 0.036444 0.245151
vn 0.968800 0.036444 0.245151
vn 0.968800 0.036444 0.245151
vn 0.250390 0.927556 -0.277388
vn 0.250390 0.927556 -0.277388
vn 0.250390 0.927556 -0.277388
vn 0.276546 0.931391 -0.236712
vn 0.276546 0.931391 -0.236712
vn 0.276546 0.931391 -0.236712
vn -0.705305 0.658122 -0.263475
vn -0.705305 0.658122 -0.263475
vn -0.705305 0.658122 -0.263475
vn -0.638270 0.741867 -0.205534
vn -0.638270 0.741867 -0.205534
vn -0.638270 0.741867 -0.205534
vn -0.759233 -0.195682 0.620704
vn -0.759233 -0.195682 0.620704
vn -0.759233 -0.195682 0.620704
vn -0.819948 0.516999 0.245758
vn -0.819948 0.516999 0.245758
vn -0.819948 0.516999 0.245758
vn 0.027061 -0.398475 0.916780
vn 0.027061 -0.398475 0.916780
vn 0.027061 -0.398475 0.916780
vn -0.472957 -0.188855 0.860608
vn -0.472957 -0.188855 0.860608
vn -0.472957 -0.188855 0.860608
vn 0.759824 0.301446 0.576018
vn 0.759824 0.301446 0.576018
vn 0.759824 0.301446 0.576018
vn 0.635555 0.235268 0.735336
vn 0.635555 0.235268 0.735336
vn 0.635555 0.235268 0.735336
vn 0.319504 0.858557 -0.400994
vn 0.319504 0.858557 -0.400994
vn 0.319504 0.858557 -0.400994
vn 0.367670 0.919023 -0.142179
vn 0.367670 0.919023 -0.142179
vn 0.367670 0.919023 -0.142179
vn -0.636507 0.617110 -0.462638
vn -0.636507 0.617110 -0.462638
vn -0.636507 0.617110 -0.462638
vn -0.313240 0.925440 -0.213170
vn -0.313240 0.925440 -0.213170
vn -0.313240 0.925440 -0.213170
vn -0.943757 0.279686 0.176350
vn -0.943757 0.279686 0.176350
vn -0.943757 0.279686 0.176350
vn -0.709302 0.618139 -0.338815
vn -0.709302 0.618139 -0.338815
vn -0.709302 0.618139 -0.338815
vn -0.506394 0.244844 0.826811
vn -0.506394 0.244844 0.826811
vn -0.506394 0.244844 0.826811
vn -0.905851 0.298599 0.300453
vn -0.905851 0.298599 0.300453
vn -0.905851 0.298599 0.300453
vn 0.292943 0.649741 0.701442
vn 0.292943 0.649741 0.701442
vn 0.292943 0.649741 0.701442
vn -0.094541 0.531308 0.841887
vn -0.094541 0.531308 0.841887
vn -0.094541 0.531308 0.841887
vn 0.539132 0.794224 -0.280258
vn 0.539132 0.794224 -0.280258
vn 0.539132 0.794224 -0.280258
vn 0.485942 0.865437 0.121978
vn 0.485942 0.865437 0.121978
vn 0.485942 0.865437 0.121978
vn -0.224413 0.648291 -0.727570
vn -0.224413 0.648291 -0.727570
vn -0.224413 0.648291 -0.727570
vn 0.166385 0.824192 -0.541317
vn 0.166385 0.824192 -0.541317
vn 0.166385 0.824192 -0.541317
vn 0.291181 0.097060 0.951731
vn 0.291181 0.097060 0.951731
vn 0.291181 0.097060 0.951731
vn 0.291181 0.097060 0.951731
vn 0.291181 0.097060 0.951731
vn 0.291181 0.097060 0.951731
vn 0.291181 0.097060 0.951731
vn 0.291181 0.097060 0.951731
vn 0.291181 0.097060 0.951731
vn 0.291181 0.097060 0.951731
vn 0.291181 0.097060 0.951731
vn 0.291181 0.097060 0.951731
vn 0.291181 0.097060 0.951731
vn 0.291181 0.097060 0.951731
vn 0.291181 0.097060 0.951731
vn -0.342894 0.938447 0.041734
vn -0.342894 0.938447 0.041734
vn -0.342894 0.938447 0.041734
vn -0.342894 0.938447 0.041734
vn -0.342894 0.938447 0.041734
vn -0.342894 0.938447 0.041734
vn -0.342894 0.938447 0.041734
vn -0.342894 0.938447 0.041734
vn -0.342894 0.938447 0.041734
vn -0.342894 0.938447 0.041734
vn -0.342894 0.938447 0.041734
vn -0.342894 0.938447 0.041734
vn -0.342894 0.938447 0.041734
vn -0.342894 0.938447 0.041734
vn -0.342894 0.938447 0.041734
f 5191/5191/5191 5192/5192/5192 5193/5193/5193
f 5194/5194/5194 5195/5195/5195 5196/5196/5196
f 5197/5197/5197 5198/5198/5198 5199/5199/5199
f 5200/5200/5200 5201/5201/5201 5202/5202/5202
f 5203/5203/5203 5204/5204/5204 5205/5205/5205
f 5206/5206/5206 5207/5207/5207 5208/5208/5208
f 5209/5209/5209 5210/5210/5210 5211/5211/5211
f 5212/5212/5212 5213/5213/5213 5214/5214/5214
f 5215/5215/5215 5216/5216/5216 5217/5217/5217
f 5218/5218/5218 5219/5219/5219 5220/5220/5220
f 5221/5221/5221 5222/5222/5222 5223/5223/5223
f 5224/5224/5224 5225/5225/5225 5226/5226/5226
f 5227/5227/5227 5228/5228/5228 5229/5229/5229
f 5230/5230/5230 5231/5231/5231 5232/5232/5232
f 5233/5233/5233 5234/5234/5234 5235/5235/5235
f 5236/5236/5236 5237/5237/5237 5238/5238/5238
f 5239/5239/5239 5240/5240/5240 5241/5241/5241
f 5242/5242/5242 5243/5243/5243 5244/5244/5244
f 5245/5245/5245 5246/5246/5246 5247/5247/5247
f 5248/5248/5248 5249/5249/5249 5250/5250/5250
f 5251/5251/5251 5252/5252/5252 5253/5253/5253
f 5254/5254/5254 5255/5255/5255 5256/5256/5256
f 5257/5257/5257 5258/5258/5258 5259/5259/5259
f 5260/5260/5260 5261/5261/5261 5262/5262/5262
f 5263/5263/5263 5264/5264/5264 5265/5265/5265
f 5266/5266/5266 5267/5267/5267 5268/5268/5268
f 5269/5269/5269 5270/5270/5270 5271/5271/5271
f 5272/5272/5272 5273/5273/5273 5274/5274/5274
f 5275/5275/5275 5276/5276/5276 5277/5277/5277
f 5278/5278/5278 5279/5279/5279 5280/5280/5280
f 5281/5281/5281 5282/5282/5282 5283/5283/5283
f 5284/5284/5284 5285/5285/5285 5286/5286/5286
f 5287/5287/5287 5288/5288/5288 5289/5289/5289
f 5290/5290/5290 5291/5291/5291 5292/5292/5292
f 5293/5293/5293 5294/5294/5294 5295/5295/5295
f 5296/5296/5296 5297/5297/5297 5298/5298/5298
f 5299/5299/5299 5300/5300/5300 5301/5301/5301
f 5302/5302/5302 5303/5303/5303 5304/5304/5304
f 5305/5305/5305 5306/5306/5306 5307/5307/5307
f 5308/5308/5308 5309/5309/5309 5310/5310/5310
f 5311/5311/5311 5312/5312/5312 5313/5313/5313
f 5314/5314/5314 5315/5315/5315 5316/5316/5316
f 5317/5317/5317 5318/5318/5318 5319/5319/5319
f 5320/5320/5320 5321/5321/5321 5322/5322/5322
f 5323/5323/5323 5324/5324/5324 5325/5325/5325
f 5326/5326/5326 5327/5327/5327 5328/5328/5328
f 5329/5329/5329 5330/5330/5330 5331/5331/5331
f 5332/5332/5332 5333/5333/5333 5334/5334/5334
f 5335/5335/5335 5336/5336/5336 5337/5337/5337
f 5338/5338/5338 5339/5339/5339 5340/5340/5340
f 5341/5341/5341 5342/5342/5342 5343/5343/5343
f 5344/5344/5344 5345/5345/5345 5346/5346/5346
f 5347/5347/5347 5348/5348/5348 5349/5349/5349
f 5350/5350/5350 5351/5351/5351 5352/5352/5352
f 5353/5353/5353 5354/5354/5354 5355/5355/5355
f 5356/5356/5356 5357/5357/5357 5358/5358/5358
f 5359/5359/5359 5360/5360/5360 5361/5361/5361
f 5362/5362/5362 5363/5363/5363 5364/5364/5364
f 5365/5365/5365 5366/5366/5366 5367/5367/5367
f 5368/5368/5368 5369/5369/5369 5370/5370/5370
f 5371/5371/5371 5372/5372/5372 5373/5373/5373
f 5374/5374/5374 5375/5375/5375 5376/5376/5376
f 5377/5377/5377 5378/5378/5378 5379/5379/5379
f 5380/5380/5380 5381/5381/5381 5382/5382/5382
f 5383/5383/5383 5384/5384/5384 5385/5385/5385
f 5386/5386/5386 5387/5387/5387 5388/5388/5388
f 5389/5389/5389 5390/5390/5390 5391/5391/5391
f 5392/5392/5392 5393/5393/5393 5394/5394/5394
f 5395/5395/5395 5396/5396/5396 5397/5397/5397
f 5398/5398/5398 5399/5399/5399 5400/5400/5400
f 5401/5401/5401 5402/5402/5402 5403/5403/5403
f 5404/5404/5404 5405/5405/5405 5406/5406/5406
f 5407/5407/5407 5408/5408/5408 5409/5409/5409
f 5410/5410/5410 5411/5411/5411 5412/5412/5412
f 5413/5413/5413 5414/5414/5414 5415/5415/5415
f 5416/5416/5416 5417/5417/5417 5418/5418/5418
f 5419/5419/5419 5420/5420/5420 5421/5421/5421
f 5422/5422/5422 5423/5423/5423 5424/5424/5424
f 5425/5425/5425 5426/5426/5426 5427/5427/5427
f 5428/5428/5428 5429/5429/5429 5430/5430/5430
f 5431/5431/5431 5432/5432/5432 5433/5433/5433
f 5434/5434/5434 5435/5435/5435 5436/5436/5436
f 5437/5437/5437 5438/5438/5438 5439/5439/5439
f 5440/5440/5440 5441/5441/5441 5442/5442/5442
f 5443/5443/5443 5444/5444/5444 5445/5445/5445
f 5446/5446/5446 5447/5447/5447 5448/5448/5448
f 5449/5449/5449 5450/5450/5450 5451/5451/5451
f 5452/5452/5452 5453/5453/5453 5454/5454/5454
f 5455/5455/5455 5456/5456/5456 5457/5457/5457
f 5458/5458/5458 5459/5459/5459 5460/5460/5460
o TailPlume-1
usemtl PaintedVinefangFantasy
v 0.118706 2.332556 6.549328
v 0.296079 2.001722 6.874112
v -0.801719 2.321533 7.999331
v 0.118706 2.332556 6.549328
v -0.801719 2.321533 7.999331
v -1.162873 2.920901 7.450445
v 0.296079 2.001722 6.874112
v 0.755034 2.128089 7.196957
v 0.048584 2.550471 8.534665
v 0.296079 2.001722 6.874112
v 0.048584 2.550471 8.534665
v -0.801719 2.321533 7.999331
v 0.755034 2.128089 7.196957
v 0.861310 2.537022 7.071703
v 0.212946 3.291331 8.316633
v 0.755034 2.128089 7.196957
v 0.212946 3.291331 8.316633
v 0.048584 2.550471 8.534665
v 0.861310 2.537022 7.071703
v 0.468038 2.663389 6.671446
v -0.535775 3.520270 7.646548
v 0.861310 2.537022 7.071703
v -0.535775 3.520270 7.646548
v 0.212946 3.291331 8.316633
v 0.468038 2.663389 6.671446
v 0.118706 2.332556 6.549328
v -1.162873 2.920901 7.450445
v 0.468038 2.663389 6.671446
v -1.162873 2.920901 7.450445
v -0.535775 3.520270 7.646548
v -1.162873 2.920901 7.450445
v -0.801719 2.321533 7.999331
v -1.998911 2.689227 9.606042
v -1.162873 2.920901 7.450445
v -1.998911 2.689227 9.606042
v -2.699023 3.582139 9.008627
v -0.801719 2.321533 7.999331
v 0.048584 2.550471 8.534665
v -0.666193 3.030289 10.167661
v -0.801719 2.321533 7.999331
v -0.666193 3.030289 10.167661
v -1.998911 2.689227 9.606042
v 0.048584 2.550471 8.534665
v 0.212946 3.291331 8.316633
v -0.542639 4.133990 9.917346
v 0.048584 2.550471 8.534665
v -0.542639 4.133990 9.917346
v -0.666193 3.030289 10.167661
v 0.212946 3.291331 8.316633
v -0.535775 3.520270 7.646548
v -1.798998 4.475052 9.201023
v 0.212946 3.291331 8.316633
v -1.798998 4.475052 9.201023
v -0.542639 4.133990 9.917346
v -0.535775 3.520270 7.646548
v -1.162873 2.920901 7.450445
v -2.699023 3.582139 9.008627
v -0.535775 3.520270 7.646548
v -2.699023 3.582139 9.008627
v -1.798998 4.475052 9.201023
v -2.699023 3.582139 9.008627
v -1.998911 2.689227 9.606042
v -2.470384 3.478556 11.650124
v -2.699023 3.582139 9.008627
v -2.470384 3.478556 11.650124
v -2.892808 3.951808 11.447339
v -1.998911 2.689227 9.606042
v -0.666193 3.030289 10.167661
v -1.745958 3.659322 11.845214
v -1.998911 2.689227 9.606042
v -1.745958 3.659322 11.845214
v -2.470384 3.478556 11.650124
v -0.666193 3.030289 10.167661
v -0.542639 4.133990 9.917346
v -1.720662 4.244294 11.763002
v -0.666193 3.030289 10.167661
v -1.720662 4.244294 11.763002
v -1.745958 3.659322 11.845214
v -0.542639 4.133990 9.917346
v -1.798998 4.475052 9.201023
v -2.429455 4.425060 11.517102
v -0.542639 4.133990 9.917346
v -2.429455 4.425060 11.517102
v -1.720662 4.244294 11.763002
v -1.798998 4.475052 9.201023
v -2.699023 3.582139 9.008627
v -2.892808 3.951808 11.447339
v -1.798998 4.475052 9.201023
v -2.892808 3.951808 11.447339
v -2.429455 4.425060 11.517102
v -2.892808 3.951808 11.447339
v -2.470384 3.478556 11.650124
v -2.723445 4.129878 13.370694
v -2.892808 3.951808 11.447339
v -2.723445 4.129878 13.370694
v -2.755759 4.165278 13.357787
v -2.470384 3.478556 11.650124
v -1.745958 3.659322 11.845214
v -2.669000 4.143400 13.383393
v -2.470384 3.478556 11.650124
v -2.669000 4.143400 13.383393
v -2.723445 4.129878 13.370694
v -1.745958 3.659322 11.845214
v -1.720662 4.244294 11.763002
v -2.667665 4.187157 13.378333
v -1.745958 3.659322 11.845214
v -2.667665 4.187157 13.378333
v -2.669000 4.143400 13.383393
v -1.720662 4.244294 11.763002
v -2.429455 4.425060 11.517102
v -2.721285 4.200679 13.362508
v -1.720662 4.244294 11.763002
v -2.721285 4.200679 13.362508
v -2.667665 4.187157 13.378333
v -2.429455 4.425060 11.517102
v -2.892808 3.951808 11.447339
v -2.755759 4.165278 13.357787
v -2.429455 4.425060 11.517102
v -2.755759 4.165278 13.357787
v -2.721285 4.200679 13.362508
v 0.499833 2.332556 6.872709
v 0.118706 2.332556 6.549328
v 0.296079 2.001722 6.874112
v 0.499833 2.332556 6.872709
v 0.296079 2.001722 6.874112
v 0.755034 2.128089 7.196957
v 0.499833 2.332556 6.872709
v 0.755034 2.128089 7.196957
v 0.861310 2.537022 7.071703
v 0.499833 2.332556 6.872709
v 0.861310 2.537022 7.071703
v 0.468038 2.663389 6.671446
v 0.499833 2.332556 6.872709
v 0.468038 2.663389 6.671446
v 0.118706 2.332556 6.549328
v -2.707431 4.165278 13.370543
v -2.755759 4.165278 13.357787
v -2.723445 4.129878 13.370694
v -2.707431 4.165278 13.370543
v -2.723445 4.129878 13.370694
v -2.669000 4.143400 13.383393
v -2.707431 4.165278 13.370543
v -2.669000 4.143400 13.383393
v -2.667665 4.187157 13.378333
v -2.707431 4.165278 13.370543
v -2.667665 4.187157 13.378333
v -2.721285 4.200679 13.362508
v -2.707431 4.165278 13.370543
v -2.721285 4.200679 13.362508
v -2.755759 4.165278 13.357787
vt 0.003906 0.996094
vt 0.052344 0.996094
vt 0.052344 0.935547
vt 0.003906 0.996094
vt 0.052344 0.935547
vt 0.003906 0.935547
vt 0.052344 0.996094
vt 0.100781 0.996094
vt 0.100781 0.935547
vt 0.052344 0.996094
vt 0.100781 0.935547
vt 0.052344 0.935547
vt 0.100781 0.996094
vt 0.149219 0.996094
vt 0.149219 0.935547
vt 0.100781 0.996094
vt 0.149219 0.935547
vt 0.100781 0.935547
vt 0.149219 0.996094
vt 0.197656 0.996094
vt 0.197656 0.935547
vt 0.149219 0.996094
vt 0.197656 0.935547
vt 0.149219 0.935547
vt 0.197656 0.996094
vt 0.246094 0.996094
vt 0.246094 0.935547
vt 0.197656 0.996094
vt 0.246094 0.935547
vt 0.197656 0.935547
vt 0.003906 0.935547
vt 0.052344 0.935547
vt 0.052344 0.875000
vt 0.003906 0.935547
vt 0.052344 0.875000
vt 0.003906 0.875000
vt 0.052344 0.935547
vt 0.100781 0.935547
vt 0.100781 0.875000
vt 0.052344 0.935547
vt 0.100781 0.875000
vt 0.052344 0.875000
vt 0.100781 0.935547
vt 0.149219 0.935547
vt 0.149219 0.875000
vt 0.100781 0.935547
vt 0.149219 0.875000
vt 0.100781 0.875000
vt 0.149219 0.935547
vt 0.197656 0.935547
vt 0.197656 0.875000
vt 0.149219 0.935547
vt 0.197656 0.875000
vt 0.149219 0.875000
vt 0.197656 0.935547
vt 0.246094 0.935547
vt 0.246094 0.875000
vt 0.197656 0.935547
vt 0.246094 0.875000
vt 0.197656 0.875000
vt 0.003906 0.875000
vt 0.052344 0.875000
vt 0.052344 0.814453
vt 0.003906 0.875000
vt 0.052344 0.814453
vt 0.003906 0.814453
vt 0.052344 0.875000
vt 0.100781 0.875000
vt 0.100781 0.814453
vt 0.052344 0.875000
vt 0.100781 0.814453
vt 0.052344 0.814453
vt 0.100781 0.875000
vt 0.149219 0.875000
vt 0.149219 0.814453
vt 0.100781 0.875000
vt 0.149219 0.814453
vt 0.100781 0.814453
vt 0.149219 0.875000
vt 0.197656 0.875000
vt 0.197656 0.814453
vt 0.149219 0.875000
vt 0.197656 0.814453
vt 0.149219 0.814453
vt 0.197656 0.875000
vt 0.246094 0.875000
vt 0.246094 0.814453
vt 0.197656 0.875000
vt 0.246094 0.814453
vt 0.197656 0.814453
vt 0.003906 0.814453
vt 0.052344 0.814453
vt 0.052344 0.753906
vt 0.003906 0.814453
vt 0.052344 0.753906
vt 0.003906 0.753906
vt 0.052344 0.814453
vt 0.100781 0.814453
vt 0.100781 0.753906
vt 0.052344 0.814453
vt 0.100781 0.753906
vt 0.052344 0.753906
vt 0.100781 0.814453
vt 0.149219 0.814453
vt 0.149219 0.753906
vt 0.100781 0.814453
vt 0.149219 0.753906
vt 0.100781 0.753906
vt 0.149219 0.814453
vt 0.197656 0.814453
vt 0.197656 0.753906
vt 0.149219 0.814453
vt 0.197656 0.753906
vt 0.149219 0.753906
vt 0.197656 0.814453
vt 0.246094 0.814453
vt 0.246094 0.753906
vt 0.197656 0.814453
vt 0.246094 0.753906
vt 0.197656 0.753906
vt 0.125000 0.875000
vt 0.003906 0.996094
vt 0.246094 0.753906
vt 0.125000 0.875000
vt 0.003906 0.996094
vt 0.246094 0.753906
vt 0.125000 0.875000
vt 0.003906 0.996094
vt 0.246094 0.753906
vt 0.125000 0.875000
vt 0.003906 0.996094
vt 0.246094 0.753906
vt 0.125000 0.875000
vt 0.003906 0.996094
vt 0.246094 0.753906
vt 0.125000 0.875000
vt 0.003906 0.996094
vt 0.246094 0.753906
vt 0.125000 0.875000
vt 0.003906 0.996094
vt 0.246094 0.753906
vt 0.125000 0.875000
vt 0.003906 0.996094
vt 0.246094 0.753906
vt 0.125000 0.875000
vt 0.003906 0.996094
vt 0.246094 0.753906
vt 0.125000 0.875000
vt 0.003906 0.996094
vt 0.246094 0.753906
vn -0.599915 -0.700714 -0.386137
vn -0.599915 -0.700714 -0.386137
vn -0.599915 -0.700714 -0.386137
vn -0.593831 -0.707946 -0.382331
vn -0.593831 -0.707946 -0.382331
vn -0.593831 -0.707946 -0.382331
vn 0.036761 -0.947211 0.318496
vn 0.036761 -0.947211 0.318496
vn 0.036761 -0.947211 0.318496
vn 0.052909 -0.945792 0.320434
vn 0.052909 -0.945792 0.320434
vn 0.052909 -0.945792 0.320434
vn 0.865659 -0.073284 0.495241
vn 0.865659 -0.073284 0.495241
vn 0.865659 -0.073284 0.495241
vn 0.875970 -0.053247 0.479417
vn 0.875970 -0.053247 0.479417
vn 0.875970 -0.053247 0.479417
vn 0.497491 0.837983 -0.224246
vn 0.497491 0.837983 -0.224246
vn 0.497491 0.837983 -0.224246
vn 0.484149 0.837004 -0.254998
vn 0.484149 0.837004 -0.254998
vn 0.484149 0.837004 -0.254998
vn -0.276517 0.575944 -0.769303
vn -0.276517 0.575944 -0.769303
vn -0.276517 0.575944 -0.769303
vn -0.285712 0.554628 -0.781509
vn -0.285712 0.554628 -0.781509
vn -0.285712 0.554628 -0.781509
vn -0.648138 -0.688511 -0.325376
vn -0.648138 -0.688511 -0.325376
vn -0.648138 -0.688511 -0.325376
vn -0.629553 -0.707886 -0.320250
vn -0.629553 -0.707886 -0.320250
vn -0.629553 -0.707886 -0.320250
vn 0.062737 -0.949790 0.306534
vn 0.062737 -0.949790 0.306534
vn 0.062737 -0.949790 0.306534
vn 0.114852 -0.946319 0.302142
vn 0.114852 -0.946319 0.302142
vn 0.114852 -0.946319 0.302142
vn 0.889078 -0.063846 0.453282
vn 0.889078 -0.063846 0.453282
vn 0.889078 -0.063846 0.453282
vn 0.914856 -0.010870 0.403634
vn 0.914856 -0.010870 0.403634
vn 0.914856 -0.010870 0.403634
vn 0.436042 0.880407 -0.186416
vn 0.436042 0.880407 -0.186416
vn 0.436042 0.880407 -0.186416
vn 0.394822 0.876605 -0.275100
vn 0.394822 0.876605 -0.275100
vn 0.394822 0.876605 -0.275100
vn -0.398933 0.634111 -0.662386
vn -0.398933 0.634111 -0.662386
vn -0.398933 0.634111 -0.662386
vn -0.423253 0.577114 -0.698424
vn -0.423253 0.577114 -0.698424
vn -0.423253 0.577114 -0.698424
vn -0.800795 -0.597177 0.045896
vn -0.800795 -0.597177 0.045896
vn -0.800795 -0.597177 0.045896
vn -0.753805 -0.655908 0.039526
vn -0.753805 -0.655908 0.039526
vn -0.753805 -0.655908 0.039526
vn 0.070709 -0.918180 0.389803
vn 0.070709 -0.918180 0.389803
vn 0.070709 -0.918180 0.389803
vn 0.125438 -0.915431 0.382429
vn 0.125438 -0.915431 0.382429
vn 0.125438 -0.915431 0.382429
vn 0.843359 0.027303 0.536657
vn 0.843359 0.027303 0.536657
vn 0.843359 0.027303 0.536657
vn 0.846687 0.037976 0.530735
vn 0.846687 0.037976 0.530735
vn 0.846687 0.037976 0.530735
vn 0.218194 0.972589 0.080387
vn 0.218194 0.972589 0.080387
vn 0.218194 0.972589 0.080387
vn 0.219489 0.972163 0.081992
vn 0.219489 0.972163 0.081992
vn 0.219489 0.972163 0.081992
vn -0.677191 0.717619 -0.162590
vn -0.677191 0.717619 -0.162590
vn -0.677191 0.717619 -0.162590
vn -0.690913 0.701953 -0.172921
vn -0.690913 0.701953 -0.172921
vn -0.690913 0.701953 -0.172921
vn -0.766279 -0.630071 0.125809
vn -0.766279 -0.630071 0.125809
vn -0.766279 -0.630071 0.125809
vn -0.755141 -0.643329 0.126056
vn -0.755141 -0.643329 0.126056
vn -0.755141 -0.643329 0.126056
vn 0.130588 -0.920579 0.368078
vn 0.130588 -0.920579 0.368078
vn 0.130588 -0.920579 0.368078
vn 0.142164 -0.918630 0.368657
vn 0.142164 -0.918630 0.368657
vn 0.142164 -0.918630 0.368657
vn 0.861659 0.033902 0.506354
vn 0.861659 0.033902 0.506354
vn 0.861659 0.033902 0.506354
vn 0.861465 0.032306 0.506788
vn 0.861465 0.032306 0.506788
vn 0.861465 0.032306 0.506788
vn 0.195593 0.969332 0.148791
vn 0.195593 0.969332 0.148791
vn 0.195593 0.969332 0.148791
vn 0.199519 0.968156 0.151215
vn 0.199519 0.968156 0.151215
vn 0.199519 0.968156 0.151215
vn -0.712261 0.701385 -0.027276
vn -0.712261 0.701385 -0.027276
vn -0.712261 0.701385 -0.027276
vn -0.714273 0.699310 -0.027926
vn -0.714273 0.699310 -0.027926
vn -0.714273 0.699310 -0.027926
vn -0.600352 0.372746 0.707558
vn -0.600352 0.372746 0.707558
vn -0.600352 0.372746 0.707558
vn -0.600352 0.372746 0.707558
vn -0.600352 0.372746 0.707558
vn -0.600352 0.372746 0.707558
vn -0.600352 0.372746 0.707558
vn -0.600352 0.372746 0.707558
vn -0.600352 0.372746 0.707558
vn -0.600352 0.372746 0.707558
vn -0.600352 0.372746 0.707558
vn -0.600352 0.372746 0.707558
vn -0.600352 0.372746 0.707558
vn -0.600352 0.372746 0.707558
vn -0.600352 0.372746 0.707558
vn -0.253406 0.118739 0.960045
vn -0.253406 0.118739 0.960045
vn -0.253406 0.118739 0.960045
vn -0.253406 0.118739 0.960045
vn -0.253406 0.118739 0.960045
vn -0.253406 0.118739 0.960045
vn -0.253406 0.118739 0.960045
vn -0.253406 0.118739 0.960045
vn -0.253406 0.118739 0.960045
vn -0.253406 0.118739 0.960045
vn -0.253406 0.118739 0.960045
vn -0.253406 0.118739 0.960045
vn -0.253406 0.118739 0.960045
vn -0.253406 0.118739 0.960045
vn -0.253406 0.118739 0.960045
f 5461/5461/5461 5462/5462/5462 5463/5463/5463
f 5464/5464/5464 5465/5465/5465 5466/5466/5466
f 5467/5467/5467 5468/5468/5468 5469/5469/5469
f 5470/5470/5470 5471/5471/5471 5472/5472/5472
f 5473/5473/5473 5474/5474/5474 5475/5475/5475
f 5476/5476/5476 5477/5477/5477 5478/5478/5478
f 5479/5479/5479 5480/5480/5480 5481/5481/5481
f 5482/5482/5482 5483/5483/5483 5484/5484/5484
f 5485/5485/5485 5486/5486/5486 5487/5487/5487
f 5488/5488/5488 5489/5489/5489 5490/5490/5490
f 5491/5491/5491 5492/5492/5492 5493/5493/5493
f 5494/5494/5494 5495/5495/5495 5496/5496/5496
f 5497/5497/5497 5498/5498/5498 5499/5499/5499
f 5500/5500/5500 5501/5501/5501 5502/5502/5502
f 5503/5503/5503 5504/5504/5504 5505/5505/5505
f 5506/5506/5506 5507/5507/5507 5508/5508/5508
f 5509/5509/5509 5510/5510/5510 5511/5511/5511
f 5512/5512/5512 5513/5513/5513 5514/5514/5514
f 5515/5515/5515 5516/5516/5516 5517/5517/5517
f 5518/5518/5518 5519/5519/5519 5520/5520/5520
f 5521/5521/5521 5522/5522/5522 5523/5523/5523
f 5524/5524/5524 5525/5525/5525 5526/5526/5526
f 5527/5527/5527 5528/5528/5528 5529/5529/5529
f 5530/5530/5530 5531/5531/5531 5532/5532/5532
f 5533/5533/5533 5534/5534/5534 5535/5535/5535
f 5536/5536/5536 5537/5537/5537 5538/5538/5538
f 5539/5539/5539 5540/5540/5540 5541/5541/5541
f 5542/5542/5542 5543/5543/5543 5544/5544/5544
f 5545/5545/5545 5546/5546/5546 5547/5547/5547
f 5548/5548/5548 5549/5549/5549 5550/5550/5550
f 5551/5551/5551 5552/5552/5552 5553/5553/5553
f 5554/5554/5554 5555/5555/5555 5556/5556/5556
f 5557/5557/5557 5558/5558/5558 5559/5559/5559
f 5560/5560/5560 5561/5561/5561 5562/5562/5562
f 5563/5563/5563 5564/5564/5564 5565/5565/5565
f 5566/5566/5566 5567/5567/5567 5568/5568/5568
f 5569/5569/5569 5570/5570/5570 5571/5571/5571
f 5572/5572/5572 5573/5573/5573 5574/5574/5574
f 5575/5575/5575 5576/5576/5576 5577/5577/5577
f 5578/5578/5578 5579/5579/5579 5580/5580/5580
f 5581/5581/5581 5582/5582/5582 5583/5583/5583
f 5584/5584/5584 5585/5585/5585 5586/5586/5586
f 5587/5587/5587 5588/5588/5588 5589/5589/5589
f 5590/5590/5590 5591/5591/5591 5592/5592/5592
f 5593/5593/5593 5594/5594/5594 5595/5595/5595
f 5596/5596/5596 5597/5597/5597 5598/5598/5598
f 5599/5599/5599 5600/5600/5600 5601/5601/5601
f 5602/5602/5602 5603/5603/5603 5604/5604/5604
f 5605/5605/5605 5606/5606/5606 5607/5607/5607
f 5608/5608/5608 5609/5609/5609 5610/5610/5610
o TailPlume1
usemtl PaintedVinefangFantasy
v 0.035899 2.332556 7.058715
v 0.414751 2.012267 7.075552
v 0.780032 2.334241 8.324740
v 0.035899 2.332556 7.058715
v 0.780032 2.334241 8.324740
v 0.111757 2.920901 8.311003
v 0.414751 2.012267 7.075552
v 0.911184 2.134607 6.812066
v 1.679881 2.558325 7.875221
v 0.414751 2.012267 7.075552
v 1.679881 2.558325 7.875221
v 0.780032 2.334241 8.324740
v 0.911184 2.134607 6.812066
v 0.839145 2.530505 6.632387
v 1.567744 3.283478 7.583665
v 0.911184 2.134607 6.812066
v 1.567744 3.283478 7.583665
v 1.679881 2.558325 7.875221
v 0.839145 2.530505 6.632387
v 0.298189 2.652844 6.784825
v 0.598590 3.507562 7.852993
v 0.839145 2.530505 6.632387
v 0.598590 3.507562 7.852993
v 1.567744 3.283478 7.583665
v 0.298189 2.652844 6.784825
v 0.035899 2.332556 7.058715
v 0.111757 2.920901 8.311003
v 0.298189 2.652844 6.784825
v 0.111757 2.920901 8.311003
v 0.598590 3.507562 7.852993
v 0.111757 2.920901 8.311003
v 0.780032 2.334241 8.324740
v 1.239793 2.692296 9.933506
v 0.111757 2.920901 8.311003
v 1.239793 2.692296 9.933506
v 0.318550 3.582139 9.995511
v 0.780032 2.334241 8.324740
v 1.679881 2.558325 7.875221
v 2.577505 3.032186 9.383161
v 0.780032 2.334241 8.324740
v 2.577505 3.032186 9.383161
v 1.239793 2.692296 9.933506
v 1.679881 2.558325 7.875221
v 1.567744 3.283478 7.583665
v 2.483013 4.132093 9.105034
v 1.679881 2.558325 7.875221
v 2.483013 4.132093 9.105034
v 2.577505 3.032186 9.383161
v 1.567744 3.283478 7.583665
v 0.598590 3.507562 7.852993
v 1.086902 4.471983 9.483487
v 1.567744 3.283478 7.583665
v 1.086902 4.471983 9.483487
v 2.483013 4.132093 9.105034
v 0.598590 3.507562 7.852993
v 0.111757 2.920901 8.311003
v 0.318550 3.582139 9.995511
v 0.598590 3.507562 7.852993
v 0.318550 3.582139 9.995511
v 1.086902 4.471983 9.483487
v 0.318550 3.582139 9.995511
v 1.239793 2.692296 9.933506
v 2.011773 3.478556 11.772010
v 0.318550 3.582139 9.995511
v 2.011773 3.478556 11.772010
v 1.548420 3.951808 11.841773
v 1.239793 2.692296 9.933506
v 2.577505 3.032186 9.383161
v 2.720566 3.659322 11.526110
v 1.239793 2.692296 9.933506
v 2.720566 3.659322 11.526110
v 2.011773 3.478556 11.772010
v 2.577505 3.032186 9.383161
v 2.483013 4.132093 9.105034
v 2.695270 4.244294 11.443898
v 2.577505 3.032186 9.383161
v 2.695270 4.244294 11.443898
v 2.720566 3.659322 11.526110
v 2.483013 4.132093 9.105034
v 1.086902 4.471983 9.483487
v 1.970844 4.425060 11.638988
v 2.483013 4.132093 9.105034
v 1.970844 4.425060 11.638988
v 2.695270 4.244294 11.443898
v 1.086902 4.471983 9.483487
v 0.318550 3.582139 9.995511
v 1.548420 3.951808 11.841773
v 1.086902 4.471983 9.483487
v 1.548420 3.951808 11.841773
v 1.970844 4.425060 11.638988
v 1.548420 3.951808 11.841773
v 2.011773 3.478556 11.772010
v 2.693843 4.129873 13.379001
v 1.548420 3.951808 11.841773
v 2.693843 4.129873 13.379001
v 2.659557 4.165278 13.384912
v 2.011773 3.478556 11.772010
v 2.720566 3.659322 11.526110
v 2.746906 4.143397 13.361401
v 2.011773 3.478556 11.772010
v 2.746906 4.143397 13.361401
v 2.693843 4.129873 13.379001
v 2.720566 3.659322 11.526110
v 2.695270 4.244294 11.443898
v 2.745416 4.187160 13.356436
v 2.720566 3.659322 11.526110
v 2.745416 4.187160 13.356436
v 2.746906 4.143397 13.361401
v 2.695270 4.244294 11.443898
v 1.970844 4.425060 11.638988
v 2.691431 4.200683 13.370966
v 2.695270 4.244294 11.443898
v 2.691431 4.200683 13.370966
v 2.745416 4.187160 13.356436
v 1.970844 4.425060 11.638988
v 1.548420 3.951808 11.841773
v 2.659557 4.165278 13.384912
v 1.970844 4.425060 11.638988
v 2.659557 4.165278 13.384912
v 2.691431 4.200683 13.370966
v 0.499833 2.332556 6.872709
v 0.035899 2.332556 7.058715
v 0.414751 2.012267 7.075552
v 0.499833 2.332556 6.872709
v 0.414751 2.012267 7.075552
v 0.911184 2.134607 6.812066
v 0.499833 2.332556 6.872709
v 0.911184 2.134607 6.812066
v 0.839145 2.530505 6.632387
v 0.499833 2.332556 6.872709
v 0.839145 2.530505 6.632387
v 0.298189 2.652844 6.784825
v 0.499833 2.332556 6.872709
v 0.298189 2.652844 6.784825
v 0.035899 2.332556 7.058715
v 2.707431 4.165278 13.370543
v 2.659557 4.165278 13.384912
v 2.693843 4.129873 13.379001
v 2.707431 4.165278 13.370543
v 2.693843 4.129873 13.379001
v 2.746906 4.143397 13.361401
v 2.707431 4.165278 13.370543
v 2.746906 4.143397 13.361401
v 2.745416 4.187160 13.356436
v 2.707431 4.165278 13.370543
v 2.745416 4.187160 13.356436
v 2.691431 4.200683 13.370966
v 2.707431 4.165278 13.370543
v 2.691431 4.200683 13.370966
v 2.659557 4.165278 13.384912
vt 0.003906 0.996094
vt 0.052344 0.996094
vt 0.052344 0.935547
vt 0.003906 0.996094
vt 0.052344 0.935547
vt 0.003906 0.935547
vt 0.052344 0.996094
vt 0.100781 0.996094
vt 0.100781 0.935547
vt 0.052344 0.996094
vt 0.100781 0.935547
vt 0.052344 0.935547
vt 0.100781 0.996094
vt 0.149219 0.996094
vt 0.149219 0.935547
vt 0.100781 0.996094
vt 0.149219 0.935547
vt 0.100781 0.935547
vt 0.149219 0.996094
vt 0.197656 0.996094
vt 0.197656 0.935547
vt 0.149219 0.996094
vt 0.197656 0.935547
vt 0.149219 0.935547
vt 0.197656 0.996094
vt 0.246094 0.996094
vt 0.246094 0.935547
vt 0.197656 0.996094
vt 0.246094 0.935547
vt 0.197656 0.935547
vt 0.003906 0.935547
vt 0.052344 0.935547
vt 0.052344 0.875000
vt 0.003906 0.935547
vt 0.052344 0.875000
vt 0.003906 0.875000
vt 0.052344 0.935547
vt 0.100781 0.935547
vt 0.100781 0.875000
vt 0.052344 0.935547
vt 0.100781 0.875000
vt 0.052344 0.875000
vt 0.100781 0.935547
vt 0.149219 0.935547
vt 0.149219 0.875000
vt 0.100781 0.935547
vt 0.149219 0.875000
vt 0.100781 0.875000
vt 0.149219 0.935547
vt 0.197656 0.935547
vt 0.197656 0.875000
vt 0.149219 0.935547
vt 0.197656 0.875000
vt 0.149219 0.875000
vt 0.197656 0.935547
vt 0.246094 0.935547
vt 0.246094 0.875000
vt 0.197656 0.935547
vt 0.246094 0.875000
vt 0.197656 0.875000
vt 0.003906 0.875000
vt 0.052344 0.875000
vt 0.052344 0.814453
vt 0.003906 0.875000
vt 0.052344 0.814453
vt 0.003906 0.814453
vt 0.052344 0.875000
vt 0.100781 0.875000
vt 0.100781 0.814453
vt 0.052344 0.875000
vt 0.100781 0.814453
vt 0.052344 0.814453
vt 0.100781 0.875000
vt 0.149219 0.875000
vt 0.149219 0.814453
vt 0.100781 0.875000
vt 0.149219 0.814453
vt 0.100781 0.814453
vt 0.149219 0.875000
vt 0.197656 0.875000
vt 0.197656 0.814453
vt 0.149219 0.875000
vt 0.197656 0.814453
vt 0.149219 0.814453
vt 0.197656 0.875000
vt 0.246094 0.875000
vt 0.246094 0.814453
vt 0.197656 0.875000
vt 0.246094 0.814453
vt 0.197656 0.814453
vt 0.003906 0.814453
vt 0.052344 0.814453
vt 0.052344 0.753906
vt 0.003906 0.814453
vt 0.052344 0.753906
vt 0.003906 0.753906
vt 0.052344 0.814453
vt 0.100781 0.814453
vt 0.100781 0.753906
vt 0.052344 0.814453
vt 0.100781 0.753906
vt 0.052344 0.753906
vt 0.100781 0.814453
vt 0.149219 0.814453
vt 0.149219 0.753906
vt 0.100781 0.814453
vt 0.149219 0.753906
vt 0.100781 0.753906
vt 0.149219 0.814453
vt 0.197656 0.814453
vt 0.197656 0.753906
vt 0.149219 0.814453
vt 0.197656 0.753906
vt 0.149219 0.753906
vt 0.197656 0.814453
vt 0.246094 0.814453
vt 0.246094 0.753906
vt 0.197656 0.814453
vt 0.246094 0.753906
vt 0.197656 0.753906
vt 0.125000 0.875000
vt 0.003906 0.996094
vt 0.246094 0.753906
vt 0.125000 0.875000
vt 0.003906 0.996094
vt 0.246094 0.753906
vt 0.125000 0.875000
vt 0.003906 0.996094
vt 0.246094 0.753906
vt 0.125000 0.875000
vt 0.003906 0.996094
vt 0.246094 0.753906
vt 0.125000 0.875000
vt 0.003906 0.996094
vt 0.246094 0.753906
vt 0.125000 0.875000
vt 0.003906 0.996094
vt 0.246094 0.753906
vt 0.125000 0.875000
vt 0.003906 0.996094
vt 0.246094 0.753906
vt 0.125000 0.875000
vt 0.003906 0.996094
vt 0.246094 0.753906
vt 0.125000 0.875000
vt 0.003906 0.996094
vt 0.246094 0.753906
vt 0.125000 0.875000
vt 0.003906 0.996094
vt 0.246094 0.753906
vn -0.611523 -0.704394 0.360373
vn -0.611523 -0.704394 0.360373
vn -0.611523 -0.704394 0.360373
vn -0.618561 -0.696077 0.364498
vn -0.618561 -0.696077 0.364498
vn -0.618561 -0.696077 0.364498
vn 0.310669 -0.938689 0.149488
vn 0.310669 -0.938689 0.149488
vn 0.310669 -0.938689 0.149488
vn 0.309448 -0.938774 0.151478
vn 0.309448 -0.938774 0.151478
vn 0.309448 -0.938774 0.151478
vn 0.826751 -0.100755 -0.553471
vn 0.826751 -0.100755 -0.553471
vn 0.826751 -0.100755 -0.553471
vn 0.824470 -0.096688 -0.557585
vn 0.824470 -0.096688 -0.557585
vn 0.824470 -0.096688 -0.557585
vn 0.000485 0.780737 -0.624860
vn 0.000485 0.780737 -0.624860
vn 0.000485 0.780737 -0.624860
vn 0.007246 0.781366 -0.624031
vn 0.007246 0.781366 -0.624031
vn 0.007246 0.781366 -0.624031
vn -0.833530 0.517757 -0.192759
vn -0.833530 0.517757 -0.192759
vn -0.833530 0.517757 -0.192759
vn -0.824031 0.532242 -0.194143
vn -0.824031 0.532242 -0.194143
vn -0.824031 0.532242 -0.194143
vn -0.625370 -0.704512 0.335522
vn -0.625370 -0.704512 0.335522
vn -0.625370 -0.704512 0.335522
vn -0.639174 -0.685959 0.347732
vn -0.639174 -0.685959 0.347732
vn -0.639174 -0.685959 0.347732
vn 0.296460 -0.947321 0.121217
vn 0.296460 -0.947321 0.121217
vn 0.296460 -0.947321 0.121217
vn 0.293077 -0.947597 0.127145
vn 0.293077 -0.947597 0.127145
vn 0.293077 -0.947597 0.127145
vn 0.870137 -0.062008 -0.488894
vn 0.870137 -0.062008 -0.488894
vn 0.870137 -0.062008 -0.488894
vn 0.865198 -0.051787 -0.498749
vn 0.865198 -0.051787 -0.498749
vn 0.865198 -0.051787 -0.498749
vn 0.052606 0.852533 -0.520019
vn 0.052606 0.852533 -0.520019
vn 0.052606 0.852533 -0.520019
vn 0.067690 0.853443 -0.516771
vn 0.067690 0.853443 -0.516771
vn 0.067690 0.853443 -0.516771
vn -0.809466 0.573539 -0.125766
vn -0.809466 0.573539 -0.125766
vn -0.809466 0.573539 -0.125766
vn -0.785182 0.606774 -0.123749
vn -0.785182 0.606774 -0.123749
vn -0.785182 0.606774 -0.123749
vn -0.577878 -0.634073 0.513818
vn -0.577878 -0.634073 0.513818
vn -0.577878 -0.634073 0.513818
vn -0.575297 -0.638605 0.511094
vn -0.575297 -0.638605 0.511094
vn -0.575297 -0.638605 0.511094
vn 0.332047 -0.911037 0.244449
vn 0.332047 -0.911037 0.244449
vn 0.332047 -0.911037 0.244449
vn 0.321126 -0.912006 0.255192
vn 0.321126 -0.912006 0.255192
vn 0.321126 -0.912006 0.255192
vn 0.993731 0.061817 -0.093148
vn 0.993731 0.061817 -0.093148
vn 0.993731 0.061817 -0.093148
vn 0.996580 0.032412 -0.076016
vn 0.996580 0.032412 -0.076016
vn 0.996580 0.032412 -0.076016
vn 0.218451 0.973448 -0.068393
vn 0.218451 0.973448 -0.068393
vn 0.218451 0.973448 -0.068393
vn 0.224536 0.972159 -0.067014
vn 0.224536 0.972159 -0.067014
vn 0.224536 0.972159 -0.067014
vn -0.639467 0.714904 0.282833
vn -0.639467 0.714904 0.282833
vn -0.639467 0.714904 0.282833
vn -0.652207 0.703325 0.282772
vn -0.652207 0.703325 0.282772
vn -0.652207 0.703325 0.282772
vn -0.578293 -0.640657 0.505110
vn -0.578293 -0.640657 0.505110
vn -0.578293 -0.640657 0.505110
vn -0.576774 -0.642725 0.504218
vn -0.576774 -0.642725 0.504218
vn -0.576774 -0.642725 0.504218
vn 0.316646 -0.918287 0.237662
vn 0.316646 -0.918287 0.237662
vn 0.316646 -0.918287 0.237662
vn 0.313572 -0.918906 0.239343
vn 0.313572 -0.918906 0.239343
vn 0.313572 -0.918906 0.239343
vn 0.998899 0.039681 -0.025006
vn 0.998899 0.039681 -0.025006
vn 0.998899 0.039681 -0.025006
vn 0.999249 0.031460 -0.022640
vn 0.999249 0.031460 -0.022640
vn 0.999249 0.031460 -0.022640
vn 0.247724 0.968571 0.022412
vn 0.247724 0.968571 0.022412
vn 0.247724 0.968571 0.022412
vn 0.248610 0.968344 0.022409
vn 0.248610 0.968344 0.022409
vn 0.248610 0.968344 0.022409
vn -0.619821 0.702828 0.349077
vn -0.619821 0.702828 0.349077
vn -0.619821 0.702828 0.349077
vn -0.623475 0.699143 0.349970
vn -0.623475 0.699143 0.349970
vn -0.623475 0.699143 0.349970
vn 0.334311 0.439269 0.833834
vn 0.334311 0.439269 0.833834
vn 0.334311 0.439269 0.833834
vn 0.334311 0.439269 0.833834
vn 0.334311 0.439269 0.833834
vn 0.334311 0.439269 0.833834
vn 0.334311 0.439269 0.833834
vn 0.334311 0.439269 0.833834
vn 0.334311 0.439269 0.833834
vn 0.334311 0.439269 0.833834
vn 0.334311 0.439269 0.833834
vn 0.334311 0.439269 0.833834
vn 0.334311 0.439269 0.833834
vn 0.334311 0.439269 0.833834
vn 0.334311 0.439269 0.833834
vn 0.285484 0.117637 0.951136
vn 0.285484 0.117637 0.951136
vn 0.285484 0.117637 0.951136
vn 0.285484 0.117637 0.951136
vn 0.285484 0.117637 0.951136
vn 0.285484 0.117637 0.951136
vn 0.285484 0.117637 0.951136
vn 0.285484 0.117637 0.951136
vn 0.285484 0.117637 0.951136
vn 0.285484 0.117637 0.951136
vn 0.285484 0.117637 0.951136
vn 0.285484 0.117637 0.951136
vn 0.285484 0.117637 0.951136
vn 0.285484 0.117637 0.951136
vn 0.285484 0.117637 0.951136
f 5611/5611/5611 5612/5612/5612 5613/5613/5613
f 5614/5614/5614 5615/5615/5615 5616/5616/5616
f 5617/5617/5617 5618/5618/5618 5619/5619/5619
f 5620/5620/5620 5621/5621/5621 5622/5622/5622
f 5623/5623/5623 5624/5624/5624 5625/5625/5625
f 5626/5626/5626 5627/5627/5627 5628/5628/5628
f 5629/5629/5629 5630/5630/5630 5631/5631/5631
f 5632/5632/5632 5633/5633/5633 5634/5634/5634
f 5635/5635/5635 5636/5636/5636 5637/5637/5637
f 5638/5638/5638 5639/5639/5639 5640/5640/5640
f 5641/5641/5641 5642/5642/5642 5643/5643/5643
f 5644/5644/5644 5645/5645/5645 5646/5646/5646
f 5647/5647/5647 5648/5648/5648 5649/5649/5649
f 5650/5650/5650 5651/5651/5651 5652/5652/5652
f 5653/5653/5653 5654/5654/5654 5655/5655/5655
f 5656/5656/5656 5657/5657/5657 5658/5658/5658
f 5659/5659/5659 5660/5660/5660 5661/5661/5661
f 5662/5662/5662 5663/5663/5663 5664/5664/5664
f 5665/5665/5665 5666/5666/5666 5667/5667/5667
f 5668/5668/5668 5669/5669/5669 5670/5670/5670
f 5671/5671/5671 5672/5672/5672 5673/5673/5673
f 5674/5674/5674 5675/5675/5675 5676/5676/5676
f 5677/5677/5677 5678/5678/5678 5679/5679/5679
f 5680/5680/5680 5681/5681/5681 5682/5682/5682
f 5683/5683/5683 5684/5684/5684 5685/5685/5685
f 5686/5686/5686 5687/5687/5687 5688/5688/5688
f 5689/5689/5689 5690/5690/5690 5691/5691/5691
f 5692/5692/5692 5693/5693/5693 5694/5694/5694
f 5695/5695/5695 5696/5696/5696 5697/5697/5697
f 5698/5698/5698 5699/5699/5699 5700/5700/5700
f 5701/5701/5701 5702/5702/5702 5703/5703/5703
f 5704/5704/5704 5705/5705/5705 5706/5706/5706
f 5707/5707/5707 5708/5708/5708 5709/5709/5709
f 5710/5710/5710 5711/5711/5711 5712/5712/5712
f 5713/5713/5713 5714/5714/5714 5715/5715/5715
f 5716/5716/5716 5717/5717/5717 5718/5718/5718
f 5719/5719/5719 5720/5720/5720 5721/5721/5721
f 5722/5722/5722 5723/5723/5723 5724/5724/5724
f 5725/5725/5725 5726/5726/5726 5727/5727/5727
f 5728/5728/5728 5729/5729/5729 5730/5730/5730
f 5731/5731/5731 5732/5732/5732 5733/5733/5733
f 5734/5734/5734 5735/5735/5735 5736/5736/5736
f 5737/5737/5737 5738/5738/5738 5739/5739/5739
f 5740/5740/5740 5741/5741/5741 5742/5742/5742
f 5743/5743/5743 5744/5744/5744 5745/5745/5745
f 5746/5746/5746 5747/5747/5747 5748/5748/5748
f 5749/5749/5749 5750/5750/5750 5751/5751/5751
f 5752/5752/5752 5753/5753/5753 5754/5754/5754
f 5755/5755/5755 5756/5756/5756 5757/5757/5757
f 5758/5758/5758 5759/5759/5759 5760/5760/5760
