# Original Rodeo Fantasy mesh; Roblox studs; +Y up, -Z forward
mtllib MeadowMouse_A_S3.mtl
o Body
usemtl color_0
s off
v 0.000000 1.015000 0.350000
v 0.000000 -1.295000 0.350000
v 0.700000 0.860259 0.350000
v 0.566312 0.860259 0.905457
v 0.216312 0.860259 1.248748
v -0.216312 0.860259 1.248748
v -0.566312 0.860259 0.905457
v -0.700000 0.860259 0.350000
v -0.566312 0.860259 -0.205457
v -0.216312 0.860259 -0.548748
v 0.216312 0.860259 -0.548748
v 0.566312 0.860259 -0.205457
v 1.212436 0.437500 0.350000
v 0.980881 0.437500 1.312080
v 0.374663 0.437500 1.906678
v -0.374663 0.437500 1.906678
v -0.980881 0.437500 1.312080
v -1.212436 0.437500 0.350000
v -0.980881 0.437500 -0.612080
v -0.374663 0.437500 -1.206678
v 0.374663 0.437500 -1.206678
v 0.980881 0.437500 -0.612080
v 1.400000 -0.140000 0.350000
v 1.132624 -0.140000 1.460914
v 0.432624 -0.140000 2.147497
v -0.432624 -0.140000 2.147497
v -1.132624 -0.140000 1.460914
v -1.400000 -0.140000 0.350000
v -1.132624 -0.140000 -0.760914
v -0.432624 -0.140000 -1.447497
v 0.432624 -0.140000 -1.447497
v 1.132624 -0.140000 -0.760914
v 1.212436 -0.717500 0.350000
v 0.980881 -0.717500 1.312080
v 0.374663 -0.717500 1.906678
v -0.374663 -0.717500 1.906678
v -0.980881 -0.717500 1.312080
v -1.212436 -0.717500 0.350000
v -0.980881 -0.717500 -0.612080
v -0.374663 -0.717500 -1.206678
v 0.374663 -0.717500 -1.206678
v 0.980881 -0.717500 -0.612080
v 0.700000 -1.140259 0.350000
v 0.566312 -1.140259 0.905457
v 0.216312 -1.140259 1.248748
v -0.216312 -1.140259 1.248748
v -0.566312 -1.140259 0.905457
v -0.700000 -1.140259 0.350000
v -0.566312 -1.140259 -0.205457
v -0.216312 -1.140259 -0.548748
v 0.216312 -1.140259 -0.548748
v 0.566312 -1.140259 -0.205457
f 1 4 3
f 2 43 44
f 3 4 14
f 3 14 13
f 13 14 24
f 13 24 23
f 23 24 34
f 23 34 33
f 33 34 44
f 33 44 43
f 1 5 4
f 2 44 45
f 4 5 15
f 4 15 14
f 14 15 25
f 14 25 24
f 24 25 35
f 24 35 34
f 34 35 45
f 34 45 44
f 1 6 5
f 2 45 46
f 5 6 16
f 5 16 15
f 15 16 26
f 15 26 25
f 25 26 36
f 25 36 35
f 35 36 46
f 35 46 45
f 1 7 6
f 2 46 47
f 6 7 17
f 6 17 16
f 16 17 27
f 16 27 26
f 26 27 37
f 26 37 36
f 36 37 47
f 36 47 46
f 1 8 7
f 2 47 48
f 7 8 18
f 7 18 17
f 17 18 28
f 17 28 27
f 27 28 38
f 27 38 37
f 37 38 48
f 37 48 47
f 1 9 8
f 2 48 49
f 8 9 19
f 8 19 18
f 18 19 29
f 18 29 28
f 28 29 39
f 28 39 38
f 38 39 49
f 38 49 48
f 1 10 9
f 2 49 50
f 9 10 20
f 9 20 19
f 19 20 30
f 19 30 29
f 29 30 40
f 29 40 39
f 39 40 50
f 39 50 49
f 1 11 10
f 2 50 51
f 10 11 21
f 10 21 20
f 20 21 31
f 20 31 30
f 30 31 41
f 30 41 40
f 40 41 51
f 40 51 50
f 1 12 11
f 2 51 52
f 11 12 22
f 11 22 21
f 21 22 32
f 21 32 31
f 31 32 42
f 31 42 41
f 41 42 52
f 41 52 51
f 1 3 12
f 2 52 43
f 12 3 13
f 12 13 22
f 22 13 23
f 22 23 32
f 32 23 33
f 32 33 42
f 42 33 43
f 42 43 52
o BackPatch
usemtl color_1
s off
v 0.000000 1.498000 0.602000
v 0.000000 -0.322000 0.602000
v 0.525000 1.376083 0.602000
v 0.424734 1.376083 1.034022
v 0.162234 1.376083 1.301027
v -0.162234 1.376083 1.301027
v -0.424734 1.376083 1.034022
v -0.525000 1.376083 0.602000
v -0.424734 1.376083 0.169978
v -0.162234 1.376083 -0.097027
v 0.162234 1.376083 -0.097027
v 0.424734 1.376083 0.169978
v 0.909327 1.043000 0.602000
v 0.735661 1.043000 1.350284
v 0.280997 1.043000 1.812749
v -0.280997 1.043000 1.812749
v -0.735661 1.043000 1.350284
v -0.909327 1.043000 0.602000
v -0.735661 1.043000 -0.146284
v -0.280997 1.043000 -0.608749
v 0.280997 1.043000 -0.608749
v 0.735661 1.043000 -0.146284
v 1.050000 0.588000 0.602000
v 0.849468 0.588000 1.466044
v 0.324468 0.588000 2.000053
v -0.324468 0.588000 2.000053
v -0.849468 0.588000 1.466044
v -1.050000 0.588000 0.602000
v -0.849468 0.588000 -0.262044
v -0.324468 0.588000 -0.796053
v 0.324468 0.588000 -0.796053
v 0.849468 0.588000 -0.262044
v 0.909327 0.133000 0.602000
v 0.735661 0.133000 1.350284
v 0.280997 0.133000 1.812749
v -0.280997 0.133000 1.812749
v -0.735661 0.133000 1.350284
v -0.909327 0.133000 0.602000
v -0.735661 0.133000 -0.146284
v -0.280997 0.133000 -0.608749
v 0.280997 0.133000 -0.608749
v 0.735661 0.133000 -0.146284
v 0.525000 -0.200083 0.602000
v 0.424734 -0.200083 1.034022
v 0.162234 -0.200083 1.301027
v -0.162234 -0.200083 1.301027
v -0.424734 -0.200083 1.034022
v -0.525000 -0.200083 0.602000
v -0.424734 -0.200083 0.169978
v -0.162234 -0.200083 -0.097027
v 0.162234 -0.200083 -0.097027
v 0.424734 -0.200083 0.169978
f 53 56 55
f 54 95 96
f 55 56 66
f 55 66 65
f 65 66 76
f 65 76 75
f 75 76 86
f 75 86 85
f 85 86 96
f 85 96 95
f 53 57 56
f 54 96 97
f 56 57 67
f 56 67 66
f 66 67 77
f 66 77 76
f 76 77 87
f 76 87 86
f 86 87 97
f 86 97 96
f 53 58 57
f 54 97 98
f 57 58 68
f 57 68 67
f 67 68 78
f 67 78 77
f 77 78 88
f 77 88 87
f 87 88 98
f 87 98 97
f 53 59 58
f 54 98 99
f 58 59 69
f 58 69 68
f 68 69 79
f 68 79 78
f 78 79 89
f 78 89 88
f 88 89 99
f 88 99 98
f 53 60 59
f 54 99 100
f 59 60 70
f 59 70 69
f 69 70 80
f 69 80 79
f 79 80 90
f 79 90 89
f 89 90 100
f 89 100 99
f 53 61 60
f 54 100 101
f 60 61 71
f 60 71 70
f 70 71 81
f 70 81 80
f 80 81 91
f 80 91 90
f 90 91 101
f 90 101 100
f 53 62 61
f 54 101 102
f 61 62 72
f 61 72 71
f 71 72 82
f 71 82 81
f 81 82 92
f 81 92 91
f 91 92 102
f 91 102 101
f 53 63 62
f 54 102 103
f 62 63 73
f 62 73 72
f 72 73 83
f 72 83 82
f 82 83 93
f 82 93 92
f 92 93 103
f 92 103 102
f 53 64 63
f 54 103 104
f 63 64 74
f 63 74 73
f 73 74 84
f 73 84 83
f 83 84 94
f 83 94 93
f 93 94 104
f 93 104 103
f 53 55 64
f 54 104 95
f 64 55 65
f 64 65 74
f 74 65 75
f 74 75 84
f 84 75 85
f 84 85 94
f 94 85 95
f 94 95 104
o Head
usemtl color_2
s off
v 0.000000 1.904000 -1.722000
v 0.000000 -0.504000 -1.722000
v 0.715750 1.742695 -1.722000
v 0.579054 1.742695 -1.409298
v 0.221179 1.742695 -1.216038
v -0.221179 1.742695 -1.216038
v -0.579054 1.742695 -1.409298
v -0.715750 1.742695 -1.722000
v -0.579054 1.742695 -2.034702
v -0.221179 1.742695 -2.227962
v 0.221179 1.742695 -2.227962
v 0.579054 1.742695 -2.034702
v 1.239715 1.302000 -1.722000
v 1.002951 1.302000 -1.180385
v 0.383093 1.302000 -0.845648
v -0.383093 1.302000 -0.845648
v -1.002951 1.302000 -1.180385
v -1.239715 1.302000 -1.722000
v -1.002951 1.302000 -2.263615
v -0.383093 1.302000 -2.598352
v 0.383093 1.302000 -2.598352
v 1.002951 1.302000 -2.263615
v 1.431500 0.700000 -1.722000
v 1.158108 0.700000 -1.096596
v 0.442358 0.700000 -0.710076
v -0.442358 0.700000 -0.710076
v -1.158108 0.700000 -1.096596
v -1.431500 0.700000 -1.722000
v -1.158108 0.700000 -2.347404
v -0.442358 0.700000 -2.733924
v 0.442358 0.700000 -2.733924
v 1.158108 0.700000 -2.347404
v 1.239715 0.098000 -1.722000
v 1.002951 0.098000 -1.180385
v 0.383093 0.098000 -0.845648
v -0.383093 0.098000 -0.845648
v -1.002951 0.098000 -1.180385
v -1.239715 0.098000 -1.722000
v -1.002951 0.098000 -2.263615
v -0.383093 0.098000 -2.598352
v 0.383093 0.098000 -2.598352
v 1.002951 0.098000 -2.263615
v 0.715750 -0.342695 -1.722000
v 0.579054 -0.342695 -1.409298
v 0.221179 -0.342695 -1.216038
v -0.221179 -0.342695 -1.216038
v -0.579054 -0.342695 -1.409298
v -0.715750 -0.342695 -1.722000
v -0.579054 -0.342695 -2.034702
v -0.221179 -0.342695 -2.227962
v 0.221179 -0.342695 -2.227962
v 0.579054 -0.342695 -2.034702
f 105 108 107
f 106 147 148
f 107 108 118
f 107 118 117
f 117 118 128
f 117 128 127
f 127 128 138
f 127 138 137
f 137 138 148
f 137 148 147
f 105 109 108
f 106 148 149
f 108 109 119
f 108 119 118
f 118 119 129
f 118 129 128
f 128 129 139
f 128 139 138
f 138 139 149
f 138 149 148
f 105 110 109
f 106 149 150
f 109 110 120
f 109 120 119
f 119 120 130
f 119 130 129
f 129 130 140
f 129 140 139
f 139 140 150
f 139 150 149
f 105 111 110
f 106 150 151
f 110 111 121
f 110 121 120
f 120 121 131
f 120 131 130
f 130 131 141
f 130 141 140
f 140 141 151
f 140 151 150
f 105 112 111
f 106 151 152
f 111 112 122
f 111 122 121
f 121 122 132
f 121 132 131
f 131 132 142
f 131 142 141
f 141 142 152
f 141 152 151
f 105 113 112
f 106 152 153
f 112 113 123
f 112 123 122
f 122 123 133
f 122 133 132
f 132 133 143
f 132 143 142
f 142 143 153
f 142 153 152
f 105 114 113
f 106 153 154
f 113 114 124
f 113 124 123
f 123 124 134
f 123 134 133
f 133 134 144
f 133 144 143
f 143 144 154
f 143 154 153
f 105 115 114
f 106 154 155
f 114 115 125
f 114 125 124
f 124 125 135
f 124 135 134
f 134 135 145
f 134 145 144
f 144 145 155
f 144 155 154
f 105 116 115
f 106 155 156
f 115 116 126
f 115 126 125
f 125 126 136
f 125 136 135
f 135 136 146
f 135 146 145
f 145 146 156
f 145 156 155
f 105 107 116
f 106 156 147
f 116 107 117
f 116 117 126
f 126 117 127
f 126 127 136
f 136 127 137
f 136 137 146
f 146 137 147
f 146 147 156
o FaceMask
usemtl color_3
s off
v 0.000000 1.358000 -2.702000
v 0.000000 -0.378000 -2.702000
v 0.591500 1.241710 -2.702000
v 0.478534 1.241710 -2.611481
v 0.182784 1.241710 -2.555537
v -0.182784 1.241710 -2.555537
v -0.478534 1.241710 -2.611481
v -0.591500 1.241710 -2.702000
v -0.478534 1.241710 -2.792519
v -0.182784 1.241710 -2.848463
v 0.182784 1.241710 -2.848463
v 0.478534 1.241710 -2.792519
v 1.024508 0.924000 -2.702000
v 0.828844 0.924000 -2.545217
v 0.316590 0.924000 -2.448319
v -0.316590 0.924000 -2.448319
v -0.828844 0.924000 -2.545217
v -1.024508 0.924000 -2.702000
v -0.828844 0.924000 -2.858783
v -0.316590 0.924000 -2.955681
v 0.316590 0.924000 -2.955681
v 0.828844 0.924000 -2.858783
v 1.183000 0.490000 -2.702000
v 0.957067 0.490000 -2.520962
v 0.365567 0.490000 -2.409075
v -0.365567 0.490000 -2.409075
v -0.957067 0.490000 -2.520962
v -1.183000 0.490000 -2.702000
v -0.957067 0.490000 -2.883038
v -0.365567 0.490000 -2.994925
v 0.365567 0.490000 -2.994925
v 0.957067 0.490000 -2.883038
v 1.024508 0.056000 -2.702000
v 0.828844 0.056000 -2.545217
v 0.316590 0.056000 -2.448319
v -0.316590 0.056000 -2.448319
v -0.828844 0.056000 -2.545217
v -1.024508 0.056000 -2.702000
v -0.828844 0.056000 -2.858783
v -0.316590 0.056000 -2.955681
v 0.316590 0.056000 -2.955681
v 0.828844 0.056000 -2.858783
v 0.591500 -0.261710 -2.702000
v 0.478534 -0.261710 -2.611481
v 0.182784 -0.261710 -2.555537
v -0.182784 -0.261710 -2.555537
v -0.478534 -0.261710 -2.611481
v -0.591500 -0.261710 -2.702000
v -0.478534 -0.261710 -2.792519
v -0.182784 -0.261710 -2.848463
v 0.182784 -0.261710 -2.848463
v 0.478534 -0.261710 -2.792519
f 157 160 159
f 158 199 200
f 159 160 170
f 159 170 169
f 169 170 180
f 169 180 179
f 179 180 190
f 179 190 189
f 189 190 200
f 189 200 199
f 157 161 160
f 158 200 201
f 160 161 171
f 160 171 170
f 170 171 181
f 170 181 180
f 180 181 191
f 180 191 190
f 190 191 201
f 190 201 200
f 157 162 161
f 158 201 202
f 161 162 172
f 161 172 171
f 171 172 182
f 171 182 181
f 181 182 192
f 181 192 191
f 191 192 202
f 191 202 201
f 157 163 162
f 158 202 203
f 162 163 173
f 162 173 172
f 172 173 183
f 172 183 182
f 182 183 193
f 182 193 192
f 192 193 203
f 192 203 202
f 157 164 163
f 158 203 204
f 163 164 174
f 163 174 173
f 173 174 184
f 173 184 183
f 183 184 194
f 183 194 193
f 193 194 204
f 193 204 203
f 157 165 164
f 158 204 205
f 164 165 175
f 164 175 174
f 174 175 185
f 174 185 184
f 184 185 195
f 184 195 194
f 194 195 205
f 194 205 204
f 157 166 165
f 158 205 206
f 165 166 176
f 165 176 175
f 175 176 186
f 175 186 185
f 185 186 196
f 185 196 195
f 195 196 206
f 195 206 205
f 157 167 166
f 158 206 207
f 166 167 177
f 166 177 176
f 176 177 187
f 176 187 186
f 186 187 197
f 186 197 196
f 196 197 207
f 196 207 206
f 157 168 167
f 158 207 208
f 167 168 178
f 167 178 177
f 177 178 188
f 177 188 187
f 187 188 198
f 187 198 197
f 197 198 208
f 197 208 207
f 157 159 168
f 158 208 199
f 168 159 169
f 168 169 178
f 178 169 179
f 178 179 188
f 188 179 189
f 188 189 198
f 198 189 199
f 198 199 208
o Muzzle
usemtl color_4
s off
v 0.000000 0.616000 -2.828000
v 0.000000 -0.336000 -2.828000
v 0.483000 0.552228 -2.828000
v 0.390755 0.552228 -2.694279
v 0.149255 0.552228 -2.611635
v -0.149255 0.552228 -2.611635
v -0.390755 0.552228 -2.694279
v -0.483000 0.552228 -2.828000
v -0.390755 0.552228 -2.961721
v -0.149255 0.552228 -3.044365
v 0.149255 0.552228 -3.044365
v 0.390755 0.552228 -2.961721
v 0.836581 0.378000 -2.828000
v 0.676808 0.378000 -2.596388
v 0.258518 0.378000 -2.453244
v -0.258518 0.378000 -2.453244
v -0.676808 0.378000 -2.596388
v -0.836581 0.378000 -2.828000
v -0.676808 0.378000 -3.059612
v -0.258518 0.378000 -3.202756
v 0.258518 0.378000 -3.202756
v 0.676808 0.378000 -3.059612
v 0.966000 0.140000 -2.828000
v 0.781510 0.140000 -2.560558
v 0.298510 0.140000 -2.395269
v -0.298510 0.140000 -2.395269
v -0.781510 0.140000 -2.560558
v -0.966000 0.140000 -2.828000
v -0.781510 0.140000 -3.095442
v -0.298510 0.140000 -3.260731
v 0.298510 0.140000 -3.260731
v 0.781510 0.140000 -3.095442
v 0.836581 -0.098000 -2.828000
v 0.676808 -0.098000 -2.596388
v 0.258518 -0.098000 -2.453244
v -0.258518 -0.098000 -2.453244
v -0.676808 -0.098000 -2.596388
v -0.836581 -0.098000 -2.828000
v -0.676808 -0.098000 -3.059612
v -0.258518 -0.098000 -3.202756
v 0.258518 -0.098000 -3.202756
v 0.676808 -0.098000 -3.059612
v 0.483000 -0.272228 -2.828000
v 0.390755 -0.272228 -2.694279
v 0.149255 -0.272228 -2.611635
v -0.149255 -0.272228 -2.611635
v -0.390755 -0.272228 -2.694279
v -0.483000 -0.272228 -2.828000
v -0.390755 -0.272228 -2.961721
v -0.149255 -0.272228 -3.044365
v 0.149255 -0.272228 -3.044365
v 0.390755 -0.272228 -2.961721
f 209 212 211
f 210 251 252
f 211 212 222
f 211 222 221
f 221 222 232
f 221 232 231
f 231 232 242
f 231 242 241
f 241 242 252
f 241 252 251
f 209 213 212
f 210 252 253
f 212 213 223
f 212 223 222
f 222 223 233
f 222 233 232
f 232 233 243
f 232 243 242
f 242 243 253
f 242 253 252
f 209 214 213
f 210 253 254
f 213 214 224
f 213 224 223
f 223 224 234
f 223 234 233
f 233 234 244
f 233 244 243
f 243 244 254
f 243 254 253
f 209 215 214
f 210 254 255
f 214 215 225
f 214 225 224
f 224 225 235
f 224 235 234
f 234 235 245
f 234 245 244
f 244 245 255
f 244 255 254
f 209 216 215
f 210 255 256
f 215 216 226
f 215 226 225
f 225 226 236
f 225 236 235
f 235 236 246
f 235 246 245
f 245 246 256
f 245 256 255
f 209 217 216
f 210 256 257
f 216 217 227
f 216 227 226
f 226 227 237
f 226 237 236
f 236 237 247
f 236 247 246
f 246 247 257
f 246 257 256
f 209 218 217
f 210 257 258
f 217 218 228
f 217 228 227
f 227 228 238
f 227 238 237
f 237 238 248
f 237 248 247
f 247 248 258
f 247 258 257
f 209 219 218
f 210 258 259
f 218 219 229
f 218 229 228
f 228 229 239
f 228 239 238
f 238 239 249
f 238 249 248
f 248 249 259
f 248 259 258
f 209 220 219
f 210 259 260
f 219 220 230
f 219 230 229
f 229 230 240
f 229 240 239
f 239 240 250
f 239 250 249
f 249 250 260
f 249 260 259
f 209 211 220
f 210 260 251
f 220 211 221
f 220 221 230
f 230 221 231
f 230 231 240
f 240 231 241
f 240 241 250
f 250 241 251
f 250 251 260
o MouthSmile
usemtl color_5
s off
v -0.470568 -0.035915 -3.318000
v -0.273233 -0.107739 -3.318000
v -0.257432 -0.064325 -3.318000
v -0.454767 0.007499 -3.318000
v -0.470568 -0.035915 -3.262000
v -0.273233 -0.107739 -3.262000
v -0.257432 -0.064325 -3.262000
v -0.454767 0.007499 -3.262000
f 261 264 263
f 261 263 262
f 265 266 267
f 265 267 268
f 261 265 268
f 261 268 264
f 262 263 267
f 262 267 266
f 264 268 267
f 264 267 263
f 261 262 266
f 261 266 265
o MouthSmile_1
usemtl color_6
s off
v -0.288568 -0.066855 -3.318000
v -0.091233 -0.138679 -3.318000
v -0.075432 -0.095265 -3.318000
v -0.272767 -0.023441 -3.318000
v -0.288568 -0.066855 -3.262000
v -0.091233 -0.138679 -3.262000
v -0.075432 -0.095265 -3.262000
v -0.272767 -0.023441 -3.262000
f 269 272 271
f 269 271 270
f 273 274 275
f 273 275 276
f 269 273 276
f 269 276 272
f 270 271 275
f 270 275 274
f 272 276 275
f 272 275 271
f 269 270 274
f 269 274 273
o MouthSmile_2
usemtl color_7
s off
v -0.090767 -0.169619 -3.318000
v 0.106568 -0.097795 -3.318000
v 0.090767 -0.054381 -3.318000
v -0.106568 -0.126205 -3.318000
v -0.090767 -0.169619 -3.262000
v 0.106568 -0.097795 -3.262000
v 0.090767 -0.054381 -3.262000
v -0.106568 -0.126205 -3.262000
f 277 280 279
f 277 279 278
f 281 282 283
f 281 283 284
f 277 281 284
f 277 284 280
f 278 279 283
f 278 283 282
f 280 284 283
f 280 283 279
f 277 278 282
f 277 282 281
o MouthSmile_3
usemtl color_8
s off
v 0.091233 -0.138679 -3.318000
v 0.288568 -0.066855 -3.318000
v 0.272767 -0.023441 -3.318000
v 0.075432 -0.095265 -3.318000
v 0.091233 -0.138679 -3.262000
v 0.288568 -0.066855 -3.262000
v 0.272767 -0.023441 -3.262000
v 0.075432 -0.095265 -3.262000
f 285 288 287
f 285 287 286
f 289 290 291
f 289 291 292
f 285 289 292
f 285 292 288
f 286 287 291
f 286 291 290
f 288 292 291
f 288 291 287
f 285 286 290
f 285 290 289
o MouthSmile_4
usemtl color_9
s off
v 0.273233 -0.107739 -3.318000
v 0.470568 -0.035915 -3.318000
v 0.454767 0.007499 -3.318000
v 0.257432 -0.064325 -3.318000
v 0.273233 -0.107739 -3.262000
v 0.470568 -0.035915 -3.262000
v 0.454767 0.007499 -3.262000
v 0.257432 -0.064325 -3.262000
f 293 296 295
f 293 295 294
f 297 298 299
f 297 299 300
f 293 297 300
f 293 300 296
f 294 295 299
f 294 299 298
f 296 300 299
f 296 299 295
f 293 294 298
f 293 298 297
o Nose
usemtl color_10
s off
v 0.000000 0.798000 -3.304000
v 0.000000 0.462000 -3.304000
v 0.108500 0.775492 -3.304000
v 0.087778 0.775492 -3.262855
v 0.033528 0.775492 -3.237426
v -0.033528 0.775492 -3.237426
v -0.087778 0.775492 -3.262855
v -0.108500 0.775492 -3.304000
v -0.087778 0.775492 -3.345145
v -0.033528 0.775492 -3.370574
v 0.033528 0.775492 -3.370574
v 0.087778 0.775492 -3.345145
v 0.187928 0.714000 -3.304000
v 0.152037 0.714000 -3.232735
v 0.058073 0.714000 -3.188691
v -0.058073 0.714000 -3.188691
v -0.152037 0.714000 -3.232735
v -0.187928 0.714000 -3.304000
v -0.152037 0.714000 -3.375265
v -0.058073 0.714000 -3.419309
v 0.058073 0.714000 -3.419309
v 0.152037 0.714000 -3.375265
v 0.217000 0.630000 -3.304000
v 0.175557 0.630000 -3.221710
v 0.067057 0.630000 -3.170852
v -0.067057 0.630000 -3.170852
v -0.175557 0.630000 -3.221710
v -0.217000 0.630000 -3.304000
v -0.175557 0.630000 -3.386290
v -0.067057 0.630000 -3.437148
v 0.067057 0.630000 -3.437148
v 0.175557 0.630000 -3.386290
v 0.187928 0.546000 -3.304000
v 0.152037 0.546000 -3.232735
v 0.058073 0.546000 -3.188691
v -0.058073 0.546000 -3.188691
v -0.152037 0.546000 -3.232735
v -0.187928 0.546000 -3.304000
v -0.152037 0.546000 -3.375265
v -0.058073 0.546000 -3.419309
v 0.058073 0.546000 -3.419309
v 0.152037 0.546000 -3.375265
v 0.108500 0.484508 -3.304000
v 0.087778 0.484508 -3.262855
v 0.033528 0.484508 -3.237426
v -0.033528 0.484508 -3.237426
v -0.087778 0.484508 -3.262855
v -0.108500 0.484508 -3.304000
v -0.087778 0.484508 -3.345145
v -0.033528 0.484508 -3.370574
v 0.033528 0.484508 -3.370574
v 0.087778 0.484508 -3.345145
f 301 304 303
f 302 343 344
f 303 304 314
f 303 314 313
f 313 314 324
f 313 324 323
f 323 324 334
f 323 334 333
f 333 334 344
f 333 344 343
f 301 305 304
f 302 344 345
f 304 305 315
f 304 315 314
f 314 315 325
f 314 325 324
f 324 325 335
f 324 335 334
f 334 335 345
f 334 345 344
f 301 306 305
f 302 345 346
f 305 306 316
f 305 316 315
f 315 316 326
f 315 326 325
f 325 326 336
f 325 336 335
f 335 336 346
f 335 346 345
f 301 307 306
f 302 346 347
f 306 307 317
f 306 317 316
f 316 317 327
f 316 327 326
f 326 327 337
f 326 337 336
f 336 337 347
f 336 347 346
f 301 308 307
f 302 347 348
f 307 308 318
f 307 318 317
f 317 318 328
f 317 328 327
f 327 328 338
f 327 338 337
f 337 338 348
f 337 348 347
f 301 309 308
f 302 348 349
f 308 309 319
f 308 319 318
f 318 319 329
f 318 329 328
f 328 329 339
f 328 339 338
f 338 339 349
f 338 349 348
f 301 310 309
f 302 349 350
f 309 310 320
f 309 320 319
f 319 320 330
f 319 330 329
f 329 330 340
f 329 340 339
f 339 340 350
f 339 350 349
f 301 311 310
f 302 350 351
f 310 311 321
f 310 321 320
f 320 321 331
f 320 331 330
f 330 331 341
f 330 341 340
f 340 341 351
f 340 351 350
f 301 312 311
f 302 351 352
f 311 312 322
f 311 322 321
f 321 322 332
f 321 332 331
f 331 332 342
f 331 342 341
f 341 342 352
f 341 352 351
f 301 303 312
f 302 352 343
f 312 303 313
f 312 313 322
f 322 313 323
f 322 323 332
f 332 323 333
f 332 333 342
f 342 333 343
f 342 343 352
o LeftEyeRim
usemtl color_11
s off
v -0.887530 1.610000 -2.751000
v -0.887530 0.518000 -2.751000
v -0.656530 1.536850 -2.751000
v -0.700647 1.536850 -2.713970
v -0.816147 1.536850 -2.691083
v -0.958913 1.536850 -2.691083
v -1.074413 1.536850 -2.713970
v -1.118530 1.536850 -2.751000
v -1.074413 1.536850 -2.788030
v -0.958913 1.536850 -2.810917
v -0.816147 1.536850 -2.810917
v -0.700647 1.536850 -2.788030
v -0.487426 1.337000 -2.751000
v -0.563839 1.337000 -2.686861
v -0.763891 1.337000 -2.647221
v -1.011169 1.337000 -2.647221
v -1.211221 1.337000 -2.686861
v -1.287634 1.337000 -2.751000
v -1.211221 1.337000 -2.815139
v -1.011169 1.337000 -2.854779
v -0.763891 1.337000 -2.854779
v -0.563839 1.337000 -2.815139
v -0.425530 1.064000 -2.751000
v -0.513764 1.064000 -2.676939
v -0.744764 1.064000 -2.631167
v -1.030296 1.064000 -2.631167
v -1.261296 1.064000 -2.676939
v -1.349530 1.064000 -2.751000
v -1.261296 1.064000 -2.825061
v -1.030296 1.064000 -2.870833
v -0.744764 1.064000 -2.870833
v -0.513764 1.064000 -2.825061
v -0.487426 0.791000 -2.751000
v -0.563839 0.791000 -2.686861
v -0.763891 0.791000 -2.647221
v -1.011169 0.791000 -2.647221
v -1.211221 0.791000 -2.686861
v -1.287634 0.791000 -2.751000
v -1.211221 0.791000 -2.815139
v -1.011169 0.791000 -2.854779
v -0.763891 0.791000 -2.854779
v -0.563839 0.791000 -2.815139
v -0.656530 0.591150 -2.751000
v -0.700647 0.591150 -2.713970
v -0.816147 0.591150 -2.691083
v -0.958913 0.591150 -2.691083
v -1.074413 0.591150 -2.713970
v -1.118530 0.591150 -2.751000
v -1.074413 0.591150 -2.788030
v -0.958913 0.591150 -2.810917
v -0.816147 0.591150 -2.810917
v -0.700647 0.591150 -2.788030
f 353 356 355
f 354 395 396
f 355 356 366
f 355 366 365
f 365 366 376
f 365 376 375
f 375 376 386
f 375 386 385
f 385 386 396
f 385 396 395
f 353 357 356
f 354 396 397
f 356 357 367
f 356 367 366
f 366 367 377
f 366 377 376
f 376 377 387
f 376 387 386
f 386 387 397
f 386 397 396
f 353 358 357
f 354 397 398
f 357 358 368
f 357 368 367
f 367 368 378
f 367 378 377
f 377 378 388
f 377 388 387
f 387 388 398
f 387 398 397
f 353 359 358
f 354 398 399
f 358 359 369
f 358 369 368
f 368 369 379
f 368 379 378
f 378 379 389
f 378 389 388
f 388 389 399
f 388 399 398
f 353 360 359
f 354 399 400
f 359 360 370
f 359 370 369
f 369 370 380
f 369 380 379
f 379 380 390
f 379 390 389
f 389 390 400
f 389 400 399
f 353 361 360
f 354 400 401
f 360 361 371
f 360 371 370
f 370 371 381
f 370 381 380
f 380 381 391
f 380 391 390
f 390 391 401
f 390 401 400
f 353 362 361
f 354 401 402
f 361 362 372
f 361 372 371
f 371 372 382
f 371 382 381
f 381 382 392
f 381 392 391
f 391 392 402
f 391 402 401
f 353 363 362
f 354 402 403
f 362 363 373
f 362 373 372
f 372 373 383
f 372 383 382
f 382 383 393
f 382 393 392
f 392 393 403
f 392 403 402
f 353 364 363
f 354 403 404
f 363 364 374
f 363 374 373
f 373 374 384
f 373 384 383
f 383 384 394
f 383 394 393
f 393 394 404
f 393 404 403
f 353 355 364
f 354 404 395
f 364 355 365
f 364 365 374
f 374 365 375
f 374 375 384
f 384 375 385
f 384 385 394
f 394 385 395
f 394 395 404
o LeftEyeWhite
usemtl color_12
s off
v -0.887530 1.554000 -2.884000
v -0.887530 0.574000 -2.884000
v -0.688030 1.488352 -2.884000
v -0.726131 1.488352 -2.851084
v -0.825881 1.488352 -2.830741
v -0.949179 1.488352 -2.830741
v -1.048929 1.488352 -2.851084
v -1.087030 1.488352 -2.884000
v -1.048929 1.488352 -2.916916
v -0.949179 1.488352 -2.937259
v -0.825881 1.488352 -2.937259
v -0.726131 1.488352 -2.916916
v -0.541986 1.309000 -2.884000
v -0.607979 1.309000 -2.826988
v -0.780751 1.309000 -2.791752
v -0.994309 1.309000 -2.791752
v -1.167081 1.309000 -2.826988
v -1.233074 1.309000 -2.884000
v -1.167081 1.309000 -2.941012
v -0.994309 1.309000 -2.976248
v -0.780751 1.309000 -2.976248
v -0.607979 1.309000 -2.941012
v -0.488530 1.064000 -2.884000
v -0.564732 1.064000 -2.818168
v -0.764232 1.064000 -2.777482
v -1.010828 1.064000 -2.777482
v -1.210328 1.064000 -2.818168
v -1.286530 1.064000 -2.884000
v -1.210328 1.064000 -2.949832
v -1.010828 1.064000 -2.990518
v -0.764232 1.064000 -2.990518
v -0.564732 1.064000 -2.949832
v -0.541986 0.819000 -2.884000
v -0.607979 0.819000 -2.826988
v -0.780751 0.819000 -2.791752
v -0.994309 0.819000 -2.791752
v -1.167081 0.819000 -2.826988
v -1.233074 0.819000 -2.884000
v -1.167081 0.819000 -2.941012
v -0.994309 0.819000 -2.976248
v -0.780751 0.819000 -2.976248
v -0.607979 0.819000 -2.941012
v -0.688030 0.639648 -2.884000
v -0.726131 0.639648 -2.851084
v -0.825881 0.639648 -2.830741
v -0.949179 0.639648 -2.830741
v -1.048929 0.639648 -2.851084
v -1.087030 0.639648 -2.884000
v -1.048929 0.639648 -2.916916
v -0.949179 0.639648 -2.937259
v -0.825881 0.639648 -2.937259
v -0.726131 0.639648 -2.916916
f 405 408 407
f 406 447 448
f 407 408 418
f 407 418 417
f 417 418 428
f 417 428 427
f 427 428 438
f 427 438 437
f 437 438 448
f 437 448 447
f 405 409 408
f 406 448 449
f 408 409 419
f 408 419 418
f 418 419 429
f 418 429 428
f 428 429 439
f 428 439 438
f 438 439 449
f 438 449 448
f 405 410 409
f 406 449 450
f 409 410 420
f 409 420 419
f 419 420 430
f 419 430 429
f 429 430 440
f 429 440 439
f 439 440 450
f 439 450 449
f 405 411 410
f 406 450 451
f 410 411 421
f 410 421 420
f 420 421 431
f 420 431 430
f 430 431 441
f 430 441 440
f 440 441 451
f 440 451 450
f 405 412 411
f 406 451 452
f 411 412 422
f 411 422 421
f 421 422 432
f 421 432 431
f 431 432 442
f 431 442 441
f 441 442 452
f 441 452 451
f 405 413 412
f 406 452 453
f 412 413 423
f 412 423 422
f 422 423 433
f 422 433 432
f 432 433 443
f 432 443 442
f 442 443 453
f 442 453 452
f 405 414 413
f 406 453 454
f 413 414 424
f 413 424 423
f 423 424 434
f 423 434 433
f 433 434 444
f 433 444 443
f 443 444 454
f 443 454 453
f 405 415 414
f 406 454 455
f 414 415 425
f 414 425 424
f 424 425 435
f 424 435 434
f 434 435 445
f 434 445 444
f 444 445 455
f 444 455 454
f 405 416 415
f 406 455 456
f 415 416 426
f 415 426 425
f 425 426 436
f 425 436 435
f 435 436 446
f 435 446 445
f 445 446 456
f 445 456 455
f 405 407 416
f 406 456 447
f 416 407 417
f 416 417 426
f 426 417 427
f 426 427 436
f 436 427 437
f 436 437 446
f 446 437 447
f 446 447 456
o LeftIris
usemtl color_13
s off
v -0.852530 1.470000 -3.010000
v -0.852530 0.658000 -3.010000
v -0.716030 1.415606 -3.010000
v -0.742099 1.415606 -2.983256
v -0.810349 1.415606 -2.966727
v -0.894711 1.415606 -2.966727
v -0.962961 1.415606 -2.983256
v -0.989030 1.415606 -3.010000
v -0.962961 1.415606 -3.036744
v -0.894711 1.415606 -3.053273
v -0.810349 1.415606 -3.053273
v -0.742099 1.415606 -3.036744
v -0.616105 1.267000 -3.010000
v -0.661258 1.267000 -2.963678
v -0.779471 1.267000 -2.935049
v -0.925589 1.267000 -2.935049
v -1.043802 1.267000 -2.963678
v -1.088955 1.267000 -3.010000
v -1.043802 1.267000 -3.056322
v -0.925589 1.267000 -3.084951
v -0.779471 1.267000 -3.084951
v -0.661258 1.267000 -3.056322
v -0.579530 1.064000 -3.010000
v -0.631668 1.064000 -2.956512
v -0.768168 1.064000 -2.923454
v -0.936892 1.064000 -2.923454
v -1.073392 1.064000 -2.956512
v -1.125530 1.064000 -3.010000
v -1.073392 1.064000 -3.063488
v -0.936892 1.064000 -3.096546
v -0.768168 1.064000 -3.096546
v -0.631668 1.064000 -3.063488
v -0.616105 0.861000 -3.010000
v -0.661258 0.861000 -2.963678
v -0.779471 0.861000 -2.935049
v -0.925589 0.861000 -2.935049
v -1.043802 0.861000 -2.963678
v -1.088955 0.861000 -3.010000
v -1.043802 0.861000 -3.056322
v -0.925589 0.861000 -3.084951
v -0.779471 0.861000 -3.084951
v -0.661258 0.861000 -3.056322
v -0.716030 0.712394 -3.010000
v -0.742099 0.712394 -2.983256
v -0.810349 0.712394 -2.966727
v -0.894711 0.712394 -2.966727
v -0.962961 0.712394 -2.983256
v -0.989030 0.712394 -3.010000
v -0.962961 0.712394 -3.036744
v -0.894711 0.712394 -3.053273
v -0.810349 0.712394 -3.053273
v -0.742099 0.712394 -3.036744
f 457 460 459
f 458 499 500
f 459 460 470
f 459 470 469
f 469 470 480
f 469 480 479
f 479 480 490
f 479 490 489
f 489 490 500
f 489 500 499
f 457 461 460
f 458 500 501
f 460 461 471
f 460 471 470
f 470 471 481
f 470 481 480
f 480 481 491
f 480 491 490
f 490 491 501
f 490 501 500
f 457 462 461
f 458 501 502
f 461 462 472
f 461 472 471
f 471 472 482
f 471 482 481
f 481 482 492
f 481 492 491
f 491 492 502
f 491 502 501
f 457 463 462
f 458 502 503
f 462 463 473
f 462 473 472
f 472 473 483
f 472 483 482
f 482 483 493
f 482 493 492
f 492 493 503
f 492 503 502
f 457 464 463
f 458 503 504
f 463 464 474
f 463 474 473
f 473 474 484
f 473 484 483
f 483 484 494
f 483 494 493
f 493 494 504
f 493 504 503
f 457 465 464
f 458 504 505
f 464 465 475
f 464 475 474
f 474 475 485
f 474 485 484
f 484 485 495
f 484 495 494
f 494 495 505
f 494 505 504
f 457 466 465
f 458 505 506
f 465 466 476
f 465 476 475
f 475 476 486
f 475 486 485
f 485 486 496
f 485 496 495
f 495 496 506
f 495 506 505
f 457 467 466
f 458 506 507
f 466 467 477
f 466 477 476
f 476 477 487
f 476 487 486
f 486 487 497
f 486 497 496
f 496 497 507
f 496 507 506
f 457 468 467
f 458 507 508
f 467 468 478
f 467 478 477
f 477 478 488
f 477 488 487
f 487 488 498
f 487 498 497
f 497 498 508
f 497 508 507
f 457 459 468
f 458 508 499
f 468 459 469
f 468 469 478
f 478 469 479
f 478 479 488
f 488 479 489
f 488 489 498
f 498 489 499
f 498 499 508
o LeftPupil
usemtl color_14
s off
v -0.845530 1.372000 -3.087000
v -0.845530 0.756000 -3.087000
v -0.761530 1.330736 -3.087000
v -0.777573 1.330736 -3.070542
v -0.819573 1.330736 -3.060370
v -0.871487 1.330736 -3.060370
v -0.913487 1.330736 -3.070542
v -0.929530 1.330736 -3.087000
v -0.913487 1.330736 -3.103458
v -0.871487 1.330736 -3.113630
v -0.819573 1.330736 -3.113630
v -0.777573 1.330736 -3.103458
v -0.700038 1.218000 -3.087000
v -0.727824 1.218000 -3.058494
v -0.800570 1.218000 -3.040876
v -0.890490 1.218000 -3.040876
v -0.963236 1.218000 -3.058494
v -0.991022 1.218000 -3.087000
v -0.963236 1.218000 -3.115506
v -0.890490 1.218000 -3.133124
v -0.800570 1.218000 -3.133124
v -0.727824 1.218000 -3.115506
v -0.677530 1.064000 -3.087000
v -0.709615 1.064000 -3.054084
v -0.793615 1.064000 -3.033741
v -0.897445 1.064000 -3.033741
v -0.981445 1.064000 -3.054084
v -1.013530 1.064000 -3.087000
v -0.981445 1.064000 -3.119916
v -0.897445 1.064000 -3.140259
v -0.793615 1.064000 -3.140259
v -0.709615 1.064000 -3.119916
v -0.700038 0.910000 -3.087000
v -0.727824 0.910000 -3.058494
v -0.800570 0.910000 -3.040876
v -0.890490 0.910000 -3.040876
v -0.963236 0.910000 -3.058494
v -0.991022 0.910000 -3.087000
v -0.963236 0.910000 -3.115506
v -0.890490 0.910000 -3.133124
v -0.800570 0.910000 -3.133124
v -0.727824 0.910000 -3.115506
v -0.761530 0.797264 -3.087000
v -0.777573 0.797264 -3.070542
v -0.819573 0.797264 -3.060370
v -0.871487 0.797264 -3.060370
v -0.913487 0.797264 -3.070542
v -0.929530 0.797264 -3.087000
v -0.913487 0.797264 -3.103458
v -0.871487 0.797264 -3.113630
v -0.819573 0.797264 -3.113630
v -0.777573 0.797264 -3.103458
f 509 512 511
f 510 551 552
f 511 512 522
f 511 522 521
f 521 522 532
f 521 532 531
f 531 532 542
f 531 542 541
f 541 542 552
f 541 552 551
f 509 513 512
f 510 552 553
f 512 513 523
f 512 523 522
f 522 523 533
f 522 533 532
f 532 533 543
f 532 543 542
f 542 543 553
f 542 553 552
f 509 514 513
f 510 553 554
f 513 514 524
f 513 524 523
f 523 524 534
f 523 534 533
f 533 534 544
f 533 544 543
f 543 544 554
f 543 554 553
f 509 515 514
f 510 554 555
f 514 515 525
f 514 525 524
f 524 525 535
f 524 535 534
f 534 535 545
f 534 545 544
f 544 545 555
f 544 555 554
f 509 516 515
f 510 555 556
f 515 516 526
f 515 526 525
f 525 526 536
f 525 536 535
f 535 536 546
f 535 546 545
f 545 546 556
f 545 556 555
f 509 517 516
f 510 556 557
f 516 517 527
f 516 527 526
f 526 527 537
f 526 537 536
f 536 537 547
f 536 547 546
f 546 547 557
f 546 557 556
f 509 518 517
f 510 557 558
f 517 518 528
f 517 528 527
f 527 528 538
f 527 538 537
f 537 538 548
f 537 548 547
f 547 548 558
f 547 558 557
f 509 519 518
f 510 558 559
f 518 519 529
f 518 529 528
f 528 529 539
f 528 539 538
f 538 539 549
f 538 549 548
f 548 549 559
f 548 559 558
f 509 520 519
f 510 559 560
f 519 520 530
f 519 530 529
f 529 530 540
f 529 540 539
f 539 540 550
f 539 550 549
f 549 550 560
f 549 560 559
f 509 511 520
f 510 560 551
f 520 511 521
f 520 521 530
f 530 521 531
f 530 531 540
f 540 531 541
f 540 541 550
f 550 541 551
f 550 551 560
o LeftShine
usemtl color_15
s off
v -0.747530 1.414000 -3.154200
v -0.747530 1.190000 -3.154200
v -0.705530 1.398995 -3.154200
v -0.713551 1.398995 -3.144942
v -0.734551 1.398995 -3.139221
v -0.760509 1.398995 -3.139221
v -0.781509 1.398995 -3.144942
v -0.789530 1.398995 -3.154200
v -0.781509 1.398995 -3.163458
v -0.760509 1.398995 -3.169179
v -0.734551 1.398995 -3.169179
v -0.713551 1.398995 -3.163458
v -0.674784 1.358000 -3.154200
v -0.688677 1.358000 -3.138165
v -0.725050 1.358000 -3.128255
v -0.770010 1.358000 -3.128255
v -0.806383 1.358000 -3.138165
v -0.820276 1.358000 -3.154200
v -0.806383 1.358000 -3.170235
v -0.770010 1.358000 -3.180145
v -0.725050 1.358000 -3.180145
v -0.688677 1.358000 -3.170235
v -0.663530 1.302000 -3.154200
v -0.679573 1.302000 -3.135685
v -0.721573 1.302000 -3.124242
v -0.773487 1.302000 -3.124242
v -0.815487 1.302000 -3.135685
v -0.831530 1.302000 -3.154200
v -0.815487 1.302000 -3.172715
v -0.773487 1.302000 -3.184158
v -0.721573 1.302000 -3.184158
v -0.679573 1.302000 -3.172715
v -0.674784 1.246000 -3.154200
v -0.688677 1.246000 -3.138165
v -0.725050 1.246000 -3.128255
v -0.770010 1.246000 -3.128255
v -0.806383 1.246000 -3.138165
v -0.820276 1.246000 -3.154200
v -0.806383 1.246000 -3.170235
v -0.770010 1.246000 -3.180145
v -0.725050 1.246000 -3.180145
v -0.688677 1.246000 -3.170235
v -0.705530 1.205005 -3.154200
v -0.713551 1.205005 -3.144942
v -0.734551 1.205005 -3.139221
v -0.760509 1.205005 -3.139221
v -0.781509 1.205005 -3.144942
v -0.789530 1.205005 -3.154200
v -0.781509 1.205005 -3.163458
v -0.760509 1.205005 -3.169179
v -0.734551 1.205005 -3.169179
v -0.713551 1.205005 -3.163458
f 561 564 563
f 562 603 604
f 563 564 574
f 563 574 573
f 573 574 584
f 573 584 583
f 583 584 594
f 583 594 593
f 593 594 604
f 593 604 603
f 561 565 564
f 562 604 605
f 564 565 575
f 564 575 574
f 574 575 585
f 574 585 584
f 584 585 595
f 584 595 594
f 594 595 605
f 594 605 604
f 561 566 565
f 562 605 606
f 565 566 576
f 565 576 575
f 575 576 586
f 575 586 585
f 585 586 596
f 585 596 595
f 595 596 606
f 595 606 605
f 561 567 566
f 562 606 607
f 566 567 577
f 566 577 576
f 576 577 587
f 576 587 586
f 586 587 597
f 586 597 596
f 596 597 607
f 596 607 606
f 561 568 567
f 562 607 608
f 567 568 578
f 567 578 577
f 577 578 588
f 577 588 587
f 587 588 598
f 587 598 597
f 597 598 608
f 597 608 607
f 561 569 568
f 562 608 609
f 568 569 579
f 568 579 578
f 578 579 589
f 578 589 588
f 588 589 599
f 588 599 598
f 598 599 609
f 598 609 608
f 561 570 569
f 562 609 610
f 569 570 580
f 569 580 579
f 579 580 590
f 579 590 589
f 589 590 600
f 589 600 599
f 599 600 610
f 599 610 609
f 561 571 570
f 562 610 611
f 570 571 581
f 570 581 580
f 580 581 591
f 580 591 590
f 590 591 601
f 590 601 600
f 600 601 611
f 600 611 610
f 561 572 571
f 562 611 612
f 571 572 582
f 571 582 581
f 581 582 592
f 581 592 591
f 591 592 602
f 591 602 601
f 601 602 612
f 601 612 611
f 561 563 572
f 562 612 603
f 572 563 573
f 572 573 582
f 582 573 583
f 582 583 592
f 592 583 593
f 592 593 602
f 602 593 603
f 602 603 612
o RightEyeRim
usemtl color_16
s off
v 0.887530 1.610000 -2.751000
v 0.887530 0.518000 -2.751000
v 1.118530 1.536850 -2.751000
v 1.074413 1.536850 -2.713970
v 0.958913 1.536850 -2.691083
v 0.816147 1.536850 -2.691083
v 0.700647 1.536850 -2.713970
v 0.656530 1.536850 -2.751000
v 0.700647 1.536850 -2.788030
v 0.816147 1.536850 -2.810917
v 0.958913 1.536850 -2.810917
v 1.074413 1.536850 -2.788030
v 1.287634 1.337000 -2.751000
v 1.211221 1.337000 -2.686861
v 1.011169 1.337000 -2.647221
v 0.763891 1.337000 -2.647221
v 0.563839 1.337000 -2.686861
v 0.487426 1.337000 -2.751000
v 0.563839 1.337000 -2.815139
v 0.763891 1.337000 -2.854779
v 1.011169 1.337000 -2.854779
v 1.211221 1.337000 -2.815139
v 1.349530 1.064000 -2.751000
v 1.261296 1.064000 -2.676939
v 1.030296 1.064000 -2.631167
v 0.744764 1.064000 -2.631167
v 0.513764 1.064000 -2.676939
v 0.425530 1.064000 -2.751000
v 0.513764 1.064000 -2.825061
v 0.744764 1.064000 -2.870833
v 1.030296 1.064000 -2.870833
v 1.261296 1.064000 -2.825061
v 1.287634 0.791000 -2.751000
v 1.211221 0.791000 -2.686861
v 1.011169 0.791000 -2.647221
v 0.763891 0.791000 -2.647221
v 0.563839 0.791000 -2.686861
v 0.487426 0.791000 -2.751000
v 0.563839 0.791000 -2.815139
v 0.763891 0.791000 -2.854779
v 1.011169 0.791000 -2.854779
v 1.211221 0.791000 -2.815139
v 1.118530 0.591150 -2.751000
v 1.074413 0.591150 -2.713970
v 0.958913 0.591150 -2.691083
v 0.816147 0.591150 -2.691083
v 0.700647 0.591150 -2.713970
v 0.656530 0.591150 -2.751000
v 0.700647 0.591150 -2.788030
v 0.816147 0.591150 -2.810917
v 0.958913 0.591150 -2.810917
v 1.074413 0.591150 -2.788030
f 613 616 615
f 614 655 656
f 615 616 626
f 615 626 625
f 625 626 636
f 625 636 635
f 635 636 646
f 635 646 645
f 645 646 656
f 645 656 655
f 613 617 616
f 614 656 657
f 616 617 627
f 616 627 626
f 626 627 637
f 626 637 636
f 636 637 647
f 636 647 646
f 646 647 657
f 646 657 656
f 613 618 617
f 614 657 658
f 617 618 628
f 617 628 627
f 627 628 638
f 627 638 637
f 637 638 648
f 637 648 647
f 647 648 658
f 647 658 657
f 613 619 618
f 614 658 659
f 618 619 629
f 618 629 628
f 628 629 639
f 628 639 638
f 638 639 649
f 638 649 648
f 648 649 659
f 648 659 658
f 613 620 619
f 614 659 660
f 619 620 630
f 619 630 629
f 629 630 640
f 629 640 639
f 639 640 650
f 639 650 649
f 649 650 660
f 649 660 659
f 613 621 620
f 614 660 661
f 620 621 631
f 620 631 630
f 630 631 641
f 630 641 640
f 640 641 651
f 640 651 650
f 650 651 661
f 650 661 660
f 613 622 621
f 614 661 662
f 621 622 632
f 621 632 631
f 631 632 642
f 631 642 641
f 641 642 652
f 641 652 651
f 651 652 662
f 651 662 661
f 613 623 622
f 614 662 663
f 622 623 633
f 622 633 632
f 632 633 643
f 632 643 642
f 642 643 653
f 642 653 652
f 652 653 663
f 652 663 662
f 613 624 623
f 614 663 664
f 623 624 634
f 623 634 633
f 633 634 644
f 633 644 643
f 643 644 654
f 643 654 653
f 653 654 664
f 653 664 663
f 613 615 624
f 614 664 655
f 624 615 625
f 624 625 634
f 634 625 635
f 634 635 644
f 644 635 645
f 644 645 654
f 654 645 655
f 654 655 664
o RightEyeWhite
usemtl color_17
s off
v 0.887530 1.554000 -2.884000
v 0.887530 0.574000 -2.884000
v 1.087030 1.488352 -2.884000
v 1.048929 1.488352 -2.851084
v 0.949179 1.488352 -2.830741
v 0.825881 1.488352 -2.830741
v 0.726131 1.488352 -2.851084
v 0.688030 1.488352 -2.884000
v 0.726131 1.488352 -2.916916
v 0.825881 1.488352 -2.937259
v 0.949179 1.488352 -2.937259
v 1.048929 1.488352 -2.916916
v 1.233074 1.309000 -2.884000
v 1.167081 1.309000 -2.826988
v 0.994309 1.309000 -2.791752
v 0.780751 1.309000 -2.791752
v 0.607979 1.309000 -2.826988
v 0.541986 1.309000 -2.884000
v 0.607979 1.309000 -2.941012
v 0.780751 1.309000 -2.976248
v 0.994309 1.309000 -2.976248
v 1.167081 1.309000 -2.941012
v 1.286530 1.064000 -2.884000
v 1.210328 1.064000 -2.818168
v 1.010828 1.064000 -2.777482
v 0.764232 1.064000 -2.777482
v 0.564732 1.064000 -2.818168
v 0.488530 1.064000 -2.884000
v 0.564732 1.064000 -2.949832
v 0.764232 1.064000 -2.990518
v 1.010828 1.064000 -2.990518
v 1.210328 1.064000 -2.949832
v 1.233074 0.819000 -2.884000
v 1.167081 0.819000 -2.826988
v 0.994309 0.819000 -2.791752
v 0.780751 0.819000 -2.791752
v 0.607979 0.819000 -2.826988
v 0.541986 0.819000 -2.884000
v 0.607979 0.819000 -2.941012
v 0.780751 0.819000 -2.976248
v 0.994309 0.819000 -2.976248
v 1.167081 0.819000 -2.941012
v 1.087030 0.639648 -2.884000
v 1.048929 0.639648 -2.851084
v 0.949179 0.639648 -2.830741
v 0.825881 0.639648 -2.830741
v 0.726131 0.639648 -2.851084
v 0.688030 0.639648 -2.884000
v 0.726131 0.639648 -2.916916
v 0.825881 0.639648 -2.937259
v 0.949179 0.639648 -2.937259
v 1.048929 0.639648 -2.916916
f 665 668 667
f 666 707 708
f 667 668 678
f 667 678 677
f 677 678 688
f 677 688 687
f 687 688 698
f 687 698 697
f 697 698 708
f 697 708 707
f 665 669 668
f 666 708 709
f 668 669 679
f 668 679 678
f 678 679 689
f 678 689 688
f 688 689 699
f 688 699 698
f 698 699 709
f 698 709 708
f 665 670 669
f 666 709 710
f 669 670 680
f 669 680 679
f 679 680 690
f 679 690 689
f 689 690 700
f 689 700 699
f 699 700 710
f 699 710 709
f 665 671 670
f 666 710 711
f 670 671 681
f 670 681 680
f 680 681 691
f 680 691 690
f 690 691 701
f 690 701 700
f 700 701 711
f 700 711 710
f 665 672 671
f 666 711 712
f 671 672 682
f 671 682 681
f 681 682 692
f 681 692 691
f 691 692 702
f 691 702 701
f 701 702 712
f 701 712 711
f 665 673 672
f 666 712 713
f 672 673 683
f 672 683 682
f 682 683 693
f 682 693 692
f 692 693 703
f 692 703 702
f 702 703 713
f 702 713 712
f 665 674 673
f 666 713 714
f 673 674 684
f 673 684 683
f 683 684 694
f 683 694 693
f 693 694 704
f 693 704 703
f 703 704 714
f 703 714 713
f 665 675 674
f 666 714 715
f 674 675 685
f 674 685 684
f 684 685 695
f 684 695 694
f 694 695 705
f 694 705 704
f 704 705 715
f 704 715 714
f 665 676 675
f 666 715 716
f 675 676 686
f 675 686 685
f 685 686 696
f 685 696 695
f 695 696 706
f 695 706 705
f 705 706 716
f 705 716 715
f 665 667 676
f 666 716 707
f 676 667 677
f 676 677 686
f 686 677 687
f 686 687 696
f 696 687 697
f 696 697 706
f 706 697 707
f 706 707 716
o RightIris
usemtl color_18
s off
v 0.852530 1.470000 -3.010000
v 0.852530 0.658000 -3.010000
v 0.989030 1.415606 -3.010000
v 0.962961 1.415606 -2.983256
v 0.894711 1.415606 -2.966727
v 0.810349 1.415606 -2.966727
v 0.742099 1.415606 -2.983256
v 0.716030 1.415606 -3.010000
v 0.742099 1.415606 -3.036744
v 0.810349 1.415606 -3.053273
v 0.894711 1.415606 -3.053273
v 0.962961 1.415606 -3.036744
v 1.088955 1.267000 -3.010000
v 1.043802 1.267000 -2.963678
v 0.925589 1.267000 -2.935049
v 0.779471 1.267000 -2.935049
v 0.661258 1.267000 -2.963678
v 0.616105 1.267000 -3.010000
v 0.661258 1.267000 -3.056322
v 0.779471 1.267000 -3.084951
v 0.925589 1.267000 -3.084951
v 1.043802 1.267000 -3.056322
v 1.125530 1.064000 -3.010000
v 1.073392 1.064000 -2.956512
v 0.936892 1.064000 -2.923454
v 0.768168 1.064000 -2.923454
v 0.631668 1.064000 -2.956512
v 0.579530 1.064000 -3.010000
v 0.631668 1.064000 -3.063488
v 0.768168 1.064000 -3.096546
v 0.936892 1.064000 -3.096546
v 1.073392 1.064000 -3.063488
v 1.088955 0.861000 -3.010000
v 1.043802 0.861000 -2.963678
v 0.925589 0.861000 -2.935049
v 0.779471 0.861000 -2.935049
v 0.661258 0.861000 -2.963678
v 0.616105 0.861000 -3.010000
v 0.661258 0.861000 -3.056322
v 0.779471 0.861000 -3.084951
v 0.925589 0.861000 -3.084951
v 1.043802 0.861000 -3.056322
v 0.989030 0.712394 -3.010000
v 0.962961 0.712394 -2.983256
v 0.894711 0.712394 -2.966727
v 0.810349 0.712394 -2.966727
v 0.742099 0.712394 -2.983256
v 0.716030 0.712394 -3.010000
v 0.742099 0.712394 -3.036744
v 0.810349 0.712394 -3.053273
v 0.894711 0.712394 -3.053273
v 0.962961 0.712394 -3.036744
f 717 720 719
f 718 759 760
f 719 720 730
f 719 730 729
f 729 730 740
f 729 740 739
f 739 740 750
f 739 750 749
f 749 750 760
f 749 760 759
f 717 721 720
f 718 760 761
f 720 721 731
f 720 731 730
f 730 731 741
f 730 741 740
f 740 741 751
f 740 751 750
f 750 751 761
f 750 761 760
f 717 722 721
f 718 761 762
f 721 722 732
f 721 732 731
f 731 732 742
f 731 742 741
f 741 742 752
f 741 752 751
f 751 752 762
f 751 762 761
f 717 723 722
f 718 762 763
f 722 723 733
f 722 733 732
f 732 733 743
f 732 743 742
f 742 743 753
f 742 753 752
f 752 753 763
f 752 763 762
f 717 724 723
f 718 763 764
f 723 724 734
f 723 734 733
f 733 734 744
f 733 744 743
f 743 744 754
f 743 754 753
f 753 754 764
f 753 764 763
f 717 725 724
f 718 764 765
f 724 725 735
f 724 735 734
f 734 735 745
f 734 745 744
f 744 745 755
f 744 755 754
f 754 755 765
f 754 765 764
f 717 726 725
f 718 765 766
f 725 726 736
f 725 736 735
f 735 736 746
f 735 746 745
f 745 746 756
f 745 756 755
f 755 756 766
f 755 766 765
f 717 727 726
f 718 766 767
f 726 727 737
f 726 737 736
f 736 737 747
f 736 747 746
f 746 747 757
f 746 757 756
f 756 757 767
f 756 767 766
f 717 728 727
f 718 767 768
f 727 728 738
f 727 738 737
f 737 738 748
f 737 748 747
f 747 748 758
f 747 758 757
f 757 758 768
f 757 768 767
f 717 719 728
f 718 768 759
f 728 719 729
f 728 729 738
f 738 729 739
f 738 739 748
f 748 739 749
f 748 749 758
f 758 749 759
f 758 759 768
o RightPupil
usemtl color_19
s off
v 0.845530 1.372000 -3.087000
v 0.845530 0.756000 -3.087000
v 0.929530 1.330736 -3.087000
v 0.913487 1.330736 -3.070542
v 0.871487 1.330736 -3.060370
v 0.819573 1.330736 -3.060370
v 0.777573 1.330736 -3.070542
v 0.761530 1.330736 -3.087000
v 0.777573 1.330736 -3.103458
v 0.819573 1.330736 -3.113630
v 0.871487 1.330736 -3.113630
v 0.913487 1.330736 -3.103458
v 0.991022 1.218000 -3.087000
v 0.963236 1.218000 -3.058494
v 0.890490 1.218000 -3.040876
v 0.800570 1.218000 -3.040876
v 0.727824 1.218000 -3.058494
v 0.700038 1.218000 -3.087000
v 0.727824 1.218000 -3.115506
v 0.800570 1.218000 -3.133124
v 0.890490 1.218000 -3.133124
v 0.963236 1.218000 -3.115506
v 1.013530 1.064000 -3.087000
v 0.981445 1.064000 -3.054084
v 0.897445 1.064000 -3.033741
v 0.793615 1.064000 -3.033741
v 0.709615 1.064000 -3.054084
v 0.677530 1.064000 -3.087000
v 0.709615 1.064000 -3.119916
v 0.793615 1.064000 -3.140259
v 0.897445 1.064000 -3.140259
v 0.981445 1.064000 -3.119916
v 0.991022 0.910000 -3.087000
v 0.963236 0.910000 -3.058494
v 0.890490 0.910000 -3.040876
v 0.800570 0.910000 -3.040876
v 0.727824 0.910000 -3.058494
v 0.700038 0.910000 -3.087000
v 0.727824 0.910000 -3.115506
v 0.800570 0.910000 -3.133124
v 0.890490 0.910000 -3.133124
v 0.963236 0.910000 -3.115506
v 0.929530 0.797264 -3.087000
v 0.913487 0.797264 -3.070542
v 0.871487 0.797264 -3.060370
v 0.819573 0.797264 -3.060370
v 0.777573 0.797264 -3.070542
v 0.761530 0.797264 -3.087000
v 0.777573 0.797264 -3.103458
v 0.819573 0.797264 -3.113630
v 0.871487 0.797264 -3.113630
v 0.913487 0.797264 -3.103458
f 769 772 771
f 770 811 812
f 771 772 782
f 771 782 781
f 781 782 792
f 781 792 791
f 791 792 802
f 791 802 801
f 801 802 812
f 801 812 811
f 769 773 772
f 770 812 813
f 772 773 783
f 772 783 782
f 782 783 793
f 782 793 792
f 792 793 803
f 792 803 802
f 802 803 813
f 802 813 812
f 769 774 773
f 770 813 814
f 773 774 784
f 773 784 783
f 783 784 794
f 783 794 793
f 793 794 804
f 793 804 803
f 803 804 814
f 803 814 813
f 769 775 774
f 770 814 815
f 774 775 785
f 774 785 784
f 784 785 795
f 784 795 794
f 794 795 805
f 794 805 804
f 804 805 815
f 804 815 814
f 769 776 775
f 770 815 816
f 775 776 786
f 775 786 785
f 785 786 796
f 785 796 795
f 795 796 806
f 795 806 805
f 805 806 816
f 805 816 815
f 769 777 776
f 770 816 817
f 776 777 787
f 776 787 786
f 786 787 797
f 786 797 796
f 796 797 807
f 796 807 806
f 806 807 817
f 806 817 816
f 769 778 777
f 770 817 818
f 777 778 788
f 777 788 787
f 787 788 798
f 787 798 797
f 797 798 808
f 797 808 807
f 807 808 818
f 807 818 817
f 769 779 778
f 770 818 819
f 778 779 789
f 778 789 788
f 788 789 799
f 788 799 798
f 798 799 809
f 798 809 808
f 808 809 819
f 808 819 818
f 769 780 779
f 770 819 820
f 779 780 790
f 779 790 789
f 789 790 800
f 789 800 799
f 799 800 810
f 799 810 809
f 809 810 820
f 809 820 819
f 769 771 780
f 770 820 811
f 780 771 781
f 780 781 790
f 790 781 791
f 790 791 800
f 800 791 801
f 800 801 810
f 810 801 811
f 810 811 820
o RightShine
usemtl color_20
s off
v 0.747530 1.414000 -3.154200
v 0.747530 1.190000 -3.154200
v 0.789530 1.398995 -3.154200
v 0.781509 1.398995 -3.144942
v 0.760509 1.398995 -3.139221
v 0.734551 1.398995 -3.139221
v 0.713551 1.398995 -3.144942
v 0.705530 1.398995 -3.154200
v 0.713551 1.398995 -3.163458
v 0.734551 1.398995 -3.169179
v 0.760509 1.398995 -3.169179
v 0.781509 1.398995 -3.163458
v 0.820276 1.358000 -3.154200
v 0.806383 1.358000 -3.138165
v 0.770010 1.358000 -3.128255
v 0.725050 1.358000 -3.128255
v 0.688677 1.358000 -3.138165
v 0.674784 1.358000 -3.154200
v 0.688677 1.358000 -3.170235
v 0.725050 1.358000 -3.180145
v 0.770010 1.358000 -3.180145
v 0.806383 1.358000 -3.170235
v 0.831530 1.302000 -3.154200
v 0.815487 1.302000 -3.135685
v 0.773487 1.302000 -3.124242
v 0.721573 1.302000 -3.124242
v 0.679573 1.302000 -3.135685
v 0.663530 1.302000 -3.154200
v 0.679573 1.302000 -3.172715
v 0.721573 1.302000 -3.184158
v 0.773487 1.302000 -3.184158
v 0.815487 1.302000 -3.172715
v 0.820276 1.246000 -3.154200
v 0.806383 1.246000 -3.138165
v 0.770010 1.246000 -3.128255
v 0.725050 1.246000 -3.128255
v 0.688677 1.246000 -3.138165
v 0.674784 1.246000 -3.154200
v 0.688677 1.246000 -3.170235
v 0.725050 1.246000 -3.180145
v 0.770010 1.246000 -3.180145
v 0.806383 1.246000 -3.170235
v 0.789530 1.205005 -3.154200
v 0.781509 1.205005 -3.144942
v 0.760509 1.205005 -3.139221
v 0.734551 1.205005 -3.139221
v 0.713551 1.205005 -3.144942
v 0.705530 1.205005 -3.154200
v 0.713551 1.205005 -3.163458
v 0.734551 1.205005 -3.169179
v 0.760509 1.205005 -3.169179
v 0.781509 1.205005 -3.163458
f 821 824 823
f 822 863 864
f 823 824 834
f 823 834 833
f 833 834 844
f 833 844 843
f 843 844 854
f 843 854 853
f 853 854 864
f 853 864 863
f 821 825 824
f 822 864 865
f 824 825 835
f 824 835 834
f 834 835 845
f 834 845 844
f 844 845 855
f 844 855 854
f 854 855 865
f 854 865 864
f 821 826 825
f 822 865 866
f 825 826 836
f 825 836 835
f 835 836 846
f 835 846 845
f 845 846 856
f 845 856 855
f 855 856 866
f 855 866 865
f 821 827 826
f 822 866 867
f 826 827 837
f 826 837 836
f 836 837 847
f 836 847 846
f 846 847 857
f 846 857 856
f 856 857 867
f 856 867 866
f 821 828 827
f 822 867 868
f 827 828 838
f 827 838 837
f 837 838 848
f 837 848 847
f 847 848 858
f 847 858 857
f 857 858 868
f 857 868 867
f 821 829 828
f 822 868 869
f 828 829 839
f 828 839 838
f 838 839 849
f 838 849 848
f 848 849 859
f 848 859 858
f 858 859 869
f 858 869 868
f 821 830 829
f 822 869 870
f 829 830 840
f 829 840 839
f 839 840 850
f 839 850 849
f 849 850 860
f 849 860 859
f 859 860 870
f 859 870 869
f 821 831 830
f 822 870 871
f 830 831 841
f 830 841 840
f 840 841 851
f 840 851 850
f 850 851 861
f 850 861 860
f 860 861 871
f 860 871 870
f 821 832 831
f 822 871 872
f 831 832 842
f 831 842 841
f 841 842 852
f 841 852 851
f 851 852 862
f 851 862 861
f 861 862 872
f 861 872 871
f 821 823 832
f 822 872 863
f 832 823 833
f 832 833 842
f 842 833 843
f 842 843 852
f 852 843 853
f 852 853 862
f 862 853 863
f 862 863 872
o LeftEar
usemtl color_21
s off
v -1.715056 2.985837 -1.482343
v -1.140944 0.822163 -1.401657
v -1.248075 2.956849 -1.416713
v -1.343658 2.934705 -1.330428
v -1.566414 2.876729 -1.300105
v -1.831256 2.805067 -1.337326
v -2.037024 2.747092 -1.427874
v -2.105121 2.724947 -1.537163
v -2.009538 2.747092 -1.623448
v -1.786782 2.805067 -1.653771
v -1.521940 2.876729 -1.616550
v -1.316172 2.934705 -1.526002
v -0.829304 2.645751 -1.357859
v -0.994860 2.607396 -1.208409
v -1.380683 2.506979 -1.155888
v -1.839403 2.382858 -1.220357
v -2.195804 2.282441 -1.377191
v -2.313752 2.244086 -1.566484
v -2.148197 2.282441 -1.715934
v -1.762373 2.382858 -1.768455
v -1.303653 2.506979 -1.703987
v -0.947252 2.607396 -1.547153
v -0.570953 2.135902 -1.321550
v -0.762121 2.091613 -1.148980
v -1.207631 1.975662 -1.088334
v -1.737316 1.832338 -1.162776
v -2.148852 1.716387 -1.343872
v -2.285047 1.672098 -1.562450
v -2.093879 1.716387 -1.735020
v -1.648369 1.832338 -1.795666
v -1.118684 1.975662 -1.721224
v -0.707148 2.091613 -1.540128
v -0.542248 1.563914 -1.317516
v -0.707803 1.525559 -1.168066
v -1.093627 1.425142 -1.115545
v -1.552347 1.301021 -1.180013
v -1.908748 1.200604 -1.336847
v -2.026696 1.162249 -1.526141
v -1.861140 1.200604 -1.675591
v -1.475317 1.301021 -1.728112
v -1.016597 1.425142 -1.663643
v -0.660196 1.525559 -1.506809
v -0.750879 1.083053 -1.346837
v -0.846462 1.060908 -1.260552
v -1.069218 1.002933 -1.230229
v -1.334060 0.931271 -1.267450
v -1.539828 0.873295 -1.357998
v -1.607925 0.851151 -1.467287
v -1.512342 0.873295 -1.553572
v -1.289586 0.931271 -1.583895
v -1.024744 1.002933 -1.546674
v -0.818976 1.060908 -1.456126
f 873 876 875
f 874 915 916
f 875 876 886
f 875 886 885
f 885 886 896
f 885 896 895
f 895 896 906
f 895 906 905
f 905 906 916
f 905 916 915
f 873 877 876
f 874 916 917
f 876 877 887
f 876 887 886
f 886 887 897
f 886 897 896
f 896 897 907
f 896 907 906
f 906 907 917
f 906 917 916
f 873 878 877
f 874 917 918
f 877 878 888
f 877 888 887
f 887 888 898
f 887 898 897
f 897 898 908
f 897 908 907
f 907 908 918
f 907 918 917
f 873 879 878
f 874 918 919
f 878 879 889
f 878 889 888
f 888 889 899
f 888 899 898
f 898 899 909
f 898 909 908
f 908 909 919
f 908 919 918
f 873 880 879
f 874 919 920
f 879 880 890
f 879 890 889
f 889 890 900
f 889 900 899
f 899 900 910
f 899 910 909
f 909 910 920
f 909 920 919
f 873 881 880
f 874 920 921
f 880 881 891
f 880 891 890
f 890 891 901
f 890 901 900
f 900 901 911
f 900 911 910
f 910 911 921
f 910 921 920
f 873 882 881
f 874 921 922
f 881 882 892
f 881 892 891
f 891 892 902
f 891 902 901
f 901 902 912
f 901 912 911
f 911 912 922
f 911 922 921
f 873 883 882
f 874 922 923
f 882 883 893
f 882 893 892
f 892 893 903
f 892 903 902
f 902 903 913
f 902 913 912
f 912 913 923
f 912 923 922
f 873 884 883
f 874 923 924
f 883 884 894
f 883 894 893
f 893 894 904
f 893 904 903
f 903 904 914
f 903 914 913
f 913 914 924
f 913 924 923
f 873 875 884
f 874 924 915
f 884 875 885
f 884 885 894
f 894 885 895
f 894 895 904
f 904 895 905
f 904 905 914
f 914 905 915
f 914 915 924
o LeftEarRim
usemtl color_22
s off
v -1.684557 2.898892 -1.842057
v -1.171443 0.965108 -1.769943
v -1.281922 2.868998 -1.785470
v -1.358553 2.849968 -1.750536
v -1.546577 2.800145 -1.748714
v -1.774176 2.738561 -1.780701
v -1.954414 2.688738 -1.834278
v -2.018447 2.669707 -1.888982
v -1.941816 2.688738 -1.923916
v -1.753792 2.738561 -1.925738
v -1.526193 2.800145 -1.893751
v -1.345955 2.849968 -1.840174
v -0.918429 2.588037 -1.734384
v -1.051158 2.555075 -1.673876
v -1.376825 2.468779 -1.670721
v -1.771037 2.362112 -1.726124
v -2.083219 2.275817 -1.818923
v -2.194127 2.242855 -1.913672
v -2.061399 2.275817 -1.974181
v -1.735732 2.362112 -1.977336
v -1.341519 2.468779 -1.921933
v -1.029338 2.555075 -1.829134
v -0.691475 2.131291 -1.702488
v -0.844737 2.093230 -1.632619
v -1.220785 1.993584 -1.628976
v -1.675982 1.870416 -1.692950
v -2.036459 1.770770 -1.800105
v -2.164525 1.732709 -1.909512
v -2.011263 1.770770 -1.979381
v -1.635215 1.870416 -1.983024
v -1.180018 1.993584 -1.919050
v -0.819541 2.093230 -1.811895
v -0.661873 1.621145 -1.698328
v -0.794601 1.588183 -1.637819
v -1.120268 1.501888 -1.634664
v -1.514481 1.395221 -1.690067
v -1.826662 1.308925 -1.782866
v -1.937571 1.275963 -1.877616
v -1.804842 1.308925 -1.938124
v -1.479175 1.395221 -1.941279
v -1.084963 1.501888 -1.885876
v -0.772781 1.588183 -1.793077
v -0.837553 1.194293 -1.723018
v -0.914184 1.175262 -1.688084
v -1.102208 1.125439 -1.686262
v -1.329807 1.063855 -1.718249
v -1.510045 1.014032 -1.771826
v -1.574078 0.995002 -1.826530
v -1.497447 1.014032 -1.861464
v -1.309423 1.063855 -1.863286
v -1.081824 1.125439 -1.831299
v -0.901586 1.175262 -1.777722
f 925 928 927
f 926 967 968
f 927 928 938
f 927 938 937
f 937 938 948
f 937 948 947
f 947 948 958
f 947 958 957
f 957 958 968
f 957 968 967
f 925 929 928
f 926 968 969
f 928 929 939
f 928 939 938
f 938 939 949
f 938 949 948
f 948 949 959
f 948 959 958
f 958 959 969
f 958 969 968
f 925 930 929
f 926 969 970
f 929 930 940
f 929 940 939
f 939 940 950
f 939 950 949
f 949 950 960
f 949 960 959
f 959 960 970
f 959 970 969
f 925 931 930
f 926 970 971
f 930 931 941
f 930 941 940
f 940 941 951
f 940 951 950
f 950 951 961
f 950 961 960
f 960 961 971
f 960 971 970
f 925 932 931
f 926 971 972
f 931 932 942
f 931 942 941
f 941 942 952
f 941 952 951
f 951 952 962
f 951 962 961
f 961 962 972
f 961 972 971
f 925 933 932
f 926 972 973
f 932 933 943
f 932 943 942
f 942 943 953
f 942 953 952
f 952 953 963
f 952 963 962
f 962 963 973
f 962 973 972
f 925 934 933
f 926 973 974
f 933 934 944
f 933 944 943
f 943 944 954
f 943 954 953
f 953 954 964
f 953 964 963
f 963 964 974
f 963 974 973
f 925 935 934
f 926 974 975
f 934 935 945
f 934 945 944
f 944 945 955
f 944 955 954
f 954 955 965
f 954 965 964
f 964 965 975
f 964 975 974
f 925 936 935
f 926 975 976
f 935 936 946
f 935 946 945
f 945 946 956
f 945 956 955
f 955 956 966
f 955 966 965
f 965 966 976
f 965 976 975
f 925 927 936
f 926 976 967
f 936 927 937
f 936 937 946
f 946 937 947
f 946 947 956
f 956 947 957
f 956 957 966
f 966 957 967
f 966 967 976
o LeftEarInner
usemtl color_23
s off
v -1.645086 2.764139 -2.018509
v -1.210914 1.127861 -1.957491
v -1.301305 2.739681 -1.970194
v -1.365129 2.723418 -1.952157
v -1.524778 2.680843 -1.957903
v -1.719271 2.628216 -1.985237
v -1.874319 2.585640 -2.023719
v -1.930699 2.569378 -2.058650
v -1.866875 2.585640 -2.076687
v -1.707226 2.628216 -2.070941
v -1.512733 2.680843 -2.043607
v -1.357685 2.723418 -2.005125
v -0.991472 2.502556 -1.926650
v -1.102018 2.474389 -1.895409
v -1.378538 2.400645 -1.905361
v -1.715411 2.309494 -1.952705
v -1.983962 2.235750 -2.019358
v -2.081614 2.207583 -2.079859
v -1.971068 2.235750 -2.111101
v -1.694548 2.309494 -2.101149
v -1.357676 2.400645 -2.053804
v -1.089125 2.474389 -1.987152
v -0.798606 2.116303 -1.899544
v -0.926254 2.083778 -1.863470
v -1.245552 1.998627 -1.874962
v -1.634538 1.893373 -1.929630
v -1.944634 1.808222 -2.006594
v -2.057394 1.775697 -2.076456
v -1.929746 1.808222 -2.112530
v -1.610448 1.893373 -2.101038
v -1.221462 1.998627 -2.046370
v -0.911366 2.083778 -1.969406
v -0.774386 1.684417 -1.896141
v -0.884932 1.656250 -1.864899
v -1.161452 1.582506 -1.874851
v -1.498324 1.491355 -1.922196
v -1.766875 1.417611 -1.988848
v -1.864528 1.389444 -2.049350
v -1.753982 1.417611 -2.080591
v -1.477462 1.491355 -2.070639
v -1.140589 1.582506 -2.023295
v -0.872038 1.656250 -1.956642
v -0.925301 1.322622 -1.917350
v -0.989125 1.306360 -1.899313
v -1.148774 1.263784 -1.905059
v -1.343267 1.211157 -1.932393
v -1.498315 1.168582 -1.970875
v -1.554695 1.152319 -2.005806
v -1.490871 1.168582 -2.023843
v -1.331222 1.211157 -2.018097
v -1.136729 1.263784 -1.990763
v -0.981681 1.306360 -1.952281
f 977 980 979
f 978 1019 1020
f 979 980 990
f 979 990 989
f 989 990 1000
f 989 1000 999
f 999 1000 1010
f 999 1010 1009
f 1009 1010 1020
f 1009 1020 1019
f 977 981 980
f 978 1020 1021
f 980 981 991
f 980 991 990
f 990 991 1001
f 990 1001 1000
f 1000 1001 1011
f 1000 1011 1010
f 1010 1011 1021
f 1010 1021 1020
f 977 982 981
f 978 1021 1022
f 981 982 992
f 981 992 991
f 991 992 1002
f 991 1002 1001
f 1001 1002 1012
f 1001 1012 1011
f 1011 1012 1022
f 1011 1022 1021
f 977 983 982
f 978 1022 1023
f 982 983 993
f 982 993 992
f 992 993 1003
f 992 1003 1002
f 1002 1003 1013
f 1002 1013 1012
f 1012 1013 1023
f 1012 1023 1022
f 977 984 983
f 978 1023 1024
f 983 984 994
f 983 994 993
f 993 994 1004
f 993 1004 1003
f 1003 1004 1014
f 1003 1014 1013
f 1013 1014 1024
f 1013 1024 1023
f 977 985 984
f 978 1024 1025
f 984 985 995
f 984 995 994
f 994 995 1005
f 994 1005 1004
f 1004 1005 1015
f 1004 1015 1014
f 1014 1015 1025
f 1014 1025 1024
f 977 986 985
f 978 1025 1026
f 985 986 996
f 985 996 995
f 995 996 1006
f 995 1006 1005
f 1005 1006 1016
f 1005 1016 1015
f 1015 1016 1026
f 1015 1026 1025
f 977 987 986
f 978 1026 1027
f 986 987 997
f 986 997 996
f 996 997 1007
f 996 1007 1006
f 1006 1007 1017
f 1006 1017 1016
f 1016 1017 1027
f 1016 1027 1026
f 977 988 987
f 978 1027 1028
f 987 988 998
f 987 998 997
f 997 998 1008
f 997 1008 1007
f 1007 1008 1018
f 1007 1018 1017
f 1017 1018 1028
f 1017 1028 1027
f 977 979 988
f 978 1028 1019
f 988 979 989
f 988 989 998
f 998 989 999
f 998 999 1008
f 1008 999 1009
f 1008 1009 1018
f 1018 1009 1019
f 1018 1019 1028
o LeftCheek
usemtl color_24
s off
v -0.938000 0.392000 -2.954000
v -0.938000 0.000000 -2.954000
v -0.728000 0.365741 -2.954000
v -0.768106 0.365741 -2.921084
v -0.873106 0.365741 -2.900741
v -1.002894 0.365741 -2.900741
v -1.107894 0.365741 -2.921084
v -1.148000 0.365741 -2.954000
v -1.107894 0.365741 -2.986916
v -1.002894 0.365741 -3.007259
v -0.873106 0.365741 -3.007259
v -0.768106 0.365741 -2.986916
v -0.574269 0.294000 -2.954000
v -0.643736 0.294000 -2.896988
v -0.825601 0.294000 -2.861752
v -1.050399 0.294000 -2.861752
v -1.232264 0.294000 -2.896988
v -1.301731 0.294000 -2.954000
v -1.232264 0.294000 -3.011012
v -1.050399 0.294000 -3.046248
v -0.825601 0.294000 -3.046248
v -0.643736 0.294000 -3.011012
v -0.518000 0.196000 -2.954000
v -0.598213 0.196000 -2.888168
v -0.808213 0.196000 -2.847482
v -1.067787 0.196000 -2.847482
v -1.277787 0.196000 -2.888168
v -1.358000 0.196000 -2.954000
v -1.277787 0.196000 -3.019832
v -1.067787 0.196000 -3.060518
v -0.808213 0.196000 -3.060518
v -0.598213 0.196000 -3.019832
v -0.574269 0.098000 -2.954000
v -0.643736 0.098000 -2.896988
v -0.825601 0.098000 -2.861752
v -1.050399 0.098000 -2.861752
v -1.232264 0.098000 -2.896988
v -1.301731 0.098000 -2.954000
v -1.232264 0.098000 -3.011012
v -1.050399 0.098000 -3.046248
v -0.825601 0.098000 -3.046248
v -0.643736 0.098000 -3.011012
v -0.728000 0.026259 -2.954000
v -0.768106 0.026259 -2.921084
v -0.873106 0.026259 -2.900741
v -1.002894 0.026259 -2.900741
v -1.107894 0.026259 -2.921084
v -1.148000 0.026259 -2.954000
v -1.107894 0.026259 -2.986916
v -1.002894 0.026259 -3.007259
v -0.873106 0.026259 -3.007259
v -0.768106 0.026259 -2.986916
f 1029 1032 1031
f 1030 1071 1072
f 1031 1032 1042
f 1031 1042 1041
f 1041 1042 1052
f 1041 1052 1051
f 1051 1052 1062
f 1051 1062 1061
f 1061 1062 1072
f 1061 1072 1071
f 1029 1033 1032
f 1030 1072 1073
f 1032 1033 1043
f 1032 1043 1042
f 1042 1043 1053
f 1042 1053 1052
f 1052 1053 1063
f 1052 1063 1062
f 1062 1063 1073
f 1062 1073 1072
f 1029 1034 1033
f 1030 1073 1074
f 1033 1034 1044
f 1033 1044 1043
f 1043 1044 1054
f 1043 1054 1053
f 1053 1054 1064
f 1053 1064 1063
f 1063 1064 1074
f 1063 1074 1073
f 1029 1035 1034
f 1030 1074 1075
f 1034 1035 1045
f 1034 1045 1044
f 1044 1045 1055
f 1044 1055 1054
f 1054 1055 1065
f 1054 1065 1064
f 1064 1065 1075
f 1064 1075 1074
f 1029 1036 1035
f 1030 1075 1076
f 1035 1036 1046
f 1035 1046 1045
f 1045 1046 1056
f 1045 1056 1055
f 1055 1056 1066
f 1055 1066 1065
f 1065 1066 1076
f 1065 1076 1075
f 1029 1037 1036
f 1030 1076 1077
f 1036 1037 1047
f 1036 1047 1046
f 1046 1047 1057
f 1046 1057 1056
f 1056 1057 1067
f 1056 1067 1066
f 1066 1067 1077
f 1066 1077 1076
f 1029 1038 1037
f 1030 1077 1078
f 1037 1038 1048
f 1037 1048 1047
f 1047 1048 1058
f 1047 1058 1057
f 1057 1058 1068
f 1057 1068 1067
f 1067 1068 1078
f 1067 1078 1077
f 1029 1039 1038
f 1030 1078 1079
f 1038 1039 1049
f 1038 1049 1048
f 1048 1049 1059
f 1048 1059 1058
f 1058 1059 1069
f 1058 1069 1068
f 1068 1069 1079
f 1068 1079 1078
f 1029 1040 1039
f 1030 1079 1080
f 1039 1040 1050
f 1039 1050 1049
f 1049 1050 1060
f 1049 1060 1059
f 1059 1060 1070
f 1059 1070 1069
f 1069 1070 1080
f 1069 1080 1079
f 1029 1031 1040
f 1030 1080 1071
f 1040 1031 1041
f 1040 1041 1050
f 1050 1041 1051
f 1050 1051 1060
f 1060 1051 1061
f 1060 1061 1070
f 1070 1061 1071
f 1070 1071 1080
o LeftWhisker
usemtl color_25
s off
v -1.751152 0.399348 -2.936500
v -0.441357 0.168396 -2.936500
v -0.432848 0.216652 -2.936500
v -1.742643 0.447604 -2.936500
v -1.751152 0.399348 -2.887500
v -0.441357 0.168396 -2.887500
v -0.432848 0.216652 -2.887500
v -1.742643 0.447604 -2.887500
f 1081 1084 1083
f 1081 1083 1082
f 1085 1086 1087
f 1085 1087 1088
f 1081 1085 1088
f 1081 1088 1084
f 1082 1083 1087
f 1082 1087 1086
f 1084 1088 1087
f 1084 1087 1083
f 1081 1082 1086
f 1081 1086 1085
o LeftWhisker_1
usemtl color_26
s off
v -1.807374 -0.092226 -2.936500
v -0.506438 0.184297 -2.936500
v -0.516626 0.232226 -2.936500
v -1.817562 -0.044297 -2.936500
v -1.807374 -0.092226 -2.887500
v -0.506438 0.184297 -2.887500
v -0.516626 0.232226 -2.887500
v -1.817562 -0.044297 -2.887500
f 1089 1092 1091
f 1089 1091 1090
f 1093 1094 1095
f 1093 1095 1096
f 1089 1093 1096
f 1089 1096 1092
f 1090 1091 1095
f 1090 1095 1094
f 1092 1096 1095
f 1092 1095 1091
f 1089 1090 1094
f 1089 1094 1093
o RightEar
usemtl color_27
s off
v 1.715056 2.985837 -1.482343
v 1.140944 0.822163 -1.401657
v 2.105121 2.724947 -1.537163
v 2.037024 2.747092 -1.427874
v 1.831256 2.805067 -1.337326
v 1.566414 2.876729 -1.300105
v 1.343658 2.934705 -1.330428
v 1.248075 2.956849 -1.416713
v 1.316172 2.934705 -1.526002
v 1.521940 2.876729 -1.616550
v 1.786782 2.805067 -1.653771
v 2.009538 2.747092 -1.623448
v 2.313752 2.244086 -1.566484
v 2.195804 2.282441 -1.377191
v 1.839403 2.382858 -1.220357
v 1.380683 2.506979 -1.155888
v 0.994860 2.607396 -1.208409
v 0.829304 2.645751 -1.357859
v 0.947252 2.607396 -1.547153
v 1.303653 2.506979 -1.703987
v 1.762373 2.382858 -1.768455
v 2.148197 2.282441 -1.715934
v 2.285047 1.672098 -1.562450
v 2.148852 1.716387 -1.343872
v 1.737316 1.832338 -1.162776
v 1.207631 1.975662 -1.088334
v 0.762121 2.091613 -1.148980
v 0.570953 2.135902 -1.321550
v 0.707148 2.091613 -1.540128
v 1.118684 1.975662 -1.721224
v 1.648369 1.832338 -1.795666
v 2.093879 1.716387 -1.735020
v 2.026696 1.162249 -1.526141
v 1.908748 1.200604 -1.336847
v 1.552347 1.301021 -1.180013
v 1.093627 1.425142 -1.115545
v 0.707803 1.525559 -1.168066
v 0.542248 1.563914 -1.317516
v 0.660196 1.525559 -1.506809
v 1.016597 1.425142 -1.663643
v 1.475317 1.301021 -1.728112
v 1.861140 1.200604 -1.675591
v 1.607925 0.851151 -1.467287
v 1.539828 0.873295 -1.357998
v 1.334060 0.931271 -1.267450
v 1.069218 1.002933 -1.230229
v 0.846462 1.060908 -1.260552
v 0.750879 1.083053 -1.346837
v 0.818976 1.060908 -1.456126
v 1.024744 1.002933 -1.546674
v 1.289586 0.931271 -1.583895
v 1.512342 0.873295 -1.553572
f 1097 1100 1099
f 1098 1139 1140
f 1099 1100 1110
f 1099 1110 1109
f 1109 1110 1120
f 1109 1120 1119
f 1119 1120 1130
f 1119 1130 1129
f 1129 1130 1140
f 1129 1140 1139
f 1097 1101 1100
f 1098 1140 1141
f 1100 1101 1111
f 1100 1111 1110
f 1110 1111 1121
f 1110 1121 1120
f 1120 1121 1131
f 1120 1131 1130
f 1130 1131 1141
f 1130 1141 1140
f 1097 1102 1101
f 1098 1141 1142
f 1101 1102 1112
f 1101 1112 1111
f 1111 1112 1122
f 1111 1122 1121
f 1121 1122 1132
f 1121 1132 1131
f 1131 1132 1142
f 1131 1142 1141
f 1097 1103 1102
f 1098 1142 1143
f 1102 1103 1113
f 1102 1113 1112
f 1112 1113 1123
f 1112 1123 1122
f 1122 1123 1133
f 1122 1133 1132
f 1132 1133 1143
f 1132 1143 1142
f 1097 1104 1103
f 1098 1143 1144
f 1103 1104 1114
f 1103 1114 1113
f 1113 1114 1124
f 1113 1124 1123
f 1123 1124 1134
f 1123 1134 1133
f 1133 1134 1144
f 1133 1144 1143
f 1097 1105 1104
f 1098 1144 1145
f 1104 1105 1115
f 1104 1115 1114
f 1114 1115 1125
f 1114 1125 1124
f 1124 1125 1135
f 1124 1135 1134
f 1134 1135 1145
f 1134 1145 1144
f 1097 1106 1105
f 1098 1145 1146
f 1105 1106 1116
f 1105 1116 1115
f 1115 1116 1126
f 1115 1126 1125
f 1125 1126 1136
f 1125 1136 1135
f 1135 1136 1146
f 1135 1146 1145
f 1097 1107 1106
f 1098 1146 1147
f 1106 1107 1117
f 1106 1117 1116
f 1116 1117 1127
f 1116 1127 1126
f 1126 1127 1137
f 1126 1137 1136
f 1136 1137 1147
f 1136 1147 1146
f 1097 1108 1107
f 1098 1147 1148
f 1107 1108 1118
f 1107 1118 1117
f 1117 1118 1128
f 1117 1128 1127
f 1127 1128 1138
f 1127 1138 1137
f 1137 1138 1148
f 1137 1148 1147
f 1097 1099 1108
f 1098 1148 1139
f 1108 1099 1109
f 1108 1109 1118
f 1118 1109 1119
f 1118 1119 1128
f 1128 1119 1129
f 1128 1129 1138
f 1138 1129 1139
f 1138 1139 1148
o RightEarRim
usemtl color_28
s off
v 1.684557 2.898892 -1.842057
v 1.171443 0.965108 -1.769943
v 2.018447 2.669707 -1.888982
v 1.954414 2.688738 -1.834278
v 1.774176 2.738561 -1.780701
v 1.546577 2.800145 -1.748714
v 1.358553 2.849968 -1.750536
v 1.281922 2.868998 -1.785470
v 1.345955 2.849968 -1.840174
v 1.526193 2.800145 -1.893751
v 1.753792 2.738561 -1.925738
v 1.941816 2.688738 -1.923916
v 2.194127 2.242855 -1.913672
v 2.083219 2.275817 -1.818923
v 1.771037 2.362112 -1.726124
v 1.376825 2.468779 -1.670721
v 1.051158 2.555075 -1.673876
v 0.918429 2.588037 -1.734384
v 1.029338 2.555075 -1.829134
v 1.341519 2.468779 -1.921933
v 1.735732 2.362112 -1.977336
v 2.061399 2.275817 -1.974181
v 2.164525 1.732709 -1.909512
v 2.036459 1.770770 -1.800105
v 1.675982 1.870416 -1.692950
v 1.220785 1.993584 -1.628976
v 0.844737 2.093230 -1.632619
v 0.691475 2.131291 -1.702488
v 0.819541 2.093230 -1.811895
v 1.180018 1.993584 -1.919050
v 1.635215 1.870416 -1.983024
v 2.011263 1.770770 -1.979381
v 1.937571 1.275963 -1.877616
v 1.826662 1.308925 -1.782866
v 1.514481 1.395221 -1.690067
v 1.120268 1.501888 -1.634664
v 0.794601 1.588183 -1.637819
v 0.661873 1.621145 -1.698328
v 0.772781 1.588183 -1.793077
v 1.084963 1.501888 -1.885876
v 1.479175 1.395221 -1.941279
v 1.804842 1.308925 -1.938124
v 1.574078 0.995002 -1.826530
v 1.510045 1.014032 -1.771826
v 1.329807 1.063855 -1.718249
v 1.102208 1.125439 -1.686262
v 0.914184 1.175262 -1.688084
v 0.837553 1.194293 -1.723018
v 0.901586 1.175262 -1.777722
v 1.081824 1.125439 -1.831299
v 1.309423 1.063855 -1.863286
v 1.497447 1.014032 -1.861464
f 1149 1152 1151
f 1150 1191 1192
f 1151 1152 1162
f 1151 1162 1161
f 1161 1162 1172
f 1161 1172 1171
f 1171 1172 1182
f 1171 1182 1181
f 1181 1182 1192
f 1181 1192 1191
f 1149 1153 1152
f 1150 1192 1193
f 1152 1153 1163
f 1152 1163 1162
f 1162 1163 1173
f 1162 1173 1172
f 1172 1173 1183
f 1172 1183 1182
f 1182 1183 1193
f 1182 1193 1192
f 1149 1154 1153
f 1150 1193 1194
f 1153 1154 1164
f 1153 1164 1163
f 1163 1164 1174
f 1163 1174 1173
f 1173 1174 1184
f 1173 1184 1183
f 1183 1184 1194
f 1183 1194 1193
f 1149 1155 1154
f 1150 1194 1195
f 1154 1155 1165
f 1154 1165 1164
f 1164 1165 1175
f 1164 1175 1174
f 1174 1175 1185
f 1174 1185 1184
f 1184 1185 1195
f 1184 1195 1194
f 1149 1156 1155
f 1150 1195 1196
f 1155 1156 1166
f 1155 1166 1165
f 1165 1166 1176
f 1165 1176 1175
f 1175 1176 1186
f 1175 1186 1185
f 1185 1186 1196
f 1185 1196 1195
f 1149 1157 1156
f 1150 1196 1197
f 1156 1157 1167
f 1156 1167 1166
f 1166 1167 1177
f 1166 1177 1176
f 1176 1177 1187
f 1176 1187 1186
f 1186 1187 1197
f 1186 1197 1196
f 1149 1158 1157
f 1150 1197 1198
f 1157 1158 1168
f 1157 1168 1167
f 1167 1168 1178
f 1167 1178 1177
f 1177 1178 1188
f 1177 1188 1187
f 1187 1188 1198
f 1187 1198 1197
f 1149 1159 1158
f 1150 1198 1199
f 1158 1159 1169
f 1158 1169 1168
f 1168 1169 1179
f 1168 1179 1178
f 1178 1179 1189
f 1178 1189 1188
f 1188 1189 1199
f 1188 1199 1198
f 1149 1160 1159
f 1150 1199 1200
f 1159 1160 1170
f 1159 1170 1169
f 1169 1170 1180
f 1169 1180 1179
f 1179 1180 1190
f 1179 1190 1189
f 1189 1190 1200
f 1189 1200 1199
f 1149 1151 1160
f 1150 1200 1191
f 1160 1151 1161
f 1160 1161 1170
f 1170 1161 1171
f 1170 1171 1180
f 1180 1171 1181
f 1180 1181 1190
f 1190 1181 1191
f 1190 1191 1200
o RightEarInner
usemtl color_29
s off
v 1.645086 2.764139 -2.018509
v 1.210914 1.127861 -1.957491
v 1.930699 2.569378 -2.058650
v 1.874319 2.585640 -2.023719
v 1.719271 2.628216 -1.985237
v 1.524778 2.680843 -1.957903
v 1.365129 2.723418 -1.952157
v 1.301305 2.739681 -1.970194
v 1.357685 2.723418 -2.005125
v 1.512733 2.680843 -2.043607
v 1.707226 2.628216 -2.070941
v 1.866875 2.585640 -2.076687
v 2.081614 2.207583 -2.079859
v 1.983962 2.235750 -2.019358
v 1.715411 2.309494 -1.952705
v 1.378538 2.400645 -1.905361
v 1.102018 2.474389 -1.895409
v 0.991472 2.502556 -1.926650
v 1.089125 2.474389 -1.987152
v 1.357676 2.400645 -2.053804
v 1.694548 2.309494 -2.101149
v 1.971068 2.235750 -2.111101
v 2.057394 1.775697 -2.076456
v 1.944634 1.808222 -2.006594
v 1.634538 1.893373 -1.929630
v 1.245552 1.998627 -1.874962
v 0.926254 2.083778 -1.863470
v 0.798606 2.116303 -1.899544
v 0.911366 2.083778 -1.969406
v 1.221462 1.998627 -2.046370
v 1.610448 1.893373 -2.101038
v 1.929746 1.808222 -2.112530
v 1.864528 1.389444 -2.049350
v 1.766875 1.417611 -1.988848
v 1.498324 1.491355 -1.922196
v 1.161452 1.582506 -1.874851
v 0.884932 1.656250 -1.864899
v 0.774386 1.684417 -1.896141
v 0.872038 1.656250 -1.956642
v 1.140589 1.582506 -2.023295
v 1.477462 1.491355 -2.070639
v 1.753982 1.417611 -2.080591
v 1.554695 1.152319 -2.005806
v 1.498315 1.168582 -1.970875
v 1.343267 1.211157 -1.932393
v 1.148774 1.263784 -1.905059
v 0.989125 1.306360 -1.899313
v 0.925301 1.322622 -1.917350
v 0.981681 1.306360 -1.952281
v 1.136729 1.263784 -1.990763
v 1.331222 1.211157 -2.018097
v 1.490871 1.168582 -2.023843
f 1201 1204 1203
f 1202 1243 1244
f 1203 1204 1214
f 1203 1214 1213
f 1213 1214 1224
f 1213 1224 1223
f 1223 1224 1234
f 1223 1234 1233
f 1233 1234 1244
f 1233 1244 1243
f 1201 1205 1204
f 1202 1244 1245
f 1204 1205 1215
f 1204 1215 1214
f 1214 1215 1225
f 1214 1225 1224
f 1224 1225 1235
f 1224 1235 1234
f 1234 1235 1245
f 1234 1245 1244
f 1201 1206 1205
f 1202 1245 1246
f 1205 1206 1216
f 1205 1216 1215
f 1215 1216 1226
f 1215 1226 1225
f 1225 1226 1236
f 1225 1236 1235
f 1235 1236 1246
f 1235 1246 1245
f 1201 1207 1206
f 1202 1246 1247
f 1206 1207 1217
f 1206 1217 1216
f 1216 1217 1227
f 1216 1227 1226
f 1226 1227 1237
f 1226 1237 1236
f 1236 1237 1247
f 1236 1247 1246
f 1201 1208 1207
f 1202 1247 1248
f 1207 1208 1218
f 1207 1218 1217
f 1217 1218 1228
f 1217 1228 1227
f 1227 1228 1238
f 1227 1238 1237
f 1237 1238 1248
f 1237 1248 1247
f 1201 1209 1208
f 1202 1248 1249
f 1208 1209 1219
f 1208 1219 1218
f 1218 1219 1229
f 1218 1229 1228
f 1228 1229 1239
f 1228 1239 1238
f 1238 1239 1249
f 1238 1249 1248
f 1201 1210 1209
f 1202 1249 1250
f 1209 1210 1220
f 1209 1220 1219
f 1219 1220 1230
f 1219 1230 1229
f 1229 1230 1240
f 1229 1240 1239
f 1239 1240 1250
f 1239 1250 1249
f 1201 1211 1210
f 1202 1250 1251
f 1210 1211 1221
f 1210 1221 1220
f 1220 1221 1231
f 1220 1231 1230
f 1230 1231 1241
f 1230 1241 1240
f 1240 1241 1251
f 1240 1251 1250
f 1201 1212 1211
f 1202 1251 1252
f 1211 1212 1222
f 1211 1222 1221
f 1221 1222 1232
f 1221 1232 1231
f 1231 1232 1242
f 1231 1242 1241
f 1241 1242 1252
f 1241 1252 1251
f 1201 1203 1212
f 1202 1252 1243
f 1212 1203 1213
f 1212 1213 1222
f 1222 1213 1223
f 1222 1223 1232
f 1232 1223 1233
f 1232 1233 1242
f 1242 1233 1243
f 1242 1243 1252
o RightCheek
usemtl color_30
s off
v 0.938000 0.392000 -2.954000
v 0.938000 0.000000 -2.954000
v 1.148000 0.365741 -2.954000
v 1.107894 0.365741 -2.921084
v 1.002894 0.365741 -2.900741
v 0.873106 0.365741 -2.900741
v 0.768106 0.365741 -2.921084
v 0.728000 0.365741 -2.954000
v 0.768106 0.365741 -2.986916
v 0.873106 0.365741 -3.007259
v 1.002894 0.365741 -3.007259
v 1.107894 0.365741 -2.986916
v 1.301731 0.294000 -2.954000
v 1.232264 0.294000 -2.896988
v 1.050399 0.294000 -2.861752
v 0.825601 0.294000 -2.861752
v 0.643736 0.294000 -2.896988
v 0.574269 0.294000 -2.954000
v 0.643736 0.294000 -3.011012
v 0.825601 0.294000 -3.046248
v 1.050399 0.294000 -3.046248
v 1.232264 0.294000 -3.011012
v 1.358000 0.196000 -2.954000
v 1.277787 0.196000 -2.888168
v 1.067787 0.196000 -2.847482
v 0.808213 0.196000 -2.847482
v 0.598213 0.196000 -2.888168
v 0.518000 0.196000 -2.954000
v 0.598213 0.196000 -3.019832
v 0.808213 0.196000 -3.060518
v 1.067787 0.196000 -3.060518
v 1.277787 0.196000 -3.019832
v 1.301731 0.098000 -2.954000
v 1.232264 0.098000 -2.896988
v 1.050399 0.098000 -2.861752
v 0.825601 0.098000 -2.861752
v 0.643736 0.098000 -2.896988
v 0.574269 0.098000 -2.954000
v 0.643736 0.098000 -3.011012
v 0.825601 0.098000 -3.046248
v 1.050399 0.098000 -3.046248
v 1.232264 0.098000 -3.011012
v 1.148000 0.026259 -2.954000
v 1.107894 0.026259 -2.921084
v 1.002894 0.026259 -2.900741
v 0.873106 0.026259 -2.900741
v 0.768106 0.026259 -2.921084
v 0.728000 0.026259 -2.954000
v 0.768106 0.026259 -2.986916
v 0.873106 0.026259 -3.007259
v 1.002894 0.026259 -3.007259
v 1.107894 0.026259 -2.986916
f 1253 1256 1255
f 1254 1295 1296
f 1255 1256 1266
f 1255 1266 1265
f 1265 1266 1276
f 1265 1276 1275
f 1275 1276 1286
f 1275 1286 1285
f 1285 1286 1296
f 1285 1296 1295
f 1253 1257 1256
f 1254 1296 1297
f 1256 1257 1267
f 1256 1267 1266
f 1266 1267 1277
f 1266 1277 1276
f 1276 1277 1287
f 1276 1287 1286
f 1286 1287 1297
f 1286 1297 1296
f 1253 1258 1257
f 1254 1297 1298
f 1257 1258 1268
f 1257 1268 1267
f 1267 1268 1278
f 1267 1278 1277
f 1277 1278 1288
f 1277 1288 1287
f 1287 1288 1298
f 1287 1298 1297
f 1253 1259 1258
f 1254 1298 1299
f 1258 1259 1269
f 1258 1269 1268
f 1268 1269 1279
f 1268 1279 1278
f 1278 1279 1289
f 1278 1289 1288
f 1288 1289 1299
f 1288 1299 1298
f 1253 1260 1259
f 1254 1299 1300
f 1259 1260 1270
f 1259 1270 1269
f 1269 1270 1280
f 1269 1280 1279
f 1279 1280 1290
f 1279 1290 1289
f 1289 1290 1300
f 1289 1300 1299
f 1253 1261 1260
f 1254 1300 1301
f 1260 1261 1271
f 1260 1271 1270
f 1270 1271 1281
f 1270 1281 1280
f 1280 1281 1291
f 1280 1291 1290
f 1290 1291 1301
f 1290 1301 1300
f 1253 1262 1261
f 1254 1301 1302
f 1261 1262 1272
f 1261 1272 1271
f 1271 1272 1282
f 1271 1282 1281
f 1281 1282 1292
f 1281 1292 1291
f 1291 1292 1302
f 1291 1302 1301
f 1253 1263 1262
f 1254 1302 1303
f 1262 1263 1273
f 1262 1273 1272
f 1272 1273 1283
f 1272 1283 1282
f 1282 1283 1293
f 1282 1293 1292
f 1292 1293 1303
f 1292 1303 1302
f 1253 1264 1263
f 1254 1303 1304
f 1263 1264 1274
f 1263 1274 1273
f 1273 1274 1284
f 1273 1284 1283
f 1283 1284 1294
f 1283 1294 1293
f 1293 1294 1304
f 1293 1304 1303
f 1253 1255 1264
f 1254 1304 1295
f 1264 1255 1265
f 1264 1265 1274
f 1274 1265 1275
f 1274 1275 1284
f 1284 1275 1285
f 1284 1285 1294
f 1294 1285 1295
f 1294 1295 1304
o RightWhisker
usemtl color_31
s off
v 0.441357 0.168396 -2.936500
v 1.751152 0.399348 -2.936500
v 1.742643 0.447604 -2.936500
v 0.432848 0.216652 -2.936500
v 0.441357 0.168396 -2.887500
v 1.751152 0.399348 -2.887500
v 1.742643 0.447604 -2.887500
v 0.432848 0.216652 -2.887500
f 1305 1308 1307
f 1305 1307 1306
f 1309 1310 1311
f 1309 1311 1312
f 1305 1309 1312
f 1305 1312 1308
f 1306 1307 1311
f 1306 1311 1310
f 1308 1312 1311
f 1308 1311 1307
f 1305 1306 1310
f 1305 1310 1309
o RightWhisker_1
usemtl color_32
s off
v 0.506438 0.184297 -2.936500
v 1.807374 -0.092226 -2.936500
v 1.817562 -0.044297 -2.936500
v 0.516626 0.232226 -2.936500
v 0.506438 0.184297 -2.887500
v 1.807374 -0.092226 -2.887500
v 1.817562 -0.044297 -2.887500
v 0.516626 0.232226 -2.887500
f 1313 1316 1315
f 1313 1315 1314
f 1317 1318 1319
f 1317 1319 1320
f 1313 1317 1320
f 1313 1320 1316
f 1314 1315 1319
f 1314 1319 1318
f 1316 1320 1319
f 1316 1319 1315
f 1313 1314 1318
f 1313 1318 1317
o LeftFrontLeg
usemtl color_33
s off
v -0.980000 -1.043280 -0.910000
v -0.980000 -2.449440 -0.910000
v -0.714000 -1.137475 -0.910000
v -0.764801 -1.137475 -0.745420
v -0.897801 -1.137475 -0.643704
v -1.062199 -1.137475 -0.643704
v -1.195199 -1.137475 -0.745420
v -1.246000 -1.137475 -0.910000
v -1.195199 -1.137475 -1.074580
v -1.062199 -1.137475 -1.176296
v -0.897801 -1.137475 -1.176296
v -0.764801 -1.137475 -1.074580
v -0.519274 -1.394820 -0.910000
v -0.607265 -1.394820 -0.624939
v -0.837628 -1.394820 -0.448762
v -1.122372 -1.394820 -0.448762
v -1.352735 -1.394820 -0.624939
v -1.440726 -1.394820 -0.910000
v -1.352735 -1.394820 -1.195061
v -1.122372 -1.394820 -1.371238
v -0.837628 -1.394820 -1.371238
v -0.607265 -1.394820 -1.195061
v -0.448000 -1.746360 -0.910000
v -0.549603 -1.746360 -0.580840
v -0.815603 -1.746360 -0.377408
v -1.144397 -1.746360 -0.377408
v -1.410397 -1.746360 -0.580840
v -1.512000 -1.746360 -0.910000
v -1.410397 -1.746360 -1.239160
v -1.144397 -1.746360 -1.442592
v -0.815603 -1.746360 -1.442592
v -0.549603 -1.746360 -1.239160
v -0.519274 -2.097900 -0.910000
v -0.607265 -2.097900 -0.624939
v -0.837628 -2.097900 -0.448762
v -1.122372 -2.097900 -0.448762
v -1.352735 -2.097900 -0.624939
v -1.440726 -2.097900 -0.910000
v -1.352735 -2.097900 -1.195061
v -1.122372 -2.097900 -1.371238
v -0.837628 -2.097900 -1.371238
v -0.607265 -2.097900 -1.195061
v -0.714000 -2.355245 -0.910000
v -0.764801 -2.355245 -0.745420
v -0.897801 -2.355245 -0.643704
v -1.062199 -2.355245 -0.643704
v -1.195199 -2.355245 -0.745420
v -1.246000 -2.355245 -0.910000
v -1.195199 -2.355245 -1.074580
v -1.062199 -2.355245 -1.176296
v -0.897801 -2.355245 -1.176296
v -0.764801 -2.355245 -1.074580
f 1321 1324 1323
f 1322 1363 1364
f 1323 1324 1334
f 1323 1334 1333
f 1333 1334 1344
f 1333 1344 1343
f 1343 1344 1354
f 1343 1354 1353
f 1353 1354 1364
f 1353 1364 1363
f 1321 1325 1324
f 1322 1364 1365
f 1324 1325 1335
f 1324 1335 1334
f 1334 1335 1345
f 1334 1345 1344
f 1344 1345 1355
f 1344 1355 1354
f 1354 1355 1365
f 1354 1365 1364
f 1321 1326 1325
f 1322 1365 1366
f 1325 1326 1336
f 1325 1336 1335
f 1335 1336 1346
f 1335 1346 1345
f 1345 1346 1356
f 1345 1356 1355
f 1355 1356 1366
f 1355 1366 1365
f 1321 1327 1326
f 1322 1366 1367
f 1326 1327 1337
f 1326 1337 1336
f 1336 1337 1347
f 1336 1347 1346
f 1346 1347 1357
f 1346 1357 1356
f 1356 1357 1367
f 1356 1367 1366
f 1321 1328 1327
f 1322 1367 1368
f 1327 1328 1338
f 1327 1338 1337
f 1337 1338 1348
f 1337 1348 1347
f 1347 1348 1358
f 1347 1358 1357
f 1357 1358 1368
f 1357 1368 1367
f 1321 1329 1328
f 1322 1368 1369
f 1328 1329 1339
f 1328 1339 1338
f 1338 1339 1349
f 1338 1349 1348
f 1348 1349 1359
f 1348 1359 1358
f 1358 1359 1369
f 1358 1369 1368
f 1321 1330 1329
f 1322 1369 1370
f 1329 1330 1340
f 1329 1340 1339
f 1339 1340 1350
f 1339 1350 1349
f 1349 1350 1360
f 1349 1360 1359
f 1359 1360 1370
f 1359 1370 1369
f 1321 1331 1330
f 1322 1370 1371
f 1330 1331 1341
f 1330 1341 1340
f 1340 1341 1351
f 1340 1351 1350
f 1350 1351 1361
f 1350 1361 1360
f 1360 1361 1371
f 1360 1371 1370
f 1321 1332 1331
f 1322 1371 1372
f 1331 1332 1342
f 1331 1342 1341
f 1341 1342 1352
f 1341 1352 1351
f 1351 1352 1362
f 1351 1362 1361
f 1361 1362 1372
f 1361 1372 1371
f 1321 1323 1332
f 1322 1372 1363
f 1332 1323 1333
f 1332 1333 1342
f 1342 1333 1343
f 1342 1343 1352
f 1352 1343 1353
f 1352 1353 1362
f 1362 1353 1363
f 1362 1363 1372
o LeftFrontPaw
usemtl color_34
s off
v -0.980000 -2.170000 -1.078000
v -0.980000 -2.702000 -1.078000
v -0.693000 -2.205637 -1.078000
v -0.747812 -2.205637 -0.876390
v -0.891312 -2.205637 -0.751788
v -1.068688 -2.205637 -0.751788
v -1.212188 -2.205637 -0.876390
v -1.267000 -2.205637 -1.078000
v -1.212188 -2.205637 -1.279610
v -1.068688 -2.205637 -1.404212
v -0.891312 -2.205637 -1.404212
v -0.747812 -2.205637 -1.279610
v -0.482901 -2.303000 -1.078000
v -0.577839 -2.303000 -0.728801
v -0.826388 -2.303000 -0.512984
v -1.133612 -2.303000 -0.512984
v -1.382161 -2.303000 -0.728801
v -1.477099 -2.303000 -1.078000
v -1.382161 -2.303000 -1.427199
v -1.133612 -2.303000 -1.643016
v -0.826388 -2.303000 -1.643016
v -0.577839 -2.303000 -1.427199
v -0.406000 -2.436000 -1.078000
v -0.515624 -2.436000 -0.674779
v -0.802624 -2.436000 -0.425575
v -1.157376 -2.436000 -0.425575
v -1.444376 -2.436000 -0.674779
v -1.554000 -2.436000 -1.078000
v -1.444376 -2.436000 -1.481221
v -1.157376 -2.436000 -1.730425
v -0.802624 -2.436000 -1.730425
v -0.515624 -2.436000 -1.481221
v -0.482901 -2.569000 -1.078000
v -0.577839 -2.569000 -0.728801
v -0.826388 -2.569000 -0.512984
v -1.133612 -2.569000 -0.512984
v -1.382161 -2.569000 -0.728801
v -1.477099 -2.569000 -1.078000
v -1.382161 -2.569000 -1.427199
v -1.133612 -2.569000 -1.643016
v -0.826388 -2.569000 -1.643016
v -0.577839 -2.569000 -1.427199
v -0.693000 -2.666363 -1.078000
v -0.747812 -2.666363 -0.876390
v -0.891312 -2.666363 -0.751788
v -1.068688 -2.666363 -0.751788
v -1.212188 -2.666363 -0.876390
v -1.267000 -2.666363 -1.078000
v -1.212188 -2.666363 -1.279610
v -1.068688 -2.666363 -1.404212
v -0.891312 -2.666363 -1.404212
v -0.747812 -2.666363 -1.279610
f 1373 1376 1375
f 1374 1415 1416
f 1375 1376 1386
f 1375 1386 1385
f 1385 1386 1396
f 1385 1396 1395
f 1395 1396 1406
f 1395 1406 1405
f 1405 1406 1416
f 1405 1416 1415
f 1373 1377 1376
f 1374 1416 1417
f 1376 1377 1387
f 1376 1387 1386
f 1386 1387 1397
f 1386 1397 1396
f 1396 1397 1407
f 1396 1407 1406
f 1406 1407 1417
f 1406 1417 1416
f 1373 1378 1377
f 1374 1417 1418
f 1377 1378 1388
f 1377 1388 1387
f 1387 1388 1398
f 1387 1398 1397
f 1397 1398 1408
f 1397 1408 1407
f 1407 1408 1418
f 1407 1418 1417
f 1373 1379 1378
f 1374 1418 1419
f 1378 1379 1389
f 1378 1389 1388
f 1388 1389 1399
f 1388 1399 1398
f 1398 1399 1409
f 1398 1409 1408
f 1408 1409 1419
f 1408 1419 1418
f 1373 1380 1379
f 1374 1419 1420
f 1379 1380 1390
f 1379 1390 1389
f 1389 1390 1400
f 1389 1400 1399
f 1399 1400 1410
f 1399 1410 1409
f 1409 1410 1420
f 1409 1420 1419
f 1373 1381 1380
f 1374 1420 1421
f 1380 1381 1391
f 1380 1391 1390
f 1390 1391 1401
f 1390 1401 1400
f 1400 1401 1411
f 1400 1411 1410
f 1410 1411 1421
f 1410 1421 1420
f 1373 1382 1381
f 1374 1421 1422
f 1381 1382 1392
f 1381 1392 1391
f 1391 1392 1402
f 1391 1402 1401
f 1401 1402 1412
f 1401 1412 1411
f 1411 1412 1422
f 1411 1422 1421
f 1373 1383 1382
f 1374 1422 1423
f 1382 1383 1393
f 1382 1393 1392
f 1392 1393 1403
f 1392 1403 1402
f 1402 1403 1413
f 1402 1413 1412
f 1412 1413 1423
f 1412 1423 1422
f 1373 1384 1383
f 1374 1423 1424
f 1383 1384 1394
f 1383 1394 1393
f 1393 1394 1404
f 1393 1404 1403
f 1403 1404 1414
f 1403 1414 1413
f 1413 1414 1424
f 1413 1424 1423
f 1373 1375 1384
f 1374 1424 1415
f 1384 1375 1385
f 1384 1385 1394
f 1394 1385 1395
f 1394 1395 1404
f 1404 1395 1405
f 1404 1405 1414
f 1414 1405 1415
f 1414 1415 1424
o LeftFrontClaw
usemtl color_35
s off
v -1.260000 -2.275000 -1.708000
v -1.260000 -2.485000 -1.708000
v -1.211000 -2.289067 -1.708000
v -1.220358 -2.289067 -1.670970
v -1.244858 -2.289067 -1.648083
v -1.275142 -2.289067 -1.648083
v -1.299642 -2.289067 -1.670970
v -1.309000 -2.289067 -1.708000
v -1.299642 -2.289067 -1.745030
v -1.275142 -2.289067 -1.767917
v -1.244858 -2.289067 -1.767917
v -1.220358 -2.289067 -1.745030
v -1.175130 -2.327500 -1.708000
v -1.191338 -2.327500 -1.643861
v -1.233774 -2.327500 -1.604221
v -1.286226 -2.327500 -1.604221
v -1.328662 -2.327500 -1.643861
v -1.344870 -2.327500 -1.708000
v -1.328662 -2.327500 -1.772139
v -1.286226 -2.327500 -1.811779
v -1.233774 -2.327500 -1.811779
v -1.191338 -2.327500 -1.772139
v -1.162000 -2.380000 -1.708000
v -1.180716 -2.380000 -1.633939
v -1.229716 -2.380000 -1.588167
v -1.290284 -2.380000 -1.588167
v -1.339284 -2.380000 -1.633939
v -1.358000 -2.380000 -1.708000
v -1.339284 -2.380000 -1.782061
v -1.290284 -2.380000 -1.827833
v -1.229716 -2.380000 -1.827833
v -1.180716 -2.380000 -1.782061
v -1.175130 -2.432500 -1.708000
v -1.191338 -2.432500 -1.643861
v -1.233774 -2.432500 -1.604221
v -1.286226 -2.432500 -1.604221
v -1.328662 -2.432500 -1.643861
v -1.344870 -2.432500 -1.708000
v -1.328662 -2.432500 -1.772139
v -1.286226 -2.432500 -1.811779
v -1.233774 -2.432500 -1.811779
v -1.191338 -2.432500 -1.772139
v -1.211000 -2.470933 -1.708000
v -1.220358 -2.470933 -1.670970
v -1.244858 -2.470933 -1.648083
v -1.275142 -2.470933 -1.648083
v -1.299642 -2.470933 -1.670970
v -1.309000 -2.470933 -1.708000
v -1.299642 -2.470933 -1.745030
v -1.275142 -2.470933 -1.767917
v -1.244858 -2.470933 -1.767917
v -1.220358 -2.470933 -1.745030
f 1425 1428 1427
f 1426 1467 1468
f 1427 1428 1438
f 1427 1438 1437
f 1437 1438 1448
f 1437 1448 1447
f 1447 1448 1458
f 1447 1458 1457
f 1457 1458 1468
f 1457 1468 1467
f 1425 1429 1428
f 1426 1468 1469
f 1428 1429 1439
f 1428 1439 1438
f 1438 1439 1449
f 1438 1449 1448
f 1448 1449 1459
f 1448 1459 1458
f 1458 1459 1469
f 1458 1469 1468
f 1425 1430 1429
f 1426 1469 1470
f 1429 1430 1440
f 1429 1440 1439
f 1439 1440 1450
f 1439 1450 1449
f 1449 1450 1460
f 1449 1460 1459
f 1459 1460 1470
f 1459 1470 1469
f 1425 1431 1430
f 1426 1470 1471
f 1430 1431 1441
f 1430 1441 1440
f 1440 1441 1451
f 1440 1451 1450
f 1450 1451 1461
f 1450 1461 1460
f 1460 1461 1471
f 1460 1471 1470
f 1425 1432 1431
f 1426 1471 1472
f 1431 1432 1442
f 1431 1442 1441
f 1441 1442 1452
f 1441 1452 1451
f 1451 1452 1462
f 1451 1462 1461
f 1461 1462 1472
f 1461 1472 1471
f 1425 1433 1432
f 1426 1472 1473
f 1432 1433 1443
f 1432 1443 1442
f 1442 1443 1453
f 1442 1453 1452
f 1452 1453 1463
f 1452 1463 1462
f 1462 1463 1473
f 1462 1473 1472
f 1425 1434 1433
f 1426 1473 1474
f 1433 1434 1444
f 1433 1444 1443
f 1443 1444 1454
f 1443 1454 1453
f 1453 1454 1464
f 1453 1464 1463
f 1463 1464 1474
f 1463 1474 1473
f 1425 1435 1434
f 1426 1474 1475
f 1434 1435 1445
f 1434 1445 1444
f 1444 1445 1455
f 1444 1455 1454
f 1454 1455 1465
f 1454 1465 1464
f 1464 1465 1475
f 1464 1475 1474
f 1425 1436 1435
f 1426 1475 1476
f 1435 1436 1446
f 1435 1446 1445
f 1445 1446 1456
f 1445 1456 1455
f 1455 1456 1466
f 1455 1466 1465
f 1465 1466 1476
f 1465 1476 1475
f 1425 1427 1436
f 1426 1476 1467
f 1436 1427 1437
f 1436 1437 1446
f 1446 1437 1447
f 1446 1447 1456
f 1456 1447 1457
f 1456 1457 1466
f 1466 1457 1467
f 1466 1467 1476
o LeftFrontClaw_1
usemtl color_36
s off
v -0.980000 -2.275000 -1.708000
v -0.980000 -2.485000 -1.708000
v -0.931000 -2.289067 -1.708000
v -0.940358 -2.289067 -1.670970
v -0.964858 -2.289067 -1.648083
v -0.995142 -2.289067 -1.648083
v -1.019642 -2.289067 -1.670970
v -1.029000 -2.289067 -1.708000
v -1.019642 -2.289067 -1.745030
v -0.995142 -2.289067 -1.767917
v -0.964858 -2.289067 -1.767917
v -0.940358 -2.289067 -1.745030
v -0.895130 -2.327500 -1.708000
v -0.911338 -2.327500 -1.643861
v -0.953774 -2.327500 -1.604221
v -1.006226 -2.327500 -1.604221
v -1.048662 -2.327500 -1.643861
v -1.064870 -2.327500 -1.708000
v -1.048662 -2.327500 -1.772139
v -1.006226 -2.327500 -1.811779
v -0.953774 -2.327500 -1.811779
v -0.911338 -2.327500 -1.772139
v -0.882000 -2.380000 -1.708000
v -0.900716 -2.380000 -1.633939
v -0.949716 -2.380000 -1.588167
v -1.010284 -2.380000 -1.588167
v -1.059284 -2.380000 -1.633939
v -1.078000 -2.380000 -1.708000
v -1.059284 -2.380000 -1.782061
v -1.010284 -2.380000 -1.827833
v -0.949716 -2.380000 -1.827833
v -0.900716 -2.380000 -1.782061
v -0.895130 -2.432500 -1.708000
v -0.911338 -2.432500 -1.643861
v -0.953774 -2.432500 -1.604221
v -1.006226 -2.432500 -1.604221
v -1.048662 -2.432500 -1.643861
v -1.064870 -2.432500 -1.708000
v -1.048662 -2.432500 -1.772139
v -1.006226 -2.432500 -1.811779
v -0.953774 -2.432500 -1.811779
v -0.911338 -2.432500 -1.772139
v -0.931000 -2.470933 -1.708000
v -0.940358 -2.470933 -1.670970
v -0.964858 -2.470933 -1.648083
v -0.995142 -2.470933 -1.648083
v -1.019642 -2.470933 -1.670970
v -1.029000 -2.470933 -1.708000
v -1.019642 -2.470933 -1.745030
v -0.995142 -2.470933 -1.767917
v -0.964858 -2.470933 -1.767917
v -0.940358 -2.470933 -1.745030
f 1477 1480 1479
f 1478 1519 1520
f 1479 1480 1490
f 1479 1490 1489
f 1489 1490 1500
f 1489 1500 1499
f 1499 1500 1510
f 1499 1510 1509
f 1509 1510 1520
f 1509 1520 1519
f 1477 1481 1480
f 1478 1520 1521
f 1480 1481 1491
f 1480 1491 1490
f 1490 1491 1501
f 1490 1501 1500
f 1500 1501 1511
f 1500 1511 1510
f 1510 1511 1521
f 1510 1521 1520
f 1477 1482 1481
f 1478 1521 1522
f 1481 1482 1492
f 1481 1492 1491
f 1491 1492 1502
f 1491 1502 1501
f 1501 1502 1512
f 1501 1512 1511
f 1511 1512 1522
f 1511 1522 1521
f 1477 1483 1482
f 1478 1522 1523
f 1482 1483 1493
f 1482 1493 1492
f 1492 1493 1503
f 1492 1503 1502
f 1502 1503 1513
f 1502 1513 1512
f 1512 1513 1523
f 1512 1523 1522
f 1477 1484 1483
f 1478 1523 1524
f 1483 1484 1494
f 1483 1494 1493
f 1493 1494 1504
f 1493 1504 1503
f 1503 1504 1514
f 1503 1514 1513
f 1513 1514 1524
f 1513 1524 1523
f 1477 1485 1484
f 1478 1524 1525
f 1484 1485 1495
f 1484 1495 1494
f 1494 1495 1505
f 1494 1505 1504
f 1504 1505 1515
f 1504 1515 1514
f 1514 1515 1525
f 1514 1525 1524
f 1477 1486 1485
f 1478 1525 1526
f 1485 1486 1496
f 1485 1496 1495
f 1495 1496 1506
f 1495 1506 1505
f 1505 1506 1516
f 1505 1516 1515
f 1515 1516 1526
f 1515 1526 1525
f 1477 1487 1486
f 1478 1526 1527
f 1486 1487 1497
f 1486 1497 1496
f 1496 1497 1507
f 1496 1507 1506
f 1506 1507 1517
f 1506 1517 1516
f 1516 1517 1527
f 1516 1527 1526
f 1477 1488 1487
f 1478 1527 1528
f 1487 1488 1498
f 1487 1498 1497
f 1497 1498 1508
f 1497 1508 1507
f 1507 1508 1518
f 1507 1518 1517
f 1517 1518 1528
f 1517 1528 1527
f 1477 1479 1488
f 1478 1528 1519
f 1488 1479 1489
f 1488 1489 1498
f 1498 1489 1499
f 1498 1499 1508
f 1508 1499 1509
f 1508 1509 1518
f 1518 1509 1519
f 1518 1519 1528
o LeftFrontClaw_2
usemtl color_37
s off
v -0.700000 -2.275000 -1.708000
v -0.700000 -2.485000 -1.708000
v -0.651000 -2.289067 -1.708000
v -0.660358 -2.289067 -1.670970
v -0.684858 -2.289067 -1.648083
v -0.715142 -2.289067 -1.648083
v -0.739642 -2.289067 -1.670970
v -0.749000 -2.289067 -1.708000
v -0.739642 -2.289067 -1.745030
v -0.715142 -2.289067 -1.767917
v -0.684858 -2.289067 -1.767917
v -0.660358 -2.289067 -1.745030
v -0.615130 -2.327500 -1.708000
v -0.631338 -2.327500 -1.643861
v -0.673774 -2.327500 -1.604221
v -0.726226 -2.327500 -1.604221
v -0.768662 -2.327500 -1.643861
v -0.784870 -2.327500 -1.708000
v -0.768662 -2.327500 -1.772139
v -0.726226 -2.327500 -1.811779
v -0.673774 -2.327500 -1.811779
v -0.631338 -2.327500 -1.772139
v -0.602000 -2.380000 -1.708000
v -0.620716 -2.380000 -1.633939
v -0.669716 -2.380000 -1.588167
v -0.730284 -2.380000 -1.588167
v -0.779284 -2.380000 -1.633939
v -0.798000 -2.380000 -1.708000
v -0.779284 -2.380000 -1.782061
v -0.730284 -2.380000 -1.827833
v -0.669716 -2.380000 -1.827833
v -0.620716 -2.380000 -1.782061
v -0.615130 -2.432500 -1.708000
v -0.631338 -2.432500 -1.643861
v -0.673774 -2.432500 -1.604221
v -0.726226 -2.432500 -1.604221
v -0.768662 -2.432500 -1.643861
v -0.784870 -2.432500 -1.708000
v -0.768662 -2.432500 -1.772139
v -0.726226 -2.432500 -1.811779
v -0.673774 -2.432500 -1.811779
v -0.631338 -2.432500 -1.772139
v -0.651000 -2.470933 -1.708000
v -0.660358 -2.470933 -1.670970
v -0.684858 -2.470933 -1.648083
v -0.715142 -2.470933 -1.648083
v -0.739642 -2.470933 -1.670970
v -0.749000 -2.470933 -1.708000
v -0.739642 -2.470933 -1.745030
v -0.715142 -2.470933 -1.767917
v -0.684858 -2.470933 -1.767917
v -0.660358 -2.470933 -1.745030
f 1529 1532 1531
f 1530 1571 1572
f 1531 1532 1542
f 1531 1542 1541
f 1541 1542 1552
f 1541 1552 1551
f 1551 1552 1562
f 1551 1562 1561
f 1561 1562 1572
f 1561 1572 1571
f 1529 1533 1532
f 1530 1572 1573
f 1532 1533 1543
f 1532 1543 1542
f 1542 1543 1553
f 1542 1553 1552
f 1552 1553 1563
f 1552 1563 1562
f 1562 1563 1573
f 1562 1573 1572
f 1529 1534 1533
f 1530 1573 1574
f 1533 1534 1544
f 1533 1544 1543
f 1543 1544 1554
f 1543 1554 1553
f 1553 1554 1564
f 1553 1564 1563
f 1563 1564 1574
f 1563 1574 1573
f 1529 1535 1534
f 1530 1574 1575
f 1534 1535 1545
f 1534 1545 1544
f 1544 1545 1555
f 1544 1555 1554
f 1554 1555 1565
f 1554 1565 1564
f 1564 1565 1575
f 1564 1575 1574
f 1529 1536 1535
f 1530 1575 1576
f 1535 1536 1546
f 1535 1546 1545
f 1545 1546 1556
f 1545 1556 1555
f 1555 1556 1566
f 1555 1566 1565
f 1565 1566 1576
f 1565 1576 1575
f 1529 1537 1536
f 1530 1576 1577
f 1536 1537 1547
f 1536 1547 1546
f 1546 1547 1557
f 1546 1557 1556
f 1556 1557 1567
f 1556 1567 1566
f 1566 1567 1577
f 1566 1577 1576
f 1529 1538 1537
f 1530 1577 1578
f 1537 1538 1548
f 1537 1548 1547
f 1547 1548 1558
f 1547 1558 1557
f 1557 1558 1568
f 1557 1568 1567
f 1567 1568 1578
f 1567 1578 1577
f 1529 1539 1538
f 1530 1578 1579
f 1538 1539 1549
f 1538 1549 1548
f 1548 1549 1559
f 1548 1559 1558
f 1558 1559 1569
f 1558 1569 1568
f 1568 1569 1579
f 1568 1579 1578
f 1529 1540 1539
f 1530 1579 1580
f 1539 1540 1550
f 1539 1550 1549
f 1549 1550 1560
f 1549 1560 1559
f 1559 1560 1570
f 1559 1570 1569
f 1569 1570 1580
f 1569 1580 1579
f 1529 1531 1540
f 1530 1580 1571
f 1540 1531 1541
f 1540 1541 1550
f 1550 1541 1551
f 1550 1551 1560
f 1560 1551 1561
f 1560 1561 1570
f 1570 1561 1571
f 1570 1571 1580
o LeftBackLeg
usemtl color_38
s off
v -0.980000 -1.043280 1.400000
v -0.980000 -2.449440 1.400000
v -0.714000 -1.137475 1.400000
v -0.764801 -1.137475 1.564580
v -0.897801 -1.137475 1.666296
v -1.062199 -1.137475 1.666296
v -1.195199 -1.137475 1.564580
v -1.246000 -1.137475 1.400000
v -1.195199 -1.137475 1.235420
v -1.062199 -1.137475 1.133704
v -0.897801 -1.137475 1.133704
v -0.764801 -1.137475 1.235420
v -0.519274 -1.394820 1.400000
v -0.607265 -1.394820 1.685061
v -0.837628 -1.394820 1.861238
v -1.122372 -1.394820 1.861238
v -1.352735 -1.394820 1.685061
v -1.440726 -1.394820 1.400000
v -1.352735 -1.394820 1.114939
v -1.122372 -1.394820 0.938762
v -0.837628 -1.394820 0.938762
v -0.607265 -1.394820 1.114939
v -0.448000 -1.746360 1.400000
v -0.549603 -1.746360 1.729160
v -0.815603 -1.746360 1.932592
v -1.144397 -1.746360 1.932592
v -1.410397 -1.746360 1.729160
v -1.512000 -1.746360 1.400000
v -1.410397 -1.746360 1.070840
v -1.144397 -1.746360 0.867408
v -0.815603 -1.746360 0.867408
v -0.549603 -1.746360 1.070840
v -0.519274 -2.097900 1.400000
v -0.607265 -2.097900 1.685061
v -0.837628 -2.097900 1.861238
v -1.122372 -2.097900 1.861238
v -1.352735 -2.097900 1.685061
v -1.440726 -2.097900 1.400000
v -1.352735 -2.097900 1.114939
v -1.122372 -2.097900 0.938762
v -0.837628 -2.097900 0.938762
v -0.607265 -2.097900 1.114939
v -0.714000 -2.355245 1.400000
v -0.764801 -2.355245 1.564580
v -0.897801 -2.355245 1.666296
v -1.062199 -2.355245 1.666296
v -1.195199 -2.355245 1.564580
v -1.246000 -2.355245 1.400000
v -1.195199 -2.355245 1.235420
v -1.062199 -2.355245 1.133704
v -0.897801 -2.355245 1.133704
v -0.764801 -2.355245 1.235420
f 1581 1584 1583
f 1582 1623 1624
f 1583 1584 1594
f 1583 1594 1593
f 1593 1594 1604
f 1593 1604 1603
f 1603 1604 1614
f 1603 1614 1613
f 1613 1614 1624
f 1613 1624 1623
f 1581 1585 1584
f 1582 1624 1625
f 1584 1585 1595
f 1584 1595 1594
f 1594 1595 1605
f 1594 1605 1604
f 1604 1605 1615
f 1604 1615 1614
f 1614 1615 1625
f 1614 1625 1624
f 1581 1586 1585
f 1582 1625 1626
f 1585 1586 1596
f 1585 1596 1595
f 1595 1596 1606
f 1595 1606 1605
f 1605 1606 1616
f 1605 1616 1615
f 1615 1616 1626
f 1615 1626 1625
f 1581 1587 1586
f 1582 1626 1627
f 1586 1587 1597
f 1586 1597 1596
f 1596 1597 1607
f 1596 1607 1606
f 1606 1607 1617
f 1606 1617 1616
f 1616 1617 1627
f 1616 1627 1626
f 1581 1588 1587
f 1582 1627 1628
f 1587 1588 1598
f 1587 1598 1597
f 1597 1598 1608
f 1597 1608 1607
f 1607 1608 1618
f 1607 1618 1617
f 1617 1618 1628
f 1617 1628 1627
f 1581 1589 1588
f 1582 1628 1629
f 1588 1589 1599
f 1588 1599 1598
f 1598 1599 1609
f 1598 1609 1608
f 1608 1609 1619
f 1608 1619 1618
f 1618 1619 1629
f 1618 1629 1628
f 1581 1590 1589
f 1582 1629 1630
f 1589 1590 1600
f 1589 1600 1599
f 1599 1600 1610
f 1599 1610 1609
f 1609 1610 1620
f 1609 1620 1619
f 1619 1620 1630
f 1619 1630 1629
f 1581 1591 1590
f 1582 1630 1631
f 1590 1591 1601
f 1590 1601 1600
f 1600 1601 1611
f 1600 1611 1610
f 1610 1611 1621
f 1610 1621 1620
f 1620 1621 1631
f 1620 1631 1630
f 1581 1592 1591
f 1582 1631 1632
f 1591 1592 1602
f 1591 1602 1601
f 1601 1602 1612
f 1601 1612 1611
f 1611 1612 1622
f 1611 1622 1621
f 1621 1622 1632
f 1621 1632 1631
f 1581 1583 1592
f 1582 1632 1623
f 1592 1583 1593
f 1592 1593 1602
f 1602 1593 1603
f 1602 1603 1612
f 1612 1603 1613
f 1612 1613 1622
f 1622 1613 1623
f 1622 1623 1632
o LeftBackPaw
usemtl color_39
s off
v -0.980000 -2.170000 1.232000
v -0.980000 -2.702000 1.232000
v -0.693000 -2.205637 1.232000
v -0.747812 -2.205637 1.433610
v -0.891312 -2.205637 1.558212
v -1.068688 -2.205637 1.558212
v -1.212188 -2.205637 1.433610
v -1.267000 -2.205637 1.232000
v -1.212188 -2.205637 1.030390
v -1.068688 -2.205637 0.905788
v -0.891312 -2.205637 0.905788
v -0.747812 -2.205637 1.030390
v -0.482901 -2.303000 1.232000
v -0.577839 -2.303000 1.581199
v -0.826388 -2.303000 1.797016
v -1.133612 -2.303000 1.797016
v -1.382161 -2.303000 1.581199
v -1.477099 -2.303000 1.232000
v -1.382161 -2.303000 0.882801
v -1.133612 -2.303000 0.666984
v -0.826388 -2.303000 0.666984
v -0.577839 -2.303000 0.882801
v -0.406000 -2.436000 1.232000
v -0.515624 -2.436000 1.635221
v -0.802624 -2.436000 1.884425
v -1.157376 -2.436000 1.884425
v -1.444376 -2.436000 1.635221
v -1.554000 -2.436000 1.232000
v -1.444376 -2.436000 0.828779
v -1.157376 -2.436000 0.579575
v -0.802624 -2.436000 0.579575
v -0.515624 -2.436000 0.828779
v -0.482901 -2.569000 1.232000
v -0.577839 -2.569000 1.581199
v -0.826388 -2.569000 1.797016
v -1.133612 -2.569000 1.797016
v -1.382161 -2.569000 1.581199
v -1.477099 -2.569000 1.232000
v -1.382161 -2.569000 0.882801
v -1.133612 -2.569000 0.666984
v -0.826388 -2.569000 0.666984
v -0.577839 -2.569000 0.882801
v -0.693000 -2.666363 1.232000
v -0.747812 -2.666363 1.433610
v -0.891312 -2.666363 1.558212
v -1.068688 -2.666363 1.558212
v -1.212188 -2.666363 1.433610
v -1.267000 -2.666363 1.232000
v -1.212188 -2.666363 1.030390
v -1.068688 -2.666363 0.905788
v -0.891312 -2.666363 0.905788
v -0.747812 -2.666363 1.030390
f 1633 1636 1635
f 1634 1675 1676
f 1635 1636 1646
f 1635 1646 1645
f 1645 1646 1656
f 1645 1656 1655
f 1655 1656 1666
f 1655 1666 1665
f 1665 1666 1676
f 1665 1676 1675
f 1633 1637 1636
f 1634 1676 1677
f 1636 1637 1647
f 1636 1647 1646
f 1646 1647 1657
f 1646 1657 1656
f 1656 1657 1667
f 1656 1667 1666
f 1666 1667 1677
f 1666 1677 1676
f 1633 1638 1637
f 1634 1677 1678
f 1637 1638 1648
f 1637 1648 1647
f 1647 1648 1658
f 1647 1658 1657
f 1657 1658 1668
f 1657 1668 1667
f 1667 1668 1678
f 1667 1678 1677
f 1633 1639 1638
f 1634 1678 1679
f 1638 1639 1649
f 1638 1649 1648
f 1648 1649 1659
f 1648 1659 1658
f 1658 1659 1669
f 1658 1669 1668
f 1668 1669 1679
f 1668 1679 1678
f 1633 1640 1639
f 1634 1679 1680
f 1639 1640 1650
f 1639 1650 1649
f 1649 1650 1660
f 1649 1660 1659
f 1659 1660 1670
f 1659 1670 1669
f 1669 1670 1680
f 1669 1680 1679
f 1633 1641 1640
f 1634 1680 1681
f 1640 1641 1651
f 1640 1651 1650
f 1650 1651 1661
f 1650 1661 1660
f 1660 1661 1671
f 1660 1671 1670
f 1670 1671 1681
f 1670 1681 1680
f 1633 1642 1641
f 1634 1681 1682
f 1641 1642 1652
f 1641 1652 1651
f 1651 1652 1662
f 1651 1662 1661
f 1661 1662 1672
f 1661 1672 1671
f 1671 1672 1682
f 1671 1682 1681
f 1633 1643 1642
f 1634 1682 1683
f 1642 1643 1653
f 1642 1653 1652
f 1652 1653 1663
f 1652 1663 1662
f 1662 1663 1673
f 1662 1673 1672
f 1672 1673 1683
f 1672 1683 1682
f 1633 1644 1643
f 1634 1683 1684
f 1643 1644 1654
f 1643 1654 1653
f 1653 1654 1664
f 1653 1664 1663
f 1663 1664 1674
f 1663 1674 1673
f 1673 1674 1684
f 1673 1684 1683
f 1633 1635 1644
f 1634 1684 1675
f 1644 1635 1645
f 1644 1645 1654
f 1654 1645 1655
f 1654 1655 1664
f 1664 1655 1665
f 1664 1665 1674
f 1674 1665 1675
f 1674 1675 1684
o LeftBackClaw
usemtl color_40
s off
v -1.260000 -2.275000 0.602000
v -1.260000 -2.485000 0.602000
v -1.211000 -2.289067 0.602000
v -1.220358 -2.289067 0.639030
v -1.244858 -2.289067 0.661917
v -1.275142 -2.289067 0.661917
v -1.299642 -2.289067 0.639030
v -1.309000 -2.289067 0.602000
v -1.299642 -2.289067 0.564970
v -1.275142 -2.289067 0.542083
v -1.244858 -2.289067 0.542083
v -1.220358 -2.289067 0.564970
v -1.175130 -2.327500 0.602000
v -1.191338 -2.327500 0.666139
v -1.233774 -2.327500 0.705779
v -1.286226 -2.327500 0.705779
v -1.328662 -2.327500 0.666139
v -1.344870 -2.327500 0.602000
v -1.328662 -2.327500 0.537861
v -1.286226 -2.327500 0.498221
v -1.233774 -2.327500 0.498221
v -1.191338 -2.327500 0.537861
v -1.162000 -2.380000 0.602000
v -1.180716 -2.380000 0.676061
v -1.229716 -2.380000 0.721833
v -1.290284 -2.380000 0.721833
v -1.339284 -2.380000 0.676061
v -1.358000 -2.380000 0.602000
v -1.339284 -2.380000 0.527939
v -1.290284 -2.380000 0.482167
v -1.229716 -2.380000 0.482167
v -1.180716 -2.380000 0.527939
v -1.175130 -2.432500 0.602000
v -1.191338 -2.432500 0.666139
v -1.233774 -2.432500 0.705779
v -1.286226 -2.432500 0.705779
v -1.328662 -2.432500 0.666139
v -1.344870 -2.432500 0.602000
v -1.328662 -2.432500 0.537861
v -1.286226 -2.432500 0.498221
v -1.233774 -2.432500 0.498221
v -1.191338 -2.432500 0.537861
v -1.211000 -2.470933 0.602000
v -1.220358 -2.470933 0.639030
v -1.244858 -2.470933 0.661917
v -1.275142 -2.470933 0.661917
v -1.299642 -2.470933 0.639030
v -1.309000 -2.470933 0.602000
v -1.299642 -2.470933 0.564970
v -1.275142 -2.470933 0.542083
v -1.244858 -2.470933 0.542083
v -1.220358 -2.470933 0.564970
f 1685 1688 1687
f 1686 1727 1728
f 1687 1688 1698
f 1687 1698 1697
f 1697 1698 1708
f 1697 1708 1707
f 1707 1708 1718
f 1707 1718 1717
f 1717 1718 1728
f 1717 1728 1727
f 1685 1689 1688
f 1686 1728 1729
f 1688 1689 1699
f 1688 1699 1698
f 1698 1699 1709
f 1698 1709 1708
f 1708 1709 1719
f 1708 1719 1718
f 1718 1719 1729
f 1718 1729 1728
f 1685 1690 1689
f 1686 1729 1730
f 1689 1690 1700
f 1689 1700 1699
f 1699 1700 1710
f 1699 1710 1709
f 1709 1710 1720
f 1709 1720 1719
f 1719 1720 1730
f 1719 1730 1729
f 1685 1691 1690
f 1686 1730 1731
f 1690 1691 1701
f 1690 1701 1700
f 1700 1701 1711
f 1700 1711 1710
f 1710 1711 1721
f 1710 1721 1720
f 1720 1721 1731
f 1720 1731 1730
f 1685 1692 1691
f 1686 1731 1732
f 1691 1692 1702
f 1691 1702 1701
f 1701 1702 1712
f 1701 1712 1711
f 1711 1712 1722
f 1711 1722 1721
f 1721 1722 1732
f 1721 1732 1731
f 1685 1693 1692
f 1686 1732 1733
f 1692 1693 1703
f 1692 1703 1702
f 1702 1703 1713
f 1702 1713 1712
f 1712 1713 1723
f 1712 1723 1722
f 1722 1723 1733
f 1722 1733 1732
f 1685 1694 1693
f 1686 1733 1734
f 1693 1694 1704
f 1693 1704 1703
f 1703 1704 1714
f 1703 1714 1713
f 1713 1714 1724
f 1713 1724 1723
f 1723 1724 1734
f 1723 1734 1733
f 1685 1695 1694
f 1686 1734 1735
f 1694 1695 1705
f 1694 1705 1704
f 1704 1705 1715
f 1704 1715 1714
f 1714 1715 1725
f 1714 1725 1724
f 1724 1725 1735
f 1724 1735 1734
f 1685 1696 1695
f 1686 1735 1736
f 1695 1696 1706
f 1695 1706 1705
f 1705 1706 1716
f 1705 1716 1715
f 1715 1716 1726
f 1715 1726 1725
f 1725 1726 1736
f 1725 1736 1735
f 1685 1687 1696
f 1686 1736 1727
f 1696 1687 1697
f 1696 1697 1706
f 1706 1697 1707
f 1706 1707 1716
f 1716 1707 1717
f 1716 1717 1726
f 1726 1717 1727
f 1726 1727 1736
o LeftBackClaw_1
usemtl color_41
s off
v -0.980000 -2.275000 0.602000
v -0.980000 -2.485000 0.602000
v -0.931000 -2.289067 0.602000
v -0.940358 -2.289067 0.639030
v -0.964858 -2.289067 0.661917
v -0.995142 -2.289067 0.661917
v -1.019642 -2.289067 0.639030
v -1.029000 -2.289067 0.602000
v -1.019642 -2.289067 0.564970
v -0.995142 -2.289067 0.542083
v -0.964858 -2.289067 0.542083
v -0.940358 -2.289067 0.564970
v -0.895130 -2.327500 0.602000
v -0.911338 -2.327500 0.666139
v -0.953774 -2.327500 0.705779
v -1.006226 -2.327500 0.705779
v -1.048662 -2.327500 0.666139
v -1.064870 -2.327500 0.602000
v -1.048662 -2.327500 0.537861
v -1.006226 -2.327500 0.498221
v -0.953774 -2.327500 0.498221
v -0.911338 -2.327500 0.537861
v -0.882000 -2.380000 0.602000
v -0.900716 -2.380000 0.676061
v -0.949716 -2.380000 0.721833
v -1.010284 -2.380000 0.721833
v -1.059284 -2.380000 0.676061
v -1.078000 -2.380000 0.602000
v -1.059284 -2.380000 0.527939
v -1.010284 -2.380000 0.482167
v -0.949716 -2.380000 0.482167
v -0.900716 -2.380000 0.527939
v -0.895130 -2.432500 0.602000
v -0.911338 -2.432500 0.666139
v -0.953774 -2.432500 0.705779
v -1.006226 -2.432500 0.705779
v -1.048662 -2.432500 0.666139
v -1.064870 -2.432500 0.602000
v -1.048662 -2.432500 0.537861
v -1.006226 -2.432500 0.498221
v -0.953774 -2.432500 0.498221
v -0.911338 -2.432500 0.537861
v -0.931000 -2.470933 0.602000
v -0.940358 -2.470933 0.639030
v -0.964858 -2.470933 0.661917
v -0.995142 -2.470933 0.661917
v -1.019642 -2.470933 0.639030
v -1.029000 -2.470933 0.602000
v -1.019642 -2.470933 0.564970
v -0.995142 -2.470933 0.542083
v -0.964858 -2.470933 0.542083
v -0.940358 -2.470933 0.564970
f 1737 1740 1739
f 1738 1779 1780
f 1739 1740 1750
f 1739 1750 1749
f 1749 1750 1760
f 1749 1760 1759
f 1759 1760 1770
f 1759 1770 1769
f 1769 1770 1780
f 1769 1780 1779
f 1737 1741 1740
f 1738 1780 1781
f 1740 1741 1751
f 1740 1751 1750
f 1750 1751 1761
f 1750 1761 1760
f 1760 1761 1771
f 1760 1771 1770
f 1770 1771 1781
f 1770 1781 1780
f 1737 1742 1741
f 1738 1781 1782
f 1741 1742 1752
f 1741 1752 1751
f 1751 1752 1762
f 1751 1762 1761
f 1761 1762 1772
f 1761 1772 1771
f 1771 1772 1782
f 1771 1782 1781
f 1737 1743 1742
f 1738 1782 1783
f 1742 1743 1753
f 1742 1753 1752
f 1752 1753 1763
f 1752 1763 1762
f 1762 1763 1773
f 1762 1773 1772
f 1772 1773 1783
f 1772 1783 1782
f 1737 1744 1743
f 1738 1783 1784
f 1743 1744 1754
f 1743 1754 1753
f 1753 1754 1764
f 1753 1764 1763
f 1763 1764 1774
f 1763 1774 1773
f 1773 1774 1784
f 1773 1784 1783
f 1737 1745 1744
f 1738 1784 1785
f 1744 1745 1755
f 1744 1755 1754
f 1754 1755 1765
f 1754 1765 1764
f 1764 1765 1775
f 1764 1775 1774
f 1774 1775 1785
f 1774 1785 1784
f 1737 1746 1745
f 1738 1785 1786
f 1745 1746 1756
f 1745 1756 1755
f 1755 1756 1766
f 1755 1766 1765
f 1765 1766 1776
f 1765 1776 1775
f 1775 1776 1786
f 1775 1786 1785
f 1737 1747 1746
f 1738 1786 1787
f 1746 1747 1757
f 1746 1757 1756
f 1756 1757 1767
f 1756 1767 1766
f 1766 1767 1777
f 1766 1777 1776
f 1776 1777 1787
f 1776 1787 1786
f 1737 1748 1747
f 1738 1787 1788
f 1747 1748 1758
f 1747 1758 1757
f 1757 1758 1768
f 1757 1768 1767
f 1767 1768 1778
f 1767 1778 1777
f 1777 1778 1788
f 1777 1788 1787
f 1737 1739 1748
f 1738 1788 1779
f 1748 1739 1749
f 1748 1749 1758
f 1758 1749 1759
f 1758 1759 1768
f 1768 1759 1769
f 1768 1769 1778
f 1778 1769 1779
f 1778 1779 1788
o LeftBackClaw_2
usemtl color_42
s off
v -0.700000 -2.275000 0.602000
v -0.700000 -2.485000 0.602000
v -0.651000 -2.289067 0.602000
v -0.660358 -2.289067 0.639030
v -0.684858 -2.289067 0.661917
v -0.715142 -2.289067 0.661917
v -0.739642 -2.289067 0.639030
v -0.749000 -2.289067 0.602000
v -0.739642 -2.289067 0.564970
v -0.715142 -2.289067 0.542083
v -0.684858 -2.289067 0.542083
v -0.660358 -2.289067 0.564970
v -0.615130 -2.327500 0.602000
v -0.631338 -2.327500 0.666139
v -0.673774 -2.327500 0.705779
v -0.726226 -2.327500 0.705779
v -0.768662 -2.327500 0.666139
v -0.784870 -2.327500 0.602000
v -0.768662 -2.327500 0.537861
v -0.726226 -2.327500 0.498221
v -0.673774 -2.327500 0.498221
v -0.631338 -2.327500 0.537861
v -0.602000 -2.380000 0.602000
v -0.620716 -2.380000 0.676061
v -0.669716 -2.380000 0.721833
v -0.730284 -2.380000 0.721833
v -0.779284 -2.380000 0.676061
v -0.798000 -2.380000 0.602000
v -0.779284 -2.380000 0.527939
v -0.730284 -2.380000 0.482167
v -0.669716 -2.380000 0.482167
v -0.620716 -2.380000 0.527939
v -0.615130 -2.432500 0.602000
v -0.631338 -2.432500 0.666139
v -0.673774 -2.432500 0.705779
v -0.726226 -2.432500 0.705779
v -0.768662 -2.432500 0.666139
v -0.784870 -2.432500 0.602000
v -0.768662 -2.432500 0.537861
v -0.726226 -2.432500 0.498221
v -0.673774 -2.432500 0.498221
v -0.631338 -2.432500 0.537861
v -0.651000 -2.470933 0.602000
v -0.660358 -2.470933 0.639030
v -0.684858 -2.470933 0.661917
v -0.715142 -2.470933 0.661917
v -0.739642 -2.470933 0.639030
v -0.749000 -2.470933 0.602000
v -0.739642 -2.470933 0.564970
v -0.715142 -2.470933 0.542083
v -0.684858 -2.470933 0.542083
v -0.660358 -2.470933 0.564970
f 1789 1792 1791
f 1790 1831 1832
f 1791 1792 1802
f 1791 1802 1801
f 1801 1802 1812
f 1801 1812 1811
f 1811 1812 1822
f 1811 1822 1821
f 1821 1822 1832
f 1821 1832 1831
f 1789 1793 1792
f 1790 1832 1833
f 1792 1793 1803
f 1792 1803 1802
f 1802 1803 1813
f 1802 1813 1812
f 1812 1813 1823
f 1812 1823 1822
f 1822 1823 1833
f 1822 1833 1832
f 1789 1794 1793
f 1790 1833 1834
f 1793 1794 1804
f 1793 1804 1803
f 1803 1804 1814
f 1803 1814 1813
f 1813 1814 1824
f 1813 1824 1823
f 1823 1824 1834
f 1823 1834 1833
f 1789 1795 1794
f 1790 1834 1835
f 1794 1795 1805
f 1794 1805 1804
f 1804 1805 1815
f 1804 1815 1814
f 1814 1815 1825
f 1814 1825 1824
f 1824 1825 1835
f 1824 1835 1834
f 1789 1796 1795
f 1790 1835 1836
f 1795 1796 1806
f 1795 1806 1805
f 1805 1806 1816
f 1805 1816 1815
f 1815 1816 1826
f 1815 1826 1825
f 1825 1826 1836
f 1825 1836 1835
f 1789 1797 1796
f 1790 1836 1837
f 1796 1797 1807
f 1796 1807 1806
f 1806 1807 1817
f 1806 1817 1816
f 1816 1817 1827
f 1816 1827 1826
f 1826 1827 1837
f 1826 1837 1836
f 1789 1798 1797
f 1790 1837 1838
f 1797 1798 1808
f 1797 1808 1807
f 1807 1808 1818
f 1807 1818 1817
f 1817 1818 1828
f 1817 1828 1827
f 1827 1828 1838
f 1827 1838 1837
f 1789 1799 1798
f 1790 1838 1839
f 1798 1799 1809
f 1798 1809 1808
f 1808 1809 1819
f 1808 1819 1818
f 1818 1819 1829
f 1818 1829 1828
f 1828 1829 1839
f 1828 1839 1838
f 1789 1800 1799
f 1790 1839 1840
f 1799 1800 1810
f 1799 1810 1809
f 1809 1810 1820
f 1809 1820 1819
f 1819 1820 1830
f 1819 1830 1829
f 1829 1830 1840
f 1829 1840 1839
f 1789 1791 1800
f 1790 1840 1831
f 1800 1791 1801
f 1800 1801 1810
f 1810 1801 1811
f 1810 1811 1820
f 1820 1811 1821
f 1820 1821 1830
f 1830 1821 1831
f 1830 1831 1840
o RightFrontLeg
usemtl color_43
s off
v 0.980000 -1.043280 -0.910000
v 0.980000 -2.449440 -0.910000
v 1.246000 -1.137475 -0.910000
v 1.195199 -1.137475 -0.745420
v 1.062199 -1.137475 -0.643704
v 0.897801 -1.137475 -0.643704
v 0.764801 -1.137475 -0.745420
v 0.714000 -1.137475 -0.910000
v 0.764801 -1.137475 -1.074580
v 0.897801 -1.137475 -1.176296
v 1.062199 -1.137475 -1.176296
v 1.195199 -1.137475 -1.074580
v 1.440726 -1.394820 -0.910000
v 1.352735 -1.394820 -0.624939
v 1.122372 -1.394820 -0.448762
v 0.837628 -1.394820 -0.448762
v 0.607265 -1.394820 -0.624939
v 0.519274 -1.394820 -0.910000
v 0.607265 -1.394820 -1.195061
v 0.837628 -1.394820 -1.371238
v 1.122372 -1.394820 -1.371238
v 1.352735 -1.394820 -1.195061
v 1.512000 -1.746360 -0.910000
v 1.410397 -1.746360 -0.580840
v 1.144397 -1.746360 -0.377408
v 0.815603 -1.746360 -0.377408
v 0.549603 -1.746360 -0.580840
v 0.448000 -1.746360 -0.910000
v 0.549603 -1.746360 -1.239160
v 0.815603 -1.746360 -1.442592
v 1.144397 -1.746360 -1.442592
v 1.410397 -1.746360 -1.239160
v 1.440726 -2.097900 -0.910000
v 1.352735 -2.097900 -0.624939
v 1.122372 -2.097900 -0.448762
v 0.837628 -2.097900 -0.448762
v 0.607265 -2.097900 -0.624939
v 0.519274 -2.097900 -0.910000
v 0.607265 -2.097900 -1.195061
v 0.837628 -2.097900 -1.371238
v 1.122372 -2.097900 -1.371238
v 1.352735 -2.097900 -1.195061
v 1.246000 -2.355245 -0.910000
v 1.195199 -2.355245 -0.745420
v 1.062199 -2.355245 -0.643704
v 0.897801 -2.355245 -0.643704
v 0.764801 -2.355245 -0.745420
v 0.714000 -2.355245 -0.910000
v 0.764801 -2.355245 -1.074580
v 0.897801 -2.355245 -1.176296
v 1.062199 -2.355245 -1.176296
v 1.195199 -2.355245 -1.074580
f 1841 1844 1843
f 1842 1883 1884
f 1843 1844 1854
f 1843 1854 1853
f 1853 1854 1864
f 1853 1864 1863
f 1863 1864 1874
f 1863 1874 1873
f 1873 1874 1884
f 1873 1884 1883
f 1841 1845 1844
f 1842 1884 1885
f 1844 1845 1855
f 1844 1855 1854
f 1854 1855 1865
f 1854 1865 1864
f 1864 1865 1875
f 1864 1875 1874
f 1874 1875 1885
f 1874 1885 1884
f 1841 1846 1845
f 1842 1885 1886
f 1845 1846 1856
f 1845 1856 1855
f 1855 1856 1866
f 1855 1866 1865
f 1865 1866 1876
f 1865 1876 1875
f 1875 1876 1886
f 1875 1886 1885
f 1841 1847 1846
f 1842 1886 1887
f 1846 1847 1857
f 1846 1857 1856
f 1856 1857 1867
f 1856 1867 1866
f 1866 1867 1877
f 1866 1877 1876
f 1876 1877 1887
f 1876 1887 1886
f 1841 1848 1847
f 1842 1887 1888
f 1847 1848 1858
f 1847 1858 1857
f 1857 1858 1868
f 1857 1868 1867
f 1867 1868 1878
f 1867 1878 1877
f 1877 1878 1888
f 1877 1888 1887
f 1841 1849 1848
f 1842 1888 1889
f 1848 1849 1859
f 1848 1859 1858
f 1858 1859 1869
f 1858 1869 1868
f 1868 1869 1879
f 1868 1879 1878
f 1878 1879 1889
f 1878 1889 1888
f 1841 1850 1849
f 1842 1889 1890
f 1849 1850 1860
f 1849 1860 1859
f 1859 1860 1870
f 1859 1870 1869
f 1869 1870 1880
f 1869 1880 1879
f 1879 1880 1890
f 1879 1890 1889
f 1841 1851 1850
f 1842 1890 1891
f 1850 1851 1861
f 1850 1861 1860
f 1860 1861 1871
f 1860 1871 1870
f 1870 1871 1881
f 1870 1881 1880
f 1880 1881 1891
f 1880 1891 1890
f 1841 1852 1851
f 1842 1891 1892
f 1851 1852 1862
f 1851 1862 1861
f 1861 1862 1872
f 1861 1872 1871
f 1871 1872 1882
f 1871 1882 1881
f 1881 1882 1892
f 1881 1892 1891
f 1841 1843 1852
f 1842 1892 1883
f 1852 1843 1853
f 1852 1853 1862
f 1862 1853 1863
f 1862 1863 1872
f 1872 1863 1873
f 1872 1873 1882
f 1882 1873 1883
f 1882 1883 1892
o RightFrontPaw
usemtl color_44
s off
v 0.980000 -2.170000 -1.078000
v 0.980000 -2.702000 -1.078000
v 1.267000 -2.205637 -1.078000
v 1.212188 -2.205637 -0.876390
v 1.068688 -2.205637 -0.751788
v 0.891312 -2.205637 -0.751788
v 0.747812 -2.205637 -0.876390
v 0.693000 -2.205637 -1.078000
v 0.747812 -2.205637 -1.279610
v 0.891312 -2.205637 -1.404212
v 1.068688 -2.205637 -1.404212
v 1.212188 -2.205637 -1.279610
v 1.477099 -2.303000 -1.078000
v 1.382161 -2.303000 -0.728801
v 1.133612 -2.303000 -0.512984
v 0.826388 -2.303000 -0.512984
v 0.577839 -2.303000 -0.728801
v 0.482901 -2.303000 -1.078000
v 0.577839 -2.303000 -1.427199
v 0.826388 -2.303000 -1.643016
v 1.133612 -2.303000 -1.643016
v 1.382161 -2.303000 -1.427199
v 1.554000 -2.436000 -1.078000
v 1.444376 -2.436000 -0.674779
v 1.157376 -2.436000 -0.425575
v 0.802624 -2.436000 -0.425575
v 0.515624 -2.436000 -0.674779
v 0.406000 -2.436000 -1.078000
v 0.515624 -2.436000 -1.481221
v 0.802624 -2.436000 -1.730425
v 1.157376 -2.436000 -1.730425
v 1.444376 -2.436000 -1.481221
v 1.477099 -2.569000 -1.078000
v 1.382161 -2.569000 -0.728801
v 1.133612 -2.569000 -0.512984
v 0.826388 -2.569000 -0.512984
v 0.577839 -2.569000 -0.728801
v 0.482901 -2.569000 -1.078000
v 0.577839 -2.569000 -1.427199
v 0.826388 -2.569000 -1.643016
v 1.133612 -2.569000 -1.643016
v 1.382161 -2.569000 -1.427199
v 1.267000 -2.666363 -1.078000
v 1.212188 -2.666363 -0.876390
v 1.068688 -2.666363 -0.751788
v 0.891312 -2.666363 -0.751788
v 0.747812 -2.666363 -0.876390
v 0.693000 -2.666363 -1.078000
v 0.747812 -2.666363 -1.279610
v 0.891312 -2.666363 -1.404212
v 1.068688 -2.666363 -1.404212
v 1.212188 -2.666363 -1.279610
f 1893 1896 1895
f 1894 1935 1936
f 1895 1896 1906
f 1895 1906 1905
f 1905 1906 1916
f 1905 1916 1915
f 1915 1916 1926
f 1915 1926 1925
f 1925 1926 1936
f 1925 1936 1935
f 1893 1897 1896
f 1894 1936 1937
f 1896 1897 1907
f 1896 1907 1906
f 1906 1907 1917
f 1906 1917 1916
f 1916 1917 1927
f 1916 1927 1926
f 1926 1927 1937
f 1926 1937 1936
f 1893 1898 1897
f 1894 1937 1938
f 1897 1898 1908
f 1897 1908 1907
f 1907 1908 1918
f 1907 1918 1917
f 1917 1918 1928
f 1917 1928 1927
f 1927 1928 1938
f 1927 1938 1937
f 1893 1899 1898
f 1894 1938 1939
f 1898 1899 1909
f 1898 1909 1908
f 1908 1909 1919
f 1908 1919 1918
f 1918 1919 1929
f 1918 1929 1928
f 1928 1929 1939
f 1928 1939 1938
f 1893 1900 1899
f 1894 1939 1940
f 1899 1900 1910
f 1899 1910 1909
f 1909 1910 1920
f 1909 1920 1919
f 1919 1920 1930
f 1919 1930 1929
f 1929 1930 1940
f 1929 1940 1939
f 1893 1901 1900
f 1894 1940 1941
f 1900 1901 1911
f 1900 1911 1910
f 1910 1911 1921
f 1910 1921 1920
f 1920 1921 1931
f 1920 1931 1930
f 1930 1931 1941
f 1930 1941 1940
f 1893 1902 1901
f 1894 1941 1942
f 1901 1902 1912
f 1901 1912 1911
f 1911 1912 1922
f 1911 1922 1921
f 1921 1922 1932
f 1921 1932 1931
f 1931 1932 1942
f 1931 1942 1941
f 1893 1903 1902
f 1894 1942 1943
f 1902 1903 1913
f 1902 1913 1912
f 1912 1913 1923
f 1912 1923 1922
f 1922 1923 1933
f 1922 1933 1932
f 1932 1933 1943
f 1932 1943 1942
f 1893 1904 1903
f 1894 1943 1944
f 1903 1904 1914
f 1903 1914 1913
f 1913 1914 1924
f 1913 1924 1923
f 1923 1924 1934
f 1923 1934 1933
f 1933 1934 1944
f 1933 1944 1943
f 1893 1895 1904
f 1894 1944 1935
f 1904 1895 1905
f 1904 1905 1914
f 1914 1905 1915
f 1914 1915 1924
f 1924 1915 1925
f 1924 1925 1934
f 1934 1925 1935
f 1934 1935 1944
o RightFrontClaw
usemtl color_45
s off
v 0.700000 -2.275000 -1.708000
v 0.700000 -2.485000 -1.708000
v 0.749000 -2.289067 -1.708000
v 0.739642 -2.289067 -1.670970
v 0.715142 -2.289067 -1.648083
v 0.684858 -2.289067 -1.648083
v 0.660358 -2.289067 -1.670970
v 0.651000 -2.289067 -1.708000
v 0.660358 -2.289067 -1.745030
v 0.684858 -2.289067 -1.767917
v 0.715142 -2.289067 -1.767917
v 0.739642 -2.289067 -1.745030
v 0.784870 -2.327500 -1.708000
v 0.768662 -2.327500 -1.643861
v 0.726226 -2.327500 -1.604221
v 0.673774 -2.327500 -1.604221
v 0.631338 -2.327500 -1.643861
v 0.615130 -2.327500 -1.708000
v 0.631338 -2.327500 -1.772139
v 0.673774 -2.327500 -1.811779
v 0.726226 -2.327500 -1.811779
v 0.768662 -2.327500 -1.772139
v 0.798000 -2.380000 -1.708000
v 0.779284 -2.380000 -1.633939
v 0.730284 -2.380000 -1.588167
v 0.669716 -2.380000 -1.588167
v 0.620716 -2.380000 -1.633939
v 0.602000 -2.380000 -1.708000
v 0.620716 -2.380000 -1.782061
v 0.669716 -2.380000 -1.827833
v 0.730284 -2.380000 -1.827833
v 0.779284 -2.380000 -1.782061
v 0.784870 -2.432500 -1.708000
v 0.768662 -2.432500 -1.643861
v 0.726226 -2.432500 -1.604221
v 0.673774 -2.432500 -1.604221
v 0.631338 -2.432500 -1.643861
v 0.615130 -2.432500 -1.708000
v 0.631338 -2.432500 -1.772139
v 0.673774 -2.432500 -1.811779
v 0.726226 -2.432500 -1.811779
v 0.768662 -2.432500 -1.772139
v 0.749000 -2.470933 -1.708000
v 0.739642 -2.470933 -1.670970
v 0.715142 -2.470933 -1.648083
v 0.684858 -2.470933 -1.648083
v 0.660358 -2.470933 -1.670970
v 0.651000 -2.470933 -1.708000
v 0.660358 -2.470933 -1.745030
v 0.684858 -2.470933 -1.767917
v 0.715142 -2.470933 -1.767917
v 0.739642 -2.470933 -1.745030
f 1945 1948 1947
f 1946 1987 1988
f 1947 1948 1958
f 1947 1958 1957
f 1957 1958 1968
f 1957 1968 1967
f 1967 1968 1978
f 1967 1978 1977
f 1977 1978 1988
f 1977 1988 1987
f 1945 1949 1948
f 1946 1988 1989
f 1948 1949 1959
f 1948 1959 1958
f 1958 1959 1969
f 1958 1969 1968
f 1968 1969 1979
f 1968 1979 1978
f 1978 1979 1989
f 1978 1989 1988
f 1945 1950 1949
f 1946 1989 1990
f 1949 1950 1960
f 1949 1960 1959
f 1959 1960 1970
f 1959 1970 1969
f 1969 1970 1980
f 1969 1980 1979
f 1979 1980 1990
f 1979 1990 1989
f 1945 1951 1950
f 1946 1990 1991
f 1950 1951 1961
f 1950 1961 1960
f 1960 1961 1971
f 1960 1971 1970
f 1970 1971 1981
f 1970 1981 1980
f 1980 1981 1991
f 1980 1991 1990
f 1945 1952 1951
f 1946 1991 1992
f 1951 1952 1962
f 1951 1962 1961
f 1961 1962 1972
f 1961 1972 1971
f 1971 1972 1982
f 1971 1982 1981
f 1981 1982 1992
f 1981 1992 1991
f 1945 1953 1952
f 1946 1992 1993
f 1952 1953 1963
f 1952 1963 1962
f 1962 1963 1973
f 1962 1973 1972
f 1972 1973 1983
f 1972 1983 1982
f 1982 1983 1993
f 1982 1993 1992
f 1945 1954 1953
f 1946 1993 1994
f 1953 1954 1964
f 1953 1964 1963
f 1963 1964 1974
f 1963 1974 1973
f 1973 1974 1984
f 1973 1984 1983
f 1983 1984 1994
f 1983 1994 1993
f 1945 1955 1954
f 1946 1994 1995
f 1954 1955 1965
f 1954 1965 1964
f 1964 1965 1975
f 1964 1975 1974
f 1974 1975 1985
f 1974 1985 1984
f 1984 1985 1995
f 1984 1995 1994
f 1945 1956 1955
f 1946 1995 1996
f 1955 1956 1966
f 1955 1966 1965
f 1965 1966 1976
f 1965 1976 1975
f 1975 1976 1986
f 1975 1986 1985
f 1985 1986 1996
f 1985 1996 1995
f 1945 1947 1956
f 1946 1996 1987
f 1956 1947 1957
f 1956 1957 1966
f 1966 1957 1967
f 1966 1967 1976
f 1976 1967 1977
f 1976 1977 1986
f 1986 1977 1987
f 1986 1987 1996
o RightFrontClaw_1
usemtl color_46
s off
v 0.980000 -2.275000 -1.708000
v 0.980000 -2.485000 -1.708000
v 1.029000 -2.289067 -1.708000
v 1.019642 -2.289067 -1.670970
v 0.995142 -2.289067 -1.648083
v 0.964858 -2.289067 -1.648083
v 0.940358 -2.289067 -1.670970
v 0.931000 -2.289067 -1.708000
v 0.940358 -2.289067 -1.745030
v 0.964858 -2.289067 -1.767917
v 0.995142 -2.289067 -1.767917
v 1.019642 -2.289067 -1.745030
v 1.064870 -2.327500 -1.708000
v 1.048662 -2.327500 -1.643861
v 1.006226 -2.327500 -1.604221
v 0.953774 -2.327500 -1.604221
v 0.911338 -2.327500 -1.643861
v 0.895130 -2.327500 -1.708000
v 0.911338 -2.327500 -1.772139
v 0.953774 -2.327500 -1.811779
v 1.006226 -2.327500 -1.811779
v 1.048662 -2.327500 -1.772139
v 1.078000 -2.380000 -1.708000
v 1.059284 -2.380000 -1.633939
v 1.010284 -2.380000 -1.588167
v 0.949716 -2.380000 -1.588167
v 0.900716 -2.380000 -1.633939
v 0.882000 -2.380000 -1.708000
v 0.900716 -2.380000 -1.782061
v 0.949716 -2.380000 -1.827833
v 1.010284 -2.380000 -1.827833
v 1.059284 -2.380000 -1.782061
v 1.064870 -2.432500 -1.708000
v 1.048662 -2.432500 -1.643861
v 1.006226 -2.432500 -1.604221
v 0.953774 -2.432500 -1.604221
v 0.911338 -2.432500 -1.643861
v 0.895130 -2.432500 -1.708000
v 0.911338 -2.432500 -1.772139
v 0.953774 -2.432500 -1.811779
v 1.006226 -2.432500 -1.811779
v 1.048662 -2.432500 -1.772139
v 1.029000 -2.470933 -1.708000
v 1.019642 -2.470933 -1.670970
v 0.995142 -2.470933 -1.648083
v 0.964858 -2.470933 -1.648083
v 0.940358 -2.470933 -1.670970
v 0.931000 -2.470933 -1.708000
v 0.940358 -2.470933 -1.745030
v 0.964858 -2.470933 -1.767917
v 0.995142 -2.470933 -1.767917
v 1.019642 -2.470933 -1.745030
f 1997 2000 1999
f 1998 2039 2040
f 1999 2000 2010
f 1999 2010 2009
f 2009 2010 2020
f 2009 2020 2019
f 2019 2020 2030
f 2019 2030 2029
f 2029 2030 2040
f 2029 2040 2039
f 1997 2001 2000
f 1998 2040 2041
f 2000 2001 2011
f 2000 2011 2010
f 2010 2011 2021
f 2010 2021 2020
f 2020 2021 2031
f 2020 2031 2030
f 2030 2031 2041
f 2030 2041 2040
f 1997 2002 2001
f 1998 2041 2042
f 2001 2002 2012
f 2001 2012 2011
f 2011 2012 2022
f 2011 2022 2021
f 2021 2022 2032
f 2021 2032 2031
f 2031 2032 2042
f 2031 2042 2041
f 1997 2003 2002
f 1998 2042 2043
f 2002 2003 2013
f 2002 2013 2012
f 2012 2013 2023
f 2012 2023 2022
f 2022 2023 2033
f 2022 2033 2032
f 2032 2033 2043
f 2032 2043 2042
f 1997 2004 2003
f 1998 2043 2044
f 2003 2004 2014
f 2003 2014 2013
f 2013 2014 2024
f 2013 2024 2023
f 2023 2024 2034
f 2023 2034 2033
f 2033 2034 2044
f 2033 2044 2043
f 1997 2005 2004
f 1998 2044 2045
f 2004 2005 2015
f 2004 2015 2014
f 2014 2015 2025
f 2014 2025 2024
f 2024 2025 2035
f 2024 2035 2034
f 2034 2035 2045
f 2034 2045 2044
f 1997 2006 2005
f 1998 2045 2046
f 2005 2006 2016
f 2005 2016 2015
f 2015 2016 2026
f 2015 2026 2025
f 2025 2026 2036
f 2025 2036 2035
f 2035 2036 2046
f 2035 2046 2045
f 1997 2007 2006
f 1998 2046 2047
f 2006 2007 2017
f 2006 2017 2016
f 2016 2017 2027
f 2016 2027 2026
f 2026 2027 2037
f 2026 2037 2036
f 2036 2037 2047
f 2036 2047 2046
f 1997 2008 2007
f 1998 2047 2048
f 2007 2008 2018
f 2007 2018 2017
f 2017 2018 2028
f 2017 2028 2027
f 2027 2028 2038
f 2027 2038 2037
f 2037 2038 2048
f 2037 2048 2047
f 1997 1999 2008
f 1998 2048 2039
f 2008 1999 2009
f 2008 2009 2018
f 2018 2009 2019
f 2018 2019 2028
f 2028 2019 2029
f 2028 2029 2038
f 2038 2029 2039
f 2038 2039 2048
o RightFrontClaw_2
usemtl color_47
s off
v 1.260000 -2.275000 -1.708000
v 1.260000 -2.485000 -1.708000
v 1.309000 -2.289067 -1.708000
v 1.299642 -2.289067 -1.670970
v 1.275142 -2.289067 -1.648083
v 1.244858 -2.289067 -1.648083
v 1.220358 -2.289067 -1.670970
v 1.211000 -2.289067 -1.708000
v 1.220358 -2.289067 -1.745030
v 1.244858 -2.289067 -1.767917
v 1.275142 -2.289067 -1.767917
v 1.299642 -2.289067 -1.745030
v 1.344870 -2.327500 -1.708000
v 1.328662 -2.327500 -1.643861
v 1.286226 -2.327500 -1.604221
v 1.233774 -2.327500 -1.604221
v 1.191338 -2.327500 -1.643861
v 1.175130 -2.327500 -1.708000
v 1.191338 -2.327500 -1.772139
v 1.233774 -2.327500 -1.811779
v 1.286226 -2.327500 -1.811779
v 1.328662 -2.327500 -1.772139
v 1.358000 -2.380000 -1.708000
v 1.339284 -2.380000 -1.633939
v 1.290284 -2.380000 -1.588167
v 1.229716 -2.380000 -1.588167
v 1.180716 -2.380000 -1.633939
v 1.162000 -2.380000 -1.708000
v 1.180716 -2.380000 -1.782061
v 1.229716 -2.380000 -1.827833
v 1.290284 -2.380000 -1.827833
v 1.339284 -2.380000 -1.782061
v 1.344870 -2.432500 -1.708000
v 1.328662 -2.432500 -1.643861
v 1.286226 -2.432500 -1.604221
v 1.233774 -2.432500 -1.604221
v 1.191338 -2.432500 -1.643861
v 1.175130 -2.432500 -1.708000
v 1.191338 -2.432500 -1.772139
v 1.233774 -2.432500 -1.811779
v 1.286226 -2.432500 -1.811779
v 1.328662 -2.432500 -1.772139
v 1.309000 -2.470933 -1.708000
v 1.299642 -2.470933 -1.670970
v 1.275142 -2.470933 -1.648083
v 1.244858 -2.470933 -1.648083
v 1.220358 -2.470933 -1.670970
v 1.211000 -2.470933 -1.708000
v 1.220358 -2.470933 -1.745030
v 1.244858 -2.470933 -1.767917
v 1.275142 -2.470933 -1.767917
v 1.299642 -2.470933 -1.745030
f 2049 2052 2051
f 2050 2091 2092
f 2051 2052 2062
f 2051 2062 2061
f 2061 2062 2072
f 2061 2072 2071
f 2071 2072 2082
f 2071 2082 2081
f 2081 2082 2092
f 2081 2092 2091
f 2049 2053 2052
f 2050 2092 2093
f 2052 2053 2063
f 2052 2063 2062
f 2062 2063 2073
f 2062 2073 2072
f 2072 2073 2083
f 2072 2083 2082
f 2082 2083 2093
f 2082 2093 2092
f 2049 2054 2053
f 2050 2093 2094
f 2053 2054 2064
f 2053 2064 2063
f 2063 2064 2074
f 2063 2074 2073
f 2073 2074 2084
f 2073 2084 2083
f 2083 2084 2094
f 2083 2094 2093
f 2049 2055 2054
f 2050 2094 2095
f 2054 2055 2065
f 2054 2065 2064
f 2064 2065 2075
f 2064 2075 2074
f 2074 2075 2085
f 2074 2085 2084
f 2084 2085 2095
f 2084 2095 2094
f 2049 2056 2055
f 2050 2095 2096
f 2055 2056 2066
f 2055 2066 2065
f 2065 2066 2076
f 2065 2076 2075
f 2075 2076 2086
f 2075 2086 2085
f 2085 2086 2096
f 2085 2096 2095
f 2049 2057 2056
f 2050 2096 2097
f 2056 2057 2067
f 2056 2067 2066
f 2066 2067 2077
f 2066 2077 2076
f 2076 2077 2087
f 2076 2087 2086
f 2086 2087 2097
f 2086 2097 2096
f 2049 2058 2057
f 2050 2097 2098
f 2057 2058 2068
f 2057 2068 2067
f 2067 2068 2078
f 2067 2078 2077
f 2077 2078 2088
f 2077 2088 2087
f 2087 2088 2098
f 2087 2098 2097
f 2049 2059 2058
f 2050 2098 2099
f 2058 2059 2069
f 2058 2069 2068
f 2068 2069 2079
f 2068 2079 2078
f 2078 2079 2089
f 2078 2089 2088
f 2088 2089 2099
f 2088 2099 2098
f 2049 2060 2059
f 2050 2099 2100
f 2059 2060 2070
f 2059 2070 2069
f 2069 2070 2080
f 2069 2080 2079
f 2079 2080 2090
f 2079 2090 2089
f 2089 2090 2100
f 2089 2100 2099
f 2049 2051 2060
f 2050 2100 2091
f 2060 2051 2061
f 2060 2061 2070
f 2070 2061 2071
f 2070 2071 2080
f 2080 2071 2081
f 2080 2081 2090
f 2090 2081 2091
f 2090 2091 2100
o RightBackLeg
usemtl color_48
s off
v 0.980000 -1.043280 1.400000
v 0.980000 -2.449440 1.400000
v 1.246000 -1.137475 1.400000
v 1.195199 -1.137475 1.564580
v 1.062199 -1.137475 1.666296
v 0.897801 -1.137475 1.666296
v 0.764801 -1.137475 1.564580
v 0.714000 -1.137475 1.400000
v 0.764801 -1.137475 1.235420
v 0.897801 -1.137475 1.133704
v 1.062199 -1.137475 1.133704
v 1.195199 -1.137475 1.235420
v 1.440726 -1.394820 1.400000
v 1.352735 -1.394820 1.685061
v 1.122372 -1.394820 1.861238
v 0.837628 -1.394820 1.861238
v 0.607265 -1.394820 1.685061
v 0.519274 -1.394820 1.400000
v 0.607265 -1.394820 1.114939
v 0.837628 -1.394820 0.938762
v 1.122372 -1.394820 0.938762
v 1.352735 -1.394820 1.114939
v 1.512000 -1.746360 1.400000
v 1.410397 -1.746360 1.729160
v 1.144397 -1.746360 1.932592
v 0.815603 -1.746360 1.932592
v 0.549603 -1.746360 1.729160
v 0.448000 -1.746360 1.400000
v 0.549603 -1.746360 1.070840
v 0.815603 -1.746360 0.867408
v 1.144397 -1.746360 0.867408
v 1.410397 -1.746360 1.070840
v 1.440726 -2.097900 1.400000
v 1.352735 -2.097900 1.685061
v 1.122372 -2.097900 1.861238
v 0.837628 -2.097900 1.861238
v 0.607265 -2.097900 1.685061
v 0.519274 -2.097900 1.400000
v 0.607265 -2.097900 1.114939
v 0.837628 -2.097900 0.938762
v 1.122372 -2.097900 0.938762
v 1.352735 -2.097900 1.114939
v 1.246000 -2.355245 1.400000
v 1.195199 -2.355245 1.564580
v 1.062199 -2.355245 1.666296
v 0.897801 -2.355245 1.666296
v 0.764801 -2.355245 1.564580
v 0.714000 -2.355245 1.400000
v 0.764801 -2.355245 1.235420
v 0.897801 -2.355245 1.133704
v 1.062199 -2.355245 1.133704
v 1.195199 -2.355245 1.235420
f 2101 2104 2103
f 2102 2143 2144
f 2103 2104 2114
f 2103 2114 2113
f 2113 2114 2124
f 2113 2124 2123
f 2123 2124 2134
f 2123 2134 2133
f 2133 2134 2144
f 2133 2144 2143
f 2101 2105 2104
f 2102 2144 2145
f 2104 2105 2115
f 2104 2115 2114
f 2114 2115 2125
f 2114 2125 2124
f 2124 2125 2135
f 2124 2135 2134
f 2134 2135 2145
f 2134 2145 2144
f 2101 2106 2105
f 2102 2145 2146
f 2105 2106 2116
f 2105 2116 2115
f 2115 2116 2126
f 2115 2126 2125
f 2125 2126 2136
f 2125 2136 2135
f 2135 2136 2146
f 2135 2146 2145
f 2101 2107 2106
f 2102 2146 2147
f 2106 2107 2117
f 2106 2117 2116
f 2116 2117 2127
f 2116 2127 2126
f 2126 2127 2137
f 2126 2137 2136
f 2136 2137 2147
f 2136 2147 2146
f 2101 2108 2107
f 2102 2147 2148
f 2107 2108 2118
f 2107 2118 2117
f 2117 2118 2128
f 2117 2128 2127
f 2127 2128 2138
f 2127 2138 2137
f 2137 2138 2148
f 2137 2148 2147
f 2101 2109 2108
f 2102 2148 2149
f 2108 2109 2119
f 2108 2119 2118
f 2118 2119 2129
f 2118 2129 2128
f 2128 2129 2139
f 2128 2139 2138
f 2138 2139 2149
f 2138 2149 2148
f 2101 2110 2109
f 2102 2149 2150
f 2109 2110 2120
f 2109 2120 2119
f 2119 2120 2130
f 2119 2130 2129
f 2129 2130 2140
f 2129 2140 2139
f 2139 2140 2150
f 2139 2150 2149
f 2101 2111 2110
f 2102 2150 2151
f 2110 2111 2121
f 2110 2121 2120
f 2120 2121 2131
f 2120 2131 2130
f 2130 2131 2141
f 2130 2141 2140
f 2140 2141 2151
f 2140 2151 2150
f 2101 2112 2111
f 2102 2151 2152
f 2111 2112 2122
f 2111 2122 2121
f 2121 2122 2132
f 2121 2132 2131
f 2131 2132 2142
f 2131 2142 2141
f 2141 2142 2152
f 2141 2152 2151
f 2101 2103 2112
f 2102 2152 2143
f 2112 2103 2113
f 2112 2113 2122
f 2122 2113 2123
f 2122 2123 2132
f 2132 2123 2133
f 2132 2133 2142
f 2142 2133 2143
f 2142 2143 2152
o RightBackPaw
usemtl color_49
s off
v 0.980000 -2.170000 1.232000
v 0.980000 -2.702000 1.232000
v 1.267000 -2.205637 1.232000
v 1.212188 -2.205637 1.433610
v 1.068688 -2.205637 1.558212
v 0.891312 -2.205637 1.558212
v 0.747812 -2.205637 1.433610
v 0.693000 -2.205637 1.232000
v 0.747812 -2.205637 1.030390
v 0.891312 -2.205637 0.905788
v 1.068688 -2.205637 0.905788
v 1.212188 -2.205637 1.030390
v 1.477099 -2.303000 1.232000
v 1.382161 -2.303000 1.581199
v 1.133612 -2.303000 1.797016
v 0.826388 -2.303000 1.797016
v 0.577839 -2.303000 1.581199
v 0.482901 -2.303000 1.232000
v 0.577839 -2.303000 0.882801
v 0.826388 -2.303000 0.666984
v 1.133612 -2.303000 0.666984
v 1.382161 -2.303000 0.882801
v 1.554000 -2.436000 1.232000
v 1.444376 -2.436000 1.635221
v 1.157376 -2.436000 1.884425
v 0.802624 -2.436000 1.884425
v 0.515624 -2.436000 1.635221
v 0.406000 -2.436000 1.232000
v 0.515624 -2.436000 0.828779
v 0.802624 -2.436000 0.579575
v 1.157376 -2.436000 0.579575
v 1.444376 -2.436000 0.828779
v 1.477099 -2.569000 1.232000
v 1.382161 -2.569000 1.581199
v 1.133612 -2.569000 1.797016
v 0.826388 -2.569000 1.797016
v 0.577839 -2.569000 1.581199
v 0.482901 -2.569000 1.232000
v 0.577839 -2.569000 0.882801
v 0.826388 -2.569000 0.666984
v 1.133612 -2.569000 0.666984
v 1.382161 -2.569000 0.882801
v 1.267000 -2.666363 1.232000
v 1.212188 -2.666363 1.433610
v 1.068688 -2.666363 1.558212
v 0.891312 -2.666363 1.558212
v 0.747812 -2.666363 1.433610
v 0.693000 -2.666363 1.232000
v 0.747812 -2.666363 1.030390
v 0.891312 -2.666363 0.905788
v 1.068688 -2.666363 0.905788
v 1.212188 -2.666363 1.030390
f 2153 2156 2155
f 2154 2195 2196
f 2155 2156 2166
f 2155 2166 2165
f 2165 2166 2176
f 2165 2176 2175
f 2175 2176 2186
f 2175 2186 2185
f 2185 2186 2196
f 2185 2196 2195
f 2153 2157 2156
f 2154 2196 2197
f 2156 2157 2167
f 2156 2167 2166
f 2166 2167 2177
f 2166 2177 2176
f 2176 2177 2187
f 2176 2187 2186
f 2186 2187 2197
f 2186 2197 2196
f 2153 2158 2157
f 2154 2197 2198
f 2157 2158 2168
f 2157 2168 2167
f 2167 2168 2178
f 2167 2178 2177
f 2177 2178 2188
f 2177 2188 2187
f 2187 2188 2198
f 2187 2198 2197
f 2153 2159 2158
f 2154 2198 2199
f 2158 2159 2169
f 2158 2169 2168
f 2168 2169 2179
f 2168 2179 2178
f 2178 2179 2189
f 2178 2189 2188
f 2188 2189 2199
f 2188 2199 2198
f 2153 2160 2159
f 2154 2199 2200
f 2159 2160 2170
f 2159 2170 2169
f 2169 2170 2180
f 2169 2180 2179
f 2179 2180 2190
f 2179 2190 2189
f 2189 2190 2200
f 2189 2200 2199
f 2153 2161 2160
f 2154 2200 2201
f 2160 2161 2171
f 2160 2171 2170
f 2170 2171 2181
f 2170 2181 2180
f 2180 2181 2191
f 2180 2191 2190
f 2190 2191 2201
f 2190 2201 2200
f 2153 2162 2161
f 2154 2201 2202
f 2161 2162 2172
f 2161 2172 2171
f 2171 2172 2182
f 2171 2182 2181
f 2181 2182 2192
f 2181 2192 2191
f 2191 2192 2202
f 2191 2202 2201
f 2153 2163 2162
f 2154 2202 2203
f 2162 2163 2173
f 2162 2173 2172
f 2172 2173 2183
f 2172 2183 2182
f 2182 2183 2193
f 2182 2193 2192
f 2192 2193 2203
f 2192 2203 2202
f 2153 2164 2163
f 2154 2203 2204
f 2163 2164 2174
f 2163 2174 2173
f 2173 2174 2184
f 2173 2184 2183
f 2183 2184 2194
f 2183 2194 2193
f 2193 2194 2204
f 2193 2204 2203
f 2153 2155 2164
f 2154 2204 2195
f 2164 2155 2165
f 2164 2165 2174
f 2174 2165 2175
f 2174 2175 2184
f 2184 2175 2185
f 2184 2185 2194
f 2194 2185 2195
f 2194 2195 2204
o RightBackClaw
usemtl color_50
s off
v 0.700000 -2.275000 0.602000
v 0.700000 -2.485000 0.602000
v 0.749000 -2.289067 0.602000
v 0.739642 -2.289067 0.639030
v 0.715142 -2.289067 0.661917
v 0.684858 -2.289067 0.661917
v 0.660358 -2.289067 0.639030
v 0.651000 -2.289067 0.602000
v 0.660358 -2.289067 0.564970
v 0.684858 -2.289067 0.542083
v 0.715142 -2.289067 0.542083
v 0.739642 -2.289067 0.564970
v 0.784870 -2.327500 0.602000
v 0.768662 -2.327500 0.666139
v 0.726226 -2.327500 0.705779
v 0.673774 -2.327500 0.705779
v 0.631338 -2.327500 0.666139
v 0.615130 -2.327500 0.602000
v 0.631338 -2.327500 0.537861
v 0.673774 -2.327500 0.498221
v 0.726226 -2.327500 0.498221
v 0.768662 -2.327500 0.537861
v 0.798000 -2.380000 0.602000
v 0.779284 -2.380000 0.676061
v 0.730284 -2.380000 0.721833
v 0.669716 -2.380000 0.721833
v 0.620716 -2.380000 0.676061
v 0.602000 -2.380000 0.602000
v 0.620716 -2.380000 0.527939
v 0.669716 -2.380000 0.482167
v 0.730284 -2.380000 0.482167
v 0.779284 -2.380000 0.527939
v 0.784870 -2.432500 0.602000
v 0.768662 -2.432500 0.666139
v 0.726226 -2.432500 0.705779
v 0.673774 -2.432500 0.705779
v 0.631338 -2.432500 0.666139
v 0.615130 -2.432500 0.602000
v 0.631338 -2.432500 0.537861
v 0.673774 -2.432500 0.498221
v 0.726226 -2.432500 0.498221
v 0.768662 -2.432500 0.537861
v 0.749000 -2.470933 0.602000
v 0.739642 -2.470933 0.639030
v 0.715142 -2.470933 0.661917
v 0.684858 -2.470933 0.661917
v 0.660358 -2.470933 0.639030
v 0.651000 -2.470933 0.602000
v 0.660358 -2.470933 0.564970
v 0.684858 -2.470933 0.542083
v 0.715142 -2.470933 0.542083
v 0.739642 -2.470933 0.564970
f 2205 2208 2207
f 2206 2247 2248
f 2207 2208 2218
f 2207 2218 2217
f 2217 2218 2228
f 2217 2228 2227
f 2227 2228 2238
f 2227 2238 2237
f 2237 2238 2248
f 2237 2248 2247
f 2205 2209 2208
f 2206 2248 2249
f 2208 2209 2219
f 2208 2219 2218
f 2218 2219 2229
f 2218 2229 2228
f 2228 2229 2239
f 2228 2239 2238
f 2238 2239 2249
f 2238 2249 2248
f 2205 2210 2209
f 2206 2249 2250
f 2209 2210 2220
f 2209 2220 2219
f 2219 2220 2230
f 2219 2230 2229
f 2229 2230 2240
f 2229 2240 2239
f 2239 2240 2250
f 2239 2250 2249
f 2205 2211 2210
f 2206 2250 2251
f 2210 2211 2221
f 2210 2221 2220
f 2220 2221 2231
f 2220 2231 2230
f 2230 2231 2241
f 2230 2241 2240
f 2240 2241 2251
f 2240 2251 2250
f 2205 2212 2211
f 2206 2251 2252
f 2211 2212 2222
f 2211 2222 2221
f 2221 2222 2232
f 2221 2232 2231
f 2231 2232 2242
f 2231 2242 2241
f 2241 2242 2252
f 2241 2252 2251
f 2205 2213 2212
f 2206 2252 2253
f 2212 2213 2223
f 2212 2223 2222
f 2222 2223 2233
f 2222 2233 2232
f 2232 2233 2243
f 2232 2243 2242
f 2242 2243 2253
f 2242 2253 2252
f 2205 2214 2213
f 2206 2253 2254
f 2213 2214 2224
f 2213 2224 2223
f 2223 2224 2234
f 2223 2234 2233
f 2233 2234 2244
f 2233 2244 2243
f 2243 2244 2254
f 2243 2254 2253
f 2205 2215 2214
f 2206 2254 2255
f 2214 2215 2225
f 2214 2225 2224
f 2224 2225 2235
f 2224 2235 2234
f 2234 2235 2245
f 2234 2245 2244
f 2244 2245 2255
f 2244 2255 2254
f 2205 2216 2215
f 2206 2255 2256
f 2215 2216 2226
f 2215 2226 2225
f 2225 2226 2236
f 2225 2236 2235
f 2235 2236 2246
f 2235 2246 2245
f 2245 2246 2256
f 2245 2256 2255
f 2205 2207 2216
f 2206 2256 2247
f 2216 2207 2217
f 2216 2217 2226
f 2226 2217 2227
f 2226 2227 2236
f 2236 2227 2237
f 2236 2237 2246
f 2246 2237 2247
f 2246 2247 2256
o RightBackClaw_1
usemtl color_51
s off
v 0.980000 -2.275000 0.602000
v 0.980000 -2.485000 0.602000
v 1.029000 -2.289067 0.602000
v 1.019642 -2.289067 0.639030
v 0.995142 -2.289067 0.661917
v 0.964858 -2.289067 0.661917
v 0.940358 -2.289067 0.639030
v 0.931000 -2.289067 0.602000
v 0.940358 -2.289067 0.564970
v 0.964858 -2.289067 0.542083
v 0.995142 -2.289067 0.542083
v 1.019642 -2.289067 0.564970
v 1.064870 -2.327500 0.602000
v 1.048662 -2.327500 0.666139
v 1.006226 -2.327500 0.705779
v 0.953774 -2.327500 0.705779
v 0.911338 -2.327500 0.666139
v 0.895130 -2.327500 0.602000
v 0.911338 -2.327500 0.537861
v 0.953774 -2.327500 0.498221
v 1.006226 -2.327500 0.498221
v 1.048662 -2.327500 0.537861
v 1.078000 -2.380000 0.602000
v 1.059284 -2.380000 0.676061
v 1.010284 -2.380000 0.721833
v 0.949716 -2.380000 0.721833
v 0.900716 -2.380000 0.676061
v 0.882000 -2.380000 0.602000
v 0.900716 -2.380000 0.527939
v 0.949716 -2.380000 0.482167
v 1.010284 -2.380000 0.482167
v 1.059284 -2.380000 0.527939
v 1.064870 -2.432500 0.602000
v 1.048662 -2.432500 0.666139
v 1.006226 -2.432500 0.705779
v 0.953774 -2.432500 0.705779
v 0.911338 -2.432500 0.666139
v 0.895130 -2.432500 0.602000
v 0.911338 -2.432500 0.537861
v 0.953774 -2.432500 0.498221
v 1.006226 -2.432500 0.498221
v 1.048662 -2.432500 0.537861
v 1.029000 -2.470933 0.602000
v 1.019642 -2.470933 0.639030
v 0.995142 -2.470933 0.661917
v 0.964858 -2.470933 0.661917
v 0.940358 -2.470933 0.639030
v 0.931000 -2.470933 0.602000
v 0.940358 -2.470933 0.564970
v 0.964858 -2.470933 0.542083
v 0.995142 -2.470933 0.542083
v 1.019642 -2.470933 0.564970
f 2257 2260 2259
f 2258 2299 2300
f 2259 2260 2270
f 2259 2270 2269
f 2269 2270 2280
f 2269 2280 2279
f 2279 2280 2290
f 2279 2290 2289
f 2289 2290 2300
f 2289 2300 2299
f 2257 2261 2260
f 2258 2300 2301
f 2260 2261 2271
f 2260 2271 2270
f 2270 2271 2281
f 2270 2281 2280
f 2280 2281 2291
f 2280 2291 2290
f 2290 2291 2301
f 2290 2301 2300
f 2257 2262 2261
f 2258 2301 2302
f 2261 2262 2272
f 2261 2272 2271
f 2271 2272 2282
f 2271 2282 2281
f 2281 2282 2292
f 2281 2292 2291
f 2291 2292 2302
f 2291 2302 2301
f 2257 2263 2262
f 2258 2302 2303
f 2262 2263 2273
f 2262 2273 2272
f 2272 2273 2283
f 2272 2283 2282
f 2282 2283 2293
f 2282 2293 2292
f 2292 2293 2303
f 2292 2303 2302
f 2257 2264 2263
f 2258 2303 2304
f 2263 2264 2274
f 2263 2274 2273
f 2273 2274 2284
f 2273 2284 2283
f 2283 2284 2294
f 2283 2294 2293
f 2293 2294 2304
f 2293 2304 2303
f 2257 2265 2264
f 2258 2304 2305
f 2264 2265 2275
f 2264 2275 2274
f 2274 2275 2285
f 2274 2285 2284
f 2284 2285 2295
f 2284 2295 2294
f 2294 2295 2305
f 2294 2305 2304
f 2257 2266 2265
f 2258 2305 2306
f 2265 2266 2276
f 2265 2276 2275
f 2275 2276 2286
f 2275 2286 2285
f 2285 2286 2296
f 2285 2296 2295
f 2295 2296 2306
f 2295 2306 2305
f 2257 2267 2266
f 2258 2306 2307
f 2266 2267 2277
f 2266 2277 2276
f 2276 2277 2287
f 2276 2287 2286
f 2286 2287 2297
f 2286 2297 2296
f 2296 2297 2307
f 2296 2307 2306
f 2257 2268 2267
f 2258 2307 2308
f 2267 2268 2278
f 2267 2278 2277
f 2277 2278 2288
f 2277 2288 2287
f 2287 2288 2298
f 2287 2298 2297
f 2297 2298 2308
f 2297 2308 2307
f 2257 2259 2268
f 2258 2308 2299
f 2268 2259 2269
f 2268 2269 2278
f 2278 2269 2279
f 2278 2279 2288
f 2288 2279 2289
f 2288 2289 2298
f 2298 2289 2299
f 2298 2299 2308
o RightBackClaw_2
usemtl color_52
s off
v 1.260000 -2.275000 0.602000
v 1.260000 -2.485000 0.602000
v 1.309000 -2.289067 0.602000
v 1.299642 -2.289067 0.639030
v 1.275142 -2.289067 0.661917
v 1.244858 -2.289067 0.661917
v 1.220358 -2.289067 0.639030
v 1.211000 -2.289067 0.602000
v 1.220358 -2.289067 0.564970
v 1.244858 -2.289067 0.542083
v 1.275142 -2.289067 0.542083
v 1.299642 -2.289067 0.564970
v 1.344870 -2.327500 0.602000
v 1.328662 -2.327500 0.666139
v 1.286226 -2.327500 0.705779
v 1.233774 -2.327500 0.705779
v 1.191338 -2.327500 0.666139
v 1.175130 -2.327500 0.602000
v 1.191338 -2.327500 0.537861
v 1.233774 -2.327500 0.498221
v 1.286226 -2.327500 0.498221
v 1.328662 -2.327500 0.537861
v 1.358000 -2.380000 0.602000
v 1.339284 -2.380000 0.676061
v 1.290284 -2.380000 0.721833
v 1.229716 -2.380000 0.721833
v 1.180716 -2.380000 0.676061
v 1.162000 -2.380000 0.602000
v 1.180716 -2.380000 0.527939
v 1.229716 -2.380000 0.482167
v 1.290284 -2.380000 0.482167
v 1.339284 -2.380000 0.527939
v 1.344870 -2.432500 0.602000
v 1.328662 -2.432500 0.666139
v 1.286226 -2.432500 0.705779
v 1.233774 -2.432500 0.705779
v 1.191338 -2.432500 0.666139
v 1.175130 -2.432500 0.602000
v 1.191338 -2.432500 0.537861
v 1.233774 -2.432500 0.498221
v 1.286226 -2.432500 0.498221
v 1.328662 -2.432500 0.537861
v 1.309000 -2.470933 0.602000
v 1.299642 -2.470933 0.639030
v 1.275142 -2.470933 0.661917
v 1.244858 -2.470933 0.661917
v 1.220358 -2.470933 0.639030
v 1.211000 -2.470933 0.602000
v 1.220358 -2.470933 0.564970
v 1.244858 -2.470933 0.542083
v 1.275142 -2.470933 0.542083
v 1.299642 -2.470933 0.564970
f 2309 2312 2311
f 2310 2351 2352
f 2311 2312 2322
f 2311 2322 2321
f 2321 2322 2332
f 2321 2332 2331
f 2331 2332 2342
f 2331 2342 2341
f 2341 2342 2352
f 2341 2352 2351
f 2309 2313 2312
f 2310 2352 2353
f 2312 2313 2323
f 2312 2323 2322
f 2322 2323 2333
f 2322 2333 2332
f 2332 2333 2343
f 2332 2343 2342
f 2342 2343 2353
f 2342 2353 2352
f 2309 2314 2313
f 2310 2353 2354
f 2313 2314 2324
f 2313 2324 2323
f 2323 2324 2334
f 2323 2334 2333
f 2333 2334 2344
f 2333 2344 2343
f 2343 2344 2354
f 2343 2354 2353
f 2309 2315 2314
f 2310 2354 2355
f 2314 2315 2325
f 2314 2325 2324
f 2324 2325 2335
f 2324 2335 2334
f 2334 2335 2345
f 2334 2345 2344
f 2344 2345 2355
f 2344 2355 2354
f 2309 2316 2315
f 2310 2355 2356
f 2315 2316 2326
f 2315 2326 2325
f 2325 2326 2336
f 2325 2336 2335
f 2335 2336 2346
f 2335 2346 2345
f 2345 2346 2356
f 2345 2356 2355
f 2309 2317 2316
f 2310 2356 2357
f 2316 2317 2327
f 2316 2327 2326
f 2326 2327 2337
f 2326 2337 2336
f 2336 2337 2347
f 2336 2347 2346
f 2346 2347 2357
f 2346 2357 2356
f 2309 2318 2317
f 2310 2357 2358
f 2317 2318 2328
f 2317 2328 2327
f 2327 2328 2338
f 2327 2338 2337
f 2337 2338 2348
f 2337 2348 2347
f 2347 2348 2358
f 2347 2358 2357
f 2309 2319 2318
f 2310 2358 2359
f 2318 2319 2329
f 2318 2329 2328
f 2328 2329 2339
f 2328 2339 2338
f 2338 2339 2349
f 2338 2349 2348
f 2348 2349 2359
f 2348 2359 2358
f 2309 2320 2319
f 2310 2359 2360
f 2319 2320 2330
f 2319 2330 2329
f 2329 2330 2340
f 2329 2340 2339
f 2339 2340 2350
f 2339 2350 2349
f 2349 2350 2360
f 2349 2360 2359
f 2309 2311 2320
f 2310 2360 2351
f 2320 2311 2321
f 2320 2321 2330
f 2330 2321 2331
f 2330 2331 2340
f 2340 2331 2341
f 2340 2341 2350
f 2350 2341 2351
f 2350 2351 2360
o TailCurve
usemtl color_53
s off
v 0.000000 -0.021000 2.212000
v 0.000000 -0.259000 2.212000
v 0.059500 -0.036943 2.212000
v 0.048137 -0.036943 2.284004
v 0.018387 -0.036943 2.328504
v -0.018387 -0.036943 2.328504
v -0.048137 -0.036943 2.284004
v -0.059500 -0.036943 2.212000
v -0.048137 -0.036943 2.139996
v -0.018387 -0.036943 2.095496
v 0.018387 -0.036943 2.095496
v 0.048137 -0.036943 2.139996
v 0.103057 -0.080500 2.212000
v 0.083375 -0.080500 2.336714
v 0.031846 -0.080500 2.413792
v -0.031846 -0.080500 2.413792
v -0.083375 -0.080500 2.336714
v -0.103057 -0.080500 2.212000
v -0.083375 -0.080500 2.087286
v -0.031846 -0.080500 2.010208
v 0.031846 -0.080500 2.010208
v 0.083375 -0.080500 2.087286
v 0.119000 -0.140000 2.212000
v 0.096273 -0.140000 2.356007
v 0.036773 -0.140000 2.445009
v -0.036773 -0.140000 2.445009
v -0.096273 -0.140000 2.356007
v -0.119000 -0.140000 2.212000
v -0.096273 -0.140000 2.067993
v -0.036773 -0.140000 1.978991
v 0.036773 -0.140000 1.978991
v 0.096273 -0.140000 2.067993
v 0.103057 -0.199500 2.212000
v 0.083375 -0.199500 2.336714
v 0.031846 -0.199500 2.413792
v -0.031846 -0.199500 2.413792
v -0.083375 -0.199500 2.336714
v -0.103057 -0.199500 2.212000
v -0.083375 -0.199500 2.087286
v -0.031846 -0.199500 2.010208
v 0.031846 -0.199500 2.010208
v 0.083375 -0.199500 2.087286
v 0.059500 -0.243057 2.212000
v 0.048137 -0.243057 2.284004
v 0.018387 -0.243057 2.328504
v -0.018387 -0.243057 2.328504
v -0.048137 -0.243057 2.284004
v -0.059500 -0.243057 2.212000
v -0.048137 -0.243057 2.139996
v -0.018387 -0.243057 2.095496
v 0.018387 -0.243057 2.095496
v 0.048137 -0.243057 2.139996
f 2361 2364 2363
f 2362 2403 2404
f 2363 2364 2374
f 2363 2374 2373
f 2373 2374 2384
f 2373 2384 2383
f 2383 2384 2394
f 2383 2394 2393
f 2393 2394 2404
f 2393 2404 2403
f 2361 2365 2364
f 2362 2404 2405
f 2364 2365 2375
f 2364 2375 2374
f 2374 2375 2385
f 2374 2385 2384
f 2384 2385 2395
f 2384 2395 2394
f 2394 2395 2405
f 2394 2405 2404
f 2361 2366 2365
f 2362 2405 2406
f 2365 2366 2376
f 2365 2376 2375
f 2375 2376 2386
f 2375 2386 2385
f 2385 2386 2396
f 2385 2396 2395
f 2395 2396 2406
f 2395 2406 2405
f 2361 2367 2366
f 2362 2406 2407
f 2366 2367 2377
f 2366 2377 2376
f 2376 2377 2387
f 2376 2387 2386
f 2386 2387 2397
f 2386 2397 2396
f 2396 2397 2407
f 2396 2407 2406
f 2361 2368 2367
f 2362 2407 2408
f 2367 2368 2378
f 2367 2378 2377
f 2377 2378 2388
f 2377 2388 2387
f 2387 2388 2398
f 2387 2398 2397
f 2397 2398 2408
f 2397 2408 2407
f 2361 2369 2368
f 2362 2408 2409
f 2368 2369 2379
f 2368 2379 2378
f 2378 2379 2389
f 2378 2389 2388
f 2388 2389 2399
f 2388 2399 2398
f 2398 2399 2409
f 2398 2409 2408
f 2361 2370 2369
f 2362 2409 2410
f 2369 2370 2380
f 2369 2380 2379
f 2379 2380 2390
f 2379 2390 2389
f 2389 2390 2400
f 2389 2400 2399
f 2399 2400 2410
f 2399 2410 2409
f 2361 2371 2370
f 2362 2410 2411
f 2370 2371 2381
f 2370 2381 2380
f 2380 2381 2391
f 2380 2391 2390
f 2390 2391 2401
f 2390 2401 2400
f 2400 2401 2411
f 2400 2411 2410
f 2361 2372 2371
f 2362 2411 2412
f 2371 2372 2382
f 2371 2382 2381
f 2381 2382 2392
f 2381 2392 2391
f 2391 2392 2402
f 2391 2402 2401
f 2401 2402 2412
f 2401 2412 2411
f 2361 2363 2372
f 2362 2412 2403
f 2372 2363 2373
f 2372 2373 2382
f 2382 2373 2383
f 2382 2383 2392
f 2392 2383 2393
f 2392 2393 2402
f 2402 2393 2403
f 2402 2403 2412
o TailCurve_1
usemtl color_54
s off
v 0.305951 0.125364 2.313818
v 0.305951 -0.112636 2.313818
v 0.364265 0.109421 2.301997
v 0.367433 0.109421 2.374823
v 0.347117 0.109421 2.424347
v 0.311077 0.109421 2.431653
v 0.273079 0.109421 2.393950
v 0.247637 0.109421 2.325639
v 0.244469 0.109421 2.252813
v 0.264785 0.109421 2.203289
v 0.300825 0.109421 2.195983
v 0.338823 0.109421 2.233687
v 0.406954 0.065864 2.293344
v 0.412441 0.065864 2.419482
v 0.377252 0.065864 2.505260
v 0.314829 0.065864 2.517914
v 0.249015 0.065864 2.452610
v 0.204948 0.065864 2.334292
v 0.199461 0.065864 2.208154
v 0.234649 0.065864 2.122376
v 0.297073 0.065864 2.109722
v 0.362887 0.065864 2.175026
v 0.422579 0.006364 2.290177
v 0.428915 0.006364 2.435829
v 0.388282 0.006364 2.534877
v 0.316202 0.006364 2.549488
v 0.240207 0.006364 2.474082
v 0.189323 0.006364 2.337460
v 0.182987 0.006364 2.191808
v 0.223619 0.006364 2.092760
v 0.295699 0.006364 2.078148
v 0.371695 0.006364 2.153555
v 0.406954 -0.053136 2.293344
v 0.412441 -0.053136 2.419482
v 0.377252 -0.053136 2.505260
v 0.314829 -0.053136 2.517914
v 0.249015 -0.053136 2.452610
v 0.204948 -0.053136 2.334292
v 0.199461 -0.053136 2.208154
v 0.234649 -0.053136 2.122376
v 0.297073 -0.053136 2.109722
v 0.362887 -0.053136 2.175026
v 0.364265 -0.096693 2.301997
v 0.367433 -0.096693 2.374823
v 0.347117 -0.096693 2.424347
v 0.311077 -0.096693 2.431653
v 0.273079 -0.096693 2.393950
v 0.247637 -0.096693 2.325639
v 0.244469 -0.096693 2.252813
v 0.264785 -0.096693 2.203289
v 0.300825 -0.096693 2.195983
v 0.338823 -0.096693 2.233687
f 2413 2416 2415
f 2414 2455 2456
f 2415 2416 2426
f 2415 2426 2425
f 2425 2426 2436
f 2425 2436 2435
f 2435 2436 2446
f 2435 2446 2445
f 2445 2446 2456
f 2445 2456 2455
f 2413 2417 2416
f 2414 2456 2457
f 2416 2417 2427
f 2416 2427 2426
f 2426 2427 2437
f 2426 2437 2436
f 2436 2437 2447
f 2436 2447 2446
f 2446 2447 2457
f 2446 2457 2456
f 2413 2418 2417
f 2414 2457 2458
f 2417 2418 2428
f 2417 2428 2427
f 2427 2428 2438
f 2427 2438 2437
f 2437 2438 2448
f 2437 2448 2447
f 2447 2448 2458
f 2447 2458 2457
f 2413 2419 2418
f 2414 2458 2459
f 2418 2419 2429
f 2418 2429 2428
f 2428 2429 2439
f 2428 2439 2438
f 2438 2439 2449
f 2438 2449 2448
f 2448 2449 2459
f 2448 2459 2458
f 2413 2420 2419
f 2414 2459 2460
f 2419 2420 2430
f 2419 2430 2429
f 2429 2430 2440
f 2429 2440 2439
f 2439 2440 2450
f 2439 2450 2449
f 2449 2450 2460
f 2449 2460 2459
f 2413 2421 2420
f 2414 2460 2461
f 2420 2421 2431
f 2420 2431 2430
f 2430 2431 2441
f 2430 2441 2440
f 2440 2441 2451
f 2440 2451 2450
f 2450 2451 2461
f 2450 2461 2460
f 2413 2422 2421
f 2414 2461 2462
f 2421 2422 2432
f 2421 2432 2431
f 2431 2432 2442
f 2431 2442 2441
f 2441 2442 2452
f 2441 2452 2451
f 2451 2452 2462
f 2451 2462 2461
f 2413 2423 2422
f 2414 2462 2463
f 2422 2423 2433
f 2422 2433 2432
f 2432 2433 2443
f 2432 2443 2442
f 2442 2443 2453
f 2442 2453 2452
f 2452 2453 2463
f 2452 2463 2462
f 2413 2424 2423
f 2414 2463 2464
f 2423 2424 2434
f 2423 2434 2433
f 2433 2434 2444
f 2433 2444 2443
f 2443 2444 2454
f 2443 2454 2453
f 2453 2454 2464
f 2453 2464 2463
f 2413 2415 2424
f 2414 2464 2455
f 2424 2415 2425
f 2424 2425 2434
f 2434 2425 2435
f 2434 2435 2444
f 2444 2435 2445
f 2444 2445 2454
f 2454 2445 2455
f 2454 2455 2464
o TailCurve_2
usemtl color_55
s off
v 0.599704 0.271727 2.415636
v 0.599704 0.033727 2.415636
v 0.654507 0.255784 2.392466
v 0.672080 0.255784 2.463211
v 0.662008 0.255784 2.515784
v 0.628138 0.255784 2.530104
v 0.583407 0.255784 2.500701
v 0.544901 0.255784 2.438807
v 0.527328 0.255784 2.368062
v 0.537400 0.255784 2.315489
v 0.571270 0.255784 2.301169
v 0.616001 0.255784 2.330571
v 0.694626 0.212227 2.375504
v 0.725064 0.212227 2.498038
v 0.707618 0.212227 2.589097
v 0.648953 0.212227 2.613900
v 0.571477 0.212227 2.562973
v 0.504782 0.212227 2.455769
v 0.474345 0.212227 2.333235
v 0.491790 0.212227 2.242176
v 0.550455 0.212227 2.217372
v 0.627932 0.212227 2.268299
v 0.709311 0.152727 2.369296
v 0.744457 0.152727 2.510785
v 0.724312 0.152727 2.615932
v 0.656572 0.152727 2.644572
v 0.567110 0.152727 2.585766
v 0.490098 0.152727 2.461977
v 0.454952 0.152727 2.320487
v 0.475096 0.152727 2.215341
v 0.542837 0.152727 2.186701
v 0.632298 0.152727 2.245506
v 0.694626 0.093227 2.375504
v 0.725064 0.093227 2.498038
v 0.707618 0.093227 2.589097
v 0.648953 0.093227 2.613900
v 0.571477 0.093227 2.562973
v 0.504782 0.093227 2.455769
v 0.474345 0.093227 2.333235
v 0.491790 0.093227 2.242176
v 0.550455 0.093227 2.217372
v 0.627932 0.093227 2.268299
v 0.654507 0.049670 2.392466
v 0.672080 0.049670 2.463211
v 0.662008 0.049670 2.515784
v 0.628138 0.049670 2.530104
v 0.583407 0.049670 2.500701
v 0.544901 0.049670 2.438807
v 0.527328 0.049670 2.368062
v 0.537400 0.049670 2.315489
v 0.571270 0.049670 2.301169
v 0.616001 0.049670 2.330571
f 2465 2468 2467
f 2466 2507 2508
f 2467 2468 2478
f 2467 2478 2477
f 2477 2478 2488
f 2477 2488 2487
f 2487 2488 2498
f 2487 2498 2497
f 2497 2498 2508
f 2497 2508 2507
f 2465 2469 2468
f 2466 2508 2509
f 2468 2469 2479
f 2468 2479 2478
f 2478 2479 2489
f 2478 2489 2488
f 2488 2489 2499
f 2488 2499 2498
f 2498 2499 2509
f 2498 2509 2508
f 2465 2470 2469
f 2466 2509 2510
f 2469 2470 2480
f 2469 2480 2479
f 2479 2480 2490
f 2479 2490 2489
f 2489 2490 2500
f 2489 2500 2499
f 2499 2500 2510
f 2499 2510 2509
f 2465 2471 2470
f 2466 2510 2511
f 2470 2471 2481
f 2470 2481 2480
f 2480 2481 2491
f 2480 2491 2490
f 2490 2491 2501
f 2490 2501 2500
f 2500 2501 2511
f 2500 2511 2510
f 2465 2472 2471
f 2466 2511 2512
f 2471 2472 2482
f 2471 2482 2481
f 2481 2482 2492
f 2481 2492 2491
f 2491 2492 2502
f 2491 2502 2501
f 2501 2502 2512
f 2501 2512 2511
f 2465 2473 2472
f 2466 2512 2513
f 2472 2473 2483
f 2472 2483 2482
f 2482 2483 2493
f 2482 2493 2492
f 2492 2493 2503
f 2492 2503 2502
f 2502 2503 2513
f 2502 2513 2512
f 2465 2474 2473
f 2466 2513 2514
f 2473 2474 2484
f 2473 2484 2483
f 2483 2484 2494
f 2483 2494 2493
f 2493 2494 2504
f 2493 2504 2503
f 2503 2504 2514
f 2503 2514 2513
f 2465 2475 2474
f 2466 2514 2515
f 2474 2475 2485
f 2474 2485 2484
f 2484 2485 2495
f 2484 2495 2494
f 2494 2495 2505
f 2494 2505 2504
f 2504 2505 2515
f 2504 2515 2514
f 2465 2476 2475
f 2466 2515 2516
f 2475 2476 2486
f 2475 2486 2485
f 2485 2486 2496
f 2485 2496 2495
f 2495 2496 2506
f 2495 2506 2505
f 2505 2506 2516
f 2505 2516 2515
f 2465 2467 2476
f 2466 2516 2507
f 2476 2467 2477
f 2476 2477 2486
f 2486 2477 2487
f 2486 2487 2496
f 2496 2487 2497
f 2496 2497 2506
f 2506 2497 2507
f 2506 2507 2516
o TailCurve_3
usemtl color_56
s off
v 0.869549 0.418091 2.517455
v 0.869549 0.180091 2.517455
v 0.918657 0.402148 2.483858
v 0.949935 0.402148 2.549702
v 0.950508 0.402148 2.603228
v 0.920158 0.402148 2.623992
v 0.870477 0.402148 2.604062
v 0.820442 0.402148 2.551051
v 0.789164 0.402148 2.485207
v 0.788591 0.402148 2.431681
v 0.818941 0.402148 2.410917
v 0.868622 0.402148 2.430847
v 0.954606 0.358591 2.459264
v 1.008781 0.358591 2.573308
v 1.009773 0.358591 2.666019
v 0.957206 0.358591 2.701982
v 0.871156 0.358591 2.667462
v 0.784493 0.358591 2.575645
v 0.730318 0.358591 2.461601
v 0.729325 0.358591 2.368891
v 0.781893 0.358591 2.332927
v 0.867943 0.358591 2.367447
v 0.967764 0.299091 2.450262
v 1.030320 0.299091 2.581949
v 1.031466 0.299091 2.689001
v 0.970766 0.299091 2.730529
v 0.871405 0.299091 2.690669
v 0.771334 0.299091 2.584647
v 0.708779 0.299091 2.452960
v 0.707633 0.299091 2.345908
v 0.768333 0.299091 2.304380
v 0.867694 0.299091 2.344240
v 0.954606 0.239591 2.459264
v 1.008781 0.239591 2.573308
v 1.009773 0.239591 2.666019
v 0.957206 0.239591 2.701982
v 0.871156 0.239591 2.667462
v 0.784493 0.239591 2.575645
v 0.730318 0.239591 2.461601
v 0.729325 0.239591 2.368891
v 0.781893 0.239591 2.332927
v 0.867943 0.239591 2.367447
v 0.918657 0.196034 2.483858
v 0.949935 0.196034 2.549702
v 0.950508 0.196034 2.603228
v 0.920158 0.196034 2.623992
v 0.870477 0.196034 2.604062
v 0.820442 0.196034 2.551051
v 0.789164 0.196034 2.485207
v 0.788591 0.196034 2.431681
v 0.818941 0.196034 2.410917
v 0.868622 0.196034 2.430847
f 2517 2520 2519
f 2518 2559 2560
f 2519 2520 2530
f 2519 2530 2529
f 2529 2530 2540
f 2529 2540 2539
f 2539 2540 2550
f 2539 2550 2549
f 2549 2550 2560
f 2549 2560 2559
f 2517 2521 2520
f 2518 2560 2561
f 2520 2521 2531
f 2520 2531 2530
f 2530 2531 2541
f 2530 2541 2540
f 2540 2541 2551
f 2540 2551 2550
f 2550 2551 2561
f 2550 2561 2560
f 2517 2522 2521
f 2518 2561 2562
f 2521 2522 2532
f 2521 2532 2531
f 2531 2532 2542
f 2531 2542 2541
f 2541 2542 2552
f 2541 2552 2551
f 2551 2552 2562
f 2551 2562 2561
f 2517 2523 2522
f 2518 2562 2563
f 2522 2523 2533
f 2522 2533 2532
f 2532 2533 2543
f 2532 2543 2542
f 2542 2543 2553
f 2542 2553 2552
f 2552 2553 2563
f 2552 2563 2562
f 2517 2524 2523
f 2518 2563 2564
f 2523 2524 2534
f 2523 2534 2533
f 2533 2534 2544
f 2533 2544 2543
f 2543 2544 2554
f 2543 2554 2553
f 2553 2554 2564
f 2553 2564 2563
f 2517 2525 2524
f 2518 2564 2565
f 2524 2525 2535
f 2524 2535 2534
f 2534 2535 2545
f 2534 2545 2544
f 2544 2545 2555
f 2544 2555 2554
f 2554 2555 2565
f 2554 2565 2564
f 2517 2526 2525
f 2518 2565 2566
f 2525 2526 2536
f 2525 2536 2535
f 2535 2536 2546
f 2535 2546 2545
f 2545 2546 2556
f 2545 2556 2555
f 2555 2556 2566
f 2555 2566 2565
f 2517 2527 2526
f 2518 2566 2567
f 2526 2527 2537
f 2526 2537 2536
f 2536 2537 2547
f 2536 2547 2546
f 2546 2547 2557
f 2546 2557 2556
f 2556 2557 2567
f 2556 2567 2566
f 2517 2528 2527
f 2518 2567 2568
f 2527 2528 2538
f 2527 2538 2537
f 2537 2538 2548
f 2537 2548 2547
f 2547 2548 2558
f 2547 2558 2557
f 2557 2558 2568
f 2557 2568 2567
f 2517 2519 2528
f 2518 2568 2559
f 2528 2519 2529
f 2528 2529 2538
f 2538 2529 2539
f 2538 2539 2548
f 2548 2539 2549
f 2548 2549 2558
f 2558 2549 2559
f 2558 2559 2568
o TailCurve_4
usemtl color_57
s off
v 1.104728 0.564455 2.619273
v 1.104728 0.326455 2.619273
v 1.146182 0.548512 2.576590
v 1.189918 0.548512 2.634907
v 1.201114 0.548512 2.687252
v 1.175494 0.548512 2.713632
v 1.122844 0.548512 2.703969
v 1.063274 0.548512 2.661955
v 1.019539 0.548512 2.603638
v 1.008343 0.548512 2.551293
v 1.033963 0.548512 2.524914
v 1.086613 0.548512 2.534576
v 1.176529 0.504955 2.545344
v 1.252281 0.504955 2.646352
v 1.271672 0.504955 2.737017
v 1.227297 0.504955 2.782707
v 1.136105 0.504955 2.765971
v 1.032928 0.504955 2.693201
v 0.957176 0.504955 2.592193
v 0.937784 0.504955 2.501528
v 0.982160 0.504955 2.455838
v 1.073352 0.504955 2.472574
v 1.187636 0.445455 2.533907
v 1.275107 0.445455 2.650542
v 1.297499 0.445455 2.755232
v 1.246259 0.445455 2.807991
v 1.140959 0.445455 2.788666
v 1.021820 0.445455 2.704638
v 0.934350 0.445455 2.588004
v 0.911958 0.445455 2.483313
v 0.963198 0.445455 2.430555
v 1.068498 0.445455 2.449880
v 1.176529 0.385955 2.545344
v 1.252281 0.385955 2.646352
v 1.271672 0.385955 2.737017
v 1.227297 0.385955 2.782707
v 1.136105 0.385955 2.765971
v 1.032928 0.385955 2.693201
v 0.957176 0.385955 2.592193
v 0.937784 0.385955 2.501528
v 0.982160 0.385955 2.455838
v 1.073352 0.385955 2.472574
v 1.146182 0.342398 2.576590
v 1.189918 0.342398 2.634907
v 1.201114 0.342398 2.687252
v 1.175494 0.342398 2.713632
v 1.122844 0.342398 2.703969
v 1.063274 0.342398 2.661955
v 1.019539 0.342398 2.603638
v 1.008343 0.342398 2.551293
v 1.033963 0.342398 2.524914
v 1.086613 0.342398 2.534576
f 2569 2572 2571
f 2570 2611 2612
f 2571 2572 2582
f 2571 2582 2581
f 2581 2582 2592
f 2581 2592 2591
f 2591 2592 2602
f 2591 2602 2601
f 2601 2602 2612
f 2601 2612 2611
f 2569 2573 2572
f 2570 2612 2613
f 2572 2573 2583
f 2572 2583 2582
f 2582 2583 2593
f 2582 2593 2592
f 2592 2593 2603
f 2592 2603 2602
f 2602 2603 2613
f 2602 2613 2612
f 2569 2574 2573
f 2570 2613 2614
f 2573 2574 2584
f 2573 2584 2583
f 2583 2584 2594
f 2583 2594 2593
f 2593 2594 2604
f 2593 2604 2603
f 2603 2604 2614
f 2603 2614 2613
f 2569 2575 2574
f 2570 2614 2615
f 2574 2575 2585
f 2574 2585 2584
f 2584 2585 2595
f 2584 2595 2594
f 2594 2595 2605
f 2594 2605 2604
f 2604 2605 2615
f 2604 2615 2614
f 2569 2576 2575
f 2570 2615 2616
f 2575 2576 2586
f 2575 2586 2585
f 2585 2586 2596
f 2585 2596 2595
f 2595 2596 2606
f 2595 2606 2605
f 2605 2606 2616
f 2605 2616 2615
f 2569 2577 2576
f 2570 2616 2617
f 2576 2577 2587
f 2576 2587 2586
f 2586 2587 2597
f 2586 2597 2596
f 2596 2597 2607
f 2596 2607 2606
f 2606 2607 2617
f 2606 2617 2616
f 2569 2578 2577
f 2570 2617 2618
f 2577 2578 2588
f 2577 2588 2587
f 2587 2588 2598
f 2587 2598 2597
f 2597 2598 2608
f 2597 2608 2607
f 2607 2608 2618
f 2607 2618 2617
f 2569 2579 2578
f 2570 2618 2619
f 2578 2579 2589
f 2578 2589 2588
f 2588 2589 2599
f 2588 2599 2598
f 2598 2599 2609
f 2598 2609 2608
f 2608 2609 2619
f 2608 2619 2618
f 2569 2580 2579
f 2570 2619 2620
f 2579 2580 2590
f 2579 2590 2589
f 2589 2590 2600
f 2589 2600 2599
f 2599 2600 2610
f 2599 2610 2609
f 2609 2610 2620
f 2609 2620 2619
f 2569 2571 2580
f 2570 2620 2611
f 2580 2571 2581
f 2580 2581 2590
f 2590 2581 2591
f 2590 2591 2600
f 2600 2591 2601
f 2600 2601 2610
f 2610 2601 2611
f 2610 2611 2620
o TailCurve_5
usemtl color_58
s off
v 1.295865 0.710818 2.721091
v 1.295865 0.472818 2.721091
v 1.328013 0.694875 2.671023
v 1.382463 0.694875 2.719489
v 1.403835 0.694875 2.768567
v 1.383966 0.694875 2.799510
v 1.330446 0.694875 2.800500
v 1.263717 0.694875 2.771158
v 1.209268 0.694875 2.722693
v 1.187896 0.694875 2.673615
v 1.207764 0.694875 2.642672
v 1.261285 0.694875 2.641682
v 1.351547 0.651318 2.634371
v 1.445856 0.651318 2.718317
v 1.482874 0.651318 2.803322
v 1.448460 0.651318 2.856917
v 1.355761 0.651318 2.858632
v 1.240183 0.651318 2.807810
v 1.145874 0.651318 2.723865
v 1.108857 0.651318 2.638860
v 1.143270 0.651318 2.585265
v 1.235970 0.651318 2.583550
v 1.360161 0.591818 2.620956
v 1.469060 0.591818 2.717887
v 1.511804 0.591818 2.816043
v 1.472067 0.591818 2.877930
v 1.365027 0.591818 2.879909
v 1.231569 0.591818 2.821226
v 1.122671 0.591818 2.724294
v 1.079927 0.591818 2.626139
v 1.119664 0.591818 2.564252
v 1.226704 0.591818 2.562272
v 1.351547 0.532318 2.634371
v 1.445856 0.532318 2.718317
v 1.482874 0.532318 2.803322
v 1.448460 0.532318 2.856917
v 1.355761 0.532318 2.858632
v 1.240183 0.532318 2.807810
v 1.145874 0.532318 2.723865
v 1.108857 0.532318 2.638860
v 1.143270 0.532318 2.585265
v 1.235970 0.532318 2.583550
v 1.328013 0.488761 2.671023
v 1.382463 0.488761 2.719489
v 1.403835 0.488761 2.768567
v 1.383966 0.488761 2.799510
v 1.330446 0.488761 2.800500
v 1.263717 0.488761 2.771158
v 1.209268 0.488761 2.722693
v 1.187896 0.488761 2.673615
v 1.207764 0.488761 2.642672
v 1.261285 0.488761 2.641682
f 2621 2624 2623
f 2622 2663 2664
f 2623 2624 2634
f 2623 2634 2633
f 2633 2634 2644
f 2633 2644 2643
f 2643 2644 2654
f 2643 2654 2653
f 2653 2654 2664
f 2653 2664 2663
f 2621 2625 2624
f 2622 2664 2665
f 2624 2625 2635
f 2624 2635 2634
f 2634 2635 2645
f 2634 2645 2644
f 2644 2645 2655
f 2644 2655 2654
f 2654 2655 2665
f 2654 2665 2664
f 2621 2626 2625
f 2622 2665 2666
f 2625 2626 2636
f 2625 2636 2635
f 2635 2636 2646
f 2635 2646 2645
f 2645 2646 2656
f 2645 2656 2655
f 2655 2656 2666
f 2655 2666 2665
f 2621 2627 2626
f 2622 2666 2667
f 2626 2627 2637
f 2626 2637 2636
f 2636 2637 2647
f 2636 2647 2646
f 2646 2647 2657
f 2646 2657 2656
f 2656 2657 2667
f 2656 2667 2666
f 2621 2628 2627
f 2622 2667 2668
f 2627 2628 2638
f 2627 2638 2637
f 2637 2638 2648
f 2637 2648 2647
f 2647 2648 2658
f 2647 2658 2657
f 2657 2658 2668
f 2657 2668 2667
f 2621 2629 2628
f 2622 2668 2669
f 2628 2629 2639
f 2628 2639 2638
f 2638 2639 2649
f 2638 2649 2648
f 2648 2649 2659
f 2648 2659 2658
f 2658 2659 2669
f 2658 2669 2668
f 2621 2630 2629
f 2622 2669 2670
f 2629 2630 2640
f 2629 2640 2639
f 2639 2640 2650
f 2639 2650 2649
f 2649 2650 2660
f 2649 2660 2659
f 2659 2660 2670
f 2659 2670 2669
f 2621 2631 2630
f 2622 2670 2671
f 2630 2631 2641
f 2630 2641 2640
f 2640 2641 2651
f 2640 2651 2650
f 2650 2651 2661
f 2650 2661 2660
f 2660 2661 2671
f 2660 2671 2670
f 2621 2632 2631
f 2622 2671 2672
f 2631 2632 2642
f 2631 2642 2641
f 2641 2642 2652
f 2641 2652 2651
f 2651 2652 2662
f 2651 2662 2661
f 2661 2662 2672
f 2661 2672 2671
f 2621 2623 2632
f 2622 2672 2663
f 2632 2623 2633
f 2632 2633 2642
f 2642 2633 2643
f 2642 2643 2652
f 2652 2643 2653
f 2652 2653 2662
f 2662 2653 2663
f 2662 2663 2672
o TailCurve_6
usemtl color_59
s off
v 1.435340 0.857182 2.822909
v 1.435340 0.619182 2.822909
v 1.456900 0.841239 2.767453
v 1.519893 0.841239 2.804135
v 1.550589 0.841239 2.847988
v 1.537264 0.841239 2.882262
v 1.485008 0.841239 2.893865
v 1.413780 0.841239 2.878365
v 1.350787 0.841239 2.841683
v 1.320091 0.841239 2.797830
v 1.333416 0.841239 2.763556
v 1.385673 0.841239 2.751953
v 1.472684 0.797682 2.726856
v 1.581790 0.797682 2.790392
v 1.634958 0.797682 2.866348
v 1.611878 0.797682 2.925712
v 1.521367 0.797682 2.945809
v 1.397997 0.797682 2.918962
v 1.288890 0.797682 2.855427
v 1.235723 0.797682 2.779470
v 1.258802 0.797682 2.720106
v 1.349313 0.797682 2.700009
v 1.478461 0.738182 2.711996
v 1.604446 0.738182 2.785361
v 1.665839 0.738182 2.873068
v 1.639189 0.738182 2.941616
v 1.534675 0.738182 2.964822
v 1.392220 0.738182 2.933822
v 1.266234 0.738182 2.860457
v 1.204842 0.738182 2.772750
v 1.231492 0.738182 2.704203
v 1.336005 0.738182 2.680997
v 1.472684 0.678682 2.726856
v 1.581790 0.678682 2.790392
v 1.634958 0.678682 2.866348
v 1.611878 0.678682 2.925712
v 1.521367 0.678682 2.945809
v 1.397997 0.678682 2.918962
v 1.288890 0.678682 2.855427
v 1.235723 0.678682 2.779470
v 1.258802 0.678682 2.720106
v 1.349313 0.678682 2.700009
v 1.456900 0.635125 2.767453
v 1.519893 0.635125 2.804135
v 1.550589 0.635125 2.847988
v 1.537264 0.635125 2.882262
v 1.485008 0.635125 2.893865
v 1.413780 0.635125 2.878365
v 1.350787 0.635125 2.841683
v 1.320091 0.635125 2.797830
v 1.333416 0.635125 2.763556
v 1.385673 0.635125 2.751953
f 2673 2676 2675
f 2674 2715 2716
f 2675 2676 2686
f 2675 2686 2685
f 2685 2686 2696
f 2685 2696 2695
f 2695 2696 2706
f 2695 2706 2705
f 2705 2706 2716
f 2705 2716 2715
f 2673 2677 2676
f 2674 2716 2717
f 2676 2677 2687
f 2676 2687 2686
f 2686 2687 2697
f 2686 2697 2696
f 2696 2697 2707
f 2696 2707 2706
f 2706 2707 2717
f 2706 2717 2716
f 2673 2678 2677
f 2674 2717 2718
f 2677 2678 2688
f 2677 2688 2687
f 2687 2688 2698
f 2687 2698 2697
f 2697 2698 2708
f 2697 2708 2707
f 2707 2708 2718
f 2707 2718 2717
f 2673 2679 2678
f 2674 2718 2719
f 2678 2679 2689
f 2678 2689 2688
f 2688 2689 2699
f 2688 2699 2698
f 2698 2699 2709
f 2698 2709 2708
f 2708 2709 2719
f 2708 2719 2718
f 2673 2680 2679
f 2674 2719 2720
f 2679 2680 2690
f 2679 2690 2689
f 2689 2690 2700
f 2689 2700 2699
f 2699 2700 2710
f 2699 2710 2709
f 2709 2710 2720
f 2709 2720 2719
f 2673 2681 2680
f 2674 2720 2721
f 2680 2681 2691
f 2680 2691 2690
f 2690 2691 2701
f 2690 2701 2700
f 2700 2701 2711
f 2700 2711 2710
f 2710 2711 2721
f 2710 2721 2720
f 2673 2682 2681
f 2674 2721 2722
f 2681 2682 2692
f 2681 2692 2691
f 2691 2692 2702
f 2691 2702 2701
f 2701 2702 2712
f 2701 2712 2711
f 2711 2712 2722
f 2711 2722 2721
f 2673 2683 2682
f 2674 2722 2723
f 2682 2683 2693
f 2682 2693 2692
f 2692 2693 2703
f 2692 2703 2702
f 2702 2703 2713
f 2702 2713 2712
f 2712 2713 2723
f 2712 2723 2722
f 2673 2684 2683
f 2674 2723 2724
f 2683 2684 2694
f 2683 2694 2693
f 2693 2694 2704
f 2693 2704 2703
f 2703 2704 2714
f 2703 2714 2713
f 2713 2714 2724
f 2713 2724 2723
f 2673 2675 2684
f 2674 2724 2715
f 2684 2675 2685
f 2684 2685 2694
f 2694 2685 2695
f 2694 2695 2704
f 2704 2695 2705
f 2704 2705 2714
f 2714 2705 2715
f 2714 2715 2724
o TailCurve_7
usemtl color_60
s off
v 1.517593 1.003545 2.924727
v 1.517593 0.765545 2.924727
v 1.527706 0.987602 2.866093
v 1.596730 0.987602 2.889529
v 1.635527 0.987602 2.926410
v 1.629277 0.987602 2.962648
v 1.580367 0.987602 2.984402
v 1.507480 0.987602 2.983362
v 1.438455 0.987602 2.959925
v 1.399658 0.987602 2.923044
v 1.405908 0.987602 2.886806
v 1.454818 0.987602 2.865053
v 1.535109 0.944045 2.823170
v 1.654663 0.944045 2.863763
v 1.721861 0.944045 2.927642
v 1.711035 0.944045 2.990408
v 1.626321 0.944045 3.028086
v 1.500076 0.944045 3.026285
v 1.380522 0.944045 2.985692
v 1.313324 0.944045 2.921812
v 1.324150 0.944045 2.859046
v 1.408864 0.944045 2.821368
v 1.537819 0.884545 2.807459
v 1.675868 0.884545 2.854332
v 1.753461 0.884545 2.928093
v 1.740961 0.884545 3.000569
v 1.643141 0.884545 3.044076
v 1.497366 0.884545 3.041996
v 1.359317 0.884545 2.995123
v 1.281724 0.884545 2.921361
v 1.294224 0.884545 2.848885
v 1.392044 0.884545 2.805379
v 1.535109 0.825045 2.823170
v 1.654663 0.825045 2.863763
v 1.721861 0.825045 2.927642
v 1.711035 0.825045 2.990408
v 1.626321 0.825045 3.028086
v 1.500076 0.825045 3.026285
v 1.380522 0.825045 2.985692
v 1.313324 0.825045 2.921812
v 1.324150 0.825045 2.859046
v 1.408864 0.825045 2.821368
v 1.527706 0.781488 2.866093
v 1.596730 0.781488 2.889529
v 1.635527 0.781488 2.926410
v 1.629277 0.781488 2.962648
v 1.580367 0.781488 2.984402
v 1.507480 0.781488 2.983362
v 1.438455 0.781488 2.959925
v 1.399658 0.781488 2.923044
v 1.405908 0.781488 2.886806
v 1.454818 0.781488 2.865053
f 2725 2728 2727
f 2726 2767 2768
f 2727 2728 2738
f 2727 2738 2737
f 2737 2738 2748
f 2737 2748 2747
f 2747 2748 2758
f 2747 2758 2757
f 2757 2758 2768
f 2757 2768 2767
f 2725 2729 2728
f 2726 2768 2769
f 2728 2729 2739
f 2728 2739 2738
f 2738 2739 2749
f 2738 2749 2748
f 2748 2749 2759
f 2748 2759 2758
f 2758 2759 2769
f 2758 2769 2768
f 2725 2730 2729
f 2726 2769 2770
f 2729 2730 2740
f 2729 2740 2739
f 2739 2740 2750
f 2739 2750 2749
f 2749 2750 2760
f 2749 2760 2759
f 2759 2760 2770
f 2759 2770 2769
f 2725 2731 2730
f 2726 2770 2771
f 2730 2731 2741
f 2730 2741 2740
f 2740 2741 2751
f 2740 2751 2750
f 2750 2751 2761
f 2750 2761 2760
f 2760 2761 2771
f 2760 2771 2770
f 2725 2732 2731
f 2726 2771 2772
f 2731 2732 2742
f 2731 2742 2741
f 2741 2742 2752
f 2741 2752 2751
f 2751 2752 2762
f 2751 2762 2761
f 2761 2762 2772
f 2761 2772 2771
f 2725 2733 2732
f 2726 2772 2773
f 2732 2733 2743
f 2732 2743 2742
f 2742 2743 2753
f 2742 2753 2752
f 2752 2753 2763
f 2752 2763 2762
f 2762 2763 2773
f 2762 2773 2772
f 2725 2734 2733
f 2726 2773 2774
f 2733 2734 2744
f 2733 2744 2743
f 2743 2744 2754
f 2743 2754 2753
f 2753 2754 2764
f 2753 2764 2763
f 2763 2764 2774
f 2763 2774 2773
f 2725 2735 2734
f 2726 2774 2775
f 2734 2735 2745
f 2734 2745 2744
f 2744 2745 2755
f 2744 2755 2754
f 2754 2755 2765
f 2754 2765 2764
f 2764 2765 2775
f 2764 2775 2774
f 2725 2736 2735
f 2726 2775 2776
f 2735 2736 2746
f 2735 2746 2745
f 2745 2746 2756
f 2745 2756 2755
f 2755 2756 2766
f 2755 2766 2765
f 2765 2766 2776
f 2765 2776 2775
f 2725 2727 2736
f 2726 2776 2767
f 2736 2727 2737
f 2736 2737 2746
f 2746 2737 2747
f 2746 2747 2756
f 2756 2747 2757
f 2756 2757 2766
f 2766 2757 2767
f 2766 2767 2776
o TailCurve_8
usemtl color_61
s off
v 1.539343 1.149909 3.026545
v 1.539343 0.911909 3.026545
v 1.537606 1.133966 2.967071
v 1.609911 1.133966 2.976327
v 1.655261 1.133966 3.004765
v 1.656335 1.133966 3.041522
v 1.612722 1.133966 3.072559
v 1.541081 1.133966 3.086020
v 1.468776 1.133966 3.076764
v 1.423425 1.133966 3.048326
v 1.422352 1.133966 3.011569
v 1.465965 1.133966 2.980532
v 1.536334 1.090409 2.923532
v 1.661570 1.090409 2.939565
v 1.740119 1.090409 2.988820
v 1.741979 1.090409 3.052486
v 1.666439 1.090409 3.106243
v 1.542353 1.090409 3.129559
v 1.417117 1.090409 3.113526
v 1.338568 1.090409 3.064270
v 1.336708 1.090409 3.000605
v 1.412248 1.090409 2.946848
v 1.535869 1.030909 2.907596
v 1.680478 1.030909 2.926109
v 1.771179 1.030909 2.982984
v 1.773327 1.030909 3.056499
v 1.686100 1.030909 3.118572
v 1.542818 1.030909 3.145495
v 1.398208 1.030909 3.126982
v 1.307508 1.030909 3.070107
v 1.305360 1.030909 2.996592
v 1.392586 1.030909 2.934518
v 1.536334 0.971409 2.923532
v 1.661570 0.971409 2.939565
v 1.740119 0.971409 2.988820
v 1.741979 0.971409 3.052486
v 1.666439 0.971409 3.106243
v 1.542353 0.971409 3.129559
v 1.417117 0.971409 3.113526
v 1.338568 0.971409 3.064270
v 1.336708 0.971409 3.000605
v 1.412248 0.971409 2.946848
v 1.537606 0.927852 2.967071
v 1.609911 0.927852 2.976327
v 1.655261 0.927852 3.004765
v 1.656335 0.927852 3.041522
v 1.612722 0.927852 3.072559
v 1.541081 0.927852 3.086020
v 1.468776 0.927852 3.076764
v 1.423425 0.927852 3.048326
v 1.422352 0.927852 3.011569
v 1.465965 0.927852 2.980532
f 2777 2780 2779
f 2778 2819 2820
f 2779 2780 2790
f 2779 2790 2789
f 2789 2790 2800
f 2789 2800 2799
f 2799 2800 2810
f 2799 2810 2809
f 2809 2810 2820
f 2809 2820 2819
f 2777 2781 2780
f 2778 2820 2821
f 2780 2781 2791
f 2780 2791 2790
f 2790 2791 2801
f 2790 2801 2800
f 2800 2801 2811
f 2800 2811 2810
f 2810 2811 2821
f 2810 2821 2820
f 2777 2782 2781
f 2778 2821 2822
f 2781 2782 2792
f 2781 2792 2791
f 2791 2792 2802
f 2791 2802 2801
f 2801 2802 2812
f 2801 2812 2811
f 2811 2812 2822
f 2811 2822 2821
f 2777 2783 2782
f 2778 2822 2823
f 2782 2783 2793
f 2782 2793 2792
f 2792 2793 2803
f 2792 2803 2802
f 2802 2803 2813
f 2802 2813 2812
f 2812 2813 2823
f 2812 2823 2822
f 2777 2784 2783
f 2778 2823 2824
f 2783 2784 2794
f 2783 2794 2793
f 2793 2794 2804
f 2793 2804 2803
f 2803 2804 2814
f 2803 2814 2813
f 2813 2814 2824
f 2813 2824 2823
f 2777 2785 2784
f 2778 2824 2825
f 2784 2785 2795
f 2784 2795 2794
f 2794 2795 2805
f 2794 2805 2804
f 2804 2805 2815
f 2804 2815 2814
f 2814 2815 2825
f 2814 2825 2824
f 2777 2786 2785
f 2778 2825 2826
f 2785 2786 2796
f 2785 2796 2795
f 2795 2796 2806
f 2795 2806 2805
f 2805 2806 2816
f 2805 2816 2815
f 2815 2816 2826
f 2815 2826 2825
f 2777 2787 2786
f 2778 2826 2827
f 2786 2787 2797
f 2786 2797 2796
f 2796 2797 2807
f 2796 2807 2806
f 2806 2807 2817
f 2806 2817 2816
f 2816 2817 2827
f 2816 2827 2826
f 2777 2788 2787
f 2778 2827 2828
f 2787 2788 2798
f 2787 2798 2797
f 2797 2798 2808
f 2797 2808 2807
f 2807 2808 2818
f 2807 2818 2817
f 2817 2818 2828
f 2817 2828 2827
f 2777 2779 2788
f 2778 2828 2819
f 2788 2779 2789
f 2788 2789 2798
f 2798 2789 2799
f 2798 2799 2808
f 2808 2799 2809
f 2808 2809 2818
f 2818 2809 2819
f 2818 2819 2828
o TailCurve_9
usemtl color_62
s off
v 1.499725 1.296273 3.128364
v 1.499725 1.058273 3.128364
v 1.486207 1.280330 3.070420
v 1.558909 1.280330 3.065127
v 1.609005 1.280330 3.083988
v 1.617360 1.280330 3.119799
v 1.580783 1.280330 3.158882
v 1.513244 1.280330 3.186308
v 1.440541 1.280330 3.191601
v 1.390445 1.280330 3.172739
v 1.382090 1.280330 3.136928
v 1.418668 1.280330 3.097845
v 1.476311 1.236773 3.028002
v 1.602235 1.236773 3.018834
v 1.689004 1.236773 3.051503
v 1.703475 1.236773 3.113530
v 1.640121 1.236773 3.181223
v 1.523140 1.236773 3.228725
v 1.397216 1.236773 3.237893
v 1.310447 1.236773 3.205225
v 1.295976 1.236773 3.143198
v 1.359330 1.236773 3.075504
v 1.472688 1.177273 3.012476
v 1.618093 1.177273 3.001890
v 1.718286 1.177273 3.039612
v 1.734995 1.177273 3.111235
v 1.661840 1.177273 3.189400
v 1.526762 1.177273 3.244252
v 1.381358 1.177273 3.254838
v 1.281165 1.177273 3.217115
v 1.264455 1.177273 3.145492
v 1.337611 1.177273 3.067327
v 1.476311 1.117773 3.028002
v 1.602235 1.117773 3.018834
v 1.689004 1.117773 3.051503
v 1.703475 1.117773 3.113530
v 1.640121 1.117773 3.181223
v 1.523140 1.117773 3.228725
v 1.397216 1.117773 3.237893
v 1.310447 1.117773 3.205225
v 1.295976 1.117773 3.143198
v 1.359330 1.117773 3.075504
v 1.486207 1.074216 3.070420
v 1.558909 1.074216 3.065127
v 1.609005 1.074216 3.083988
v 1.617360 1.074216 3.119799
v 1.580783 1.074216 3.158882
v 1.513244 1.074216 3.186308
v 1.440541 1.074216 3.191601
v 1.390445 1.074216 3.172739
v 1.382090 1.074216 3.136928
v 1.418668 1.074216 3.097845
f 2829 2832 2831
f 2830 2871 2872
f 2831 2832 2842
f 2831 2842 2841
f 2841 2842 2852
f 2841 2852 2851
f 2851 2852 2862
f 2851 2862 2861
f 2861 2862 2872
f 2861 2872 2871
f 2829 2833 2832
f 2830 2872 2873
f 2832 2833 2843
f 2832 2843 2842
f 2842 2843 2853
f 2842 2853 2852
f 2852 2853 2863
f 2852 2863 2862
f 2862 2863 2873
f 2862 2873 2872
f 2829 2834 2833
f 2830 2873 2874
f 2833 2834 2844
f 2833 2844 2843
f 2843 2844 2854
f 2843 2854 2853
f 2853 2854 2864
f 2853 2864 2863
f 2863 2864 2874
f 2863 2874 2873
f 2829 2835 2834
f 2830 2874 2875
f 2834 2835 2845
f 2834 2845 2844
f 2844 2845 2855
f 2844 2855 2854
f 2854 2855 2865
f 2854 2865 2864
f 2864 2865 2875
f 2864 2875 2874
f 2829 2836 2835
f 2830 2875 2876
f 2835 2836 2846
f 2835 2846 2845
f 2845 2846 2856
f 2845 2856 2855
f 2855 2856 2866
f 2855 2866 2865
f 2865 2866 2876
f 2865 2876 2875
f 2829 2837 2836
f 2830 2876 2877
f 2836 2837 2847
f 2836 2847 2846
f 2846 2847 2857
f 2846 2857 2856
f 2856 2857 2867
f 2856 2867 2866
f 2866 2867 2877
f 2866 2877 2876
f 2829 2838 2837
f 2830 2877 2878
f 2837 2838 2848
f 2837 2848 2847
f 2847 2848 2858
f 2847 2858 2857
f 2857 2858 2868
f 2857 2868 2867
f 2867 2868 2878
f 2867 2878 2877
f 2829 2839 2838
f 2830 2878 2879
f 2838 2839 2849
f 2838 2849 2848
f 2848 2849 2859
f 2848 2859 2858
f 2858 2859 2869
f 2858 2869 2868
f 2868 2869 2879
f 2868 2879 2878
f 2829 2840 2839
f 2830 2879 2880
f 2839 2840 2850
f 2839 2850 2849
f 2849 2850 2860
f 2849 2860 2859
f 2859 2860 2870
f 2859 2870 2869
f 2869 2870 2880
f 2869 2880 2879
f 2829 2831 2840
f 2830 2880 2871
f 2840 2831 2841
f 2840 2841 2850
f 2850 2841 2851
f 2850 2851 2860
f 2860 2851 2861
f 2860 2861 2870
f 2870 2861 2871
f 2870 2871 2880
o TailCurve_10
usemtl color_63
s off
v 1.400318 1.442636 3.230182
v 1.400318 1.204636 3.230182
v 1.375557 1.426693 3.176079
v 1.445759 1.426693 3.156447
v 1.498604 1.426693 3.164980
v 1.513907 1.426693 3.198418
v 1.485823 1.426693 3.243988
v 1.425079 1.426693 3.284285
v 1.354877 1.426693 3.303916
v 1.302032 1.426693 3.295384
v 1.286729 1.426693 3.261946
v 1.314813 1.426693 3.216376
v 1.357431 1.383136 3.136472
v 1.479024 1.383136 3.102470
v 1.570554 1.383136 3.117249
v 1.597059 1.383136 3.175165
v 1.548416 1.383136 3.254095
v 1.443205 1.383136 3.323891
v 1.321612 1.383136 3.357894
v 1.230082 1.383136 3.343115
v 1.203577 1.383136 3.285199
v 1.252220 1.383136 3.206269
v 1.350797 1.323636 3.121975
v 1.491200 1.323636 3.082713
v 1.596889 1.323636 3.099778
v 1.627495 1.323636 3.166654
v 1.571327 1.323636 3.257794
v 1.449840 1.323636 3.338388
v 1.309436 1.323636 3.377651
v 1.203747 1.323636 3.360585
v 1.173141 1.323636 3.293710
v 1.229309 1.323636 3.202569
v 1.357431 1.264136 3.136472
v 1.479024 1.264136 3.102470
v 1.570554 1.264136 3.117249
v 1.597059 1.264136 3.175165
v 1.548416 1.264136 3.254095
v 1.443205 1.264136 3.323891
v 1.321612 1.264136 3.357894
v 1.230082 1.264136 3.343115
v 1.203577 1.264136 3.285199
v 1.252220 1.264136 3.206269
v 1.375557 1.220579 3.176079
v 1.445759 1.220579 3.156447
v 1.498604 1.220579 3.164980
v 1.513907 1.220579 3.198418
v 1.485823 1.220579 3.243988
v 1.425079 1.220579 3.284285
v 1.354877 1.220579 3.303916
v 1.302032 1.220579 3.295384
v 1.286729 1.220579 3.261946
v 1.314813 1.220579 3.216376
f 2881 2884 2883
f 2882 2923 2924
f 2883 2884 2894
f 2883 2894 2893
f 2893 2894 2904
f 2893 2904 2903
f 2903 2904 2914
f 2903 2914 2913
f 2913 2914 2924
f 2913 2924 2923
f 2881 2885 2884
f 2882 2924 2925
f 2884 2885 2895
f 2884 2895 2894
f 2894 2895 2905
f 2894 2905 2904
f 2904 2905 2915
f 2904 2915 2914
f 2914 2915 2925
f 2914 2925 2924
f 2881 2886 2885
f 2882 2925 2926
f 2885 2886 2896
f 2885 2896 2895
f 2895 2896 2906
f 2895 2906 2905
f 2905 2906 2916
f 2905 2916 2915
f 2915 2916 2926
f 2915 2926 2925
f 2881 2887 2886
f 2882 2926 2927
f 2886 2887 2897
f 2886 2897 2896
f 2896 2897 2907
f 2896 2907 2906
f 2906 2907 2917
f 2906 2917 2916
f 2916 2917 2927
f 2916 2927 2926
f 2881 2888 2887
f 2882 2927 2928
f 2887 2888 2898
f 2887 2898 2897
f 2897 2898 2908
f 2897 2908 2907
f 2907 2908 2918
f 2907 2918 2917
f 2917 2918 2928
f 2917 2928 2927
f 2881 2889 2888
f 2882 2928 2929
f 2888 2889 2899
f 2888 2899 2898
f 2898 2899 2909
f 2898 2909 2908
f 2908 2909 2919
f 2908 2919 2918
f 2918 2919 2929
f 2918 2929 2928
f 2881 2890 2889
f 2882 2929 2930
f 2889 2890 2900
f 2889 2900 2899
f 2899 2900 2910
f 2899 2910 2909
f 2909 2910 2920
f 2909 2920 2919
f 2919 2920 2930
f 2919 2930 2929
f 2881 2891 2890
f 2882 2930 2931
f 2890 2891 2901
f 2890 2901 2900
f 2900 2901 2911
f 2900 2911 2910
f 2910 2911 2921
f 2910 2921 2920
f 2920 2921 2931
f 2920 2931 2930
f 2881 2892 2891
f 2882 2931 2932
f 2891 2892 2902
f 2891 2902 2901
f 2901 2902 2912
f 2901 2912 2911
f 2911 2912 2922
f 2911 2922 2921
f 2921 2922 2932
f 2921 2932 2931
f 2881 2883 2892
f 2882 2932 2923
f 2892 2883 2893
f 2892 2893 2902
f 2902 2893 2903
f 2902 2903 2912
f 2912 2903 2913
f 2912 2913 2922
f 2922 2913 2923
f 2922 2923 2932
o TailCurve_11
usemtl color_64
s off
v 1.245084 1.589000 3.332000
v 1.245084 1.351000 3.332000
v 1.210069 1.573057 3.283894
v 1.274971 1.573057 3.250708
v 1.328457 1.573057 3.248572
v 1.350098 1.573057 3.278302
v 1.331628 1.573057 3.328544
v 1.280100 1.573057 3.380106
v 1.215198 1.573057 3.413292
v 1.161712 1.573057 3.415428
v 1.140071 1.573057 3.385698
v 1.158541 1.573057 3.335456
v 1.184435 1.529500 3.248679
v 1.296849 1.529500 3.191197
v 1.389491 1.529500 3.187498
v 1.426974 1.529500 3.238993
v 1.394982 1.529500 3.326014
v 1.305734 1.529500 3.415321
v 1.193320 1.529500 3.472803
v 1.100678 1.529500 3.476502
v 1.063195 1.529500 3.425007
v 1.095187 1.529500 3.337986
v 1.175053 1.470000 3.235789
v 1.304857 1.470000 3.169415
v 1.411830 1.470000 3.165143
v 1.455112 1.470000 3.224605
v 1.418171 1.470000 3.325088
v 1.315116 1.470000 3.428211
v 1.185312 1.470000 3.494585
v 1.078339 1.470000 3.498857
v 1.035057 1.470000 3.439395
v 1.071998 1.470000 3.338912
v 1.184435 1.410500 3.248679
v 1.296849 1.410500 3.191197
v 1.389491 1.410500 3.187498
v 1.426974 1.410500 3.238993
v 1.394982 1.410500 3.326014
v 1.305734 1.410500 3.415321
v 1.193320 1.410500 3.472803
v 1.100678 1.410500 3.476502
v 1.063195 1.410500 3.425007
v 1.095187 1.410500 3.337986
v 1.210069 1.366943 3.283894
v 1.274971 1.366943 3.250708
v 1.328457 1.366943 3.248572
v 1.350098 1.366943 3.278302
v 1.331628 1.366943 3.328544
v 1.280100 1.366943 3.380106
v 1.215198 1.366943 3.413292
v 1.161712 1.366943 3.415428
v 1.140071 1.366943 3.385698
v 1.158541 1.366943 3.335456
f 2933 2936 2935
f 2934 2975 2976
f 2935 2936 2946
f 2935 2946 2945
f 2945 2946 2956
f 2945 2956 2955
f 2955 2956 2966
f 2955 2966 2965
f 2965 2966 2976
f 2965 2976 2975
f 2933 2937 2936
f 2934 2976 2977
f 2936 2937 2947
f 2936 2947 2946
f 2946 2947 2957
f 2946 2957 2956
f 2956 2957 2967
f 2956 2967 2966
f 2966 2967 2977
f 2966 2977 2976
f 2933 2938 2937
f 2934 2977 2978
f 2937 2938 2948
f 2937 2948 2947
f 2947 2948 2958
f 2947 2958 2957
f 2957 2958 2968
f 2957 2968 2967
f 2967 2968 2978
f 2967 2978 2977
f 2933 2939 2938
f 2934 2978 2979
f 2938 2939 2949
f 2938 2949 2948
f 2948 2949 2959
f 2948 2959 2958
f 2958 2959 2969
f 2958 2969 2968
f 2968 2969 2979
f 2968 2979 2978
f 2933 2940 2939
f 2934 2979 2980
f 2939 2940 2950
f 2939 2950 2949
f 2949 2950 2960
f 2949 2960 2959
f 2959 2960 2970
f 2959 2970 2969
f 2969 2970 2980
f 2969 2980 2979
f 2933 2941 2940
f 2934 2980 2981
f 2940 2941 2951
f 2940 2951 2950
f 2950 2951 2961
f 2950 2961 2960
f 2960 2961 2971
f 2960 2971 2970
f 2970 2971 2981
f 2970 2981 2980
f 2933 2942 2941
f 2934 2981 2982
f 2941 2942 2952
f 2941 2952 2951
f 2951 2952 2962
f 2951 2962 2961
f 2961 2962 2972
f 2961 2972 2971
f 2971 2972 2982
f 2971 2982 2981
f 2933 2943 2942
f 2934 2982 2983
f 2942 2943 2953
f 2942 2953 2952
f 2952 2953 2963
f 2952 2963 2962
f 2962 2963 2973
f 2962 2973 2972
f 2972 2973 2983
f 2972 2983 2982
f 2933 2944 2943
f 2934 2983 2984
f 2943 2944 2954
f 2943 2954 2953
f 2953 2954 2964
f 2953 2964 2963
f 2963 2964 2974
f 2963 2974 2973
f 2973 2974 2984
f 2973 2984 2983
f 2933 2935 2944
f 2934 2984 2975
f 2944 2935 2945
f 2944 2945 2954
f 2954 2945 2955
f 2954 2955 2964
f 2964 2955 2965
f 2964 2965 2974
f 2974 2965 2975
f 2974 2975 2984
o TailClover
usemtl color_65
s off
v 1.260000 1.904000 3.581550
v 1.267282 1.904000 3.547092
v 1.312500 1.904000 3.469769
v 1.408492 1.904000 3.408127
v 1.532798 1.904000 3.410925
v 1.638513 1.904000 3.486814
v 1.680000 1.904000 3.607800
v 1.638513 1.904000 3.737704
v 1.532798 1.904000 3.857175
v 1.408492 1.904000 3.964973
v 1.312500 1.904000 4.060831
v 1.267282 1.904000 4.132090
v 1.260000 1.904000 4.159050
v 1.252718 1.904000 4.132090
v 1.207500 1.904000 4.060831
v 1.111508 1.904000 3.964973
v 0.987202 1.904000 3.857175
v 0.881487 1.904000 3.737704
v 0.840000 1.904000 3.607800
v 0.881487 1.904000 3.486814
v 0.987202 1.904000 3.410925
v 1.111508 1.904000 3.408127
v 1.207500 1.904000 3.469769
v 1.252718 1.904000 3.547092
v 1.260000 1.736000 3.581550
v 1.267282 1.736000 3.547092
v 1.312500 1.736000 3.469769
v 1.408492 1.736000 3.408127
v 1.532798 1.736000 3.410925
v 1.638513 1.736000 3.486814
v 1.680000 1.736000 3.607800
v 1.638513 1.736000 3.737704
v 1.532798 1.736000 3.857175
v 1.408492 1.736000 3.964973
v 1.312500 1.736000 4.060831
v 1.267282 1.736000 4.132090
v 1.260000 1.736000 4.159050
v 1.252718 1.736000 4.132090
v 1.207500 1.736000 4.060831
v 1.111508 1.736000 3.964973
v 0.987202 1.736000 3.857175
v 0.881487 1.736000 3.737704
v 0.840000 1.736000 3.607800
v 0.881487 1.736000 3.486814
v 0.987202 1.736000 3.410925
v 1.111508 1.736000 3.408127
v 1.207500 1.736000 3.469769
v 1.252718 1.736000 3.547092
v 1.260000 1.904000 3.712800
v 1.260000 1.736000 3.712800
f 3033 2985 2986
f 3034 3010 3009
f 2985 3009 3010
f 2985 3010 2986
f 3033 2986 2987
f 3034 3011 3010
f 2986 3010 3011
f 2986 3011 2987
f 3033 2987 2988
f 3034 3012 3011
f 2987 3011 3012
f 2987 3012 2988
f 3033 2988 2989
f 3034 3013 3012
f 2988 3012 3013
f 2988 3013 2989
f 3033 2989 2990
f 3034 3014 3013
f 2989 3013 3014
f 2989 3014 2990
f 3033 2990 2991
f 3034 3015 3014
f 2990 3014 3015
f 2990 3015 2991
f 3033 2991 2992
f 3034 3016 3015
f 2991 3015 3016
f 2991 3016 2992
f 3033 2992 2993
f 3034 3017 3016
f 2992 3016 3017
f 2992 3017 2993
f 3033 2993 2994
f 3034 3018 3017
f 2993 3017 3018
f 2993 3018 2994
f 3033 2994 2995
f 3034 3019 3018
f 2994 3018 3019
f 2994 3019 2995
f 3033 2995 2996
f 3034 3020 3019
f 2995 3019 3020
f 2995 3020 2996
f 3033 2996 2997
f 3034 3021 3020
f 2996 3020 3021
f 2996 3021 2997
f 3033 2997 2998
f 3034 3022 3021
f 2997 3021 3022
f 2997 3022 2998
f 3033 2998 2999
f 3034 3023 3022
f 2998 3022 3023
f 2998 3023 2999
f 3033 2999 3000
f 3034 3024 3023
f 2999 3023 3024
f 2999 3024 3000
f 3033 3000 3001
f 3034 3025 3024
f 3000 3024 3025
f 3000 3025 3001
f 3033 3001 3002
f 3034 3026 3025
f 3001 3025 3026
f 3001 3026 3002
f 3033 3002 3003
f 3034 3027 3026
f 3002 3026 3027
f 3002 3027 3003
f 3033 3003 3004
f 3034 3028 3027
f 3003 3027 3028
f 3003 3028 3004
f 3033 3004 3005
f 3034 3029 3028
f 3004 3028 3029
f 3004 3029 3005
f 3033 3005 3006
f 3034 3030 3029
f 3005 3029 3030
f 3005 3030 3006
f 3033 3006 3007
f 3034 3031 3030
f 3006 3030 3031
f 3006 3031 3007
f 3033 3007 3008
f 3034 3032 3031
f 3007 3031 3032
f 3007 3032 3008
f 3033 3008 2985
f 3034 3009 3032
f 3008 3032 3009
f 3008 3009 2985
o TailClover_1
usemtl color_66
s off
v 1.481550 1.904000 3.360000
v 1.447092 1.904000 3.352718
v 1.369769 1.904000 3.307500
v 1.308127 1.904000 3.211508
v 1.310925 1.904000 3.087202
v 1.386814 1.904000 2.981487
v 1.507800 1.904000 2.940000
v 1.637704 1.904000 2.981487
v 1.757175 1.904000 3.087202
v 1.864973 1.904000 3.211508
v 1.960831 1.904000 3.307500
v 2.032090 1.904000 3.352718
v 2.059050 1.904000 3.360000
v 2.032090 1.904000 3.367282
v 1.960831 1.904000 3.412500
v 1.864973 1.904000 3.508492
v 1.757175 1.904000 3.632798
v 1.637704 1.904000 3.738513
v 1.507800 1.904000 3.780000
v 1.386814 1.904000 3.738513
v 1.310925 1.904000 3.632798
v 1.308127 1.904000 3.508492
v 1.369769 1.904000 3.412500
v 1.447092 1.904000 3.367282
v 1.481550 1.736000 3.360000
v 1.447092 1.736000 3.352718
v 1.369769 1.736000 3.307500
v 1.308127 1.736000 3.211508
v 1.310925 1.736000 3.087202
v 1.386814 1.736000 2.981487
v 1.507800 1.736000 2.940000
v 1.637704 1.736000 2.981487
v 1.757175 1.736000 3.087202
v 1.864973 1.736000 3.211508
v 1.960831 1.736000 3.307500
v 2.032090 1.736000 3.352718
v 2.059050 1.736000 3.360000
v 2.032090 1.736000 3.367282
v 1.960831 1.736000 3.412500
v 1.864973 1.736000 3.508492
v 1.757175 1.736000 3.632798
v 1.637704 1.736000 3.738513
v 1.507800 1.736000 3.780000
v 1.386814 1.736000 3.738513
v 1.310925 1.736000 3.632798
v 1.308127 1.736000 3.508492
v 1.369769 1.736000 3.412500
v 1.447092 1.736000 3.367282
v 1.612800 1.904000 3.360000
v 1.612800 1.736000 3.360000
f 3083 3035 3036
f 3084 3060 3059
f 3035 3059 3060
f 3035 3060 3036
f 3083 3036 3037
f 3084 3061 3060
f 3036 3060 3061
f 3036 3061 3037
f 3083 3037 3038
f 3084 3062 3061
f 3037 3061 3062
f 3037 3062 3038
f 3083 3038 3039
f 3084 3063 3062
f 3038 3062 3063
f 3038 3063 3039
f 3083 3039 3040
f 3084 3064 3063
f 3039 3063 3064
f 3039 3064 3040
f 3083 3040 3041
f 3084 3065 3064
f 3040 3064 3065
f 3040 3065 3041
f 3083 3041 3042
f 3084 3066 3065
f 3041 3065 3066
f 3041 3066 3042
f 3083 3042 3043
f 3084 3067 3066
f 3042 3066 3067
f 3042 3067 3043
f 3083 3043 3044
f 3084 3068 3067
f 3043 3067 3068
f 3043 3068 3044
f 3083 3044 3045
f 3084 3069 3068
f 3044 3068 3069
f 3044 3069 3045
f 3083 3045 3046
f 3084 3070 3069
f 3045 3069 3070
f 3045 3070 3046
f 3083 3046 3047
f 3084 3071 3070
f 3046 3070 3071
f 3046 3071 3047
f 3083 3047 3048
f 3084 3072 3071
f 3047 3071 3072
f 3047 3072 3048
f 3083 3048 3049
f 3084 3073 3072
f 3048 3072 3073
f 3048 3073 3049
f 3083 3049 3050
f 3084 3074 3073
f 3049 3073 3074
f 3049 3074 3050
f 3083 3050 3051
f 3084 3075 3074
f 3050 3074 3075
f 3050 3075 3051
f 3083 3051 3052
f 3084 3076 3075
f 3051 3075 3076
f 3051 3076 3052
f 3083 3052 3053
f 3084 3077 3076
f 3052 3076 3077
f 3052 3077 3053
f 3083 3053 3054
f 3084 3078 3077
f 3053 3077 3078
f 3053 3078 3054
f 3083 3054 3055
f 3084 3079 3078
f 3054 3078 3079
f 3054 3079 3055
f 3083 3055 3056
f 3084 3080 3079
f 3055 3079 3080
f 3055 3080 3056
f 3083 3056 3057
f 3084 3081 3080
f 3056 3080 3081
f 3056 3081 3057
f 3083 3057 3058
f 3084 3082 3081
f 3057 3081 3082
f 3057 3082 3058
f 3083 3058 3035
f 3084 3059 3082
f 3058 3082 3059
f 3058 3059 3035
o TailClover_2
usemtl color_67
s off
v 1.260000 1.904000 3.138450
v 1.252718 1.904000 3.172908
v 1.207500 1.904000 3.250231
v 1.111508 1.904000 3.311873
v 0.987202 1.904000 3.309075
v 0.881487 1.904000 3.233186
v 0.840000 1.904000 3.112200
v 0.881487 1.904000 2.982296
v 0.987202 1.904000 2.862825
v 1.111508 1.904000 2.755027
v 1.207500 1.904000 2.659169
v 1.252718 1.904000 2.587910
v 1.260000 1.904000 2.560950
v 1.267282 1.904000 2.587910
v 1.312500 1.904000 2.659169
v 1.408492 1.904000 2.755027
v 1.532798 1.904000 2.862825
v 1.638513 1.904000 2.982296
v 1.680000 1.904000 3.112200
v 1.638513 1.904000 3.233186
v 1.532798 1.904000 3.309075
v 1.408492 1.904000 3.311873
v 1.312500 1.904000 3.250231
v 1.267282 1.904000 3.172908
v 1.260000 1.736000 3.138450
v 1.252718 1.736000 3.172908
v 1.207500 1.736000 3.250231
v 1.111508 1.736000 3.311873
v 0.987202 1.736000 3.309075
v 0.881487 1.736000 3.233186
v 0.840000 1.736000 3.112200
v 0.881487 1.736000 2.982296
v 0.987202 1.736000 2.862825
v 1.111508 1.736000 2.755027
v 1.207500 1.736000 2.659169
v 1.252718 1.736000 2.587910
v 1.260000 1.736000 2.560950
v 1.267282 1.736000 2.587910
v 1.312500 1.736000 2.659169
v 1.408492 1.736000 2.755027
v 1.532798 1.736000 2.862825
v 1.638513 1.736000 2.982296
v 1.680000 1.736000 3.112200
v 1.638513 1.736000 3.233186
v 1.532798 1.736000 3.309075
v 1.408492 1.736000 3.311873
v 1.312500 1.736000 3.250231
v 1.267282 1.736000 3.172908
v 1.260000 1.904000 3.007200
v 1.260000 1.736000 3.007200
f 3133 3085 3086
f 3134 3110 3109
f 3085 3109 3110
f 3085 3110 3086
f 3133 3086 3087
f 3134 3111 3110
f 3086 3110 3111
f 3086 3111 3087
f 3133 3087 3088
f 3134 3112 3111
f 3087 3111 3112
f 3087 3112 3088
f 3133 3088 3089
f 3134 3113 3112
f 3088 3112 3113
f 3088 3113 3089
f 3133 3089 3090
f 3134 3114 3113
f 3089 3113 3114
f 3089 3114 3090
f 3133 3090 3091
f 3134 3115 3114
f 3090 3114 3115
f 3090 3115 3091
f 3133 3091 3092
f 3134 3116 3115
f 3091 3115 3116
f 3091 3116 3092
f 3133 3092 3093
f 3134 3117 3116
f 3092 3116 3117
f 3092 3117 3093
f 3133 3093 3094
f 3134 3118 3117
f 3093 3117 3118
f 3093 3118 3094
f 3133 3094 3095
f 3134 3119 3118
f 3094 3118 3119
f 3094 3119 3095
f 3133 3095 3096
f 3134 3120 3119
f 3095 3119 3120
f 3095 3120 3096
f 3133 3096 3097
f 3134 3121 3120
f 3096 3120 3121
f 3096 3121 3097
f 3133 3097 3098
f 3134 3122 3121
f 3097 3121 3122
f 3097 3122 3098
f 3133 3098 3099
f 3134 3123 3122
f 3098 3122 3123
f 3098 3123 3099
f 3133 3099 3100
f 3134 3124 3123
f 3099 3123 3124
f 3099 3124 3100
f 3133 3100 3101
f 3134 3125 3124
f 3100 3124 3125
f 3100 3125 3101
f 3133 3101 3102
f 3134 3126 3125
f 3101 3125 3126
f 3101 3126 3102
f 3133 3102 3103
f 3134 3127 3126
f 3102 3126 3127
f 3102 3127 3103
f 3133 3103 3104
f 3134 3128 3127
f 3103 3127 3128
f 3103 3128 3104
f 3133 3104 3105
f 3134 3129 3128
f 3104 3128 3129
f 3104 3129 3105
f 3133 3105 3106
f 3134 3130 3129
f 3105 3129 3130
f 3105 3130 3106
f 3133 3106 3107
f 3134 3131 3130
f 3106 3130 3131
f 3106 3131 3107
f 3133 3107 3108
f 3134 3132 3131
f 3107 3131 3132
f 3107 3132 3108
f 3133 3108 3085
f 3134 3109 3132
f 3108 3132 3109
f 3108 3109 3085
o TailClover_3
usemtl color_68
s off
v 1.038450 1.904000 3.360000
v 1.072908 1.904000 3.367282
v 1.150231 1.904000 3.412500
v 1.211873 1.904000 3.508492
v 1.209075 1.904000 3.632798
v 1.133186 1.904000 3.738513
v 1.012200 1.904000 3.780000
v 0.882296 1.904000 3.738513
v 0.762825 1.904000 3.632798
v 0.655027 1.904000 3.508492
v 0.559169 1.904000 3.412500
v 0.487910 1.904000 3.367282
v 0.460950 1.904000 3.360000
v 0.487910 1.904000 3.352718
v 0.559169 1.904000 3.307500
v 0.655027 1.904000 3.211508
v 0.762825 1.904000 3.087202
v 0.882296 1.904000 2.981487
v 1.012200 1.904000 2.940000
v 1.133186 1.904000 2.981487
v 1.209075 1.904000 3.087202
v 1.211873 1.904000 3.211508
v 1.150231 1.904000 3.307500
v 1.072908 1.904000 3.352718
v 1.038450 1.736000 3.360000
v 1.072908 1.736000 3.367282
v 1.150231 1.736000 3.412500
v 1.211873 1.736000 3.508492
v 1.209075 1.736000 3.632798
v 1.133186 1.736000 3.738513
v 1.012200 1.736000 3.780000
v 0.882296 1.736000 3.738513
v 0.762825 1.736000 3.632798
v 0.655027 1.736000 3.508492
v 0.559169 1.736000 3.412500
v 0.487910 1.736000 3.367282
v 0.460950 1.736000 3.360000
v 0.487910 1.736000 3.352718
v 0.559169 1.736000 3.307500
v 0.655027 1.736000 3.211508
v 0.762825 1.736000 3.087202
v 0.882296 1.736000 2.981487
v 1.012200 1.736000 2.940000
v 1.133186 1.736000 2.981487
v 1.209075 1.736000 3.087202
v 1.211873 1.736000 3.211508
v 1.150231 1.736000 3.307500
v 1.072908 1.736000 3.352718
v 0.907200 1.904000 3.360000
v 0.907200 1.736000 3.360000
f 3183 3135 3136
f 3184 3160 3159
f 3135 3159 3160
f 3135 3160 3136
f 3183 3136 3137
f 3184 3161 3160
f 3136 3160 3161
f 3136 3161 3137
f 3183 3137 3138
f 3184 3162 3161
f 3137 3161 3162
f 3137 3162 3138
f 3183 3138 3139
f 3184 3163 3162
f 3138 3162 3163
f 3138 3163 3139
f 3183 3139 3140
f 3184 3164 3163
f 3139 3163 3164
f 3139 3164 3140
f 3183 3140 3141
f 3184 3165 3164
f 3140 3164 3165
f 3140 3165 3141
f 3183 3141 3142
f 3184 3166 3165
f 3141 3165 3166
f 3141 3166 3142
f 3183 3142 3143
f 3184 3167 3166
f 3142 3166 3167
f 3142 3167 3143
f 3183 3143 3144
f 3184 3168 3167
f 3143 3167 3168
f 3143 3168 3144
f 3183 3144 3145
f 3184 3169 3168
f 3144 3168 3169
f 3144 3169 3145
f 3183 3145 3146
f 3184 3170 3169
f 3145 3169 3170
f 3145 3170 3146
f 3183 3146 3147
f 3184 3171 3170
f 3146 3170 3171
f 3146 3171 3147
f 3183 3147 3148
f 3184 3172 3171
f 3147 3171 3172
f 3147 3172 3148
f 3183 3148 3149
f 3184 3173 3172
f 3148 3172 3173
f 3148 3173 3149
f 3183 3149 3150
f 3184 3174 3173
f 3149 3173 3174
f 3149 3174 3150
f 3183 3150 3151
f 3184 3175 3174
f 3150 3174 3175
f 3150 3175 3151
f 3183 3151 3152
f 3184 3176 3175
f 3151 3175 3176
f 3151 3176 3152
f 3183 3152 3153
f 3184 3177 3176
f 3152 3176 3177
f 3152 3177 3153
f 3183 3153 3154
f 3184 3178 3177
f 3153 3177 3178
f 3153 3178 3154
f 3183 3154 3155
f 3184 3179 3178
f 3154 3178 3179
f 3154 3179 3155
f 3183 3155 3156
f 3184 3180 3179
f 3155 3179 3180
f 3155 3180 3156
f 3183 3156 3157
f 3184 3181 3180
f 3156 3180 3181
f 3156 3181 3157
f 3183 3157 3158
f 3184 3182 3181
f 3157 3181 3182
f 3157 3182 3158
f 3183 3158 3135
f 3184 3159 3182
f 3158 3182 3159
f 3158 3159 3135
o CrownSprout
usemtl color_69
s off
v -0.047189 2.286441 -2.139390
v -0.035000 2.310000 -2.132352
v -0.042794 2.284074 -2.136852
v -0.054983 2.260516 -2.143890
v -0.200667 2.365303 -2.086550
v -0.086563 2.333987 -2.020672
v 0.007557 2.253186 -1.966331
v -0.106547 2.284502 -2.032209
v -0.318344 2.420442 -2.013039
v -0.139601 2.354322 -1.909842
v 0.019157 2.238716 -1.818183
v -0.159585 2.304837 -1.921380
v -0.413834 2.455421 -1.926720
v -0.195364 2.367909 -1.800586
v 0.003121 2.230913 -1.685991
v -0.215348 2.318425 -1.812124
v -0.486645 2.467454 -1.827307
v -0.254688 2.372680 -1.693386
v -0.042714 2.228422 -1.571003
v -0.274671 2.323196 -1.704923
v -0.536334 2.455421 -1.714543
v -0.317864 2.367909 -1.588410
v -0.119379 2.230913 -1.473814
v -0.337848 2.318425 -1.599948
v -0.563344 2.420442 -1.588687
v -0.384601 2.354322 -1.485490
v -0.225843 2.238716 -1.393831
v -0.404585 2.304837 -1.497027
v -0.568167 2.365303 -1.450021
v -0.454063 2.333987 -1.384143
v -0.359943 2.253186 -1.329803
v -0.474047 2.284502 -1.395681
v -0.537189 2.286441 -1.290685
v -0.525000 2.310000 -1.283648
v -0.532794 2.284074 -1.288147
v -0.544983 2.260516 -1.295185
f 3185 3189 3190
f 3185 3190 3186
f 3186 3190 3191
f 3186 3191 3187
f 3187 3191 3192
f 3187 3192 3188
f 3188 3192 3189
f 3188 3189 3185
f 3189 3193 3194
f 3189 3194 3190
f 3190 3194 3195
f 3190 3195 3191
f 3191 3195 3196
f 3191 3196 3192
f 3192 3196 3193
f 3192 3193 3189
f 3193 3197 3198
f 3193 3198 3194
f 3194 3198 3199
f 3194 3199 3195
f 3195 3199 3200
f 3195 3200 3196
f 3196 3200 3197
f 3196 3197 3193
f 3197 3201 3202
f 3197 3202 3198
f 3198 3202 3203
f 3198 3203 3199
f 3199 3203 3204
f 3199 3204 3200
f 3200 3204 3201
f 3200 3201 3197
f 3201 3205 3206
f 3201 3206 3202
f 3202 3206 3207
f 3202 3207 3203
f 3203 3207 3208
f 3203 3208 3204
f 3204 3208 3205
f 3204 3205 3201
f 3205 3209 3210
f 3205 3210 3206
f 3206 3210 3211
f 3206 3211 3207
f 3207 3211 3212
f 3207 3212 3208
f 3208 3212 3209
f 3208 3209 3205
f 3209 3213 3214
f 3209 3214 3210
f 3210 3214 3215
f 3210 3215 3211
f 3211 3215 3216
f 3211 3216 3212
f 3212 3216 3213
f 3212 3213 3209
f 3213 3217 3218
f 3213 3218 3214
f 3214 3218 3219
f 3214 3219 3215
f 3215 3219 3220
f 3215 3220 3216
f 3216 3220 3217
f 3216 3217 3213
o CrownSproutVein
usemtl color_70
s off
v -0.144753 2.385764 -2.025977
v -0.095305 2.359139 -1.997429
v -0.072247 2.416236 -1.984116
v -0.121695 2.442861 -2.012665
v -0.487753 2.385764 -1.431884
v -0.438305 2.359139 -1.403335
v -0.415247 2.416236 -1.390023
v -0.464695 2.442861 -1.418571
f 3221 3224 3223
f 3221 3223 3222
f 3225 3226 3227
f 3225 3227 3228
f 3221 3225 3228
f 3221 3228 3224
f 3222 3223 3227
f 3222 3227 3226
f 3224 3228 3227
f 3224 3227 3223
f 3221 3222 3226
f 3221 3226 3225
o CrownSprout_1
usemtl color_71
s off
v -0.074085 2.354015 -2.229155
v -0.081353 2.380000 -2.224066
v -0.069720 2.356500 -2.232212
v -0.062451 2.330516 -2.237301
v -0.094127 2.320383 -2.022849
v -0.000177 2.403987 -2.088634
v 0.112675 2.438106 -2.167654
v 0.018725 2.354502 -2.101869
v -0.075753 2.304173 -1.843443
v 0.082394 2.424322 -1.954178
v 0.259442 2.494986 -2.078149
v 0.101295 2.374837 -1.967414
v -0.030061 2.295300 -1.683165
v 0.167542 2.437909 -1.821528
v 0.384046 2.531033 -1.973126
v 0.186444 2.388425 -1.834763
v 0.045059 2.292446 -1.543493
v 0.256058 2.442680 -1.691235
v 0.485958 2.543430 -1.852213
v 0.274959 2.393196 -1.704471
v 0.150616 2.295300 -1.425132
v 0.348218 2.437909 -1.563495
v 0.564723 2.531033 -1.715093
v 0.367120 2.388425 -1.576730
v 0.285600 2.304173 -1.327377
v 0.443747 2.424322 -1.438113
v 0.620796 2.494986 -1.562084
v 0.462649 2.374837 -1.451348
v 0.447902 2.320383 -1.248751
v 0.541853 2.403987 -1.314535
v 0.654704 2.438106 -1.393555
v 0.560754 2.354502 -1.327770
v 0.648621 2.354015 -1.197024
v 0.641353 2.380000 -1.191934
v 0.652987 2.356500 -1.200080
v 0.660255 2.330516 -1.205169
f 3229 3233 3234
f 3229 3234 3230
f 3230 3234 3235
f 3230 3235 3231
f 3231 3235 3236
f 3231 3236 3232
f 3232 3236 3233
f 3232 3233 3229
f 3233 3237 3238
f 3233 3238 3234
f 3234 3238 3239
f 3234 3239 3235
f 3235 3239 3240
f 3235 3240 3236
f 3236 3240 3237
f 3236 3237 3233
f 3237 3241 3242
f 3237 3242 3238
f 3238 3242 3243
f 3238 3243 3239
f 3239 3243 3244
f 3239 3244 3240
f 3240 3244 3241
f 3240 3241 3237
f 3241 3245 3246
f 3241 3246 3242
f 3242 3246 3247
f 3242 3247 3243
f 3243 3247 3248
f 3243 3248 3244
f 3244 3248 3245
f 3244 3245 3241
f 3245 3249 3250
f 3245 3250 3246
f 3246 3250 3251
f 3246 3251 3247
f 3247 3251 3252
f 3247 3252 3248
f 3248 3252 3249
f 3248 3249 3245
f 3249 3253 3254
f 3249 3254 3250
f 3250 3254 3255
f 3250 3255 3251
f 3251 3255 3256
f 3251 3256 3252
f 3252 3256 3253
f 3252 3253 3249
f 3253 3257 3258
f 3253 3258 3254
f 3254 3258 3259
f 3254 3259 3255
f 3255 3259 3260
f 3255 3260 3256
f 3256 3260 3257
f 3256 3257 3253
f 3257 3261 3262
f 3257 3262 3258
f 3258 3262 3263
f 3258 3263 3259
f 3259 3263 3264
f 3259 3264 3260
f 3260 3264 3261
f 3260 3261 3257
o CrownSproutVein_1
usemtl color_72
s off
v 0.014572 2.429139 -2.060507
v 0.061343 2.455764 -2.093257
v 0.039534 2.512861 -2.077985
v -0.007238 2.486236 -2.045235
v 0.520466 2.429139 -1.338015
v 0.567238 2.455764 -1.370765
v 0.545428 2.512861 -1.355493
v 0.498657 2.486236 -1.322743
f 3265 3268 3267
f 3265 3267 3266
f 3269 3270 3271
f 3269 3271 3272
f 3265 3269 3272
f 3265 3272 3268
f 3266 3267 3271
f 3266 3271 3270
f 3268 3272 3271
f 3268 3271 3267
f 3265 3266 3270
f 3265 3270 3269
o ManeLeaf
usemtl color_73
s off
v -0.005530 1.237471 -1.723214
v 0.000000 1.259834 -1.707556
v 0.005530 1.237471 -1.723214
v 0.000000 1.215109 -1.738873
v -0.261977 1.136693 -1.533145
v 0.000000 1.159056 -1.517486
v 0.261977 1.136693 -1.533145
v 0.000000 1.114330 -1.548804
v -0.424626 1.032614 -1.345387
v 0.000000 1.054977 -1.329728
v 0.424626 1.032614 -1.345387
v 0.000000 1.010251 -1.361045
v -0.524590 0.922436 -1.161899
v 0.000000 0.944799 -1.146240
v 0.524590 0.922436 -1.161899
v 0.000000 0.900073 -1.177557
v -0.558530 0.804290 -0.983990
v 0.000000 0.826653 -0.968331
v 0.558530 0.804290 -0.983990
v 0.000000 0.781927 -0.999649
v -0.524590 0.677519 -0.812121
v 0.000000 0.699882 -0.796462
v 0.524590 0.677519 -0.812121
v 0.000000 0.655156 -0.827779
v -0.424626 0.542779 -0.645831
v 0.000000 0.565142 -0.630172
v 0.424626 0.542779 -0.645831
v 0.000000 0.520417 -0.661489
v -0.261977 0.401941 -0.483811
v 0.000000 0.424304 -0.468153
v 0.261977 0.401941 -0.483811
v 0.000000 0.379579 -0.499470
v -0.005530 0.257803 -0.324103
v 0.000000 0.280166 -0.308444
v 0.005530 0.257803 -0.324103
v 0.000000 0.235440 -0.339761
f 3273 3277 3278
f 3273 3278 3274
f 3274 3278 3279
f 3274 3279 3275
f 3275 3279 3280
f 3275 3280 3276
f 3276 3280 3277
f 3276 3277 3273
f 3277 3281 3282
f 3277 3282 3278
f 3278 3282 3283
f 3278 3283 3279
f 3279 3283 3284
f 3279 3284 3280
f 3280 3284 3281
f 3280 3281 3277
f 3281 3285 3286
f 3281 3286 3282
f 3282 3286 3287
f 3282 3287 3283
f 3283 3287 3288
f 3283 3288 3284
f 3284 3288 3285
f 3284 3285 3281
f 3285 3289 3290
f 3285 3290 3286
f 3286 3290 3291
f 3286 3291 3287
f 3287 3291 3292
f 3287 3292 3288
f 3288 3292 3289
f 3288 3289 3285
f 3289 3293 3294
f 3289 3294 3290
f 3290 3294 3295
f 3290 3295 3291
f 3291 3295 3296
f 3291 3296 3292
f 3292 3296 3293
f 3292 3293 3289
f 3293 3297 3298
f 3293 3298 3294
f 3294 3298 3299
f 3294 3299 3295
f 3295 3299 3300
f 3295 3300 3296
f 3296 3300 3297
f 3296 3297 3293
f 3297 3301 3302
f 3297 3302 3298
f 3298 3302 3303
f 3298 3303 3299
f 3299 3303 3304
f 3299 3304 3300
f 3300 3304 3301
f 3300 3301 3297
f 3301 3305 3306
f 3301 3306 3302
f 3302 3306 3307
f 3302 3307 3303
f 3303 3307 3308
f 3303 3308 3304
f 3304 3308 3305
f 3304 3305 3301
o ManeLeafVein
usemtl color_74
s off
v -0.031500 1.178081 -1.515757
v 0.031500 1.178081 -1.515757
v 0.031500 1.229687 -1.479621
v -0.031500 1.229687 -1.479621
v -0.031500 0.492313 -0.536379
v 0.031500 0.492313 -0.536379
v 0.031500 0.543919 -0.500243
v -0.031500 0.543919 -0.500243
f 3309 3312 3311
f 3309 3311 3310
f 3313 3314 3315
f 3313 3315 3316
f 3309 3313 3316
f 3309 3316 3312
f 3310 3311 3315
f 3310 3315 3314
f 3312 3316 3315
f 3312 3315 3311
f 3309 3310 3314
f 3309 3314 3313
o ManeLeaf_1
usemtl color_75
s off
v 0.253155 1.016166 -1.604749
v 0.256993 1.040565 -1.591872
v 0.262209 1.019943 -1.609855
v 0.258371 0.995543 -1.622731
v 0.165018 0.854110 -1.325433
v 0.378806 0.966088 -1.430945
v 0.593972 1.033044 -1.567318
v 0.380185 0.921066 -1.461805
v 0.153775 0.720764 -1.091696
v 0.500721 0.888288 -1.272296
v 0.849046 1.010790 -1.483756
v 0.502100 0.843266 -1.303156
v 0.194039 0.602687 -0.891106
v 0.622824 0.804349 -1.117855
v 1.052988 0.960990 -1.375463
v 0.624203 0.759327 -1.148714
v 0.288601 0.499136 -0.726494
v 0.745173 0.712389 -0.968911
v 1.203123 0.880621 -1.242188
v 0.746552 0.667368 -0.999771
v 0.439002 0.410085 -0.599170
v 0.867787 0.611747 -0.825919
v 1.297952 0.768388 -1.083527
v 0.869166 0.566726 -0.856778
v 0.643702 0.335561 -0.507824
v 0.990648 0.503085 -0.688424
v 1.338972 0.625587 -0.899884
v 0.992026 0.458063 -0.719284
v 0.899909 0.276305 -0.449625
v 1.113696 0.388283 -0.555137
v 1.328862 0.455239 -0.691510
v 1.115075 0.343261 -0.585997
v 1.233008 0.245759 -0.437005
v 1.236846 0.270159 -0.424128
v 1.242063 0.249536 -0.442111
v 1.238225 0.225137 -0.454988
f 3317 3321 3322
f 3317 3322 3318
f 3318 3322 3323
f 3318 3323 3319
f 3319 3323 3324
f 3319 3324 3320
f 3320 3324 3321
f 3320 3321 3317
f 3321 3325 3326
f 3321 3326 3322
f 3322 3326 3327
f 3322 3327 3323
f 3323 3327 3328
f 3323 3328 3324
f 3324 3328 3325
f 3324 3325 3321
f 3325 3329 3330
f 3325 3330 3326
f 3326 3330 3331
f 3326 3331 3327
f 3327 3331 3332
f 3327 3332 3328
f 3328 3332 3329
f 3328 3329 3325
f 3329 3333 3334
f 3329 3334 3330
f 3330 3334 3335
f 3330 3335 3331
f 3331 3335 3336
f 3331 3336 3332
f 3332 3336 3333
f 3332 3333 3329
f 3333 3337 3338
f 3333 3338 3334
f 3334 3338 3339
f 3334 3339 3335
f 3335 3339 3340
f 3335 3340 3336
f 3336 3340 3337
f 3336 3337 3333
f 3337 3341 3342
f 3337 3342 3338
f 3338 3342 3343
f 3338 3343 3339
f 3339 3343 3344
f 3339 3344 3340
f 3340 3344 3341
f 3340 3341 3337
f 3341 3345 3346
f 3341 3346 3342
f 3342 3346 3347
f 3342 3347 3343
f 3343 3347 3348
f 3343 3348 3344
f 3344 3348 3345
f 3344 3345 3341
f 3345 3349 3350
f 3345 3350 3346
f 3346 3350 3351
f 3346 3351 3347
f 3347 3351 3352
f 3347 3352 3348
f 3348 3352 3349
f 3348 3349 3345
o ManeLeafVein_1
usemtl color_76
s off
v 0.378977 0.979272 -1.419972
v 0.430555 1.000787 -1.449056
v 0.428964 1.052736 -1.413449
v 0.377386 1.031221 -1.384365
v 1.064875 0.439988 -0.602551
v 1.116452 0.461503 -0.631635
v 1.114861 0.513451 -0.596028
v 1.063284 0.491936 -0.566944
f 3353 3356 3355
f 3353 3355 3354
f 3357 3358 3359
f 3357 3359 3360
f 3353 3357 3360
f 3353 3360 3356
f 3354 3355 3359
f 3354 3359 3358
f 3356 3360 3359
f 3356 3359 3355
f 3353 3354 3358
f 3353 3358 3357
o ManeLeaf_2
usemtl color_77
s off
v 0.307266 0.430014 -1.166659
v 0.308048 0.455506 -1.155462
v 0.309502 0.436238 -1.175524
v 0.308720 0.410745 -1.186721
v 0.464168 0.284786 -0.909097
v 0.516797 0.454599 -1.103444
v 0.570098 0.579651 -1.329050
v 0.517469 0.409838 -1.134703
v 0.640083 0.189042 -0.729021
v 0.725595 0.450388 -1.053733
v 0.811779 0.666974 -1.409704
v 0.726267 0.405627 -1.084992
v 0.828763 0.122471 -0.603451
v 0.934485 0.440074 -1.008285
v 1.040879 0.712916 -1.444378
v 0.935157 0.395313 -1.039544
v 1.030911 0.085081 -0.536368
v 1.143495 0.421785 -0.968405
v 1.256751 0.713728 -1.431702
v 1.144167 0.377024 -0.999664
v 1.246913 0.077261 -0.529720
v 1.352635 0.394865 -0.934554
v 1.459029 0.667707 -1.370647
v 1.353307 0.350103 -0.965813
v 1.476382 0.098623 -0.581559
v 1.561894 0.359970 -0.906271
v 1.648078 0.576555 -1.262242
v 1.562566 0.315208 -0.937530
v 1.718616 0.149158 -0.687904
v 1.771245 0.318971 -0.882251
v 1.824545 0.444022 -1.107857
v 1.771917 0.274209 -0.913510
v 1.979863 0.249176 -0.871735
v 1.980645 0.274669 -0.860538
v 1.982099 0.255400 -0.880600
v 1.981318 0.229907 -0.891797
f 3361 3365 3366
f 3361 3366 3362
f 3362 3366 3367
f 3362 3367 3363
f 3363 3367 3368
f 3363 3368 3364
f 3364 3368 3365
f 3364 3365 3361
f 3365 3369 3370
f 3365 3370 3366
f 3366 3370 3371
f 3366 3371 3367
f 3367 3371 3372
f 3367 3372 3368
f 3368 3372 3369
f 3368 3369 3365
f 3369 3373 3374
f 3369 3374 3370
f 3370 3374 3375
f 3370 3375 3371
f 3371 3375 3376
f 3371 3376 3372
f 3372 3376 3373
f 3372 3373 3369
f 3373 3377 3378
f 3373 3378 3374
f 3374 3378 3379
f 3374 3379 3375
f 3375 3379 3380
f 3375 3380 3376
f 3376 3380 3377
f 3376 3377 3373
f 3377 3381 3382
f 3377 3382 3378
f 3378 3382 3383
f 3378 3383 3379
f 3379 3383 3384
f 3379 3384 3380
f 3380 3384 3381
f 3380 3381 3377
f 3381 3385 3386
f 3381 3386 3382
f 3382 3386 3387
f 3382 3387 3383
f 3383 3387 3388
f 3383 3388 3384
f 3384 3388 3385
f 3384 3385 3381
f 3385 3389 3390
f 3385 3390 3386
f 3386 3390 3391
f 3386 3391 3387
f 3387 3391 3392
f 3387 3392 3388
f 3388 3392 3389
f 3388 3389 3385
f 3389 3393 3394
f 3389 3394 3390
f 3390 3394 3395
f 3390 3395 3391
f 3391 3395 3396
f 3391 3396 3392
f 3392 3396 3393
f 3392 3393 3389
o ManeLeafVein_2
usemtl color_78
s off
v 0.552957 0.475830 -1.104010
v 0.565694 0.511284 -1.154505
v 0.564918 0.562932 -1.118437
v 0.552181 0.527477 -1.067942
v 1.723775 0.349243 -0.897563
v 1.736512 0.384698 -0.948058
v 1.735736 0.436346 -0.911990
v 1.722999 0.400891 -0.861495
f 3397 3400 3399
f 3397 3399 3398
f 3401 3402 3403
f 3401 3403 3404
f 3397 3401 3404
f 3397 3404 3400
f 3398 3399 3403
f 3398 3403 3402
f 3400 3404 3403
f 3400 3403 3399
f 3397 3398 3402
f 3397 3402 3401
o ManeLeaf_3
usemtl color_79
s off
v 0.303328 -0.246942 -0.612524
v 0.300966 -0.221803 -0.600763
v 0.297101 -0.241618 -0.619953
v 0.299463 -0.266757 -0.631714
v 0.624796 -0.284386 -0.527060
v 0.478033 -0.135811 -0.687569
v 0.329768 -0.032190 -0.879029
v 0.476531 -0.180766 -0.718520
v 0.893337 -0.280001 -0.506889
v 0.654990 -0.053137 -0.776659
v 0.415140 0.128772 -1.077380
v 0.653487 -0.098092 -0.807611
v 1.126377 -0.251572 -0.533048
v 0.831741 0.023407 -0.869970
v 0.535603 0.253432 -1.237843
v 0.830239 -0.021547 -0.900921
v 1.321971 -0.199374 -0.609074
v 1.008225 0.091942 -0.968795
v 0.692976 0.338304 -1.359467
v 1.006722 0.046988 -0.999746
v 1.479054 -0.123171 -0.736667
v 1.184419 0.151809 -1.073588
v 0.888281 0.381834 -1.441461
v 1.182916 0.106854 -1.104540
v 1.598693 -0.023198 -0.914127
v 1.360345 0.203666 -1.183896
v 1.120495 0.385575 -1.484618
v 1.358842 0.158711 -1.214848
v 1.682829 0.100818 -1.137916
v 1.536067 0.249393 -1.298425
v 1.387801 0.353014 -1.489885
v 1.534564 0.204438 -1.329376
v 1.714039 0.266664 -1.426998
v 1.711677 0.291803 -1.415237
v 1.707812 0.271987 -1.434428
v 1.710174 0.246848 -1.446189
f 3405 3409 3410
f 3405 3410 3406
f 3406 3410 3411
f 3406 3411 3407
f 3407 3411 3412
f 3407 3412 3408
f 3408 3412 3409
f 3408 3409 3405
f 3409 3413 3414
f 3409 3414 3410
f 3410 3414 3415
f 3410 3415 3411
f 3411 3415 3416
f 3411 3416 3412
f 3412 3416 3413
f 3412 3413 3409
f 3413 3417 3418
f 3413 3418 3414
f 3414 3418 3419
f 3414 3419 3415
f 3415 3419 3420
f 3415 3420 3416
f 3416 3420 3417
f 3416 3417 3413
f 3417 3421 3422
f 3417 3422 3418
f 3418 3422 3423
f 3418 3423 3419
f 3419 3423 3424
f 3419 3424 3420
f 3420 3424 3421
f 3420 3421 3417
f 3421 3425 3426
f 3421 3426 3422
f 3422 3426 3427
f 3422 3427 3423
f 3423 3427 3428
f 3423 3428 3424
f 3424 3428 3425
f 3424 3425 3421
f 3425 3429 3430
f 3425 3430 3426
f 3426 3430 3431
f 3426 3431 3427
f 3427 3431 3432
f 3427 3432 3428
f 3428 3432 3429
f 3428 3429 3425
f 3429 3433 3434
f 3429 3434 3430
f 3430 3434 3435
f 3430 3435 3431
f 3431 3435 3436
f 3431 3436 3432
f 3432 3436 3433
f 3432 3433 3429
f 3433 3437 3438
f 3433 3438 3434
f 3434 3438 3439
f 3434 3439 3435
f 3435 3439 3440
f 3435 3440 3436
f 3436 3440 3437
f 3436 3437 3433
o ManeLeafVein_3
usemtl color_80
s off
v 0.529443 -0.094859 -0.719630
v 0.493969 -0.064535 -0.761951
v 0.495703 -0.012665 -0.726238
v 0.531177 -0.042989 -0.683917
v 1.516940 0.264665 -1.289762
v 1.481466 0.294989 -1.332083
v 1.483200 0.346859 -1.296370
v 1.518674 0.316535 -1.254049
f 3441 3444 3443
f 3441 3443 3442
f 3445 3446 3447
f 3445 3447 3448
f 3441 3445 3448
f 3441 3448 3444
f 3442 3443 3447
f 3442 3447 3446
f 3444 3448 3447
f 3444 3447 3443
f 3441 3442 3446
f 3441 3446 3445
o ManeLeaf_4
usemtl color_81
s off
v 0.157093 -0.667575 -0.348424
v 0.152157 -0.644186 -0.334125
v 0.146500 -0.665648 -0.350954
v 0.151435 -0.689037 -0.365253
v 0.464379 -0.574564 -0.443143
v 0.213825 -0.506511 -0.487505
v -0.037452 -0.483308 -0.562996
v 0.213103 -0.551362 -0.518633
v 0.681775 -0.468527 -0.561614
v 0.275439 -0.372145 -0.643182
v -0.131620 -0.320615 -0.755878
v 0.274717 -0.416997 -0.674310
v 0.839035 -0.357688 -0.698670
v 0.336954 -0.243896 -0.803104
v -0.165847 -0.174955 -0.938666
v 0.336233 -0.288748 -0.834232
v 0.932929 -0.243341 -0.856373
v 0.398342 -0.123637 -0.968571
v -0.136967 -0.048785 -1.111897
v 0.397620 -0.168489 -0.999699
v 0.961670 -0.125820 -1.035607
v 0.459590 -0.012028 -1.140041
v -0.043212 0.056913 -1.275603
v 0.458868 -0.056879 -1.171169
v 0.927046 -0.004791 -1.235489
v 0.520709 0.091591 -1.317057
v 0.113651 0.143121 -1.429753
v 0.519987 0.046739 -1.348185
v 0.832285 0.121040 -1.453955
v 0.581730 0.189094 -1.498317
v 0.330454 0.212296 -1.573808
v 0.581008 0.144242 -1.529445
v 0.647633 0.259898 -1.696174
v 0.642698 0.283287 -1.681875
v 0.637040 0.261824 -1.698704
v 0.641976 0.238435 -1.713003
f 3449 3453 3454
f 3449 3454 3450
f 3450 3454 3455
f 3450 3455 3451
f 3451 3455 3456
f 3451 3456 3452
f 3452 3456 3453
f 3452 3453 3449
f 3453 3457 3458
f 3453 3458 3454
f 3454 3458 3459
f 3454 3459 3455
f 3455 3459 3460
f 3455 3460 3456
f 3456 3460 3457
f 3456 3457 3453
f 3457 3461 3462
f 3457 3462 3458
f 3458 3462 3463
f 3458 3463 3459
f 3459 3463 3464
f 3459 3464 3460
f 3460 3464 3461
f 3460 3461 3457
f 3461 3465 3466
f 3461 3466 3462
f 3462 3466 3467
f 3462 3467 3463
f 3463 3467 3468
f 3463 3468 3464
f 3464 3468 3465
f 3464 3465 3461
f 3465 3469 3470
f 3465 3470 3466
f 3466 3470 3471
f 3466 3471 3467
f 3467 3471 3472
f 3467 3472 3468
f 3468 3472 3469
f 3468 3469 3465
f 3469 3473 3474
f 3469 3474 3470
f 3470 3474 3475
f 3470 3475 3471
f 3471 3475 3476
f 3471 3476 3472
f 3472 3476 3473
f 3472 3473 3469
f 3473 3477 3478
f 3473 3478 3474
f 3474 3478 3479
f 3474 3479 3475
f 3475 3479 3480
f 3475 3480 3476
f 3476 3480 3477
f 3476 3477 3473
f 3477 3481 3482
f 3477 3482 3478
f 3478 3482 3483
f 3478 3483 3479
f 3479 3483 3484
f 3479 3484 3480
f 3480 3484 3481
f 3480 3481 3477
o ManeLeafVein_4
usemtl color_82
s off
v 0.255492 -0.445427 -0.547041
v 0.195152 -0.434455 -0.561452
v 0.195985 -0.382703 -0.525535
v 0.256325 -0.393675 -0.511124
v 0.598870 0.203804 -1.490465
v 0.538530 0.214776 -1.504876
v 0.539363 0.266528 -1.468959
v 0.599703 0.255556 -1.454548
f 3485 3488 3487
f 3485 3487 3486
f 3489 3490 3491
f 3489 3491 3492
f 3485 3489 3492
f 3485 3492 3488
f 3486 3487 3491
f 3486 3491 3490
f 3488 3492 3491
f 3488 3491 3487
f 3485 3486 3490
f 3485 3490 3489
o ManeLeaf_5
usemtl color_83
s off
v -0.146500 -0.665648 -0.350954
v -0.152157 -0.644186 -0.334125
v -0.157093 -0.667575 -0.348424
v -0.151435 -0.689037 -0.365253
v 0.037452 -0.483308 -0.562996
v -0.213825 -0.506511 -0.487505
v -0.464379 -0.574564 -0.443143
v -0.213103 -0.551362 -0.518633
v 0.131620 -0.320615 -0.755878
v -0.275439 -0.372145 -0.643182
v -0.681775 -0.468527 -0.561614
v -0.274717 -0.416997 -0.674310
v 0.165847 -0.174955 -0.938666
v -0.336954 -0.243896 -0.803104
v -0.839035 -0.357688 -0.698670
v -0.336233 -0.288748 -0.834232
v 0.136967 -0.048785 -1.111897
v -0.398342 -0.123637 -0.968571
v -0.932929 -0.243341 -0.856373
v -0.397620 -0.168489 -0.999699
v 0.043212 0.056913 -1.275603
v -0.459590 -0.012028 -1.140041
v -0.961670 -0.125820 -1.035607
v -0.458868 -0.056879 -1.171169
v -0.113651 0.143121 -1.429753
v -0.520709 0.091591 -1.317057
v -0.927046 -0.004791 -1.235489
v -0.519987 0.046739 -1.348185
v -0.330454 0.212296 -1.573808
v -0.581730 0.189094 -1.498317
v -0.832285 0.121040 -1.453955
v -0.581008 0.144242 -1.529445
v -0.637040 0.261824 -1.698704
v -0.642698 0.283287 -1.681875
v -0.647633 0.259898 -1.696174
v -0.641976 0.238435 -1.713003
f 3493 3497 3498
f 3493 3498 3494
f 3494 3498 3499
f 3494 3499 3495
f 3495 3499 3500
f 3495 3500 3496
f 3496 3500 3497
f 3496 3497 3493
f 3497 3501 3502
f 3497 3502 3498
f 3498 3502 3503
f 3498 3503 3499
f 3499 3503 3504
f 3499 3504 3500
f 3500 3504 3501
f 3500 3501 3497
f 3501 3505 3506
f 3501 3506 3502
f 3502 3506 3507
f 3502 3507 3503
f 3503 3507 3508
f 3503 3508 3504
f 3504 3508 3505
f 3504 3505 3501
f 3505 3509 3510
f 3505 3510 3506
f 3506 3510 3511
f 3506 3511 3507
f 3507 3511 3512
f 3507 3512 3508
f 3508 3512 3509
f 3508 3509 3505
f 3509 3513 3514
f 3509 3514 3510
f 3510 3514 3515
f 3510 3515 3511
f 3511 3515 3516
f 3511 3516 3512
f 3512 3516 3513
f 3512 3513 3509
f 3513 3517 3518
f 3513 3518 3514
f 3514 3518 3519
f 3514 3519 3515
f 3515 3519 3520
f 3515 3520 3516
f 3516 3520 3517
f 3516 3517 3513
f 3517 3521 3522
f 3517 3522 3518
f 3518 3522 3523
f 3518 3523 3519
f 3519 3523 3524
f 3519 3524 3520
f 3520 3524 3521
f 3520 3521 3517
f 3521 3525 3526
f 3521 3526 3522
f 3522 3526 3527
f 3522 3527 3523
f 3523 3527 3528
f 3523 3528 3524
f 3524 3528 3525
f 3524 3525 3521
o ManeLeafVein_5
usemtl color_84
s off
v -0.195152 -0.434455 -0.561452
v -0.255492 -0.445427 -0.547041
v -0.256325 -0.393675 -0.511124
v -0.195985 -0.382703 -0.525535
v -0.538530 0.214776 -1.504876
v -0.598870 0.203804 -1.490465
v -0.599703 0.255556 -1.454548
v -0.539363 0.266528 -1.468959
f 3529 3532 3531
f 3529 3531 3530
f 3533 3534 3535
f 3533 3535 3536
f 3529 3533 3536
f 3529 3536 3532
f 3530 3531 3535
f 3530 3535 3534
f 3532 3536 3535
f 3532 3535 3531
f 3529 3530 3534
f 3529 3534 3533
o ManeLeaf_6
usemtl color_85
s off
v -0.297101 -0.241618 -0.619953
v -0.300966 -0.221803 -0.600763
v -0.303328 -0.246942 -0.612524
v -0.299463 -0.266757 -0.631714
v -0.329768 -0.032190 -0.879029
v -0.478033 -0.135811 -0.687569
v -0.624796 -0.284386 -0.527060
v -0.476531 -0.180766 -0.718520
v -0.415140 0.128772 -1.077380
v -0.654990 -0.053137 -0.776659
v -0.893337 -0.280001 -0.506889
v -0.653487 -0.098092 -0.807611
v -0.535603 0.253432 -1.237843
v -0.831741 0.023407 -0.869970
v -1.126377 -0.251572 -0.533048
v -0.830239 -0.021547 -0.900921
v -0.692976 0.338304 -1.359467
v -1.008225 0.091942 -0.968795
v -1.321971 -0.199374 -0.609074
v -1.006722 0.046988 -0.999746
v -0.888281 0.381834 -1.441461
v -1.184419 0.151809 -1.073588
v -1.479054 -0.123171 -0.736667
v -1.182916 0.106854 -1.104540
v -1.120495 0.385575 -1.484618
v -1.360345 0.203666 -1.183896
v -1.598693 -0.023198 -0.914127
v -1.358842 0.158711 -1.214848
v -1.387801 0.353014 -1.489885
v -1.536067 0.249393 -1.298425
v -1.682829 0.100818 -1.137916
v -1.534564 0.204438 -1.329376
v -1.707812 0.271987 -1.434428
v -1.711677 0.291803 -1.415237
v -1.714039 0.266664 -1.426998
v -1.710174 0.246848 -1.446189
f 3537 3541 3542
f 3537 3542 3538
f 3538 3542 3543
f 3538 3543 3539
f 3539 3543 3544
f 3539 3544 3540
f 3540 3544 3541
f 3540 3541 3537
f 3541 3545 3546
f 3541 3546 3542
f 3542 3546 3547
f 3542 3547 3543
f 3543 3547 3548
f 3543 3548 3544
f 3544 3548 3545
f 3544 3545 3541
f 3545 3549 3550
f 3545 3550 3546
f 3546 3550 3551
f 3546 3551 3547
f 3547 3551 3552
f 3547 3552 3548
f 3548 3552 3549
f 3548 3549 3545
f 3549 3553 3554
f 3549 3554 3550
f 3550 3554 3555
f 3550 3555 3551
f 3551 3555 3556
f 3551 3556 3552
f 3552 3556 3553
f 3552 3553 3549
f 3553 3557 3558
f 3553 3558 3554
f 3554 3558 3559
f 3554 3559 3555
f 3555 3559 3560
f 3555 3560 3556
f 3556 3560 3557
f 3556 3557 3553
f 3557 3561 3562
f 3557 3562 3558
f 3558 3562 3563
f 3558 3563 3559
f 3559 3563 3564
f 3559 3564 3560
f 3560 3564 3561
f 3560 3561 3557
f 3561 3565 3566
f 3561 3566 3562
f 3562 3566 3567
f 3562 3567 3563
f 3563 3567 3568
f 3563 3568 3564
f 3564 3568 3565
f 3564 3565 3561
f 3565 3569 3570
f 3565 3570 3566
f 3566 3570 3571
f 3566 3571 3567
f 3567 3571 3572
f 3567 3572 3568
f 3568 3572 3569
f 3568 3569 3565
o ManeLeafVein_6
usemtl color_86
s off
v -0.493969 -0.064535 -0.761951
v -0.529443 -0.094859 -0.719630
v -0.531177 -0.042989 -0.683917
v -0.495703 -0.012665 -0.726238
v -1.481466 0.294989 -1.332083
v -1.516940 0.264665 -1.289762
v -1.518674 0.316535 -1.254049
v -1.483200 0.346859 -1.296370
f 3573 3576 3575
f 3573 3575 3574
f 3577 3578 3579
f 3577 3579 3580
f 3573 3577 3580
f 3573 3580 3576
f 3574 3575 3579
f 3574 3579 3578
f 3576 3580 3579
f 3576 3579 3575
f 3573 3574 3578
f 3573 3578 3577
o ManeLeaf_7
usemtl color_87
s off
v -0.309502 0.436238 -1.175524
v -0.308048 0.455506 -1.155462
v -0.307266 0.430014 -1.166659
v -0.308720 0.410745 -1.186721
v -0.570098 0.579651 -1.329050
v -0.516797 0.454599 -1.103444
v -0.464168 0.284786 -0.909097
v -0.517469 0.409838 -1.134703
v -0.811779 0.666974 -1.409704
v -0.725595 0.450388 -1.053733
v -0.640083 0.189042 -0.729021
v -0.726267 0.405627 -1.084992
v -1.040879 0.712916 -1.444378
v -0.934485 0.440074 -1.008285
v -0.828763 0.122471 -0.603451
v -0.935157 0.395313 -1.039544
v -1.256751 0.713728 -1.431702
v -1.143495 0.421785 -0.968405
v -1.030911 0.085081 -0.536368
v -1.144167 0.377024 -0.999664
v -1.459029 0.667707 -1.370647
v -1.352635 0.394865 -0.934554
v -1.246913 0.077261 -0.529720
v -1.353307 0.350103 -0.965813
v -1.648078 0.576555 -1.262242
v -1.561894 0.359970 -0.906271
v -1.476382 0.098623 -0.581559
v -1.562566 0.315208 -0.937530
v -1.824545 0.444022 -1.107857
v -1.771245 0.318971 -0.882251
v -1.718616 0.149158 -0.687904
v -1.771917 0.274209 -0.913510
v -1.982099 0.255400 -0.880600
v -1.980645 0.274669 -0.860538
v -1.979863 0.249176 -0.871735
v -1.981318 0.229907 -0.891797
f 3581 3585 3586
f 3581 3586 3582
f 3582 3586 3587
f 3582 3587 3583
f 3583 3587 3588
f 3583 3588 3584
f 3584 3588 3585
f 3584 3585 3581
f 3585 3589 3590
f 3585 3590 3586
f 3586 3590 3591
f 3586 3591 3587
f 3587 3591 3592
f 3587 3592 3588
f 3588 3592 3589
f 3588 3589 3585
f 3589 3593 3594
f 3589 3594 3590
f 3590 3594 3595
f 3590 3595 3591
f 3591 3595 3596
f 3591 3596 3592
f 3592 3596 3593
f 3592 3593 3589
f 3593 3597 3598
f 3593 3598 3594
f 3594 3598 3599
f 3594 3599 3595
f 3595 3599 3600
f 3595 3600 3596
f 3596 3600 3597
f 3596 3597 3593
f 3597 3601 3602
f 3597 3602 3598
f 3598 3602 3603
f 3598 3603 3599
f 3599 3603 3604
f 3599 3604 3600
f 3600 3604 3601
f 3600 3601 3597
f 3601 3605 3606
f 3601 3606 3602
f 3602 3606 3607
f 3602 3607 3603
f 3603 3607 3608
f 3603 3608 3604
f 3604 3608 3605
f 3604 3605 3601
f 3605 3609 3610
f 3605 3610 3606
f 3606 3610 3611
f 3606 3611 3607
f 3607 3611 3612
f 3607 3612 3608
f 3608 3612 3609
f 3608 3609 3605
f 3609 3613 3614
f 3609 3614 3610
f 3610 3614 3615
f 3610 3615 3611
f 3611 3615 3616
f 3611 3616 3612
f 3612 3616 3613
f 3612 3613 3609
o ManeLeafVein_7
usemtl color_88
s off
v -0.565694 0.511284 -1.154505
v -0.552957 0.475830 -1.104010
v -0.552181 0.527477 -1.067942
v -0.564918 0.562932 -1.118437
v -1.736512 0.384698 -0.948058
v -1.723775 0.349243 -0.897563
v -1.722999 0.400891 -0.861495
v -1.735736 0.436346 -0.911990
f 3617 3620 3619
f 3617 3619 3618
f 3621 3622 3623
f 3621 3623 3624
f 3617 3621 3624
f 3617 3624 3620
f 3618 3619 3623
f 3618 3623 3622
f 3620 3624 3623
f 3620 3623 3619
f 3617 3618 3622
f 3617 3622 3621
o ManeLeaf_8
usemtl color_89
s off
v -0.262209 1.019943 -1.609855
v -0.256993 1.040565 -1.591872
v -0.253155 1.016166 -1.604749
v -0.258371 0.995543 -1.622731
v -0.593972 1.033044 -1.567318
v -0.378806 0.966088 -1.430945
v -0.165018 0.854110 -1.325433
v -0.380185 0.921066 -1.461805
v -0.849046 1.010790 -1.483756
v -0.500721 0.888288 -1.272296
v -0.153775 0.720764 -1.091696
v -0.502100 0.843266 -1.303156
v -1.052988 0.960990 -1.375463
v -0.622824 0.804349 -1.117855
v -0.194039 0.602687 -0.891106
v -0.624203 0.759327 -1.148714
v -1.203123 0.880621 -1.242188
v -0.745173 0.712389 -0.968911
v -0.288601 0.499136 -0.726494
v -0.746552 0.667368 -0.999771
v -1.297952 0.768388 -1.083527
v -0.867787 0.611747 -0.825919
v -0.439002 0.410085 -0.599170
v -0.869166 0.566726 -0.856778
v -1.338972 0.625587 -0.899884
v -0.990648 0.503085 -0.688424
v -0.643702 0.335561 -0.507824
v -0.992026 0.458063 -0.719284
v -1.328862 0.455239 -0.691510
v -1.113696 0.388283 -0.555137
v -0.899909 0.276305 -0.449625
v -1.115075 0.343261 -0.585997
v -1.242063 0.249536 -0.442111
v -1.236846 0.270159 -0.424128
v -1.233008 0.245759 -0.437005
v -1.238225 0.225137 -0.454988
f 3625 3629 3630
f 3625 3630 3626
f 3626 3630 3631
f 3626 3631 3627
f 3627 3631 3632
f 3627 3632 3628
f 3628 3632 3629
f 3628 3629 3625
f 3629 3633 3634
f 3629 3634 3630
f 3630 3634 3635
f 3630 3635 3631
f 3631 3635 3636
f 3631 3636 3632
f 3632 3636 3633
f 3632 3633 3629
f 3633 3637 3638
f 3633 3638 3634
f 3634 3638 3639
f 3634 3639 3635
f 3635 3639 3640
f 3635 3640 3636
f 3636 3640 3637
f 3636 3637 3633
f 3637 3641 3642
f 3637 3642 3638
f 3638 3642 3643
f 3638 3643 3639
f 3639 3643 3644
f 3639 3644 3640
f 3640 3644 3641
f 3640 3641 3637
f 3641 3645 3646
f 3641 3646 3642
f 3642 3646 3647
f 3642 3647 3643
f 3643 3647 3648
f 3643 3648 3644
f 3644 3648 3645
f 3644 3645 3641
f 3645 3649 3650
f 3645 3650 3646
f 3646 3650 3651
f 3646 3651 3647
f 3647 3651 3652
f 3647 3652 3648
f 3648 3652 3649
f 3648 3649 3645
f 3649 3653 3654
f 3649 3654 3650
f 3650 3654 3655
f 3650 3655 3651
f 3651 3655 3656
f 3651 3656 3652
f 3652 3656 3653
f 3652 3653 3649
f 3653 3657 3658
f 3653 3658 3654
f 3654 3658 3659
f 3654 3659 3655
f 3655 3659 3660
f 3655 3660 3656
f 3656 3660 3657
f 3656 3657 3653
o ManeLeafVein_8
usemtl color_90
s off
v -0.430555 1.000787 -1.449056
v -0.378977 0.979272 -1.419972
v -0.377386 1.031221 -1.384365
v -0.428964 1.052736 -1.413449
v -1.116452 0.461503 -0.631635
v -1.064875 0.439988 -0.602551
v -1.063284 0.491936 -0.566944
v -1.114861 0.513451 -0.596028
f 3661 3664 3663
f 3661 3663 3662
f 3665 3666 3667
f 3665 3667 3668
f 3661 3665 3668
f 3661 3668 3664
f 3662 3663 3667
f 3662 3667 3666
f 3664 3668 3667
f 3664 3667 3663
f 3661 3662 3666
f 3661 3666 3665
o ManeLeaf_9
usemtl color_91
s off
v -0.005530 0.957471 -1.093214
v 0.000000 0.979834 -1.077556
v 0.005530 0.957471 -1.093214
v 0.000000 0.935109 -1.108873
v -0.261977 0.856693 -0.903145
v 0.000000 0.879056 -0.887486
v 0.261977 0.856693 -0.903145
v 0.000000 0.834330 -0.918804
v -0.424626 0.752614 -0.715387
v 0.000000 0.774977 -0.699728
v 0.424626 0.752614 -0.715387
v 0.000000 0.730251 -0.731045
v -0.524590 0.642436 -0.531899
v 0.000000 0.664799 -0.516240
v 0.524590 0.642436 -0.531899
v 0.000000 0.620073 -0.547557
v -0.558530 0.524290 -0.353990
v 0.000000 0.546653 -0.338331
v 0.558530 0.524290 -0.353990
v 0.000000 0.501927 -0.369649
v -0.524590 0.397519 -0.182121
v 0.000000 0.419882 -0.166462
v 0.524590 0.397519 -0.182121
v 0.000000 0.375156 -0.197779
v -0.424626 0.262779 -0.015831
v 0.000000 0.285142 -0.000172
v 0.424626 0.262779 -0.015831
v 0.000000 0.240417 -0.031489
v -0.261977 0.121941 0.146189
v 0.000000 0.144304 0.161847
v 0.261977 0.121941 0.146189
v 0.000000 0.099579 0.130530
v -0.005530 -0.022197 0.305897
v 0.000000 0.000166 0.321556
v 0.005530 -0.022197 0.305897
v 0.000000 -0.044560 0.290239
f 3669 3673 3674
f 3669 3674 3670
f 3670 3674 3675
f 3670 3675 3671
f 3671 3675 3676
f 3671 3676 3672
f 3672 3676 3673
f 3672 3673 3669
f 3673 3677 3678
f 3673 3678 3674
f 3674 3678 3679
f 3674 3679 3675
f 3675 3679 3680
f 3675 3680 3676
f 3676 3680 3677
f 3676 3677 3673
f 3677 3681 3682
f 3677 3682 3678
f 3678 3682 3683
f 3678 3683 3679
f 3679 3683 3684
f 3679 3684 3680
f 3680 3684 3681
f 3680 3681 3677
f 3681 3685 3686
f 3681 3686 3682
f 3682 3686 3687
f 3682 3687 3683
f 3683 3687 3688
f 3683 3688 3684
f 3684 3688 3685
f 3684 3685 3681
f 3685 3689 3690
f 3685 3690 3686
f 3686 3690 3691
f 3686 3691 3687
f 3687 3691 3692
f 3687 3692 3688
f 3688 3692 3689
f 3688 3689 3685
f 3689 3693 3694
f 3689 3694 3690
f 3690 3694 3695
f 3690 3695 3691
f 3691 3695 3696
f 3691 3696 3692
f 3692 3696 3693
f 3692 3693 3689
f 3693 3697 3698
f 3693 3698 3694
f 3694 3698 3699
f 3694 3699 3695
f 3695 3699 3700
f 3695 3700 3696
f 3696 3700 3697
f 3696 3697 3693
f 3697 3701 3702
f 3697 3702 3698
f 3698 3702 3703
f 3698 3703 3699
f 3699 3703 3704
f 3699 3704 3700
f 3700 3704 3701
f 3700 3701 3697
o ManeLeafVein_9
usemtl color_92
s off
v -0.031500 0.898081 -0.885757
v 0.031500 0.898081 -0.885757
v 0.031500 0.949687 -0.849621
v -0.031500 0.949687 -0.849621
v -0.031500 0.212313 0.093621
v 0.031500 0.212313 0.093621
v 0.031500 0.263919 0.129757
v -0.031500 0.263919 0.129757
f 3705 3708 3707
f 3705 3707 3706
f 3709 3710 3711
f 3709 3711 3712
f 3705 3709 3712
f 3705 3712 3708
f 3706 3707 3711
f 3706 3711 3710
f 3708 3712 3711
f 3708 3711 3707
f 3705 3706 3710
f 3705 3710 3709
o ManeLeaf_10
usemtl color_93
s off
v 0.253155 0.736166 -0.974749
v 0.256993 0.760565 -0.961872
v 0.262209 0.739943 -0.979855
v 0.258371 0.715543 -0.992731
v 0.165018 0.574110 -0.695433
v 0.378806 0.686088 -0.800945
v 0.593972 0.753044 -0.937318
v 0.380185 0.641066 -0.831805
v 0.153775 0.440764 -0.461696
v 0.500721 0.608288 -0.642296
v 0.849046 0.730790 -0.853756
v 0.502100 0.563266 -0.673156
v 0.194039 0.322687 -0.261106
v 0.622824 0.524349 -0.487855
v 1.052988 0.680990 -0.745463
v 0.624203 0.479327 -0.518714
v 0.288601 0.219136 -0.096494
v 0.745173 0.432389 -0.338911
v 1.203123 0.600621 -0.612188
v 0.746552 0.387368 -0.369771
v 0.439002 0.130085 0.030830
v 0.867787 0.331747 -0.195919
v 1.297952 0.488388 -0.453527
v 0.869166 0.286726 -0.226778
v 0.643702 0.055561 0.122176
v 0.990648 0.223085 -0.058424
v 1.338972 0.345587 -0.269884
v 0.992026 0.178063 -0.089284
v 0.899909 -0.003695 0.180375
v 1.113696 0.108283 0.074863
v 1.328862 0.175239 -0.061510
v 1.115075 0.063261 0.044003
v 1.233008 -0.034241 0.192995
v 1.236846 -0.009841 0.205872
v 1.242063 -0.030464 0.187889
v 1.238225 -0.054863 0.175012
f 3713 3717 3718
f 3713 3718 3714
f 3714 3718 3719
f 3714 3719 3715
f 3715 3719 3720
f 3715 3720 3716
f 3716 3720 3717
f 3716 3717 3713
f 3717 3721 3722
f 3717 3722 3718
f 3718 3722 3723
f 3718 3723 3719
f 3719 3723 3724
f 3719 3724 3720
f 3720 3724 3721
f 3720 3721 3717
f 3721 3725 3726
f 3721 3726 3722
f 3722 3726 3727
f 3722 3727 3723
f 3723 3727 3728
f 3723 3728 3724
f 3724 3728 3725
f 3724 3725 3721
f 3725 3729 3730
f 3725 3730 3726
f 3726 3730 3731
f 3726 3731 3727
f 3727 3731 3732
f 3727 3732 3728
f 3728 3732 3729
f 3728 3729 3725
f 3729 3733 3734
f 3729 3734 3730
f 3730 3734 3735
f 3730 3735 3731
f 3731 3735 3736
f 3731 3736 3732
f 3732 3736 3733
f 3732 3733 3729
f 3733 3737 3738
f 3733 3738 3734
f 3734 3738 3739
f 3734 3739 3735
f 3735 3739 3740
f 3735 3740 3736
f 3736 3740 3737
f 3736 3737 3733
f 3737 3741 3742
f 3737 3742 3738
f 3738 3742 3743
f 3738 3743 3739
f 3739 3743 3744
f 3739 3744 3740
f 3740 3744 3741
f 3740 3741 3737
f 3741 3745 3746
f 3741 3746 3742
f 3742 3746 3747
f 3742 3747 3743
f 3743 3747 3748
f 3743 3748 3744
f 3744 3748 3745
f 3744 3745 3741
o ManeLeafVein_10
usemtl color_94
s off
v 0.378977 0.699272 -0.789972
v 0.430555 0.720787 -0.819056
v 0.428964 0.772736 -0.783449
v 0.377386 0.751221 -0.754365
v 1.064875 0.159988 0.027449
v 1.116452 0.181503 -0.001635
v 1.114861 0.233451 0.033972
v 1.063284 0.211936 0.063056
f 3749 3752 3751
f 3749 3751 3750
f 3753 3754 3755
f 3753 3755 3756
f 3749 3753 3756
f 3749 3756 3752
f 3750 3751 3755
f 3750 3755 3754
f 3752 3756 3755
f 3752 3755 3751
f 3749 3750 3754
f 3749 3754 3753
o ManeLeaf_11
usemtl color_95
s off
v 0.307266 0.150014 -0.536659
v 0.308048 0.175506 -0.525462
v 0.309502 0.156238 -0.545524
v 0.308720 0.130745 -0.556721
v 0.464168 0.004786 -0.279097
v 0.516797 0.174599 -0.473444
v 0.570098 0.299651 -0.699050
v 0.517469 0.129838 -0.504703
v 0.640083 -0.090958 -0.099021
v 0.725595 0.170388 -0.423733
v 0.811779 0.386974 -0.779704
v 0.726267 0.125627 -0.454992
v 0.828763 -0.157529 0.026549
v 0.934485 0.160074 -0.378285
v 1.040879 0.432916 -0.814378
v 0.935157 0.115313 -0.409544
v 1.030911 -0.194919 0.093632
v 1.143495 0.141785 -0.338405
v 1.256751 0.433728 -0.801702
v 1.144167 0.097024 -0.369664
v 1.246913 -0.202739 0.100280
v 1.352635 0.114865 -0.304554
v 1.459029 0.387707 -0.740647
v 1.353307 0.070103 -0.335813
v 1.476382 -0.181377 0.048441
v 1.561894 0.079970 -0.276271
v 1.648078 0.296555 -0.632242
v 1.562566 0.035208 -0.307530
v 1.718616 -0.130842 -0.057904
v 1.771245 0.038971 -0.252251
v 1.824545 0.164022 -0.477857
v 1.771917 -0.005791 -0.283510
v 1.979863 -0.030824 -0.241735
v 1.980645 -0.005331 -0.230538
v 1.982099 -0.024600 -0.250600
v 1.981318 -0.050093 -0.261797
f 3757 3761 3762
f 3757 3762 3758
f 3758 3762 3763
f 3758 3763 3759
f 3759 3763 3764
f 3759 3764 3760
f 3760 3764 3761
f 3760 3761 3757
f 3761 3765 3766
f 3761 3766 3762
f 3762 3766 3767
f 3762 3767 3763
f 3763 3767 3768
f 3763 3768 3764
f 3764 3768 3765
f 3764 3765 3761
f 3765 3769 3770
f 3765 3770 3766
f 3766 3770 3771
f 3766 3771 3767
f 3767 3771 3772
f 3767 3772 3768
f 3768 3772 3769
f 3768 3769 3765
f 3769 3773 3774
f 3769 3774 3770
f 3770 3774 3775
f 3770 3775 3771
f 3771 3775 3776
f 3771 3776 3772
f 3772 3776 3773
f 3772 3773 3769
f 3773 3777 3778
f 3773 3778 3774
f 3774 3778 3779
f 3774 3779 3775
f 3775 3779 3780
f 3775 3780 3776
f 3776 3780 3777
f 3776 3777 3773
f 3777 3781 3782
f 3777 3782 3778
f 3778 3782 3783
f 3778 3783 3779
f 3779 3783 3784
f 3779 3784 3780
f 3780 3784 3781
f 3780 3781 3777
f 3781 3785 3786
f 3781 3786 3782
f 3782 3786 3787
f 3782 3787 3783
f 3783 3787 3788
f 3783 3788 3784
f 3784 3788 3785
f 3784 3785 3781
f 3785 3789 3790
f 3785 3790 3786
f 3786 3790 3791
f 3786 3791 3787
f 3787 3791 3792
f 3787 3792 3788
f 3788 3792 3789
f 3788 3789 3785
o ManeLeafVein_11
usemtl color_96
s off
v 0.552957 0.195830 -0.474010
v 0.565694 0.231284 -0.524505
v 0.564918 0.282932 -0.488437
v 0.552181 0.247477 -0.437942
v 1.723775 0.069243 -0.267563
v 1.736512 0.104698 -0.318058
v 1.735736 0.156346 -0.281990
v 1.722999 0.120891 -0.231495
f 3793 3796 3795
f 3793 3795 3794
f 3797 3798 3799
f 3797 3799 3800
f 3793 3797 3800
f 3793 3800 3796
f 3794 3795 3799
f 3794 3799 3798
f 3796 3800 3799
f 3796 3799 3795
f 3793 3794 3798
f 3793 3798 3797
o ManeLeaf_12
usemtl color_97
s off
v 0.303328 -0.526942 0.017476
v 0.300966 -0.501803 0.029237
v 0.297101 -0.521618 0.010047
v 0.299463 -0.546757 -0.001714
v 0.624796 -0.564386 0.102940
v 0.478033 -0.415811 -0.057569
v 0.329768 -0.312190 -0.249029
v 0.476531 -0.460766 -0.088520
v 0.893337 -0.560001 0.123111
v 0.654990 -0.333137 -0.146659
v 0.415140 -0.151228 -0.447380
v 0.653487 -0.378092 -0.177611
v 1.126377 -0.531572 0.096952
v 0.831741 -0.256593 -0.239970
v 0.535603 -0.026568 -0.607843
v 0.830239 -0.301547 -0.270921
v 1.321971 -0.479374 0.020926
v 1.008225 -0.188058 -0.338795
v 0.692976 0.058304 -0.729467
v 1.006722 -0.233012 -0.369746
v 1.479054 -0.403171 -0.106667
v 1.184419 -0.128191 -0.443588
v 0.888281 0.101834 -0.811461
v 1.182916 -0.173146 -0.474540
v 1.598693 -0.303198 -0.284127
v 1.360345 -0.076334 -0.553896
v 1.120495 0.105575 -0.854618
v 1.358842 -0.121289 -0.584848
v 1.682829 -0.179182 -0.507916
v 1.536067 -0.030607 -0.668425
v 1.387801 0.073014 -0.859885
v 1.534564 -0.075562 -0.699376
v 1.714039 -0.013336 -0.796998
v 1.711677 0.011803 -0.785237
v 1.707812 -0.008013 -0.804428
v 1.710174 -0.033152 -0.816189
f 3801 3805 3806
f 3801 3806 3802
f 3802 3806 3807
f 3802 3807 3803
f 3803 3807 3808
f 3803 3808 3804
f 3804 3808 3805
f 3804 3805 3801
f 3805 3809 3810
f 3805 3810 3806
f 3806 3810 3811
f 3806 3811 3807
f 3807 3811 3812
f 3807 3812 3808
f 3808 3812 3809
f 3808 3809 3805
f 3809 3813 3814
f 3809 3814 3810
f 3810 3814 3815
f 3810 3815 3811
f 3811 3815 3816
f 3811 3816 3812
f 3812 3816 3813
f 3812 3813 3809
f 3813 3817 3818
f 3813 3818 3814
f 3814 3818 3819
f 3814 3819 3815
f 3815 3819 3820
f 3815 3820 3816
f 3816 3820 3817
f 3816 3817 3813
f 3817 3821 3822
f 3817 3822 3818
f 3818 3822 3823
f 3818 3823 3819
f 3819 3823 3824
f 3819 3824 3820
f 3820 3824 3821
f 3820 3821 3817
f 3821 3825 3826
f 3821 3826 3822
f 3822 3826 3827
f 3822 3827 3823
f 3823 3827 3828
f 3823 3828 3824
f 3824 3828 3825
f 3824 3825 3821
f 3825 3829 3830
f 3825 3830 3826
f 3826 3830 3831
f 3826 3831 3827
f 3827 3831 3832
f 3827 3832 3828
f 3828 3832 3829
f 3828 3829 3825
f 3829 3833 3834
f 3829 3834 3830
f 3830 3834 3835
f 3830 3835 3831
f 3831 3835 3836
f 3831 3836 3832
f 3832 3836 3833
f 3832 3833 3829
o ManeLeafVein_12
usemtl color_98
s off
v 0.529443 -0.374859 -0.089630
v 0.493969 -0.344535 -0.131951
v 0.495703 -0.292665 -0.096238
v 0.531177 -0.322989 -0.053917
v 1.516940 -0.015335 -0.659762
v 1.481466 0.014989 -0.702083
v 1.483200 0.066859 -0.666370
v 1.518674 0.036535 -0.624049
f 3837 3840 3839
f 3837 3839 3838
f 3841 3842 3843
f 3841 3843 3844
f 3837 3841 3844
f 3837 3844 3840
f 3838 3839 3843
f 3838 3843 3842
f 3840 3844 3843
f 3840 3843 3839
f 3837 3838 3842
f 3837 3842 3841
o ManeLeaf_13
usemtl color_99
s off
v 0.157093 -0.947575 0.281576
v 0.152157 -0.924186 0.295875
v 0.146500 -0.945648 0.279046
v 0.151435 -0.969037 0.264747
v 0.464379 -0.854564 0.186857
v 0.213825 -0.786511 0.142495
v -0.037452 -0.763308 0.067004
v 0.213103 -0.831362 0.111367
v 0.681775 -0.748527 0.068386
v 0.275439 -0.652145 -0.013182
v -0.131620 -0.600615 -0.125878
v 0.274717 -0.696997 -0.044310
v 0.839035 -0.637688 -0.068670
v 0.336954 -0.523896 -0.173104
v -0.165847 -0.454955 -0.308666
v 0.336233 -0.568748 -0.204232
v 0.932929 -0.523341 -0.226373
v 0.398342 -0.403637 -0.338571
v -0.136967 -0.328785 -0.481897
v 0.397620 -0.448489 -0.369699
v 0.961670 -0.405820 -0.405607
v 0.459590 -0.292028 -0.510041
v -0.043212 -0.223087 -0.645603
v 0.458868 -0.336879 -0.541169
v 0.927046 -0.284791 -0.605489
v 0.520709 -0.188409 -0.687057
v 0.113651 -0.136879 -0.799753
v 0.519987 -0.233261 -0.718185
v 0.832285 -0.158960 -0.823955
v 0.581730 -0.090906 -0.868317
v 0.330454 -0.067704 -0.943808
v 0.581008 -0.135758 -0.899445
v 0.647633 -0.020102 -1.066174
v 0.642698 0.003287 -1.051875
v 0.637040 -0.018176 -1.068704
v 0.641976 -0.041565 -1.083003
f 3845 3849 3850
f 3845 3850 3846
f 3846 3850 3851
f 3846 3851 3847
f 3847 3851 3852
f 3847 3852 3848
f 3848 3852 3849
f 3848 3849 3845
f 3849 3853 3854
f 3849 3854 3850
f 3850 3854 3855
f 3850 3855 3851
f 3851 3855 3856
f 3851 3856 3852
f 3852 3856 3853
f 3852 3853 3849
f 3853 3857 3858
f 3853 3858 3854
f 3854 3858 3859
f 3854 3859 3855
f 3855 3859 3860
f 3855 3860 3856
f 3856 3860 3857
f 3856 3857 3853
f 3857 3861 3862
f 3857 3862 3858
f 3858 3862 3863
f 3858 3863 3859
f 3859 3863 3864
f 3859 3864 3860
f 3860 3864 3861
f 3860 3861 3857
f 3861 3865 3866
f 3861 3866 3862
f 3862 3866 3867
f 3862 3867 3863
f 3863 3867 3868
f 3863 3868 3864
f 3864 3868 3865
f 3864 3865 3861
f 3865 3869 3870
f 3865 3870 3866
f 3866 3870 3871
f 3866 3871 3867
f 3867 3871 3872
f 3867 3872 3868
f 3868 3872 3869
f 3868 3869 3865
f 3869 3873 3874
f 3869 3874 3870
f 3870 3874 3875
f 3870 3875 3871
f 3871 3875 3876
f 3871 3876 3872
f 3872 3876 3873
f 3872 3873 3869
f 3873 3877 3878
f 3873 3878 3874
f 3874 3878 3879
f 3874 3879 3875
f 3875 3879 3880
f 3875 3880 3876
f 3876 3880 3877
f 3876 3877 3873
o ManeLeafVein_13
usemtl color_100
s off
v 0.255492 -0.725427 0.082959
v 0.195152 -0.714455 0.068548
v 0.195985 -0.662703 0.104465
v 0.256325 -0.673675 0.118876
v 0.598870 -0.076196 -0.860465
v 0.538530 -0.065224 -0.874876
v 0.539363 -0.013472 -0.838959
v 0.599703 -0.024444 -0.824548
f 3881 3884 3883
f 3881 3883 3882
f 3885 3886 3887
f 3885 3887 3888
f 3881 3885 3888
f 3881 3888 3884
f 3882 3883 3887
f 3882 3887 3886
f 3884 3888 3887
f 3884 3887 3883
f 3881 3882 3886
f 3881 3886 3885
o ManeLeaf_14
usemtl color_101
s off
v -0.146500 -0.945648 0.279046
v -0.152157 -0.924186 0.295875
v -0.157093 -0.947575 0.281576
v -0.151435 -0.969037 0.264747
v 0.037452 -0.763308 0.067004
v -0.213825 -0.786511 0.142495
v -0.464379 -0.854564 0.186857
v -0.213103 -0.831362 0.111367
v 0.131620 -0.600615 -0.125878
v -0.275439 -0.652145 -0.013182
v -0.681775 -0.748527 0.068386
v -0.274717 -0.696997 -0.044310
v 0.165847 -0.454955 -0.308666
v -0.336954 -0.523896 -0.173104
v -0.839035 -0.637688 -0.068670
v -0.336233 -0.568748 -0.204232
v 0.136967 -0.328785 -0.481897
v -0.398342 -0.403637 -0.338571
v -0.932929 -0.523341 -0.226373
v -0.397620 -0.448489 -0.369699
v 0.043212 -0.223087 -0.645603
v -0.459590 -0.292028 -0.510041
v -0.961670 -0.405820 -0.405607
v -0.458868 -0.336879 -0.541169
v -0.113651 -0.136879 -0.799753
v -0.520709 -0.188409 -0.687057
v -0.927046 -0.284791 -0.605489
v -0.519987 -0.233261 -0.718185
v -0.330454 -0.067704 -0.943808
v -0.581730 -0.090906 -0.868317
v -0.832285 -0.158960 -0.823955
v -0.581008 -0.135758 -0.899445
v -0.637040 -0.018176 -1.068704
v -0.642698 0.003287 -1.051875
v -0.647633 -0.020102 -1.066174
v -0.641976 -0.041565 -1.083003
f 3889 3893 3894
f 3889 3894 3890
f 3890 3894 3895
f 3890 3895 3891
f 3891 3895 3896
f 3891 3896 3892
f 3892 3896 3893
f 3892 3893 3889
f 3893 3897 3898
f 3893 3898 3894
f 3894 3898 3899
f 3894 3899 3895
f 3895 3899 3900
f 3895 3900 3896
f 3896 3900 3897
f 3896 3897 3893
f 3897 3901 3902
f 3897 3902 3898
f 3898 3902 3903
f 3898 3903 3899
f 3899 3903 3904
f 3899 3904 3900
f 3900 3904 3901
f 3900 3901 3897
f 3901 3905 3906
f 3901 3906 3902
f 3902 3906 3907
f 3902 3907 3903
f 3903 3907 3908
f 3903 3908 3904
f 3904 3908 3905
f 3904 3905 3901
f 3905 3909 3910
f 3905 3910 3906
f 3906 3910 3911
f 3906 3911 3907
f 3907 3911 3912
f 3907 3912 3908
f 3908 3912 3909
f 3908 3909 3905
f 3909 3913 3914
f 3909 3914 3910
f 3910 3914 3915
f 3910 3915 3911
f 3911 3915 3916
f 3911 3916 3912
f 3912 3916 3913
f 3912 3913 3909
f 3913 3917 3918
f 3913 3918 3914
f 3914 3918 3919
f 3914 3919 3915
f 3915 3919 3920
f 3915 3920 3916
f 3916 3920 3917
f 3916 3917 3913
f 3917 3921 3922
f 3917 3922 3918
f 3918 3922 3923
f 3918 3923 3919
f 3919 3923 3924
f 3919 3924 3920
f 3920 3924 3921
f 3920 3921 3917
o ManeLeafVein_14
usemtl color_102
s off
v -0.195152 -0.714455 0.068548
v -0.255492 -0.725427 0.082959
v -0.256325 -0.673675 0.118876
v -0.195985 -0.662703 0.104465
v -0.538530 -0.065224 -0.874876
v -0.598870 -0.076196 -0.860465
v -0.599703 -0.024444 -0.824548
v -0.539363 -0.013472 -0.838959
f 3925 3928 3927
f 3925 3927 3926
f 3929 3930 3931
f 3929 3931 3932
f 3925 3929 3932
f 3925 3932 3928
f 3926 3927 3931
f 3926 3931 3930
f 3928 3932 3931
f 3928 3931 3927
f 3925 3926 3930
f 3925 3930 3929
o ManeLeaf_15
usemtl color_103
s off
v -0.297101 -0.521618 0.010047
v -0.300966 -0.501803 0.029237
v -0.303328 -0.526942 0.017476
v -0.299463 -0.546757 -0.001714
v -0.329768 -0.312190 -0.249029
v -0.478033 -0.415811 -0.057569
v -0.624796 -0.564386 0.102940
v -0.476531 -0.460766 -0.088520
v -0.415140 -0.151228 -0.447380
v -0.654990 -0.333137 -0.146659
v -0.893337 -0.560001 0.123111
v -0.653487 -0.378092 -0.177611
v -0.535603 -0.026568 -0.607843
v -0.831741 -0.256593 -0.239970
v -1.126377 -0.531572 0.096952
v -0.830239 -0.301547 -0.270921
v -0.692976 0.058304 -0.729467
v -1.008225 -0.188058 -0.338795
v -1.321971 -0.479374 0.020926
v -1.006722 -0.233012 -0.369746
v -0.888281 0.101834 -0.811461
v -1.184419 -0.128191 -0.443588
v -1.479054 -0.403171 -0.106667
v -1.182916 -0.173146 -0.474540
v -1.120495 0.105575 -0.854618
v -1.360345 -0.076334 -0.553896
v -1.598693 -0.303198 -0.284127
v -1.358842 -0.121289 -0.584848
v -1.387801 0.073014 -0.859885
v -1.536067 -0.030607 -0.668425
v -1.682829 -0.179182 -0.507916
v -1.534564 -0.075562 -0.699376
v -1.707812 -0.008013 -0.804428
v -1.711677 0.011803 -0.785237
v -1.714039 -0.013336 -0.796998
v -1.710174 -0.033152 -0.816189
f 3933 3937 3938
f 3933 3938 3934
f 3934 3938 3939
f 3934 3939 3935
f 3935 3939 3940
f 3935 3940 3936
f 3936 3940 3937
f 3936 3937 3933
f 3937 3941 3942
f 3937 3942 3938
f 3938 3942 3943
f 3938 3943 3939
f 3939 3943 3944
f 3939 3944 3940
f 3940 3944 3941
f 3940 3941 3937
f 3941 3945 3946
f 3941 3946 3942
f 3942 3946 3947
f 3942 3947 3943
f 3943 3947 3948
f 3943 3948 3944
f 3944 3948 3945
f 3944 3945 3941
f 3945 3949 3950
f 3945 3950 3946
f 3946 3950 3951
f 3946 3951 3947
f 3947 3951 3952
f 3947 3952 3948
f 3948 3952 3949
f 3948 3949 3945
f 3949 3953 3954
f 3949 3954 3950
f 3950 3954 3955
f 3950 3955 3951
f 3951 3955 3956
f 3951 3956 3952
f 3952 3956 3953
f 3952 3953 3949
f 3953 3957 3958
f 3953 3958 3954
f 3954 3958 3959
f 3954 3959 3955
f 3955 3959 3960
f 3955 3960 3956
f 3956 3960 3957
f 3956 3957 3953
f 3957 3961 3962
f 3957 3962 3958
f 3958 3962 3963
f 3958 3963 3959
f 3959 3963 3964
f 3959 3964 3960
f 3960 3964 3961
f 3960 3961 3957
f 3961 3965 3966
f 3961 3966 3962
f 3962 3966 3967
f 3962 3967 3963
f 3963 3967 3968
f 3963 3968 3964
f 3964 3968 3965
f 3964 3965 3961
o ManeLeafVein_15
usemtl color_104
s off
v -0.493969 -0.344535 -0.131951
v -0.529443 -0.374859 -0.089630
v -0.531177 -0.322989 -0.053917
v -0.495703 -0.292665 -0.096238
v -1.481466 0.014989 -0.702083
v -1.516940 -0.015335 -0.659762
v -1.518674 0.036535 -0.624049
v -1.483200 0.066859 -0.666370
f 3969 3972 3971
f 3969 3971 3970
f 3973 3974 3975
f 3973 3975 3976
f 3969 3973 3976
f 3969 3976 3972
f 3970 3971 3975
f 3970 3975 3974
f 3972 3976 3975
f 3972 3975 3971
f 3969 3970 3974
f 3969 3974 3973
o ManeLeaf_16
usemtl color_105
s off
v -0.309502 0.156238 -0.545524
v -0.308048 0.175506 -0.525462
v -0.307266 0.150014 -0.536659
v -0.308720 0.130745 -0.556721
v -0.570098 0.299651 -0.699050
v -0.516797 0.174599 -0.473444
v -0.464168 0.004786 -0.279097
v -0.517469 0.129838 -0.504703
v -0.811779 0.386974 -0.779704
v -0.725595 0.170388 -0.423733
v -0.640083 -0.090958 -0.099021
v -0.726267 0.125627 -0.454992
v -1.040879 0.432916 -0.814378
v -0.934485 0.160074 -0.378285
v -0.828763 -0.157529 0.026549
v -0.935157 0.115313 -0.409544
v -1.256751 0.433728 -0.801702
v -1.143495 0.141785 -0.338405
v -1.030911 -0.194919 0.093632
v -1.144167 0.097024 -0.369664
v -1.459029 0.387707 -0.740647
v -1.352635 0.114865 -0.304554
v -1.246913 -0.202739 0.100280
v -1.353307 0.070103 -0.335813
v -1.648078 0.296555 -0.632242
v -1.561894 0.079970 -0.276271
v -1.476382 -0.181377 0.048441
v -1.562566 0.035208 -0.307530
v -1.824545 0.164022 -0.477857
v -1.771245 0.038971 -0.252251
v -1.718616 -0.130842 -0.057904
v -1.771917 -0.005791 -0.283510
v -1.982099 -0.024600 -0.250600
v -1.980645 -0.005331 -0.230538
v -1.979863 -0.030824 -0.241735
v -1.981318 -0.050093 -0.261797
f 3977 3981 3982
f 3977 3982 3978
f 3978 3982 3983
f 3978 3983 3979
f 3979 3983 3984
f 3979 3984 3980
f 3980 3984 3981
f 3980 3981 3977
f 3981 3985 3986
f 3981 3986 3982
f 3982 3986 3987
f 3982 3987 3983
f 3983 3987 3988
f 3983 3988 3984
f 3984 3988 3985
f 3984 3985 3981
f 3985 3989 3990
f 3985 3990 3986
f 3986 3990 3991
f 3986 3991 3987
f 3987 3991 3992
f 3987 3992 3988
f 3988 3992 3989
f 3988 3989 3985
f 3989 3993 3994
f 3989 3994 3990
f 3990 3994 3995
f 3990 3995 3991
f 3991 3995 3996
f 3991 3996 3992
f 3992 3996 3993
f 3992 3993 3989
f 3993 3997 3998
f 3993 3998 3994
f 3994 3998 3999
f 3994 3999 3995
f 3995 3999 4000
f 3995 4000 3996
f 3996 4000 3997
f 3996 3997 3993
f 3997 4001 4002
f 3997 4002 3998
f 3998 4002 4003
f 3998 4003 3999
f 3999 4003 4004
f 3999 4004 4000
f 4000 4004 4001
f 4000 4001 3997
f 4001 4005 4006
f 4001 4006 4002
f 4002 4006 4007
f 4002 4007 4003
f 4003 4007 4008
f 4003 4008 4004
f 4004 4008 4005
f 4004 4005 4001
f 4005 4009 4010
f 4005 4010 4006
f 4006 4010 4011
f 4006 4011 4007
f 4007 4011 4012
f 4007 4012 4008
f 4008 4012 4009
f 4008 4009 4005
o ManeLeafVein_16
usemtl color_106
s off
v -0.565694 0.231284 -0.524505
v -0.552957 0.195830 -0.474010
v -0.552181 0.247477 -0.437942
v -0.564918 0.282932 -0.488437
v -1.736512 0.104698 -0.318058
v -1.723775 0.069243 -0.267563
v -1.722999 0.120891 -0.231495
v -1.735736 0.156346 -0.281990
f 4013 4016 4015
f 4013 4015 4014
f 4017 4018 4019
f 4017 4019 4020
f 4013 4017 4020
f 4013 4020 4016
f 4014 4015 4019
f 4014 4019 4018
f 4016 4020 4019
f 4016 4019 4015
f 4013 4014 4018
f 4013 4018 4017
o ManeLeaf_17
usemtl color_107
s off
v -0.262209 0.739943 -0.979855
v -0.256993 0.760565 -0.961872
v -0.253155 0.736166 -0.974749
v -0.258371 0.715543 -0.992731
v -0.593972 0.753044 -0.937318
v -0.378806 0.686088 -0.800945
v -0.165018 0.574110 -0.695433
v -0.380185 0.641066 -0.831805
v -0.849046 0.730790 -0.853756
v -0.500721 0.608288 -0.642296
v -0.153775 0.440764 -0.461696
v -0.502100 0.563266 -0.673156
v -1.052988 0.680990 -0.745463
v -0.622824 0.524349 -0.487855
v -0.194039 0.322687 -0.261106
v -0.624203 0.479327 -0.518714
v -1.203123 0.600621 -0.612188
v -0.745173 0.432389 -0.338911
v -0.288601 0.219136 -0.096494
v -0.746552 0.387368 -0.369771
v -1.297952 0.488388 -0.453527
v -0.867787 0.331747 -0.195919
v -0.439002 0.130085 0.030830
v -0.869166 0.286726 -0.226778
v -1.338972 0.345587 -0.269884
v -0.990648 0.223085 -0.058424
v -0.643702 0.055561 0.122176
v -0.992026 0.178063 -0.089284
v -1.328862 0.175239 -0.061510
v -1.113696 0.108283 0.074863
v -0.899909 -0.003695 0.180375
v -1.115075 0.063261 0.044003
v -1.242063 -0.030464 0.187889
v -1.236846 -0.009841 0.205872
v -1.233008 -0.034241 0.192995
v -1.238225 -0.054863 0.175012
f 4021 4025 4026
f 4021 4026 4022
f 4022 4026 4027
f 4022 4027 4023
f 4023 4027 4028
f 4023 4028 4024
f 4024 4028 4025
f 4024 4025 4021
f 4025 4029 4030
f 4025 4030 4026
f 4026 4030 4031
f 4026 4031 4027
f 4027 4031 4032
f 4027 4032 4028
f 4028 4032 4029
f 4028 4029 4025
f 4029 4033 4034
f 4029 4034 4030
f 4030 4034 4035
f 4030 4035 4031
f 4031 4035 4036
f 4031 4036 4032
f 4032 4036 4033
f 4032 4033 4029
f 4033 4037 4038
f 4033 4038 4034
f 4034 4038 4039
f 4034 4039 4035
f 4035 4039 4040
f 4035 4040 4036
f 4036 4040 4037
f 4036 4037 4033
f 4037 4041 4042
f 4037 4042 4038
f 4038 4042 4043
f 4038 4043 4039
f 4039 4043 4044
f 4039 4044 4040
f 4040 4044 4041
f 4040 4041 4037
f 4041 4045 4046
f 4041 4046 4042
f 4042 4046 4047
f 4042 4047 4043
f 4043 4047 4048
f 4043 4048 4044
f 4044 4048 4045
f 4044 4045 4041
f 4045 4049 4050
f 4045 4050 4046
f 4046 4050 4051
f 4046 4051 4047
f 4047 4051 4052
f 4047 4052 4048
f 4048 4052 4049
f 4048 4049 4045
f 4049 4053 4054
f 4049 4054 4050
f 4050 4054 4055
f 4050 4055 4051
f 4051 4055 4056
f 4051 4056 4052
f 4052 4056 4053
f 4052 4053 4049
o ManeLeafVein_17
usemtl color_108
s off
v -0.430555 0.720787 -0.819056
v -0.378977 0.699272 -0.789972
v -0.377386 0.751221 -0.754365
v -0.428964 0.772736 -0.783449
v -1.116452 0.181503 -0.001635
v -1.064875 0.159988 0.027449
v -1.063284 0.211936 0.063056
v -1.114861 0.233451 0.033972
f 4057 4060 4059
f 4057 4059 4058
f 4061 4062 4063
f 4061 4063 4064
f 4057 4061 4064
f 4057 4064 4060
f 4058 4059 4063
f 4058 4063 4062
f 4060 4064 4063
f 4060 4063 4059
f 4057 4058 4062
f 4057 4062 4061
o ForeheadFlowerPetal
usemtl color_109
s off
v 0.000000 2.254000 -2.145500
v 0.000000 2.086000 -2.145500
v 0.087500 2.242746 -2.145500
v 0.070789 2.242746 -2.094069
v 0.027039 2.242746 -2.062283
v -0.027039 2.242746 -2.062283
v -0.070789 2.242746 -2.094069
v -0.087500 2.242746 -2.145500
v -0.070789 2.242746 -2.196931
v -0.027039 2.242746 -2.228717
v 0.027039 2.242746 -2.228717
v 0.070789 2.242746 -2.196931
v 0.151554 2.212000 -2.145500
v 0.122610 2.212000 -2.056419
v 0.046833 2.212000 -2.001363
v -0.046833 2.212000 -2.001363
v -0.122610 2.212000 -2.056419
v -0.151554 2.212000 -2.145500
v -0.122610 2.212000 -2.234581
v -0.046833 2.212000 -2.289637
v 0.046833 2.212000 -2.289637
v 0.122610 2.212000 -2.234581
v 0.175000 2.170000 -2.145500
v 0.141578 2.170000 -2.042638
v 0.054078 2.170000 -1.979065
v -0.054078 2.170000 -1.979065
v -0.141578 2.170000 -2.042638
v -0.175000 2.170000 -2.145500
v -0.141578 2.170000 -2.248362
v -0.054078 2.170000 -2.311935
v 0.054078 2.170000 -2.311935
v 0.141578 2.170000 -2.248362
v 0.151554 2.128000 -2.145500
v 0.122610 2.128000 -2.056419
v 0.046833 2.128000 -2.001363
v -0.046833 2.128000 -2.001363
v -0.122610 2.128000 -2.056419
v -0.151554 2.128000 -2.145500
v -0.122610 2.128000 -2.234581
v -0.046833 2.128000 -2.289637
v 0.046833 2.128000 -2.289637
v 0.122610 2.128000 -2.234581
v 0.087500 2.097254 -2.145500
v 0.070789 2.097254 -2.094069
v 0.027039 2.097254 -2.062283
v -0.027039 2.097254 -2.062283
v -0.070789 2.097254 -2.094069
v -0.087500 2.097254 -2.145500
v -0.070789 2.097254 -2.196931
v -0.027039 2.097254 -2.228717
v 0.027039 2.097254 -2.228717
v 0.070789 2.097254 -2.196931
f 4065 4068 4067
f 4066 4107 4108
f 4067 4068 4078
f 4067 4078 4077
f 4077 4078 4088
f 4077 4088 4087
f 4087 4088 4098
f 4087 4098 4097
f 4097 4098 4108
f 4097 4108 4107
f 4065 4069 4068
f 4066 4108 4109
f 4068 4069 4079
f 4068 4079 4078
f 4078 4079 4089
f 4078 4089 4088
f 4088 4089 4099
f 4088 4099 4098
f 4098 4099 4109
f 4098 4109 4108
f 4065 4070 4069
f 4066 4109 4110
f 4069 4070 4080
f 4069 4080 4079
f 4079 4080 4090
f 4079 4090 4089
f 4089 4090 4100
f 4089 4100 4099
f 4099 4100 4110
f 4099 4110 4109
f 4065 4071 4070
f 4066 4110 4111
f 4070 4071 4081
f 4070 4081 4080
f 4080 4081 4091
f 4080 4091 4090
f 4090 4091 4101
f 4090 4101 4100
f 4100 4101 4111
f 4100 4111 4110
f 4065 4072 4071
f 4066 4111 4112
f 4071 4072 4082
f 4071 4082 4081
f 4081 4082 4092
f 4081 4092 4091
f 4091 4092 4102
f 4091 4102 4101
f 4101 4102 4112
f 4101 4112 4111
f 4065 4073 4072
f 4066 4112 4113
f 4072 4073 4083
f 4072 4083 4082
f 4082 4083 4093
f 4082 4093 4092
f 4092 4093 4103
f 4092 4103 4102
f 4102 4103 4113
f 4102 4113 4112
f 4065 4074 4073
f 4066 4113 4114
f 4073 4074 4084
f 4073 4084 4083
f 4083 4084 4094
f 4083 4094 4093
f 4093 4094 4104
f 4093 4104 4103
f 4103 4104 4114
f 4103 4114 4113
f 4065 4075 4074
f 4066 4114 4115
f 4074 4075 4085
f 4074 4085 4084
f 4084 4085 4095
f 4084 4095 4094
f 4094 4095 4105
f 4094 4105 4104
f 4104 4105 4115
f 4104 4115 4114
f 4065 4076 4075
f 4066 4115 4116
f 4075 4076 4086
f 4075 4086 4085
f 4085 4086 4096
f 4085 4096 4095
f 4095 4096 4106
f 4095 4106 4105
f 4105 4106 4116
f 4105 4116 4115
f 4065 4067 4076
f 4066 4116 4107
f 4076 4067 4077
f 4076 4077 4086
f 4086 4077 4087
f 4086 4087 4096
f 4096 4087 4097
f 4096 4097 4106
f 4106 4097 4107
f 4106 4107 4116
o ForeheadFlowerPetal_1
usemtl color_110
s off
v 0.183078 2.254000 -2.278514
v 0.183078 2.086000 -2.278514
v 0.270578 2.242746 -2.278514
v 0.253867 2.242746 -2.227083
v 0.210117 2.242746 -2.195297
v 0.156039 2.242746 -2.195297
v 0.112289 2.242746 -2.227083
v 0.095578 2.242746 -2.278514
v 0.112289 2.242746 -2.329945
v 0.156039 2.242746 -2.361732
v 0.210117 2.242746 -2.361732
v 0.253867 2.242746 -2.329945
v 0.334633 2.212000 -2.278514
v 0.305689 2.212000 -2.189433
v 0.229911 2.212000 -2.134377
v 0.136245 2.212000 -2.134377
v 0.060468 2.212000 -2.189433
v 0.031524 2.212000 -2.278514
v 0.060468 2.212000 -2.367596
v 0.136245 2.212000 -2.422651
v 0.229911 2.212000 -2.422651
v 0.305689 2.212000 -2.367596
v 0.358078 2.170000 -2.278514
v 0.324656 2.170000 -2.175652
v 0.237156 2.170000 -2.112079
v 0.129000 2.170000 -2.112079
v 0.041500 2.170000 -2.175652
v 0.008078 2.170000 -2.278514
v 0.041500 2.170000 -2.381377
v 0.129000 2.170000 -2.444949
v 0.237156 2.170000 -2.444949
v 0.324656 2.170000 -2.381377
v 0.334633 2.128000 -2.278514
v 0.305689 2.128000 -2.189433
v 0.229911 2.128000 -2.134377
v 0.136245 2.128000 -2.134377
v 0.060468 2.128000 -2.189433
v 0.031524 2.128000 -2.278514
v 0.060468 2.128000 -2.367596
v 0.136245 2.128000 -2.422651
v 0.229911 2.128000 -2.422651
v 0.305689 2.128000 -2.367596
v 0.270578 2.097254 -2.278514
v 0.253867 2.097254 -2.227083
v 0.210117 2.097254 -2.195297
v 0.156039 2.097254 -2.195297
v 0.112289 2.097254 -2.227083
v 0.095578 2.097254 -2.278514
v 0.112289 2.097254 -2.329945
v 0.156039 2.097254 -2.361732
v 0.210117 2.097254 -2.361732
v 0.253867 2.097254 -2.329945
f 4117 4120 4119
f 4118 4159 4160
f 4119 4120 4130
f 4119 4130 4129
f 4129 4130 4140
f 4129 4140 4139
f 4139 4140 4150
f 4139 4150 4149
f 4149 4150 4160
f 4149 4160 4159
f 4117 4121 4120
f 4118 4160 4161
f 4120 4121 4131
f 4120 4131 4130
f 4130 4131 4141
f 4130 4141 4140
f 4140 4141 4151
f 4140 4151 4150
f 4150 4151 4161
f 4150 4161 4160
f 4117 4122 4121
f 4118 4161 4162
f 4121 4122 4132
f 4121 4132 4131
f 4131 4132 4142
f 4131 4142 4141
f 4141 4142 4152
f 4141 4152 4151
f 4151 4152 4162
f 4151 4162 4161
f 4117 4123 4122
f 4118 4162 4163
f 4122 4123 4133
f 4122 4133 4132
f 4132 4133 4143
f 4132 4143 4142
f 4142 4143 4153
f 4142 4153 4152
f 4152 4153 4163
f 4152 4163 4162
f 4117 4124 4123
f 4118 4163 4164
f 4123 4124 4134
f 4123 4134 4133
f 4133 4134 4144
f 4133 4144 4143
f 4143 4144 4154
f 4143 4154 4153
f 4153 4154 4164
f 4153 4164 4163
f 4117 4125 4124
f 4118 4164 4165
f 4124 4125 4135
f 4124 4135 4134
f 4134 4135 4145
f 4134 4145 4144
f 4144 4145 4155
f 4144 4155 4154
f 4154 4155 4165
f 4154 4165 4164
f 4117 4126 4125
f 4118 4165 4166
f 4125 4126 4136
f 4125 4136 4135
f 4135 4136 4146
f 4135 4146 4145
f 4145 4146 4156
f 4145 4156 4155
f 4155 4156 4166
f 4155 4166 4165
f 4117 4127 4126
f 4118 4166 4167
f 4126 4127 4137
f 4126 4137 4136
f 4136 4137 4147
f 4136 4147 4146
f 4146 4147 4157
f 4146 4157 4156
f 4156 4157 4167
f 4156 4167 4166
f 4117 4128 4127
f 4118 4167 4168
f 4127 4128 4138
f 4127 4138 4137
f 4137 4138 4148
f 4137 4148 4147
f 4147 4148 4158
f 4147 4158 4157
f 4157 4158 4168
f 4157 4168 4167
f 4117 4119 4128
f 4118 4168 4159
f 4128 4119 4129
f 4128 4129 4138
f 4138 4129 4139
f 4138 4139 4148
f 4148 4139 4149
f 4148 4149 4158
f 4158 4149 4159
f 4158 4159 4168
o ForeheadFlowerPetal_2
usemtl color_111
s off
v 0.113149 2.254000 -2.493736
v 0.113149 2.086000 -2.493736
v 0.200649 2.242746 -2.493736
v 0.183938 2.242746 -2.442305
v 0.140188 2.242746 -2.410518
v 0.086110 2.242746 -2.410518
v 0.042360 2.242746 -2.442305
v 0.025649 2.242746 -2.493736
v 0.042360 2.242746 -2.545167
v 0.086110 2.242746 -2.576953
v 0.140188 2.242746 -2.576953
v 0.183938 2.242746 -2.545167
v 0.264703 2.212000 -2.493736
v 0.235759 2.212000 -2.404654
v 0.159982 2.212000 -2.349599
v 0.066316 2.212000 -2.349599
v -0.009461 2.212000 -2.404654
v -0.038406 2.212000 -2.493736
v -0.009461 2.212000 -2.582817
v 0.066316 2.212000 -2.637873
v 0.159982 2.212000 -2.637873
v 0.235759 2.212000 -2.582817
v 0.288149 2.170000 -2.493736
v 0.254727 2.170000 -2.390873
v 0.167227 2.170000 -2.327301
v 0.059071 2.170000 -2.327301
v -0.028429 2.170000 -2.390873
v -0.061851 2.170000 -2.493736
v -0.028429 2.170000 -2.596598
v 0.059071 2.170000 -2.660171
v 0.167227 2.170000 -2.660171
v 0.254727 2.170000 -2.596598
v 0.264703 2.128000 -2.493736
v 0.235759 2.128000 -2.404654
v 0.159982 2.128000 -2.349599
v 0.066316 2.128000 -2.349599
v -0.009461 2.128000 -2.404654
v -0.038406 2.128000 -2.493736
v -0.009461 2.128000 -2.582817
v 0.066316 2.128000 -2.637873
v 0.159982 2.128000 -2.637873
v 0.235759 2.128000 -2.582817
v 0.200649 2.097254 -2.493736
v 0.183938 2.097254 -2.442305
v 0.140188 2.097254 -2.410518
v 0.086110 2.097254 -2.410518
v 0.042360 2.097254 -2.442305
v 0.025649 2.097254 -2.493736
v 0.042360 2.097254 -2.545167
v 0.086110 2.097254 -2.576953
v 0.140188 2.097254 -2.576953
v 0.183938 2.097254 -2.545167
f 4169 4172 4171
f 4170 4211 4212
f 4171 4172 4182
f 4171 4182 4181
f 4181 4182 4192
f 4181 4192 4191
f 4191 4192 4202
f 4191 4202 4201
f 4201 4202 4212
f 4201 4212 4211
f 4169 4173 4172
f 4170 4212 4213
f 4172 4173 4183
f 4172 4183 4182
f 4182 4183 4193
f 4182 4193 4192
f 4192 4193 4203
f 4192 4203 4202
f 4202 4203 4213
f 4202 4213 4212
f 4169 4174 4173
f 4170 4213 4214
f 4173 4174 4184
f 4173 4184 4183
f 4183 4184 4194
f 4183 4194 4193
f 4193 4194 4204
f 4193 4204 4203
f 4203 4204 4214
f 4203 4214 4213
f 4169 4175 4174
f 4170 4214 4215
f 4174 4175 4185
f 4174 4185 4184
f 4184 4185 4195
f 4184 4195 4194
f 4194 4195 4205
f 4194 4205 4204
f 4204 4205 4215
f 4204 4215 4214
f 4169 4176 4175
f 4170 4215 4216
f 4175 4176 4186
f 4175 4186 4185
f 4185 4186 4196
f 4185 4196 4195
f 4195 4196 4206
f 4195 4206 4205
f 4205 4206 4216
f 4205 4216 4215
f 4169 4177 4176
f 4170 4216 4217
f 4176 4177 4187
f 4176 4187 4186
f 4186 4187 4197
f 4186 4197 4196
f 4196 4197 4207
f 4196 4207 4206
f 4206 4207 4217
f 4206 4217 4216
f 4169 4178 4177
f 4170 4217 4218
f 4177 4178 4188
f 4177 4188 4187
f 4187 4188 4198
f 4187 4198 4197
f 4197 4198 4208
f 4197 4208 4207
f 4207 4208 4218
f 4207 4218 4217
f 4169 4179 4178
f 4170 4218 4219
f 4178 4179 4189
f 4178 4189 4188
f 4188 4189 4199
f 4188 4199 4198
f 4198 4199 4209
f 4198 4209 4208
f 4208 4209 4219
f 4208 4219 4218
f 4169 4180 4179
f 4170 4219 4220
f 4179 4180 4190
f 4179 4190 4189
f 4189 4190 4200
f 4189 4200 4199
f 4199 4200 4210
f 4199 4210 4209
f 4209 4210 4220
f 4209 4220 4219
f 4169 4171 4180
f 4170 4220 4211
f 4180 4171 4181
f 4180 4181 4190
f 4190 4181 4191
f 4190 4191 4200
f 4200 4191 4201
f 4200 4201 4210
f 4210 4201 4211
f 4210 4211 4220
o ForeheadFlowerPetal_3
usemtl color_112
s off
v -0.113149 2.254000 -2.493736
v -0.113149 2.086000 -2.493736
v -0.025649 2.242746 -2.493736
v -0.042360 2.242746 -2.442305
v -0.086110 2.242746 -2.410518
v -0.140188 2.242746 -2.410518
v -0.183938 2.242746 -2.442305
v -0.200649 2.242746 -2.493736
v -0.183938 2.242746 -2.545167
v -0.140188 2.242746 -2.576953
v -0.086110 2.242746 -2.576953
v -0.042360 2.242746 -2.545167
v 0.038406 2.212000 -2.493736
v 0.009461 2.212000 -2.404654
v -0.066316 2.212000 -2.349599
v -0.159982 2.212000 -2.349599
v -0.235759 2.212000 -2.404654
v -0.264703 2.212000 -2.493736
v -0.235759 2.212000 -2.582817
v -0.159982 2.212000 -2.637873
v -0.066316 2.212000 -2.637873
v 0.009461 2.212000 -2.582817
v 0.061851 2.170000 -2.493736
v 0.028429 2.170000 -2.390873
v -0.059071 2.170000 -2.327301
v -0.167227 2.170000 -2.327301
v -0.254727 2.170000 -2.390873
v -0.288149 2.170000 -2.493736
v -0.254727 2.170000 -2.596598
v -0.167227 2.170000 -2.660171
v -0.059071 2.170000 -2.660171
v 0.028429 2.170000 -2.596598
v 0.038406 2.128000 -2.493736
v 0.009461 2.128000 -2.404654
v -0.066316 2.128000 -2.349599
v -0.159982 2.128000 -2.349599
v -0.235759 2.128000 -2.404654
v -0.264703 2.128000 -2.493736
v -0.235759 2.128000 -2.582817
v -0.159982 2.128000 -2.637873
v -0.066316 2.128000 -2.637873
v 0.009461 2.128000 -2.582817
v -0.025649 2.097254 -2.493736
v -0.042360 2.097254 -2.442305
v -0.086110 2.097254 -2.410518
v -0.140188 2.097254 -2.410518
v -0.183938 2.097254 -2.442305
v -0.200649 2.097254 -2.493736
v -0.183938 2.097254 -2.545167
v -0.140188 2.097254 -2.576953
v -0.086110 2.097254 -2.576953
v -0.042360 2.097254 -2.545167
f 4221 4224 4223
f 4222 4263 4264
f 4223 4224 4234
f 4223 4234 4233
f 4233 4234 4244
f 4233 4244 4243
f 4243 4244 4254
f 4243 4254 4253
f 4253 4254 4264
f 4253 4264 4263
f 4221 4225 4224
f 4222 4264 4265
f 4224 4225 4235
f 4224 4235 4234
f 4234 4235 4245
f 4234 4245 4244
f 4244 4245 4255
f 4244 4255 4254
f 4254 4255 4265
f 4254 4265 4264
f 4221 4226 4225
f 4222 4265 4266
f 4225 4226 4236
f 4225 4236 4235
f 4235 4236 4246
f 4235 4246 4245
f 4245 4246 4256
f 4245 4256 4255
f 4255 4256 4266
f 4255 4266 4265
f 4221 4227 4226
f 4222 4266 4267
f 4226 4227 4237
f 4226 4237 4236
f 4236 4237 4247
f 4236 4247 4246
f 4246 4247 4257
f 4246 4257 4256
f 4256 4257 4267
f 4256 4267 4266
f 4221 4228 4227
f 4222 4267 4268
f 4227 4228 4238
f 4227 4238 4237
f 4237 4238 4248
f 4237 4248 4247
f 4247 4248 4258
f 4247 4258 4257
f 4257 4258 4268
f 4257 4268 4267
f 4221 4229 4228
f 4222 4268 4269
f 4228 4229 4239
f 4228 4239 4238
f 4238 4239 4249
f 4238 4249 4248
f 4248 4249 4259
f 4248 4259 4258
f 4258 4259 4269
f 4258 4269 4268
f 4221 4230 4229
f 4222 4269 4270
f 4229 4230 4240
f 4229 4240 4239
f 4239 4240 4250
f 4239 4250 4249
f 4249 4250 4260
f 4249 4260 4259
f 4259 4260 4270
f 4259 4270 4269
f 4221 4231 4230
f 4222 4270 4271
f 4230 4231 4241
f 4230 4241 4240
f 4240 4241 4251
f 4240 4251 4250
f 4250 4251 4261
f 4250 4261 4260
f 4260 4261 4271
f 4260 4271 4270
f 4221 4232 4231
f 4222 4271 4272
f 4231 4232 4242
f 4231 4242 4241
f 4241 4242 4252
f 4241 4252 4251
f 4251 4252 4262
f 4251 4262 4261
f 4261 4262 4272
f 4261 4272 4271
f 4221 4223 4232
f 4222 4272 4263
f 4232 4223 4233
f 4232 4233 4242
f 4242 4233 4243
f 4242 4243 4252
f 4252 4243 4253
f 4252 4253 4262
f 4262 4253 4263
f 4262 4263 4272
o ForeheadFlowerPetal_4
usemtl color_113
s off
v -0.183078 2.254000 -2.278514
v -0.183078 2.086000 -2.278514
v -0.095578 2.242746 -2.278514
v -0.112289 2.242746 -2.227083
v -0.156039 2.242746 -2.195297
v -0.210117 2.242746 -2.195297
v -0.253867 2.242746 -2.227083
v -0.270578 2.242746 -2.278514
v -0.253867 2.242746 -2.329945
v -0.210117 2.242746 -2.361732
v -0.156039 2.242746 -2.361732
v -0.112289 2.242746 -2.329945
v -0.031524 2.212000 -2.278514
v -0.060468 2.212000 -2.189433
v -0.136245 2.212000 -2.134377
v -0.229911 2.212000 -2.134377
v -0.305689 2.212000 -2.189433
v -0.334633 2.212000 -2.278514
v -0.305689 2.212000 -2.367596
v -0.229911 2.212000 -2.422651
v -0.136245 2.212000 -2.422651
v -0.060468 2.212000 -2.367596
v -0.008078 2.170000 -2.278514
v -0.041500 2.170000 -2.175652
v -0.129000 2.170000 -2.112079
v -0.237156 2.170000 -2.112079
v -0.324656 2.170000 -2.175652
v -0.358078 2.170000 -2.278514
v -0.324656 2.170000 -2.381377
v -0.237156 2.170000 -2.444949
v -0.129000 2.170000 -2.444949
v -0.041500 2.170000 -2.381377
v -0.031524 2.128000 -2.278514
v -0.060468 2.128000 -2.189433
v -0.136245 2.128000 -2.134377
v -0.229911 2.128000 -2.134377
v -0.305689 2.128000 -2.189433
v -0.334633 2.128000 -2.278514
v -0.305689 2.128000 -2.367596
v -0.229911 2.128000 -2.422651
v -0.136245 2.128000 -2.422651
v -0.060468 2.128000 -2.367596
v -0.095578 2.097254 -2.278514
v -0.112289 2.097254 -2.227083
v -0.156039 2.097254 -2.195297
v -0.210117 2.097254 -2.195297
v -0.253867 2.097254 -2.227083
v -0.270578 2.097254 -2.278514
v -0.253867 2.097254 -2.329945
v -0.210117 2.097254 -2.361732
v -0.156039 2.097254 -2.361732
v -0.112289 2.097254 -2.329945
f 4273 4276 4275
f 4274 4315 4316
f 4275 4276 4286
f 4275 4286 4285
f 4285 4286 4296
f 4285 4296 4295
f 4295 4296 4306
f 4295 4306 4305
f 4305 4306 4316
f 4305 4316 4315
f 4273 4277 4276
f 4274 4316 4317
f 4276 4277 4287
f 4276 4287 4286
f 4286 4287 4297
f 4286 4297 4296
f 4296 4297 4307
f 4296 4307 4306
f 4306 4307 4317
f 4306 4317 4316
f 4273 4278 4277
f 4274 4317 4318
f 4277 4278 4288
f 4277 4288 4287
f 4287 4288 4298
f 4287 4298 4297
f 4297 4298 4308
f 4297 4308 4307
f 4307 4308 4318
f 4307 4318 4317
f 4273 4279 4278
f 4274 4318 4319
f 4278 4279 4289
f 4278 4289 4288
f 4288 4289 4299
f 4288 4299 4298
f 4298 4299 4309
f 4298 4309 4308
f 4308 4309 4319
f 4308 4319 4318
f 4273 4280 4279
f 4274 4319 4320
f 4279 4280 4290
f 4279 4290 4289
f 4289 4290 4300
f 4289 4300 4299
f 4299 4300 4310
f 4299 4310 4309
f 4309 4310 4320
f 4309 4320 4319
f 4273 4281 4280
f 4274 4320 4321
f 4280 4281 4291
f 4280 4291 4290
f 4290 4291 4301
f 4290 4301 4300
f 4300 4301 4311
f 4300 4311 4310
f 4310 4311 4321
f 4310 4321 4320
f 4273 4282 4281
f 4274 4321 4322
f 4281 4282 4292
f 4281 4292 4291
f 4291 4292 4302
f 4291 4302 4301
f 4301 4302 4312
f 4301 4312 4311
f 4311 4312 4322
f 4311 4322 4321
f 4273 4283 4282
f 4274 4322 4323
f 4282 4283 4293
f 4282 4293 4292
f 4292 4293 4303
f 4292 4303 4302
f 4302 4303 4313
f 4302 4313 4312
f 4312 4313 4323
f 4312 4323 4322
f 4273 4284 4283
f 4274 4323 4324
f 4283 4284 4294
f 4283 4294 4293
f 4293 4294 4304
f 4293 4304 4303
f 4303 4304 4314
f 4303 4314 4313
f 4313 4314 4324
f 4313 4324 4323
f 4273 4275 4284
f 4274 4324 4315
f 4284 4275 4285
f 4284 4285 4294
f 4294 4285 4295
f 4294 4295 4304
f 4304 4295 4305
f 4304 4305 4314
f 4314 4305 4315
f 4314 4315 4324
o ForeheadFlowerHeart
usemtl color_114
s off
v 0.000000 2.345000 -2.338000
v 0.000000 2.135000 -2.338000
v 0.039375 2.330933 -2.338000
v 0.031855 2.330933 -2.314856
v 0.012168 2.330933 -2.300552
v -0.012168 2.330933 -2.300552
v -0.031855 2.330933 -2.314856
v -0.039375 2.330933 -2.338000
v -0.031855 2.330933 -2.361144
v -0.012168 2.330933 -2.375448
v 0.012168 2.330933 -2.375448
v 0.031855 2.330933 -2.361144
v 0.068200 2.292500 -2.338000
v 0.055175 2.292500 -2.297913
v 0.021075 2.292500 -2.273138
v -0.021075 2.292500 -2.273138
v -0.055175 2.292500 -2.297913
v -0.068200 2.292500 -2.338000
v -0.055175 2.292500 -2.378087
v -0.021075 2.292500 -2.402862
v 0.021075 2.292500 -2.402862
v 0.055175 2.292500 -2.378087
v 0.078750 2.240000 -2.338000
v 0.063710 2.240000 -2.291712
v 0.024335 2.240000 -2.263104
v -0.024335 2.240000 -2.263104
v -0.063710 2.240000 -2.291712
v -0.078750 2.240000 -2.338000
v -0.063710 2.240000 -2.384288
v -0.024335 2.240000 -2.412896
v 0.024335 2.240000 -2.412896
v 0.063710 2.240000 -2.384288
v 0.068200 2.187500 -2.338000
v 0.055175 2.187500 -2.297913
v 0.021075 2.187500 -2.273138
v -0.021075 2.187500 -2.273138
v -0.055175 2.187500 -2.297913
v -0.068200 2.187500 -2.338000
v -0.055175 2.187500 -2.378087
v -0.021075 2.187500 -2.402862
v 0.021075 2.187500 -2.402862
v 0.055175 2.187500 -2.378087
v 0.039375 2.149067 -2.338000
v 0.031855 2.149067 -2.314856
v 0.012168 2.149067 -2.300552
v -0.012168 2.149067 -2.300552
v -0.031855 2.149067 -2.314856
v -0.039375 2.149067 -2.338000
v -0.031855 2.149067 -2.361144
v -0.012168 2.149067 -2.375448
v 0.012168 2.149067 -2.375448
v 0.031855 2.149067 -2.361144
f 4325 4328 4327
f 4326 4367 4368
f 4327 4328 4338
f 4327 4338 4337
f 4337 4338 4348
f 4337 4348 4347
f 4347 4348 4358
f 4347 4358 4357
f 4357 4358 4368
f 4357 4368 4367
f 4325 4329 4328
f 4326 4368 4369
f 4328 4329 4339
f 4328 4339 4338
f 4338 4339 4349
f 4338 4349 4348
f 4348 4349 4359
f 4348 4359 4358
f 4358 4359 4369
f 4358 4369 4368
f 4325 4330 4329
f 4326 4369 4370
f 4329 4330 4340
f 4329 4340 4339
f 4339 4340 4350
f 4339 4350 4349
f 4349 4350 4360
f 4349 4360 4359
f 4359 4360 4370
f 4359 4370 4369
f 4325 4331 4330
f 4326 4370 4371
f 4330 4331 4341
f 4330 4341 4340
f 4340 4341 4351
f 4340 4351 4350
f 4350 4351 4361
f 4350 4361 4360
f 4360 4361 4371
f 4360 4371 4370
f 4325 4332 4331
f 4326 4371 4372
f 4331 4332 4342
f 4331 4342 4341
f 4341 4342 4352
f 4341 4352 4351
f 4351 4352 4362
f 4351 4362 4361
f 4361 4362 4372
f 4361 4372 4371
f 4325 4333 4332
f 4326 4372 4373
f 4332 4333 4343
f 4332 4343 4342
f 4342 4343 4353
f 4342 4353 4352
f 4352 4353 4363
f 4352 4363 4362
f 4362 4363 4373
f 4362 4373 4372
f 4325 4334 4333
f 4326 4373 4374
f 4333 4334 4344
f 4333 4344 4343
f 4343 4344 4354
f 4343 4354 4353
f 4353 4354 4364
f 4353 4364 4363
f 4363 4364 4374
f 4363 4374 4373
f 4325 4335 4334
f 4326 4374 4375
f 4334 4335 4345
f 4334 4345 4344
f 4344 4345 4355
f 4344 4355 4354
f 4354 4355 4365
f 4354 4365 4364
f 4364 4365 4375
f 4364 4375 4374
f 4325 4336 4335
f 4326 4375 4376
f 4335 4336 4346
f 4335 4346 4345
f 4345 4346 4356
f 4345 4356 4355
f 4355 4356 4366
f 4355 4366 4365
f 4365 4366 4376
f 4365 4376 4375
f 4325 4327 4336
f 4326 4376 4367
f 4336 4327 4337
f 4336 4337 4346
f 4346 4337 4347
f 4346 4347 4356
f 4356 4347 4357
f 4356 4357 4366
f 4366 4357 4367
f 4366 4367 4376
o CloakLeaf
usemtl color_115
s off
v 0.795515 1.627923 -0.917228
v 0.797862 1.649985 -0.900013
v 0.807016 1.633313 -0.920674
v 0.804669 1.611251 -0.937889
v 0.634089 1.389224 -0.663978
v 0.903097 1.536264 -0.726651
v 1.178912 1.644570 -0.827199
v 0.909904 1.497530 -0.764526
v 0.570698 1.193379 -0.442742
v 1.008835 1.419685 -0.556083
v 1.453777 1.607257 -0.707300
v 1.015641 1.380951 -0.593958
v 0.573418 1.022802 -0.246198
v 1.115500 1.297824 -0.390680
v 1.664389 1.534113 -0.573037
v 1.122307 1.259090 -0.428555
v 0.646004 0.877500 -0.076969
v 1.223378 1.169063 -0.232025
v 1.807559 1.421892 -0.424955
v 1.230185 1.130329 -0.269900
v 0.790487 0.757809 0.063809
v 1.332569 1.032832 -0.080673
v 1.881458 1.269120 -0.263031
v 1.339376 0.994098 -0.118548
v 1.004836 0.663395 0.177272
v 1.442973 0.889700 0.063930
v 1.887915 1.077272 -0.087286
v 1.449779 0.850967 0.026055
v 1.285296 0.594248 0.266042
v 1.554304 0.741287 0.203369
v 1.830119 0.849593 0.102821
v 1.561111 0.702553 0.165494
v 1.663791 0.567954 0.322798
v 1.666138 0.590015 0.340013
v 1.675292 0.573344 0.319353
v 1.672945 0.551282 0.302138
f 4377 4381 4382
f 4377 4382 4378
f 4378 4382 4383
f 4378 4383 4379
f 4379 4383 4384
f 4379 4384 4380
f 4380 4384 4381
f 4380 4381 4377
f 4381 4385 4386
f 4381 4386 4382
f 4382 4386 4387
f 4382 4387 4383
f 4383 4387 4388
f 4383 4388 4384
f 4384 4388 4385
f 4384 4385 4381
f 4385 4389 4390
f 4385 4390 4386
f 4386 4390 4391
f 4386 4391 4387
f 4387 4391 4392
f 4387 4392 4388
f 4388 4392 4389
f 4388 4389 4385
f 4389 4393 4394
f 4389 4394 4390
f 4390 4394 4395
f 4390 4395 4391
f 4391 4395 4396
f 4391 4396 4392
f 4392 4396 4393
f 4392 4393 4389
f 4393 4397 4398
f 4393 4398 4394
f 4394 4398 4399
f 4394 4399 4395
f 4395 4399 4400
f 4395 4400 4396
f 4396 4400 4397
f 4396 4397 4393
f 4397 4401 4402
f 4397 4402 4398
f 4398 4402 4403
f 4398 4403 4399
f 4399 4403 4404
f 4399 4404 4400
f 4400 4404 4401
f 4400 4401 4397
f 4401 4405 4406
f 4401 4406 4402
f 4402 4406 4407
f 4402 4407 4403
f 4403 4407 4408
f 4403 4408 4404
f 4404 4408 4405
f 4404 4405 4401
f 4405 4409 4410
f 4405 4410 4406
f 4406 4410 4411
f 4406 4411 4407
f 4407 4411 4412
f 4407 4412 4408
f 4408 4412 4409
f 4408 4409 4405
o CloakLeafVein
usemtl color_116
s off
v 0.904502 1.546741 -0.727613
v 0.959558 1.572545 -0.744107
v 0.951704 1.617237 -0.700405
v 0.896649 1.591434 -0.683911
v 1.512296 0.804763 0.140405
v 1.567351 0.830566 0.123911
v 1.559498 0.875259 0.167613
v 1.504442 0.849455 0.184107
f 4413 4416 4415
f 4413 4415 4414
f 4417 4418 4419
f 4417 4419 4420
f 4413 4417 4420
f 4413 4420 4416
f 4414 4415 4419
f 4414 4419 4418
f 4416 4420 4419
f 4416 4419 4415
f 4413 4414 4418
f 4413 4418 4417
o CloakLeaf_1
usemtl color_117
s off
v -0.807016 1.367313 -0.920674
v -0.797862 1.383985 -0.900013
v -0.795515 1.361923 -0.917228
v -0.804669 1.345251 -0.937889
v -1.178912 1.378570 -0.827199
v -0.903097 1.270264 -0.726651
v -0.634089 1.123224 -0.663978
v -0.909904 1.231530 -0.764526
v -1.453777 1.341257 -0.707300
v -1.008835 1.153685 -0.556083
v -0.570698 0.927379 -0.442742
v -1.015641 1.114951 -0.593958
v -1.664389 1.268113 -0.573037
v -1.115500 1.031824 -0.390680
v -0.573418 0.756802 -0.246198
v -1.122307 0.993090 -0.428555
v -1.807559 1.155892 -0.424955
v -1.223378 0.903063 -0.232025
v -0.646004 0.611500 -0.076969
v -1.230185 0.864329 -0.269900
v -1.881458 1.003120 -0.263031
v -1.332569 0.766832 -0.080673
v -0.790487 0.491809 0.063809
v -1.339376 0.728098 -0.118548
v -1.887915 0.811272 -0.087286
v -1.442973 0.623700 0.063930
v -1.004836 0.397395 0.177272
v -1.449779 0.584967 0.026055
v -1.830119 0.583593 0.102821
v -1.554304 0.475287 0.203369
v -1.285296 0.328248 0.266042
v -1.561111 0.436553 0.165494
v -1.675292 0.307344 0.319353
v -1.666138 0.324015 0.340013
v -1.663791 0.301954 0.322798
v -1.672945 0.285282 0.302138
f 4421 4425 4426
f 4421 4426 4422
f 4422 4426 4427
f 4422 4427 4423
f 4423 4427 4428
f 4423 4428 4424
f 4424 4428 4425
f 4424 4425 4421
f 4425 4429 4430
f 4425 4430 4426
f 4426 4430 4431
f 4426 4431 4427
f 4427 4431 4432
f 4427 4432 4428
f 4428 4432 4429
f 4428 4429 4425
f 4429 4433 4434
f 4429 4434 4430
f 4430 4434 4435
f 4430 4435 4431
f 4431 4435 4436
f 4431 4436 4432
f 4432 4436 4433
f 4432 4433 4429
f 4433 4437 4438
f 4433 4438 4434
f 4434 4438 4439
f 4434 4439 4435
f 4435 4439 4440
f 4435 4440 4436
f 4436 4440 4437
f 4436 4437 4433
f 4437 4441 4442
f 4437 4442 4438
f 4438 4442 4443
f 4438 4443 4439
f 4439 4443 4444
f 4439 4444 4440
f 4440 4444 4441
f 4440 4441 4437
f 4441 4445 4446
f 4441 4446 4442
f 4442 4446 4447
f 4442 4447 4443
f 4443 4447 4448
f 4443 4448 4444
f 4444 4448 4445
f 4444 4445 4441
f 4445 4449 4450
f 4445 4450 4446
f 4446 4450 4451
f 4446 4451 4447
f 4447 4451 4452
f 4447 4452 4448
f 4448 4452 4449
f 4448 4449 4445
f 4449 4453 4454
f 4449 4454 4450
f 4450 4454 4455
f 4450 4455 4451
f 4451 4455 4456
f 4451 4456 4452
f 4452 4456 4453
f 4452 4453 4449
o CloakLeafVein_1
usemtl color_118
s off
v -0.959558 1.306545 -0.744107
v -0.904502 1.280741 -0.727613
v -0.896649 1.325434 -0.683911
v -0.951704 1.351237 -0.700405
v -1.567351 0.564566 0.123911
v -1.512296 0.538763 0.140405
v -1.504442 0.583455 0.184107
v -1.559498 0.609259 0.167613
f 4457 4460 4459
f 4457 4459 4458
f 4461 4462 4463
f 4461 4463 4464
f 4457 4461 4464
f 4457 4464 4460
f 4458 4459 4463
f 4458 4463 4462
f 4460 4464 4463
f 4460 4463 4459
f 4457 4458 4462
f 4457 4462 4461
o CloakLeaf_2
usemtl color_119
s off
v 0.795515 1.095923 -0.917228
v 0.797862 1.117985 -0.900013
v 0.807016 1.101313 -0.920674
v 0.804669 1.079251 -0.937889
v 0.634089 0.857224 -0.663978
v 0.903097 1.004264 -0.726651
v 1.178912 1.112570 -0.827199
v 0.909904 0.965530 -0.764526
v 0.570698 0.661379 -0.442742
v 1.008835 0.887685 -0.556083
v 1.453777 1.075257 -0.707300
v 1.015641 0.848951 -0.593958
v 0.573418 0.490802 -0.246198
v 1.115500 0.765824 -0.390680
v 1.664389 1.002113 -0.573037
v 1.122307 0.727090 -0.428555
v 0.646004 0.345500 -0.076969
v 1.223378 0.637063 -0.232025
v 1.807559 0.889892 -0.424955
v 1.230185 0.598329 -0.269900
v 0.790487 0.225809 0.063809
v 1.332569 0.500832 -0.080673
v 1.881458 0.737120 -0.263031
v 1.339376 0.462098 -0.118548
v 1.004836 0.131395 0.177272
v 1.442973 0.357700 0.063930
v 1.887915 0.545272 -0.087286
v 1.449779 0.318967 0.026055
v 1.285296 0.062248 0.266042
v 1.554304 0.209287 0.203369
v 1.830119 0.317593 0.102821
v 1.561111 0.170553 0.165494
v 1.663791 0.035954 0.322798
v 1.666138 0.058015 0.340013
v 1.675292 0.041344 0.319353
v 1.672945 0.019282 0.302138
f 4465 4469 4470
f 4465 4470 4466
f 4466 4470 4471
f 4466 4471 4467
f 4467 4471 4472
f 4467 4472 4468
f 4468 4472 4469
f 4468 4469 4465
f 4469 4473 4474
f 4469 4474 4470
f 4470 4474 4475
f 4470 4475 4471
f 4471 4475 4476
f 4471 4476 4472
f 4472 4476 4473
f 4472 4473 4469
f 4473 4477 4478
f 4473 4478 4474
f 4474 4478 4479
f 4474 4479 4475
f 4475 4479 4480
f 4475 4480 4476
f 4476 4480 4477
f 4476 4477 4473
f 4477 4481 4482
f 4477 4482 4478
f 4478 4482 4483
f 4478 4483 4479
f 4479 4483 4484
f 4479 4484 4480
f 4480 4484 4481
f 4480 4481 4477
f 4481 4485 4486
f 4481 4486 4482
f 4482 4486 4487
f 4482 4487 4483
f 4483 4487 4488
f 4483 4488 4484
f 4484 4488 4485
f 4484 4485 4481
f 4485 4489 4490
f 4485 4490 4486
f 4486 4490 4491
f 4486 4491 4487
f 4487 4491 4492
f 4487 4492 4488
f 4488 4492 4489
f 4488 4489 4485
f 4489 4493 4494
f 4489 4494 4490
f 4490 4494 4495
f 4490 4495 4491
f 4491 4495 4496
f 4491 4496 4492
f 4492 4496 4493
f 4492 4493 4489
f 4493 4497 4498
f 4493 4498 4494
f 4494 4498 4499
f 4494 4499 4495
f 4495 4499 4500
f 4495 4500 4496
f 4496 4500 4497
f 4496 4497 4493
o CloakLeafVein_2
usemtl color_120
s off
v 0.904502 1.014741 -0.727613
v 0.959558 1.040545 -0.744107
v 0.951704 1.085237 -0.700405
v 0.896649 1.059434 -0.683911
v 1.512296 0.272763 0.140405
v 1.567351 0.298566 0.123911
v 1.559498 0.343259 0.167613
v 1.504442 0.317455 0.184107
f 4501 4504 4503
f 4501 4503 4502
f 4505 4506 4507
f 4505 4507 4508
f 4501 4505 4508
f 4501 4508 4504
f 4502 4503 4507
f 4502 4507 4506
f 4504 4508 4507
f 4504 4507 4503
f 4501 4502 4506
f 4501 4506 4505
o CloakLeaf_3
usemtl color_121
s off
v -0.807016 0.835313 -0.920674
v -0.797862 0.851985 -0.900013
v -0.795515 0.829923 -0.917228
v -0.804669 0.813251 -0.937889
v -1.178912 0.846570 -0.827199
v -0.903097 0.738264 -0.726651
v -0.634089 0.591224 -0.663978
v -0.909904 0.699530 -0.764526
v -1.453777 0.809257 -0.707300
v -1.008835 0.621685 -0.556083
v -0.570698 0.395379 -0.442742
v -1.015641 0.582951 -0.593958
v -1.664389 0.736113 -0.573037
v -1.115500 0.499824 -0.390680
v -0.573418 0.224802 -0.246198
v -1.122307 0.461090 -0.428555
v -1.807559 0.623892 -0.424955
v -1.223378 0.371063 -0.232025
v -0.646004 0.079500 -0.076969
v -1.230185 0.332329 -0.269900
v -1.881458 0.471120 -0.263031
v -1.332569 0.234832 -0.080673
v -0.790487 -0.040191 0.063809
v -1.339376 0.196098 -0.118548
v -1.887915 0.279272 -0.087286
v -1.442973 0.091700 0.063930
v -1.004836 -0.134605 0.177272
v -1.449779 0.052967 0.026055
v -1.830119 0.051593 0.102821
v -1.554304 -0.056713 0.203369
v -1.285296 -0.203752 0.266042
v -1.561111 -0.095447 0.165494
v -1.675292 -0.224656 0.319353
v -1.666138 -0.207985 0.340013
v -1.663791 -0.230046 0.322798
v -1.672945 -0.246718 0.302138
f 4509 4513 4514
f 4509 4514 4510
f 4510 4514 4515
f 4510 4515 4511
f 4511 4515 4516
f 4511 4516 4512
f 4512 4516 4513
f 4512 4513 4509
f 4513 4517 4518
f 4513 4518 4514
f 4514 4518 4519
f 4514 4519 4515
f 4515 4519 4520
f 4515 4520 4516
f 4516 4520 4517
f 4516 4517 4513
f 4517 4521 4522
f 4517 4522 4518
f 4518 4522 4523
f 4518 4523 4519
f 4519 4523 4524
f 4519 4524 4520
f 4520 4524 4521
f 4520 4521 4517
f 4521 4525 4526
f 4521 4526 4522
f 4522 4526 4527
f 4522 4527 4523
f 4523 4527 4528
f 4523 4528 4524
f 4524 4528 4525
f 4524 4525 4521
f 4525 4529 4530
f 4525 4530 4526
f 4526 4530 4531
f 4526 4531 4527
f 4527 4531 4532
f 4527 4532 4528
f 4528 4532 4529
f 4528 4529 4525
f 4529 4533 4534
f 4529 4534 4530
f 4530 4534 4535
f 4530 4535 4531
f 4531 4535 4536
f 4531 4536 4532
f 4532 4536 4533
f 4532 4533 4529
f 4533 4537 4538
f 4533 4538 4534
f 4534 4538 4539
f 4534 4539 4535
f 4535 4539 4540
f 4535 4540 4536
f 4536 4540 4537
f 4536 4537 4533
f 4537 4541 4542
f 4537 4542 4538
f 4538 4542 4543
f 4538 4543 4539
f 4539 4543 4544
f 4539 4544 4540
f 4540 4544 4541
f 4540 4541 4537
o CloakLeafVein_3
usemtl color_122
s off
v -0.959558 0.774545 -0.744107
v -0.904502 0.748741 -0.727613
v -0.896649 0.793434 -0.683911
v -0.951704 0.819237 -0.700405
v -1.567351 0.032566 0.123911
v -1.512296 0.006763 0.140405
v -1.504442 0.051455 0.184107
v -1.559498 0.077259 0.167613
f 4545 4548 4547
f 4545 4547 4546
f 4549 4550 4551
f 4549 4551 4552
f 4545 4549 4552
f 4545 4552 4548
f 4546 4547 4551
f 4546 4551 4550
f 4548 4552 4551
f 4548 4551 4547
f 4545 4546 4550
f 4545 4550 4549
