# Original Rodeo Fantasy mesh; Roblox studs; +Y up, -Z forward
mtllib RockElephant_A_S6.mtl
o Body
usemtl color_0
s off
v 0.000000 5.407875 1.881000
v 0.000000 -5.407875 1.881000
v 3.370125 4.683357 1.881000
v 2.726488 4.683357 4.276519
v 1.041426 4.683357 5.757031
v -1.041426 4.683357 5.757031
v -2.726488 4.683357 4.276519
v -3.370125 4.683357 1.881000
v -2.726488 4.683357 -0.514519
v -1.041426 4.683357 -1.995031
v 1.041426 4.683357 -1.995031
v 2.726488 4.683357 -0.514519
v 5.837228 2.703938 1.881000
v 4.722416 2.703938 6.030160
v 1.803803 2.703938 8.594482
v -1.803803 2.703938 8.594482
v -4.722416 2.703938 6.030160
v -5.837228 2.703938 1.881000
v -4.722416 2.703938 -2.268160
v -1.803803 2.703938 -4.832482
v 1.803803 2.703938 -4.832482
v 4.722416 2.703938 -2.268160
v 6.740250 0.000000 1.881000
v 5.452977 0.000000 6.672038
v 2.082852 0.000000 9.633062
v -2.082852 0.000000 9.633062
v -5.452977 0.000000 6.672038
v -6.740250 0.000000 1.881000
v -5.452977 0.000000 -2.910038
v -2.082852 0.000000 -5.871062
v 2.082852 0.000000 -5.871062
v 5.452977 0.000000 -2.910038
v 5.837228 -2.703937 1.881000
v 4.722416 -2.703937 6.030160
v 1.803803 -2.703937 8.594482
v -1.803803 -2.703937 8.594482
v -4.722416 -2.703937 6.030160
v -5.837228 -2.703937 1.881000
v -4.722416 -2.703937 -2.268160
v -1.803803 -2.703937 -4.832482
v 1.803803 -2.703937 -4.832482
v 4.722416 -2.703937 -2.268160
v 3.370125 -4.683357 1.881000
v 2.726488 -4.683357 4.276519
v 1.041426 -4.683357 5.757031
v -1.041426 -4.683357 5.757031
v -2.726488 -4.683357 4.276519
v -3.370125 -4.683357 1.881000
v -2.726488 -4.683357 -0.514519
v -1.041426 -4.683357 -1.995031
v 1.041426 -4.683357 -1.995031
v 2.726488 -4.683357 -0.514519
f 1 4 3
f 2 43 44
f 3 4 14
f 3 14 13
f 13 14 24
f 13 24 23
f 23 24 34
f 23 34 33
f 33 34 44
f 33 44 43
f 1 5 4
f 2 44 45
f 4 5 15
f 4 15 14
f 14 15 25
f 14 25 24
f 24 25 35
f 24 35 34
f 34 35 45
f 34 45 44
f 1 6 5
f 2 45 46
f 5 6 16
f 5 16 15
f 15 16 26
f 15 26 25
f 25 26 36
f 25 36 35
f 35 36 46
f 35 46 45
f 1 7 6
f 2 46 47
f 6 7 17
f 6 17 16
f 16 17 27
f 16 27 26
f 26 27 37
f 26 37 36
f 36 37 47
f 36 47 46
f 1 8 7
f 2 47 48
f 7 8 18
f 7 18 17
f 17 18 28
f 17 28 27
f 27 28 38
f 27 38 37
f 37 38 48
f 37 48 47
f 1 9 8
f 2 48 49
f 8 9 19
f 8 19 18
f 18 19 29
f 18 29 28
f 28 29 39
f 28 39 38
f 38 39 49
f 38 49 48
f 1 10 9
f 2 49 50
f 9 10 20
f 9 20 19
f 19 20 30
f 19 30 29
f 29 30 40
f 29 40 39
f 39 40 50
f 39 50 49
f 1 11 10
f 2 50 51
f 10 11 21
f 10 21 20
f 20 21 31
f 20 31 30
f 30 31 41
f 30 41 40
f 40 41 51
f 40 51 50
f 1 12 11
f 2 51 52
f 11 12 22
f 11 22 21
f 21 22 32
f 21 32 31
f 31 32 42
f 31 42 41
f 41 42 52
f 41 52 51
f 1 3 12
f 2 52 43
f 12 3 13
f 12 13 22
f 22 13 23
f 22 23 32
f 32 23 33
f 32 33 42
f 42 33 43
f 42 43 52
o Head
usemtl color_1
s off
v 0.000000 5.987850 -7.053750
v 0.000000 -3.793350 -7.053750
v 2.743125 5.332634 -7.053750
v 2.219235 5.332634 -5.717788
v 0.847672 5.332634 -4.892117
v -0.847672 5.332634 -4.892117
v -2.219235 5.332634 -5.717788
v -2.743125 5.332634 -7.053750
v -2.219235 5.332634 -8.389712
v -0.847672 5.332634 -9.215383
v 0.847672 5.332634 -9.215383
v 2.219235 5.332634 -8.389712
v 4.751232 3.542550 -7.053750
v 3.843827 3.542550 -4.739795
v 1.468211 3.542550 -3.309693
v -1.468211 3.542550 -3.309693
v -3.843827 3.542550 -4.739795
v -4.751232 3.542550 -7.053750
v -3.843827 3.542550 -9.367705
v -1.468211 3.542550 -10.797807
v 1.468211 3.542550 -10.797807
v 3.843827 3.542550 -9.367705
v 5.486250 1.097250 -7.053750
v 4.438469 1.097250 -4.381825
v 1.695344 1.097250 -2.730485
v -1.695344 1.097250 -2.730485
v -4.438469 1.097250 -4.381825
v -5.486250 1.097250 -7.053750
v -4.438469 1.097250 -9.725675
v -1.695344 1.097250 -11.377015
v 1.695344 1.097250 -11.377015
v 4.438469 1.097250 -9.725675
v 4.751232 -1.348050 -7.053750
v 3.843827 -1.348050 -4.739795
v 1.468211 -1.348050 -3.309693
v -1.468211 -1.348050 -3.309693
v -3.843827 -1.348050 -4.739795
v -4.751232 -1.348050 -7.053750
v -3.843827 -1.348050 -9.367705
v -1.468211 -1.348050 -10.797807
v 1.468211 -1.348050 -10.797807
v 3.843827 -1.348050 -9.367705
v 2.743125 -3.138134 -7.053750
v 2.219235 -3.138134 -5.717788
v 0.847672 -3.138134 -4.892117
v -0.847672 -3.138134 -4.892117
v -2.219235 -3.138134 -5.717788
v -2.743125 -3.138134 -7.053750
v -2.219235 -3.138134 -8.389712
v -0.847672 -3.138134 -9.215383
v 0.847672 -3.138134 -9.215383
v 2.219235 -3.138134 -8.389712
f 53 56 55
f 54 95 96
f 55 56 66
f 55 66 65
f 65 66 76
f 65 76 75
f 75 76 86
f 75 86 85
f 85 86 96
f 85 96 95
f 53 57 56
f 54 96 97
f 56 57 67
f 56 67 66
f 66 67 77
f 66 77 76
f 76 77 87
f 76 87 86
f 86 87 97
f 86 97 96
f 53 58 57
f 54 97 98
f 57 58 68
f 57 68 67
f 67 68 78
f 67 78 77
f 77 78 88
f 77 88 87
f 87 88 98
f 87 98 97
f 53 59 58
f 54 98 99
f 58 59 69
f 58 69 68
f 68 69 79
f 68 79 78
f 78 79 89
f 78 89 88
f 88 89 99
f 88 99 98
f 53 60 59
f 54 99 100
f 59 60 70
f 59 70 69
f 69 70 80
f 69 80 79
f 79 80 90
f 79 90 89
f 89 90 100
f 89 100 99
f 53 61 60
f 54 100 101
f 60 61 71
f 60 71 70
f 70 71 81
f 70 81 80
f 80 81 91
f 80 91 90
f 90 91 101
f 90 101 100
f 53 62 61
f 54 101 102
f 61 62 72
f 61 72 71
f 71 72 82
f 71 82 81
f 81 82 92
f 81 92 91
f 91 92 102
f 91 102 101
f 53 63 62
f 54 102 103
f 62 63 73
f 62 73 72
f 72 73 83
f 72 83 82
f 82 83 93
f 82 93 92
f 92 93 103
f 92 103 102
f 53 64 63
f 54 103 104
f 63 64 74
f 63 74 73
f 73 74 84
f 73 84 83
f 83 84 94
f 83 94 93
f 93 94 104
f 93 104 103
f 53 55 64
f 54 104 95
f 64 55 65
f 64 65 74
f 74 65 75
f 74 75 84
f 84 75 85
f 84 85 94
f 94 85 95
f 94 95 104
o Forehead
usemtl color_2
s off
v 0.000000 6.567825 -6.897000
v 0.000000 1.708575 -6.897000
v 2.312062 6.242317 -6.897000
v 1.870498 6.242317 -5.837444
v 0.714467 6.242317 -5.182602
v -0.714467 6.242317 -5.182602
v -1.870498 6.242317 -5.837444
v -2.312062 6.242317 -6.897000
v -1.870498 6.242317 -7.956556
v -0.714467 6.242317 -8.611398
v 0.714467 6.242317 -8.611398
v 1.870498 6.242317 -7.956556
v 4.004610 5.353013 -6.897000
v 3.239797 5.353013 -5.061794
v 1.237492 5.353013 -3.927575
v -1.237492 5.353013 -3.927575
v -3.239797 5.353013 -5.061794
v -4.004610 5.353013 -6.897000
v -3.239797 5.353013 -8.732206
v -1.237492 5.353013 -9.866425
v 1.237492 5.353013 -9.866425
v 3.239797 5.353013 -8.732206
v 4.624125 4.138200 -6.897000
v 3.740996 4.138200 -4.777887
v 1.428933 4.138200 -3.468203
v -1.428933 4.138200 -3.468203
v -3.740996 4.138200 -4.777887
v -4.624125 4.138200 -6.897000
v -3.740996 4.138200 -9.016113
v -1.428933 4.138200 -10.325797
v 1.428933 4.138200 -10.325797
v 3.740996 4.138200 -9.016113
v 4.004610 2.923388 -6.897000
v 3.239797 2.923388 -5.061794
v 1.237492 2.923388 -3.927575
v -1.237492 2.923388 -3.927575
v -3.239797 2.923388 -5.061794
v -4.004610 2.923388 -6.897000
v -3.239797 2.923388 -8.732206
v -1.237492 2.923388 -9.866425
v 1.237492 2.923388 -9.866425
v 3.239797 2.923388 -8.732206
v 2.312062 2.034083 -6.897000
v 1.870498 2.034083 -5.837444
v 0.714467 2.034083 -5.182602
v -0.714467 2.034083 -5.182602
v -1.870498 2.034083 -5.837444
v -2.312062 2.034083 -6.897000
v -1.870498 2.034083 -7.956556
v -0.714467 2.034083 -8.611398
v 0.714467 2.034083 -8.611398
v 1.870498 2.034083 -7.956556
f 105 108 107
f 106 147 148
f 107 108 118
f 107 118 117
f 117 118 128
f 117 128 127
f 127 128 138
f 127 138 137
f 137 138 148
f 137 148 147
f 105 109 108
f 106 148 149
f 108 109 119
f 108 119 118
f 118 119 129
f 118 129 128
f 128 129 139
f 128 139 138
f 138 139 149
f 138 149 148
f 105 110 109
f 106 149 150
f 109 110 120
f 109 120 119
f 119 120 130
f 119 130 129
f 129 130 140
f 129 140 139
f 139 140 150
f 139 150 149
f 105 111 110
f 106 150 151
f 110 111 121
f 110 121 120
f 120 121 131
f 120 131 130
f 130 131 141
f 130 141 140
f 140 141 151
f 140 151 150
f 105 112 111
f 106 151 152
f 111 112 122
f 111 122 121
f 121 122 132
f 121 132 131
f 131 132 142
f 131 142 141
f 141 142 152
f 141 152 151
f 105 113 112
f 106 152 153
f 112 113 123
f 112 123 122
f 122 123 133
f 122 133 132
f 132 133 143
f 132 143 142
f 142 143 153
f 142 153 152
f 105 114 113
f 106 153 154
f 113 114 124
f 113 124 123
f 123 124 134
f 123 134 133
f 133 134 144
f 133 144 143
f 143 144 154
f 143 154 153
f 105 115 114
f 106 154 155
f 114 115 125
f 114 125 124
f 124 125 135
f 124 135 134
f 134 135 145
f 134 145 144
f 144 145 155
f 144 155 154
f 105 116 115
f 106 155 156
f 115 116 126
f 115 126 125
f 125 126 136
f 125 136 135
f 135 136 146
f 135 146 145
f 145 146 156
f 145 156 155
f 105 107 116
f 106 156 147
f 116 107 117
f 116 117 126
f 126 117 127
f 126 127 136
f 136 127 137
f 136 137 146
f 146 137 147
f 146 147 156
o LeftEyeRim
usemtl color_3
s off
v -3.255697 3.691776 -10.862775
v -3.255697 1.637724 -10.862775
v -2.738422 3.554181 -10.862775
v -2.837213 3.554181 -10.779853
v -3.095851 3.554181 -10.728605
v -3.415544 3.554181 -10.728605
v -3.674182 3.554181 -10.779853
v -3.772972 3.554181 -10.862775
v -3.674182 3.554181 -10.945697
v -3.415544 3.554181 -10.996945
v -3.095851 3.554181 -10.996945
v -2.837213 3.554181 -10.945697
v -2.359751 3.178263 -10.862775
v -2.530861 3.178263 -10.719150
v -2.978835 3.178263 -10.630385
v -3.532560 3.178263 -10.630385
v -3.980534 3.178263 -10.719150
v -4.151644 3.178263 -10.862775
v -3.980534 3.178263 -11.006400
v -3.532560 3.178263 -11.095165
v -2.978835 3.178263 -11.095165
v -2.530861 3.178263 -11.006400
v -2.221147 2.664750 -10.862775
v -2.418729 2.664750 -10.696931
v -2.936004 2.664750 -10.594434
v -3.575391 2.664750 -10.594434
v -4.092666 2.664750 -10.696931
v -4.290247 2.664750 -10.862775
v -4.092666 2.664750 -11.028619
v -3.575391 2.664750 -11.131116
v -2.936004 2.664750 -11.131116
v -2.418729 2.664750 -11.028619
v -2.359751 2.151237 -10.862775
v -2.530861 2.151237 -10.719150
v -2.978835 2.151237 -10.630385
v -3.532560 2.151237 -10.630385
v -3.980534 2.151237 -10.719150
v -4.151644 2.151237 -10.862775
v -3.980534 2.151237 -11.006400
v -3.532560 2.151237 -11.095165
v -2.978835 2.151237 -11.095165
v -2.530861 2.151237 -11.006400
v -2.738422 1.775319 -10.862775
v -2.837213 1.775319 -10.779853
v -3.095851 1.775319 -10.728605
v -3.415544 1.775319 -10.728605
v -3.674182 1.775319 -10.779853
v -3.772972 1.775319 -10.862775
v -3.674182 1.775319 -10.945697
v -3.415544 1.775319 -10.996945
v -3.095851 1.775319 -10.996945
v -2.837213 1.775319 -10.945697
f 157 160 159
f 158 199 200
f 159 160 170
f 159 170 169
f 169 170 180
f 169 180 179
f 179 180 190
f 179 190 189
f 189 190 200
f 189 200 199
f 157 161 160
f 158 200 201
f 160 161 171
f 160 171 170
f 170 171 181
f 170 181 180
f 180 181 191
f 180 191 190
f 190 191 201
f 190 201 200
f 157 162 161
f 158 201 202
f 161 162 172
f 161 172 171
f 171 172 182
f 171 182 181
f 181 182 192
f 181 192 191
f 191 192 202
f 191 202 201
f 157 163 162
f 158 202 203
f 162 163 173
f 162 173 172
f 172 173 183
f 172 183 182
f 182 183 193
f 182 193 192
f 192 193 203
f 192 203 202
f 157 164 163
f 158 203 204
f 163 164 174
f 163 174 173
f 173 174 184
f 173 184 183
f 183 184 194
f 183 194 193
f 193 194 204
f 193 204 203
f 157 165 164
f 158 204 205
f 164 165 175
f 164 175 174
f 174 175 185
f 174 185 184
f 184 185 195
f 184 195 194
f 194 195 205
f 194 205 204
f 157 166 165
f 158 205 206
f 165 166 176
f 165 176 175
f 175 176 186
f 175 186 185
f 185 186 196
f 185 196 195
f 195 196 206
f 195 206 205
f 157 167 166
f 158 206 207
f 166 167 177
f 166 177 176
f 176 177 187
f 176 187 186
f 186 187 197
f 186 197 196
f 196 197 207
f 196 207 206
f 157 168 167
f 158 207 208
f 167 168 178
f 167 178 177
f 177 178 188
f 177 188 187
f 187 188 198
f 187 198 197
f 197 198 208
f 197 208 207
f 157 159 168
f 158 208 199
f 168 159 169
f 168 169 178
f 178 169 179
f 178 179 188
f 188 179 189
f 188 189 198
f 198 189 199
f 198 199 208
o LeftEyeWhite
usemtl color_4
s off
v -3.255697 3.586440 -11.160600
v -3.255697 1.743060 -11.160600
v -2.808960 3.462957 -11.160600
v -2.894279 3.462957 -11.086892
v -3.117648 3.462957 -11.041338
v -3.393747 3.462957 -11.041338
v -3.617116 3.462957 -11.086892
v -3.702435 3.462957 -11.160600
v -3.617116 3.462957 -11.234308
v -3.393747 3.462957 -11.279862
v -3.117648 3.462957 -11.279862
v -2.894279 3.462957 -11.234308
v -2.481925 3.125595 -11.160600
v -2.629703 3.125595 -11.032934
v -3.016589 3.125595 -10.954031
v -3.494806 3.125595 -10.954031
v -3.881692 3.125595 -11.032934
v -4.029470 3.125595 -11.160600
v -3.881692 3.125595 -11.288266
v -3.494806 3.125595 -11.367169
v -3.016589 3.125595 -11.367169
v -2.629703 3.125595 -11.288266
v -2.362222 2.664750 -11.160600
v -2.532861 2.664750 -11.013183
v -2.979599 2.664750 -10.922075
v -3.531796 2.664750 -10.922075
v -3.978534 2.664750 -11.013183
v -4.149172 2.664750 -11.160600
v -3.978534 2.664750 -11.308017
v -3.531796 2.664750 -11.399125
v -2.979599 2.664750 -11.399125
v -2.532861 2.664750 -11.308017
v -2.481925 2.203905 -11.160600
v -2.629703 2.203905 -11.032934
v -3.016589 2.203905 -10.954031
v -3.494806 2.203905 -10.954031
v -3.881692 2.203905 -11.032934
v -4.029470 2.203905 -11.160600
v -3.881692 2.203905 -11.288266
v -3.494806 2.203905 -11.367169
v -3.016589 2.203905 -11.367169
v -2.629703 2.203905 -11.288266
v -2.808960 1.866543 -11.160600
v -2.894279 1.866543 -11.086892
v -3.117648 1.866543 -11.041338
v -3.393747 1.866543 -11.041338
v -3.617116 1.866543 -11.086892
v -3.702435 1.866543 -11.160600
v -3.617116 1.866543 -11.234308
v -3.393747 1.866543 -11.279862
v -3.117648 1.866543 -11.279862
v -2.894279 1.866543 -11.234308
f 209 212 211
f 210 251 252
f 211 212 222
f 211 222 221
f 221 222 232
f 221 232 231
f 231 232 242
f 231 242 241
f 241 242 252
f 241 252 251
f 209 213 212
f 210 252 253
f 212 213 223
f 212 223 222
f 222 223 233
f 222 233 232
f 232 233 243
f 232 243 242
f 242 243 253
f 242 253 252
f 209 214 213
f 210 253 254
f 213 214 224
f 213 224 223
f 223 224 234
f 223 234 233
f 233 234 244
f 233 244 243
f 243 244 254
f 243 254 253
f 209 215 214
f 210 254 255
f 214 215 225
f 214 225 224
f 224 225 235
f 224 235 234
f 234 235 245
f 234 245 244
f 244 245 255
f 244 255 254
f 209 216 215
f 210 255 256
f 215 216 226
f 215 226 225
f 225 226 236
f 225 236 235
f 235 236 246
f 235 246 245
f 245 246 256
f 245 256 255
f 209 217 216
f 210 256 257
f 216 217 227
f 216 227 226
f 226 227 237
f 226 237 236
f 236 237 247
f 236 247 246
f 246 247 257
f 246 257 256
f 209 218 217
f 210 257 258
f 217 218 228
f 217 228 227
f 227 228 238
f 227 238 237
f 237 238 248
f 237 248 247
f 247 248 258
f 247 258 257
f 209 219 218
f 210 258 259
f 218 219 229
f 218 229 228
f 228 229 239
f 228 239 238
f 238 239 249
f 238 249 248
f 248 249 259
f 248 259 258
f 209 220 219
f 210 259 260
f 219 220 230
f 219 230 229
f 229 230 240
f 229 240 239
f 239 240 250
f 239 250 249
f 249 250 260
f 249 260 259
f 209 211 220
f 210 260 251
f 220 211 221
f 220 221 230
f 230 221 231
f 230 231 240
f 240 231 241
f 240 241 250
f 250 241 251
f 250 251 260
o LeftIris
usemtl color_5
s off
v -3.177322 3.428436 -11.442750
v -3.177322 1.901064 -11.442750
v -2.871660 3.326121 -11.442750
v -2.930036 3.326121 -11.382862
v -3.082868 3.326121 -11.345849
v -3.271777 3.326121 -11.345849
v -3.424609 3.326121 -11.382862
v -3.482985 3.326121 -11.442750
v -3.424609 3.326121 -11.502638
v -3.271777 3.326121 -11.539651
v -3.082868 3.326121 -11.539651
v -2.930036 3.326121 -11.502638
v -2.647900 3.046593 -11.442750
v -2.749010 3.046593 -11.339021
v -3.013722 3.046593 -11.274913
v -3.340923 3.046593 -11.274913
v -3.605635 3.046593 -11.339021
v -3.706745 3.046593 -11.442750
v -3.605635 3.046593 -11.546479
v -3.340923 3.046593 -11.610587
v -3.013722 3.046593 -11.610587
v -2.749010 3.046593 -11.546479
v -2.565997 2.664750 -11.442750
v -2.682750 2.664750 -11.322974
v -2.988413 2.664750 -11.248948
v -3.366232 2.664750 -11.248948
v -3.671895 2.664750 -11.322974
v -3.788647 2.664750 -11.442750
v -3.671895 2.664750 -11.562526
v -3.366232 2.664750 -11.636552
v -2.988413 2.664750 -11.636552
v -2.682750 2.664750 -11.562526
v -2.647900 2.282907 -11.442750
v -2.749010 2.282907 -11.339021
v -3.013722 2.282907 -11.274913
v -3.340923 2.282907 -11.274913
v -3.605635 2.282907 -11.339021
v -3.706745 2.282907 -11.442750
v -3.605635 2.282907 -11.546479
v -3.340923 2.282907 -11.610587
v -3.013722 2.282907 -11.610587
v -2.749010 2.282907 -11.546479
v -2.871660 2.003379 -11.442750
v -2.930036 2.003379 -11.382862
v -3.082868 2.003379 -11.345849
v -3.271777 2.003379 -11.345849
v -3.424609 2.003379 -11.382862
v -3.482985 2.003379 -11.442750
v -3.424609 2.003379 -11.502638
v -3.271777 2.003379 -11.539651
v -3.082868 2.003379 -11.539651
v -2.930036 2.003379 -11.502638
f 261 264 263
f 262 303 304
f 263 264 274
f 263 274 273
f 273 274 284
f 273 284 283
f 283 284 294
f 283 294 293
f 293 294 304
f 293 304 303
f 261 265 264
f 262 304 305
f 264 265 275
f 264 275 274
f 274 275 285
f 274 285 284
f 284 285 295
f 284 295 294
f 294 295 305
f 294 305 304
f 261 266 265
f 262 305 306
f 265 266 276
f 265 276 275
f 275 276 286
f 275 286 285
f 285 286 296
f 285 296 295
f 295 296 306
f 295 306 305
f 261 267 266
f 262 306 307
f 266 267 277
f 266 277 276
f 276 277 287
f 276 287 286
f 286 287 297
f 286 297 296
f 296 297 307
f 296 307 306
f 261 268 267
f 262 307 308
f 267 268 278
f 267 278 277
f 277 278 288
f 277 288 287
f 287 288 298
f 287 298 297
f 297 298 308
f 297 308 307
f 261 269 268
f 262 308 309
f 268 269 279
f 268 279 278
f 278 279 289
f 278 289 288
f 288 289 299
f 288 299 298
f 298 299 309
f 298 309 308
f 261 270 269
f 262 309 310
f 269 270 280
f 269 280 279
f 279 280 290
f 279 290 289
f 289 290 300
f 289 300 299
f 299 300 310
f 299 310 309
f 261 271 270
f 262 310 311
f 270 271 281
f 270 281 280
f 280 281 291
f 280 291 290
f 290 291 301
f 290 301 300
f 300 301 311
f 300 311 310
f 261 272 271
f 262 311 312
f 271 272 282
f 271 282 281
f 281 282 292
f 281 292 291
f 291 292 302
f 291 302 301
f 301 302 312
f 301 312 311
f 261 263 272
f 262 312 303
f 272 263 273
f 272 273 282
f 282 273 283
f 282 283 292
f 292 283 293
f 292 293 302
f 302 293 303
f 302 303 312
o LeftPupil
usemtl color_6
s off
v -3.161647 3.244098 -11.615175
v -3.161647 2.085402 -11.615175
v -2.973547 3.166480 -11.615175
v -3.009471 3.166480 -11.578321
v -3.103521 3.166480 -11.555544
v -3.219774 3.166480 -11.555544
v -3.313824 3.166480 -11.578321
v -3.349747 3.166480 -11.615175
v -3.313824 3.166480 -11.652029
v -3.219774 3.166480 -11.674806
v -3.103521 3.166480 -11.674806
v -3.009471 3.166480 -11.652029
v -2.835849 2.954424 -11.615175
v -2.898071 2.954424 -11.551342
v -3.060970 2.954424 -11.511891
v -3.262325 2.954424 -11.511891
v -3.425224 2.954424 -11.551342
v -3.487446 2.954424 -11.615175
v -3.425224 2.954424 -11.679008
v -3.262325 2.954424 -11.718459
v -3.060970 2.954424 -11.718459
v -2.898071 2.954424 -11.679008
v -2.785447 2.664750 -11.615175
v -2.857295 2.664750 -11.541467
v -3.045395 2.664750 -11.495913
v -3.277900 2.664750 -11.495913
v -3.466000 2.664750 -11.541467
v -3.537847 2.664750 -11.615175
v -3.466000 2.664750 -11.688883
v -3.277900 2.664750 -11.734437
v -3.045395 2.664750 -11.734437
v -2.857295 2.664750 -11.688883
v -2.835849 2.375076 -11.615175
v -2.898071 2.375076 -11.551342
v -3.060970 2.375076 -11.511891
v -3.262325 2.375076 -11.511891
v -3.425224 2.375076 -11.551342
v -3.487446 2.375076 -11.615175
v -3.425224 2.375076 -11.679008
v -3.262325 2.375076 -11.718459
v -3.060970 2.375076 -11.718459
v -2.898071 2.375076 -11.679008
v -2.973547 2.163020 -11.615175
v -3.009471 2.163020 -11.578321
v -3.103521 2.163020 -11.555544
v -3.219774 2.163020 -11.555544
v -3.313824 2.163020 -11.578321
v -3.349747 2.163020 -11.615175
v -3.313824 2.163020 -11.652029
v -3.219774 2.163020 -11.674806
v -3.103521 2.163020 -11.674806
v -3.009471 2.163020 -11.652029
f 313 316 315
f 314 355 356
f 315 316 326
f 315 326 325
f 325 326 336
f 325 336 335
f 335 336 346
f 335 346 345
f 345 346 356
f 345 356 355
f 313 317 316
f 314 356 357
f 316 317 327
f 316 327 326
f 326 327 337
f 326 337 336
f 336 337 347
f 336 347 346
f 346 347 357
f 346 357 356
f 313 318 317
f 314 357 358
f 317 318 328
f 317 328 327
f 327 328 338
f 327 338 337
f 337 338 348
f 337 348 347
f 347 348 358
f 347 358 357
f 313 319 318
f 314 358 359
f 318 319 329
f 318 329 328
f 328 329 339
f 328 339 338
f 338 339 349
f 338 349 348
f 348 349 359
f 348 359 358
f 313 320 319
f 314 359 360
f 319 320 330
f 319 330 329
f 329 330 340
f 329 340 339
f 339 340 350
f 339 350 349
f 349 350 360
f 349 360 359
f 313 321 320
f 314 360 361
f 320 321 331
f 320 331 330
f 330 331 341
f 330 341 340
f 340 341 351
f 340 351 350
f 350 351 361
f 350 361 360
f 313 322 321
f 314 361 362
f 321 322 332
f 321 332 331
f 331 332 342
f 331 342 341
f 341 342 352
f 341 352 351
f 351 352 362
f 351 362 361
f 313 323 322
f 314 362 363
f 322 323 333
f 322 333 332
f 332 333 343
f 332 343 342
f 342 343 353
f 342 353 352
f 352 353 363
f 352 363 362
f 313 324 323
f 314 363 364
f 323 324 334
f 323 334 333
f 333 334 344
f 333 344 343
f 343 344 354
f 343 354 353
f 353 354 364
f 353 364 363
f 313 315 324
f 314 364 355
f 324 315 325
f 324 325 334
f 334 325 335
f 334 335 344
f 344 335 345
f 344 345 354
f 354 345 355
f 354 355 364
o LeftShine
usemtl color_7
s off
v -2.942197 3.363228 -11.765655
v -2.942197 2.861628 -11.765655
v -2.848147 3.329627 -11.765655
v -2.866109 3.329627 -11.744925
v -2.913134 3.329627 -11.732112
v -2.971261 3.329627 -11.732112
v -3.018286 3.329627 -11.744925
v -3.036247 3.329627 -11.765655
v -3.018286 3.329627 -11.786385
v -2.971261 3.329627 -11.799198
v -2.913134 3.329627 -11.799198
v -2.866109 3.329627 -11.786385
v -2.779298 3.237828 -11.765655
v -2.810409 3.237828 -11.729749
v -2.891859 3.237828 -11.707558
v -2.992536 3.237828 -11.707558
v -3.073986 3.237828 -11.729749
v -3.105097 3.237828 -11.765655
v -3.073986 3.237828 -11.801561
v -2.992536 3.237828 -11.823752
v -2.891859 3.237828 -11.823752
v -2.810409 3.237828 -11.801561
v -2.754097 3.112428 -11.765655
v -2.790021 3.112428 -11.724194
v -2.884071 3.112428 -11.698570
v -3.000324 3.112428 -11.698570
v -3.094374 3.112428 -11.724194
v -3.130297 3.112428 -11.765655
v -3.094374 3.112428 -11.807116
v -3.000324 3.112428 -11.832740
v -2.884071 3.112428 -11.832740
v -2.790021 3.112428 -11.807116
v -2.779298 2.987028 -11.765655
v -2.810409 2.987028 -11.729749
v -2.891859 2.987028 -11.707558
v -2.992536 2.987028 -11.707558
v -3.073986 2.987028 -11.729749
v -3.105097 2.987028 -11.765655
v -3.073986 2.987028 -11.801561
v -2.992536 2.987028 -11.823752
v -2.891859 2.987028 -11.823752
v -2.810409 2.987028 -11.801561
v -2.848147 2.895229 -11.765655
v -2.866109 2.895229 -11.744925
v -2.913134 2.895229 -11.732112
v -2.971261 2.895229 -11.732112
v -3.018286 2.895229 -11.744925
v -3.036247 2.895229 -11.765655
v -3.018286 2.895229 -11.786385
v -2.971261 2.895229 -11.799198
v -2.913134 2.895229 -11.799198
v -2.866109 2.895229 -11.786385
f 365 368 367
f 366 407 408
f 367 368 378
f 367 378 377
f 377 378 388
f 377 388 387
f 387 388 398
f 387 398 397
f 397 398 408
f 397 408 407
f 365 369 368
f 366 408 409
f 368 369 379
f 368 379 378
f 378 379 389
f 378 389 388
f 388 389 399
f 388 399 398
f 398 399 409
f 398 409 408
f 365 370 369
f 366 409 410
f 369 370 380
f 369 380 379
f 379 380 390
f 379 390 389
f 389 390 400
f 389 400 399
f 399 400 410
f 399 410 409
f 365 371 370
f 366 410 411
f 370 371 381
f 370 381 380
f 380 381 391
f 380 391 390
f 390 391 401
f 390 401 400
f 400 401 411
f 400 411 410
f 365 372 371
f 366 411 412
f 371 372 382
f 371 382 381
f 381 382 392
f 381 392 391
f 391 392 402
f 391 402 401
f 401 402 412
f 401 412 411
f 365 373 372
f 366 412 413
f 372 373 383
f 372 383 382
f 382 383 393
f 382 393 392
f 392 393 403
f 392 403 402
f 402 403 413
f 402 413 412
f 365 374 373
f 366 413 414
f 373 374 384
f 373 384 383
f 383 384 394
f 383 394 393
f 393 394 404
f 393 404 403
f 403 404 414
f 403 414 413
f 365 375 374
f 366 414 415
f 374 375 385
f 374 385 384
f 384 385 395
f 384 395 394
f 394 395 405
f 394 405 404
f 404 405 415
f 404 415 414
f 365 376 375
f 366 415 416
f 375 376 386
f 375 386 385
f 385 386 396
f 385 396 395
f 395 396 406
f 395 406 405
f 405 406 416
f 405 416 415
f 365 367 376
f 366 416 407
f 376 367 377
f 376 377 386
f 386 377 387
f 386 387 396
f 396 387 397
f 396 397 406
f 406 397 407
f 406 407 416
o LeftBrow
usemtl color_8
s off
v -3.191231 4.187342 -10.941150
v -3.320164 3.670222 -10.941150
v -2.644726 4.014289 -10.941150
v -2.750748 4.040723 -10.844408
v -3.028320 4.109929 -10.784618
v -3.371417 4.195473 -10.784618
v -3.648988 4.264679 -10.844408
v -3.755011 4.291114 -10.941150
v -3.648988 4.264679 -11.037892
v -3.371417 4.195473 -11.097682
v -3.028320 4.109929 -11.097682
v -2.750748 4.040723 -11.037892
v -2.261929 3.818324 -10.941150
v -2.445566 3.864110 -10.773588
v -2.926334 3.983979 -10.670029
v -3.520595 4.132145 -10.670029
v -4.001363 4.252014 -10.773588
v -4.185000 4.297799 -10.941150
v -4.001363 4.252014 -11.108712
v -3.520595 4.132145 -11.212271
v -2.926334 3.983979 -11.212271
v -2.445566 3.864110 -11.108712
v -2.145412 3.651957 -10.941150
v -2.357458 3.704826 -10.747666
v -2.912601 3.843238 -10.628086
v -3.598794 4.014326 -10.628086
v -4.153937 4.152738 -10.747666
v -4.365983 4.205607 -10.941150
v -4.153937 4.152738 -11.134634
v -3.598794 4.014326 -11.254214
v -2.912601 3.843238 -11.254214
v -2.357458 3.704826 -11.134634
v -2.326395 3.559765 -10.941150
v -2.510032 3.605550 -10.773588
v -2.990800 3.725419 -10.670029
v -3.585061 3.873585 -10.670029
v -4.065829 3.993454 -10.773588
v -4.249466 4.039240 -10.941150
v -4.065829 3.993454 -11.108712
v -3.585061 3.873585 -11.212271
v -2.990800 3.725419 -11.212271
v -2.510032 3.605550 -11.108712
v -2.756384 3.566450 -10.941150
v -2.862407 3.592885 -10.844408
v -3.139978 3.662091 -10.784618
v -3.483075 3.747635 -10.784618
v -3.760647 3.816841 -10.844408
v -3.866669 3.843275 -10.941150
v -3.760647 3.816841 -11.037892
v -3.483075 3.747635 -11.097682
v -3.139978 3.662091 -11.097682
v -2.862407 3.592885 -11.037892
f 417 420 419
f 418 459 460
f 419 420 430
f 419 430 429
f 429 430 440
f 429 440 439
f 439 440 450
f 439 450 449
f 449 450 460
f 449 460 459
f 417 421 420
f 418 460 461
f 420 421 431
f 420 431 430
f 430 431 441
f 430 441 440
f 440 441 451
f 440 451 450
f 450 451 461
f 450 461 460
f 417 422 421
f 418 461 462
f 421 422 432
f 421 432 431
f 431 432 442
f 431 442 441
f 441 442 452
f 441 452 451
f 451 452 462
f 451 462 461
f 417 423 422
f 418 462 463
f 422 423 433
f 422 433 432
f 432 433 443
f 432 443 442
f 442 443 453
f 442 453 452
f 452 453 463
f 452 463 462
f 417 424 423
f 418 463 464
f 423 424 434
f 423 434 433
f 433 434 444
f 433 444 443
f 443 444 454
f 443 454 453
f 453 454 464
f 453 464 463
f 417 425 424
f 418 464 465
f 424 425 435
f 424 435 434
f 434 435 445
f 434 445 444
f 444 445 455
f 444 455 454
f 454 455 465
f 454 465 464
f 417 426 425
f 418 465 466
f 425 426 436
f 425 436 435
f 435 436 446
f 435 446 445
f 445 446 456
f 445 456 455
f 455 456 466
f 455 466 465
f 417 427 426
f 418 466 467
f 426 427 437
f 426 437 436
f 436 437 447
f 436 447 446
f 446 447 457
f 446 457 456
f 456 457 467
f 456 467 466
f 417 428 427
f 418 467 468
f 427 428 438
f 427 438 437
f 437 438 448
f 437 448 447
f 447 448 458
f 447 458 457
f 457 458 468
f 457 468 467
f 417 419 428
f 418 468 459
f 428 419 429
f 428 429 438
f 438 429 439
f 438 439 448
f 448 439 449
f 448 449 458
f 458 449 459
f 458 459 468
o RightEyeRim
usemtl color_9
s off
v 3.255697 3.691776 -10.862775
v 3.255697 1.637724 -10.862775
v 3.772972 3.554181 -10.862775
v 3.674182 3.554181 -10.779853
v 3.415544 3.554181 -10.728605
v 3.095851 3.554181 -10.728605
v 2.837213 3.554181 -10.779853
v 2.738422 3.554181 -10.862775
v 2.837213 3.554181 -10.945697
v 3.095851 3.554181 -10.996945
v 3.415544 3.554181 -10.996945
v 3.674182 3.554181 -10.945697
v 4.151644 3.178263 -10.862775
v 3.980534 3.178263 -10.719150
v 3.532560 3.178263 -10.630385
v 2.978835 3.178263 -10.630385
v 2.530861 3.178263 -10.719150
v 2.359751 3.178263 -10.862775
v 2.530861 3.178263 -11.006400
v 2.978835 3.178263 -11.095165
v 3.532560 3.178263 -11.095165
v 3.980534 3.178263 -11.006400
v 4.290247 2.664750 -10.862775
v 4.092666 2.664750 -10.696931
v 3.575391 2.664750 -10.594434
v 2.936004 2.664750 -10.594434
v 2.418729 2.664750 -10.696931
v 2.221147 2.664750 -10.862775
v 2.418729 2.664750 -11.028619
v 2.936004 2.664750 -11.131116
v 3.575391 2.664750 -11.131116
v 4.092666 2.664750 -11.028619
v 4.151644 2.151237 -10.862775
v 3.980534 2.151237 -10.719150
v 3.532560 2.151237 -10.630385
v 2.978835 2.151237 -10.630385
v 2.530861 2.151237 -10.719150
v 2.359751 2.151237 -10.862775
v 2.530861 2.151237 -11.006400
v 2.978835 2.151237 -11.095165
v 3.532560 2.151237 -11.095165
v 3.980534 2.151237 -11.006400
v 3.772972 1.775319 -10.862775
v 3.674182 1.775319 -10.779853
v 3.415544 1.775319 -10.728605
v 3.095851 1.775319 -10.728605
v 2.837213 1.775319 -10.779853
v 2.738422 1.775319 -10.862775
v 2.837213 1.775319 -10.945697
v 3.095851 1.775319 -10.996945
v 3.415544 1.775319 -10.996945
v 3.674182 1.775319 -10.945697
f 469 472 471
f 470 511 512
f 471 472 482
f 471 482 481
f 481 482 492
f 481 492 491
f 491 492 502
f 491 502 501
f 501 502 512
f 501 512 511
f 469 473 472
f 470 512 513
f 472 473 483
f 472 483 482
f 482 483 493
f 482 493 492
f 492 493 503
f 492 503 502
f 502 503 513
f 502 513 512
f 469 474 473
f 470 513 514
f 473 474 484
f 473 484 483
f 483 484 494
f 483 494 493
f 493 494 504
f 493 504 503
f 503 504 514
f 503 514 513
f 469 475 474
f 470 514 515
f 474 475 485
f 474 485 484
f 484 485 495
f 484 495 494
f 494 495 505
f 494 505 504
f 504 505 515
f 504 515 514
f 469 476 475
f 470 515 516
f 475 476 486
f 475 486 485
f 485 486 496
f 485 496 495
f 495 496 506
f 495 506 505
f 505 506 516
f 505 516 515
f 469 477 476
f 470 516 517
f 476 477 487
f 476 487 486
f 486 487 497
f 486 497 496
f 496 497 507
f 496 507 506
f 506 507 517
f 506 517 516
f 469 478 477
f 470 517 518
f 477 478 488
f 477 488 487
f 487 488 498
f 487 498 497
f 497 498 508
f 497 508 507
f 507 508 518
f 507 518 517
f 469 479 478
f 470 518 519
f 478 479 489
f 478 489 488
f 488 489 499
f 488 499 498
f 498 499 509
f 498 509 508
f 508 509 519
f 508 519 518
f 469 480 479
f 470 519 520
f 479 480 490
f 479 490 489
f 489 490 500
f 489 500 499
f 499 500 510
f 499 510 509
f 509 510 520
f 509 520 519
f 469 471 480
f 470 520 511
f 480 471 481
f 480 481 490
f 490 481 491
f 490 491 500
f 500 491 501
f 500 501 510
f 510 501 511
f 510 511 520
o RightEyeWhite
usemtl color_10
s off
v 3.255697 3.586440 -11.160600
v 3.255697 1.743060 -11.160600
v 3.702435 3.462957 -11.160600
v 3.617116 3.462957 -11.086892
v 3.393747 3.462957 -11.041338
v 3.117648 3.462957 -11.041338
v 2.894279 3.462957 -11.086892
v 2.808960 3.462957 -11.160600
v 2.894279 3.462957 -11.234308
v 3.117648 3.462957 -11.279862
v 3.393747 3.462957 -11.279862
v 3.617116 3.462957 -11.234308
v 4.029470 3.125595 -11.160600
v 3.881692 3.125595 -11.032934
v 3.494806 3.125595 -10.954031
v 3.016589 3.125595 -10.954031
v 2.629703 3.125595 -11.032934
v 2.481925 3.125595 -11.160600
v 2.629703 3.125595 -11.288266
v 3.016589 3.125595 -11.367169
v 3.494806 3.125595 -11.367169
v 3.881692 3.125595 -11.288266
v 4.149172 2.664750 -11.160600
v 3.978534 2.664750 -11.013183
v 3.531796 2.664750 -10.922075
v 2.979599 2.664750 -10.922075
v 2.532861 2.664750 -11.013183
v 2.362222 2.664750 -11.160600
v 2.532861 2.664750 -11.308017
v 2.979599 2.664750 -11.399125
v 3.531796 2.664750 -11.399125
v 3.978534 2.664750 -11.308017
v 4.029470 2.203905 -11.160600
v 3.881692 2.203905 -11.032934
v 3.494806 2.203905 -10.954031
v 3.016589 2.203905 -10.954031
v 2.629703 2.203905 -11.032934
v 2.481925 2.203905 -11.160600
v 2.629703 2.203905 -11.288266
v 3.016589 2.203905 -11.367169
v 3.494806 2.203905 -11.367169
v 3.881692 2.203905 -11.288266
v 3.702435 1.866543 -11.160600
v 3.617116 1.866543 -11.086892
v 3.393747 1.866543 -11.041338
v 3.117648 1.866543 -11.041338
v 2.894279 1.866543 -11.086892
v 2.808960 1.866543 -11.160600
v 2.894279 1.866543 -11.234308
v 3.117648 1.866543 -11.279862
v 3.393747 1.866543 -11.279862
v 3.617116 1.866543 -11.234308
f 521 524 523
f 522 563 564
f 523 524 534
f 523 534 533
f 533 534 544
f 533 544 543
f 543 544 554
f 543 554 553
f 553 554 564
f 553 564 563
f 521 525 524
f 522 564 565
f 524 525 535
f 524 535 534
f 534 535 545
f 534 545 544
f 544 545 555
f 544 555 554
f 554 555 565
f 554 565 564
f 521 526 525
f 522 565 566
f 525 526 536
f 525 536 535
f 535 536 546
f 535 546 545
f 545 546 556
f 545 556 555
f 555 556 566
f 555 566 565
f 521 527 526
f 522 566 567
f 526 527 537
f 526 537 536
f 536 537 547
f 536 547 546
f 546 547 557
f 546 557 556
f 556 557 567
f 556 567 566
f 521 528 527
f 522 567 568
f 527 528 538
f 527 538 537
f 537 538 548
f 537 548 547
f 547 548 558
f 547 558 557
f 557 558 568
f 557 568 567
f 521 529 528
f 522 568 569
f 528 529 539
f 528 539 538
f 538 539 549
f 538 549 548
f 548 549 559
f 548 559 558
f 558 559 569
f 558 569 568
f 521 530 529
f 522 569 570
f 529 530 540
f 529 540 539
f 539 540 550
f 539 550 549
f 549 550 560
f 549 560 559
f 559 560 570
f 559 570 569
f 521 531 530
f 522 570 571
f 530 531 541
f 530 541 540
f 540 541 551
f 540 551 550
f 550 551 561
f 550 561 560
f 560 561 571
f 560 571 570
f 521 532 531
f 522 571 572
f 531 532 542
f 531 542 541
f 541 542 552
f 541 552 551
f 551 552 562
f 551 562 561
f 561 562 572
f 561 572 571
f 521 523 532
f 522 572 563
f 532 523 533
f 532 533 542
f 542 533 543
f 542 543 552
f 552 543 553
f 552 553 562
f 562 553 563
f 562 563 572
o RightIris
usemtl color_11
s off
v 3.177322 3.428436 -11.442750
v 3.177322 1.901064 -11.442750
v 3.482985 3.326121 -11.442750
v 3.424609 3.326121 -11.382862
v 3.271777 3.326121 -11.345849
v 3.082868 3.326121 -11.345849
v 2.930036 3.326121 -11.382862
v 2.871660 3.326121 -11.442750
v 2.930036 3.326121 -11.502638
v 3.082868 3.326121 -11.539651
v 3.271777 3.326121 -11.539651
v 3.424609 3.326121 -11.502638
v 3.706745 3.046593 -11.442750
v 3.605635 3.046593 -11.339021
v 3.340923 3.046593 -11.274913
v 3.013722 3.046593 -11.274913
v 2.749010 3.046593 -11.339021
v 2.647900 3.046593 -11.442750
v 2.749010 3.046593 -11.546479
v 3.013722 3.046593 -11.610587
v 3.340923 3.046593 -11.610587
v 3.605635 3.046593 -11.546479
v 3.788647 2.664750 -11.442750
v 3.671895 2.664750 -11.322974
v 3.366232 2.664750 -11.248948
v 2.988413 2.664750 -11.248948
v 2.682750 2.664750 -11.322974
v 2.565997 2.664750 -11.442750
v 2.682750 2.664750 -11.562526
v 2.988413 2.664750 -11.636552
v 3.366232 2.664750 -11.636552
v 3.671895 2.664750 -11.562526
v 3.706745 2.282907 -11.442750
v 3.605635 2.282907 -11.339021
v 3.340923 2.282907 -11.274913
v 3.013722 2.282907 -11.274913
v 2.749010 2.282907 -11.339021
v 2.647900 2.282907 -11.442750
v 2.749010 2.282907 -11.546479
v 3.013722 2.282907 -11.610587
v 3.340923 2.282907 -11.610587
v 3.605635 2.282907 -11.546479
v 3.482985 2.003379 -11.442750
v 3.424609 2.003379 -11.382862
v 3.271777 2.003379 -11.345849
v 3.082868 2.003379 -11.345849
v 2.930036 2.003379 -11.382862
v 2.871660 2.003379 -11.442750
v 2.930036 2.003379 -11.502638
v 3.082868 2.003379 -11.539651
v 3.271777 2.003379 -11.539651
v 3.424609 2.003379 -11.502638
f 573 576 575
f 574 615 616
f 575 576 586
f 575 586 585
f 585 586 596
f 585 596 595
f 595 596 606
f 595 606 605
f 605 606 616
f 605 616 615
f 573 577 576
f 574 616 617
f 576 577 587
f 576 587 586
f 586 587 597
f 586 597 596
f 596 597 607
f 596 607 606
f 606 607 617
f 606 617 616
f 573 578 577
f 574 617 618
f 577 578 588
f 577 588 587
f 587 588 598
f 587 598 597
f 597 598 608
f 597 608 607
f 607 608 618
f 607 618 617
f 573 579 578
f 574 618 619
f 578 579 589
f 578 589 588
f 588 589 599
f 588 599 598
f 598 599 609
f 598 609 608
f 608 609 619
f 608 619 618
f 573 580 579
f 574 619 620
f 579 580 590
f 579 590 589
f 589 590 600
f 589 600 599
f 599 600 610
f 599 610 609
f 609 610 620
f 609 620 619
f 573 581 580
f 574 620 621
f 580 581 591
f 580 591 590
f 590 591 601
f 590 601 600
f 600 601 611
f 600 611 610
f 610 611 621
f 610 621 620
f 573 582 581
f 574 621 622
f 581 582 592
f 581 592 591
f 591 592 602
f 591 602 601
f 601 602 612
f 601 612 611
f 611 612 622
f 611 622 621
f 573 583 582
f 574 622 623
f 582 583 593
f 582 593 592
f 592 593 603
f 592 603 602
f 602 603 613
f 602 613 612
f 612 613 623
f 612 623 622
f 573 584 583
f 574 623 624
f 583 584 594
f 583 594 593
f 593 594 604
f 593 604 603
f 603 604 614
f 603 614 613
f 613 614 624
f 613 624 623
f 573 575 584
f 574 624 615
f 584 575 585
f 584 585 594
f 594 585 595
f 594 595 604
f 604 595 605
f 604 605 614
f 614 605 615
f 614 615 624
o RightPupil
usemtl color_12
s off
v 3.161647 3.244098 -11.615175
v 3.161647 2.085402 -11.615175
v 3.349747 3.166480 -11.615175
v 3.313824 3.166480 -11.578321
v 3.219774 3.166480 -11.555544
v 3.103521 3.166480 -11.555544
v 3.009471 3.166480 -11.578321
v 2.973547 3.166480 -11.615175
v 3.009471 3.166480 -11.652029
v 3.103521 3.166480 -11.674806
v 3.219774 3.166480 -11.674806
v 3.313824 3.166480 -11.652029
v 3.487446 2.954424 -11.615175
v 3.425224 2.954424 -11.551342
v 3.262325 2.954424 -11.511891
v 3.060970 2.954424 -11.511891
v 2.898071 2.954424 -11.551342
v 2.835849 2.954424 -11.615175
v 2.898071 2.954424 -11.679008
v 3.060970 2.954424 -11.718459
v 3.262325 2.954424 -11.718459
v 3.425224 2.954424 -11.679008
v 3.537847 2.664750 -11.615175
v 3.466000 2.664750 -11.541467
v 3.277900 2.664750 -11.495913
v 3.045395 2.664750 -11.495913
v 2.857295 2.664750 -11.541467
v 2.785447 2.664750 -11.615175
v 2.857295 2.664750 -11.688883
v 3.045395 2.664750 -11.734437
v 3.277900 2.664750 -11.734437
v 3.466000 2.664750 -11.688883
v 3.487446 2.375076 -11.615175
v 3.425224 2.375076 -11.551342
v 3.262325 2.375076 -11.511891
v 3.060970 2.375076 -11.511891
v 2.898071 2.375076 -11.551342
v 2.835849 2.375076 -11.615175
v 2.898071 2.375076 -11.679008
v 3.060970 2.375076 -11.718459
v 3.262325 2.375076 -11.718459
v 3.425224 2.375076 -11.679008
v 3.349747 2.163020 -11.615175
v 3.313824 2.163020 -11.578321
v 3.219774 2.163020 -11.555544
v 3.103521 2.163020 -11.555544
v 3.009471 2.163020 -11.578321
v 2.973547 2.163020 -11.615175
v 3.009471 2.163020 -11.652029
v 3.103521 2.163020 -11.674806
v 3.219774 2.163020 -11.674806
v 3.313824 2.163020 -11.652029
f 625 628 627
f 626 667 668
f 627 628 638
f 627 638 637
f 637 638 648
f 637 648 647
f 647 648 658
f 647 658 657
f 657 658 668
f 657 668 667
f 625 629 628
f 626 668 669
f 628 629 639
f 628 639 638
f 638 639 649
f 638 649 648
f 648 649 659
f 648 659 658
f 658 659 669
f 658 669 668
f 625 630 629
f 626 669 670
f 629 630 640
f 629 640 639
f 639 640 650
f 639 650 649
f 649 650 660
f 649 660 659
f 659 660 670
f 659 670 669
f 625 631 630
f 626 670 671
f 630 631 641
f 630 641 640
f 640 641 651
f 640 651 650
f 650 651 661
f 650 661 660
f 660 661 671
f 660 671 670
f 625 632 631
f 626 671 672
f 631 632 642
f 631 642 641
f 641 642 652
f 641 652 651
f 651 652 662
f 651 662 661
f 661 662 672
f 661 672 671
f 625 633 632
f 626 672 673
f 632 633 643
f 632 643 642
f 642 643 653
f 642 653 652
f 652 653 663
f 652 663 662
f 662 663 673
f 662 673 672
f 625 634 633
f 626 673 674
f 633 634 644
f 633 644 643
f 643 644 654
f 643 654 653
f 653 654 664
f 653 664 663
f 663 664 674
f 663 674 673
f 625 635 634
f 626 674 675
f 634 635 645
f 634 645 644
f 644 645 655
f 644 655 654
f 654 655 665
f 654 665 664
f 664 665 675
f 664 675 674
f 625 636 635
f 626 675 676
f 635 636 646
f 635 646 645
f 645 646 656
f 645 656 655
f 655 656 666
f 655 666 665
f 665 666 676
f 665 676 675
f 625 627 636
f 626 676 667
f 636 627 637
f 636 637 646
f 646 637 647
f 646 647 656
f 656 647 657
f 656 657 666
f 666 657 667
f 666 667 676
o RightShine
usemtl color_13
s off
v 2.942197 3.363228 -11.765655
v 2.942197 2.861628 -11.765655
v 3.036247 3.329627 -11.765655
v 3.018286 3.329627 -11.744925
v 2.971261 3.329627 -11.732112
v 2.913134 3.329627 -11.732112
v 2.866109 3.329627 -11.744925
v 2.848147 3.329627 -11.765655
v 2.866109 3.329627 -11.786385
v 2.913134 3.329627 -11.799198
v 2.971261 3.329627 -11.799198
v 3.018286 3.329627 -11.786385
v 3.105097 3.237828 -11.765655
v 3.073986 3.237828 -11.729749
v 2.992536 3.237828 -11.707558
v 2.891859 3.237828 -11.707558
v 2.810409 3.237828 -11.729749
v 2.779298 3.237828 -11.765655
v 2.810409 3.237828 -11.801561
v 2.891859 3.237828 -11.823752
v 2.992536 3.237828 -11.823752
v 3.073986 3.237828 -11.801561
v 3.130297 3.112428 -11.765655
v 3.094374 3.112428 -11.724194
v 3.000324 3.112428 -11.698570
v 2.884071 3.112428 -11.698570
v 2.790021 3.112428 -11.724194
v 2.754097 3.112428 -11.765655
v 2.790021 3.112428 -11.807116
v 2.884071 3.112428 -11.832740
v 3.000324 3.112428 -11.832740
v 3.094374 3.112428 -11.807116
v 3.105097 2.987028 -11.765655
v 3.073986 2.987028 -11.729749
v 2.992536 2.987028 -11.707558
v 2.891859 2.987028 -11.707558
v 2.810409 2.987028 -11.729749
v 2.779298 2.987028 -11.765655
v 2.810409 2.987028 -11.801561
v 2.891859 2.987028 -11.823752
v 2.992536 2.987028 -11.823752
v 3.073986 2.987028 -11.801561
v 3.036247 2.895229 -11.765655
v 3.018286 2.895229 -11.744925
v 2.971261 2.895229 -11.732112
v 2.913134 2.895229 -11.732112
v 2.866109 2.895229 -11.744925
v 2.848147 2.895229 -11.765655
v 2.866109 2.895229 -11.786385
v 2.913134 2.895229 -11.799198
v 2.971261 2.895229 -11.799198
v 3.018286 2.895229 -11.786385
f 677 680 679
f 678 719 720
f 679 680 690
f 679 690 689
f 689 690 700
f 689 700 699
f 699 700 710
f 699 710 709
f 709 710 720
f 709 720 719
f 677 681 680
f 678 720 721
f 680 681 691
f 680 691 690
f 690 691 701
f 690 701 700
f 700 701 711
f 700 711 710
f 710 711 721
f 710 721 720
f 677 682 681
f 678 721 722
f 681 682 692
f 681 692 691
f 691 692 702
f 691 702 701
f 701 702 712
f 701 712 711
f 711 712 722
f 711 722 721
f 677 683 682
f 678 722 723
f 682 683 693
f 682 693 692
f 692 693 703
f 692 703 702
f 702 703 713
f 702 713 712
f 712 713 723
f 712 723 722
f 677 684 683
f 678 723 724
f 683 684 694
f 683 694 693
f 693 694 704
f 693 704 703
f 703 704 714
f 703 714 713
f 713 714 724
f 713 724 723
f 677 685 684
f 678 724 725
f 684 685 695
f 684 695 694
f 694 695 705
f 694 705 704
f 704 705 715
f 704 715 714
f 714 715 725
f 714 725 724
f 677 686 685
f 678 725 726
f 685 686 696
f 685 696 695
f 695 696 706
f 695 706 705
f 705 706 716
f 705 716 715
f 715 716 726
f 715 726 725
f 677 687 686
f 678 726 727
f 686 687 697
f 686 697 696
f 696 697 707
f 696 707 706
f 706 707 717
f 706 717 716
f 716 717 727
f 716 727 726
f 677 688 687
f 678 727 728
f 687 688 698
f 687 698 697
f 697 698 708
f 697 708 707
f 707 708 718
f 707 718 717
f 717 718 728
f 717 728 727
f 677 679 688
f 678 728 719
f 688 679 689
f 688 689 698
f 698 689 699
f 698 699 708
f 708 699 709
f 708 709 718
f 718 709 719
f 718 719 728
o RightBrow
usemtl color_14
s off
v 3.191231 4.187342 -10.941150
v 3.320164 3.670222 -10.941150
v 3.755011 4.291114 -10.941150
v 3.648988 4.264679 -10.844408
v 3.371417 4.195473 -10.784618
v 3.028320 4.109929 -10.784618
v 2.750748 4.040723 -10.844408
v 2.644726 4.014289 -10.941150
v 2.750748 4.040723 -11.037892
v 3.028320 4.109929 -11.097682
v 3.371417 4.195473 -11.097682
v 3.648988 4.264679 -11.037892
v 4.185000 4.297799 -10.941150
v 4.001363 4.252014 -10.773588
v 3.520595 4.132145 -10.670029
v 2.926334 3.983979 -10.670029
v 2.445566 3.864110 -10.773588
v 2.261929 3.818324 -10.941150
v 2.445566 3.864110 -11.108712
v 2.926334 3.983979 -11.212271
v 3.520595 4.132145 -11.212271
v 4.001363 4.252014 -11.108712
v 4.365983 4.205607 -10.941150
v 4.153937 4.152738 -10.747666
v 3.598794 4.014326 -10.628086
v 2.912601 3.843238 -10.628086
v 2.357458 3.704826 -10.747666
v 2.145412 3.651957 -10.941150
v 2.357458 3.704826 -11.134634
v 2.912601 3.843238 -11.254214
v 3.598794 4.014326 -11.254214
v 4.153937 4.152738 -11.134634
v 4.249466 4.039240 -10.941150
v 4.065829 3.993454 -10.773588
v 3.585061 3.873585 -10.670029
v 2.990800 3.725419 -10.670029
v 2.510032 3.605550 -10.773588
v 2.326395 3.559765 -10.941150
v 2.510032 3.605550 -11.108712
v 2.990800 3.725419 -11.212271
v 3.585061 3.873585 -11.212271
v 4.065829 3.993454 -11.108712
v 3.866669 3.843275 -10.941150
v 3.760647 3.816841 -10.844408
v 3.483075 3.747635 -10.784618
v 3.139978 3.662091 -10.784618
v 2.862407 3.592885 -10.844408
v 2.756384 3.566450 -10.941150
v 2.862407 3.592885 -11.037892
v 3.139978 3.662091 -11.097682
v 3.483075 3.747635 -11.097682
v 3.760647 3.816841 -11.037892
f 729 732 731
f 730 771 772
f 731 732 742
f 731 742 741
f 741 742 752
f 741 752 751
f 751 752 762
f 751 762 761
f 761 762 772
f 761 772 771
f 729 733 732
f 730 772 773
f 732 733 743
f 732 743 742
f 742 743 753
f 742 753 752
f 752 753 763
f 752 763 762
f 762 763 773
f 762 773 772
f 729 734 733
f 730 773 774
f 733 734 744
f 733 744 743
f 743 744 754
f 743 754 753
f 753 754 764
f 753 764 763
f 763 764 774
f 763 774 773
f 729 735 734
f 730 774 775
f 734 735 745
f 734 745 744
f 744 745 755
f 744 755 754
f 754 755 765
f 754 765 764
f 764 765 775
f 764 775 774
f 729 736 735
f 730 775 776
f 735 736 746
f 735 746 745
f 745 746 756
f 745 756 755
f 755 756 766
f 755 766 765
f 765 766 776
f 765 776 775
f 729 737 736
f 730 776 777
f 736 737 747
f 736 747 746
f 746 747 757
f 746 757 756
f 756 757 767
f 756 767 766
f 766 767 777
f 766 777 776
f 729 738 737
f 730 777 778
f 737 738 748
f 737 748 747
f 747 748 758
f 747 758 757
f 757 758 768
f 757 768 767
f 767 768 778
f 767 778 777
f 729 739 738
f 730 778 779
f 738 739 749
f 738 749 748
f 748 749 759
f 748 759 758
f 758 759 769
f 758 769 768
f 768 769 779
f 768 779 778
f 729 740 739
f 730 779 780
f 739 740 750
f 739 750 749
f 749 750 760
f 749 760 759
f 759 760 770
f 759 770 769
f 769 770 780
f 769 780 779
f 729 731 740
f 730 780 771
f 740 731 741
f 740 741 750
f 750 741 751
f 750 751 760
f 760 751 761
f 760 761 770
f 770 761 771
f 770 771 780
o LeftEar
usemtl color_15
s off
v -5.602513 7.066109 -5.561418
v -6.937487 -3.178709 -6.100782
v -4.720468 6.232583 -5.205049
v -5.282211 6.260706 -4.348862
v -6.000456 6.334333 -3.969631
v -6.600858 6.425340 -4.212209
v -6.854084 6.498967 -4.983940
v -6.663411 6.527090 -5.990048
v -6.101668 6.498967 -6.846235
v -5.383423 6.425340 -7.225466
v -4.783021 6.334333 -6.982888
v -4.529795 6.260706 -6.211157
v -4.253619 4.249853 -5.016429
v -5.226586 4.298564 -3.533470
v -6.470623 4.426089 -2.876623
v -7.510550 4.583720 -3.296780
v -7.949151 4.711245 -4.633458
v -7.618894 4.759956 -6.376089
v -6.645927 4.711245 -7.859048
v -5.401891 4.583720 -8.515895
v -4.361963 4.426089 -8.095737
v -3.923363 4.298564 -6.759060
v -4.327057 1.649192 -5.046100
v -5.450543 1.705438 -3.333726
v -6.887033 1.852692 -2.575264
v -8.087837 2.034708 -3.060421
v -8.594290 2.181962 -4.603883
v -8.212943 2.238208 -6.616100
v -7.089457 2.181962 -8.328474
v -5.652967 2.034708 -9.086936
v -4.452163 1.852692 -8.601779
v -3.945710 1.705438 -7.058317
v -4.921106 -0.872556 -5.286111
v -5.894073 -0.823845 -3.803152
v -7.138109 -0.696320 -3.146305
v -8.178037 -0.538689 -3.566463
v -8.616637 -0.411164 -4.903140
v -8.286381 -0.362453 -6.645771
v -7.313414 -0.411164 -8.128730
v -6.069377 -0.538689 -8.785577
v -5.029450 -0.696320 -8.365420
v -4.590849 -0.823845 -7.028742
v -5.876589 -2.639690 -5.672152
v -6.438332 -2.611567 -4.815965
v -7.156577 -2.537940 -4.436734
v -7.756979 -2.446933 -4.679312
v -8.010205 -2.373306 -5.451043
v -7.819532 -2.345183 -6.457151
v -7.257789 -2.373306 -7.313338
v -6.539544 -2.446933 -7.692569
v -5.939142 -2.537940 -7.449991
v -5.685916 -2.611567 -6.678260
f 781 784 783
f 782 823 824
f 783 784 794
f 783 794 793
f 793 794 804
f 793 804 803
f 803 804 814
f 803 814 813
f 813 814 824
f 813 824 823
f 781 785 784
f 782 824 825
f 784 785 795
f 784 795 794
f 794 795 805
f 794 805 804
f 804 805 815
f 804 815 814
f 814 815 825
f 814 825 824
f 781 786 785
f 782 825 826
f 785 786 796
f 785 796 795
f 795 796 806
f 795 806 805
f 805 806 816
f 805 816 815
f 815 816 826
f 815 826 825
f 781 787 786
f 782 826 827
f 786 787 797
f 786 797 796
f 796 797 807
f 796 807 806
f 806 807 817
f 806 817 816
f 816 817 827
f 816 827 826
f 781 788 787
f 782 827 828
f 787 788 798
f 787 798 797
f 797 798 808
f 797 808 807
f 807 808 818
f 807 818 817
f 817 818 828
f 817 828 827
f 781 789 788
f 782 828 829
f 788 789 799
f 788 799 798
f 798 799 809
f 798 809 808
f 808 809 819
f 808 819 818
f 818 819 829
f 818 829 828
f 781 790 789
f 782 829 830
f 789 790 800
f 789 800 799
f 799 800 810
f 799 810 809
f 809 810 820
f 809 820 819
f 819 820 830
f 819 830 829
f 781 791 790
f 782 830 831
f 790 791 801
f 790 801 800
f 800 801 811
f 800 811 810
f 810 811 821
f 810 821 820
f 820 821 831
f 820 831 830
f 781 792 791
f 782 831 832
f 791 792 802
f 791 802 801
f 801 802 812
f 801 812 811
f 811 812 822
f 811 822 821
f 821 822 832
f 821 832 831
f 781 783 792
f 782 832 823
f 792 783 793
f 792 793 802
f 802 793 803
f 802 803 812
f 812 803 813
f 812 813 822
f 822 813 823
f 822 823 832
o LeftEarInner
usemtl color_16
s off
v -7.367250 5.878125 -7.210500
v -7.367250 -1.802625 -7.210500
v -7.032977 5.363612 -7.075445
v -7.347048 5.363612 -6.481897
v -7.668835 5.363612 -6.166650
v -7.875427 5.363612 -6.250119
v -7.887913 5.363612 -6.700420
v -7.701523 5.363612 -7.345555
v -7.387452 5.363612 -7.939103
v -7.065665 5.363612 -8.254350
v -6.859073 5.363612 -8.170881
v -6.846587 5.363612 -7.720580
v -6.788272 3.957938 -6.976578
v -7.332259 3.957938 -5.948522
v -7.889610 3.957938 -5.402499
v -8.247438 3.957938 -5.547071
v -8.269064 3.957938 -6.327016
v -7.946228 3.957938 -7.444422
v -7.402241 3.957938 -8.472478
v -6.844890 3.957938 -9.018501
v -6.487062 3.957938 -8.873929
v -6.465436 3.957938 -8.093984
v -6.698704 2.037750 -6.940390
v -7.326845 2.037750 -5.753294
v -7.970420 2.037750 -5.122801
v -8.383604 2.037750 -5.289738
v -8.408575 2.037750 -6.190341
v -8.035796 2.037750 -7.480610
v -7.407655 2.037750 -8.667706
v -6.764080 2.037750 -9.298199
v -6.350896 2.037750 -9.131262
v -6.325925 2.037750 -8.230659
v -6.788272 0.117563 -6.976578
v -7.332259 0.117563 -5.948522
v -7.889610 0.117563 -5.402499
v -8.247438 0.117563 -5.547071
v -8.269064 0.117563 -6.327016
v -7.946228 0.117563 -7.444422
v -7.402241 0.117563 -8.472478
v -6.844890 0.117563 -9.018501
v -6.487062 0.117563 -8.873929
v -6.465436 0.117563 -8.093984
v -7.032977 -1.288112 -7.075445
v -7.347048 -1.288112 -6.481897
v -7.668835 -1.288112 -6.166650
v -7.875427 -1.288112 -6.250119
v -7.887913 -1.288112 -6.700420
v -7.701523 -1.288112 -7.345555
v -7.387452 -1.288112 -7.939103
v -7.065665 -1.288112 -8.254350
v -6.859073 -1.288112 -8.170881
v -6.846587 -1.288112 -7.720580
f 833 836 835
f 834 875 876
f 835 836 846
f 835 846 845
f 845 846 856
f 845 856 855
f 855 856 866
f 855 866 865
f 865 866 876
f 865 876 875
f 833 837 836
f 834 876 877
f 836 837 847
f 836 847 846
f 846 847 857
f 846 857 856
f 856 857 867
f 856 867 866
f 866 867 877
f 866 877 876
f 833 838 837
f 834 877 878
f 837 838 848
f 837 848 847
f 847 848 858
f 847 858 857
f 857 858 868
f 857 868 867
f 867 868 878
f 867 878 877
f 833 839 838
f 834 878 879
f 838 839 849
f 838 849 848
f 848 849 859
f 848 859 858
f 858 859 869
f 858 869 868
f 868 869 879
f 868 879 878
f 833 840 839
f 834 879 880
f 839 840 850
f 839 850 849
f 849 850 860
f 849 860 859
f 859 860 870
f 859 870 869
f 869 870 880
f 869 880 879
f 833 841 840
f 834 880 881
f 840 841 851
f 840 851 850
f 850 851 861
f 850 861 860
f 860 861 871
f 860 871 870
f 870 871 881
f 870 881 880
f 833 842 841
f 834 881 882
f 841 842 852
f 841 852 851
f 851 852 862
f 851 862 861
f 861 862 872
f 861 872 871
f 871 872 882
f 871 882 881
f 833 843 842
f 834 882 883
f 842 843 853
f 842 853 852
f 852 853 863
f 852 863 862
f 862 863 873
f 862 873 872
f 872 873 883
f 872 883 882
f 833 844 843
f 834 883 884
f 843 844 854
f 843 854 853
f 853 854 864
f 853 864 863
f 863 864 874
f 863 874 873
f 873 874 884
f 873 884 883
f 833 835 844
f 834 884 875
f 844 835 845
f 844 845 854
f 854 845 855
f 854 855 864
f 864 855 865
f 864 865 874
f 874 865 875
f 874 875 884
o RightEar
usemtl color_17
s off
v 5.602513 7.066109 -5.561418
v 6.937487 -3.178709 -6.100782
v 6.663411 6.527090 -5.990048
v 6.854084 6.498967 -4.983940
v 6.600858 6.425340 -4.212209
v 6.000456 6.334333 -3.969631
v 5.282211 6.260706 -4.348862
v 4.720468 6.232583 -5.205049
v 4.529795 6.260706 -6.211157
v 4.783021 6.334333 -6.982888
v 5.383423 6.425340 -7.225466
v 6.101668 6.498967 -6.846235
v 7.618894 4.759956 -6.376089
v 7.949151 4.711245 -4.633458
v 7.510550 4.583720 -3.296780
v 6.470623 4.426089 -2.876623
v 5.226586 4.298564 -3.533470
v 4.253619 4.249853 -5.016429
v 3.923363 4.298564 -6.759060
v 4.361963 4.426089 -8.095737
v 5.401891 4.583720 -8.515895
v 6.645927 4.711245 -7.859048
v 8.212943 2.238208 -6.616100
v 8.594290 2.181962 -4.603883
v 8.087837 2.034708 -3.060421
v 6.887033 1.852692 -2.575264
v 5.450543 1.705438 -3.333726
v 4.327057 1.649192 -5.046100
v 3.945710 1.705438 -7.058317
v 4.452163 1.852692 -8.601779
v 5.652967 2.034708 -9.086936
v 7.089457 2.181962 -8.328474
v 8.286381 -0.362453 -6.645771
v 8.616637 -0.411164 -4.903140
v 8.178037 -0.538689 -3.566463
v 7.138109 -0.696320 -3.146305
v 5.894073 -0.823845 -3.803152
v 4.921106 -0.872556 -5.286111
v 4.590849 -0.823845 -7.028742
v 5.029450 -0.696320 -8.365420
v 6.069377 -0.538689 -8.785577
v 7.313414 -0.411164 -8.128730
v 7.819532 -2.345183 -6.457151
v 8.010205 -2.373306 -5.451043
v 7.756979 -2.446933 -4.679312
v 7.156577 -2.537940 -4.436734
v 6.438332 -2.611567 -4.815965
v 5.876589 -2.639690 -5.672152
v 5.685916 -2.611567 -6.678260
v 5.939142 -2.537940 -7.449991
v 6.539544 -2.446933 -7.692569
v 7.257789 -2.373306 -7.313338
f 885 888 887
f 886 927 928
f 887 888 898
f 887 898 897
f 897 898 908
f 897 908 907
f 907 908 918
f 907 918 917
f 917 918 928
f 917 928 927
f 885 889 888
f 886 928 929
f 888 889 899
f 888 899 898
f 898 899 909
f 898 909 908
f 908 909 919
f 908 919 918
f 918 919 929
f 918 929 928
f 885 890 889
f 886 929 930
f 889 890 900
f 889 900 899
f 899 900 910
f 899 910 909
f 909 910 920
f 909 920 919
f 919 920 930
f 919 930 929
f 885 891 890
f 886 930 931
f 890 891 901
f 890 901 900
f 900 901 911
f 900 911 910
f 910 911 921
f 910 921 920
f 920 921 931
f 920 931 930
f 885 892 891
f 886 931 932
f 891 892 902
f 891 902 901
f 901 902 912
f 901 912 911
f 911 912 922
f 911 922 921
f 921 922 932
f 921 932 931
f 885 893 892
f 886 932 933
f 892 893 903
f 892 903 902
f 902 903 913
f 902 913 912
f 912 913 923
f 912 923 922
f 922 923 933
f 922 933 932
f 885 894 893
f 886 933 934
f 893 894 904
f 893 904 903
f 903 904 914
f 903 914 913
f 913 914 924
f 913 924 923
f 923 924 934
f 923 934 933
f 885 895 894
f 886 934 935
f 894 895 905
f 894 905 904
f 904 905 915
f 904 915 914
f 914 915 925
f 914 925 924
f 924 925 935
f 924 935 934
f 885 896 895
f 886 935 936
f 895 896 906
f 895 906 905
f 905 906 916
f 905 916 915
f 915 916 926
f 915 926 925
f 925 926 936
f 925 936 935
f 885 887 896
f 886 936 927
f 896 887 897
f 896 897 906
f 906 897 907
f 906 907 916
f 916 907 917
f 916 917 926
f 926 917 927
f 926 927 936
o RightEarInner
usemtl color_18
s off
v 7.367250 5.878125 -7.210500
v 7.367250 -1.802625 -7.210500
v 7.701523 5.363612 -7.345555
v 7.887913 5.363612 -6.700420
v 7.875427 5.363612 -6.250119
v 7.668835 5.363612 -6.166650
v 7.347048 5.363612 -6.481897
v 7.032977 5.363612 -7.075445
v 6.846587 5.363612 -7.720580
v 6.859073 5.363612 -8.170881
v 7.065665 5.363612 -8.254350
v 7.387452 5.363612 -7.939103
v 7.946228 3.957938 -7.444422
v 8.269064 3.957938 -6.327016
v 8.247438 3.957938 -5.547071
v 7.889610 3.957938 -5.402499
v 7.332259 3.957938 -5.948522
v 6.788272 3.957938 -6.976578
v 6.465436 3.957938 -8.093984
v 6.487062 3.957938 -8.873929
v 6.844890 3.957938 -9.018501
v 7.402241 3.957938 -8.472478
v 8.035796 2.037750 -7.480610
v 8.408575 2.037750 -6.190341
v 8.383604 2.037750 -5.289738
v 7.970420 2.037750 -5.122801
v 7.326845 2.037750 -5.753294
v 6.698704 2.037750 -6.940390
v 6.325925 2.037750 -8.230659
v 6.350896 2.037750 -9.131262
v 6.764080 2.037750 -9.298199
v 7.407655 2.037750 -8.667706
v 7.946228 0.117563 -7.444422
v 8.269064 0.117563 -6.327016
v 8.247438 0.117563 -5.547071
v 7.889610 0.117563 -5.402499
v 7.332259 0.117563 -5.948522
v 6.788272 0.117563 -6.976578
v 6.465436 0.117563 -8.093984
v 6.487062 0.117563 -8.873929
v 6.844890 0.117563 -9.018501
v 7.402241 0.117563 -8.472478
v 7.701523 -1.288112 -7.345555
v 7.887913 -1.288112 -6.700420
v 7.875427 -1.288112 -6.250119
v 7.668835 -1.288112 -6.166650
v 7.347048 -1.288112 -6.481897
v 7.032977 -1.288112 -7.075445
v 6.846587 -1.288112 -7.720580
v 6.859073 -1.288112 -8.170881
v 7.065665 -1.288112 -8.254350
v 7.387452 -1.288112 -7.939103
f 937 940 939
f 938 979 980
f 939 940 950
f 939 950 949
f 949 950 960
f 949 960 959
f 959 960 970
f 959 970 969
f 969 970 980
f 969 980 979
f 937 941 940
f 938 980 981
f 940 941 951
f 940 951 950
f 950 951 961
f 950 961 960
f 960 961 971
f 960 971 970
f 970 971 981
f 970 981 980
f 937 942 941
f 938 981 982
f 941 942 952
f 941 952 951
f 951 952 962
f 951 962 961
f 961 962 972
f 961 972 971
f 971 972 982
f 971 982 981
f 937 943 942
f 938 982 983
f 942 943 953
f 942 953 952
f 952 953 963
f 952 963 962
f 962 963 973
f 962 973 972
f 972 973 983
f 972 983 982
f 937 944 943
f 938 983 984
f 943 944 954
f 943 954 953
f 953 954 964
f 953 964 963
f 963 964 974
f 963 974 973
f 973 974 984
f 973 984 983
f 937 945 944
f 938 984 985
f 944 945 955
f 944 955 954
f 954 955 965
f 954 965 964
f 964 965 975
f 964 975 974
f 974 975 985
f 974 985 984
f 937 946 945
f 938 985 986
f 945 946 956
f 945 956 955
f 955 956 966
f 955 966 965
f 965 966 976
f 965 976 975
f 975 976 986
f 975 986 985
f 937 947 946
f 938 986 987
f 946 947 957
f 946 957 956
f 956 957 967
f 956 967 966
f 966 967 977
f 966 977 976
f 976 977 987
f 976 987 986
f 937 948 947
f 938 987 988
f 947 948 958
f 947 958 957
f 957 958 968
f 957 968 967
f 967 968 978
f 967 978 977
f 977 978 988
f 977 988 987
f 937 939 948
f 938 988 979
f 948 939 949
f 948 949 958
f 958 949 959
f 958 959 968
f 968 959 969
f 968 969 978
f 978 969 979
f 978 979 988
o LeftFrontLeg
usemtl color_19
s off
v -4.577100 -0.902880 -4.232250
v -4.577100 -9.931680 -4.232250
v -4.067662 -1.507695 -4.232250
v -4.164956 -1.507695 -3.900563
v -4.419675 -1.507695 -3.695569
v -4.734525 -1.507695 -3.695569
v -4.989244 -1.507695 -3.900563
v -5.086537 -1.507695 -4.232250
v -4.989244 -1.507695 -4.563937
v -4.734525 -1.507695 -4.768931
v -4.419675 -1.507695 -4.768931
v -4.164956 -1.507695 -4.563937
v -3.694728 -3.160080 -4.232250
v -3.863246 -3.160080 -3.657751
v -4.304432 -3.160080 -3.302691
v -4.849768 -3.160080 -3.302691
v -5.290954 -3.160080 -3.657751
v -5.459472 -3.160080 -4.232250
v -5.290954 -3.160080 -4.806749
v -4.849768 -3.160080 -5.161809
v -4.304432 -3.160080 -5.161809
v -3.863246 -3.160080 -4.806749
v -3.558225 -5.417280 -4.232250
v -3.752813 -5.417280 -3.568876
v -4.262250 -5.417280 -3.158888
v -4.891950 -5.417280 -3.158888
v -5.401387 -5.417280 -3.568876
v -5.595975 -5.417280 -4.232250
v -5.401387 -5.417280 -4.895624
v -4.891950 -5.417280 -5.305612
v -4.262250 -5.417280 -5.305612
v -3.752813 -5.417280 -4.895624
v -3.694728 -7.674480 -4.232250
v -3.863246 -7.674480 -3.657751
v -4.304432 -7.674480 -3.302691
v -4.849768 -7.674480 -3.302691
v -5.290954 -7.674480 -3.657751
v -5.459472 -7.674480 -4.232250
v -5.290954 -7.674480 -4.806749
v -4.849768 -7.674480 -5.161809
v -4.304432 -7.674480 -5.161809
v -3.863246 -7.674480 -4.806749
v -4.067662 -9.326865 -4.232250
v -4.164956 -9.326865 -3.900563
v -4.419675 -9.326865 -3.695569
v -4.734525 -9.326865 -3.695569
v -4.989244 -9.326865 -3.900563
v -5.086537 -9.326865 -4.232250
v -4.989244 -9.326865 -4.563937
v -4.734525 -9.326865 -4.768931
v -4.419675 -9.326865 -4.768931
v -4.164956 -9.326865 -4.563937
f 989 992 991
f 990 1031 1032
f 991 992 1002
f 991 1002 1001
f 1001 1002 1012
f 1001 1012 1011
f 1011 1012 1022
f 1011 1022 1021
f 1021 1022 1032
f 1021 1032 1031
f 989 993 992
f 990 1032 1033
f 992 993 1003
f 992 1003 1002
f 1002 1003 1013
f 1002 1013 1012
f 1012 1013 1023
f 1012 1023 1022
f 1022 1023 1033
f 1022 1033 1032
f 989 994 993
f 990 1033 1034
f 993 994 1004
f 993 1004 1003
f 1003 1004 1014
f 1003 1014 1013
f 1013 1014 1024
f 1013 1024 1023
f 1023 1024 1034
f 1023 1034 1033
f 989 995 994
f 990 1034 1035
f 994 995 1005
f 994 1005 1004
f 1004 1005 1015
f 1004 1015 1014
f 1014 1015 1025
f 1014 1025 1024
f 1024 1025 1035
f 1024 1035 1034
f 989 996 995
f 990 1035 1036
f 995 996 1006
f 995 1006 1005
f 1005 1006 1016
f 1005 1016 1015
f 1015 1016 1026
f 1015 1026 1025
f 1025 1026 1036
f 1025 1036 1035
f 989 997 996
f 990 1036 1037
f 996 997 1007
f 996 1007 1006
f 1006 1007 1017
f 1006 1017 1016
f 1016 1017 1027
f 1016 1027 1026
f 1026 1027 1037
f 1026 1037 1036
f 989 998 997
f 990 1037 1038
f 997 998 1008
f 997 1008 1007
f 1007 1008 1018
f 1007 1018 1017
f 1017 1018 1028
f 1017 1028 1027
f 1027 1028 1038
f 1027 1038 1037
f 989 999 998
f 990 1038 1039
f 998 999 1009
f 998 1009 1008
f 1008 1009 1019
f 1008 1019 1018
f 1018 1019 1029
f 1018 1029 1028
f 1028 1029 1039
f 1028 1039 1038
f 989 1000 999
f 990 1039 1040
f 999 1000 1010
f 999 1010 1009
f 1009 1010 1020
f 1009 1020 1019
f 1019 1020 1030
f 1019 1030 1029
f 1029 1030 1040
f 1029 1040 1039
f 989 991 1000
f 990 1040 1031
f 1000 991 1001
f 1000 1001 1010
f 1010 1001 1011
f 1010 1011 1020
f 1020 1011 1021
f 1020 1021 1030
f 1030 1021 1031
f 1030 1031 1040
o LeftFrontPaw
usemtl color_20
s off
v -4.577100 -8.809350 -4.608450
v -4.577100 -10.000650 -4.608450
v -3.934425 -8.889152 -4.608450
v -4.057165 -8.889152 -4.156987
v -4.378503 -8.889152 -3.877967
v -4.775697 -8.889152 -3.877967
v -5.097035 -8.889152 -4.156987
v -5.219775 -8.889152 -4.608450
v -5.097035 -8.889152 -5.059913
v -4.775697 -8.889152 -5.338933
v -4.378503 -8.889152 -5.338933
v -4.057165 -8.889152 -5.059913
v -3.463954 -9.107175 -4.608450
v -3.676546 -9.107175 -3.826493
v -4.233119 -9.107175 -3.343217
v -4.921081 -9.107175 -3.343217
v -5.477654 -9.107175 -3.826493
v -5.690246 -9.107175 -4.608450
v -5.477654 -9.107175 -5.390407
v -4.921081 -9.107175 -5.873683
v -4.233119 -9.107175 -5.873683
v -3.676546 -9.107175 -5.390407
v -3.291750 -9.405000 -4.608450
v -3.537230 -9.405000 -3.705524
v -4.179905 -9.405000 -3.147485
v -4.974295 -9.405000 -3.147485
v -5.616970 -9.405000 -3.705524
v -5.862450 -9.405000 -4.608450
v -5.616970 -9.405000 -5.511376
v -4.974295 -9.405000 -6.069415
v -4.179905 -9.405000 -6.069415
v -3.537230 -9.405000 -5.511376
v -3.463954 -9.702825 -4.608450
v -3.676546 -9.702825 -3.826493
v -4.233119 -9.702825 -3.343217
v -4.921081 -9.702825 -3.343217
v -5.477654 -9.702825 -3.826493
v -5.690246 -9.702825 -4.608450
v -5.477654 -9.702825 -5.390407
v -4.921081 -9.702825 -5.873683
v -4.233119 -9.702825 -5.873683
v -3.676546 -9.702825 -5.390407
v -3.934425 -9.920848 -4.608450
v -4.057165 -9.920848 -4.156987
v -4.378503 -9.920848 -3.877967
v -4.775697 -9.920848 -3.877967
v -5.097035 -9.920848 -4.156987
v -5.219775 -9.920848 -4.608450
v -5.097035 -9.920848 -5.059913
v -4.775697 -9.920848 -5.338933
v -4.378503 -9.920848 -5.338933
v -4.057165 -9.920848 -5.059913
f 1041 1044 1043
f 1042 1083 1084
f 1043 1044 1054
f 1043 1054 1053
f 1053 1054 1064
f 1053 1064 1063
f 1063 1064 1074
f 1063 1074 1073
f 1073 1074 1084
f 1073 1084 1083
f 1041 1045 1044
f 1042 1084 1085
f 1044 1045 1055
f 1044 1055 1054
f 1054 1055 1065
f 1054 1065 1064
f 1064 1065 1075
f 1064 1075 1074
f 1074 1075 1085
f 1074 1085 1084
f 1041 1046 1045
f 1042 1085 1086
f 1045 1046 1056
f 1045 1056 1055
f 1055 1056 1066
f 1055 1066 1065
f 1065 1066 1076
f 1065 1076 1075
f 1075 1076 1086
f 1075 1086 1085
f 1041 1047 1046
f 1042 1086 1087
f 1046 1047 1057
f 1046 1057 1056
f 1056 1057 1067
f 1056 1067 1066
f 1066 1067 1077
f 1066 1077 1076
f 1076 1077 1087
f 1076 1087 1086
f 1041 1048 1047
f 1042 1087 1088
f 1047 1048 1058
f 1047 1058 1057
f 1057 1058 1068
f 1057 1068 1067
f 1067 1068 1078
f 1067 1078 1077
f 1077 1078 1088
f 1077 1088 1087
f 1041 1049 1048
f 1042 1088 1089
f 1048 1049 1059
f 1048 1059 1058
f 1058 1059 1069
f 1058 1069 1068
f 1068 1069 1079
f 1068 1079 1078
f 1078 1079 1089
f 1078 1089 1088
f 1041 1050 1049
f 1042 1089 1090
f 1049 1050 1060
f 1049 1060 1059
f 1059 1060 1070
f 1059 1070 1069
f 1069 1070 1080
f 1069 1080 1079
f 1079 1080 1090
f 1079 1090 1089
f 1041 1051 1050
f 1042 1090 1091
f 1050 1051 1061
f 1050 1061 1060
f 1060 1061 1071
f 1060 1071 1070
f 1070 1071 1081
f 1070 1081 1080
f 1080 1081 1091
f 1080 1091 1090
f 1041 1052 1051
f 1042 1091 1092
f 1051 1052 1062
f 1051 1062 1061
f 1061 1062 1072
f 1061 1072 1071
f 1071 1072 1082
f 1071 1082 1081
f 1081 1082 1092
f 1081 1092 1091
f 1041 1043 1052
f 1042 1092 1083
f 1052 1043 1053
f 1052 1053 1062
f 1062 1053 1063
f 1062 1063 1072
f 1072 1063 1073
f 1072 1073 1082
f 1082 1073 1083
f 1082 1083 1092
o LeftFrontClaw
usemtl color_21
s off
v -5.204100 -9.044475 -6.019200
v -5.204100 -9.514725 -6.019200
v -5.094375 -9.075976 -6.019200
v -5.115331 -9.075976 -5.936278
v -5.170193 -9.075976 -5.885030
v -5.238007 -9.075976 -5.885030
v -5.292869 -9.075976 -5.936278
v -5.313825 -9.075976 -6.019200
v -5.292869 -9.075976 -6.102122
v -5.238007 -9.075976 -6.153370
v -5.170193 -9.075976 -6.153370
v -5.115331 -9.075976 -6.102122
v -5.014051 -9.162037 -6.019200
v -5.050347 -9.162037 -5.875575
v -5.145372 -9.162037 -5.786810
v -5.262828 -9.162037 -5.786810
v -5.357853 -9.162037 -5.875575
v -5.394149 -9.162037 -6.019200
v -5.357853 -9.162037 -6.162825
v -5.262828 -9.162037 -6.251590
v -5.145372 -9.162037 -6.251590
v -5.050347 -9.162037 -6.162825
v -4.984650 -9.279600 -6.019200
v -5.026561 -9.279600 -5.853356
v -5.136286 -9.279600 -5.750859
v -5.271914 -9.279600 -5.750859
v -5.381639 -9.279600 -5.853356
v -5.423550 -9.279600 -6.019200
v -5.381639 -9.279600 -6.185044
v -5.271914 -9.279600 -6.287541
v -5.136286 -9.279600 -6.287541
v -5.026561 -9.279600 -6.185044
v -5.014051 -9.397162 -6.019200
v -5.050347 -9.397162 -5.875575
v -5.145372 -9.397162 -5.786810
v -5.262828 -9.397162 -5.786810
v -5.357853 -9.397162 -5.875575
v -5.394149 -9.397162 -6.019200
v -5.357853 -9.397162 -6.162825
v -5.262828 -9.397162 -6.251590
v -5.145372 -9.397162 -6.251590
v -5.050347 -9.397162 -6.162825
v -5.094375 -9.483224 -6.019200
v -5.115331 -9.483224 -5.936278
v -5.170193 -9.483224 -5.885030
v -5.238007 -9.483224 -5.885030
v -5.292869 -9.483224 -5.936278
v -5.313825 -9.483224 -6.019200
v -5.292869 -9.483224 -6.102122
v -5.238007 -9.483224 -6.153370
v -5.170193 -9.483224 -6.153370
v -5.115331 -9.483224 -6.102122
f 1093 1096 1095
f 1094 1135 1136
f 1095 1096 1106
f 1095 1106 1105
f 1105 1106 1116
f 1105 1116 1115
f 1115 1116 1126
f 1115 1126 1125
f 1125 1126 1136
f 1125 1136 1135
f 1093 1097 1096
f 1094 1136 1137
f 1096 1097 1107
f 1096 1107 1106
f 1106 1107 1117
f 1106 1117 1116
f 1116 1117 1127
f 1116 1127 1126
f 1126 1127 1137
f 1126 1137 1136
f 1093 1098 1097
f 1094 1137 1138
f 1097 1098 1108
f 1097 1108 1107
f 1107 1108 1118
f 1107 1118 1117
f 1117 1118 1128
f 1117 1128 1127
f 1127 1128 1138
f 1127 1138 1137
f 1093 1099 1098
f 1094 1138 1139
f 1098 1099 1109
f 1098 1109 1108
f 1108 1109 1119
f 1108 1119 1118
f 1118 1119 1129
f 1118 1129 1128
f 1128 1129 1139
f 1128 1139 1138
f 1093 1100 1099
f 1094 1139 1140
f 1099 1100 1110
f 1099 1110 1109
f 1109 1110 1120
f 1109 1120 1119
f 1119 1120 1130
f 1119 1130 1129
f 1129 1130 1140
f 1129 1140 1139
f 1093 1101 1100
f 1094 1140 1141
f 1100 1101 1111
f 1100 1111 1110
f 1110 1111 1121
f 1110 1121 1120
f 1120 1121 1131
f 1120 1131 1130
f 1130 1131 1141
f 1130 1141 1140
f 1093 1102 1101
f 1094 1141 1142
f 1101 1102 1112
f 1101 1112 1111
f 1111 1112 1122
f 1111 1122 1121
f 1121 1122 1132
f 1121 1132 1131
f 1131 1132 1142
f 1131 1142 1141
f 1093 1103 1102
f 1094 1142 1143
f 1102 1103 1113
f 1102 1113 1112
f 1112 1113 1123
f 1112 1123 1122
f 1122 1123 1133
f 1122 1133 1132
f 1132 1133 1143
f 1132 1143 1142
f 1093 1104 1103
f 1094 1143 1144
f 1103 1104 1114
f 1103 1114 1113
f 1113 1114 1124
f 1113 1124 1123
f 1123 1124 1134
f 1123 1134 1133
f 1133 1134 1144
f 1133 1144 1143
f 1093 1095 1104
f 1094 1144 1135
f 1104 1095 1105
f 1104 1105 1114
f 1114 1105 1115
f 1114 1115 1124
f 1124 1115 1125
f 1124 1125 1134
f 1134 1125 1135
f 1134 1135 1144
o LeftFrontClaw_1
usemtl color_22
s off
v -4.577100 -9.044475 -6.019200
v -4.577100 -9.514725 -6.019200
v -4.467375 -9.075976 -6.019200
v -4.488331 -9.075976 -5.936278
v -4.543193 -9.075976 -5.885030
v -4.611007 -9.075976 -5.885030
v -4.665869 -9.075976 -5.936278
v -4.686825 -9.075976 -6.019200
v -4.665869 -9.075976 -6.102122
v -4.611007 -9.075976 -6.153370
v -4.543193 -9.075976 -6.153370
v -4.488331 -9.075976 -6.102122
v -4.387051 -9.162037 -6.019200
v -4.423347 -9.162037 -5.875575
v -4.518372 -9.162037 -5.786810
v -4.635828 -9.162037 -5.786810
v -4.730853 -9.162037 -5.875575
v -4.767149 -9.162037 -6.019200
v -4.730853 -9.162037 -6.162825
v -4.635828 -9.162037 -6.251590
v -4.518372 -9.162037 -6.251590
v -4.423347 -9.162037 -6.162825
v -4.357650 -9.279600 -6.019200
v -4.399561 -9.279600 -5.853356
v -4.509286 -9.279600 -5.750859
v -4.644914 -9.279600 -5.750859
v -4.754639 -9.279600 -5.853356
v -4.796550 -9.279600 -6.019200
v -4.754639 -9.279600 -6.185044
v -4.644914 -9.279600 -6.287541
v -4.509286 -9.279600 -6.287541
v -4.399561 -9.279600 -6.185044
v -4.387051 -9.397162 -6.019200
v -4.423347 -9.397162 -5.875575
v -4.518372 -9.397162 -5.786810
v -4.635828 -9.397162 -5.786810
v -4.730853 -9.397162 -5.875575
v -4.767149 -9.397162 -6.019200
v -4.730853 -9.397162 -6.162825
v -4.635828 -9.397162 -6.251590
v -4.518372 -9.397162 -6.251590
v -4.423347 -9.397162 -6.162825
v -4.467375 -9.483224 -6.019200
v -4.488331 -9.483224 -5.936278
v -4.543193 -9.483224 -5.885030
v -4.611007 -9.483224 -5.885030
v -4.665869 -9.483224 -5.936278
v -4.686825 -9.483224 -6.019200
v -4.665869 -9.483224 -6.102122
v -4.611007 -9.483224 -6.153370
v -4.543193 -9.483224 -6.153370
v -4.488331 -9.483224 -6.102122
f 1145 1148 1147
f 1146 1187 1188
f 1147 1148 1158
f 1147 1158 1157
f 1157 1158 1168
f 1157 1168 1167
f 1167 1168 1178
f 1167 1178 1177
f 1177 1178 1188
f 1177 1188 1187
f 1145 1149 1148
f 1146 1188 1189
f 1148 1149 1159
f 1148 1159 1158
f 1158 1159 1169
f 1158 1169 1168
f 1168 1169 1179
f 1168 1179 1178
f 1178 1179 1189
f 1178 1189 1188
f 1145 1150 1149
f 1146 1189 1190
f 1149 1150 1160
f 1149 1160 1159
f 1159 1160 1170
f 1159 1170 1169
f 1169 1170 1180
f 1169 1180 1179
f 1179 1180 1190
f 1179 1190 1189
f 1145 1151 1150
f 1146 1190 1191
f 1150 1151 1161
f 1150 1161 1160
f 1160 1161 1171
f 1160 1171 1170
f 1170 1171 1181
f 1170 1181 1180
f 1180 1181 1191
f 1180 1191 1190
f 1145 1152 1151
f 1146 1191 1192
f 1151 1152 1162
f 1151 1162 1161
f 1161 1162 1172
f 1161 1172 1171
f 1171 1172 1182
f 1171 1182 1181
f 1181 1182 1192
f 1181 1192 1191
f 1145 1153 1152
f 1146 1192 1193
f 1152 1153 1163
f 1152 1163 1162
f 1162 1163 1173
f 1162 1173 1172
f 1172 1173 1183
f 1172 1183 1182
f 1182 1183 1193
f 1182 1193 1192
f 1145 1154 1153
f 1146 1193 1194
f 1153 1154 1164
f 1153 1164 1163
f 1163 1164 1174
f 1163 1174 1173
f 1173 1174 1184
f 1173 1184 1183
f 1183 1184 1194
f 1183 1194 1193
f 1145 1155 1154
f 1146 1194 1195
f 1154 1155 1165
f 1154 1165 1164
f 1164 1165 1175
f 1164 1175 1174
f 1174 1175 1185
f 1174 1185 1184
f 1184 1185 1195
f 1184 1195 1194
f 1145 1156 1155
f 1146 1195 1196
f 1155 1156 1166
f 1155 1166 1165
f 1165 1166 1176
f 1165 1176 1175
f 1175 1176 1186
f 1175 1186 1185
f 1185 1186 1196
f 1185 1196 1195
f 1145 1147 1156
f 1146 1196 1187
f 1156 1147 1157
f 1156 1157 1166
f 1166 1157 1167
f 1166 1167 1176
f 1176 1167 1177
f 1176 1177 1186
f 1186 1177 1187
f 1186 1187 1196
o LeftFrontClaw_2
usemtl color_23
s off
v -3.950100 -9.044475 -6.019200
v -3.950100 -9.514725 -6.019200
v -3.840375 -9.075976 -6.019200
v -3.861331 -9.075976 -5.936278
v -3.916193 -9.075976 -5.885030
v -3.984007 -9.075976 -5.885030
v -4.038869 -9.075976 -5.936278
v -4.059825 -9.075976 -6.019200
v -4.038869 -9.075976 -6.102122
v -3.984007 -9.075976 -6.153370
v -3.916193 -9.075976 -6.153370
v -3.861331 -9.075976 -6.102122
v -3.760051 -9.162037 -6.019200
v -3.796347 -9.162037 -5.875575
v -3.891372 -9.162037 -5.786810
v -4.008828 -9.162037 -5.786810
v -4.103853 -9.162037 -5.875575
v -4.140149 -9.162037 -6.019200
v -4.103853 -9.162037 -6.162825
v -4.008828 -9.162037 -6.251590
v -3.891372 -9.162037 -6.251590
v -3.796347 -9.162037 -6.162825
v -3.730650 -9.279600 -6.019200
v -3.772561 -9.279600 -5.853356
v -3.882286 -9.279600 -5.750859
v -4.017914 -9.279600 -5.750859
v -4.127639 -9.279600 -5.853356
v -4.169550 -9.279600 -6.019200
v -4.127639 -9.279600 -6.185044
v -4.017914 -9.279600 -6.287541
v -3.882286 -9.279600 -6.287541
v -3.772561 -9.279600 -6.185044
v -3.760051 -9.397162 -6.019200
v -3.796347 -9.397162 -5.875575
v -3.891372 -9.397162 -5.786810
v -4.008828 -9.397162 -5.786810
v -4.103853 -9.397162 -5.875575
v -4.140149 -9.397162 -6.019200
v -4.103853 -9.397162 -6.162825
v -4.008828 -9.397162 -6.251590
v -3.891372 -9.397162 -6.251590
v -3.796347 -9.397162 -6.162825
v -3.840375 -9.483224 -6.019200
v -3.861331 -9.483224 -5.936278
v -3.916193 -9.483224 -5.885030
v -3.984007 -9.483224 -5.885030
v -4.038869 -9.483224 -5.936278
v -4.059825 -9.483224 -6.019200
v -4.038869 -9.483224 -6.102122
v -3.984007 -9.483224 -6.153370
v -3.916193 -9.483224 -6.153370
v -3.861331 -9.483224 -6.102122
f 1197 1200 1199
f 1198 1239 1240
f 1199 1200 1210
f 1199 1210 1209
f 1209 1210 1220
f 1209 1220 1219
f 1219 1220 1230
f 1219 1230 1229
f 1229 1230 1240
f 1229 1240 1239
f 1197 1201 1200
f 1198 1240 1241
f 1200 1201 1211
f 1200 1211 1210
f 1210 1211 1221
f 1210 1221 1220
f 1220 1221 1231
f 1220 1231 1230
f 1230 1231 1241
f 1230 1241 1240
f 1197 1202 1201
f 1198 1241 1242
f 1201 1202 1212
f 1201 1212 1211
f 1211 1212 1222
f 1211 1222 1221
f 1221 1222 1232
f 1221 1232 1231
f 1231 1232 1242
f 1231 1242 1241
f 1197 1203 1202
f 1198 1242 1243
f 1202 1203 1213
f 1202 1213 1212
f 1212 1213 1223
f 1212 1223 1222
f 1222 1223 1233
f 1222 1233 1232
f 1232 1233 1243
f 1232 1243 1242
f 1197 1204 1203
f 1198 1243 1244
f 1203 1204 1214
f 1203 1214 1213
f 1213 1214 1224
f 1213 1224 1223
f 1223 1224 1234
f 1223 1234 1233
f 1233 1234 1244
f 1233 1244 1243
f 1197 1205 1204
f 1198 1244 1245
f 1204 1205 1215
f 1204 1215 1214
f 1214 1215 1225
f 1214 1225 1224
f 1224 1225 1235
f 1224 1235 1234
f 1234 1235 1245
f 1234 1245 1244
f 1197 1206 1205
f 1198 1245 1246
f 1205 1206 1216
f 1205 1216 1215
f 1215 1216 1226
f 1215 1226 1225
f 1225 1226 1236
f 1225 1236 1235
f 1235 1236 1246
f 1235 1246 1245
f 1197 1207 1206
f 1198 1246 1247
f 1206 1207 1217
f 1206 1217 1216
f 1216 1217 1227
f 1216 1227 1226
f 1226 1227 1237
f 1226 1237 1236
f 1236 1237 1247
f 1236 1247 1246
f 1197 1208 1207
f 1198 1247 1248
f 1207 1208 1218
f 1207 1218 1217
f 1217 1218 1228
f 1217 1228 1227
f 1227 1228 1238
f 1227 1238 1237
f 1237 1238 1248
f 1237 1248 1247
f 1197 1199 1208
f 1198 1248 1239
f 1208 1199 1209
f 1208 1209 1218
f 1218 1209 1219
f 1218 1219 1228
f 1228 1219 1229
f 1228 1229 1238
f 1238 1229 1239
f 1238 1239 1248
o LeftBackLeg
usemtl color_24
s off
v -4.577100 -0.902880 6.489450
v -4.577100 -9.931680 6.489450
v -4.067662 -1.507695 6.489450
v -4.164956 -1.507695 6.821137
v -4.419675 -1.507695 7.026131
v -4.734525 -1.507695 7.026131
v -4.989244 -1.507695 6.821137
v -5.086537 -1.507695 6.489450
v -4.989244 -1.507695 6.157763
v -4.734525 -1.507695 5.952769
v -4.419675 -1.507695 5.952769
v -4.164956 -1.507695 6.157763
v -3.694728 -3.160080 6.489450
v -3.863246 -3.160080 7.063949
v -4.304432 -3.160080 7.419009
v -4.849768 -3.160080 7.419009
v -5.290954 -3.160080 7.063949
v -5.459472 -3.160080 6.489450
v -5.290954 -3.160080 5.914951
v -4.849768 -3.160080 5.559891
v -4.304432 -3.160080 5.559891
v -3.863246 -3.160080 5.914951
v -3.558225 -5.417280 6.489450
v -3.752813 -5.417280 7.152824
v -4.262250 -5.417280 7.562812
v -4.891950 -5.417280 7.562812
v -5.401387 -5.417280 7.152824
v -5.595975 -5.417280 6.489450
v -5.401387 -5.417280 5.826076
v -4.891950 -5.417280 5.416088
v -4.262250 -5.417280 5.416088
v -3.752813 -5.417280 5.826076
v -3.694728 -7.674480 6.489450
v -3.863246 -7.674480 7.063949
v -4.304432 -7.674480 7.419009
v -4.849768 -7.674480 7.419009
v -5.290954 -7.674480 7.063949
v -5.459472 -7.674480 6.489450
v -5.290954 -7.674480 5.914951
v -4.849768 -7.674480 5.559891
v -4.304432 -7.674480 5.559891
v -3.863246 -7.674480 5.914951
v -4.067662 -9.326865 6.489450
v -4.164956 -9.326865 6.821137
v -4.419675 -9.326865 7.026131
v -4.734525 -9.326865 7.026131
v -4.989244 -9.326865 6.821137
v -5.086537 -9.326865 6.489450
v -4.989244 -9.326865 6.157763
v -4.734525 -9.326865 5.952769
v -4.419675 -9.326865 5.952769
v -4.164956 -9.326865 6.157763
f 1249 1252 1251
f 1250 1291 1292
f 1251 1252 1262
f 1251 1262 1261
f 1261 1262 1272
f 1261 1272 1271
f 1271 1272 1282
f 1271 1282 1281
f 1281 1282 1292
f 1281 1292 1291
f 1249 1253 1252
f 1250 1292 1293
f 1252 1253 1263
f 1252 1263 1262
f 1262 1263 1273
f 1262 1273 1272
f 1272 1273 1283
f 1272 1283 1282
f 1282 1283 1293
f 1282 1293 1292
f 1249 1254 1253
f 1250 1293 1294
f 1253 1254 1264
f 1253 1264 1263
f 1263 1264 1274
f 1263 1274 1273
f 1273 1274 1284
f 1273 1284 1283
f 1283 1284 1294
f 1283 1294 1293
f 1249 1255 1254
f 1250 1294 1295
f 1254 1255 1265
f 1254 1265 1264
f 1264 1265 1275
f 1264 1275 1274
f 1274 1275 1285
f 1274 1285 1284
f 1284 1285 1295
f 1284 1295 1294
f 1249 1256 1255
f 1250 1295 1296
f 1255 1256 1266
f 1255 1266 1265
f 1265 1266 1276
f 1265 1276 1275
f 1275 1276 1286
f 1275 1286 1285
f 1285 1286 1296
f 1285 1296 1295
f 1249 1257 1256
f 1250 1296 1297
f 1256 1257 1267
f 1256 1267 1266
f 1266 1267 1277
f 1266 1277 1276
f 1276 1277 1287
f 1276 1287 1286
f 1286 1287 1297
f 1286 1297 1296
f 1249 1258 1257
f 1250 1297 1298
f 1257 1258 1268
f 1257 1268 1267
f 1267 1268 1278
f 1267 1278 1277
f 1277 1278 1288
f 1277 1288 1287
f 1287 1288 1298
f 1287 1298 1297
f 1249 1259 1258
f 1250 1298 1299
f 1258 1259 1269
f 1258 1269 1268
f 1268 1269 1279
f 1268 1279 1278
f 1278 1279 1289
f 1278 1289 1288
f 1288 1289 1299
f 1288 1299 1298
f 1249 1260 1259
f 1250 1299 1300
f 1259 1260 1270
f 1259 1270 1269
f 1269 1270 1280
f 1269 1280 1279
f 1279 1280 1290
f 1279 1290 1289
f 1289 1290 1300
f 1289 1300 1299
f 1249 1251 1260
f 1250 1300 1291
f 1260 1251 1261
f 1260 1261 1270
f 1270 1261 1271
f 1270 1271 1280
f 1280 1271 1281
f 1280 1281 1290
f 1290 1281 1291
f 1290 1291 1300
o LeftBackPaw
usemtl color_25
s off
v -4.577100 -8.809350 6.113250
v -4.577100 -10.000650 6.113250
v -3.934425 -8.889152 6.113250
v -4.057165 -8.889152 6.564713
v -4.378503 -8.889152 6.843733
v -4.775697 -8.889152 6.843733
v -5.097035 -8.889152 6.564713
v -5.219775 -8.889152 6.113250
v -5.097035 -8.889152 5.661787
v -4.775697 -8.889152 5.382767
v -4.378503 -8.889152 5.382767
v -4.057165 -8.889152 5.661787
v -3.463954 -9.107175 6.113250
v -3.676546 -9.107175 6.895207
v -4.233119 -9.107175 7.378483
v -4.921081 -9.107175 7.378483
v -5.477654 -9.107175 6.895207
v -5.690246 -9.107175 6.113250
v -5.477654 -9.107175 5.331293
v -4.921081 -9.107175 4.848017
v -4.233119 -9.107175 4.848017
v -3.676546 -9.107175 5.331293
v -3.291750 -9.405000 6.113250
v -3.537230 -9.405000 7.016176
v -4.179905 -9.405000 7.574215
v -4.974295 -9.405000 7.574215
v -5.616970 -9.405000 7.016176
v -5.862450 -9.405000 6.113250
v -5.616970 -9.405000 5.210324
v -4.974295 -9.405000 4.652285
v -4.179905 -9.405000 4.652285
v -3.537230 -9.405000 5.210324
v -3.463954 -9.702825 6.113250
v -3.676546 -9.702825 6.895207
v -4.233119 -9.702825 7.378483
v -4.921081 -9.702825 7.378483
v -5.477654 -9.702825 6.895207
v -5.690246 -9.702825 6.113250
v -5.477654 -9.702825 5.331293
v -4.921081 -9.702825 4.848017
v -4.233119 -9.702825 4.848017
v -3.676546 -9.702825 5.331293
v -3.934425 -9.920848 6.113250
v -4.057165 -9.920848 6.564713
v -4.378503 -9.920848 6.843733
v -4.775697 -9.920848 6.843733
v -5.097035 -9.920848 6.564713
v -5.219775 -9.920848 6.113250
v -5.097035 -9.920848 5.661787
v -4.775697 -9.920848 5.382767
v -4.378503 -9.920848 5.382767
v -4.057165 -9.920848 5.661787
f 1301 1304 1303
f 1302 1343 1344
f 1303 1304 1314
f 1303 1314 1313
f 1313 1314 1324
f 1313 1324 1323
f 1323 1324 1334
f 1323 1334 1333
f 1333 1334 1344
f 1333 1344 1343
f 1301 1305 1304
f 1302 1344 1345
f 1304 1305 1315
f 1304 1315 1314
f 1314 1315 1325
f 1314 1325 1324
f 1324 1325 1335
f 1324 1335 1334
f 1334 1335 1345
f 1334 1345 1344
f 1301 1306 1305
f 1302 1345 1346
f 1305 1306 1316
f 1305 1316 1315
f 1315 1316 1326
f 1315 1326 1325
f 1325 1326 1336
f 1325 1336 1335
f 1335 1336 1346
f 1335 1346 1345
f 1301 1307 1306
f 1302 1346 1347
f 1306 1307 1317
f 1306 1317 1316
f 1316 1317 1327
f 1316 1327 1326
f 1326 1327 1337
f 1326 1337 1336
f 1336 1337 1347
f 1336 1347 1346
f 1301 1308 1307
f 1302 1347 1348
f 1307 1308 1318
f 1307 1318 1317
f 1317 1318 1328
f 1317 1328 1327
f 1327 1328 1338
f 1327 1338 1337
f 1337 1338 1348
f 1337 1348 1347
f 1301 1309 1308
f 1302 1348 1349
f 1308 1309 1319
f 1308 1319 1318
f 1318 1319 1329
f 1318 1329 1328
f 1328 1329 1339
f 1328 1339 1338
f 1338 1339 1349
f 1338 1349 1348
f 1301 1310 1309
f 1302 1349 1350
f 1309 1310 1320
f 1309 1320 1319
f 1319 1320 1330
f 1319 1330 1329
f 1329 1330 1340
f 1329 1340 1339
f 1339 1340 1350
f 1339 1350 1349
f 1301 1311 1310
f 1302 1350 1351
f 1310 1311 1321
f 1310 1321 1320
f 1320 1321 1331
f 1320 1331 1330
f 1330 1331 1341
f 1330 1341 1340
f 1340 1341 1351
f 1340 1351 1350
f 1301 1312 1311
f 1302 1351 1352
f 1311 1312 1322
f 1311 1322 1321
f 1321 1322 1332
f 1321 1332 1331
f 1331 1332 1342
f 1331 1342 1341
f 1341 1342 1352
f 1341 1352 1351
f 1301 1303 1312
f 1302 1352 1343
f 1312 1303 1313
f 1312 1313 1322
f 1322 1313 1323
f 1322 1323 1332
f 1332 1323 1333
f 1332 1333 1342
f 1342 1333 1343
f 1342 1343 1352
o LeftBackClaw
usemtl color_26
s off
v -5.204100 -9.044475 4.702500
v -5.204100 -9.514725 4.702500
v -5.094375 -9.075976 4.702500
v -5.115331 -9.075976 4.785422
v -5.170193 -9.075976 4.836670
v -5.238007 -9.075976 4.836670
v -5.292869 -9.075976 4.785422
v -5.313825 -9.075976 4.702500
v -5.292869 -9.075976 4.619578
v -5.238007 -9.075976 4.568330
v -5.170193 -9.075976 4.568330
v -5.115331 -9.075976 4.619578
v -5.014051 -9.162037 4.702500
v -5.050347 -9.162037 4.846125
v -5.145372 -9.162037 4.934890
v -5.262828 -9.162037 4.934890
v -5.357853 -9.162037 4.846125
v -5.394149 -9.162037 4.702500
v -5.357853 -9.162037 4.558875
v -5.262828 -9.162037 4.470110
v -5.145372 -9.162037 4.470110
v -5.050347 -9.162037 4.558875
v -4.984650 -9.279600 4.702500
v -5.026561 -9.279600 4.868344
v -5.136286 -9.279600 4.970841
v -5.271914 -9.279600 4.970841
v -5.381639 -9.279600 4.868344
v -5.423550 -9.279600 4.702500
v -5.381639 -9.279600 4.536656
v -5.271914 -9.279600 4.434159
v -5.136286 -9.279600 4.434159
v -5.026561 -9.279600 4.536656
v -5.014051 -9.397162 4.702500
v -5.050347 -9.397162 4.846125
v -5.145372 -9.397162 4.934890
v -5.262828 -9.397162 4.934890
v -5.357853 -9.397162 4.846125
v -5.394149 -9.397162 4.702500
v -5.357853 -9.397162 4.558875
v -5.262828 -9.397162 4.470110
v -5.145372 -9.397162 4.470110
v -5.050347 -9.397162 4.558875
v -5.094375 -9.483224 4.702500
v -5.115331 -9.483224 4.785422
v -5.170193 -9.483224 4.836670
v -5.238007 -9.483224 4.836670
v -5.292869 -9.483224 4.785422
v -5.313825 -9.483224 4.702500
v -5.292869 -9.483224 4.619578
v -5.238007 -9.483224 4.568330
v -5.170193 -9.483224 4.568330
v -5.115331 -9.483224 4.619578
f 1353 1356 1355
f 1354 1395 1396
f 1355 1356 1366
f 1355 1366 1365
f 1365 1366 1376
f 1365 1376 1375
f 1375 1376 1386
f 1375 1386 1385
f 1385 1386 1396
f 1385 1396 1395
f 1353 1357 1356
f 1354 1396 1397
f 1356 1357 1367
f 1356 1367 1366
f 1366 1367 1377
f 1366 1377 1376
f 1376 1377 1387
f 1376 1387 1386
f 1386 1387 1397
f 1386 1397 1396
f 1353 1358 1357
f 1354 1397 1398
f 1357 1358 1368
f 1357 1368 1367
f 1367 1368 1378
f 1367 1378 1377
f 1377 1378 1388
f 1377 1388 1387
f 1387 1388 1398
f 1387 1398 1397
f 1353 1359 1358
f 1354 1398 1399
f 1358 1359 1369
f 1358 1369 1368
f 1368 1369 1379
f 1368 1379 1378
f 1378 1379 1389
f 1378 1389 1388
f 1388 1389 1399
f 1388 1399 1398
f 1353 1360 1359
f 1354 1399 1400
f 1359 1360 1370
f 1359 1370 1369
f 1369 1370 1380
f 1369 1380 1379
f 1379 1380 1390
f 1379 1390 1389
f 1389 1390 1400
f 1389 1400 1399
f 1353 1361 1360
f 1354 1400 1401
f 1360 1361 1371
f 1360 1371 1370
f 1370 1371 1381
f 1370 1381 1380
f 1380 1381 1391
f 1380 1391 1390
f 1390 1391 1401
f 1390 1401 1400
f 1353 1362 1361
f 1354 1401 1402
f 1361 1362 1372
f 1361 1372 1371
f 1371 1372 1382
f 1371 1382 1381
f 1381 1382 1392
f 1381 1392 1391
f 1391 1392 1402
f 1391 1402 1401
f 1353 1363 1362
f 1354 1402 1403
f 1362 1363 1373
f 1362 1373 1372
f 1372 1373 1383
f 1372 1383 1382
f 1382 1383 1393
f 1382 1393 1392
f 1392 1393 1403
f 1392 1403 1402
f 1353 1364 1363
f 1354 1403 1404
f 1363 1364 1374
f 1363 1374 1373
f 1373 1374 1384
f 1373 1384 1383
f 1383 1384 1394
f 1383 1394 1393
f 1393 1394 1404
f 1393 1404 1403
f 1353 1355 1364
f 1354 1404 1395
f 1364 1355 1365
f 1364 1365 1374
f 1374 1365 1375
f 1374 1375 1384
f 1384 1375 1385
f 1384 1385 1394
f 1394 1385 1395
f 1394 1395 1404
o LeftBackClaw_1
usemtl color_27
s off
v -4.577100 -9.044475 4.702500
v -4.577100 -9.514725 4.702500
v -4.467375 -9.075976 4.702500
v -4.488331 -9.075976 4.785422
v -4.543193 -9.075976 4.836670
v -4.611007 -9.075976 4.836670
v -4.665869 -9.075976 4.785422
v -4.686825 -9.075976 4.702500
v -4.665869 -9.075976 4.619578
v -4.611007 -9.075976 4.568330
v -4.543193 -9.075976 4.568330
v -4.488331 -9.075976 4.619578
v -4.387051 -9.162037 4.702500
v -4.423347 -9.162037 4.846125
v -4.518372 -9.162037 4.934890
v -4.635828 -9.162037 4.934890
v -4.730853 -9.162037 4.846125
v -4.767149 -9.162037 4.702500
v -4.730853 -9.162037 4.558875
v -4.635828 -9.162037 4.470110
v -4.518372 -9.162037 4.470110
v -4.423347 -9.162037 4.558875
v -4.357650 -9.279600 4.702500
v -4.399561 -9.279600 4.868344
v -4.509286 -9.279600 4.970841
v -4.644914 -9.279600 4.970841
v -4.754639 -9.279600 4.868344
v -4.796550 -9.279600 4.702500
v -4.754639 -9.279600 4.536656
v -4.644914 -9.279600 4.434159
v -4.509286 -9.279600 4.434159
v -4.399561 -9.279600 4.536656
v -4.387051 -9.397162 4.702500
v -4.423347 -9.397162 4.846125
v -4.518372 -9.397162 4.934890
v -4.635828 -9.397162 4.934890
v -4.730853 -9.397162 4.846125
v -4.767149 -9.397162 4.702500
v -4.730853 -9.397162 4.558875
v -4.635828 -9.397162 4.470110
v -4.518372 -9.397162 4.470110
v -4.423347 -9.397162 4.558875
v -4.467375 -9.483224 4.702500
v -4.488331 -9.483224 4.785422
v -4.543193 -9.483224 4.836670
v -4.611007 -9.483224 4.836670
v -4.665869 -9.483224 4.785422
v -4.686825 -9.483224 4.702500
v -4.665869 -9.483224 4.619578
v -4.611007 -9.483224 4.568330
v -4.543193 -9.483224 4.568330
v -4.488331 -9.483224 4.619578
f 1405 1408 1407
f 1406 1447 1448
f 1407 1408 1418
f 1407 1418 1417
f 1417 1418 1428
f 1417 1428 1427
f 1427 1428 1438
f 1427 1438 1437
f 1437 1438 1448
f 1437 1448 1447
f 1405 1409 1408
f 1406 1448 1449
f 1408 1409 1419
f 1408 1419 1418
f 1418 1419 1429
f 1418 1429 1428
f 1428 1429 1439
f 1428 1439 1438
f 1438 1439 1449
f 1438 1449 1448
f 1405 1410 1409
f 1406 1449 1450
f 1409 1410 1420
f 1409 1420 1419
f 1419 1420 1430
f 1419 1430 1429
f 1429 1430 1440
f 1429 1440 1439
f 1439 1440 1450
f 1439 1450 1449
f 1405 1411 1410
f 1406 1450 1451
f 1410 1411 1421
f 1410 1421 1420
f 1420 1421 1431
f 1420 1431 1430
f 1430 1431 1441
f 1430 1441 1440
f 1440 1441 1451
f 1440 1451 1450
f 1405 1412 1411
f 1406 1451 1452
f 1411 1412 1422
f 1411 1422 1421
f 1421 1422 1432
f 1421 1432 1431
f 1431 1432 1442
f 1431 1442 1441
f 1441 1442 1452
f 1441 1452 1451
f 1405 1413 1412
f 1406 1452 1453
f 1412 1413 1423
f 1412 1423 1422
f 1422 1423 1433
f 1422 1433 1432
f 1432 1433 1443
f 1432 1443 1442
f 1442 1443 1453
f 1442 1453 1452
f 1405 1414 1413
f 1406 1453 1454
f 1413 1414 1424
f 1413 1424 1423
f 1423 1424 1434
f 1423 1434 1433
f 1433 1434 1444
f 1433 1444 1443
f 1443 1444 1454
f 1443 1454 1453
f 1405 1415 1414
f 1406 1454 1455
f 1414 1415 1425
f 1414 1425 1424
f 1424 1425 1435
f 1424 1435 1434
f 1434 1435 1445
f 1434 1445 1444
f 1444 1445 1455
f 1444 1455 1454
f 1405 1416 1415
f 1406 1455 1456
f 1415 1416 1426
f 1415 1426 1425
f 1425 1426 1436
f 1425 1436 1435
f 1435 1436 1446
f 1435 1446 1445
f 1445 1446 1456
f 1445 1456 1455
f 1405 1407 1416
f 1406 1456 1447
f 1416 1407 1417
f 1416 1417 1426
f 1426 1417 1427
f 1426 1427 1436
f 1436 1427 1437
f 1436 1437 1446
f 1446 1437 1447
f 1446 1447 1456
o LeftBackClaw_2
usemtl color_28
s off
v -3.950100 -9.044475 4.702500
v -3.950100 -9.514725 4.702500
v -3.840375 -9.075976 4.702500
v -3.861331 -9.075976 4.785422
v -3.916193 -9.075976 4.836670
v -3.984007 -9.075976 4.836670
v -4.038869 -9.075976 4.785422
v -4.059825 -9.075976 4.702500
v -4.038869 -9.075976 4.619578
v -3.984007 -9.075976 4.568330
v -3.916193 -9.075976 4.568330
v -3.861331 -9.075976 4.619578
v -3.760051 -9.162037 4.702500
v -3.796347 -9.162037 4.846125
v -3.891372 -9.162037 4.934890
v -4.008828 -9.162037 4.934890
v -4.103853 -9.162037 4.846125
v -4.140149 -9.162037 4.702500
v -4.103853 -9.162037 4.558875
v -4.008828 -9.162037 4.470110
v -3.891372 -9.162037 4.470110
v -3.796347 -9.162037 4.558875
v -3.730650 -9.279600 4.702500
v -3.772561 -9.279600 4.868344
v -3.882286 -9.279600 4.970841
v -4.017914 -9.279600 4.970841
v -4.127639 -9.279600 4.868344
v -4.169550 -9.279600 4.702500
v -4.127639 -9.279600 4.536656
v -4.017914 -9.279600 4.434159
v -3.882286 -9.279600 4.434159
v -3.772561 -9.279600 4.536656
v -3.760051 -9.397162 4.702500
v -3.796347 -9.397162 4.846125
v -3.891372 -9.397162 4.934890
v -4.008828 -9.397162 4.934890
v -4.103853 -9.397162 4.846125
v -4.140149 -9.397162 4.702500
v -4.103853 -9.397162 4.558875
v -4.008828 -9.397162 4.470110
v -3.891372 -9.397162 4.470110
v -3.796347 -9.397162 4.558875
v -3.840375 -9.483224 4.702500
v -3.861331 -9.483224 4.785422
v -3.916193 -9.483224 4.836670
v -3.984007 -9.483224 4.836670
v -4.038869 -9.483224 4.785422
v -4.059825 -9.483224 4.702500
v -4.038869 -9.483224 4.619578
v -3.984007 -9.483224 4.568330
v -3.916193 -9.483224 4.568330
v -3.861331 -9.483224 4.619578
f 1457 1460 1459
f 1458 1499 1500
f 1459 1460 1470
f 1459 1470 1469
f 1469 1470 1480
f 1469 1480 1479
f 1479 1480 1490
f 1479 1490 1489
f 1489 1490 1500
f 1489 1500 1499
f 1457 1461 1460
f 1458 1500 1501
f 1460 1461 1471
f 1460 1471 1470
f 1470 1471 1481
f 1470 1481 1480
f 1480 1481 1491
f 1480 1491 1490
f 1490 1491 1501
f 1490 1501 1500
f 1457 1462 1461
f 1458 1501 1502
f 1461 1462 1472
f 1461 1472 1471
f 1471 1472 1482
f 1471 1482 1481
f 1481 1482 1492
f 1481 1492 1491
f 1491 1492 1502
f 1491 1502 1501
f 1457 1463 1462
f 1458 1502 1503
f 1462 1463 1473
f 1462 1473 1472
f 1472 1473 1483
f 1472 1483 1482
f 1482 1483 1493
f 1482 1493 1492
f 1492 1493 1503
f 1492 1503 1502
f 1457 1464 1463
f 1458 1503 1504
f 1463 1464 1474
f 1463 1474 1473
f 1473 1474 1484
f 1473 1484 1483
f 1483 1484 1494
f 1483 1494 1493
f 1493 1494 1504
f 1493 1504 1503
f 1457 1465 1464
f 1458 1504 1505
f 1464 1465 1475
f 1464 1475 1474
f 1474 1475 1485
f 1474 1485 1484
f 1484 1485 1495
f 1484 1495 1494
f 1494 1495 1505
f 1494 1505 1504
f 1457 1466 1465
f 1458 1505 1506
f 1465 1466 1476
f 1465 1476 1475
f 1475 1476 1486
f 1475 1486 1485
f 1485 1486 1496
f 1485 1496 1495
f 1495 1496 1506
f 1495 1506 1505
f 1457 1467 1466
f 1458 1506 1507
f 1466 1467 1477
f 1466 1477 1476
f 1476 1477 1487
f 1476 1487 1486
f 1486 1487 1497
f 1486 1497 1496
f 1496 1497 1507
f 1496 1507 1506
f 1457 1468 1467
f 1458 1507 1508
f 1467 1468 1478
f 1467 1478 1477
f 1477 1478 1488
f 1477 1488 1487
f 1487 1488 1498
f 1487 1498 1497
f 1497 1498 1508
f 1497 1508 1507
f 1457 1459 1468
f 1458 1508 1499
f 1468 1459 1469
f 1468 1469 1478
f 1478 1469 1479
f 1478 1479 1488
f 1488 1479 1489
f 1488 1489 1498
f 1498 1489 1499
f 1498 1499 1508
o RightFrontLeg
usemtl color_29
s off
v 4.577100 -0.902880 -4.232250
v 4.577100 -9.931680 -4.232250
v 5.086537 -1.507695 -4.232250
v 4.989244 -1.507695 -3.900563
v 4.734525 -1.507695 -3.695569
v 4.419675 -1.507695 -3.695569
v 4.164956 -1.507695 -3.900563
v 4.067662 -1.507695 -4.232250
v 4.164956 -1.507695 -4.563937
v 4.419675 -1.507695 -4.768931
v 4.734525 -1.507695 -4.768931
v 4.989244 -1.507695 -4.563937
v 5.459472 -3.160080 -4.232250
v 5.290954 -3.160080 -3.657751
v 4.849768 -3.160080 -3.302691
v 4.304432 -3.160080 -3.302691
v 3.863246 -3.160080 -3.657751
v 3.694728 -3.160080 -4.232250
v 3.863246 -3.160080 -4.806749
v 4.304432 -3.160080 -5.161809
v 4.849768 -3.160080 -5.161809
v 5.290954 -3.160080 -4.806749
v 5.595975 -5.417280 -4.232250
v 5.401387 -5.417280 -3.568876
v 4.891950 -5.417280 -3.158888
v 4.262250 -5.417280 -3.158888
v 3.752813 -5.417280 -3.568876
v 3.558225 -5.417280 -4.232250
v 3.752813 -5.417280 -4.895624
v 4.262250 -5.417280 -5.305612
v 4.891950 -5.417280 -5.305612
v 5.401387 -5.417280 -4.895624
v 5.459472 -7.674480 -4.232250
v 5.290954 -7.674480 -3.657751
v 4.849768 -7.674480 -3.302691
v 4.304432 -7.674480 -3.302691
v 3.863246 -7.674480 -3.657751
v 3.694728 -7.674480 -4.232250
v 3.863246 -7.674480 -4.806749
v 4.304432 -7.674480 -5.161809
v 4.849768 -7.674480 -5.161809
v 5.290954 -7.674480 -4.806749
v 5.086537 -9.326865 -4.232250
v 4.989244 -9.326865 -3.900563
v 4.734525 -9.326865 -3.695569
v 4.419675 -9.326865 -3.695569
v 4.164956 -9.326865 -3.900563
v 4.067662 -9.326865 -4.232250
v 4.164956 -9.326865 -4.563937
v 4.419675 -9.326865 -4.768931
v 4.734525 -9.326865 -4.768931
v 4.989244 -9.326865 -4.563937
f 1509 1512 1511
f 1510 1551 1552
f 1511 1512 1522
f 1511 1522 1521
f 1521 1522 1532
f 1521 1532 1531
f 1531 1532 1542
f 1531 1542 1541
f 1541 1542 1552
f 1541 1552 1551
f 1509 1513 1512
f 1510 1552 1553
f 1512 1513 1523
f 1512 1523 1522
f 1522 1523 1533
f 1522 1533 1532
f 1532 1533 1543
f 1532 1543 1542
f 1542 1543 1553
f 1542 1553 1552
f 1509 1514 1513
f 1510 1553 1554
f 1513 1514 1524
f 1513 1524 1523
f 1523 1524 1534
f 1523 1534 1533
f 1533 1534 1544
f 1533 1544 1543
f 1543 1544 1554
f 1543 1554 1553
f 1509 1515 1514
f 1510 1554 1555
f 1514 1515 1525
f 1514 1525 1524
f 1524 1525 1535
f 1524 1535 1534
f 1534 1535 1545
f 1534 1545 1544
f 1544 1545 1555
f 1544 1555 1554
f 1509 1516 1515
f 1510 1555 1556
f 1515 1516 1526
f 1515 1526 1525
f 1525 1526 1536
f 1525 1536 1535
f 1535 1536 1546
f 1535 1546 1545
f 1545 1546 1556
f 1545 1556 1555
f 1509 1517 1516
f 1510 1556 1557
f 1516 1517 1527
f 1516 1527 1526
f 1526 1527 1537
f 1526 1537 1536
f 1536 1537 1547
f 1536 1547 1546
f 1546 1547 1557
f 1546 1557 1556
f 1509 1518 1517
f 1510 1557 1558
f 1517 1518 1528
f 1517 1528 1527
f 1527 1528 1538
f 1527 1538 1537
f 1537 1538 1548
f 1537 1548 1547
f 1547 1548 1558
f 1547 1558 1557
f 1509 1519 1518
f 1510 1558 1559
f 1518 1519 1529
f 1518 1529 1528
f 1528 1529 1539
f 1528 1539 1538
f 1538 1539 1549
f 1538 1549 1548
f 1548 1549 1559
f 1548 1559 1558
f 1509 1520 1519
f 1510 1559 1560
f 1519 1520 1530
f 1519 1530 1529
f 1529 1530 1540
f 1529 1540 1539
f 1539 1540 1550
f 1539 1550 1549
f 1549 1550 1560
f 1549 1560 1559
f 1509 1511 1520
f 1510 1560 1551
f 1520 1511 1521
f 1520 1521 1530
f 1530 1521 1531
f 1530 1531 1540
f 1540 1531 1541
f 1540 1541 1550
f 1550 1541 1551
f 1550 1551 1560
o RightFrontPaw
usemtl color_30
s off
v 4.577100 -8.809350 -4.608450
v 4.577100 -10.000650 -4.608450
v 5.219775 -8.889152 -4.608450
v 5.097035 -8.889152 -4.156987
v 4.775697 -8.889152 -3.877967
v 4.378503 -8.889152 -3.877967
v 4.057165 -8.889152 -4.156987
v 3.934425 -8.889152 -4.608450
v 4.057165 -8.889152 -5.059913
v 4.378503 -8.889152 -5.338933
v 4.775697 -8.889152 -5.338933
v 5.097035 -8.889152 -5.059913
v 5.690246 -9.107175 -4.608450
v 5.477654 -9.107175 -3.826493
v 4.921081 -9.107175 -3.343217
v 4.233119 -9.107175 -3.343217
v 3.676546 -9.107175 -3.826493
v 3.463954 -9.107175 -4.608450
v 3.676546 -9.107175 -5.390407
v 4.233119 -9.107175 -5.873683
v 4.921081 -9.107175 -5.873683
v 5.477654 -9.107175 -5.390407
v 5.862450 -9.405000 -4.608450
v 5.616970 -9.405000 -3.705524
v 4.974295 -9.405000 -3.147485
v 4.179905 -9.405000 -3.147485
v 3.537230 -9.405000 -3.705524
v 3.291750 -9.405000 -4.608450
v 3.537230 -9.405000 -5.511376
v 4.179905 -9.405000 -6.069415
v 4.974295 -9.405000 -6.069415
v 5.616970 -9.405000 -5.511376
v 5.690246 -9.702825 -4.608450
v 5.477654 -9.702825 -3.826493
v 4.921081 -9.702825 -3.343217
v 4.233119 -9.702825 -3.343217
v 3.676546 -9.702825 -3.826493
v 3.463954 -9.702825 -4.608450
v 3.676546 -9.702825 -5.390407
v 4.233119 -9.702825 -5.873683
v 4.921081 -9.702825 -5.873683
v 5.477654 -9.702825 -5.390407
v 5.219775 -9.920848 -4.608450
v 5.097035 -9.920848 -4.156987
v 4.775697 -9.920848 -3.877967
v 4.378503 -9.920848 -3.877967
v 4.057165 -9.920848 -4.156987
v 3.934425 -9.920848 -4.608450
v 4.057165 -9.920848 -5.059913
v 4.378503 -9.920848 -5.338933
v 4.775697 -9.920848 -5.338933
v 5.097035 -9.920848 -5.059913
f 1561 1564 1563
f 1562 1603 1604
f 1563 1564 1574
f 1563 1574 1573
f 1573 1574 1584
f 1573 1584 1583
f 1583 1584 1594
f 1583 1594 1593
f 1593 1594 1604
f 1593 1604 1603
f 1561 1565 1564
f 1562 1604 1605
f 1564 1565 1575
f 1564 1575 1574
f 1574 1575 1585
f 1574 1585 1584
f 1584 1585 1595
f 1584 1595 1594
f 1594 1595 1605
f 1594 1605 1604
f 1561 1566 1565
f 1562 1605 1606
f 1565 1566 1576
f 1565 1576 1575
f 1575 1576 1586
f 1575 1586 1585
f 1585 1586 1596
f 1585 1596 1595
f 1595 1596 1606
f 1595 1606 1605
f 1561 1567 1566
f 1562 1606 1607
f 1566 1567 1577
f 1566 1577 1576
f 1576 1577 1587
f 1576 1587 1586
f 1586 1587 1597
f 1586 1597 1596
f 1596 1597 1607
f 1596 1607 1606
f 1561 1568 1567
f 1562 1607 1608
f 1567 1568 1578
f 1567 1578 1577
f 1577 1578 1588
f 1577 1588 1587
f 1587 1588 1598
f 1587 1598 1597
f 1597 1598 1608
f 1597 1608 1607
f 1561 1569 1568
f 1562 1608 1609
f 1568 1569 1579
f 1568 1579 1578
f 1578 1579 1589
f 1578 1589 1588
f 1588 1589 1599
f 1588 1599 1598
f 1598 1599 1609
f 1598 1609 1608
f 1561 1570 1569
f 1562 1609 1610
f 1569 1570 1580
f 1569 1580 1579
f 1579 1580 1590
f 1579 1590 1589
f 1589 1590 1600
f 1589 1600 1599
f 1599 1600 1610
f 1599 1610 1609
f 1561 1571 1570
f 1562 1610 1611
f 1570 1571 1581
f 1570 1581 1580
f 1580 1581 1591
f 1580 1591 1590
f 1590 1591 1601
f 1590 1601 1600
f 1600 1601 1611
f 1600 1611 1610
f 1561 1572 1571
f 1562 1611 1612
f 1571 1572 1582
f 1571 1582 1581
f 1581 1582 1592
f 1581 1592 1591
f 1591 1592 1602
f 1591 1602 1601
f 1601 1602 1612
f 1601 1612 1611
f 1561 1563 1572
f 1562 1612 1603
f 1572 1563 1573
f 1572 1573 1582
f 1582 1573 1583
f 1582 1583 1592
f 1592 1583 1593
f 1592 1593 1602
f 1602 1593 1603
f 1602 1603 1612
o RightFrontClaw
usemtl color_31
s off
v 3.950100 -9.044475 -6.019200
v 3.950100 -9.514725 -6.019200
v 4.059825 -9.075976 -6.019200
v 4.038869 -9.075976 -5.936278
v 3.984007 -9.075976 -5.885030
v 3.916193 -9.075976 -5.885030
v 3.861331 -9.075976 -5.936278
v 3.840375 -9.075976 -6.019200
v 3.861331 -9.075976 -6.102122
v 3.916193 -9.075976 -6.153370
v 3.984007 -9.075976 -6.153370
v 4.038869 -9.075976 -6.102122
v 4.140149 -9.162037 -6.019200
v 4.103853 -9.162037 -5.875575
v 4.008828 -9.162037 -5.786810
v 3.891372 -9.162037 -5.786810
v 3.796347 -9.162037 -5.875575
v 3.760051 -9.162037 -6.019200
v 3.796347 -9.162037 -6.162825
v 3.891372 -9.162037 -6.251590
v 4.008828 -9.162037 -6.251590
v 4.103853 -9.162037 -6.162825
v 4.169550 -9.279600 -6.019200
v 4.127639 -9.279600 -5.853356
v 4.017914 -9.279600 -5.750859
v 3.882286 -9.279600 -5.750859
v 3.772561 -9.279600 -5.853356
v 3.730650 -9.279600 -6.019200
v 3.772561 -9.279600 -6.185044
v 3.882286 -9.279600 -6.287541
v 4.017914 -9.279600 -6.287541
v 4.127639 -9.279600 -6.185044
v 4.140149 -9.397162 -6.019200
v 4.103853 -9.397162 -5.875575
v 4.008828 -9.397162 -5.786810
v 3.891372 -9.397162 -5.786810
v 3.796347 -9.397162 -5.875575
v 3.760051 -9.397162 -6.019200
v 3.796347 -9.397162 -6.162825
v 3.891372 -9.397162 -6.251590
v 4.008828 -9.397162 -6.251590
v 4.103853 -9.397162 -6.162825
v 4.059825 -9.483224 -6.019200
v 4.038869 -9.483224 -5.936278
v 3.984007 -9.483224 -5.885030
v 3.916193 -9.483224 -5.885030
v 3.861331 -9.483224 -5.936278
v 3.840375 -9.483224 -6.019200
v 3.861331 -9.483224 -6.102122
v 3.916193 -9.483224 -6.153370
v 3.984007 -9.483224 -6.153370
v 4.038869 -9.483224 -6.102122
f 1613 1616 1615
f 1614 1655 1656
f 1615 1616 1626
f 1615 1626 1625
f 1625 1626 1636
f 1625 1636 1635
f 1635 1636 1646
f 1635 1646 1645
f 1645 1646 1656
f 1645 1656 1655
f 1613 1617 1616
f 1614 1656 1657
f 1616 1617 1627
f 1616 1627 1626
f 1626 1627 1637
f 1626 1637 1636
f 1636 1637 1647
f 1636 1647 1646
f 1646 1647 1657
f 1646 1657 1656
f 1613 1618 1617
f 1614 1657 1658
f 1617 1618 1628
f 1617 1628 1627
f 1627 1628 1638
f 1627 1638 1637
f 1637 1638 1648
f 1637 1648 1647
f 1647 1648 1658
f 1647 1658 1657
f 1613 1619 1618
f 1614 1658 1659
f 1618 1619 1629
f 1618 1629 1628
f 1628 1629 1639
f 1628 1639 1638
f 1638 1639 1649
f 1638 1649 1648
f 1648 1649 1659
f 1648 1659 1658
f 1613 1620 1619
f 1614 1659 1660
f 1619 1620 1630
f 1619 1630 1629
f 1629 1630 1640
f 1629 1640 1639
f 1639 1640 1650
f 1639 1650 1649
f 1649 1650 1660
f 1649 1660 1659
f 1613 1621 1620
f 1614 1660 1661
f 1620 1621 1631
f 1620 1631 1630
f 1630 1631 1641
f 1630 1641 1640
f 1640 1641 1651
f 1640 1651 1650
f 1650 1651 1661
f 1650 1661 1660
f 1613 1622 1621
f 1614 1661 1662
f 1621 1622 1632
f 1621 1632 1631
f 1631 1632 1642
f 1631 1642 1641
f 1641 1642 1652
f 1641 1652 1651
f 1651 1652 1662
f 1651 1662 1661
f 1613 1623 1622
f 1614 1662 1663
f 1622 1623 1633
f 1622 1633 1632
f 1632 1633 1643
f 1632 1643 1642
f 1642 1643 1653
f 1642 1653 1652
f 1652 1653 1663
f 1652 1663 1662
f 1613 1624 1623
f 1614 1663 1664
f 1623 1624 1634
f 1623 1634 1633
f 1633 1634 1644
f 1633 1644 1643
f 1643 1644 1654
f 1643 1654 1653
f 1653 1654 1664
f 1653 1664 1663
f 1613 1615 1624
f 1614 1664 1655
f 1624 1615 1625
f 1624 1625 1634
f 1634 1625 1635
f 1634 1635 1644
f 1644 1635 1645
f 1644 1645 1654
f 1654 1645 1655
f 1654 1655 1664
o RightFrontClaw_1
usemtl color_32
s off
v 4.577100 -9.044475 -6.019200
v 4.577100 -9.514725 -6.019200
v 4.686825 -9.075976 -6.019200
v 4.665869 -9.075976 -5.936278
v 4.611007 -9.075976 -5.885030
v 4.543193 -9.075976 -5.885030
v 4.488331 -9.075976 -5.936278
v 4.467375 -9.075976 -6.019200
v 4.488331 -9.075976 -6.102122
v 4.543193 -9.075976 -6.153370
v 4.611007 -9.075976 -6.153370
v 4.665869 -9.075976 -6.102122
v 4.767149 -9.162037 -6.019200
v 4.730853 -9.162037 -5.875575
v 4.635828 -9.162037 -5.786810
v 4.518372 -9.162037 -5.786810
v 4.423347 -9.162037 -5.875575
v 4.387051 -9.162037 -6.019200
v 4.423347 -9.162037 -6.162825
v 4.518372 -9.162037 -6.251590
v 4.635828 -9.162037 -6.251590
v 4.730853 -9.162037 -6.162825
v 4.796550 -9.279600 -6.019200
v 4.754639 -9.279600 -5.853356
v 4.644914 -9.279600 -5.750859
v 4.509286 -9.279600 -5.750859
v 4.399561 -9.279600 -5.853356
v 4.357650 -9.279600 -6.019200
v 4.399561 -9.279600 -6.185044
v 4.509286 -9.279600 -6.287541
v 4.644914 -9.279600 -6.287541
v 4.754639 -9.279600 -6.185044
v 4.767149 -9.397162 -6.019200
v 4.730853 -9.397162 -5.875575
v 4.635828 -9.397162 -5.786810
v 4.518372 -9.397162 -5.786810
v 4.423347 -9.397162 -5.875575
v 4.387051 -9.397162 -6.019200
v 4.423347 -9.397162 -6.162825
v 4.518372 -9.397162 -6.251590
v 4.635828 -9.397162 -6.251590
v 4.730853 -9.397162 -6.162825
v 4.686825 -9.483224 -6.019200
v 4.665869 -9.483224 -5.936278
v 4.611007 -9.483224 -5.885030
v 4.543193 -9.483224 -5.885030
v 4.488331 -9.483224 -5.936278
v 4.467375 -9.483224 -6.019200
v 4.488331 -9.483224 -6.102122
v 4.543193 -9.483224 -6.153370
v 4.611007 -9.483224 -6.153370
v 4.665869 -9.483224 -6.102122
f 1665 1668 1667
f 1666 1707 1708
f 1667 1668 1678
f 1667 1678 1677
f 1677 1678 1688
f 1677 1688 1687
f 1687 1688 1698
f 1687 1698 1697
f 1697 1698 1708
f 1697 1708 1707
f 1665 1669 1668
f 1666 1708 1709
f 1668 1669 1679
f 1668 1679 1678
f 1678 1679 1689
f 1678 1689 1688
f 1688 1689 1699
f 1688 1699 1698
f 1698 1699 1709
f 1698 1709 1708
f 1665 1670 1669
f 1666 1709 1710
f 1669 1670 1680
f 1669 1680 1679
f 1679 1680 1690
f 1679 1690 1689
f 1689 1690 1700
f 1689 1700 1699
f 1699 1700 1710
f 1699 1710 1709
f 1665 1671 1670
f 1666 1710 1711
f 1670 1671 1681
f 1670 1681 1680
f 1680 1681 1691
f 1680 1691 1690
f 1690 1691 1701
f 1690 1701 1700
f 1700 1701 1711
f 1700 1711 1710
f 1665 1672 1671
f 1666 1711 1712
f 1671 1672 1682
f 1671 1682 1681
f 1681 1682 1692
f 1681 1692 1691
f 1691 1692 1702
f 1691 1702 1701
f 1701 1702 1712
f 1701 1712 1711
f 1665 1673 1672
f 1666 1712 1713
f 1672 1673 1683
f 1672 1683 1682
f 1682 1683 1693
f 1682 1693 1692
f 1692 1693 1703
f 1692 1703 1702
f 1702 1703 1713
f 1702 1713 1712
f 1665 1674 1673
f 1666 1713 1714
f 1673 1674 1684
f 1673 1684 1683
f 1683 1684 1694
f 1683 1694 1693
f 1693 1694 1704
f 1693 1704 1703
f 1703 1704 1714
f 1703 1714 1713
f 1665 1675 1674
f 1666 1714 1715
f 1674 1675 1685
f 1674 1685 1684
f 1684 1685 1695
f 1684 1695 1694
f 1694 1695 1705
f 1694 1705 1704
f 1704 1705 1715
f 1704 1715 1714
f 1665 1676 1675
f 1666 1715 1716
f 1675 1676 1686
f 1675 1686 1685
f 1685 1686 1696
f 1685 1696 1695
f 1695 1696 1706
f 1695 1706 1705
f 1705 1706 1716
f 1705 1716 1715
f 1665 1667 1676
f 1666 1716 1707
f 1676 1667 1677
f 1676 1677 1686
f 1686 1677 1687
f 1686 1687 1696
f 1696 1687 1697
f 1696 1697 1706
f 1706 1697 1707
f 1706 1707 1716
o RightFrontClaw_2
usemtl color_33
s off
v 5.204100 -9.044475 -6.019200
v 5.204100 -9.514725 -6.019200
v 5.313825 -9.075976 -6.019200
v 5.292869 -9.075976 -5.936278
v 5.238007 -9.075976 -5.885030
v 5.170193 -9.075976 -5.885030
v 5.115331 -9.075976 -5.936278
v 5.094375 -9.075976 -6.019200
v 5.115331 -9.075976 -6.102122
v 5.170193 -9.075976 -6.153370
v 5.238007 -9.075976 -6.153370
v 5.292869 -9.075976 -6.102122
v 5.394149 -9.162037 -6.019200
v 5.357853 -9.162037 -5.875575
v 5.262828 -9.162037 -5.786810
v 5.145372 -9.162037 -5.786810
v 5.050347 -9.162037 -5.875575
v 5.014051 -9.162037 -6.019200
v 5.050347 -9.162037 -6.162825
v 5.145372 -9.162037 -6.251590
v 5.262828 -9.162037 -6.251590
v 5.357853 -9.162037 -6.162825
v 5.423550 -9.279600 -6.019200
v 5.381639 -9.279600 -5.853356
v 5.271914 -9.279600 -5.750859
v 5.136286 -9.279600 -5.750859
v 5.026561 -9.279600 -5.853356
v 4.984650 -9.279600 -6.019200
v 5.026561 -9.279600 -6.185044
v 5.136286 -9.279600 -6.287541
v 5.271914 -9.279600 -6.287541
v 5.381639 -9.279600 -6.185044
v 5.394149 -9.397162 -6.019200
v 5.357853 -9.397162 -5.875575
v 5.262828 -9.397162 -5.786810
v 5.145372 -9.397162 -5.786810
v 5.050347 -9.397162 -5.875575
v 5.014051 -9.397162 -6.019200
v 5.050347 -9.397162 -6.162825
v 5.145372 -9.397162 -6.251590
v 5.262828 -9.397162 -6.251590
v 5.357853 -9.397162 -6.162825
v 5.313825 -9.483224 -6.019200
v 5.292869 -9.483224 -5.936278
v 5.238007 -9.483224 -5.885030
v 5.170193 -9.483224 -5.885030
v 5.115331 -9.483224 -5.936278
v 5.094375 -9.483224 -6.019200
v 5.115331 -9.483224 -6.102122
v 5.170193 -9.483224 -6.153370
v 5.238007 -9.483224 -6.153370
v 5.292869 -9.483224 -6.102122
f 1717 1720 1719
f 1718 1759 1760
f 1719 1720 1730
f 1719 1730 1729
f 1729 1730 1740
f 1729 1740 1739
f 1739 1740 1750
f 1739 1750 1749
f 1749 1750 1760
f 1749 1760 1759
f 1717 1721 1720
f 1718 1760 1761
f 1720 1721 1731
f 1720 1731 1730
f 1730 1731 1741
f 1730 1741 1740
f 1740 1741 1751
f 1740 1751 1750
f 1750 1751 1761
f 1750 1761 1760
f 1717 1722 1721
f 1718 1761 1762
f 1721 1722 1732
f 1721 1732 1731
f 1731 1732 1742
f 1731 1742 1741
f 1741 1742 1752
f 1741 1752 1751
f 1751 1752 1762
f 1751 1762 1761
f 1717 1723 1722
f 1718 1762 1763
f 1722 1723 1733
f 1722 1733 1732
f 1732 1733 1743
f 1732 1743 1742
f 1742 1743 1753
f 1742 1753 1752
f 1752 1753 1763
f 1752 1763 1762
f 1717 1724 1723
f 1718 1763 1764
f 1723 1724 1734
f 1723 1734 1733
f 1733 1734 1744
f 1733 1744 1743
f 1743 1744 1754
f 1743 1754 1753
f 1753 1754 1764
f 1753 1764 1763
f 1717 1725 1724
f 1718 1764 1765
f 1724 1725 1735
f 1724 1735 1734
f 1734 1735 1745
f 1734 1745 1744
f 1744 1745 1755
f 1744 1755 1754
f 1754 1755 1765
f 1754 1765 1764
f 1717 1726 1725
f 1718 1765 1766
f 1725 1726 1736
f 1725 1736 1735
f 1735 1736 1746
f 1735 1746 1745
f 1745 1746 1756
f 1745 1756 1755
f 1755 1756 1766
f 1755 1766 1765
f 1717 1727 1726
f 1718 1766 1767
f 1726 1727 1737
f 1726 1737 1736
f 1736 1737 1747
f 1736 1747 1746
f 1746 1747 1757
f 1746 1757 1756
f 1756 1757 1767
f 1756 1767 1766
f 1717 1728 1727
f 1718 1767 1768
f 1727 1728 1738
f 1727 1738 1737
f 1737 1738 1748
f 1737 1748 1747
f 1747 1748 1758
f 1747 1758 1757
f 1757 1758 1768
f 1757 1768 1767
f 1717 1719 1728
f 1718 1768 1759
f 1728 1719 1729
f 1728 1729 1738
f 1738 1729 1739
f 1738 1739 1748
f 1748 1739 1749
f 1748 1749 1758
f 1758 1749 1759
f 1758 1759 1768
o RightBackLeg
usemtl color_34
s off
v 4.577100 -0.902880 6.489450
v 4.577100 -9.931680 6.489450
v 5.086537 -1.507695 6.489450
v 4.989244 -1.507695 6.821137
v 4.734525 -1.507695 7.026131
v 4.419675 -1.507695 7.026131
v 4.164956 -1.507695 6.821137
v 4.067662 -1.507695 6.489450
v 4.164956 -1.507695 6.157763
v 4.419675 -1.507695 5.952769
v 4.734525 -1.507695 5.952769
v 4.989244 -1.507695 6.157763
v 5.459472 -3.160080 6.489450
v 5.290954 -3.160080 7.063949
v 4.849768 -3.160080 7.419009
v 4.304432 -3.160080 7.419009
v 3.863246 -3.160080 7.063949
v 3.694728 -3.160080 6.489450
v 3.863246 -3.160080 5.914951
v 4.304432 -3.160080 5.559891
v 4.849768 -3.160080 5.559891
v 5.290954 -3.160080 5.914951
v 5.595975 -5.417280 6.489450
v 5.401387 -5.417280 7.152824
v 4.891950 -5.417280 7.562812
v 4.262250 -5.417280 7.562812
v 3.752813 -5.417280 7.152824
v 3.558225 -5.417280 6.489450
v 3.752813 -5.417280 5.826076
v 4.262250 -5.417280 5.416088
v 4.891950 -5.417280 5.416088
v 5.401387 -5.417280 5.826076
v 5.459472 -7.674480 6.489450
v 5.290954 -7.674480 7.063949
v 4.849768 -7.674480 7.419009
v 4.304432 -7.674480 7.419009
v 3.863246 -7.674480 7.063949
v 3.694728 -7.674480 6.489450
v 3.863246 -7.674480 5.914951
v 4.304432 -7.674480 5.559891
v 4.849768 -7.674480 5.559891
v 5.290954 -7.674480 5.914951
v 5.086537 -9.326865 6.489450
v 4.989244 -9.326865 6.821137
v 4.734525 -9.326865 7.026131
v 4.419675 -9.326865 7.026131
v 4.164956 -9.326865 6.821137
v 4.067662 -9.326865 6.489450
v 4.164956 -9.326865 6.157763
v 4.419675 -9.326865 5.952769
v 4.734525 -9.326865 5.952769
v 4.989244 -9.326865 6.157763
f 1769 1772 1771
f 1770 1811 1812
f 1771 1772 1782
f 1771 1782 1781
f 1781 1782 1792
f 1781 1792 1791
f 1791 1792 1802
f 1791 1802 1801
f 1801 1802 1812
f 1801 1812 1811
f 1769 1773 1772
f 1770 1812 1813
f 1772 1773 1783
f 1772 1783 1782
f 1782 1783 1793
f 1782 1793 1792
f 1792 1793 1803
f 1792 1803 1802
f 1802 1803 1813
f 1802 1813 1812
f 1769 1774 1773
f 1770 1813 1814
f 1773 1774 1784
f 1773 1784 1783
f 1783 1784 1794
f 1783 1794 1793
f 1793 1794 1804
f 1793 1804 1803
f 1803 1804 1814
f 1803 1814 1813
f 1769 1775 1774
f 1770 1814 1815
f 1774 1775 1785
f 1774 1785 1784
f 1784 1785 1795
f 1784 1795 1794
f 1794 1795 1805
f 1794 1805 1804
f 1804 1805 1815
f 1804 1815 1814
f 1769 1776 1775
f 1770 1815 1816
f 1775 1776 1786
f 1775 1786 1785
f 1785 1786 1796
f 1785 1796 1795
f 1795 1796 1806
f 1795 1806 1805
f 1805 1806 1816
f 1805 1816 1815
f 1769 1777 1776
f 1770 1816 1817
f 1776 1777 1787
f 1776 1787 1786
f 1786 1787 1797
f 1786 1797 1796
f 1796 1797 1807
f 1796 1807 1806
f 1806 1807 1817
f 1806 1817 1816
f 1769 1778 1777
f 1770 1817 1818
f 1777 1778 1788
f 1777 1788 1787
f 1787 1788 1798
f 1787 1798 1797
f 1797 1798 1808
f 1797 1808 1807
f 1807 1808 1818
f 1807 1818 1817
f 1769 1779 1778
f 1770 1818 1819
f 1778 1779 1789
f 1778 1789 1788
f 1788 1789 1799
f 1788 1799 1798
f 1798 1799 1809
f 1798 1809 1808
f 1808 1809 1819
f 1808 1819 1818
f 1769 1780 1779
f 1770 1819 1820
f 1779 1780 1790
f 1779 1790 1789
f 1789 1790 1800
f 1789 1800 1799
f 1799 1800 1810
f 1799 1810 1809
f 1809 1810 1820
f 1809 1820 1819
f 1769 1771 1780
f 1770 1820 1811
f 1780 1771 1781
f 1780 1781 1790
f 1790 1781 1791
f 1790 1791 1800
f 1800 1791 1801
f 1800 1801 1810
f 1810 1801 1811
f 1810 1811 1820
o RightBackPaw
usemtl color_35
s off
v 4.577100 -8.809350 6.113250
v 4.577100 -10.000650 6.113250
v 5.219775 -8.889152 6.113250
v 5.097035 -8.889152 6.564713
v 4.775697 -8.889152 6.843733
v 4.378503 -8.889152 6.843733
v 4.057165 -8.889152 6.564713
v 3.934425 -8.889152 6.113250
v 4.057165 -8.889152 5.661787
v 4.378503 -8.889152 5.382767
v 4.775697 -8.889152 5.382767
v 5.097035 -8.889152 5.661787
v 5.690246 -9.107175 6.113250
v 5.477654 -9.107175 6.895207
v 4.921081 -9.107175 7.378483
v 4.233119 -9.107175 7.378483
v 3.676546 -9.107175 6.895207
v 3.463954 -9.107175 6.113250
v 3.676546 -9.107175 5.331293
v 4.233119 -9.107175 4.848017
v 4.921081 -9.107175 4.848017
v 5.477654 -9.107175 5.331293
v 5.862450 -9.405000 6.113250
v 5.616970 -9.405000 7.016176
v 4.974295 -9.405000 7.574215
v 4.179905 -9.405000 7.574215
v 3.537230 -9.405000 7.016176
v 3.291750 -9.405000 6.113250
v 3.537230 -9.405000 5.210324
v 4.179905 -9.405000 4.652285
v 4.974295 -9.405000 4.652285
v 5.616970 -9.405000 5.210324
v 5.690246 -9.702825 6.113250
v 5.477654 -9.702825 6.895207
v 4.921081 -9.702825 7.378483
v 4.233119 -9.702825 7.378483
v 3.676546 -9.702825 6.895207
v 3.463954 -9.702825 6.113250
v 3.676546 -9.702825 5.331293
v 4.233119 -9.702825 4.848017
v 4.921081 -9.702825 4.848017
v 5.477654 -9.702825 5.331293
v 5.219775 -9.920848 6.113250
v 5.097035 -9.920848 6.564713
v 4.775697 -9.920848 6.843733
v 4.378503 -9.920848 6.843733
v 4.057165 -9.920848 6.564713
v 3.934425 -9.920848 6.113250
v 4.057165 -9.920848 5.661787
v 4.378503 -9.920848 5.382767
v 4.775697 -9.920848 5.382767
v 5.097035 -9.920848 5.661787
f 1821 1824 1823
f 1822 1863 1864
f 1823 1824 1834
f 1823 1834 1833
f 1833 1834 1844
f 1833 1844 1843
f 1843 1844 1854
f 1843 1854 1853
f 1853 1854 1864
f 1853 1864 1863
f 1821 1825 1824
f 1822 1864 1865
f 1824 1825 1835
f 1824 1835 1834
f 1834 1835 1845
f 1834 1845 1844
f 1844 1845 1855
f 1844 1855 1854
f 1854 1855 1865
f 1854 1865 1864
f 1821 1826 1825
f 1822 1865 1866
f 1825 1826 1836
f 1825 1836 1835
f 1835 1836 1846
f 1835 1846 1845
f 1845 1846 1856
f 1845 1856 1855
f 1855 1856 1866
f 1855 1866 1865
f 1821 1827 1826
f 1822 1866 1867
f 1826 1827 1837
f 1826 1837 1836
f 1836 1837 1847
f 1836 1847 1846
f 1846 1847 1857
f 1846 1857 1856
f 1856 1857 1867
f 1856 1867 1866
f 1821 1828 1827
f 1822 1867 1868
f 1827 1828 1838
f 1827 1838 1837
f 1837 1838 1848
f 1837 1848 1847
f 1847 1848 1858
f 1847 1858 1857
f 1857 1858 1868
f 1857 1868 1867
f 1821 1829 1828
f 1822 1868 1869
f 1828 1829 1839
f 1828 1839 1838
f 1838 1839 1849
f 1838 1849 1848
f 1848 1849 1859
f 1848 1859 1858
f 1858 1859 1869
f 1858 1869 1868
f 1821 1830 1829
f 1822 1869 1870
f 1829 1830 1840
f 1829 1840 1839
f 1839 1840 1850
f 1839 1850 1849
f 1849 1850 1860
f 1849 1860 1859
f 1859 1860 1870
f 1859 1870 1869
f 1821 1831 1830
f 1822 1870 1871
f 1830 1831 1841
f 1830 1841 1840
f 1840 1841 1851
f 1840 1851 1850
f 1850 1851 1861
f 1850 1861 1860
f 1860 1861 1871
f 1860 1871 1870
f 1821 1832 1831
f 1822 1871 1872
f 1831 1832 1842
f 1831 1842 1841
f 1841 1842 1852
f 1841 1852 1851
f 1851 1852 1862
f 1851 1862 1861
f 1861 1862 1872
f 1861 1872 1871
f 1821 1823 1832
f 1822 1872 1863
f 1832 1823 1833
f 1832 1833 1842
f 1842 1833 1843
f 1842 1843 1852
f 1852 1843 1853
f 1852 1853 1862
f 1862 1853 1863
f 1862 1863 1872
o RightBackClaw
usemtl color_36
s off
v 3.950100 -9.044475 4.702500
v 3.950100 -9.514725 4.702500
v 4.059825 -9.075976 4.702500
v 4.038869 -9.075976 4.785422
v 3.984007 -9.075976 4.836670
v 3.916193 -9.075976 4.836670
v 3.861331 -9.075976 4.785422
v 3.840375 -9.075976 4.702500
v 3.861331 -9.075976 4.619578
v 3.916193 -9.075976 4.568330
v 3.984007 -9.075976 4.568330
v 4.038869 -9.075976 4.619578
v 4.140149 -9.162037 4.702500
v 4.103853 -9.162037 4.846125
v 4.008828 -9.162037 4.934890
v 3.891372 -9.162037 4.934890
v 3.796347 -9.162037 4.846125
v 3.760051 -9.162037 4.702500
v 3.796347 -9.162037 4.558875
v 3.891372 -9.162037 4.470110
v 4.008828 -9.162037 4.470110
v 4.103853 -9.162037 4.558875
v 4.169550 -9.279600 4.702500
v 4.127639 -9.279600 4.868344
v 4.017914 -9.279600 4.970841
v 3.882286 -9.279600 4.970841
v 3.772561 -9.279600 4.868344
v 3.730650 -9.279600 4.702500
v 3.772561 -9.279600 4.536656
v 3.882286 -9.279600 4.434159
v 4.017914 -9.279600 4.434159
v 4.127639 -9.279600 4.536656
v 4.140149 -9.397162 4.702500
v 4.103853 -9.397162 4.846125
v 4.008828 -9.397162 4.934890
v 3.891372 -9.397162 4.934890
v 3.796347 -9.397162 4.846125
v 3.760051 -9.397162 4.702500
v 3.796347 -9.397162 4.558875
v 3.891372 -9.397162 4.470110
v 4.008828 -9.397162 4.470110
v 4.103853 -9.397162 4.558875
v 4.059825 -9.483224 4.702500
v 4.038869 -9.483224 4.785422
v 3.984007 -9.483224 4.836670
v 3.916193 -9.483224 4.836670
v 3.861331 -9.483224 4.785422
v 3.840375 -9.483224 4.702500
v 3.861331 -9.483224 4.619578
v 3.916193 -9.483224 4.568330
v 3.984007 -9.483224 4.568330
v 4.038869 -9.483224 4.619578
f 1873 1876 1875
f 1874 1915 1916
f 1875 1876 1886
f 1875 1886 1885
f 1885 1886 1896
f 1885 1896 1895
f 1895 1896 1906
f 1895 1906 1905
f 1905 1906 1916
f 1905 1916 1915
f 1873 1877 1876
f 1874 1916 1917
f 1876 1877 1887
f 1876 1887 1886
f 1886 1887 1897
f 1886 1897 1896
f 1896 1897 1907
f 1896 1907 1906
f 1906 1907 1917
f 1906 1917 1916
f 1873 1878 1877
f 1874 1917 1918
f 1877 1878 1888
f 1877 1888 1887
f 1887 1888 1898
f 1887 1898 1897
f 1897 1898 1908
f 1897 1908 1907
f 1907 1908 1918
f 1907 1918 1917
f 1873 1879 1878
f 1874 1918 1919
f 1878 1879 1889
f 1878 1889 1888
f 1888 1889 1899
f 1888 1899 1898
f 1898 1899 1909
f 1898 1909 1908
f 1908 1909 1919
f 1908 1919 1918
f 1873 1880 1879
f 1874 1919 1920
f 1879 1880 1890
f 1879 1890 1889
f 1889 1890 1900
f 1889 1900 1899
f 1899 1900 1910
f 1899 1910 1909
f 1909 1910 1920
f 1909 1920 1919
f 1873 1881 1880
f 1874 1920 1921
f 1880 1881 1891
f 1880 1891 1890
f 1890 1891 1901
f 1890 1901 1900
f 1900 1901 1911
f 1900 1911 1910
f 1910 1911 1921
f 1910 1921 1920
f 1873 1882 1881
f 1874 1921 1922
f 1881 1882 1892
f 1881 1892 1891
f 1891 1892 1902
f 1891 1902 1901
f 1901 1902 1912
f 1901 1912 1911
f 1911 1912 1922
f 1911 1922 1921
f 1873 1883 1882
f 1874 1922 1923
f 1882 1883 1893
f 1882 1893 1892
f 1892 1893 1903
f 1892 1903 1902
f 1902 1903 1913
f 1902 1913 1912
f 1912 1913 1923
f 1912 1923 1922
f 1873 1884 1883
f 1874 1923 1924
f 1883 1884 1894
f 1883 1894 1893
f 1893 1894 1904
f 1893 1904 1903
f 1903 1904 1914
f 1903 1914 1913
f 1913 1914 1924
f 1913 1924 1923
f 1873 1875 1884
f 1874 1924 1915
f 1884 1875 1885
f 1884 1885 1894
f 1894 1885 1895
f 1894 1895 1904
f 1904 1895 1905
f 1904 1905 1914
f 1914 1905 1915
f 1914 1915 1924
o RightBackClaw_1
usemtl color_37
s off
v 4.577100 -9.044475 4.702500
v 4.577100 -9.514725 4.702500
v 4.686825 -9.075976 4.702500
v 4.665869 -9.075976 4.785422
v 4.611007 -9.075976 4.836670
v 4.543193 -9.075976 4.836670
v 4.488331 -9.075976 4.785422
v 4.467375 -9.075976 4.702500
v 4.488331 -9.075976 4.619578
v 4.543193 -9.075976 4.568330
v 4.611007 -9.075976 4.568330
v 4.665869 -9.075976 4.619578
v 4.767149 -9.162037 4.702500
v 4.730853 -9.162037 4.846125
v 4.635828 -9.162037 4.934890
v 4.518372 -9.162037 4.934890
v 4.423347 -9.162037 4.846125
v 4.387051 -9.162037 4.702500
v 4.423347 -9.162037 4.558875
v 4.518372 -9.162037 4.470110
v 4.635828 -9.162037 4.470110
v 4.730853 -9.162037 4.558875
v 4.796550 -9.279600 4.702500
v 4.754639 -9.279600 4.868344
v 4.644914 -9.279600 4.970841
v 4.509286 -9.279600 4.970841
v 4.399561 -9.279600 4.868344
v 4.357650 -9.279600 4.702500
v 4.399561 -9.279600 4.536656
v 4.509286 -9.279600 4.434159
v 4.644914 -9.279600 4.434159
v 4.754639 -9.279600 4.536656
v 4.767149 -9.397162 4.702500
v 4.730853 -9.397162 4.846125
v 4.635828 -9.397162 4.934890
v 4.518372 -9.397162 4.934890
v 4.423347 -9.397162 4.846125
v 4.387051 -9.397162 4.702500
v 4.423347 -9.397162 4.558875
v 4.518372 -9.397162 4.470110
v 4.635828 -9.397162 4.470110
v 4.730853 -9.397162 4.558875
v 4.686825 -9.483224 4.702500
v 4.665869 -9.483224 4.785422
v 4.611007 -9.483224 4.836670
v 4.543193 -9.483224 4.836670
v 4.488331 -9.483224 4.785422
v 4.467375 -9.483224 4.702500
v 4.488331 -9.483224 4.619578
v 4.543193 -9.483224 4.568330
v 4.611007 -9.483224 4.568330
v 4.665869 -9.483224 4.619578
f 1925 1928 1927
f 1926 1967 1968
f 1927 1928 1938
f 1927 1938 1937
f 1937 1938 1948
f 1937 1948 1947
f 1947 1948 1958
f 1947 1958 1957
f 1957 1958 1968
f 1957 1968 1967
f 1925 1929 1928
f 1926 1968 1969
f 1928 1929 1939
f 1928 1939 1938
f 1938 1939 1949
f 1938 1949 1948
f 1948 1949 1959
f 1948 1959 1958
f 1958 1959 1969
f 1958 1969 1968
f 1925 1930 1929
f 1926 1969 1970
f 1929 1930 1940
f 1929 1940 1939
f 1939 1940 1950
f 1939 1950 1949
f 1949 1950 1960
f 1949 1960 1959
f 1959 1960 1970
f 1959 1970 1969
f 1925 1931 1930
f 1926 1970 1971
f 1930 1931 1941
f 1930 1941 1940
f 1940 1941 1951
f 1940 1951 1950
f 1950 1951 1961
f 1950 1961 1960
f 1960 1961 1971
f 1960 1971 1970
f 1925 1932 1931
f 1926 1971 1972
f 1931 1932 1942
f 1931 1942 1941
f 1941 1942 1952
f 1941 1952 1951
f 1951 1952 1962
f 1951 1962 1961
f 1961 1962 1972
f 1961 1972 1971
f 1925 1933 1932
f 1926 1972 1973
f 1932 1933 1943
f 1932 1943 1942
f 1942 1943 1953
f 1942 1953 1952
f 1952 1953 1963
f 1952 1963 1962
f 1962 1963 1973
f 1962 1973 1972
f 1925 1934 1933
f 1926 1973 1974
f 1933 1934 1944
f 1933 1944 1943
f 1943 1944 1954
f 1943 1954 1953
f 1953 1954 1964
f 1953 1964 1963
f 1963 1964 1974
f 1963 1974 1973
f 1925 1935 1934
f 1926 1974 1975
f 1934 1935 1945
f 1934 1945 1944
f 1944 1945 1955
f 1944 1955 1954
f 1954 1955 1965
f 1954 1965 1964
f 1964 1965 1975
f 1964 1975 1974
f 1925 1936 1935
f 1926 1975 1976
f 1935 1936 1946
f 1935 1946 1945
f 1945 1946 1956
f 1945 1956 1955
f 1955 1956 1966
f 1955 1966 1965
f 1965 1966 1976
f 1965 1976 1975
f 1925 1927 1936
f 1926 1976 1967
f 1936 1927 1937
f 1936 1937 1946
f 1946 1937 1947
f 1946 1947 1956
f 1956 1947 1957
f 1956 1957 1966
f 1966 1957 1967
f 1966 1967 1976
o RightBackClaw_2
usemtl color_38
s off
v 5.204100 -9.044475 4.702500
v 5.204100 -9.514725 4.702500
v 5.313825 -9.075976 4.702500
v 5.292869 -9.075976 4.785422
v 5.238007 -9.075976 4.836670
v 5.170193 -9.075976 4.836670
v 5.115331 -9.075976 4.785422
v 5.094375 -9.075976 4.702500
v 5.115331 -9.075976 4.619578
v 5.170193 -9.075976 4.568330
v 5.238007 -9.075976 4.568330
v 5.292869 -9.075976 4.619578
v 5.394149 -9.162037 4.702500
v 5.357853 -9.162037 4.846125
v 5.262828 -9.162037 4.934890
v 5.145372 -9.162037 4.934890
v 5.050347 -9.162037 4.846125
v 5.014051 -9.162037 4.702500
v 5.050347 -9.162037 4.558875
v 5.145372 -9.162037 4.470110
v 5.262828 -9.162037 4.470110
v 5.357853 -9.162037 4.558875
v 5.423550 -9.279600 4.702500
v 5.381639 -9.279600 4.868344
v 5.271914 -9.279600 4.970841
v 5.136286 -9.279600 4.970841
v 5.026561 -9.279600 4.868344
v 4.984650 -9.279600 4.702500
v 5.026561 -9.279600 4.536656
v 5.136286 -9.279600 4.434159
v 5.271914 -9.279600 4.434159
v 5.381639 -9.279600 4.536656
v 5.394149 -9.397162 4.702500
v 5.357853 -9.397162 4.846125
v 5.262828 -9.397162 4.934890
v 5.145372 -9.397162 4.934890
v 5.050347 -9.397162 4.846125
v 5.014051 -9.397162 4.702500
v 5.050347 -9.397162 4.558875
v 5.145372 -9.397162 4.470110
v 5.262828 -9.397162 4.470110
v 5.357853 -9.397162 4.558875
v 5.313825 -9.483224 4.702500
v 5.292869 -9.483224 4.785422
v 5.238007 -9.483224 4.836670
v 5.170193 -9.483224 4.836670
v 5.115331 -9.483224 4.785422
v 5.094375 -9.483224 4.702500
v 5.115331 -9.483224 4.619578
v 5.170193 -9.483224 4.568330
v 5.238007 -9.483224 4.568330
v 5.292869 -9.483224 4.619578
f 1977 1980 1979
f 1978 2019 2020
f 1979 1980 1990
f 1979 1990 1989
f 1989 1990 2000
f 1989 2000 1999
f 1999 2000 2010
f 1999 2010 2009
f 2009 2010 2020
f 2009 2020 2019
f 1977 1981 1980
f 1978 2020 2021
f 1980 1981 1991
f 1980 1991 1990
f 1990 1991 2001
f 1990 2001 2000
f 2000 2001 2011
f 2000 2011 2010
f 2010 2011 2021
f 2010 2021 2020
f 1977 1982 1981
f 1978 2021 2022
f 1981 1982 1992
f 1981 1992 1991
f 1991 1992 2002
f 1991 2002 2001
f 2001 2002 2012
f 2001 2012 2011
f 2011 2012 2022
f 2011 2022 2021
f 1977 1983 1982
f 1978 2022 2023
f 1982 1983 1993
f 1982 1993 1992
f 1992 1993 2003
f 1992 2003 2002
f 2002 2003 2013
f 2002 2013 2012
f 2012 2013 2023
f 2012 2023 2022
f 1977 1984 1983
f 1978 2023 2024
f 1983 1984 1994
f 1983 1994 1993
f 1993 1994 2004
f 1993 2004 2003
f 2003 2004 2014
f 2003 2014 2013
f 2013 2014 2024
f 2013 2024 2023
f 1977 1985 1984
f 1978 2024 2025
f 1984 1985 1995
f 1984 1995 1994
f 1994 1995 2005
f 1994 2005 2004
f 2004 2005 2015
f 2004 2015 2014
f 2014 2015 2025
f 2014 2025 2024
f 1977 1986 1985
f 1978 2025 2026
f 1985 1986 1996
f 1985 1996 1995
f 1995 1996 2006
f 1995 2006 2005
f 2005 2006 2016
f 2005 2016 2015
f 2015 2016 2026
f 2015 2026 2025
f 1977 1987 1986
f 1978 2026 2027
f 1986 1987 1997
f 1986 1997 1996
f 1996 1997 2007
f 1996 2007 2006
f 2006 2007 2017
f 2006 2017 2016
f 2016 2017 2027
f 2016 2027 2026
f 1977 1988 1987
f 1978 2027 2028
f 1987 1988 1998
f 1987 1998 1997
f 1997 1998 2008
f 1997 2008 2007
f 2007 2008 2018
f 2007 2018 2017
f 2017 2018 2028
f 2017 2028 2027
f 1977 1979 1988
f 1978 2028 2019
f 1988 1979 1989
f 1988 1989 1998
f 1998 1989 1999
f 1998 1999 2008
f 2008 1999 2009
f 2008 2009 2018
f 2018 2009 2019
f 2018 2019 2028
o Trunk
usemtl color_39
s off
v 0.000000 0.192586 -10.793948
v 0.000000 -1.133086 -11.276452
v 0.650512 0.103783 -10.826269
v 0.526276 -0.014388 -10.501598
v 0.201019 -0.087421 -10.300941
v -0.201019 -0.087421 -10.300941
v -0.526276 -0.014388 -10.501598
v -0.650512 0.103783 -10.826269
v -0.526276 0.221953 -11.150940
v -0.201019 0.294986 -11.351598
v 0.201019 0.294986 -11.351598
v 0.526276 0.221953 -11.150940
v 1.126721 -0.138832 -10.914574
v 0.911536 -0.343510 -10.352227
v 0.348176 -0.470007 -10.004678
v -0.348176 -0.470007 -10.004678
v -0.911536 -0.343510 -10.352227
v -1.126721 -0.138832 -10.914574
v -0.911536 0.065845 -11.476920
v -0.348176 0.192343 -11.824469
v 0.348176 0.192343 -11.824469
v 0.911536 0.065845 -11.476920
v 1.301025 -0.470250 -11.035200
v 1.052551 -0.706591 -10.385858
v 0.402039 -0.852658 -9.984543
v -0.402039 -0.852658 -9.984543
v -1.052551 -0.706591 -10.385858
v -1.301025 -0.470250 -11.035200
v -1.052551 -0.233909 -11.684542
v -0.402039 -0.087842 -12.085857
v 0.402039 -0.087842 -12.085857
v 1.052551 -0.233909 -11.684542
v 1.126721 -0.801668 -11.155826
v 0.911536 -1.006345 -10.593480
v 0.348176 -1.132843 -10.245931
v -0.348176 -1.132843 -10.245931
v -0.911536 -1.006345 -10.593480
v -1.126721 -0.801668 -11.155826
v -0.911536 -0.596990 -11.718173
v -0.348176 -0.470493 -12.065722
v 0.348176 -0.470493 -12.065722
v 0.911536 -0.596990 -11.718173
v 0.650512 -1.044283 -11.244131
v 0.526276 -1.162453 -10.919460
v 0.201019 -1.235486 -10.718802
v -0.201019 -1.235486 -10.718802
v -0.526276 -1.162453 -10.919460
v -0.650512 -1.044283 -11.244131
v -0.526276 -0.926112 -11.568802
v -0.201019 -0.853079 -11.769459
v 0.201019 -0.853079 -11.769459
v 0.526276 -0.926112 -11.568802
f 2029 2032 2031
f 2030 2071 2072
f 2031 2032 2042
f 2031 2042 2041
f 2041 2042 2052
f 2041 2052 2051
f 2051 2052 2062
f 2051 2062 2061
f 2061 2062 2072
f 2061 2072 2071
f 2029 2033 2032
f 2030 2072 2073
f 2032 2033 2043
f 2032 2043 2042
f 2042 2043 2053
f 2042 2053 2052
f 2052 2053 2063
f 2052 2063 2062
f 2062 2063 2073
f 2062 2073 2072
f 2029 2034 2033
f 2030 2073 2074
f 2033 2034 2044
f 2033 2044 2043
f 2043 2044 2054
f 2043 2054 2053
f 2053 2054 2064
f 2053 2064 2063
f 2063 2064 2074
f 2063 2074 2073
f 2029 2035 2034
f 2030 2074 2075
f 2034 2035 2045
f 2034 2045 2044
f 2044 2045 2055
f 2044 2055 2054
f 2054 2055 2065
f 2054 2065 2064
f 2064 2065 2075
f 2064 2075 2074
f 2029 2036 2035
f 2030 2075 2076
f 2035 2036 2046
f 2035 2046 2045
f 2045 2046 2056
f 2045 2056 2055
f 2055 2056 2066
f 2055 2066 2065
f 2065 2066 2076
f 2065 2076 2075
f 2029 2037 2036
f 2030 2076 2077
f 2036 2037 2047
f 2036 2047 2046
f 2046 2047 2057
f 2046 2057 2056
f 2056 2057 2067
f 2056 2067 2066
f 2066 2067 2077
f 2066 2077 2076
f 2029 2038 2037
f 2030 2077 2078
f 2037 2038 2048
f 2037 2048 2047
f 2047 2048 2058
f 2047 2058 2057
f 2057 2058 2068
f 2057 2068 2067
f 2067 2068 2078
f 2067 2078 2077
f 2029 2039 2038
f 2030 2078 2079
f 2038 2039 2049
f 2038 2049 2048
f 2048 2049 2059
f 2048 2059 2058
f 2058 2059 2069
f 2058 2069 2068
f 2068 2069 2079
f 2068 2079 2078
f 2029 2040 2039
f 2030 2079 2080
f 2039 2040 2050
f 2039 2050 2049
f 2049 2050 2060
f 2049 2060 2059
f 2059 2060 2070
f 2059 2070 2069
f 2069 2070 2080
f 2069 2080 2079
f 2029 2031 2040
f 2030 2080 2071
f 2040 2031 2041
f 2040 2041 2050
f 2050 2041 2051
f 2050 2051 2060
f 2060 2051 2061
f 2060 2061 2070
f 2070 2061 2071
f 2070 2071 2080
o Trunk_1
usemtl color_40
s off
v 0.000000 -0.114821 -11.131671
v 0.000000 -1.473896 -11.509996
v 0.618292 -0.205861 -11.157014
v 0.500208 -0.294948 -10.836983
v 0.191063 -0.350007 -10.639193
v -0.191063 -0.350007 -10.639193
v -0.500208 -0.294948 -10.836983
v -0.618292 -0.205861 -11.157014
v -0.500208 -0.116775 -11.477045
v -0.191063 -0.061716 -11.674835
v 0.191063 -0.061716 -11.674835
v 0.500208 -0.116775 -11.477045
v 1.070913 -0.454590 -11.226252
v 0.866386 -0.608892 -10.671942
v 0.330930 -0.704256 -10.329360
v -0.330930 -0.704256 -10.329360
v -0.866386 -0.608892 -10.671942
v -1.070913 -0.454590 -11.226252
v -0.866386 -0.300287 -11.780562
v -0.330930 -0.204923 -12.123144
v 0.330930 -0.204923 -12.123144
v 0.866386 -0.300287 -11.780562
v 1.236583 -0.794358 -11.320833
v 1.000417 -0.972532 -10.680771
v 0.382125 -1.082649 -10.285192
v -0.382125 -1.082649 -10.285192
v -1.000417 -0.972532 -10.680771
v -1.236583 -0.794358 -11.320833
v -1.000417 -0.616185 -11.960895
v -0.382125 -0.506068 -12.356475
v 0.382125 -0.506068 -12.356475
v 1.000417 -0.616185 -11.960895
v 1.070913 -1.134127 -11.415414
v 0.866386 -1.288430 -10.861105
v 0.330930 -1.383794 -10.518522
v -0.330930 -1.383794 -10.518522
v -0.866386 -1.288430 -10.861105
v -1.070913 -1.134127 -11.415414
v -0.866386 -0.979825 -11.969724
v -0.330930 -0.884460 -12.312307
v 0.330930 -0.884460 -12.312307
v 0.866386 -0.979825 -11.969724
v 0.618292 -1.382855 -11.484653
v 0.500208 -1.471942 -11.164622
v 0.191063 -1.527001 -10.966832
v -0.191063 -1.527001 -10.966832
v -0.500208 -1.471942 -11.164622
v -0.618292 -1.382855 -11.484653
v -0.500208 -1.293769 -11.804684
v -0.191063 -1.238710 -12.002474
v 0.191063 -1.238710 -12.002474
v 0.500208 -1.293769 -11.804684
f 2081 2084 2083
f 2082 2123 2124
f 2083 2084 2094
f 2083 2094 2093
f 2093 2094 2104
f 2093 2104 2103
f 2103 2104 2114
f 2103 2114 2113
f 2113 2114 2124
f 2113 2124 2123
f 2081 2085 2084
f 2082 2124 2125
f 2084 2085 2095
f 2084 2095 2094
f 2094 2095 2105
f 2094 2105 2104
f 2104 2105 2115
f 2104 2115 2114
f 2114 2115 2125
f 2114 2125 2124
f 2081 2086 2085
f 2082 2125 2126
f 2085 2086 2096
f 2085 2096 2095
f 2095 2096 2106
f 2095 2106 2105
f 2105 2106 2116
f 2105 2116 2115
f 2115 2116 2126
f 2115 2126 2125
f 2081 2087 2086
f 2082 2126 2127
f 2086 2087 2097
f 2086 2097 2096
f 2096 2097 2107
f 2096 2107 2106
f 2106 2107 2117
f 2106 2117 2116
f 2116 2117 2127
f 2116 2127 2126
f 2081 2088 2087
f 2082 2127 2128
f 2087 2088 2098
f 2087 2098 2097
f 2097 2098 2108
f 2097 2108 2107
f 2107 2108 2118
f 2107 2118 2117
f 2117 2118 2128
f 2117 2128 2127
f 2081 2089 2088
f 2082 2128 2129
f 2088 2089 2099
f 2088 2099 2098
f 2098 2099 2109
f 2098 2109 2108
f 2108 2109 2119
f 2108 2119 2118
f 2118 2119 2129
f 2118 2129 2128
f 2081 2090 2089
f 2082 2129 2130
f 2089 2090 2100
f 2089 2100 2099
f 2099 2100 2110
f 2099 2110 2109
f 2109 2110 2120
f 2109 2120 2119
f 2119 2120 2130
f 2119 2130 2129
f 2081 2091 2090
f 2082 2130 2131
f 2090 2091 2101
f 2090 2101 2100
f 2100 2101 2111
f 2100 2111 2110
f 2110 2111 2121
f 2110 2121 2120
f 2120 2121 2131
f 2120 2131 2130
f 2081 2092 2091
f 2082 2131 2132
f 2091 2092 2102
f 2091 2102 2101
f 2101 2102 2112
f 2101 2112 2111
f 2111 2112 2122
f 2111 2122 2121
f 2121 2122 2132
f 2121 2132 2131
f 2081 2083 2092
f 2082 2132 2123
f 2092 2083 2093
f 2092 2093 2102
f 2102 2093 2103
f 2102 2103 2112
f 2112 2103 2113
f 2112 2113 2122
f 2122 2113 2123
f 2122 2123 2132
o Trunk_2
usemtl color_41
s off
v 0.000000 -0.458646 -11.470532
v 0.000000 -1.842952 -11.742401
v 0.586071 -0.551376 -11.488744
v 0.474141 -0.612831 -11.175831
v 0.181106 -0.650811 -10.982440
v -0.181106 -0.650811 -10.982440
v -0.474141 -0.612831 -11.175831
v -0.586071 -0.551376 -11.488744
v -0.474141 -0.489922 -11.801657
v -0.181106 -0.451942 -11.995048
v 0.181106 -0.451942 -11.995048
v 0.474141 -0.489922 -11.801657
v 1.015104 -0.804722 -11.538499
v 0.821237 -0.911164 -10.996518
v 0.313685 -0.976948 -10.661555
v -0.313685 -0.976948 -10.661555
v -0.821237 -0.911164 -10.996518
v -1.015104 -0.804722 -11.538499
v -0.821237 -0.698280 -12.080481
v -0.313685 -0.632496 -12.415444
v 0.313685 -0.632496 -12.415444
v 0.821237 -0.698280 -12.080481
v 1.172142 -1.150799 -11.606467
v 0.948283 -1.273707 -10.980640
v 0.362212 -1.349668 -10.593858
v -0.362212 -1.349668 -10.593858
v -0.948283 -1.273707 -10.980640
v -1.172142 -1.150799 -11.606467
v -0.948283 -1.027890 -12.232293
v -0.362212 -0.951929 -12.619075
v 0.362212 -0.951929 -12.619075
v 0.948283 -1.027890 -12.232293
v 1.015104 -1.496875 -11.674434
v 0.821237 -1.603317 -11.132452
v 0.313685 -1.669101 -10.797489
v -0.313685 -1.669101 -10.797489
v -0.821237 -1.603317 -11.132452
v -1.015104 -1.496875 -11.674434
v -0.821237 -1.390433 -12.216415
v -0.313685 -1.324649 -12.551378
v 0.313685 -1.324649 -12.551378
v 0.821237 -1.390433 -12.216415
v 0.586071 -1.750221 -11.724189
v 0.474141 -1.811675 -11.411276
v 0.181106 -1.849655 -11.217885
v -0.181106 -1.849655 -11.217885
v -0.474141 -1.811675 -11.411276
v -0.586071 -1.750221 -11.724189
v -0.474141 -1.688766 -12.037102
v -0.181106 -1.650786 -12.230493
v 0.181106 -1.650786 -12.230493
v 0.474141 -1.688766 -12.037102
f 2133 2136 2135
f 2134 2175 2176
f 2135 2136 2146
f 2135 2146 2145
f 2145 2146 2156
f 2145 2156 2155
f 2155 2156 2166
f 2155 2166 2165
f 2165 2166 2176
f 2165 2176 2175
f 2133 2137 2136
f 2134 2176 2177
f 2136 2137 2147
f 2136 2147 2146
f 2146 2147 2157
f 2146 2157 2156
f 2156 2157 2167
f 2156 2167 2166
f 2166 2167 2177
f 2166 2177 2176
f 2133 2138 2137
f 2134 2177 2178
f 2137 2138 2148
f 2137 2148 2147
f 2147 2148 2158
f 2147 2158 2157
f 2157 2158 2168
f 2157 2168 2167
f 2167 2168 2178
f 2167 2178 2177
f 2133 2139 2138
f 2134 2178 2179
f 2138 2139 2149
f 2138 2149 2148
f 2148 2149 2159
f 2148 2159 2158
f 2158 2159 2169
f 2158 2169 2168
f 2168 2169 2179
f 2168 2179 2178
f 2133 2140 2139
f 2134 2179 2180
f 2139 2140 2150
f 2139 2150 2149
f 2149 2150 2160
f 2149 2160 2159
f 2159 2160 2170
f 2159 2170 2169
f 2169 2170 2180
f 2169 2180 2179
f 2133 2141 2140
f 2134 2180 2181
f 2140 2141 2151
f 2140 2151 2150
f 2150 2151 2161
f 2150 2161 2160
f 2160 2161 2171
f 2160 2171 2170
f 2170 2171 2181
f 2170 2181 2180
f 2133 2142 2141
f 2134 2181 2182
f 2141 2142 2152
f 2141 2152 2151
f 2151 2152 2162
f 2151 2162 2161
f 2161 2162 2172
f 2161 2172 2171
f 2171 2172 2182
f 2171 2182 2181
f 2133 2143 2142
f 2134 2182 2183
f 2142 2143 2153
f 2142 2153 2152
f 2152 2153 2163
f 2152 2163 2162
f 2162 2163 2173
f 2162 2173 2172
f 2172 2173 2183
f 2172 2183 2182
f 2133 2144 2143
f 2134 2183 2184
f 2143 2144 2154
f 2143 2154 2153
f 2153 2154 2164
f 2153 2164 2163
f 2163 2164 2174
f 2163 2174 2173
f 2173 2174 2184
f 2173 2184 2183
f 2133 2135 2144
f 2134 2184 2175
f 2144 2135 2145
f 2144 2145 2154
f 2154 2145 2155
f 2154 2155 2164
f 2164 2155 2165
f 2164 2165 2174
f 2174 2165 2175
f 2174 2175 2184
o Trunk_3
usemtl color_42
s off
v 0.000000 -0.867397 -11.810211
v 0.000000 -2.268608 -11.973989
v 0.553850 -0.961260 -11.821182
v 0.448074 -0.996736 -11.517666
v 0.171149 -1.018662 -11.330083
v -0.171149 -1.018662 -11.330083
v -0.448074 -0.996736 -11.517666
v -0.553850 -0.961260 -11.821182
v -0.448074 -0.925784 -12.124698
v -0.171149 -0.903859 -12.312281
v 0.171149 -0.903859 -12.312281
v 0.448074 -0.925784 -12.124698
v 0.959296 -1.217700 -11.851155
v 0.776087 -1.279146 -11.325450
v 0.296439 -1.317122 -11.000547
v -0.296439 -1.317122 -11.000547
v -0.776087 -1.279146 -11.325450
v -0.959296 -1.217700 -11.851155
v -0.776087 -1.156254 -12.376861
v -0.296439 -1.118278 -12.701764
v 0.296439 -1.118278 -12.701764
v 0.776087 -1.156254 -12.376861
v 1.107700 -1.568003 -11.892100
v 0.896148 -1.638954 -11.285068
v 0.342298 -1.682805 -10.909902
v -0.342298 -1.682805 -10.909902
v -0.896148 -1.638954 -11.285068
v -1.107700 -1.568003 -11.892100
v -0.896148 -1.497051 -12.499132
v -0.342298 -1.453200 -12.874298
v 0.342298 -1.453200 -12.874298
v 0.896148 -1.497051 -12.499132
v 0.959296 -1.918305 -11.933045
v 0.776087 -1.979751 -11.407339
v 0.296439 -2.017727 -11.082436
v -0.296439 -2.017727 -11.082436
v -0.776087 -1.979751 -11.407339
v -0.959296 -1.918305 -11.933045
v -0.776087 -1.856859 -12.458750
v -0.296439 -1.818883 -12.783653
v 0.296439 -1.818883 -12.783653
v 0.776087 -1.856859 -12.458750
v 0.553850 -2.174745 -11.963018
v 0.448074 -2.210221 -11.659502
v 0.171149 -2.232146 -11.471919
v -0.171149 -2.232146 -11.471919
v -0.448074 -2.210221 -11.659502
v -0.553850 -2.174745 -11.963018
v -0.448074 -2.139269 -12.266534
v -0.171149 -2.117343 -12.454117
v 0.171149 -2.117343 -12.454117
v 0.448074 -2.139269 -12.266534
f 2185 2188 2187
f 2186 2227 2228
f 2187 2188 2198
f 2187 2198 2197
f 2197 2198 2208
f 2197 2208 2207
f 2207 2208 2218
f 2207 2218 2217
f 2217 2218 2228
f 2217 2228 2227
f 2185 2189 2188
f 2186 2228 2229
f 2188 2189 2199
f 2188 2199 2198
f 2198 2199 2209
f 2198 2209 2208
f 2208 2209 2219
f 2208 2219 2218
f 2218 2219 2229
f 2218 2229 2228
f 2185 2190 2189
f 2186 2229 2230
f 2189 2190 2200
f 2189 2200 2199
f 2199 2200 2210
f 2199 2210 2209
f 2209 2210 2220
f 2209 2220 2219
f 2219 2220 2230
f 2219 2230 2229
f 2185 2191 2190
f 2186 2230 2231
f 2190 2191 2201
f 2190 2201 2200
f 2200 2201 2211
f 2200 2211 2210
f 2210 2211 2221
f 2210 2221 2220
f 2220 2221 2231
f 2220 2231 2230
f 2185 2192 2191
f 2186 2231 2232
f 2191 2192 2202
f 2191 2202 2201
f 2201 2202 2212
f 2201 2212 2211
f 2211 2212 2222
f 2211 2222 2221
f 2221 2222 2232
f 2221 2232 2231
f 2185 2193 2192
f 2186 2232 2233
f 2192 2193 2203
f 2192 2203 2202
f 2202 2203 2213
f 2202 2213 2212
f 2212 2213 2223
f 2212 2223 2222
f 2222 2223 2233
f 2222 2233 2232
f 2185 2194 2193
f 2186 2233 2234
f 2193 2194 2204
f 2193 2204 2203
f 2203 2204 2214
f 2203 2214 2213
f 2213 2214 2224
f 2213 2224 2223
f 2223 2224 2234
f 2223 2234 2233
f 2185 2195 2194
f 2186 2234 2235
f 2194 2195 2205
f 2194 2205 2204
f 2204 2205 2215
f 2204 2215 2214
f 2214 2215 2225
f 2214 2225 2224
f 2224 2225 2235
f 2224 2235 2234
f 2185 2196 2195
f 2186 2235 2236
f 2195 2196 2206
f 2195 2206 2205
f 2205 2206 2216
f 2205 2216 2215
f 2215 2216 2226
f 2215 2226 2225
f 2225 2226 2236
f 2225 2236 2235
f 2185 2187 2196
f 2186 2236 2227
f 2196 2187 2197
f 2196 2197 2206
f 2206 2197 2207
f 2206 2207 2216
f 2216 2207 2217
f 2216 2217 2226
f 2226 2217 2227
f 2226 2227 2236
o Trunk_4
usemtl color_43
s off
v 0.000000 -1.362229 -12.150382
v 0.000000 -2.771918 -12.205085
v 0.521629 -1.456660 -12.154047
v 0.422007 -1.467993 -11.861993
v 0.161192 -1.474998 -11.681493
v -0.161192 -1.474998 -11.681493
v -0.422007 -1.467993 -11.861993
v -0.521629 -1.456660 -12.154047
v -0.422007 -1.445327 -12.446100
v -0.161192 -1.438323 -12.626600
v 0.161192 -1.438323 -12.626600
v 0.422007 -1.445327 -12.446100
v 0.903488 -1.714651 -12.164058
v 0.730937 -1.734281 -11.658205
v 0.279193 -1.746412 -11.345572
v -0.279193 -1.746412 -11.345572
v -0.730937 -1.734281 -11.658205
v -0.903488 -1.714651 -12.164058
v -0.730937 -1.695022 -12.669910
v -0.279193 -1.682890 -12.982544
v 0.279193 -1.682890 -12.982544
v 0.730937 -1.695022 -12.669910
v 1.043258 -2.067074 -12.177733
v 0.844014 -2.089740 -11.593625
v 0.322385 -2.103748 -11.232627
v -0.322385 -2.103748 -11.232627
v -0.844014 -2.089740 -11.593625
v -1.043258 -2.067074 -12.177733
v -0.844014 -2.044408 -12.761841
v -0.322385 -2.030399 -13.122840
v 0.322385 -2.030399 -13.122840
v 0.844014 -2.044408 -12.761841
v 0.903488 -2.419496 -12.191409
v 0.730937 -2.439125 -11.685557
v 0.279193 -2.451257 -11.372923
v -0.279193 -2.451257 -11.372923
v -0.730937 -2.439125 -11.685557
v -0.903488 -2.419496 -12.191409
v -0.730937 -2.399866 -12.697261
v -0.279193 -2.387735 -13.009895
v 0.279193 -2.387735 -13.009895
v 0.730937 -2.399866 -12.697261
v 0.521629 -2.677487 -12.201420
v 0.422007 -2.688820 -11.909366
v 0.161192 -2.695824 -11.728867
v -0.161192 -2.695824 -11.728867
v -0.422007 -2.688820 -11.909366
v -0.521629 -2.677487 -12.201420
v -0.422007 -2.666154 -12.493474
v -0.161192 -2.659150 -12.673973
v 0.161192 -2.659150 -12.673973
v 0.422007 -2.666154 -12.493474
f 2237 2240 2239
f 2238 2279 2280
f 2239 2240 2250
f 2239 2250 2249
f 2249 2250 2260
f 2249 2260 2259
f 2259 2260 2270
f 2259 2270 2269
f 2269 2270 2280
f 2269 2280 2279
f 2237 2241 2240
f 2238 2280 2281
f 2240 2241 2251
f 2240 2251 2250
f 2250 2251 2261
f 2250 2261 2260
f 2260 2261 2271
f 2260 2271 2270
f 2270 2271 2281
f 2270 2281 2280
f 2237 2242 2241
f 2238 2281 2282
f 2241 2242 2252
f 2241 2252 2251
f 2251 2252 2262
f 2251 2262 2261
f 2261 2262 2272
f 2261 2272 2271
f 2271 2272 2282
f 2271 2282 2281
f 2237 2243 2242
f 2238 2282 2283
f 2242 2243 2253
f 2242 2253 2252
f 2252 2253 2263
f 2252 2263 2262
f 2262 2263 2273
f 2262 2273 2272
f 2272 2273 2283
f 2272 2283 2282
f 2237 2244 2243
f 2238 2283 2284
f 2243 2244 2254
f 2243 2254 2253
f 2253 2254 2264
f 2253 2264 2263
f 2263 2264 2274
f 2263 2274 2273
f 2273 2274 2284
f 2273 2284 2283
f 2237 2245 2244
f 2238 2284 2285
f 2244 2245 2255
f 2244 2255 2254
f 2254 2255 2265
f 2254 2265 2264
f 2264 2265 2275
f 2264 2275 2274
f 2274 2275 2285
f 2274 2285 2284
f 2237 2246 2245
f 2238 2285 2286
f 2245 2246 2256
f 2245 2256 2255
f 2255 2256 2266
f 2255 2266 2265
f 2265 2266 2276
f 2265 2276 2275
f 2275 2276 2286
f 2275 2286 2285
f 2237 2247 2246
f 2238 2286 2287
f 2246 2247 2257
f 2246 2257 2256
f 2256 2257 2267
f 2256 2267 2266
f 2266 2267 2277
f 2266 2277 2276
f 2276 2277 2287
f 2276 2287 2286
f 2237 2248 2247
f 2238 2287 2288
f 2247 2248 2258
f 2247 2258 2257
f 2257 2258 2268
f 2257 2268 2267
f 2267 2268 2278
f 2267 2278 2277
f 2277 2278 2288
f 2277 2288 2287
f 2237 2239 2248
f 2238 2288 2279
f 2248 2239 2249
f 2248 2249 2258
f 2258 2249 2259
f 2258 2259 2268
f 2268 2259 2269
f 2268 2269 2278
f 2278 2269 2279
f 2278 2279 2288
o Trunk_5
usemtl color_44
s off
v 0.000000 -1.954396 -12.490718
v 0.000000 -3.364085 -12.436015
v 0.489408 -2.048827 -12.487053
v 0.395940 -2.038010 -12.208298
v 0.151235 -2.031325 -12.036018
v -0.151235 -2.031325 -12.036018
v -0.395940 -2.038010 -12.208298
v -0.489408 -2.048827 -12.487053
v -0.395940 -2.059644 -12.765809
v -0.151235 -2.066329 -12.938089
v 0.151235 -2.066329 -12.938089
v 0.395940 -2.059644 -12.765809
v 0.847680 -2.306818 -12.477042
v 0.685788 -2.288082 -11.994224
v 0.261948 -2.276503 -11.695825
v -0.261948 -2.276503 -11.695825
v -0.685788 -2.288082 -11.994224
v -0.847680 -2.306818 -12.477042
v -0.685788 -2.325554 -12.959861
v -0.261948 -2.337133 -13.258259
v 0.261948 -2.337133 -13.258259
v 0.685788 -2.325554 -12.959861
v 0.978817 -2.659240 -12.463367
v 0.791879 -2.637606 -11.905856
v 0.302471 -2.624236 -11.561295
v -0.302471 -2.624236 -11.561295
v -0.791879 -2.637606 -11.905856
v -0.978817 -2.659240 -12.463367
v -0.791879 -2.680874 -13.020878
v -0.302471 -2.694245 -13.365439
v 0.302471 -2.694245 -13.365439
v 0.791879 -2.680874 -13.020878
v 0.847680 -3.011663 -12.449691
v 0.685788 -2.992927 -11.966872
v 0.261948 -2.981348 -11.668474
v -0.261948 -2.981348 -11.668474
v -0.685788 -2.992927 -11.966872
v -0.847680 -3.011663 -12.449691
v -0.685788 -3.030398 -12.932510
v -0.261948 -3.041977 -13.230908
v 0.261948 -3.041977 -13.230908
v 0.685788 -3.030398 -12.932510
v 0.489408 -3.269654 -12.439680
v 0.395940 -3.258837 -12.160924
v 0.151235 -3.252151 -11.988644
v -0.151235 -3.252151 -11.988644
v -0.395940 -3.258837 -12.160924
v -0.489408 -3.269654 -12.439680
v -0.395940 -3.280471 -12.718435
v -0.151235 -3.287156 -12.890716
v 0.151235 -3.287156 -12.890716
v 0.395940 -3.280471 -12.718435
f 2289 2292 2291
f 2290 2331 2332
f 2291 2292 2302
f 2291 2302 2301
f 2301 2302 2312
f 2301 2312 2311
f 2311 2312 2322
f 2311 2322 2321
f 2321 2322 2332
f 2321 2332 2331
f 2289 2293 2292
f 2290 2332 2333
f 2292 2293 2303
f 2292 2303 2302
f 2302 2303 2313
f 2302 2313 2312
f 2312 2313 2323
f 2312 2323 2322
f 2322 2323 2333
f 2322 2333 2332
f 2289 2294 2293
f 2290 2333 2334
f 2293 2294 2304
f 2293 2304 2303
f 2303 2304 2314
f 2303 2314 2313
f 2313 2314 2324
f 2313 2324 2323
f 2323 2324 2334
f 2323 2334 2333
f 2289 2295 2294
f 2290 2334 2335
f 2294 2295 2305
f 2294 2305 2304
f 2304 2305 2315
f 2304 2315 2314
f 2314 2315 2325
f 2314 2325 2324
f 2324 2325 2335
f 2324 2335 2334
f 2289 2296 2295
f 2290 2335 2336
f 2295 2296 2306
f 2295 2306 2305
f 2305 2306 2316
f 2305 2316 2315
f 2315 2316 2326
f 2315 2326 2325
f 2325 2326 2336
f 2325 2336 2335
f 2289 2297 2296
f 2290 2336 2337
f 2296 2297 2307
f 2296 2307 2306
f 2306 2307 2317
f 2306 2317 2316
f 2316 2317 2327
f 2316 2327 2326
f 2326 2327 2337
f 2326 2337 2336
f 2289 2298 2297
f 2290 2337 2338
f 2297 2298 2308
f 2297 2308 2307
f 2307 2308 2318
f 2307 2318 2317
f 2317 2318 2328
f 2317 2328 2327
f 2327 2328 2338
f 2327 2338 2337
f 2289 2299 2298
f 2290 2338 2339
f 2298 2299 2309
f 2298 2309 2308
f 2308 2309 2319
f 2308 2319 2318
f 2318 2319 2329
f 2318 2329 2328
f 2328 2329 2339
f 2328 2339 2338
f 2289 2300 2299
f 2290 2339 2340
f 2299 2300 2310
f 2299 2310 2309
f 2309 2310 2320
f 2309 2320 2319
f 2319 2320 2330
f 2319 2330 2329
f 2329 2330 2340
f 2329 2340 2339
f 2289 2291 2300
f 2290 2340 2331
f 2300 2291 2301
f 2300 2301 2310
f 2310 2301 2311
f 2310 2311 2320
f 2320 2311 2321
f 2320 2321 2330
f 2330 2321 2331
f 2330 2331 2340
o Trunk_6
usemtl color_45
s off
v 0.000000 -2.643897 -12.830889
v 0.000000 -4.045108 -12.667111
v 0.457187 -2.737760 -12.819918
v 0.369872 -2.706920 -12.556057
v 0.141279 -2.687859 -12.392983
v -0.141279 -2.687859 -12.392983
v -0.369872 -2.706920 -12.556057
v -0.457187 -2.737760 -12.819918
v -0.369872 -2.768601 -13.083779
v -0.141279 -2.787662 -13.246853
v 0.141279 -2.787662 -13.246853
v 0.369872 -2.768601 -13.083779
v 0.791872 -2.994200 -12.789945
v 0.640638 -2.940782 -12.332925
v 0.244702 -2.907768 -12.050471
v -0.244702 -2.907768 -12.050471
v -0.640638 -2.940782 -12.332925
v -0.791872 -2.994200 -12.789945
v -0.640638 -3.047618 -13.246965
v -0.244702 -3.080632 -13.529418
v 0.244702 -3.080632 -13.529418
v 0.640638 -3.047618 -13.246965
v 0.914375 -3.344503 -12.749000
v 0.739745 -3.282821 -12.221279
v 0.282557 -3.244699 -11.895129
v -0.282557 -3.244699 -11.895129
v -0.739745 -3.282821 -12.221279
v -0.914375 -3.344503 -12.749000
v -0.739745 -3.406184 -13.276721
v -0.282557 -3.444306 -13.602871
v 0.282557 -3.444306 -13.602871
v 0.739745 -3.406184 -13.276721
v 0.791872 -3.694805 -12.708055
v 0.640638 -3.641387 -12.251035
v 0.244702 -3.608373 -11.968582
v -0.244702 -3.608373 -11.968582
v -0.640638 -3.641387 -12.251035
v -0.791872 -3.694805 -12.708055
v -0.640638 -3.748223 -13.165075
v -0.244702 -3.781237 -13.447529
v 0.244702 -3.781237 -13.447529
v 0.640638 -3.748223 -13.165075
v 0.457187 -3.951245 -12.678082
v 0.369872 -3.920404 -12.414221
v 0.141279 -3.901343 -12.251147
v -0.141279 -3.901343 -12.251147
v -0.369872 -3.920404 -12.414221
v -0.457187 -3.951245 -12.678082
v -0.369872 -3.982086 -12.941943
v -0.141279 -4.001146 -13.105017
v 0.141279 -4.001146 -13.105017
v 0.369872 -3.982086 -12.941943
f 2341 2344 2343
f 2342 2383 2384
f 2343 2344 2354
f 2343 2354 2353
f 2353 2354 2364
f 2353 2364 2363
f 2363 2364 2374
f 2363 2374 2373
f 2373 2374 2384
f 2373 2384 2383
f 2341 2345 2344
f 2342 2384 2385
f 2344 2345 2355
f 2344 2355 2354
f 2354 2355 2365
f 2354 2365 2364
f 2364 2365 2375
f 2364 2375 2374
f 2374 2375 2385
f 2374 2385 2384
f 2341 2346 2345
f 2342 2385 2386
f 2345 2346 2356
f 2345 2356 2355
f 2355 2356 2366
f 2355 2366 2365
f 2365 2366 2376
f 2365 2376 2375
f 2375 2376 2386
f 2375 2386 2385
f 2341 2347 2346
f 2342 2386 2387
f 2346 2347 2357
f 2346 2357 2356
f 2356 2357 2367
f 2356 2367 2366
f 2366 2367 2377
f 2366 2377 2376
f 2376 2377 2387
f 2376 2387 2386
f 2341 2348 2347
f 2342 2387 2388
f 2347 2348 2358
f 2347 2358 2357
f 2357 2358 2368
f 2357 2368 2367
f 2367 2368 2378
f 2367 2378 2377
f 2377 2378 2388
f 2377 2388 2387
f 2341 2349 2348
f 2342 2388 2389
f 2348 2349 2359
f 2348 2359 2358
f 2358 2359 2369
f 2358 2369 2368
f 2368 2369 2379
f 2368 2379 2378
f 2378 2379 2389
f 2378 2389 2388
f 2341 2350 2349
f 2342 2389 2390
f 2349 2350 2360
f 2349 2360 2359
f 2359 2360 2370
f 2359 2370 2369
f 2369 2370 2380
f 2369 2380 2379
f 2379 2380 2390
f 2379 2390 2389
f 2341 2351 2350
f 2342 2390 2391
f 2350 2351 2361
f 2350 2361 2360
f 2360 2361 2371
f 2360 2371 2370
f 2370 2371 2381
f 2370 2381 2380
f 2380 2381 2391
f 2380 2391 2390
f 2341 2352 2351
f 2342 2391 2392
f 2351 2352 2362
f 2351 2362 2361
f 2361 2362 2372
f 2361 2372 2371
f 2371 2372 2382
f 2371 2382 2381
f 2381 2382 2392
f 2381 2392 2391
f 2341 2343 2352
f 2342 2392 2383
f 2352 2343 2353
f 2352 2353 2362
f 2362 2353 2363
f 2362 2363 2372
f 2372 2363 2373
f 2372 2373 2382
f 2382 2373 2383
f 2382 2383 2392
o Trunk_7
usemtl color_46
s off
v 0.000000 -3.419479 -13.170568
v 0.000000 -4.803785 -12.898699
v 0.424967 -3.512210 -13.152356
v 0.343805 -3.463579 -12.904738
v 0.131322 -3.433524 -12.751701
v -0.131322 -3.433524 -12.751701
v -0.343805 -3.463579 -12.904738
v -0.424967 -3.512210 -13.152356
v -0.343805 -3.560840 -13.399974
v -0.131322 -3.590896 -13.553011
v 0.131322 -3.590896 -13.553011
v 0.343805 -3.560840 -13.399974
v 0.736064 -3.765555 -13.102601
v 0.595488 -3.681325 -12.673713
v 0.227456 -3.629267 -12.408646
v -0.227456 -3.629267 -12.408646
v -0.595488 -3.681325 -12.673713
v -0.736064 -3.765555 -13.102601
v -0.595488 -3.849786 -13.531488
v -0.227456 -3.901844 -13.796555
v 0.227456 -3.901844 -13.796555
v 0.595488 -3.849786 -13.531488
v 0.849933 -4.111632 -13.034633
v 0.687611 -4.014371 -12.539397
v 0.262644 -3.954260 -12.233324
v -0.262644 -3.954260 -12.233324
v -0.687611 -4.014371 -12.539397
v -0.849933 -4.111632 -13.034633
v -0.687611 -4.208893 -13.529870
v -0.262644 -4.269004 -13.835943
v 0.262644 -4.269004 -13.835943
v 0.687611 -4.208893 -13.529870
v 0.736064 -4.457708 -12.966666
v 0.595488 -4.373478 -12.537779
v 0.227456 -4.321420 -12.272712
v -0.227456 -4.321420 -12.272712
v -0.595488 -4.373478 -12.537779
v -0.736064 -4.457708 -12.966666
v -0.595488 -4.541939 -13.395554
v -0.227456 -4.593997 -13.660621
v 0.227456 -4.593997 -13.660621
v 0.595488 -4.541939 -13.395554
v 0.424967 -4.711054 -12.916911
v 0.343805 -4.662423 -12.669292
v 0.131322 -4.632368 -12.516256
v -0.131322 -4.632368 -12.516256
v -0.343805 -4.662423 -12.669292
v -0.424967 -4.711054 -12.916911
v -0.343805 -4.759685 -13.164529
v -0.131322 -4.789740 -13.317565
v 0.131322 -4.789740 -13.317565
v 0.343805 -4.759685 -13.164529
f 2393 2396 2395
f 2394 2435 2436
f 2395 2396 2406
f 2395 2406 2405
f 2405 2406 2416
f 2405 2416 2415
f 2415 2416 2426
f 2415 2426 2425
f 2425 2426 2436
f 2425 2436 2435
f 2393 2397 2396
f 2394 2436 2437
f 2396 2397 2407
f 2396 2407 2406
f 2406 2407 2417
f 2406 2417 2416
f 2416 2417 2427
f 2416 2427 2426
f 2426 2427 2437
f 2426 2437 2436
f 2393 2398 2397
f 2394 2437 2438
f 2397 2398 2408
f 2397 2408 2407
f 2407 2408 2418
f 2407 2418 2417
f 2417 2418 2428
f 2417 2428 2427
f 2427 2428 2438
f 2427 2438 2437
f 2393 2399 2398
f 2394 2438 2439
f 2398 2399 2409
f 2398 2409 2408
f 2408 2409 2419
f 2408 2419 2418
f 2418 2419 2429
f 2418 2429 2428
f 2428 2429 2439
f 2428 2439 2438
f 2393 2400 2399
f 2394 2439 2440
f 2399 2400 2410
f 2399 2410 2409
f 2409 2410 2420
f 2409 2420 2419
f 2419 2420 2430
f 2419 2430 2429
f 2429 2430 2440
f 2429 2440 2439
f 2393 2401 2400
f 2394 2440 2441
f 2400 2401 2411
f 2400 2411 2410
f 2410 2411 2421
f 2410 2421 2420
f 2420 2421 2431
f 2420 2431 2430
f 2430 2431 2441
f 2430 2441 2440
f 2393 2402 2401
f 2394 2441 2442
f 2401 2402 2412
f 2401 2412 2411
f 2411 2412 2422
f 2411 2422 2421
f 2421 2422 2432
f 2421 2432 2431
f 2431 2432 2442
f 2431 2442 2441
f 2393 2403 2402
f 2394 2442 2443
f 2402 2403 2413
f 2402 2413 2412
f 2412 2413 2423
f 2412 2423 2422
f 2422 2423 2433
f 2422 2433 2432
f 2432 2433 2443
f 2432 2443 2442
f 2393 2404 2403
f 2394 2443 2444
f 2403 2404 2414
f 2403 2414 2413
f 2413 2414 2424
f 2413 2424 2423
f 2423 2424 2434
f 2423 2434 2433
f 2433 2434 2444
f 2433 2444 2443
f 2393 2395 2404
f 2394 2444 2435
f 2404 2395 2405
f 2404 2405 2414
f 2414 2405 2415
f 2414 2415 2424
f 2424 2415 2425
f 2424 2425 2434
f 2434 2425 2435
f 2434 2435 2444
o Trunk_8
usemtl color_47
s off
v 0.000000 -4.259987 -13.509429
v 0.000000 -5.619063 -13.131104
v 0.392746 -4.351028 -13.484086
v 0.317738 -4.286924 -13.253802
v 0.121365 -4.247306 -13.111478
v -0.121365 -4.247306 -13.111478
v -0.317738 -4.286924 -13.253802
v -0.392746 -4.351028 -13.484086
v -0.317738 -4.415132 -13.714370
v -0.121365 -4.454751 -13.856694
v 0.121365 -4.454751 -13.856694
v 0.317738 -4.415132 -13.714370
v 0.680256 -4.599756 -13.414848
v 0.550338 -4.488725 -13.015984
v 0.210211 -4.420104 -12.769472
v -0.210211 -4.420104 -12.769472
v -0.550338 -4.488725 -13.015984
v -0.680256 -4.599756 -13.414848
v -0.550338 -4.710788 -13.813712
v -0.210211 -4.779409 -14.060223
v 0.210211 -4.779409 -14.060223
v 0.550338 -4.710788 -13.813712
v 0.785492 -4.939525 -13.320267
v 0.635476 -4.811317 -12.859698
v 0.242730 -4.732080 -12.575051
v -0.242730 -4.732080 -12.575051
v -0.635476 -4.811317 -12.859698
v -0.785492 -4.939525 -13.320267
v -0.635476 -5.067733 -13.780835
v -0.242730 -5.146970 -14.065482
v 0.242730 -5.146970 -14.065482
v 0.635476 -5.067733 -13.780835
v 0.680256 -5.279294 -13.225686
v 0.550338 -5.168263 -12.826822
v 0.210211 -5.099641 -12.580310
v -0.210211 -5.099641 -12.580310
v -0.550338 -5.168263 -12.826822
v -0.680256 -5.279294 -13.225686
v -0.550338 -5.390325 -13.624549
v -0.210211 -5.458946 -13.871061
v 0.210211 -5.458946 -13.871061
v 0.550338 -5.390325 -13.624549
v 0.392746 -5.528022 -13.156447
v 0.317738 -5.463918 -12.926163
v 0.121365 -5.424300 -12.783840
v -0.121365 -5.424300 -12.783840
v -0.317738 -5.463918 -12.926163
v -0.392746 -5.528022 -13.156447
v -0.317738 -5.592126 -13.386732
v -0.121365 -5.631744 -13.529055
v 0.121365 -5.631744 -13.529055
v 0.317738 -5.592126 -13.386732
f 2445 2448 2447
f 2446 2487 2488
f 2447 2448 2458
f 2447 2458 2457
f 2457 2458 2468
f 2457 2468 2467
f 2467 2468 2478
f 2467 2478 2477
f 2477 2478 2488
f 2477 2488 2487
f 2445 2449 2448
f 2446 2488 2489
f 2448 2449 2459
f 2448 2459 2458
f 2458 2459 2469
f 2458 2469 2468
f 2468 2469 2479
f 2468 2479 2478
f 2478 2479 2489
f 2478 2489 2488
f 2445 2450 2449
f 2446 2489 2490
f 2449 2450 2460
f 2449 2460 2459
f 2459 2460 2470
f 2459 2470 2469
f 2469 2470 2480
f 2469 2480 2479
f 2479 2480 2490
f 2479 2490 2489
f 2445 2451 2450
f 2446 2490 2491
f 2450 2451 2461
f 2450 2461 2460
f 2460 2461 2471
f 2460 2471 2470
f 2470 2471 2481
f 2470 2481 2480
f 2480 2481 2491
f 2480 2491 2490
f 2445 2452 2451
f 2446 2491 2492
f 2451 2452 2462
f 2451 2462 2461
f 2461 2462 2472
f 2461 2472 2471
f 2471 2472 2482
f 2471 2482 2481
f 2481 2482 2492
f 2481 2492 2491
f 2445 2453 2452
f 2446 2492 2493
f 2452 2453 2463
f 2452 2463 2462
f 2462 2463 2473
f 2462 2473 2472
f 2472 2473 2483
f 2472 2483 2482
f 2482 2483 2493
f 2482 2493 2492
f 2445 2454 2453
f 2446 2493 2494
f 2453 2454 2464
f 2453 2464 2463
f 2463 2464 2474
f 2463 2474 2473
f 2473 2474 2484
f 2473 2484 2483
f 2483 2484 2494
f 2483 2494 2493
f 2445 2455 2454
f 2446 2494 2495
f 2454 2455 2465
f 2454 2465 2464
f 2464 2465 2475
f 2464 2475 2474
f 2474 2475 2485
f 2474 2485 2484
f 2484 2485 2495
f 2484 2495 2494
f 2445 2456 2455
f 2446 2495 2496
f 2455 2456 2466
f 2455 2466 2465
f 2465 2466 2476
f 2465 2476 2475
f 2475 2476 2486
f 2475 2486 2485
f 2485 2486 2496
f 2485 2496 2495
f 2445 2447 2456
f 2446 2496 2487
f 2456 2447 2457
f 2456 2457 2466
f 2466 2457 2467
f 2466 2467 2476
f 2476 2467 2477
f 2476 2477 2486
f 2486 2477 2487
f 2486 2487 2496
o Trunk_9
usemtl color_48
s off
v 0.000000 -5.136914 -13.847152
v 0.000000 -6.462586 -13.364648
v 0.360525 -5.225717 -13.814831
v 0.291671 -5.148513 -13.602712
v 0.111408 -5.100798 -13.471616
v -0.111408 -5.100798 -13.471616
v -0.291671 -5.148513 -13.602712
v -0.360525 -5.225717 -13.814831
v -0.291671 -5.302922 -14.026949
v -0.111408 -5.350637 -14.158045
v 0.111408 -5.350637 -14.158045
v 0.291671 -5.302922 -14.026949
v 0.624448 -5.468332 -13.726526
v 0.505189 -5.334610 -13.359127
v 0.192965 -5.251965 -13.132061
v -0.192965 -5.251965 -13.132061
v -0.505189 -5.334610 -13.359127
v -0.624448 -5.468332 -13.726526
v -0.505189 -5.602055 -14.093926
v -0.192965 -5.684700 -14.320991
v 0.192965 -5.684700 -14.320991
v 0.505189 -5.602055 -14.093926
v 0.721050 -5.799750 -13.605900
v 0.583342 -5.645341 -13.181663
v 0.222817 -5.549910 -12.919471
v -0.222817 -5.549910 -12.919471
v -0.583342 -5.645341 -13.181663
v -0.721050 -5.799750 -13.605900
v -0.583342 -5.954159 -14.030137
v -0.222817 -6.049590 -14.292329
v 0.222817 -6.049590 -14.292329
v 0.583342 -5.954159 -14.030137
v 0.624448 -6.131168 -13.485274
v 0.505189 -5.997445 -13.117874
v 0.192965 -5.914800 -12.890809
v -0.192965 -5.914800 -12.890809
v -0.505189 -5.997445 -13.117874
v -0.624448 -6.131168 -13.485274
v -0.505189 -6.264890 -13.852673
v -0.192965 -6.347535 -14.079739
v 0.192965 -6.347535 -14.079739
v 0.505189 -6.264890 -13.852673
v 0.360525 -6.373783 -13.396969
v 0.291671 -6.296578 -13.184851
v 0.111408 -6.248863 -13.053755
v -0.111408 -6.248863 -13.053755
v -0.291671 -6.296578 -13.184851
v -0.360525 -6.373783 -13.396969
v -0.291671 -6.450987 -13.609088
v -0.111408 -6.498702 -13.740184
v 0.111408 -6.498702 -13.740184
v 0.291671 -6.450987 -13.609088
f 2497 2500 2499
f 2498 2539 2540
f 2499 2500 2510
f 2499 2510 2509
f 2509 2510 2520
f 2509 2520 2519
f 2519 2520 2530
f 2519 2530 2529
f 2529 2530 2540
f 2529 2540 2539
f 2497 2501 2500
f 2498 2540 2541
f 2500 2501 2511
f 2500 2511 2510
f 2510 2511 2521
f 2510 2521 2520
f 2520 2521 2531
f 2520 2531 2530
f 2530 2531 2541
f 2530 2541 2540
f 2497 2502 2501
f 2498 2541 2542
f 2501 2502 2512
f 2501 2512 2511
f 2511 2512 2522
f 2511 2522 2521
f 2521 2522 2532
f 2521 2532 2531
f 2531 2532 2542
f 2531 2542 2541
f 2497 2503 2502
f 2498 2542 2543
f 2502 2503 2513
f 2502 2513 2512
f 2512 2513 2523
f 2512 2523 2522
f 2522 2523 2533
f 2522 2533 2532
f 2532 2533 2543
f 2532 2543 2542
f 2497 2504 2503
f 2498 2543 2544
f 2503 2504 2514
f 2503 2514 2513
f 2513 2514 2524
f 2513 2524 2523
f 2523 2524 2534
f 2523 2534 2533
f 2533 2534 2544
f 2533 2544 2543
f 2497 2505 2504
f 2498 2544 2545
f 2504 2505 2515
f 2504 2515 2514
f 2514 2515 2525
f 2514 2525 2524
f 2524 2525 2535
f 2524 2535 2534
f 2534 2535 2545
f 2534 2545 2544
f 2497 2506 2505
f 2498 2545 2546
f 2505 2506 2516
f 2505 2516 2515
f 2515 2516 2526
f 2515 2526 2525
f 2525 2526 2536
f 2525 2536 2535
f 2535 2536 2546
f 2535 2546 2545
f 2497 2507 2506
f 2498 2546 2547
f 2506 2507 2517
f 2506 2517 2516
f 2516 2517 2527
f 2516 2527 2526
f 2526 2527 2537
f 2526 2537 2536
f 2536 2537 2547
f 2536 2547 2546
f 2497 2508 2507
f 2498 2547 2548
f 2507 2508 2518
f 2507 2518 2517
f 2517 2518 2528
f 2517 2528 2527
f 2527 2528 2538
f 2527 2538 2537
f 2537 2538 2548
f 2537 2548 2547
f 2497 2499 2508
f 2498 2548 2539
f 2508 2499 2509
f 2508 2509 2518
f 2518 2509 2519
f 2518 2519 2528
f 2528 2519 2529
f 2528 2529 2538
f 2538 2529 2539
f 2538 2539 2548
o Tusk
usemtl color_49
s off
v -2.884200 -0.403819 -10.519878
v -2.884200 -1.477181 -10.171122
v -2.570700 -0.475720 -10.496516
v -2.630573 -0.408813 -10.290595
v -2.787323 -0.367461 -10.163329
v -2.981077 -0.367461 -10.163329
v -3.137827 -0.408813 -10.290595
v -3.197700 -0.475720 -10.496516
v -3.137827 -0.542628 -10.702437
v -2.981077 -0.583979 -10.829703
v -2.787323 -0.583979 -10.829703
v -2.630573 -0.542628 -10.702437
v -2.341202 -0.672159 -10.432689
v -2.444905 -0.556272 -10.076024
v -2.716404 -0.484649 -9.855592
v -3.051996 -0.484649 -9.855592
v -3.323495 -0.556272 -10.076024
v -3.427198 -0.672159 -10.432689
v -3.323495 -0.788047 -10.789355
v -3.051996 -0.859670 -11.009786
v -2.716404 -0.859670 -11.009786
v -2.444905 -0.788047 -10.789355
v -2.257200 -0.940500 -10.345500
v -2.376946 -0.806684 -9.933658
v -2.690446 -0.723982 -9.679126
v -3.077954 -0.723982 -9.679126
v -3.391454 -0.806684 -9.933658
v -3.511200 -0.940500 -10.345500
v -3.391454 -1.074316 -10.757342
v -3.077954 -1.157018 -11.011874
v -2.690446 -1.157018 -11.011874
v -2.376946 -1.074316 -10.757342
v -2.341202 -1.208841 -10.258311
v -2.444905 -1.092953 -9.901645
v -2.716404 -1.021330 -9.681214
v -3.051996 -1.021330 -9.681214
v -3.323495 -1.092953 -9.901645
v -3.427198 -1.208841 -10.258311
v -3.323495 -1.324728 -10.614976
v -3.051996 -1.396351 -10.835408
v -2.716404 -1.396351 -10.835408
v -2.444905 -1.324728 -10.614976
v -2.570700 -1.405280 -10.194484
v -2.630573 -1.338372 -9.988563
v -2.787323 -1.297021 -9.861297
v -2.981077 -1.297021 -9.861297
v -3.137827 -1.338372 -9.988563
v -3.197700 -1.405280 -10.194484
v -3.137827 -1.472187 -10.400405
v -2.981077 -1.513539 -10.527671
v -2.787323 -1.513539 -10.527671
v -2.630573 -1.472187 -10.400405
f 2549 2552 2551
f 2550 2591 2592
f 2551 2552 2562
f 2551 2562 2561
f 2561 2562 2572
f 2561 2572 2571
f 2571 2572 2582
f 2571 2582 2581
f 2581 2582 2592
f 2581 2592 2591
f 2549 2553 2552
f 2550 2592 2593
f 2552 2553 2563
f 2552 2563 2562
f 2562 2563 2573
f 2562 2573 2572
f 2572 2573 2583
f 2572 2583 2582
f 2582 2583 2593
f 2582 2593 2592
f 2549 2554 2553
f 2550 2593 2594
f 2553 2554 2564
f 2553 2564 2563
f 2563 2564 2574
f 2563 2574 2573
f 2573 2574 2584
f 2573 2584 2583
f 2583 2584 2594
f 2583 2594 2593
f 2549 2555 2554
f 2550 2594 2595
f 2554 2555 2565
f 2554 2565 2564
f 2564 2565 2575
f 2564 2575 2574
f 2574 2575 2585
f 2574 2585 2584
f 2584 2585 2595
f 2584 2595 2594
f 2549 2556 2555
f 2550 2595 2596
f 2555 2556 2566
f 2555 2566 2565
f 2565 2566 2576
f 2565 2576 2575
f 2575 2576 2586
f 2575 2586 2585
f 2585 2586 2596
f 2585 2596 2595
f 2549 2557 2556
f 2550 2596 2597
f 2556 2557 2567
f 2556 2567 2566
f 2566 2567 2577
f 2566 2577 2576
f 2576 2577 2587
f 2576 2587 2586
f 2586 2587 2597
f 2586 2597 2596
f 2549 2558 2557
f 2550 2597 2598
f 2557 2558 2568
f 2557 2568 2567
f 2567 2568 2578
f 2567 2578 2577
f 2577 2578 2588
f 2577 2588 2587
f 2587 2588 2598
f 2587 2598 2597
f 2549 2559 2558
f 2550 2598 2599
f 2558 2559 2569
f 2558 2569 2568
f 2568 2569 2579
f 2568 2579 2578
f 2578 2579 2589
f 2578 2589 2588
f 2588 2589 2599
f 2588 2599 2598
f 2549 2560 2559
f 2550 2599 2600
f 2559 2560 2570
f 2559 2570 2569
f 2569 2570 2580
f 2569 2580 2579
f 2579 2580 2590
f 2579 2590 2589
f 2589 2590 2600
f 2589 2600 2599
f 2549 2551 2560
f 2550 2600 2591
f 2560 2551 2561
f 2560 2561 2570
f 2570 2561 2571
f 2570 2571 2580
f 2580 2571 2581
f 2580 2581 2590
f 2590 2581 2591
f 2590 2591 2600
o Tusk_1
usemtl color_50
s off
v -3.030500 0.045531 -11.063278
v -3.030500 -1.027831 -10.714522
v -2.754881 -0.026370 -11.039916
v -2.807520 0.033894 -10.854441
v -2.945329 0.071139 -10.739811
v -3.115671 0.071139 -10.739811
v -3.253480 0.033894 -10.854441
v -3.306119 -0.026370 -11.039916
v -3.253480 -0.086635 -11.225391
v -3.115671 -0.123880 -11.340021
v -2.945329 -0.123880 -11.340021
v -2.807520 -0.086635 -11.225391
v -2.553114 -0.222809 -10.976089
v -2.644287 -0.118428 -10.654837
v -2.882980 -0.053917 -10.456293
v -3.178020 -0.053917 -10.456293
v -3.416713 -0.118428 -10.654837
v -3.507886 -0.222809 -10.976089
v -3.416713 -0.327190 -11.297341
v -3.178020 -0.391702 -11.495886
v -2.882980 -0.391702 -11.495886
v -2.644287 -0.327190 -11.297341
v -2.479262 -0.491150 -10.888900
v -2.584539 -0.370621 -10.517950
v -2.860158 -0.296130 -10.288691
v -3.200842 -0.296130 -10.288691
v -3.476461 -0.370621 -10.517950
v -3.581738 -0.491150 -10.888900
v -3.476461 -0.611679 -11.259850
v -3.200842 -0.686170 -11.489109
v -2.860158 -0.686170 -11.489109
v -2.584539 -0.611679 -11.259850
v -2.553114 -0.759491 -10.801711
v -2.644287 -0.655110 -10.480459
v -2.882980 -0.590598 -10.281914
v -3.178020 -0.590598 -10.281914
v -3.416713 -0.655110 -10.480459
v -3.507886 -0.759491 -10.801711
v -3.416713 -0.863872 -11.122963
v -3.178020 -0.928383 -11.321507
v -2.882980 -0.928383 -11.321507
v -2.644287 -0.863872 -11.122963
v -2.754881 -0.955930 -10.737884
v -2.807520 -0.895665 -10.552409
v -2.945329 -0.858420 -10.437779
v -3.115671 -0.858420 -10.437779
v -3.253480 -0.895665 -10.552409
v -3.306119 -0.955930 -10.737884
v -3.253480 -1.016194 -10.923359
v -3.115671 -1.053439 -11.037989
v -2.945329 -1.053439 -11.037989
v -2.807520 -1.016194 -10.923359
f 2601 2604 2603
f 2602 2643 2644
f 2603 2604 2614
f 2603 2614 2613
f 2613 2614 2624
f 2613 2624 2623
f 2623 2624 2634
f 2623 2634 2633
f 2633 2634 2644
f 2633 2644 2643
f 2601 2605 2604
f 2602 2644 2645
f 2604 2605 2615
f 2604 2615 2614
f 2614 2615 2625
f 2614 2625 2624
f 2624 2625 2635
f 2624 2635 2634
f 2634 2635 2645
f 2634 2645 2644
f 2601 2606 2605
f 2602 2645 2646
f 2605 2606 2616
f 2605 2616 2615
f 2615 2616 2626
f 2615 2626 2625
f 2625 2626 2636
f 2625 2636 2635
f 2635 2636 2646
f 2635 2646 2645
f 2601 2607 2606
f 2602 2646 2647
f 2606 2607 2617
f 2606 2617 2616
f 2616 2617 2627
f 2616 2627 2626
f 2626 2627 2637
f 2626 2637 2636
f 2636 2637 2647
f 2636 2647 2646
f 2601 2608 2607
f 2602 2647 2648
f 2607 2608 2618
f 2607 2618 2617
f 2617 2618 2628
f 2617 2628 2627
f 2627 2628 2638
f 2627 2638 2637
f 2637 2638 2648
f 2637 2648 2647
f 2601 2609 2608
f 2602 2648 2649
f 2608 2609 2619
f 2608 2619 2618
f 2618 2619 2629
f 2618 2629 2628
f 2628 2629 2639
f 2628 2639 2638
f 2638 2639 2649
f 2638 2649 2648
f 2601 2610 2609
f 2602 2649 2650
f 2609 2610 2620
f 2609 2620 2619
f 2619 2620 2630
f 2619 2630 2629
f 2629 2630 2640
f 2629 2640 2639
f 2639 2640 2650
f 2639 2650 2649
f 2601 2611 2610
f 2602 2650 2651
f 2610 2611 2621
f 2610 2621 2620
f 2620 2621 2631
f 2620 2631 2630
f 2630 2631 2641
f 2630 2641 2640
f 2640 2641 2651
f 2640 2651 2650
f 2601 2612 2611
f 2602 2651 2652
f 2611 2612 2622
f 2611 2622 2621
f 2621 2622 2632
f 2621 2632 2631
f 2631 2632 2642
f 2631 2642 2641
f 2641 2642 2652
f 2641 2652 2651
f 2601 2603 2612
f 2602 2652 2643
f 2612 2603 2613
f 2612 2613 2622
f 2622 2613 2623
f 2622 2623 2632
f 2632 2623 2633
f 2632 2633 2642
f 2642 2633 2643
f 2642 2643 2652
o Tusk_2
usemtl color_51
s off
v -3.176800 0.494881 -11.606678
v -3.176800 -0.578481 -11.257922
v -2.939062 0.422980 -11.583316
v -2.984466 0.476601 -11.418287
v -3.103335 0.509740 -11.316294
v -3.250265 0.509740 -11.316294
v -3.369134 0.476601 -11.418287
v -3.414538 0.422980 -11.583316
v -3.369134 0.369358 -11.748345
v -3.250265 0.336219 -11.850338
v -3.103335 0.336219 -11.850338
v -2.984466 0.369358 -11.748345
v -2.765027 0.226541 -11.519489
v -2.843668 0.319415 -11.233651
v -3.049555 0.376815 -11.056993
v -3.304045 0.376815 -11.056993
v -3.509932 0.319415 -11.233651
v -3.588573 0.226541 -11.519489
v -3.509932 0.133666 -11.805327
v -3.304045 0.076267 -11.981985
v -3.049555 0.076267 -11.981985
v -2.843668 0.133666 -11.805327
v -2.701325 -0.041800 -11.432300
v -2.792133 0.065442 -11.102242
v -3.029870 0.131722 -10.898256
v -3.323730 0.131722 -10.898256
v -3.561467 0.065442 -11.102242
v -3.652275 -0.041800 -11.432300
v -3.561467 -0.149042 -11.762358
v -3.323730 -0.215322 -11.966344
v -3.029870 -0.215322 -11.966344
v -2.792133 -0.149042 -11.762358
v -2.765027 -0.310141 -11.345111
v -2.843668 -0.217266 -11.059273
v -3.049555 -0.159867 -10.882615
v -3.304045 -0.159867 -10.882615
v -3.509932 -0.217266 -11.059273
v -3.588573 -0.310141 -11.345111
v -3.509932 -0.403015 -11.630949
v -3.304045 -0.460415 -11.807607
v -3.049555 -0.460415 -11.807607
v -2.843668 -0.403015 -11.630949
v -2.939062 -0.506580 -11.281284
v -2.984466 -0.452958 -11.116255
v -3.103335 -0.419819 -11.014262
v -3.250265 -0.419819 -11.014262
v -3.369134 -0.452958 -11.116255
v -3.414538 -0.506580 -11.281284
v -3.369134 -0.560201 -11.446313
v -3.250265 -0.593340 -11.548306
v -3.103335 -0.593340 -11.548306
v -2.984466 -0.560201 -11.446313
f 2653 2656 2655
f 2654 2695 2696
f 2655 2656 2666
f 2655 2666 2665
f 2665 2666 2676
f 2665 2676 2675
f 2675 2676 2686
f 2675 2686 2685
f 2685 2686 2696
f 2685 2696 2695
f 2653 2657 2656
f 2654 2696 2697
f 2656 2657 2667
f 2656 2667 2666
f 2666 2667 2677
f 2666 2677 2676
f 2676 2677 2687
f 2676 2687 2686
f 2686 2687 2697
f 2686 2697 2696
f 2653 2658 2657
f 2654 2697 2698
f 2657 2658 2668
f 2657 2668 2667
f 2667 2668 2678
f 2667 2678 2677
f 2677 2678 2688
f 2677 2688 2687
f 2687 2688 2698
f 2687 2698 2697
f 2653 2659 2658
f 2654 2698 2699
f 2658 2659 2669
f 2658 2669 2668
f 2668 2669 2679
f 2668 2679 2678
f 2678 2679 2689
f 2678 2689 2688
f 2688 2689 2699
f 2688 2699 2698
f 2653 2660 2659
f 2654 2699 2700
f 2659 2660 2670
f 2659 2670 2669
f 2669 2670 2680
f 2669 2680 2679
f 2679 2680 2690
f 2679 2690 2689
f 2689 2690 2700
f 2689 2700 2699
f 2653 2661 2660
f 2654 2700 2701
f 2660 2661 2671
f 2660 2671 2670
f 2670 2671 2681
f 2670 2681 2680
f 2680 2681 2691
f 2680 2691 2690
f 2690 2691 2701
f 2690 2701 2700
f 2653 2662 2661
f 2654 2701 2702
f 2661 2662 2672
f 2661 2672 2671
f 2671 2672 2682
f 2671 2682 2681
f 2681 2682 2692
f 2681 2692 2691
f 2691 2692 2702
f 2691 2702 2701
f 2653 2663 2662
f 2654 2702 2703
f 2662 2663 2673
f 2662 2673 2672
f 2672 2673 2683
f 2672 2683 2682
f 2682 2683 2693
f 2682 2693 2692
f 2692 2693 2703
f 2692 2703 2702
f 2653 2664 2663
f 2654 2703 2704
f 2663 2664 2674
f 2663 2674 2673
f 2673 2674 2684
f 2673 2684 2683
f 2683 2684 2694
f 2683 2694 2693
f 2693 2694 2704
f 2693 2704 2703
f 2653 2655 2664
f 2654 2704 2695
f 2664 2655 2665
f 2664 2665 2674
f 2674 2665 2675
f 2674 2675 2684
f 2684 2675 2685
f 2684 2685 2694
f 2694 2685 2695
f 2694 2695 2704
o Tusk_3
usemtl color_52
s off
v -3.323100 0.944231 -12.150078
v -3.323100 -0.129131 -11.801322
v -3.123244 0.872330 -12.126716
v -3.161413 0.919307 -11.982133
v -3.261341 0.948341 -11.892776
v -3.384859 0.948341 -11.892776
v -3.484787 0.919307 -11.982133
v -3.522956 0.872330 -12.126716
v -3.484787 0.825352 -12.271299
v -3.384859 0.796318 -12.360656
v -3.261341 0.796318 -12.360656
v -3.161413 0.825352 -12.271299
v -2.976939 0.675891 -12.062889
v -3.043050 0.757259 -11.812464
v -3.216130 0.807547 -11.657693
v -3.430070 0.807547 -11.657693
v -3.603150 0.757259 -11.812464
v -3.669261 0.675891 -12.062889
v -3.603150 0.594523 -12.313314
v -3.430070 0.544235 -12.468085
v -3.216130 0.544235 -12.468085
v -3.043050 0.594523 -12.313314
v -2.923387 0.407550 -11.975700
v -2.999726 0.501506 -11.686534
v -3.199582 0.559573 -11.507820
v -3.446618 0.559573 -11.507820
v -3.646474 0.501506 -11.686534
v -3.722812 0.407550 -11.975700
v -3.646474 0.313594 -12.264866
v -3.446618 0.255527 -12.443580
v -3.199582 0.255527 -12.443580
v -2.999726 0.313594 -12.264866
v -2.976939 0.139209 -11.888511
v -3.043050 0.220577 -11.638086
v -3.216130 0.270865 -11.483315
v -3.430070 0.270865 -11.483315
v -3.603150 0.220577 -11.638086
v -3.669261 0.139209 -11.888511
v -3.603150 0.057841 -12.138936
v -3.430070 0.007553 -12.293707
v -3.216130 0.007553 -12.293707
v -3.043050 0.057841 -12.138936
v -3.123244 -0.057230 -11.824684
v -3.161413 -0.010252 -11.680101
v -3.261341 0.018782 -11.590744
v -3.384859 0.018782 -11.590744
v -3.484787 -0.010252 -11.680101
v -3.522956 -0.057230 -11.824684
v -3.484787 -0.104207 -11.969267
v -3.384859 -0.133241 -12.058624
v -3.261341 -0.133241 -12.058624
v -3.161413 -0.104207 -11.969267
f 2705 2708 2707
f 2706 2747 2748
f 2707 2708 2718
f 2707 2718 2717
f 2717 2718 2728
f 2717 2728 2727
f 2727 2728 2738
f 2727 2738 2737
f 2737 2738 2748
f 2737 2748 2747
f 2705 2709 2708
f 2706 2748 2749
f 2708 2709 2719
f 2708 2719 2718
f 2718 2719 2729
f 2718 2729 2728
f 2728 2729 2739
f 2728 2739 2738
f 2738 2739 2749
f 2738 2749 2748
f 2705 2710 2709
f 2706 2749 2750
f 2709 2710 2720
f 2709 2720 2719
f 2719 2720 2730
f 2719 2730 2729
f 2729 2730 2740
f 2729 2740 2739
f 2739 2740 2750
f 2739 2750 2749
f 2705 2711 2710
f 2706 2750 2751
f 2710 2711 2721
f 2710 2721 2720
f 2720 2721 2731
f 2720 2731 2730
f 2730 2731 2741
f 2730 2741 2740
f 2740 2741 2751
f 2740 2751 2750
f 2705 2712 2711
f 2706 2751 2752
f 2711 2712 2722
f 2711 2722 2721
f 2721 2722 2732
f 2721 2732 2731
f 2731 2732 2742
f 2731 2742 2741
f 2741 2742 2752
f 2741 2752 2751
f 2705 2713 2712
f 2706 2752 2753
f 2712 2713 2723
f 2712 2723 2722
f 2722 2723 2733
f 2722 2733 2732
f 2732 2733 2743
f 2732 2743 2742
f 2742 2743 2753
f 2742 2753 2752
f 2705 2714 2713
f 2706 2753 2754
f 2713 2714 2724
f 2713 2724 2723
f 2723 2724 2734
f 2723 2734 2733
f 2733 2734 2744
f 2733 2744 2743
f 2743 2744 2754
f 2743 2754 2753
f 2705 2715 2714
f 2706 2754 2755
f 2714 2715 2725
f 2714 2725 2724
f 2724 2725 2735
f 2724 2735 2734
f 2734 2735 2745
f 2734 2745 2744
f 2744 2745 2755
f 2744 2755 2754
f 2705 2716 2715
f 2706 2755 2756
f 2715 2716 2726
f 2715 2726 2725
f 2725 2726 2736
f 2725 2736 2735
f 2735 2736 2746
f 2735 2746 2745
f 2745 2746 2756
f 2745 2756 2755
f 2705 2707 2716
f 2706 2756 2747
f 2716 2707 2717
f 2716 2717 2726
f 2726 2717 2727
f 2726 2727 2736
f 2736 2727 2737
f 2736 2737 2746
f 2746 2737 2747
f 2746 2747 2756
o Tusk_4
usemtl color_53
s off
v -3.469400 1.393581 -12.693478
v -3.469400 0.320219 -12.344722
v -3.307425 1.321680 -12.670116
v -3.338359 1.362014 -12.545979
v -3.419347 1.386942 -12.469259
v -3.519453 1.386942 -12.469259
v -3.600441 1.362014 -12.545979
v -3.631375 1.321680 -12.670116
v -3.600441 1.281345 -12.794253
v -3.519453 1.256417 -12.870973
v -3.419347 1.256417 -12.870973
v -3.338359 1.281345 -12.794253
v -3.188851 1.125241 -12.606289
v -3.242431 1.195102 -12.391278
v -3.382706 1.238279 -12.258394
v -3.556094 1.238279 -12.258394
v -3.696369 1.195102 -12.391278
v -3.749949 1.125241 -12.606289
v -3.696369 1.055379 -12.821300
v -3.556094 1.012203 -12.954184
v -3.382706 1.012203 -12.954184
v -3.242431 1.055379 -12.821300
v -3.145450 0.856900 -12.519100
v -3.207319 0.937569 -12.270827
v -3.369294 0.987425 -12.117385
v -3.569506 0.987425 -12.117385
v -3.731481 0.937569 -12.270827
v -3.793350 0.856900 -12.519100
v -3.731481 0.776231 -12.767373
v -3.569506 0.726375 -12.920815
v -3.369294 0.726375 -12.920815
v -3.207319 0.776231 -12.767373
v -3.188851 0.588559 -12.431911
v -3.242431 0.658421 -12.216900
v -3.382706 0.701597 -12.084016
v -3.556094 0.701597 -12.084016
v -3.696369 0.658421 -12.216900
v -3.749949 0.588559 -12.431911
v -3.696369 0.518698 -12.646922
v -3.556094 0.475521 -12.779806
v -3.382706 0.475521 -12.779806
v -3.242431 0.518698 -12.646922
v -3.307425 0.392120 -12.368084
v -3.338359 0.432455 -12.243947
v -3.419347 0.457383 -12.167227
v -3.519453 0.457383 -12.167227
v -3.600441 0.432455 -12.243947
v -3.631375 0.392120 -12.368084
v -3.600441 0.351786 -12.492221
v -3.519453 0.326858 -12.568941
v -3.419347 0.326858 -12.568941
v -3.338359 0.351786 -12.492221
f 2757 2760 2759
f 2758 2799 2800
f 2759 2760 2770
f 2759 2770 2769
f 2769 2770 2780
f 2769 2780 2779
f 2779 2780 2790
f 2779 2790 2789
f 2789 2790 2800
f 2789 2800 2799
f 2757 2761 2760
f 2758 2800 2801
f 2760 2761 2771
f 2760 2771 2770
f 2770 2771 2781
f 2770 2781 2780
f 2780 2781 2791
f 2780 2791 2790
f 2790 2791 2801
f 2790 2801 2800
f 2757 2762 2761
f 2758 2801 2802
f 2761 2762 2772
f 2761 2772 2771
f 2771 2772 2782
f 2771 2782 2781
f 2781 2782 2792
f 2781 2792 2791
f 2791 2792 2802
f 2791 2802 2801
f 2757 2763 2762
f 2758 2802 2803
f 2762 2763 2773
f 2762 2773 2772
f 2772 2773 2783
f 2772 2783 2782
f 2782 2783 2793
f 2782 2793 2792
f 2792 2793 2803
f 2792 2803 2802
f 2757 2764 2763
f 2758 2803 2804
f 2763 2764 2774
f 2763 2774 2773
f 2773 2774 2784
f 2773 2784 2783
f 2783 2784 2794
f 2783 2794 2793
f 2793 2794 2804
f 2793 2804 2803
f 2757 2765 2764
f 2758 2804 2805
f 2764 2765 2775
f 2764 2775 2774
f 2774 2775 2785
f 2774 2785 2784
f 2784 2785 2795
f 2784 2795 2794
f 2794 2795 2805
f 2794 2805 2804
f 2757 2766 2765
f 2758 2805 2806
f 2765 2766 2776
f 2765 2776 2775
f 2775 2776 2786
f 2775 2786 2785
f 2785 2786 2796
f 2785 2796 2795
f 2795 2796 2806
f 2795 2806 2805
f 2757 2767 2766
f 2758 2806 2807
f 2766 2767 2777
f 2766 2777 2776
f 2776 2777 2787
f 2776 2787 2786
f 2786 2787 2797
f 2786 2797 2796
f 2796 2797 2807
f 2796 2807 2806
f 2757 2768 2767
f 2758 2807 2808
f 2767 2768 2778
f 2767 2778 2777
f 2777 2778 2788
f 2777 2788 2787
f 2787 2788 2798
f 2787 2798 2797
f 2797 2798 2808
f 2797 2808 2807
f 2757 2759 2768
f 2758 2808 2799
f 2768 2759 2769
f 2768 2769 2778
f 2778 2769 2779
f 2778 2779 2788
f 2788 2779 2789
f 2788 2789 2798
f 2798 2789 2799
f 2798 2799 2808
o Tusk_5
usemtl color_54
s off
v -3.615700 1.842931 -13.236878
v -3.615700 0.769569 -12.888122
v -3.491606 1.771030 -13.213516
v -3.515306 1.804721 -13.109825
v -3.577353 1.825543 -13.045741
v -3.654047 1.825543 -13.045741
v -3.716094 1.804721 -13.109825
v -3.739794 1.771030 -13.213516
v -3.716094 1.737338 -13.317207
v -3.654047 1.716516 -13.381291
v -3.577353 1.716516 -13.381291
v -3.515306 1.737338 -13.317207
v -3.400763 1.574591 -13.149689
v -3.441813 1.632945 -12.970092
v -3.549281 1.669011 -12.859094
v -3.682119 1.669011 -12.859094
v -3.789587 1.632945 -12.970092
v -3.830637 1.574591 -13.149689
v -3.789587 1.516236 -13.329287
v -3.682119 1.480171 -13.440284
v -3.549281 1.480171 -13.440284
v -3.441813 1.516236 -13.329287
v -3.367513 1.306250 -13.062500
v -3.414912 1.373632 -12.855119
v -3.539006 1.415277 -12.726950
v -3.692394 1.415277 -12.726950
v -3.816488 1.373632 -12.855119
v -3.863887 1.306250 -13.062500
v -3.816488 1.238868 -13.269881
v -3.692394 1.197223 -13.398050
v -3.539006 1.197223 -13.398050
v -3.414912 1.238868 -13.269881
v -3.400763 1.037909 -12.975311
v -3.441813 1.096264 -12.795713
v -3.549281 1.132329 -12.684716
v -3.682119 1.132329 -12.684716
v -3.789587 1.096264 -12.795713
v -3.830637 1.037909 -12.975311
v -3.789587 0.979555 -13.154908
v -3.682119 0.943489 -13.265906
v -3.549281 0.943489 -13.265906
v -3.441813 0.979555 -13.154908
v -3.491606 0.841470 -12.911484
v -3.515306 0.875162 -12.807793
v -3.577353 0.895984 -12.743709
v -3.654047 0.895984 -12.743709
v -3.716094 0.875162 -12.807793
v -3.739794 0.841470 -12.911484
v -3.716094 0.807779 -13.015175
v -3.654047 0.786957 -13.079259
v -3.577353 0.786957 -13.079259
v -3.515306 0.807779 -13.015175
f 2809 2812 2811
f 2810 2851 2852
f 2811 2812 2822
f 2811 2822 2821
f 2821 2822 2832
f 2821 2832 2831
f 2831 2832 2842
f 2831 2842 2841
f 2841 2842 2852
f 2841 2852 2851
f 2809 2813 2812
f 2810 2852 2853
f 2812 2813 2823
f 2812 2823 2822
f 2822 2823 2833
f 2822 2833 2832
f 2832 2833 2843
f 2832 2843 2842
f 2842 2843 2853
f 2842 2853 2852
f 2809 2814 2813
f 2810 2853 2854
f 2813 2814 2824
f 2813 2824 2823
f 2823 2824 2834
f 2823 2834 2833
f 2833 2834 2844
f 2833 2844 2843
f 2843 2844 2854
f 2843 2854 2853
f 2809 2815 2814
f 2810 2854 2855
f 2814 2815 2825
f 2814 2825 2824
f 2824 2825 2835
f 2824 2835 2834
f 2834 2835 2845
f 2834 2845 2844
f 2844 2845 2855
f 2844 2855 2854
f 2809 2816 2815
f 2810 2855 2856
f 2815 2816 2826
f 2815 2826 2825
f 2825 2826 2836
f 2825 2836 2835
f 2835 2836 2846
f 2835 2846 2845
f 2845 2846 2856
f 2845 2856 2855
f 2809 2817 2816
f 2810 2856 2857
f 2816 2817 2827
f 2816 2827 2826
f 2826 2827 2837
f 2826 2837 2836
f 2836 2837 2847
f 2836 2847 2846
f 2846 2847 2857
f 2846 2857 2856
f 2809 2818 2817
f 2810 2857 2858
f 2817 2818 2828
f 2817 2828 2827
f 2827 2828 2838
f 2827 2838 2837
f 2837 2838 2848
f 2837 2848 2847
f 2847 2848 2858
f 2847 2858 2857
f 2809 2819 2818
f 2810 2858 2859
f 2818 2819 2829
f 2818 2829 2828
f 2828 2829 2839
f 2828 2839 2838
f 2838 2839 2849
f 2838 2849 2848
f 2848 2849 2859
f 2848 2859 2858
f 2809 2820 2819
f 2810 2859 2860
f 2819 2820 2830
f 2819 2830 2829
f 2829 2830 2840
f 2829 2840 2839
f 2839 2840 2850
f 2839 2850 2849
f 2849 2850 2860
f 2849 2860 2859
f 2809 2811 2820
f 2810 2860 2851
f 2820 2811 2821
f 2820 2821 2830
f 2830 2821 2831
f 2830 2831 2840
f 2840 2831 2841
f 2840 2841 2850
f 2850 2841 2851
f 2850 2851 2860
o Tusk_6
usemtl color_55
s off
v -3.762000 2.292281 -13.780278
v -3.762000 1.218919 -13.431522
v -3.675788 2.220380 -13.756916
v -3.692253 2.247427 -13.673671
v -3.735359 2.264144 -13.622223
v -3.788641 2.264144 -13.622223
v -3.831747 2.247427 -13.673671
v -3.848213 2.220380 -13.756916
v -3.831747 2.193332 -13.840161
v -3.788641 2.176615 -13.891609
v -3.735359 2.176615 -13.891609
v -3.692253 2.193332 -13.840161
v -3.612676 2.023941 -13.693089
v -3.641194 2.070789 -13.548905
v -3.715856 2.099743 -13.459795
v -3.808144 2.099743 -13.459795
v -3.882806 2.070789 -13.548905
v -3.911324 2.023941 -13.693089
v -3.882806 1.977092 -13.837273
v -3.808144 1.948139 -13.926384
v -3.715856 1.948139 -13.926384
v -3.641194 1.977092 -13.837273
v -3.589575 1.755600 -13.605900
v -3.622505 1.809696 -13.439411
v -3.708718 1.843129 -13.336515
v -3.815282 1.843129 -13.336515
v -3.901495 1.809696 -13.439411
v -3.934425 1.755600 -13.605900
v -3.901495 1.701504 -13.772389
v -3.815282 1.668071 -13.875285
v -3.708718 1.668071 -13.875285
v -3.622505 1.701504 -13.772389
v -3.612676 1.487259 -13.518711
v -3.641194 1.534108 -13.374527
v -3.715856 1.563061 -13.285416
v -3.808144 1.563061 -13.285416
v -3.882806 1.534108 -13.374527
v -3.911324 1.487259 -13.518711
v -3.882806 1.440411 -13.662895
v -3.808144 1.411457 -13.752005
v -3.715856 1.411457 -13.752005
v -3.641194 1.440411 -13.662895
v -3.675788 1.290820 -13.454884
v -3.692253 1.317868 -13.371639
v -3.735359 1.334585 -13.320191
v -3.788641 1.334585 -13.320191
v -3.831747 1.317868 -13.371639
v -3.848213 1.290820 -13.454884
v -3.831747 1.263773 -13.538129
v -3.788641 1.247056 -13.589577
v -3.735359 1.247056 -13.589577
v -3.692253 1.263773 -13.538129
f 2861 2864 2863
f 2862 2903 2904
f 2863 2864 2874
f 2863 2874 2873
f 2873 2874 2884
f 2873 2884 2883
f 2883 2884 2894
f 2883 2894 2893
f 2893 2894 2904
f 2893 2904 2903
f 2861 2865 2864
f 2862 2904 2905
f 2864 2865 2875
f 2864 2875 2874
f 2874 2875 2885
f 2874 2885 2884
f 2884 2885 2895
f 2884 2895 2894
f 2894 2895 2905
f 2894 2905 2904
f 2861 2866 2865
f 2862 2905 2906
f 2865 2866 2876
f 2865 2876 2875
f 2875 2876 2886
f 2875 2886 2885
f 2885 2886 2896
f 2885 2896 2895
f 2895 2896 2906
f 2895 2906 2905
f 2861 2867 2866
f 2862 2906 2907
f 2866 2867 2877
f 2866 2877 2876
f 2876 2877 2887
f 2876 2887 2886
f 2886 2887 2897
f 2886 2897 2896
f 2896 2897 2907
f 2896 2907 2906
f 2861 2868 2867
f 2862 2907 2908
f 2867 2868 2878
f 2867 2878 2877
f 2877 2878 2888
f 2877 2888 2887
f 2887 2888 2898
f 2887 2898 2897
f 2897 2898 2908
f 2897 2908 2907
f 2861 2869 2868
f 2862 2908 2909
f 2868 2869 2879
f 2868 2879 2878
f 2878 2879 2889
f 2878 2889 2888
f 2888 2889 2899
f 2888 2899 2898
f 2898 2899 2909
f 2898 2909 2908
f 2861 2870 2869
f 2862 2909 2910
f 2869 2870 2880
f 2869 2880 2879
f 2879 2880 2890
f 2879 2890 2889
f 2889 2890 2900
f 2889 2900 2899
f 2899 2900 2910
f 2899 2910 2909
f 2861 2871 2870
f 2862 2910 2911
f 2870 2871 2881
f 2870 2881 2880
f 2880 2881 2891
f 2880 2891 2890
f 2890 2891 2901
f 2890 2901 2900
f 2900 2901 2911
f 2900 2911 2910
f 2861 2872 2871
f 2862 2911 2912
f 2871 2872 2882
f 2871 2882 2881
f 2881 2882 2892
f 2881 2892 2891
f 2891 2892 2902
f 2891 2902 2901
f 2901 2902 2912
f 2901 2912 2911
f 2861 2863 2872
f 2862 2912 2903
f 2872 2863 2873
f 2872 2873 2882
f 2882 2873 2883
f 2882 2883 2892
f 2892 2883 2893
f 2892 2893 2902
f 2902 2893 2903
f 2902 2903 2912
o Tusk_7
usemtl color_56
s off
v 2.884200 -0.403819 -10.519878
v 2.884200 -1.477181 -10.171122
v 3.197700 -0.475720 -10.496516
v 3.137827 -0.408813 -10.290595
v 2.981077 -0.367461 -10.163329
v 2.787323 -0.367461 -10.163329
v 2.630573 -0.408813 -10.290595
v 2.570700 -0.475720 -10.496516
v 2.630573 -0.542628 -10.702437
v 2.787323 -0.583979 -10.829703
v 2.981077 -0.583979 -10.829703
v 3.137827 -0.542628 -10.702437
v 3.427198 -0.672159 -10.432689
v 3.323495 -0.556272 -10.076024
v 3.051996 -0.484649 -9.855592
v 2.716404 -0.484649 -9.855592
v 2.444905 -0.556272 -10.076024
v 2.341202 -0.672159 -10.432689
v 2.444905 -0.788047 -10.789355
v 2.716404 -0.859670 -11.009786
v 3.051996 -0.859670 -11.009786
v 3.323495 -0.788047 -10.789355
v 3.511200 -0.940500 -10.345500
v 3.391454 -0.806684 -9.933658
v 3.077954 -0.723982 -9.679126
v 2.690446 -0.723982 -9.679126
v 2.376946 -0.806684 -9.933658
v 2.257200 -0.940500 -10.345500
v 2.376946 -1.074316 -10.757342
v 2.690446 -1.157018 -11.011874
v 3.077954 -1.157018 -11.011874
v 3.391454 -1.074316 -10.757342
v 3.427198 -1.208841 -10.258311
v 3.323495 -1.092953 -9.901645
v 3.051996 -1.021330 -9.681214
v 2.716404 -1.021330 -9.681214
v 2.444905 -1.092953 -9.901645
v 2.341202 -1.208841 -10.258311
v 2.444905 -1.324728 -10.614976
v 2.716404 -1.396351 -10.835408
v 3.051996 -1.396351 -10.835408
v 3.323495 -1.324728 -10.614976
v 3.197700 -1.405280 -10.194484
v 3.137827 -1.338372 -9.988563
v 2.981077 -1.297021 -9.861297
v 2.787323 -1.297021 -9.861297
v 2.630573 -1.338372 -9.988563
v 2.570700 -1.405280 -10.194484
v 2.630573 -1.472187 -10.400405
v 2.787323 -1.513539 -10.527671
v 2.981077 -1.513539 -10.527671
v 3.137827 -1.472187 -10.400405
f 2913 2916 2915
f 2914 2955 2956
f 2915 2916 2926
f 2915 2926 2925
f 2925 2926 2936
f 2925 2936 2935
f 2935 2936 2946
f 2935 2946 2945
f 2945 2946 2956
f 2945 2956 2955
f 2913 2917 2916
f 2914 2956 2957
f 2916 2917 2927
f 2916 2927 2926
f 2926 2927 2937
f 2926 2937 2936
f 2936 2937 2947
f 2936 2947 2946
f 2946 2947 2957
f 2946 2957 2956
f 2913 2918 2917
f 2914 2957 2958
f 2917 2918 2928
f 2917 2928 2927
f 2927 2928 2938
f 2927 2938 2937
f 2937 2938 2948
f 2937 2948 2947
f 2947 2948 2958
f 2947 2958 2957
f 2913 2919 2918
f 2914 2958 2959
f 2918 2919 2929
f 2918 2929 2928
f 2928 2929 2939
f 2928 2939 2938
f 2938 2939 2949
f 2938 2949 2948
f 2948 2949 2959
f 2948 2959 2958
f 2913 2920 2919
f 2914 2959 2960
f 2919 2920 2930
f 2919 2930 2929
f 2929 2930 2940
f 2929 2940 2939
f 2939 2940 2950
f 2939 2950 2949
f 2949 2950 2960
f 2949 2960 2959
f 2913 2921 2920
f 2914 2960 2961
f 2920 2921 2931
f 2920 2931 2930
f 2930 2931 2941
f 2930 2941 2940
f 2940 2941 2951
f 2940 2951 2950
f 2950 2951 2961
f 2950 2961 2960
f 2913 2922 2921
f 2914 2961 2962
f 2921 2922 2932
f 2921 2932 2931
f 2931 2932 2942
f 2931 2942 2941
f 2941 2942 2952
f 2941 2952 2951
f 2951 2952 2962
f 2951 2962 2961
f 2913 2923 2922
f 2914 2962 2963
f 2922 2923 2933
f 2922 2933 2932
f 2932 2933 2943
f 2932 2943 2942
f 2942 2943 2953
f 2942 2953 2952
f 2952 2953 2963
f 2952 2963 2962
f 2913 2924 2923
f 2914 2963 2964
f 2923 2924 2934
f 2923 2934 2933
f 2933 2934 2944
f 2933 2944 2943
f 2943 2944 2954
f 2943 2954 2953
f 2953 2954 2964
f 2953 2964 2963
f 2913 2915 2924
f 2914 2964 2955
f 2924 2915 2925
f 2924 2925 2934
f 2934 2925 2935
f 2934 2935 2944
f 2944 2935 2945
f 2944 2945 2954
f 2954 2945 2955
f 2954 2955 2964
o Tusk_8
usemtl color_57
s off
v 3.030500 0.045531 -11.063278
v 3.030500 -1.027831 -10.714522
v 3.306119 -0.026370 -11.039916
v 3.253480 0.033894 -10.854441
v 3.115671 0.071139 -10.739811
v 2.945329 0.071139 -10.739811
v 2.807520 0.033894 -10.854441
v 2.754881 -0.026370 -11.039916
v 2.807520 -0.086635 -11.225391
v 2.945329 -0.123880 -11.340021
v 3.115671 -0.123880 -11.340021
v 3.253480 -0.086635 -11.225391
v 3.507886 -0.222809 -10.976089
v 3.416713 -0.118428 -10.654837
v 3.178020 -0.053917 -10.456293
v 2.882980 -0.053917 -10.456293
v 2.644287 -0.118428 -10.654837
v 2.553114 -0.222809 -10.976089
v 2.644287 -0.327190 -11.297341
v 2.882980 -0.391702 -11.495886
v 3.178020 -0.391702 -11.495886
v 3.416713 -0.327190 -11.297341
v 3.581738 -0.491150 -10.888900
v 3.476461 -0.370621 -10.517950
v 3.200842 -0.296130 -10.288691
v 2.860158 -0.296130 -10.288691
v 2.584539 -0.370621 -10.517950
v 2.479262 -0.491150 -10.888900
v 2.584539 -0.611679 -11.259850
v 2.860158 -0.686170 -11.489109
v 3.200842 -0.686170 -11.489109
v 3.476461 -0.611679 -11.259850
v 3.507886 -0.759491 -10.801711
v 3.416713 -0.655110 -10.480459
v 3.178020 -0.590598 -10.281914
v 2.882980 -0.590598 -10.281914
v 2.644287 -0.655110 -10.480459
v 2.553114 -0.759491 -10.801711
v 2.644287 -0.863872 -11.122963
v 2.882980 -0.928383 -11.321507
v 3.178020 -0.928383 -11.321507
v 3.416713 -0.863872 -11.122963
v 3.306119 -0.955930 -10.737884
v 3.253480 -0.895665 -10.552409
v 3.115671 -0.858420 -10.437779
v 2.945329 -0.858420 -10.437779
v 2.807520 -0.895665 -10.552409
v 2.754881 -0.955930 -10.737884
v 2.807520 -1.016194 -10.923359
v 2.945329 -1.053439 -11.037989
v 3.115671 -1.053439 -11.037989
v 3.253480 -1.016194 -10.923359
f 2965 2968 2967
f 2966 3007 3008
f 2967 2968 2978
f 2967 2978 2977
f 2977 2978 2988
f 2977 2988 2987
f 2987 2988 2998
f 2987 2998 2997
f 2997 2998 3008
f 2997 3008 3007
f 2965 2969 2968
f 2966 3008 3009
f 2968 2969 2979
f 2968 2979 2978
f 2978 2979 2989
f 2978 2989 2988
f 2988 2989 2999
f 2988 2999 2998
f 2998 2999 3009
f 2998 3009 3008
f 2965 2970 2969
f 2966 3009 3010
f 2969 2970 2980
f 2969 2980 2979
f 2979 2980 2990
f 2979 2990 2989
f 2989 2990 3000
f 2989 3000 2999
f 2999 3000 3010
f 2999 3010 3009
f 2965 2971 2970
f 2966 3010 3011
f 2970 2971 2981
f 2970 2981 2980
f 2980 2981 2991
f 2980 2991 2990
f 2990 2991 3001
f 2990 3001 3000
f 3000 3001 3011
f 3000 3011 3010
f 2965 2972 2971
f 2966 3011 3012
f 2971 2972 2982
f 2971 2982 2981
f 2981 2982 2992
f 2981 2992 2991
f 2991 2992 3002
f 2991 3002 3001
f 3001 3002 3012
f 3001 3012 3011
f 2965 2973 2972
f 2966 3012 3013
f 2972 2973 2983
f 2972 2983 2982
f 2982 2983 2993
f 2982 2993 2992
f 2992 2993 3003
f 2992 3003 3002
f 3002 3003 3013
f 3002 3013 3012
f 2965 2974 2973
f 2966 3013 3014
f 2973 2974 2984
f 2973 2984 2983
f 2983 2984 2994
f 2983 2994 2993
f 2993 2994 3004
f 2993 3004 3003
f 3003 3004 3014
f 3003 3014 3013
f 2965 2975 2974
f 2966 3014 3015
f 2974 2975 2985
f 2974 2985 2984
f 2984 2985 2995
f 2984 2995 2994
f 2994 2995 3005
f 2994 3005 3004
f 3004 3005 3015
f 3004 3015 3014
f 2965 2976 2975
f 2966 3015 3016
f 2975 2976 2986
f 2975 2986 2985
f 2985 2986 2996
f 2985 2996 2995
f 2995 2996 3006
f 2995 3006 3005
f 3005 3006 3016
f 3005 3016 3015
f 2965 2967 2976
f 2966 3016 3007
f 2976 2967 2977
f 2976 2977 2986
f 2986 2977 2987
f 2986 2987 2996
f 2996 2987 2997
f 2996 2997 3006
f 3006 2997 3007
f 3006 3007 3016
o Tusk_9
usemtl color_58
s off
v 3.176800 0.494881 -11.606678
v 3.176800 -0.578481 -11.257922
v 3.414538 0.422980 -11.583316
v 3.369134 0.476601 -11.418287
v 3.250265 0.509740 -11.316294
v 3.103335 0.509740 -11.316294
v 2.984466 0.476601 -11.418287
v 2.939062 0.422980 -11.583316
v 2.984466 0.369358 -11.748345
v 3.103335 0.336219 -11.850338
v 3.250265 0.336219 -11.850338
v 3.369134 0.369358 -11.748345
v 3.588573 0.226541 -11.519489
v 3.509932 0.319415 -11.233651
v 3.304045 0.376815 -11.056993
v 3.049555 0.376815 -11.056993
v 2.843668 0.319415 -11.233651
v 2.765027 0.226541 -11.519489
v 2.843668 0.133666 -11.805327
v 3.049555 0.076267 -11.981985
v 3.304045 0.076267 -11.981985
v 3.509932 0.133666 -11.805327
v 3.652275 -0.041800 -11.432300
v 3.561467 0.065442 -11.102242
v 3.323730 0.131722 -10.898256
v 3.029870 0.131722 -10.898256
v 2.792133 0.065442 -11.102242
v 2.701325 -0.041800 -11.432300
v 2.792133 -0.149042 -11.762358
v 3.029870 -0.215322 -11.966344
v 3.323730 -0.215322 -11.966344
v 3.561467 -0.149042 -11.762358
v 3.588573 -0.310141 -11.345111
v 3.509932 -0.217266 -11.059273
v 3.304045 -0.159867 -10.882615
v 3.049555 -0.159867 -10.882615
v 2.843668 -0.217266 -11.059273
v 2.765027 -0.310141 -11.345111
v 2.843668 -0.403015 -11.630949
v 3.049555 -0.460415 -11.807607
v 3.304045 -0.460415 -11.807607
v 3.509932 -0.403015 -11.630949
v 3.414538 -0.506580 -11.281284
v 3.369134 -0.452958 -11.116255
v 3.250265 -0.419819 -11.014262
v 3.103335 -0.419819 -11.014262
v 2.984466 -0.452958 -11.116255
v 2.939062 -0.506580 -11.281284
v 2.984466 -0.560201 -11.446313
v 3.103335 -0.593340 -11.548306
v 3.250265 -0.593340 -11.548306
v 3.369134 -0.560201 -11.446313
f 3017 3020 3019
f 3018 3059 3060
f 3019 3020 3030
f 3019 3030 3029
f 3029 3030 3040
f 3029 3040 3039
f 3039 3040 3050
f 3039 3050 3049
f 3049 3050 3060
f 3049 3060 3059
f 3017 3021 3020
f 3018 3060 3061
f 3020 3021 3031
f 3020 3031 3030
f 3030 3031 3041
f 3030 3041 3040
f 3040 3041 3051
f 3040 3051 3050
f 3050 3051 3061
f 3050 3061 3060
f 3017 3022 3021
f 3018 3061 3062
f 3021 3022 3032
f 3021 3032 3031
f 3031 3032 3042
f 3031 3042 3041
f 3041 3042 3052
f 3041 3052 3051
f 3051 3052 3062
f 3051 3062 3061
f 3017 3023 3022
f 3018 3062 3063
f 3022 3023 3033
f 3022 3033 3032
f 3032 3033 3043
f 3032 3043 3042
f 3042 3043 3053
f 3042 3053 3052
f 3052 3053 3063
f 3052 3063 3062
f 3017 3024 3023
f 3018 3063 3064
f 3023 3024 3034
f 3023 3034 3033
f 3033 3034 3044
f 3033 3044 3043
f 3043 3044 3054
f 3043 3054 3053
f 3053 3054 3064
f 3053 3064 3063
f 3017 3025 3024
f 3018 3064 3065
f 3024 3025 3035
f 3024 3035 3034
f 3034 3035 3045
f 3034 3045 3044
f 3044 3045 3055
f 3044 3055 3054
f 3054 3055 3065
f 3054 3065 3064
f 3017 3026 3025
f 3018 3065 3066
f 3025 3026 3036
f 3025 3036 3035
f 3035 3036 3046
f 3035 3046 3045
f 3045 3046 3056
f 3045 3056 3055
f 3055 3056 3066
f 3055 3066 3065
f 3017 3027 3026
f 3018 3066 3067
f 3026 3027 3037
f 3026 3037 3036
f 3036 3037 3047
f 3036 3047 3046
f 3046 3047 3057
f 3046 3057 3056
f 3056 3057 3067
f 3056 3067 3066
f 3017 3028 3027
f 3018 3067 3068
f 3027 3028 3038
f 3027 3038 3037
f 3037 3038 3048
f 3037 3048 3047
f 3047 3048 3058
f 3047 3058 3057
f 3057 3058 3068
f 3057 3068 3067
f 3017 3019 3028
f 3018 3068 3059
f 3028 3019 3029
f 3028 3029 3038
f 3038 3029 3039
f 3038 3039 3048
f 3048 3039 3049
f 3048 3049 3058
f 3058 3049 3059
f 3058 3059 3068
o Tusk_10
usemtl color_59
s off
v 3.323100 0.944231 -12.150078
v 3.323100 -0.129131 -11.801322
v 3.522956 0.872330 -12.126716
v 3.484787 0.919307 -11.982133
v 3.384859 0.948341 -11.892776
v 3.261341 0.948341 -11.892776
v 3.161413 0.919307 -11.982133
v 3.123244 0.872330 -12.126716
v 3.161413 0.825352 -12.271299
v 3.261341 0.796318 -12.360656
v 3.384859 0.796318 -12.360656
v 3.484787 0.825352 -12.271299
v 3.669261 0.675891 -12.062889
v 3.603150 0.757259 -11.812464
v 3.430070 0.807547 -11.657693
v 3.216130 0.807547 -11.657693
v 3.043050 0.757259 -11.812464
v 2.976939 0.675891 -12.062889
v 3.043050 0.594523 -12.313314
v 3.216130 0.544235 -12.468085
v 3.430070 0.544235 -12.468085
v 3.603150 0.594523 -12.313314
v 3.722812 0.407550 -11.975700
v 3.646474 0.501506 -11.686534
v 3.446618 0.559573 -11.507820
v 3.199582 0.559573 -11.507820
v 2.999726 0.501506 -11.686534
v 2.923387 0.407550 -11.975700
v 2.999726 0.313594 -12.264866
v 3.199582 0.255527 -12.443580
v 3.446618 0.255527 -12.443580
v 3.646474 0.313594 -12.264866
v 3.669261 0.139209 -11.888511
v 3.603150 0.220577 -11.638086
v 3.430070 0.270865 -11.483315
v 3.216130 0.270865 -11.483315
v 3.043050 0.220577 -11.638086
v 2.976939 0.139209 -11.888511
v 3.043050 0.057841 -12.138936
v 3.216130 0.007553 -12.293707
v 3.430070 0.007553 -12.293707
v 3.603150 0.057841 -12.138936
v 3.522956 -0.057230 -11.824684
v 3.484787 -0.010252 -11.680101
v 3.384859 0.018782 -11.590744
v 3.261341 0.018782 -11.590744
v 3.161413 -0.010252 -11.680101
v 3.123244 -0.057230 -11.824684
v 3.161413 -0.104207 -11.969267
v 3.261341 -0.133241 -12.058624
v 3.384859 -0.133241 -12.058624
v 3.484787 -0.104207 -11.969267
f 3069 3072 3071
f 3070 3111 3112
f 3071 3072 3082
f 3071 3082 3081
f 3081 3082 3092
f 3081 3092 3091
f 3091 3092 3102
f 3091 3102 3101
f 3101 3102 3112
f 3101 3112 3111
f 3069 3073 3072
f 3070 3112 3113
f 3072 3073 3083
f 3072 3083 3082
f 3082 3083 3093
f 3082 3093 3092
f 3092 3093 3103
f 3092 3103 3102
f 3102 3103 3113
f 3102 3113 3112
f 3069 3074 3073
f 3070 3113 3114
f 3073 3074 3084
f 3073 3084 3083
f 3083 3084 3094
f 3083 3094 3093
f 3093 3094 3104
f 3093 3104 3103
f 3103 3104 3114
f 3103 3114 3113
f 3069 3075 3074
f 3070 3114 3115
f 3074 3075 3085
f 3074 3085 3084
f 3084 3085 3095
f 3084 3095 3094
f 3094 3095 3105
f 3094 3105 3104
f 3104 3105 3115
f 3104 3115 3114
f 3069 3076 3075
f 3070 3115 3116
f 3075 3076 3086
f 3075 3086 3085
f 3085 3086 3096
f 3085 3096 3095
f 3095 3096 3106
f 3095 3106 3105
f 3105 3106 3116
f 3105 3116 3115
f 3069 3077 3076
f 3070 3116 3117
f 3076 3077 3087
f 3076 3087 3086
f 3086 3087 3097
f 3086 3097 3096
f 3096 3097 3107
f 3096 3107 3106
f 3106 3107 3117
f 3106 3117 3116
f 3069 3078 3077
f 3070 3117 3118
f 3077 3078 3088
f 3077 3088 3087
f 3087 3088 3098
f 3087 3098 3097
f 3097 3098 3108
f 3097 3108 3107
f 3107 3108 3118
f 3107 3118 3117
f 3069 3079 3078
f 3070 3118 3119
f 3078 3079 3089
f 3078 3089 3088
f 3088 3089 3099
f 3088 3099 3098
f 3098 3099 3109
f 3098 3109 3108
f 3108 3109 3119
f 3108 3119 3118
f 3069 3080 3079
f 3070 3119 3120
f 3079 3080 3090
f 3079 3090 3089
f 3089 3090 3100
f 3089 3100 3099
f 3099 3100 3110
f 3099 3110 3109
f 3109 3110 3120
f 3109 3120 3119
f 3069 3071 3080
f 3070 3120 3111
f 3080 3071 3081
f 3080 3081 3090
f 3090 3081 3091
f 3090 3091 3100
f 3100 3091 3101
f 3100 3101 3110
f 3110 3101 3111
f 3110 3111 3120
o Tusk_11
usemtl color_60
s off
v 3.469400 1.393581 -12.693478
v 3.469400 0.320219 -12.344722
v 3.631375 1.321680 -12.670116
v 3.600441 1.362014 -12.545979
v 3.519453 1.386942 -12.469259
v 3.419347 1.386942 -12.469259
v 3.338359 1.362014 -12.545979
v 3.307425 1.321680 -12.670116
v 3.338359 1.281345 -12.794253
v 3.419347 1.256417 -12.870973
v 3.519453 1.256417 -12.870973
v 3.600441 1.281345 -12.794253
v 3.749949 1.125241 -12.606289
v 3.696369 1.195102 -12.391278
v 3.556094 1.238279 -12.258394
v 3.382706 1.238279 -12.258394
v 3.242431 1.195102 -12.391278
v 3.188851 1.125241 -12.606289
v 3.242431 1.055379 -12.821300
v 3.382706 1.012203 -12.954184
v 3.556094 1.012203 -12.954184
v 3.696369 1.055379 -12.821300
v 3.793350 0.856900 -12.519100
v 3.731481 0.937569 -12.270827
v 3.569506 0.987425 -12.117385
v 3.369294 0.987425 -12.117385
v 3.207319 0.937569 -12.270827
v 3.145450 0.856900 -12.519100
v 3.207319 0.776231 -12.767373
v 3.369294 0.726375 -12.920815
v 3.569506 0.726375 -12.920815
v 3.731481 0.776231 -12.767373
v 3.749949 0.588559 -12.431911
v 3.696369 0.658421 -12.216900
v 3.556094 0.701597 -12.084016
v 3.382706 0.701597 -12.084016
v 3.242431 0.658421 -12.216900
v 3.188851 0.588559 -12.431911
v 3.242431 0.518698 -12.646922
v 3.382706 0.475521 -12.779806
v 3.556094 0.475521 -12.779806
v 3.696369 0.518698 -12.646922
v 3.631375 0.392120 -12.368084
v 3.600441 0.432455 -12.243947
v 3.519453 0.457383 -12.167227
v 3.419347 0.457383 -12.167227
v 3.338359 0.432455 -12.243947
v 3.307425 0.392120 -12.368084
v 3.338359 0.351786 -12.492221
v 3.419347 0.326858 -12.568941
v 3.519453 0.326858 -12.568941
v 3.600441 0.351786 -12.492221
f 3121 3124 3123
f 3122 3163 3164
f 3123 3124 3134
f 3123 3134 3133
f 3133 3134 3144
f 3133 3144 3143
f 3143 3144 3154
f 3143 3154 3153
f 3153 3154 3164
f 3153 3164 3163
f 3121 3125 3124
f 3122 3164 3165
f 3124 3125 3135
f 3124 3135 3134
f 3134 3135 3145
f 3134 3145 3144
f 3144 3145 3155
f 3144 3155 3154
f 3154 3155 3165
f 3154 3165 3164
f 3121 3126 3125
f 3122 3165 3166
f 3125 3126 3136
f 3125 3136 3135
f 3135 3136 3146
f 3135 3146 3145
f 3145 3146 3156
f 3145 3156 3155
f 3155 3156 3166
f 3155 3166 3165
f 3121 3127 3126
f 3122 3166 3167
f 3126 3127 3137
f 3126 3137 3136
f 3136 3137 3147
f 3136 3147 3146
f 3146 3147 3157
f 3146 3157 3156
f 3156 3157 3167
f 3156 3167 3166
f 3121 3128 3127
f 3122 3167 3168
f 3127 3128 3138
f 3127 3138 3137
f 3137 3138 3148
f 3137 3148 3147
f 3147 3148 3158
f 3147 3158 3157
f 3157 3158 3168
f 3157 3168 3167
f 3121 3129 3128
f 3122 3168 3169
f 3128 3129 3139
f 3128 3139 3138
f 3138 3139 3149
f 3138 3149 3148
f 3148 3149 3159
f 3148 3159 3158
f 3158 3159 3169
f 3158 3169 3168
f 3121 3130 3129
f 3122 3169 3170
f 3129 3130 3140
f 3129 3140 3139
f 3139 3140 3150
f 3139 3150 3149
f 3149 3150 3160
f 3149 3160 3159
f 3159 3160 3170
f 3159 3170 3169
f 3121 3131 3130
f 3122 3170 3171
f 3130 3131 3141
f 3130 3141 3140
f 3140 3141 3151
f 3140 3151 3150
f 3150 3151 3161
f 3150 3161 3160
f 3160 3161 3171
f 3160 3171 3170
f 3121 3132 3131
f 3122 3171 3172
f 3131 3132 3142
f 3131 3142 3141
f 3141 3142 3152
f 3141 3152 3151
f 3151 3152 3162
f 3151 3162 3161
f 3161 3162 3172
f 3161 3172 3171
f 3121 3123 3132
f 3122 3172 3163
f 3132 3123 3133
f 3132 3133 3142
f 3142 3133 3143
f 3142 3143 3152
f 3152 3143 3153
f 3152 3153 3162
f 3162 3153 3163
f 3162 3163 3172
o Tusk_12
usemtl color_61
s off
v 3.615700 1.842931 -13.236878
v 3.615700 0.769569 -12.888122
v 3.739794 1.771030 -13.213516
v 3.716094 1.804721 -13.109825
v 3.654047 1.825543 -13.045741
v 3.577353 1.825543 -13.045741
v 3.515306 1.804721 -13.109825
v 3.491606 1.771030 -13.213516
v 3.515306 1.737338 -13.317207
v 3.577353 1.716516 -13.381291
v 3.654047 1.716516 -13.381291
v 3.716094 1.737338 -13.317207
v 3.830637 1.574591 -13.149689
v 3.789587 1.632945 -12.970092
v 3.682119 1.669011 -12.859094
v 3.549281 1.669011 -12.859094
v 3.441813 1.632945 -12.970092
v 3.400763 1.574591 -13.149689
v 3.441813 1.516236 -13.329287
v 3.549281 1.480171 -13.440284
v 3.682119 1.480171 -13.440284
v 3.789587 1.516236 -13.329287
v 3.863887 1.306250 -13.062500
v 3.816488 1.373632 -12.855119
v 3.692394 1.415277 -12.726950
v 3.539006 1.415277 -12.726950
v 3.414912 1.373632 -12.855119
v 3.367513 1.306250 -13.062500
v 3.414912 1.238868 -13.269881
v 3.539006 1.197223 -13.398050
v 3.692394 1.197223 -13.398050
v 3.816488 1.238868 -13.269881
v 3.830637 1.037909 -12.975311
v 3.789587 1.096264 -12.795713
v 3.682119 1.132329 -12.684716
v 3.549281 1.132329 -12.684716
v 3.441813 1.096264 -12.795713
v 3.400763 1.037909 -12.975311
v 3.441813 0.979555 -13.154908
v 3.549281 0.943489 -13.265906
v 3.682119 0.943489 -13.265906
v 3.789587 0.979555 -13.154908
v 3.739794 0.841470 -12.911484
v 3.716094 0.875162 -12.807793
v 3.654047 0.895984 -12.743709
v 3.577353 0.895984 -12.743709
v 3.515306 0.875162 -12.807793
v 3.491606 0.841470 -12.911484
v 3.515306 0.807779 -13.015175
v 3.577353 0.786957 -13.079259
v 3.654047 0.786957 -13.079259
v 3.716094 0.807779 -13.015175
f 3173 3176 3175
f 3174 3215 3216
f 3175 3176 3186
f 3175 3186 3185
f 3185 3186 3196
f 3185 3196 3195
f 3195 3196 3206
f 3195 3206 3205
f 3205 3206 3216
f 3205 3216 3215
f 3173 3177 3176
f 3174 3216 3217
f 3176 3177 3187
f 3176 3187 3186
f 3186 3187 3197
f 3186 3197 3196
f 3196 3197 3207
f 3196 3207 3206
f 3206 3207 3217
f 3206 3217 3216
f 3173 3178 3177
f 3174 3217 3218
f 3177 3178 3188
f 3177 3188 3187
f 3187 3188 3198
f 3187 3198 3197
f 3197 3198 3208
f 3197 3208 3207
f 3207 3208 3218
f 3207 3218 3217
f 3173 3179 3178
f 3174 3218 3219
f 3178 3179 3189
f 3178 3189 3188
f 3188 3189 3199
f 3188 3199 3198
f 3198 3199 3209
f 3198 3209 3208
f 3208 3209 3219
f 3208 3219 3218
f 3173 3180 3179
f 3174 3219 3220
f 3179 3180 3190
f 3179 3190 3189
f 3189 3190 3200
f 3189 3200 3199
f 3199 3200 3210
f 3199 3210 3209
f 3209 3210 3220
f 3209 3220 3219
f 3173 3181 3180
f 3174 3220 3221
f 3180 3181 3191
f 3180 3191 3190
f 3190 3191 3201
f 3190 3201 3200
f 3200 3201 3211
f 3200 3211 3210
f 3210 3211 3221
f 3210 3221 3220
f 3173 3182 3181
f 3174 3221 3222
f 3181 3182 3192
f 3181 3192 3191
f 3191 3192 3202
f 3191 3202 3201
f 3201 3202 3212
f 3201 3212 3211
f 3211 3212 3222
f 3211 3222 3221
f 3173 3183 3182
f 3174 3222 3223
f 3182 3183 3193
f 3182 3193 3192
f 3192 3193 3203
f 3192 3203 3202
f 3202 3203 3213
f 3202 3213 3212
f 3212 3213 3223
f 3212 3223 3222
f 3173 3184 3183
f 3174 3223 3224
f 3183 3184 3194
f 3183 3194 3193
f 3193 3194 3204
f 3193 3204 3203
f 3203 3204 3214
f 3203 3214 3213
f 3213 3214 3224
f 3213 3224 3223
f 3173 3175 3184
f 3174 3224 3215
f 3184 3175 3185
f 3184 3185 3194
f 3194 3185 3195
f 3194 3195 3204
f 3204 3195 3205
f 3204 3205 3214
f 3214 3205 3215
f 3214 3215 3224
o Tusk_13
usemtl color_62
s off
v 3.762000 2.292281 -13.780278
v 3.762000 1.218919 -13.431522
v 3.848213 2.220380 -13.756916
v 3.831747 2.247427 -13.673671
v 3.788641 2.264144 -13.622223
v 3.735359 2.264144 -13.622223
v 3.692253 2.247427 -13.673671
v 3.675788 2.220380 -13.756916
v 3.692253 2.193332 -13.840161
v 3.735359 2.176615 -13.891609
v 3.788641 2.176615 -13.891609
v 3.831747 2.193332 -13.840161
v 3.911324 2.023941 -13.693089
v 3.882806 2.070789 -13.548905
v 3.808144 2.099743 -13.459795
v 3.715856 2.099743 -13.459795
v 3.641194 2.070789 -13.548905
v 3.612676 2.023941 -13.693089
v 3.641194 1.977092 -13.837273
v 3.715856 1.948139 -13.926384
v 3.808144 1.948139 -13.926384
v 3.882806 1.977092 -13.837273
v 3.934425 1.755600 -13.605900
v 3.901495 1.809696 -13.439411
v 3.815282 1.843129 -13.336515
v 3.708718 1.843129 -13.336515
v 3.622505 1.809696 -13.439411
v 3.589575 1.755600 -13.605900
v 3.622505 1.701504 -13.772389
v 3.708718 1.668071 -13.875285
v 3.815282 1.668071 -13.875285
v 3.901495 1.701504 -13.772389
v 3.911324 1.487259 -13.518711
v 3.882806 1.534108 -13.374527
v 3.808144 1.563061 -13.285416
v 3.715856 1.563061 -13.285416
v 3.641194 1.534108 -13.374527
v 3.612676 1.487259 -13.518711
v 3.641194 1.440411 -13.662895
v 3.715856 1.411457 -13.752005
v 3.808144 1.411457 -13.752005
v 3.882806 1.440411 -13.662895
v 3.848213 1.290820 -13.454884
v 3.831747 1.317868 -13.371639
v 3.788641 1.334585 -13.320191
v 3.735359 1.334585 -13.320191
v 3.692253 1.317868 -13.371639
v 3.675788 1.290820 -13.454884
v 3.692253 1.263773 -13.538129
v 3.735359 1.247056 -13.589577
v 3.788641 1.247056 -13.589577
v 3.831747 1.263773 -13.538129
f 3225 3228 3227
f 3226 3267 3268
f 3227 3228 3238
f 3227 3238 3237
f 3237 3238 3248
f 3237 3248 3247
f 3247 3248 3258
f 3247 3258 3257
f 3257 3258 3268
f 3257 3268 3267
f 3225 3229 3228
f 3226 3268 3269
f 3228 3229 3239
f 3228 3239 3238
f 3238 3239 3249
f 3238 3249 3248
f 3248 3249 3259
f 3248 3259 3258
f 3258 3259 3269
f 3258 3269 3268
f 3225 3230 3229
f 3226 3269 3270
f 3229 3230 3240
f 3229 3240 3239
f 3239 3240 3250
f 3239 3250 3249
f 3249 3250 3260
f 3249 3260 3259
f 3259 3260 3270
f 3259 3270 3269
f 3225 3231 3230
f 3226 3270 3271
f 3230 3231 3241
f 3230 3241 3240
f 3240 3241 3251
f 3240 3251 3250
f 3250 3251 3261
f 3250 3261 3260
f 3260 3261 3271
f 3260 3271 3270
f 3225 3232 3231
f 3226 3271 3272
f 3231 3232 3242
f 3231 3242 3241
f 3241 3242 3252
f 3241 3252 3251
f 3251 3252 3262
f 3251 3262 3261
f 3261 3262 3272
f 3261 3272 3271
f 3225 3233 3232
f 3226 3272 3273
f 3232 3233 3243
f 3232 3243 3242
f 3242 3243 3253
f 3242 3253 3252
f 3252 3253 3263
f 3252 3263 3262
f 3262 3263 3273
f 3262 3273 3272
f 3225 3234 3233
f 3226 3273 3274
f 3233 3234 3244
f 3233 3244 3243
f 3243 3244 3254
f 3243 3254 3253
f 3253 3254 3264
f 3253 3264 3263
f 3263 3264 3274
f 3263 3274 3273
f 3225 3235 3234
f 3226 3274 3275
f 3234 3235 3245
f 3234 3245 3244
f 3244 3245 3255
f 3244 3255 3254
f 3254 3255 3265
f 3254 3265 3264
f 3264 3265 3275
f 3264 3275 3274
f 3225 3236 3235
f 3226 3275 3276
f 3235 3236 3246
f 3235 3246 3245
f 3245 3246 3256
f 3245 3256 3255
f 3255 3256 3266
f 3255 3266 3265
f 3265 3266 3276
f 3265 3276 3275
f 3225 3227 3236
f 3226 3276 3267
f 3236 3227 3237
f 3236 3237 3246
f 3246 3237 3247
f 3246 3247 3256
f 3256 3247 3257
f 3256 3257 3266
f 3266 3257 3267
f 3266 3267 3276
o StonePlate
usemtl color_63
s off
v -5.797169 3.519668 -3.363806
v -6.429331 -1.137068 -3.533194
v -5.554639 3.166276 -3.298821
v -5.781932 3.174193 -2.668179
v -6.031220 3.194917 -2.307577
v -6.207284 3.220534 -2.354753
v -6.242873 3.241259 -2.791687
v -6.124393 3.249175 -3.451486
v -5.897100 3.241259 -4.082128
v -5.647812 3.220534 -4.442730
v -5.471748 3.194917 -4.395554
v -5.436159 3.174193 -3.958619
v -5.461788 2.283692 -3.273941
v -5.855471 2.297403 -2.181637
v -6.287251 2.333299 -1.557057
v -6.592202 2.377669 -1.638768
v -6.653844 2.413565 -2.395561
v -6.448631 2.427276 -3.538365
v -6.054949 2.413565 -4.630669
v -5.623169 2.377669 -5.255250
v -5.318217 2.333299 -5.173538
v -5.256575 2.297403 -4.416746
v -5.543496 1.108402 -3.295835
v -5.998082 1.124234 -2.034551
v -6.496658 1.165683 -1.313347
v -6.848785 1.216917 -1.407699
v -6.919964 1.258366 -2.281568
v -6.683004 1.274198 -3.601165
v -6.228418 1.258366 -4.862449
v -5.729842 1.216917 -5.583653
v -5.377715 1.165683 -5.489301
v -5.306536 1.124234 -4.615432
v -5.777869 -0.044676 -3.358635
v -6.171551 -0.030965 -2.266331
v -6.603331 0.004931 -1.641750
v -6.908283 0.049301 -1.723462
v -6.969925 0.085197 -2.480254
v -6.764712 0.098908 -3.623059
v -6.371029 0.085197 -4.715363
v -5.939249 0.049301 -5.339943
v -5.634298 0.004931 -5.258232
v -5.572656 -0.030965 -4.501439
v -6.102107 -0.866575 -3.445514
v -6.329400 -0.858659 -2.814872
v -6.578688 -0.837934 -2.454270
v -6.754752 -0.812317 -2.501446
v -6.790341 -0.791593 -2.938381
v -6.671861 -0.783676 -3.598179
v -6.444568 -0.791593 -4.228821
v -6.195280 -0.812317 -4.589423
v -6.019216 -0.837934 -4.542247
v -5.983627 -0.858659 -4.105313
f 3277 3280 3279
f 3278 3319 3320
f 3279 3280 3290
f 3279 3290 3289
f 3289 3290 3300
f 3289 3300 3299
f 3299 3300 3310
f 3299 3310 3309
f 3309 3310 3320
f 3309 3320 3319
f 3277 3281 3280
f 3278 3320 3321
f 3280 3281 3291
f 3280 3291 3290
f 3290 3291 3301
f 3290 3301 3300
f 3300 3301 3311
f 3300 3311 3310
f 3310 3311 3321
f 3310 3321 3320
f 3277 3282 3281
f 3278 3321 3322
f 3281 3282 3292
f 3281 3292 3291
f 3291 3292 3302
f 3291 3302 3301
f 3301 3302 3312
f 3301 3312 3311
f 3311 3312 3322
f 3311 3322 3321
f 3277 3283 3282
f 3278 3322 3323
f 3282 3283 3293
f 3282 3293 3292
f 3292 3293 3303
f 3292 3303 3302
f 3302 3303 3313
f 3302 3313 3312
f 3312 3313 3323
f 3312 3323 3322
f 3277 3284 3283
f 3278 3323 3324
f 3283 3284 3294
f 3283 3294 3293
f 3293 3294 3304
f 3293 3304 3303
f 3303 3304 3314
f 3303 3314 3313
f 3313 3314 3324
f 3313 3324 3323
f 3277 3285 3284
f 3278 3324 3325
f 3284 3285 3295
f 3284 3295 3294
f 3294 3295 3305
f 3294 3305 3304
f 3304 3305 3315
f 3304 3315 3314
f 3314 3315 3325
f 3314 3325 3324
f 3277 3286 3285
f 3278 3325 3326
f 3285 3286 3296
f 3285 3296 3295
f 3295 3296 3306
f 3295 3306 3305
f 3305 3306 3316
f 3305 3316 3315
f 3315 3316 3326
f 3315 3326 3325
f 3277 3287 3286
f 3278 3326 3327
f 3286 3287 3297
f 3286 3297 3296
f 3296 3297 3307
f 3296 3307 3306
f 3306 3307 3317
f 3306 3317 3316
f 3316 3317 3327
f 3316 3327 3326
f 3277 3288 3287
f 3278 3327 3328
f 3287 3288 3298
f 3287 3298 3297
f 3297 3298 3308
f 3297 3308 3307
f 3307 3308 3318
f 3307 3318 3317
f 3317 3318 3328
f 3317 3328 3327
f 3277 3279 3288
f 3278 3328 3319
f 3288 3279 3289
f 3288 3289 3298
f 3298 3289 3299
f 3298 3299 3308
f 3308 3299 3309
f 3308 3309 3318
f 3318 3309 3319
f 3318 3319 3328
o StonePlate_1
usemtl color_64
s off
v 5.797169 3.519668 -3.363806
v 6.429331 -1.137068 -3.533194
v 6.124393 3.249175 -3.451486
v 6.242873 3.241259 -2.791687
v 6.207284 3.220534 -2.354753
v 6.031220 3.194917 -2.307577
v 5.781932 3.174193 -2.668179
v 5.554639 3.166276 -3.298821
v 5.436159 3.174193 -3.958619
v 5.471748 3.194917 -4.395554
v 5.647812 3.220534 -4.442730
v 5.897100 3.241259 -4.082128
v 6.448631 2.427276 -3.538365
v 6.653844 2.413565 -2.395561
v 6.592202 2.377669 -1.638768
v 6.287251 2.333299 -1.557057
v 5.855471 2.297403 -2.181637
v 5.461788 2.283692 -3.273941
v 5.256575 2.297403 -4.416746
v 5.318217 2.333299 -5.173538
v 5.623169 2.377669 -5.255250
v 6.054949 2.413565 -4.630669
v 6.683004 1.274198 -3.601165
v 6.919964 1.258366 -2.281568
v 6.848785 1.216917 -1.407699
v 6.496658 1.165683 -1.313347
v 5.998082 1.124234 -2.034551
v 5.543496 1.108402 -3.295835
v 5.306536 1.124234 -4.615432
v 5.377715 1.165683 -5.489301
v 5.729842 1.216917 -5.583653
v 6.228418 1.258366 -4.862449
v 6.764712 0.098908 -3.623059
v 6.969925 0.085197 -2.480254
v 6.908283 0.049301 -1.723462
v 6.603331 0.004931 -1.641750
v 6.171551 -0.030965 -2.266331
v 5.777869 -0.044676 -3.358635
v 5.572656 -0.030965 -4.501439
v 5.634298 0.004931 -5.258232
v 5.939249 0.049301 -5.339943
v 6.371029 0.085197 -4.715363
v 6.671861 -0.783676 -3.598179
v 6.790341 -0.791593 -2.938381
v 6.754752 -0.812317 -2.501446
v 6.578688 -0.837934 -2.454270
v 6.329400 -0.858659 -2.814872
v 6.102107 -0.866575 -3.445514
v 5.983627 -0.858659 -4.105313
v 6.019216 -0.837934 -4.542247
v 6.195280 -0.812317 -4.589423
v 6.444568 -0.791593 -4.228821
f 3329 3332 3331
f 3330 3371 3372
f 3331 3332 3342
f 3331 3342 3341
f 3341 3342 3352
f 3341 3352 3351
f 3351 3352 3362
f 3351 3362 3361
f 3361 3362 3372
f 3361 3372 3371
f 3329 3333 3332
f 3330 3372 3373
f 3332 3333 3343
f 3332 3343 3342
f 3342 3343 3353
f 3342 3353 3352
f 3352 3353 3363
f 3352 3363 3362
f 3362 3363 3373
f 3362 3373 3372
f 3329 3334 3333
f 3330 3373 3374
f 3333 3334 3344
f 3333 3344 3343
f 3343 3344 3354
f 3343 3354 3353
f 3353 3354 3364
f 3353 3364 3363
f 3363 3364 3374
f 3363 3374 3373
f 3329 3335 3334
f 3330 3374 3375
f 3334 3335 3345
f 3334 3345 3344
f 3344 3345 3355
f 3344 3355 3354
f 3354 3355 3365
f 3354 3365 3364
f 3364 3365 3375
f 3364 3375 3374
f 3329 3336 3335
f 3330 3375 3376
f 3335 3336 3346
f 3335 3346 3345
f 3345 3346 3356
f 3345 3356 3355
f 3355 3356 3366
f 3355 3366 3365
f 3365 3366 3376
f 3365 3376 3375
f 3329 3337 3336
f 3330 3376 3377
f 3336 3337 3347
f 3336 3347 3346
f 3346 3347 3357
f 3346 3357 3356
f 3356 3357 3367
f 3356 3367 3366
f 3366 3367 3377
f 3366 3377 3376
f 3329 3338 3337
f 3330 3377 3378
f 3337 3338 3348
f 3337 3348 3347
f 3347 3348 3358
f 3347 3358 3357
f 3357 3358 3368
f 3357 3368 3367
f 3367 3368 3378
f 3367 3378 3377
f 3329 3339 3338
f 3330 3378 3379
f 3338 3339 3349
f 3338 3349 3348
f 3348 3349 3359
f 3348 3359 3358
f 3358 3359 3369
f 3358 3369 3368
f 3368 3369 3379
f 3368 3379 3378
f 3329 3340 3339
f 3330 3379 3380
f 3339 3340 3350
f 3339 3350 3349
f 3349 3350 3360
f 3349 3360 3359
f 3359 3360 3370
f 3359 3370 3369
f 3369 3370 3380
f 3369 3380 3379
f 3329 3331 3340
f 3330 3380 3371
f 3340 3331 3341
f 3340 3341 3350
f 3350 3341 3351
f 3350 3351 3360
f 3360 3351 3361
f 3360 3361 3370
f 3370 3361 3371
f 3370 3371 3380
o StonePlate_2
usemtl color_65
s off
v -5.797169 4.047270 -1.106606
v -6.429331 -0.609465 -1.275994
v -5.554639 3.693879 -1.041621
v -5.781932 3.701795 -0.410979
v -6.031220 3.722519 -0.050377
v -6.207284 3.748136 -0.097553
v -6.242873 3.768861 -0.534487
v -6.124393 3.776777 -1.194286
v -5.897100 3.768861 -1.824928
v -5.647812 3.748136 -2.185530
v -5.471748 3.722519 -2.138354
v -5.436159 3.701795 -1.701419
v -5.461788 2.811294 -1.016741
v -5.855471 2.825005 0.075563
v -6.287251 2.860901 0.700143
v -6.592202 2.905271 0.618432
v -6.653844 2.941167 -0.138361
v -6.448631 2.954878 -1.281165
v -6.054949 2.941167 -2.373469
v -5.623169 2.905271 -2.998050
v -5.318217 2.860901 -2.916338
v -5.256575 2.825005 -2.159546
v -5.543496 1.636004 -1.038635
v -5.998082 1.651836 0.222649
v -6.496658 1.693285 0.943853
v -6.848785 1.744519 0.849501
v -6.919964 1.785969 -0.024368
v -6.683004 1.801801 -1.343965
v -6.228418 1.785969 -2.605249
v -5.729842 1.744519 -3.326453
v -5.377715 1.693285 -3.232101
v -5.306536 1.651836 -2.358232
v -5.777869 0.482926 -1.101435
v -6.171551 0.496637 -0.009131
v -6.603331 0.532533 0.615450
v -6.908283 0.576903 0.533738
v -6.969925 0.612799 -0.223054
v -6.764712 0.626511 -1.365859
v -6.371029 0.612799 -2.458163
v -5.939249 0.576903 -3.082743
v -5.634298 0.532533 -3.001032
v -5.572656 0.496637 -2.244239
v -6.102107 -0.338973 -1.188314
v -6.329400 -0.331056 -0.557672
v -6.578688 -0.310332 -0.197070
v -6.754752 -0.284715 -0.244246
v -6.790341 -0.263990 -0.681181
v -6.671861 -0.256074 -1.340979
v -6.444568 -0.263990 -1.971621
v -6.195280 -0.284715 -2.332223
v -6.019216 -0.310332 -2.285047
v -5.983627 -0.331056 -1.848113
f 3381 3384 3383
f 3382 3423 3424
f 3383 3384 3394
f 3383 3394 3393
f 3393 3394 3404
f 3393 3404 3403
f 3403 3404 3414
f 3403 3414 3413
f 3413 3414 3424
f 3413 3424 3423
f 3381 3385 3384
f 3382 3424 3425
f 3384 3385 3395
f 3384 3395 3394
f 3394 3395 3405
f 3394 3405 3404
f 3404 3405 3415
f 3404 3415 3414
f 3414 3415 3425
f 3414 3425 3424
f 3381 3386 3385
f 3382 3425 3426
f 3385 3386 3396
f 3385 3396 3395
f 3395 3396 3406
f 3395 3406 3405
f 3405 3406 3416
f 3405 3416 3415
f 3415 3416 3426
f 3415 3426 3425
f 3381 3387 3386
f 3382 3426 3427
f 3386 3387 3397
f 3386 3397 3396
f 3396 3397 3407
f 3396 3407 3406
f 3406 3407 3417
f 3406 3417 3416
f 3416 3417 3427
f 3416 3427 3426
f 3381 3388 3387
f 3382 3427 3428
f 3387 3388 3398
f 3387 3398 3397
f 3397 3398 3408
f 3397 3408 3407
f 3407 3408 3418
f 3407 3418 3417
f 3417 3418 3428
f 3417 3428 3427
f 3381 3389 3388
f 3382 3428 3429
f 3388 3389 3399
f 3388 3399 3398
f 3398 3399 3409
f 3398 3409 3408
f 3408 3409 3419
f 3408 3419 3418
f 3418 3419 3429
f 3418 3429 3428
f 3381 3390 3389
f 3382 3429 3430
f 3389 3390 3400
f 3389 3400 3399
f 3399 3400 3410
f 3399 3410 3409
f 3409 3410 3420
f 3409 3420 3419
f 3419 3420 3430
f 3419 3430 3429
f 3381 3391 3390
f 3382 3430 3431
f 3390 3391 3401
f 3390 3401 3400
f 3400 3401 3411
f 3400 3411 3410
f 3410 3411 3421
f 3410 3421 3420
f 3420 3421 3431
f 3420 3431 3430
f 3381 3392 3391
f 3382 3431 3432
f 3391 3392 3402
f 3391 3402 3401
f 3401 3402 3412
f 3401 3412 3411
f 3411 3412 3422
f 3411 3422 3421
f 3421 3422 3432
f 3421 3432 3431
f 3381 3383 3392
f 3382 3432 3423
f 3392 3383 3393
f 3392 3393 3402
f 3402 3393 3403
f 3402 3403 3412
f 3412 3403 3413
f 3412 3413 3422
f 3422 3413 3423
f 3422 3423 3432
o StonePlate_3
usemtl color_66
s off
v 5.797169 4.047270 -1.106606
v 6.429331 -0.609465 -1.275994
v 6.124393 3.776777 -1.194286
v 6.242873 3.768861 -0.534487
v 6.207284 3.748136 -0.097553
v 6.031220 3.722519 -0.050377
v 5.781932 3.701795 -0.410979
v 5.554639 3.693879 -1.041621
v 5.436159 3.701795 -1.701419
v 5.471748 3.722519 -2.138354
v 5.647812 3.748136 -2.185530
v 5.897100 3.768861 -1.824928
v 6.448631 2.954878 -1.281165
v 6.653844 2.941167 -0.138361
v 6.592202 2.905271 0.618432
v 6.287251 2.860901 0.700143
v 5.855471 2.825005 0.075563
v 5.461788 2.811294 -1.016741
v 5.256575 2.825005 -2.159546
v 5.318217 2.860901 -2.916338
v 5.623169 2.905271 -2.998050
v 6.054949 2.941167 -2.373469
v 6.683004 1.801801 -1.343965
v 6.919964 1.785969 -0.024368
v 6.848785 1.744519 0.849501
v 6.496658 1.693285 0.943853
v 5.998082 1.651836 0.222649
v 5.543496 1.636004 -1.038635
v 5.306536 1.651836 -2.358232
v 5.377715 1.693285 -3.232101
v 5.729842 1.744519 -3.326453
v 6.228418 1.785969 -2.605249
v 6.764712 0.626511 -1.365859
v 6.969925 0.612799 -0.223054
v 6.908283 0.576903 0.533738
v 6.603331 0.532533 0.615450
v 6.171551 0.496637 -0.009131
v 5.777869 0.482926 -1.101435
v 5.572656 0.496637 -2.244239
v 5.634298 0.532533 -3.001032
v 5.939249 0.576903 -3.082743
v 6.371029 0.612799 -2.458163
v 6.671861 -0.256074 -1.340979
v 6.790341 -0.263990 -0.681181
v 6.754752 -0.284715 -0.244246
v 6.578688 -0.310332 -0.197070
v 6.329400 -0.331056 -0.557672
v 6.102107 -0.338973 -1.188314
v 5.983627 -0.331056 -1.848113
v 6.019216 -0.310332 -2.285047
v 6.195280 -0.284715 -2.332223
v 6.444568 -0.263990 -1.971621
f 3433 3436 3435
f 3434 3475 3476
f 3435 3436 3446
f 3435 3446 3445
f 3445 3446 3456
f 3445 3456 3455
f 3455 3456 3466
f 3455 3466 3465
f 3465 3466 3476
f 3465 3476 3475
f 3433 3437 3436
f 3434 3476 3477
f 3436 3437 3447
f 3436 3447 3446
f 3446 3447 3457
f 3446 3457 3456
f 3456 3457 3467
f 3456 3467 3466
f 3466 3467 3477
f 3466 3477 3476
f 3433 3438 3437
f 3434 3477 3478
f 3437 3438 3448
f 3437 3448 3447
f 3447 3448 3458
f 3447 3458 3457
f 3457 3458 3468
f 3457 3468 3467
f 3467 3468 3478
f 3467 3478 3477
f 3433 3439 3438
f 3434 3478 3479
f 3438 3439 3449
f 3438 3449 3448
f 3448 3449 3459
f 3448 3459 3458
f 3458 3459 3469
f 3458 3469 3468
f 3468 3469 3479
f 3468 3479 3478
f 3433 3440 3439
f 3434 3479 3480
f 3439 3440 3450
f 3439 3450 3449
f 3449 3450 3460
f 3449 3460 3459
f 3459 3460 3470
f 3459 3470 3469
f 3469 3470 3480
f 3469 3480 3479
f 3433 3441 3440
f 3434 3480 3481
f 3440 3441 3451
f 3440 3451 3450
f 3450 3451 3461
f 3450 3461 3460
f 3460 3461 3471
f 3460 3471 3470
f 3470 3471 3481
f 3470 3481 3480
f 3433 3442 3441
f 3434 3481 3482
f 3441 3442 3452
f 3441 3452 3451
f 3451 3452 3462
f 3451 3462 3461
f 3461 3462 3472
f 3461 3472 3471
f 3471 3472 3482
f 3471 3482 3481
f 3433 3443 3442
f 3434 3482 3483
f 3442 3443 3453
f 3442 3453 3452
f 3452 3453 3463
f 3452 3463 3462
f 3462 3463 3473
f 3462 3473 3472
f 3472 3473 3483
f 3472 3483 3482
f 3433 3444 3443
f 3434 3483 3484
f 3443 3444 3454
f 3443 3454 3453
f 3453 3454 3464
f 3453 3464 3463
f 3463 3464 3474
f 3463 3474 3473
f 3473 3474 3484
f 3473 3484 3483
f 3433 3435 3444
f 3434 3484 3475
f 3444 3435 3445
f 3444 3445 3454
f 3454 3445 3455
f 3454 3455 3464
f 3464 3455 3465
f 3464 3465 3474
f 3474 3465 3475
f 3474 3475 3484
o StonePlate_4
usemtl color_67
s off
v -5.797169 4.089797 1.150594
v -6.429331 -0.566938 0.981206
v -5.554639 3.736406 1.215579
v -5.781932 3.744322 1.846221
v -6.031220 3.765047 2.206823
v -6.207284 3.790664 2.159647
v -6.242873 3.811388 1.722713
v -6.124393 3.819304 1.062914
v -5.897100 3.811388 0.432272
v -5.647812 3.790664 0.071670
v -5.471748 3.765047 0.118846
v -5.436159 3.744322 0.555781
v -5.461788 2.853821 1.240459
v -5.855471 2.867532 2.332763
v -6.287251 2.903428 2.957343
v -6.592202 2.947798 2.875632
v -6.653844 2.983694 2.118839
v -6.448631 2.997406 0.976035
v -6.054949 2.983694 -0.116269
v -5.623169 2.947798 -0.740850
v -5.318217 2.903428 -0.659138
v -5.256575 2.867532 0.097654
v -5.543496 1.678531 1.218565
v -5.998082 1.694363 2.479849
v -6.496658 1.735812 3.201053
v -6.848785 1.787047 3.106701
v -6.919964 1.828496 2.232832
v -6.683004 1.844328 0.913235
v -6.228418 1.828496 -0.348049
v -5.729842 1.787047 -1.069253
v -5.377715 1.735812 -0.974901
v -5.306536 1.694363 -0.101032
v -5.777869 0.525453 1.155765
v -6.171551 0.539165 2.248069
v -6.603331 0.575061 2.872650
v -6.908283 0.619431 2.790938
v -6.969925 0.655327 2.034146
v -6.764712 0.669038 0.891341
v -6.371029 0.655327 -0.200963
v -5.939249 0.619431 -0.825543
v -5.634298 0.575061 -0.743832
v -5.572656 0.539165 0.012961
v -6.102107 -0.296445 1.068886
v -6.329400 -0.288529 1.699528
v -6.578688 -0.267805 2.060130
v -6.754752 -0.242188 2.012954
v -6.790341 -0.221463 1.576019
v -6.671861 -0.213547 0.916221
v -6.444568 -0.221463 0.285579
v -6.195280 -0.242188 -0.075023
v -6.019216 -0.267805 -0.027847
v -5.983627 -0.288529 0.409087
f 3485 3488 3487
f 3486 3527 3528
f 3487 3488 3498
f 3487 3498 3497
f 3497 3498 3508
f 3497 3508 3507
f 3507 3508 3518
f 3507 3518 3517
f 3517 3518 3528
f 3517 3528 3527
f 3485 3489 3488
f 3486 3528 3529
f 3488 3489 3499
f 3488 3499 3498
f 3498 3499 3509
f 3498 3509 3508
f 3508 3509 3519
f 3508 3519 3518
f 3518 3519 3529
f 3518 3529 3528
f 3485 3490 3489
f 3486 3529 3530
f 3489 3490 3500
f 3489 3500 3499
f 3499 3500 3510
f 3499 3510 3509
f 3509 3510 3520
f 3509 3520 3519
f 3519 3520 3530
f 3519 3530 3529
f 3485 3491 3490
f 3486 3530 3531
f 3490 3491 3501
f 3490 3501 3500
f 3500 3501 3511
f 3500 3511 3510
f 3510 3511 3521
f 3510 3521 3520
f 3520 3521 3531
f 3520 3531 3530
f 3485 3492 3491
f 3486 3531 3532
f 3491 3492 3502
f 3491 3502 3501
f 3501 3502 3512
f 3501 3512 3511
f 3511 3512 3522
f 3511 3522 3521
f 3521 3522 3532
f 3521 3532 3531
f 3485 3493 3492
f 3486 3532 3533
f 3492 3493 3503
f 3492 3503 3502
f 3502 3503 3513
f 3502 3513 3512
f 3512 3513 3523
f 3512 3523 3522
f 3522 3523 3533
f 3522 3533 3532
f 3485 3494 3493
f 3486 3533 3534
f 3493 3494 3504
f 3493 3504 3503
f 3503 3504 3514
f 3503 3514 3513
f 3513 3514 3524
f 3513 3524 3523
f 3523 3524 3534
f 3523 3534 3533
f 3485 3495 3494
f 3486 3534 3535
f 3494 3495 3505
f 3494 3505 3504
f 3504 3505 3515
f 3504 3515 3514
f 3514 3515 3525
f 3514 3525 3524
f 3524 3525 3535
f 3524 3535 3534
f 3485 3496 3495
f 3486 3535 3536
f 3495 3496 3506
f 3495 3506 3505
f 3505 3506 3516
f 3505 3516 3515
f 3515 3516 3526
f 3515 3526 3525
f 3525 3526 3536
f 3525 3536 3535
f 3485 3487 3496
f 3486 3536 3527
f 3496 3487 3497
f 3496 3497 3506
f 3506 3497 3507
f 3506 3507 3516
f 3516 3507 3517
f 3516 3517 3526
f 3526 3517 3527
f 3526 3527 3536
o StonePlate_5
usemtl color_68
s off
v 5.797169 4.089797 1.150594
v 6.429331 -0.566938 0.981206
v 6.124393 3.819304 1.062914
v 6.242873 3.811388 1.722713
v 6.207284 3.790664 2.159647
v 6.031220 3.765047 2.206823
v 5.781932 3.744322 1.846221
v 5.554639 3.736406 1.215579
v 5.436159 3.744322 0.555781
v 5.471748 3.765047 0.118846
v 5.647812 3.790664 0.071670
v 5.897100 3.811388 0.432272
v 6.448631 2.997406 0.976035
v 6.653844 2.983694 2.118839
v 6.592202 2.947798 2.875632
v 6.287251 2.903428 2.957343
v 5.855471 2.867532 2.332763
v 5.461788 2.853821 1.240459
v 5.256575 2.867532 0.097654
v 5.318217 2.903428 -0.659138
v 5.623169 2.947798 -0.740850
v 6.054949 2.983694 -0.116269
v 6.683004 1.844328 0.913235
v 6.919964 1.828496 2.232832
v 6.848785 1.787047 3.106701
v 6.496658 1.735812 3.201053
v 5.998082 1.694363 2.479849
v 5.543496 1.678531 1.218565
v 5.306536 1.694363 -0.101032
v 5.377715 1.735812 -0.974901
v 5.729842 1.787047 -1.069253
v 6.228418 1.828496 -0.348049
v 6.764712 0.669038 0.891341
v 6.969925 0.655327 2.034146
v 6.908283 0.619431 2.790938
v 6.603331 0.575061 2.872650
v 6.171551 0.539165 2.248069
v 5.777869 0.525453 1.155765
v 5.572656 0.539165 0.012961
v 5.634298 0.575061 -0.743832
v 5.939249 0.619431 -0.825543
v 6.371029 0.655327 -0.200963
v 6.671861 -0.213547 0.916221
v 6.790341 -0.221463 1.576019
v 6.754752 -0.242188 2.012954
v 6.578688 -0.267805 2.060130
v 6.329400 -0.288529 1.699528
v 6.102107 -0.296445 1.068886
v 5.983627 -0.288529 0.409087
v 6.019216 -0.267805 -0.027847
v 6.195280 -0.242188 -0.075023
v 6.444568 -0.221463 0.285579
f 3537 3540 3539
f 3538 3579 3580
f 3539 3540 3550
f 3539 3550 3549
f 3549 3550 3560
f 3549 3560 3559
f 3559 3560 3570
f 3559 3570 3569
f 3569 3570 3580
f 3569 3580 3579
f 3537 3541 3540
f 3538 3580 3581
f 3540 3541 3551
f 3540 3551 3550
f 3550 3551 3561
f 3550 3561 3560
f 3560 3561 3571
f 3560 3571 3570
f 3570 3571 3581
f 3570 3581 3580
f 3537 3542 3541
f 3538 3581 3582
f 3541 3542 3552
f 3541 3552 3551
f 3551 3552 3562
f 3551 3562 3561
f 3561 3562 3572
f 3561 3572 3571
f 3571 3572 3582
f 3571 3582 3581
f 3537 3543 3542
f 3538 3582 3583
f 3542 3543 3553
f 3542 3553 3552
f 3552 3553 3563
f 3552 3563 3562
f 3562 3563 3573
f 3562 3573 3572
f 3572 3573 3583
f 3572 3583 3582
f 3537 3544 3543
f 3538 3583 3584
f 3543 3544 3554
f 3543 3554 3553
f 3553 3554 3564
f 3553 3564 3563
f 3563 3564 3574
f 3563 3574 3573
f 3573 3574 3584
f 3573 3584 3583
f 3537 3545 3544
f 3538 3584 3585
f 3544 3545 3555
f 3544 3555 3554
f 3554 3555 3565
f 3554 3565 3564
f 3564 3565 3575
f 3564 3575 3574
f 3574 3575 3585
f 3574 3585 3584
f 3537 3546 3545
f 3538 3585 3586
f 3545 3546 3556
f 3545 3556 3555
f 3555 3556 3566
f 3555 3566 3565
f 3565 3566 3576
f 3565 3576 3575
f 3575 3576 3586
f 3575 3586 3585
f 3537 3547 3546
f 3538 3586 3587
f 3546 3547 3557
f 3546 3557 3556
f 3556 3557 3567
f 3556 3567 3566
f 3566 3567 3577
f 3566 3577 3576
f 3576 3577 3587
f 3576 3587 3586
f 3537 3548 3547
f 3538 3587 3588
f 3547 3548 3558
f 3547 3558 3557
f 3557 3558 3568
f 3557 3568 3567
f 3567 3568 3578
f 3567 3578 3577
f 3577 3578 3588
f 3577 3588 3587
f 3537 3539 3548
f 3538 3588 3579
f 3548 3539 3549
f 3548 3549 3558
f 3558 3549 3559
f 3558 3559 3568
f 3568 3559 3569
f 3568 3569 3578
f 3578 3569 3579
f 3578 3579 3588
o StonePlate_6
usemtl color_69
s off
v -5.797169 3.608150 3.407794
v -6.429331 -1.048586 3.238406
v -5.554639 3.254759 3.472779
v -5.781932 3.262675 4.103421
v -6.031220 3.283399 4.464023
v -6.207284 3.309016 4.416847
v -6.242873 3.329741 3.979913
v -6.124393 3.337657 3.320114
v -5.897100 3.329741 2.689472
v -5.647812 3.309016 2.328870
v -5.471748 3.283399 2.376046
v -5.436159 3.262675 2.812981
v -5.461788 2.372174 3.497659
v -5.855471 2.385885 4.589963
v -6.287251 2.421781 5.214543
v -6.592202 2.466151 5.132832
v -6.653844 2.502047 4.376039
v -6.448631 2.515758 3.233235
v -6.054949 2.502047 2.140931
v -5.623169 2.466151 1.516350
v -5.318217 2.421781 1.598062
v -5.256575 2.385885 2.354854
v -5.543496 1.196884 3.475765
v -5.998082 1.212716 4.737049
v -6.496658 1.254165 5.458253
v -6.848785 1.305399 5.363901
v -6.919964 1.346849 4.490032
v -6.683004 1.362681 3.170435
v -6.228418 1.346849 1.909151
v -5.729842 1.305399 1.187947
v -5.377715 1.254165 1.282299
v -5.306536 1.212716 2.156168
v -5.777869 0.043806 3.412965
v -6.171551 0.057517 4.505269
v -6.603331 0.093413 5.129850
v -6.908283 0.137783 5.048138
v -6.969925 0.173679 4.291346
v -6.764712 0.187391 3.148541
v -6.371029 0.173679 2.056237
v -5.939249 0.137783 1.431657
v -5.634298 0.093413 1.513368
v -5.572656 0.057517 2.270161
v -6.102107 -0.778093 3.326086
v -6.329400 -0.770177 3.956728
v -6.578688 -0.749452 4.317330
v -6.754752 -0.723835 4.270154
v -6.790341 -0.703110 3.833219
v -6.671861 -0.695194 3.173421
v -6.444568 -0.703110 2.542779
v -6.195280 -0.723835 2.182177
v -6.019216 -0.749452 2.229353
v -5.983627 -0.770177 2.666287
f 3589 3592 3591
f 3590 3631 3632
f 3591 3592 3602
f 3591 3602 3601
f 3601 3602 3612
f 3601 3612 3611
f 3611 3612 3622
f 3611 3622 3621
f 3621 3622 3632
f 3621 3632 3631
f 3589 3593 3592
f 3590 3632 3633
f 3592 3593 3603
f 3592 3603 3602
f 3602 3603 3613
f 3602 3613 3612
f 3612 3613 3623
f 3612 3623 3622
f 3622 3623 3633
f 3622 3633 3632
f 3589 3594 3593
f 3590 3633 3634
f 3593 3594 3604
f 3593 3604 3603
f 3603 3604 3614
f 3603 3614 3613
f 3613 3614 3624
f 3613 3624 3623
f 3623 3624 3634
f 3623 3634 3633
f 3589 3595 3594
f 3590 3634 3635
f 3594 3595 3605
f 3594 3605 3604
f 3604 3605 3615
f 3604 3615 3614
f 3614 3615 3625
f 3614 3625 3624
f 3624 3625 3635
f 3624 3635 3634
f 3589 3596 3595
f 3590 3635 3636
f 3595 3596 3606
f 3595 3606 3605
f 3605 3606 3616
f 3605 3616 3615
f 3615 3616 3626
f 3615 3626 3625
f 3625 3626 3636
f 3625 3636 3635
f 3589 3597 3596
f 3590 3636 3637
f 3596 3597 3607
f 3596 3607 3606
f 3606 3607 3617
f 3606 3617 3616
f 3616 3617 3627
f 3616 3627 3626
f 3626 3627 3637
f 3626 3637 3636
f 3589 3598 3597
f 3590 3637 3638
f 3597 3598 3608
f 3597 3608 3607
f 3607 3608 3618
f 3607 3618 3617
f 3617 3618 3628
f 3617 3628 3627
f 3627 3628 3638
f 3627 3638 3637
f 3589 3599 3598
f 3590 3638 3639
f 3598 3599 3609
f 3598 3609 3608
f 3608 3609 3619
f 3608 3619 3618
f 3618 3619 3629
f 3618 3629 3628
f 3628 3629 3639
f 3628 3639 3638
f 3589 3600 3599
f 3590 3639 3640
f 3599 3600 3610
f 3599 3610 3609
f 3609 3610 3620
f 3609 3620 3619
f 3619 3620 3630
f 3619 3630 3629
f 3629 3630 3640
f 3629 3640 3639
f 3589 3591 3600
f 3590 3640 3631
f 3600 3591 3601
f 3600 3601 3610
f 3610 3601 3611
f 3610 3611 3620
f 3620 3611 3621
f 3620 3621 3630
f 3630 3621 3631
f 3630 3631 3640
o StonePlate_7
usemtl color_70
s off
v 5.797169 3.608150 3.407794
v 6.429331 -1.048586 3.238406
v 6.124393 3.337657 3.320114
v 6.242873 3.329741 3.979913
v 6.207284 3.309016 4.416847
v 6.031220 3.283399 4.464023
v 5.781932 3.262675 4.103421
v 5.554639 3.254759 3.472779
v 5.436159 3.262675 2.812981
v 5.471748 3.283399 2.376046
v 5.647812 3.309016 2.328870
v 5.897100 3.329741 2.689472
v 6.448631 2.515758 3.233235
v 6.653844 2.502047 4.376039
v 6.592202 2.466151 5.132832
v 6.287251 2.421781 5.214543
v 5.855471 2.385885 4.589963
v 5.461788 2.372174 3.497659
v 5.256575 2.385885 2.354854
v 5.318217 2.421781 1.598062
v 5.623169 2.466151 1.516350
v 6.054949 2.502047 2.140931
v 6.683004 1.362681 3.170435
v 6.919964 1.346849 4.490032
v 6.848785 1.305399 5.363901
v 6.496658 1.254165 5.458253
v 5.998082 1.212716 4.737049
v 5.543496 1.196884 3.475765
v 5.306536 1.212716 2.156168
v 5.377715 1.254165 1.282299
v 5.729842 1.305399 1.187947
v 6.228418 1.346849 1.909151
v 6.764712 0.187391 3.148541
v 6.969925 0.173679 4.291346
v 6.908283 0.137783 5.048138
v 6.603331 0.093413 5.129850
v 6.171551 0.057517 4.505269
v 5.777869 0.043806 3.412965
v 5.572656 0.057517 2.270161
v 5.634298 0.093413 1.513368
v 5.939249 0.137783 1.431657
v 6.371029 0.173679 2.056237
v 6.671861 -0.695194 3.173421
v 6.790341 -0.703110 3.833219
v 6.754752 -0.723835 4.270154
v 6.578688 -0.749452 4.317330
v 6.329400 -0.770177 3.956728
v 6.102107 -0.778093 3.326086
v 5.983627 -0.770177 2.666287
v 6.019216 -0.749452 2.229353
v 6.195280 -0.723835 2.182177
v 6.444568 -0.703110 2.542779
f 3641 3644 3643
f 3642 3683 3684
f 3643 3644 3654
f 3643 3654 3653
f 3653 3654 3664
f 3653 3664 3663
f 3663 3664 3674
f 3663 3674 3673
f 3673 3674 3684
f 3673 3684 3683
f 3641 3645 3644
f 3642 3684 3685
f 3644 3645 3655
f 3644 3655 3654
f 3654 3655 3665
f 3654 3665 3664
f 3664 3665 3675
f 3664 3675 3674
f 3674 3675 3685
f 3674 3685 3684
f 3641 3646 3645
f 3642 3685 3686
f 3645 3646 3656
f 3645 3656 3655
f 3655 3656 3666
f 3655 3666 3665
f 3665 3666 3676
f 3665 3676 3675
f 3675 3676 3686
f 3675 3686 3685
f 3641 3647 3646
f 3642 3686 3687
f 3646 3647 3657
f 3646 3657 3656
f 3656 3657 3667
f 3656 3667 3666
f 3666 3667 3677
f 3666 3677 3676
f 3676 3677 3687
f 3676 3687 3686
f 3641 3648 3647
f 3642 3687 3688
f 3647 3648 3658
f 3647 3658 3657
f 3657 3658 3668
f 3657 3668 3667
f 3667 3668 3678
f 3667 3678 3677
f 3677 3678 3688
f 3677 3688 3687
f 3641 3649 3648
f 3642 3688 3689
f 3648 3649 3659
f 3648 3659 3658
f 3658 3659 3669
f 3658 3669 3668
f 3668 3669 3679
f 3668 3679 3678
f 3678 3679 3689
f 3678 3689 3688
f 3641 3650 3649
f 3642 3689 3690
f 3649 3650 3660
f 3649 3660 3659
f 3659 3660 3670
f 3659 3670 3669
f 3669 3670 3680
f 3669 3680 3679
f 3679 3680 3690
f 3679 3690 3689
f 3641 3651 3650
f 3642 3690 3691
f 3650 3651 3661
f 3650 3661 3660
f 3660 3661 3671
f 3660 3671 3670
f 3670 3671 3681
f 3670 3681 3680
f 3680 3681 3691
f 3680 3691 3690
f 3641 3652 3651
f 3642 3691 3692
f 3651 3652 3662
f 3651 3662 3661
f 3661 3662 3672
f 3661 3672 3671
f 3671 3672 3682
f 3671 3682 3681
f 3681 3682 3692
f 3681 3692 3691
f 3641 3643 3652
f 3642 3692 3683
f 3652 3643 3653
f 3652 3653 3662
f 3662 3653 3663
f 3662 3663 3672
f 3672 3663 3673
f 3672 3673 3682
f 3682 3673 3683
f 3682 3683 3692
o StonePlate_8
usemtl color_71
s off
v -5.797169 3.045153 5.664994
v -6.429331 -1.611583 5.495606
v -5.554639 2.691761 5.729979
v -5.781932 2.699677 6.360621
v -6.031220 2.720402 6.721223
v -6.207284 2.746019 6.674047
v -6.242873 2.766744 6.237113
v -6.124393 2.774660 5.577314
v -5.897100 2.766744 4.946672
v -5.647812 2.746019 4.586070
v -5.471748 2.720402 4.633246
v -5.436159 2.699677 5.070181
v -5.461788 1.809177 5.754859
v -5.855471 1.822888 6.847163
v -6.287251 1.858784 7.471743
v -6.592202 1.903154 7.390032
v -6.653844 1.939050 6.633239
v -6.448631 1.952761 5.490435
v -6.054949 1.939050 4.398131
v -5.623169 1.903154 3.773550
v -5.318217 1.858784 3.855262
v -5.256575 1.822888 4.612054
v -5.543496 0.633886 5.732965
v -5.998082 0.649719 6.994249
v -6.496658 0.691168 7.715453
v -6.848785 0.742402 7.621101
v -6.919964 0.783851 6.747232
v -6.683004 0.799683 5.427635
v -6.228418 0.783851 4.166351
v -5.729842 0.742402 3.445147
v -5.377715 0.691168 3.539499
v -5.306536 0.649719 4.413368
v -5.777869 -0.519191 5.670165
v -6.171551 -0.505480 6.762469
v -6.603331 -0.469584 7.387050
v -6.908283 -0.425214 7.305338
v -6.969925 -0.389318 6.548546
v -6.764712 -0.375607 5.405741
v -6.371029 -0.389318 4.313437
v -5.939249 -0.425214 3.688857
v -5.634298 -0.469584 3.770568
v -5.572656 -0.505480 4.527361
v -6.102107 -1.341090 5.583286
v -6.329400 -1.333174 6.213928
v -6.578688 -1.312449 6.574530
v -6.754752 -1.286832 6.527354
v -6.790341 -1.266108 6.090419
v -6.671861 -1.258192 5.430621
v -6.444568 -1.266108 4.799979
v -6.195280 -1.286832 4.439377
v -6.019216 -1.312449 4.486553
v -5.983627 -1.333174 4.923487
f 3693 3696 3695
f 3694 3735 3736
f 3695 3696 3706
f 3695 3706 3705
f 3705 3706 3716
f 3705 3716 3715
f 3715 3716 3726
f 3715 3726 3725
f 3725 3726 3736
f 3725 3736 3735
f 3693 3697 3696
f 3694 3736 3737
f 3696 3697 3707
f 3696 3707 3706
f 3706 3707 3717
f 3706 3717 3716
f 3716 3717 3727
f 3716 3727 3726
f 3726 3727 3737
f 3726 3737 3736
f 3693 3698 3697
f 3694 3737 3738
f 3697 3698 3708
f 3697 3708 3707
f 3707 3708 3718
f 3707 3718 3717
f 3717 3718 3728
f 3717 3728 3727
f 3727 3728 3738
f 3727 3738 3737
f 3693 3699 3698
f 3694 3738 3739
f 3698 3699 3709
f 3698 3709 3708
f 3708 3709 3719
f 3708 3719 3718
f 3718 3719 3729
f 3718 3729 3728
f 3728 3729 3739
f 3728 3739 3738
f 3693 3700 3699
f 3694 3739 3740
f 3699 3700 3710
f 3699 3710 3709
f 3709 3710 3720
f 3709 3720 3719
f 3719 3720 3730
f 3719 3730 3729
f 3729 3730 3740
f 3729 3740 3739
f 3693 3701 3700
f 3694 3740 3741
f 3700 3701 3711
f 3700 3711 3710
f 3710 3711 3721
f 3710 3721 3720
f 3720 3721 3731
f 3720 3731 3730
f 3730 3731 3741
f 3730 3741 3740
f 3693 3702 3701
f 3694 3741 3742
f 3701 3702 3712
f 3701 3712 3711
f 3711 3712 3722
f 3711 3722 3721
f 3721 3722 3732
f 3721 3732 3731
f 3731 3732 3742
f 3731 3742 3741
f 3693 3703 3702
f 3694 3742 3743
f 3702 3703 3713
f 3702 3713 3712
f 3712 3713 3723
f 3712 3723 3722
f 3722 3723 3733
f 3722 3733 3732
f 3732 3733 3743
f 3732 3743 3742
f 3693 3704 3703
f 3694 3743 3744
f 3703 3704 3714
f 3703 3714 3713
f 3713 3714 3724
f 3713 3724 3723
f 3723 3724 3734
f 3723 3734 3733
f 3733 3734 3744
f 3733 3744 3743
f 3693 3695 3704
f 3694 3744 3735
f 3704 3695 3705
f 3704 3705 3714
f 3714 3705 3715
f 3714 3715 3724
f 3724 3715 3725
f 3724 3725 3734
f 3734 3725 3735
f 3734 3735 3744
o StonePlate_9
usemtl color_72
s off
v 5.797169 3.045153 5.664994
v 6.429331 -1.611583 5.495606
v 6.124393 2.774660 5.577314
v 6.242873 2.766744 6.237113
v 6.207284 2.746019 6.674047
v 6.031220 2.720402 6.721223
v 5.781932 2.699677 6.360621
v 5.554639 2.691761 5.729979
v 5.436159 2.699677 5.070181
v 5.471748 2.720402 4.633246
v 5.647812 2.746019 4.586070
v 5.897100 2.766744 4.946672
v 6.448631 1.952761 5.490435
v 6.653844 1.939050 6.633239
v 6.592202 1.903154 7.390032
v 6.287251 1.858784 7.471743
v 5.855471 1.822888 6.847163
v 5.461788 1.809177 5.754859
v 5.256575 1.822888 4.612054
v 5.318217 1.858784 3.855262
v 5.623169 1.903154 3.773550
v 6.054949 1.939050 4.398131
v 6.683004 0.799683 5.427635
v 6.919964 0.783851 6.747232
v 6.848785 0.742402 7.621101
v 6.496658 0.691168 7.715453
v 5.998082 0.649719 6.994249
v 5.543496 0.633886 5.732965
v 5.306536 0.649719 4.413368
v 5.377715 0.691168 3.539499
v 5.729842 0.742402 3.445147
v 6.228418 0.783851 4.166351
v 6.764712 -0.375607 5.405741
v 6.969925 -0.389318 6.548546
v 6.908283 -0.425214 7.305338
v 6.603331 -0.469584 7.387050
v 6.171551 -0.505480 6.762469
v 5.777869 -0.519191 5.670165
v 5.572656 -0.505480 4.527361
v 5.634298 -0.469584 3.770568
v 5.939249 -0.425214 3.688857
v 6.371029 -0.389318 4.313437
v 6.671861 -1.258192 5.430621
v 6.790341 -1.266108 6.090419
v 6.754752 -1.286832 6.527354
v 6.578688 -1.312449 6.574530
v 6.329400 -1.333174 6.213928
v 6.102107 -1.341090 5.583286
v 5.983627 -1.333174 4.923487
v 6.019216 -1.312449 4.486553
v 6.195280 -1.286832 4.439377
v 6.444568 -1.266108 4.799979
f 3745 3748 3747
f 3746 3787 3788
f 3747 3748 3758
f 3747 3758 3757
f 3757 3758 3768
f 3757 3768 3767
f 3767 3768 3778
f 3767 3778 3777
f 3777 3778 3788
f 3777 3788 3787
f 3745 3749 3748
f 3746 3788 3789
f 3748 3749 3759
f 3748 3759 3758
f 3758 3759 3769
f 3758 3769 3768
f 3768 3769 3779
f 3768 3779 3778
f 3778 3779 3789
f 3778 3789 3788
f 3745 3750 3749
f 3746 3789 3790
f 3749 3750 3760
f 3749 3760 3759
f 3759 3760 3770
f 3759 3770 3769
f 3769 3770 3780
f 3769 3780 3779
f 3779 3780 3790
f 3779 3790 3789
f 3745 3751 3750
f 3746 3790 3791
f 3750 3751 3761
f 3750 3761 3760
f 3760 3761 3771
f 3760 3771 3770
f 3770 3771 3781
f 3770 3781 3780
f 3780 3781 3791
f 3780 3791 3790
f 3745 3752 3751
f 3746 3791 3792
f 3751 3752 3762
f 3751 3762 3761
f 3761 3762 3772
f 3761 3772 3771
f 3771 3772 3782
f 3771 3782 3781
f 3781 3782 3792
f 3781 3792 3791
f 3745 3753 3752
f 3746 3792 3793
f 3752 3753 3763
f 3752 3763 3762
f 3762 3763 3773
f 3762 3773 3772
f 3772 3773 3783
f 3772 3783 3782
f 3782 3783 3793
f 3782 3793 3792
f 3745 3754 3753
f 3746 3793 3794
f 3753 3754 3764
f 3753 3764 3763
f 3763 3764 3774
f 3763 3774 3773
f 3773 3774 3784
f 3773 3784 3783
f 3783 3784 3794
f 3783 3794 3793
f 3745 3755 3754
f 3746 3794 3795
f 3754 3755 3765
f 3754 3765 3764
f 3764 3765 3775
f 3764 3775 3774
f 3774 3775 3785
f 3774 3785 3784
f 3784 3785 3795
f 3784 3795 3794
f 3745 3756 3755
f 3746 3795 3796
f 3755 3756 3766
f 3755 3766 3765
f 3765 3766 3776
f 3765 3776 3775
f 3775 3776 3786
f 3775 3786 3785
f 3785 3786 3796
f 3785 3796 3795
f 3745 3747 3756
f 3746 3796 3787
f 3756 3747 3757
f 3756 3757 3766
f 3766 3757 3767
f 3766 3767 3776
f 3776 3767 3777
f 3776 3777 3786
f 3786 3777 3787
f 3786 3787 3796
o MeadowGrass
usemtl color_73
s off
v -1.214813 5.329500 -6.598120
v -2.390437 5.619487 -5.566423
v -2.860688 5.329500 -3.747380
v -1.520475 5.039512 -5.064150
v -1.867219 5.505974 -5.264343
v -2.043693 5.153026 -5.366231
f 3797 3798 3801
f 3798 3797 3802
f 3798 3799 3801
f 3799 3798 3802
f 3799 3800 3801
f 3800 3799 3802
f 3800 3797 3801
f 3797 3800 3802
o MeadowGrassVein
usemtl color_74
s off
v -1.545141 5.507456 -6.218687
v -1.439334 5.436919 -6.157599
v -1.378247 5.559094 -6.122331
v -1.484053 5.629631 -6.183418
v -2.697253 5.507456 -4.223169
v -2.591447 5.436919 -4.162082
v -2.530359 5.559094 -4.126813
v -2.636166 5.629631 -4.187901
f 3803 3806 3805
f 3803 3805 3804
f 3807 3808 3809
f 3807 3809 3810
f 3803 3807 3810
f 3803 3810 3806
f 3804 3805 3809
f 3804 3809 3808
f 3806 3810 3809
f 3806 3809 3805
f 3803 3804 3808
f 3803 3808 3807
o MeadowGrass_1
usemtl color_75
s off
v 1.214813 5.329500 -6.598120
v 1.520475 5.039512 -5.064150
v 2.860688 5.329500 -3.747380
v 2.390437 5.619487 -5.566423
v 1.867219 5.505974 -5.264343
v 2.043693 5.153026 -5.366231
f 3811 3812 3815
f 3812 3811 3816
f 3812 3813 3815
f 3813 3812 3816
f 3813 3814 3815
f 3814 3813 3816
f 3814 3811 3815
f 3811 3814 3816
o MeadowGrassVein_1
usemtl color_76
s off
v 1.439334 5.436919 -6.157599
v 1.545141 5.507456 -6.218687
v 1.484053 5.629631 -6.183418
v 1.378247 5.559094 -6.122331
v 2.591447 5.436919 -4.162082
v 2.697253 5.507456 -4.223169
v 2.636166 5.629631 -4.187901
v 2.530359 5.559094 -4.126813
f 3817 3820 3819
f 3817 3819 3818
f 3821 3822 3823
f 3821 3823 3824
f 3817 3821 3824
f 3817 3824 3820
f 3818 3819 3823
f 3818 3823 3822
f 3820 3824 3823
f 3820 3823 3819
f 3817 3818 3822
f 3817 3822 3821
o MeadowGrass_2
usemtl color_77
s off
v -1.214813 5.329500 -4.779820
v -2.390437 5.619487 -3.748123
v -2.860688 5.329500 -1.929080
v -1.520475 5.039512 -3.245850
v -1.867219 5.505974 -3.446043
v -2.043693 5.153026 -3.547931
f 3825 3826 3829
f 3826 3825 3830
f 3826 3827 3829
f 3827 3826 3830
f 3827 3828 3829
f 3828 3827 3830
f 3828 3825 3829
f 3825 3828 3830
o MeadowGrassVein_2
usemtl color_78
s off
v -1.545141 5.507456 -4.400387
v -1.439334 5.436919 -4.339299
v -1.378247 5.559094 -4.304031
v -1.484053 5.629631 -4.365118
v -2.697253 5.507456 -2.404869
v -2.591447 5.436919 -2.343782
v -2.530359 5.559094 -2.308513
v -2.636166 5.629631 -2.369601
f 3831 3834 3833
f 3831 3833 3832
f 3835 3836 3837
f 3835 3837 3838
f 3831 3835 3838
f 3831 3838 3834
f 3832 3833 3837
f 3832 3837 3836
f 3834 3838 3837
f 3834 3837 3833
f 3831 3832 3836
f 3831 3836 3835
o MeadowGrass_3
usemtl color_79
s off
v 1.214813 5.329500 -4.779820
v 1.520475 5.039512 -3.245850
v 2.860688 5.329500 -1.929080
v 2.390437 5.619487 -3.748123
v 1.867219 5.505974 -3.446043
v 2.043693 5.153026 -3.547931
f 3839 3840 3843
f 3840 3839 3844
f 3840 3841 3843
f 3841 3840 3844
f 3841 3842 3843
f 3842 3841 3844
f 3842 3839 3843
f 3839 3842 3844
o MeadowGrassVein_3
usemtl color_80
s off
v 1.439334 5.436919 -4.339299
v 1.545141 5.507456 -4.400387
v 1.484053 5.629631 -4.365118
v 1.378247 5.559094 -4.304031
v 2.591447 5.436919 -2.343782
v 2.697253 5.507456 -2.404869
v 2.636166 5.629631 -2.369601
v 2.530359 5.559094 -2.308513
f 3845 3848 3847
f 3845 3847 3846
f 3849 3850 3851
f 3849 3851 3852
f 3845 3849 3852
f 3845 3852 3848
f 3846 3847 3851
f 3846 3851 3850
f 3848 3852 3851
f 3848 3851 3847
f 3845 3846 3850
f 3845 3850 3849
o MeadowGrass_4
usemtl color_81
s off
v -1.214813 5.329500 -2.961520
v -2.390437 5.619487 -1.929823
v -2.860688 5.329500 -0.110780
v -1.520475 5.039512 -1.427550
v -1.867219 5.505974 -1.627743
v -2.043693 5.153026 -1.729631
f 3853 3854 3857
f 3854 3853 3858
f 3854 3855 3857
f 3855 3854 3858
f 3855 3856 3857
f 3856 3855 3858
f 3856 3853 3857
f 3853 3856 3858
o MeadowGrassVein_4
usemtl color_82
s off
v -1.545141 5.507456 -2.582087
v -1.439334 5.436919 -2.520999
v -1.378247 5.559094 -2.485731
v -1.484053 5.629631 -2.546818
v -2.697253 5.507456 -0.586569
v -2.591447 5.436919 -0.525482
v -2.530359 5.559094 -0.490213
v -2.636166 5.629631 -0.551301
f 3859 3862 3861
f 3859 3861 3860
f 3863 3864 3865
f 3863 3865 3866
f 3859 3863 3866
f 3859 3866 3862
f 3860 3861 3865
f 3860 3865 3864
f 3862 3866 3865
f 3862 3865 3861
f 3859 3860 3864
f 3859 3864 3863
o MeadowGrass_5
usemtl color_83
s off
v 1.214813 5.329500 -2.961520
v 1.520475 5.039512 -1.427550
v 2.860688 5.329500 -0.110780
v 2.390437 5.619487 -1.929823
v 1.867219 5.505974 -1.627743
v 2.043693 5.153026 -1.729631
f 3867 3868 3871
f 3868 3867 3872
f 3868 3869 3871
f 3869 3868 3872
f 3869 3870 3871
f 3870 3869 3872
f 3870 3867 3871
f 3867 3870 3872
o MeadowGrassVein_5
usemtl color_84
s off
v 1.439334 5.436919 -2.520999
v 1.545141 5.507456 -2.582087
v 1.484053 5.629631 -2.546818
v 1.378247 5.559094 -2.485731
v 2.591447 5.436919 -0.525482
v 2.697253 5.507456 -0.586569
v 2.636166 5.629631 -0.551301
v 2.530359 5.559094 -0.490213
f 3873 3876 3875
f 3873 3875 3874
f 3877 3878 3879
f 3877 3879 3880
f 3873 3877 3880
f 3873 3880 3876
f 3874 3875 3879
f 3874 3879 3878
f 3876 3880 3879
f 3876 3879 3875
f 3873 3874 3878
f 3873 3878 3877
o MeadowGrass_6
usemtl color_85
s off
v -1.214813 5.329500 -1.143220
v -2.390437 5.619487 -0.111523
v -2.860688 5.329500 1.707520
v -1.520475 5.039512 0.390750
v -1.867219 5.505974 0.190557
v -2.043693 5.153026 0.088669
f 3881 3882 3885
f 3882 3881 3886
f 3882 3883 3885
f 3883 3882 3886
f 3883 3884 3885
f 3884 3883 3886
f 3884 3881 3885
f 3881 3884 3886
o MeadowGrassVein_6
usemtl color_86
s off
v -1.545141 5.507456 -0.763787
v -1.439334 5.436919 -0.702699
v -1.378247 5.559094 -0.667431
v -1.484053 5.629631 -0.728518
v -2.697253 5.507456 1.231731
v -2.591447 5.436919 1.292818
v -2.530359 5.559094 1.328087
v -2.636166 5.629631 1.266999
f 3887 3890 3889
f 3887 3889 3888
f 3891 3892 3893
f 3891 3893 3894
f 3887 3891 3894
f 3887 3894 3890
f 3888 3889 3893
f 3888 3893 3892
f 3890 3894 3893
f 3890 3893 3889
f 3887 3888 3892
f 3887 3892 3891
o MeadowGrass_7
usemtl color_87
s off
v 1.214813 5.329500 -1.143220
v 1.520475 5.039512 0.390750
v 2.860688 5.329500 1.707520
v 2.390437 5.619487 -0.111523
v 1.867219 5.505974 0.190557
v 2.043693 5.153026 0.088669
f 3895 3896 3899
f 3896 3895 3900
f 3896 3897 3899
f 3897 3896 3900
f 3897 3898 3899
f 3898 3897 3900
f 3898 3895 3899
f 3895 3898 3900
o MeadowGrassVein_7
usemtl color_88
s off
v 1.439334 5.436919 -0.702699
v 1.545141 5.507456 -0.763787
v 1.484053 5.629631 -0.728518
v 1.378247 5.559094 -0.667431
v 2.591447 5.436919 1.292818
v 2.697253 5.507456 1.231731
v 2.636166 5.629631 1.266999
v 2.530359 5.559094 1.328087
f 3901 3904 3903
f 3901 3903 3902
f 3905 3906 3907
f 3905 3907 3908
f 3901 3905 3908
f 3901 3908 3904
f 3902 3903 3907
f 3902 3907 3906
f 3904 3908 3907
f 3904 3907 3903
f 3901 3902 3906
f 3901 3906 3905
o MeadowGrass_8
usemtl color_89
s off
v -1.214813 5.329500 0.675080
v -2.390437 5.619487 1.706777
v -2.860688 5.329500 3.525820
v -1.520475 5.039512 2.209050
v -1.867219 5.505974 2.008857
v -2.043693 5.153026 1.906969
f 3909 3910 3913
f 3910 3909 3914
f 3910 3911 3913
f 3911 3910 3914
f 3911 3912 3913
f 3912 3911 3914
f 3912 3909 3913
f 3909 3912 3914
o MeadowGrassVein_8
usemtl color_90
s off
v -1.545141 5.507456 1.054513
v -1.439334 5.436919 1.115601
v -1.378247 5.559094 1.150869
v -1.484053 5.629631 1.089782
v -2.697253 5.507456 3.050031
v -2.591447 5.436919 3.111118
v -2.530359 5.559094 3.146387
v -2.636166 5.629631 3.085299
f 3915 3918 3917
f 3915 3917 3916
f 3919 3920 3921
f 3919 3921 3922
f 3915 3919 3922
f 3915 3922 3918
f 3916 3917 3921
f 3916 3921 3920
f 3918 3922 3921
f 3918 3921 3917
f 3915 3916 3920
f 3915 3920 3919
o MeadowGrass_9
usemtl color_91
s off
v 1.214813 5.329500 0.675080
v 1.520475 5.039512 2.209050
v 2.860688 5.329500 3.525820
v 2.390437 5.619487 1.706777
v 1.867219 5.505974 2.008857
v 2.043693 5.153026 1.906969
f 3923 3924 3927
f 3924 3923 3928
f 3924 3925 3927
f 3925 3924 3928
f 3925 3926 3927
f 3926 3925 3928
f 3926 3923 3927
f 3923 3926 3928
o MeadowGrassVein_9
usemtl color_92
s off
v 1.439334 5.436919 1.115601
v 1.545141 5.507456 1.054513
v 1.484053 5.629631 1.089782
v 1.378247 5.559094 1.150869
v 2.591447 5.436919 3.111118
v 2.697253 5.507456 3.050031
v 2.636166 5.629631 3.085299
v 2.530359 5.559094 3.146387
f 3929 3932 3931
f 3929 3931 3930
f 3933 3934 3935
f 3933 3935 3936
f 3929 3933 3936
f 3929 3936 3932
f 3930 3931 3935
f 3930 3935 3934
f 3932 3936 3935
f 3932 3935 3931
f 3929 3930 3934
f 3929 3934 3933
o MeadowGrass_10
usemtl color_93
s off
v -1.214813 5.329500 2.493380
v -2.390437 5.619487 3.525077
v -2.860688 5.329500 5.344120
v -1.520475 5.039512 4.027350
v -1.867219 5.505974 3.827157
v -2.043693 5.153026 3.725269
f 3937 3938 3941
f 3938 3937 3942
f 3938 3939 3941
f 3939 3938 3942
f 3939 3940 3941
f 3940 3939 3942
f 3940 3937 3941
f 3937 3940 3942
o MeadowGrassVein_10
usemtl color_94
s off
v -1.545141 5.507456 2.872813
v -1.439334 5.436919 2.933901
v -1.378247 5.559094 2.969169
v -1.484053 5.629631 2.908082
v -2.697253 5.507456 4.868331
v -2.591447 5.436919 4.929418
v -2.530359 5.559094 4.964687
v -2.636166 5.629631 4.903599
f 3943 3946 3945
f 3943 3945 3944
f 3947 3948 3949
f 3947 3949 3950
f 3943 3947 3950
f 3943 3950 3946
f 3944 3945 3949
f 3944 3949 3948
f 3946 3950 3949
f 3946 3949 3945
f 3943 3944 3948
f 3943 3948 3947
o MeadowGrass_11
usemtl color_95
s off
v 1.214813 5.329500 2.493380
v 1.520475 5.039512 4.027350
v 2.860688 5.329500 5.344120
v 2.390437 5.619487 3.525077
v 1.867219 5.505974 3.827157
v 2.043693 5.153026 3.725269
f 3951 3952 3955
f 3952 3951 3956
f 3952 3953 3955
f 3953 3952 3956
f 3953 3954 3955
f 3954 3953 3956
f 3954 3951 3955
f 3951 3954 3956
o MeadowGrassVein_11
usemtl color_96
s off
v 1.439334 5.436919 2.933901
v 1.545141 5.507456 2.872813
v 1.484053 5.629631 2.908082
v 1.378247 5.559094 2.969169
v 2.591447 5.436919 4.929418
v 2.697253 5.507456 4.868331
v 2.636166 5.629631 4.903599
v 2.530359 5.559094 4.964687
f 3957 3960 3959
f 3957 3959 3958
f 3961 3962 3963
f 3961 3963 3964
f 3957 3961 3964
f 3957 3964 3960
f 3958 3959 3963
f 3958 3963 3962
f 3960 3964 3963
f 3960 3963 3959
f 3957 3958 3962
f 3957 3962 3961
o MeadowGrass_12
usemtl color_97
s off
v -1.214813 5.329500 4.311680
v -2.390437 5.619487 5.343377
v -2.860688 5.329500 7.162420
v -1.520475 5.039512 5.845650
v -1.867219 5.505974 5.645457
v -2.043693 5.153026 5.543569
f 3965 3966 3969
f 3966 3965 3970
f 3966 3967 3969
f 3967 3966 3970
f 3967 3968 3969
f 3968 3967 3970
f 3968 3965 3969
f 3965 3968 3970
o MeadowGrassVein_12
usemtl color_98
s off
v -1.545141 5.507456 4.691113
v -1.439334 5.436919 4.752201
v -1.378247 5.559094 4.787469
v -1.484053 5.629631 4.726382
v -2.697253 5.507456 6.686631
v -2.591447 5.436919 6.747718
v -2.530359 5.559094 6.782987
v -2.636166 5.629631 6.721899
f 3971 3974 3973
f 3971 3973 3972
f 3975 3976 3977
f 3975 3977 3978
f 3971 3975 3978
f 3971 3978 3974
f 3972 3973 3977
f 3972 3977 3976
f 3974 3978 3977
f 3974 3977 3973
f 3971 3972 3976
f 3971 3976 3975
o MeadowGrass_13
usemtl color_99
s off
v 1.214813 5.329500 4.311680
v 1.520475 5.039512 5.845650
v 2.860688 5.329500 7.162420
v 2.390437 5.619487 5.343377
v 1.867219 5.505974 5.645457
v 2.043693 5.153026 5.543569
f 3979 3980 3983
f 3980 3979 3984
f 3980 3981 3983
f 3981 3980 3984
f 3981 3982 3983
f 3982 3981 3984
f 3982 3979 3983
f 3979 3982 3984
o MeadowGrassVein_13
usemtl color_100
s off
v 1.439334 5.436919 4.752201
v 1.545141 5.507456 4.691113
v 1.484053 5.629631 4.726382
v 1.378247 5.559094 4.787469
v 2.591447 5.436919 6.747718
v 2.697253 5.507456 6.686631
v 2.636166 5.629631 6.721899
v 2.530359 5.559094 6.782987
f 3985 3988 3987
f 3985 3987 3986
f 3989 3990 3991
f 3989 3991 3992
f 3985 3989 3992
f 3985 3992 3988
f 3986 3987 3991
f 3986 3991 3990
f 3988 3992 3991
f 3988 3991 3987
f 3985 3986 3990
f 3985 3990 3989
o MeadowDaisyPetal
usemtl color_101
s off
v 2.508000 5.705700 -4.794982
v 2.508000 5.329500 -4.794982
v 2.750962 5.680499 -4.794982
v 2.704561 5.680499 -4.652173
v 2.583080 5.680499 -4.563911
v 2.432920 5.680499 -4.563911
v 2.311439 5.680499 -4.652173
v 2.265038 5.680499 -4.794982
v 2.311439 5.680499 -4.937792
v 2.432920 5.680499 -5.026054
v 2.583080 5.680499 -5.026054
v 2.704561 5.680499 -4.937792
v 2.928823 5.611650 -4.794982
v 2.848453 5.611650 -4.547629
v 2.638042 5.611650 -4.394756
v 2.377958 5.611650 -4.394756
v 2.167547 5.611650 -4.547629
v 2.087177 5.611650 -4.794982
v 2.167547 5.611650 -5.042336
v 2.377958 5.611650 -5.195209
v 2.638042 5.611650 -5.195209
v 2.848453 5.611650 -5.042336
v 2.993925 5.517600 -4.794982
v 2.901122 5.517600 -4.509363
v 2.658159 5.517600 -4.332840
v 2.357841 5.517600 -4.332840
v 2.114878 5.517600 -4.509363
v 2.022075 5.517600 -4.794982
v 2.114878 5.517600 -5.080602
v 2.357841 5.517600 -5.257125
v 2.658159 5.517600 -5.257125
v 2.901122 5.517600 -5.080602
v 2.928823 5.423550 -4.794982
v 2.848453 5.423550 -4.547629
v 2.638042 5.423550 -4.394756
v 2.377958 5.423550 -4.394756
v 2.167547 5.423550 -4.547629
v 2.087177 5.423550 -4.794982
v 2.167547 5.423550 -5.042336
v 2.377958 5.423550 -5.195209
v 2.638042 5.423550 -5.195209
v 2.848453 5.423550 -5.042336
v 2.750962 5.354701 -4.794982
v 2.704561 5.354701 -4.652173
v 2.583080 5.354701 -4.563911
v 2.432920 5.354701 -4.563911
v 2.311439 5.354701 -4.652173
v 2.265038 5.354701 -4.794982
v 2.311439 5.354701 -4.937792
v 2.432920 5.354701 -5.026054
v 2.583080 5.354701 -5.026054
v 2.704561 5.354701 -4.937792
f 3993 3996 3995
f 3994 4035 4036
f 3995 3996 4006
f 3995 4006 4005
f 4005 4006 4016
f 4005 4016 4015
f 4015 4016 4026
f 4015 4026 4025
f 4025 4026 4036
f 4025 4036 4035
f 3993 3997 3996
f 3994 4036 4037
f 3996 3997 4007
f 3996 4007 4006
f 4006 4007 4017
f 4006 4017 4016
f 4016 4017 4027
f 4016 4027 4026
f 4026 4027 4037
f 4026 4037 4036
f 3993 3998 3997
f 3994 4037 4038
f 3997 3998 4008
f 3997 4008 4007
f 4007 4008 4018
f 4007 4018 4017
f 4017 4018 4028
f 4017 4028 4027
f 4027 4028 4038
f 4027 4038 4037
f 3993 3999 3998
f 3994 4038 4039
f 3998 3999 4009
f 3998 4009 4008
f 4008 4009 4019
f 4008 4019 4018
f 4018 4019 4029
f 4018 4029 4028
f 4028 4029 4039
f 4028 4039 4038
f 3993 4000 3999
f 3994 4039 4040
f 3999 4000 4010
f 3999 4010 4009
f 4009 4010 4020
f 4009 4020 4019
f 4019 4020 4030
f 4019 4030 4029
f 4029 4030 4040
f 4029 4040 4039
f 3993 4001 4000
f 3994 4040 4041
f 4000 4001 4011
f 4000 4011 4010
f 4010 4011 4021
f 4010 4021 4020
f 4020 4021 4031
f 4020 4031 4030
f 4030 4031 4041
f 4030 4041 4040
f 3993 4002 4001
f 3994 4041 4042
f 4001 4002 4012
f 4001 4012 4011
f 4011 4012 4022
f 4011 4022 4021
f 4021 4022 4032
f 4021 4032 4031
f 4031 4032 4042
f 4031 4042 4041
f 3993 4003 4002
f 3994 4042 4043
f 4002 4003 4013
f 4002 4013 4012
f 4012 4013 4023
f 4012 4023 4022
f 4022 4023 4033
f 4022 4033 4032
f 4032 4033 4043
f 4032 4043 4042
f 3993 4004 4003
f 3994 4043 4044
f 4003 4004 4014
f 4003 4014 4013
f 4013 4014 4024
f 4013 4024 4023
f 4023 4024 4034
f 4023 4034 4033
f 4033 4034 4044
f 4033 4044 4043
f 3993 3995 4004
f 3994 4044 4035
f 4004 3995 4005
f 4004 4005 4014
f 4014 4005 4015
f 4014 4015 4024
f 4024 4015 4025
f 4024 4025 4034
f 4034 4025 4035
f 4034 4035 4044
o MeadowDaisyPetal_1
usemtl color_102
s off
v 3.016356 5.705700 -5.164325
v 3.016356 5.329500 -5.164325
v 3.259319 5.680499 -5.164325
v 3.212917 5.680499 -5.021515
v 3.091436 5.680499 -4.933254
v 2.941277 5.680499 -4.933254
v 2.819796 5.680499 -5.021515
v 2.773394 5.680499 -5.164325
v 2.819796 5.680499 -5.307135
v 2.941277 5.680499 -5.395396
v 3.091436 5.680499 -5.395396
v 3.212917 5.680499 -5.307135
v 3.437180 5.611650 -5.164325
v 3.356810 5.611650 -4.916971
v 3.146398 5.611650 -4.764098
v 2.886315 5.611650 -4.764098
v 2.675903 5.611650 -4.916971
v 2.595533 5.611650 -5.164325
v 2.675903 5.611650 -5.411679
v 2.886315 5.611650 -5.564552
v 3.146398 5.611650 -5.564552
v 3.356810 5.611650 -5.411679
v 3.502281 5.517600 -5.164325
v 3.409478 5.517600 -4.878705
v 3.166515 5.517600 -4.702183
v 2.866197 5.517600 -4.702183
v 2.623235 5.517600 -4.878705
v 2.530431 5.517600 -5.164325
v 2.623235 5.517600 -5.449945
v 2.866197 5.517600 -5.626467
v 3.166515 5.517600 -5.626467
v 3.409478 5.517600 -5.449945
v 3.437180 5.423550 -5.164325
v 3.356810 5.423550 -4.916971
v 3.146398 5.423550 -4.764098
v 2.886315 5.423550 -4.764098
v 2.675903 5.423550 -4.916971
v 2.595533 5.423550 -5.164325
v 2.675903 5.423550 -5.411679
v 2.886315 5.423550 -5.564552
v 3.146398 5.423550 -5.564552
v 3.356810 5.423550 -5.411679
v 3.259319 5.354701 -5.164325
v 3.212917 5.354701 -5.021515
v 3.091436 5.354701 -4.933254
v 2.941277 5.354701 -4.933254
v 2.819796 5.354701 -5.021515
v 2.773394 5.354701 -5.164325
v 2.819796 5.354701 -5.307135
v 2.941277 5.354701 -5.395396
v 3.091436 5.354701 -5.395396
v 3.212917 5.354701 -5.307135
f 4045 4048 4047
f 4046 4087 4088
f 4047 4048 4058
f 4047 4058 4057
f 4057 4058 4068
f 4057 4068 4067
f 4067 4068 4078
f 4067 4078 4077
f 4077 4078 4088
f 4077 4088 4087
f 4045 4049 4048
f 4046 4088 4089
f 4048 4049 4059
f 4048 4059 4058
f 4058 4059 4069
f 4058 4069 4068
f 4068 4069 4079
f 4068 4079 4078
f 4078 4079 4089
f 4078 4089 4088
f 4045 4050 4049
f 4046 4089 4090
f 4049 4050 4060
f 4049 4060 4059
f 4059 4060 4070
f 4059 4070 4069
f 4069 4070 4080
f 4069 4080 4079
f 4079 4080 4090
f 4079 4090 4089
f 4045 4051 4050
f 4046 4090 4091
f 4050 4051 4061
f 4050 4061 4060
f 4060 4061 4071
f 4060 4071 4070
f 4070 4071 4081
f 4070 4081 4080
f 4080 4081 4091
f 4080 4091 4090
f 4045 4052 4051
f 4046 4091 4092
f 4051 4052 4062
f 4051 4062 4061
f 4061 4062 4072
f 4061 4072 4071
f 4071 4072 4082
f 4071 4082 4081
f 4081 4082 4092
f 4081 4092 4091
f 4045 4053 4052
f 4046 4092 4093
f 4052 4053 4063
f 4052 4063 4062
f 4062 4063 4073
f 4062 4073 4072
f 4072 4073 4083
f 4072 4083 4082
f 4082 4083 4093
f 4082 4093 4092
f 4045 4054 4053
f 4046 4093 4094
f 4053 4054 4064
f 4053 4064 4063
f 4063 4064 4074
f 4063 4074 4073
f 4073 4074 4084
f 4073 4084 4083
f 4083 4084 4094
f 4083 4094 4093
f 4045 4055 4054
f 4046 4094 4095
f 4054 4055 4065
f 4054 4065 4064
f 4064 4065 4075
f 4064 4075 4074
f 4074 4075 4085
f 4074 4085 4084
f 4084 4085 4095
f 4084 4095 4094
f 4045 4056 4055
f 4046 4095 4096
f 4055 4056 4066
f 4055 4066 4065
f 4065 4066 4076
f 4065 4076 4075
f 4075 4076 4086
f 4075 4086 4085
f 4085 4086 4096
f 4085 4096 4095
f 4045 4047 4056
f 4046 4096 4087
f 4056 4047 4057
f 4056 4057 4066
f 4066 4057 4067
f 4066 4067 4076
f 4076 4067 4077
f 4076 4077 4086
f 4086 4077 4087
f 4086 4087 4096
o MeadowDaisyPetal_2
usemtl color_103
s off
v 2.822182 5.705700 -5.761934
v 2.822182 5.329500 -5.761934
v 3.065144 5.680499 -5.761934
v 3.018742 5.680499 -5.619124
v 2.897261 5.680499 -5.530863
v 2.747102 5.680499 -5.530863
v 2.625621 5.680499 -5.619124
v 2.579219 5.680499 -5.761934
v 2.625621 5.680499 -5.904744
v 2.747102 5.680499 -5.993005
v 2.897261 5.680499 -5.993005
v 3.018742 5.680499 -5.904744
v 3.243005 5.611650 -5.761934
v 3.162635 5.611650 -5.514580
v 2.952223 5.611650 -5.361707
v 2.692140 5.611650 -5.361707
v 2.481728 5.611650 -5.514580
v 2.401358 5.611650 -5.761934
v 2.481728 5.611650 -6.009288
v 2.692140 5.611650 -6.162161
v 2.952223 5.611650 -6.162161
v 3.162635 5.611650 -6.009288
v 3.308107 5.517600 -5.761934
v 3.215303 5.517600 -5.476314
v 2.972341 5.517600 -5.299792
v 2.672022 5.517600 -5.299792
v 2.429060 5.517600 -5.476314
v 2.336257 5.517600 -5.761934
v 2.429060 5.517600 -6.047553
v 2.672022 5.517600 -6.224076
v 2.972341 5.517600 -6.224076
v 3.215303 5.517600 -6.047553
v 3.243005 5.423550 -5.761934
v 3.162635 5.423550 -5.514580
v 2.952223 5.423550 -5.361707
v 2.692140 5.423550 -5.361707
v 2.481728 5.423550 -5.514580
v 2.401358 5.423550 -5.761934
v 2.481728 5.423550 -6.009288
v 2.692140 5.423550 -6.162161
v 2.952223 5.423550 -6.162161
v 3.162635 5.423550 -6.009288
v 3.065144 5.354701 -5.761934
v 3.018742 5.354701 -5.619124
v 2.897261 5.354701 -5.530863
v 2.747102 5.354701 -5.530863
v 2.625621 5.354701 -5.619124
v 2.579219 5.354701 -5.761934
v 2.625621 5.354701 -5.904744
v 2.747102 5.354701 -5.993005
v 2.897261 5.354701 -5.993005
v 3.018742 5.354701 -5.904744
f 4097 4100 4099
f 4098 4139 4140
f 4099 4100 4110
f 4099 4110 4109
f 4109 4110 4120
f 4109 4120 4119
f 4119 4120 4130
f 4119 4130 4129
f 4129 4130 4140
f 4129 4140 4139
f 4097 4101 4100
f 4098 4140 4141
f 4100 4101 4111
f 4100 4111 4110
f 4110 4111 4121
f 4110 4121 4120
f 4120 4121 4131
f 4120 4131 4130
f 4130 4131 4141
f 4130 4141 4140
f 4097 4102 4101
f 4098 4141 4142
f 4101 4102 4112
f 4101 4112 4111
f 4111 4112 4122
f 4111 4122 4121
f 4121 4122 4132
f 4121 4132 4131
f 4131 4132 4142
f 4131 4142 4141
f 4097 4103 4102
f 4098 4142 4143
f 4102 4103 4113
f 4102 4113 4112
f 4112 4113 4123
f 4112 4123 4122
f 4122 4123 4133
f 4122 4133 4132
f 4132 4133 4143
f 4132 4143 4142
f 4097 4104 4103
f 4098 4143 4144
f 4103 4104 4114
f 4103 4114 4113
f 4113 4114 4124
f 4113 4124 4123
f 4123 4124 4134
f 4123 4134 4133
f 4133 4134 4144
f 4133 4144 4143
f 4097 4105 4104
f 4098 4144 4145
f 4104 4105 4115
f 4104 4115 4114
f 4114 4115 4125
f 4114 4125 4124
f 4124 4125 4135
f 4124 4135 4134
f 4134 4135 4145
f 4134 4145 4144
f 4097 4106 4105
f 4098 4145 4146
f 4105 4106 4116
f 4105 4116 4115
f 4115 4116 4126
f 4115 4126 4125
f 4125 4126 4136
f 4125 4136 4135
f 4135 4136 4146
f 4135 4146 4145
f 4097 4107 4106
f 4098 4146 4147
f 4106 4107 4117
f 4106 4117 4116
f 4116 4117 4127
f 4116 4127 4126
f 4126 4127 4137
f 4126 4137 4136
f 4136 4137 4147
f 4136 4147 4146
f 4097 4108 4107
f 4098 4147 4148
f 4107 4108 4118
f 4107 4118 4117
f 4117 4118 4128
f 4117 4128 4127
f 4127 4128 4138
f 4127 4138 4137
f 4137 4138 4148
f 4137 4148 4147
f 4097 4099 4108
f 4098 4148 4139
f 4108 4099 4109
f 4108 4109 4118
f 4118 4109 4119
f 4118 4119 4128
f 4128 4119 4129
f 4128 4129 4138
f 4138 4129 4139
f 4138 4139 4148
o MeadowDaisyPetal_3
usemtl color_104
s off
v 2.193818 5.705700 -5.761934
v 2.193818 5.329500 -5.761934
v 2.436781 5.680499 -5.761934
v 2.390379 5.680499 -5.619124
v 2.268898 5.680499 -5.530863
v 2.118739 5.680499 -5.530863
v 1.997258 5.680499 -5.619124
v 1.950856 5.680499 -5.761934
v 1.997258 5.680499 -5.904744
v 2.118739 5.680499 -5.993005
v 2.268898 5.680499 -5.993005
v 2.390379 5.680499 -5.904744
v 2.614642 5.611650 -5.761934
v 2.534272 5.611650 -5.514580
v 2.323860 5.611650 -5.361707
v 2.063777 5.611650 -5.361707
v 1.853365 5.611650 -5.514580
v 1.772995 5.611650 -5.761934
v 1.853365 5.611650 -6.009288
v 2.063777 5.611650 -6.162161
v 2.323860 5.611650 -6.162161
v 2.534272 5.611650 -6.009288
v 2.679743 5.517600 -5.761934
v 2.586940 5.517600 -5.476314
v 2.343978 5.517600 -5.299792
v 2.043659 5.517600 -5.299792
v 1.800697 5.517600 -5.476314
v 1.707893 5.517600 -5.761934
v 1.800697 5.517600 -6.047553
v 2.043659 5.517600 -6.224076
v 2.343978 5.517600 -6.224076
v 2.586940 5.517600 -6.047553
v 2.614642 5.423550 -5.761934
v 2.534272 5.423550 -5.514580
v 2.323860 5.423550 -5.361707
v 2.063777 5.423550 -5.361707
v 1.853365 5.423550 -5.514580
v 1.772995 5.423550 -5.761934
v 1.853365 5.423550 -6.009288
v 2.063777 5.423550 -6.162161
v 2.323860 5.423550 -6.162161
v 2.534272 5.423550 -6.009288
v 2.436781 5.354701 -5.761934
v 2.390379 5.354701 -5.619124
v 2.268898 5.354701 -5.530863
v 2.118739 5.354701 -5.530863
v 1.997258 5.354701 -5.619124
v 1.950856 5.354701 -5.761934
v 1.997258 5.354701 -5.904744
v 2.118739 5.354701 -5.993005
v 2.268898 5.354701 -5.993005
v 2.390379 5.354701 -5.904744
f 4149 4152 4151
f 4150 4191 4192
f 4151 4152 4162
f 4151 4162 4161
f 4161 4162 4172
f 4161 4172 4171
f 4171 4172 4182
f 4171 4182 4181
f 4181 4182 4192
f 4181 4192 4191
f 4149 4153 4152
f 4150 4192 4193
f 4152 4153 4163
f 4152 4163 4162
f 4162 4163 4173
f 4162 4173 4172
f 4172 4173 4183
f 4172 4183 4182
f 4182 4183 4193
f 4182 4193 4192
f 4149 4154 4153
f 4150 4193 4194
f 4153 4154 4164
f 4153 4164 4163
f 4163 4164 4174
f 4163 4174 4173
f 4173 4174 4184
f 4173 4184 4183
f 4183 4184 4194
f 4183 4194 4193
f 4149 4155 4154
f 4150 4194 4195
f 4154 4155 4165
f 4154 4165 4164
f 4164 4165 4175
f 4164 4175 4174
f 4174 4175 4185
f 4174 4185 4184
f 4184 4185 4195
f 4184 4195 4194
f 4149 4156 4155
f 4150 4195 4196
f 4155 4156 4166
f 4155 4166 4165
f 4165 4166 4176
f 4165 4176 4175
f 4175 4176 4186
f 4175 4186 4185
f 4185 4186 4196
f 4185 4196 4195
f 4149 4157 4156
f 4150 4196 4197
f 4156 4157 4167
f 4156 4167 4166
f 4166 4167 4177
f 4166 4177 4176
f 4176 4177 4187
f 4176 4187 4186
f 4186 4187 4197
f 4186 4197 4196
f 4149 4158 4157
f 4150 4197 4198
f 4157 4158 4168
f 4157 4168 4167
f 4167 4168 4178
f 4167 4178 4177
f 4177 4178 4188
f 4177 4188 4187
f 4187 4188 4198
f 4187 4198 4197
f 4149 4159 4158
f 4150 4198 4199
f 4158 4159 4169
f 4158 4169 4168
f 4168 4169 4179
f 4168 4179 4178
f 4178 4179 4189
f 4178 4189 4188
f 4188 4189 4199
f 4188 4199 4198
f 4149 4160 4159
f 4150 4199 4200
f 4159 4160 4170
f 4159 4170 4169
f 4169 4170 4180
f 4169 4180 4179
f 4179 4180 4190
f 4179 4190 4189
f 4189 4190 4200
f 4189 4200 4199
f 4149 4151 4160
f 4150 4200 4191
f 4160 4151 4161
f 4160 4161 4170
f 4170 4161 4171
f 4170 4171 4180
f 4180 4171 4181
f 4180 4181 4190
f 4190 4181 4191
f 4190 4191 4200
o MeadowDaisyPetal_4
usemtl color_105
s off
v 1.999644 5.705700 -5.164325
v 1.999644 5.329500 -5.164325
v 2.242606 5.680499 -5.164325
v 2.196204 5.680499 -5.021515
v 2.074723 5.680499 -4.933254
v 1.924564 5.680499 -4.933254
v 1.803083 5.680499 -5.021515
v 1.756681 5.680499 -5.164325
v 1.803083 5.680499 -5.307135
v 1.924564 5.680499 -5.395396
v 2.074723 5.680499 -5.395396
v 2.196204 5.680499 -5.307135
v 2.420467 5.611650 -5.164325
v 2.340097 5.611650 -4.916971
v 2.129685 5.611650 -4.764098
v 1.869602 5.611650 -4.764098
v 1.659190 5.611650 -4.916971
v 1.578820 5.611650 -5.164325
v 1.659190 5.611650 -5.411679
v 1.869602 5.611650 -5.564552
v 2.129685 5.611650 -5.564552
v 2.340097 5.611650 -5.411679
v 2.485569 5.517600 -5.164325
v 2.392765 5.517600 -4.878705
v 2.149803 5.517600 -4.702183
v 1.849485 5.517600 -4.702183
v 1.606522 5.517600 -4.878705
v 1.513719 5.517600 -5.164325
v 1.606522 5.517600 -5.449945
v 1.849485 5.517600 -5.626467
v 2.149803 5.517600 -5.626467
v 2.392765 5.517600 -5.449945
v 2.420467 5.423550 -5.164325
v 2.340097 5.423550 -4.916971
v 2.129685 5.423550 -4.764098
v 1.869602 5.423550 -4.764098
v 1.659190 5.423550 -4.916971
v 1.578820 5.423550 -5.164325
v 1.659190 5.423550 -5.411679
v 1.869602 5.423550 -5.564552
v 2.129685 5.423550 -5.564552
v 2.340097 5.423550 -5.411679
v 2.242606 5.354701 -5.164325
v 2.196204 5.354701 -5.021515
v 2.074723 5.354701 -4.933254
v 1.924564 5.354701 -4.933254
v 1.803083 5.354701 -5.021515
v 1.756681 5.354701 -5.164325
v 1.803083 5.354701 -5.307135
v 1.924564 5.354701 -5.395396
v 2.074723 5.354701 -5.395396
v 2.196204 5.354701 -5.307135
f 4201 4204 4203
f 4202 4243 4244
f 4203 4204 4214
f 4203 4214 4213
f 4213 4214 4224
f 4213 4224 4223
f 4223 4224 4234
f 4223 4234 4233
f 4233 4234 4244
f 4233 4244 4243
f 4201 4205 4204
f 4202 4244 4245
f 4204 4205 4215
f 4204 4215 4214
f 4214 4215 4225
f 4214 4225 4224
f 4224 4225 4235
f 4224 4235 4234
f 4234 4235 4245
f 4234 4245 4244
f 4201 4206 4205
f 4202 4245 4246
f 4205 4206 4216
f 4205 4216 4215
f 4215 4216 4226
f 4215 4226 4225
f 4225 4226 4236
f 4225 4236 4235
f 4235 4236 4246
f 4235 4246 4245
f 4201 4207 4206
f 4202 4246 4247
f 4206 4207 4217
f 4206 4217 4216
f 4216 4217 4227
f 4216 4227 4226
f 4226 4227 4237
f 4226 4237 4236
f 4236 4237 4247
f 4236 4247 4246
f 4201 4208 4207
f 4202 4247 4248
f 4207 4208 4218
f 4207 4218 4217
f 4217 4218 4228
f 4217 4228 4227
f 4227 4228 4238
f 4227 4238 4237
f 4237 4238 4248
f 4237 4248 4247
f 4201 4209 4208
f 4202 4248 4249
f 4208 4209 4219
f 4208 4219 4218
f 4218 4219 4229
f 4218 4229 4228
f 4228 4229 4239
f 4228 4239 4238
f 4238 4239 4249
f 4238 4249 4248
f 4201 4210 4209
f 4202 4249 4250
f 4209 4210 4220
f 4209 4220 4219
f 4219 4220 4230
f 4219 4230 4229
f 4229 4230 4240
f 4229 4240 4239
f 4239 4240 4250
f 4239 4250 4249
f 4201 4211 4210
f 4202 4250 4251
f 4210 4211 4221
f 4210 4221 4220
f 4220 4221 4231
f 4220 4231 4230
f 4230 4231 4241
f 4230 4241 4240
f 4240 4241 4251
f 4240 4251 4250
f 4201 4212 4211
f 4202 4251 4252
f 4211 4212 4222
f 4211 4222 4221
f 4221 4222 4232
f 4221 4232 4231
f 4231 4232 4242
f 4231 4242 4241
f 4241 4242 4252
f 4241 4252 4251
f 4201 4203 4212
f 4202 4252 4243
f 4212 4203 4213
f 4212 4213 4222
f 4222 4213 4223
f 4222 4223 4232
f 4232 4223 4233
f 4232 4233 4242
f 4242 4233 4243
f 4242 4243 4252
o MeadowDaisyHeart
usemtl color_106
s off
v 2.508000 5.909475 -5.329500
v 2.508000 5.439225 -5.329500
v 2.617333 5.877974 -5.329500
v 2.596452 5.877974 -5.265236
v 2.541786 5.877974 -5.225518
v 2.474214 5.877974 -5.225518
v 2.419548 5.877974 -5.265236
v 2.398667 5.877974 -5.329500
v 2.419548 5.877974 -5.393764
v 2.474214 5.877974 -5.433482
v 2.541786 5.877974 -5.433482
v 2.596452 5.877974 -5.393764
v 2.697371 5.791912 -5.329500
v 2.661204 5.791912 -5.218191
v 2.566519 5.791912 -5.149398
v 2.449481 5.791912 -5.149398
v 2.354796 5.791912 -5.218191
v 2.318629 5.791912 -5.329500
v 2.354796 5.791912 -5.440809
v 2.449481 5.791912 -5.509602
v 2.566519 5.791912 -5.509602
v 2.661204 5.791912 -5.440809
v 2.726666 5.674350 -5.329500
v 2.684905 5.674350 -5.200971
v 2.575572 5.674350 -5.121536
v 2.440428 5.674350 -5.121536
v 2.331095 5.674350 -5.200971
v 2.289334 5.674350 -5.329500
v 2.331095 5.674350 -5.458029
v 2.440428 5.674350 -5.537464
v 2.575572 5.674350 -5.537464
v 2.684905 5.674350 -5.458029
v 2.697371 5.556787 -5.329500
v 2.661204 5.556787 -5.218191
v 2.566519 5.556787 -5.149398
v 2.449481 5.556787 -5.149398
v 2.354796 5.556787 -5.218191
v 2.318629 5.556787 -5.329500
v 2.354796 5.556787 -5.440809
v 2.449481 5.556787 -5.509602
v 2.566519 5.556787 -5.509602
v 2.661204 5.556787 -5.440809
v 2.617333 5.470726 -5.329500
v 2.596452 5.470726 -5.265236
v 2.541786 5.470726 -5.225518
v 2.474214 5.470726 -5.225518
v 2.419548 5.470726 -5.265236
v 2.398667 5.470726 -5.329500
v 2.419548 5.470726 -5.393764
v 2.474214 5.470726 -5.433482
v 2.541786 5.470726 -5.433482
v 2.596452 5.470726 -5.393764
f 4253 4256 4255
f 4254 4295 4296
f 4255 4256 4266
f 4255 4266 4265
f 4265 4266 4276
f 4265 4276 4275
f 4275 4276 4286
f 4275 4286 4285
f 4285 4286 4296
f 4285 4296 4295
f 4253 4257 4256
f 4254 4296 4297
f 4256 4257 4267
f 4256 4267 4266
f 4266 4267 4277
f 4266 4277 4276
f 4276 4277 4287
f 4276 4287 4286
f 4286 4287 4297
f 4286 4297 4296
f 4253 4258 4257
f 4254 4297 4298
f 4257 4258 4268
f 4257 4268 4267
f 4267 4268 4278
f 4267 4278 4277
f 4277 4278 4288
f 4277 4288 4287
f 4287 4288 4298
f 4287 4298 4297
f 4253 4259 4258
f 4254 4298 4299
f 4258 4259 4269
f 4258 4269 4268
f 4268 4269 4279
f 4268 4279 4278
f 4278 4279 4289
f 4278 4289 4288
f 4288 4289 4299
f 4288 4299 4298
f 4253 4260 4259
f 4254 4299 4300
f 4259 4260 4270
f 4259 4270 4269
f 4269 4270 4280
f 4269 4280 4279
f 4279 4280 4290
f 4279 4290 4289
f 4289 4290 4300
f 4289 4300 4299
f 4253 4261 4260
f 4254 4300 4301
f 4260 4261 4271
f 4260 4271 4270
f 4270 4271 4281
f 4270 4281 4280
f 4280 4281 4291
f 4280 4291 4290
f 4290 4291 4301
f 4290 4301 4300
f 4253 4262 4261
f 4254 4301 4302
f 4261 4262 4272
f 4261 4272 4271
f 4271 4272 4282
f 4271 4282 4281
f 4281 4282 4292
f 4281 4292 4291
f 4291 4292 4302
f 4291 4302 4301
f 4253 4263 4262
f 4254 4302 4303
f 4262 4263 4273
f 4262 4273 4272
f 4272 4273 4283
f 4272 4283 4282
f 4282 4283 4293
f 4282 4293 4292
f 4292 4293 4303
f 4292 4303 4302
f 4253 4264 4263
f 4254 4303 4304
f 4263 4264 4274
f 4263 4274 4273
f 4273 4274 4284
f 4273 4284 4283
f 4283 4284 4294
f 4283 4294 4293
f 4293 4294 4304
f 4293 4304 4303
f 4253 4255 4264
f 4254 4304 4295
f 4264 4255 4265
f 4264 4265 4274
f 4274 4265 4275
f 4274 4275 4284
f 4284 4275 4285
f 4284 4285 4294
f 4294 4285 4295
f 4294 4295 4304
o MeadowDaisyPetal_5
usemtl color_107
s off
v -2.508000 5.705700 -4.794982
v -2.508000 5.329500 -4.794982
v -2.265038 5.680499 -4.794982
v -2.311439 5.680499 -4.652173
v -2.432920 5.680499 -4.563911
v -2.583080 5.680499 -4.563911
v -2.704561 5.680499 -4.652173
v -2.750962 5.680499 -4.794982
v -2.704561 5.680499 -4.937792
v -2.583080 5.680499 -5.026054
v -2.432920 5.680499 -5.026054
v -2.311439 5.680499 -4.937792
v -2.087177 5.611650 -4.794982
v -2.167547 5.611650 -4.547629
v -2.377958 5.611650 -4.394756
v -2.638042 5.611650 -4.394756
v -2.848453 5.611650 -4.547629
v -2.928823 5.611650 -4.794982
v -2.848453 5.611650 -5.042336
v -2.638042 5.611650 -5.195209
v -2.377958 5.611650 -5.195209
v -2.167547 5.611650 -5.042336
v -2.022075 5.517600 -4.794982
v -2.114878 5.517600 -4.509363
v -2.357841 5.517600 -4.332840
v -2.658159 5.517600 -4.332840
v -2.901122 5.517600 -4.509363
v -2.993925 5.517600 -4.794982
v -2.901122 5.517600 -5.080602
v -2.658159 5.517600 -5.257125
v -2.357841 5.517600 -5.257125
v -2.114878 5.517600 -5.080602
v -2.087177 5.423550 -4.794982
v -2.167547 5.423550 -4.547629
v -2.377958 5.423550 -4.394756
v -2.638042 5.423550 -4.394756
v -2.848453 5.423550 -4.547629
v -2.928823 5.423550 -4.794982
v -2.848453 5.423550 -5.042336
v -2.638042 5.423550 -5.195209
v -2.377958 5.423550 -5.195209
v -2.167547 5.423550 -5.042336
v -2.265038 5.354701 -4.794982
v -2.311439 5.354701 -4.652173
v -2.432920 5.354701 -4.563911
v -2.583080 5.354701 -4.563911
v -2.704561 5.354701 -4.652173
v -2.750962 5.354701 -4.794982
v -2.704561 5.354701 -4.937792
v -2.583080 5.354701 -5.026054
v -2.432920 5.354701 -5.026054
v -2.311439 5.354701 -4.937792
f 4305 4308 4307
f 4306 4347 4348
f 4307 4308 4318
f 4307 4318 4317
f 4317 4318 4328
f 4317 4328 4327
f 4327 4328 4338
f 4327 4338 4337
f 4337 4338 4348
f 4337 4348 4347
f 4305 4309 4308
f 4306 4348 4349
f 4308 4309 4319
f 4308 4319 4318
f 4318 4319 4329
f 4318 4329 4328
f 4328 4329 4339
f 4328 4339 4338
f 4338 4339 4349
f 4338 4349 4348
f 4305 4310 4309
f 4306 4349 4350
f 4309 4310 4320
f 4309 4320 4319
f 4319 4320 4330
f 4319 4330 4329
f 4329 4330 4340
f 4329 4340 4339
f 4339 4340 4350
f 4339 4350 4349
f 4305 4311 4310
f 4306 4350 4351
f 4310 4311 4321
f 4310 4321 4320
f 4320 4321 4331
f 4320 4331 4330
f 4330 4331 4341
f 4330 4341 4340
f 4340 4341 4351
f 4340 4351 4350
f 4305 4312 4311
f 4306 4351 4352
f 4311 4312 4322
f 4311 4322 4321
f 4321 4322 4332
f 4321 4332 4331
f 4331 4332 4342
f 4331 4342 4341
f 4341 4342 4352
f 4341 4352 4351
f 4305 4313 4312
f 4306 4352 4353
f 4312 4313 4323
f 4312 4323 4322
f 4322 4323 4333
f 4322 4333 4332
f 4332 4333 4343
f 4332 4343 4342
f 4342 4343 4353
f 4342 4353 4352
f 4305 4314 4313
f 4306 4353 4354
f 4313 4314 4324
f 4313 4324 4323
f 4323 4324 4334
f 4323 4334 4333
f 4333 4334 4344
f 4333 4344 4343
f 4343 4344 4354
f 4343 4354 4353
f 4305 4315 4314
f 4306 4354 4355
f 4314 4315 4325
f 4314 4325 4324
f 4324 4325 4335
f 4324 4335 4334
f 4334 4335 4345
f 4334 4345 4344
f 4344 4345 4355
f 4344 4355 4354
f 4305 4316 4315
f 4306 4355 4356
f 4315 4316 4326
f 4315 4326 4325
f 4325 4326 4336
f 4325 4336 4335
f 4335 4336 4346
f 4335 4346 4345
f 4345 4346 4356
f 4345 4356 4355
f 4305 4307 4316
f 4306 4356 4347
f 4316 4307 4317
f 4316 4317 4326
f 4326 4317 4327
f 4326 4327 4336
f 4336 4327 4337
f 4336 4337 4346
f 4346 4337 4347
f 4346 4347 4356
o MeadowDaisyPetal_6
usemtl color_108
s off
v -1.999644 5.705700 -5.164325
v -1.999644 5.329500 -5.164325
v -1.756681 5.680499 -5.164325
v -1.803083 5.680499 -5.021515
v -1.924564 5.680499 -4.933254
v -2.074723 5.680499 -4.933254
v -2.196204 5.680499 -5.021515
v -2.242606 5.680499 -5.164325
v -2.196204 5.680499 -5.307135
v -2.074723 5.680499 -5.395396
v -1.924564 5.680499 -5.395396
v -1.803083 5.680499 -5.307135
v -1.578820 5.611650 -5.164325
v -1.659190 5.611650 -4.916971
v -1.869602 5.611650 -4.764098
v -2.129685 5.611650 -4.764098
v -2.340097 5.611650 -4.916971
v -2.420467 5.611650 -5.164325
v -2.340097 5.611650 -5.411679
v -2.129685 5.611650 -5.564552
v -1.869602 5.611650 -5.564552
v -1.659190 5.611650 -5.411679
v -1.513719 5.517600 -5.164325
v -1.606522 5.517600 -4.878705
v -1.849485 5.517600 -4.702183
v -2.149803 5.517600 -4.702183
v -2.392765 5.517600 -4.878705
v -2.485569 5.517600 -5.164325
v -2.392765 5.517600 -5.449945
v -2.149803 5.517600 -5.626467
v -1.849485 5.517600 -5.626467
v -1.606522 5.517600 -5.449945
v -1.578820 5.423550 -5.164325
v -1.659190 5.423550 -4.916971
v -1.869602 5.423550 -4.764098
v -2.129685 5.423550 -4.764098
v -2.340097 5.423550 -4.916971
v -2.420467 5.423550 -5.164325
v -2.340097 5.423550 -5.411679
v -2.129685 5.423550 -5.564552
v -1.869602 5.423550 -5.564552
v -1.659190 5.423550 -5.411679
v -1.756681 5.354701 -5.164325
v -1.803083 5.354701 -5.021515
v -1.924564 5.354701 -4.933254
v -2.074723 5.354701 -4.933254
v -2.196204 5.354701 -5.021515
v -2.242606 5.354701 -5.164325
v -2.196204 5.354701 -5.307135
v -2.074723 5.354701 -5.395396
v -1.924564 5.354701 -5.395396
v -1.803083 5.354701 -5.307135
f 4357 4360 4359
f 4358 4399 4400
f 4359 4360 4370
f 4359 4370 4369
f 4369 4370 4380
f 4369 4380 4379
f 4379 4380 4390
f 4379 4390 4389
f 4389 4390 4400
f 4389 4400 4399
f 4357 4361 4360
f 4358 4400 4401
f 4360 4361 4371
f 4360 4371 4370
f 4370 4371 4381
f 4370 4381 4380
f 4380 4381 4391
f 4380 4391 4390
f 4390 4391 4401
f 4390 4401 4400
f 4357 4362 4361
f 4358 4401 4402
f 4361 4362 4372
f 4361 4372 4371
f 4371 4372 4382
f 4371 4382 4381
f 4381 4382 4392
f 4381 4392 4391
f 4391 4392 4402
f 4391 4402 4401
f 4357 4363 4362
f 4358 4402 4403
f 4362 4363 4373
f 4362 4373 4372
f 4372 4373 4383
f 4372 4383 4382
f 4382 4383 4393
f 4382 4393 4392
f 4392 4393 4403
f 4392 4403 4402
f 4357 4364 4363
f 4358 4403 4404
f 4363 4364 4374
f 4363 4374 4373
f 4373 4374 4384
f 4373 4384 4383
f 4383 4384 4394
f 4383 4394 4393
f 4393 4394 4404
f 4393 4404 4403
f 4357 4365 4364
f 4358 4404 4405
f 4364 4365 4375
f 4364 4375 4374
f 4374 4375 4385
f 4374 4385 4384
f 4384 4385 4395
f 4384 4395 4394
f 4394 4395 4405
f 4394 4405 4404
f 4357 4366 4365
f 4358 4405 4406
f 4365 4366 4376
f 4365 4376 4375
f 4375 4376 4386
f 4375 4386 4385
f 4385 4386 4396
f 4385 4396 4395
f 4395 4396 4406
f 4395 4406 4405
f 4357 4367 4366
f 4358 4406 4407
f 4366 4367 4377
f 4366 4377 4376
f 4376 4377 4387
f 4376 4387 4386
f 4386 4387 4397
f 4386 4397 4396
f 4396 4397 4407
f 4396 4407 4406
f 4357 4368 4367
f 4358 4407 4408
f 4367 4368 4378
f 4367 4378 4377
f 4377 4378 4388
f 4377 4388 4387
f 4387 4388 4398
f 4387 4398 4397
f 4397 4398 4408
f 4397 4408 4407
f 4357 4359 4368
f 4358 4408 4399
f 4368 4359 4369
f 4368 4369 4378
f 4378 4369 4379
f 4378 4379 4388
f 4388 4379 4389
f 4388 4389 4398
f 4398 4389 4399
f 4398 4399 4408
o MeadowDaisyPetal_7
usemtl color_109
s off
v -2.193818 5.705700 -5.761934
v -2.193818 5.329500 -5.761934
v -1.950856 5.680499 -5.761934
v -1.997258 5.680499 -5.619124
v -2.118739 5.680499 -5.530863
v -2.268898 5.680499 -5.530863
v -2.390379 5.680499 -5.619124
v -2.436781 5.680499 -5.761934
v -2.390379 5.680499 -5.904744
v -2.268898 5.680499 -5.993005
v -2.118739 5.680499 -5.993005
v -1.997258 5.680499 -5.904744
v -1.772995 5.611650 -5.761934
v -1.853365 5.611650 -5.514580
v -2.063777 5.611650 -5.361707
v -2.323860 5.611650 -5.361707
v -2.534272 5.611650 -5.514580
v -2.614642 5.611650 -5.761934
v -2.534272 5.611650 -6.009288
v -2.323860 5.611650 -6.162161
v -2.063777 5.611650 -6.162161
v -1.853365 5.611650 -6.009288
v -1.707893 5.517600 -5.761934
v -1.800697 5.517600 -5.476314
v -2.043659 5.517600 -5.299792
v -2.343978 5.517600 -5.299792
v -2.586940 5.517600 -5.476314
v -2.679743 5.517600 -5.761934
v -2.586940 5.517600 -6.047553
v -2.343978 5.517600 -6.224076
v -2.043659 5.517600 -6.224076
v -1.800697 5.517600 -6.047553
v -1.772995 5.423550 -5.761934
v -1.853365 5.423550 -5.514580
v -2.063777 5.423550 -5.361707
v -2.323860 5.423550 -5.361707
v -2.534272 5.423550 -5.514580
v -2.614642 5.423550 -5.761934
v -2.534272 5.423550 -6.009288
v -2.323860 5.423550 -6.162161
v -2.063777 5.423550 -6.162161
v -1.853365 5.423550 -6.009288
v -1.950856 5.354701 -5.761934
v -1.997258 5.354701 -5.619124
v -2.118739 5.354701 -5.530863
v -2.268898 5.354701 -5.530863
v -2.390379 5.354701 -5.619124
v -2.436781 5.354701 -5.761934
v -2.390379 5.354701 -5.904744
v -2.268898 5.354701 -5.993005
v -2.118739 5.354701 -5.993005
v -1.997258 5.354701 -5.904744
f 4409 4412 4411
f 4410 4451 4452
f 4411 4412 4422
f 4411 4422 4421
f 4421 4422 4432
f 4421 4432 4431
f 4431 4432 4442
f 4431 4442 4441
f 4441 4442 4452
f 4441 4452 4451
f 4409 4413 4412
f 4410 4452 4453
f 4412 4413 4423
f 4412 4423 4422
f 4422 4423 4433
f 4422 4433 4432
f 4432 4433 4443
f 4432 4443 4442
f 4442 4443 4453
f 4442 4453 4452
f 4409 4414 4413
f 4410 4453 4454
f 4413 4414 4424
f 4413 4424 4423
f 4423 4424 4434
f 4423 4434 4433
f 4433 4434 4444
f 4433 4444 4443
f 4443 4444 4454
f 4443 4454 4453
f 4409 4415 4414
f 4410 4454 4455
f 4414 4415 4425
f 4414 4425 4424
f 4424 4425 4435
f 4424 4435 4434
f 4434 4435 4445
f 4434 4445 4444
f 4444 4445 4455
f 4444 4455 4454
f 4409 4416 4415
f 4410 4455 4456
f 4415 4416 4426
f 4415 4426 4425
f 4425 4426 4436
f 4425 4436 4435
f 4435 4436 4446
f 4435 4446 4445
f 4445 4446 4456
f 4445 4456 4455
f 4409 4417 4416
f 4410 4456 4457
f 4416 4417 4427
f 4416 4427 4426
f 4426 4427 4437
f 4426 4437 4436
f 4436 4437 4447
f 4436 4447 4446
f 4446 4447 4457
f 4446 4457 4456
f 4409 4418 4417
f 4410 4457 4458
f 4417 4418 4428
f 4417 4428 4427
f 4427 4428 4438
f 4427 4438 4437
f 4437 4438 4448
f 4437 4448 4447
f 4447 4448 4458
f 4447 4458 4457
f 4409 4419 4418
f 4410 4458 4459
f 4418 4419 4429
f 4418 4429 4428
f 4428 4429 4439
f 4428 4439 4438
f 4438 4439 4449
f 4438 4449 4448
f 4448 4449 4459
f 4448 4459 4458
f 4409 4420 4419
f 4410 4459 4460
f 4419 4420 4430
f 4419 4430 4429
f 4429 4430 4440
f 4429 4440 4439
f 4439 4440 4450
f 4439 4450 4449
f 4449 4450 4460
f 4449 4460 4459
f 4409 4411 4420
f 4410 4460 4451
f 4420 4411 4421
f 4420 4421 4430
f 4430 4421 4431
f 4430 4431 4440
f 4440 4431 4441
f 4440 4441 4450
f 4450 4441 4451
f 4450 4451 4460
o MeadowDaisyPetal_8
usemtl color_110
s off
v -2.822182 5.705700 -5.761934
v -2.822182 5.329500 -5.761934
v -2.579219 5.680499 -5.761934
v -2.625621 5.680499 -5.619124
v -2.747102 5.680499 -5.530863
v -2.897261 5.680499 -5.530863
v -3.018742 5.680499 -5.619124
v -3.065144 5.680499 -5.761934
v -3.018742 5.680499 -5.904744
v -2.897261 5.680499 -5.993005
v -2.747102 5.680499 -5.993005
v -2.625621 5.680499 -5.904744
v -2.401358 5.611650 -5.761934
v -2.481728 5.611650 -5.514580
v -2.692140 5.611650 -5.361707
v -2.952223 5.611650 -5.361707
v -3.162635 5.611650 -5.514580
v -3.243005 5.611650 -5.761934
v -3.162635 5.611650 -6.009288
v -2.952223 5.611650 -6.162161
v -2.692140 5.611650 -6.162161
v -2.481728 5.611650 -6.009288
v -2.336257 5.517600 -5.761934
v -2.429060 5.517600 -5.476314
v -2.672022 5.517600 -5.299792
v -2.972341 5.517600 -5.299792
v -3.215303 5.517600 -5.476314
v -3.308107 5.517600 -5.761934
v -3.215303 5.517600 -6.047553
v -2.972341 5.517600 -6.224076
v -2.672022 5.517600 -6.224076
v -2.429060 5.517600 -6.047553
v -2.401358 5.423550 -5.761934
v -2.481728 5.423550 -5.514580
v -2.692140 5.423550 -5.361707
v -2.952223 5.423550 -5.361707
v -3.162635 5.423550 -5.514580
v -3.243005 5.423550 -5.761934
v -3.162635 5.423550 -6.009288
v -2.952223 5.423550 -6.162161
v -2.692140 5.423550 -6.162161
v -2.481728 5.423550 -6.009288
v -2.579219 5.354701 -5.761934
v -2.625621 5.354701 -5.619124
v -2.747102 5.354701 -5.530863
v -2.897261 5.354701 -5.530863
v -3.018742 5.354701 -5.619124
v -3.065144 5.354701 -5.761934
v -3.018742 5.354701 -5.904744
v -2.897261 5.354701 -5.993005
v -2.747102 5.354701 -5.993005
v -2.625621 5.354701 -5.904744
f 4461 4464 4463
f 4462 4503 4504
f 4463 4464 4474
f 4463 4474 4473
f 4473 4474 4484
f 4473 4484 4483
f 4483 4484 4494
f 4483 4494 4493
f 4493 4494 4504
f 4493 4504 4503
f 4461 4465 4464
f 4462 4504 4505
f 4464 4465 4475
f 4464 4475 4474
f 4474 4475 4485
f 4474 4485 4484
f 4484 4485 4495
f 4484 4495 4494
f 4494 4495 4505
f 4494 4505 4504
f 4461 4466 4465
f 4462 4505 4506
f 4465 4466 4476
f 4465 4476 4475
f 4475 4476 4486
f 4475 4486 4485
f 4485 4486 4496
f 4485 4496 4495
f 4495 4496 4506
f 4495 4506 4505
f 4461 4467 4466
f 4462 4506 4507
f 4466 4467 4477
f 4466 4477 4476
f 4476 4477 4487
f 4476 4487 4486
f 4486 4487 4497
f 4486 4497 4496
f 4496 4497 4507
f 4496 4507 4506
f 4461 4468 4467
f 4462 4507 4508
f 4467 4468 4478
f 4467 4478 4477
f 4477 4478 4488
f 4477 4488 4487
f 4487 4488 4498
f 4487 4498 4497
f 4497 4498 4508
f 4497 4508 4507
f 4461 4469 4468
f 4462 4508 4509
f 4468 4469 4479
f 4468 4479 4478
f 4478 4479 4489
f 4478 4489 4488
f 4488 4489 4499
f 4488 4499 4498
f 4498 4499 4509
f 4498 4509 4508
f 4461 4470 4469
f 4462 4509 4510
f 4469 4470 4480
f 4469 4480 4479
f 4479 4480 4490
f 4479 4490 4489
f 4489 4490 4500
f 4489 4500 4499
f 4499 4500 4510
f 4499 4510 4509
f 4461 4471 4470
f 4462 4510 4511
f 4470 4471 4481
f 4470 4481 4480
f 4480 4481 4491
f 4480 4491 4490
f 4490 4491 4501
f 4490 4501 4500
f 4500 4501 4511
f 4500 4511 4510
f 4461 4472 4471
f 4462 4511 4512
f 4471 4472 4482
f 4471 4482 4481
f 4481 4482 4492
f 4481 4492 4491
f 4491 4492 4502
f 4491 4502 4501
f 4501 4502 4512
f 4501 4512 4511
f 4461 4463 4472
f 4462 4512 4503
f 4472 4463 4473
f 4472 4473 4482
f 4482 4473 4483
f 4482 4483 4492
f 4492 4483 4493
f 4492 4493 4502
f 4502 4493 4503
f 4502 4503 4512
o MeadowDaisyPetal_9
usemtl color_111
s off
v -3.016356 5.705700 -5.164325
v -3.016356 5.329500 -5.164325
v -2.773394 5.680499 -5.164325
v -2.819796 5.680499 -5.021515
v -2.941277 5.680499 -4.933254
v -3.091436 5.680499 -4.933254
v -3.212917 5.680499 -5.021515
v -3.259319 5.680499 -5.164325
v -3.212917 5.680499 -5.307135
v -3.091436 5.680499 -5.395396
v -2.941277 5.680499 -5.395396
v -2.819796 5.680499 -5.307135
v -2.595533 5.611650 -5.164325
v -2.675903 5.611650 -4.916971
v -2.886315 5.611650 -4.764098
v -3.146398 5.611650 -4.764098
v -3.356810 5.611650 -4.916971
v -3.437180 5.611650 -5.164325
v -3.356810 5.611650 -5.411679
v -3.146398 5.611650 -5.564552
v -2.886315 5.611650 -5.564552
v -2.675903 5.611650 -5.411679
v -2.530431 5.517600 -5.164325
v -2.623235 5.517600 -4.878705
v -2.866197 5.517600 -4.702183
v -3.166515 5.517600 -4.702183
v -3.409478 5.517600 -4.878705
v -3.502281 5.517600 -5.164325
v -3.409478 5.517600 -5.449945
v -3.166515 5.517600 -5.626467
v -2.866197 5.517600 -5.626467
v -2.623235 5.517600 -5.449945
v -2.595533 5.423550 -5.164325
v -2.675903 5.423550 -4.916971
v -2.886315 5.423550 -4.764098
v -3.146398 5.423550 -4.764098
v -3.356810 5.423550 -4.916971
v -3.437180 5.423550 -5.164325
v -3.356810 5.423550 -5.411679
v -3.146398 5.423550 -5.564552
v -2.886315 5.423550 -5.564552
v -2.675903 5.423550 -5.411679
v -2.773394 5.354701 -5.164325
v -2.819796 5.354701 -5.021515
v -2.941277 5.354701 -4.933254
v -3.091436 5.354701 -4.933254
v -3.212917 5.354701 -5.021515
v -3.259319 5.354701 -5.164325
v -3.212917 5.354701 -5.307135
v -3.091436 5.354701 -5.395396
v -2.941277 5.354701 -5.395396
v -2.819796 5.354701 -5.307135
f 4513 4516 4515
f 4514 4555 4556
f 4515 4516 4526
f 4515 4526 4525
f 4525 4526 4536
f 4525 4536 4535
f 4535 4536 4546
f 4535 4546 4545
f 4545 4546 4556
f 4545 4556 4555
f 4513 4517 4516
f 4514 4556 4557
f 4516 4517 4527
f 4516 4527 4526
f 4526 4527 4537
f 4526 4537 4536
f 4536 4537 4547
f 4536 4547 4546
f 4546 4547 4557
f 4546 4557 4556
f 4513 4518 4517
f 4514 4557 4558
f 4517 4518 4528
f 4517 4528 4527
f 4527 4528 4538
f 4527 4538 4537
f 4537 4538 4548
f 4537 4548 4547
f 4547 4548 4558
f 4547 4558 4557
f 4513 4519 4518
f 4514 4558 4559
f 4518 4519 4529
f 4518 4529 4528
f 4528 4529 4539
f 4528 4539 4538
f 4538 4539 4549
f 4538 4549 4548
f 4548 4549 4559
f 4548 4559 4558
f 4513 4520 4519
f 4514 4559 4560
f 4519 4520 4530
f 4519 4530 4529
f 4529 4530 4540
f 4529 4540 4539
f 4539 4540 4550
f 4539 4550 4549
f 4549 4550 4560
f 4549 4560 4559
f 4513 4521 4520
f 4514 4560 4561
f 4520 4521 4531
f 4520 4531 4530
f 4530 4531 4541
f 4530 4541 4540
f 4540 4541 4551
f 4540 4551 4550
f 4550 4551 4561
f 4550 4561 4560
f 4513 4522 4521
f 4514 4561 4562
f 4521 4522 4532
f 4521 4532 4531
f 4531 4532 4542
f 4531 4542 4541
f 4541 4542 4552
f 4541 4552 4551
f 4551 4552 4562
f 4551 4562 4561
f 4513 4523 4522
f 4514 4562 4563
f 4522 4523 4533
f 4522 4533 4532
f 4532 4533 4543
f 4532 4543 4542
f 4542 4543 4553
f 4542 4553 4552
f 4552 4553 4563
f 4552 4563 4562
f 4513 4524 4523
f 4514 4563 4564
f 4523 4524 4534
f 4523 4534 4533
f 4533 4534 4544
f 4533 4544 4543
f 4543 4544 4554
f 4543 4554 4553
f 4553 4554 4564
f 4553 4564 4563
f 4513 4515 4524
f 4514 4564 4555
f 4524 4515 4525
f 4524 4525 4534
f 4534 4525 4535
f 4534 4535 4544
f 4544 4535 4545
f 4544 4545 4554
f 4554 4545 4555
f 4554 4555 4564
o MeadowDaisyHeart_1
usemtl color_112
s off
v -2.508000 5.909475 -5.329500
v -2.508000 5.439225 -5.329500
v -2.398667 5.877974 -5.329500
v -2.419548 5.877974 -5.265236
v -2.474214 5.877974 -5.225518
v -2.541786 5.877974 -5.225518
v -2.596452 5.877974 -5.265236
v -2.617333 5.877974 -5.329500
v -2.596452 5.877974 -5.393764
v -2.541786 5.877974 -5.433482
v -2.474214 5.877974 -5.433482
v -2.419548 5.877974 -5.393764
v -2.318629 5.791912 -5.329500
v -2.354796 5.791912 -5.218191
v -2.449481 5.791912 -5.149398
v -2.566519 5.791912 -5.149398
v -2.661204 5.791912 -5.218191
v -2.697371 5.791912 -5.329500
v -2.661204 5.791912 -5.440809
v -2.566519 5.791912 -5.509602
v -2.449481 5.791912 -5.509602
v -2.354796 5.791912 -5.440809
v -2.289334 5.674350 -5.329500
v -2.331095 5.674350 -5.200971
v -2.440428 5.674350 -5.121536
v -2.575572 5.674350 -5.121536
v -2.684905 5.674350 -5.200971
v -2.726666 5.674350 -5.329500
v -2.684905 5.674350 -5.458029
v -2.575572 5.674350 -5.537464
v -2.440428 5.674350 -5.537464
v -2.331095 5.674350 -5.458029
v -2.318629 5.556787 -5.329500
v -2.354796 5.556787 -5.218191
v -2.449481 5.556787 -5.149398
v -2.566519 5.556787 -5.149398
v -2.661204 5.556787 -5.218191
v -2.697371 5.556787 -5.329500
v -2.661204 5.556787 -5.440809
v -2.566519 5.556787 -5.509602
v -2.449481 5.556787 -5.509602
v -2.354796 5.556787 -5.440809
v -2.398667 5.470726 -5.329500
v -2.419548 5.470726 -5.265236
v -2.474214 5.470726 -5.225518
v -2.541786 5.470726 -5.225518
v -2.596452 5.470726 -5.265236
v -2.617333 5.470726 -5.329500
v -2.596452 5.470726 -5.393764
v -2.541786 5.470726 -5.433482
v -2.474214 5.470726 -5.433482
v -2.419548 5.470726 -5.393764
f 4565 4568 4567
f 4566 4607 4608
f 4567 4568 4578
f 4567 4578 4577
f 4577 4578 4588
f 4577 4588 4587
f 4587 4588 4598
f 4587 4598 4597
f 4597 4598 4608
f 4597 4608 4607
f 4565 4569 4568
f 4566 4608 4609
f 4568 4569 4579
f 4568 4579 4578
f 4578 4579 4589
f 4578 4589 4588
f 4588 4589 4599
f 4588 4599 4598
f 4598 4599 4609
f 4598 4609 4608
f 4565 4570 4569
f 4566 4609 4610
f 4569 4570 4580
f 4569 4580 4579
f 4579 4580 4590
f 4579 4590 4589
f 4589 4590 4600
f 4589 4600 4599
f 4599 4600 4610
f 4599 4610 4609
f 4565 4571 4570
f 4566 4610 4611
f 4570 4571 4581
f 4570 4581 4580
f 4580 4581 4591
f 4580 4591 4590
f 4590 4591 4601
f 4590 4601 4600
f 4600 4601 4611
f 4600 4611 4610
f 4565 4572 4571
f 4566 4611 4612
f 4571 4572 4582
f 4571 4582 4581
f 4581 4582 4592
f 4581 4592 4591
f 4591 4592 4602
f 4591 4602 4601
f 4601 4602 4612
f 4601 4612 4611
f 4565 4573 4572
f 4566 4612 4613
f 4572 4573 4583
f 4572 4583 4582
f 4582 4583 4593
f 4582 4593 4592
f 4592 4593 4603
f 4592 4603 4602
f 4602 4603 4613
f 4602 4613 4612
f 4565 4574 4573
f 4566 4613 4614
f 4573 4574 4584
f 4573 4584 4583
f 4583 4584 4594
f 4583 4594 4593
f 4593 4594 4604
f 4593 4604 4603
f 4603 4604 4614
f 4603 4614 4613
f 4565 4575 4574
f 4566 4614 4615
f 4574 4575 4585
f 4574 4585 4584
f 4584 4585 4595
f 4584 4595 4594
f 4594 4595 4605
f 4594 4605 4604
f 4604 4605 4615
f 4604 4615 4614
f 4565 4576 4575
f 4566 4615 4616
f 4575 4576 4586
f 4575 4586 4585
f 4585 4586 4596
f 4585 4596 4595
f 4595 4596 4606
f 4595 4606 4605
f 4605 4606 4616
f 4605 4616 4615
f 4565 4567 4576
f 4566 4616 4607
f 4576 4567 4577
f 4576 4577 4586
f 4586 4577 4587
f 4586 4587 4596
f 4596 4587 4597
f 4596 4597 4606
f 4606 4597 4607
f 4606 4607 4616
o MeadowDaisyPetal_10
usemtl color_113
s off
v 2.508000 5.705700 -2.788582
v 2.508000 5.329500 -2.788582
v 2.750962 5.680499 -2.788582
v 2.704561 5.680499 -2.645773
v 2.583080 5.680499 -2.557511
v 2.432920 5.680499 -2.557511
v 2.311439 5.680499 -2.645773
v 2.265038 5.680499 -2.788582
v 2.311439 5.680499 -2.931392
v 2.432920 5.680499 -3.019654
v 2.583080 5.680499 -3.019654
v 2.704561 5.680499 -2.931392
v 2.928823 5.611650 -2.788582
v 2.848453 5.611650 -2.541229
v 2.638042 5.611650 -2.388356
v 2.377958 5.611650 -2.388356
v 2.167547 5.611650 -2.541229
v 2.087177 5.611650 -2.788582
v 2.167547 5.611650 -3.035936
v 2.377958 5.611650 -3.188809
v 2.638042 5.611650 -3.188809
v 2.848453 5.611650 -3.035936
v 2.993925 5.517600 -2.788582
v 2.901122 5.517600 -2.502963
v 2.658159 5.517600 -2.326440
v 2.357841 5.517600 -2.326440
v 2.114878 5.517600 -2.502963
v 2.022075 5.517600 -2.788582
v 2.114878 5.517600 -3.074202
v 2.357841 5.517600 -3.250725
v 2.658159 5.517600 -3.250725
v 2.901122 5.517600 -3.074202
v 2.928823 5.423550 -2.788582
v 2.848453 5.423550 -2.541229
v 2.638042 5.423550 -2.388356
v 2.377958 5.423550 -2.388356
v 2.167547 5.423550 -2.541229
v 2.087177 5.423550 -2.788582
v 2.167547 5.423550 -3.035936
v 2.377958 5.423550 -3.188809
v 2.638042 5.423550 -3.188809
v 2.848453 5.423550 -3.035936
v 2.750962 5.354701 -2.788582
v 2.704561 5.354701 -2.645773
v 2.583080 5.354701 -2.557511
v 2.432920 5.354701 -2.557511
v 2.311439 5.354701 -2.645773
v 2.265038 5.354701 -2.788582
v 2.311439 5.354701 -2.931392
v 2.432920 5.354701 -3.019654
v 2.583080 5.354701 -3.019654
v 2.704561 5.354701 -2.931392
f 4617 4620 4619
f 4618 4659 4660
f 4619 4620 4630
f 4619 4630 4629
f 4629 4630 4640
f 4629 4640 4639
f 4639 4640 4650
f 4639 4650 4649
f 4649 4650 4660
f 4649 4660 4659
f 4617 4621 4620
f 4618 4660 4661
f 4620 4621 4631
f 4620 4631 4630
f 4630 4631 4641
f 4630 4641 4640
f 4640 4641 4651
f 4640 4651 4650
f 4650 4651 4661
f 4650 4661 4660
f 4617 4622 4621
f 4618 4661 4662
f 4621 4622 4632
f 4621 4632 4631
f 4631 4632 4642
f 4631 4642 4641
f 4641 4642 4652
f 4641 4652 4651
f 4651 4652 4662
f 4651 4662 4661
f 4617 4623 4622
f 4618 4662 4663
f 4622 4623 4633
f 4622 4633 4632
f 4632 4633 4643
f 4632 4643 4642
f 4642 4643 4653
f 4642 4653 4652
f 4652 4653 4663
f 4652 4663 4662
f 4617 4624 4623
f 4618 4663 4664
f 4623 4624 4634
f 4623 4634 4633
f 4633 4634 4644
f 4633 4644 4643
f 4643 4644 4654
f 4643 4654 4653
f 4653 4654 4664
f 4653 4664 4663
f 4617 4625 4624
f 4618 4664 4665
f 4624 4625 4635
f 4624 4635 4634
f 4634 4635 4645
f 4634 4645 4644
f 4644 4645 4655
f 4644 4655 4654
f 4654 4655 4665
f 4654 4665 4664
f 4617 4626 4625
f 4618 4665 4666
f 4625 4626 4636
f 4625 4636 4635
f 4635 4636 4646
f 4635 4646 4645
f 4645 4646 4656
f 4645 4656 4655
f 4655 4656 4666
f 4655 4666 4665
f 4617 4627 4626
f 4618 4666 4667
f 4626 4627 4637
f 4626 4637 4636
f 4636 4637 4647
f 4636 4647 4646
f 4646 4647 4657
f 4646 4657 4656
f 4656 4657 4667
f 4656 4667 4666
f 4617 4628 4627
f 4618 4667 4668
f 4627 4628 4638
f 4627 4638 4637
f 4637 4638 4648
f 4637 4648 4647
f 4647 4648 4658
f 4647 4658 4657
f 4657 4658 4668
f 4657 4668 4667
f 4617 4619 4628
f 4618 4668 4659
f 4628 4619 4629
f 4628 4629 4638
f 4638 4629 4639
f 4638 4639 4648
f 4648 4639 4649
f 4648 4649 4658
f 4658 4649 4659
f 4658 4659 4668
o MeadowDaisyPetal_11
usemtl color_114
s off
v 3.016356 5.705700 -3.157925
v 3.016356 5.329500 -3.157925
v 3.259319 5.680499 -3.157925
v 3.212917 5.680499 -3.015115
v 3.091436 5.680499 -2.926854
v 2.941277 5.680499 -2.926854
v 2.819796 5.680499 -3.015115
v 2.773394 5.680499 -3.157925
v 2.819796 5.680499 -3.300735
v 2.941277 5.680499 -3.388996
v 3.091436 5.680499 -3.388996
v 3.212917 5.680499 -3.300735
v 3.437180 5.611650 -3.157925
v 3.356810 5.611650 -2.910571
v 3.146398 5.611650 -2.757698
v 2.886315 5.611650 -2.757698
v 2.675903 5.611650 -2.910571
v 2.595533 5.611650 -3.157925
v 2.675903 5.611650 -3.405279
v 2.886315 5.611650 -3.558152
v 3.146398 5.611650 -3.558152
v 3.356810 5.611650 -3.405279
v 3.502281 5.517600 -3.157925
v 3.409478 5.517600 -2.872305
v 3.166515 5.517600 -2.695783
v 2.866197 5.517600 -2.695783
v 2.623235 5.517600 -2.872305
v 2.530431 5.517600 -3.157925
v 2.623235 5.517600 -3.443545
v 2.866197 5.517600 -3.620067
v 3.166515 5.517600 -3.620067
v 3.409478 5.517600 -3.443545
v 3.437180 5.423550 -3.157925
v 3.356810 5.423550 -2.910571
v 3.146398 5.423550 -2.757698
v 2.886315 5.423550 -2.757698
v 2.675903 5.423550 -2.910571
v 2.595533 5.423550 -3.157925
v 2.675903 5.423550 -3.405279
v 2.886315 5.423550 -3.558152
v 3.146398 5.423550 -3.558152
v 3.356810 5.423550 -3.405279
v 3.259319 5.354701 -3.157925
v 3.212917 5.354701 -3.015115
v 3.091436 5.354701 -2.926854
v 2.941277 5.354701 -2.926854
v 2.819796 5.354701 -3.015115
v 2.773394 5.354701 -3.157925
v 2.819796 5.354701 -3.300735
v 2.941277 5.354701 -3.388996
v 3.091436 5.354701 -3.388996
v 3.212917 5.354701 -3.300735
f 4669 4672 4671
f 4670 4711 4712
f 4671 4672 4682
f 4671 4682 4681
f 4681 4682 4692
f 4681 4692 4691
f 4691 4692 4702
f 4691 4702 4701
f 4701 4702 4712
f 4701 4712 4711
f 4669 4673 4672
f 4670 4712 4713
f 4672 4673 4683
f 4672 4683 4682
f 4682 4683 4693
f 4682 4693 4692
f 4692 4693 4703
f 4692 4703 4702
f 4702 4703 4713
f 4702 4713 4712
f 4669 4674 4673
f 4670 4713 4714
f 4673 4674 4684
f 4673 4684 4683
f 4683 4684 4694
f 4683 4694 4693
f 4693 4694 4704
f 4693 4704 4703
f 4703 4704 4714
f 4703 4714 4713
f 4669 4675 4674
f 4670 4714 4715
f 4674 4675 4685
f 4674 4685 4684
f 4684 4685 4695
f 4684 4695 4694
f 4694 4695 4705
f 4694 4705 4704
f 4704 4705 4715
f 4704 4715 4714
f 4669 4676 4675
f 4670 4715 4716
f 4675 4676 4686
f 4675 4686 4685
f 4685 4686 4696
f 4685 4696 4695
f 4695 4696 4706
f 4695 4706 4705
f 4705 4706 4716
f 4705 4716 4715
f 4669 4677 4676
f 4670 4716 4717
f 4676 4677 4687
f 4676 4687 4686
f 4686 4687 4697
f 4686 4697 4696
f 4696 4697 4707
f 4696 4707 4706
f 4706 4707 4717
f 4706 4717 4716
f 4669 4678 4677
f 4670 4717 4718
f 4677 4678 4688
f 4677 4688 4687
f 4687 4688 4698
f 4687 4698 4697
f 4697 4698 4708
f 4697 4708 4707
f 4707 4708 4718
f 4707 4718 4717
f 4669 4679 4678
f 4670 4718 4719
f 4678 4679 4689
f 4678 4689 4688
f 4688 4689 4699
f 4688 4699 4698
f 4698 4699 4709
f 4698 4709 4708
f 4708 4709 4719
f 4708 4719 4718
f 4669 4680 4679
f 4670 4719 4720
f 4679 4680 4690
f 4679 4690 4689
f 4689 4690 4700
f 4689 4700 4699
f 4699 4700 4710
f 4699 4710 4709
f 4709 4710 4720
f 4709 4720 4719
f 4669 4671 4680
f 4670 4720 4711
f 4680 4671 4681
f 4680 4681 4690
f 4690 4681 4691
f 4690 4691 4700
f 4700 4691 4701
f 4700 4701 4710
f 4710 4701 4711
f 4710 4711 4720
o MeadowDaisyPetal_12
usemtl color_115
s off
v 2.822182 5.705700 -3.755534
v 2.822182 5.329500 -3.755534
v 3.065144 5.680499 -3.755534
v 3.018742 5.680499 -3.612724
v 2.897261 5.680499 -3.524463
v 2.747102 5.680499 -3.524463
v 2.625621 5.680499 -3.612724
v 2.579219 5.680499 -3.755534
v 2.625621 5.680499 -3.898344
v 2.747102 5.680499 -3.986605
v 2.897261 5.680499 -3.986605
v 3.018742 5.680499 -3.898344
v 3.243005 5.611650 -3.755534
v 3.162635 5.611650 -3.508180
v 2.952223 5.611650 -3.355307
v 2.692140 5.611650 -3.355307
v 2.481728 5.611650 -3.508180
v 2.401358 5.611650 -3.755534
v 2.481728 5.611650 -4.002888
v 2.692140 5.611650 -4.155761
v 2.952223 5.611650 -4.155761
v 3.162635 5.611650 -4.002888
v 3.308107 5.517600 -3.755534
v 3.215303 5.517600 -3.469914
v 2.972341 5.517600 -3.293392
v 2.672022 5.517600 -3.293392
v 2.429060 5.517600 -3.469914
v 2.336257 5.517600 -3.755534
v 2.429060 5.517600 -4.041153
v 2.672022 5.517600 -4.217676
v 2.972341 5.517600 -4.217676
v 3.215303 5.517600 -4.041153
v 3.243005 5.423550 -3.755534
v 3.162635 5.423550 -3.508180
v 2.952223 5.423550 -3.355307
v 2.692140 5.423550 -3.355307
v 2.481728 5.423550 -3.508180
v 2.401358 5.423550 -3.755534
v 2.481728 5.423550 -4.002888
v 2.692140 5.423550 -4.155761
v 2.952223 5.423550 -4.155761
v 3.162635 5.423550 -4.002888
v 3.065144 5.354701 -3.755534
v 3.018742 5.354701 -3.612724
v 2.897261 5.354701 -3.524463
v 2.747102 5.354701 -3.524463
v 2.625621 5.354701 -3.612724
v 2.579219 5.354701 -3.755534
v 2.625621 5.354701 -3.898344
v 2.747102 5.354701 -3.986605
v 2.897261 5.354701 -3.986605
v 3.018742 5.354701 -3.898344
f 4721 4724 4723
f 4722 4763 4764
f 4723 4724 4734
f 4723 4734 4733
f 4733 4734 4744
f 4733 4744 4743
f 4743 4744 4754
f 4743 4754 4753
f 4753 4754 4764
f 4753 4764 4763
f 4721 4725 4724
f 4722 4764 4765
f 4724 4725 4735
f 4724 4735 4734
f 4734 4735 4745
f 4734 4745 4744
f 4744 4745 4755
f 4744 4755 4754
f 4754 4755 4765
f 4754 4765 4764
f 4721 4726 4725
f 4722 4765 4766
f 4725 4726 4736
f 4725 4736 4735
f 4735 4736 4746
f 4735 4746 4745
f 4745 4746 4756
f 4745 4756 4755
f 4755 4756 4766
f 4755 4766 4765
f 4721 4727 4726
f 4722 4766 4767
f 4726 4727 4737
f 4726 4737 4736
f 4736 4737 4747
f 4736 4747 4746
f 4746 4747 4757
f 4746 4757 4756
f 4756 4757 4767
f 4756 4767 4766
f 4721 4728 4727
f 4722 4767 4768
f 4727 4728 4738
f 4727 4738 4737
f 4737 4738 4748
f 4737 4748 4747
f 4747 4748 4758
f 4747 4758 4757
f 4757 4758 4768
f 4757 4768 4767
f 4721 4729 4728
f 4722 4768 4769
f 4728 4729 4739
f 4728 4739 4738
f 4738 4739 4749
f 4738 4749 4748
f 4748 4749 4759
f 4748 4759 4758
f 4758 4759 4769
f 4758 4769 4768
f 4721 4730 4729
f 4722 4769 4770
f 4729 4730 4740
f 4729 4740 4739
f 4739 4740 4750
f 4739 4750 4749
f 4749 4750 4760
f 4749 4760 4759
f 4759 4760 4770
f 4759 4770 4769
f 4721 4731 4730
f 4722 4770 4771
f 4730 4731 4741
f 4730 4741 4740
f 4740 4741 4751
f 4740 4751 4750
f 4750 4751 4761
f 4750 4761 4760
f 4760 4761 4771
f 4760 4771 4770
f 4721 4732 4731
f 4722 4771 4772
f 4731 4732 4742
f 4731 4742 4741
f 4741 4742 4752
f 4741 4752 4751
f 4751 4752 4762
f 4751 4762 4761
f 4761 4762 4772
f 4761 4772 4771
f 4721 4723 4732
f 4722 4772 4763
f 4732 4723 4733
f 4732 4733 4742
f 4742 4733 4743
f 4742 4743 4752
f 4752 4743 4753
f 4752 4753 4762
f 4762 4753 4763
f 4762 4763 4772
o MeadowDaisyPetal_13
usemtl color_116
s off
v 2.193818 5.705700 -3.755534
v 2.193818 5.329500 -3.755534
v 2.436781 5.680499 -3.755534
v 2.390379 5.680499 -3.612724
v 2.268898 5.680499 -3.524463
v 2.118739 5.680499 -3.524463
v 1.997258 5.680499 -3.612724
v 1.950856 5.680499 -3.755534
v 1.997258 5.680499 -3.898344
v 2.118739 5.680499 -3.986605
v 2.268898 5.680499 -3.986605
v 2.390379 5.680499 -3.898344
v 2.614642 5.611650 -3.755534
v 2.534272 5.611650 -3.508180
v 2.323860 5.611650 -3.355307
v 2.063777 5.611650 -3.355307
v 1.853365 5.611650 -3.508180
v 1.772995 5.611650 -3.755534
v 1.853365 5.611650 -4.002888
v 2.063777 5.611650 -4.155761
v 2.323860 5.611650 -4.155761
v 2.534272 5.611650 -4.002888
v 2.679743 5.517600 -3.755534
v 2.586940 5.517600 -3.469914
v 2.343978 5.517600 -3.293392
v 2.043659 5.517600 -3.293392
v 1.800697 5.517600 -3.469914
v 1.707893 5.517600 -3.755534
v 1.800697 5.517600 -4.041153
v 2.043659 5.517600 -4.217676
v 2.343978 5.517600 -4.217676
v 2.586940 5.517600 -4.041153
v 2.614642 5.423550 -3.755534
v 2.534272 5.423550 -3.508180
v 2.323860 5.423550 -3.355307
v 2.063777 5.423550 -3.355307
v 1.853365 5.423550 -3.508180
v 1.772995 5.423550 -3.755534
v 1.853365 5.423550 -4.002888
v 2.063777 5.423550 -4.155761
v 2.323860 5.423550 -4.155761
v 2.534272 5.423550 -4.002888
v 2.436781 5.354701 -3.755534
v 2.390379 5.354701 -3.612724
v 2.268898 5.354701 -3.524463
v 2.118739 5.354701 -3.524463
v 1.997258 5.354701 -3.612724
v 1.950856 5.354701 -3.755534
v 1.997258 5.354701 -3.898344
v 2.118739 5.354701 -3.986605
v 2.268898 5.354701 -3.986605
v 2.390379 5.354701 -3.898344
f 4773 4776 4775
f 4774 4815 4816
f 4775 4776 4786
f 4775 4786 4785
f 4785 4786 4796
f 4785 4796 4795
f 4795 4796 4806
f 4795 4806 4805
f 4805 4806 4816
f 4805 4816 4815
f 4773 4777 4776
f 4774 4816 4817
f 4776 4777 4787
f 4776 4787 4786
f 4786 4787 4797
f 4786 4797 4796
f 4796 4797 4807
f 4796 4807 4806
f 4806 4807 4817
f 4806 4817 4816
f 4773 4778 4777
f 4774 4817 4818
f 4777 4778 4788
f 4777 4788 4787
f 4787 4788 4798
f 4787 4798 4797
f 4797 4798 4808
f 4797 4808 4807
f 4807 4808 4818
f 4807 4818 4817
f 4773 4779 4778
f 4774 4818 4819
f 4778 4779 4789
f 4778 4789 4788
f 4788 4789 4799
f 4788 4799 4798
f 4798 4799 4809
f 4798 4809 4808
f 4808 4809 4819
f 4808 4819 4818
f 4773 4780 4779
f 4774 4819 4820
f 4779 4780 4790
f 4779 4790 4789
f 4789 4790 4800
f 4789 4800 4799
f 4799 4800 4810
f 4799 4810 4809
f 4809 4810 4820
f 4809 4820 4819
f 4773 4781 4780
f 4774 4820 4821
f 4780 4781 4791
f 4780 4791 4790
f 4790 4791 4801
f 4790 4801 4800
f 4800 4801 4811
f 4800 4811 4810
f 4810 4811 4821
f 4810 4821 4820
f 4773 4782 4781
f 4774 4821 4822
f 4781 4782 4792
f 4781 4792 4791
f 4791 4792 4802
f 4791 4802 4801
f 4801 4802 4812
f 4801 4812 4811
f 4811 4812 4822
f 4811 4822 4821
f 4773 4783 4782
f 4774 4822 4823
f 4782 4783 4793
f 4782 4793 4792
f 4792 4793 4803
f 4792 4803 4802
f 4802 4803 4813
f 4802 4813 4812
f 4812 4813 4823
f 4812 4823 4822
f 4773 4784 4783
f 4774 4823 4824
f 4783 4784 4794
f 4783 4794 4793
f 4793 4794 4804
f 4793 4804 4803
f 4803 4804 4814
f 4803 4814 4813
f 4813 4814 4824
f 4813 4824 4823
f 4773 4775 4784
f 4774 4824 4815
f 4784 4775 4785
f 4784 4785 4794
f 4794 4785 4795
f 4794 4795 4804
f 4804 4795 4805
f 4804 4805 4814
f 4814 4805 4815
f 4814 4815 4824
o MeadowDaisyPetal_14
usemtl color_117
s off
v 1.999644 5.705700 -3.157925
v 1.999644 5.329500 -3.157925
v 2.242606 5.680499 -3.157925
v 2.196204 5.680499 -3.015115
v 2.074723 5.680499 -2.926854
v 1.924564 5.680499 -2.926854
v 1.803083 5.680499 -3.015115
v 1.756681 5.680499 -3.157925
v 1.803083 5.680499 -3.300735
v 1.924564 5.680499 -3.388996
v 2.074723 5.680499 -3.388996
v 2.196204 5.680499 -3.300735
v 2.420467 5.611650 -3.157925
v 2.340097 5.611650 -2.910571
v 2.129685 5.611650 -2.757698
v 1.869602 5.611650 -2.757698
v 1.659190 5.611650 -2.910571
v 1.578820 5.611650 -3.157925
v 1.659190 5.611650 -3.405279
v 1.869602 5.611650 -3.558152
v 2.129685 5.611650 -3.558152
v 2.340097 5.611650 -3.405279
v 2.485569 5.517600 -3.157925
v 2.392765 5.517600 -2.872305
v 2.149803 5.517600 -2.695783
v 1.849485 5.517600 -2.695783
v 1.606522 5.517600 -2.872305
v 1.513719 5.517600 -3.157925
v 1.606522 5.517600 -3.443545
v 1.849485 5.517600 -3.620067
v 2.149803 5.517600 -3.620067
v 2.392765 5.517600 -3.443545
v 2.420467 5.423550 -3.157925
v 2.340097 5.423550 -2.910571
v 2.129685 5.423550 -2.757698
v 1.869602 5.423550 -2.757698
v 1.659190 5.423550 -2.910571
v 1.578820 5.423550 -3.157925
v 1.659190 5.423550 -3.405279
v 1.869602 5.423550 -3.558152
v 2.129685 5.423550 -3.558152
v 2.340097 5.423550 -3.405279
v 2.242606 5.354701 -3.157925
v 2.196204 5.354701 -3.015115
v 2.074723 5.354701 -2.926854
v 1.924564 5.354701 -2.926854
v 1.803083 5.354701 -3.015115
v 1.756681 5.354701 -3.157925
v 1.803083 5.354701 -3.300735
v 1.924564 5.354701 -3.388996
v 2.074723 5.354701 -3.388996
v 2.196204 5.354701 -3.300735
f 4825 4828 4827
f 4826 4867 4868
f 4827 4828 4838
f 4827 4838 4837
f 4837 4838 4848
f 4837 4848 4847
f 4847 4848 4858
f 4847 4858 4857
f 4857 4858 4868
f 4857 4868 4867
f 4825 4829 4828
f 4826 4868 4869
f 4828 4829 4839
f 4828 4839 4838
f 4838 4839 4849
f 4838 4849 4848
f 4848 4849 4859
f 4848 4859 4858
f 4858 4859 4869
f 4858 4869 4868
f 4825 4830 4829
f 4826 4869 4870
f 4829 4830 4840
f 4829 4840 4839
f 4839 4840 4850
f 4839 4850 4849
f 4849 4850 4860
f 4849 4860 4859
f 4859 4860 4870
f 4859 4870 4869
f 4825 4831 4830
f 4826 4870 4871
f 4830 4831 4841
f 4830 4841 4840
f 4840 4841 4851
f 4840 4851 4850
f 4850 4851 4861
f 4850 4861 4860
f 4860 4861 4871
f 4860 4871 4870
f 4825 4832 4831
f 4826 4871 4872
f 4831 4832 4842
f 4831 4842 4841
f 4841 4842 4852
f 4841 4852 4851
f 4851 4852 4862
f 4851 4862 4861
f 4861 4862 4872
f 4861 4872 4871
f 4825 4833 4832
f 4826 4872 4873
f 4832 4833 4843
f 4832 4843 4842
f 4842 4843 4853
f 4842 4853 4852
f 4852 4853 4863
f 4852 4863 4862
f 4862 4863 4873
f 4862 4873 4872
f 4825 4834 4833
f 4826 4873 4874
f 4833 4834 4844
f 4833 4844 4843
f 4843 4844 4854
f 4843 4854 4853
f 4853 4854 4864
f 4853 4864 4863
f 4863 4864 4874
f 4863 4874 4873
f 4825 4835 4834
f 4826 4874 4875
f 4834 4835 4845
f 4834 4845 4844
f 4844 4845 4855
f 4844 4855 4854
f 4854 4855 4865
f 4854 4865 4864
f 4864 4865 4875
f 4864 4875 4874
f 4825 4836 4835
f 4826 4875 4876
f 4835 4836 4846
f 4835 4846 4845
f 4845 4846 4856
f 4845 4856 4855
f 4855 4856 4866
f 4855 4866 4865
f 4865 4866 4876
f 4865 4876 4875
f 4825 4827 4836
f 4826 4876 4867
f 4836 4827 4837
f 4836 4837 4846
f 4846 4837 4847
f 4846 4847 4856
f 4856 4847 4857
f 4856 4857 4866
f 4866 4857 4867
f 4866 4867 4876
o MeadowDaisyHeart_2
usemtl color_118
s off
v 2.508000 5.909475 -3.323100
v 2.508000 5.439225 -3.323100
v 2.617333 5.877974 -3.323100
v 2.596452 5.877974 -3.258836
v 2.541786 5.877974 -3.219118
v 2.474214 5.877974 -3.219118
v 2.419548 5.877974 -3.258836
v 2.398667 5.877974 -3.323100
v 2.419548 5.877974 -3.387364
v 2.474214 5.877974 -3.427082
v 2.541786 5.877974 -3.427082
v 2.596452 5.877974 -3.387364
v 2.697371 5.791912 -3.323100
v 2.661204 5.791912 -3.211791
v 2.566519 5.791912 -3.142998
v 2.449481 5.791912 -3.142998
v 2.354796 5.791912 -3.211791
v 2.318629 5.791912 -3.323100
v 2.354796 5.791912 -3.434409
v 2.449481 5.791912 -3.503202
v 2.566519 5.791912 -3.503202
v 2.661204 5.791912 -3.434409
v 2.726666 5.674350 -3.323100
v 2.684905 5.674350 -3.194571
v 2.575572 5.674350 -3.115136
v 2.440428 5.674350 -3.115136
v 2.331095 5.674350 -3.194571
v 2.289334 5.674350 -3.323100
v 2.331095 5.674350 -3.451629
v 2.440428 5.674350 -3.531064
v 2.575572 5.674350 -3.531064
v 2.684905 5.674350 -3.451629
v 2.697371 5.556787 -3.323100
v 2.661204 5.556787 -3.211791
v 2.566519 5.556787 -3.142998
v 2.449481 5.556787 -3.142998
v 2.354796 5.556787 -3.211791
v 2.318629 5.556787 -3.323100
v 2.354796 5.556787 -3.434409
v 2.449481 5.556787 -3.503202
v 2.566519 5.556787 -3.503202
v 2.661204 5.556787 -3.434409
v 2.617333 5.470726 -3.323100
v 2.596452 5.470726 -3.258836
v 2.541786 5.470726 -3.219118
v 2.474214 5.470726 -3.219118
v 2.419548 5.470726 -3.258836
v 2.398667 5.470726 -3.323100
v 2.419548 5.470726 -3.387364
v 2.474214 5.470726 -3.427082
v 2.541786 5.470726 -3.427082
v 2.596452 5.470726 -3.387364
f 4877 4880 4879
f 4878 4919 4920
f 4879 4880 4890
f 4879 4890 4889
f 4889 4890 4900
f 4889 4900 4899
f 4899 4900 4910
f 4899 4910 4909
f 4909 4910 4920
f 4909 4920 4919
f 4877 4881 4880
f 4878 4920 4921
f 4880 4881 4891
f 4880 4891 4890
f 4890 4891 4901
f 4890 4901 4900
f 4900 4901 4911
f 4900 4911 4910
f 4910 4911 4921
f 4910 4921 4920
f 4877 4882 4881
f 4878 4921 4922
f 4881 4882 4892
f 4881 4892 4891
f 4891 4892 4902
f 4891 4902 4901
f 4901 4902 4912
f 4901 4912 4911
f 4911 4912 4922
f 4911 4922 4921
f 4877 4883 4882
f 4878 4922 4923
f 4882 4883 4893
f 4882 4893 4892
f 4892 4893 4903
f 4892 4903 4902
f 4902 4903 4913
f 4902 4913 4912
f 4912 4913 4923
f 4912 4923 4922
f 4877 4884 4883
f 4878 4923 4924
f 4883 4884 4894
f 4883 4894 4893
f 4893 4894 4904
f 4893 4904 4903
f 4903 4904 4914
f 4903 4914 4913
f 4913 4914 4924
f 4913 4924 4923
f 4877 4885 4884
f 4878 4924 4925
f 4884 4885 4895
f 4884 4895 4894
f 4894 4895 4905
f 4894 4905 4904
f 4904 4905 4915
f 4904 4915 4914
f 4914 4915 4925
f 4914 4925 4924
f 4877 4886 4885
f 4878 4925 4926
f 4885 4886 4896
f 4885 4896 4895
f 4895 4896 4906
f 4895 4906 4905
f 4905 4906 4916
f 4905 4916 4915
f 4915 4916 4926
f 4915 4926 4925
f 4877 4887 4886
f 4878 4926 4927
f 4886 4887 4897
f 4886 4897 4896
f 4896 4897 4907
f 4896 4907 4906
f 4906 4907 4917
f 4906 4917 4916
f 4916 4917 4927
f 4916 4927 4926
f 4877 4888 4887
f 4878 4927 4928
f 4887 4888 4898
f 4887 4898 4897
f 4897 4898 4908
f 4897 4908 4907
f 4907 4908 4918
f 4907 4918 4917
f 4917 4918 4928
f 4917 4928 4927
f 4877 4879 4888
f 4878 4928 4919
f 4888 4879 4889
f 4888 4889 4898
f 4898 4889 4899
f 4898 4899 4908
f 4908 4899 4909
f 4908 4909 4918
f 4918 4909 4919
f 4918 4919 4928
o MeadowDaisyPetal_15
usemtl color_119
s off
v -2.508000 5.705700 -2.788582
v -2.508000 5.329500 -2.788582
v -2.265038 5.680499 -2.788582
v -2.311439 5.680499 -2.645773
v -2.432920 5.680499 -2.557511
v -2.583080 5.680499 -2.557511
v -2.704561 5.680499 -2.645773
v -2.750962 5.680499 -2.788582
v -2.704561 5.680499 -2.931392
v -2.583080 5.680499 -3.019654
v -2.432920 5.680499 -3.019654
v -2.311439 5.680499 -2.931392
v -2.087177 5.611650 -2.788582
v -2.167547 5.611650 -2.541229
v -2.377958 5.611650 -2.388356
v -2.638042 5.611650 -2.388356
v -2.848453 5.611650 -2.541229
v -2.928823 5.611650 -2.788582
v -2.848453 5.611650 -3.035936
v -2.638042 5.611650 -3.188809
v -2.377958 5.611650 -3.188809
v -2.167547 5.611650 -3.035936
v -2.022075 5.517600 -2.788582
v -2.114878 5.517600 -2.502963
v -2.357841 5.517600 -2.326440
v -2.658159 5.517600 -2.326440
v -2.901122 5.517600 -2.502963
v -2.993925 5.517600 -2.788582
v -2.901122 5.517600 -3.074202
v -2.658159 5.517600 -3.250725
v -2.357841 5.517600 -3.250725
v -2.114878 5.517600 -3.074202
v -2.087177 5.423550 -2.788582
v -2.167547 5.423550 -2.541229
v -2.377958 5.423550 -2.388356
v -2.638042 5.423550 -2.388356
v -2.848453 5.423550 -2.541229
v -2.928823 5.423550 -2.788582
v -2.848453 5.423550 -3.035936
v -2.638042 5.423550 -3.188809
v -2.377958 5.423550 -3.188809
v -2.167547 5.423550 -3.035936
v -2.265038 5.354701 -2.788582
v -2.311439 5.354701 -2.645773
v -2.432920 5.354701 -2.557511
v -2.583080 5.354701 -2.557511
v -2.704561 5.354701 -2.645773
v -2.750962 5.354701 -2.788582
v -2.704561 5.354701 -2.931392
v -2.583080 5.354701 -3.019654
v -2.432920 5.354701 -3.019654
v -2.311439 5.354701 -2.931392
f 4929 4932 4931
f 4930 4971 4972
f 4931 4932 4942
f 4931 4942 4941
f 4941 4942 4952
f 4941 4952 4951
f 4951 4952 4962
f 4951 4962 4961
f 4961 4962 4972
f 4961 4972 4971
f 4929 4933 4932
f 4930 4972 4973
f 4932 4933 4943
f 4932 4943 4942
f 4942 4943 4953
f 4942 4953 4952
f 4952 4953 4963
f 4952 4963 4962
f 4962 4963 4973
f 4962 4973 4972
f 4929 4934 4933
f 4930 4973 4974
f 4933 4934 4944
f 4933 4944 4943
f 4943 4944 4954
f 4943 4954 4953
f 4953 4954 4964
f 4953 4964 4963
f 4963 4964 4974
f 4963 4974 4973
f 4929 4935 4934
f 4930 4974 4975
f 4934 4935 4945
f 4934 4945 4944
f 4944 4945 4955
f 4944 4955 4954
f 4954 4955 4965
f 4954 4965 4964
f 4964 4965 4975
f 4964 4975 4974
f 4929 4936 4935
f 4930 4975 4976
f 4935 4936 4946
f 4935 4946 4945
f 4945 4946 4956
f 4945 4956 4955
f 4955 4956 4966
f 4955 4966 4965
f 4965 4966 4976
f 4965 4976 4975
f 4929 4937 4936
f 4930 4976 4977
f 4936 4937 4947
f 4936 4947 4946
f 4946 4947 4957
f 4946 4957 4956
f 4956 4957 4967
f 4956 4967 4966
f 4966 4967 4977
f 4966 4977 4976
f 4929 4938 4937
f 4930 4977 4978
f 4937 4938 4948
f 4937 4948 4947
f 4947 4948 4958
f 4947 4958 4957
f 4957 4958 4968
f 4957 4968 4967
f 4967 4968 4978
f 4967 4978 4977
f 4929 4939 4938
f 4930 4978 4979
f 4938 4939 4949
f 4938 4949 4948
f 4948 4949 4959
f 4948 4959 4958
f 4958 4959 4969
f 4958 4969 4968
f 4968 4969 4979
f 4968 4979 4978
f 4929 4940 4939
f 4930 4979 4980
f 4939 4940 4950
f 4939 4950 4949
f 4949 4950 4960
f 4949 4960 4959
f 4959 4960 4970
f 4959 4970 4969
f 4969 4970 4980
f 4969 4980 4979
f 4929 4931 4940
f 4930 4980 4971
f 4940 4931 4941
f 4940 4941 4950
f 4950 4941 4951
f 4950 4951 4960
f 4960 4951 4961
f 4960 4961 4970
f 4970 4961 4971
f 4970 4971 4980
o MeadowDaisyPetal_16
usemtl color_120
s off
v -1.999644 5.705700 -3.157925
v -1.999644 5.329500 -3.157925
v -1.756681 5.680499 -3.157925
v -1.803083 5.680499 -3.015115
v -1.924564 5.680499 -2.926854
v -2.074723 5.680499 -2.926854
v -2.196204 5.680499 -3.015115
v -2.242606 5.680499 -3.157925
v -2.196204 5.680499 -3.300735
v -2.074723 5.680499 -3.388996
v -1.924564 5.680499 -3.388996
v -1.803083 5.680499 -3.300735
v -1.578820 5.611650 -3.157925
v -1.659190 5.611650 -2.910571
v -1.869602 5.611650 -2.757698
v -2.129685 5.611650 -2.757698
v -2.340097 5.611650 -2.910571
v -2.420467 5.611650 -3.157925
v -2.340097 5.611650 -3.405279
v -2.129685 5.611650 -3.558152
v -1.869602 5.611650 -3.558152
v -1.659190 5.611650 -3.405279
v -1.513719 5.517600 -3.157925
v -1.606522 5.517600 -2.872305
v -1.849485 5.517600 -2.695783
v -2.149803 5.517600 -2.695783
v -2.392765 5.517600 -2.872305
v -2.485569 5.517600 -3.157925
v -2.392765 5.517600 -3.443545
v -2.149803 5.517600 -3.620067
v -1.849485 5.517600 -3.620067
v -1.606522 5.517600 -3.443545
v -1.578820 5.423550 -3.157925
v -1.659190 5.423550 -2.910571
v -1.869602 5.423550 -2.757698
v -2.129685 5.423550 -2.757698
v -2.340097 5.423550 -2.910571
v -2.420467 5.423550 -3.157925
v -2.340097 5.423550 -3.405279
v -2.129685 5.423550 -3.558152
v -1.869602 5.423550 -3.558152
v -1.659190 5.423550 -3.405279
v -1.756681 5.354701 -3.157925
v -1.803083 5.354701 -3.015115
v -1.924564 5.354701 -2.926854
v -2.074723 5.354701 -2.926854
v -2.196204 5.354701 -3.015115
v -2.242606 5.354701 -3.157925
v -2.196204 5.354701 -3.300735
v -2.074723 5.354701 -3.388996
v -1.924564 5.354701 -3.388996
v -1.803083 5.354701 -3.300735
f 4981 4984 4983
f 4982 5023 5024
f 4983 4984 4994
f 4983 4994 4993
f 4993 4994 5004
f 4993 5004 5003
f 5003 5004 5014
f 5003 5014 5013
f 5013 5014 5024
f 5013 5024 5023
f 4981 4985 4984
f 4982 5024 5025
f 4984 4985 4995
f 4984 4995 4994
f 4994 4995 5005
f 4994 5005 5004
f 5004 5005 5015
f 5004 5015 5014
f 5014 5015 5025
f 5014 5025 5024
f 4981 4986 4985
f 4982 5025 5026
f 4985 4986 4996
f 4985 4996 4995
f 4995 4996 5006
f 4995 5006 5005
f 5005 5006 5016
f 5005 5016 5015
f 5015 5016 5026
f 5015 5026 5025
f 4981 4987 4986
f 4982 5026 5027
f 4986 4987 4997
f 4986 4997 4996
f 4996 4997 5007
f 4996 5007 5006
f 5006 5007 5017
f 5006 5017 5016
f 5016 5017 5027
f 5016 5027 5026
f 4981 4988 4987
f 4982 5027 5028
f 4987 4988 4998
f 4987 4998 4997
f 4997 4998 5008
f 4997 5008 5007
f 5007 5008 5018
f 5007 5018 5017
f 5017 5018 5028
f 5017 5028 5027
f 4981 4989 4988
f 4982 5028 5029
f 4988 4989 4999
f 4988 4999 4998
f 4998 4999 5009
f 4998 5009 5008
f 5008 5009 5019
f 5008 5019 5018
f 5018 5019 5029
f 5018 5029 5028
f 4981 4990 4989
f 4982 5029 5030
f 4989 4990 5000
f 4989 5000 4999
f 4999 5000 5010
f 4999 5010 5009
f 5009 5010 5020
f 5009 5020 5019
f 5019 5020 5030
f 5019 5030 5029
f 4981 4991 4990
f 4982 5030 5031
f 4990 4991 5001
f 4990 5001 5000
f 5000 5001 5011
f 5000 5011 5010
f 5010 5011 5021
f 5010 5021 5020
f 5020 5021 5031
f 5020 5031 5030
f 4981 4992 4991
f 4982 5031 5032
f 4991 4992 5002
f 4991 5002 5001
f 5001 5002 5012
f 5001 5012 5011
f 5011 5012 5022
f 5011 5022 5021
f 5021 5022 5032
f 5021 5032 5031
f 4981 4983 4992
f 4982 5032 5023
f 4992 4983 4993
f 4992 4993 5002
f 5002 4993 5003
f 5002 5003 5012
f 5012 5003 5013
f 5012 5013 5022
f 5022 5013 5023
f 5022 5023 5032
o MeadowDaisyPetal_17
usemtl color_121
s off
v -2.193818 5.705700 -3.755534
v -2.193818 5.329500 -3.755534
v -1.950856 5.680499 -3.755534
v -1.997258 5.680499 -3.612724
v -2.118739 5.680499 -3.524463
v -2.268898 5.680499 -3.524463
v -2.390379 5.680499 -3.612724
v -2.436781 5.680499 -3.755534
v -2.390379 5.680499 -3.898344
v -2.268898 5.680499 -3.986605
v -2.118739 5.680499 -3.986605
v -1.997258 5.680499 -3.898344
v -1.772995 5.611650 -3.755534
v -1.853365 5.611650 -3.508180
v -2.063777 5.611650 -3.355307
v -2.323860 5.611650 -3.355307
v -2.534272 5.611650 -3.508180
v -2.614642 5.611650 -3.755534
v -2.534272 5.611650 -4.002888
v -2.323860 5.611650 -4.155761
v -2.063777 5.611650 -4.155761
v -1.853365 5.611650 -4.002888
v -1.707893 5.517600 -3.755534
v -1.800697 5.517600 -3.469914
v -2.043659 5.517600 -3.293392
v -2.343978 5.517600 -3.293392
v -2.586940 5.517600 -3.469914
v -2.679743 5.517600 -3.755534
v -2.586940 5.517600 -4.041153
v -2.343978 5.517600 -4.217676
v -2.043659 5.517600 -4.217676
v -1.800697 5.517600 -4.041153
v -1.772995 5.423550 -3.755534
v -1.853365 5.423550 -3.508180
v -2.063777 5.423550 -3.355307
v -2.323860 5.423550 -3.355307
v -2.534272 5.423550 -3.508180
v -2.614642 5.423550 -3.755534
v -2.534272 5.423550 -4.002888
v -2.323860 5.423550 -4.155761
v -2.063777 5.423550 -4.155761
v -1.853365 5.423550 -4.002888
v -1.950856 5.354701 -3.755534
v -1.997258 5.354701 -3.612724
v -2.118739 5.354701 -3.524463
v -2.268898 5.354701 -3.524463
v -2.390379 5.354701 -3.612724
v -2.436781 5.354701 -3.755534
v -2.390379 5.354701 -3.898344
v -2.268898 5.354701 -3.986605
v -2.118739 5.354701 -3.986605
v -1.997258 5.354701 -3.898344
f 5033 5036 5035
f 5034 5075 5076
f 5035 5036 5046
f 5035 5046 5045
f 5045 5046 5056
f 5045 5056 5055
f 5055 5056 5066
f 5055 5066 5065
f 5065 5066 5076
f 5065 5076 5075
f 5033 5037 5036
f 5034 5076 5077
f 5036 5037 5047
f 5036 5047 5046
f 5046 5047 5057
f 5046 5057 5056
f 5056 5057 5067
f 5056 5067 5066
f 5066 5067 5077
f 5066 5077 5076
f 5033 5038 5037
f 5034 5077 5078
f 5037 5038 5048
f 5037 5048 5047
f 5047 5048 5058
f 5047 5058 5057
f 5057 5058 5068
f 5057 5068 5067
f 5067 5068 5078
f 5067 5078 5077
f 5033 5039 5038
f 5034 5078 5079
f 5038 5039 5049
f 5038 5049 5048
f 5048 5049 5059
f 5048 5059 5058
f 5058 5059 5069
f 5058 5069 5068
f 5068 5069 5079
f 5068 5079 5078
f 5033 5040 5039
f 5034 5079 5080
f 5039 5040 5050
f 5039 5050 5049
f 5049 5050 5060
f 5049 5060 5059
f 5059 5060 5070
f 5059 5070 5069
f 5069 5070 5080
f 5069 5080 5079
f 5033 5041 5040
f 5034 5080 5081
f 5040 5041 5051
f 5040 5051 5050
f 5050 5051 5061
f 5050 5061 5060
f 5060 5061 5071
f 5060 5071 5070
f 5070 5071 5081
f 5070 5081 5080
f 5033 5042 5041
f 5034 5081 5082
f 5041 5042 5052
f 5041 5052 5051
f 5051 5052 5062
f 5051 5062 5061
f 5061 5062 5072
f 5061 5072 5071
f 5071 5072 5082
f 5071 5082 5081
f 5033 5043 5042
f 5034 5082 5083
f 5042 5043 5053
f 5042 5053 5052
f 5052 5053 5063
f 5052 5063 5062
f 5062 5063 5073
f 5062 5073 5072
f 5072 5073 5083
f 5072 5083 5082
f 5033 5044 5043
f 5034 5083 5084
f 5043 5044 5054
f 5043 5054 5053
f 5053 5054 5064
f 5053 5064 5063
f 5063 5064 5074
f 5063 5074 5073
f 5073 5074 5084
f 5073 5084 5083
f 5033 5035 5044
f 5034 5084 5075
f 5044 5035 5045
f 5044 5045 5054
f 5054 5045 5055
f 5054 5055 5064
f 5064 5055 5065
f 5064 5065 5074
f 5074 5065 5075
f 5074 5075 5084
o MeadowDaisyPetal_18
usemtl color_122
s off
v -2.822182 5.705700 -3.755534
v -2.822182 5.329500 -3.755534
v -2.579219 5.680499 -3.755534
v -2.625621 5.680499 -3.612724
v -2.747102 5.680499 -3.524463
v -2.897261 5.680499 -3.524463
v -3.018742 5.680499 -3.612724
v -3.065144 5.680499 -3.755534
v -3.018742 5.680499 -3.898344
v -2.897261 5.680499 -3.986605
v -2.747102 5.680499 -3.986605
v -2.625621 5.680499 -3.898344
v -2.401358 5.611650 -3.755534
v -2.481728 5.611650 -3.508180
v -2.692140 5.611650 -3.355307
v -2.952223 5.611650 -3.355307
v -3.162635 5.611650 -3.508180
v -3.243005 5.611650 -3.755534
v -3.162635 5.611650 -4.002888
v -2.952223 5.611650 -4.155761
v -2.692140 5.611650 -4.155761
v -2.481728 5.611650 -4.002888
v -2.336257 5.517600 -3.755534
v -2.429060 5.517600 -3.469914
v -2.672022 5.517600 -3.293392
v -2.972341 5.517600 -3.293392
v -3.215303 5.517600 -3.469914
v -3.308107 5.517600 -3.755534
v -3.215303 5.517600 -4.041153
v -2.972341 5.517600 -4.217676
v -2.672022 5.517600 -4.217676
v -2.429060 5.517600 -4.041153
v -2.401358 5.423550 -3.755534
v -2.481728 5.423550 -3.508180
v -2.692140 5.423550 -3.355307
v -2.952223 5.423550 -3.355307
v -3.162635 5.423550 -3.508180
v -3.243005 5.423550 -3.755534
v -3.162635 5.423550 -4.002888
v -2.952223 5.423550 -4.155761
v -2.692140 5.423550 -4.155761
v -2.481728 5.423550 -4.002888
v -2.579219 5.354701 -3.755534
v -2.625621 5.354701 -3.612724
v -2.747102 5.354701 -3.524463
v -2.897261 5.354701 -3.524463
v -3.018742 5.354701 -3.612724
v -3.065144 5.354701 -3.755534
v -3.018742 5.354701 -3.898344
v -2.897261 5.354701 -3.986605
v -2.747102 5.354701 -3.986605
v -2.625621 5.354701 -3.898344
f 5085 5088 5087
f 5086 5127 5128
f 5087 5088 5098
f 5087 5098 5097
f 5097 5098 5108
f 5097 5108 5107
f 5107 5108 5118
f 5107 5118 5117
f 5117 5118 5128
f 5117 5128 5127
f 5085 5089 5088
f 5086 5128 5129
f 5088 5089 5099
f 5088 5099 5098
f 5098 5099 5109
f 5098 5109 5108
f 5108 5109 5119
f 5108 5119 5118
f 5118 5119 5129
f 5118 5129 5128
f 5085 5090 5089
f 5086 5129 5130
f 5089 5090 5100
f 5089 5100 5099
f 5099 5100 5110
f 5099 5110 5109
f 5109 5110 5120
f 5109 5120 5119
f 5119 5120 5130
f 5119 5130 5129
f 5085 5091 5090
f 5086 5130 5131
f 5090 5091 5101
f 5090 5101 5100
f 5100 5101 5111
f 5100 5111 5110
f 5110 5111 5121
f 5110 5121 5120
f 5120 5121 5131
f 5120 5131 5130
f 5085 5092 5091
f 5086 5131 5132
f 5091 5092 5102
f 5091 5102 5101
f 5101 5102 5112
f 5101 5112 5111
f 5111 5112 5122
f 5111 5122 5121
f 5121 5122 5132
f 5121 5132 5131
f 5085 5093 5092
f 5086 5132 5133
f 5092 5093 5103
f 5092 5103 5102
f 5102 5103 5113
f 5102 5113 5112
f 5112 5113 5123
f 5112 5123 5122
f 5122 5123 5133
f 5122 5133 5132
f 5085 5094 5093
f 5086 5133 5134
f 5093 5094 5104
f 5093 5104 5103
f 5103 5104 5114
f 5103 5114 5113
f 5113 5114 5124
f 5113 5124 5123
f 5123 5124 5134
f 5123 5134 5133
f 5085 5095 5094
f 5086 5134 5135
f 5094 5095 5105
f 5094 5105 5104
f 5104 5105 5115
f 5104 5115 5114
f 5114 5115 5125
f 5114 5125 5124
f 5124 5125 5135
f 5124 5135 5134
f 5085 5096 5095
f 5086 5135 5136
f 5095 5096 5106
f 5095 5106 5105
f 5105 5106 5116
f 5105 5116 5115
f 5115 5116 5126
f 5115 5126 5125
f 5125 5126 5136
f 5125 5136 5135
f 5085 5087 5096
f 5086 5136 5127
f 5096 5087 5097
f 5096 5097 5106
f 5106 5097 5107
f 5106 5107 5116
f 5116 5107 5117
f 5116 5117 5126
f 5126 5117 5127
f 5126 5127 5136
o MeadowDaisyPetal_19
usemtl color_123
s off
v -3.016356 5.705700 -3.157925
v -3.016356 5.329500 -3.157925
v -2.773394 5.680499 -3.157925
v -2.819796 5.680499 -3.015115
v -2.941277 5.680499 -2.926854
v -3.091436 5.680499 -2.926854
v -3.212917 5.680499 -3.015115
v -3.259319 5.680499 -3.157925
v -3.212917 5.680499 -3.300735
v -3.091436 5.680499 -3.388996
v -2.941277 5.680499 -3.388996
v -2.819796 5.680499 -3.300735
v -2.595533 5.611650 -3.157925
v -2.675903 5.611650 -2.910571
v -2.886315 5.611650 -2.757698
v -3.146398 5.611650 -2.757698
v -3.356810 5.611650 -2.910571
v -3.437180 5.611650 -3.157925
v -3.356810 5.611650 -3.405279
v -3.146398 5.611650 -3.558152
v -2.886315 5.611650 -3.558152
v -2.675903 5.611650 -3.405279
v -2.530431 5.517600 -3.157925
v -2.623235 5.517600 -2.872305
v -2.866197 5.517600 -2.695783
v -3.166515 5.517600 -2.695783
v -3.409478 5.517600 -2.872305
v -3.502281 5.517600 -3.157925
v -3.409478 5.517600 -3.443545
v -3.166515 5.517600 -3.620067
v -2.866197 5.517600 -3.620067
v -2.623235 5.517600 -3.443545
v -2.595533 5.423550 -3.157925
v -2.675903 5.423550 -2.910571
v -2.886315 5.423550 -2.757698
v -3.146398 5.423550 -2.757698
v -3.356810 5.423550 -2.910571
v -3.437180 5.423550 -3.157925
v -3.356810 5.423550 -3.405279
v -3.146398 5.423550 -3.558152
v -2.886315 5.423550 -3.558152
v -2.675903 5.423550 -3.405279
v -2.773394 5.354701 -3.157925
v -2.819796 5.354701 -3.015115
v -2.941277 5.354701 -2.926854
v -3.091436 5.354701 -2.926854
v -3.212917 5.354701 -3.015115
v -3.259319 5.354701 -3.157925
v -3.212917 5.354701 -3.300735
v -3.091436 5.354701 -3.388996
v -2.941277 5.354701 -3.388996
v -2.819796 5.354701 -3.300735
f 5137 5140 5139
f 5138 5179 5180
f 5139 5140 5150
f 5139 5150 5149
f 5149 5150 5160
f 5149 5160 5159
f 5159 5160 5170
f 5159 5170 5169
f 5169 5170 5180
f 5169 5180 5179
f 5137 5141 5140
f 5138 5180 5181
f 5140 5141 5151
f 5140 5151 5150
f 5150 5151 5161
f 5150 5161 5160
f 5160 5161 5171
f 5160 5171 5170
f 5170 5171 5181
f 5170 5181 5180
f 5137 5142 5141
f 5138 5181 5182
f 5141 5142 5152
f 5141 5152 5151
f 5151 5152 5162
f 5151 5162 5161
f 5161 5162 5172
f 5161 5172 5171
f 5171 5172 5182
f 5171 5182 5181
f 5137 5143 5142
f 5138 5182 5183
f 5142 5143 5153
f 5142 5153 5152
f 5152 5153 5163
f 5152 5163 5162
f 5162 5163 5173
f 5162 5173 5172
f 5172 5173 5183
f 5172 5183 5182
f 5137 5144 5143
f 5138 5183 5184
f 5143 5144 5154
f 5143 5154 5153
f 5153 5154 5164
f 5153 5164 5163
f 5163 5164 5174
f 5163 5174 5173
f 5173 5174 5184
f 5173 5184 5183
f 5137 5145 5144
f 5138 5184 5185
f 5144 5145 5155
f 5144 5155 5154
f 5154 5155 5165
f 5154 5165 5164
f 5164 5165 5175
f 5164 5175 5174
f 5174 5175 5185
f 5174 5185 5184
f 5137 5146 5145
f 5138 5185 5186
f 5145 5146 5156
f 5145 5156 5155
f 5155 5156 5166
f 5155 5166 5165
f 5165 5166 5176
f 5165 5176 5175
f 5175 5176 5186
f 5175 5186 5185
f 5137 5147 5146
f 5138 5186 5187
f 5146 5147 5157
f 5146 5157 5156
f 5156 5157 5167
f 5156 5167 5166
f 5166 5167 5177
f 5166 5177 5176
f 5176 5177 5187
f 5176 5187 5186
f 5137 5148 5147
f 5138 5187 5188
f 5147 5148 5158
f 5147 5158 5157
f 5157 5158 5168
f 5157 5168 5167
f 5167 5168 5178
f 5167 5178 5177
f 5177 5178 5188
f 5177 5188 5187
f 5137 5139 5148
f 5138 5188 5179
f 5148 5139 5149
f 5148 5149 5158
f 5158 5149 5159
f 5158 5159 5168
f 5168 5159 5169
f 5168 5169 5178
f 5178 5169 5179
f 5178 5179 5188
o MeadowDaisyHeart_3
usemtl color_124
s off
v -2.508000 5.909475 -3.323100
v -2.508000 5.439225 -3.323100
v -2.398667 5.877974 -3.323100
v -2.419548 5.877974 -3.258836
v -2.474214 5.877974 -3.219118
v -2.541786 5.877974 -3.219118
v -2.596452 5.877974 -3.258836
v -2.617333 5.877974 -3.323100
v -2.596452 5.877974 -3.387364
v -2.541786 5.877974 -3.427082
v -2.474214 5.877974 -3.427082
v -2.419548 5.877974 -3.387364
v -2.318629 5.791912 -3.323100
v -2.354796 5.791912 -3.211791
v -2.449481 5.791912 -3.142998
v -2.566519 5.791912 -3.142998
v -2.661204 5.791912 -3.211791
v -2.697371 5.791912 -3.323100
v -2.661204 5.791912 -3.434409
v -2.566519 5.791912 -3.503202
v -2.449481 5.791912 -3.503202
v -2.354796 5.791912 -3.434409
v -2.289334 5.674350 -3.323100
v -2.331095 5.674350 -3.194571
v -2.440428 5.674350 -3.115136
v -2.575572 5.674350 -3.115136
v -2.684905 5.674350 -3.194571
v -2.726666 5.674350 -3.323100
v -2.684905 5.674350 -3.451629
v -2.575572 5.674350 -3.531064
v -2.440428 5.674350 -3.531064
v -2.331095 5.674350 -3.451629
v -2.318629 5.556787 -3.323100
v -2.354796 5.556787 -3.211791
v -2.449481 5.556787 -3.142998
v -2.566519 5.556787 -3.142998
v -2.661204 5.556787 -3.211791
v -2.697371 5.556787 -3.323100
v -2.661204 5.556787 -3.434409
v -2.566519 5.556787 -3.503202
v -2.449481 5.556787 -3.503202
v -2.354796 5.556787 -3.434409
v -2.398667 5.470726 -3.323100
v -2.419548 5.470726 -3.258836
v -2.474214 5.470726 -3.219118
v -2.541786 5.470726 -3.219118
v -2.596452 5.470726 -3.258836
v -2.617333 5.470726 -3.323100
v -2.596452 5.470726 -3.387364
v -2.541786 5.470726 -3.427082
v -2.474214 5.470726 -3.427082
v -2.419548 5.470726 -3.387364
f 5189 5192 5191
f 5190 5231 5232
f 5191 5192 5202
f 5191 5202 5201
f 5201 5202 5212
f 5201 5212 5211
f 5211 5212 5222
f 5211 5222 5221
f 5221 5222 5232
f 5221 5232 5231
f 5189 5193 5192
f 5190 5232 5233
f 5192 5193 5203
f 5192 5203 5202
f 5202 5203 5213
f 5202 5213 5212
f 5212 5213 5223
f 5212 5223 5222
f 5222 5223 5233
f 5222 5233 5232
f 5189 5194 5193
f 5190 5233 5234
f 5193 5194 5204
f 5193 5204 5203
f 5203 5204 5214
f 5203 5214 5213
f 5213 5214 5224
f 5213 5224 5223
f 5223 5224 5234
f 5223 5234 5233
f 5189 5195 5194
f 5190 5234 5235
f 5194 5195 5205
f 5194 5205 5204
f 5204 5205 5215
f 5204 5215 5214
f 5214 5215 5225
f 5214 5225 5224
f 5224 5225 5235
f 5224 5235 5234
f 5189 5196 5195
f 5190 5235 5236
f 5195 5196 5206
f 5195 5206 5205
f 5205 5206 5216
f 5205 5216 5215
f 5215 5216 5226
f 5215 5226 5225
f 5225 5226 5236
f 5225 5236 5235
f 5189 5197 5196
f 5190 5236 5237
f 5196 5197 5207
f 5196 5207 5206
f 5206 5207 5217
f 5206 5217 5216
f 5216 5217 5227
f 5216 5227 5226
f 5226 5227 5237
f 5226 5237 5236
f 5189 5198 5197
f 5190 5237 5238
f 5197 5198 5208
f 5197 5208 5207
f 5207 5208 5218
f 5207 5218 5217
f 5217 5218 5228
f 5217 5228 5227
f 5227 5228 5238
f 5227 5238 5237
f 5189 5199 5198
f 5190 5238 5239
f 5198 5199 5209
f 5198 5209 5208
f 5208 5209 5219
f 5208 5219 5218
f 5218 5219 5229
f 5218 5229 5228
f 5228 5229 5239
f 5228 5239 5238
f 5189 5200 5199
f 5190 5239 5240
f 5199 5200 5210
f 5199 5210 5209
f 5209 5210 5220
f 5209 5220 5219
f 5219 5220 5230
f 5219 5230 5229
f 5229 5230 5240
f 5229 5240 5239
f 5189 5191 5200
f 5190 5240 5231
f 5200 5191 5201
f 5200 5201 5210
f 5210 5201 5211
f 5210 5211 5220
f 5220 5211 5221
f 5220 5221 5230
f 5230 5221 5231
f 5230 5231 5240
o MeadowDaisyPetal_20
usemtl color_125
s off
v 2.508000 5.705700 -0.782182
v 2.508000 5.329500 -0.782182
v 2.750962 5.680499 -0.782182
v 2.704561 5.680499 -0.639373
v 2.583080 5.680499 -0.551111
v 2.432920 5.680499 -0.551111
v 2.311439 5.680499 -0.639373
v 2.265038 5.680499 -0.782182
v 2.311439 5.680499 -0.924992
v 2.432920 5.680499 -1.013254
v 2.583080 5.680499 -1.013254
v 2.704561 5.680499 -0.924992
v 2.928823 5.611650 -0.782182
v 2.848453 5.611650 -0.534829
v 2.638042 5.611650 -0.381956
v 2.377958 5.611650 -0.381956
v 2.167547 5.611650 -0.534829
v 2.087177 5.611650 -0.782182
v 2.167547 5.611650 -1.029536
v 2.377958 5.611650 -1.182409
v 2.638042 5.611650 -1.182409
v 2.848453 5.611650 -1.029536
v 2.993925 5.517600 -0.782182
v 2.901122 5.517600 -0.496563
v 2.658159 5.517600 -0.320040
v 2.357841 5.517600 -0.320040
v 2.114878 5.517600 -0.496563
v 2.022075 5.517600 -0.782182
v 2.114878 5.517600 -1.067802
v 2.357841 5.517600 -1.244325
v 2.658159 5.517600 -1.244325
v 2.901122 5.517600 -1.067802
v 2.928823 5.423550 -0.782182
v 2.848453 5.423550 -0.534829
v 2.638042 5.423550 -0.381956
v 2.377958 5.423550 -0.381956
v 2.167547 5.423550 -0.534829
v 2.087177 5.423550 -0.782182
v 2.167547 5.423550 -1.029536
v 2.377958 5.423550 -1.182409
v 2.638042 5.423550 -1.182409
v 2.848453 5.423550 -1.029536
v 2.750962 5.354701 -0.782182
v 2.704561 5.354701 -0.639373
v 2.583080 5.354701 -0.551111
v 2.432920 5.354701 -0.551111
v 2.311439 5.354701 -0.639373
v 2.265038 5.354701 -0.782182
v 2.311439 5.354701 -0.924992
v 2.432920 5.354701 -1.013254
v 2.583080 5.354701 -1.013254
v 2.704561 5.354701 -0.924992
f 5241 5244 5243
f 5242 5283 5284
f 5243 5244 5254
f 5243 5254 5253
f 5253 5254 5264
f 5253 5264 5263
f 5263 5264 5274
f 5263 5274 5273
f 5273 5274 5284
f 5273 5284 5283
f 5241 5245 5244
f 5242 5284 5285
f 5244 5245 5255
f 5244 5255 5254
f 5254 5255 5265
f 5254 5265 5264
f 5264 5265 5275
f 5264 5275 5274
f 5274 5275 5285
f 5274 5285 5284
f 5241 5246 5245
f 5242 5285 5286
f 5245 5246 5256
f 5245 5256 5255
f 5255 5256 5266
f 5255 5266 5265
f 5265 5266 5276
f 5265 5276 5275
f 5275 5276 5286
f 5275 5286 5285
f 5241 5247 5246
f 5242 5286 5287
f 5246 5247 5257
f 5246 5257 5256
f 5256 5257 5267
f 5256 5267 5266
f 5266 5267 5277
f 5266 5277 5276
f 5276 5277 5287
f 5276 5287 5286
f 5241 5248 5247
f 5242 5287 5288
f 5247 5248 5258
f 5247 5258 5257
f 5257 5258 5268
f 5257 5268 5267
f 5267 5268 5278
f 5267 5278 5277
f 5277 5278 5288
f 5277 5288 5287
f 5241 5249 5248
f 5242 5288 5289
f 5248 5249 5259
f 5248 5259 5258
f 5258 5259 5269
f 5258 5269 5268
f 5268 5269 5279
f 5268 5279 5278
f 5278 5279 5289
f 5278 5289 5288
f 5241 5250 5249
f 5242 5289 5290
f 5249 5250 5260
f 5249 5260 5259
f 5259 5260 5270
f 5259 5270 5269
f 5269 5270 5280
f 5269 5280 5279
f 5279 5280 5290
f 5279 5290 5289
f 5241 5251 5250
f 5242 5290 5291
f 5250 5251 5261
f 5250 5261 5260
f 5260 5261 5271
f 5260 5271 5270
f 5270 5271 5281
f 5270 5281 5280
f 5280 5281 5291
f 5280 5291 5290
f 5241 5252 5251
f 5242 5291 5292
f 5251 5252 5262
f 5251 5262 5261
f 5261 5262 5272
f 5261 5272 5271
f 5271 5272 5282
f 5271 5282 5281
f 5281 5282 5292
f 5281 5292 5291
f 5241 5243 5252
f 5242 5292 5283
f 5252 5243 5253
f 5252 5253 5262
f 5262 5253 5263
f 5262 5263 5272
f 5272 5263 5273
f 5272 5273 5282
f 5282 5273 5283
f 5282 5283 5292
o MeadowDaisyPetal_21
usemtl color_126
s off
v 3.016356 5.705700 -1.151525
v 3.016356 5.329500 -1.151525
v 3.259319 5.680499 -1.151525
v 3.212917 5.680499 -1.008715
v 3.091436 5.680499 -0.920454
v 2.941277 5.680499 -0.920454
v 2.819796 5.680499 -1.008715
v 2.773394 5.680499 -1.151525
v 2.819796 5.680499 -1.294335
v 2.941277 5.680499 -1.382596
v 3.091436 5.680499 -1.382596
v 3.212917 5.680499 -1.294335
v 3.437180 5.611650 -1.151525
v 3.356810 5.611650 -0.904171
v 3.146398 5.611650 -0.751298
v 2.886315 5.611650 -0.751298
v 2.675903 5.611650 -0.904171
v 2.595533 5.611650 -1.151525
v 2.675903 5.611650 -1.398879
v 2.886315 5.611650 -1.551752
v 3.146398 5.611650 -1.551752
v 3.356810 5.611650 -1.398879
v 3.502281 5.517600 -1.151525
v 3.409478 5.517600 -0.865905
v 3.166515 5.517600 -0.689383
v 2.866197 5.517600 -0.689383
v 2.623235 5.517600 -0.865905
v 2.530431 5.517600 -1.151525
v 2.623235 5.517600 -1.437145
v 2.866197 5.517600 -1.613667
v 3.166515 5.517600 -1.613667
v 3.409478 5.517600 -1.437145
v 3.437180 5.423550 -1.151525
v 3.356810 5.423550 -0.904171
v 3.146398 5.423550 -0.751298
v 2.886315 5.423550 -0.751298
v 2.675903 5.423550 -0.904171
v 2.595533 5.423550 -1.151525
v 2.675903 5.423550 -1.398879
v 2.886315 5.423550 -1.551752
v 3.146398 5.423550 -1.551752
v 3.356810 5.423550 -1.398879
v 3.259319 5.354701 -1.151525
v 3.212917 5.354701 -1.008715
v 3.091436 5.354701 -0.920454
v 2.941277 5.354701 -0.920454
v 2.819796 5.354701 -1.008715
v 2.773394 5.354701 -1.151525
v 2.819796 5.354701 -1.294335
v 2.941277 5.354701 -1.382596
v 3.091436 5.354701 -1.382596
v 3.212917 5.354701 -1.294335
f 5293 5296 5295
f 5294 5335 5336
f 5295 5296 5306
f 5295 5306 5305
f 5305 5306 5316
f 5305 5316 5315
f 5315 5316 5326
f 5315 5326 5325
f 5325 5326 5336
f 5325 5336 5335
f 5293 5297 5296
f 5294 5336 5337
f 5296 5297 5307
f 5296 5307 5306
f 5306 5307 5317
f 5306 5317 5316
f 5316 5317 5327
f 5316 5327 5326
f 5326 5327 5337
f 5326 5337 5336
f 5293 5298 5297
f 5294 5337 5338
f 5297 5298 5308
f 5297 5308 5307
f 5307 5308 5318
f 5307 5318 5317
f 5317 5318 5328
f 5317 5328 5327
f 5327 5328 5338
f 5327 5338 5337
f 5293 5299 5298
f 5294 5338 5339
f 5298 5299 5309
f 5298 5309 5308
f 5308 5309 5319
f 5308 5319 5318
f 5318 5319 5329
f 5318 5329 5328
f 5328 5329 5339
f 5328 5339 5338
f 5293 5300 5299
f 5294 5339 5340
f 5299 5300 5310
f 5299 5310 5309
f 5309 5310 5320
f 5309 5320 5319
f 5319 5320 5330
f 5319 5330 5329
f 5329 5330 5340
f 5329 5340 5339
f 5293 5301 5300
f 5294 5340 5341
f 5300 5301 5311
f 5300 5311 5310
f 5310 5311 5321
f 5310 5321 5320
f 5320 5321 5331
f 5320 5331 5330
f 5330 5331 5341
f 5330 5341 5340
f 5293 5302 5301
f 5294 5341 5342
f 5301 5302 5312
f 5301 5312 5311
f 5311 5312 5322
f 5311 5322 5321
f 5321 5322 5332
f 5321 5332 5331
f 5331 5332 5342
f 5331 5342 5341
f 5293 5303 5302
f 5294 5342 5343
f 5302 5303 5313
f 5302 5313 5312
f 5312 5313 5323
f 5312 5323 5322
f 5322 5323 5333
f 5322 5333 5332
f 5332 5333 5343
f 5332 5343 5342
f 5293 5304 5303
f 5294 5343 5344
f 5303 5304 5314
f 5303 5314 5313
f 5313 5314 5324
f 5313 5324 5323
f 5323 5324 5334
f 5323 5334 5333
f 5333 5334 5344
f 5333 5344 5343
f 5293 5295 5304
f 5294 5344 5335
f 5304 5295 5305
f 5304 5305 5314
f 5314 5305 5315
f 5314 5315 5324
f 5324 5315 5325
f 5324 5325 5334
f 5334 5325 5335
f 5334 5335 5344
o MeadowDaisyPetal_22
usemtl color_127
s off
v 2.822182 5.705700 -1.749134
v 2.822182 5.329500 -1.749134
v 3.065144 5.680499 -1.749134
v 3.018742 5.680499 -1.606324
v 2.897261 5.680499 -1.518063
v 2.747102 5.680499 -1.518063
v 2.625621 5.680499 -1.606324
v 2.579219 5.680499 -1.749134
v 2.625621 5.680499 -1.891944
v 2.747102 5.680499 -1.980205
v 2.897261 5.680499 -1.980205
v 3.018742 5.680499 -1.891944
v 3.243005 5.611650 -1.749134
v 3.162635 5.611650 -1.501780
v 2.952223 5.611650 -1.348907
v 2.692140 5.611650 -1.348907
v 2.481728 5.611650 -1.501780
v 2.401358 5.611650 -1.749134
v 2.481728 5.611650 -1.996488
v 2.692140 5.611650 -2.149361
v 2.952223 5.611650 -2.149361
v 3.162635 5.611650 -1.996488
v 3.308107 5.517600 -1.749134
v 3.215303 5.517600 -1.463514
v 2.972341 5.517600 -1.286992
v 2.672022 5.517600 -1.286992
v 2.429060 5.517600 -1.463514
v 2.336257 5.517600 -1.749134
v 2.429060 5.517600 -2.034753
v 2.672022 5.517600 -2.211276
v 2.972341 5.517600 -2.211276
v 3.215303 5.517600 -2.034753
v 3.243005 5.423550 -1.749134
v 3.162635 5.423550 -1.501780
v 2.952223 5.423550 -1.348907
v 2.692140 5.423550 -1.348907
v 2.481728 5.423550 -1.501780
v 2.401358 5.423550 -1.749134
v 2.481728 5.423550 -1.996488
v 2.692140 5.423550 -2.149361
v 2.952223 5.423550 -2.149361
v 3.162635 5.423550 -1.996488
v 3.065144 5.354701 -1.749134
v 3.018742 5.354701 -1.606324
v 2.897261 5.354701 -1.518063
v 2.747102 5.354701 -1.518063
v 2.625621 5.354701 -1.606324
v 2.579219 5.354701 -1.749134
v 2.625621 5.354701 -1.891944
v 2.747102 5.354701 -1.980205
v 2.897261 5.354701 -1.980205
v 3.018742 5.354701 -1.891944
f 5345 5348 5347
f 5346 5387 5388
f 5347 5348 5358
f 5347 5358 5357
f 5357 5358 5368
f 5357 5368 5367
f 5367 5368 5378
f 5367 5378 5377
f 5377 5378 5388
f 5377 5388 5387
f 5345 5349 5348
f 5346 5388 5389
f 5348 5349 5359
f 5348 5359 5358
f 5358 5359 5369
f 5358 5369 5368
f 5368 5369 5379
f 5368 5379 5378
f 5378 5379 5389
f 5378 5389 5388
f 5345 5350 5349
f 5346 5389 5390
f 5349 5350 5360
f 5349 5360 5359
f 5359 5360 5370
f 5359 5370 5369
f 5369 5370 5380
f 5369 5380 5379
f 5379 5380 5390
f 5379 5390 5389
f 5345 5351 5350
f 5346 5390 5391
f 5350 5351 5361
f 5350 5361 5360
f 5360 5361 5371
f 5360 5371 5370
f 5370 5371 5381
f 5370 5381 5380
f 5380 5381 5391
f 5380 5391 5390
f 5345 5352 5351
f 5346 5391 5392
f 5351 5352 5362
f 5351 5362 5361
f 5361 5362 5372
f 5361 5372 5371
f 5371 5372 5382
f 5371 5382 5381
f 5381 5382 5392
f 5381 5392 5391
f 5345 5353 5352
f 5346 5392 5393
f 5352 5353 5363
f 5352 5363 5362
f 5362 5363 5373
f 5362 5373 5372
f 5372 5373 5383
f 5372 5383 5382
f 5382 5383 5393
f 5382 5393 5392
f 5345 5354 5353
f 5346 5393 5394
f 5353 5354 5364
f 5353 5364 5363
f 5363 5364 5374
f 5363 5374 5373
f 5373 5374 5384
f 5373 5384 5383
f 5383 5384 5394
f 5383 5394 5393
f 5345 5355 5354
f 5346 5394 5395
f 5354 5355 5365
f 5354 5365 5364
f 5364 5365 5375
f 5364 5375 5374
f 5374 5375 5385
f 5374 5385 5384
f 5384 5385 5395
f 5384 5395 5394
f 5345 5356 5355
f 5346 5395 5396
f 5355 5356 5366
f 5355 5366 5365
f 5365 5366 5376
f 5365 5376 5375
f 5375 5376 5386
f 5375 5386 5385
f 5385 5386 5396
f 5385 5396 5395
f 5345 5347 5356
f 5346 5396 5387
f 5356 5347 5357
f 5356 5357 5366
f 5366 5357 5367
f 5366 5367 5376
f 5376 5367 5377
f 5376 5377 5386
f 5386 5377 5387
f 5386 5387 5396
o MeadowDaisyPetal_23
usemtl color_128
s off
v 2.193818 5.705700 -1.749134
v 2.193818 5.329500 -1.749134
v 2.436781 5.680499 -1.749134
v 2.390379 5.680499 -1.606324
v 2.268898 5.680499 -1.518063
v 2.118739 5.680499 -1.518063
v 1.997258 5.680499 -1.606324
v 1.950856 5.680499 -1.749134
v 1.997258 5.680499 -1.891944
v 2.118739 5.680499 -1.980205
v 2.268898 5.680499 -1.980205
v 2.390379 5.680499 -1.891944
v 2.614642 5.611650 -1.749134
v 2.534272 5.611650 -1.501780
v 2.323860 5.611650 -1.348907
v 2.063777 5.611650 -1.348907
v 1.853365 5.611650 -1.501780
v 1.772995 5.611650 -1.749134
v 1.853365 5.611650 -1.996488
v 2.063777 5.611650 -2.149361
v 2.323860 5.611650 -2.149361
v 2.534272 5.611650 -1.996488
v 2.679743 5.517600 -1.749134
v 2.586940 5.517600 -1.463514
v 2.343978 5.517600 -1.286992
v 2.043659 5.517600 -1.286992
v 1.800697 5.517600 -1.463514
v 1.707893 5.517600 -1.749134
v 1.800697 5.517600 -2.034753
v 2.043659 5.517600 -2.211276
v 2.343978 5.517600 -2.211276
v 2.586940 5.517600 -2.034753
v 2.614642 5.423550 -1.749134
v 2.534272 5.423550 -1.501780
v 2.323860 5.423550 -1.348907
v 2.063777 5.423550 -1.348907
v 1.853365 5.423550 -1.501780
v 1.772995 5.423550 -1.749134
v 1.853365 5.423550 -1.996488
v 2.063777 5.423550 -2.149361
v 2.323860 5.423550 -2.149361
v 2.534272 5.423550 -1.996488
v 2.436781 5.354701 -1.749134
v 2.390379 5.354701 -1.606324
v 2.268898 5.354701 -1.518063
v 2.118739 5.354701 -1.518063
v 1.997258 5.354701 -1.606324
v 1.950856 5.354701 -1.749134
v 1.997258 5.354701 -1.891944
v 2.118739 5.354701 -1.980205
v 2.268898 5.354701 -1.980205
v 2.390379 5.354701 -1.891944
f 5397 5400 5399
f 5398 5439 5440
f 5399 5400 5410
f 5399 5410 5409
f 5409 5410 5420
f 5409 5420 5419
f 5419 5420 5430
f 5419 5430 5429
f 5429 5430 5440
f 5429 5440 5439
f 5397 5401 5400
f 5398 5440 5441
f 5400 5401 5411
f 5400 5411 5410
f 5410 5411 5421
f 5410 5421 5420
f 5420 5421 5431
f 5420 5431 5430
f 5430 5431 5441
f 5430 5441 5440
f 5397 5402 5401
f 5398 5441 5442
f 5401 5402 5412
f 5401 5412 5411
f 5411 5412 5422
f 5411 5422 5421
f 5421 5422 5432
f 5421 5432 5431
f 5431 5432 5442
f 5431 5442 5441
f 5397 5403 5402
f 5398 5442 5443
f 5402 5403 5413
f 5402 5413 5412
f 5412 5413 5423
f 5412 5423 5422
f 5422 5423 5433
f 5422 5433 5432
f 5432 5433 5443
f 5432 5443 5442
f 5397 5404 5403
f 5398 5443 5444
f 5403 5404 5414
f 5403 5414 5413
f 5413 5414 5424
f 5413 5424 5423
f 5423 5424 5434
f 5423 5434 5433
f 5433 5434 5444
f 5433 5444 5443
f 5397 5405 5404
f 5398 5444 5445
f 5404 5405 5415
f 5404 5415 5414
f 5414 5415 5425
f 5414 5425 5424
f 5424 5425 5435
f 5424 5435 5434
f 5434 5435 5445
f 5434 5445 5444
f 5397 5406 5405
f 5398 5445 5446
f 5405 5406 5416
f 5405 5416 5415
f 5415 5416 5426
f 5415 5426 5425
f 5425 5426 5436
f 5425 5436 5435
f 5435 5436 5446
f 5435 5446 5445
f 5397 5407 5406
f 5398 5446 5447
f 5406 5407 5417
f 5406 5417 5416
f 5416 5417 5427
f 5416 5427 5426
f 5426 5427 5437
f 5426 5437 5436
f 5436 5437 5447
f 5436 5447 5446
f 5397 5408 5407
f 5398 5447 5448
f 5407 5408 5418
f 5407 5418 5417
f 5417 5418 5428
f 5417 5428 5427
f 5427 5428 5438
f 5427 5438 5437
f 5437 5438 5448
f 5437 5448 5447
f 5397 5399 5408
f 5398 5448 5439
f 5408 5399 5409
f 5408 5409 5418
f 5418 5409 5419
f 5418 5419 5428
f 5428 5419 5429
f 5428 5429 5438
f 5438 5429 5439
f 5438 5439 5448
o MeadowDaisyPetal_24
usemtl color_129
s off
v 1.999644 5.705700 -1.151525
v 1.999644 5.329500 -1.151525
v 2.242606 5.680499 -1.151525
v 2.196204 5.680499 -1.008715
v 2.074723 5.680499 -0.920454
v 1.924564 5.680499 -0.920454
v 1.803083 5.680499 -1.008715
v 1.756681 5.680499 -1.151525
v 1.803083 5.680499 -1.294335
v 1.924564 5.680499 -1.382596
v 2.074723 5.680499 -1.382596
v 2.196204 5.680499 -1.294335
v 2.420467 5.611650 -1.151525
v 2.340097 5.611650 -0.904171
v 2.129685 5.611650 -0.751298
v 1.869602 5.611650 -0.751298
v 1.659190 5.611650 -0.904171
v 1.578820 5.611650 -1.151525
v 1.659190 5.611650 -1.398879
v 1.869602 5.611650 -1.551752
v 2.129685 5.611650 -1.551752
v 2.340097 5.611650 -1.398879
v 2.485569 5.517600 -1.151525
v 2.392765 5.517600 -0.865905
v 2.149803 5.517600 -0.689383
v 1.849485 5.517600 -0.689383
v 1.606522 5.517600 -0.865905
v 1.513719 5.517600 -1.151525
v 1.606522 5.517600 -1.437145
v 1.849485 5.517600 -1.613667
v 2.149803 5.517600 -1.613667
v 2.392765 5.517600 -1.437145
v 2.420467 5.423550 -1.151525
v 2.340097 5.423550 -0.904171
v 2.129685 5.423550 -0.751298
v 1.869602 5.423550 -0.751298
v 1.659190 5.423550 -0.904171
v 1.578820 5.423550 -1.151525
v 1.659190 5.423550 -1.398879
v 1.869602 5.423550 -1.551752
v 2.129685 5.423550 -1.551752
v 2.340097 5.423550 -1.398879
v 2.242606 5.354701 -1.151525
v 2.196204 5.354701 -1.008715
v 2.074723 5.354701 -0.920454
v 1.924564 5.354701 -0.920454
v 1.803083 5.354701 -1.008715
v 1.756681 5.354701 -1.151525
v 1.803083 5.354701 -1.294335
v 1.924564 5.354701 -1.382596
v 2.074723 5.354701 -1.382596
v 2.196204 5.354701 -1.294335
f 5449 5452 5451
f 5450 5491 5492
f 5451 5452 5462
f 5451 5462 5461
f 5461 5462 5472
f 5461 5472 5471
f 5471 5472 5482
f 5471 5482 5481
f 5481 5482 5492
f 5481 5492 5491
f 5449 5453 5452
f 5450 5492 5493
f 5452 5453 5463
f 5452 5463 5462
f 5462 5463 5473
f 5462 5473 5472
f 5472 5473 5483
f 5472 5483 5482
f 5482 5483 5493
f 5482 5493 5492
f 5449 5454 5453
f 5450 5493 5494
f 5453 5454 5464
f 5453 5464 5463
f 5463 5464 5474
f 5463 5474 5473
f 5473 5474 5484
f 5473 5484 5483
f 5483 5484 5494
f 5483 5494 5493
f 5449 5455 5454
f 5450 5494 5495
f 5454 5455 5465
f 5454 5465 5464
f 5464 5465 5475
f 5464 5475 5474
f 5474 5475 5485
f 5474 5485 5484
f 5484 5485 5495
f 5484 5495 5494
f 5449 5456 5455
f 5450 5495 5496
f 5455 5456 5466
f 5455 5466 5465
f 5465 5466 5476
f 5465 5476 5475
f 5475 5476 5486
f 5475 5486 5485
f 5485 5486 5496
f 5485 5496 5495
f 5449 5457 5456
f 5450 5496 5497
f 5456 5457 5467
f 5456 5467 5466
f 5466 5467 5477
f 5466 5477 5476
f 5476 5477 5487
f 5476 5487 5486
f 5486 5487 5497
f 5486 5497 5496
f 5449 5458 5457
f 5450 5497 5498
f 5457 5458 5468
f 5457 5468 5467
f 5467 5468 5478
f 5467 5478 5477
f 5477 5478 5488
f 5477 5488 5487
f 5487 5488 5498
f 5487 5498 5497
f 5449 5459 5458
f 5450 5498 5499
f 5458 5459 5469
f 5458 5469 5468
f 5468 5469 5479
f 5468 5479 5478
f 5478 5479 5489
f 5478 5489 5488
f 5488 5489 5499
f 5488 5499 5498
f 5449 5460 5459
f 5450 5499 5500
f 5459 5460 5470
f 5459 5470 5469
f 5469 5470 5480
f 5469 5480 5479
f 5479 5480 5490
f 5479 5490 5489
f 5489 5490 5500
f 5489 5500 5499
f 5449 5451 5460
f 5450 5500 5491
f 5460 5451 5461
f 5460 5461 5470
f 5470 5461 5471
f 5470 5471 5480
f 5480 5471 5481
f 5480 5481 5490
f 5490 5481 5491
f 5490 5491 5500
o MeadowDaisyHeart_4
usemtl color_130
s off
v 2.508000 5.909475 -1.316700
v 2.508000 5.439225 -1.316700
v 2.617333 5.877974 -1.316700
v 2.596452 5.877974 -1.252436
v 2.541786 5.877974 -1.212718
v 2.474214 5.877974 -1.212718
v 2.419548 5.877974 -1.252436
v 2.398667 5.877974 -1.316700
v 2.419548 5.877974 -1.380964
v 2.474214 5.877974 -1.420682
v 2.541786 5.877974 -1.420682
v 2.596452 5.877974 -1.380964
v 2.697371 5.791912 -1.316700
v 2.661204 5.791912 -1.205391
v 2.566519 5.791912 -1.136598
v 2.449481 5.791912 -1.136598
v 2.354796 5.791912 -1.205391
v 2.318629 5.791912 -1.316700
v 2.354796 5.791912 -1.428009
v 2.449481 5.791912 -1.496802
v 2.566519 5.791912 -1.496802
v 2.661204 5.791912 -1.428009
v 2.726666 5.674350 -1.316700
v 2.684905 5.674350 -1.188171
v 2.575572 5.674350 -1.108736
v 2.440428 5.674350 -1.108736
v 2.331095 5.674350 -1.188171
v 2.289334 5.674350 -1.316700
v 2.331095 5.674350 -1.445229
v 2.440428 5.674350 -1.524664
v 2.575572 5.674350 -1.524664
v 2.684905 5.674350 -1.445229
v 2.697371 5.556787 -1.316700
v 2.661204 5.556787 -1.205391
v 2.566519 5.556787 -1.136598
v 2.449481 5.556787 -1.136598
v 2.354796 5.556787 -1.205391
v 2.318629 5.556787 -1.316700
v 2.354796 5.556787 -1.428009
v 2.449481 5.556787 -1.496802
v 2.566519 5.556787 -1.496802
v 2.661204 5.556787 -1.428009
v 2.617333 5.470726 -1.316700
v 2.596452 5.470726 -1.252436
v 2.541786 5.470726 -1.212718
v 2.474214 5.470726 -1.212718
v 2.419548 5.470726 -1.252436
v 2.398667 5.470726 -1.316700
v 2.419548 5.470726 -1.380964
v 2.474214 5.470726 -1.420682
v 2.541786 5.470726 -1.420682
v 2.596452 5.470726 -1.380964
f 5501 5504 5503
f 5502 5543 5544
f 5503 5504 5514
f 5503 5514 5513
f 5513 5514 5524
f 5513 5524 5523
f 5523 5524 5534
f 5523 5534 5533
f 5533 5534 5544
f 5533 5544 5543
f 5501 5505 5504
f 5502 5544 5545
f 5504 5505 5515
f 5504 5515 5514
f 5514 5515 5525
f 5514 5525 5524
f 5524 5525 5535
f 5524 5535 5534
f 5534 5535 5545
f 5534 5545 5544
f 5501 5506 5505
f 5502 5545 5546
f 5505 5506 5516
f 5505 5516 5515
f 5515 5516 5526
f 5515 5526 5525
f 5525 5526 5536
f 5525 5536 5535
f 5535 5536 5546
f 5535 5546 5545
f 5501 5507 5506
f 5502 5546 5547
f 5506 5507 5517
f 5506 5517 5516
f 5516 5517 5527
f 5516 5527 5526
f 5526 5527 5537
f 5526 5537 5536
f 5536 5537 5547
f 5536 5547 5546
f 5501 5508 5507
f 5502 5547 5548
f 5507 5508 5518
f 5507 5518 5517
f 5517 5518 5528
f 5517 5528 5527
f 5527 5528 5538
f 5527 5538 5537
f 5537 5538 5548
f 5537 5548 5547
f 5501 5509 5508
f 5502 5548 5549
f 5508 5509 5519
f 5508 5519 5518
f 5518 5519 5529
f 5518 5529 5528
f 5528 5529 5539
f 5528 5539 5538
f 5538 5539 5549
f 5538 5549 5548
f 5501 5510 5509
f 5502 5549 5550
f 5509 5510 5520
f 5509 5520 5519
f 5519 5520 5530
f 5519 5530 5529
f 5529 5530 5540
f 5529 5540 5539
f 5539 5540 5550
f 5539 5550 5549
f 5501 5511 5510
f 5502 5550 5551
f 5510 5511 5521
f 5510 5521 5520
f 5520 5521 5531
f 5520 5531 5530
f 5530 5531 5541
f 5530 5541 5540
f 5540 5541 5551
f 5540 5551 5550
f 5501 5512 5511
f 5502 5551 5552
f 5511 5512 5522
f 5511 5522 5521
f 5521 5522 5532
f 5521 5532 5531
f 5531 5532 5542
f 5531 5542 5541
f 5541 5542 5552
f 5541 5552 5551
f 5501 5503 5512
f 5502 5552 5543
f 5512 5503 5513
f 5512 5513 5522
f 5522 5513 5523
f 5522 5523 5532
f 5532 5523 5533
f 5532 5533 5542
f 5542 5533 5543
f 5542 5543 5552
o MeadowDaisyPetal_25
usemtl color_131
s off
v -2.508000 5.705700 -0.782182
v -2.508000 5.329500 -0.782182
v -2.265038 5.680499 -0.782182
v -2.311439 5.680499 -0.639373
v -2.432920 5.680499 -0.551111
v -2.583080 5.680499 -0.551111
v -2.704561 5.680499 -0.639373
v -2.750962 5.680499 -0.782182
v -2.704561 5.680499 -0.924992
v -2.583080 5.680499 -1.013254
v -2.432920 5.680499 -1.013254
v -2.311439 5.680499 -0.924992
v -2.087177 5.611650 -0.782182
v -2.167547 5.611650 -0.534829
v -2.377958 5.611650 -0.381956
v -2.638042 5.611650 -0.381956
v -2.848453 5.611650 -0.534829
v -2.928823 5.611650 -0.782182
v -2.848453 5.611650 -1.029536
v -2.638042 5.611650 -1.182409
v -2.377958 5.611650 -1.182409
v -2.167547 5.611650 -1.029536
v -2.022075 5.517600 -0.782182
v -2.114878 5.517600 -0.496563
v -2.357841 5.517600 -0.320040
v -2.658159 5.517600 -0.320040
v -2.901122 5.517600 -0.496563
v -2.993925 5.517600 -0.782182
v -2.901122 5.517600 -1.067802
v -2.658159 5.517600 -1.244325
v -2.357841 5.517600 -1.244325
v -2.114878 5.517600 -1.067802
v -2.087177 5.423550 -0.782182
v -2.167547 5.423550 -0.534829
v -2.377958 5.423550 -0.381956
v -2.638042 5.423550 -0.381956
v -2.848453 5.423550 -0.534829
v -2.928823 5.423550 -0.782182
v -2.848453 5.423550 -1.029536
v -2.638042 5.423550 -1.182409
v -2.377958 5.423550 -1.182409
v -2.167547 5.423550 -1.029536
v -2.265038 5.354701 -0.782182
v -2.311439 5.354701 -0.639373
v -2.432920 5.354701 -0.551111
v -2.583080 5.354701 -0.551111
v -2.704561 5.354701 -0.639373
v -2.750962 5.354701 -0.782182
v -2.704561 5.354701 -0.924992
v -2.583080 5.354701 -1.013254
v -2.432920 5.354701 -1.013254
v -2.311439 5.354701 -0.924992
f 5553 5556 5555
f 5554 5595 5596
f 5555 5556 5566
f 5555 5566 5565
f 5565 5566 5576
f 5565 5576 5575
f 5575 5576 5586
f 5575 5586 5585
f 5585 5586 5596
f 5585 5596 5595
f 5553 5557 5556
f 5554 5596 5597
f 5556 5557 5567
f 5556 5567 5566
f 5566 5567 5577
f 5566 5577 5576
f 5576 5577 5587
f 5576 5587 5586
f 5586 5587 5597
f 5586 5597 5596
f 5553 5558 5557
f 5554 5597 5598
f 5557 5558 5568
f 5557 5568 5567
f 5567 5568 5578
f 5567 5578 5577
f 5577 5578 5588
f 5577 5588 5587
f 5587 5588 5598
f 5587 5598 5597
f 5553 5559 5558
f 5554 5598 5599
f 5558 5559 5569
f 5558 5569 5568
f 5568 5569 5579
f 5568 5579 5578
f 5578 5579 5589
f 5578 5589 5588
f 5588 5589 5599
f 5588 5599 5598
f 5553 5560 5559
f 5554 5599 5600
f 5559 5560 5570
f 5559 5570 5569
f 5569 5570 5580
f 5569 5580 5579
f 5579 5580 5590
f 5579 5590 5589
f 5589 5590 5600
f 5589 5600 5599
f 5553 5561 5560
f 5554 5600 5601
f 5560 5561 5571
f 5560 5571 5570
f 5570 5571 5581
f 5570 5581 5580
f 5580 5581 5591
f 5580 5591 5590
f 5590 5591 5601
f 5590 5601 5600
f 5553 5562 5561
f 5554 5601 5602
f 5561 5562 5572
f 5561 5572 5571
f 5571 5572 5582
f 5571 5582 5581
f 5581 5582 5592
f 5581 5592 5591
f 5591 5592 5602
f 5591 5602 5601
f 5553 5563 5562
f 5554 5602 5603
f 5562 5563 5573
f 5562 5573 5572
f 5572 5573 5583
f 5572 5583 5582
f 5582 5583 5593
f 5582 5593 5592
f 5592 5593 5603
f 5592 5603 5602
f 5553 5564 5563
f 5554 5603 5604
f 5563 5564 5574
f 5563 5574 5573
f 5573 5574 5584
f 5573 5584 5583
f 5583 5584 5594
f 5583 5594 5593
f 5593 5594 5604
f 5593 5604 5603
f 5553 5555 5564
f 5554 5604 5595
f 5564 5555 5565
f 5564 5565 5574
f 5574 5565 5575
f 5574 5575 5584
f 5584 5575 5585
f 5584 5585 5594
f 5594 5585 5595
f 5594 5595 5604
o MeadowDaisyPetal_26
usemtl color_132
s off
v -1.999644 5.705700 -1.151525
v -1.999644 5.329500 -1.151525
v -1.756681 5.680499 -1.151525
v -1.803083 5.680499 -1.008715
v -1.924564 5.680499 -0.920454
v -2.074723 5.680499 -0.920454
v -2.196204 5.680499 -1.008715
v -2.242606 5.680499 -1.151525
v -2.196204 5.680499 -1.294335
v -2.074723 5.680499 -1.382596
v -1.924564 5.680499 -1.382596
v -1.803083 5.680499 -1.294335
v -1.578820 5.611650 -1.151525
v -1.659190 5.611650 -0.904171
v -1.869602 5.611650 -0.751298
v -2.129685 5.611650 -0.751298
v -2.340097 5.611650 -0.904171
v -2.420467 5.611650 -1.151525
v -2.340097 5.611650 -1.398879
v -2.129685 5.611650 -1.551752
v -1.869602 5.611650 -1.551752
v -1.659190 5.611650 -1.398879
v -1.513719 5.517600 -1.151525
v -1.606522 5.517600 -0.865905
v -1.849485 5.517600 -0.689383
v -2.149803 5.517600 -0.689383
v -2.392765 5.517600 -0.865905
v -2.485569 5.517600 -1.151525
v -2.392765 5.517600 -1.437145
v -2.149803 5.517600 -1.613667
v -1.849485 5.517600 -1.613667
v -1.606522 5.517600 -1.437145
v -1.578820 5.423550 -1.151525
v -1.659190 5.423550 -0.904171
v -1.869602 5.423550 -0.751298
v -2.129685 5.423550 -0.751298
v -2.340097 5.423550 -0.904171
v -2.420467 5.423550 -1.151525
v -2.340097 5.423550 -1.398879
v -2.129685 5.423550 -1.551752
v -1.869602 5.423550 -1.551752
v -1.659190 5.423550 -1.398879
v -1.756681 5.354701 -1.151525
v -1.803083 5.354701 -1.008715
v -1.924564 5.354701 -0.920454
v -2.074723 5.354701 -0.920454
v -2.196204 5.354701 -1.008715
v -2.242606 5.354701 -1.151525
v -2.196204 5.354701 -1.294335
v -2.074723 5.354701 -1.382596
v -1.924564 5.354701 -1.382596
v -1.803083 5.354701 -1.294335
f 5605 5608 5607
f 5606 5647 5648
f 5607 5608 5618
f 5607 5618 5617
f 5617 5618 5628
f 5617 5628 5627
f 5627 5628 5638
f 5627 5638 5637
f 5637 5638 5648
f 5637 5648 5647
f 5605 5609 5608
f 5606 5648 5649
f 5608 5609 5619
f 5608 5619 5618
f 5618 5619 5629
f 5618 5629 5628
f 5628 5629 5639
f 5628 5639 5638
f 5638 5639 5649
f 5638 5649 5648
f 5605 5610 5609
f 5606 5649 5650
f 5609 5610 5620
f 5609 5620 5619
f 5619 5620 5630
f 5619 5630 5629
f 5629 5630 5640
f 5629 5640 5639
f 5639 5640 5650
f 5639 5650 5649
f 5605 5611 5610
f 5606 5650 5651
f 5610 5611 5621
f 5610 5621 5620
f 5620 5621 5631
f 5620 5631 5630
f 5630 5631 5641
f 5630 5641 5640
f 5640 5641 5651
f 5640 5651 5650
f 5605 5612 5611
f 5606 5651 5652
f 5611 5612 5622
f 5611 5622 5621
f 5621 5622 5632
f 5621 5632 5631
f 5631 5632 5642
f 5631 5642 5641
f 5641 5642 5652
f 5641 5652 5651
f 5605 5613 5612
f 5606 5652 5653
f 5612 5613 5623
f 5612 5623 5622
f 5622 5623 5633
f 5622 5633 5632
f 5632 5633 5643
f 5632 5643 5642
f 5642 5643 5653
f 5642 5653 5652
f 5605 5614 5613
f 5606 5653 5654
f 5613 5614 5624
f 5613 5624 5623
f 5623 5624 5634
f 5623 5634 5633
f 5633 5634 5644
f 5633 5644 5643
f 5643 5644 5654
f 5643 5654 5653
f 5605 5615 5614
f 5606 5654 5655
f 5614 5615 5625
f 5614 5625 5624
f 5624 5625 5635
f 5624 5635 5634
f 5634 5635 5645
f 5634 5645 5644
f 5644 5645 5655
f 5644 5655 5654
f 5605 5616 5615
f 5606 5655 5656
f 5615 5616 5626
f 5615 5626 5625
f 5625 5626 5636
f 5625 5636 5635
f 5635 5636 5646
f 5635 5646 5645
f 5645 5646 5656
f 5645 5656 5655
f 5605 5607 5616
f 5606 5656 5647
f 5616 5607 5617
f 5616 5617 5626
f 5626 5617 5627
f 5626 5627 5636
f 5636 5627 5637
f 5636 5637 5646
f 5646 5637 5647
f 5646 5647 5656
o MeadowDaisyPetal_27
usemtl color_133
s off
v -2.193818 5.705700 -1.749134
v -2.193818 5.329500 -1.749134
v -1.950856 5.680499 -1.749134
v -1.997258 5.680499 -1.606324
v -2.118739 5.680499 -1.518063
v -2.268898 5.680499 -1.518063
v -2.390379 5.680499 -1.606324
v -2.436781 5.680499 -1.749134
v -2.390379 5.680499 -1.891944
v -2.268898 5.680499 -1.980205
v -2.118739 5.680499 -1.980205
v -1.997258 5.680499 -1.891944
v -1.772995 5.611650 -1.749134
v -1.853365 5.611650 -1.501780
v -2.063777 5.611650 -1.348907
v -2.323860 5.611650 -1.348907
v -2.534272 5.611650 -1.501780
v -2.614642 5.611650 -1.749134
v -2.534272 5.611650 -1.996488
v -2.323860 5.611650 -2.149361
v -2.063777 5.611650 -2.149361
v -1.853365 5.611650 -1.996488
v -1.707893 5.517600 -1.749134
v -1.800697 5.517600 -1.463514
v -2.043659 5.517600 -1.286992
v -2.343978 5.517600 -1.286992
v -2.586940 5.517600 -1.463514
v -2.679743 5.517600 -1.749134
v -2.586940 5.517600 -2.034753
v -2.343978 5.517600 -2.211276
v -2.043659 5.517600 -2.211276
v -1.800697 5.517600 -2.034753
v -1.772995 5.423550 -1.749134
v -1.853365 5.423550 -1.501780
v -2.063777 5.423550 -1.348907
v -2.323860 5.423550 -1.348907
v -2.534272 5.423550 -1.501780
v -2.614642 5.423550 -1.749134
v -2.534272 5.423550 -1.996488
v -2.323860 5.423550 -2.149361
v -2.063777 5.423550 -2.149361
v -1.853365 5.423550 -1.996488
v -1.950856 5.354701 -1.749134
v -1.997258 5.354701 -1.606324
v -2.118739 5.354701 -1.518063
v -2.268898 5.354701 -1.518063
v -2.390379 5.354701 -1.606324
v -2.436781 5.354701 -1.749134
v -2.390379 5.354701 -1.891944
v -2.268898 5.354701 -1.980205
v -2.118739 5.354701 -1.980205
v -1.997258 5.354701 -1.891944
f 5657 5660 5659
f 5658 5699 5700
f 5659 5660 5670
f 5659 5670 5669
f 5669 5670 5680
f 5669 5680 5679
f 5679 5680 5690
f 5679 5690 5689
f 5689 5690 5700
f 5689 5700 5699
f 5657 5661 5660
f 5658 5700 5701
f 5660 5661 5671
f 5660 5671 5670
f 5670 5671 5681
f 5670 5681 5680
f 5680 5681 5691
f 5680 5691 5690
f 5690 5691 5701
f 5690 5701 5700
f 5657 5662 5661
f 5658 5701 5702
f 5661 5662 5672
f 5661 5672 5671
f 5671 5672 5682
f 5671 5682 5681
f 5681 5682 5692
f 5681 5692 5691
f 5691 5692 5702
f 5691 5702 5701
f 5657 5663 5662
f 5658 5702 5703
f 5662 5663 5673
f 5662 5673 5672
f 5672 5673 5683
f 5672 5683 5682
f 5682 5683 5693
f 5682 5693 5692
f 5692 5693 5703
f 5692 5703 5702
f 5657 5664 5663
f 5658 5703 5704
f 5663 5664 5674
f 5663 5674 5673
f 5673 5674 5684
f 5673 5684 5683
f 5683 5684 5694
f 5683 5694 5693
f 5693 5694 5704
f 5693 5704 5703
f 5657 5665 5664
f 5658 5704 5705
f 5664 5665 5675
f 5664 5675 5674
f 5674 5675 5685
f 5674 5685 5684
f 5684 5685 5695
f 5684 5695 5694
f 5694 5695 5705
f 5694 5705 5704
f 5657 5666 5665
f 5658 5705 5706
f 5665 5666 5676
f 5665 5676 5675
f 5675 5676 5686
f 5675 5686 5685
f 5685 5686 5696
f 5685 5696 5695
f 5695 5696 5706
f 5695 5706 5705
f 5657 5667 5666
f 5658 5706 5707
f 5666 5667 5677
f 5666 5677 5676
f 5676 5677 5687
f 5676 5687 5686
f 5686 5687 5697
f 5686 5697 5696
f 5696 5697 5707
f 5696 5707 5706
f 5657 5668 5667
f 5658 5707 5708
f 5667 5668 5678
f 5667 5678 5677
f 5677 5678 5688
f 5677 5688 5687
f 5687 5688 5698
f 5687 5698 5697
f 5697 5698 5708
f 5697 5708 5707
f 5657 5659 5668
f 5658 5708 5699
f 5668 5659 5669
f 5668 5669 5678
f 5678 5669 5679
f 5678 5679 5688
f 5688 5679 5689
f 5688 5689 5698
f 5698 5689 5699
f 5698 5699 5708
o MeadowDaisyPetal_28
usemtl color_134
s off
v -2.822182 5.705700 -1.749134
v -2.822182 5.329500 -1.749134
v -2.579219 5.680499 -1.749134
v -2.625621 5.680499 -1.606324
v -2.747102 5.680499 -1.518063
v -2.897261 5.680499 -1.518063
v -3.018742 5.680499 -1.606324
v -3.065144 5.680499 -1.749134
v -3.018742 5.680499 -1.891944
v -2.897261 5.680499 -1.980205
v -2.747102 5.680499 -1.980205
v -2.625621 5.680499 -1.891944
v -2.401358 5.611650 -1.749134
v -2.481728 5.611650 -1.501780
v -2.692140 5.611650 -1.348907
v -2.952223 5.611650 -1.348907
v -3.162635 5.611650 -1.501780
v -3.243005 5.611650 -1.749134
v -3.162635 5.611650 -1.996488
v -2.952223 5.611650 -2.149361
v -2.692140 5.611650 -2.149361
v -2.481728 5.611650 -1.996488
v -2.336257 5.517600 -1.749134
v -2.429060 5.517600 -1.463514
v -2.672022 5.517600 -1.286992
v -2.972341 5.517600 -1.286992
v -3.215303 5.517600 -1.463514
v -3.308107 5.517600 -1.749134
v -3.215303 5.517600 -2.034753
v -2.972341 5.517600 -2.211276
v -2.672022 5.517600 -2.211276
v -2.429060 5.517600 -2.034753
v -2.401358 5.423550 -1.749134
v -2.481728 5.423550 -1.501780
v -2.692140 5.423550 -1.348907
v -2.952223 5.423550 -1.348907
v -3.162635 5.423550 -1.501780
v -3.243005 5.423550 -1.749134
v -3.162635 5.423550 -1.996488
v -2.952223 5.423550 -2.149361
v -2.692140 5.423550 -2.149361
v -2.481728 5.423550 -1.996488
v -2.579219 5.354701 -1.749134
v -2.625621 5.354701 -1.606324
v -2.747102 5.354701 -1.518063
v -2.897261 5.354701 -1.518063
v -3.018742 5.354701 -1.606324
v -3.065144 5.354701 -1.749134
v -3.018742 5.354701 -1.891944
v -2.897261 5.354701 -1.980205
v -2.747102 5.354701 -1.980205
v -2.625621 5.354701 -1.891944
f 5709 5712 5711
f 5710 5751 5752
f 5711 5712 5722
f 5711 5722 5721
f 5721 5722 5732
f 5721 5732 5731
f 5731 5732 5742
f 5731 5742 5741
f 5741 5742 5752
f 5741 5752 5751
f 5709 5713 5712
f 5710 5752 5753
f 5712 5713 5723
f 5712 5723 5722
f 5722 5723 5733
f 5722 5733 5732
f 5732 5733 5743
f 5732 5743 5742
f 5742 5743 5753
f 5742 5753 5752
f 5709 5714 5713
f 5710 5753 5754
f 5713 5714 5724
f 5713 5724 5723
f 5723 5724 5734
f 5723 5734 5733
f 5733 5734 5744
f 5733 5744 5743
f 5743 5744 5754
f 5743 5754 5753
f 5709 5715 5714
f 5710 5754 5755
f 5714 5715 5725
f 5714 5725 5724
f 5724 5725 5735
f 5724 5735 5734
f 5734 5735 5745
f 5734 5745 5744
f 5744 5745 5755
f 5744 5755 5754
f 5709 5716 5715
f 5710 5755 5756
f 5715 5716 5726
f 5715 5726 5725
f 5725 5726 5736
f 5725 5736 5735
f 5735 5736 5746
f 5735 5746 5745
f 5745 5746 5756
f 5745 5756 5755
f 5709 5717 5716
f 5710 5756 5757
f 5716 5717 5727
f 5716 5727 5726
f 5726 5727 5737
f 5726 5737 5736
f 5736 5737 5747
f 5736 5747 5746
f 5746 5747 5757
f 5746 5757 5756
f 5709 5718 5717
f 5710 5757 5758
f 5717 5718 5728
f 5717 5728 5727
f 5727 5728 5738
f 5727 5738 5737
f 5737 5738 5748
f 5737 5748 5747
f 5747 5748 5758
f 5747 5758 5757
f 5709 5719 5718
f 5710 5758 5759
f 5718 5719 5729
f 5718 5729 5728
f 5728 5729 5739
f 5728 5739 5738
f 5738 5739 5749
f 5738 5749 5748
f 5748 5749 5759
f 5748 5759 5758
f 5709 5720 5719
f 5710 5759 5760
f 5719 5720 5730
f 5719 5730 5729
f 5729 5730 5740
f 5729 5740 5739
f 5739 5740 5750
f 5739 5750 5749
f 5749 5750 5760
f 5749 5760 5759
f 5709 5711 5720
f 5710 5760 5751
f 5720 5711 5721
f 5720 5721 5730
f 5730 5721 5731
f 5730 5731 5740
f 5740 5731 5741
f 5740 5741 5750
f 5750 5741 5751
f 5750 5751 5760
o MeadowDaisyPetal_29
usemtl color_135
s off
v -3.016356 5.705700 -1.151525
v -3.016356 5.329500 -1.151525
v -2.773394 5.680499 -1.151525
v -2.819796 5.680499 -1.008715
v -2.941277 5.680499 -0.920454
v -3.091436 5.680499 -0.920454
v -3.212917 5.680499 -1.008715
v -3.259319 5.680499 -1.151525
v -3.212917 5.680499 -1.294335
v -3.091436 5.680499 -1.382596
v -2.941277 5.680499 -1.382596
v -2.819796 5.680499 -1.294335
v -2.595533 5.611650 -1.151525
v -2.675903 5.611650 -0.904171
v -2.886315 5.611650 -0.751298
v -3.146398 5.611650 -0.751298
v -3.356810 5.611650 -0.904171
v -3.437180 5.611650 -1.151525
v -3.356810 5.611650 -1.398879
v -3.146398 5.611650 -1.551752
v -2.886315 5.611650 -1.551752
v -2.675903 5.611650 -1.398879
v -2.530431 5.517600 -1.151525
v -2.623235 5.517600 -0.865905
v -2.866197 5.517600 -0.689383
v -3.166515 5.517600 -0.689383
v -3.409478 5.517600 -0.865905
v -3.502281 5.517600 -1.151525
v -3.409478 5.517600 -1.437145
v -3.166515 5.517600 -1.613667
v -2.866197 5.517600 -1.613667
v -2.623235 5.517600 -1.437145
v -2.595533 5.423550 -1.151525
v -2.675903 5.423550 -0.904171
v -2.886315 5.423550 -0.751298
v -3.146398 5.423550 -0.751298
v -3.356810 5.423550 -0.904171
v -3.437180 5.423550 -1.151525
v -3.356810 5.423550 -1.398879
v -3.146398 5.423550 -1.551752
v -2.886315 5.423550 -1.551752
v -2.675903 5.423550 -1.398879
v -2.773394 5.354701 -1.151525
v -2.819796 5.354701 -1.008715
v -2.941277 5.354701 -0.920454
v -3.091436 5.354701 -0.920454
v -3.212917 5.354701 -1.008715
v -3.259319 5.354701 -1.151525
v -3.212917 5.354701 -1.294335
v -3.091436 5.354701 -1.382596
v -2.941277 5.354701 -1.382596
v -2.819796 5.354701 -1.294335
f 5761 5764 5763
f 5762 5803 5804
f 5763 5764 5774
f 5763 5774 5773
f 5773 5774 5784
f 5773 5784 5783
f 5783 5784 5794
f 5783 5794 5793
f 5793 5794 5804
f 5793 5804 5803
f 5761 5765 5764
f 5762 5804 5805
f 5764 5765 5775
f 5764 5775 5774
f 5774 5775 5785
f 5774 5785 5784
f 5784 5785 5795
f 5784 5795 5794
f 5794 5795 5805
f 5794 5805 5804
f 5761 5766 5765
f 5762 5805 5806
f 5765 5766 5776
f 5765 5776 5775
f 5775 5776 5786
f 5775 5786 5785
f 5785 5786 5796
f 5785 5796 5795
f 5795 5796 5806
f 5795 5806 5805
f 5761 5767 5766
f 5762 5806 5807
f 5766 5767 5777
f 5766 5777 5776
f 5776 5777 5787
f 5776 5787 5786
f 5786 5787 5797
f 5786 5797 5796
f 5796 5797 5807
f 5796 5807 5806
f 5761 5768 5767
f 5762 5807 5808
f 5767 5768 5778
f 5767 5778 5777
f 5777 5778 5788
f 5777 5788 5787
f 5787 5788 5798
f 5787 5798 5797
f 5797 5798 5808
f 5797 5808 5807
f 5761 5769 5768
f 5762 5808 5809
f 5768 5769 5779
f 5768 5779 5778
f 5778 5779 5789
f 5778 5789 5788
f 5788 5789 5799
f 5788 5799 5798
f 5798 5799 5809
f 5798 5809 5808
f 5761 5770 5769
f 5762 5809 5810
f 5769 5770 5780
f 5769 5780 5779
f 5779 5780 5790
f 5779 5790 5789
f 5789 5790 5800
f 5789 5800 5799
f 5799 5800 5810
f 5799 5810 5809
f 5761 5771 5770
f 5762 5810 5811
f 5770 5771 5781
f 5770 5781 5780
f 5780 5781 5791
f 5780 5791 5790
f 5790 5791 5801
f 5790 5801 5800
f 5800 5801 5811
f 5800 5811 5810
f 5761 5772 5771
f 5762 5811 5812
f 5771 5772 5782
f 5771 5782 5781
f 5781 5782 5792
f 5781 5792 5791
f 5791 5792 5802
f 5791 5802 5801
f 5801 5802 5812
f 5801 5812 5811
f 5761 5763 5772
f 5762 5812 5803
f 5772 5763 5773
f 5772 5773 5782
f 5782 5773 5783
f 5782 5783 5792
f 5792 5783 5793
f 5792 5793 5802
f 5802 5793 5803
f 5802 5803 5812
o MeadowDaisyHeart_5
usemtl color_136
s off
v -2.508000 5.909475 -1.316700
v -2.508000 5.439225 -1.316700
v -2.398667 5.877974 -1.316700
v -2.419548 5.877974 -1.252436
v -2.474214 5.877974 -1.212718
v -2.541786 5.877974 -1.212718
v -2.596452 5.877974 -1.252436
v -2.617333 5.877974 -1.316700
v -2.596452 5.877974 -1.380964
v -2.541786 5.877974 -1.420682
v -2.474214 5.877974 -1.420682
v -2.419548 5.877974 -1.380964
v -2.318629 5.791912 -1.316700
v -2.354796 5.791912 -1.205391
v -2.449481 5.791912 -1.136598
v -2.566519 5.791912 -1.136598
v -2.661204 5.791912 -1.205391
v -2.697371 5.791912 -1.316700
v -2.661204 5.791912 -1.428009
v -2.566519 5.791912 -1.496802
v -2.449481 5.791912 -1.496802
v -2.354796 5.791912 -1.428009
v -2.289334 5.674350 -1.316700
v -2.331095 5.674350 -1.188171
v -2.440428 5.674350 -1.108736
v -2.575572 5.674350 -1.108736
v -2.684905 5.674350 -1.188171
v -2.726666 5.674350 -1.316700
v -2.684905 5.674350 -1.445229
v -2.575572 5.674350 -1.524664
v -2.440428 5.674350 -1.524664
v -2.331095 5.674350 -1.445229
v -2.318629 5.556787 -1.316700
v -2.354796 5.556787 -1.205391
v -2.449481 5.556787 -1.136598
v -2.566519 5.556787 -1.136598
v -2.661204 5.556787 -1.205391
v -2.697371 5.556787 -1.316700
v -2.661204 5.556787 -1.428009
v -2.566519 5.556787 -1.496802
v -2.449481 5.556787 -1.496802
v -2.354796 5.556787 -1.428009
v -2.398667 5.470726 -1.316700
v -2.419548 5.470726 -1.252436
v -2.474214 5.470726 -1.212718
v -2.541786 5.470726 -1.212718
v -2.596452 5.470726 -1.252436
v -2.617333 5.470726 -1.316700
v -2.596452 5.470726 -1.380964
v -2.541786 5.470726 -1.420682
v -2.474214 5.470726 -1.420682
v -2.419548 5.470726 -1.380964
f 5813 5816 5815
f 5814 5855 5856
f 5815 5816 5826
f 5815 5826 5825
f 5825 5826 5836
f 5825 5836 5835
f 5835 5836 5846
f 5835 5846 5845
f 5845 5846 5856
f 5845 5856 5855
f 5813 5817 5816
f 5814 5856 5857
f 5816 5817 5827
f 5816 5827 5826
f 5826 5827 5837
f 5826 5837 5836
f 5836 5837 5847
f 5836 5847 5846
f 5846 5847 5857
f 5846 5857 5856
f 5813 5818 5817
f 5814 5857 5858
f 5817 5818 5828
f 5817 5828 5827
f 5827 5828 5838
f 5827 5838 5837
f 5837 5838 5848
f 5837 5848 5847
f 5847 5848 5858
f 5847 5858 5857
f 5813 5819 5818
f 5814 5858 5859
f 5818 5819 5829
f 5818 5829 5828
f 5828 5829 5839
f 5828 5839 5838
f 5838 5839 5849
f 5838 5849 5848
f 5848 5849 5859
f 5848 5859 5858
f 5813 5820 5819
f 5814 5859 5860
f 5819 5820 5830
f 5819 5830 5829
f 5829 5830 5840
f 5829 5840 5839
f 5839 5840 5850
f 5839 5850 5849
f 5849 5850 5860
f 5849 5860 5859
f 5813 5821 5820
f 5814 5860 5861
f 5820 5821 5831
f 5820 5831 5830
f 5830 5831 5841
f 5830 5841 5840
f 5840 5841 5851
f 5840 5851 5850
f 5850 5851 5861
f 5850 5861 5860
f 5813 5822 5821
f 5814 5861 5862
f 5821 5822 5832
f 5821 5832 5831
f 5831 5832 5842
f 5831 5842 5841
f 5841 5842 5852
f 5841 5852 5851
f 5851 5852 5862
f 5851 5862 5861
f 5813 5823 5822
f 5814 5862 5863
f 5822 5823 5833
f 5822 5833 5832
f 5832 5833 5843
f 5832 5843 5842
f 5842 5843 5853
f 5842 5853 5852
f 5852 5853 5863
f 5852 5863 5862
f 5813 5824 5823
f 5814 5863 5864
f 5823 5824 5834
f 5823 5834 5833
f 5833 5834 5844
f 5833 5844 5843
f 5843 5844 5854
f 5843 5854 5853
f 5853 5854 5864
f 5853 5864 5863
f 5813 5815 5824
f 5814 5864 5855
f 5824 5815 5825
f 5824 5825 5834
f 5834 5825 5835
f 5834 5835 5844
f 5844 5835 5845
f 5844 5845 5854
f 5854 5845 5855
f 5854 5855 5864
o MeadowDaisyPetal_30
usemtl color_137
s off
v 2.508000 5.705700 1.224217
v 2.508000 5.329500 1.224217
v 2.750962 5.680499 1.224217
v 2.704561 5.680499 1.367027
v 2.583080 5.680499 1.455289
v 2.432920 5.680499 1.455289
v 2.311439 5.680499 1.367027
v 2.265038 5.680499 1.224217
v 2.311439 5.680499 1.081408
v 2.432920 5.680499 0.993146
v 2.583080 5.680499 0.993146
v 2.704561 5.680499 1.081408
v 2.928823 5.611650 1.224217
v 2.848453 5.611650 1.471571
v 2.638042 5.611650 1.624444
v 2.377958 5.611650 1.624444
v 2.167547 5.611650 1.471571
v 2.087177 5.611650 1.224217
v 2.167547 5.611650 0.976864
v 2.377958 5.611650 0.823991
v 2.638042 5.611650 0.823991
v 2.848453 5.611650 0.976864
v 2.993925 5.517600 1.224217
v 2.901122 5.517600 1.509837
v 2.658159 5.517600 1.686360
v 2.357841 5.517600 1.686360
v 2.114878 5.517600 1.509837
v 2.022075 5.517600 1.224217
v 2.114878 5.517600 0.938598
v 2.357841 5.517600 0.762075
v 2.658159 5.517600 0.762075
v 2.901122 5.517600 0.938598
v 2.928823 5.423550 1.224217
v 2.848453 5.423550 1.471571
v 2.638042 5.423550 1.624444
v 2.377958 5.423550 1.624444
v 2.167547 5.423550 1.471571
v 2.087177 5.423550 1.224217
v 2.167547 5.423550 0.976864
v 2.377958 5.423550 0.823991
v 2.638042 5.423550 0.823991
v 2.848453 5.423550 0.976864
v 2.750962 5.354701 1.224217
v 2.704561 5.354701 1.367027
v 2.583080 5.354701 1.455289
v 2.432920 5.354701 1.455289
v 2.311439 5.354701 1.367027
v 2.265038 5.354701 1.224217
v 2.311439 5.354701 1.081408
v 2.432920 5.354701 0.993146
v 2.583080 5.354701 0.993146
v 2.704561 5.354701 1.081408
f 5865 5868 5867
f 5866 5907 5908
f 5867 5868 5878
f 5867 5878 5877
f 5877 5878 5888
f 5877 5888 5887
f 5887 5888 5898
f 5887 5898 5897
f 5897 5898 5908
f 5897 5908 5907
f 5865 5869 5868
f 5866 5908 5909
f 5868 5869 5879
f 5868 5879 5878
f 5878 5879 5889
f 5878 5889 5888
f 5888 5889 5899
f 5888 5899 5898
f 5898 5899 5909
f 5898 5909 5908
f 5865 5870 5869
f 5866 5909 5910
f 5869 5870 5880
f 5869 5880 5879
f 5879 5880 5890
f 5879 5890 5889
f 5889 5890 5900
f 5889 5900 5899
f 5899 5900 5910
f 5899 5910 5909
f 5865 5871 5870
f 5866 5910 5911
f 5870 5871 5881
f 5870 5881 5880
f 5880 5881 5891
f 5880 5891 5890
f 5890 5891 5901
f 5890 5901 5900
f 5900 5901 5911
f 5900 5911 5910
f 5865 5872 5871
f 5866 5911 5912
f 5871 5872 5882
f 5871 5882 5881
f 5881 5882 5892
f 5881 5892 5891
f 5891 5892 5902
f 5891 5902 5901
f 5901 5902 5912
f 5901 5912 5911
f 5865 5873 5872
f 5866 5912 5913
f 5872 5873 5883
f 5872 5883 5882
f 5882 5883 5893
f 5882 5893 5892
f 5892 5893 5903
f 5892 5903 5902
f 5902 5903 5913
f 5902 5913 5912
f 5865 5874 5873
f 5866 5913 5914
f 5873 5874 5884
f 5873 5884 5883
f 5883 5884 5894
f 5883 5894 5893
f 5893 5894 5904
f 5893 5904 5903
f 5903 5904 5914
f 5903 5914 5913
f 5865 5875 5874
f 5866 5914 5915
f 5874 5875 5885
f 5874 5885 5884
f 5884 5885 5895
f 5884 5895 5894
f 5894 5895 5905
f 5894 5905 5904
f 5904 5905 5915
f 5904 5915 5914
f 5865 5876 5875
f 5866 5915 5916
f 5875 5876 5886
f 5875 5886 5885
f 5885 5886 5896
f 5885 5896 5895
f 5895 5896 5906
f 5895 5906 5905
f 5905 5906 5916
f 5905 5916 5915
f 5865 5867 5876
f 5866 5916 5907
f 5876 5867 5877
f 5876 5877 5886
f 5886 5877 5887
f 5886 5887 5896
f 5896 5887 5897
f 5896 5897 5906
f 5906 5897 5907
f 5906 5907 5916
o MeadowDaisyPetal_31
usemtl color_138
s off
v 3.016356 5.705700 0.854875
v 3.016356 5.329500 0.854875
v 3.259319 5.680499 0.854875
v 3.212917 5.680499 0.997685
v 3.091436 5.680499 1.085946
v 2.941277 5.680499 1.085946
v 2.819796 5.680499 0.997685
v 2.773394 5.680499 0.854875
v 2.819796 5.680499 0.712065
v 2.941277 5.680499 0.623804
v 3.091436 5.680499 0.623804
v 3.212917 5.680499 0.712065
v 3.437180 5.611650 0.854875
v 3.356810 5.611650 1.102229
v 3.146398 5.611650 1.255102
v 2.886315 5.611650 1.255102
v 2.675903 5.611650 1.102229
v 2.595533 5.611650 0.854875
v 2.675903 5.611650 0.607521
v 2.886315 5.611650 0.454648
v 3.146398 5.611650 0.454648
v 3.356810 5.611650 0.607521
v 3.502281 5.517600 0.854875
v 3.409478 5.517600 1.140495
v 3.166515 5.517600 1.317017
v 2.866197 5.517600 1.317017
v 2.623235 5.517600 1.140495
v 2.530431 5.517600 0.854875
v 2.623235 5.517600 0.569255
v 2.866197 5.517600 0.392733
v 3.166515 5.517600 0.392733
v 3.409478 5.517600 0.569255
v 3.437180 5.423550 0.854875
v 3.356810 5.423550 1.102229
v 3.146398 5.423550 1.255102
v 2.886315 5.423550 1.255102
v 2.675903 5.423550 1.102229
v 2.595533 5.423550 0.854875
v 2.675903 5.423550 0.607521
v 2.886315 5.423550 0.454648
v 3.146398 5.423550 0.454648
v 3.356810 5.423550 0.607521
v 3.259319 5.354701 0.854875
v 3.212917 5.354701 0.997685
v 3.091436 5.354701 1.085946
v 2.941277 5.354701 1.085946
v 2.819796 5.354701 0.997685
v 2.773394 5.354701 0.854875
v 2.819796 5.354701 0.712065
v 2.941277 5.354701 0.623804
v 3.091436 5.354701 0.623804
v 3.212917 5.354701 0.712065
f 5917 5920 5919
f 5918 5959 5960
f 5919 5920 5930
f 5919 5930 5929
f 5929 5930 5940
f 5929 5940 5939
f 5939 5940 5950
f 5939 5950 5949
f 5949 5950 5960
f 5949 5960 5959
f 5917 5921 5920
f 5918 5960 5961
f 5920 5921 5931
f 5920 5931 5930
f 5930 5931 5941
f 5930 5941 5940
f 5940 5941 5951
f 5940 5951 5950
f 5950 5951 5961
f 5950 5961 5960
f 5917 5922 5921
f 5918 5961 5962
f 5921 5922 5932
f 5921 5932 5931
f 5931 5932 5942
f 5931 5942 5941
f 5941 5942 5952
f 5941 5952 5951
f 5951 5952 5962
f 5951 5962 5961
f 5917 5923 5922
f 5918 5962 5963
f 5922 5923 5933
f 5922 5933 5932
f 5932 5933 5943
f 5932 5943 5942
f 5942 5943 5953
f 5942 5953 5952
f 5952 5953 5963
f 5952 5963 5962
f 5917 5924 5923
f 5918 5963 5964
f 5923 5924 5934
f 5923 5934 5933
f 5933 5934 5944
f 5933 5944 5943
f 5943 5944 5954
f 5943 5954 5953
f 5953 5954 5964
f 5953 5964 5963
f 5917 5925 5924
f 5918 5964 5965
f 5924 5925 5935
f 5924 5935 5934
f 5934 5935 5945
f 5934 5945 5944
f 5944 5945 5955
f 5944 5955 5954
f 5954 5955 5965
f 5954 5965 5964
f 5917 5926 5925
f 5918 5965 5966
f 5925 5926 5936
f 5925 5936 5935
f 5935 5936 5946
f 5935 5946 5945
f 5945 5946 5956
f 5945 5956 5955
f 5955 5956 5966
f 5955 5966 5965
f 5917 5927 5926
f 5918 5966 5967
f 5926 5927 5937
f 5926 5937 5936
f 5936 5937 5947
f 5936 5947 5946
f 5946 5947 5957
f 5946 5957 5956
f 5956 5957 5967
f 5956 5967 5966
f 5917 5928 5927
f 5918 5967 5968
f 5927 5928 5938
f 5927 5938 5937
f 5937 5938 5948
f 5937 5948 5947
f 5947 5948 5958
f 5947 5958 5957
f 5957 5958 5968
f 5957 5968 5967
f 5917 5919 5928
f 5918 5968 5959
f 5928 5919 5929
f 5928 5929 5938
f 5938 5929 5939
f 5938 5939 5948
f 5948 5939 5949
f 5948 5949 5958
f 5958 5949 5959
f 5958 5959 5968
o MeadowDaisyPetal_32
usemtl color_139
s off
v 2.822182 5.705700 0.257266
v 2.822182 5.329500 0.257266
v 3.065144 5.680499 0.257266
v 3.018742 5.680499 0.400076
v 2.897261 5.680499 0.488337
v 2.747102 5.680499 0.488337
v 2.625621 5.680499 0.400076
v 2.579219 5.680499 0.257266
v 2.625621 5.680499 0.114456
v 2.747102 5.680499 0.026195
v 2.897261 5.680499 0.026195
v 3.018742 5.680499 0.114456
v 3.243005 5.611650 0.257266
v 3.162635 5.611650 0.504620
v 2.952223 5.611650 0.657493
v 2.692140 5.611650 0.657493
v 2.481728 5.611650 0.504620
v 2.401358 5.611650 0.257266
v 2.481728 5.611650 0.009912
v 2.692140 5.611650 -0.142961
v 2.952223 5.611650 -0.142961
v 3.162635 5.611650 0.009912
v 3.308107 5.517600 0.257266
v 3.215303 5.517600 0.542886
v 2.972341 5.517600 0.719408
v 2.672022 5.517600 0.719408
v 2.429060 5.517600 0.542886
v 2.336257 5.517600 0.257266
v 2.429060 5.517600 -0.028353
v 2.672022 5.517600 -0.204876
v 2.972341 5.517600 -0.204876
v 3.215303 5.517600 -0.028353
v 3.243005 5.423550 0.257266
v 3.162635 5.423550 0.504620
v 2.952223 5.423550 0.657493
v 2.692140 5.423550 0.657493
v 2.481728 5.423550 0.504620
v 2.401358 5.423550 0.257266
v 2.481728 5.423550 0.009912
v 2.692140 5.423550 -0.142961
v 2.952223 5.423550 -0.142961
v 3.162635 5.423550 0.009912
v 3.065144 5.354701 0.257266
v 3.018742 5.354701 0.400076
v 2.897261 5.354701 0.488337
v 2.747102 5.354701 0.488337
v 2.625621 5.354701 0.400076
v 2.579219 5.354701 0.257266
v 2.625621 5.354701 0.114456
v 2.747102 5.354701 0.026195
v 2.897261 5.354701 0.026195
v 3.018742 5.354701 0.114456
f 5969 5972 5971
f 5970 6011 6012
f 5971 5972 5982
f 5971 5982 5981
f 5981 5982 5992
f 5981 5992 5991
f 5991 5992 6002
f 5991 6002 6001
f 6001 6002 6012
f 6001 6012 6011
f 5969 5973 5972
f 5970 6012 6013
f 5972 5973 5983
f 5972 5983 5982
f 5982 5983 5993
f 5982 5993 5992
f 5992 5993 6003
f 5992 6003 6002
f 6002 6003 6013
f 6002 6013 6012
f 5969 5974 5973
f 5970 6013 6014
f 5973 5974 5984
f 5973 5984 5983
f 5983 5984 5994
f 5983 5994 5993
f 5993 5994 6004
f 5993 6004 6003
f 6003 6004 6014
f 6003 6014 6013
f 5969 5975 5974
f 5970 6014 6015
f 5974 5975 5985
f 5974 5985 5984
f 5984 5985 5995
f 5984 5995 5994
f 5994 5995 6005
f 5994 6005 6004
f 6004 6005 6015
f 6004 6015 6014
f 5969 5976 5975
f 5970 6015 6016
f 5975 5976 5986
f 5975 5986 5985
f 5985 5986 5996
f 5985 5996 5995
f 5995 5996 6006
f 5995 6006 6005
f 6005 6006 6016
f 6005 6016 6015
f 5969 5977 5976
f 5970 6016 6017
f 5976 5977 5987
f 5976 5987 5986
f 5986 5987 5997
f 5986 5997 5996
f 5996 5997 6007
f 5996 6007 6006
f 6006 6007 6017
f 6006 6017 6016
f 5969 5978 5977
f 5970 6017 6018
f 5977 5978 5988
f 5977 5988 5987
f 5987 5988 5998
f 5987 5998 5997
f 5997 5998 6008
f 5997 6008 6007
f 6007 6008 6018
f 6007 6018 6017
f 5969 5979 5978
f 5970 6018 6019
f 5978 5979 5989
f 5978 5989 5988
f 5988 5989 5999
f 5988 5999 5998
f 5998 5999 6009
f 5998 6009 6008
f 6008 6009 6019
f 6008 6019 6018
f 5969 5980 5979
f 5970 6019 6020
f 5979 5980 5990
f 5979 5990 5989
f 5989 5990 6000
f 5989 6000 5999
f 5999 6000 6010
f 5999 6010 6009
f 6009 6010 6020
f 6009 6020 6019
f 5969 5971 5980
f 5970 6020 6011
f 5980 5971 5981
f 5980 5981 5990
f 5990 5981 5991
f 5990 5991 6000
f 6000 5991 6001
f 6000 6001 6010
f 6010 6001 6011
f 6010 6011 6020
o MeadowDaisyPetal_33
usemtl color_140
s off
v 2.193818 5.705700 0.257266
v 2.193818 5.329500 0.257266
v 2.436781 5.680499 0.257266
v 2.390379 5.680499 0.400076
v 2.268898 5.680499 0.488337
v 2.118739 5.680499 0.488337
v 1.997258 5.680499 0.400076
v 1.950856 5.680499 0.257266
v 1.997258 5.680499 0.114456
v 2.118739 5.680499 0.026195
v 2.268898 5.680499 0.026195
v 2.390379 5.680499 0.114456
v 2.614642 5.611650 0.257266
v 2.534272 5.611650 0.504620
v 2.323860 5.611650 0.657493
v 2.063777 5.611650 0.657493
v 1.853365 5.611650 0.504620
v 1.772995 5.611650 0.257266
v 1.853365 5.611650 0.009912
v 2.063777 5.611650 -0.142961
v 2.323860 5.611650 -0.142961
v 2.534272 5.611650 0.009912
v 2.679743 5.517600 0.257266
v 2.586940 5.517600 0.542886
v 2.343978 5.517600 0.719408
v 2.043659 5.517600 0.719408
v 1.800697 5.517600 0.542886
v 1.707893 5.517600 0.257266
v 1.800697 5.517600 -0.028353
v 2.043659 5.517600 -0.204876
v 2.343978 5.517600 -0.204876
v 2.586940 5.517600 -0.028353
v 2.614642 5.423550 0.257266
v 2.534272 5.423550 0.504620
v 2.323860 5.423550 0.657493
v 2.063777 5.423550 0.657493
v 1.853365 5.423550 0.504620
v 1.772995 5.423550 0.257266
v 1.853365 5.423550 0.009912
v 2.063777 5.423550 -0.142961
v 2.323860 5.423550 -0.142961
v 2.534272 5.423550 0.009912
v 2.436781 5.354701 0.257266
v 2.390379 5.354701 0.400076
v 2.268898 5.354701 0.488337
v 2.118739 5.354701 0.488337
v 1.997258 5.354701 0.400076
v 1.950856 5.354701 0.257266
v 1.997258 5.354701 0.114456
v 2.118739 5.354701 0.026195
v 2.268898 5.354701 0.026195
v 2.390379 5.354701 0.114456
f 6021 6024 6023
f 6022 6063 6064
f 6023 6024 6034
f 6023 6034 6033
f 6033 6034 6044
f 6033 6044 6043
f 6043 6044 6054
f 6043 6054 6053
f 6053 6054 6064
f 6053 6064 6063
f 6021 6025 6024
f 6022 6064 6065
f 6024 6025 6035
f 6024 6035 6034
f 6034 6035 6045
f 6034 6045 6044
f 6044 6045 6055
f 6044 6055 6054
f 6054 6055 6065
f 6054 6065 6064
f 6021 6026 6025
f 6022 6065 6066
f 6025 6026 6036
f 6025 6036 6035
f 6035 6036 6046
f 6035 6046 6045
f 6045 6046 6056
f 6045 6056 6055
f 6055 6056 6066
f 6055 6066 6065
f 6021 6027 6026
f 6022 6066 6067
f 6026 6027 6037
f 6026 6037 6036
f 6036 6037 6047
f 6036 6047 6046
f 6046 6047 6057
f 6046 6057 6056
f 6056 6057 6067
f 6056 6067 6066
f 6021 6028 6027
f 6022 6067 6068
f 6027 6028 6038
f 6027 6038 6037
f 6037 6038 6048
f 6037 6048 6047
f 6047 6048 6058
f 6047 6058 6057
f 6057 6058 6068
f 6057 6068 6067
f 6021 6029 6028
f 6022 6068 6069
f 6028 6029 6039
f 6028 6039 6038
f 6038 6039 6049
f 6038 6049 6048
f 6048 6049 6059
f 6048 6059 6058
f 6058 6059 6069
f 6058 6069 6068
f 6021 6030 6029
f 6022 6069 6070
f 6029 6030 6040
f 6029 6040 6039
f 6039 6040 6050
f 6039 6050 6049
f 6049 6050 6060
f 6049 6060 6059
f 6059 6060 6070
f 6059 6070 6069
f 6021 6031 6030
f 6022 6070 6071
f 6030 6031 6041
f 6030 6041 6040
f 6040 6041 6051
f 6040 6051 6050
f 6050 6051 6061
f 6050 6061 6060
f 6060 6061 6071
f 6060 6071 6070
f 6021 6032 6031
f 6022 6071 6072
f 6031 6032 6042
f 6031 6042 6041
f 6041 6042 6052
f 6041 6052 6051
f 6051 6052 6062
f 6051 6062 6061
f 6061 6062 6072
f 6061 6072 6071
f 6021 6023 6032
f 6022 6072 6063
f 6032 6023 6033
f 6032 6033 6042
f 6042 6033 6043
f 6042 6043 6052
f 6052 6043 6053
f 6052 6053 6062
f 6062 6053 6063
f 6062 6063 6072
o MeadowDaisyPetal_34
usemtl color_141
s off
v 1.999644 5.705700 0.854875
v 1.999644 5.329500 0.854875
v 2.242606 5.680499 0.854875
v 2.196204 5.680499 0.997685
v 2.074723 5.680499 1.085946
v 1.924564 5.680499 1.085946
v 1.803083 5.680499 0.997685
v 1.756681 5.680499 0.854875
v 1.803083 5.680499 0.712065
v 1.924564 5.680499 0.623804
v 2.074723 5.680499 0.623804
v 2.196204 5.680499 0.712065
v 2.420467 5.611650 0.854875
v 2.340097 5.611650 1.102229
v 2.129685 5.611650 1.255102
v 1.869602 5.611650 1.255102
v 1.659190 5.611650 1.102229
v 1.578820 5.611650 0.854875
v 1.659190 5.611650 0.607521
v 1.869602 5.611650 0.454648
v 2.129685 5.611650 0.454648
v 2.340097 5.611650 0.607521
v 2.485569 5.517600 0.854875
v 2.392765 5.517600 1.140495
v 2.149803 5.517600 1.317017
v 1.849485 5.517600 1.317017
v 1.606522 5.517600 1.140495
v 1.513719 5.517600 0.854875
v 1.606522 5.517600 0.569255
v 1.849485 5.517600 0.392733
v 2.149803 5.517600 0.392733
v 2.392765 5.517600 0.569255
v 2.420467 5.423550 0.854875
v 2.340097 5.423550 1.102229
v 2.129685 5.423550 1.255102
v 1.869602 5.423550 1.255102
v 1.659190 5.423550 1.102229
v 1.578820 5.423550 0.854875
v 1.659190 5.423550 0.607521
v 1.869602 5.423550 0.454648
v 2.129685 5.423550 0.454648
v 2.340097 5.423550 0.607521
v 2.242606 5.354701 0.854875
v 2.196204 5.354701 0.997685
v 2.074723 5.354701 1.085946
v 1.924564 5.354701 1.085946
v 1.803083 5.354701 0.997685
v 1.756681 5.354701 0.854875
v 1.803083 5.354701 0.712065
v 1.924564 5.354701 0.623804
v 2.074723 5.354701 0.623804
v 2.196204 5.354701 0.712065
f 6073 6076 6075
f 6074 6115 6116
f 6075 6076 6086
f 6075 6086 6085
f 6085 6086 6096
f 6085 6096 6095
f 6095 6096 6106
f 6095 6106 6105
f 6105 6106 6116
f 6105 6116 6115
f 6073 6077 6076
f 6074 6116 6117
f 6076 6077 6087
f 6076 6087 6086
f 6086 6087 6097
f 6086 6097 6096
f 6096 6097 6107
f 6096 6107 6106
f 6106 6107 6117
f 6106 6117 6116
f 6073 6078 6077
f 6074 6117 6118
f 6077 6078 6088
f 6077 6088 6087
f 6087 6088 6098
f 6087 6098 6097
f 6097 6098 6108
f 6097 6108 6107
f 6107 6108 6118
f 6107 6118 6117
f 6073 6079 6078
f 6074 6118 6119
f 6078 6079 6089
f 6078 6089 6088
f 6088 6089 6099
f 6088 6099 6098
f 6098 6099 6109
f 6098 6109 6108
f 6108 6109 6119
f 6108 6119 6118
f 6073 6080 6079
f 6074 6119 6120
f 6079 6080 6090
f 6079 6090 6089
f 6089 6090 6100
f 6089 6100 6099
f 6099 6100 6110
f 6099 6110 6109
f 6109 6110 6120
f 6109 6120 6119
f 6073 6081 6080
f 6074 6120 6121
f 6080 6081 6091
f 6080 6091 6090
f 6090 6091 6101
f 6090 6101 6100
f 6100 6101 6111
f 6100 6111 6110
f 6110 6111 6121
f 6110 6121 6120
f 6073 6082 6081
f 6074 6121 6122
f 6081 6082 6092
f 6081 6092 6091
f 6091 6092 6102
f 6091 6102 6101
f 6101 6102 6112
f 6101 6112 6111
f 6111 6112 6122
f 6111 6122 6121
f 6073 6083 6082
f 6074 6122 6123
f 6082 6083 6093
f 6082 6093 6092
f 6092 6093 6103
f 6092 6103 6102
f 6102 6103 6113
f 6102 6113 6112
f 6112 6113 6123
f 6112 6123 6122
f 6073 6084 6083
f 6074 6123 6124
f 6083 6084 6094
f 6083 6094 6093
f 6093 6094 6104
f 6093 6104 6103
f 6103 6104 6114
f 6103 6114 6113
f 6113 6114 6124
f 6113 6124 6123
f 6073 6075 6084
f 6074 6124 6115
f 6084 6075 6085
f 6084 6085 6094
f 6094 6085 6095
f 6094 6095 6104
f 6104 6095 6105
f 6104 6105 6114
f 6114 6105 6115
f 6114 6115 6124
o MeadowDaisyHeart_6
usemtl color_142
s off
v 2.508000 5.909475 0.689700
v 2.508000 5.439225 0.689700
v 2.617333 5.877974 0.689700
v 2.596452 5.877974 0.753964
v 2.541786 5.877974 0.793682
v 2.474214 5.877974 0.793682
v 2.419548 5.877974 0.753964
v 2.398667 5.877974 0.689700
v 2.419548 5.877974 0.625436
v 2.474214 5.877974 0.585718
v 2.541786 5.877974 0.585718
v 2.596452 5.877974 0.625436
v 2.697371 5.791912 0.689700
v 2.661204 5.791912 0.801009
v 2.566519 5.791912 0.869802
v 2.449481 5.791912 0.869802
v 2.354796 5.791912 0.801009
v 2.318629 5.791912 0.689700
v 2.354796 5.791912 0.578391
v 2.449481 5.791912 0.509598
v 2.566519 5.791912 0.509598
v 2.661204 5.791912 0.578391
v 2.726666 5.674350 0.689700
v 2.684905 5.674350 0.818229
v 2.575572 5.674350 0.897664
v 2.440428 5.674350 0.897664
v 2.331095 5.674350 0.818229
v 2.289334 5.674350 0.689700
v 2.331095 5.674350 0.561171
v 2.440428 5.674350 0.481736
v 2.575572 5.674350 0.481736
v 2.684905 5.674350 0.561171
v 2.697371 5.556787 0.689700
v 2.661204 5.556787 0.801009
v 2.566519 5.556787 0.869802
v 2.449481 5.556787 0.869802
v 2.354796 5.556787 0.801009
v 2.318629 5.556787 0.689700
v 2.354796 5.556787 0.578391
v 2.449481 5.556787 0.509598
v 2.566519 5.556787 0.509598
v 2.661204 5.556787 0.578391
v 2.617333 5.470726 0.689700
v 2.596452 5.470726 0.753964
v 2.541786 5.470726 0.793682
v 2.474214 5.470726 0.793682
v 2.419548 5.470726 0.753964
v 2.398667 5.470726 0.689700
v 2.419548 5.470726 0.625436
v 2.474214 5.470726 0.585718
v 2.541786 5.470726 0.585718
v 2.596452 5.470726 0.625436
f 6125 6128 6127
f 6126 6167 6168
f 6127 6128 6138
f 6127 6138 6137
f 6137 6138 6148
f 6137 6148 6147
f 6147 6148 6158
f 6147 6158 6157
f 6157 6158 6168
f 6157 6168 6167
f 6125 6129 6128
f 6126 6168 6169
f 6128 6129 6139
f 6128 6139 6138
f 6138 6139 6149
f 6138 6149 6148
f 6148 6149 6159
f 6148 6159 6158
f 6158 6159 6169
f 6158 6169 6168
f 6125 6130 6129
f 6126 6169 6170
f 6129 6130 6140
f 6129 6140 6139
f 6139 6140 6150
f 6139 6150 6149
f 6149 6150 6160
f 6149 6160 6159
f 6159 6160 6170
f 6159 6170 6169
f 6125 6131 6130
f 6126 6170 6171
f 6130 6131 6141
f 6130 6141 6140
f 6140 6141 6151
f 6140 6151 6150
f 6150 6151 6161
f 6150 6161 6160
f 6160 6161 6171
f 6160 6171 6170
f 6125 6132 6131
f 6126 6171 6172
f 6131 6132 6142
f 6131 6142 6141
f 6141 6142 6152
f 6141 6152 6151
f 6151 6152 6162
f 6151 6162 6161
f 6161 6162 6172
f 6161 6172 6171
f 6125 6133 6132
f 6126 6172 6173
f 6132 6133 6143
f 6132 6143 6142
f 6142 6143 6153
f 6142 6153 6152
f 6152 6153 6163
f 6152 6163 6162
f 6162 6163 6173
f 6162 6173 6172
f 6125 6134 6133
f 6126 6173 6174
f 6133 6134 6144
f 6133 6144 6143
f 6143 6144 6154
f 6143 6154 6153
f 6153 6154 6164
f 6153 6164 6163
f 6163 6164 6174
f 6163 6174 6173
f 6125 6135 6134
f 6126 6174 6175
f 6134 6135 6145
f 6134 6145 6144
f 6144 6145 6155
f 6144 6155 6154
f 6154 6155 6165
f 6154 6165 6164
f 6164 6165 6175
f 6164 6175 6174
f 6125 6136 6135
f 6126 6175 6176
f 6135 6136 6146
f 6135 6146 6145
f 6145 6146 6156
f 6145 6156 6155
f 6155 6156 6166
f 6155 6166 6165
f 6165 6166 6176
f 6165 6176 6175
f 6125 6127 6136
f 6126 6176 6167
f 6136 6127 6137
f 6136 6137 6146
f 6146 6137 6147
f 6146 6147 6156
f 6156 6147 6157
f 6156 6157 6166
f 6166 6157 6167
f 6166 6167 6176
o MeadowDaisyPetal_35
usemtl color_143
s off
v -2.508000 5.705700 1.224217
v -2.508000 5.329500 1.224217
v -2.265038 5.680499 1.224217
v -2.311439 5.680499 1.367027
v -2.432920 5.680499 1.455289
v -2.583080 5.680499 1.455289
v -2.704561 5.680499 1.367027
v -2.750962 5.680499 1.224217
v -2.704561 5.680499 1.081408
v -2.583080 5.680499 0.993146
v -2.432920 5.680499 0.993146
v -2.311439 5.680499 1.081408
v -2.087177 5.611650 1.224217
v -2.167547 5.611650 1.471571
v -2.377958 5.611650 1.624444
v -2.638042 5.611650 1.624444
v -2.848453 5.611650 1.471571
v -2.928823 5.611650 1.224217
v -2.848453 5.611650 0.976864
v -2.638042 5.611650 0.823991
v -2.377958 5.611650 0.823991
v -2.167547 5.611650 0.976864
v -2.022075 5.517600 1.224217
v -2.114878 5.517600 1.509837
v -2.357841 5.517600 1.686360
v -2.658159 5.517600 1.686360
v -2.901122 5.517600 1.509837
v -2.993925 5.517600 1.224217
v -2.901122 5.517600 0.938598
v -2.658159 5.517600 0.762075
v -2.357841 5.517600 0.762075
v -2.114878 5.517600 0.938598
v -2.087177 5.423550 1.224217
v -2.167547 5.423550 1.471571
v -2.377958 5.423550 1.624444
v -2.638042 5.423550 1.624444
v -2.848453 5.423550 1.471571
v -2.928823 5.423550 1.224217
v -2.848453 5.423550 0.976864
v -2.638042 5.423550 0.823991
v -2.377958 5.423550 0.823991
v -2.167547 5.423550 0.976864
v -2.265038 5.354701 1.224217
v -2.311439 5.354701 1.367027
v -2.432920 5.354701 1.455289
v -2.583080 5.354701 1.455289
v -2.704561 5.354701 1.367027
v -2.750962 5.354701 1.224217
v -2.704561 5.354701 1.081408
v -2.583080 5.354701 0.993146
v -2.432920 5.354701 0.993146
v -2.311439 5.354701 1.081408
f 6177 6180 6179
f 6178 6219 6220
f 6179 6180 6190
f 6179 6190 6189
f 6189 6190 6200
f 6189 6200 6199
f 6199 6200 6210
f 6199 6210 6209
f 6209 6210 6220
f 6209 6220 6219
f 6177 6181 6180
f 6178 6220 6221
f 6180 6181 6191
f 6180 6191 6190
f 6190 6191 6201
f 6190 6201 6200
f 6200 6201 6211
f 6200 6211 6210
f 6210 6211 6221
f 6210 6221 6220
f 6177 6182 6181
f 6178 6221 6222
f 6181 6182 6192
f 6181 6192 6191
f 6191 6192 6202
f 6191 6202 6201
f 6201 6202 6212
f 6201 6212 6211
f 6211 6212 6222
f 6211 6222 6221
f 6177 6183 6182
f 6178 6222 6223
f 6182 6183 6193
f 6182 6193 6192
f 6192 6193 6203
f 6192 6203 6202
f 6202 6203 6213
f 6202 6213 6212
f 6212 6213 6223
f 6212 6223 6222
f 6177 6184 6183
f 6178 6223 6224
f 6183 6184 6194
f 6183 6194 6193
f 6193 6194 6204
f 6193 6204 6203
f 6203 6204 6214
f 6203 6214 6213
f 6213 6214 6224
f 6213 6224 6223
f 6177 6185 6184
f 6178 6224 6225
f 6184 6185 6195
f 6184 6195 6194
f 6194 6195 6205
f 6194 6205 6204
f 6204 6205 6215
f 6204 6215 6214
f 6214 6215 6225
f 6214 6225 6224
f 6177 6186 6185
f 6178 6225 6226
f 6185 6186 6196
f 6185 6196 6195
f 6195 6196 6206
f 6195 6206 6205
f 6205 6206 6216
f 6205 6216 6215
f 6215 6216 6226
f 6215 6226 6225
f 6177 6187 6186
f 6178 6226 6227
f 6186 6187 6197
f 6186 6197 6196
f 6196 6197 6207
f 6196 6207 6206
f 6206 6207 6217
f 6206 6217 6216
f 6216 6217 6227
f 6216 6227 6226
f 6177 6188 6187
f 6178 6227 6228
f 6187 6188 6198
f 6187 6198 6197
f 6197 6198 6208
f 6197 6208 6207
f 6207 6208 6218
f 6207 6218 6217
f 6217 6218 6228
f 6217 6228 6227
f 6177 6179 6188
f 6178 6228 6219
f 6188 6179 6189
f 6188 6189 6198
f 6198 6189 6199
f 6198 6199 6208
f 6208 6199 6209
f 6208 6209 6218
f 6218 6209 6219
f 6218 6219 6228
o MeadowDaisyPetal_36
usemtl color_144
s off
v -1.999644 5.705700 0.854875
v -1.999644 5.329500 0.854875
v -1.756681 5.680499 0.854875
v -1.803083 5.680499 0.997685
v -1.924564 5.680499 1.085946
v -2.074723 5.680499 1.085946
v -2.196204 5.680499 0.997685
v -2.242606 5.680499 0.854875
v -2.196204 5.680499 0.712065
v -2.074723 5.680499 0.623804
v -1.924564 5.680499 0.623804
v -1.803083 5.680499 0.712065
v -1.578820 5.611650 0.854875
v -1.659190 5.611650 1.102229
v -1.869602 5.611650 1.255102
v -2.129685 5.611650 1.255102
v -2.340097 5.611650 1.102229
v -2.420467 5.611650 0.854875
v -2.340097 5.611650 0.607521
v -2.129685 5.611650 0.454648
v -1.869602 5.611650 0.454648
v -1.659190 5.611650 0.607521
v -1.513719 5.517600 0.854875
v -1.606522 5.517600 1.140495
v -1.849485 5.517600 1.317017
v -2.149803 5.517600 1.317017
v -2.392765 5.517600 1.140495
v -2.485569 5.517600 0.854875
v -2.392765 5.517600 0.569255
v -2.149803 5.517600 0.392733
v -1.849485 5.517600 0.392733
v -1.606522 5.517600 0.569255
v -1.578820 5.423550 0.854875
v -1.659190 5.423550 1.102229
v -1.869602 5.423550 1.255102
v -2.129685 5.423550 1.255102
v -2.340097 5.423550 1.102229
v -2.420467 5.423550 0.854875
v -2.340097 5.423550 0.607521
v -2.129685 5.423550 0.454648
v -1.869602 5.423550 0.454648
v -1.659190 5.423550 0.607521
v -1.756681 5.354701 0.854875
v -1.803083 5.354701 0.997685
v -1.924564 5.354701 1.085946
v -2.074723 5.354701 1.085946
v -2.196204 5.354701 0.997685
v -2.242606 5.354701 0.854875
v -2.196204 5.354701 0.712065
v -2.074723 5.354701 0.623804
v -1.924564 5.354701 0.623804
v -1.803083 5.354701 0.712065
f 6229 6232 6231
f 6230 6271 6272
f 6231 6232 6242
f 6231 6242 6241
f 6241 6242 6252
f 6241 6252 6251
f 6251 6252 6262
f 6251 6262 6261
f 6261 6262 6272
f 6261 6272 6271
f 6229 6233 6232
f 6230 6272 6273
f 6232 6233 6243
f 6232 6243 6242
f 6242 6243 6253
f 6242 6253 6252
f 6252 6253 6263
f 6252 6263 6262
f 6262 6263 6273
f 6262 6273 6272
f 6229 6234 6233
f 6230 6273 6274
f 6233 6234 6244
f 6233 6244 6243
f 6243 6244 6254
f 6243 6254 6253
f 6253 6254 6264
f 6253 6264 6263
f 6263 6264 6274
f 6263 6274 6273
f 6229 6235 6234
f 6230 6274 6275
f 6234 6235 6245
f 6234 6245 6244
f 6244 6245 6255
f 6244 6255 6254
f 6254 6255 6265
f 6254 6265 6264
f 6264 6265 6275
f 6264 6275 6274
f 6229 6236 6235
f 6230 6275 6276
f 6235 6236 6246
f 6235 6246 6245
f 6245 6246 6256
f 6245 6256 6255
f 6255 6256 6266
f 6255 6266 6265
f 6265 6266 6276
f 6265 6276 6275
f 6229 6237 6236
f 6230 6276 6277
f 6236 6237 6247
f 6236 6247 6246
f 6246 6247 6257
f 6246 6257 6256
f 6256 6257 6267
f 6256 6267 6266
f 6266 6267 6277
f 6266 6277 6276
f 6229 6238 6237
f 6230 6277 6278
f 6237 6238 6248
f 6237 6248 6247
f 6247 6248 6258
f 6247 6258 6257
f 6257 6258 6268
f 6257 6268 6267
f 6267 6268 6278
f 6267 6278 6277
f 6229 6239 6238
f 6230 6278 6279
f 6238 6239 6249
f 6238 6249 6248
f 6248 6249 6259
f 6248 6259 6258
f 6258 6259 6269
f 6258 6269 6268
f 6268 6269 6279
f 6268 6279 6278
f 6229 6240 6239
f 6230 6279 6280
f 6239 6240 6250
f 6239 6250 6249
f 6249 6250 6260
f 6249 6260 6259
f 6259 6260 6270
f 6259 6270 6269
f 6269 6270 6280
f 6269 6280 6279
f 6229 6231 6240
f 6230 6280 6271
f 6240 6231 6241
f 6240 6241 6250
f 6250 6241 6251
f 6250 6251 6260
f 6260 6251 6261
f 6260 6261 6270
f 6270 6261 6271
f 6270 6271 6280
o MeadowDaisyPetal_37
usemtl color_145
s off
v -2.193818 5.705700 0.257266
v -2.193818 5.329500 0.257266
v -1.950856 5.680499 0.257266
v -1.997258 5.680499 0.400076
v -2.118739 5.680499 0.488337
v -2.268898 5.680499 0.488337
v -2.390379 5.680499 0.400076
v -2.436781 5.680499 0.257266
v -2.390379 5.680499 0.114456
v -2.268898 5.680499 0.026195
v -2.118739 5.680499 0.026195
v -1.997258 5.680499 0.114456
v -1.772995 5.611650 0.257266
v -1.853365 5.611650 0.504620
v -2.063777 5.611650 0.657493
v -2.323860 5.611650 0.657493
v -2.534272 5.611650 0.504620
v -2.614642 5.611650 0.257266
v -2.534272 5.611650 0.009912
v -2.323860 5.611650 -0.142961
v -2.063777 5.611650 -0.142961
v -1.853365 5.611650 0.009912
v -1.707893 5.517600 0.257266
v -1.800697 5.517600 0.542886
v -2.043659 5.517600 0.719408
v -2.343978 5.517600 0.719408
v -2.586940 5.517600 0.542886
v -2.679743 5.517600 0.257266
v -2.586940 5.517600 -0.028353
v -2.343978 5.517600 -0.204876
v -2.043659 5.517600 -0.204876
v -1.800697 5.517600 -0.028353
v -1.772995 5.423550 0.257266
v -1.853365 5.423550 0.504620
v -2.063777 5.423550 0.657493
v -2.323860 5.423550 0.657493
v -2.534272 5.423550 0.504620
v -2.614642 5.423550 0.257266
v -2.534272 5.423550 0.009912
v -2.323860 5.423550 -0.142961
v -2.063777 5.423550 -0.142961
v -1.853365 5.423550 0.009912
v -1.950856 5.354701 0.257266
v -1.997258 5.354701 0.400076
v -2.118739 5.354701 0.488337
v -2.268898 5.354701 0.488337
v -2.390379 5.354701 0.400076
v -2.436781 5.354701 0.257266
v -2.390379 5.354701 0.114456
v -2.268898 5.354701 0.026195
v -2.118739 5.354701 0.026195
v -1.997258 5.354701 0.114456
f 6281 6284 6283
f 6282 6323 6324
f 6283 6284 6294
f 6283 6294 6293
f 6293 6294 6304
f 6293 6304 6303
f 6303 6304 6314
f 6303 6314 6313
f 6313 6314 6324
f 6313 6324 6323
f 6281 6285 6284
f 6282 6324 6325
f 6284 6285 6295
f 6284 6295 6294
f 6294 6295 6305
f 6294 6305 6304
f 6304 6305 6315
f 6304 6315 6314
f 6314 6315 6325
f 6314 6325 6324
f 6281 6286 6285
f 6282 6325 6326
f 6285 6286 6296
f 6285 6296 6295
f 6295 6296 6306
f 6295 6306 6305
f 6305 6306 6316
f 6305 6316 6315
f 6315 6316 6326
f 6315 6326 6325
f 6281 6287 6286
f 6282 6326 6327
f 6286 6287 6297
f 6286 6297 6296
f 6296 6297 6307
f 6296 6307 6306
f 6306 6307 6317
f 6306 6317 6316
f 6316 6317 6327
f 6316 6327 6326
f 6281 6288 6287
f 6282 6327 6328
f 6287 6288 6298
f 6287 6298 6297
f 6297 6298 6308
f 6297 6308 6307
f 6307 6308 6318
f 6307 6318 6317
f 6317 6318 6328
f 6317 6328 6327
f 6281 6289 6288
f 6282 6328 6329
f 6288 6289 6299
f 6288 6299 6298
f 6298 6299 6309
f 6298 6309 6308
f 6308 6309 6319
f 6308 6319 6318
f 6318 6319 6329
f 6318 6329 6328
f 6281 6290 6289
f 6282 6329 6330
f 6289 6290 6300
f 6289 6300 6299
f 6299 6300 6310
f 6299 6310 6309
f 6309 6310 6320
f 6309 6320 6319
f 6319 6320 6330
f 6319 6330 6329
f 6281 6291 6290
f 6282 6330 6331
f 6290 6291 6301
f 6290 6301 6300
f 6300 6301 6311
f 6300 6311 6310
f 6310 6311 6321
f 6310 6321 6320
f 6320 6321 6331
f 6320 6331 6330
f 6281 6292 6291
f 6282 6331 6332
f 6291 6292 6302
f 6291 6302 6301
f 6301 6302 6312
f 6301 6312 6311
f 6311 6312 6322
f 6311 6322 6321
f 6321 6322 6332
f 6321 6332 6331
f 6281 6283 6292
f 6282 6332 6323
f 6292 6283 6293
f 6292 6293 6302
f 6302 6293 6303
f 6302 6303 6312
f 6312 6303 6313
f 6312 6313 6322
f 6322 6313 6323
f 6322 6323 6332
o MeadowDaisyPetal_38
usemtl color_146
s off
v -2.822182 5.705700 0.257266
v -2.822182 5.329500 0.257266
v -2.579219 5.680499 0.257266
v -2.625621 5.680499 0.400076
v -2.747102 5.680499 0.488337
v -2.897261 5.680499 0.488337
v -3.018742 5.680499 0.400076
v -3.065144 5.680499 0.257266
v -3.018742 5.680499 0.114456
v -2.897261 5.680499 0.026195
v -2.747102 5.680499 0.026195
v -2.625621 5.680499 0.114456
v -2.401358 5.611650 0.257266
v -2.481728 5.611650 0.504620
v -2.692140 5.611650 0.657493
v -2.952223 5.611650 0.657493
v -3.162635 5.611650 0.504620
v -3.243005 5.611650 0.257266
v -3.162635 5.611650 0.009912
v -2.952223 5.611650 -0.142961
v -2.692140 5.611650 -0.142961
v -2.481728 5.611650 0.009912
v -2.336257 5.517600 0.257266
v -2.429060 5.517600 0.542886
v -2.672022 5.517600 0.719408
v -2.972341 5.517600 0.719408
v -3.215303 5.517600 0.542886
v -3.308107 5.517600 0.257266
v -3.215303 5.517600 -0.028353
v -2.972341 5.517600 -0.204876
v -2.672022 5.517600 -0.204876
v -2.429060 5.517600 -0.028353
v -2.401358 5.423550 0.257266
v -2.481728 5.423550 0.504620
v -2.692140 5.423550 0.657493
v -2.952223 5.423550 0.657493
v -3.162635 5.423550 0.504620
v -3.243005 5.423550 0.257266
v -3.162635 5.423550 0.009912
v -2.952223 5.423550 -0.142961
v -2.692140 5.423550 -0.142961
v -2.481728 5.423550 0.009912
v -2.579219 5.354701 0.257266
v -2.625621 5.354701 0.400076
v -2.747102 5.354701 0.488337
v -2.897261 5.354701 0.488337
v -3.018742 5.354701 0.400076
v -3.065144 5.354701 0.257266
v -3.018742 5.354701 0.114456
v -2.897261 5.354701 0.026195
v -2.747102 5.354701 0.026195
v -2.625621 5.354701 0.114456
f 6333 6336 6335
f 6334 6375 6376
f 6335 6336 6346
f 6335 6346 6345
f 6345 6346 6356
f 6345 6356 6355
f 6355 6356 6366
f 6355 6366 6365
f 6365 6366 6376
f 6365 6376 6375
f 6333 6337 6336
f 6334 6376 6377
f 6336 6337 6347
f 6336 6347 6346
f 6346 6347 6357
f 6346 6357 6356
f 6356 6357 6367
f 6356 6367 6366
f 6366 6367 6377
f 6366 6377 6376
f 6333 6338 6337
f 6334 6377 6378
f 6337 6338 6348
f 6337 6348 6347
f 6347 6348 6358
f 6347 6358 6357
f 6357 6358 6368
f 6357 6368 6367
f 6367 6368 6378
f 6367 6378 6377
f 6333 6339 6338
f 6334 6378 6379
f 6338 6339 6349
f 6338 6349 6348
f 6348 6349 6359
f 6348 6359 6358
f 6358 6359 6369
f 6358 6369 6368
f 6368 6369 6379
f 6368 6379 6378
f 6333 6340 6339
f 6334 6379 6380
f 6339 6340 6350
f 6339 6350 6349
f 6349 6350 6360
f 6349 6360 6359
f 6359 6360 6370
f 6359 6370 6369
f 6369 6370 6380
f 6369 6380 6379
f 6333 6341 6340
f 6334 6380 6381
f 6340 6341 6351
f 6340 6351 6350
f 6350 6351 6361
f 6350 6361 6360
f 6360 6361 6371
f 6360 6371 6370
f 6370 6371 6381
f 6370 6381 6380
f 6333 6342 6341
f 6334 6381 6382
f 6341 6342 6352
f 6341 6352 6351
f 6351 6352 6362
f 6351 6362 6361
f 6361 6362 6372
f 6361 6372 6371
f 6371 6372 6382
f 6371 6382 6381
f 6333 6343 6342
f 6334 6382 6383
f 6342 6343 6353
f 6342 6353 6352
f 6352 6353 6363
f 6352 6363 6362
f 6362 6363 6373
f 6362 6373 6372
f 6372 6373 6383
f 6372 6383 6382
f 6333 6344 6343
f 6334 6383 6384
f 6343 6344 6354
f 6343 6354 6353
f 6353 6354 6364
f 6353 6364 6363
f 6363 6364 6374
f 6363 6374 6373
f 6373 6374 6384
f 6373 6384 6383
f 6333 6335 6344
f 6334 6384 6375
f 6344 6335 6345
f 6344 6345 6354
f 6354 6345 6355
f 6354 6355 6364
f 6364 6355 6365
f 6364 6365 6374
f 6374 6365 6375
f 6374 6375 6384
o MeadowDaisyPetal_39
usemtl color_147
s off
v -3.016356 5.705700 0.854875
v -3.016356 5.329500 0.854875
v -2.773394 5.680499 0.854875
v -2.819796 5.680499 0.997685
v -2.941277 5.680499 1.085946
v -3.091436 5.680499 1.085946
v -3.212917 5.680499 0.997685
v -3.259319 5.680499 0.854875
v -3.212917 5.680499 0.712065
v -3.091436 5.680499 0.623804
v -2.941277 5.680499 0.623804
v -2.819796 5.680499 0.712065
v -2.595533 5.611650 0.854875
v -2.675903 5.611650 1.102229
v -2.886315 5.611650 1.255102
v -3.146398 5.611650 1.255102
v -3.356810 5.611650 1.102229
v -3.437180 5.611650 0.854875
v -3.356810 5.611650 0.607521
v -3.146398 5.611650 0.454648
v -2.886315 5.611650 0.454648
v -2.675903 5.611650 0.607521
v -2.530431 5.517600 0.854875
v -2.623235 5.517600 1.140495
v -2.866197 5.517600 1.317017
v -3.166515 5.517600 1.317017
v -3.409478 5.517600 1.140495
v -3.502281 5.517600 0.854875
v -3.409478 5.517600 0.569255
v -3.166515 5.517600 0.392733
v -2.866197 5.517600 0.392733
v -2.623235 5.517600 0.569255
v -2.595533 5.423550 0.854875
v -2.675903 5.423550 1.102229
v -2.886315 5.423550 1.255102
v -3.146398 5.423550 1.255102
v -3.356810 5.423550 1.102229
v -3.437180 5.423550 0.854875
v -3.356810 5.423550 0.607521
v -3.146398 5.423550 0.454648
v -2.886315 5.423550 0.454648
v -2.675903 5.423550 0.607521
v -2.773394 5.354701 0.854875
v -2.819796 5.354701 0.997685
v -2.941277 5.354701 1.085946
v -3.091436 5.354701 1.085946
v -3.212917 5.354701 0.997685
v -3.259319 5.354701 0.854875
v -3.212917 5.354701 0.712065
v -3.091436 5.354701 0.623804
v -2.941277 5.354701 0.623804
v -2.819796 5.354701 0.712065
f 6385 6388 6387
f 6386 6427 6428
f 6387 6388 6398
f 6387 6398 6397
f 6397 6398 6408
f 6397 6408 6407
f 6407 6408 6418
f 6407 6418 6417
f 6417 6418 6428
f 6417 6428 6427
f 6385 6389 6388
f 6386 6428 6429
f 6388 6389 6399
f 6388 6399 6398
f 6398 6399 6409
f 6398 6409 6408
f 6408 6409 6419
f 6408 6419 6418
f 6418 6419 6429
f 6418 6429 6428
f 6385 6390 6389
f 6386 6429 6430
f 6389 6390 6400
f 6389 6400 6399
f 6399 6400 6410
f 6399 6410 6409
f 6409 6410 6420
f 6409 6420 6419
f 6419 6420 6430
f 6419 6430 6429
f 6385 6391 6390
f 6386 6430 6431
f 6390 6391 6401
f 6390 6401 6400
f 6400 6401 6411
f 6400 6411 6410
f 6410 6411 6421
f 6410 6421 6420
f 6420 6421 6431
f 6420 6431 6430
f 6385 6392 6391
f 6386 6431 6432
f 6391 6392 6402
f 6391 6402 6401
f 6401 6402 6412
f 6401 6412 6411
f 6411 6412 6422
f 6411 6422 6421
f 6421 6422 6432
f 6421 6432 6431
f 6385 6393 6392
f 6386 6432 6433
f 6392 6393 6403
f 6392 6403 6402
f 6402 6403 6413
f 6402 6413 6412
f 6412 6413 6423
f 6412 6423 6422
f 6422 6423 6433
f 6422 6433 6432
f 6385 6394 6393
f 6386 6433 6434
f 6393 6394 6404
f 6393 6404 6403
f 6403 6404 6414
f 6403 6414 6413
f 6413 6414 6424
f 6413 6424 6423
f 6423 6424 6434
f 6423 6434 6433
f 6385 6395 6394
f 6386 6434 6435
f 6394 6395 6405
f 6394 6405 6404
f 6404 6405 6415
f 6404 6415 6414
f 6414 6415 6425
f 6414 6425 6424
f 6424 6425 6435
f 6424 6435 6434
f 6385 6396 6395
f 6386 6435 6436
f 6395 6396 6406
f 6395 6406 6405
f 6405 6406 6416
f 6405 6416 6415
f 6415 6416 6426
f 6415 6426 6425
f 6425 6426 6436
f 6425 6436 6435
f 6385 6387 6396
f 6386 6436 6427
f 6396 6387 6397
f 6396 6397 6406
f 6406 6397 6407
f 6406 6407 6416
f 6416 6407 6417
f 6416 6417 6426
f 6426 6417 6427
f 6426 6427 6436
o MeadowDaisyHeart_7
usemtl color_148
s off
v -2.508000 5.909475 0.689700
v -2.508000 5.439225 0.689700
v -2.398667 5.877974 0.689700
v -2.419548 5.877974 0.753964
v -2.474214 5.877974 0.793682
v -2.541786 5.877974 0.793682
v -2.596452 5.877974 0.753964
v -2.617333 5.877974 0.689700
v -2.596452 5.877974 0.625436
v -2.541786 5.877974 0.585718
v -2.474214 5.877974 0.585718
v -2.419548 5.877974 0.625436
v -2.318629 5.791912 0.689700
v -2.354796 5.791912 0.801009
v -2.449481 5.791912 0.869802
v -2.566519 5.791912 0.869802
v -2.661204 5.791912 0.801009
v -2.697371 5.791912 0.689700
v -2.661204 5.791912 0.578391
v -2.566519 5.791912 0.509598
v -2.449481 5.791912 0.509598
v -2.354796 5.791912 0.578391
v -2.289334 5.674350 0.689700
v -2.331095 5.674350 0.818229
v -2.440428 5.674350 0.897664
v -2.575572 5.674350 0.897664
v -2.684905 5.674350 0.818229
v -2.726666 5.674350 0.689700
v -2.684905 5.674350 0.561171
v -2.575572 5.674350 0.481736
v -2.440428 5.674350 0.481736
v -2.331095 5.674350 0.561171
v -2.318629 5.556787 0.689700
v -2.354796 5.556787 0.801009
v -2.449481 5.556787 0.869802
v -2.566519 5.556787 0.869802
v -2.661204 5.556787 0.801009
v -2.697371 5.556787 0.689700
v -2.661204 5.556787 0.578391
v -2.566519 5.556787 0.509598
v -2.449481 5.556787 0.509598
v -2.354796 5.556787 0.578391
v -2.398667 5.470726 0.689700
v -2.419548 5.470726 0.753964
v -2.474214 5.470726 0.793682
v -2.541786 5.470726 0.793682
v -2.596452 5.470726 0.753964
v -2.617333 5.470726 0.689700
v -2.596452 5.470726 0.625436
v -2.541786 5.470726 0.585718
v -2.474214 5.470726 0.585718
v -2.419548 5.470726 0.625436
f 6437 6440 6439
f 6438 6479 6480
f 6439 6440 6450
f 6439 6450 6449
f 6449 6450 6460
f 6449 6460 6459
f 6459 6460 6470
f 6459 6470 6469
f 6469 6470 6480
f 6469 6480 6479
f 6437 6441 6440
f 6438 6480 6481
f 6440 6441 6451
f 6440 6451 6450
f 6450 6451 6461
f 6450 6461 6460
f 6460 6461 6471
f 6460 6471 6470
f 6470 6471 6481
f 6470 6481 6480
f 6437 6442 6441
f 6438 6481 6482
f 6441 6442 6452
f 6441 6452 6451
f 6451 6452 6462
f 6451 6462 6461
f 6461 6462 6472
f 6461 6472 6471
f 6471 6472 6482
f 6471 6482 6481
f 6437 6443 6442
f 6438 6482 6483
f 6442 6443 6453
f 6442 6453 6452
f 6452 6453 6463
f 6452 6463 6462
f 6462 6463 6473
f 6462 6473 6472
f 6472 6473 6483
f 6472 6483 6482
f 6437 6444 6443
f 6438 6483 6484
f 6443 6444 6454
f 6443 6454 6453
f 6453 6454 6464
f 6453 6464 6463
f 6463 6464 6474
f 6463 6474 6473
f 6473 6474 6484
f 6473 6484 6483
f 6437 6445 6444
f 6438 6484 6485
f 6444 6445 6455
f 6444 6455 6454
f 6454 6455 6465
f 6454 6465 6464
f 6464 6465 6475
f 6464 6475 6474
f 6474 6475 6485
f 6474 6485 6484
f 6437 6446 6445
f 6438 6485 6486
f 6445 6446 6456
f 6445 6456 6455
f 6455 6456 6466
f 6455 6466 6465
f 6465 6466 6476
f 6465 6476 6475
f 6475 6476 6486
f 6475 6486 6485
f 6437 6447 6446
f 6438 6486 6487
f 6446 6447 6457
f 6446 6457 6456
f 6456 6457 6467
f 6456 6467 6466
f 6466 6467 6477
f 6466 6477 6476
f 6476 6477 6487
f 6476 6487 6486
f 6437 6448 6447
f 6438 6487 6488
f 6447 6448 6458
f 6447 6458 6457
f 6457 6458 6468
f 6457 6468 6467
f 6467 6468 6478
f 6467 6478 6477
f 6477 6478 6488
f 6477 6488 6487
f 6437 6439 6448
f 6438 6488 6479
f 6448 6439 6449
f 6448 6449 6458
f 6458 6449 6459
f 6458 6459 6468
f 6468 6459 6469
f 6468 6469 6478
f 6478 6469 6479
f 6478 6479 6488
o TailStem
usemtl color_149
s off
v 0.000000 -0.599547 10.562711
v 0.000000 -1.281453 10.880689
v 0.188100 -0.645226 10.584011
v 0.152176 -0.450536 11.001526
v 0.058126 -0.330210 11.259565
v -0.058126 -0.330210 11.259565
v -0.152176 -0.450536 11.001526
v -0.188100 -0.645226 10.584011
v -0.152176 -0.839916 10.166497
v -0.058126 -0.960242 9.908458
v 0.058126 -0.960242 9.908458
v 0.152176 -0.839916 10.166497
v 0.325799 -0.770024 10.642206
v 0.263577 -0.432810 11.365362
v 0.100677 -0.224400 11.812298
v -0.100677 -0.224400 11.812298
v -0.263577 -0.432810 11.365362
v -0.325799 -0.770024 10.642206
v -0.263577 -1.107237 9.919049
v -0.100677 -1.315647 9.472113
v 0.100677 -1.315647 9.472113
v 0.263577 -1.107237 9.919049
v 0.376200 -0.940500 10.721700
v 0.304352 -0.551119 11.556730
v 0.116252 -0.310469 12.072807
v -0.116252 -0.310469 12.072807
v -0.304352 -0.551119 11.556730
v -0.376200 -0.940500 10.721700
v -0.304352 -1.329881 9.886670
v -0.116252 -1.570531 9.370593
v 0.116252 -1.570531 9.370593
v 0.304352 -1.329881 9.886670
v 0.325799 -1.110976 10.801194
v 0.263577 -0.773763 11.524351
v 0.100677 -0.565353 11.971287
v -0.100677 -0.565353 11.971287
v -0.263577 -0.773763 11.524351
v -0.325799 -1.110976 10.801194
v -0.263577 -1.448190 10.078038
v -0.100677 -1.656600 9.631102
v 0.100677 -1.656600 9.631102
v 0.263577 -1.448190 10.078038
v 0.188100 -1.235774 10.859389
v 0.152176 -1.041084 11.276903
v 0.058126 -0.920758 11.534942
v -0.058126 -0.920758 11.534942
v -0.152176 -1.041084 11.276903
v -0.188100 -1.235774 10.859389
v -0.152176 -1.430464 10.441874
v -0.058126 -1.550790 10.183835
v 0.058126 -1.550790 10.183835
v 0.152176 -1.430464 10.441874
f 6489 6492 6491
f 6490 6531 6532
f 6491 6492 6502
f 6491 6502 6501
f 6501 6502 6512
f 6501 6512 6511
f 6511 6512 6522
f 6511 6522 6521
f 6521 6522 6532
f 6521 6532 6531
f 6489 6493 6492
f 6490 6532 6533
f 6492 6493 6503
f 6492 6503 6502
f 6502 6503 6513
f 6502 6513 6512
f 6512 6513 6523
f 6512 6523 6522
f 6522 6523 6533
f 6522 6533 6532
f 6489 6494 6493
f 6490 6533 6534
f 6493 6494 6504
f 6493 6504 6503
f 6503 6504 6514
f 6503 6514 6513
f 6513 6514 6524
f 6513 6524 6523
f 6523 6524 6534
f 6523 6534 6533
f 6489 6495 6494
f 6490 6534 6535
f 6494 6495 6505
f 6494 6505 6504
f 6504 6505 6515
f 6504 6515 6514
f 6514 6515 6525
f 6514 6525 6524
f 6524 6525 6535
f 6524 6535 6534
f 6489 6496 6495
f 6490 6535 6536
f 6495 6496 6506
f 6495 6506 6505
f 6505 6506 6516
f 6505 6516 6515
f 6515 6516 6526
f 6515 6526 6525
f 6525 6526 6536
f 6525 6536 6535
f 6489 6497 6496
f 6490 6536 6537
f 6496 6497 6507
f 6496 6507 6506
f 6506 6507 6517
f 6506 6517 6516
f 6516 6517 6527
f 6516 6527 6526
f 6526 6527 6537
f 6526 6537 6536
f 6489 6498 6497
f 6490 6537 6538
f 6497 6498 6508
f 6497 6508 6507
f 6507 6508 6518
f 6507 6518 6517
f 6517 6518 6528
f 6517 6528 6527
f 6527 6528 6538
f 6527 6538 6537
f 6489 6499 6498
f 6490 6538 6539
f 6498 6499 6509
f 6498 6509 6508
f 6508 6509 6519
f 6508 6519 6518
f 6518 6519 6529
f 6518 6529 6528
f 6528 6529 6539
f 6528 6539 6538
f 6489 6500 6499
f 6490 6539 6540
f 6499 6500 6510
f 6499 6510 6509
f 6509 6510 6520
f 6509 6520 6519
f 6519 6520 6530
f 6519 6530 6529
f 6529 6530 6540
f 6529 6540 6539
f 6489 6491 6500
f 6490 6540 6531
f 6500 6491 6501
f 6500 6501 6510
f 6510 6501 6511
f 6510 6511 6520
f 6520 6511 6521
f 6520 6521 6530
f 6530 6521 6531
f 6530 6531 6540
o TailGrass
usemtl color_150
s off
v 0.000000 -1.137169 11.157323
v -0.627000 -1.947692 11.837432
v 0.000000 -2.938331 12.668677
v 0.627000 -1.947692 11.837432
v 0.000000 -1.816708 11.993533
v 0.000000 -2.078676 11.681332
f 6541 6542 6545
f 6542 6541 6546
f 6542 6543 6545
f 6543 6542 6546
f 6543 6544 6545
f 6544 6543 6546
f 6544 6541 6545
f 6541 6544 6546
o TailGrassVein
usemtl color_151
s off
v -0.070537 -1.248909 11.329991
v 0.070537 -1.248909 11.329991
v 0.070537 -1.158228 11.438061
v -0.070537 -1.158228 11.438061
v -0.070537 -2.509722 12.387939
v 0.070537 -2.509722 12.387939
v 0.070537 -2.419041 12.496009
v -0.070537 -2.419041 12.496009
f 6547 6550 6549
f 6547 6549 6548
f 6551 6552 6553
f 6551 6553 6554
f 6547 6551 6554
f 6547 6554 6550
f 6548 6549 6553
f 6548 6553 6552
f 6550 6554 6553
f 6550 6553 6549
f 6547 6548 6552
f 6547 6552 6551
