# Original Rodeo Fantasy mesh; Roblox studs; +Y up, -Z forward
mtllib RockElephant_A_S1.mtl
o Body
usemtl color_0
s off
v 0.000000 2.846250 0.990000
v 0.000000 -2.846250 0.990000
v 1.773750 2.464925 0.990000
v 1.434994 2.464925 2.250799
v 0.548119 2.464925 3.030016
v -0.548119 2.464925 3.030016
v -1.434994 2.464925 2.250799
v -1.773750 2.464925 0.990000
v -1.434994 2.464925 -0.270799
v -0.548119 2.464925 -1.050016
v 0.548119 2.464925 -1.050016
v 1.434994 2.464925 -0.270799
v 3.072225 1.423125 0.990000
v 2.485482 1.423125 3.173769
v 0.949370 1.423125 4.523412
v -0.949370 1.423125 4.523412
v -2.485482 1.423125 3.173769
v -3.072225 1.423125 0.990000
v -2.485482 1.423125 -1.193769
v -0.949370 1.423125 -2.543412
v 0.949370 1.423125 -2.543412
v 2.485482 1.423125 -1.193769
v 3.547500 0.000000 0.990000
v 2.869988 0.000000 3.511599
v 1.096238 0.000000 5.070032
v -1.096238 0.000000 5.070032
v -2.869988 0.000000 3.511599
v -3.547500 0.000000 0.990000
v -2.869988 0.000000 -1.531599
v -1.096238 0.000000 -3.090032
v 1.096238 0.000000 -3.090032
v 2.869988 0.000000 -1.531599
v 3.072225 -1.423125 0.990000
v 2.485482 -1.423125 3.173769
v 0.949370 -1.423125 4.523412
v -0.949370 -1.423125 4.523412
v -2.485482 -1.423125 3.173769
v -3.072225 -1.423125 0.990000
v -2.485482 -1.423125 -1.193769
v -0.949370 -1.423125 -2.543412
v 0.949370 -1.423125 -2.543412
v 2.485482 -1.423125 -1.193769
v 1.773750 -2.464925 0.990000
v 1.434994 -2.464925 2.250799
v 0.548119 -2.464925 3.030016
v -0.548119 -2.464925 3.030016
v -1.434994 -2.464925 2.250799
v -1.773750 -2.464925 0.990000
v -1.434994 -2.464925 -0.270799
v -0.548119 -2.464925 -1.050016
v 0.548119 -2.464925 -1.050016
v 1.434994 -2.464925 -0.270799
f 1 4 3
f 2 43 44
f 3 4 14
f 3 14 13
f 13 14 24
f 13 24 23
f 23 24 34
f 23 34 33
f 33 34 44
f 33 44 43
f 1 5 4
f 2 44 45
f 4 5 15
f 4 15 14
f 14 15 25
f 14 25 24
f 24 25 35
f 24 35 34
f 34 35 45
f 34 45 44
f 1 6 5
f 2 45 46
f 5 6 16
f 5 16 15
f 15 16 26
f 15 26 25
f 25 26 36
f 25 36 35
f 35 36 46
f 35 46 45
f 1 7 6
f 2 46 47
f 6 7 17
f 6 17 16
f 16 17 27
f 16 27 26
f 26 27 37
f 26 37 36
f 36 37 47
f 36 47 46
f 1 8 7
f 2 47 48
f 7 8 18
f 7 18 17
f 17 18 28
f 17 28 27
f 27 28 38
f 27 38 37
f 37 38 48
f 37 48 47
f 1 9 8
f 2 48 49
f 8 9 19
f 8 19 18
f 18 19 29
f 18 29 28
f 28 29 39
f 28 39 38
f 38 39 49
f 38 49 48
f 1 10 9
f 2 49 50
f 9 10 20
f 9 20 19
f 19 20 30
f 19 30 29
f 29 30 40
f 29 40 39
f 39 40 50
f 39 50 49
f 1 11 10
f 2 50 51
f 10 11 21
f 10 21 20
f 20 21 31
f 20 31 30
f 30 31 41
f 30 41 40
f 40 41 51
f 40 51 50
f 1 12 11
f 2 51 52
f 11 12 22
f 11 22 21
f 21 22 32
f 21 32 31
f 31 32 42
f 31 42 41
f 41 42 52
f 41 52 51
f 1 3 12
f 2 52 43
f 12 3 13
f 12 13 22
f 22 13 23
f 22 23 32
f 32 23 33
f 32 33 42
f 42 33 43
f 42 43 52
o Head
usemtl color_1
s off
v 0.000000 3.151500 -3.712500
v 0.000000 -1.996500 -3.712500
v 1.443750 2.806649 -3.712500
v 1.168018 2.806649 -3.009362
v 0.446143 2.806649 -2.574799
v -0.446143 2.806649 -2.574799
v -1.168018 2.806649 -3.009362
v -1.443750 2.806649 -3.712500
v -1.168018 2.806649 -4.415638
v -0.446143 2.806649 -4.850201
v 0.446143 2.806649 -4.850201
v 1.168018 2.806649 -4.415638
v 2.500648 1.864500 -3.712500
v 2.023067 1.864500 -2.494629
v 0.772743 1.864500 -1.741943
v -0.772743 1.864500 -1.741943
v -2.023067 1.864500 -2.494629
v -2.500648 1.864500 -3.712500
v -2.023067 1.864500 -4.930371
v -0.772743 1.864500 -5.683057
v 0.772743 1.864500 -5.683057
v 2.023067 1.864500 -4.930371
v 2.887500 0.577500 -3.712500
v 2.336037 0.577500 -2.306224
v 0.892287 0.577500 -1.437097
v -0.892287 0.577500 -1.437097
v -2.336037 0.577500 -2.306224
v -2.887500 0.577500 -3.712500
v -2.336037 0.577500 -5.118776
v -0.892287 0.577500 -5.987903
v 0.892287 0.577500 -5.987903
v 2.336037 0.577500 -5.118776
v 2.500648 -0.709500 -3.712500
v 2.023067 -0.709500 -2.494629
v 0.772743 -0.709500 -1.741943
v -0.772743 -0.709500 -1.741943
v -2.023067 -0.709500 -2.494629
v -2.500648 -0.709500 -3.712500
v -2.023067 -0.709500 -4.930371
v -0.772743 -0.709500 -5.683057
v 0.772743 -0.709500 -5.683057
v 2.023067 -0.709500 -4.930371
v 1.443750 -1.651649 -3.712500
v 1.168018 -1.651649 -3.009362
v 0.446143 -1.651649 -2.574799
v -0.446143 -1.651649 -2.574799
v -1.168018 -1.651649 -3.009362
v -1.443750 -1.651649 -3.712500
v -1.168018 -1.651649 -4.415638
v -0.446143 -1.651649 -4.850201
v 0.446143 -1.651649 -4.850201
v 1.168018 -1.651649 -4.415638
f 53 56 55
f 54 95 96
f 55 56 66
f 55 66 65
f 65 66 76
f 65 76 75
f 75 76 86
f 75 86 85
f 85 86 96
f 85 96 95
f 53 57 56
f 54 96 97
f 56 57 67
f 56 67 66
f 66 67 77
f 66 77 76
f 76 77 87
f 76 87 86
f 86 87 97
f 86 97 96
f 53 58 57
f 54 97 98
f 57 58 68
f 57 68 67
f 67 68 78
f 67 78 77
f 77 78 88
f 77 88 87
f 87 88 98
f 87 98 97
f 53 59 58
f 54 98 99
f 58 59 69
f 58 69 68
f 68 69 79
f 68 79 78
f 78 79 89
f 78 89 88
f 88 89 99
f 88 99 98
f 53 60 59
f 54 99 100
f 59 60 70
f 59 70 69
f 69 70 80
f 69 80 79
f 79 80 90
f 79 90 89
f 89 90 100
f 89 100 99
f 53 61 60
f 54 100 101
f 60 61 71
f 60 71 70
f 70 71 81
f 70 81 80
f 80 81 91
f 80 91 90
f 90 91 101
f 90 101 100
f 53 62 61
f 54 101 102
f 61 62 72
f 61 72 71
f 71 72 82
f 71 82 81
f 81 82 92
f 81 92 91
f 91 92 102
f 91 102 101
f 53 63 62
f 54 102 103
f 62 63 73
f 62 73 72
f 72 73 83
f 72 83 82
f 82 83 93
f 82 93 92
f 92 93 103
f 92 103 102
f 53 64 63
f 54 103 104
f 63 64 74
f 63 74 73
f 73 74 84
f 73 84 83
f 83 84 94
f 83 94 93
f 93 94 104
f 93 104 103
f 53 55 64
f 54 104 95
f 64 55 65
f 64 65 74
f 74 65 75
f 74 75 84
f 84 75 85
f 84 85 94
f 94 85 95
f 94 95 104
o Forehead
usemtl color_2
s off
v 0.000000 3.456750 -3.630000
v 0.000000 0.899250 -3.630000
v 1.216875 3.285430 -3.630000
v 0.984473 3.285430 -3.072339
v 0.376035 3.285430 -2.727685
v -0.376035 3.285430 -2.727685
v -0.984473 3.285430 -3.072339
v -1.216875 3.285430 -3.630000
v -0.984473 3.285430 -4.187661
v -0.376035 3.285430 -4.532315
v 0.376035 3.285430 -4.532315
v 0.984473 3.285430 -4.187661
v 2.107689 2.817375 -3.630000
v 1.705156 2.817375 -2.664102
v 0.651312 2.817375 -2.067145
v -0.651312 2.817375 -2.067145
v -1.705156 2.817375 -2.664102
v -2.107689 2.817375 -3.630000
v -1.705156 2.817375 -4.595898
v -0.651312 2.817375 -5.192855
v 0.651312 2.817375 -5.192855
v 1.705156 2.817375 -4.595898
v 2.433750 2.178000 -3.630000
v 1.968945 2.178000 -2.514677
v 0.752070 2.178000 -1.825370
v -0.752070 2.178000 -1.825370
v -1.968945 2.178000 -2.514677
v -2.433750 2.178000 -3.630000
v -1.968945 2.178000 -4.745323
v -0.752070 2.178000 -5.434630
v 0.752070 2.178000 -5.434630
v 1.968945 2.178000 -4.745323
v 2.107689 1.538625 -3.630000
v 1.705156 1.538625 -2.664102
v 0.651312 1.538625 -2.067145
v -0.651312 1.538625 -2.067145
v -1.705156 1.538625 -2.664102
v -2.107689 1.538625 -3.630000
v -1.705156 1.538625 -4.595898
v -0.651312 1.538625 -5.192855
v 0.651312 1.538625 -5.192855
v 1.705156 1.538625 -4.595898
v 1.216875 1.070570 -3.630000
v 0.984473 1.070570 -3.072339
v 0.376035 1.070570 -2.727685
v -0.376035 1.070570 -2.727685
v -0.984473 1.070570 -3.072339
v -1.216875 1.070570 -3.630000
v -0.984473 1.070570 -4.187661
v -0.376035 1.070570 -4.532315
v 0.376035 1.070570 -4.532315
v 0.984473 1.070570 -4.187661
f 105 108 107
f 106 147 148
f 107 108 118
f 107 118 117
f 117 118 128
f 117 128 127
f 127 128 138
f 127 138 137
f 137 138 148
f 137 148 147
f 105 109 108
f 106 148 149
f 108 109 119
f 108 119 118
f 118 119 129
f 118 129 128
f 128 129 139
f 128 139 138
f 138 139 149
f 138 149 148
f 105 110 109
f 106 149 150
f 109 110 120
f 109 120 119
f 119 120 130
f 119 130 129
f 129 130 140
f 129 140 139
f 139 140 150
f 139 150 149
f 105 111 110
f 106 150 151
f 110 111 121
f 110 121 120
f 120 121 131
f 120 131 130
f 130 131 141
f 130 141 140
f 140 141 151
f 140 151 150
f 105 112 111
f 106 151 152
f 111 112 122
f 111 122 121
f 121 122 132
f 121 132 131
f 131 132 142
f 131 142 141
f 141 142 152
f 141 152 151
f 105 113 112
f 106 152 153
f 112 113 123
f 112 123 122
f 122 123 133
f 122 133 132
f 132 133 143
f 132 143 142
f 142 143 153
f 142 153 152
f 105 114 113
f 106 153 154
f 113 114 124
f 113 124 123
f 123 124 134
f 123 134 133
f 133 134 144
f 133 144 143
f 143 144 154
f 143 154 153
f 105 115 114
f 106 154 155
f 114 115 125
f 114 125 124
f 124 125 135
f 124 135 134
f 134 135 145
f 134 145 144
f 144 145 155
f 144 155 154
f 105 116 115
f 106 155 156
f 115 116 126
f 115 126 125
f 125 126 136
f 125 136 135
f 135 136 146
f 135 146 145
f 145 146 156
f 145 156 155
f 105 107 116
f 106 156 147
f 116 107 117
f 116 117 126
f 126 117 127
f 126 127 136
f 136 127 137
f 136 137 146
f 146 137 147
f 146 147 156
o LeftEyeRim
usemtl color_3
s off
v -1.713525 2.046000 -5.717250
v -1.713525 0.759000 -5.717250
v -1.441275 1.959787 -5.717250
v -1.493270 1.959787 -5.673607
v -1.629395 1.959787 -5.646634
v -1.797655 1.959787 -5.646634
v -1.933780 1.959787 -5.673607
v -1.985775 1.959787 -5.717250
v -1.933780 1.959787 -5.760893
v -1.797655 1.959787 -5.787866
v -1.629395 1.959787 -5.787866
v -1.493270 1.959787 -5.760893
v -1.241974 1.724250 -5.717250
v -1.332032 1.724250 -5.641658
v -1.567808 1.724250 -5.594940
v -1.859242 1.724250 -5.594940
v -2.095018 1.724250 -5.641658
v -2.185076 1.724250 -5.717250
v -2.095018 1.724250 -5.792842
v -1.859242 1.724250 -5.839560
v -1.567808 1.724250 -5.839560
v -1.332032 1.724250 -5.792842
v -1.169025 1.402500 -5.717250
v -1.273015 1.402500 -5.629964
v -1.545265 1.402500 -5.576018
v -1.881785 1.402500 -5.576018
v -2.154035 1.402500 -5.629964
v -2.258025 1.402500 -5.717250
v -2.154035 1.402500 -5.804536
v -1.881785 1.402500 -5.858482
v -1.545265 1.402500 -5.858482
v -1.273015 1.402500 -5.804536
v -1.241974 1.080750 -5.717250
v -1.332032 1.080750 -5.641658
v -1.567808 1.080750 -5.594940
v -1.859242 1.080750 -5.594940
v -2.095018 1.080750 -5.641658
v -2.185076 1.080750 -5.717250
v -2.095018 1.080750 -5.792842
v -1.859242 1.080750 -5.839560
v -1.567808 1.080750 -5.839560
v -1.332032 1.080750 -5.792842
v -1.441275 0.845213 -5.717250
v -1.493270 0.845213 -5.673607
v -1.629395 0.845213 -5.646634
v -1.797655 0.845213 -5.646634
v -1.933780 0.845213 -5.673607
v -1.985775 0.845213 -5.717250
v -1.933780 0.845213 -5.760893
v -1.797655 0.845213 -5.787866
v -1.629395 0.845213 -5.787866
v -1.493270 0.845213 -5.760893
f 157 160 159
f 158 199 200
f 159 160 170
f 159 170 169
f 169 170 180
f 169 180 179
f 179 180 190
f 179 190 189
f 189 190 200
f 189 200 199
f 157 161 160
f 158 200 201
f 160 161 171
f 160 171 170
f 170 171 181
f 170 181 180
f 180 181 191
f 180 191 190
f 190 191 201
f 190 201 200
f 157 162 161
f 158 201 202
f 161 162 172
f 161 172 171
f 171 172 182
f 171 182 181
f 181 182 192
f 181 192 191
f 191 192 202
f 191 202 201
f 157 163 162
f 158 202 203
f 162 163 173
f 162 173 172
f 172 173 183
f 172 183 182
f 182 183 193
f 182 193 192
f 192 193 203
f 192 203 202
f 157 164 163
f 158 203 204
f 163 164 174
f 163 174 173
f 173 174 184
f 173 184 183
f 183 184 194
f 183 194 193
f 193 194 204
f 193 204 203
f 157 165 164
f 158 204 205
f 164 165 175
f 164 175 174
f 174 175 185
f 174 185 184
f 184 185 195
f 184 195 194
f 194 195 205
f 194 205 204
f 157 166 165
f 158 205 206
f 165 166 176
f 165 176 175
f 175 176 186
f 175 186 185
f 185 186 196
f 185 196 195
f 195 196 206
f 195 206 205
f 157 167 166
f 158 206 207
f 166 167 177
f 166 177 176
f 176 177 187
f 176 187 186
f 186 187 197
f 186 197 196
f 196 197 207
f 196 207 206
f 157 168 167
f 158 207 208
f 167 168 178
f 167 178 177
f 177 178 188
f 177 188 187
f 187 188 198
f 187 198 197
f 197 198 208
f 197 208 207
f 157 159 168
f 158 208 199
f 168 159 169
f 168 169 178
f 178 169 179
f 178 179 188
f 188 179 189
f 188 189 198
f 198 189 199
f 198 199 208
o LeftEyeWhite
usemtl color_4
s off
v -1.713525 1.980000 -5.874000
v -1.713525 0.825000 -5.874000
v -1.478400 1.902630 -5.874000
v -1.523305 1.902630 -5.835206
v -1.640867 1.902630 -5.811230
v -1.786183 1.902630 -5.811230
v -1.903745 1.902630 -5.835206
v -1.948650 1.902630 -5.874000
v -1.903745 1.902630 -5.912794
v -1.786183 1.902630 -5.936770
v -1.640867 1.902630 -5.936770
v -1.523305 1.902630 -5.912794
v -1.306277 1.691250 -5.874000
v -1.384054 1.691250 -5.806807
v -1.587678 1.691250 -5.765280
v -1.839372 1.691250 -5.765280
v -2.042996 1.691250 -5.806807
v -2.120773 1.691250 -5.874000
v -2.042996 1.691250 -5.941193
v -1.839372 1.691250 -5.982720
v -1.587678 1.691250 -5.982720
v -1.384054 1.691250 -5.941193
v -1.243275 1.402500 -5.874000
v -1.333085 1.402500 -5.796412
v -1.568210 1.402500 -5.748461
v -1.858840 1.402500 -5.748461
v -2.093965 1.402500 -5.796412
v -2.183775 1.402500 -5.874000
v -2.093965 1.402500 -5.951588
v -1.858840 1.402500 -5.999539
v -1.568210 1.402500 -5.999539
v -1.333085 1.402500 -5.951588
v -1.306277 1.113750 -5.874000
v -1.384054 1.113750 -5.806807
v -1.587678 1.113750 -5.765280
v -1.839372 1.113750 -5.765280
v -2.042996 1.113750 -5.806807
v -2.120773 1.113750 -5.874000
v -2.042996 1.113750 -5.941193
v -1.839372 1.113750 -5.982720
v -1.587678 1.113750 -5.982720
v -1.384054 1.113750 -5.941193
v -1.478400 0.902370 -5.874000
v -1.523305 0.902370 -5.835206
v -1.640867 0.902370 -5.811230
v -1.786183 0.902370 -5.811230
v -1.903745 0.902370 -5.835206
v -1.948650 0.902370 -5.874000
v -1.903745 0.902370 -5.912794
v -1.786183 0.902370 -5.936770
v -1.640867 0.902370 -5.936770
v -1.523305 0.902370 -5.912794
f 209 212 211
f 210 251 252
f 211 212 222
f 211 222 221
f 221 222 232
f 221 232 231
f 231 232 242
f 231 242 241
f 241 242 252
f 241 252 251
f 209 213 212
f 210 252 253
f 212 213 223
f 212 223 222
f 222 223 233
f 222 233 232
f 232 233 243
f 232 243 242
f 242 243 253
f 242 253 252
f 209 214 213
f 210 253 254
f 213 214 224
f 213 224 223
f 223 224 234
f 223 234 233
f 233 234 244
f 233 244 243
f 243 244 254
f 243 254 253
f 209 215 214
f 210 254 255
f 214 215 225
f 214 225 224
f 224 225 235
f 224 235 234
f 234 235 245
f 234 245 244
f 244 245 255
f 244 255 254
f 209 216 215
f 210 255 256
f 215 216 226
f 215 226 225
f 225 226 236
f 225 236 235
f 235 236 246
f 235 246 245
f 245 246 256
f 245 256 255
f 209 217 216
f 210 256 257
f 216 217 227
f 216 227 226
f 226 227 237
f 226 237 236
f 236 237 247
f 236 247 246
f 246 247 257
f 246 257 256
f 209 218 217
f 210 257 258
f 217 218 228
f 217 228 227
f 227 228 238
f 227 238 237
f 237 238 248
f 237 248 247
f 247 248 258
f 247 258 257
f 209 219 218
f 210 258 259
f 218 219 229
f 218 229 228
f 228 229 239
f 228 239 238
f 238 239 249
f 238 249 248
f 248 249 259
f 248 259 258
f 209 220 219
f 210 259 260
f 219 220 230
f 219 230 229
f 229 230 240
f 229 240 239
f 239 240 250
f 239 250 249
f 249 250 260
f 249 260 259
f 209 211 220
f 210 260 251
f 220 211 221
f 220 221 230
f 230 221 231
f 230 231 240
f 240 231 241
f 240 241 250
f 250 241 251
f 250 251 260
o LeftIris
usemtl color_5
s off
v -1.672275 1.881000 -6.022500
v -1.672275 0.924000 -6.022500
v -1.511400 1.816893 -6.022500
v -1.542124 1.816893 -5.990980
v -1.622562 1.816893 -5.971500
v -1.721988 1.816893 -5.971500
v -1.802426 1.816893 -5.990980
v -1.833150 1.816893 -6.022500
v -1.802426 1.816893 -6.054020
v -1.721988 1.816893 -6.073500
v -1.622562 1.816893 -6.073500
v -1.542124 1.816893 -6.054020
v -1.393631 1.641750 -6.022500
v -1.446848 1.641750 -5.967906
v -1.586169 1.641750 -5.934165
v -1.758381 1.641750 -5.934165
v -1.897702 1.641750 -5.967906
v -1.950919 1.641750 -6.022500
v -1.897702 1.641750 -6.077094
v -1.758381 1.641750 -6.110835
v -1.586169 1.641750 -6.110835
v -1.446848 1.641750 -6.077094
v -1.350525 1.402500 -6.022500
v -1.411974 1.402500 -5.959460
v -1.572849 1.402500 -5.920499
v -1.771701 1.402500 -5.920499
v -1.932576 1.402500 -5.959460
v -1.994025 1.402500 -6.022500
v -1.932576 1.402500 -6.085540
v -1.771701 1.402500 -6.124501
v -1.572849 1.402500 -6.124501
v -1.411974 1.402500 -6.085540
v -1.393631 1.163250 -6.022500
v -1.446848 1.163250 -5.967906
v -1.586169 1.163250 -5.934165
v -1.758381 1.163250 -5.934165
v -1.897702 1.163250 -5.967906
v -1.950919 1.163250 -6.022500
v -1.897702 1.163250 -6.077094
v -1.758381 1.163250 -6.110835
v -1.586169 1.163250 -6.110835
v -1.446848 1.163250 -6.077094
v -1.511400 0.988107 -6.022500
v -1.542124 0.988107 -5.990980
v -1.622562 0.988107 -5.971500
v -1.721988 0.988107 -5.971500
v -1.802426 0.988107 -5.990980
v -1.833150 0.988107 -6.022500
v -1.802426 0.988107 -6.054020
v -1.721988 0.988107 -6.073500
v -1.622562 0.988107 -6.073500
v -1.542124 0.988107 -6.054020
f 261 264 263
f 262 303 304
f 263 264 274
f 263 274 273
f 273 274 284
f 273 284 283
f 283 284 294
f 283 294 293
f 293 294 304
f 293 304 303
f 261 265 264
f 262 304 305
f 264 265 275
f 264 275 274
f 274 275 285
f 274 285 284
f 284 285 295
f 284 295 294
f 294 295 305
f 294 305 304
f 261 266 265
f 262 305 306
f 265 266 276
f 265 276 275
f 275 276 286
f 275 286 285
f 285 286 296
f 285 296 295
f 295 296 306
f 295 306 305
f 261 267 266
f 262 306 307
f 266 267 277
f 266 277 276
f 276 277 287
f 276 287 286
f 286 287 297
f 286 297 296
f 296 297 307
f 296 307 306
f 261 268 267
f 262 307 308
f 267 268 278
f 267 278 277
f 277 278 288
f 277 288 287
f 287 288 298
f 287 298 297
f 297 298 308
f 297 308 307
f 261 269 268
f 262 308 309
f 268 269 279
f 268 279 278
f 278 279 289
f 278 289 288
f 288 289 299
f 288 299 298
f 298 299 309
f 298 309 308
f 261 270 269
f 262 309 310
f 269 270 280
f 269 280 279
f 279 280 290
f 279 290 289
f 289 290 300
f 289 300 299
f 299 300 310
f 299 310 309
f 261 271 270
f 262 310 311
f 270 271 281
f 270 281 280
f 280 281 291
f 280 291 290
f 290 291 301
f 290 301 300
f 300 301 311
f 300 311 310
f 261 272 271
f 262 311 312
f 271 272 282
f 271 282 281
f 281 282 292
f 281 292 291
f 291 292 302
f 291 302 301
f 301 302 312
f 301 312 311
f 261 263 272
f 262 312 303
f 272 263 273
f 272 273 282
f 282 273 283
f 282 283 292
f 292 283 293
f 292 293 302
f 302 293 303
f 302 303 312
o LeftPupil
usemtl color_6
s off
v -1.664025 1.765500 -6.113250
v -1.664025 1.039500 -6.113250
v -1.565025 1.716867 -6.113250
v -1.583932 1.716867 -6.093853
v -1.633432 1.716867 -6.081865
v -1.694618 1.716867 -6.081865
v -1.744118 1.716867 -6.093853
v -1.763025 1.716867 -6.113250
v -1.744118 1.716867 -6.132647
v -1.694618 1.716867 -6.144635
v -1.633432 1.716867 -6.144635
v -1.583932 1.716867 -6.132647
v -1.492552 1.584000 -6.113250
v -1.525300 1.584000 -6.079654
v -1.611037 1.584000 -6.058890
v -1.717013 1.584000 -6.058890
v -1.802750 1.584000 -6.079654
v -1.835498 1.584000 -6.113250
v -1.802750 1.584000 -6.146846
v -1.717013 1.584000 -6.167610
v -1.611037 1.584000 -6.167610
v -1.525300 1.584000 -6.146846
v -1.466025 1.402500 -6.113250
v -1.503840 1.402500 -6.074456
v -1.602840 1.402500 -6.050480
v -1.725210 1.402500 -6.050480
v -1.824210 1.402500 -6.074456
v -1.862025 1.402500 -6.113250
v -1.824210 1.402500 -6.152044
v -1.725210 1.402500 -6.176020
v -1.602840 1.402500 -6.176020
v -1.503840 1.402500 -6.152044
v -1.492552 1.221000 -6.113250
v -1.525300 1.221000 -6.079654
v -1.611037 1.221000 -6.058890
v -1.717013 1.221000 -6.058890
v -1.802750 1.221000 -6.079654
v -1.835498 1.221000 -6.113250
v -1.802750 1.221000 -6.146846
v -1.717013 1.221000 -6.167610
v -1.611037 1.221000 -6.167610
v -1.525300 1.221000 -6.146846
v -1.565025 1.088133 -6.113250
v -1.583932 1.088133 -6.093853
v -1.633432 1.088133 -6.081865
v -1.694618 1.088133 -6.081865
v -1.744118 1.088133 -6.093853
v -1.763025 1.088133 -6.113250
v -1.744118 1.088133 -6.132647
v -1.694618 1.088133 -6.144635
v -1.633432 1.088133 -6.144635
v -1.583932 1.088133 -6.132647
f 313 316 315
f 314 355 356
f 315 316 326
f 315 326 325
f 325 326 336
f 325 336 335
f 335 336 346
f 335 346 345
f 345 346 356
f 345 356 355
f 313 317 316
f 314 356 357
f 316 317 327
f 316 327 326
f 326 327 337
f 326 337 336
f 336 337 347
f 336 347 346
f 346 347 357
f 346 357 356
f 313 318 317
f 314 357 358
f 317 318 328
f 317 328 327
f 327 328 338
f 327 338 337
f 337 338 348
f 337 348 347
f 347 348 358
f 347 358 357
f 313 319 318
f 314 358 359
f 318 319 329
f 318 329 328
f 328 329 339
f 328 339 338
f 338 339 349
f 338 349 348
f 348 349 359
f 348 359 358
f 313 320 319
f 314 359 360
f 319 320 330
f 319 330 329
f 329 330 340
f 329 340 339
f 339 340 350
f 339 350 349
f 349 350 360
f 349 360 359
f 313 321 320
f 314 360 361
f 320 321 331
f 320 331 330
f 330 331 341
f 330 341 340
f 340 341 351
f 340 351 350
f 350 351 361
f 350 361 360
f 313 322 321
f 314 361 362
f 321 322 332
f 321 332 331
f 331 332 342
f 331 342 341
f 341 342 352
f 341 352 351
f 351 352 362
f 351 362 361
f 313 323 322
f 314 362 363
f 322 323 333
f 322 333 332
f 332 333 343
f 332 343 342
f 342 343 353
f 342 353 352
f 352 353 363
f 352 363 362
f 313 324 323
f 314 363 364
f 323 324 334
f 323 334 333
f 333 334 344
f 333 344 343
f 343 344 354
f 343 354 353
f 353 354 364
f 353 364 363
f 313 315 324
f 314 364 355
f 324 315 325
f 324 325 334
f 334 325 335
f 334 335 344
f 344 335 345
f 344 345 354
f 354 345 355
f 354 355 364
o LeftShine
usemtl color_7
s off
v -1.548525 1.815000 -6.192450
v -1.548525 1.551000 -6.192450
v -1.499025 1.797315 -6.192450
v -1.508479 1.797315 -6.181539
v -1.533229 1.797315 -6.174796
v -1.563821 1.797315 -6.174796
v -1.588571 1.797315 -6.181539
v -1.598025 1.797315 -6.192450
v -1.588571 1.797315 -6.203361
v -1.563821 1.797315 -6.210104
v -1.533229 1.797315 -6.210104
v -1.508479 1.797315 -6.203361
v -1.462788 1.749000 -6.192450
v -1.479163 1.749000 -6.173552
v -1.522031 1.749000 -6.161872
v -1.575019 1.749000 -6.161872
v -1.617887 1.749000 -6.173552
v -1.634262 1.749000 -6.192450
v -1.617887 1.749000 -6.211348
v -1.575019 1.749000 -6.223028
v -1.522031 1.749000 -6.223028
v -1.479163 1.749000 -6.211348
v -1.449525 1.683000 -6.192450
v -1.468432 1.683000 -6.170628
v -1.517932 1.683000 -6.157142
v -1.579118 1.683000 -6.157142
v -1.628618 1.683000 -6.170628
v -1.647525 1.683000 -6.192450
v -1.628618 1.683000 -6.214272
v -1.579118 1.683000 -6.227758
v -1.517932 1.683000 -6.227758
v -1.468432 1.683000 -6.214272
v -1.462788 1.617000 -6.192450
v -1.479163 1.617000 -6.173552
v -1.522031 1.617000 -6.161872
v -1.575019 1.617000 -6.161872
v -1.617887 1.617000 -6.173552
v -1.634262 1.617000 -6.192450
v -1.617887 1.617000 -6.211348
v -1.575019 1.617000 -6.223028
v -1.522031 1.617000 -6.223028
v -1.479163 1.617000 -6.211348
v -1.499025 1.568685 -6.192450
v -1.508479 1.568685 -6.181539
v -1.533229 1.568685 -6.174796
v -1.563821 1.568685 -6.174796
v -1.588571 1.568685 -6.181539
v -1.598025 1.568685 -6.192450
v -1.588571 1.568685 -6.203361
v -1.563821 1.568685 -6.210104
v -1.533229 1.568685 -6.210104
v -1.508479 1.568685 -6.203361
f 365 368 367
f 366 407 408
f 367 368 378
f 367 378 377
f 377 378 388
f 377 388 387
f 387 388 398
f 387 398 397
f 397 398 408
f 397 408 407
f 365 369 368
f 366 408 409
f 368 369 379
f 368 379 378
f 378 379 389
f 378 389 388
f 388 389 399
f 388 399 398
f 398 399 409
f 398 409 408
f 365 370 369
f 366 409 410
f 369 370 380
f 369 380 379
f 379 380 390
f 379 390 389
f 389 390 400
f 389 400 399
f 399 400 410
f 399 410 409
f 365 371 370
f 366 410 411
f 370 371 381
f 370 381 380
f 380 381 391
f 380 391 390
f 390 391 401
f 390 401 400
f 400 401 411
f 400 411 410
f 365 372 371
f 366 411 412
f 371 372 382
f 371 382 381
f 381 382 392
f 381 392 391
f 391 392 402
f 391 402 401
f 401 402 412
f 401 412 411
f 365 373 372
f 366 412 413
f 372 373 383
f 372 383 382
f 382 383 393
f 382 393 392
f 392 393 403
f 392 403 402
f 402 403 413
f 402 413 412
f 365 374 373
f 366 413 414
f 373 374 384
f 373 384 383
f 383 384 394
f 383 394 393
f 393 394 404
f 393 404 403
f 403 404 414
f 403 414 413
f 365 375 374
f 366 414 415
f 374 375 385
f 374 385 384
f 384 385 395
f 384 395 394
f 394 395 405
f 394 405 404
f 404 405 415
f 404 415 414
f 365 376 375
f 366 415 416
f 375 376 386
f 375 386 385
f 385 386 396
f 385 396 395
f 395 396 406
f 395 406 405
f 405 406 416
f 405 416 415
f 365 367 376
f 366 416 407
f 376 367 377
f 376 377 386
f 386 377 387
f 386 387 396
f 396 387 397
f 396 397 406
f 406 397 407
f 406 407 416
o RightEyeRim
usemtl color_8
s off
v 1.713525 2.046000 -5.717250
v 1.713525 0.759000 -5.717250
v 1.985775 1.959787 -5.717250
v 1.933780 1.959787 -5.673607
v 1.797655 1.959787 -5.646634
v 1.629395 1.959787 -5.646634
v 1.493270 1.959787 -5.673607
v 1.441275 1.959787 -5.717250
v 1.493270 1.959787 -5.760893
v 1.629395 1.959787 -5.787866
v 1.797655 1.959787 -5.787866
v 1.933780 1.959787 -5.760893
v 2.185076 1.724250 -5.717250
v 2.095018 1.724250 -5.641658
v 1.859242 1.724250 -5.594940
v 1.567808 1.724250 -5.594940
v 1.332032 1.724250 -5.641658
v 1.241974 1.724250 -5.717250
v 1.332032 1.724250 -5.792842
v 1.567808 1.724250 -5.839560
v 1.859242 1.724250 -5.839560
v 2.095018 1.724250 -5.792842
v 2.258025 1.402500 -5.717250
v 2.154035 1.402500 -5.629964
v 1.881785 1.402500 -5.576018
v 1.545265 1.402500 -5.576018
v 1.273015 1.402500 -5.629964
v 1.169025 1.402500 -5.717250
v 1.273015 1.402500 -5.804536
v 1.545265 1.402500 -5.858482
v 1.881785 1.402500 -5.858482
v 2.154035 1.402500 -5.804536
v 2.185076 1.080750 -5.717250
v 2.095018 1.080750 -5.641658
v 1.859242 1.080750 -5.594940
v 1.567808 1.080750 -5.594940
v 1.332032 1.080750 -5.641658
v 1.241974 1.080750 -5.717250
v 1.332032 1.080750 -5.792842
v 1.567808 1.080750 -5.839560
v 1.859242 1.080750 -5.839560
v 2.095018 1.080750 -5.792842
v 1.985775 0.845213 -5.717250
v 1.933780 0.845213 -5.673607
v 1.797655 0.845213 -5.646634
v 1.629395 0.845213 -5.646634
v 1.493270 0.845213 -5.673607
v 1.441275 0.845213 -5.717250
v 1.493270 0.845213 -5.760893
v 1.629395 0.845213 -5.787866
v 1.797655 0.845213 -5.787866
v 1.933780 0.845213 -5.760893
f 417 420 419
f 418 459 460
f 419 420 430
f 419 430 429
f 429 430 440
f 429 440 439
f 439 440 450
f 439 450 449
f 449 450 460
f 449 460 459
f 417 421 420
f 418 460 461
f 420 421 431
f 420 431 430
f 430 431 441
f 430 441 440
f 440 441 451
f 440 451 450
f 450 451 461
f 450 461 460
f 417 422 421
f 418 461 462
f 421 422 432
f 421 432 431
f 431 432 442
f 431 442 441
f 441 442 452
f 441 452 451
f 451 452 462
f 451 462 461
f 417 423 422
f 418 462 463
f 422 423 433
f 422 433 432
f 432 433 443
f 432 443 442
f 442 443 453
f 442 453 452
f 452 453 463
f 452 463 462
f 417 424 423
f 418 463 464
f 423 424 434
f 423 434 433
f 433 434 444
f 433 444 443
f 443 444 454
f 443 454 453
f 453 454 464
f 453 464 463
f 417 425 424
f 418 464 465
f 424 425 435
f 424 435 434
f 434 435 445
f 434 445 444
f 444 445 455
f 444 455 454
f 454 455 465
f 454 465 464
f 417 426 425
f 418 465 466
f 425 426 436
f 425 436 435
f 435 436 446
f 435 446 445
f 445 446 456
f 445 456 455
f 455 456 466
f 455 466 465
f 417 427 426
f 418 466 467
f 426 427 437
f 426 437 436
f 436 437 447
f 436 447 446
f 446 447 457
f 446 457 456
f 456 457 467
f 456 467 466
f 417 428 427
f 418 467 468
f 427 428 438
f 427 438 437
f 437 438 448
f 437 448 447
f 447 448 458
f 447 458 457
f 457 458 468
f 457 468 467
f 417 419 428
f 418 468 459
f 428 419 429
f 428 429 438
f 438 429 439
f 438 439 448
f 448 439 449
f 448 449 458
f 458 449 459
f 458 459 468
o RightEyeWhite
usemtl color_9
s off
v 1.713525 1.980000 -5.874000
v 1.713525 0.825000 -5.874000
v 1.948650 1.902630 -5.874000
v 1.903745 1.902630 -5.835206
v 1.786183 1.902630 -5.811230
v 1.640867 1.902630 -5.811230
v 1.523305 1.902630 -5.835206
v 1.478400 1.902630 -5.874000
v 1.523305 1.902630 -5.912794
v 1.640867 1.902630 -5.936770
v 1.786183 1.902630 -5.936770
v 1.903745 1.902630 -5.912794
v 2.120773 1.691250 -5.874000
v 2.042996 1.691250 -5.806807
v 1.839372 1.691250 -5.765280
v 1.587678 1.691250 -5.765280
v 1.384054 1.691250 -5.806807
v 1.306277 1.691250 -5.874000
v 1.384054 1.691250 -5.941193
v 1.587678 1.691250 -5.982720
v 1.839372 1.691250 -5.982720
v 2.042996 1.691250 -5.941193
v 2.183775 1.402500 -5.874000
v 2.093965 1.402500 -5.796412
v 1.858840 1.402500 -5.748461
v 1.568210 1.402500 -5.748461
v 1.333085 1.402500 -5.796412
v 1.243275 1.402500 -5.874000
v 1.333085 1.402500 -5.951588
v 1.568210 1.402500 -5.999539
v 1.858840 1.402500 -5.999539
v 2.093965 1.402500 -5.951588
v 2.120773 1.113750 -5.874000
v 2.042996 1.113750 -5.806807
v 1.839372 1.113750 -5.765280
v 1.587678 1.113750 -5.765280
v 1.384054 1.113750 -5.806807
v 1.306277 1.113750 -5.874000
v 1.384054 1.113750 -5.941193
v 1.587678 1.113750 -5.982720
v 1.839372 1.113750 -5.982720
v 2.042996 1.113750 -5.941193
v 1.948650 0.902370 -5.874000
v 1.903745 0.902370 -5.835206
v 1.786183 0.902370 -5.811230
v 1.640867 0.902370 -5.811230
v 1.523305 0.902370 -5.835206
v 1.478400 0.902370 -5.874000
v 1.523305 0.902370 -5.912794
v 1.640867 0.902370 -5.936770
v 1.786183 0.902370 -5.936770
v 1.903745 0.902370 -5.912794
f 469 472 471
f 470 511 512
f 471 472 482
f 471 482 481
f 481 482 492
f 481 492 491
f 491 492 502
f 491 502 501
f 501 502 512
f 501 512 511
f 469 473 472
f 470 512 513
f 472 473 483
f 472 483 482
f 482 483 493
f 482 493 492
f 492 493 503
f 492 503 502
f 502 503 513
f 502 513 512
f 469 474 473
f 470 513 514
f 473 474 484
f 473 484 483
f 483 484 494
f 483 494 493
f 493 494 504
f 493 504 503
f 503 504 514
f 503 514 513
f 469 475 474
f 470 514 515
f 474 475 485
f 474 485 484
f 484 485 495
f 484 495 494
f 494 495 505
f 494 505 504
f 504 505 515
f 504 515 514
f 469 476 475
f 470 515 516
f 475 476 486
f 475 486 485
f 485 486 496
f 485 496 495
f 495 496 506
f 495 506 505
f 505 506 516
f 505 516 515
f 469 477 476
f 470 516 517
f 476 477 487
f 476 487 486
f 486 487 497
f 486 497 496
f 496 497 507
f 496 507 506
f 506 507 517
f 506 517 516
f 469 478 477
f 470 517 518
f 477 478 488
f 477 488 487
f 487 488 498
f 487 498 497
f 497 498 508
f 497 508 507
f 507 508 518
f 507 518 517
f 469 479 478
f 470 518 519
f 478 479 489
f 478 489 488
f 488 489 499
f 488 499 498
f 498 499 509
f 498 509 508
f 508 509 519
f 508 519 518
f 469 480 479
f 470 519 520
f 479 480 490
f 479 490 489
f 489 490 500
f 489 500 499
f 499 500 510
f 499 510 509
f 509 510 520
f 509 520 519
f 469 471 480
f 470 520 511
f 480 471 481
f 480 481 490
f 490 481 491
f 490 491 500
f 500 491 501
f 500 501 510
f 510 501 511
f 510 511 520
o RightIris
usemtl color_10
s off
v 1.672275 1.881000 -6.022500
v 1.672275 0.924000 -6.022500
v 1.833150 1.816893 -6.022500
v 1.802426 1.816893 -5.990980
v 1.721988 1.816893 -5.971500
v 1.622562 1.816893 -5.971500
v 1.542124 1.816893 -5.990980
v 1.511400 1.816893 -6.022500
v 1.542124 1.816893 -6.054020
v 1.622562 1.816893 -6.073500
v 1.721988 1.816893 -6.073500
v 1.802426 1.816893 -6.054020
v 1.950919 1.641750 -6.022500
v 1.897702 1.641750 -5.967906
v 1.758381 1.641750 -5.934165
v 1.586169 1.641750 -5.934165
v 1.446848 1.641750 -5.967906
v 1.393631 1.641750 -6.022500
v 1.446848 1.641750 -6.077094
v 1.586169 1.641750 -6.110835
v 1.758381 1.641750 -6.110835
v 1.897702 1.641750 -6.077094
v 1.994025 1.402500 -6.022500
v 1.932576 1.402500 -5.959460
v 1.771701 1.402500 -5.920499
v 1.572849 1.402500 -5.920499
v 1.411974 1.402500 -5.959460
v 1.350525 1.402500 -6.022500
v 1.411974 1.402500 -6.085540
v 1.572849 1.402500 -6.124501
v 1.771701 1.402500 -6.124501
v 1.932576 1.402500 -6.085540
v 1.950919 1.163250 -6.022500
v 1.897702 1.163250 -5.967906
v 1.758381 1.163250 -5.934165
v 1.586169 1.163250 -5.934165
v 1.446848 1.163250 -5.967906
v 1.393631 1.163250 -6.022500
v 1.446848 1.163250 -6.077094
v 1.586169 1.163250 -6.110835
v 1.758381 1.163250 -6.110835
v 1.897702 1.163250 -6.077094
v 1.833150 0.988107 -6.022500
v 1.802426 0.988107 -5.990980
v 1.721988 0.988107 -5.971500
v 1.622562 0.988107 -5.971500
v 1.542124 0.988107 -5.990980
v 1.511400 0.988107 -6.022500
v 1.542124 0.988107 -6.054020
v 1.622562 0.988107 -6.073500
v 1.721988 0.988107 -6.073500
v 1.802426 0.988107 -6.054020
f 521 524 523
f 522 563 564
f 523 524 534
f 523 534 533
f 533 534 544
f 533 544 543
f 543 544 554
f 543 554 553
f 553 554 564
f 553 564 563
f 521 525 524
f 522 564 565
f 524 525 535
f 524 535 534
f 534 535 545
f 534 545 544
f 544 545 555
f 544 555 554
f 554 555 565
f 554 565 564
f 521 526 525
f 522 565 566
f 525 526 536
f 525 536 535
f 535 536 546
f 535 546 545
f 545 546 556
f 545 556 555
f 555 556 566
f 555 566 565
f 521 527 526
f 522 566 567
f 526 527 537
f 526 537 536
f 536 537 547
f 536 547 546
f 546 547 557
f 546 557 556
f 556 557 567
f 556 567 566
f 521 528 527
f 522 567 568
f 527 528 538
f 527 538 537
f 537 538 548
f 537 548 547
f 547 548 558
f 547 558 557
f 557 558 568
f 557 568 567
f 521 529 528
f 522 568 569
f 528 529 539
f 528 539 538
f 538 539 549
f 538 549 548
f 548 549 559
f 548 559 558
f 558 559 569
f 558 569 568
f 521 530 529
f 522 569 570
f 529 530 540
f 529 540 539
f 539 540 550
f 539 550 549
f 549 550 560
f 549 560 559
f 559 560 570
f 559 570 569
f 521 531 530
f 522 570 571
f 530 531 541
f 530 541 540
f 540 541 551
f 540 551 550
f 550 551 561
f 550 561 560
f 560 561 571
f 560 571 570
f 521 532 531
f 522 571 572
f 531 532 542
f 531 542 541
f 541 542 552
f 541 552 551
f 551 552 562
f 551 562 561
f 561 562 572
f 561 572 571
f 521 523 532
f 522 572 563
f 532 523 533
f 532 533 542
f 542 533 543
f 542 543 552
f 552 543 553
f 552 553 562
f 562 553 563
f 562 563 572
o RightPupil
usemtl color_11
s off
v 1.664025 1.765500 -6.113250
v 1.664025 1.039500 -6.113250
v 1.763025 1.716867 -6.113250
v 1.744118 1.716867 -6.093853
v 1.694618 1.716867 -6.081865
v 1.633432 1.716867 -6.081865
v 1.583932 1.716867 -6.093853
v 1.565025 1.716867 -6.113250
v 1.583932 1.716867 -6.132647
v 1.633432 1.716867 -6.144635
v 1.694618 1.716867 -6.144635
v 1.744118 1.716867 -6.132647
v 1.835498 1.584000 -6.113250
v 1.802750 1.584000 -6.079654
v 1.717013 1.584000 -6.058890
v 1.611037 1.584000 -6.058890
v 1.525300 1.584000 -6.079654
v 1.492552 1.584000 -6.113250
v 1.525300 1.584000 -6.146846
v 1.611037 1.584000 -6.167610
v 1.717013 1.584000 -6.167610
v 1.802750 1.584000 -6.146846
v 1.862025 1.402500 -6.113250
v 1.824210 1.402500 -6.074456
v 1.725210 1.402500 -6.050480
v 1.602840 1.402500 -6.050480
v 1.503840 1.402500 -6.074456
v 1.466025 1.402500 -6.113250
v 1.503840 1.402500 -6.152044
v 1.602840 1.402500 -6.176020
v 1.725210 1.402500 -6.176020
v 1.824210 1.402500 -6.152044
v 1.835498 1.221000 -6.113250
v 1.802750 1.221000 -6.079654
v 1.717013 1.221000 -6.058890
v 1.611037 1.221000 -6.058890
v 1.525300 1.221000 -6.079654
v 1.492552 1.221000 -6.113250
v 1.525300 1.221000 -6.146846
v 1.611037 1.221000 -6.167610
v 1.717013 1.221000 -6.167610
v 1.802750 1.221000 -6.146846
v 1.763025 1.088133 -6.113250
v 1.744118 1.088133 -6.093853
v 1.694618 1.088133 -6.081865
v 1.633432 1.088133 -6.081865
v 1.583932 1.088133 -6.093853
v 1.565025 1.088133 -6.113250
v 1.583932 1.088133 -6.132647
v 1.633432 1.088133 -6.144635
v 1.694618 1.088133 -6.144635
v 1.744118 1.088133 -6.132647
f 573 576 575
f 574 615 616
f 575 576 586
f 575 586 585
f 585 586 596
f 585 596 595
f 595 596 606
f 595 606 605
f 605 606 616
f 605 616 615
f 573 577 576
f 574 616 617
f 576 577 587
f 576 587 586
f 586 587 597
f 586 597 596
f 596 597 607
f 596 607 606
f 606 607 617
f 606 617 616
f 573 578 577
f 574 617 618
f 577 578 588
f 577 588 587
f 587 588 598
f 587 598 597
f 597 598 608
f 597 608 607
f 607 608 618
f 607 618 617
f 573 579 578
f 574 618 619
f 578 579 589
f 578 589 588
f 588 589 599
f 588 599 598
f 598 599 609
f 598 609 608
f 608 609 619
f 608 619 618
f 573 580 579
f 574 619 620
f 579 580 590
f 579 590 589
f 589 590 600
f 589 600 599
f 599 600 610
f 599 610 609
f 609 610 620
f 609 620 619
f 573 581 580
f 574 620 621
f 580 581 591
f 580 591 590
f 590 591 601
f 590 601 600
f 600 601 611
f 600 611 610
f 610 611 621
f 610 621 620
f 573 582 581
f 574 621 622
f 581 582 592
f 581 592 591
f 591 592 602
f 591 602 601
f 601 602 612
f 601 612 611
f 611 612 622
f 611 622 621
f 573 583 582
f 574 622 623
f 582 583 593
f 582 593 592
f 592 593 603
f 592 603 602
f 602 603 613
f 602 613 612
f 612 613 623
f 612 623 622
f 573 584 583
f 574 623 624
f 583 584 594
f 583 594 593
f 593 594 604
f 593 604 603
f 603 604 614
f 603 614 613
f 613 614 624
f 613 624 623
f 573 575 584
f 574 624 615
f 584 575 585
f 584 585 594
f 594 585 595
f 594 595 604
f 604 595 605
f 604 605 614
f 614 605 615
f 614 615 624
o RightShine
usemtl color_12
s off
v 1.548525 1.815000 -6.192450
v 1.548525 1.551000 -6.192450
v 1.598025 1.797315 -6.192450
v 1.588571 1.797315 -6.181539
v 1.563821 1.797315 -6.174796
v 1.533229 1.797315 -6.174796
v 1.508479 1.797315 -6.181539
v 1.499025 1.797315 -6.192450
v 1.508479 1.797315 -6.203361
v 1.533229 1.797315 -6.210104
v 1.563821 1.797315 -6.210104
v 1.588571 1.797315 -6.203361
v 1.634262 1.749000 -6.192450
v 1.617887 1.749000 -6.173552
v 1.575019 1.749000 -6.161872
v 1.522031 1.749000 -6.161872
v 1.479163 1.749000 -6.173552
v 1.462788 1.749000 -6.192450
v 1.479163 1.749000 -6.211348
v 1.522031 1.749000 -6.223028
v 1.575019 1.749000 -6.223028
v 1.617887 1.749000 -6.211348
v 1.647525 1.683000 -6.192450
v 1.628618 1.683000 -6.170628
v 1.579118 1.683000 -6.157142
v 1.517932 1.683000 -6.157142
v 1.468432 1.683000 -6.170628
v 1.449525 1.683000 -6.192450
v 1.468432 1.683000 -6.214272
v 1.517932 1.683000 -6.227758
v 1.579118 1.683000 -6.227758
v 1.628618 1.683000 -6.214272
v 1.634262 1.617000 -6.192450
v 1.617887 1.617000 -6.173552
v 1.575019 1.617000 -6.161872
v 1.522031 1.617000 -6.161872
v 1.479163 1.617000 -6.173552
v 1.462788 1.617000 -6.192450
v 1.479163 1.617000 -6.211348
v 1.522031 1.617000 -6.223028
v 1.575019 1.617000 -6.223028
v 1.617887 1.617000 -6.211348
v 1.598025 1.568685 -6.192450
v 1.588571 1.568685 -6.181539
v 1.563821 1.568685 -6.174796
v 1.533229 1.568685 -6.174796
v 1.508479 1.568685 -6.181539
v 1.499025 1.568685 -6.192450
v 1.508479 1.568685 -6.203361
v 1.533229 1.568685 -6.210104
v 1.563821 1.568685 -6.210104
v 1.588571 1.568685 -6.203361
f 625 628 627
f 626 667 668
f 627 628 638
f 627 638 637
f 637 638 648
f 637 648 647
f 647 648 658
f 647 658 657
f 657 658 668
f 657 668 667
f 625 629 628
f 626 668 669
f 628 629 639
f 628 639 638
f 638 639 649
f 638 649 648
f 648 649 659
f 648 659 658
f 658 659 669
f 658 669 668
f 625 630 629
f 626 669 670
f 629 630 640
f 629 640 639
f 639 640 650
f 639 650 649
f 649 650 660
f 649 660 659
f 659 660 670
f 659 670 669
f 625 631 630
f 626 670 671
f 630 631 641
f 630 641 640
f 640 641 651
f 640 651 650
f 650 651 661
f 650 661 660
f 660 661 671
f 660 671 670
f 625 632 631
f 626 671 672
f 631 632 642
f 631 642 641
f 641 642 652
f 641 652 651
f 651 652 662
f 651 662 661
f 661 662 672
f 661 672 671
f 625 633 632
f 626 672 673
f 632 633 643
f 632 643 642
f 642 643 653
f 642 653 652
f 652 653 663
f 652 663 662
f 662 663 673
f 662 673 672
f 625 634 633
f 626 673 674
f 633 634 644
f 633 644 643
f 643 644 654
f 643 654 653
f 653 654 664
f 653 664 663
f 663 664 674
f 663 674 673
f 625 635 634
f 626 674 675
f 634 635 645
f 634 645 644
f 644 645 655
f 644 655 654
f 654 655 665
f 654 665 664
f 664 665 675
f 664 675 674
f 625 636 635
f 626 675 676
f 635 636 646
f 635 646 645
f 645 646 656
f 645 656 655
f 655 656 666
f 655 666 665
f 665 666 676
f 665 676 675
f 625 627 636
f 626 676 667
f 636 627 637
f 636 637 646
f 646 637 647
f 646 647 656
f 656 647 657
f 656 657 666
f 666 657 667
f 666 667 676
o LeftEar
usemtl color_13
s off
v -2.948691 3.719005 -2.927062
v -3.651309 -1.673005 -3.210938
v -2.484457 3.280307 -2.739499
v -2.780111 3.295108 -2.288875
v -3.158135 3.333859 -2.089279
v -3.474136 3.381758 -2.216952
v -3.607413 3.420509 -2.623126
v -3.507058 3.435311 -3.152657
v -3.211404 3.420509 -3.603282
v -2.833381 3.381758 -3.802877
v -2.517379 3.333859 -3.675204
v -2.384102 3.295108 -3.269030
v -2.238747 2.236765 -2.640226
v -2.750835 2.262402 -1.859721
v -3.405591 2.329521 -1.514012
v -3.952921 2.412484 -1.735148
v -4.183763 2.479603 -2.438662
v -4.009944 2.505240 -3.355836
v -3.497857 2.479603 -4.136341
v -2.843100 2.412484 -4.482050
v -2.295770 2.329521 -4.260914
v -2.064928 2.262402 -3.557400
v -2.277399 0.867996 -2.655842
v -2.868707 0.897599 -1.754593
v -3.624754 0.975101 -1.355402
v -4.256756 1.070899 -1.610748
v -4.523310 1.148401 -2.423096
v -4.322601 1.178004 -3.482158
v -3.731293 1.148401 -4.383407
v -2.975246 1.070899 -4.782598
v -2.343244 0.975101 -4.527252
v -2.076690 0.897599 -3.714904
v -2.590056 -0.459240 -2.782164
v -3.102143 -0.433603 -2.001659
v -3.756900 -0.366484 -1.655950
v -4.304230 -0.283521 -1.877086
v -4.535072 -0.216402 -2.580600
v -4.361253 -0.190765 -3.497774
v -3.849165 -0.216402 -4.278279
v -3.194409 -0.283521 -4.623988
v -2.647079 -0.366484 -4.402852
v -2.416237 -0.433603 -3.699338
v -3.092942 -1.389311 -2.985343
v -3.388596 -1.374509 -2.534718
v -3.766619 -1.335758 -2.335123
v -4.082621 -1.287859 -2.462796
v -4.215898 -1.249108 -2.868970
v -4.115543 -1.234307 -3.398501
v -3.819889 -1.249108 -3.849125
v -3.441865 -1.287859 -4.048721
v -3.125864 -1.335758 -3.921048
v -2.992587 -1.374509 -3.514874
f 677 680 679
f 678 719 720
f 679 680 690
f 679 690 689
f 689 690 700
f 689 700 699
f 699 700 710
f 699 710 709
f 709 710 720
f 709 720 719
f 677 681 680
f 678 720 721
f 680 681 691
f 680 691 690
f 690 691 701
f 690 701 700
f 700 701 711
f 700 711 710
f 710 711 721
f 710 721 720
f 677 682 681
f 678 721 722
f 681 682 692
f 681 692 691
f 691 692 702
f 691 702 701
f 701 702 712
f 701 712 711
f 711 712 722
f 711 722 721
f 677 683 682
f 678 722 723
f 682 683 693
f 682 693 692
f 692 693 703
f 692 703 702
f 702 703 713
f 702 713 712
f 712 713 723
f 712 723 722
f 677 684 683
f 678 723 724
f 683 684 694
f 683 694 693
f 693 694 704
f 693 704 703
f 703 704 714
f 703 714 713
f 713 714 724
f 713 724 723
f 677 685 684
f 678 724 725
f 684 685 695
f 684 695 694
f 694 695 705
f 694 705 704
f 704 705 715
f 704 715 714
f 714 715 725
f 714 725 724
f 677 686 685
f 678 725 726
f 685 686 696
f 685 696 695
f 695 696 706
f 695 706 705
f 705 706 716
f 705 716 715
f 715 716 726
f 715 726 725
f 677 687 686
f 678 726 727
f 686 687 697
f 686 697 696
f 696 697 707
f 696 707 706
f 706 707 717
f 706 717 716
f 716 717 727
f 716 727 726
f 677 688 687
f 678 727 728
f 687 688 698
f 687 698 697
f 697 698 708
f 697 708 707
f 707 708 718
f 707 718 717
f 717 718 728
f 717 728 727
f 677 679 688
f 678 728 719
f 688 679 689
f 688 689 698
f 698 689 699
f 698 699 708
f 708 699 709
f 708 709 718
f 718 709 719
f 718 719 728
o LeftEarInner
usemtl color_14
s off
v -3.877500 3.093750 -3.795000
v -3.877500 -0.948750 -3.795000
v -3.701567 2.822954 -3.723918
v -3.866867 2.822954 -3.411525
v -4.036229 2.822954 -3.245605
v -4.144962 2.822954 -3.289536
v -4.151533 2.822954 -3.526537
v -4.053433 2.822954 -3.866082
v -3.888133 2.822954 -4.178475
v -3.718771 2.822954 -4.344395
v -3.610038 2.822954 -4.300464
v -3.603467 2.822954 -4.063463
v -3.572775 2.083125 -3.671883
v -3.859083 2.083125 -3.130801
v -4.152426 2.083125 -2.843421
v -4.340757 2.083125 -2.919511
v -4.352139 2.083125 -3.330009
v -4.182225 2.083125 -3.918117
v -3.895917 2.083125 -4.459199
v -3.602574 2.083125 -4.746579
v -3.414243 2.083125 -4.670489
v -3.402861 2.083125 -4.259991
v -3.525634 1.072500 -3.652837
v -3.856234 1.072500 -3.028049
v -4.194958 1.072500 -2.696211
v -4.412423 1.072500 -2.784073
v -4.425566 1.072500 -3.258074
v -4.229366 1.072500 -3.937163
v -3.898766 1.072500 -4.561951
v -3.560042 1.072500 -4.893789
v -3.342577 1.072500 -4.805927
v -3.329434 1.072500 -4.331926
v -3.572775 0.061875 -3.671883
v -3.859083 0.061875 -3.130801
v -4.152426 0.061875 -2.843421
v -4.340757 0.061875 -2.919511
v -4.352139 0.061875 -3.330009
v -4.182225 0.061875 -3.918117
v -3.895917 0.061875 -4.459199
v -3.602574 0.061875 -4.746579
v -3.414243 0.061875 -4.670489
v -3.402861 0.061875 -4.259991
v -3.701567 -0.677954 -3.723918
v -3.866867 -0.677954 -3.411525
v -4.036229 -0.677954 -3.245605
v -4.144962 -0.677954 -3.289536
v -4.151533 -0.677954 -3.526537
v -4.053433 -0.677954 -3.866082
v -3.888133 -0.677954 -4.178475
v -3.718771 -0.677954 -4.344395
v -3.610038 -0.677954 -4.300464
v -3.603467 -0.677954 -4.063463
f 729 732 731
f 730 771 772
f 731 732 742
f 731 742 741
f 741 742 752
f 741 752 751
f 751 752 762
f 751 762 761
f 761 762 772
f 761 772 771
f 729 733 732
f 730 772 773
f 732 733 743
f 732 743 742
f 742 743 753
f 742 753 752
f 752 753 763
f 752 763 762
f 762 763 773
f 762 773 772
f 729 734 733
f 730 773 774
f 733 734 744
f 733 744 743
f 743 744 754
f 743 754 753
f 753 754 764
f 753 764 763
f 763 764 774
f 763 774 773
f 729 735 734
f 730 774 775
f 734 735 745
f 734 745 744
f 744 745 755
f 744 755 754
f 754 755 765
f 754 765 764
f 764 765 775
f 764 775 774
f 729 736 735
f 730 775 776
f 735 736 746
f 735 746 745
f 745 746 756
f 745 756 755
f 755 756 766
f 755 766 765
f 765 766 776
f 765 776 775
f 729 737 736
f 730 776 777
f 736 737 747
f 736 747 746
f 746 747 757
f 746 757 756
f 756 757 767
f 756 767 766
f 766 767 777
f 766 777 776
f 729 738 737
f 730 777 778
f 737 738 748
f 737 748 747
f 747 748 758
f 747 758 757
f 757 758 768
f 757 768 767
f 767 768 778
f 767 778 777
f 729 739 738
f 730 778 779
f 738 739 749
f 738 749 748
f 748 749 759
f 748 759 758
f 758 759 769
f 758 769 768
f 768 769 779
f 768 779 778
f 729 740 739
f 730 779 780
f 739 740 750
f 739 750 749
f 749 750 760
f 749 760 759
f 759 760 770
f 759 770 769
f 769 770 780
f 769 780 779
f 729 731 740
f 730 780 771
f 740 731 741
f 740 741 750
f 750 741 751
f 750 751 760
f 760 751 761
f 760 761 770
f 770 761 771
f 770 771 780
o RightEar
usemtl color_15
s off
v 2.948691 3.719005 -2.927062
v 3.651309 -1.673005 -3.210938
v 3.507058 3.435311 -3.152657
v 3.607413 3.420509 -2.623126
v 3.474136 3.381758 -2.216952
v 3.158135 3.333859 -2.089279
v 2.780111 3.295108 -2.288875
v 2.484457 3.280307 -2.739499
v 2.384102 3.295108 -3.269030
v 2.517379 3.333859 -3.675204
v 2.833381 3.381758 -3.802877
v 3.211404 3.420509 -3.603282
v 4.009944 2.505240 -3.355836
v 4.183763 2.479603 -2.438662
v 3.952921 2.412484 -1.735148
v 3.405591 2.329521 -1.514012
v 2.750835 2.262402 -1.859721
v 2.238747 2.236765 -2.640226
v 2.064928 2.262402 -3.557400
v 2.295770 2.329521 -4.260914
v 2.843100 2.412484 -4.482050
v 3.497857 2.479603 -4.136341
v 4.322601 1.178004 -3.482158
v 4.523310 1.148401 -2.423096
v 4.256756 1.070899 -1.610748
v 3.624754 0.975101 -1.355402
v 2.868707 0.897599 -1.754593
v 2.277399 0.867996 -2.655842
v 2.076690 0.897599 -3.714904
v 2.343244 0.975101 -4.527252
v 2.975246 1.070899 -4.782598
v 3.731293 1.148401 -4.383407
v 4.361253 -0.190765 -3.497774
v 4.535072 -0.216402 -2.580600
v 4.304230 -0.283521 -1.877086
v 3.756900 -0.366484 -1.655950
v 3.102143 -0.433603 -2.001659
v 2.590056 -0.459240 -2.782164
v 2.416237 -0.433603 -3.699338
v 2.647079 -0.366484 -4.402852
v 3.194409 -0.283521 -4.623988
v 3.849165 -0.216402 -4.278279
v 4.115543 -1.234307 -3.398501
v 4.215898 -1.249108 -2.868970
v 4.082621 -1.287859 -2.462796
v 3.766619 -1.335758 -2.335123
v 3.388596 -1.374509 -2.534718
v 3.092942 -1.389311 -2.985343
v 2.992587 -1.374509 -3.514874
v 3.125864 -1.335758 -3.921048
v 3.441865 -1.287859 -4.048721
v 3.819889 -1.249108 -3.849125
f 781 784 783
f 782 823 824
f 783 784 794
f 783 794 793
f 793 794 804
f 793 804 803
f 803 804 814
f 803 814 813
f 813 814 824
f 813 824 823
f 781 785 784
f 782 824 825
f 784 785 795
f 784 795 794
f 794 795 805
f 794 805 804
f 804 805 815
f 804 815 814
f 814 815 825
f 814 825 824
f 781 786 785
f 782 825 826
f 785 786 796
f 785 796 795
f 795 796 806
f 795 806 805
f 805 806 816
f 805 816 815
f 815 816 826
f 815 826 825
f 781 787 786
f 782 826 827
f 786 787 797
f 786 797 796
f 796 797 807
f 796 807 806
f 806 807 817
f 806 817 816
f 816 817 827
f 816 827 826
f 781 788 787
f 782 827 828
f 787 788 798
f 787 798 797
f 797 798 808
f 797 808 807
f 807 808 818
f 807 818 817
f 817 818 828
f 817 828 827
f 781 789 788
f 782 828 829
f 788 789 799
f 788 799 798
f 798 799 809
f 798 809 808
f 808 809 819
f 808 819 818
f 818 819 829
f 818 829 828
f 781 790 789
f 782 829 830
f 789 790 800
f 789 800 799
f 799 800 810
f 799 810 809
f 809 810 820
f 809 820 819
f 819 820 830
f 819 830 829
f 781 791 790
f 782 830 831
f 790 791 801
f 790 801 800
f 800 801 811
f 800 811 810
f 810 811 821
f 810 821 820
f 820 821 831
f 820 831 830
f 781 792 791
f 782 831 832
f 791 792 802
f 791 802 801
f 801 802 812
f 801 812 811
f 811 812 822
f 811 822 821
f 821 822 832
f 821 832 831
f 781 783 792
f 782 832 823
f 792 783 793
f 792 793 802
f 802 793 803
f 802 803 812
f 812 803 813
f 812 813 822
f 822 813 823
f 822 823 832
o RightEarInner
usemtl color_16
s off
v 3.877500 3.093750 -3.795000
v 3.877500 -0.948750 -3.795000
v 4.053433 2.822954 -3.866082
v 4.151533 2.822954 -3.526537
v 4.144962 2.822954 -3.289536
v 4.036229 2.822954 -3.245605
v 3.866867 2.822954 -3.411525
v 3.701567 2.822954 -3.723918
v 3.603467 2.822954 -4.063463
v 3.610038 2.822954 -4.300464
v 3.718771 2.822954 -4.344395
v 3.888133 2.822954 -4.178475
v 4.182225 2.083125 -3.918117
v 4.352139 2.083125 -3.330009
v 4.340757 2.083125 -2.919511
v 4.152426 2.083125 -2.843421
v 3.859083 2.083125 -3.130801
v 3.572775 2.083125 -3.671883
v 3.402861 2.083125 -4.259991
v 3.414243 2.083125 -4.670489
v 3.602574 2.083125 -4.746579
v 3.895917 2.083125 -4.459199
v 4.229366 1.072500 -3.937163
v 4.425566 1.072500 -3.258074
v 4.412423 1.072500 -2.784073
v 4.194958 1.072500 -2.696211
v 3.856234 1.072500 -3.028049
v 3.525634 1.072500 -3.652837
v 3.329434 1.072500 -4.331926
v 3.342577 1.072500 -4.805927
v 3.560042 1.072500 -4.893789
v 3.898766 1.072500 -4.561951
v 4.182225 0.061875 -3.918117
v 4.352139 0.061875 -3.330009
v 4.340757 0.061875 -2.919511
v 4.152426 0.061875 -2.843421
v 3.859083 0.061875 -3.130801
v 3.572775 0.061875 -3.671883
v 3.402861 0.061875 -4.259991
v 3.414243 0.061875 -4.670489
v 3.602574 0.061875 -4.746579
v 3.895917 0.061875 -4.459199
v 4.053433 -0.677954 -3.866082
v 4.151533 -0.677954 -3.526537
v 4.144962 -0.677954 -3.289536
v 4.036229 -0.677954 -3.245605
v 3.866867 -0.677954 -3.411525
v 3.701567 -0.677954 -3.723918
v 3.603467 -0.677954 -4.063463
v 3.610038 -0.677954 -4.300464
v 3.718771 -0.677954 -4.344395
v 3.888133 -0.677954 -4.178475
f 833 836 835
f 834 875 876
f 835 836 846
f 835 846 845
f 845 846 856
f 845 856 855
f 855 856 866
f 855 866 865
f 865 866 876
f 865 876 875
f 833 837 836
f 834 876 877
f 836 837 847
f 836 847 846
f 846 847 857
f 846 857 856
f 856 857 867
f 856 867 866
f 866 867 877
f 866 877 876
f 833 838 837
f 834 877 878
f 837 838 848
f 837 848 847
f 847 848 858
f 847 858 857
f 857 858 868
f 857 868 867
f 867 868 878
f 867 878 877
f 833 839 838
f 834 878 879
f 838 839 849
f 838 849 848
f 848 849 859
f 848 859 858
f 858 859 869
f 858 869 868
f 868 869 879
f 868 879 878
f 833 840 839
f 834 879 880
f 839 840 850
f 839 850 849
f 849 850 860
f 849 860 859
f 859 860 870
f 859 870 869
f 869 870 880
f 869 880 879
f 833 841 840
f 834 880 881
f 840 841 851
f 840 851 850
f 850 851 861
f 850 861 860
f 860 861 871
f 860 871 870
f 870 871 881
f 870 881 880
f 833 842 841
f 834 881 882
f 841 842 852
f 841 852 851
f 851 852 862
f 851 862 861
f 861 862 872
f 861 872 871
f 871 872 882
f 871 882 881
f 833 843 842
f 834 882 883
f 842 843 853
f 842 853 852
f 852 853 863
f 852 863 862
f 862 863 873
f 862 873 872
f 872 873 883
f 872 883 882
f 833 844 843
f 834 883 884
f 843 844 854
f 843 854 853
f 853 854 864
f 853 864 863
f 863 864 874
f 863 874 873
f 873 874 884
f 873 884 883
f 833 835 844
f 834 884 875
f 844 835 845
f 844 845 854
f 854 845 855
f 854 855 864
f 864 855 865
f 864 865 874
f 874 865 875
f 874 875 884
o LeftFrontLeg
usemtl color_17
s off
v -2.409000 -2.185920 -2.227500
v -2.409000 -5.132160 -2.227500
v -2.095500 -2.383281 -2.227500
v -2.155373 -2.383281 -2.033531
v -2.312123 -2.383281 -1.913651
v -2.505877 -2.383281 -1.913651
v -2.662627 -2.383281 -2.033531
v -2.722500 -2.383281 -2.227500
v -2.662627 -2.383281 -2.421469
v -2.505877 -2.383281 -2.541349
v -2.312123 -2.383281 -2.541349
v -2.155373 -2.383281 -2.421469
v -1.866002 -2.922480 -2.227500
v -1.969705 -2.922480 -1.891536
v -2.241204 -2.922480 -1.683898
v -2.576796 -2.922480 -1.683898
v -2.848295 -2.922480 -1.891536
v -2.951998 -2.922480 -2.227500
v -2.848295 -2.922480 -2.563464
v -2.576796 -2.922480 -2.771102
v -2.241204 -2.922480 -2.771102
v -1.969705 -2.922480 -2.563464
v -1.782000 -3.659040 -2.227500
v -1.901746 -3.659040 -1.839562
v -2.215246 -3.659040 -1.599803
v -2.602754 -3.659040 -1.599803
v -2.916254 -3.659040 -1.839562
v -3.036000 -3.659040 -2.227500
v -2.916254 -3.659040 -2.615438
v -2.602754 -3.659040 -2.855197
v -2.215246 -3.659040 -2.855197
v -1.901746 -3.659040 -2.615438
v -1.866002 -4.395600 -2.227500
v -1.969705 -4.395600 -1.891536
v -2.241204 -4.395600 -1.683898
v -2.576796 -4.395600 -1.683898
v -2.848295 -4.395600 -1.891536
v -2.951998 -4.395600 -2.227500
v -2.848295 -4.395600 -2.563464
v -2.576796 -4.395600 -2.771102
v -2.241204 -4.395600 -2.771102
v -1.969705 -4.395600 -2.563464
v -2.095500 -4.934799 -2.227500
v -2.155373 -4.934799 -2.033531
v -2.312123 -4.934799 -1.913651
v -2.505877 -4.934799 -1.913651
v -2.662627 -4.934799 -2.033531
v -2.722500 -4.934799 -2.227500
v -2.662627 -4.934799 -2.421469
v -2.505877 -4.934799 -2.541349
v -2.312123 -4.934799 -2.541349
v -2.155373 -4.934799 -2.421469
f 885 888 887
f 886 927 928
f 887 888 898
f 887 898 897
f 897 898 908
f 897 908 907
f 907 908 918
f 907 918 917
f 917 918 928
f 917 928 927
f 885 889 888
f 886 928 929
f 888 889 899
f 888 899 898
f 898 899 909
f 898 909 908
f 908 909 919
f 908 919 918
f 918 919 929
f 918 929 928
f 885 890 889
f 886 929 930
f 889 890 900
f 889 900 899
f 899 900 910
f 899 910 909
f 909 910 920
f 909 920 919
f 919 920 930
f 919 930 929
f 885 891 890
f 886 930 931
f 890 891 901
f 890 901 900
f 900 901 911
f 900 911 910
f 910 911 921
f 910 921 920
f 920 921 931
f 920 931 930
f 885 892 891
f 886 931 932
f 891 892 902
f 891 902 901
f 901 902 912
f 901 912 911
f 911 912 922
f 911 922 921
f 921 922 932
f 921 932 931
f 885 893 892
f 886 932 933
f 892 893 903
f 892 903 902
f 902 903 913
f 902 913 912
f 912 913 923
f 912 923 922
f 922 923 933
f 922 933 932
f 885 894 893
f 886 933 934
f 893 894 904
f 893 904 903
f 903 904 914
f 903 914 913
f 913 914 924
f 913 924 923
f 923 924 934
f 923 934 933
f 885 895 894
f 886 934 935
f 894 895 905
f 894 905 904
f 904 905 915
f 904 915 914
f 914 915 925
f 914 925 924
f 924 925 935
f 924 935 934
f 885 896 895
f 886 935 936
f 895 896 906
f 895 906 905
f 905 906 916
f 905 916 915
f 915 916 926
f 915 926 925
f 925 926 936
f 925 936 935
f 885 887 896
f 886 936 927
f 896 887 897
f 896 897 906
f 906 897 907
f 906 907 916
f 916 907 917
f 916 917 926
f 926 917 927
f 926 927 936
o LeftFrontPaw
usemtl color_18
s off
v -2.409000 -4.636500 -2.425500
v -2.409000 -5.263500 -2.425500
v -2.070750 -4.678501 -2.425500
v -2.135350 -4.678501 -2.187888
v -2.304475 -4.678501 -2.041035
v -2.513525 -4.678501 -2.041035
v -2.682650 -4.678501 -2.187888
v -2.747250 -4.678501 -2.425500
v -2.682650 -4.678501 -2.663112
v -2.513525 -4.678501 -2.809965
v -2.304475 -4.678501 -2.809965
v -2.135350 -4.678501 -2.663112
v -1.823134 -4.793250 -2.425500
v -1.935024 -4.793250 -2.013944
v -2.227957 -4.793250 -1.759588
v -2.590043 -4.793250 -1.759588
v -2.882976 -4.793250 -2.013944
v -2.994866 -4.793250 -2.425500
v -2.882976 -4.793250 -2.837056
v -2.590043 -4.793250 -3.091412
v -2.227957 -4.793250 -3.091412
v -1.935024 -4.793250 -2.837056
v -1.732500 -4.950000 -2.425500
v -1.861700 -4.950000 -1.950276
v -2.199950 -4.950000 -1.656571
v -2.618050 -4.950000 -1.656571
v -2.956300 -4.950000 -1.950276
v -3.085500 -4.950000 -2.425500
v -2.956300 -4.950000 -2.900724
v -2.618050 -4.950000 -3.194429
v -2.199950 -4.950000 -3.194429
v -1.861700 -4.950000 -2.900724
v -1.823134 -5.106750 -2.425500
v -1.935024 -5.106750 -2.013944
v -2.227957 -5.106750 -1.759588
v -2.590043 -5.106750 -1.759588
v -2.882976 -5.106750 -2.013944
v -2.994866 -5.106750 -2.425500
v -2.882976 -5.106750 -2.837056
v -2.590043 -5.106750 -3.091412
v -2.227957 -5.106750 -3.091412
v -1.935024 -5.106750 -2.837056
v -2.070750 -5.221499 -2.425500
v -2.135350 -5.221499 -2.187888
v -2.304475 -5.221499 -2.041035
v -2.513525 -5.221499 -2.041035
v -2.682650 -5.221499 -2.187888
v -2.747250 -5.221499 -2.425500
v -2.682650 -5.221499 -2.663112
v -2.513525 -5.221499 -2.809965
v -2.304475 -5.221499 -2.809965
v -2.135350 -5.221499 -2.663112
f 937 940 939
f 938 979 980
f 939 940 950
f 939 950 949
f 949 950 960
f 949 960 959
f 959 960 970
f 959 970 969
f 969 970 980
f 969 980 979
f 937 941 940
f 938 980 981
f 940 941 951
f 940 951 950
f 950 951 961
f 950 961 960
f 960 961 971
f 960 971 970
f 970 971 981
f 970 981 980
f 937 942 941
f 938 981 982
f 941 942 952
f 941 952 951
f 951 952 962
f 951 962 961
f 961 962 972
f 961 972 971
f 971 972 982
f 971 982 981
f 937 943 942
f 938 982 983
f 942 943 953
f 942 953 952
f 952 953 963
f 952 963 962
f 962 963 973
f 962 973 972
f 972 973 983
f 972 983 982
f 937 944 943
f 938 983 984
f 943 944 954
f 943 954 953
f 953 954 964
f 953 964 963
f 963 964 974
f 963 974 973
f 973 974 984
f 973 984 983
f 937 945 944
f 938 984 985
f 944 945 955
f 944 955 954
f 954 955 965
f 954 965 964
f 964 965 975
f 964 975 974
f 974 975 985
f 974 985 984
f 937 946 945
f 938 985 986
f 945 946 956
f 945 956 955
f 955 956 966
f 955 966 965
f 965 966 976
f 965 976 975
f 975 976 986
f 975 986 985
f 937 947 946
f 938 986 987
f 946 947 957
f 946 957 956
f 956 957 967
f 956 967 966
f 966 967 977
f 966 977 976
f 976 977 987
f 976 987 986
f 937 948 947
f 938 987 988
f 947 948 958
f 947 958 957
f 957 958 968
f 957 968 967
f 967 968 978
f 967 978 977
f 977 978 988
f 977 988 987
f 937 939 948
f 938 988 979
f 948 939 949
f 948 949 958
f 958 949 959
f 958 959 968
f 968 959 969
f 968 969 978
f 978 969 979
f 978 979 988
o LeftFrontClaw
usemtl color_19
s off
v -2.739000 -4.760250 -3.168000
v -2.739000 -5.007750 -3.168000
v -2.681250 -4.776829 -3.168000
v -2.692279 -4.776829 -3.124357
v -2.721154 -4.776829 -3.097384
v -2.756846 -4.776829 -3.097384
v -2.785721 -4.776829 -3.124357
v -2.796750 -4.776829 -3.168000
v -2.785721 -4.776829 -3.211643
v -2.756846 -4.776829 -3.238616
v -2.721154 -4.776829 -3.238616
v -2.692279 -4.776829 -3.211643
v -2.638974 -4.822125 -3.168000
v -2.658077 -4.822125 -3.092408
v -2.708090 -4.822125 -3.045690
v -2.769910 -4.822125 -3.045690
v -2.819923 -4.822125 -3.092408
v -2.839026 -4.822125 -3.168000
v -2.819923 -4.822125 -3.243592
v -2.769910 -4.822125 -3.290310
v -2.708090 -4.822125 -3.290310
v -2.658077 -4.822125 -3.243592
v -2.623500 -4.884000 -3.168000
v -2.645559 -4.884000 -3.080714
v -2.703309 -4.884000 -3.026768
v -2.774691 -4.884000 -3.026768
v -2.832441 -4.884000 -3.080714
v -2.854500 -4.884000 -3.168000
v -2.832441 -4.884000 -3.255286
v -2.774691 -4.884000 -3.309232
v -2.703309 -4.884000 -3.309232
v -2.645559 -4.884000 -3.255286
v -2.638974 -4.945875 -3.168000
v -2.658077 -4.945875 -3.092408
v -2.708090 -4.945875 -3.045690
v -2.769910 -4.945875 -3.045690
v -2.819923 -4.945875 -3.092408
v -2.839026 -4.945875 -3.168000
v -2.819923 -4.945875 -3.243592
v -2.769910 -4.945875 -3.290310
v -2.708090 -4.945875 -3.290310
v -2.658077 -4.945875 -3.243592
v -2.681250 -4.991171 -3.168000
v -2.692279 -4.991171 -3.124357
v -2.721154 -4.991171 -3.097384
v -2.756846 -4.991171 -3.097384
v -2.785721 -4.991171 -3.124357
v -2.796750 -4.991171 -3.168000
v -2.785721 -4.991171 -3.211643
v -2.756846 -4.991171 -3.238616
v -2.721154 -4.991171 -3.238616
v -2.692279 -4.991171 -3.211643
f 989 992 991
f 990 1031 1032
f 991 992 1002
f 991 1002 1001
f 1001 1002 1012
f 1001 1012 1011
f 1011 1012 1022
f 1011 1022 1021
f 1021 1022 1032
f 1021 1032 1031
f 989 993 992
f 990 1032 1033
f 992 993 1003
f 992 1003 1002
f 1002 1003 1013
f 1002 1013 1012
f 1012 1013 1023
f 1012 1023 1022
f 1022 1023 1033
f 1022 1033 1032
f 989 994 993
f 990 1033 1034
f 993 994 1004
f 993 1004 1003
f 1003 1004 1014
f 1003 1014 1013
f 1013 1014 1024
f 1013 1024 1023
f 1023 1024 1034
f 1023 1034 1033
f 989 995 994
f 990 1034 1035
f 994 995 1005
f 994 1005 1004
f 1004 1005 1015
f 1004 1015 1014
f 1014 1015 1025
f 1014 1025 1024
f 1024 1025 1035
f 1024 1035 1034
f 989 996 995
f 990 1035 1036
f 995 996 1006
f 995 1006 1005
f 1005 1006 1016
f 1005 1016 1015
f 1015 1016 1026
f 1015 1026 1025
f 1025 1026 1036
f 1025 1036 1035
f 989 997 996
f 990 1036 1037
f 996 997 1007
f 996 1007 1006
f 1006 1007 1017
f 1006 1017 1016
f 1016 1017 1027
f 1016 1027 1026
f 1026 1027 1037
f 1026 1037 1036
f 989 998 997
f 990 1037 1038
f 997 998 1008
f 997 1008 1007
f 1007 1008 1018
f 1007 1018 1017
f 1017 1018 1028
f 1017 1028 1027
f 1027 1028 1038
f 1027 1038 1037
f 989 999 998
f 990 1038 1039
f 998 999 1009
f 998 1009 1008
f 1008 1009 1019
f 1008 1019 1018
f 1018 1019 1029
f 1018 1029 1028
f 1028 1029 1039
f 1028 1039 1038
f 989 1000 999
f 990 1039 1040
f 999 1000 1010
f 999 1010 1009
f 1009 1010 1020
f 1009 1020 1019
f 1019 1020 1030
f 1019 1030 1029
f 1029 1030 1040
f 1029 1040 1039
f 989 991 1000
f 990 1040 1031
f 1000 991 1001
f 1000 1001 1010
f 1010 1001 1011
f 1010 1011 1020
f 1020 1011 1021
f 1020 1021 1030
f 1030 1021 1031
f 1030 1031 1040
o LeftFrontClaw_1
usemtl color_20
s off
v -2.409000 -4.760250 -3.168000
v -2.409000 -5.007750 -3.168000
v -2.351250 -4.776829 -3.168000
v -2.362279 -4.776829 -3.124357
v -2.391154 -4.776829 -3.097384
v -2.426846 -4.776829 -3.097384
v -2.455721 -4.776829 -3.124357
v -2.466750 -4.776829 -3.168000
v -2.455721 -4.776829 -3.211643
v -2.426846 -4.776829 -3.238616
v -2.391154 -4.776829 -3.238616
v -2.362279 -4.776829 -3.211643
v -2.308974 -4.822125 -3.168000
v -2.328077 -4.822125 -3.092408
v -2.378090 -4.822125 -3.045690
v -2.439910 -4.822125 -3.045690
v -2.489923 -4.822125 -3.092408
v -2.509026 -4.822125 -3.168000
v -2.489923 -4.822125 -3.243592
v -2.439910 -4.822125 -3.290310
v -2.378090 -4.822125 -3.290310
v -2.328077 -4.822125 -3.243592
v -2.293500 -4.884000 -3.168000
v -2.315559 -4.884000 -3.080714
v -2.373309 -4.884000 -3.026768
v -2.444691 -4.884000 -3.026768
v -2.502441 -4.884000 -3.080714
v -2.524500 -4.884000 -3.168000
v -2.502441 -4.884000 -3.255286
v -2.444691 -4.884000 -3.309232
v -2.373309 -4.884000 -3.309232
v -2.315559 -4.884000 -3.255286
v -2.308974 -4.945875 -3.168000
v -2.328077 -4.945875 -3.092408
v -2.378090 -4.945875 -3.045690
v -2.439910 -4.945875 -3.045690
v -2.489923 -4.945875 -3.092408
v -2.509026 -4.945875 -3.168000
v -2.489923 -4.945875 -3.243592
v -2.439910 -4.945875 -3.290310
v -2.378090 -4.945875 -3.290310
v -2.328077 -4.945875 -3.243592
v -2.351250 -4.991171 -3.168000
v -2.362279 -4.991171 -3.124357
v -2.391154 -4.991171 -3.097384
v -2.426846 -4.991171 -3.097384
v -2.455721 -4.991171 -3.124357
v -2.466750 -4.991171 -3.168000
v -2.455721 -4.991171 -3.211643
v -2.426846 -4.991171 -3.238616
v -2.391154 -4.991171 -3.238616
v -2.362279 -4.991171 -3.211643
f 1041 1044 1043
f 1042 1083 1084
f 1043 1044 1054
f 1043 1054 1053
f 1053 1054 1064
f 1053 1064 1063
f 1063 1064 1074
f 1063 1074 1073
f 1073 1074 1084
f 1073 1084 1083
f 1041 1045 1044
f 1042 1084 1085
f 1044 1045 1055
f 1044 1055 1054
f 1054 1055 1065
f 1054 1065 1064
f 1064 1065 1075
f 1064 1075 1074
f 1074 1075 1085
f 1074 1085 1084
f 1041 1046 1045
f 1042 1085 1086
f 1045 1046 1056
f 1045 1056 1055
f 1055 1056 1066
f 1055 1066 1065
f 1065 1066 1076
f 1065 1076 1075
f 1075 1076 1086
f 1075 1086 1085
f 1041 1047 1046
f 1042 1086 1087
f 1046 1047 1057
f 1046 1057 1056
f 1056 1057 1067
f 1056 1067 1066
f 1066 1067 1077
f 1066 1077 1076
f 1076 1077 1087
f 1076 1087 1086
f 1041 1048 1047
f 1042 1087 1088
f 1047 1048 1058
f 1047 1058 1057
f 1057 1058 1068
f 1057 1068 1067
f 1067 1068 1078
f 1067 1078 1077
f 1077 1078 1088
f 1077 1088 1087
f 1041 1049 1048
f 1042 1088 1089
f 1048 1049 1059
f 1048 1059 1058
f 1058 1059 1069
f 1058 1069 1068
f 1068 1069 1079
f 1068 1079 1078
f 1078 1079 1089
f 1078 1089 1088
f 1041 1050 1049
f 1042 1089 1090
f 1049 1050 1060
f 1049 1060 1059
f 1059 1060 1070
f 1059 1070 1069
f 1069 1070 1080
f 1069 1080 1079
f 1079 1080 1090
f 1079 1090 1089
f 1041 1051 1050
f 1042 1090 1091
f 1050 1051 1061
f 1050 1061 1060
f 1060 1061 1071
f 1060 1071 1070
f 1070 1071 1081
f 1070 1081 1080
f 1080 1081 1091
f 1080 1091 1090
f 1041 1052 1051
f 1042 1091 1092
f 1051 1052 1062
f 1051 1062 1061
f 1061 1062 1072
f 1061 1072 1071
f 1071 1072 1082
f 1071 1082 1081
f 1081 1082 1092
f 1081 1092 1091
f 1041 1043 1052
f 1042 1092 1083
f 1052 1043 1053
f 1052 1053 1062
f 1062 1053 1063
f 1062 1063 1072
f 1072 1063 1073
f 1072 1073 1082
f 1082 1073 1083
f 1082 1083 1092
o LeftFrontClaw_2
usemtl color_21
s off
v -2.079000 -4.760250 -3.168000
v -2.079000 -5.007750 -3.168000
v -2.021250 -4.776829 -3.168000
v -2.032279 -4.776829 -3.124357
v -2.061154 -4.776829 -3.097384
v -2.096846 -4.776829 -3.097384
v -2.125721 -4.776829 -3.124357
v -2.136750 -4.776829 -3.168000
v -2.125721 -4.776829 -3.211643
v -2.096846 -4.776829 -3.238616
v -2.061154 -4.776829 -3.238616
v -2.032279 -4.776829 -3.211643
v -1.978974 -4.822125 -3.168000
v -1.998077 -4.822125 -3.092408
v -2.048090 -4.822125 -3.045690
v -2.109910 -4.822125 -3.045690
v -2.159923 -4.822125 -3.092408
v -2.179026 -4.822125 -3.168000
v -2.159923 -4.822125 -3.243592
v -2.109910 -4.822125 -3.290310
v -2.048090 -4.822125 -3.290310
v -1.998077 -4.822125 -3.243592
v -1.963500 -4.884000 -3.168000
v -1.985559 -4.884000 -3.080714
v -2.043309 -4.884000 -3.026768
v -2.114691 -4.884000 -3.026768
v -2.172441 -4.884000 -3.080714
v -2.194500 -4.884000 -3.168000
v -2.172441 -4.884000 -3.255286
v -2.114691 -4.884000 -3.309232
v -2.043309 -4.884000 -3.309232
v -1.985559 -4.884000 -3.255286
v -1.978974 -4.945875 -3.168000
v -1.998077 -4.945875 -3.092408
v -2.048090 -4.945875 -3.045690
v -2.109910 -4.945875 -3.045690
v -2.159923 -4.945875 -3.092408
v -2.179026 -4.945875 -3.168000
v -2.159923 -4.945875 -3.243592
v -2.109910 -4.945875 -3.290310
v -2.048090 -4.945875 -3.290310
v -1.998077 -4.945875 -3.243592
v -2.021250 -4.991171 -3.168000
v -2.032279 -4.991171 -3.124357
v -2.061154 -4.991171 -3.097384
v -2.096846 -4.991171 -3.097384
v -2.125721 -4.991171 -3.124357
v -2.136750 -4.991171 -3.168000
v -2.125721 -4.991171 -3.211643
v -2.096846 -4.991171 -3.238616
v -2.061154 -4.991171 -3.238616
v -2.032279 -4.991171 -3.211643
f 1093 1096 1095
f 1094 1135 1136
f 1095 1096 1106
f 1095 1106 1105
f 1105 1106 1116
f 1105 1116 1115
f 1115 1116 1126
f 1115 1126 1125
f 1125 1126 1136
f 1125 1136 1135
f 1093 1097 1096
f 1094 1136 1137
f 1096 1097 1107
f 1096 1107 1106
f 1106 1107 1117
f 1106 1117 1116
f 1116 1117 1127
f 1116 1127 1126
f 1126 1127 1137
f 1126 1137 1136
f 1093 1098 1097
f 1094 1137 1138
f 1097 1098 1108
f 1097 1108 1107
f 1107 1108 1118
f 1107 1118 1117
f 1117 1118 1128
f 1117 1128 1127
f 1127 1128 1138
f 1127 1138 1137
f 1093 1099 1098
f 1094 1138 1139
f 1098 1099 1109
f 1098 1109 1108
f 1108 1109 1119
f 1108 1119 1118
f 1118 1119 1129
f 1118 1129 1128
f 1128 1129 1139
f 1128 1139 1138
f 1093 1100 1099
f 1094 1139 1140
f 1099 1100 1110
f 1099 1110 1109
f 1109 1110 1120
f 1109 1120 1119
f 1119 1120 1130
f 1119 1130 1129
f 1129 1130 1140
f 1129 1140 1139
f 1093 1101 1100
f 1094 1140 1141
f 1100 1101 1111
f 1100 1111 1110
f 1110 1111 1121
f 1110 1121 1120
f 1120 1121 1131
f 1120 1131 1130
f 1130 1131 1141
f 1130 1141 1140
f 1093 1102 1101
f 1094 1141 1142
f 1101 1102 1112
f 1101 1112 1111
f 1111 1112 1122
f 1111 1122 1121
f 1121 1122 1132
f 1121 1132 1131
f 1131 1132 1142
f 1131 1142 1141
f 1093 1103 1102
f 1094 1142 1143
f 1102 1103 1113
f 1102 1113 1112
f 1112 1113 1123
f 1112 1123 1122
f 1122 1123 1133
f 1122 1133 1132
f 1132 1133 1143
f 1132 1143 1142
f 1093 1104 1103
f 1094 1143 1144
f 1103 1104 1114
f 1103 1114 1113
f 1113 1114 1124
f 1113 1124 1123
f 1123 1124 1134
f 1123 1134 1133
f 1133 1134 1144
f 1133 1144 1143
f 1093 1095 1104
f 1094 1144 1135
f 1104 1095 1105
f 1104 1105 1114
f 1114 1105 1115
f 1114 1115 1124
f 1124 1115 1125
f 1124 1125 1134
f 1134 1125 1135
f 1134 1135 1144
o LeftBackLeg
usemtl color_22
s off
v -2.409000 -2.185920 3.415500
v -2.409000 -5.132160 3.415500
v -2.095500 -2.383281 3.415500
v -2.155373 -2.383281 3.609469
v -2.312123 -2.383281 3.729349
v -2.505877 -2.383281 3.729349
v -2.662627 -2.383281 3.609469
v -2.722500 -2.383281 3.415500
v -2.662627 -2.383281 3.221531
v -2.505877 -2.383281 3.101651
v -2.312123 -2.383281 3.101651
v -2.155373 -2.383281 3.221531
v -1.866002 -2.922480 3.415500
v -1.969705 -2.922480 3.751464
v -2.241204 -2.922480 3.959102
v -2.576796 -2.922480 3.959102
v -2.848295 -2.922480 3.751464
v -2.951998 -2.922480 3.415500
v -2.848295 -2.922480 3.079536
v -2.576796 -2.922480 2.871898
v -2.241204 -2.922480 2.871898
v -1.969705 -2.922480 3.079536
v -1.782000 -3.659040 3.415500
v -1.901746 -3.659040 3.803438
v -2.215246 -3.659040 4.043197
v -2.602754 -3.659040 4.043197
v -2.916254 -3.659040 3.803438
v -3.036000 -3.659040 3.415500
v -2.916254 -3.659040 3.027562
v -2.602754 -3.659040 2.787803
v -2.215246 -3.659040 2.787803
v -1.901746 -3.659040 3.027562
v -1.866002 -4.395600 3.415500
v -1.969705 -4.395600 3.751464
v -2.241204 -4.395600 3.959102
v -2.576796 -4.395600 3.959102
v -2.848295 -4.395600 3.751464
v -2.951998 -4.395600 3.415500
v -2.848295 -4.395600 3.079536
v -2.576796 -4.395600 2.871898
v -2.241204 -4.395600 2.871898
v -1.969705 -4.395600 3.079536
v -2.095500 -4.934799 3.415500
v -2.155373 -4.934799 3.609469
v -2.312123 -4.934799 3.729349
v -2.505877 -4.934799 3.729349
v -2.662627 -4.934799 3.609469
v -2.722500 -4.934799 3.415500
v -2.662627 -4.934799 3.221531
v -2.505877 -4.934799 3.101651
v -2.312123 -4.934799 3.101651
v -2.155373 -4.934799 3.221531
f 1145 1148 1147
f 1146 1187 1188
f 1147 1148 1158
f 1147 1158 1157
f 1157 1158 1168
f 1157 1168 1167
f 1167 1168 1178
f 1167 1178 1177
f 1177 1178 1188
f 1177 1188 1187
f 1145 1149 1148
f 1146 1188 1189
f 1148 1149 1159
f 1148 1159 1158
f 1158 1159 1169
f 1158 1169 1168
f 1168 1169 1179
f 1168 1179 1178
f 1178 1179 1189
f 1178 1189 1188
f 1145 1150 1149
f 1146 1189 1190
f 1149 1150 1160
f 1149 1160 1159
f 1159 1160 1170
f 1159 1170 1169
f 1169 1170 1180
f 1169 1180 1179
f 1179 1180 1190
f 1179 1190 1189
f 1145 1151 1150
f 1146 1190 1191
f 1150 1151 1161
f 1150 1161 1160
f 1160 1161 1171
f 1160 1171 1170
f 1170 1171 1181
f 1170 1181 1180
f 1180 1181 1191
f 1180 1191 1190
f 1145 1152 1151
f 1146 1191 1192
f 1151 1152 1162
f 1151 1162 1161
f 1161 1162 1172
f 1161 1172 1171
f 1171 1172 1182
f 1171 1182 1181
f 1181 1182 1192
f 1181 1192 1191
f 1145 1153 1152
f 1146 1192 1193
f 1152 1153 1163
f 1152 1163 1162
f 1162 1163 1173
f 1162 1173 1172
f 1172 1173 1183
f 1172 1183 1182
f 1182 1183 1193
f 1182 1193 1192
f 1145 1154 1153
f 1146 1193 1194
f 1153 1154 1164
f 1153 1164 1163
f 1163 1164 1174
f 1163 1174 1173
f 1173 1174 1184
f 1173 1184 1183
f 1183 1184 1194
f 1183 1194 1193
f 1145 1155 1154
f 1146 1194 1195
f 1154 1155 1165
f 1154 1165 1164
f 1164 1165 1175
f 1164 1175 1174
f 1174 1175 1185
f 1174 1185 1184
f 1184 1185 1195
f 1184 1195 1194
f 1145 1156 1155
f 1146 1195 1196
f 1155 1156 1166
f 1155 1166 1165
f 1165 1166 1176
f 1165 1176 1175
f 1175 1176 1186
f 1175 1186 1185
f 1185 1186 1196
f 1185 1196 1195
f 1145 1147 1156
f 1146 1196 1187
f 1156 1147 1157
f 1156 1157 1166
f 1166 1157 1167
f 1166 1167 1176
f 1176 1167 1177
f 1176 1177 1186
f 1186 1177 1187
f 1186 1187 1196
o LeftBackPaw
usemtl color_23
s off
v -2.409000 -4.636500 3.217500
v -2.409000 -5.263500 3.217500
v -2.070750 -4.678501 3.217500
v -2.135350 -4.678501 3.455112
v -2.304475 -4.678501 3.601965
v -2.513525 -4.678501 3.601965
v -2.682650 -4.678501 3.455112
v -2.747250 -4.678501 3.217500
v -2.682650 -4.678501 2.979888
v -2.513525 -4.678501 2.833035
v -2.304475 -4.678501 2.833035
v -2.135350 -4.678501 2.979888
v -1.823134 -4.793250 3.217500
v -1.935024 -4.793250 3.629056
v -2.227957 -4.793250 3.883412
v -2.590043 -4.793250 3.883412
v -2.882976 -4.793250 3.629056
v -2.994866 -4.793250 3.217500
v -2.882976 -4.793250 2.805944
v -2.590043 -4.793250 2.551588
v -2.227957 -4.793250 2.551588
v -1.935024 -4.793250 2.805944
v -1.732500 -4.950000 3.217500
v -1.861700 -4.950000 3.692724
v -2.199950 -4.950000 3.986429
v -2.618050 -4.950000 3.986429
v -2.956300 -4.950000 3.692724
v -3.085500 -4.950000 3.217500
v -2.956300 -4.950000 2.742276
v -2.618050 -4.950000 2.448571
v -2.199950 -4.950000 2.448571
v -1.861700 -4.950000 2.742276
v -1.823134 -5.106750 3.217500
v -1.935024 -5.106750 3.629056
v -2.227957 -5.106750 3.883412
v -2.590043 -5.106750 3.883412
v -2.882976 -5.106750 3.629056
v -2.994866 -5.106750 3.217500
v -2.882976 -5.106750 2.805944
v -2.590043 -5.106750 2.551588
v -2.227957 -5.106750 2.551588
v -1.935024 -5.106750 2.805944
v -2.070750 -5.221499 3.217500
v -2.135350 -5.221499 3.455112
v -2.304475 -5.221499 3.601965
v -2.513525 -5.221499 3.601965
v -2.682650 -5.221499 3.455112
v -2.747250 -5.221499 3.217500
v -2.682650 -5.221499 2.979888
v -2.513525 -5.221499 2.833035
v -2.304475 -5.221499 2.833035
v -2.135350 -5.221499 2.979888
f 1197 1200 1199
f 1198 1239 1240
f 1199 1200 1210
f 1199 1210 1209
f 1209 1210 1220
f 1209 1220 1219
f 1219 1220 1230
f 1219 1230 1229
f 1229 1230 1240
f 1229 1240 1239
f 1197 1201 1200
f 1198 1240 1241
f 1200 1201 1211
f 1200 1211 1210
f 1210 1211 1221
f 1210 1221 1220
f 1220 1221 1231
f 1220 1231 1230
f 1230 1231 1241
f 1230 1241 1240
f 1197 1202 1201
f 1198 1241 1242
f 1201 1202 1212
f 1201 1212 1211
f 1211 1212 1222
f 1211 1222 1221
f 1221 1222 1232
f 1221 1232 1231
f 1231 1232 1242
f 1231 1242 1241
f 1197 1203 1202
f 1198 1242 1243
f 1202 1203 1213
f 1202 1213 1212
f 1212 1213 1223
f 1212 1223 1222
f 1222 1223 1233
f 1222 1233 1232
f 1232 1233 1243
f 1232 1243 1242
f 1197 1204 1203
f 1198 1243 1244
f 1203 1204 1214
f 1203 1214 1213
f 1213 1214 1224
f 1213 1224 1223
f 1223 1224 1234
f 1223 1234 1233
f 1233 1234 1244
f 1233 1244 1243
f 1197 1205 1204
f 1198 1244 1245
f 1204 1205 1215
f 1204 1215 1214
f 1214 1215 1225
f 1214 1225 1224
f 1224 1225 1235
f 1224 1235 1234
f 1234 1235 1245
f 1234 1245 1244
f 1197 1206 1205
f 1198 1245 1246
f 1205 1206 1216
f 1205 1216 1215
f 1215 1216 1226
f 1215 1226 1225
f 1225 1226 1236
f 1225 1236 1235
f 1235 1236 1246
f 1235 1246 1245
f 1197 1207 1206
f 1198 1246 1247
f 1206 1207 1217
f 1206 1217 1216
f 1216 1217 1227
f 1216 1227 1226
f 1226 1227 1237
f 1226 1237 1236
f 1236 1237 1247
f 1236 1247 1246
f 1197 1208 1207
f 1198 1247 1248
f 1207 1208 1218
f 1207 1218 1217
f 1217 1218 1228
f 1217 1228 1227
f 1227 1228 1238
f 1227 1238 1237
f 1237 1238 1248
f 1237 1248 1247
f 1197 1199 1208
f 1198 1248 1239
f 1208 1199 1209
f 1208 1209 1218
f 1218 1209 1219
f 1218 1219 1228
f 1228 1219 1229
f 1228 1229 1238
f 1238 1229 1239
f 1238 1239 1248
o LeftBackClaw
usemtl color_24
s off
v -2.739000 -4.760250 2.475000
v -2.739000 -5.007750 2.475000
v -2.681250 -4.776829 2.475000
v -2.692279 -4.776829 2.518643
v -2.721154 -4.776829 2.545616
v -2.756846 -4.776829 2.545616
v -2.785721 -4.776829 2.518643
v -2.796750 -4.776829 2.475000
v -2.785721 -4.776829 2.431357
v -2.756846 -4.776829 2.404384
v -2.721154 -4.776829 2.404384
v -2.692279 -4.776829 2.431357
v -2.638974 -4.822125 2.475000
v -2.658077 -4.822125 2.550592
v -2.708090 -4.822125 2.597310
v -2.769910 -4.822125 2.597310
v -2.819923 -4.822125 2.550592
v -2.839026 -4.822125 2.475000
v -2.819923 -4.822125 2.399408
v -2.769910 -4.822125 2.352690
v -2.708090 -4.822125 2.352690
v -2.658077 -4.822125 2.399408
v -2.623500 -4.884000 2.475000
v -2.645559 -4.884000 2.562286
v -2.703309 -4.884000 2.616232
v -2.774691 -4.884000 2.616232
v -2.832441 -4.884000 2.562286
v -2.854500 -4.884000 2.475000
v -2.832441 -4.884000 2.387714
v -2.774691 -4.884000 2.333768
v -2.703309 -4.884000 2.333768
v -2.645559 -4.884000 2.387714
v -2.638974 -4.945875 2.475000
v -2.658077 -4.945875 2.550592
v -2.708090 -4.945875 2.597310
v -2.769910 -4.945875 2.597310
v -2.819923 -4.945875 2.550592
v -2.839026 -4.945875 2.475000
v -2.819923 -4.945875 2.399408
v -2.769910 -4.945875 2.352690
v -2.708090 -4.945875 2.352690
v -2.658077 -4.945875 2.399408
v -2.681250 -4.991171 2.475000
v -2.692279 -4.991171 2.518643
v -2.721154 -4.991171 2.545616
v -2.756846 -4.991171 2.545616
v -2.785721 -4.991171 2.518643
v -2.796750 -4.991171 2.475000
v -2.785721 -4.991171 2.431357
v -2.756846 -4.991171 2.404384
v -2.721154 -4.991171 2.404384
v -2.692279 -4.991171 2.431357
f 1249 1252 1251
f 1250 1291 1292
f 1251 1252 1262
f 1251 1262 1261
f 1261 1262 1272
f 1261 1272 1271
f 1271 1272 1282
f 1271 1282 1281
f 1281 1282 1292
f 1281 1292 1291
f 1249 1253 1252
f 1250 1292 1293
f 1252 1253 1263
f 1252 1263 1262
f 1262 1263 1273
f 1262 1273 1272
f 1272 1273 1283
f 1272 1283 1282
f 1282 1283 1293
f 1282 1293 1292
f 1249 1254 1253
f 1250 1293 1294
f 1253 1254 1264
f 1253 1264 1263
f 1263 1264 1274
f 1263 1274 1273
f 1273 1274 1284
f 1273 1284 1283
f 1283 1284 1294
f 1283 1294 1293
f 1249 1255 1254
f 1250 1294 1295
f 1254 1255 1265
f 1254 1265 1264
f 1264 1265 1275
f 1264 1275 1274
f 1274 1275 1285
f 1274 1285 1284
f 1284 1285 1295
f 1284 1295 1294
f 1249 1256 1255
f 1250 1295 1296
f 1255 1256 1266
f 1255 1266 1265
f 1265 1266 1276
f 1265 1276 1275
f 1275 1276 1286
f 1275 1286 1285
f 1285 1286 1296
f 1285 1296 1295
f 1249 1257 1256
f 1250 1296 1297
f 1256 1257 1267
f 1256 1267 1266
f 1266 1267 1277
f 1266 1277 1276
f 1276 1277 1287
f 1276 1287 1286
f 1286 1287 1297
f 1286 1297 1296
f 1249 1258 1257
f 1250 1297 1298
f 1257 1258 1268
f 1257 1268 1267
f 1267 1268 1278
f 1267 1278 1277
f 1277 1278 1288
f 1277 1288 1287
f 1287 1288 1298
f 1287 1298 1297
f 1249 1259 1258
f 1250 1298 1299
f 1258 1259 1269
f 1258 1269 1268
f 1268 1269 1279
f 1268 1279 1278
f 1278 1279 1289
f 1278 1289 1288
f 1288 1289 1299
f 1288 1299 1298
f 1249 1260 1259
f 1250 1299 1300
f 1259 1260 1270
f 1259 1270 1269
f 1269 1270 1280
f 1269 1280 1279
f 1279 1280 1290
f 1279 1290 1289
f 1289 1290 1300
f 1289 1300 1299
f 1249 1251 1260
f 1250 1300 1291
f 1260 1251 1261
f 1260 1261 1270
f 1270 1261 1271
f 1270 1271 1280
f 1280 1271 1281
f 1280 1281 1290
f 1290 1281 1291
f 1290 1291 1300
o LeftBackClaw_1
usemtl color_25
s off
v -2.409000 -4.760250 2.475000
v -2.409000 -5.007750 2.475000
v -2.351250 -4.776829 2.475000
v -2.362279 -4.776829 2.518643
v -2.391154 -4.776829 2.545616
v -2.426846 -4.776829 2.545616
v -2.455721 -4.776829 2.518643
v -2.466750 -4.776829 2.475000
v -2.455721 -4.776829 2.431357
v -2.426846 -4.776829 2.404384
v -2.391154 -4.776829 2.404384
v -2.362279 -4.776829 2.431357
v -2.308974 -4.822125 2.475000
v -2.328077 -4.822125 2.550592
v -2.378090 -4.822125 2.597310
v -2.439910 -4.822125 2.597310
v -2.489923 -4.822125 2.550592
v -2.509026 -4.822125 2.475000
v -2.489923 -4.822125 2.399408
v -2.439910 -4.822125 2.352690
v -2.378090 -4.822125 2.352690
v -2.328077 -4.822125 2.399408
v -2.293500 -4.884000 2.475000
v -2.315559 -4.884000 2.562286
v -2.373309 -4.884000 2.616232
v -2.444691 -4.884000 2.616232
v -2.502441 -4.884000 2.562286
v -2.524500 -4.884000 2.475000
v -2.502441 -4.884000 2.387714
v -2.444691 -4.884000 2.333768
v -2.373309 -4.884000 2.333768
v -2.315559 -4.884000 2.387714
v -2.308974 -4.945875 2.475000
v -2.328077 -4.945875 2.550592
v -2.378090 -4.945875 2.597310
v -2.439910 -4.945875 2.597310
v -2.489923 -4.945875 2.550592
v -2.509026 -4.945875 2.475000
v -2.489923 -4.945875 2.399408
v -2.439910 -4.945875 2.352690
v -2.378090 -4.945875 2.352690
v -2.328077 -4.945875 2.399408
v -2.351250 -4.991171 2.475000
v -2.362279 -4.991171 2.518643
v -2.391154 -4.991171 2.545616
v -2.426846 -4.991171 2.545616
v -2.455721 -4.991171 2.518643
v -2.466750 -4.991171 2.475000
v -2.455721 -4.991171 2.431357
v -2.426846 -4.991171 2.404384
v -2.391154 -4.991171 2.404384
v -2.362279 -4.991171 2.431357
f 1301 1304 1303
f 1302 1343 1344
f 1303 1304 1314
f 1303 1314 1313
f 1313 1314 1324
f 1313 1324 1323
f 1323 1324 1334
f 1323 1334 1333
f 1333 1334 1344
f 1333 1344 1343
f 1301 1305 1304
f 1302 1344 1345
f 1304 1305 1315
f 1304 1315 1314
f 1314 1315 1325
f 1314 1325 1324
f 1324 1325 1335
f 1324 1335 1334
f 1334 1335 1345
f 1334 1345 1344
f 1301 1306 1305
f 1302 1345 1346
f 1305 1306 1316
f 1305 1316 1315
f 1315 1316 1326
f 1315 1326 1325
f 1325 1326 1336
f 1325 1336 1335
f 1335 1336 1346
f 1335 1346 1345
f 1301 1307 1306
f 1302 1346 1347
f 1306 1307 1317
f 1306 1317 1316
f 1316 1317 1327
f 1316 1327 1326
f 1326 1327 1337
f 1326 1337 1336
f 1336 1337 1347
f 1336 1347 1346
f 1301 1308 1307
f 1302 1347 1348
f 1307 1308 1318
f 1307 1318 1317
f 1317 1318 1328
f 1317 1328 1327
f 1327 1328 1338
f 1327 1338 1337
f 1337 1338 1348
f 1337 1348 1347
f 1301 1309 1308
f 1302 1348 1349
f 1308 1309 1319
f 1308 1319 1318
f 1318 1319 1329
f 1318 1329 1328
f 1328 1329 1339
f 1328 1339 1338
f 1338 1339 1349
f 1338 1349 1348
f 1301 1310 1309
f 1302 1349 1350
f 1309 1310 1320
f 1309 1320 1319
f 1319 1320 1330
f 1319 1330 1329
f 1329 1330 1340
f 1329 1340 1339
f 1339 1340 1350
f 1339 1350 1349
f 1301 1311 1310
f 1302 1350 1351
f 1310 1311 1321
f 1310 1321 1320
f 1320 1321 1331
f 1320 1331 1330
f 1330 1331 1341
f 1330 1341 1340
f 1340 1341 1351
f 1340 1351 1350
f 1301 1312 1311
f 1302 1351 1352
f 1311 1312 1322
f 1311 1322 1321
f 1321 1322 1332
f 1321 1332 1331
f 1331 1332 1342
f 1331 1342 1341
f 1341 1342 1352
f 1341 1352 1351
f 1301 1303 1312
f 1302 1352 1343
f 1312 1303 1313
f 1312 1313 1322
f 1322 1313 1323
f 1322 1323 1332
f 1332 1323 1333
f 1332 1333 1342
f 1342 1333 1343
f 1342 1343 1352
o LeftBackClaw_2
usemtl color_26
s off
v -2.079000 -4.760250 2.475000
v -2.079000 -5.007750 2.475000
v -2.021250 -4.776829 2.475000
v -2.032279 -4.776829 2.518643
v -2.061154 -4.776829 2.545616
v -2.096846 -4.776829 2.545616
v -2.125721 -4.776829 2.518643
v -2.136750 -4.776829 2.475000
v -2.125721 -4.776829 2.431357
v -2.096846 -4.776829 2.404384
v -2.061154 -4.776829 2.404384
v -2.032279 -4.776829 2.431357
v -1.978974 -4.822125 2.475000
v -1.998077 -4.822125 2.550592
v -2.048090 -4.822125 2.597310
v -2.109910 -4.822125 2.597310
v -2.159923 -4.822125 2.550592
v -2.179026 -4.822125 2.475000
v -2.159923 -4.822125 2.399408
v -2.109910 -4.822125 2.352690
v -2.048090 -4.822125 2.352690
v -1.998077 -4.822125 2.399408
v -1.963500 -4.884000 2.475000
v -1.985559 -4.884000 2.562286
v -2.043309 -4.884000 2.616232
v -2.114691 -4.884000 2.616232
v -2.172441 -4.884000 2.562286
v -2.194500 -4.884000 2.475000
v -2.172441 -4.884000 2.387714
v -2.114691 -4.884000 2.333768
v -2.043309 -4.884000 2.333768
v -1.985559 -4.884000 2.387714
v -1.978974 -4.945875 2.475000
v -1.998077 -4.945875 2.550592
v -2.048090 -4.945875 2.597310
v -2.109910 -4.945875 2.597310
v -2.159923 -4.945875 2.550592
v -2.179026 -4.945875 2.475000
v -2.159923 -4.945875 2.399408
v -2.109910 -4.945875 2.352690
v -2.048090 -4.945875 2.352690
v -1.998077 -4.945875 2.399408
v -2.021250 -4.991171 2.475000
v -2.032279 -4.991171 2.518643
v -2.061154 -4.991171 2.545616
v -2.096846 -4.991171 2.545616
v -2.125721 -4.991171 2.518643
v -2.136750 -4.991171 2.475000
v -2.125721 -4.991171 2.431357
v -2.096846 -4.991171 2.404384
v -2.061154 -4.991171 2.404384
v -2.032279 -4.991171 2.431357
f 1353 1356 1355
f 1354 1395 1396
f 1355 1356 1366
f 1355 1366 1365
f 1365 1366 1376
f 1365 1376 1375
f 1375 1376 1386
f 1375 1386 1385
f 1385 1386 1396
f 1385 1396 1395
f 1353 1357 1356
f 1354 1396 1397
f 1356 1357 1367
f 1356 1367 1366
f 1366 1367 1377
f 1366 1377 1376
f 1376 1377 1387
f 1376 1387 1386
f 1386 1387 1397
f 1386 1397 1396
f 1353 1358 1357
f 1354 1397 1398
f 1357 1358 1368
f 1357 1368 1367
f 1367 1368 1378
f 1367 1378 1377
f 1377 1378 1388
f 1377 1388 1387
f 1387 1388 1398
f 1387 1398 1397
f 1353 1359 1358
f 1354 1398 1399
f 1358 1359 1369
f 1358 1369 1368
f 1368 1369 1379
f 1368 1379 1378
f 1378 1379 1389
f 1378 1389 1388
f 1388 1389 1399
f 1388 1399 1398
f 1353 1360 1359
f 1354 1399 1400
f 1359 1360 1370
f 1359 1370 1369
f 1369 1370 1380
f 1369 1380 1379
f 1379 1380 1390
f 1379 1390 1389
f 1389 1390 1400
f 1389 1400 1399
f 1353 1361 1360
f 1354 1400 1401
f 1360 1361 1371
f 1360 1371 1370
f 1370 1371 1381
f 1370 1381 1380
f 1380 1381 1391
f 1380 1391 1390
f 1390 1391 1401
f 1390 1401 1400
f 1353 1362 1361
f 1354 1401 1402
f 1361 1362 1372
f 1361 1372 1371
f 1371 1372 1382
f 1371 1382 1381
f 1381 1382 1392
f 1381 1392 1391
f 1391 1392 1402
f 1391 1402 1401
f 1353 1363 1362
f 1354 1402 1403
f 1362 1363 1373
f 1362 1373 1372
f 1372 1373 1383
f 1372 1383 1382
f 1382 1383 1393
f 1382 1393 1392
f 1392 1393 1403
f 1392 1403 1402
f 1353 1364 1363
f 1354 1403 1404
f 1363 1364 1374
f 1363 1374 1373
f 1373 1374 1384
f 1373 1384 1383
f 1383 1384 1394
f 1383 1394 1393
f 1393 1394 1404
f 1393 1404 1403
f 1353 1355 1364
f 1354 1404 1395
f 1364 1355 1365
f 1364 1365 1374
f 1374 1365 1375
f 1374 1375 1384
f 1384 1375 1385
f 1384 1385 1394
f 1394 1385 1395
f 1394 1395 1404
o RightFrontLeg
usemtl color_27
s off
v 2.409000 -2.185920 -2.227500
v 2.409000 -5.132160 -2.227500
v 2.722500 -2.383281 -2.227500
v 2.662627 -2.383281 -2.033531
v 2.505877 -2.383281 -1.913651
v 2.312123 -2.383281 -1.913651
v 2.155373 -2.383281 -2.033531
v 2.095500 -2.383281 -2.227500
v 2.155373 -2.383281 -2.421469
v 2.312123 -2.383281 -2.541349
v 2.505877 -2.383281 -2.541349
v 2.662627 -2.383281 -2.421469
v 2.951998 -2.922480 -2.227500
v 2.848295 -2.922480 -1.891536
v 2.576796 -2.922480 -1.683898
v 2.241204 -2.922480 -1.683898
v 1.969705 -2.922480 -1.891536
v 1.866002 -2.922480 -2.227500
v 1.969705 -2.922480 -2.563464
v 2.241204 -2.922480 -2.771102
v 2.576796 -2.922480 -2.771102
v 2.848295 -2.922480 -2.563464
v 3.036000 -3.659040 -2.227500
v 2.916254 -3.659040 -1.839562
v 2.602754 -3.659040 -1.599803
v 2.215246 -3.659040 -1.599803
v 1.901746 -3.659040 -1.839562
v 1.782000 -3.659040 -2.227500
v 1.901746 -3.659040 -2.615438
v 2.215246 -3.659040 -2.855197
v 2.602754 -3.659040 -2.855197
v 2.916254 -3.659040 -2.615438
v 2.951998 -4.395600 -2.227500
v 2.848295 -4.395600 -1.891536
v 2.576796 -4.395600 -1.683898
v 2.241204 -4.395600 -1.683898
v 1.969705 -4.395600 -1.891536
v 1.866002 -4.395600 -2.227500
v 1.969705 -4.395600 -2.563464
v 2.241204 -4.395600 -2.771102
v 2.576796 -4.395600 -2.771102
v 2.848295 -4.395600 -2.563464
v 2.722500 -4.934799 -2.227500
v 2.662627 -4.934799 -2.033531
v 2.505877 -4.934799 -1.913651
v 2.312123 -4.934799 -1.913651
v 2.155373 -4.934799 -2.033531
v 2.095500 -4.934799 -2.227500
v 2.155373 -4.934799 -2.421469
v 2.312123 -4.934799 -2.541349
v 2.505877 -4.934799 -2.541349
v 2.662627 -4.934799 -2.421469
f 1405 1408 1407
f 1406 1447 1448
f 1407 1408 1418
f 1407 1418 1417
f 1417 1418 1428
f 1417 1428 1427
f 1427 1428 1438
f 1427 1438 1437
f 1437 1438 1448
f 1437 1448 1447
f 1405 1409 1408
f 1406 1448 1449
f 1408 1409 1419
f 1408 1419 1418
f 1418 1419 1429
f 1418 1429 1428
f 1428 1429 1439
f 1428 1439 1438
f 1438 1439 1449
f 1438 1449 1448
f 1405 1410 1409
f 1406 1449 1450
f 1409 1410 1420
f 1409 1420 1419
f 1419 1420 1430
f 1419 1430 1429
f 1429 1430 1440
f 1429 1440 1439
f 1439 1440 1450
f 1439 1450 1449
f 1405 1411 1410
f 1406 1450 1451
f 1410 1411 1421
f 1410 1421 1420
f 1420 1421 1431
f 1420 1431 1430
f 1430 1431 1441
f 1430 1441 1440
f 1440 1441 1451
f 1440 1451 1450
f 1405 1412 1411
f 1406 1451 1452
f 1411 1412 1422
f 1411 1422 1421
f 1421 1422 1432
f 1421 1432 1431
f 1431 1432 1442
f 1431 1442 1441
f 1441 1442 1452
f 1441 1452 1451
f 1405 1413 1412
f 1406 1452 1453
f 1412 1413 1423
f 1412 1423 1422
f 1422 1423 1433
f 1422 1433 1432
f 1432 1433 1443
f 1432 1443 1442
f 1442 1443 1453
f 1442 1453 1452
f 1405 1414 1413
f 1406 1453 1454
f 1413 1414 1424
f 1413 1424 1423
f 1423 1424 1434
f 1423 1434 1433
f 1433 1434 1444
f 1433 1444 1443
f 1443 1444 1454
f 1443 1454 1453
f 1405 1415 1414
f 1406 1454 1455
f 1414 1415 1425
f 1414 1425 1424
f 1424 1425 1435
f 1424 1435 1434
f 1434 1435 1445
f 1434 1445 1444
f 1444 1445 1455
f 1444 1455 1454
f 1405 1416 1415
f 1406 1455 1456
f 1415 1416 1426
f 1415 1426 1425
f 1425 1426 1436
f 1425 1436 1435
f 1435 1436 1446
f 1435 1446 1445
f 1445 1446 1456
f 1445 1456 1455
f 1405 1407 1416
f 1406 1456 1447
f 1416 1407 1417
f 1416 1417 1426
f 1426 1417 1427
f 1426 1427 1436
f 1436 1427 1437
f 1436 1437 1446
f 1446 1437 1447
f 1446 1447 1456
o RightFrontPaw
usemtl color_28
s off
v 2.409000 -4.636500 -2.425500
v 2.409000 -5.263500 -2.425500
v 2.747250 -4.678501 -2.425500
v 2.682650 -4.678501 -2.187888
v 2.513525 -4.678501 -2.041035
v 2.304475 -4.678501 -2.041035
v 2.135350 -4.678501 -2.187888
v 2.070750 -4.678501 -2.425500
v 2.135350 -4.678501 -2.663112
v 2.304475 -4.678501 -2.809965
v 2.513525 -4.678501 -2.809965
v 2.682650 -4.678501 -2.663112
v 2.994866 -4.793250 -2.425500
v 2.882976 -4.793250 -2.013944
v 2.590043 -4.793250 -1.759588
v 2.227957 -4.793250 -1.759588
v 1.935024 -4.793250 -2.013944
v 1.823134 -4.793250 -2.425500
v 1.935024 -4.793250 -2.837056
v 2.227957 -4.793250 -3.091412
v 2.590043 -4.793250 -3.091412
v 2.882976 -4.793250 -2.837056
v 3.085500 -4.950000 -2.425500
v 2.956300 -4.950000 -1.950276
v 2.618050 -4.950000 -1.656571
v 2.199950 -4.950000 -1.656571
v 1.861700 -4.950000 -1.950276
v 1.732500 -4.950000 -2.425500
v 1.861700 -4.950000 -2.900724
v 2.199950 -4.950000 -3.194429
v 2.618050 -4.950000 -3.194429
v 2.956300 -4.950000 -2.900724
v 2.994866 -5.106750 -2.425500
v 2.882976 -5.106750 -2.013944
v 2.590043 -5.106750 -1.759588
v 2.227957 -5.106750 -1.759588
v 1.935024 -5.106750 -2.013944
v 1.823134 -5.106750 -2.425500
v 1.935024 -5.106750 -2.837056
v 2.227957 -5.106750 -3.091412
v 2.590043 -5.106750 -3.091412
v 2.882976 -5.106750 -2.837056
v 2.747250 -5.221499 -2.425500
v 2.682650 -5.221499 -2.187888
v 2.513525 -5.221499 -2.041035
v 2.304475 -5.221499 -2.041035
v 2.135350 -5.221499 -2.187888
v 2.070750 -5.221499 -2.425500
v 2.135350 -5.221499 -2.663112
v 2.304475 -5.221499 -2.809965
v 2.513525 -5.221499 -2.809965
v 2.682650 -5.221499 -2.663112
f 1457 1460 1459
f 1458 1499 1500
f 1459 1460 1470
f 1459 1470 1469
f 1469 1470 1480
f 1469 1480 1479
f 1479 1480 1490
f 1479 1490 1489
f 1489 1490 1500
f 1489 1500 1499
f 1457 1461 1460
f 1458 1500 1501
f 1460 1461 1471
f 1460 1471 1470
f 1470 1471 1481
f 1470 1481 1480
f 1480 1481 1491
f 1480 1491 1490
f 1490 1491 1501
f 1490 1501 1500
f 1457 1462 1461
f 1458 1501 1502
f 1461 1462 1472
f 1461 1472 1471
f 1471 1472 1482
f 1471 1482 1481
f 1481 1482 1492
f 1481 1492 1491
f 1491 1492 1502
f 1491 1502 1501
f 1457 1463 1462
f 1458 1502 1503
f 1462 1463 1473
f 1462 1473 1472
f 1472 1473 1483
f 1472 1483 1482
f 1482 1483 1493
f 1482 1493 1492
f 1492 1493 1503
f 1492 1503 1502
f 1457 1464 1463
f 1458 1503 1504
f 1463 1464 1474
f 1463 1474 1473
f 1473 1474 1484
f 1473 1484 1483
f 1483 1484 1494
f 1483 1494 1493
f 1493 1494 1504
f 1493 1504 1503
f 1457 1465 1464
f 1458 1504 1505
f 1464 1465 1475
f 1464 1475 1474
f 1474 1475 1485
f 1474 1485 1484
f 1484 1485 1495
f 1484 1495 1494
f 1494 1495 1505
f 1494 1505 1504
f 1457 1466 1465
f 1458 1505 1506
f 1465 1466 1476
f 1465 1476 1475
f 1475 1476 1486
f 1475 1486 1485
f 1485 1486 1496
f 1485 1496 1495
f 1495 1496 1506
f 1495 1506 1505
f 1457 1467 1466
f 1458 1506 1507
f 1466 1467 1477
f 1466 1477 1476
f 1476 1477 1487
f 1476 1487 1486
f 1486 1487 1497
f 1486 1497 1496
f 1496 1497 1507
f 1496 1507 1506
f 1457 1468 1467
f 1458 1507 1508
f 1467 1468 1478
f 1467 1478 1477
f 1477 1478 1488
f 1477 1488 1487
f 1487 1488 1498
f 1487 1498 1497
f 1497 1498 1508
f 1497 1508 1507
f 1457 1459 1468
f 1458 1508 1499
f 1468 1459 1469
f 1468 1469 1478
f 1478 1469 1479
f 1478 1479 1488
f 1488 1479 1489
f 1488 1489 1498
f 1498 1489 1499
f 1498 1499 1508
o RightFrontClaw
usemtl color_29
s off
v 2.079000 -4.760250 -3.168000
v 2.079000 -5.007750 -3.168000
v 2.136750 -4.776829 -3.168000
v 2.125721 -4.776829 -3.124357
v 2.096846 -4.776829 -3.097384
v 2.061154 -4.776829 -3.097384
v 2.032279 -4.776829 -3.124357
v 2.021250 -4.776829 -3.168000
v 2.032279 -4.776829 -3.211643
v 2.061154 -4.776829 -3.238616
v 2.096846 -4.776829 -3.238616
v 2.125721 -4.776829 -3.211643
v 2.179026 -4.822125 -3.168000
v 2.159923 -4.822125 -3.092408
v 2.109910 -4.822125 -3.045690
v 2.048090 -4.822125 -3.045690
v 1.998077 -4.822125 -3.092408
v 1.978974 -4.822125 -3.168000
v 1.998077 -4.822125 -3.243592
v 2.048090 -4.822125 -3.290310
v 2.109910 -4.822125 -3.290310
v 2.159923 -4.822125 -3.243592
v 2.194500 -4.884000 -3.168000
v 2.172441 -4.884000 -3.080714
v 2.114691 -4.884000 -3.026768
v 2.043309 -4.884000 -3.026768
v 1.985559 -4.884000 -3.080714
v 1.963500 -4.884000 -3.168000
v 1.985559 -4.884000 -3.255286
v 2.043309 -4.884000 -3.309232
v 2.114691 -4.884000 -3.309232
v 2.172441 -4.884000 -3.255286
v 2.179026 -4.945875 -3.168000
v 2.159923 -4.945875 -3.092408
v 2.109910 -4.945875 -3.045690
v 2.048090 -4.945875 -3.045690
v 1.998077 -4.945875 -3.092408
v 1.978974 -4.945875 -3.168000
v 1.998077 -4.945875 -3.243592
v 2.048090 -4.945875 -3.290310
v 2.109910 -4.945875 -3.290310
v 2.159923 -4.945875 -3.243592
v 2.136750 -4.991171 -3.168000
v 2.125721 -4.991171 -3.124357
v 2.096846 -4.991171 -3.097384
v 2.061154 -4.991171 -3.097384
v 2.032279 -4.991171 -3.124357
v 2.021250 -4.991171 -3.168000
v 2.032279 -4.991171 -3.211643
v 2.061154 -4.991171 -3.238616
v 2.096846 -4.991171 -3.238616
v 2.125721 -4.991171 -3.211643
f 1509 1512 1511
f 1510 1551 1552
f 1511 1512 1522
f 1511 1522 1521
f 1521 1522 1532
f 1521 1532 1531
f 1531 1532 1542
f 1531 1542 1541
f 1541 1542 1552
f 1541 1552 1551
f 1509 1513 1512
f 1510 1552 1553
f 1512 1513 1523
f 1512 1523 1522
f 1522 1523 1533
f 1522 1533 1532
f 1532 1533 1543
f 1532 1543 1542
f 1542 1543 1553
f 1542 1553 1552
f 1509 1514 1513
f 1510 1553 1554
f 1513 1514 1524
f 1513 1524 1523
f 1523 1524 1534
f 1523 1534 1533
f 1533 1534 1544
f 1533 1544 1543
f 1543 1544 1554
f 1543 1554 1553
f 1509 1515 1514
f 1510 1554 1555
f 1514 1515 1525
f 1514 1525 1524
f 1524 1525 1535
f 1524 1535 1534
f 1534 1535 1545
f 1534 1545 1544
f 1544 1545 1555
f 1544 1555 1554
f 1509 1516 1515
f 1510 1555 1556
f 1515 1516 1526
f 1515 1526 1525
f 1525 1526 1536
f 1525 1536 1535
f 1535 1536 1546
f 1535 1546 1545
f 1545 1546 1556
f 1545 1556 1555
f 1509 1517 1516
f 1510 1556 1557
f 1516 1517 1527
f 1516 1527 1526
f 1526 1527 1537
f 1526 1537 1536
f 1536 1537 1547
f 1536 1547 1546
f 1546 1547 1557
f 1546 1557 1556
f 1509 1518 1517
f 1510 1557 1558
f 1517 1518 1528
f 1517 1528 1527
f 1527 1528 1538
f 1527 1538 1537
f 1537 1538 1548
f 1537 1548 1547
f 1547 1548 1558
f 1547 1558 1557
f 1509 1519 1518
f 1510 1558 1559
f 1518 1519 1529
f 1518 1529 1528
f 1528 1529 1539
f 1528 1539 1538
f 1538 1539 1549
f 1538 1549 1548
f 1548 1549 1559
f 1548 1559 1558
f 1509 1520 1519
f 1510 1559 1560
f 1519 1520 1530
f 1519 1530 1529
f 1529 1530 1540
f 1529 1540 1539
f 1539 1540 1550
f 1539 1550 1549
f 1549 1550 1560
f 1549 1560 1559
f 1509 1511 1520
f 1510 1560 1551
f 1520 1511 1521
f 1520 1521 1530
f 1530 1521 1531
f 1530 1531 1540
f 1540 1531 1541
f 1540 1541 1550
f 1550 1541 1551
f 1550 1551 1560
o RightFrontClaw_1
usemtl color_30
s off
v 2.409000 -4.760250 -3.168000
v 2.409000 -5.007750 -3.168000
v 2.466750 -4.776829 -3.168000
v 2.455721 -4.776829 -3.124357
v 2.426846 -4.776829 -3.097384
v 2.391154 -4.776829 -3.097384
v 2.362279 -4.776829 -3.124357
v 2.351250 -4.776829 -3.168000
v 2.362279 -4.776829 -3.211643
v 2.391154 -4.776829 -3.238616
v 2.426846 -4.776829 -3.238616
v 2.455721 -4.776829 -3.211643
v 2.509026 -4.822125 -3.168000
v 2.489923 -4.822125 -3.092408
v 2.439910 -4.822125 -3.045690
v 2.378090 -4.822125 -3.045690
v 2.328077 -4.822125 -3.092408
v 2.308974 -4.822125 -3.168000
v 2.328077 -4.822125 -3.243592
v 2.378090 -4.822125 -3.290310
v 2.439910 -4.822125 -3.290310
v 2.489923 -4.822125 -3.243592
v 2.524500 -4.884000 -3.168000
v 2.502441 -4.884000 -3.080714
v 2.444691 -4.884000 -3.026768
v 2.373309 -4.884000 -3.026768
v 2.315559 -4.884000 -3.080714
v 2.293500 -4.884000 -3.168000
v 2.315559 -4.884000 -3.255286
v 2.373309 -4.884000 -3.309232
v 2.444691 -4.884000 -3.309232
v 2.502441 -4.884000 -3.255286
v 2.509026 -4.945875 -3.168000
v 2.489923 -4.945875 -3.092408
v 2.439910 -4.945875 -3.045690
v 2.378090 -4.945875 -3.045690
v 2.328077 -4.945875 -3.092408
v 2.308974 -4.945875 -3.168000
v 2.328077 -4.945875 -3.243592
v 2.378090 -4.945875 -3.290310
v 2.439910 -4.945875 -3.290310
v 2.489923 -4.945875 -3.243592
v 2.466750 -4.991171 -3.168000
v 2.455721 -4.991171 -3.124357
v 2.426846 -4.991171 -3.097384
v 2.391154 -4.991171 -3.097384
v 2.362279 -4.991171 -3.124357
v 2.351250 -4.991171 -3.168000
v 2.362279 -4.991171 -3.211643
v 2.391154 -4.991171 -3.238616
v 2.426846 -4.991171 -3.238616
v 2.455721 -4.991171 -3.211643
f 1561 1564 1563
f 1562 1603 1604
f 1563 1564 1574
f 1563 1574 1573
f 1573 1574 1584
f 1573 1584 1583
f 1583 1584 1594
f 1583 1594 1593
f 1593 1594 1604
f 1593 1604 1603
f 1561 1565 1564
f 1562 1604 1605
f 1564 1565 1575
f 1564 1575 1574
f 1574 1575 1585
f 1574 1585 1584
f 1584 1585 1595
f 1584 1595 1594
f 1594 1595 1605
f 1594 1605 1604
f 1561 1566 1565
f 1562 1605 1606
f 1565 1566 1576
f 1565 1576 1575
f 1575 1576 1586
f 1575 1586 1585
f 1585 1586 1596
f 1585 1596 1595
f 1595 1596 1606
f 1595 1606 1605
f 1561 1567 1566
f 1562 1606 1607
f 1566 1567 1577
f 1566 1577 1576
f 1576 1577 1587
f 1576 1587 1586
f 1586 1587 1597
f 1586 1597 1596
f 1596 1597 1607
f 1596 1607 1606
f 1561 1568 1567
f 1562 1607 1608
f 1567 1568 1578
f 1567 1578 1577
f 1577 1578 1588
f 1577 1588 1587
f 1587 1588 1598
f 1587 1598 1597
f 1597 1598 1608
f 1597 1608 1607
f 1561 1569 1568
f 1562 1608 1609
f 1568 1569 1579
f 1568 1579 1578
f 1578 1579 1589
f 1578 1589 1588
f 1588 1589 1599
f 1588 1599 1598
f 1598 1599 1609
f 1598 1609 1608
f 1561 1570 1569
f 1562 1609 1610
f 1569 1570 1580
f 1569 1580 1579
f 1579 1580 1590
f 1579 1590 1589
f 1589 1590 1600
f 1589 1600 1599
f 1599 1600 1610
f 1599 1610 1609
f 1561 1571 1570
f 1562 1610 1611
f 1570 1571 1581
f 1570 1581 1580
f 1580 1581 1591
f 1580 1591 1590
f 1590 1591 1601
f 1590 1601 1600
f 1600 1601 1611
f 1600 1611 1610
f 1561 1572 1571
f 1562 1611 1612
f 1571 1572 1582
f 1571 1582 1581
f 1581 1582 1592
f 1581 1592 1591
f 1591 1592 1602
f 1591 1602 1601
f 1601 1602 1612
f 1601 1612 1611
f 1561 1563 1572
f 1562 1612 1603
f 1572 1563 1573
f 1572 1573 1582
f 1582 1573 1583
f 1582 1583 1592
f 1592 1583 1593
f 1592 1593 1602
f 1602 1593 1603
f 1602 1603 1612
o RightFrontClaw_2
usemtl color_31
s off
v 2.739000 -4.760250 -3.168000
v 2.739000 -5.007750 -3.168000
v 2.796750 -4.776829 -3.168000
v 2.785721 -4.776829 -3.124357
v 2.756846 -4.776829 -3.097384
v 2.721154 -4.776829 -3.097384
v 2.692279 -4.776829 -3.124357
v 2.681250 -4.776829 -3.168000
v 2.692279 -4.776829 -3.211643
v 2.721154 -4.776829 -3.238616
v 2.756846 -4.776829 -3.238616
v 2.785721 -4.776829 -3.211643
v 2.839026 -4.822125 -3.168000
v 2.819923 -4.822125 -3.092408
v 2.769910 -4.822125 -3.045690
v 2.708090 -4.822125 -3.045690
v 2.658077 -4.822125 -3.092408
v 2.638974 -4.822125 -3.168000
v 2.658077 -4.822125 -3.243592
v 2.708090 -4.822125 -3.290310
v 2.769910 -4.822125 -3.290310
v 2.819923 -4.822125 -3.243592
v 2.854500 -4.884000 -3.168000
v 2.832441 -4.884000 -3.080714
v 2.774691 -4.884000 -3.026768
v 2.703309 -4.884000 -3.026768
v 2.645559 -4.884000 -3.080714
v 2.623500 -4.884000 -3.168000
v 2.645559 -4.884000 -3.255286
v 2.703309 -4.884000 -3.309232
v 2.774691 -4.884000 -3.309232
v 2.832441 -4.884000 -3.255286
v 2.839026 -4.945875 -3.168000
v 2.819923 -4.945875 -3.092408
v 2.769910 -4.945875 -3.045690
v 2.708090 -4.945875 -3.045690
v 2.658077 -4.945875 -3.092408
v 2.638974 -4.945875 -3.168000
v 2.658077 -4.945875 -3.243592
v 2.708090 -4.945875 -3.290310
v 2.769910 -4.945875 -3.290310
v 2.819923 -4.945875 -3.243592
v 2.796750 -4.991171 -3.168000
v 2.785721 -4.991171 -3.124357
v 2.756846 -4.991171 -3.097384
v 2.721154 -4.991171 -3.097384
v 2.692279 -4.991171 -3.124357
v 2.681250 -4.991171 -3.168000
v 2.692279 -4.991171 -3.211643
v 2.721154 -4.991171 -3.238616
v 2.756846 -4.991171 -3.238616
v 2.785721 -4.991171 -3.211643
f 1613 1616 1615
f 1614 1655 1656
f 1615 1616 1626
f 1615 1626 1625
f 1625 1626 1636
f 1625 1636 1635
f 1635 1636 1646
f 1635 1646 1645
f 1645 1646 1656
f 1645 1656 1655
f 1613 1617 1616
f 1614 1656 1657
f 1616 1617 1627
f 1616 1627 1626
f 1626 1627 1637
f 1626 1637 1636
f 1636 1637 1647
f 1636 1647 1646
f 1646 1647 1657
f 1646 1657 1656
f 1613 1618 1617
f 1614 1657 1658
f 1617 1618 1628
f 1617 1628 1627
f 1627 1628 1638
f 1627 1638 1637
f 1637 1638 1648
f 1637 1648 1647
f 1647 1648 1658
f 1647 1658 1657
f 1613 1619 1618
f 1614 1658 1659
f 1618 1619 1629
f 1618 1629 1628
f 1628 1629 1639
f 1628 1639 1638
f 1638 1639 1649
f 1638 1649 1648
f 1648 1649 1659
f 1648 1659 1658
f 1613 1620 1619
f 1614 1659 1660
f 1619 1620 1630
f 1619 1630 1629
f 1629 1630 1640
f 1629 1640 1639
f 1639 1640 1650
f 1639 1650 1649
f 1649 1650 1660
f 1649 1660 1659
f 1613 1621 1620
f 1614 1660 1661
f 1620 1621 1631
f 1620 1631 1630
f 1630 1631 1641
f 1630 1641 1640
f 1640 1641 1651
f 1640 1651 1650
f 1650 1651 1661
f 1650 1661 1660
f 1613 1622 1621
f 1614 1661 1662
f 1621 1622 1632
f 1621 1632 1631
f 1631 1632 1642
f 1631 1642 1641
f 1641 1642 1652
f 1641 1652 1651
f 1651 1652 1662
f 1651 1662 1661
f 1613 1623 1622
f 1614 1662 1663
f 1622 1623 1633
f 1622 1633 1632
f 1632 1633 1643
f 1632 1643 1642
f 1642 1643 1653
f 1642 1653 1652
f 1652 1653 1663
f 1652 1663 1662
f 1613 1624 1623
f 1614 1663 1664
f 1623 1624 1634
f 1623 1634 1633
f 1633 1634 1644
f 1633 1644 1643
f 1643 1644 1654
f 1643 1654 1653
f 1653 1654 1664
f 1653 1664 1663
f 1613 1615 1624
f 1614 1664 1655
f 1624 1615 1625
f 1624 1625 1634
f 1634 1625 1635
f 1634 1635 1644
f 1644 1635 1645
f 1644 1645 1654
f 1654 1645 1655
f 1654 1655 1664
o RightBackLeg
usemtl color_32
s off
v 2.409000 -2.185920 3.415500
v 2.409000 -5.132160 3.415500
v 2.722500 -2.383281 3.415500
v 2.662627 -2.383281 3.609469
v 2.505877 -2.383281 3.729349
v 2.312123 -2.383281 3.729349
v 2.155373 -2.383281 3.609469
v 2.095500 -2.383281 3.415500
v 2.155373 -2.383281 3.221531
v 2.312123 -2.383281 3.101651
v 2.505877 -2.383281 3.101651
v 2.662627 -2.383281 3.221531
v 2.951998 -2.922480 3.415500
v 2.848295 -2.922480 3.751464
v 2.576796 -2.922480 3.959102
v 2.241204 -2.922480 3.959102
v 1.969705 -2.922480 3.751464
v 1.866002 -2.922480 3.415500
v 1.969705 -2.922480 3.079536
v 2.241204 -2.922480 2.871898
v 2.576796 -2.922480 2.871898
v 2.848295 -2.922480 3.079536
v 3.036000 -3.659040 3.415500
v 2.916254 -3.659040 3.803438
v 2.602754 -3.659040 4.043197
v 2.215246 -3.659040 4.043197
v 1.901746 -3.659040 3.803438
v 1.782000 -3.659040 3.415500
v 1.901746 -3.659040 3.027562
v 2.215246 -3.659040 2.787803
v 2.602754 -3.659040 2.787803
v 2.916254 -3.659040 3.027562
v 2.951998 -4.395600 3.415500
v 2.848295 -4.395600 3.751464
v 2.576796 -4.395600 3.959102
v 2.241204 -4.395600 3.959102
v 1.969705 -4.395600 3.751464
v 1.866002 -4.395600 3.415500
v 1.969705 -4.395600 3.079536
v 2.241204 -4.395600 2.871898
v 2.576796 -4.395600 2.871898
v 2.848295 -4.395600 3.079536
v 2.722500 -4.934799 3.415500
v 2.662627 -4.934799 3.609469
v 2.505877 -4.934799 3.729349
v 2.312123 -4.934799 3.729349
v 2.155373 -4.934799 3.609469
v 2.095500 -4.934799 3.415500
v 2.155373 -4.934799 3.221531
v 2.312123 -4.934799 3.101651
v 2.505877 -4.934799 3.101651
v 2.662627 -4.934799 3.221531
f 1665 1668 1667
f 1666 1707 1708
f 1667 1668 1678
f 1667 1678 1677
f 1677 1678 1688
f 1677 1688 1687
f 1687 1688 1698
f 1687 1698 1697
f 1697 1698 1708
f 1697 1708 1707
f 1665 1669 1668
f 1666 1708 1709
f 1668 1669 1679
f 1668 1679 1678
f 1678 1679 1689
f 1678 1689 1688
f 1688 1689 1699
f 1688 1699 1698
f 1698 1699 1709
f 1698 1709 1708
f 1665 1670 1669
f 1666 1709 1710
f 1669 1670 1680
f 1669 1680 1679
f 1679 1680 1690
f 1679 1690 1689
f 1689 1690 1700
f 1689 1700 1699
f 1699 1700 1710
f 1699 1710 1709
f 1665 1671 1670
f 1666 1710 1711
f 1670 1671 1681
f 1670 1681 1680
f 1680 1681 1691
f 1680 1691 1690
f 1690 1691 1701
f 1690 1701 1700
f 1700 1701 1711
f 1700 1711 1710
f 1665 1672 1671
f 1666 1711 1712
f 1671 1672 1682
f 1671 1682 1681
f 1681 1682 1692
f 1681 1692 1691
f 1691 1692 1702
f 1691 1702 1701
f 1701 1702 1712
f 1701 1712 1711
f 1665 1673 1672
f 1666 1712 1713
f 1672 1673 1683
f 1672 1683 1682
f 1682 1683 1693
f 1682 1693 1692
f 1692 1693 1703
f 1692 1703 1702
f 1702 1703 1713
f 1702 1713 1712
f 1665 1674 1673
f 1666 1713 1714
f 1673 1674 1684
f 1673 1684 1683
f 1683 1684 1694
f 1683 1694 1693
f 1693 1694 1704
f 1693 1704 1703
f 1703 1704 1714
f 1703 1714 1713
f 1665 1675 1674
f 1666 1714 1715
f 1674 1675 1685
f 1674 1685 1684
f 1684 1685 1695
f 1684 1695 1694
f 1694 1695 1705
f 1694 1705 1704
f 1704 1705 1715
f 1704 1715 1714
f 1665 1676 1675
f 1666 1715 1716
f 1675 1676 1686
f 1675 1686 1685
f 1685 1686 1696
f 1685 1696 1695
f 1695 1696 1706
f 1695 1706 1705
f 1705 1706 1716
f 1705 1716 1715
f 1665 1667 1676
f 1666 1716 1707
f 1676 1667 1677
f 1676 1677 1686
f 1686 1677 1687
f 1686 1687 1696
f 1696 1687 1697
f 1696 1697 1706
f 1706 1697 1707
f 1706 1707 1716
o RightBackPaw
usemtl color_33
s off
v 2.409000 -4.636500 3.217500
v 2.409000 -5.263500 3.217500
v 2.747250 -4.678501 3.217500
v 2.682650 -4.678501 3.455112
v 2.513525 -4.678501 3.601965
v 2.304475 -4.678501 3.601965
v 2.135350 -4.678501 3.455112
v 2.070750 -4.678501 3.217500
v 2.135350 -4.678501 2.979888
v 2.304475 -4.678501 2.833035
v 2.513525 -4.678501 2.833035
v 2.682650 -4.678501 2.979888
v 2.994866 -4.793250 3.217500
v 2.882976 -4.793250 3.629056
v 2.590043 -4.793250 3.883412
v 2.227957 -4.793250 3.883412
v 1.935024 -4.793250 3.629056
v 1.823134 -4.793250 3.217500
v 1.935024 -4.793250 2.805944
v 2.227957 -4.793250 2.551588
v 2.590043 -4.793250 2.551588
v 2.882976 -4.793250 2.805944
v 3.085500 -4.950000 3.217500
v 2.956300 -4.950000 3.692724
v 2.618050 -4.950000 3.986429
v 2.199950 -4.950000 3.986429
v 1.861700 -4.950000 3.692724
v 1.732500 -4.950000 3.217500
v 1.861700 -4.950000 2.742276
v 2.199950 -4.950000 2.448571
v 2.618050 -4.950000 2.448571
v 2.956300 -4.950000 2.742276
v 2.994866 -5.106750 3.217500
v 2.882976 -5.106750 3.629056
v 2.590043 -5.106750 3.883412
v 2.227957 -5.106750 3.883412
v 1.935024 -5.106750 3.629056
v 1.823134 -5.106750 3.217500
v 1.935024 -5.106750 2.805944
v 2.227957 -5.106750 2.551588
v 2.590043 -5.106750 2.551588
v 2.882976 -5.106750 2.805944
v 2.747250 -5.221499 3.217500
v 2.682650 -5.221499 3.455112
v 2.513525 -5.221499 3.601965
v 2.304475 -5.221499 3.601965
v 2.135350 -5.221499 3.455112
v 2.070750 -5.221499 3.217500
v 2.135350 -5.221499 2.979888
v 2.304475 -5.221499 2.833035
v 2.513525 -5.221499 2.833035
v 2.682650 -5.221499 2.979888
f 1717 1720 1719
f 1718 1759 1760
f 1719 1720 1730
f 1719 1730 1729
f 1729 1730 1740
f 1729 1740 1739
f 1739 1740 1750
f 1739 1750 1749
f 1749 1750 1760
f 1749 1760 1759
f 1717 1721 1720
f 1718 1760 1761
f 1720 1721 1731
f 1720 1731 1730
f 1730 1731 1741
f 1730 1741 1740
f 1740 1741 1751
f 1740 1751 1750
f 1750 1751 1761
f 1750 1761 1760
f 1717 1722 1721
f 1718 1761 1762
f 1721 1722 1732
f 1721 1732 1731
f 1731 1732 1742
f 1731 1742 1741
f 1741 1742 1752
f 1741 1752 1751
f 1751 1752 1762
f 1751 1762 1761
f 1717 1723 1722
f 1718 1762 1763
f 1722 1723 1733
f 1722 1733 1732
f 1732 1733 1743
f 1732 1743 1742
f 1742 1743 1753
f 1742 1753 1752
f 1752 1753 1763
f 1752 1763 1762
f 1717 1724 1723
f 1718 1763 1764
f 1723 1724 1734
f 1723 1734 1733
f 1733 1734 1744
f 1733 1744 1743
f 1743 1744 1754
f 1743 1754 1753
f 1753 1754 1764
f 1753 1764 1763
f 1717 1725 1724
f 1718 1764 1765
f 1724 1725 1735
f 1724 1735 1734
f 1734 1735 1745
f 1734 1745 1744
f 1744 1745 1755
f 1744 1755 1754
f 1754 1755 1765
f 1754 1765 1764
f 1717 1726 1725
f 1718 1765 1766
f 1725 1726 1736
f 1725 1736 1735
f 1735 1736 1746
f 1735 1746 1745
f 1745 1746 1756
f 1745 1756 1755
f 1755 1756 1766
f 1755 1766 1765
f 1717 1727 1726
f 1718 1766 1767
f 1726 1727 1737
f 1726 1737 1736
f 1736 1737 1747
f 1736 1747 1746
f 1746 1747 1757
f 1746 1757 1756
f 1756 1757 1767
f 1756 1767 1766
f 1717 1728 1727
f 1718 1767 1768
f 1727 1728 1738
f 1727 1738 1737
f 1737 1738 1748
f 1737 1748 1747
f 1747 1748 1758
f 1747 1758 1757
f 1757 1758 1768
f 1757 1768 1767
f 1717 1719 1728
f 1718 1768 1759
f 1728 1719 1729
f 1728 1729 1738
f 1738 1729 1739
f 1738 1739 1748
f 1748 1739 1749
f 1748 1749 1758
f 1758 1749 1759
f 1758 1759 1768
o RightBackClaw
usemtl color_34
s off
v 2.079000 -4.760250 2.475000
v 2.079000 -5.007750 2.475000
v 2.136750 -4.776829 2.475000
v 2.125721 -4.776829 2.518643
v 2.096846 -4.776829 2.545616
v 2.061154 -4.776829 2.545616
v 2.032279 -4.776829 2.518643
v 2.021250 -4.776829 2.475000
v 2.032279 -4.776829 2.431357
v 2.061154 -4.776829 2.404384
v 2.096846 -4.776829 2.404384
v 2.125721 -4.776829 2.431357
v 2.179026 -4.822125 2.475000
v 2.159923 -4.822125 2.550592
v 2.109910 -4.822125 2.597310
v 2.048090 -4.822125 2.597310
v 1.998077 -4.822125 2.550592
v 1.978974 -4.822125 2.475000
v 1.998077 -4.822125 2.399408
v 2.048090 -4.822125 2.352690
v 2.109910 -4.822125 2.352690
v 2.159923 -4.822125 2.399408
v 2.194500 -4.884000 2.475000
v 2.172441 -4.884000 2.562286
v 2.114691 -4.884000 2.616232
v 2.043309 -4.884000 2.616232
v 1.985559 -4.884000 2.562286
v 1.963500 -4.884000 2.475000
v 1.985559 -4.884000 2.387714
v 2.043309 -4.884000 2.333768
v 2.114691 -4.884000 2.333768
v 2.172441 -4.884000 2.387714
v 2.179026 -4.945875 2.475000
v 2.159923 -4.945875 2.550592
v 2.109910 -4.945875 2.597310
v 2.048090 -4.945875 2.597310
v 1.998077 -4.945875 2.550592
v 1.978974 -4.945875 2.475000
v 1.998077 -4.945875 2.399408
v 2.048090 -4.945875 2.352690
v 2.109910 -4.945875 2.352690
v 2.159923 -4.945875 2.399408
v 2.136750 -4.991171 2.475000
v 2.125721 -4.991171 2.518643
v 2.096846 -4.991171 2.545616
v 2.061154 -4.991171 2.545616
v 2.032279 -4.991171 2.518643
v 2.021250 -4.991171 2.475000
v 2.032279 -4.991171 2.431357
v 2.061154 -4.991171 2.404384
v 2.096846 -4.991171 2.404384
v 2.125721 -4.991171 2.431357
f 1769 1772 1771
f 1770 1811 1812
f 1771 1772 1782
f 1771 1782 1781
f 1781 1782 1792
f 1781 1792 1791
f 1791 1792 1802
f 1791 1802 1801
f 1801 1802 1812
f 1801 1812 1811
f 1769 1773 1772
f 1770 1812 1813
f 1772 1773 1783
f 1772 1783 1782
f 1782 1783 1793
f 1782 1793 1792
f 1792 1793 1803
f 1792 1803 1802
f 1802 1803 1813
f 1802 1813 1812
f 1769 1774 1773
f 1770 1813 1814
f 1773 1774 1784
f 1773 1784 1783
f 1783 1784 1794
f 1783 1794 1793
f 1793 1794 1804
f 1793 1804 1803
f 1803 1804 1814
f 1803 1814 1813
f 1769 1775 1774
f 1770 1814 1815
f 1774 1775 1785
f 1774 1785 1784
f 1784 1785 1795
f 1784 1795 1794
f 1794 1795 1805
f 1794 1805 1804
f 1804 1805 1815
f 1804 1815 1814
f 1769 1776 1775
f 1770 1815 1816
f 1775 1776 1786
f 1775 1786 1785
f 1785 1786 1796
f 1785 1796 1795
f 1795 1796 1806
f 1795 1806 1805
f 1805 1806 1816
f 1805 1816 1815
f 1769 1777 1776
f 1770 1816 1817
f 1776 1777 1787
f 1776 1787 1786
f 1786 1787 1797
f 1786 1797 1796
f 1796 1797 1807
f 1796 1807 1806
f 1806 1807 1817
f 1806 1817 1816
f 1769 1778 1777
f 1770 1817 1818
f 1777 1778 1788
f 1777 1788 1787
f 1787 1788 1798
f 1787 1798 1797
f 1797 1798 1808
f 1797 1808 1807
f 1807 1808 1818
f 1807 1818 1817
f 1769 1779 1778
f 1770 1818 1819
f 1778 1779 1789
f 1778 1789 1788
f 1788 1789 1799
f 1788 1799 1798
f 1798 1799 1809
f 1798 1809 1808
f 1808 1809 1819
f 1808 1819 1818
f 1769 1780 1779
f 1770 1819 1820
f 1779 1780 1790
f 1779 1790 1789
f 1789 1790 1800
f 1789 1800 1799
f 1799 1800 1810
f 1799 1810 1809
f 1809 1810 1820
f 1809 1820 1819
f 1769 1771 1780
f 1770 1820 1811
f 1780 1771 1781
f 1780 1781 1790
f 1790 1781 1791
f 1790 1791 1800
f 1800 1791 1801
f 1800 1801 1810
f 1810 1801 1811
f 1810 1811 1820
o RightBackClaw_1
usemtl color_35
s off
v 2.409000 -4.760250 2.475000
v 2.409000 -5.007750 2.475000
v 2.466750 -4.776829 2.475000
v 2.455721 -4.776829 2.518643
v 2.426846 -4.776829 2.545616
v 2.391154 -4.776829 2.545616
v 2.362279 -4.776829 2.518643
v 2.351250 -4.776829 2.475000
v 2.362279 -4.776829 2.431357
v 2.391154 -4.776829 2.404384
v 2.426846 -4.776829 2.404384
v 2.455721 -4.776829 2.431357
v 2.509026 -4.822125 2.475000
v 2.489923 -4.822125 2.550592
v 2.439910 -4.822125 2.597310
v 2.378090 -4.822125 2.597310
v 2.328077 -4.822125 2.550592
v 2.308974 -4.822125 2.475000
v 2.328077 -4.822125 2.399408
v 2.378090 -4.822125 2.352690
v 2.439910 -4.822125 2.352690
v 2.489923 -4.822125 2.399408
v 2.524500 -4.884000 2.475000
v 2.502441 -4.884000 2.562286
v 2.444691 -4.884000 2.616232
v 2.373309 -4.884000 2.616232
v 2.315559 -4.884000 2.562286
v 2.293500 -4.884000 2.475000
v 2.315559 -4.884000 2.387714
v 2.373309 -4.884000 2.333768
v 2.444691 -4.884000 2.333768
v 2.502441 -4.884000 2.387714
v 2.509026 -4.945875 2.475000
v 2.489923 -4.945875 2.550592
v 2.439910 -4.945875 2.597310
v 2.378090 -4.945875 2.597310
v 2.328077 -4.945875 2.550592
v 2.308974 -4.945875 2.475000
v 2.328077 -4.945875 2.399408
v 2.378090 -4.945875 2.352690
v 2.439910 -4.945875 2.352690
v 2.489923 -4.945875 2.399408
v 2.466750 -4.991171 2.475000
v 2.455721 -4.991171 2.518643
v 2.426846 -4.991171 2.545616
v 2.391154 -4.991171 2.545616
v 2.362279 -4.991171 2.518643
v 2.351250 -4.991171 2.475000
v 2.362279 -4.991171 2.431357
v 2.391154 -4.991171 2.404384
v 2.426846 -4.991171 2.404384
v 2.455721 -4.991171 2.431357
f 1821 1824 1823
f 1822 1863 1864
f 1823 1824 1834
f 1823 1834 1833
f 1833 1834 1844
f 1833 1844 1843
f 1843 1844 1854
f 1843 1854 1853
f 1853 1854 1864
f 1853 1864 1863
f 1821 1825 1824
f 1822 1864 1865
f 1824 1825 1835
f 1824 1835 1834
f 1834 1835 1845
f 1834 1845 1844
f 1844 1845 1855
f 1844 1855 1854
f 1854 1855 1865
f 1854 1865 1864
f 1821 1826 1825
f 1822 1865 1866
f 1825 1826 1836
f 1825 1836 1835
f 1835 1836 1846
f 1835 1846 1845
f 1845 1846 1856
f 1845 1856 1855
f 1855 1856 1866
f 1855 1866 1865
f 1821 1827 1826
f 1822 1866 1867
f 1826 1827 1837
f 1826 1837 1836
f 1836 1837 1847
f 1836 1847 1846
f 1846 1847 1857
f 1846 1857 1856
f 1856 1857 1867
f 1856 1867 1866
f 1821 1828 1827
f 1822 1867 1868
f 1827 1828 1838
f 1827 1838 1837
f 1837 1838 1848
f 1837 1848 1847
f 1847 1848 1858
f 1847 1858 1857
f 1857 1858 1868
f 1857 1868 1867
f 1821 1829 1828
f 1822 1868 1869
f 1828 1829 1839
f 1828 1839 1838
f 1838 1839 1849
f 1838 1849 1848
f 1848 1849 1859
f 1848 1859 1858
f 1858 1859 1869
f 1858 1869 1868
f 1821 1830 1829
f 1822 1869 1870
f 1829 1830 1840
f 1829 1840 1839
f 1839 1840 1850
f 1839 1850 1849
f 1849 1850 1860
f 1849 1860 1859
f 1859 1860 1870
f 1859 1870 1869
f 1821 1831 1830
f 1822 1870 1871
f 1830 1831 1841
f 1830 1841 1840
f 1840 1841 1851
f 1840 1851 1850
f 1850 1851 1861
f 1850 1861 1860
f 1860 1861 1871
f 1860 1871 1870
f 1821 1832 1831
f 1822 1871 1872
f 1831 1832 1842
f 1831 1842 1841
f 1841 1842 1852
f 1841 1852 1851
f 1851 1852 1862
f 1851 1862 1861
f 1861 1862 1872
f 1861 1872 1871
f 1821 1823 1832
f 1822 1872 1863
f 1832 1823 1833
f 1832 1833 1842
f 1842 1833 1843
f 1842 1843 1852
f 1852 1843 1853
f 1852 1853 1862
f 1862 1853 1863
f 1862 1863 1872
o RightBackClaw_2
usemtl color_36
s off
v 2.739000 -4.760250 2.475000
v 2.739000 -5.007750 2.475000
v 2.796750 -4.776829 2.475000
v 2.785721 -4.776829 2.518643
v 2.756846 -4.776829 2.545616
v 2.721154 -4.776829 2.545616
v 2.692279 -4.776829 2.518643
v 2.681250 -4.776829 2.475000
v 2.692279 -4.776829 2.431357
v 2.721154 -4.776829 2.404384
v 2.756846 -4.776829 2.404384
v 2.785721 -4.776829 2.431357
v 2.839026 -4.822125 2.475000
v 2.819923 -4.822125 2.550592
v 2.769910 -4.822125 2.597310
v 2.708090 -4.822125 2.597310
v 2.658077 -4.822125 2.550592
v 2.638974 -4.822125 2.475000
v 2.658077 -4.822125 2.399408
v 2.708090 -4.822125 2.352690
v 2.769910 -4.822125 2.352690
v 2.819923 -4.822125 2.399408
v 2.854500 -4.884000 2.475000
v 2.832441 -4.884000 2.562286
v 2.774691 -4.884000 2.616232
v 2.703309 -4.884000 2.616232
v 2.645559 -4.884000 2.562286
v 2.623500 -4.884000 2.475000
v 2.645559 -4.884000 2.387714
v 2.703309 -4.884000 2.333768
v 2.774691 -4.884000 2.333768
v 2.832441 -4.884000 2.387714
v 2.839026 -4.945875 2.475000
v 2.819923 -4.945875 2.550592
v 2.769910 -4.945875 2.597310
v 2.708090 -4.945875 2.597310
v 2.658077 -4.945875 2.550592
v 2.638974 -4.945875 2.475000
v 2.658077 -4.945875 2.399408
v 2.708090 -4.945875 2.352690
v 2.769910 -4.945875 2.352690
v 2.819923 -4.945875 2.399408
v 2.796750 -4.991171 2.475000
v 2.785721 -4.991171 2.518643
v 2.756846 -4.991171 2.545616
v 2.721154 -4.991171 2.545616
v 2.692279 -4.991171 2.518643
v 2.681250 -4.991171 2.475000
v 2.692279 -4.991171 2.431357
v 2.721154 -4.991171 2.404384
v 2.756846 -4.991171 2.404384
v 2.785721 -4.991171 2.431357
f 1873 1876 1875
f 1874 1915 1916
f 1875 1876 1886
f 1875 1886 1885
f 1885 1886 1896
f 1885 1896 1895
f 1895 1896 1906
f 1895 1906 1905
f 1905 1906 1916
f 1905 1916 1915
f 1873 1877 1876
f 1874 1916 1917
f 1876 1877 1887
f 1876 1887 1886
f 1886 1887 1897
f 1886 1897 1896
f 1896 1897 1907
f 1896 1907 1906
f 1906 1907 1917
f 1906 1917 1916
f 1873 1878 1877
f 1874 1917 1918
f 1877 1878 1888
f 1877 1888 1887
f 1887 1888 1898
f 1887 1898 1897
f 1897 1898 1908
f 1897 1908 1907
f 1907 1908 1918
f 1907 1918 1917
f 1873 1879 1878
f 1874 1918 1919
f 1878 1879 1889
f 1878 1889 1888
f 1888 1889 1899
f 1888 1899 1898
f 1898 1899 1909
f 1898 1909 1908
f 1908 1909 1919
f 1908 1919 1918
f 1873 1880 1879
f 1874 1919 1920
f 1879 1880 1890
f 1879 1890 1889
f 1889 1890 1900
f 1889 1900 1899
f 1899 1900 1910
f 1899 1910 1909
f 1909 1910 1920
f 1909 1920 1919
f 1873 1881 1880
f 1874 1920 1921
f 1880 1881 1891
f 1880 1891 1890
f 1890 1891 1901
f 1890 1901 1900
f 1900 1901 1911
f 1900 1911 1910
f 1910 1911 1921
f 1910 1921 1920
f 1873 1882 1881
f 1874 1921 1922
f 1881 1882 1892
f 1881 1892 1891
f 1891 1892 1902
f 1891 1902 1901
f 1901 1902 1912
f 1901 1912 1911
f 1911 1912 1922
f 1911 1922 1921
f 1873 1883 1882
f 1874 1922 1923
f 1882 1883 1893
f 1882 1893 1892
f 1892 1893 1903
f 1892 1903 1902
f 1902 1903 1913
f 1902 1913 1912
f 1912 1913 1923
f 1912 1923 1922
f 1873 1884 1883
f 1874 1923 1924
f 1883 1884 1894
f 1883 1894 1893
f 1893 1894 1904
f 1893 1904 1903
f 1903 1904 1914
f 1903 1914 1913
f 1913 1914 1924
f 1913 1924 1923
f 1873 1875 1884
f 1874 1924 1915
f 1884 1875 1885
f 1884 1885 1894
f 1894 1885 1895
f 1894 1895 1904
f 1904 1895 1905
f 1904 1905 1914
f 1914 1905 1915
f 1914 1915 1924
o Trunk
usemtl color_37
s off
v 0.000000 0.101361 -5.681025
v 0.000000 -0.596361 -5.934975
v 0.342375 0.054622 -5.698036
v 0.276987 -0.007573 -5.527157
v 0.105800 -0.046011 -5.421548
v -0.105800 -0.046011 -5.421548
v -0.276987 -0.007573 -5.527157
v -0.342375 0.054622 -5.698036
v -0.276987 0.116817 -5.868916
v -0.105800 0.155256 -5.974525
v 0.105800 0.155256 -5.974525
v 0.276987 0.116817 -5.868916
v 0.593011 -0.073070 -5.744513
v 0.479756 -0.180794 -5.448541
v 0.183250 -0.247372 -5.265620
v -0.183250 -0.247372 -5.265620
v -0.479756 -0.180794 -5.448541
v -0.593011 -0.073070 -5.744513
v -0.479756 0.034655 -6.040484
v -0.183250 0.101233 -6.223405
v 0.183250 0.101233 -6.223405
v 0.479756 0.034655 -6.040484
v 0.684750 -0.247500 -5.808000
v 0.553974 -0.371890 -5.466241
v 0.211599 -0.448767 -5.255023
v -0.211599 -0.448767 -5.255023
v -0.553974 -0.371890 -5.466241
v -0.684750 -0.247500 -5.808000
v -0.553974 -0.123110 -6.149759
v -0.211599 -0.046233 -6.360977
v 0.211599 -0.046233 -6.360977
v 0.553974 -0.123110 -6.149759
v 0.593011 -0.421930 -5.871487
v 0.479756 -0.529655 -5.575516
v 0.183250 -0.596233 -5.392595
v -0.183250 -0.596233 -5.392595
v -0.479756 -0.529655 -5.575516
v -0.593011 -0.421930 -5.871487
v -0.479756 -0.314206 -6.167459
v -0.183250 -0.247628 -6.350380
v 0.183250 -0.247628 -6.350380
v 0.479756 -0.314206 -6.167459
v 0.342375 -0.549622 -5.917964
v 0.276987 -0.611817 -5.747084
v 0.105800 -0.650256 -5.641475
v -0.105800 -0.650256 -5.641475
v -0.276987 -0.611817 -5.747084
v -0.342375 -0.549622 -5.917964
v -0.276987 -0.487427 -6.088843
v -0.105800 -0.448989 -6.194452
v 0.105800 -0.448989 -6.194452
v 0.276987 -0.487427 -6.088843
f 1925 1928 1927
f 1926 1967 1968
f 1927 1928 1938
f 1927 1938 1937
f 1937 1938 1948
f 1937 1948 1947
f 1947 1948 1958
f 1947 1958 1957
f 1957 1958 1968
f 1957 1968 1967
f 1925 1929 1928
f 1926 1968 1969
f 1928 1929 1939
f 1928 1939 1938
f 1938 1939 1949
f 1938 1949 1948
f 1948 1949 1959
f 1948 1959 1958
f 1958 1959 1969
f 1958 1969 1968
f 1925 1930 1929
f 1926 1969 1970
f 1929 1930 1940
f 1929 1940 1939
f 1939 1940 1950
f 1939 1950 1949
f 1949 1950 1960
f 1949 1960 1959
f 1959 1960 1970
f 1959 1970 1969
f 1925 1931 1930
f 1926 1970 1971
f 1930 1931 1941
f 1930 1941 1940
f 1940 1941 1951
f 1940 1951 1950
f 1950 1951 1961
f 1950 1961 1960
f 1960 1961 1971
f 1960 1971 1970
f 1925 1932 1931
f 1926 1971 1972
f 1931 1932 1942
f 1931 1942 1941
f 1941 1942 1952
f 1941 1952 1951
f 1951 1952 1962
f 1951 1962 1961
f 1961 1962 1972
f 1961 1972 1971
f 1925 1933 1932
f 1926 1972 1973
f 1932 1933 1943
f 1932 1943 1942
f 1942 1943 1953
f 1942 1953 1952
f 1952 1953 1963
f 1952 1963 1962
f 1962 1963 1973
f 1962 1973 1972
f 1925 1934 1933
f 1926 1973 1974
f 1933 1934 1944
f 1933 1944 1943
f 1943 1944 1954
f 1943 1954 1953
f 1953 1954 1964
f 1953 1964 1963
f 1963 1964 1974
f 1963 1974 1973
f 1925 1935 1934
f 1926 1974 1975
f 1934 1935 1945
f 1934 1945 1944
f 1944 1945 1955
f 1944 1955 1954
f 1954 1955 1965
f 1954 1965 1964
f 1964 1965 1975
f 1964 1975 1974
f 1925 1936 1935
f 1926 1975 1976
f 1935 1936 1946
f 1935 1946 1945
f 1945 1946 1956
f 1945 1956 1955
f 1955 1956 1966
f 1955 1966 1965
f 1965 1966 1976
f 1965 1976 1975
f 1925 1927 1936
f 1926 1976 1967
f 1936 1927 1937
f 1936 1937 1946
f 1946 1937 1947
f 1946 1947 1956
f 1956 1947 1957
f 1956 1957 1966
f 1966 1957 1967
f 1966 1967 1976
o Trunk_1
usemtl color_38
s off
v 0.000000 -0.060432 -5.858774
v 0.000000 -0.775735 -6.057892
v 0.325417 -0.108348 -5.872113
v 0.263268 -0.155236 -5.703675
v 0.100559 -0.184214 -5.599575
v -0.100559 -0.184214 -5.599575
v -0.263268 -0.155236 -5.703675
v -0.325417 -0.108348 -5.872113
v -0.263268 -0.061460 -6.040550
v -0.100559 -0.032482 -6.144650
v 0.100559 -0.032482 -6.144650
v 0.263268 -0.061460 -6.040550
v 0.563638 -0.239258 -5.908554
v 0.455993 -0.320470 -5.616812
v 0.174174 -0.370661 -5.436505
v -0.174174 -0.370661 -5.436505
v -0.455993 -0.320470 -5.616812
v -0.563638 -0.239258 -5.908554
v -0.455993 -0.158046 -6.200296
v -0.174174 -0.107854 -6.380602
v 0.174174 -0.107854 -6.380602
v 0.455993 -0.158046 -6.200296
v 0.650833 -0.418083 -5.958333
v 0.526535 -0.511859 -5.621459
v 0.201119 -0.569815 -5.413259
v -0.201119 -0.569815 -5.413259
v -0.526535 -0.511859 -5.621459
v -0.650833 -0.418083 -5.958333
v -0.526535 -0.324308 -6.295208
v -0.201119 -0.266351 -6.503408
v 0.201119 -0.266351 -6.503408
v 0.526535 -0.324308 -6.295208
v 0.563638 -0.596909 -6.008113
v 0.455993 -0.678121 -5.716371
v 0.174174 -0.728313 -5.536064
v -0.174174 -0.728313 -5.536064
v -0.455993 -0.678121 -5.716371
v -0.563638 -0.596909 -6.008113
v -0.455993 -0.515697 -6.299855
v -0.174174 -0.465505 -6.480161
v 0.174174 -0.465505 -6.480161
v 0.455993 -0.515697 -6.299855
v 0.325417 -0.727819 -6.044554
v 0.263268 -0.774706 -5.876117
v 0.100559 -0.803685 -5.772017
v -0.100559 -0.803685 -5.772017
v -0.263268 -0.774706 -5.876117
v -0.325417 -0.727819 -6.044554
v -0.263268 -0.680931 -6.212991
v -0.100559 -0.651953 -6.317091
v 0.100559 -0.651953 -6.317091
v 0.263268 -0.680931 -6.212991
f 1977 1980 1979
f 1978 2019 2020
f 1979 1980 1990
f 1979 1990 1989
f 1989 1990 2000
f 1989 2000 1999
f 1999 2000 2010
f 1999 2010 2009
f 2009 2010 2020
f 2009 2020 2019
f 1977 1981 1980
f 1978 2020 2021
f 1980 1981 1991
f 1980 1991 1990
f 1990 1991 2001
f 1990 2001 2000
f 2000 2001 2011
f 2000 2011 2010
f 2010 2011 2021
f 2010 2021 2020
f 1977 1982 1981
f 1978 2021 2022
f 1981 1982 1992
f 1981 1992 1991
f 1991 1992 2002
f 1991 2002 2001
f 2001 2002 2012
f 2001 2012 2011
f 2011 2012 2022
f 2011 2022 2021
f 1977 1983 1982
f 1978 2022 2023
f 1982 1983 1993
f 1982 1993 1992
f 1992 1993 2003
f 1992 2003 2002
f 2002 2003 2013
f 2002 2013 2012
f 2012 2013 2023
f 2012 2023 2022
f 1977 1984 1983
f 1978 2023 2024
f 1983 1984 1994
f 1983 1994 1993
f 1993 1994 2004
f 1993 2004 2003
f 2003 2004 2014
f 2003 2014 2013
f 2013 2014 2024
f 2013 2024 2023
f 1977 1985 1984
f 1978 2024 2025
f 1984 1985 1995
f 1984 1995 1994
f 1994 1995 2005
f 1994 2005 2004
f 2004 2005 2015
f 2004 2015 2014
f 2014 2015 2025
f 2014 2025 2024
f 1977 1986 1985
f 1978 2025 2026
f 1985 1986 1996
f 1985 1996 1995
f 1995 1996 2006
f 1995 2006 2005
f 2005 2006 2016
f 2005 2016 2015
f 2015 2016 2026
f 2015 2026 2025
f 1977 1987 1986
f 1978 2026 2027
f 1986 1987 1997
f 1986 1997 1996
f 1996 1997 2007
f 1996 2007 2006
f 2006 2007 2017
f 2006 2017 2016
f 2016 2017 2027
f 2016 2027 2026
f 1977 1988 1987
f 1978 2027 2028
f 1987 1988 1998
f 1987 1998 1997
f 1997 1998 2008
f 1997 2008 2007
f 2007 2008 2018
f 2007 2018 2017
f 2017 2018 2028
f 2017 2028 2027
f 1977 1979 1988
f 1978 2028 2019
f 1988 1979 1989
f 1988 1989 1998
f 1998 1989 1999
f 1998 1999 2008
f 2008 1999 2009
f 2008 2009 2018
f 2018 2009 2019
f 2018 2019 2028
o Trunk_2
usemtl color_39
s off
v 0.000000 -0.241392 -6.037122
v 0.000000 -0.969974 -6.180211
v 0.308458 -0.290198 -6.046707
v 0.249548 -0.322542 -5.882016
v 0.095319 -0.342532 -5.780232
v -0.095319 -0.342532 -5.780232
v -0.249548 -0.322542 -5.882016
v -0.308458 -0.290198 -6.046707
v -0.249548 -0.257854 -6.211399
v -0.095319 -0.237864 -6.313183
v 0.095319 -0.237864 -6.313183
v 0.249548 -0.257854 -6.211399
v 0.534266 -0.423538 -6.072894
v 0.432230 -0.479560 -5.787641
v 0.165097 -0.514183 -5.611345
v -0.165097 -0.514183 -5.611345
v -0.432230 -0.479560 -5.787641
v -0.534266 -0.423538 -6.072894
v -0.432230 -0.367516 -6.358148
v -0.165097 -0.332893 -6.534444
v 0.165097 -0.332893 -6.534444
v 0.432230 -0.367516 -6.358148
v 0.616917 -0.605683 -6.108667
v 0.499096 -0.670372 -5.779284
v 0.190638 -0.710352 -5.575715
v -0.190638 -0.710352 -5.575715
v -0.499096 -0.670372 -5.779284
v -0.616917 -0.605683 -6.108667
v -0.499096 -0.540995 -6.438049
v -0.190638 -0.501015 -6.641618
v 0.190638 -0.501015 -6.641618
v 0.499096 -0.540995 -6.438049
v 0.534266 -0.787829 -6.144439
v 0.432230 -0.843851 -5.859185
v 0.165097 -0.878474 -5.682889
v -0.165097 -0.878474 -5.682889
v -0.432230 -0.843851 -5.859185
v -0.534266 -0.787829 -6.144439
v -0.432230 -0.731807 -6.429692
v -0.165097 -0.697184 -6.605989
v 0.165097 -0.697184 -6.605989
v 0.432230 -0.731807 -6.429692
v 0.308458 -0.921169 -6.170626
v 0.249548 -0.953513 -6.005935
v 0.095319 -0.973503 -5.904150
v -0.095319 -0.973503 -5.904150
v -0.249548 -0.953513 -6.005935
v -0.308458 -0.921169 -6.170626
v -0.249548 -0.888824 -6.335317
v -0.095319 -0.868835 -6.437102
v 0.095319 -0.868835 -6.437102
v 0.249548 -0.888824 -6.335317
f 2029 2032 2031
f 2030 2071 2072
f 2031 2032 2042
f 2031 2042 2041
f 2041 2042 2052
f 2041 2052 2051
f 2051 2052 2062
f 2051 2062 2061
f 2061 2062 2072
f 2061 2072 2071
f 2029 2033 2032
f 2030 2072 2073
f 2032 2033 2043
f 2032 2043 2042
f 2042 2043 2053
f 2042 2053 2052
f 2052 2053 2063
f 2052 2063 2062
f 2062 2063 2073
f 2062 2073 2072
f 2029 2034 2033
f 2030 2073 2074
f 2033 2034 2044
f 2033 2044 2043
f 2043 2044 2054
f 2043 2054 2053
f 2053 2054 2064
f 2053 2064 2063
f 2063 2064 2074
f 2063 2074 2073
f 2029 2035 2034
f 2030 2074 2075
f 2034 2035 2045
f 2034 2045 2044
f 2044 2045 2055
f 2044 2055 2054
f 2054 2055 2065
f 2054 2065 2064
f 2064 2065 2075
f 2064 2075 2074
f 2029 2036 2035
f 2030 2075 2076
f 2035 2036 2046
f 2035 2046 2045
f 2045 2046 2056
f 2045 2056 2055
f 2055 2056 2066
f 2055 2066 2065
f 2065 2066 2076
f 2065 2076 2075
f 2029 2037 2036
f 2030 2076 2077
f 2036 2037 2047
f 2036 2047 2046
f 2046 2047 2057
f 2046 2057 2056
f 2056 2057 2067
f 2056 2067 2066
f 2066 2067 2077
f 2066 2077 2076
f 2029 2038 2037
f 2030 2077 2078
f 2037 2038 2048
f 2037 2048 2047
f 2047 2048 2058
f 2047 2058 2057
f 2057 2058 2068
f 2057 2068 2067
f 2067 2068 2078
f 2067 2078 2077
f 2029 2039 2038
f 2030 2078 2079
f 2038 2039 2049
f 2038 2049 2048
f 2048 2049 2059
f 2048 2059 2058
f 2058 2059 2069
f 2058 2069 2068
f 2068 2069 2079
f 2068 2079 2078
f 2029 2040 2039
f 2030 2079 2080
f 2039 2040 2050
f 2039 2050 2049
f 2049 2050 2060
f 2049 2060 2059
f 2059 2060 2070
f 2059 2070 2069
f 2069 2070 2080
f 2069 2080 2079
f 2029 2031 2040
f 2030 2080 2071
f 2040 2031 2041
f 2040 2041 2050
f 2050 2041 2051
f 2050 2051 2060
f 2060 2051 2061
f 2060 2061 2070
f 2070 2061 2071
f 2070 2071 2080
o Trunk_3
usemtl color_40
s off
v 0.000000 -0.456525 -6.215901
v 0.000000 -1.194004 -6.302099
v 0.291500 -0.505927 -6.221675
v 0.235828 -0.524598 -6.061929
v 0.090078 -0.536138 -5.963202
v -0.090078 -0.536138 -5.963202
v -0.235828 -0.524598 -6.061929
v -0.291500 -0.505927 -6.221675
v -0.235828 -0.487255 -6.381420
v -0.090078 -0.475715 -6.480148
v 0.090078 -0.475715 -6.480148
v 0.235828 -0.487255 -6.381420
v 0.504893 -0.640895 -6.237450
v 0.408467 -0.673235 -5.960763
v 0.156020 -0.693222 -5.789761
v -0.156020 -0.693222 -5.789761
v -0.408467 -0.673235 -5.960763
v -0.504893 -0.640895 -6.237450
v -0.408467 -0.608555 -6.514137
v -0.156020 -0.588567 -6.685139
v 0.156020 -0.588567 -6.685139
v 0.408467 -0.608555 -6.514137
v 0.583000 -0.825265 -6.259000
v 0.471657 -0.862608 -5.939510
v 0.180157 -0.885687 -5.742054
v -0.180157 -0.885687 -5.742054
v -0.471657 -0.862608 -5.939510
v -0.583000 -0.825265 -6.259000
v -0.471657 -0.787921 -6.578490
v -0.180157 -0.764842 -6.775946
v 0.180157 -0.764842 -6.775946
v 0.471657 -0.787921 -6.578490
v 0.504893 -1.009634 -6.280550
v 0.408467 -1.041974 -6.003863
v 0.156020 -1.061962 -5.832861
v -0.156020 -1.061962 -5.832861
v -0.408467 -1.041974 -6.003863
v -0.504893 -1.009634 -6.280550
v -0.408467 -0.977294 -6.557237
v -0.156020 -0.957307 -6.728239
v 0.156020 -0.957307 -6.728239
v 0.408467 -0.977294 -6.557237
v 0.291500 -1.144603 -6.296325
v 0.235828 -1.163274 -6.136580
v 0.090078 -1.174814 -6.037852
v -0.090078 -1.174814 -6.037852
v -0.235828 -1.163274 -6.136580
v -0.291500 -1.144603 -6.296325
v -0.235828 -1.125931 -6.456071
v -0.090078 -1.114391 -6.554798
v 0.090078 -1.114391 -6.554798
v 0.235828 -1.125931 -6.456071
f 2081 2084 2083
f 2082 2123 2124
f 2083 2084 2094
f 2083 2094 2093
f 2093 2094 2104
f 2093 2104 2103
f 2103 2104 2114
f 2103 2114 2113
f 2113 2114 2124
f 2113 2124 2123
f 2081 2085 2084
f 2082 2124 2125
f 2084 2085 2095
f 2084 2095 2094
f 2094 2095 2105
f 2094 2105 2104
f 2104 2105 2115
f 2104 2115 2114
f 2114 2115 2125
f 2114 2125 2124
f 2081 2086 2085
f 2082 2125 2126
f 2085 2086 2096
f 2085 2096 2095
f 2095 2096 2106
f 2095 2106 2105
f 2105 2106 2116
f 2105 2116 2115
f 2115 2116 2126
f 2115 2126 2125
f 2081 2087 2086
f 2082 2126 2127
f 2086 2087 2097
f 2086 2097 2096
f 2096 2097 2107
f 2096 2107 2106
f 2106 2107 2117
f 2106 2117 2116
f 2116 2117 2127
f 2116 2127 2126
f 2081 2088 2087
f 2082 2127 2128
f 2087 2088 2098
f 2087 2098 2097
f 2097 2098 2108
f 2097 2108 2107
f 2107 2108 2118
f 2107 2118 2117
f 2117 2118 2128
f 2117 2128 2127
f 2081 2089 2088
f 2082 2128 2129
f 2088 2089 2099
f 2088 2099 2098
f 2098 2099 2109
f 2098 2109 2108
f 2108 2109 2119
f 2108 2119 2118
f 2118 2119 2129
f 2118 2129 2128
f 2081 2090 2089
f 2082 2129 2130
f 2089 2090 2100
f 2089 2100 2099
f 2099 2100 2110
f 2099 2110 2109
f 2109 2110 2120
f 2109 2120 2119
f 2119 2120 2130
f 2119 2130 2129
f 2081 2091 2090
f 2082 2130 2131
f 2090 2091 2101
f 2090 2101 2100
f 2100 2101 2111
f 2100 2111 2110
f 2110 2111 2121
f 2110 2121 2120
f 2120 2121 2131
f 2120 2131 2130
f 2081 2092 2091
f 2082 2131 2132
f 2091 2092 2102
f 2091 2102 2101
f 2101 2102 2112
f 2101 2112 2111
f 2111 2112 2122
f 2111 2122 2121
f 2121 2122 2132
f 2121 2132 2131
f 2081 2083 2092
f 2082 2132 2123
f 2092 2083 2093
f 2092 2093 2102
f 2102 2093 2103
f 2102 2103 2112
f 2112 2103 2113
f 2112 2113 2122
f 2122 2113 2123
f 2122 2123 2132
o Trunk_4
usemtl color_41
s off
v 0.000000 -0.716963 -6.394938
v 0.000000 -1.458904 -6.423729
v 0.274542 -0.766663 -6.396867
v 0.222109 -0.772628 -6.243154
v 0.084838 -0.776314 -6.148154
v -0.084838 -0.776314 -6.148154
v -0.222109 -0.772628 -6.243154
v -0.274542 -0.766663 -6.396867
v -0.222109 -0.760699 -6.550579
v -0.084838 -0.757012 -6.645579
v 0.084838 -0.757012 -6.645579
v 0.222109 -0.760699 -6.550579
v 0.475520 -0.902448 -6.402136
v 0.384704 -0.912779 -6.135898
v 0.146944 -0.919164 -5.971353
v -0.146944 -0.919164 -5.971353
v -0.384704 -0.912779 -6.135898
v -0.475520 -0.902448 -6.402136
v -0.384704 -0.892117 -6.668374
v -0.146944 -0.885732 -6.832918
v 0.146944 -0.885732 -6.832918
v 0.384704 -0.892117 -6.668374
v 0.549083 -1.087933 -6.409333
v 0.444218 -1.099863 -6.101908
v 0.169676 -1.107236 -5.911909
v -0.169676 -1.107236 -5.911909
v -0.444218 -1.099863 -6.101908
v -0.549083 -1.087933 -6.409333
v -0.444218 -1.076004 -6.716759
v -0.169676 -1.068631 -6.906758
v 0.169676 -1.068631 -6.906758
v 0.444218 -1.076004 -6.716759
v 0.475520 -1.273419 -6.416531
v 0.384704 -1.283750 -6.150293
v 0.146944 -1.290135 -5.985749
v -0.146944 -1.290135 -5.985749
v -0.384704 -1.283750 -6.150293
v -0.475520 -1.273419 -6.416531
v -0.384704 -1.263088 -6.682769
v -0.146944 -1.256703 -6.847313
v 0.146944 -1.256703 -6.847313
v 0.384704 -1.263088 -6.682769
v 0.274542 -1.409204 -6.421800
v 0.222109 -1.415168 -6.268087
v 0.084838 -1.418855 -6.173088
v -0.084838 -1.418855 -6.173088
v -0.222109 -1.415168 -6.268087
v -0.274542 -1.409204 -6.421800
v -0.222109 -1.403239 -6.575513
v -0.084838 -1.399552 -6.670512
v 0.084838 -1.399552 -6.670512
v 0.222109 -1.403239 -6.575513
f 2133 2136 2135
f 2134 2175 2176
f 2135 2136 2146
f 2135 2146 2145
f 2145 2146 2156
f 2145 2156 2155
f 2155 2156 2166
f 2155 2166 2165
f 2165 2166 2176
f 2165 2176 2175
f 2133 2137 2136
f 2134 2176 2177
f 2136 2137 2147
f 2136 2147 2146
f 2146 2147 2157
f 2146 2157 2156
f 2156 2157 2167
f 2156 2167 2166
f 2166 2167 2177
f 2166 2177 2176
f 2133 2138 2137
f 2134 2177 2178
f 2137 2138 2148
f 2137 2148 2147
f 2147 2148 2158
f 2147 2158 2157
f 2157 2158 2168
f 2157 2168 2167
f 2167 2168 2178
f 2167 2178 2177
f 2133 2139 2138
f 2134 2178 2179
f 2138 2139 2149
f 2138 2149 2148
f 2148 2149 2159
f 2148 2159 2158
f 2158 2159 2169
f 2158 2169 2168
f 2168 2169 2179
f 2168 2179 2178
f 2133 2140 2139
f 2134 2179 2180
f 2139 2140 2150
f 2139 2150 2149
f 2149 2150 2160
f 2149 2160 2159
f 2159 2160 2170
f 2159 2170 2169
f 2169 2170 2180
f 2169 2180 2179
f 2133 2141 2140
f 2134 2180 2181
f 2140 2141 2151
f 2140 2151 2150
f 2150 2151 2161
f 2150 2161 2160
f 2160 2161 2171
f 2160 2171 2170
f 2170 2171 2181
f 2170 2181 2180
f 2133 2142 2141
f 2134 2181 2182
f 2141 2142 2152
f 2141 2152 2151
f 2151 2152 2162
f 2151 2162 2161
f 2161 2162 2172
f 2161 2172 2171
f 2171 2172 2182
f 2171 2182 2181
f 2133 2143 2142
f 2134 2182 2183
f 2142 2143 2153
f 2142 2153 2152
f 2152 2153 2163
f 2152 2163 2162
f 2162 2163 2173
f 2162 2173 2172
f 2172 2173 2183
f 2172 2183 2182
f 2133 2144 2143
f 2134 2183 2184
f 2143 2144 2154
f 2143 2154 2153
f 2153 2154 2164
f 2153 2164 2163
f 2163 2164 2174
f 2163 2174 2173
f 2173 2174 2184
f 2173 2184 2183
f 2133 2135 2144
f 2134 2184 2175
f 2144 2135 2145
f 2144 2145 2154
f 2154 2145 2155
f 2154 2155 2164
f 2164 2155 2165
f 2164 2165 2174
f 2174 2165 2175
f 2174 2175 2184
o Trunk_5
usemtl color_42
s off
v 0.000000 -1.028629 -6.574062
v 0.000000 -1.770571 -6.545271
v 0.257583 -1.078330 -6.572133
v 0.208389 -1.072637 -6.425420
v 0.079598 -1.069118 -6.334746
v -0.079598 -1.069118 -6.334746
v -0.208389 -1.072637 -6.425420
v -0.257583 -1.078330 -6.572133
v -0.208389 -1.084023 -6.718847
v -0.079598 -1.087542 -6.809521
v 0.079598 -1.087542 -6.809521
v 0.208389 -1.084023 -6.718847
v 0.446147 -1.214115 -6.566864
v 0.360941 -1.204254 -6.312749
v 0.137867 -1.198160 -6.155697
v -0.137867 -1.198160 -6.155697
v -0.360941 -1.204254 -6.312749
v -0.446147 -1.214115 -6.566864
v -0.360941 -1.223976 -6.820979
v -0.137867 -1.230070 -6.978031
v 0.137867 -1.230070 -6.978031
v 0.360941 -1.223976 -6.820979
v 0.515167 -1.399600 -6.559667
v 0.416779 -1.388214 -6.266240
v 0.159195 -1.381177 -6.084892
v -0.159195 -1.381177 -6.084892
v -0.416779 -1.388214 -6.266240
v -0.515167 -1.399600 -6.559667
v -0.416779 -1.410986 -6.853094
v -0.159195 -1.418024 -7.034441
v 0.159195 -1.418024 -7.034441
v 0.416779 -1.410986 -6.853094
v 0.446147 -1.585086 -6.552469
v 0.360941 -1.575225 -6.298354
v 0.137867 -1.569130 -6.141302
v -0.137867 -1.569130 -6.141302
v -0.360941 -1.575225 -6.298354
v -0.446147 -1.585086 -6.552469
v -0.360941 -1.594946 -6.806584
v -0.137867 -1.601041 -6.963636
v 0.137867 -1.601041 -6.963636
v 0.360941 -1.594946 -6.806584
v 0.257583 -1.720870 -6.547200
v 0.208389 -1.715177 -6.400486
v 0.079598 -1.711659 -6.309813
v -0.079598 -1.711659 -6.309813
v -0.208389 -1.715177 -6.400486
v -0.257583 -1.720870 -6.547200
v -0.208389 -1.726563 -6.693913
v -0.079598 -1.730082 -6.784587
v 0.079598 -1.730082 -6.784587
v 0.208389 -1.726563 -6.693913
f 2185 2188 2187
f 2186 2227 2228
f 2187 2188 2198
f 2187 2198 2197
f 2197 2198 2208
f 2197 2208 2207
f 2207 2208 2218
f 2207 2218 2217
f 2217 2218 2228
f 2217 2228 2227
f 2185 2189 2188
f 2186 2228 2229
f 2188 2189 2199
f 2188 2199 2198
f 2198 2199 2209
f 2198 2209 2208
f 2208 2209 2219
f 2208 2219 2218
f 2218 2219 2229
f 2218 2229 2228
f 2185 2190 2189
f 2186 2229 2230
f 2189 2190 2200
f 2189 2200 2199
f 2199 2200 2210
f 2199 2210 2209
f 2209 2210 2220
f 2209 2220 2219
f 2219 2220 2230
f 2219 2230 2229
f 2185 2191 2190
f 2186 2230 2231
f 2190 2191 2201
f 2190 2201 2200
f 2200 2201 2211
f 2200 2211 2210
f 2210 2211 2221
f 2210 2221 2220
f 2220 2221 2231
f 2220 2231 2230
f 2185 2192 2191
f 2186 2231 2232
f 2191 2192 2202
f 2191 2202 2201
f 2201 2202 2212
f 2201 2212 2211
f 2211 2212 2222
f 2211 2222 2221
f 2221 2222 2232
f 2221 2232 2231
f 2185 2193 2192
f 2186 2232 2233
f 2192 2193 2203
f 2192 2203 2202
f 2202 2203 2213
f 2202 2213 2212
f 2212 2213 2223
f 2212 2223 2222
f 2222 2223 2233
f 2222 2233 2232
f 2185 2194 2193
f 2186 2233 2234
f 2193 2194 2204
f 2193 2204 2203
f 2203 2204 2214
f 2203 2214 2213
f 2213 2214 2224
f 2213 2224 2223
f 2223 2224 2234
f 2223 2234 2233
f 2185 2195 2194
f 2186 2234 2235
f 2194 2195 2205
f 2194 2205 2204
f 2204 2205 2215
f 2204 2215 2214
f 2214 2215 2225
f 2214 2225 2224
f 2224 2225 2235
f 2224 2235 2234
f 2185 2196 2195
f 2186 2235 2236
f 2195 2196 2206
f 2195 2206 2205
f 2205 2206 2216
f 2205 2216 2215
f 2215 2216 2226
f 2215 2226 2225
f 2225 2226 2236
f 2225 2236 2235
f 2185 2187 2196
f 2186 2236 2227
f 2196 2187 2197
f 2196 2197 2206
f 2206 2197 2207
f 2206 2207 2216
f 2216 2207 2217
f 2216 2217 2226
f 2226 2217 2227
f 2226 2227 2236
o Trunk_6
usemtl color_43
s off
v 0.000000 -1.391525 -6.753099
v 0.000000 -2.129004 -6.666901
v 0.240625 -1.440927 -6.747325
v 0.194670 -1.424694 -6.608451
v 0.074357 -1.414663 -6.522622
v -0.074357 -1.414663 -6.522622
v -0.194670 -1.424694 -6.608451
v -0.240625 -1.440927 -6.747325
v -0.194670 -1.457159 -6.886199
v -0.074357 -1.467191 -6.972028
v 0.074357 -1.467191 -6.972028
v 0.194670 -1.457159 -6.886199
v 0.416775 -1.575895 -6.731550
v 0.337178 -1.547780 -6.491013
v 0.128790 -1.530404 -6.342353
v -0.128790 -1.530404 -6.342353
v -0.337178 -1.547780 -6.491013
v -0.416775 -1.575895 -6.731550
v -0.337178 -1.604009 -6.972087
v -0.128790 -1.621385 -7.120747
v 0.128790 -1.621385 -7.120747
v 0.337178 -1.604009 -6.972087
v 0.481250 -1.760265 -6.710000
v 0.389339 -1.727800 -6.432252
v 0.148714 -1.707737 -6.260594
v -0.148714 -1.707737 -6.260594
v -0.389339 -1.727800 -6.432252
v -0.481250 -1.760265 -6.710000
v -0.389339 -1.792729 -6.987748
v -0.148714 -1.812793 -7.159406
v 0.148714 -1.812793 -7.159406
v 0.389339 -1.792729 -6.987748
v 0.416775 -1.944634 -6.688450
v 0.337178 -1.916520 -6.447913
v 0.128790 -1.899144 -6.299253
v -0.128790 -1.899144 -6.299253
v -0.337178 -1.916520 -6.447913
v -0.416775 -1.944634 -6.688450
v -0.337178 -1.972749 -6.928987
v -0.128790 -1.990125 -7.077647
v 0.128790 -1.990125 -7.077647
v 0.337178 -1.972749 -6.928987
v 0.240625 -2.079603 -6.672675
v 0.194670 -2.063370 -6.533801
v 0.074357 -2.053339 -6.447972
v -0.074357 -2.053339 -6.447972
v -0.194670 -2.063370 -6.533801
v -0.240625 -2.079603 -6.672675
v -0.194670 -2.095835 -6.811549
v -0.074357 -2.105867 -6.897378
v 0.074357 -2.105867 -6.897378
v 0.194670 -2.095835 -6.811549
f 2237 2240 2239
f 2238 2279 2280
f 2239 2240 2250
f 2239 2250 2249
f 2249 2250 2260
f 2249 2260 2259
f 2259 2260 2270
f 2259 2270 2269
f 2269 2270 2280
f 2269 2280 2279
f 2237 2241 2240
f 2238 2280 2281
f 2240 2241 2251
f 2240 2251 2250
f 2250 2251 2261
f 2250 2261 2260
f 2260 2261 2271
f 2260 2271 2270
f 2270 2271 2281
f 2270 2281 2280
f 2237 2242 2241
f 2238 2281 2282
f 2241 2242 2252
f 2241 2252 2251
f 2251 2252 2262
f 2251 2262 2261
f 2261 2262 2272
f 2261 2272 2271
f 2271 2272 2282
f 2271 2282 2281
f 2237 2243 2242
f 2238 2282 2283
f 2242 2243 2253
f 2242 2253 2252
f 2252 2253 2263
f 2252 2263 2262
f 2262 2263 2273
f 2262 2273 2272
f 2272 2273 2283
f 2272 2283 2282
f 2237 2244 2243
f 2238 2283 2284
f 2243 2244 2254
f 2243 2254 2253
f 2253 2254 2264
f 2253 2264 2263
f 2263 2264 2274
f 2263 2274 2273
f 2273 2274 2284
f 2273 2284 2283
f 2237 2245 2244
f 2238 2284 2285
f 2244 2245 2255
f 2244 2255 2254
f 2254 2255 2265
f 2254 2265 2264
f 2264 2265 2275
f 2264 2275 2274
f 2274 2275 2285
f 2274 2285 2284
f 2237 2246 2245
f 2238 2285 2286
f 2245 2246 2256
f 2245 2256 2255
f 2255 2256 2266
f 2255 2266 2265
f 2265 2266 2276
f 2265 2276 2275
f 2275 2276 2286
f 2275 2286 2285
f 2237 2247 2246
f 2238 2286 2287
f 2246 2247 2257
f 2246 2257 2256
f 2256 2257 2267
f 2256 2267 2266
f 2266 2267 2277
f 2266 2277 2276
f 2276 2277 2287
f 2276 2287 2286
f 2237 2248 2247
f 2238 2287 2288
f 2247 2248 2258
f 2247 2258 2257
f 2257 2258 2268
f 2257 2268 2267
f 2267 2268 2278
f 2267 2278 2277
f 2277 2278 2288
f 2277 2288 2287
f 2237 2239 2248
f 2238 2288 2279
f 2248 2239 2249
f 2248 2249 2258
f 2258 2249 2259
f 2258 2259 2268
f 2268 2259 2269
f 2268 2269 2278
f 2278 2269 2279
f 2278 2279 2288
o Trunk_7
usemtl color_44
s off
v 0.000000 -1.799726 -6.931878
v 0.000000 -2.528308 -6.788789
v 0.223667 -1.848531 -6.922293
v 0.180950 -1.822936 -6.791967
v 0.069117 -1.807118 -6.711422
v -0.069117 -1.807118 -6.711422
v -0.180950 -1.822936 -6.791967
v -0.223667 -1.848531 -6.922293
v -0.180950 -1.874127 -7.052618
v -0.069117 -1.889945 -7.133164
v 0.069117 -1.889945 -7.133164
v 0.180950 -1.874127 -7.052618
v 0.387402 -1.981871 -6.896106
v 0.313415 -1.937539 -6.670375
v 0.119714 -1.910141 -6.530866
v -0.119714 -1.910141 -6.530866
v -0.313415 -1.937539 -6.670375
v -0.387402 -1.981871 -6.896106
v -0.313415 -2.026203 -7.121836
v -0.119714 -2.053602 -7.261345
v 0.119714 -2.053602 -7.261345
v 0.313415 -2.026203 -7.121836
v 0.447333 -2.164017 -6.860333
v 0.361900 -2.112827 -6.599683
v 0.138234 -2.081189 -6.438591
v -0.138234 -2.081189 -6.438591
v -0.361900 -2.112827 -6.599683
v -0.447333 -2.164017 -6.860333
v -0.361900 -2.215207 -7.120984
v -0.138234 -2.246844 -7.282075
v 0.138234 -2.246844 -7.282075
v 0.361900 -2.215207 -7.120984
v 0.387402 -2.346162 -6.824561
v 0.313415 -2.301830 -6.598831
v 0.119714 -2.274432 -6.459322
v -0.119714 -2.274432 -6.459322
v -0.313415 -2.301830 -6.598831
v -0.387402 -2.346162 -6.824561
v -0.313415 -2.390494 -7.050291
v -0.119714 -2.417893 -7.189800
v 0.119714 -2.417893 -7.189800
v 0.313415 -2.390494 -7.050291
v 0.223667 -2.479502 -6.798374
v 0.180950 -2.453907 -6.668049
v 0.069117 -2.438088 -6.587503
v -0.069117 -2.438088 -6.587503
v -0.180950 -2.453907 -6.668049
v -0.223667 -2.479502 -6.798374
v -0.180950 -2.505097 -6.928699
v -0.069117 -2.520916 -7.009245
v 0.069117 -2.520916 -7.009245
v 0.180950 -2.505097 -6.928699
f 2289 2292 2291
f 2290 2331 2332
f 2291 2292 2302
f 2291 2302 2301
f 2301 2302 2312
f 2301 2312 2311
f 2311 2312 2322
f 2311 2322 2321
f 2321 2322 2332
f 2321 2332 2331
f 2289 2293 2292
f 2290 2332 2333
f 2292 2293 2303
f 2292 2303 2302
f 2302 2303 2313
f 2302 2313 2312
f 2312 2313 2323
f 2312 2323 2322
f 2322 2323 2333
f 2322 2333 2332
f 2289 2294 2293
f 2290 2333 2334
f 2293 2294 2304
f 2293 2304 2303
f 2303 2304 2314
f 2303 2314 2313
f 2313 2314 2324
f 2313 2324 2323
f 2323 2324 2334
f 2323 2334 2333
f 2289 2295 2294
f 2290 2334 2335
f 2294 2295 2305
f 2294 2305 2304
f 2304 2305 2315
f 2304 2315 2314
f 2314 2315 2325
f 2314 2325 2324
f 2324 2325 2335
f 2324 2335 2334
f 2289 2296 2295
f 2290 2335 2336
f 2295 2296 2306
f 2295 2306 2305
f 2305 2306 2316
f 2305 2316 2315
f 2315 2316 2326
f 2315 2326 2325
f 2325 2326 2336
f 2325 2336 2335
f 2289 2297 2296
f 2290 2336 2337
f 2296 2297 2307
f 2296 2307 2306
f 2306 2307 2317
f 2306 2317 2316
f 2316 2317 2327
f 2316 2327 2326
f 2326 2327 2337
f 2326 2337 2336
f 2289 2298 2297
f 2290 2337 2338
f 2297 2298 2308
f 2297 2308 2307
f 2307 2308 2318
f 2307 2318 2317
f 2317 2318 2328
f 2317 2328 2327
f 2327 2328 2338
f 2327 2338 2337
f 2289 2299 2298
f 2290 2338 2339
f 2298 2299 2309
f 2298 2309 2308
f 2308 2309 2319
f 2308 2319 2318
f 2318 2319 2329
f 2318 2329 2328
f 2328 2329 2339
f 2328 2339 2338
f 2289 2300 2299
f 2290 2339 2340
f 2299 2300 2310
f 2299 2310 2309
f 2309 2310 2320
f 2309 2320 2319
f 2319 2320 2330
f 2319 2330 2329
f 2329 2330 2340
f 2329 2340 2339
f 2289 2291 2300
f 2290 2340 2331
f 2300 2291 2301
f 2300 2301 2310
f 2310 2301 2311
f 2310 2311 2320
f 2320 2311 2321
f 2320 2321 2330
f 2330 2321 2331
f 2330 2331 2340
o Trunk_8
usemtl color_45
s off
v 0.000000 -2.242099 -7.110226
v 0.000000 -2.957401 -6.911108
v 0.206708 -2.290015 -7.096887
v 0.167231 -2.256276 -6.975685
v 0.063876 -2.235424 -6.900778
v -0.063876 -2.235424 -6.900778
v -0.167231 -2.256276 -6.975685
v -0.206708 -2.290015 -7.096887
v -0.167231 -2.323754 -7.218090
v -0.063876 -2.344606 -7.292997
v 0.063876 -2.344606 -7.292997
v 0.167231 -2.323754 -7.218090
v 0.358029 -2.420924 -7.060446
v 0.289652 -2.362487 -6.850518
v 0.110637 -2.326370 -6.720775
v -0.110637 -2.326370 -6.720775
v -0.289652 -2.362487 -6.850518
v -0.358029 -2.420924 -7.060446
v -0.289652 -2.479362 -7.270375
v -0.110637 -2.515478 -7.400117
v 0.110637 -2.515478 -7.400117
v 0.289652 -2.479362 -7.270375
v 0.413417 -2.599750 -7.010667
v 0.334461 -2.532272 -6.768262
v 0.127753 -2.490569 -6.618448
v -0.127753 -2.490569 -6.618448
v -0.334461 -2.532272 -6.768262
v -0.413417 -2.599750 -7.010667
v -0.334461 -2.667228 -7.253071
v -0.127753 -2.708932 -7.402885
v 0.127753 -2.708932 -7.402885
v 0.334461 -2.667228 -7.253071
v 0.358029 -2.778576 -6.960887
v 0.289652 -2.720138 -6.750959
v 0.110637 -2.684022 -6.621216
v -0.110637 -2.684022 -6.621216
v -0.289652 -2.720138 -6.750959
v -0.358029 -2.778576 -6.960887
v -0.289652 -2.837013 -7.170816
v -0.110637 -2.873130 -7.300558
v 0.110637 -2.873130 -7.300558
v 0.289652 -2.837013 -7.170816
v 0.206708 -2.909485 -6.924446
v 0.167231 -2.875746 -6.803244
v 0.063876 -2.854895 -6.728337
v -0.063876 -2.854895 -6.728337
v -0.167231 -2.875746 -6.803244
v -0.206708 -2.909485 -6.924446
v -0.167231 -2.943224 -7.045648
v -0.063876 -2.964076 -7.120555
v 0.063876 -2.964076 -7.120555
v 0.167231 -2.943224 -7.045648
f 2341 2344 2343
f 2342 2383 2384
f 2343 2344 2354
f 2343 2354 2353
f 2353 2354 2364
f 2353 2364 2363
f 2363 2364 2374
f 2363 2374 2373
f 2373 2374 2384
f 2373 2384 2383
f 2341 2345 2344
f 2342 2384 2385
f 2344 2345 2355
f 2344 2355 2354
f 2354 2355 2365
f 2354 2365 2364
f 2364 2365 2375
f 2364 2375 2374
f 2374 2375 2385
f 2374 2385 2384
f 2341 2346 2345
f 2342 2385 2386
f 2345 2346 2356
f 2345 2356 2355
f 2355 2356 2366
f 2355 2366 2365
f 2365 2366 2376
f 2365 2376 2375
f 2375 2376 2386
f 2375 2386 2385
f 2341 2347 2346
f 2342 2386 2387
f 2346 2347 2357
f 2346 2357 2356
f 2356 2357 2367
f 2356 2367 2366
f 2366 2367 2377
f 2366 2377 2376
f 2376 2377 2387
f 2376 2387 2386
f 2341 2348 2347
f 2342 2387 2388
f 2347 2348 2358
f 2347 2358 2357
f 2357 2358 2368
f 2357 2368 2367
f 2367 2368 2378
f 2367 2378 2377
f 2377 2378 2388
f 2377 2388 2387
f 2341 2349 2348
f 2342 2388 2389
f 2348 2349 2359
f 2348 2359 2358
f 2358 2359 2369
f 2358 2369 2368
f 2368 2369 2379
f 2368 2379 2378
f 2378 2379 2389
f 2378 2389 2388
f 2341 2350 2349
f 2342 2389 2390
f 2349 2350 2360
f 2349 2360 2359
f 2359 2360 2370
f 2359 2370 2369
f 2369 2370 2380
f 2369 2380 2379
f 2379 2380 2390
f 2379 2390 2389
f 2341 2351 2350
f 2342 2390 2391
f 2350 2351 2361
f 2350 2361 2360
f 2360 2361 2371
f 2360 2371 2370
f 2370 2371 2381
f 2370 2381 2380
f 2380 2381 2391
f 2380 2391 2390
f 2341 2352 2351
f 2342 2391 2392
f 2351 2352 2362
f 2351 2362 2361
f 2361 2362 2372
f 2361 2372 2371
f 2371 2372 2382
f 2371 2382 2381
f 2381 2382 2392
f 2381 2392 2391
f 2341 2343 2352
f 2342 2392 2383
f 2352 2343 2353
f 2352 2353 2362
f 2362 2353 2363
f 2362 2363 2372
f 2372 2363 2373
f 2372 2373 2382
f 2382 2373 2383
f 2382 2383 2392
o Trunk_9
usemtl color_46
s off
v 0.000000 -2.703639 -7.287975
v 0.000000 -3.401361 -7.034025
v 0.189750 -2.750378 -7.270964
v 0.153511 -2.709744 -7.159322
v 0.058636 -2.684630 -7.090324
v -0.058636 -2.684630 -7.090324
v -0.153511 -2.709744 -7.159322
v -0.189750 -2.750378 -7.270964
v -0.153511 -2.791012 -7.382605
v -0.058636 -2.816125 -7.451603
v 0.058636 -2.816125 -7.451603
v 0.153511 -2.791012 -7.382605
v 0.328657 -2.878070 -7.224487
v 0.265889 -2.807689 -7.031119
v 0.101560 -2.764192 -6.911611
v -0.101560 -2.764192 -6.911611
v -0.265889 -2.807689 -7.031119
v -0.328657 -2.878070 -7.224487
v -0.265889 -2.948450 -7.417856
v -0.101560 -2.991947 -7.537364
v 0.101560 -2.991947 -7.537364
v 0.265889 -2.948450 -7.417856
v 0.379500 -3.052500 -7.161000
v 0.307022 -2.971232 -6.937718
v 0.117272 -2.921005 -6.799721
v -0.117272 -2.921005 -6.799721
v -0.307022 -2.971232 -6.937718
v -0.379500 -3.052500 -7.161000
v -0.307022 -3.133768 -7.384282
v -0.117272 -3.183995 -7.522279
v 0.117272 -3.183995 -7.522279
v 0.307022 -3.133768 -7.384282
v 0.328657 -3.226930 -7.097513
v 0.265889 -3.156550 -6.904144
v 0.101560 -3.113053 -6.784636
v -0.101560 -3.113053 -6.784636
v -0.265889 -3.156550 -6.904144
v -0.328657 -3.226930 -7.097513
v -0.265889 -3.297311 -7.290881
v -0.101560 -3.340808 -7.410389
v 0.101560 -3.340808 -7.410389
v 0.265889 -3.297311 -7.290881
v 0.189750 -3.354622 -7.051036
v 0.153511 -3.313988 -6.939395
v 0.058636 -3.288875 -6.870397
v -0.058636 -3.288875 -6.870397
v -0.153511 -3.313988 -6.939395
v -0.189750 -3.354622 -7.051036
v -0.153511 -3.395256 -7.162678
v -0.058636 -3.420370 -7.231676
v 0.058636 -3.420370 -7.231676
v 0.153511 -3.395256 -7.162678
f 2393 2396 2395
f 2394 2435 2436
f 2395 2396 2406
f 2395 2406 2405
f 2405 2406 2416
f 2405 2416 2415
f 2415 2416 2426
f 2415 2426 2425
f 2425 2426 2436
f 2425 2436 2435
f 2393 2397 2396
f 2394 2436 2437
f 2396 2397 2407
f 2396 2407 2406
f 2406 2407 2417
f 2406 2417 2416
f 2416 2417 2427
f 2416 2427 2426
f 2426 2427 2437
f 2426 2437 2436
f 2393 2398 2397
f 2394 2437 2438
f 2397 2398 2408
f 2397 2408 2407
f 2407 2408 2418
f 2407 2418 2417
f 2417 2418 2428
f 2417 2428 2427
f 2427 2428 2438
f 2427 2438 2437
f 2393 2399 2398
f 2394 2438 2439
f 2398 2399 2409
f 2398 2409 2408
f 2408 2409 2419
f 2408 2419 2418
f 2418 2419 2429
f 2418 2429 2428
f 2428 2429 2439
f 2428 2439 2438
f 2393 2400 2399
f 2394 2439 2440
f 2399 2400 2410
f 2399 2410 2409
f 2409 2410 2420
f 2409 2420 2419
f 2419 2420 2430
f 2419 2430 2429
f 2429 2430 2440
f 2429 2440 2439
f 2393 2401 2400
f 2394 2440 2441
f 2400 2401 2411
f 2400 2411 2410
f 2410 2411 2421
f 2410 2421 2420
f 2420 2421 2431
f 2420 2431 2430
f 2430 2431 2441
f 2430 2441 2440
f 2393 2402 2401
f 2394 2441 2442
f 2401 2402 2412
f 2401 2412 2411
f 2411 2412 2422
f 2411 2422 2421
f 2421 2422 2432
f 2421 2432 2431
f 2431 2432 2442
f 2431 2442 2441
f 2393 2403 2402
f 2394 2442 2443
f 2402 2403 2413
f 2402 2413 2412
f 2412 2413 2423
f 2412 2423 2422
f 2422 2423 2433
f 2422 2433 2432
f 2432 2433 2443
f 2432 2443 2442
f 2393 2404 2403
f 2394 2443 2444
f 2403 2404 2414
f 2403 2414 2413
f 2413 2414 2424
f 2413 2424 2423
f 2423 2424 2434
f 2423 2434 2433
f 2433 2434 2444
f 2433 2444 2443
f 2393 2395 2404
f 2394 2444 2435
f 2404 2395 2405
f 2404 2405 2414
f 2414 2405 2415
f 2414 2415 2424
f 2424 2415 2425
f 2424 2425 2434
f 2434 2425 2435
f 2434 2435 2444
o StonePlate
usemtl color_47
s off
v -3.051142 1.852457 -1.770424
v -3.383858 -0.598457 -1.859576
v -2.923494 1.666461 -1.736221
v -3.043122 1.670628 -1.404305
v -3.174326 1.681535 -1.214514
v -3.266992 1.695018 -1.239344
v -3.285723 1.705926 -1.469309
v -3.223365 1.710092 -1.816572
v -3.103737 1.705926 -2.148488
v -2.972533 1.695018 -2.338279
v -2.879868 1.681535 -2.313449
v -2.861137 1.670628 -2.083484
v -2.874625 1.201943 -1.723127
v -3.081827 1.209159 -1.148230
v -3.309079 1.228052 -0.819503
v -3.469580 1.251405 -0.862510
v -3.502023 1.270297 -1.260821
v -3.394017 1.277514 -1.862297
v -3.186815 1.270297 -2.437194
v -2.959562 1.251405 -2.765921
v -2.799062 1.228052 -2.722915
v -2.766619 1.209159 -2.324603
v -2.917629 0.583369 -1.734650
v -3.156885 0.591702 -1.070816
v -3.419294 0.613517 -0.691235
v -3.604624 0.640483 -0.740894
v -3.642086 0.662298 -1.200825
v -3.517371 0.670631 -1.895350
v -3.278115 0.662298 -2.559184
v -3.015706 0.640483 -2.938765
v -2.830376 0.613517 -2.889106
v -2.792914 0.591702 -2.429175
v -3.040983 -0.023514 -1.767703
v -3.248185 -0.016297 -1.192806
v -3.475438 0.002595 -0.864079
v -3.635938 0.025948 -0.907085
v -3.668381 0.044841 -1.305397
v -3.560375 0.052057 -1.906873
v -3.353173 0.044841 -2.481770
v -3.125921 0.025948 -2.810497
v -2.965420 0.002595 -2.767490
v -2.932977 -0.016297 -2.369179
v -3.211635 -0.456092 -1.813428
v -3.331263 -0.451926 -1.481512
v -3.462467 -0.441018 -1.291721
v -3.555132 -0.427535 -1.316551
v -3.573863 -0.416628 -1.546516
v -3.511506 -0.412461 -1.893779
v -3.391878 -0.416628 -2.225695
v -3.260674 -0.427535 -2.415486
v -3.168008 -0.441018 -2.390656
v -3.149277 -0.451926 -2.160691
f 2445 2448 2447
f 2446 2487 2488
f 2447 2448 2458
f 2447 2458 2457
f 2457 2458 2468
f 2457 2468 2467
f 2467 2468 2478
f 2467 2478 2477
f 2477 2478 2488
f 2477 2488 2487
f 2445 2449 2448
f 2446 2488 2489
f 2448 2449 2459
f 2448 2459 2458
f 2458 2459 2469
f 2458 2469 2468
f 2468 2469 2479
f 2468 2479 2478
f 2478 2479 2489
f 2478 2489 2488
f 2445 2450 2449
f 2446 2489 2490
f 2449 2450 2460
f 2449 2460 2459
f 2459 2460 2470
f 2459 2470 2469
f 2469 2470 2480
f 2469 2480 2479
f 2479 2480 2490
f 2479 2490 2489
f 2445 2451 2450
f 2446 2490 2491
f 2450 2451 2461
f 2450 2461 2460
f 2460 2461 2471
f 2460 2471 2470
f 2470 2471 2481
f 2470 2481 2480
f 2480 2481 2491
f 2480 2491 2490
f 2445 2452 2451
f 2446 2491 2492
f 2451 2452 2462
f 2451 2462 2461
f 2461 2462 2472
f 2461 2472 2471
f 2471 2472 2482
f 2471 2482 2481
f 2481 2482 2492
f 2481 2492 2491
f 2445 2453 2452
f 2446 2492 2493
f 2452 2453 2463
f 2452 2463 2462
f 2462 2463 2473
f 2462 2473 2472
f 2472 2473 2483
f 2472 2483 2482
f 2482 2483 2493
f 2482 2493 2492
f 2445 2454 2453
f 2446 2493 2494
f 2453 2454 2464
f 2453 2464 2463
f 2463 2464 2474
f 2463 2474 2473
f 2473 2474 2484
f 2473 2484 2483
f 2483 2484 2494
f 2483 2494 2493
f 2445 2455 2454
f 2446 2494 2495
f 2454 2455 2465
f 2454 2465 2464
f 2464 2465 2475
f 2464 2475 2474
f 2474 2475 2485
f 2474 2485 2484
f 2484 2485 2495
f 2484 2495 2494
f 2445 2456 2455
f 2446 2495 2496
f 2455 2456 2466
f 2455 2466 2465
f 2465 2466 2476
f 2465 2476 2475
f 2475 2476 2486
f 2475 2486 2485
f 2485 2486 2496
f 2485 2496 2495
f 2445 2447 2456
f 2446 2496 2487
f 2456 2447 2457
f 2456 2457 2466
f 2466 2457 2467
f 2466 2467 2476
f 2476 2467 2477
f 2476 2477 2486
f 2486 2477 2487
f 2486 2487 2496
o StonePlate_1
usemtl color_48
s off
v 3.051142 1.852457 -1.770424
v 3.383858 -0.598457 -1.859576
v 3.223365 1.710092 -1.816572
v 3.285723 1.705926 -1.469309
v 3.266992 1.695018 -1.239344
v 3.174326 1.681535 -1.214514
v 3.043122 1.670628 -1.404305
v 2.923494 1.666461 -1.736221
v 2.861137 1.670628 -2.083484
v 2.879868 1.681535 -2.313449
v 2.972533 1.695018 -2.338279
v 3.103737 1.705926 -2.148488
v 3.394017 1.277514 -1.862297
v 3.502023 1.270297 -1.260821
v 3.469580 1.251405 -0.862510
v 3.309079 1.228052 -0.819503
v 3.081827 1.209159 -1.148230
v 2.874625 1.201943 -1.723127
v 2.766619 1.209159 -2.324603
v 2.799062 1.228052 -2.722915
v 2.959562 1.251405 -2.765921
v 3.186815 1.270297 -2.437194
v 3.517371 0.670631 -1.895350
v 3.642086 0.662298 -1.200825
v 3.604624 0.640483 -0.740894
v 3.419294 0.613517 -0.691235
v 3.156885 0.591702 -1.070816
v 2.917629 0.583369 -1.734650
v 2.792914 0.591702 -2.429175
v 2.830376 0.613517 -2.889106
v 3.015706 0.640483 -2.938765
v 3.278115 0.662298 -2.559184
v 3.560375 0.052057 -1.906873
v 3.668381 0.044841 -1.305397
v 3.635938 0.025948 -0.907085
v 3.475438 0.002595 -0.864079
v 3.248185 -0.016297 -1.192806
v 3.040983 -0.023514 -1.767703
v 2.932977 -0.016297 -2.369179
v 2.965420 0.002595 -2.767490
v 3.125921 0.025948 -2.810497
v 3.353173 0.044841 -2.481770
v 3.511506 -0.412461 -1.893779
v 3.573863 -0.416628 -1.546516
v 3.555132 -0.427535 -1.316551
v 3.462467 -0.441018 -1.291721
v 3.331263 -0.451926 -1.481512
v 3.211635 -0.456092 -1.813428
v 3.149277 -0.451926 -2.160691
v 3.168008 -0.441018 -2.390656
v 3.260674 -0.427535 -2.415486
v 3.391878 -0.416628 -2.225695
f 2497 2500 2499
f 2498 2539 2540
f 2499 2500 2510
f 2499 2510 2509
f 2509 2510 2520
f 2509 2520 2519
f 2519 2520 2530
f 2519 2530 2529
f 2529 2530 2540
f 2529 2540 2539
f 2497 2501 2500
f 2498 2540 2541
f 2500 2501 2511
f 2500 2511 2510
f 2510 2511 2521
f 2510 2521 2520
f 2520 2521 2531
f 2520 2531 2530
f 2530 2531 2541
f 2530 2541 2540
f 2497 2502 2501
f 2498 2541 2542
f 2501 2502 2512
f 2501 2512 2511
f 2511 2512 2522
f 2511 2522 2521
f 2521 2522 2532
f 2521 2532 2531
f 2531 2532 2542
f 2531 2542 2541
f 2497 2503 2502
f 2498 2542 2543
f 2502 2503 2513
f 2502 2513 2512
f 2512 2513 2523
f 2512 2523 2522
f 2522 2523 2533
f 2522 2533 2532
f 2532 2533 2543
f 2532 2543 2542
f 2497 2504 2503
f 2498 2543 2544
f 2503 2504 2514
f 2503 2514 2513
f 2513 2514 2524
f 2513 2524 2523
f 2523 2524 2534
f 2523 2534 2533
f 2533 2534 2544
f 2533 2544 2543
f 2497 2505 2504
f 2498 2544 2545
f 2504 2505 2515
f 2504 2515 2514
f 2514 2515 2525
f 2514 2525 2524
f 2524 2525 2535
f 2524 2535 2534
f 2534 2535 2545
f 2534 2545 2544
f 2497 2506 2505
f 2498 2545 2546
f 2505 2506 2516
f 2505 2516 2515
f 2515 2516 2526
f 2515 2526 2525
f 2525 2526 2536
f 2525 2536 2535
f 2535 2536 2546
f 2535 2546 2545
f 2497 2507 2506
f 2498 2546 2547
f 2506 2507 2517
f 2506 2517 2516
f 2516 2517 2527
f 2516 2527 2526
f 2526 2527 2537
f 2526 2537 2536
f 2536 2537 2547
f 2536 2547 2546
f 2497 2508 2507
f 2498 2547 2548
f 2507 2508 2518
f 2507 2518 2517
f 2517 2518 2528
f 2517 2528 2527
f 2527 2528 2538
f 2527 2538 2537
f 2537 2538 2548
f 2537 2548 2547
f 2497 2499 2508
f 2498 2548 2539
f 2508 2499 2509
f 2508 2509 2518
f 2518 2509 2519
f 2518 2519 2528
f 2528 2519 2529
f 2528 2529 2538
f 2538 2529 2539
f 2538 2539 2548
o StonePlate_2
usemtl color_49
s off
v -3.051142 2.130142 -0.582424
v -3.383858 -0.320771 -0.671576
v -2.923494 1.944147 -0.548221
v -3.043122 1.948313 -0.216305
v -3.174326 1.959221 -0.026514
v -3.266992 1.972703 -0.051344
v -3.285723 1.983611 -0.281309
v -3.223365 1.987777 -0.628572
v -3.103737 1.983611 -0.960488
v -2.972533 1.972703 -1.150279
v -2.879868 1.959221 -1.125449
v -2.861137 1.948313 -0.895484
v -2.874625 1.479628 -0.535127
v -3.081827 1.486845 0.039770
v -3.309079 1.505737 0.368497
v -3.469580 1.529090 0.325490
v -3.502023 1.547983 -0.072821
v -3.394017 1.555199 -0.674297
v -3.186815 1.547983 -1.249194
v -2.959562 1.529090 -1.577921
v -2.799062 1.505737 -1.534915
v -2.766619 1.486845 -1.136603
v -2.917629 0.861055 -0.546650
v -3.156885 0.869387 0.117184
v -3.419294 0.891203 0.496765
v -3.604624 0.918168 0.447106
v -3.642086 0.939983 -0.012825
v -3.517371 0.948316 -0.707350
v -3.278115 0.939983 -1.371184
v -3.015706 0.918168 -1.750765
v -2.830376 0.891203 -1.701106
v -2.792914 0.869387 -1.241175
v -3.040983 0.254172 -0.579703
v -3.248185 0.261388 -0.004806
v -3.475438 0.280281 0.323921
v -3.635938 0.303633 0.280915
v -3.668381 0.322526 -0.117397
v -3.560375 0.329742 -0.718873
v -3.353173 0.322526 -1.293770
v -3.125921 0.303633 -1.622497
v -2.965420 0.280281 -1.579490
v -2.932977 0.261388 -1.181179
v -3.211635 -0.178407 -0.625428
v -3.331263 -0.174240 -0.293512
v -3.462467 -0.163333 -0.103721
v -3.555132 -0.149850 -0.128551
v -3.573863 -0.138942 -0.358516
v -3.511506 -0.134776 -0.705779
v -3.391878 -0.138942 -1.037695
v -3.260674 -0.149850 -1.227486
v -3.168008 -0.163333 -1.202656
v -3.149277 -0.174240 -0.972691
f 2549 2552 2551
f 2550 2591 2592
f 2551 2552 2562
f 2551 2562 2561
f 2561 2562 2572
f 2561 2572 2571
f 2571 2572 2582
f 2571 2582 2581
f 2581 2582 2592
f 2581 2592 2591
f 2549 2553 2552
f 2550 2592 2593
f 2552 2553 2563
f 2552 2563 2562
f 2562 2563 2573
f 2562 2573 2572
f 2572 2573 2583
f 2572 2583 2582
f 2582 2583 2593
f 2582 2593 2592
f 2549 2554 2553
f 2550 2593 2594
f 2553 2554 2564
f 2553 2564 2563
f 2563 2564 2574
f 2563 2574 2573
f 2573 2574 2584
f 2573 2584 2583
f 2583 2584 2594
f 2583 2594 2593
f 2549 2555 2554
f 2550 2594 2595
f 2554 2555 2565
f 2554 2565 2564
f 2564 2565 2575
f 2564 2575 2574
f 2574 2575 2585
f 2574 2585 2584
f 2584 2585 2595
f 2584 2595 2594
f 2549 2556 2555
f 2550 2595 2596
f 2555 2556 2566
f 2555 2566 2565
f 2565 2566 2576
f 2565 2576 2575
f 2575 2576 2586
f 2575 2586 2585
f 2585 2586 2596
f 2585 2596 2595
f 2549 2557 2556
f 2550 2596 2597
f 2556 2557 2567
f 2556 2567 2566
f 2566 2567 2577
f 2566 2577 2576
f 2576 2577 2587
f 2576 2587 2586
f 2586 2587 2597
f 2586 2597 2596
f 2549 2558 2557
f 2550 2597 2598
f 2557 2558 2568
f 2557 2568 2567
f 2567 2568 2578
f 2567 2578 2577
f 2577 2578 2588
f 2577 2588 2587
f 2587 2588 2598
f 2587 2598 2597
f 2549 2559 2558
f 2550 2598 2599
f 2558 2559 2569
f 2558 2569 2568
f 2568 2569 2579
f 2568 2579 2578
f 2578 2579 2589
f 2578 2589 2588
f 2588 2589 2599
f 2588 2599 2598
f 2549 2560 2559
f 2550 2599 2600
f 2559 2560 2570
f 2559 2570 2569
f 2569 2570 2580
f 2569 2580 2579
f 2579 2580 2590
f 2579 2590 2589
f 2589 2590 2600
f 2589 2600 2599
f 2549 2551 2560
f 2550 2600 2591
f 2560 2551 2561
f 2560 2561 2570
f 2570 2561 2571
f 2570 2571 2580
f 2580 2571 2581
f 2580 2581 2590
f 2590 2581 2591
f 2590 2591 2600
o StonePlate_3
usemtl color_50
s off
v 3.051142 2.130142 -0.582424
v 3.383858 -0.320771 -0.671576
v 3.223365 1.987777 -0.628572
v 3.285723 1.983611 -0.281309
v 3.266992 1.972703 -0.051344
v 3.174326 1.959221 -0.026514
v 3.043122 1.948313 -0.216305
v 2.923494 1.944147 -0.548221
v 2.861137 1.948313 -0.895484
v 2.879868 1.959221 -1.125449
v 2.972533 1.972703 -1.150279
v 3.103737 1.983611 -0.960488
v 3.394017 1.555199 -0.674297
v 3.502023 1.547983 -0.072821
v 3.469580 1.529090 0.325490
v 3.309079 1.505737 0.368497
v 3.081827 1.486845 0.039770
v 2.874625 1.479628 -0.535127
v 2.766619 1.486845 -1.136603
v 2.799062 1.505737 -1.534915
v 2.959562 1.529090 -1.577921
v 3.186815 1.547983 -1.249194
v 3.517371 0.948316 -0.707350
v 3.642086 0.939983 -0.012825
v 3.604624 0.918168 0.447106
v 3.419294 0.891203 0.496765
v 3.156885 0.869387 0.117184
v 2.917629 0.861055 -0.546650
v 2.792914 0.869387 -1.241175
v 2.830376 0.891203 -1.701106
v 3.015706 0.918168 -1.750765
v 3.278115 0.939983 -1.371184
v 3.560375 0.329742 -0.718873
v 3.668381 0.322526 -0.117397
v 3.635938 0.303633 0.280915
v 3.475438 0.280281 0.323921
v 3.248185 0.261388 -0.004806
v 3.040983 0.254172 -0.579703
v 2.932977 0.261388 -1.181179
v 2.965420 0.280281 -1.579490
v 3.125921 0.303633 -1.622497
v 3.353173 0.322526 -1.293770
v 3.511506 -0.134776 -0.705779
v 3.573863 -0.138942 -0.358516
v 3.555132 -0.149850 -0.128551
v 3.462467 -0.163333 -0.103721
v 3.331263 -0.174240 -0.293512
v 3.211635 -0.178407 -0.625428
v 3.149277 -0.174240 -0.972691
v 3.168008 -0.163333 -1.202656
v 3.260674 -0.149850 -1.227486
v 3.391878 -0.138942 -1.037695
f 2601 2604 2603
f 2602 2643 2644
f 2603 2604 2614
f 2603 2614 2613
f 2613 2614 2624
f 2613 2624 2623
f 2623 2624 2634
f 2623 2634 2633
f 2633 2634 2644
f 2633 2644 2643
f 2601 2605 2604
f 2602 2644 2645
f 2604 2605 2615
f 2604 2615 2614
f 2614 2615 2625
f 2614 2625 2624
f 2624 2625 2635
f 2624 2635 2634
f 2634 2635 2645
f 2634 2645 2644
f 2601 2606 2605
f 2602 2645 2646
f 2605 2606 2616
f 2605 2616 2615
f 2615 2616 2626
f 2615 2626 2625
f 2625 2626 2636
f 2625 2636 2635
f 2635 2636 2646
f 2635 2646 2645
f 2601 2607 2606
f 2602 2646 2647
f 2606 2607 2617
f 2606 2617 2616
f 2616 2617 2627
f 2616 2627 2626
f 2626 2627 2637
f 2626 2637 2636
f 2636 2637 2647
f 2636 2647 2646
f 2601 2608 2607
f 2602 2647 2648
f 2607 2608 2618
f 2607 2618 2617
f 2617 2618 2628
f 2617 2628 2627
f 2627 2628 2638
f 2627 2638 2637
f 2637 2638 2648
f 2637 2648 2647
f 2601 2609 2608
f 2602 2648 2649
f 2608 2609 2619
f 2608 2619 2618
f 2618 2619 2629
f 2618 2629 2628
f 2628 2629 2639
f 2628 2639 2638
f 2638 2639 2649
f 2638 2649 2648
f 2601 2610 2609
f 2602 2649 2650
f 2609 2610 2620
f 2609 2620 2619
f 2619 2620 2630
f 2619 2630 2629
f 2629 2630 2640
f 2629 2640 2639
f 2639 2640 2650
f 2639 2650 2649
f 2601 2611 2610
f 2602 2650 2651
f 2610 2611 2621
f 2610 2621 2620
f 2620 2621 2631
f 2620 2631 2630
f 2630 2631 2641
f 2630 2641 2640
f 2640 2641 2651
f 2640 2651 2650
f 2601 2612 2611
f 2602 2651 2652
f 2611 2612 2622
f 2611 2622 2621
f 2621 2622 2632
f 2621 2632 2631
f 2631 2632 2642
f 2631 2642 2641
f 2641 2642 2652
f 2641 2652 2651
f 2601 2603 2612
f 2602 2652 2643
f 2612 2603 2613
f 2612 2613 2622
f 2622 2613 2623
f 2622 2623 2632
f 2632 2623 2633
f 2632 2633 2642
f 2642 2633 2643
f 2642 2643 2652
o StonePlate_4
usemtl color_51
s off
v -3.051142 2.152525 0.605576
v -3.383858 -0.298389 0.516424
v -2.923494 1.966529 0.639779
v -3.043122 1.970696 0.971695
v -3.174326 1.981603 1.161486
v -3.266992 1.995086 1.136656
v -3.285723 2.005994 0.906691
v -3.223365 2.010160 0.559428
v -3.103737 2.005994 0.227512
v -2.972533 1.995086 0.037721
v -2.879868 1.981603 0.062551
v -2.861137 1.970696 0.292516
v -2.874625 1.502011 0.652873
v -3.081827 1.509228 1.227770
v -3.309079 1.528120 1.556497
v -3.469580 1.551473 1.513490
v -3.502023 1.570366 1.115179
v -3.394017 1.577582 0.513703
v -3.186815 1.570366 -0.061194
v -2.959562 1.551473 -0.389921
v -2.799062 1.528120 -0.346915
v -2.766619 1.509228 0.051397
v -2.917629 0.883437 0.641350
v -3.156885 0.891770 1.305184
v -3.419294 0.913586 1.684765
v -3.604624 0.940551 1.635106
v -3.642086 0.962366 1.175175
v -3.517371 0.970699 0.480650
v -3.278115 0.962366 -0.183184
v -3.015706 0.940551 -0.562765
v -2.830376 0.913586 -0.513106
v -2.792914 0.891770 -0.053175
v -3.040983 0.276554 0.608297
v -3.248185 0.283771 1.183194
v -3.475438 0.302663 1.511921
v -3.635938 0.326016 1.468915
v -3.668381 0.344909 1.070603
v -3.560375 0.352125 0.469127
v -3.353173 0.344909 -0.105770
v -3.125921 0.326016 -0.434497
v -2.965420 0.302663 -0.391490
v -2.932977 0.283771 0.006821
v -3.211635 -0.156024 0.562572
v -3.331263 -0.151858 0.894488
v -3.462467 -0.140950 1.084279
v -3.555132 -0.127467 1.059449
v -3.573863 -0.116559 0.829484
v -3.511506 -0.112393 0.482221
v -3.391878 -0.116559 0.150305
v -3.260674 -0.127467 -0.039486
v -3.168008 -0.140950 -0.014656
v -3.149277 -0.151858 0.215309
f 2653 2656 2655
f 2654 2695 2696
f 2655 2656 2666
f 2655 2666 2665
f 2665 2666 2676
f 2665 2676 2675
f 2675 2676 2686
f 2675 2686 2685
f 2685 2686 2696
f 2685 2696 2695
f 2653 2657 2656
f 2654 2696 2697
f 2656 2657 2667
f 2656 2667 2666
f 2666 2667 2677
f 2666 2677 2676
f 2676 2677 2687
f 2676 2687 2686
f 2686 2687 2697
f 2686 2697 2696
f 2653 2658 2657
f 2654 2697 2698
f 2657 2658 2668
f 2657 2668 2667
f 2667 2668 2678
f 2667 2678 2677
f 2677 2678 2688
f 2677 2688 2687
f 2687 2688 2698
f 2687 2698 2697
f 2653 2659 2658
f 2654 2698 2699
f 2658 2659 2669
f 2658 2669 2668
f 2668 2669 2679
f 2668 2679 2678
f 2678 2679 2689
f 2678 2689 2688
f 2688 2689 2699
f 2688 2699 2698
f 2653 2660 2659
f 2654 2699 2700
f 2659 2660 2670
f 2659 2670 2669
f 2669 2670 2680
f 2669 2680 2679
f 2679 2680 2690
f 2679 2690 2689
f 2689 2690 2700
f 2689 2700 2699
f 2653 2661 2660
f 2654 2700 2701
f 2660 2661 2671
f 2660 2671 2670
f 2670 2671 2681
f 2670 2681 2680
f 2680 2681 2691
f 2680 2691 2690
f 2690 2691 2701
f 2690 2701 2700
f 2653 2662 2661
f 2654 2701 2702
f 2661 2662 2672
f 2661 2672 2671
f 2671 2672 2682
f 2671 2682 2681
f 2681 2682 2692
f 2681 2692 2691
f 2691 2692 2702
f 2691 2702 2701
f 2653 2663 2662
f 2654 2702 2703
f 2662 2663 2673
f 2662 2673 2672
f 2672 2673 2683
f 2672 2683 2682
f 2682 2683 2693
f 2682 2693 2692
f 2692 2693 2703
f 2692 2703 2702
f 2653 2664 2663
f 2654 2703 2704
f 2663 2664 2674
f 2663 2674 2673
f 2673 2674 2684
f 2673 2684 2683
f 2683 2684 2694
f 2683 2694 2693
f 2693 2694 2704
f 2693 2704 2703
f 2653 2655 2664
f 2654 2704 2695
f 2664 2655 2665
f 2664 2665 2674
f 2674 2665 2675
f 2674 2675 2684
f 2684 2675 2685
f 2684 2685 2694
f 2694 2685 2695
f 2694 2695 2704
o StonePlate_5
usemtl color_52
s off
v 3.051142 2.152525 0.605576
v 3.383858 -0.298389 0.516424
v 3.223365 2.010160 0.559428
v 3.285723 2.005994 0.906691
v 3.266992 1.995086 1.136656
v 3.174326 1.981603 1.161486
v 3.043122 1.970696 0.971695
v 2.923494 1.966529 0.639779
v 2.861137 1.970696 0.292516
v 2.879868 1.981603 0.062551
v 2.972533 1.995086 0.037721
v 3.103737 2.005994 0.227512
v 3.394017 1.577582 0.513703
v 3.502023 1.570366 1.115179
v 3.469580 1.551473 1.513490
v 3.309079 1.528120 1.556497
v 3.081827 1.509228 1.227770
v 2.874625 1.502011 0.652873
v 2.766619 1.509228 0.051397
v 2.799062 1.528120 -0.346915
v 2.959562 1.551473 -0.389921
v 3.186815 1.570366 -0.061194
v 3.517371 0.970699 0.480650
v 3.642086 0.962366 1.175175
v 3.604624 0.940551 1.635106
v 3.419294 0.913586 1.684765
v 3.156885 0.891770 1.305184
v 2.917629 0.883437 0.641350
v 2.792914 0.891770 -0.053175
v 2.830376 0.913586 -0.513106
v 3.015706 0.940551 -0.562765
v 3.278115 0.962366 -0.183184
v 3.560375 0.352125 0.469127
v 3.668381 0.344909 1.070603
v 3.635938 0.326016 1.468915
v 3.475438 0.302663 1.511921
v 3.248185 0.283771 1.183194
v 3.040983 0.276554 0.608297
v 2.932977 0.283771 0.006821
v 2.965420 0.302663 -0.391490
v 3.125921 0.326016 -0.434497
v 3.353173 0.344909 -0.105770
v 3.511506 -0.112393 0.482221
v 3.573863 -0.116559 0.829484
v 3.555132 -0.127467 1.059449
v 3.462467 -0.140950 1.084279
v 3.331263 -0.151858 0.894488
v 3.211635 -0.156024 0.562572
v 3.149277 -0.151858 0.215309
v 3.168008 -0.140950 -0.014656
v 3.260674 -0.127467 -0.039486
v 3.391878 -0.116559 0.150305
f 2705 2708 2707
f 2706 2747 2748
f 2707 2708 2718
f 2707 2718 2717
f 2717 2718 2728
f 2717 2728 2727
f 2727 2728 2738
f 2727 2738 2737
f 2737 2738 2748
f 2737 2748 2747
f 2705 2709 2708
f 2706 2748 2749
f 2708 2709 2719
f 2708 2719 2718
f 2718 2719 2729
f 2718 2729 2728
f 2728 2729 2739
f 2728 2739 2738
f 2738 2739 2749
f 2738 2749 2748
f 2705 2710 2709
f 2706 2749 2750
f 2709 2710 2720
f 2709 2720 2719
f 2719 2720 2730
f 2719 2730 2729
f 2729 2730 2740
f 2729 2740 2739
f 2739 2740 2750
f 2739 2750 2749
f 2705 2711 2710
f 2706 2750 2751
f 2710 2711 2721
f 2710 2721 2720
f 2720 2721 2731
f 2720 2731 2730
f 2730 2731 2741
f 2730 2741 2740
f 2740 2741 2751
f 2740 2751 2750
f 2705 2712 2711
f 2706 2751 2752
f 2711 2712 2722
f 2711 2722 2721
f 2721 2722 2732
f 2721 2732 2731
f 2731 2732 2742
f 2731 2742 2741
f 2741 2742 2752
f 2741 2752 2751
f 2705 2713 2712
f 2706 2752 2753
f 2712 2713 2723
f 2712 2723 2722
f 2722 2723 2733
f 2722 2733 2732
f 2732 2733 2743
f 2732 2743 2742
f 2742 2743 2753
f 2742 2753 2752
f 2705 2714 2713
f 2706 2753 2754
f 2713 2714 2724
f 2713 2724 2723
f 2723 2724 2734
f 2723 2734 2733
f 2733 2734 2744
f 2733 2744 2743
f 2743 2744 2754
f 2743 2754 2753
f 2705 2715 2714
f 2706 2754 2755
f 2714 2715 2725
f 2714 2725 2724
f 2724 2725 2735
f 2724 2735 2734
f 2734 2735 2745
f 2734 2745 2744
f 2744 2745 2755
f 2744 2755 2754
f 2705 2716 2715
f 2706 2755 2756
f 2715 2716 2726
f 2715 2726 2725
f 2725 2726 2736
f 2725 2736 2735
f 2735 2736 2746
f 2735 2746 2745
f 2745 2746 2756
f 2745 2756 2755
f 2705 2707 2716
f 2706 2756 2747
f 2716 2707 2717
f 2716 2717 2726
f 2726 2717 2727
f 2726 2727 2736
f 2736 2727 2737
f 2736 2737 2746
f 2746 2737 2747
f 2746 2747 2756
o MeadowGrass
usemtl color_53
s off
v -0.738097 2.778662 -3.339166
v -0.721875 2.805000 -3.329800
v -0.733518 2.775609 -3.336522
v -0.749739 2.749271 -3.345888
v -0.918413 2.876453 -3.240838
v -0.796024 2.832014 -3.170177
v -0.701501 2.731845 -3.115604
v -0.823889 2.776285 -3.186265
v -1.061954 2.944244 -3.121278
v -0.872230 2.854914 -3.011741
v -0.710371 2.709856 -2.918292
v -0.900095 2.799186 -3.027829
v -1.183344 2.987136 -2.988929
v -0.952236 2.870216 -2.855499
v -0.748992 2.697568 -2.738156
v -0.980100 2.814488 -2.871586
v -1.282364 3.001877 -2.843665
v -1.037205 2.875590 -2.702122
v -0.819910 2.693574 -2.576667
v -1.065070 2.819861 -2.718210
v -1.358656 2.987136 -2.685279
v -1.127548 2.870216 -2.551849
v -0.924304 2.697568 -2.434506
v -1.155412 2.814488 -2.567936
v -1.412579 2.944244 -2.513978
v -1.222855 2.854914 -2.404441
v -1.060996 2.709856 -2.310991
v -1.250720 2.799186 -2.420528
v -1.444350 2.876453 -2.329888
v -1.321962 2.832014 -2.259227
v -1.227438 2.731845 -2.204653
v -1.349826 2.776285 -2.275314
v -1.439347 2.778662 -2.124565
v -1.423125 2.805000 -2.115200
v -1.434768 2.775609 -2.121922
v -1.450989 2.749271 -2.131287
f 2757 2761 2762
f 2757 2762 2758
f 2758 2762 2763
f 2758 2763 2759
f 2759 2763 2764
f 2759 2764 2760
f 2760 2764 2761
f 2760 2761 2757
f 2761 2765 2766
f 2761 2766 2762
f 2762 2766 2767
f 2762 2767 2763
f 2763 2767 2768
f 2763 2768 2764
f 2764 2768 2765
f 2764 2765 2761
f 2765 2769 2770
f 2765 2770 2766
f 2766 2770 2771
f 2766 2771 2767
f 2767 2771 2772
f 2767 2772 2768
f 2768 2772 2769
f 2768 2769 2765
f 2769 2773 2774
f 2769 2774 2770
f 2770 2774 2775
f 2770 2775 2771
f 2771 2775 2776
f 2771 2776 2772
f 2772 2776 2773
f 2772 2773 2769
f 2773 2777 2778
f 2773 2778 2774
f 2774 2778 2779
f 2774 2779 2775
f 2775 2779 2780
f 2775 2780 2776
f 2776 2780 2777
f 2776 2777 2773
f 2777 2781 2782
f 2777 2782 2778
f 2778 2782 2783
f 2778 2783 2779
f 2779 2783 2784
f 2779 2784 2780
f 2780 2784 2781
f 2780 2781 2777
f 2781 2785 2786
f 2781 2786 2782
f 2782 2786 2787
f 2782 2787 2783
f 2783 2787 2788
f 2783 2788 2784
f 2784 2788 2785
f 2784 2785 2781
f 2785 2789 2790
f 2785 2790 2786
f 2786 2790 2791
f 2786 2791 2787
f 2787 2791 2792
f 2787 2792 2788
f 2788 2792 2789
f 2788 2789 2785
o MeadowGrassVein
usemtl color_54
s off
v -0.870982 2.898661 -3.172967
v -0.815294 2.861536 -3.140816
v -0.783143 2.925839 -3.122253
v -0.838831 2.962964 -3.154405
v -1.361857 2.898661 -2.322747
v -1.306169 2.861536 -2.290595
v -1.274018 2.925839 -2.272033
v -1.329706 2.962964 -2.304184
f 2793 2796 2795
f 2793 2795 2794
f 2797 2798 2799
f 2797 2799 2800
f 2793 2797 2800
f 2793 2800 2796
f 2794 2795 2799
f 2794 2799 2798
f 2796 2800 2799
f 2796 2799 2795
f 2793 2794 2798
f 2793 2798 2797
o MeadowGrass_1
usemtl color_55
s off
v 0.733518 2.775609 -3.336522
v 0.721875 2.805000 -3.329800
v 0.738097 2.778662 -3.339166
v 0.749739 2.749271 -3.345888
v 0.701501 2.731845 -3.115604
v 0.796024 2.832014 -3.170177
v 0.918413 2.876453 -3.240838
v 0.823889 2.776285 -3.186265
v 0.710371 2.709856 -2.918292
v 0.872230 2.854914 -3.011741
v 1.061954 2.944244 -3.121278
v 0.900095 2.799186 -3.027829
v 0.748992 2.697568 -2.738156
v 0.952236 2.870216 -2.855499
v 1.183344 2.987136 -2.988929
v 0.980100 2.814488 -2.871586
v 0.819910 2.693574 -2.576667
v 1.037205 2.875590 -2.702122
v 1.282364 3.001877 -2.843665
v 1.065070 2.819861 -2.718210
v 0.924304 2.697568 -2.434506
v 1.127548 2.870216 -2.551849
v 1.358656 2.987136 -2.685279
v 1.155412 2.814488 -2.567936
v 1.060996 2.709856 -2.310991
v 1.222855 2.854914 -2.404441
v 1.412579 2.944244 -2.513978
v 1.250720 2.799186 -2.420528
v 1.227438 2.731845 -2.204653
v 1.321962 2.832014 -2.259227
v 1.444350 2.876453 -2.329888
v 1.349826 2.776285 -2.275314
v 1.434768 2.775609 -2.121922
v 1.423125 2.805000 -2.115200
v 1.439347 2.778662 -2.124565
v 1.450989 2.749271 -2.131287
f 2801 2805 2806
f 2801 2806 2802
f 2802 2806 2807
f 2802 2807 2803
f 2803 2807 2808
f 2803 2808 2804
f 2804 2808 2805
f 2804 2805 2801
f 2805 2809 2810
f 2805 2810 2806
f 2806 2810 2811
f 2806 2811 2807
f 2807 2811 2812
f 2807 2812 2808
f 2808 2812 2809
f 2808 2809 2805
f 2809 2813 2814
f 2809 2814 2810
f 2810 2814 2815
f 2810 2815 2811
f 2811 2815 2816
f 2811 2816 2812
f 2812 2816 2813
f 2812 2813 2809
f 2813 2817 2818
f 2813 2818 2814
f 2814 2818 2819
f 2814 2819 2815
f 2815 2819 2820
f 2815 2820 2816
f 2816 2820 2817
f 2816 2817 2813
f 2817 2821 2822
f 2817 2822 2818
f 2818 2822 2823
f 2818 2823 2819
f 2819 2823 2824
f 2819 2824 2820
f 2820 2824 2821
f 2820 2821 2817
f 2821 2825 2826
f 2821 2826 2822
f 2822 2826 2827
f 2822 2827 2823
f 2823 2827 2828
f 2823 2828 2824
f 2824 2828 2825
f 2824 2825 2821
f 2825 2829 2830
f 2825 2830 2826
f 2826 2830 2831
f 2826 2831 2827
f 2827 2831 2832
f 2827 2832 2828
f 2828 2832 2829
f 2828 2829 2825
f 2829 2833 2834
f 2829 2834 2830
f 2830 2834 2835
f 2830 2835 2831
f 2831 2835 2836
f 2831 2836 2832
f 2832 2836 2833
f 2832 2833 2829
o MeadowGrassVein_1
usemtl color_56
s off
v 0.815294 2.861536 -3.140816
v 0.870982 2.898661 -3.172967
v 0.838831 2.962964 -3.154405
v 0.783143 2.925839 -3.122253
v 1.306169 2.861536 -2.290595
v 1.361857 2.898661 -2.322747
v 1.329706 2.962964 -2.304184
v 1.274018 2.925839 -2.272033
f 2837 2840 2839
f 2837 2839 2838
f 2841 2842 2843
f 2841 2843 2844
f 2837 2841 2844
f 2837 2844 2840
f 2838 2839 2843
f 2838 2843 2842
f 2840 2844 2843
f 2840 2843 2839
f 2837 2838 2842
f 2837 2842 2841
o MeadowGrass_2
usemtl color_57
s off
v -0.738097 2.778662 -2.382166
v -0.721875 2.805000 -2.372800
v -0.733518 2.775609 -2.379522
v -0.749739 2.749271 -2.388888
v -0.918413 2.876453 -2.283838
v -0.796024 2.832014 -2.213177
v -0.701501 2.731845 -2.158604
v -0.823889 2.776285 -2.229265
v -1.061954 2.944244 -2.164278
v -0.872230 2.854914 -2.054741
v -0.710371 2.709856 -1.961292
v -0.900095 2.799186 -2.070829
v -1.183344 2.987136 -2.031929
v -0.952236 2.870216 -1.898499
v -0.748992 2.697568 -1.781156
v -0.980100 2.814488 -1.914586
v -1.282364 3.001877 -1.886665
v -1.037205 2.875590 -1.745122
v -0.819910 2.693574 -1.619667
v -1.065070 2.819861 -1.761210
v -1.358656 2.987136 -1.728279
v -1.127548 2.870216 -1.594849
v -0.924304 2.697568 -1.477506
v -1.155412 2.814488 -1.610936
v -1.412579 2.944244 -1.556978
v -1.222855 2.854914 -1.447441
v -1.060996 2.709856 -1.353991
v -1.250720 2.799186 -1.463528
v -1.444350 2.876453 -1.372888
v -1.321962 2.832014 -1.302227
v -1.227438 2.731845 -1.247653
v -1.349826 2.776285 -1.318314
v -1.439347 2.778662 -1.167565
v -1.423125 2.805000 -1.158200
v -1.434768 2.775609 -1.164922
v -1.450989 2.749271 -1.174287
f 2845 2849 2850
f 2845 2850 2846
f 2846 2850 2851
f 2846 2851 2847
f 2847 2851 2852
f 2847 2852 2848
f 2848 2852 2849
f 2848 2849 2845
f 2849 2853 2854
f 2849 2854 2850
f 2850 2854 2855
f 2850 2855 2851
f 2851 2855 2856
f 2851 2856 2852
f 2852 2856 2853
f 2852 2853 2849
f 2853 2857 2858
f 2853 2858 2854
f 2854 2858 2859
f 2854 2859 2855
f 2855 2859 2860
f 2855 2860 2856
f 2856 2860 2857
f 2856 2857 2853
f 2857 2861 2862
f 2857 2862 2858
f 2858 2862 2863
f 2858 2863 2859
f 2859 2863 2864
f 2859 2864 2860
f 2860 2864 2861
f 2860 2861 2857
f 2861 2865 2866
f 2861 2866 2862
f 2862 2866 2867
f 2862 2867 2863
f 2863 2867 2868
f 2863 2868 2864
f 2864 2868 2865
f 2864 2865 2861
f 2865 2869 2870
f 2865 2870 2866
f 2866 2870 2871
f 2866 2871 2867
f 2867 2871 2872
f 2867 2872 2868
f 2868 2872 2869
f 2868 2869 2865
f 2869 2873 2874
f 2869 2874 2870
f 2870 2874 2875
f 2870 2875 2871
f 2871 2875 2876
f 2871 2876 2872
f 2872 2876 2873
f 2872 2873 2869
f 2873 2877 2878
f 2873 2878 2874
f 2874 2878 2879
f 2874 2879 2875
f 2875 2879 2880
f 2875 2880 2876
f 2876 2880 2877
f 2876 2877 2873
o MeadowGrassVein_2
usemtl color_58
s off
v -0.870982 2.898661 -2.215967
v -0.815294 2.861536 -2.183816
v -0.783143 2.925839 -2.165253
v -0.838831 2.962964 -2.197405
v -1.361857 2.898661 -1.365747
v -1.306169 2.861536 -1.333595
v -1.274018 2.925839 -1.315033
v -1.329706 2.962964 -1.347184
f 2881 2884 2883
f 2881 2883 2882
f 2885 2886 2887
f 2885 2887 2888
f 2881 2885 2888
f 2881 2888 2884
f 2882 2883 2887
f 2882 2887 2886
f 2884 2888 2887
f 2884 2887 2883
f 2881 2882 2886
f 2881 2886 2885
o MeadowGrass_3
usemtl color_59
s off
v 0.733518 2.775609 -2.379522
v 0.721875 2.805000 -2.372800
v 0.738097 2.778662 -2.382166
v 0.749739 2.749271 -2.388888
v 0.701501 2.731845 -2.158604
v 0.796024 2.832014 -2.213177
v 0.918413 2.876453 -2.283838
v 0.823889 2.776285 -2.229265
v 0.710371 2.709856 -1.961292
v 0.872230 2.854914 -2.054741
v 1.061954 2.944244 -2.164278
v 0.900095 2.799186 -2.070829
v 0.748992 2.697568 -1.781156
v 0.952236 2.870216 -1.898499
v 1.183344 2.987136 -2.031929
v 0.980100 2.814488 -1.914586
v 0.819910 2.693574 -1.619667
v 1.037205 2.875590 -1.745122
v 1.282364 3.001877 -1.886665
v 1.065070 2.819861 -1.761210
v 0.924304 2.697568 -1.477506
v 1.127548 2.870216 -1.594849
v 1.358656 2.987136 -1.728279
v 1.155412 2.814488 -1.610936
v 1.060996 2.709856 -1.353991
v 1.222855 2.854914 -1.447441
v 1.412579 2.944244 -1.556978
v 1.250720 2.799186 -1.463528
v 1.227438 2.731845 -1.247653
v 1.321962 2.832014 -1.302227
v 1.444350 2.876453 -1.372888
v 1.349826 2.776285 -1.318314
v 1.434768 2.775609 -1.164922
v 1.423125 2.805000 -1.158200
v 1.439347 2.778662 -1.167565
v 1.450989 2.749271 -1.174287
f 2889 2893 2894
f 2889 2894 2890
f 2890 2894 2895
f 2890 2895 2891
f 2891 2895 2896
f 2891 2896 2892
f 2892 2896 2893
f 2892 2893 2889
f 2893 2897 2898
f 2893 2898 2894
f 2894 2898 2899
f 2894 2899 2895
f 2895 2899 2900
f 2895 2900 2896
f 2896 2900 2897
f 2896 2897 2893
f 2897 2901 2902
f 2897 2902 2898
f 2898 2902 2903
f 2898 2903 2899
f 2899 2903 2904
f 2899 2904 2900
f 2900 2904 2901
f 2900 2901 2897
f 2901 2905 2906
f 2901 2906 2902
f 2902 2906 2907
f 2902 2907 2903
f 2903 2907 2908
f 2903 2908 2904
f 2904 2908 2905
f 2904 2905 2901
f 2905 2909 2910
f 2905 2910 2906
f 2906 2910 2911
f 2906 2911 2907
f 2907 2911 2912
f 2907 2912 2908
f 2908 2912 2909
f 2908 2909 2905
f 2909 2913 2914
f 2909 2914 2910
f 2910 2914 2915
f 2910 2915 2911
f 2911 2915 2916
f 2911 2916 2912
f 2912 2916 2913
f 2912 2913 2909
f 2913 2917 2918
f 2913 2918 2914
f 2914 2918 2919
f 2914 2919 2915
f 2915 2919 2920
f 2915 2920 2916
f 2916 2920 2917
f 2916 2917 2913
f 2917 2921 2922
f 2917 2922 2918
f 2918 2922 2923
f 2918 2923 2919
f 2919 2923 2924
f 2919 2924 2920
f 2920 2924 2921
f 2920 2921 2917
o MeadowGrassVein_3
usemtl color_60
s off
v 0.815294 2.861536 -2.183816
v 0.870982 2.898661 -2.215967
v 0.838831 2.962964 -2.197405
v 0.783143 2.925839 -2.165253
v 1.306169 2.861536 -1.333595
v 1.361857 2.898661 -1.365747
v 1.329706 2.962964 -1.347184
v 1.274018 2.925839 -1.315033
f 2925 2928 2927
f 2925 2927 2926
f 2929 2930 2931
f 2929 2931 2932
f 2925 2929 2932
f 2925 2932 2928
f 2926 2927 2931
f 2926 2931 2930
f 2928 2932 2931
f 2928 2931 2927
f 2925 2926 2930
f 2925 2930 2929
o MeadowGrass_4
usemtl color_61
s off
v -0.738097 2.778662 -1.425166
v -0.721875 2.805000 -1.415800
v -0.733518 2.775609 -1.422522
v -0.749739 2.749271 -1.431888
v -0.918413 2.876453 -1.326838
v -0.796024 2.832014 -1.256177
v -0.701501 2.731845 -1.201604
v -0.823889 2.776285 -1.272265
v -1.061954 2.944244 -1.207278
v -0.872230 2.854914 -1.097741
v -0.710371 2.709856 -1.004292
v -0.900095 2.799186 -1.113829
v -1.183344 2.987136 -1.074929
v -0.952236 2.870216 -0.941499
v -0.748992 2.697568 -0.824156
v -0.980100 2.814488 -0.957586
v -1.282364 3.001877 -0.929665
v -1.037205 2.875590 -0.788122
v -0.819910 2.693574 -0.662667
v -1.065070 2.819861 -0.804210
v -1.358656 2.987136 -0.771279
v -1.127548 2.870216 -0.637849
v -0.924304 2.697568 -0.520506
v -1.155412 2.814488 -0.653936
v -1.412579 2.944244 -0.599978
v -1.222855 2.854914 -0.490441
v -1.060996 2.709856 -0.396991
v -1.250720 2.799186 -0.506528
v -1.444350 2.876453 -0.415888
v -1.321962 2.832014 -0.345227
v -1.227438 2.731845 -0.290653
v -1.349826 2.776285 -0.361314
v -1.439347 2.778662 -0.210565
v -1.423125 2.805000 -0.201200
v -1.434768 2.775609 -0.207922
v -1.450989 2.749271 -0.217287
f 2933 2937 2938
f 2933 2938 2934
f 2934 2938 2939
f 2934 2939 2935
f 2935 2939 2940
f 2935 2940 2936
f 2936 2940 2937
f 2936 2937 2933
f 2937 2941 2942
f 2937 2942 2938
f 2938 2942 2943
f 2938 2943 2939
f 2939 2943 2944
f 2939 2944 2940
f 2940 2944 2941
f 2940 2941 2937
f 2941 2945 2946
f 2941 2946 2942
f 2942 2946 2947
f 2942 2947 2943
f 2943 2947 2948
f 2943 2948 2944
f 2944 2948 2945
f 2944 2945 2941
f 2945 2949 2950
f 2945 2950 2946
f 2946 2950 2951
f 2946 2951 2947
f 2947 2951 2952
f 2947 2952 2948
f 2948 2952 2949
f 2948 2949 2945
f 2949 2953 2954
f 2949 2954 2950
f 2950 2954 2955
f 2950 2955 2951
f 2951 2955 2956
f 2951 2956 2952
f 2952 2956 2953
f 2952 2953 2949
f 2953 2957 2958
f 2953 2958 2954
f 2954 2958 2959
f 2954 2959 2955
f 2955 2959 2960
f 2955 2960 2956
f 2956 2960 2957
f 2956 2957 2953
f 2957 2961 2962
f 2957 2962 2958
f 2958 2962 2963
f 2958 2963 2959
f 2959 2963 2964
f 2959 2964 2960
f 2960 2964 2961
f 2960 2961 2957
f 2961 2965 2966
f 2961 2966 2962
f 2962 2966 2967
f 2962 2967 2963
f 2963 2967 2968
f 2963 2968 2964
f 2964 2968 2965
f 2964 2965 2961
o MeadowGrassVein_4
usemtl color_62
s off
v -0.870982 2.898661 -1.258967
v -0.815294 2.861536 -1.226816
v -0.783143 2.925839 -1.208253
v -0.838831 2.962964 -1.240405
v -1.361857 2.898661 -0.408747
v -1.306169 2.861536 -0.376595
v -1.274018 2.925839 -0.358033
v -1.329706 2.962964 -0.390184
f 2969 2972 2971
f 2969 2971 2970
f 2973 2974 2975
f 2973 2975 2976
f 2969 2973 2976
f 2969 2976 2972
f 2970 2971 2975
f 2970 2975 2974
f 2972 2976 2975
f 2972 2975 2971
f 2969 2970 2974
f 2969 2974 2973
o MeadowGrass_5
usemtl color_63
s off
v 0.733518 2.775609 -1.422522
v 0.721875 2.805000 -1.415800
v 0.738097 2.778662 -1.425166
v 0.749739 2.749271 -1.431888
v 0.701501 2.731845 -1.201604
v 0.796024 2.832014 -1.256177
v 0.918413 2.876453 -1.326838
v 0.823889 2.776285 -1.272265
v 0.710371 2.709856 -1.004292
v 0.872230 2.854914 -1.097741
v 1.061954 2.944244 -1.207278
v 0.900095 2.799186 -1.113829
v 0.748992 2.697568 -0.824156
v 0.952236 2.870216 -0.941499
v 1.183344 2.987136 -1.074929
v 0.980100 2.814488 -0.957586
v 0.819910 2.693574 -0.662667
v 1.037205 2.875590 -0.788122
v 1.282364 3.001877 -0.929665
v 1.065070 2.819861 -0.804210
v 0.924304 2.697568 -0.520506
v 1.127548 2.870216 -0.637849
v 1.358656 2.987136 -0.771279
v 1.155412 2.814488 -0.653936
v 1.060996 2.709856 -0.396991
v 1.222855 2.854914 -0.490441
v 1.412579 2.944244 -0.599978
v 1.250720 2.799186 -0.506528
v 1.227438 2.731845 -0.290653
v 1.321962 2.832014 -0.345227
v 1.444350 2.876453 -0.415888
v 1.349826 2.776285 -0.361314
v 1.434768 2.775609 -0.207922
v 1.423125 2.805000 -0.201200
v 1.439347 2.778662 -0.210565
v 1.450989 2.749271 -0.217287
f 2977 2981 2982
f 2977 2982 2978
f 2978 2982 2983
f 2978 2983 2979
f 2979 2983 2984
f 2979 2984 2980
f 2980 2984 2981
f 2980 2981 2977
f 2981 2985 2986
f 2981 2986 2982
f 2982 2986 2987
f 2982 2987 2983
f 2983 2987 2988
f 2983 2988 2984
f 2984 2988 2985
f 2984 2985 2981
f 2985 2989 2990
f 2985 2990 2986
f 2986 2990 2991
f 2986 2991 2987
f 2987 2991 2992
f 2987 2992 2988
f 2988 2992 2989
f 2988 2989 2985
f 2989 2993 2994
f 2989 2994 2990
f 2990 2994 2995
f 2990 2995 2991
f 2991 2995 2996
f 2991 2996 2992
f 2992 2996 2993
f 2992 2993 2989
f 2993 2997 2998
f 2993 2998 2994
f 2994 2998 2999
f 2994 2999 2995
f 2995 2999 3000
f 2995 3000 2996
f 2996 3000 2997
f 2996 2997 2993
f 2997 3001 3002
f 2997 3002 2998
f 2998 3002 3003
f 2998 3003 2999
f 2999 3003 3004
f 2999 3004 3000
f 3000 3004 3001
f 3000 3001 2997
f 3001 3005 3006
f 3001 3006 3002
f 3002 3006 3007
f 3002 3007 3003
f 3003 3007 3008
f 3003 3008 3004
f 3004 3008 3005
f 3004 3005 3001
f 3005 3009 3010
f 3005 3010 3006
f 3006 3010 3011
f 3006 3011 3007
f 3007 3011 3012
f 3007 3012 3008
f 3008 3012 3009
f 3008 3009 3005
o MeadowGrassVein_5
usemtl color_64
s off
v 0.815294 2.861536 -1.226816
v 0.870982 2.898661 -1.258967
v 0.838831 2.962964 -1.240405
v 0.783143 2.925839 -1.208253
v 1.306169 2.861536 -0.376595
v 1.361857 2.898661 -0.408747
v 1.329706 2.962964 -0.390184
v 1.274018 2.925839 -0.358033
f 3013 3016 3015
f 3013 3015 3014
f 3017 3018 3019
f 3017 3019 3020
f 3013 3017 3020
f 3013 3020 3016
f 3014 3015 3019
f 3014 3019 3018
f 3016 3020 3019
f 3016 3019 3015
f 3013 3014 3018
f 3013 3018 3017
o MeadowDaisyPetal
usemtl color_65
s off
v 1.320000 3.003000 -2.523675
v 1.320000 2.805000 -2.523675
v 1.447875 2.989737 -2.523675
v 1.423453 2.989737 -2.448512
v 1.359516 2.989737 -2.402059
v 1.280484 2.989737 -2.402059
v 1.216547 2.989737 -2.448512
v 1.192125 2.989737 -2.523675
v 1.216547 2.989737 -2.598838
v 1.280484 2.989737 -2.645291
v 1.359516 2.989737 -2.645291
v 1.423453 2.989737 -2.598838
v 1.541486 2.953500 -2.523675
v 1.499186 2.953500 -2.393489
v 1.388443 2.953500 -2.313029
v 1.251557 2.953500 -2.313029
v 1.140814 2.953500 -2.393489
v 1.098514 2.953500 -2.523675
v 1.140814 2.953500 -2.653861
v 1.251557 2.953500 -2.734321
v 1.388443 2.953500 -2.734321
v 1.499186 2.953500 -2.653861
v 1.575750 2.904000 -2.523675
v 1.526906 2.904000 -2.373349
v 1.399031 2.904000 -2.280442
v 1.240969 2.904000 -2.280442
v 1.113094 2.904000 -2.373349
v 1.064250 2.904000 -2.523675
v 1.113094 2.904000 -2.674001
v 1.240969 2.904000 -2.766908
v 1.399031 2.904000 -2.766908
v 1.526906 2.904000 -2.674001
v 1.541486 2.854500 -2.523675
v 1.499186 2.854500 -2.393489
v 1.388443 2.854500 -2.313029
v 1.251557 2.854500 -2.313029
v 1.140814 2.854500 -2.393489
v 1.098514 2.854500 -2.523675
v 1.140814 2.854500 -2.653861
v 1.251557 2.854500 -2.734321
v 1.388443 2.854500 -2.734321
v 1.499186 2.854500 -2.653861
v 1.447875 2.818263 -2.523675
v 1.423453 2.818263 -2.448512
v 1.359516 2.818263 -2.402059
v 1.280484 2.818263 -2.402059
v 1.216547 2.818263 -2.448512
v 1.192125 2.818263 -2.523675
v 1.216547 2.818263 -2.598838
v 1.280484 2.818263 -2.645291
v 1.359516 2.818263 -2.645291
v 1.423453 2.818263 -2.598838
f 3021 3024 3023
f 3022 3063 3064
f 3023 3024 3034
f 3023 3034 3033
f 3033 3034 3044
f 3033 3044 3043
f 3043 3044 3054
f 3043 3054 3053
f 3053 3054 3064
f 3053 3064 3063
f 3021 3025 3024
f 3022 3064 3065
f 3024 3025 3035
f 3024 3035 3034
f 3034 3035 3045
f 3034 3045 3044
f 3044 3045 3055
f 3044 3055 3054
f 3054 3055 3065
f 3054 3065 3064
f 3021 3026 3025
f 3022 3065 3066
f 3025 3026 3036
f 3025 3036 3035
f 3035 3036 3046
f 3035 3046 3045
f 3045 3046 3056
f 3045 3056 3055
f 3055 3056 3066
f 3055 3066 3065
f 3021 3027 3026
f 3022 3066 3067
f 3026 3027 3037
f 3026 3037 3036
f 3036 3037 3047
f 3036 3047 3046
f 3046 3047 3057
f 3046 3057 3056
f 3056 3057 3067
f 3056 3067 3066
f 3021 3028 3027
f 3022 3067 3068
f 3027 3028 3038
f 3027 3038 3037
f 3037 3038 3048
f 3037 3048 3047
f 3047 3048 3058
f 3047 3058 3057
f 3057 3058 3068
f 3057 3068 3067
f 3021 3029 3028
f 3022 3068 3069
f 3028 3029 3039
f 3028 3039 3038
f 3038 3039 3049
f 3038 3049 3048
f 3048 3049 3059
f 3048 3059 3058
f 3058 3059 3069
f 3058 3069 3068
f 3021 3030 3029
f 3022 3069 3070
f 3029 3030 3040
f 3029 3040 3039
f 3039 3040 3050
f 3039 3050 3049
f 3049 3050 3060
f 3049 3060 3059
f 3059 3060 3070
f 3059 3070 3069
f 3021 3031 3030
f 3022 3070 3071
f 3030 3031 3041
f 3030 3041 3040
f 3040 3041 3051
f 3040 3051 3050
f 3050 3051 3061
f 3050 3061 3060
f 3060 3061 3071
f 3060 3071 3070
f 3021 3032 3031
f 3022 3071 3072
f 3031 3032 3042
f 3031 3042 3041
f 3041 3042 3052
f 3041 3052 3051
f 3051 3052 3062
f 3051 3062 3061
f 3061 3062 3072
f 3061 3072 3071
f 3021 3023 3032
f 3022 3072 3063
f 3032 3023 3033
f 3032 3033 3042
f 3042 3033 3043
f 3042 3043 3052
f 3052 3043 3053
f 3052 3053 3062
f 3062 3053 3063
f 3062 3063 3072
o MeadowDaisyPetal_1
usemtl color_66
s off
v 1.587556 3.003000 -2.718066
v 1.587556 2.805000 -2.718066
v 1.715431 2.989737 -2.718066
v 1.691009 2.989737 -2.642903
v 1.627072 2.989737 -2.596449
v 1.548040 2.989737 -2.596449
v 1.484103 2.989737 -2.642903
v 1.459681 2.989737 -2.718066
v 1.484103 2.989737 -2.793229
v 1.548040 2.989737 -2.839682
v 1.627072 2.989737 -2.839682
v 1.691009 2.989737 -2.793229
v 1.809042 2.953500 -2.718066
v 1.766742 2.953500 -2.587880
v 1.655999 2.953500 -2.507420
v 1.519113 2.953500 -2.507420
v 1.408370 2.953500 -2.587880
v 1.366070 2.953500 -2.718066
v 1.408370 2.953500 -2.848252
v 1.519113 2.953500 -2.928711
v 1.655999 2.953500 -2.928711
v 1.766742 2.953500 -2.848252
v 1.843306 2.904000 -2.718066
v 1.794462 2.904000 -2.567740
v 1.666587 2.904000 -2.474833
v 1.508525 2.904000 -2.474833
v 1.380650 2.904000 -2.567740
v 1.331806 2.904000 -2.718066
v 1.380650 2.904000 -2.868392
v 1.508525 2.904000 -2.961298
v 1.666587 2.904000 -2.961298
v 1.794462 2.904000 -2.868392
v 1.809042 2.854500 -2.718066
v 1.766742 2.854500 -2.587880
v 1.655999 2.854500 -2.507420
v 1.519113 2.854500 -2.507420
v 1.408370 2.854500 -2.587880
v 1.366070 2.854500 -2.718066
v 1.408370 2.854500 -2.848252
v 1.519113 2.854500 -2.928711
v 1.655999 2.854500 -2.928711
v 1.766742 2.854500 -2.848252
v 1.715431 2.818263 -2.718066
v 1.691009 2.818263 -2.642903
v 1.627072 2.818263 -2.596449
v 1.548040 2.818263 -2.596449
v 1.484103 2.818263 -2.642903
v 1.459681 2.818263 -2.718066
v 1.484103 2.818263 -2.793229
v 1.548040 2.818263 -2.839682
v 1.627072 2.818263 -2.839682
v 1.691009 2.818263 -2.793229
f 3073 3076 3075
f 3074 3115 3116
f 3075 3076 3086
f 3075 3086 3085
f 3085 3086 3096
f 3085 3096 3095
f 3095 3096 3106
f 3095 3106 3105
f 3105 3106 3116
f 3105 3116 3115
f 3073 3077 3076
f 3074 3116 3117
f 3076 3077 3087
f 3076 3087 3086
f 3086 3087 3097
f 3086 3097 3096
f 3096 3097 3107
f 3096 3107 3106
f 3106 3107 3117
f 3106 3117 3116
f 3073 3078 3077
f 3074 3117 3118
f 3077 3078 3088
f 3077 3088 3087
f 3087 3088 3098
f 3087 3098 3097
f 3097 3098 3108
f 3097 3108 3107
f 3107 3108 3118
f 3107 3118 3117
f 3073 3079 3078
f 3074 3118 3119
f 3078 3079 3089
f 3078 3089 3088
f 3088 3089 3099
f 3088 3099 3098
f 3098 3099 3109
f 3098 3109 3108
f 3108 3109 3119
f 3108 3119 3118
f 3073 3080 3079
f 3074 3119 3120
f 3079 3080 3090
f 3079 3090 3089
f 3089 3090 3100
f 3089 3100 3099
f 3099 3100 3110
f 3099 3110 3109
f 3109 3110 3120
f 3109 3120 3119
f 3073 3081 3080
f 3074 3120 3121
f 3080 3081 3091
f 3080 3091 3090
f 3090 3091 3101
f 3090 3101 3100
f 3100 3101 3111
f 3100 3111 3110
f 3110 3111 3121
f 3110 3121 3120
f 3073 3082 3081
f 3074 3121 3122
f 3081 3082 3092
f 3081 3092 3091
f 3091 3092 3102
f 3091 3102 3101
f 3101 3102 3112
f 3101 3112 3111
f 3111 3112 3122
f 3111 3122 3121
f 3073 3083 3082
f 3074 3122 3123
f 3082 3083 3093
f 3082 3093 3092
f 3092 3093 3103
f 3092 3103 3102
f 3102 3103 3113
f 3102 3113 3112
f 3112 3113 3123
f 3112 3123 3122
f 3073 3084 3083
f 3074 3123 3124
f 3083 3084 3094
f 3083 3094 3093
f 3093 3094 3104
f 3093 3104 3103
f 3103 3104 3114
f 3103 3114 3113
f 3113 3114 3124
f 3113 3124 3123
f 3073 3075 3084
f 3074 3124 3115
f 3084 3075 3085
f 3084 3085 3094
f 3094 3085 3095
f 3094 3095 3104
f 3104 3095 3105
f 3104 3105 3114
f 3114 3105 3115
f 3114 3115 3124
o MeadowDaisyPetal_2
usemtl color_67
s off
v 1.485359 3.003000 -3.032597
v 1.485359 2.805000 -3.032597
v 1.613234 2.989737 -3.032597
v 1.588812 2.989737 -2.957434
v 1.524874 2.989737 -2.910980
v 1.445843 2.989737 -2.910980
v 1.381906 2.989737 -2.957434
v 1.357484 2.989737 -3.032597
v 1.381906 2.989737 -3.107760
v 1.445843 2.989737 -3.154213
v 1.524874 2.989737 -3.154213
v 1.588812 2.989737 -3.107760
v 1.706845 2.953500 -3.032597
v 1.664545 2.953500 -2.902411
v 1.553802 2.953500 -2.821951
v 1.416916 2.953500 -2.821951
v 1.306173 2.953500 -2.902411
v 1.263873 2.953500 -3.032597
v 1.306173 2.953500 -3.162783
v 1.416916 2.953500 -3.243242
v 1.553802 2.953500 -3.243242
v 1.664545 2.953500 -3.162783
v 1.741109 2.904000 -3.032597
v 1.692265 2.904000 -2.882271
v 1.564390 2.904000 -2.789364
v 1.406328 2.904000 -2.789364
v 1.278453 2.904000 -2.882271
v 1.229609 2.904000 -3.032597
v 1.278453 2.904000 -3.182923
v 1.406328 2.904000 -3.275829
v 1.564390 2.904000 -3.275829
v 1.692265 2.904000 -3.182923
v 1.706845 2.854500 -3.032597
v 1.664545 2.854500 -2.902411
v 1.553802 2.854500 -2.821951
v 1.416916 2.854500 -2.821951
v 1.306173 2.854500 -2.902411
v 1.263873 2.854500 -3.032597
v 1.306173 2.854500 -3.162783
v 1.416916 2.854500 -3.243242
v 1.553802 2.854500 -3.243242
v 1.664545 2.854500 -3.162783
v 1.613234 2.818263 -3.032597
v 1.588812 2.818263 -2.957434
v 1.524874 2.818263 -2.910980
v 1.445843 2.818263 -2.910980
v 1.381906 2.818263 -2.957434
v 1.357484 2.818263 -3.032597
v 1.381906 2.818263 -3.107760
v 1.445843 2.818263 -3.154213
v 1.524874 2.818263 -3.154213
v 1.588812 2.818263 -3.107760
f 3125 3128 3127
f 3126 3167 3168
f 3127 3128 3138
f 3127 3138 3137
f 3137 3138 3148
f 3137 3148 3147
f 3147 3148 3158
f 3147 3158 3157
f 3157 3158 3168
f 3157 3168 3167
f 3125 3129 3128
f 3126 3168 3169
f 3128 3129 3139
f 3128 3139 3138
f 3138 3139 3149
f 3138 3149 3148
f 3148 3149 3159
f 3148 3159 3158
f 3158 3159 3169
f 3158 3169 3168
f 3125 3130 3129
f 3126 3169 3170
f 3129 3130 3140
f 3129 3140 3139
f 3139 3140 3150
f 3139 3150 3149
f 3149 3150 3160
f 3149 3160 3159
f 3159 3160 3170
f 3159 3170 3169
f 3125 3131 3130
f 3126 3170 3171
f 3130 3131 3141
f 3130 3141 3140
f 3140 3141 3151
f 3140 3151 3150
f 3150 3151 3161
f 3150 3161 3160
f 3160 3161 3171
f 3160 3171 3170
f 3125 3132 3131
f 3126 3171 3172
f 3131 3132 3142
f 3131 3142 3141
f 3141 3142 3152
f 3141 3152 3151
f 3151 3152 3162
f 3151 3162 3161
f 3161 3162 3172
f 3161 3172 3171
f 3125 3133 3132
f 3126 3172 3173
f 3132 3133 3143
f 3132 3143 3142
f 3142 3143 3153
f 3142 3153 3152
f 3152 3153 3163
f 3152 3163 3162
f 3162 3163 3173
f 3162 3173 3172
f 3125 3134 3133
f 3126 3173 3174
f 3133 3134 3144
f 3133 3144 3143
f 3143 3144 3154
f 3143 3154 3153
f 3153 3154 3164
f 3153 3164 3163
f 3163 3164 3174
f 3163 3174 3173
f 3125 3135 3134
f 3126 3174 3175
f 3134 3135 3145
f 3134 3145 3144
f 3144 3145 3155
f 3144 3155 3154
f 3154 3155 3165
f 3154 3165 3164
f 3164 3165 3175
f 3164 3175 3174
f 3125 3136 3135
f 3126 3175 3176
f 3135 3136 3146
f 3135 3146 3145
f 3145 3146 3156
f 3145 3156 3155
f 3155 3156 3166
f 3155 3166 3165
f 3165 3166 3176
f 3165 3176 3175
f 3125 3127 3136
f 3126 3176 3167
f 3136 3127 3137
f 3136 3137 3146
f 3146 3137 3147
f 3146 3147 3156
f 3156 3147 3157
f 3156 3157 3166
f 3166 3157 3167
f 3166 3167 3176
o MeadowDaisyPetal_3
usemtl color_68
s off
v 1.154641 3.003000 -3.032597
v 1.154641 2.805000 -3.032597
v 1.282516 2.989737 -3.032597
v 1.258094 2.989737 -2.957434
v 1.194157 2.989737 -2.910980
v 1.115126 2.989737 -2.910980
v 1.051188 2.989737 -2.957434
v 1.026766 2.989737 -3.032597
v 1.051188 2.989737 -3.107760
v 1.115126 2.989737 -3.154213
v 1.194157 2.989737 -3.154213
v 1.258094 2.989737 -3.107760
v 1.376127 2.953500 -3.032597
v 1.333827 2.953500 -2.902411
v 1.223084 2.953500 -2.821951
v 1.086198 2.953500 -2.821951
v 0.975455 2.953500 -2.902411
v 0.933155 2.953500 -3.032597
v 0.975455 2.953500 -3.162783
v 1.086198 2.953500 -3.243242
v 1.223084 2.953500 -3.243242
v 1.333827 2.953500 -3.162783
v 1.410391 2.904000 -3.032597
v 1.361547 2.904000 -2.882271
v 1.233672 2.904000 -2.789364
v 1.075610 2.904000 -2.789364
v 0.947735 2.904000 -2.882271
v 0.898891 2.904000 -3.032597
v 0.947735 2.904000 -3.182923
v 1.075610 2.904000 -3.275829
v 1.233672 2.904000 -3.275829
v 1.361547 2.904000 -3.182923
v 1.376127 2.854500 -3.032597
v 1.333827 2.854500 -2.902411
v 1.223084 2.854500 -2.821951
v 1.086198 2.854500 -2.821951
v 0.975455 2.854500 -2.902411
v 0.933155 2.854500 -3.032597
v 0.975455 2.854500 -3.162783
v 1.086198 2.854500 -3.243242
v 1.223084 2.854500 -3.243242
v 1.333827 2.854500 -3.162783
v 1.282516 2.818263 -3.032597
v 1.258094 2.818263 -2.957434
v 1.194157 2.818263 -2.910980
v 1.115126 2.818263 -2.910980
v 1.051188 2.818263 -2.957434
v 1.026766 2.818263 -3.032597
v 1.051188 2.818263 -3.107760
v 1.115126 2.818263 -3.154213
v 1.194157 2.818263 -3.154213
v 1.258094 2.818263 -3.107760
f 3177 3180 3179
f 3178 3219 3220
f 3179 3180 3190
f 3179 3190 3189
f 3189 3190 3200
f 3189 3200 3199
f 3199 3200 3210
f 3199 3210 3209
f 3209 3210 3220
f 3209 3220 3219
f 3177 3181 3180
f 3178 3220 3221
f 3180 3181 3191
f 3180 3191 3190
f 3190 3191 3201
f 3190 3201 3200
f 3200 3201 3211
f 3200 3211 3210
f 3210 3211 3221
f 3210 3221 3220
f 3177 3182 3181
f 3178 3221 3222
f 3181 3182 3192
f 3181 3192 3191
f 3191 3192 3202
f 3191 3202 3201
f 3201 3202 3212
f 3201 3212 3211
f 3211 3212 3222
f 3211 3222 3221
f 3177 3183 3182
f 3178 3222 3223
f 3182 3183 3193
f 3182 3193 3192
f 3192 3193 3203
f 3192 3203 3202
f 3202 3203 3213
f 3202 3213 3212
f 3212 3213 3223
f 3212 3223 3222
f 3177 3184 3183
f 3178 3223 3224
f 3183 3184 3194
f 3183 3194 3193
f 3193 3194 3204
f 3193 3204 3203
f 3203 3204 3214
f 3203 3214 3213
f 3213 3214 3224
f 3213 3224 3223
f 3177 3185 3184
f 3178 3224 3225
f 3184 3185 3195
f 3184 3195 3194
f 3194 3195 3205
f 3194 3205 3204
f 3204 3205 3215
f 3204 3215 3214
f 3214 3215 3225
f 3214 3225 3224
f 3177 3186 3185
f 3178 3225 3226
f 3185 3186 3196
f 3185 3196 3195
f 3195 3196 3206
f 3195 3206 3205
f 3205 3206 3216
f 3205 3216 3215
f 3215 3216 3226
f 3215 3226 3225
f 3177 3187 3186
f 3178 3226 3227
f 3186 3187 3197
f 3186 3197 3196
f 3196 3197 3207
f 3196 3207 3206
f 3206 3207 3217
f 3206 3217 3216
f 3216 3217 3227
f 3216 3227 3226
f 3177 3188 3187
f 3178 3227 3228
f 3187 3188 3198
f 3187 3198 3197
f 3197 3198 3208
f 3197 3208 3207
f 3207 3208 3218
f 3207 3218 3217
f 3217 3218 3228
f 3217 3228 3227
f 3177 3179 3188
f 3178 3228 3219
f 3188 3179 3189
f 3188 3189 3198
f 3198 3189 3199
f 3198 3199 3208
f 3208 3199 3209
f 3208 3209 3218
f 3218 3209 3219
f 3218 3219 3228
o MeadowDaisyPetal_4
usemtl color_69
s off
v 1.052444 3.003000 -2.718066
v 1.052444 2.805000 -2.718066
v 1.180319 2.989737 -2.718066
v 1.155897 2.989737 -2.642903
v 1.091960 2.989737 -2.596449
v 1.012928 2.989737 -2.596449
v 0.948991 2.989737 -2.642903
v 0.924569 2.989737 -2.718066
v 0.948991 2.989737 -2.793229
v 1.012928 2.989737 -2.839682
v 1.091960 2.989737 -2.839682
v 1.155897 2.989737 -2.793229
v 1.273930 2.953500 -2.718066
v 1.231630 2.953500 -2.587880
v 1.120887 2.953500 -2.507420
v 0.984001 2.953500 -2.507420
v 0.873258 2.953500 -2.587880
v 0.830958 2.953500 -2.718066
v 0.873258 2.953500 -2.848252
v 0.984001 2.953500 -2.928711
v 1.120887 2.953500 -2.928711
v 1.231630 2.953500 -2.848252
v 1.308194 2.904000 -2.718066
v 1.259350 2.904000 -2.567740
v 1.131475 2.904000 -2.474833
v 0.973413 2.904000 -2.474833
v 0.845538 2.904000 -2.567740
v 0.796694 2.904000 -2.718066
v 0.845538 2.904000 -2.868392
v 0.973413 2.904000 -2.961298
v 1.131475 2.904000 -2.961298
v 1.259350 2.904000 -2.868392
v 1.273930 2.854500 -2.718066
v 1.231630 2.854500 -2.587880
v 1.120887 2.854500 -2.507420
v 0.984001 2.854500 -2.507420
v 0.873258 2.854500 -2.587880
v 0.830958 2.854500 -2.718066
v 0.873258 2.854500 -2.848252
v 0.984001 2.854500 -2.928711
v 1.120887 2.854500 -2.928711
v 1.231630 2.854500 -2.848252
v 1.180319 2.818263 -2.718066
v 1.155897 2.818263 -2.642903
v 1.091960 2.818263 -2.596449
v 1.012928 2.818263 -2.596449
v 0.948991 2.818263 -2.642903
v 0.924569 2.818263 -2.718066
v 0.948991 2.818263 -2.793229
v 1.012928 2.818263 -2.839682
v 1.091960 2.818263 -2.839682
v 1.155897 2.818263 -2.793229
f 3229 3232 3231
f 3230 3271 3272
f 3231 3232 3242
f 3231 3242 3241
f 3241 3242 3252
f 3241 3252 3251
f 3251 3252 3262
f 3251 3262 3261
f 3261 3262 3272
f 3261 3272 3271
f 3229 3233 3232
f 3230 3272 3273
f 3232 3233 3243
f 3232 3243 3242
f 3242 3243 3253
f 3242 3253 3252
f 3252 3253 3263
f 3252 3263 3262
f 3262 3263 3273
f 3262 3273 3272
f 3229 3234 3233
f 3230 3273 3274
f 3233 3234 3244
f 3233 3244 3243
f 3243 3244 3254
f 3243 3254 3253
f 3253 3254 3264
f 3253 3264 3263
f 3263 3264 3274
f 3263 3274 3273
f 3229 3235 3234
f 3230 3274 3275
f 3234 3235 3245
f 3234 3245 3244
f 3244 3245 3255
f 3244 3255 3254
f 3254 3255 3265
f 3254 3265 3264
f 3264 3265 3275
f 3264 3275 3274
f 3229 3236 3235
f 3230 3275 3276
f 3235 3236 3246
f 3235 3246 3245
f 3245 3246 3256
f 3245 3256 3255
f 3255 3256 3266
f 3255 3266 3265
f 3265 3266 3276
f 3265 3276 3275
f 3229 3237 3236
f 3230 3276 3277
f 3236 3237 3247
f 3236 3247 3246
f 3246 3247 3257
f 3246 3257 3256
f 3256 3257 3267
f 3256 3267 3266
f 3266 3267 3277
f 3266 3277 3276
f 3229 3238 3237
f 3230 3277 3278
f 3237 3238 3248
f 3237 3248 3247
f 3247 3248 3258
f 3247 3258 3257
f 3257 3258 3268
f 3257 3268 3267
f 3267 3268 3278
f 3267 3278 3277
f 3229 3239 3238
f 3230 3278 3279
f 3238 3239 3249
f 3238 3249 3248
f 3248 3249 3259
f 3248 3259 3258
f 3258 3259 3269
f 3258 3269 3268
f 3268 3269 3279
f 3268 3279 3278
f 3229 3240 3239
f 3230 3279 3280
f 3239 3240 3250
f 3239 3250 3249
f 3249 3250 3260
f 3249 3260 3259
f 3259 3260 3270
f 3259 3270 3269
f 3269 3270 3280
f 3269 3280 3279
f 3229 3231 3240
f 3230 3280 3271
f 3240 3231 3241
f 3240 3241 3250
f 3250 3241 3251
f 3250 3251 3260
f 3260 3251 3261
f 3260 3261 3270
f 3270 3261 3271
f 3270 3271 3280
o MeadowDaisyHeart
usemtl color_70
s off
v 1.320000 3.110250 -2.805000
v 1.320000 2.862750 -2.805000
v 1.377544 3.093671 -2.805000
v 1.366554 3.093671 -2.771177
v 1.337782 3.093671 -2.750273
v 1.302218 3.093671 -2.750273
v 1.273446 3.093671 -2.771177
v 1.262456 3.093671 -2.805000
v 1.273446 3.093671 -2.838823
v 1.302218 3.093671 -2.859727
v 1.337782 3.093671 -2.859727
v 1.366554 3.093671 -2.838823
v 1.419669 3.048375 -2.805000
v 1.400634 3.048375 -2.746416
v 1.350799 3.048375 -2.710209
v 1.289201 3.048375 -2.710209
v 1.239366 3.048375 -2.746416
v 1.220331 3.048375 -2.805000
v 1.239366 3.048375 -2.863584
v 1.289201 3.048375 -2.899791
v 1.350799 3.048375 -2.899791
v 1.400634 3.048375 -2.863584
v 1.435088 2.986500 -2.805000
v 1.413108 2.986500 -2.737353
v 1.355564 2.986500 -2.695545
v 1.284436 2.986500 -2.695545
v 1.226892 2.986500 -2.737353
v 1.204913 2.986500 -2.805000
v 1.226892 2.986500 -2.872647
v 1.284436 2.986500 -2.914455
v 1.355564 2.986500 -2.914455
v 1.413108 2.986500 -2.872647
v 1.419669 2.924625 -2.805000
v 1.400634 2.924625 -2.746416
v 1.350799 2.924625 -2.710209
v 1.289201 2.924625 -2.710209
v 1.239366 2.924625 -2.746416
v 1.220331 2.924625 -2.805000
v 1.239366 2.924625 -2.863584
v 1.289201 2.924625 -2.899791
v 1.350799 2.924625 -2.899791
v 1.400634 2.924625 -2.863584
v 1.377544 2.879329 -2.805000
v 1.366554 2.879329 -2.771177
v 1.337782 2.879329 -2.750273
v 1.302218 2.879329 -2.750273
v 1.273446 2.879329 -2.771177
v 1.262456 2.879329 -2.805000
v 1.273446 2.879329 -2.838823
v 1.302218 2.879329 -2.859727
v 1.337782 2.879329 -2.859727
v 1.366554 2.879329 -2.838823
f 3281 3284 3283
f 3282 3323 3324
f 3283 3284 3294
f 3283 3294 3293
f 3293 3294 3304
f 3293 3304 3303
f 3303 3304 3314
f 3303 3314 3313
f 3313 3314 3324
f 3313 3324 3323
f 3281 3285 3284
f 3282 3324 3325
f 3284 3285 3295
f 3284 3295 3294
f 3294 3295 3305
f 3294 3305 3304
f 3304 3305 3315
f 3304 3315 3314
f 3314 3315 3325
f 3314 3325 3324
f 3281 3286 3285
f 3282 3325 3326
f 3285 3286 3296
f 3285 3296 3295
f 3295 3296 3306
f 3295 3306 3305
f 3305 3306 3316
f 3305 3316 3315
f 3315 3316 3326
f 3315 3326 3325
f 3281 3287 3286
f 3282 3326 3327
f 3286 3287 3297
f 3286 3297 3296
f 3296 3297 3307
f 3296 3307 3306
f 3306 3307 3317
f 3306 3317 3316
f 3316 3317 3327
f 3316 3327 3326
f 3281 3288 3287
f 3282 3327 3328
f 3287 3288 3298
f 3287 3298 3297
f 3297 3298 3308
f 3297 3308 3307
f 3307 3308 3318
f 3307 3318 3317
f 3317 3318 3328
f 3317 3328 3327
f 3281 3289 3288
f 3282 3328 3329
f 3288 3289 3299
f 3288 3299 3298
f 3298 3299 3309
f 3298 3309 3308
f 3308 3309 3319
f 3308 3319 3318
f 3318 3319 3329
f 3318 3329 3328
f 3281 3290 3289
f 3282 3329 3330
f 3289 3290 3300
f 3289 3300 3299
f 3299 3300 3310
f 3299 3310 3309
f 3309 3310 3320
f 3309 3320 3319
f 3319 3320 3330
f 3319 3330 3329
f 3281 3291 3290
f 3282 3330 3331
f 3290 3291 3301
f 3290 3301 3300
f 3300 3301 3311
f 3300 3311 3310
f 3310 3311 3321
f 3310 3321 3320
f 3320 3321 3331
f 3320 3331 3330
f 3281 3292 3291
f 3282 3331 3332
f 3291 3292 3302
f 3291 3302 3301
f 3301 3302 3312
f 3301 3312 3311
f 3311 3312 3322
f 3311 3322 3321
f 3321 3322 3332
f 3321 3332 3331
f 3281 3283 3292
f 3282 3332 3323
f 3292 3283 3293
f 3292 3293 3302
f 3302 3293 3303
f 3302 3303 3312
f 3312 3303 3313
f 3312 3313 3322
f 3322 3313 3323
f 3322 3323 3332
o MeadowDaisyPetal_5
usemtl color_71
s off
v -1.320000 3.003000 -2.523675
v -1.320000 2.805000 -2.523675
v -1.192125 2.989737 -2.523675
v -1.216547 2.989737 -2.448512
v -1.280484 2.989737 -2.402059
v -1.359516 2.989737 -2.402059
v -1.423453 2.989737 -2.448512
v -1.447875 2.989737 -2.523675
v -1.423453 2.989737 -2.598838
v -1.359516 2.989737 -2.645291
v -1.280484 2.989737 -2.645291
v -1.216547 2.989737 -2.598838
v -1.098514 2.953500 -2.523675
v -1.140814 2.953500 -2.393489
v -1.251557 2.953500 -2.313029
v -1.388443 2.953500 -2.313029
v -1.499186 2.953500 -2.393489
v -1.541486 2.953500 -2.523675
v -1.499186 2.953500 -2.653861
v -1.388443 2.953500 -2.734321
v -1.251557 2.953500 -2.734321
v -1.140814 2.953500 -2.653861
v -1.064250 2.904000 -2.523675
v -1.113094 2.904000 -2.373349
v -1.240969 2.904000 -2.280442
v -1.399031 2.904000 -2.280442
v -1.526906 2.904000 -2.373349
v -1.575750 2.904000 -2.523675
v -1.526906 2.904000 -2.674001
v -1.399031 2.904000 -2.766908
v -1.240969 2.904000 -2.766908
v -1.113094 2.904000 -2.674001
v -1.098514 2.854500 -2.523675
v -1.140814 2.854500 -2.393489
v -1.251557 2.854500 -2.313029
v -1.388443 2.854500 -2.313029
v -1.499186 2.854500 -2.393489
v -1.541486 2.854500 -2.523675
v -1.499186 2.854500 -2.653861
v -1.388443 2.854500 -2.734321
v -1.251557 2.854500 -2.734321
v -1.140814 2.854500 -2.653861
v -1.192125 2.818263 -2.523675
v -1.216547 2.818263 -2.448512
v -1.280484 2.818263 -2.402059
v -1.359516 2.818263 -2.402059
v -1.423453 2.818263 -2.448512
v -1.447875 2.818263 -2.523675
v -1.423453 2.818263 -2.598838
v -1.359516 2.818263 -2.645291
v -1.280484 2.818263 -2.645291
v -1.216547 2.818263 -2.598838
f 3333 3336 3335
f 3334 3375 3376
f 3335 3336 3346
f 3335 3346 3345
f 3345 3346 3356
f 3345 3356 3355
f 3355 3356 3366
f 3355 3366 3365
f 3365 3366 3376
f 3365 3376 3375
f 3333 3337 3336
f 3334 3376 3377
f 3336 3337 3347
f 3336 3347 3346
f 3346 3347 3357
f 3346 3357 3356
f 3356 3357 3367
f 3356 3367 3366
f 3366 3367 3377
f 3366 3377 3376
f 3333 3338 3337
f 3334 3377 3378
f 3337 3338 3348
f 3337 3348 3347
f 3347 3348 3358
f 3347 3358 3357
f 3357 3358 3368
f 3357 3368 3367
f 3367 3368 3378
f 3367 3378 3377
f 3333 3339 3338
f 3334 3378 3379
f 3338 3339 3349
f 3338 3349 3348
f 3348 3349 3359
f 3348 3359 3358
f 3358 3359 3369
f 3358 3369 3368
f 3368 3369 3379
f 3368 3379 3378
f 3333 3340 3339
f 3334 3379 3380
f 3339 3340 3350
f 3339 3350 3349
f 3349 3350 3360
f 3349 3360 3359
f 3359 3360 3370
f 3359 3370 3369
f 3369 3370 3380
f 3369 3380 3379
f 3333 3341 3340
f 3334 3380 3381
f 3340 3341 3351
f 3340 3351 3350
f 3350 3351 3361
f 3350 3361 3360
f 3360 3361 3371
f 3360 3371 3370
f 3370 3371 3381
f 3370 3381 3380
f 3333 3342 3341
f 3334 3381 3382
f 3341 3342 3352
f 3341 3352 3351
f 3351 3352 3362
f 3351 3362 3361
f 3361 3362 3372
f 3361 3372 3371
f 3371 3372 3382
f 3371 3382 3381
f 3333 3343 3342
f 3334 3382 3383
f 3342 3343 3353
f 3342 3353 3352
f 3352 3353 3363
f 3352 3363 3362
f 3362 3363 3373
f 3362 3373 3372
f 3372 3373 3383
f 3372 3383 3382
f 3333 3344 3343
f 3334 3383 3384
f 3343 3344 3354
f 3343 3354 3353
f 3353 3354 3364
f 3353 3364 3363
f 3363 3364 3374
f 3363 3374 3373
f 3373 3374 3384
f 3373 3384 3383
f 3333 3335 3344
f 3334 3384 3375
f 3344 3335 3345
f 3344 3345 3354
f 3354 3345 3355
f 3354 3355 3364
f 3364 3355 3365
f 3364 3365 3374
f 3374 3365 3375
f 3374 3375 3384
o MeadowDaisyPetal_6
usemtl color_72
s off
v -1.052444 3.003000 -2.718066
v -1.052444 2.805000 -2.718066
v -0.924569 2.989737 -2.718066
v -0.948991 2.989737 -2.642903
v -1.012928 2.989737 -2.596449
v -1.091960 2.989737 -2.596449
v -1.155897 2.989737 -2.642903
v -1.180319 2.989737 -2.718066
v -1.155897 2.989737 -2.793229
v -1.091960 2.989737 -2.839682
v -1.012928 2.989737 -2.839682
v -0.948991 2.989737 -2.793229
v -0.830958 2.953500 -2.718066
v -0.873258 2.953500 -2.587880
v -0.984001 2.953500 -2.507420
v -1.120887 2.953500 -2.507420
v -1.231630 2.953500 -2.587880
v -1.273930 2.953500 -2.718066
v -1.231630 2.953500 -2.848252
v -1.120887 2.953500 -2.928711
v -0.984001 2.953500 -2.928711
v -0.873258 2.953500 -2.848252
v -0.796694 2.904000 -2.718066
v -0.845538 2.904000 -2.567740
v -0.973413 2.904000 -2.474833
v -1.131475 2.904000 -2.474833
v -1.259350 2.904000 -2.567740
v -1.308194 2.904000 -2.718066
v -1.259350 2.904000 -2.868392
v -1.131475 2.904000 -2.961298
v -0.973413 2.904000 -2.961298
v -0.845538 2.904000 -2.868392
v -0.830958 2.854500 -2.718066
v -0.873258 2.854500 -2.587880
v -0.984001 2.854500 -2.507420
v -1.120887 2.854500 -2.507420
v -1.231630 2.854500 -2.587880
v -1.273930 2.854500 -2.718066
v -1.231630 2.854500 -2.848252
v -1.120887 2.854500 -2.928711
v -0.984001 2.854500 -2.928711
v -0.873258 2.854500 -2.848252
v -0.924569 2.818263 -2.718066
v -0.948991 2.818263 -2.642903
v -1.012928 2.818263 -2.596449
v -1.091960 2.818263 -2.596449
v -1.155897 2.818263 -2.642903
v -1.180319 2.818263 -2.718066
v -1.155897 2.818263 -2.793229
v -1.091960 2.818263 -2.839682
v -1.012928 2.818263 -2.839682
v -0.948991 2.818263 -2.793229
f 3385 3388 3387
f 3386 3427 3428
f 3387 3388 3398
f 3387 3398 3397
f 3397 3398 3408
f 3397 3408 3407
f 3407 3408 3418
f 3407 3418 3417
f 3417 3418 3428
f 3417 3428 3427
f 3385 3389 3388
f 3386 3428 3429
f 3388 3389 3399
f 3388 3399 3398
f 3398 3399 3409
f 3398 3409 3408
f 3408 3409 3419
f 3408 3419 3418
f 3418 3419 3429
f 3418 3429 3428
f 3385 3390 3389
f 3386 3429 3430
f 3389 3390 3400
f 3389 3400 3399
f 3399 3400 3410
f 3399 3410 3409
f 3409 3410 3420
f 3409 3420 3419
f 3419 3420 3430
f 3419 3430 3429
f 3385 3391 3390
f 3386 3430 3431
f 3390 3391 3401
f 3390 3401 3400
f 3400 3401 3411
f 3400 3411 3410
f 3410 3411 3421
f 3410 3421 3420
f 3420 3421 3431
f 3420 3431 3430
f 3385 3392 3391
f 3386 3431 3432
f 3391 3392 3402
f 3391 3402 3401
f 3401 3402 3412
f 3401 3412 3411
f 3411 3412 3422
f 3411 3422 3421
f 3421 3422 3432
f 3421 3432 3431
f 3385 3393 3392
f 3386 3432 3433
f 3392 3393 3403
f 3392 3403 3402
f 3402 3403 3413
f 3402 3413 3412
f 3412 3413 3423
f 3412 3423 3422
f 3422 3423 3433
f 3422 3433 3432
f 3385 3394 3393
f 3386 3433 3434
f 3393 3394 3404
f 3393 3404 3403
f 3403 3404 3414
f 3403 3414 3413
f 3413 3414 3424
f 3413 3424 3423
f 3423 3424 3434
f 3423 3434 3433
f 3385 3395 3394
f 3386 3434 3435
f 3394 3395 3405
f 3394 3405 3404
f 3404 3405 3415
f 3404 3415 3414
f 3414 3415 3425
f 3414 3425 3424
f 3424 3425 3435
f 3424 3435 3434
f 3385 3396 3395
f 3386 3435 3436
f 3395 3396 3406
f 3395 3406 3405
f 3405 3406 3416
f 3405 3416 3415
f 3415 3416 3426
f 3415 3426 3425
f 3425 3426 3436
f 3425 3436 3435
f 3385 3387 3396
f 3386 3436 3427
f 3396 3387 3397
f 3396 3397 3406
f 3406 3397 3407
f 3406 3407 3416
f 3416 3407 3417
f 3416 3417 3426
f 3426 3417 3427
f 3426 3427 3436
o MeadowDaisyPetal_7
usemtl color_73
s off
v -1.154641 3.003000 -3.032597
v -1.154641 2.805000 -3.032597
v -1.026766 2.989737 -3.032597
v -1.051188 2.989737 -2.957434
v -1.115126 2.989737 -2.910980
v -1.194157 2.989737 -2.910980
v -1.258094 2.989737 -2.957434
v -1.282516 2.989737 -3.032597
v -1.258094 2.989737 -3.107760
v -1.194157 2.989737 -3.154213
v -1.115126 2.989737 -3.154213
v -1.051188 2.989737 -3.107760
v -0.933155 2.953500 -3.032597
v -0.975455 2.953500 -2.902411
v -1.086198 2.953500 -2.821951
v -1.223084 2.953500 -2.821951
v -1.333827 2.953500 -2.902411
v -1.376127 2.953500 -3.032597
v -1.333827 2.953500 -3.162783
v -1.223084 2.953500 -3.243242
v -1.086198 2.953500 -3.243242
v -0.975455 2.953500 -3.162783
v -0.898891 2.904000 -3.032597
v -0.947735 2.904000 -2.882271
v -1.075610 2.904000 -2.789364
v -1.233672 2.904000 -2.789364
v -1.361547 2.904000 -2.882271
v -1.410391 2.904000 -3.032597
v -1.361547 2.904000 -3.182923
v -1.233672 2.904000 -3.275829
v -1.075610 2.904000 -3.275829
v -0.947735 2.904000 -3.182923
v -0.933155 2.854500 -3.032597
v -0.975455 2.854500 -2.902411
v -1.086198 2.854500 -2.821951
v -1.223084 2.854500 -2.821951
v -1.333827 2.854500 -2.902411
v -1.376127 2.854500 -3.032597
v -1.333827 2.854500 -3.162783
v -1.223084 2.854500 -3.243242
v -1.086198 2.854500 -3.243242
v -0.975455 2.854500 -3.162783
v -1.026766 2.818263 -3.032597
v -1.051188 2.818263 -2.957434
v -1.115126 2.818263 -2.910980
v -1.194157 2.818263 -2.910980
v -1.258094 2.818263 -2.957434
v -1.282516 2.818263 -3.032597
v -1.258094 2.818263 -3.107760
v -1.194157 2.818263 -3.154213
v -1.115126 2.818263 -3.154213
v -1.051188 2.818263 -3.107760
f 3437 3440 3439
f 3438 3479 3480
f 3439 3440 3450
f 3439 3450 3449
f 3449 3450 3460
f 3449 3460 3459
f 3459 3460 3470
f 3459 3470 3469
f 3469 3470 3480
f 3469 3480 3479
f 3437 3441 3440
f 3438 3480 3481
f 3440 3441 3451
f 3440 3451 3450
f 3450 3451 3461
f 3450 3461 3460
f 3460 3461 3471
f 3460 3471 3470
f 3470 3471 3481
f 3470 3481 3480
f 3437 3442 3441
f 3438 3481 3482
f 3441 3442 3452
f 3441 3452 3451
f 3451 3452 3462
f 3451 3462 3461
f 3461 3462 3472
f 3461 3472 3471
f 3471 3472 3482
f 3471 3482 3481
f 3437 3443 3442
f 3438 3482 3483
f 3442 3443 3453
f 3442 3453 3452
f 3452 3453 3463
f 3452 3463 3462
f 3462 3463 3473
f 3462 3473 3472
f 3472 3473 3483
f 3472 3483 3482
f 3437 3444 3443
f 3438 3483 3484
f 3443 3444 3454
f 3443 3454 3453
f 3453 3454 3464
f 3453 3464 3463
f 3463 3464 3474
f 3463 3474 3473
f 3473 3474 3484
f 3473 3484 3483
f 3437 3445 3444
f 3438 3484 3485
f 3444 3445 3455
f 3444 3455 3454
f 3454 3455 3465
f 3454 3465 3464
f 3464 3465 3475
f 3464 3475 3474
f 3474 3475 3485
f 3474 3485 3484
f 3437 3446 3445
f 3438 3485 3486
f 3445 3446 3456
f 3445 3456 3455
f 3455 3456 3466
f 3455 3466 3465
f 3465 3466 3476
f 3465 3476 3475
f 3475 3476 3486
f 3475 3486 3485
f 3437 3447 3446
f 3438 3486 3487
f 3446 3447 3457
f 3446 3457 3456
f 3456 3457 3467
f 3456 3467 3466
f 3466 3467 3477
f 3466 3477 3476
f 3476 3477 3487
f 3476 3487 3486
f 3437 3448 3447
f 3438 3487 3488
f 3447 3448 3458
f 3447 3458 3457
f 3457 3458 3468
f 3457 3468 3467
f 3467 3468 3478
f 3467 3478 3477
f 3477 3478 3488
f 3477 3488 3487
f 3437 3439 3448
f 3438 3488 3479
f 3448 3439 3449
f 3448 3449 3458
f 3458 3449 3459
f 3458 3459 3468
f 3468 3459 3469
f 3468 3469 3478
f 3478 3469 3479
f 3478 3479 3488
o MeadowDaisyPetal_8
usemtl color_74
s off
v -1.485359 3.003000 -3.032597
v -1.485359 2.805000 -3.032597
v -1.357484 2.989737 -3.032597
v -1.381906 2.989737 -2.957434
v -1.445843 2.989737 -2.910980
v -1.524874 2.989737 -2.910980
v -1.588812 2.989737 -2.957434
v -1.613234 2.989737 -3.032597
v -1.588812 2.989737 -3.107760
v -1.524874 2.989737 -3.154213
v -1.445843 2.989737 -3.154213
v -1.381906 2.989737 -3.107760
v -1.263873 2.953500 -3.032597
v -1.306173 2.953500 -2.902411
v -1.416916 2.953500 -2.821951
v -1.553802 2.953500 -2.821951
v -1.664545 2.953500 -2.902411
v -1.706845 2.953500 -3.032597
v -1.664545 2.953500 -3.162783
v -1.553802 2.953500 -3.243242
v -1.416916 2.953500 -3.243242
v -1.306173 2.953500 -3.162783
v -1.229609 2.904000 -3.032597
v -1.278453 2.904000 -2.882271
v -1.406328 2.904000 -2.789364
v -1.564390 2.904000 -2.789364
v -1.692265 2.904000 -2.882271
v -1.741109 2.904000 -3.032597
v -1.692265 2.904000 -3.182923
v -1.564390 2.904000 -3.275829
v -1.406328 2.904000 -3.275829
v -1.278453 2.904000 -3.182923
v -1.263873 2.854500 -3.032597
v -1.306173 2.854500 -2.902411
v -1.416916 2.854500 -2.821951
v -1.553802 2.854500 -2.821951
v -1.664545 2.854500 -2.902411
v -1.706845 2.854500 -3.032597
v -1.664545 2.854500 -3.162783
v -1.553802 2.854500 -3.243242
v -1.416916 2.854500 -3.243242
v -1.306173 2.854500 -3.162783
v -1.357484 2.818263 -3.032597
v -1.381906 2.818263 -2.957434
v -1.445843 2.818263 -2.910980
v -1.524874 2.818263 -2.910980
v -1.588812 2.818263 -2.957434
v -1.613234 2.818263 -3.032597
v -1.588812 2.818263 -3.107760
v -1.524874 2.818263 -3.154213
v -1.445843 2.818263 -3.154213
v -1.381906 2.818263 -3.107760
f 3489 3492 3491
f 3490 3531 3532
f 3491 3492 3502
f 3491 3502 3501
f 3501 3502 3512
f 3501 3512 3511
f 3511 3512 3522
f 3511 3522 3521
f 3521 3522 3532
f 3521 3532 3531
f 3489 3493 3492
f 3490 3532 3533
f 3492 3493 3503
f 3492 3503 3502
f 3502 3503 3513
f 3502 3513 3512
f 3512 3513 3523
f 3512 3523 3522
f 3522 3523 3533
f 3522 3533 3532
f 3489 3494 3493
f 3490 3533 3534
f 3493 3494 3504
f 3493 3504 3503
f 3503 3504 3514
f 3503 3514 3513
f 3513 3514 3524
f 3513 3524 3523
f 3523 3524 3534
f 3523 3534 3533
f 3489 3495 3494
f 3490 3534 3535
f 3494 3495 3505
f 3494 3505 3504
f 3504 3505 3515
f 3504 3515 3514
f 3514 3515 3525
f 3514 3525 3524
f 3524 3525 3535
f 3524 3535 3534
f 3489 3496 3495
f 3490 3535 3536
f 3495 3496 3506
f 3495 3506 3505
f 3505 3506 3516
f 3505 3516 3515
f 3515 3516 3526
f 3515 3526 3525
f 3525 3526 3536
f 3525 3536 3535
f 3489 3497 3496
f 3490 3536 3537
f 3496 3497 3507
f 3496 3507 3506
f 3506 3507 3517
f 3506 3517 3516
f 3516 3517 3527
f 3516 3527 3526
f 3526 3527 3537
f 3526 3537 3536
f 3489 3498 3497
f 3490 3537 3538
f 3497 3498 3508
f 3497 3508 3507
f 3507 3508 3518
f 3507 3518 3517
f 3517 3518 3528
f 3517 3528 3527
f 3527 3528 3538
f 3527 3538 3537
f 3489 3499 3498
f 3490 3538 3539
f 3498 3499 3509
f 3498 3509 3508
f 3508 3509 3519
f 3508 3519 3518
f 3518 3519 3529
f 3518 3529 3528
f 3528 3529 3539
f 3528 3539 3538
f 3489 3500 3499
f 3490 3539 3540
f 3499 3500 3510
f 3499 3510 3509
f 3509 3510 3520
f 3509 3520 3519
f 3519 3520 3530
f 3519 3530 3529
f 3529 3530 3540
f 3529 3540 3539
f 3489 3491 3500
f 3490 3540 3531
f 3500 3491 3501
f 3500 3501 3510
f 3510 3501 3511
f 3510 3511 3520
f 3520 3511 3521
f 3520 3521 3530
f 3530 3521 3531
f 3530 3531 3540
o MeadowDaisyPetal_9
usemtl color_75
s off
v -1.587556 3.003000 -2.718066
v -1.587556 2.805000 -2.718066
v -1.459681 2.989737 -2.718066
v -1.484103 2.989737 -2.642903
v -1.548040 2.989737 -2.596449
v -1.627072 2.989737 -2.596449
v -1.691009 2.989737 -2.642903
v -1.715431 2.989737 -2.718066
v -1.691009 2.989737 -2.793229
v -1.627072 2.989737 -2.839682
v -1.548040 2.989737 -2.839682
v -1.484103 2.989737 -2.793229
v -1.366070 2.953500 -2.718066
v -1.408370 2.953500 -2.587880
v -1.519113 2.953500 -2.507420
v -1.655999 2.953500 -2.507420
v -1.766742 2.953500 -2.587880
v -1.809042 2.953500 -2.718066
v -1.766742 2.953500 -2.848252
v -1.655999 2.953500 -2.928711
v -1.519113 2.953500 -2.928711
v -1.408370 2.953500 -2.848252
v -1.331806 2.904000 -2.718066
v -1.380650 2.904000 -2.567740
v -1.508525 2.904000 -2.474833
v -1.666587 2.904000 -2.474833
v -1.794462 2.904000 -2.567740
v -1.843306 2.904000 -2.718066
v -1.794462 2.904000 -2.868392
v -1.666587 2.904000 -2.961298
v -1.508525 2.904000 -2.961298
v -1.380650 2.904000 -2.868392
v -1.366070 2.854500 -2.718066
v -1.408370 2.854500 -2.587880
v -1.519113 2.854500 -2.507420
v -1.655999 2.854500 -2.507420
v -1.766742 2.854500 -2.587880
v -1.809042 2.854500 -2.718066
v -1.766742 2.854500 -2.848252
v -1.655999 2.854500 -2.928711
v -1.519113 2.854500 -2.928711
v -1.408370 2.854500 -2.848252
v -1.459681 2.818263 -2.718066
v -1.484103 2.818263 -2.642903
v -1.548040 2.818263 -2.596449
v -1.627072 2.818263 -2.596449
v -1.691009 2.818263 -2.642903
v -1.715431 2.818263 -2.718066
v -1.691009 2.818263 -2.793229
v -1.627072 2.818263 -2.839682
v -1.548040 2.818263 -2.839682
v -1.484103 2.818263 -2.793229
f 3541 3544 3543
f 3542 3583 3584
f 3543 3544 3554
f 3543 3554 3553
f 3553 3554 3564
f 3553 3564 3563
f 3563 3564 3574
f 3563 3574 3573
f 3573 3574 3584
f 3573 3584 3583
f 3541 3545 3544
f 3542 3584 3585
f 3544 3545 3555
f 3544 3555 3554
f 3554 3555 3565
f 3554 3565 3564
f 3564 3565 3575
f 3564 3575 3574
f 3574 3575 3585
f 3574 3585 3584
f 3541 3546 3545
f 3542 3585 3586
f 3545 3546 3556
f 3545 3556 3555
f 3555 3556 3566
f 3555 3566 3565
f 3565 3566 3576
f 3565 3576 3575
f 3575 3576 3586
f 3575 3586 3585
f 3541 3547 3546
f 3542 3586 3587
f 3546 3547 3557
f 3546 3557 3556
f 3556 3557 3567
f 3556 3567 3566
f 3566 3567 3577
f 3566 3577 3576
f 3576 3577 3587
f 3576 3587 3586
f 3541 3548 3547
f 3542 3587 3588
f 3547 3548 3558
f 3547 3558 3557
f 3557 3558 3568
f 3557 3568 3567
f 3567 3568 3578
f 3567 3578 3577
f 3577 3578 3588
f 3577 3588 3587
f 3541 3549 3548
f 3542 3588 3589
f 3548 3549 3559
f 3548 3559 3558
f 3558 3559 3569
f 3558 3569 3568
f 3568 3569 3579
f 3568 3579 3578
f 3578 3579 3589
f 3578 3589 3588
f 3541 3550 3549
f 3542 3589 3590
f 3549 3550 3560
f 3549 3560 3559
f 3559 3560 3570
f 3559 3570 3569
f 3569 3570 3580
f 3569 3580 3579
f 3579 3580 3590
f 3579 3590 3589
f 3541 3551 3550
f 3542 3590 3591
f 3550 3551 3561
f 3550 3561 3560
f 3560 3561 3571
f 3560 3571 3570
f 3570 3571 3581
f 3570 3581 3580
f 3580 3581 3591
f 3580 3591 3590
f 3541 3552 3551
f 3542 3591 3592
f 3551 3552 3562
f 3551 3562 3561
f 3561 3562 3572
f 3561 3572 3571
f 3571 3572 3582
f 3571 3582 3581
f 3581 3582 3592
f 3581 3592 3591
f 3541 3543 3552
f 3542 3592 3583
f 3552 3543 3553
f 3552 3553 3562
f 3562 3553 3563
f 3562 3563 3572
f 3572 3563 3573
f 3572 3573 3582
f 3582 3573 3583
f 3582 3583 3592
o MeadowDaisyHeart_1
usemtl color_76
s off
v -1.320000 3.110250 -2.805000
v -1.320000 2.862750 -2.805000
v -1.262456 3.093671 -2.805000
v -1.273446 3.093671 -2.771177
v -1.302218 3.093671 -2.750273
v -1.337782 3.093671 -2.750273
v -1.366554 3.093671 -2.771177
v -1.377544 3.093671 -2.805000
v -1.366554 3.093671 -2.838823
v -1.337782 3.093671 -2.859727
v -1.302218 3.093671 -2.859727
v -1.273446 3.093671 -2.838823
v -1.220331 3.048375 -2.805000
v -1.239366 3.048375 -2.746416
v -1.289201 3.048375 -2.710209
v -1.350799 3.048375 -2.710209
v -1.400634 3.048375 -2.746416
v -1.419669 3.048375 -2.805000
v -1.400634 3.048375 -2.863584
v -1.350799 3.048375 -2.899791
v -1.289201 3.048375 -2.899791
v -1.239366 3.048375 -2.863584
v -1.204913 2.986500 -2.805000
v -1.226892 2.986500 -2.737353
v -1.284436 2.986500 -2.695545
v -1.355564 2.986500 -2.695545
v -1.413108 2.986500 -2.737353
v -1.435088 2.986500 -2.805000
v -1.413108 2.986500 -2.872647
v -1.355564 2.986500 -2.914455
v -1.284436 2.986500 -2.914455
v -1.226892 2.986500 -2.872647
v -1.220331 2.924625 -2.805000
v -1.239366 2.924625 -2.746416
v -1.289201 2.924625 -2.710209
v -1.350799 2.924625 -2.710209
v -1.400634 2.924625 -2.746416
v -1.419669 2.924625 -2.805000
v -1.400634 2.924625 -2.863584
v -1.350799 2.924625 -2.899791
v -1.289201 2.924625 -2.899791
v -1.239366 2.924625 -2.863584
v -1.262456 2.879329 -2.805000
v -1.273446 2.879329 -2.771177
v -1.302218 2.879329 -2.750273
v -1.337782 2.879329 -2.750273
v -1.366554 2.879329 -2.771177
v -1.377544 2.879329 -2.805000
v -1.366554 2.879329 -2.838823
v -1.337782 2.879329 -2.859727
v -1.302218 2.879329 -2.859727
v -1.273446 2.879329 -2.838823
f 3593 3596 3595
f 3594 3635 3636
f 3595 3596 3606
f 3595 3606 3605
f 3605 3606 3616
f 3605 3616 3615
f 3615 3616 3626
f 3615 3626 3625
f 3625 3626 3636
f 3625 3636 3635
f 3593 3597 3596
f 3594 3636 3637
f 3596 3597 3607
f 3596 3607 3606
f 3606 3607 3617
f 3606 3617 3616
f 3616 3617 3627
f 3616 3627 3626
f 3626 3627 3637
f 3626 3637 3636
f 3593 3598 3597
f 3594 3637 3638
f 3597 3598 3608
f 3597 3608 3607
f 3607 3608 3618
f 3607 3618 3617
f 3617 3618 3628
f 3617 3628 3627
f 3627 3628 3638
f 3627 3638 3637
f 3593 3599 3598
f 3594 3638 3639
f 3598 3599 3609
f 3598 3609 3608
f 3608 3609 3619
f 3608 3619 3618
f 3618 3619 3629
f 3618 3629 3628
f 3628 3629 3639
f 3628 3639 3638
f 3593 3600 3599
f 3594 3639 3640
f 3599 3600 3610
f 3599 3610 3609
f 3609 3610 3620
f 3609 3620 3619
f 3619 3620 3630
f 3619 3630 3629
f 3629 3630 3640
f 3629 3640 3639
f 3593 3601 3600
f 3594 3640 3641
f 3600 3601 3611
f 3600 3611 3610
f 3610 3611 3621
f 3610 3621 3620
f 3620 3621 3631
f 3620 3631 3630
f 3630 3631 3641
f 3630 3641 3640
f 3593 3602 3601
f 3594 3641 3642
f 3601 3602 3612
f 3601 3612 3611
f 3611 3612 3622
f 3611 3622 3621
f 3621 3622 3632
f 3621 3632 3631
f 3631 3632 3642
f 3631 3642 3641
f 3593 3603 3602
f 3594 3642 3643
f 3602 3603 3613
f 3602 3613 3612
f 3612 3613 3623
f 3612 3623 3622
f 3622 3623 3633
f 3622 3633 3632
f 3632 3633 3643
f 3632 3643 3642
f 3593 3604 3603
f 3594 3643 3644
f 3603 3604 3614
f 3603 3614 3613
f 3613 3614 3624
f 3613 3624 3623
f 3623 3624 3634
f 3623 3634 3633
f 3633 3634 3644
f 3633 3644 3643
f 3593 3595 3604
f 3594 3644 3635
f 3604 3595 3605
f 3604 3605 3614
f 3614 3605 3615
f 3614 3615 3624
f 3624 3615 3625
f 3624 3625 3634
f 3634 3625 3635
f 3634 3635 3644
o TailStem
usemtl color_77
s off
v 0.000000 -0.315551 5.559322
v 0.000000 -0.674449 5.726678
v 0.099000 -0.339593 5.570532
v 0.080093 -0.237124 5.790277
v 0.030593 -0.173795 5.926087
v -0.030593 -0.173795 5.926087
v -0.080093 -0.237124 5.790277
v -0.099000 -0.339593 5.570532
v -0.080093 -0.442061 5.350788
v -0.030593 -0.505390 5.214978
v 0.030593 -0.505390 5.214978
v 0.080093 -0.442061 5.350788
v 0.171473 -0.405276 5.601161
v 0.138725 -0.227795 5.981770
v 0.052988 -0.118105 6.216999
v -0.052988 -0.118105 6.216999
v -0.138725 -0.227795 5.981770
v -0.171473 -0.405276 5.601161
v -0.138725 -0.582756 5.220552
v -0.052988 -0.692446 4.985323
v 0.052988 -0.692446 4.985323
v 0.138725 -0.582756 5.220552
v 0.198000 -0.495000 5.643000
v 0.160185 -0.290063 6.082489
v 0.061185 -0.163405 6.354109
v -0.061185 -0.163405 6.354109
v -0.160185 -0.290063 6.082489
v -0.198000 -0.495000 5.643000
v -0.160185 -0.699937 5.203511
v -0.061185 -0.826595 4.931891
v 0.061185 -0.826595 4.931891
v 0.160185 -0.699937 5.203511
v 0.171473 -0.584724 5.684839
v 0.138725 -0.407244 6.065448
v 0.052988 -0.297554 6.300677
v -0.052988 -0.297554 6.300677
v -0.138725 -0.407244 6.065448
v -0.171473 -0.584724 5.684839
v -0.138725 -0.762205 5.304230
v -0.052988 -0.871895 5.069001
v 0.052988 -0.871895 5.069001
v 0.138725 -0.762205 5.304230
v 0.099000 -0.650407 5.715468
v 0.080093 -0.547939 5.935212
v 0.030593 -0.484610 6.071022
v -0.030593 -0.484610 6.071022
v -0.080093 -0.547939 5.935212
v -0.099000 -0.650407 5.715468
v -0.080093 -0.752876 5.495723
v -0.030593 -0.816205 5.359913
v 0.030593 -0.816205 5.359913
v 0.080093 -0.752876 5.495723
f 3645 3648 3647
f 3646 3687 3688
f 3647 3648 3658
f 3647 3658 3657
f 3657 3658 3668
f 3657 3668 3667
f 3667 3668 3678
f 3667 3678 3677
f 3677 3678 3688
f 3677 3688 3687
f 3645 3649 3648
f 3646 3688 3689
f 3648 3649 3659
f 3648 3659 3658
f 3658 3659 3669
f 3658 3669 3668
f 3668 3669 3679
f 3668 3679 3678
f 3678 3679 3689
f 3678 3689 3688
f 3645 3650 3649
f 3646 3689 3690
f 3649 3650 3660
f 3649 3660 3659
f 3659 3660 3670
f 3659 3670 3669
f 3669 3670 3680
f 3669 3680 3679
f 3679 3680 3690
f 3679 3690 3689
f 3645 3651 3650
f 3646 3690 3691
f 3650 3651 3661
f 3650 3661 3660
f 3660 3661 3671
f 3660 3671 3670
f 3670 3671 3681
f 3670 3681 3680
f 3680 3681 3691
f 3680 3691 3690
f 3645 3652 3651
f 3646 3691 3692
f 3651 3652 3662
f 3651 3662 3661
f 3661 3662 3672
f 3661 3672 3671
f 3671 3672 3682
f 3671 3682 3681
f 3681 3682 3692
f 3681 3692 3691
f 3645 3653 3652
f 3646 3692 3693
f 3652 3653 3663
f 3652 3663 3662
f 3662 3663 3673
f 3662 3673 3672
f 3672 3673 3683
f 3672 3683 3682
f 3682 3683 3693
f 3682 3693 3692
f 3645 3654 3653
f 3646 3693 3694
f 3653 3654 3664
f 3653 3664 3663
f 3663 3664 3674
f 3663 3674 3673
f 3673 3674 3684
f 3673 3684 3683
f 3683 3684 3694
f 3683 3694 3693
f 3645 3655 3654
f 3646 3694 3695
f 3654 3655 3665
f 3654 3665 3664
f 3664 3665 3675
f 3664 3675 3674
f 3674 3675 3685
f 3674 3685 3684
f 3684 3685 3695
f 3684 3695 3694
f 3645 3656 3655
f 3646 3695 3696
f 3655 3656 3666
f 3655 3666 3665
f 3665 3666 3676
f 3665 3676 3675
f 3675 3676 3686
f 3675 3686 3685
f 3685 3686 3696
f 3685 3696 3695
f 3645 3647 3656
f 3646 3696 3687
f 3656 3647 3657
f 3656 3657 3666
f 3666 3657 3667
f 3666 3667 3676
f 3676 3667 3677
f 3676 3677 3686
f 3686 3677 3687
f 3686 3687 3696
o TailGrass
usemtl color_78
s off
v -0.003300 -0.619192 5.847628
v 0.000000 -0.598510 5.872275
v 0.003300 -0.619192 5.847628
v 0.000000 -0.639873 5.822980
v -0.156333 -0.717639 5.970954
v 0.000000 -0.696957 5.995601
v 0.156333 -0.717639 5.970954
v 0.000000 -0.738321 5.946306
v -0.253393 -0.819139 6.090642
v 0.000000 -0.798457 6.115290
v 0.253393 -0.819139 6.090642
v 0.000000 -0.839821 6.065995
v -0.313046 -0.926279 6.203609
v 0.000000 -0.905597 6.228256
v 0.313046 -0.926279 6.203609
v 0.000000 -0.946960 6.178961
v -0.333300 -1.040788 6.307793
v 0.000000 -1.020106 6.332440
v 0.333300 -1.040788 6.307793
v 0.000000 -1.061470 6.283145
v -0.313046 -1.163274 6.402471
v 0.000000 -1.142592 6.427119
v 0.313046 -1.163274 6.402471
v 0.000000 -1.183955 6.377824
v -0.253393 -1.293129 6.488367
v 0.000000 -1.272447 6.513014
v 0.253393 -1.293129 6.488367
v 0.000000 -1.313810 6.463719
v -0.156333 -1.428624 6.567541
v 0.000000 -1.407942 6.592188
v 0.156333 -1.428624 6.567541
v 0.000000 -1.449306 6.542894
v -0.003300 -1.567172 6.643077
v 0.000000 -1.546490 6.667725
v 0.003300 -1.567172 6.643077
v 0.000000 -1.587853 6.618430
f 3697 3701 3702
f 3697 3702 3698
f 3698 3702 3703
f 3698 3703 3699
f 3699 3703 3704
f 3699 3704 3700
f 3700 3704 3701
f 3700 3701 3697
f 3701 3705 3706
f 3701 3706 3702
f 3702 3706 3707
f 3702 3707 3703
f 3703 3707 3708
f 3703 3708 3704
f 3704 3708 3705
f 3704 3705 3701
f 3705 3709 3710
f 3705 3710 3706
f 3706 3710 3711
f 3706 3711 3707
f 3707 3711 3712
f 3707 3712 3708
f 3708 3712 3709
f 3708 3709 3705
f 3709 3713 3714
f 3709 3714 3710
f 3710 3714 3715
f 3710 3715 3711
f 3711 3715 3716
f 3711 3716 3712
f 3712 3716 3713
f 3712 3713 3709
f 3713 3717 3718
f 3713 3718 3714
f 3714 3718 3719
f 3714 3719 3715
f 3715 3719 3720
f 3715 3720 3716
f 3716 3720 3717
f 3716 3717 3713
f 3717 3721 3722
f 3717 3722 3718
f 3718 3722 3723
f 3718 3723 3719
f 3719 3723 3724
f 3719 3724 3720
f 3720 3724 3721
f 3720 3721 3717
f 3721 3725 3726
f 3721 3726 3722
f 3722 3726 3727
f 3722 3727 3723
f 3723 3727 3728
f 3723 3728 3724
f 3724 3728 3725
f 3724 3725 3721
f 3725 3729 3730
f 3725 3730 3726
f 3726 3730 3731
f 3726 3731 3727
f 3727 3731 3732
f 3727 3732 3728
f 3728 3732 3729
f 3728 3729 3725
o TailGrassVein
usemtl color_79
s off
v -0.037125 -0.657320 5.963153
v 0.037125 -0.657320 5.963153
v 0.037125 -0.609594 6.020032
v -0.037125 -0.609594 6.020032
v -0.037125 -1.320906 6.519968
v 0.037125 -1.320906 6.519968
v 0.037125 -1.273180 6.576847
v -0.037125 -1.273180 6.576847
f 3733 3736 3735
f 3733 3735 3734
f 3737 3738 3739
f 3737 3739 3740
f 3733 3737 3740
f 3733 3740 3736
f 3734 3735 3739
f 3734 3739 3738
f 3736 3740 3739
f 3736 3739 3735
f 3733 3734 3738
f 3733 3738 3737
